-0.346,-0.057,-0.94,-0.122,-14.648,15.442,-173.853,41.534,9.108
-0.455,0.005,-0.95,0.0,-9.155,17.212,-174.128,42.209,7.949
-0.382,-0.014,-0.914,3.784,6.714,14.282,-174.271,42.446,6.658
-0.237,-0.025,-0.904,7.019,13.55,7.446,-174.227,41.995,5.581
-0.212,-0.049,-0.936,7.69,0.549,5.066,-173.99,41.611,4.9
-0.355,-0.044,-0.95,7.446,-4.7,7.263,-173.721,41.836,4.384
-0.315,-0.057,-0.941,9.827,5.981,10.071,-173.474,41.819,3.571
-0.251,-0.072,-0.921,8.484,0.61,3.357,-173.167,41.677,2.922
-0.305,-0.091,-0.904,7.08,-6.531,-1.282,-172.798,41.88,2.692
-0.351,-0.097,-0.924,6.226,-2.991,1.953,-172.474,42.144,2.461
-0.339,-0.067,-0.913,9.216,-2.136,18.677,-172.293,42.336,1.577
-0.317,-0.087,-0.936,12.512,4.639,22.4,-172.095,42.391,0.082
-0.279,-0.111,-0.923,12.451,-0.61,20.569,-171.777,42.407,-1.225
-0.318,-0.121,-0.928,10.315,-0.916,19.226,-171.541,42.594,-2.477
-0.304,-0.1,-0.924,8.301,0.854,18.127,-171.398,42.665,-3.642
-0.302,-0.111,-0.926,7.141,-2.014,12.329,-171.233,42.775,-4.592
-0.33,-0.12,-0.92,6.287,-2.563,8.301,-171.046,42.968,-5.251
-0.328,-0.114,-0.905,3.174,-2.319,6.958,-170.925,43.116,-5.784
-0.362,-0.112,-0.929,2.869,1.282,6.47,-170.87,43.226,-6.284
-0.322,-0.124,-0.909,1.587,2.625,3.601,-170.821,43.132,-6.751
-0.313,-0.123,-0.921,0.671,4.028,2.38,-170.799,43.022,-7.103
-0.303,-0.12,-0.925,0.427,1.648,0.244,-170.777,42.891,-7.355
-0.308,-0.123,-0.92,0.427,1.465,3.113,-170.766,42.83,-7.581
-0.313,-0.132,-0.919,-1.16,0.366,3.967,-170.815,42.825,-7.905
-0.311,-0.11,-0.917,-2.93,2.38,3.906,-170.975,42.786,-8.256
-0.318,-0.106,-0.934,-2.197,1.038,3.357,-171.129,42.731,-8.558
-0.292,-0.116,-0.919,-3.54,1.099,1.587,-171.282,42.66,-8.806
-0.32,-0.094,-0.928,-4.639,1.648,2.991,-171.513,42.66,-9.02
-0.266,-0.082,-0.92,-3.113,2.075,2.197,-171.744,42.534,-9.289
-0.314,-0.09,-0.938,-1.709,-0.183,2.93,-171.87,42.539,-9.487
-0.263,-0.092,-0.923,-2.93,0.0,3.906,-172.046,42.49,-9.783
-0.33,-0.072,-0.922,-2.625,-2.075,4.333,-172.233,42.654,-10.003
-0.302,-0.067,-0.925,-0.244,0.916,6.287,-172.408,42.665,-10.415
-0.311,-0.084,-0.934,-0.427,-0.183,5.554,-172.496,42.676,-10.811
-0.303,-0.075,-0.934,0.0,1.465,6.165,-172.623,42.671,-11.261
-0.283,-0.074,-0.917,-0.061,-1.16,3.174,-172.7,42.649,-11.596
-0.326,-0.078,-0.934,0.366,-0.427,3.479,-172.738,42.753,-11.832
-0.295,-0.075,-0.93,0.244,-0.122,1.709,-172.787,42.72,-12.085
-0.319,-0.071,-0.923,-0.488,-2.502,3.235,-172.82,42.803,-12.277
-0.319,-0.071,-0.914,0.671,-0.977,2.38,-172.864,42.896,-12.524
-0.336,-0.085,-0.925,0.305,-0.122,1.953,-172.859,42.962,-12.711
-0.312,-0.072,-0.928,-0.183,4.028,4.211,-172.941,42.891,-13.03
-0.291,-0.073,-0.919,-0.854,-1.465,2.563,-173.018,42.847,-13.31
-0.344,-0.067,-0.928,-0.916,-0.244,1.404,-173.095,42.946,-13.48
-0.323,-0.075,-0.921,-2.258,2.258,0.793,-173.188,42.874,-13.629
-0.303,-0.055,-0.92,-2.93,2.197,3.662,-173.359,42.786,-13.865
-0.316,-0.048,-0.917,-1.465,2.258,1.77,-173.518,42.731,-14.112
-0.314,-0.059,-0.925,-1.099,5.188,-1.77,-173.584,42.567,-14.216
-0.301,-0.046,-0.929,-1.343,2.93,-3.906,-173.65,42.363,-14.194
-0.294,-0.067,-0.92,-3.052,4.7,-10.498,-173.65,42.16,-13.953
-0.281,-0.048,-0.933,-5.554,5.005,-15.442,-173.672,41.869,-13.304
-0.273,-0.043,-0.939,-3.052,0.366,-12.451,-173.705,41.688,-12.684
-0.286,-0.053,-0.932,-1.404,-0.244,-13.611,-173.622,41.638,-12.063
-0.279,-0.072,-0.932,-0.61,-0.793,-11.719,-173.48,41.622,-11.47
-0.297,-0.072,-0.925,-0.305,-0.793,-12.146,-173.342,41.633,-10.898
-0.301,-0.072,-0.938,-1.343,1.77,-7.874,-173.238,41.6,-10.426
-0.272,-0.073,-0.923,-2.441,0.61,-10.071,-173.199,41.473,-10.047
-0.31,-0.047,-0.925,-1.77,1.831,-9.216,-173.172,41.424,-9.575
-0.312,-0.042,-0.92,2.808,4.456,-3.906,-173.068,41.243,-9.399
-0.284,-0.081,-0.926,5.981,6.592,1.648,-172.82,40.984,-9.536
-0.294,-0.09,-0.928,5.066,7.019,4.211,-172.623,40.732,-9.849
-0.252,-0.1,-0.932,3.418,9.033,3.662,-172.491,40.353,-10.179
-0.249,-0.089,-0.956,0.977,6.958,5.31,-172.469,40.045,-10.486
-0.219,-0.088,-0.947,1.343,5.493,3.052,-172.474,39.721,-10.734
-0.217,-0.077,-0.95,0.854,3.845,5.432,-172.469,39.501,-10.92
-0.245,-0.09,-0.938,1.465,1.465,5.615,-172.447,39.419,-11.168
-0.223,-0.076,-0.937,0.671,1.587,7.446,-172.491,39.32,-11.47
-0.253,-0.076,-0.933,1.099,0.0,7.385,-172.54,39.32,-11.816
-0.244,-0.081,-0.939,1.587,1.16,6.653,-172.562,39.282,-12.151
-0.25,-0.076,-0.967,2.014,4.333,7.263,-172.601,39.221,-12.546
-0.203,-0.083,-0.939,0.61,-0.793,3.723,-172.606,39.067,-12.821
-0.254,-0.084,-0.938,1.099,-1.831,0.732,-172.595,39.166,-12.881
-0.258,-0.071,-0.938,1.709,0.732,1.404,-172.546,39.177,-12.892
-0.24,-0.091,-0.942,3.418,0.732,1.221,-172.425,39.133,-12.975
-0.257,-0.086,-0.934,3.662,-1.038,2.258,-172.288,39.166,-13.052
-0.242,-0.112,-0.93,4.089,1.343,0.366,-172.106,39.133,-13.14
-0.264,-0.089,-0.95,0.671,2.747,1.831,-172.051,39.084,-13.195
-0.227,-0.105,-0.935,-0.732,0.793,-1.465,-172.046,38.952,-13.211
-0.262,-0.1,-0.947,-1.831,2.014,-4.7,-172.057,38.908,-12.991
-0.236,-0.091,-0.948,-2.319,2.747,-0.427,-172.123,38.776,-12.87
-0.222,-0.085,-0.94,-0.732,2.441,2.136,-172.189,38.655,-12.914
-0.236,-0.104,-0.949,-0.61,-0.549,1.892,-172.227,38.633,-13.008
-0.24,-0.07,-0.942,-2.991,1.77,2.93,-172.375,38.584,-13.085
-0.266,-0.069,-0.958,0.0,5.066,1.221,-172.485,38.48,-13.211
-0.253,-0.05,-0.942,0.488,11.536,3.113,-172.535,38.079,-13.365
-0.158,-0.095,-0.946,3.052,14.16,0.977,-172.474,37.408,-13.59
-0.189,-0.083,-0.952,-0.366,-1.282,0.305,-172.447,37.134,-13.596
-0.225,-0.092,-0.948,-0.122,4.089,0.305,-172.463,37.101,-13.579
-0.186,-0.082,-0.942,-1.099,1.77,-2.441,-172.491,36.903,-13.497
-0.203,-0.105,-0.95,-1.648,2.991,-3.479,-172.502,36.793,-13.31
-0.194,-0.071,-0.958,-2.258,3.784,-1.648,-172.612,36.617,-13.173
-0.181,-0.066,-0.955,-1.16,1.404,1.282,-172.683,36.469,-13.134
-0.19,-0.075,-0.952,2.319,0.488,0.916,-172.656,36.409,-13.162
-0.184,-0.091,-0.958,1.099,1.77,1.099,-172.59,36.326,-13.162
-0.196,-0.081,-0.949,-1.648,-0.854,-0.793,-172.617,36.31,-13.09
-0.196,-0.086,-0.95,-0.549,0.854,-1.953,-172.634,36.277,-12.953
-0.191,-0.095,-0.954,-0.183,-0.793,-2.258,-172.623,36.255,-12.799
-0.208,-0.072,-0.952,-1.526,1.526,0.305,-172.694,36.26,-12.777
-0.18,-0.069,-0.962,-1.465,-0.366,0.0,-172.738,36.189,-12.739
-0.19,-0.081,-0.958,-0.061,-1.648,-0.671,-172.744,36.216,-12.678
-0.186,-0.08,-0.964,0.061,-1.221,-1.465,-172.749,36.26,-12.59
-0.179,-0.07,-0.957,-1.648,-3.418,-3.601,-172.76,36.343,-12.431
-0.188,-0.073,-0.963,-0.916,-5.188,-9.705,-172.749,36.491,-12.041
-0.205,-0.096,-0.947,-3.235,-4.639,-11.78,-172.711,36.672,-11.442
-0.21,-0.08,-0.957,-7.507,0.061,-17.273,-172.826,36.727,-10.673
-0.204,-0.084,-0.945,-11.78,-1.038,-26.245,-173.051,36.639,-9.591
-0.194,-0.046,-0.947,-12.024,2.38,-28.748,-173.359,36.469,-8.135
-0.204,-0.054,-0.959,-10.681,-1.16,-25.391,-173.617,36.387,-6.823
-0.209,-0.035,-0.952,-9.521,2.014,-25.879,-173.864,36.266,-5.548
-0.191,-0.067,-0.959,-9.827,1.953,-29.236,-174.029,36.079,-4.213
-0.212,-0.04,-0.949,-10.132,1.892,-28.687,-174.243,35.914,-2.747
-0.191,-0.034,-0.959,-7.202,4.089,-19.47,-174.446,35.722,-1.686
-0.179,-0.041,-0.953,-2.747,2.258,-16.479,-174.501,35.524,-0.862
-0.201,-0.059,-0.958,-2.686,1.648,-13.672,-174.479,35.436,-0.181
-0.181,-0.042,-0.967,-0.61,3.906,-9.094,-174.479,35.25,0.275
-0.166,-0.056,-0.958,0.0,-0.488,-6.042,-174.419,35.145,0.604
-0.196,-0.06,-0.961,-0.061,-0.61,-6.897,-174.359,35.162,0.89
-0.201,-0.072,-0.955,-2.258,0.732,-7.568,-174.315,35.134,1.225
-0.172,-0.05,-0.956,-3.235,4.761,-3.54,-174.386,34.997,1.461
-0.168,-0.051,-0.957,-1.099,0.183,-3.113,-174.457,34.854,1.566
-0.176,-0.055,-0.967,-1.282,4.272,-1.465,-174.474,34.766,1.681
-0.16,-0.056,-0.964,-2.319,1.77,-0.671,-174.545,34.612,1.681
-0.175,-0.035,-0.95,-3.601,1.465,0.305,-174.683,34.552,1.708
-0.167,-0.042,-0.972,-3.54,1.221,-1.221,-174.847,34.437,1.692
-0.172,-0.021,-0.956,-3.296,2.93,2.38,-175.023,34.338,1.681
-0.146,-0.018,-0.963,-0.977,4.822,2.38,-175.15,34.146,1.511
-0.157,-0.014,-0.957,1.038,3.174,3.967,-175.177,33.97,1.368
-0.148,-0.025,-0.958,2.38,5.188,4.272,-175.144,33.745,1.148
-0.15,-0.031,-0.964,3.662,4.272,4.272,-175.056,33.53,0.912
-0.153,-0.043,-0.963,1.709,3.723,4.761,-174.979,33.349,0.681
-0.145,-0.042,-0.975,1.282,4.944,2.136,-174.957,33.113,0.505
-0.126,-0.05,-0.967,-1.587,3.967,3.479,-174.979,32.899,0.401
-0.105,-0.024,-0.967,-0.305,4.089,2.563,-175.073,32.679,0.28
-0.125,-0.027,-0.97,0.977,0.0,2.258,-175.089,32.585,0.214
-0.122,-0.036,-0.968,0.61,2.197,2.808,-175.067,32.503,0.159
-0.124,-0.039,-0.969,0.488,0.0,2.319,-175.062,32.432,0.082
-0.119,-0.027,-0.962,0.366,-0.488,0.793,-175.078,32.421,0.038
-0.144,-0.032,-0.958,1.465,-0.061,-0.244,-175.051,32.432,0.088
-0.136,-0.024,-0.955,0.671,0.549,1.038,-175.018,32.399,0.093
-0.153,-0.042,-0.96,1.587,4.639,-2.319,-174.957,32.278,0.099
-0.089,-0.022,-0.96,-3.113,4.883,-8.362,-175.012,31.987,0.346
-0.124,-0.035,-0.972,-2.991,-1.526,-13.184,-175.084,31.965,0.972
-0.098,-0.047,-0.99,0.122,1.526,-6.836,-175.1,31.91,1.505
-0.051,-0.056,-0.974,2.38,-1.343,2.563,-175.029,31.827,1.626
-0.095,-0.062,-0.959,1.648,-6.714,11.719,-174.963,32.036,1.346
-0.132,-0.038,-0.968,-1.953,-5.615,16.541,-175.051,32.316,0.764
-0.133,0.005,-0.957,-0.854,-6.592,11.719,-175.232,32.574,0.137
-0.202,-0.021,-0.944,2.502,-9.277,0.732,-175.226,33.008,-0.06
-0.208,-0.037,-0.953,-1.831,4.517,-4.761,-175.204,33.096,0.099
-0.116,-0.055,-0.963,0.977,5.371,-6.409,-175.172,32.8,0.313
-0.114,-0.05,-0.975,0.427,2.93,-0.854,-175.139,32.602,0.467
-0.123,-0.044,-0.967,1.831,-0.916,4.028,-175.095,32.558,0.379
-0.16,-0.035,-0.966,5.676,-0.671,10.681,-174.974,32.646,-0.005
-0.14,-0.066,-0.951,5.493,-0.732,7.385,-174.732,32.651,-0.478
-0.183,-0.048,-0.968,2.686,0.549,9.705,-174.6,32.745,-0.917
-0.156,-0.047,-0.964,0.977,2.869,4.089,-174.562,32.684,-1.34
-0.118,-0.059,-0.957,3.784,3.845,-0.854,-174.468,32.509,-1.45
-0.119,-0.081,-0.977,2.014,4.517,2.258,-174.315,32.338,-1.472
-0.09,-0.089,-0.974,1.282,2.625,4.639,-174.232,32.173,-1.62
-0.107,-0.064,-0.972,-0.61,-1.282,8.057,-174.287,32.157,-1.928
-0.127,-0.055,-0.963,-2.747,0.305,5.737,-174.386,32.168,-2.137
-0.125,-0.029,-0.964,-1.282,0.122,6.714,-174.529,32.157,-2.422
-0.137,-0.04,-0.966,-0.671,-0.549,3.906,-174.584,32.179,-2.62
-0.124,-0.035,-0.962,-0.244,0.0,1.953,-174.639,32.173,-2.763
-0.128,-0.044,-0.963,-0.122,-0.366,-1.892,-174.65,32.19,-2.719
-0.101,-0.075,-0.973,-5.615,0.122,-6.47,-174.716,32.135,-2.499
-0.115,-0.015,-0.972,-5.31,-3.052,-4.578,-174.996,32.201,-2.159
-0.122,-0.024,-0.974,0.122,-3.235,0.0,-175.106,32.327,-2.027
-0.11,-0.042,-0.967,4.089,-1.648,5.92,-175.012,136.873,-2.911
-0.269,-0.014,-0.96,2.747,2.502,46.997,-175.869,37.365,-44.187
-0.152,-0.004,-0.917,6.714,4.028,38.94,-176.072,37.194,-46.291
-0.216,0.006,-0.948,3.357,-2.441,28.809,-176.144,37.288,-47.791
-0.248,0.079,-0.951,-0.732,-0.366,26.367,-176.49,37.458,-49.12
-0.247,0.051,-0.99,-0.854,2.319,12.756,-176.759,37.365,-50.037
-0.222,0.065,-1.017,0.183,13.123,16.541,-177.061,37.057,-50.757
-0.126,0.018,-0.962,0.854,3.357,19.104,-177.264,36.535,-51.691
-0.197,0.026,-0.901,-0.977,-8.179,18.616,-177.545,36.689,-52.592
-0.277,0.06,-0.889,-3.723,-9.094,20.935,-177.94,37.145,-53.509
-0.265,0.096,-0.902,0.427,-1.221,29.419,-178.38,37.37,-54.8
-0.233,0.109,-0.943,4.639,2.747,31.189,-178.693,37.392,-56.431
-0.172,0.093,-0.928,7.568,-5.493,30.701,-178.841,37.403,-58.085
-0.222,0.114,-0.958,9.094,-5.676,29.297,-178.929,37.738,-59.661
-0.251,0.094,-1.035,9.216,-5.92,37.048,-178.962,37.925,-61.436
-0.152,0.051,-1.008,13.245,-6.348,32.166,-178.951,38.134,-63.276
-0.213,-0.021,-0.986,7.874,-20.63,26.55,-178.835,38.754,-64.671
-0.331,-0.052,-0.943,5.188,-14.343,20.325,-178.896,39.666,-65.742
-0.13,-0.069,-0.816,-6.042,-10.193,25.085,-179.132,39.908,-66.599
-0.415,0.045,-0.974,-0.549,-25.513,28.992,-179.775,41.094,-67.917
-0.379,0.002,-0.996,11.414,12.939,19.958,-179.703,41.133,-68.923
-0.188,-0.055,-0.974,14.648,13.062,18.921,-179.198,40.364,-69.692
-0.152,-0.09,-0.856,4.7,-6.714,12.817,-178.841,40.27,-70.203
-0.254,-0.02,-0.78,-3.174,-10.986,10.681,-178.885,40.726,-70.477
-0.225,-0.044,-0.749,-1.526,-3.174,-2.625,-178.912,41.023,-70.406
-0.266,-0.041,-0.769,-2.991,-4.395,-13.977,-178.835,41.193,-69.73
-0.256,-0.123,-0.775,-6.409,-10.62,-24.597,-178.5,41.534,-68.335
-0.346,-0.1,-0.816,-7.751,-18.005,-18.616,-178.396,42.38,-66.918
-0.373,-0.103,-0.897,-8.789,-17.273,-7.446,-178.38,43.314,-65.912
-0.347,-0.094,-0.974,-9.46,-14.282,1.038,-178.555,44.127,-65.522
-0.586,0.006,-1.121,-12.878,-33.386,2.075,-179.028,45.467,-65.396
-0.456,0.013,-0.946,-6.653,-14.221,-4.15,-179.302,46.626,-65.193
-0.512,0.14,-1.027,-10.254,-7.568,5.005,-179.808,47.401,-65.209
-0.378,0.173,-0.978,-11.597,-0.122,14.526,179.473,47.401,-65.819
-0.473,0.203,-1.058,-2.319,15.93,-1.953,178.912,47.098,-66.259
-0.22,0.093,-0.99,-0.488,28.198,-19.531,179.127,45.764,-65.55
-0.255,0.086,-0.905,-8.972,-2.991,-19.531,179.165,45.28,-64.484
-0.333,0.136,-0.844,-10.925,4.944,-20.142,178.901,45.352,-63.567
-0.207,0.184,-0.687,-8.606,-1.892,-6.897,178.511,45.154,-62.957
-0.261,0.221,-0.735,-4.517,-0.305,10.925,177.995,45.231,-63.287
-0.152,0.21,-0.749,3.723,11.23,18.066,177.468,44.67,-64.435
-0.16,0.204,-0.766,5.92,-4.211,13.672,177.204,44.319,-65.544
-0.243,0.23,-0.809,4.517,-12.207,14.526,176.885,44.495,-66.682
-0.349,0.223,-0.83,5.005,-14.221,6.47,176.622,45.093,-67.676
-0.379,0.223,-0.943,4.822,-15.259,5.066,176.451,45.56,-68.368
-0.765,0.223,-1.182,10.498,-24.231,11.597,176.27,46.818,-69.313
-0.59,0.042,-1.03,32.837,11.414,-0.732,177.045,47.115,-69.961
-0.655,-0.171,-1.127,32.349,16.907,-13.245,178.901,46.714,-69.51
-0.332,-0.225,-1.098,16.174,63.843,-5.554,-179.604,44.588,-68.73
0.012,-0.104,-1.038,-5.493,41.138,16.602,-179.434,41.99,-68.791
-0.032,0.015,-0.863,-3.723,-11.475,18.982,-179.824,41.336,-69.34
-0.298,0.008,-0.775,5.493,-29.297,21.057,-179.945,42.556,-70.071
-0.35,-0.09,-0.807,13.245,-6.042,8.362,-179.495,43.176,-70.527
-0.307,-0.175,-0.854,11.108,4.272,-7.751,-178.687,43.121,-70.12
-0.27,-0.203,-0.828,-6.775,-10.742,-17.639,-178.138,43.297,-68.912
-0.325,-0.068,-0.788,-14.526,-8.911,-10.986,-178.275,43.973,-67.736
-0.292,-0.022,-0.791,-15.198,-10.437,-2.502,-178.61,44.385,-66.989
-0.305,0.038,-0.824,-11.353,-9.155,2.991,-179.138,44.907,-66.769
-0.282,0.001,-0.784,-13.977,-22.827,-0.488,-179.61,45.61,-66.649
-0.373,0.026,-0.759,-20.081,-34.912,-3.906,179.687,47.065,-66.374
-0.605,0.103,-0.883,-24.048,-47.668,-1.953,178.627,49.164,-66.259
-0.677,0.153,-0.969,-11.658,-10.681,-7.019,177.792,51.01,-66.193
-0.737,0.268,-1.06,-10.437,-5.127,3.845,177.171,51.339,-66.22
-0.452,0.224,-1.074,9.46,42.175,4.089,177.028,50.438,-66.577
-0.217,0.145,-1.091,11.719,9.521,-3.723,177.528,49.114,-66.627
-0.454,0.088,-0.953,5.615,-8.484,-12.268,178.077,49.427,-66.149
-0.455,0.109,-0.888,9.033,7.935,-12.939,178.588,49.351,-65.599
-0.33,0.069,-0.804,3.418,14.648,-9.46,179.121,48.741,-64.979
-0.208,0.115,-0.749,1.648,14.404,-0.122,179.187,47.944,-64.841
-0.184,0.121,-0.684,6.042,1.953,3.296,179.209,47.538,-65.034
-0.176,0.077,-0.64,6.714,-6.165,5.493,179.335,47.521,-65.369
-0.29,0.109,-0.655,2.38,-26.672,10.193,179.138,48.301,-66.0
-0.396,0.072,-0.831,1.465,-20.081,4.578,178.984,49.312,-66.517
-0.723,0.124,-1.08,4.15,-23.376,6.348,178.687,50.499,-67.044
-0.383,-0.091,-0.855,10.376,5.92,-13.245,179.214,50.927,-66.901
-0.933,-0.012,-1.141,-6.226,-37.781,-7.019,179.599,51.641,-66.116
-0.649,-0.116,-1.139,21.118,61.89,-18.738,-179.462,51.416,-65.325
-0.241,-0.177,-1.042,0.549,22.644,-3.113,-178.352,49.065,-64.314
-0.35,-0.042,-0.878,-11.169,-0.793,10.376,-178.638,48.691,-64.314
-0.327,0.031,-0.726,-7.996,-0.183,4.517,-179.198,48.785,-64.495
-0.337,0.011,-0.658,-2.686,1.282,-2.991,-179.319,48.735,-64.276
-0.302,-0.021,-0.648,-2.93,-0.549,-8.301,-179.203,48.669,-63.748
-0.41,-0.069,-0.737,-0.671,4.272,-16.052,-178.885,48.691,-62.897
-0.292,-0.141,-0.703,-2.869,6.592,-27.71,-178.281,48.384,-61.403
-0.325,-0.129,-0.717,-15.137,-2.258,-18.311,-178.039,48.439,-59.782
-0.294,-0.015,-0.724,-16.113,-7.629,0.305,-178.511,48.68,-59.112
-0.51,0.076,-0.974,-8.545,-17.517,8.362,-179.072,49.378,-59.2
-0.519,0.112,-1.0,4.456,-11.78,3.174,-179.28,50.18,-59.535
-0.761,0.201,-1.251,-4.456,5.493,7.324,-179.379,50.202,-59.683
-0.276,0.077,-1.284,12.024,49.377,4.15,-179.055,48.224,-60.007
-0.232,0.127,-1.173,0.427,-10.864,4.395,-179.028,47.269,-60.266
-0.47,0.111,-0.953,0.366,-20.813,-4.883,-179.099,48.06,-60.211
-0.451,0.098,-0.784,2.136,-5.127,-12.024,-178.973,48.625,-59.799
-0.397,0.083,-0.678,3.174,-2.747,-10.986,-178.731,48.823,-59.244
-0.299,0.054,-0.61,3.662,0.916,-1.648,-178.539,48.862,-59.03
-0.277,0.092,-0.639,4.578,5.92,11.292,-178.649,48.84,-59.464
-0.272,0.109,-0.726,5.981,7.69,23.132,-178.923,48.455,-60.529
-0.187,0.097,-0.745,6.47,-1.831,27.344,-179.335,48.175,-62.084
-0.268,0.132,-0.771,1.648,-21.851,28.748,179.995,48.79,-63.737
-0.569,0.135,-0.974,0.732,-32.471,23.254,179.313,49.916,-65.215
-0.676,0.002,-1.024,8.606,-14.587,11.169,179.033,51.048,-66.302
-0.668,-0.083,-1.169,-2.136,-26.123,0.183,179.066,51.702,-66.445
-0.914,-0.041,-1.19,12.756,24.902,-3.54,179.308,52.471,-66.302
-0.358,-0.141,-1.075,4.7,52.246,4.272,-179.967,49.856,-65.885
-0.147,-0.018,-0.998,0.854,15.259,14.832,179.918,48.422,-66.292
-0.303,-0.02,-0.791,0.366,-17.883,2.991,-179.967,48.582,-66.302
-0.421,-0.016,-0.667,0.977,-19.47,3.296,-179.912,49.504,-66.209
-0.383,-0.056,-0.598,1.282,-9.583,-3.601,-179.709,50.197,-65.989
-0.444,-0.094,-0.673,0.366,-4.089,-14.893,-179.286,50.647,-65.264
-0.425,-0.122,-0.686,-4.517,1.099,-19.043,-178.759,50.839,-64.028
-0.332,-0.096,-0.683,-13.733,2.197,-7.568,-178.599,50.823,-62.93
-0.317,0.017,-0.662,-16.479,-11.292,3.723,-179.171,51.152,-62.6
-0.59,0.082,-0.97,-10.01,-10.071,1.648,-179.808,51.844,-62.595
-0.499,0.059,-1.002,-0.793,6.714,-4.7,-179.951,51.949,-62.435
-0.71,0.178,-1.38,-11.597,-3.601,6.531,179.769,51.685,-62.347
-0.509,0.111,-1.254,11.597,38.33,-6.836,179.868,51.021,-62.402
-0.34,0.123,-1.185,-0.732,0.122,-5.188,-179.813,49.828,-61.902
-0.514,0.068,-1.042,7.568,7.324,-12.024,-179.484,49.916,-61.479
-0.329,0.053,-0.843,-1.587,2.991,-8.423,-179.214,49.422,-60.864
-0.406,0.059,-0.767,-4.089,-1.282,-7.629,-179.286,49.499,-60.48
-0.256,0.063,-0.615,-7.141,2.869,1.16,-179.566,49.362,-60.32
-0.308,0.155,-0.647,-6.104,-4.883,13.855,179.72,49.455,-60.903
-0.273,0.134,-0.682,-1.404,-4.822,21.423,179.154,49.438,-61.93
-0.412,0.214,-0.78,5.127,-4.7,21.79,178.38,49.752,-63.484
-0.314,0.141,-0.789,11.292,-1.709,3.601,178.308,49.702,-64.407
-0.418,0.054,-0.903,10.864,-12.878,-6.897,178.715,50.081,-64.512
-0.635,0.016,-1.016,5.615,-11.902,-5.493,179.083,50.911,-64.292
-0.45,-0.067,-0.944,-2.869,-6.226,-8.484,179.368,51.229,-63.902
-0.819,0.026,-1.095,-7.324,-18.005,-5.859,179.247,51.993,-63.419
-0.629,-0.036,-1.106,10.376,42.419,-9.827,179.615,51.52,-62.924
-0.281,-0.111,-1.088,3.723,30.273,-0.916,-179.637,49.526,-62.32
-0.333,-0.028,-0.914,-2.869,-2.747,8.301,-179.753,49.142,-62.479
-0.332,-0.013,-0.755,1.038,-4.517,-2.136,-179.692,49.285,-62.375
-0.36,-0.041,-0.657,1.831,-10.132,-8.972,-179.368,49.719,-61.848
-0.348,-0.116,-0.646,-0.366,5.737,-20.447,-178.77,49.801,-60.754
-0.31,-0.095,-0.633,-9.705,8.423,-20.508,-178.429,49.493,-59.376
-0.31,-0.087,-0.662,-15.259,-0.488,-25.33,-178.303,49.285,-57.827
-0.429,-0.003,-0.714,-18.127,-10.132,-18.982,-178.517,49.834,-56.415
-0.314,-0.033,-0.717,-14.648,-4.517,-10.681,-178.709,50.026,-55.437
-0.683,0.119,-1.053,-10.803,-15.076,2.686,-179.33,50.933,-55.294
-0.539,0.08,-1.139,-1.343,18.372,0.0,-179.495,50.834,-55.355
-0.708,0.17,-1.319,-0.305,16.846,6.653,-179.764,50.147,-55.64
-0.288,0.137,-1.237,-1.099,48.462,12.573,-179.967,48.219,-56.168
-0.253,0.157,-1.111,0.366,-1.709,5.249,179.637,47.021,-56.788
-0.383,0.107,-0.912,-2.991,-3.357,-1.953,179.517,47.192,-56.821
-0.356,0.109,-0.79,-0.366,1.038,-0.977,179.308,47.175,-56.882
-0.243,0.099,-0.691,1.465,9.521,0.366,179.253,46.818,-56.937
-0.167,0.104,-0.626,1.77,2.625,9.277,179.127,46.445,-57.321
-0.28,0.153,-0.655,6.226,-3.723,15.564,178.868,46.456,-58.206
-0.319,0.127,-0.72,8.911,-2.014,16.785,178.797,46.467,-59.266
-0.311,0.112,-0.762,10.254,-3.052,14.099,178.748,46.577,-60.359
-0.611,0.103,-1.071,8.911,-5.249,9.644,178.841,46.829,-61.106
-0.377,0.03,-1.046,11.108,14.587,6.348,179.094,46.39,-61.672
-0.473,-0.038,-1.169,4.15,-11.414,1.282,179.434,46.362,-61.765
-0.587,-0.019,-1.175,9.705,18.555,2.258,179.681,46.45,-61.87
-0.259,-0.09,-1.119,4.272,21.118,7.812,-179.808,44.945,-61.82
-0.318,-0.024,-1.02,2.991,2.136,18.127,-179.802,44.451,-62.342
-0.331,-0.003,-0.881,6.042,-0.488,20.935,-179.824,44.363,-63.182
-0.258,-0.039,-0.698,8.728,-2.869,16.113,-179.692,44.396,-64.023
-0.309,-0.059,-0.712,6.897,-1.526,7.751,-179.407,44.5,-64.462
-0.274,-0.079,-0.661,6.775,13.0,1.953,-179.0,44.308,-64.49
-0.22,-0.114,-0.718,2.563,11.902,-0.122,-178.539,43.572,-64.232
-0.371,-0.062,-0.733,-1.831,9.46,7.568,-178.44,43.308,-64.144
-0.305,-0.064,-0.646,-0.549,25.879,6.653,-178.429,42.446,-64.308
-0.413,0.021,-0.921,-1.465,32.288,12.146,-178.484,41.259,-64.578
-0.269,0.03,-1.129,2.38,40.833,18.921,-178.533,39.485,-65.308
-0.042,0.057,-1.212,-5.981,29.785,29.358,-178.863,37.7,-66.407
-0.21,0.194,-1.248,1.953,-2.808,32.41,-179.467,37.299,-67.967
-0.093,0.11,-1.249,7.202,7.568,29.846,-179.528,36.804,-69.461
-0.209,0.041,-1.145,7.568,-3.54,15.259,-179.451,36.804,-70.472
-0.147,0.026,-0.934,-0.427,2.441,15.686,-179.522,36.535,-71.098
-0.194,0.044,-0.793,-2.014,-0.854,20.264,-179.83,36.469,-71.96
-0.168,0.082,-0.716,-2.441,-0.122,33.02,179.731,36.359,-73.202
-0.167,0.079,-0.756,1.221,-5.859,36.194,179.28,36.359,-74.982
-0.106,0.044,-0.77,-2.686,-17.517,40.405,178.841,36.755,-76.827
-0.161,0.089,-0.727,-10.01,-37.354,50.354,177.94,37.974,-79.167
-0.014,0.071,-0.722,-9.705,-41.626,61.096,176.726,39.479,-82.024
-0.233,0.18,-0.777,-13.855,-64.209,91.064,174.858,41.688,-86.116
-0.74,0.32,-0.968,-0.183,-74.097,112.549,172.452,44.313,-91.956
-1.166,0.264,-1.487,32.532,-18.86,103.333,171.096,45.648,-98.004
-0.582,0.066,-1.269,63.599,74.646,85.632,171.843,43.643,-102.53
0.068,-0.208,-0.949,52.063,44.8,78.491,173.963,40.034,-105.645
-0.017,-0.064,-0.702,9.766,-31.616,80.444,174.304,39.622,-109.314
-0.311,0.028,-0.666,10.132,-40.466,63.049,173.908,41.314,-112.61
-0.322,0.019,-0.708,11.047,-36.926,58.472,173.628,42.578,-115.455
-0.532,-0.04,-0.958,17.09,-31.372,42.48,173.749,44.165,-117.691
-0.683,0.053,-1.192,14.038,-4.089,42.542,173.99,44.665,-119.301
-0.079,-0.075,-0.979,23.438,38.513,43.64,174.705,43.451,-120.762
-0.098,0.175,-1.001,-12.207,-13.733,82.092,173.87,42.341,-123.492
-0.279,0.227,-1.006,17.7,-5.005,56.519,173.029,42.446,-127.123
-0.255,0.161,-0.94,25.574,-14.648,44.128,173.348,42.402,-129.446
-0.314,0.049,-0.896,26.123,-16.846,44.312,174.029,42.72,-131.605
-0.369,0.082,-0.883,20.996,-15.442,49.805,174.397,43.198,-133.852
-0.329,0.094,-0.836,19.531,-14.343,52.979,174.595,43.511,-136.241
-0.349,0.143,-0.833,19.043,-19.714,51.575,174.595,44.066,-138.763
-0.381,0.132,-0.893,23.804,-11.108,47.913,174.754,44.555,-141.103
-0.341,0.112,-0.953,24.414,-11.414,56.458,175.007,44.714,-143.536
-0.497,0.13,-1.026,25.452,-12.39,66.895,175.029,45.033,-146.558
-0.303,-0.006,-0.926,38.574,-6.104,56.519,175.578,44.978,-149.436
-0.38,-0.07,-0.877,29.968,-27.405,51.208,176.396,45.555,-151.793
-0.521,-0.082,-0.802,29.907,-21.851,33.02,177.105,46.824,-153.605
-0.54,-0.116,-0.892,21.24,16.724,33.02,177.951,46.802,-154.374
-0.281,-0.118,-0.893,23.499,28.564,55.969,178.347,45.456,-156.011
-0.218,-0.081,-0.882,21.057,-0.793,66.162,178.506,44.742,-158.549
-0.351,-0.111,-0.884,27.954,-13.367,59.998,178.896,45.099,-161.219
-0.312,-0.154,-0.819,23.865,-10.864,56.03,179.379,45.604,-163.57
-0.347,-0.214,-0.978,22.217,-9.033,41.626,179.962,46.038,-165.427
-0.306,-0.191,-1.119,11.414,-0.427,39.856,-179.566,46.104,-166.805
-0.3,-0.112,-0.936,2.502,-17.761,37.292,-179.698,46.642,-168.333
-0.249,0.055,-0.897,-17.395,-14.282,52.368,179.385,47.049,-170.162
-0.477,0.254,-0.963,-7.019,-17.883,63.354,177.501,47.791,-173.243
-0.404,0.191,-0.956,7.507,9.46,48.889,176.512,47.505,-175.919
-0.273,0.197,-0.883,11.108,4.456,50.049,175.902,46.769,-178.275
-0.342,0.185,-0.85,11.23,-9.46,46.997,175.446,46.626,179.313
-0.316,0.216,-0.779,13.55,-5.432,48.706,174.99,46.588,176.918
-0.323,0.247,-0.77,16.968,-13.611,52.734,174.551,46.675,174.282
-0.368,0.258,-0.807,19.531,-14.893,53.406,174.194,47.027,171.552
-0.439,0.287,-0.933,24.17,-10.071,51.392,173.925,47.181,168.821
-0.365,0.206,-0.956,30.273,0.732,35.217,174.205,47.082,166.756
-0.463,0.134,-1.042,22.644,-13.855,26.245,174.787,47.164,165.487
-0.499,0.093,-1.0,24.048,-14.343,33.813,175.122,47.593,163.982
-0.371,-0.044,-0.917,29.175,-2.441,33.386,175.726,47.78,162.416
-0.329,-0.11,-0.791,23.926,-22.461,38.452,176.473,47.961,160.812
-0.558,-0.071,-0.881,30.151,-15.076,45.837,176.929,48.944,158.637
-0.539,-0.11,-0.936,36.194,26.123,49.805,177.759,48.538,156.555
-0.239,-0.154,-0.895,32.471,34.912,52.124,178.737,46.747,154.413
-0.195,-0.104,-0.838,19.226,-3.967,48.523,179.28,45.835,151.793
-0.369,-0.082,-0.815,18.799,-6.104,32.532,179.681,46.11,149.464
-0.312,-0.105,-0.788,17.029,5.615,19.226,-179.654,45.994,148.046
-0.231,-0.169,-0.805,11.658,2.014,1.831,-178.83,45.687,147.371
-0.232,-0.178,-0.818,-2.563,-12.329,-9.583,-178.22,45.851,147.31
-0.222,-0.124,-0.751,-13.916,-31.372,-18.86,-178.083,46.824,147.656
-0.306,-0.061,-0.66,-17.517,-50.11,-30.151,-178.083,48.79,148.623
-0.37,-0.057,-0.576,-11.902,-48.035,-40.833,-177.671,51.191,150.43
-0.634,-0.047,-0.787,-15.991,-51.636,-32.776,-177.149,53.531,152.611
-0.83,0.012,-0.936,-7.08,-21.851,-28.809,-176.841,55.69,154.764
-0.739,0.108,-0.975,-17.883,2.625,-13.062,-176.913,55.673,156.566
-0.733,0.177,-1.179,-8.484,32.471,0.427,-177.402,54.987,157.363
-0.471,0.204,-1.129,3.357,33.691,8.423,-177.852,53.201,157.346
-0.426,0.097,-0.945,5.371,8.423,-7.263,-177.731,52.163,157.571
-0.422,0.028,-0.798,-6.531,4.7,-20.142,-177.523,51.861,158.566
-0.42,0.083,-0.732,-14.771,-0.183,-24.841,-177.698,51.768,160.043
-0.305,0.07,-0.614,-11.597,-1.465,-26.794,-177.825,51.795,161.746
-0.253,0.101,-0.594,-11.047,-8.057,-10.986,-178.022,52.048,163.076
-0.283,0.162,-0.694,-4.028,-6.348,-3.052,-178.599,52.355,163.405
-0.309,0.108,-0.695,-4.761,-16.785,0.488,-178.824,52.756,163.696
-0.339,0.147,-0.638,-4.822,-27.954,12.39,-179.61,53.729,163.196
-0.758,0.184,-0.928,-0.793,-41.321,8.179,179.594,55.294,162.598
-0.806,-0.005,-1.087,13.794,-4.333,-1.282,179.747,56.332,162.675
-0.686,-0.125,-1.202,9.216,-4.7,-6.409,-179.599,56.431,163.356
-0.826,-0.177,-1.192,8.118,9.338,-10.376,-178.748,56.849,164.399
-0.521,-0.159,-1.075,8.667,31.25,11.047,-178.259,55.432,164.773
-0.332,-0.096,-0.977,3.723,7.202,32.837,-178.517,54.476,163.619
-0.43,-0.024,-0.777,6.104,-23.743,34.729,-179.094,55.014,161.719
-0.608,-0.003,-0.708,10.254,-16.907,28.442,-179.473,56.014,160.027
-0.503,-0.069,-0.658,8.545,2.747,10.742,-179.396,56.228,159.291
-0.442,-0.106,-0.626,1.404,13.733,-14.893,-178.868,55.992,160.016
-0.455,-0.105,-0.705,-5.066,18.127,-21.423,-178.237,55.25,161.532
-0.342,-0.145,-0.702,-7.08,20.935,-29.358,-177.512,54.338,163.482
-0.298,-0.134,-0.633,-14.038,-9.705,-23.499,-177.012,54.031,165.295
-0.38,-0.104,-0.591,-14.709,-14.526,-18.127,-176.874,54.706,166.619
-0.617,-0.077,-0.798,-11.658,-14.709,-21.912,-176.677,55.503,168.041
-0.74,0.001,-1.011,-15.076,5.798,-16.479,-176.484,55.876,169.684
-0.765,0.194,-1.413,-15.991,25.452,6.104,-177.083,54.904,170.376
-0.512,0.156,-1.244,1.526,39.001,12.39,-177.627,53.718,170.096
-0.311,0.137,-1.086,6.042,7.568,8.667,-177.885,52.295,169.481
-0.548,0.065,-0.972,-0.183,-14.526,0.854,-177.979,52.729,169.217
-0.49,0.05,-0.858,-7.874,7.629,-2.075,-178.319,52.74,169.283
-0.389,0.051,-0.754,-14.587,0.244,-4.333,-178.907,52.432,169.574
-0.493,0.114,-0.728,-16.846,-2.197,3.418,-179.802,52.625,169.695
-0.423,0.187,-0.684,-14.648,5.066,16.235,178.978,52.498,169.2
-0.384,0.231,-0.71,-6.531,12.573,15.259,177.918,52.026,168.514
-0.318,0.237,-0.745,5.676,9.766,10.803,177.391,51.4,167.948
-0.359,0.249,-0.757,5.493,-3.967,18.921,176.979,51.268,167.108
-0.408,0.213,-0.771,11.536,-4.517,10.01,176.754,51.372,166.256
-0.429,0.214,-0.78,12.024,-9.521,3.357,176.825,51.652,165.877
-0.368,0.122,-0.77,13.306,-7.812,-6.531,177.226,52.026,165.965
-0.586,0.065,-0.963,9.949,-17.09,-9.46,177.797,52.745,166.454
-0.59,0.033,-0.921,9.827,-6.897,-12.817,178.319,53.394,167.064
-0.729,-0.065,-1.271,9.644,-23.132,-21.729,179.308,53.844,168.212
-0.924,-0.089,-1.178,6.958,14.832,-17.639,-179.489,55.031,169.794
-0.413,-0.13,-0.968,17.212,51.331,-3.357,-178.577,52.806,170.662
-0.303,-0.138,-0.994,1.892,16.357,6.165,-177.995,51.411,170.815
-0.379,-0.02,-0.809,0.244,2.563,24.658,-178.33,51.092,169.827
-0.458,0.001,-0.771,6.897,3.052,23.01,-178.605,50.894,168.492
-0.426,-0.054,-0.729,13.184,13.611,14.282,-178.347,50.499,167.701
-0.38,-0.052,-0.763,12.024,13.855,8.789,-177.962,49.839,167.239
-0.3,-0.121,-0.797,10.559,22.949,-1.282,-177.237,48.922,167.311
-0.18,-0.135,-0.7,1.465,2.686,-3.906,-176.759,48.263,167.415
-0.371,-0.078,-0.647,-10.559,-22.095,-8.545,-176.644,48.933,167.679
-0.441,-0.078,-0.697,-2.502,-4.944,-10.803,-176.611,49.631,168.179
-0.285,-0.104,-0.765,-4.211,8.118,-1.526,-176.342,49.57,168.816
-0.41,-0.044,-0.977,-5.127,-26.428,15.564,-176.693,49.839,168.256
-0.551,-0.046,-0.975,0.305,-8.545,6.653,-176.847,50.955,167.695
-0.778,0.093,-1.212,2.991,-3.906,15.808,-177.127,51.103,167.042
-0.509,-0.025,-1.218,4.7,41.565,10.193,-177.017,50.131,166.531
-0.318,0.074,-1.235,-5.676,22.705,21.729,-177.479,48.422,165.652
-0.359,0.075,-1.048,-4.272,-0.366,7.263,-178.066,47.834,164.652
-0.339,0.08,-0.866,-6.592,-5.859,2.014,-178.478,47.939,164.312
-0.368,0.095,-0.768,-10.925,-13.794,5.798,-179.088,48.428,163.938
-0.35,0.137,-0.686,-10.437,-7.935,9.888,-179.923,48.933,163.367
-0.342,0.162,-0.695,-5.188,-2.747,10.071,179.324,49.07,162.74
-0.275,0.188,-0.693,-1.587,4.639,16.174,178.704,48.917,161.993
-0.294,0.208,-0.714,6.409,-8.545,21.606,178.182,48.939,160.834
-0.27,0.16,-0.684,10.62,-19.104,18.188,177.907,49.471,159.576
-0.377,0.163,-0.698,5.432,-30.457,8.667,177.632,50.757,158.632
-0.582,0.09,-0.907,6.287,-25.757,-16.174,177.759,52.13,158.719
-0.608,0.003,-0.983,3.357,-6.165,-16.968,178.352,53.135,159.752
-0.864,0.027,-1.275,3.479,-9.46,-9.399,178.759,53.591,160.499
-0.499,-0.095,-1.054,19.043,32.837,-20.996,179.786,53.311,161.477
-0.506,-0.216,-1.183,6.165,14.587,-8.423,-178.879,52.048,162.592
-0.343,-0.084,-0.995,-8.606,4.089,20.508,-179.044,51.389,162.021
-0.489,0.046,-0.872,-6.287,-19.531,25.635,-179.918,51.795,160.4
-0.537,0.042,-0.766,7.935,-10.132,13.184,179.736,52.438,159.126
-0.504,-0.028,-0.69,10.62,-2.441,6.958,-179.973,52.822,158.566
-0.315,-0.114,-0.585,8.606,12.39,-6.897,-179.319,52.57,158.774
-0.272,-0.121,-0.645,1.282,5.249,-12.573,-178.671,52.152,159.368
-0.313,-0.149,-0.695,0.549,14.221,-19.47,-177.94,51.768,160.175
-0.148,-0.194,-0.586,-9.155,-6.592,-18.005,-177.336,51.422,160.933
-0.35,-0.066,-0.641,-20.996,-36.194,-2.502,-177.66,52.553,160.889
-0.751,0.063,-1.01,-15.259,-33.203,6.531,-178.401,54.338,160.477
-0.662,0.135,-1.054,-7.568,5.371,12.817,-179.171,54.954,160.005
-0.867,0.294,-1.144,-1.526,-1.77,25.757,179.725,54.849,158.747
-0.474,0.141,-1.216,16.541,54.26,-5.615,-179.989,52.965,158.412
-0.314,0.049,-1.176,4.272,18.372,-13.916,-179.209,51.163,159.027
-0.377,0.101,-0.926,-9.766,-2.136,-11.536,-179.253,50.707,159.417
-0.48,0.131,-0.813,-15.076,-11.414,-17.822,-179.632,51.07,159.972
-0.419,0.167,-0.728,-8.667,7.202,-14.038,-179.989,51.24,160.785
-0.256,0.136,-0.651,-3.113,13.245,-4.333,179.786,50.685,161.235
-0.175,0.146,-0.626,0.244,2.93,5.31,179.484,50.175,161.109
-0.31,0.163,-0.659,4.517,-13.794,19.897,179.055,50.372,160.17
-0.39,0.188,-0.676,8.972,-16.418,29.907,178.473,50.966,158.533
-0.386,0.184,-0.72,10.193,-14.221,35.4,177.803,51.542,156.478
-0.592,0.162,-0.982,6.226,-26.672,30.151,177.116,52.361,154.55
-0.851,0.096,-1.091,9.949,-27.771,23.254,176.468,53.844,152.886
-0.925,-0.036,-1.349,2.625,-0.793,11.597,176.501,54.141,152.199
-0.696,0.033,-1.202,19.043,26.001,3.967,176.748,53.855,151.919
-0.29,-0.166,-0.966,21.423,31.738,0.61,178.132,52.07,152.144
-0.301,-0.06,-0.927,-4.944,-9.583,26.184,178.154,51.669,150.969
-0.459,0.064,-0.804,0.122,-11.169,23.987,177.424,52.174,148.942
-0.428,0.034,-0.681,4.517,-14.771,6.836,177.391,52.52,147.854
-0.473,-0.014,-0.653,8.118,-4.089,-8.301,177.808,53.13,147.645
-0.424,-0.089,-0.662,4.15,-3.662,-19.897,178.742,53.273,148.409
-0.409,-0.099,-0.662,2.991,6.836,-24.719,179.615,53.498,149.469
-0.332,-0.171,-0.671,-8.606,-5.554,-24.597,-179.363,53.256,150.842
-0.487,-0.027,-0.661,-14.954,-20.447,-15.442,-179.352,54.267,151.49
-0.399,-0.056,-0.668,-14.709,-4.883,-22.034,-179.143,54.761,152.479
-0.615,0.082,-0.909,-20.325,-15.747,-7.69,-179.511,55.377,153.177
-0.601,0.101,-1.037,-14.893,-0.854,-5.554,-179.973,55.849,153.594
-0.785,0.273,-1.417,-16.052,-0.305,15.503,179.017,55.492,153.105
-0.675,0.193,-1.229,14.282,11.658,-12.939,178.978,55.514,152.963
-0.509,0.125,-1.089,5.859,6.165,-9.155,179.753,54.789,153.754
-0.543,0.036,-0.954,6.775,-3.54,-26.672,-179.517,54.904,154.627
-0.468,0.022,-0.763,-5.615,-9.949,-24.17,-178.835,55.206,156.149
-0.5,0.068,-0.714,-8.545,-9.033,-9.583,-178.923,55.772,156.912
-0.39,0.098,-0.619,-6.409,-4.944,4.761,-179.33,56.008,157.022
-0.307,0.119,-0.534,-2.441,-10.803,21.118,179.824,56.448,156.11
-0.351,0.164,-0.596,1.343,-21.179,27.039,178.835,57.041,154.649
-0.365,0.125,-0.571,11.047,-29.968,29.297,177.935,58.096,152.699
-0.493,0.101,-0.665,9.216,-35.095,24.475,177.193,59.628,150.826
-0.791,0.098,-0.91,5.798,-37.354,19.714,176.644,61.024,149.37
-1.012,0.046,-1.122,8.484,-27.649,19.897,176.023,62.688,147.975
-1.035,0.032,-1.102,0.61,-15.381,21.545,175.441,63.336,146.744
-0.91,0.003,-0.989,10.01,9.705,11.414,175.084,63.704,145.827
-0.715,-0.025,-0.89,8.484,17.395,16.418,175.331,62.946,145.426
-0.611,0.067,-0.82,9.46,19.348,37.231,174.842,61.968,143.893
-0.438,0.081,-0.702,18.311,19.897,40.283,174.359,60.699,141.652
-0.521,0.069,-0.701,20.813,-4.578,33.63,174.221,60.194,139.417
-0.498,-0.019,-0.635,21.79,2.625,20.142,174.496,60.183,137.758
-0.419,-0.081,-0.595,11.658,-5.066,14.038,174.979,60.024,136.736
-0.528,-0.052,-0.597,2.808,-19.287,2.625,175.128,60.787,135.818
-0.584,-0.042,-0.59,-3.662,-10.742,-7.935,175.545,61.567,135.884
-0.581,0.021,-0.594,-4.639,-4.883,-3.235,175.693,62.122,136.049
-0.52,0.012,-0.618,1.953,2.747,-4.517,175.995,62.276,136.263
-0.625,0.02,-0.816,-3.723,-13.855,1.587,176.314,62.529,136.478
-0.824,0.222,-0.925,-5.31,-15.869,14.893,175.496,63.622,135.626
-0.971,0.27,-1.07,-1.282,-9.644,7.202,175.155,63.704,135.181
-0.988,0.28,-1.169,16.418,21.606,8.24,175.001,63.82,134.709
-0.54,0.187,-0.968,9.827,26.062,8.301,175.463,62.133,134.632
-0.526,0.183,-0.849,2.93,-8.789,-1.343,175.485,61.71,134.396
-0.491,0.168,-0.641,-0.366,-13.062,-11.475,175.562,62.271,134.643
-0.493,0.119,-0.51,2.563,-16.296,-18.555,175.984,63.056,135.478
-0.506,0.12,-0.534,0.061,5.798,-7.69,176.38,63.303,136.346
-0.353,0.146,-0.543,-1.038,5.859,9.46,176.127,62.754,136.34
-0.565,0.215,-0.649,2.869,-12.756,18.433,175.248,63.04,135.313
-0.539,0.183,-0.681,11.108,-4.272,13.489,174.705,63.254,134.363
-0.607,0.144,-0.724,8.362,-8.911,17.578,174.413,63.506,133.528
-0.6,0.057,-0.783,1.16,-14.771,29.297,173.491,63.737,131.929
-0.824,0.079,-0.823,-14.282,-28.87,33.936,171.458,64.814,129.523
-1.107,0.187,-1.128,-17.09,-35.034,24.048,169.349,65.77,127.414
-1.144,0.278,-1.023,10.742,10.62,10.62,168.058,66.775,126.008
-0.705,0.124,-0.828,24.597,28.259,8.301,169.124,65.533,126.266
-0.444,0.044,-0.659,21.606,12.451,21.179,170.019,64.429,125.75
-0.457,0.117,-0.545,14.648,-10.864,31.067,169.838,64.193,123.915
-0.563,0.104,-0.519,15.076,-18.738,22.583,169.453,64.627,121.893
-0.582,0.075,-0.481,19.348,-7.874,5.493,169.541,65.297,120.707
-0.548,-0.036,-0.503,17.578,2.625,-8.423,170.854,65.413,120.965
-0.596,-0.026,-0.536,8.667,3.601,-3.235,171.909,65.577,121.163
-0.606,0.004,-0.614,-0.244,3.54,4.028,172.48,65.374,120.899
-0.639,0.084,-0.636,1.709,-8.057,3.784,172.447,65.803,120.185
-0.804,0.106,-0.872,11.658,-4.517,6.958,172.848,66.039,119.669
-0.938,0.156,-1.109,10.803,-5.737,23.865,172.831,66.149,118.394
-0.956,0.289,-1.058,12.024,-6.592,41.809,171.766,66.374,115.873
-0.751,0.348,-0.887,13.123,-2.93,55.176,170.14,65.929,112.462
-0.79,0.339,-0.895,25.696,-5.676,32.227,169.052,65.726,109.572
-0.687,0.165,-0.726,27.161,3.967,12.024,169.612,65.566,108.561
-0.51,0.102,-0.588,20.752,7.446,19.165,170.167,64.99,107.71
-0.558,0.215,-0.603,23.254,-2.075,34.851,169.865,64.753,105.765
-0.567,0.242,-0.628,34.485,-2.625,49.927,169.536,64.347,103.096
-0.652,0.299,-0.699,46.021,-10.803,69.702,168.865,64.039,99.201
-0.827,0.232,-0.829,60.181,-3.967,78.613,168.289,63.666,94.373
-0.833,0.278,-0.902,61.401,13.611,109.131,167.783,62.331,88.594
-0.7,0.283,-0.912,75.928,12.451,129.761,166.855,60.128,80.931
-0.525,0.142,-0.792,92.468,11.475,127.014,166.888,57.969,72.762
-0.431,-0.068,-0.691,93.994,-10.315,109.314,168.135,56.354,65.006
-0.55,-0.158,-0.737,67.566,-40.1,93.201,169.096,56.673,57.717
-0.683,-0.049,-0.779,48.34,-16.663,85.144,169.321,57.041,51.163
-0.623,0.03,-0.768,50.476,-0.671,83.069,169.557,56.437,45.071
-0.563,0.019,-0.758,53.894,2.625,81.055,170.233,55.508,39.342
-0.533,-0.037,-0.751,54.626,-4.822,77.454,171.035,54.86,33.734
-0.55,-0.055,-0.729,43.274,-16.235,64.514,171.722,54.904,28.641
-0.601,-0.077,-0.733,34.119,-18.799,49.377,172.321,55.393,24.39
-0.713,-0.082,-0.834,27.893,-11.475,35.522,172.991,55.926,21.061
-0.549,-0.009,-0.851,16.235,-3.967,35.034,173.43,55.92,18.182
-0.626,0.133,-0.986,17.639,-22.217,34.79,173.557,56.398,15.381
-0.663,0.166,-0.89,17.761,-16.846,37.048,173.287,57.31,12.151
-0.393,0.114,-0.732,6.042,-2.502,28.687,173.095,57.404,9.52
-0.634,0.291,-0.812,-3.113,-12.024,36.682,171.87,57.673,6.696
-0.515,0.229,-0.813,12.268,25.696,19.897,171.381,56.997,4.427
-0.4,0.247,-0.8,20.752,19.165,24.719,171.541,55.684,2.664
-0.384,0.166,-0.778,32.288,5.798,30.334,172.101,54.778,0.582
-0.479,0.169,-0.78,34.607,0.427,47.607,172.54,54.355,-2.225
-0.407,0.155,-0.77,38.452,2.319,50.171,172.947,53.784,-5.598
-0.457,0.173,-0.804,35.95,-5.798,53.711,173.199,53.569,-9.201
-0.448,0.158,-0.872,32.349,0.427,47.729,173.474,53.234,-12.546
-0.462,0.196,-0.956,32.776,1.404,44.434,173.666,52.844,-15.672
-0.493,0.141,-1.015,28.137,-9.216,38.879,174.106,52.674,-18.325
-0.6,0.143,-1.011,26.062,-15.503,41.382,174.188,53.015,-21.088
-0.542,0.02,-0.933,35.278,-2.991,38.696,174.666,53.174,-23.741
-0.351,-0.174,-0.732,39.612,-12.878,43.335,175.507,53.229,-26.268
-0.715,-0.12,-0.784,19.897,-27.405,85.083,175.281,54.179,-30.152
-0.647,0.002,-0.813,36.133,18.372,90.759,174.359,53.888,-35.332
-0.387,-0.011,-0.758,40.405,19.592,89.722,174.315,52.361,-40.177
-0.401,0.042,-0.768,36.56,-3.174,84.045,174.232,51.476,-44.967
-0.401,-0.034,-0.756,36.804,-0.122,58.044,174.611,51.279,-48.757
-0.469,-0.005,-0.766,23.865,-14.221,49.988,174.919,51.345,-51.647
-0.516,-0.112,-0.857,22.644,0.122,22.949,175.424,51.647,-53.586
-0.471,-0.122,-0.9,7.385,6.775,11.23,176.078,51.487,-54.174
-0.429,-0.074,-1.07,-8.911,1.709,-0.916,176.358,51.092,-54.102
-0.456,0.12,-0.929,-15.259,-9.338,-15.625,176.039,51.713,-53.421
-0.319,0.132,-0.898,-27.405,-2.747,-8.423,175.677,51.707,-52.383
-0.682,0.391,-1.019,-22.4,-11.597,-0.305,174.078,52.454,-52.625
-0.385,0.206,-0.917,-3.113,34.546,-27.222,174.309,51.476,-51.559
-0.224,0.198,-0.884,-2.808,7.141,-12.695,174.556,50.609,-50.532
-0.308,0.135,-0.818,1.648,1.709,-10.681,174.71,50.488,-50.175
-0.25,0.15,-0.753,-3.052,-1.16,-8.301,174.792,50.367,-49.719
-0.242,0.163,-0.727,-4.028,-5.798,-2.38,174.589,50.389,-49.609
-0.272,0.24,-0.743,-1.587,-11.414,5.737,174.177,50.663,-49.911
-0.261,0.225,-0.674,2.38,-25.269,12.512,173.804,51.18,-50.713
-0.418,0.257,-0.702,6.287,-32.043,13.855,173.249,52.438,-52.075
-0.389,0.228,-0.706,10.559,-23.315,12.512,172.963,53.492,-53.421
-0.408,0.171,-0.781,9.094,-31.372,7.019,172.782,54.624,-54.679
-0.809,0.125,-1.032,3.601,-39.001,1.892,172.612,56.398,-55.552
-0.742,0.092,-0.902,0.488,-20.325,0.0,172.408,57.986,-56.113
-1.036,0.069,-1.061,10.559,-10.071,-10.437,172.733,58.975,-56.047
-0.728,-0.052,-1.005,18.188,46.448,-10.376,174.21,58.074,-55.113
-0.267,-0.046,-0.825,5.798,30.212,18.555,174.875,56.124,-55.113
-0.316,0.063,-0.785,1.404,-4.944,23.865,174.523,55.486,-56.206
-0.481,0.107,-0.698,5.737,-7.385,16.235,174.194,55.86,-57.25
-0.308,0.019,-0.567,7.935,-2.014,2.441,174.518,55.789,-57.541
-0.609,0.009,-0.734,5.859,-12.939,-7.507,174.935,56.42,-57.338
-0.427,-0.094,-0.697,8.24,0.916,-22.827,176.133,56.536,-56.157
-0.472,-0.085,-0.63,-1.892,-19.104,-16.602,176.951,57.393,-54.921
-0.445,-0.074,-0.62,-6.348,1.77,-14.771,177.55,57.766,-53.756
-0.419,-0.022,-0.614,-11.597,-13.184,-10.681,177.709,58.271,-52.806
-0.489,0.054,-0.732,-17.151,-13.489,-5.31,177.44,58.942,-52.196
-0.819,0.135,-0.908,-16.541,-24.475,-2.563,176.776,60.002,-52.026
-1.021,0.203,-1.128,-17.944,-5.981,-3.479,176.16,60.848,-51.91
-0.793,0.333,-1.216,-9.216,51.086,10.254,175.325,59.782,-52.18
-0.387,0.292,-1.185,8.85,33.508,-3.479,175.287,57.327,-52.372
-0.496,0.185,-1.009,10.132,-5.493,-9.949,175.957,56.794,-52.064
-0.519,0.098,-0.875,3.784,0.854,-14.099,176.572,56.86,-51.564
-0.489,0.121,-0.754,-5.554,-8.179,-8.789,176.704,57.019,-51.086
-0.481,0.15,-0.658,-9.216,-5.981,-1.831,176.287,57.36,-51.097
-0.379,0.192,-0.557,-5.798,-2.625,0.916,175.737,57.535,-51.416
-0.391,0.208,-0.568,-0.061,0.549,5.859,175.314,57.524,-52.009
-0.338,0.216,-0.589,6.958,10.376,9.827,174.99,57.151,-52.954
-0.327,0.195,-0.627,11.719,-9.705,9.766,174.897,57.019,-54.02
-0.436,0.152,-0.639,11.23,-25.879,17.029,174.606,57.909,-55.53
-0.558,0.125,-0.796,5.676,-19.897,8.362,174.249,58.859,-56.843
-0.777,0.102,-1.002,2.075,-13.123,5.188,174.018,59.799,-57.579
-0.906,0.096,-1.091,-7.629,-17.883,7.935,173.644,60.436,-58.167
-0.967,0.149,-1.07,6.165,4.578,3.296,173.068,61.111,-58.931
-0.725,0.015,-1.016,16.724,40.161,-18.677,174.309,60.035,-58.184
-0.341,-0.078,-0.86,8.911,31.799,-10.376,175.847,58.239,-56.904
-0.425,0.018,-0.752,-2.197,1.526,4.028,176.215,57.524,-56.536
-0.427,0.039,-0.673,4.395,2.014,14.526,176.116,57.354,-56.942
-0.481,0.041,-0.635,4.395,-7.141,13.55,175.946,57.426,-57.794
-0.548,0.006,-0.725,7.263,2.991,-1.404,176.155,57.508,-58.107
-0.497,-0.074,-0.744,8.179,27.161,-15.747,177.056,56.854,-57.365
-0.198,-0.142,-0.601,-7.08,8.118,-18.799,177.99,55.887,-55.92
-0.587,0.029,-0.643,-22.217,-25.085,-6.409,177.556,56.86,-55.14
-0.485,0.034,-0.649,-2.991,9.949,-12.268,177.567,57.003,-54.465
-0.344,-0.04,-0.658,-0.061,-5.493,-10.559,178.132,57.008,-53.718
-0.796,0.07,-0.865,-11.047,-17.822,2.197,177.918,58.035,-53.58
-0.656,0.129,-0.913,-2.625,26.917,9.338,177.501,57.612,-54.042
-0.701,0.311,-1.176,-3.418,18.066,19.47,176.929,56.376,-54.893
-0.5,0.191,-1.161,20.264,19.409,14.038,177.05,55.168,-56.041
-0.54,0.19,-1.12,11.536,12.939,7.629,177.369,54.371,-56.876
-0.479,0.145,-0.908,5.005,10.193,-4.333,177.654,53.69,-57.112
-0.44,0.111,-0.83,2.014,9.827,-13.184,177.957,53.223,-56.772
-0.32,0.065,-0.681,-3.479,0.244,-11.23,178.193,52.938,-56.206
-0.25,0.116,-0.552,-11.658,-8.179,3.113,177.759,53.141,-56.179
-0.359,0.204,-0.581,-6.653,-7.629,14.16,176.83,53.514,-56.975
-0.334,0.225,-0.629,4.944,1.709,22.461,176.133,53.416,-58.315
-0.349,0.218,-0.667,10.315,-6.592,30.579,175.479,53.339,-60.364
-0.345,0.194,-0.697,12.39,-11.841,19.836,175.04,53.641,-62.325
-0.648,0.134,-0.901,9.338,-26.123,12.451,174.93,54.448,-63.605
-0.706,0.038,-1.062,5.493,-21.973,4.272,174.897,55.377,-64.473
-0.948,0.07,-1.206,4.15,-19.165,4.761,174.683,56.613,-65.067
-0.604,-0.125,-1.192,11.292,31.25,-11.719,175.743,55.756,-64.512
-0.463,-0.021,-1.063,-4.7,5.188,5.066,176.012,55.179,-64.111
-0.482,0.092,-0.858,-5.066,-5.981,16.785,175.573,55.047,-64.611
-0.468,0.073,-0.779,11.78,4.883,4.15,175.605,55.025,-65.127
-0.399,-0.026,-0.632,3.845,-9.094,-0.793,176.254,55.025,-64.924
-0.368,-0.054,-0.6,-1.831,0.122,-7.996,176.517,55.333,-64.644
-0.408,-0.012,-0.609,-10.071,-6.775,-18.372,176.792,55.514,-63.649
-0.497,-0.089,-0.693,-4.883,4.028,-31.677,177.424,55.756,-62.001
-0.38,-0.099,-0.603,-12.573,3.235,-23.499,178.16,55.706,-60.04
-0.521,0.029,-0.68,-14.771,-3.174,-1.648,178.0,55.948,-59.172
-0.485,0.061,-0.747,-7.935,0.854,6.958,177.665,55.882,-59.172
-0.713,0.164,-1.05,-4.395,-4.272,10.498,177.116,56.168,-59.755
-0.752,0.164,-1.379,-3.662,16.846,8.362,176.83,55.651,-60.26
-0.598,0.207,-1.361,5.005,39.49,7.874,176.501,54.459,-60.87
-0.275,0.216,-1.175,-6.836,14.954,3.723,176.347,52.762,-61.051
-0.526,0.221,-1.004,-1.953,-17.639,-7.446,176.045,53.124,-61.122
-0.486,0.176,-0.771,-3.967,-0.854,-9.521,176.034,53.476,-60.787
-0.427,0.191,-0.656,-2.38,-0.671,-4.639,175.847,53.487,-60.705
-0.332,0.174,-0.595,3.235,9.033,2.197,175.776,53.256,-60.914
-0.208,0.188,-0.54,0.488,1.038,17.7,175.375,52.861,-61.875
-0.376,0.242,-0.658,7.874,-5.92,21.423,174.71,52.938,-63.501
-0.312,0.247,-0.693,9.399,-7.568,22.034,174.331,52.877,-65.116
-0.496,0.212,-0.918,17.395,-10.864,15.991,174.089,53.223,-66.791
-0.791,0.162,-1.121,12.939,-23.071,14.954,174.166,53.882,-68.044
-0.541,-0.004,-0.995,20.081,14.343,1.221,174.573,54.289,-68.873
-0.75,-0.049,-1.14,2.869,-9.216,-11.475,175.518,53.817,-68.297
-0.587,-0.073,-1.173,12.695,32.104,-13.855,176.391,53.586,-67.407
-0.272,-0.094,-0.91,-1.038,11.536,-0.183,177.215,52.295,-66.522
-0.394,0.033,-0.768,-9.277,-22.583,15.381,176.841,52.548,-66.736
-0.532,0.113,-0.705,-2.075,-14.648,8.728,176.325,53.454,-67.319
-0.507,0.065,-0.658,8.301,-4.089,-1.953,176.528,53.866,-67.423
-0.342,-0.072,-0.589,8.301,3.784,-19.531,177.49,53.904,-66.61
-0.414,-0.085,-0.633,-3.296,-1.587,-20.142,178.253,54.146,-65.281
-0.376,-0.112,-0.693,-7.874,3.54,-28.748,178.918,54.124,-63.611
-0.433,-0.077,-0.733,-14.038,-3.296,-25.94,179.363,54.366,-61.721
-0.361,-0.061,-0.727,-12.451,-6.958,-20.996,179.621,54.646,-60.161
-0.593,0.017,-0.861,-13.306,-23.193,-15.137,179.632,55.607,-58.975
-0.491,0.063,-0.884,-7.996,-5.31,-9.033,179.648,56.305,-58.195
-1.144,0.232,-1.225,-11.719,-23.254,-2.441,179.231,57.343,-57.969
-0.612,0.191,-1.083,-4.7,61.218,12.512,178.885,56.234,-58.25
-0.23,0.25,-1.038,1.282,21.423,5.554,178.209,53.899,-59.128
-0.442,0.058,-0.915,8.606,-18.494,-26.611,178.879,53.954,-58.519
-0.527,0.084,-0.803,-2.747,3.662,-6.653,179.335,54.465,-57.678
-0.388,0.099,-0.692,1.831,5.92,0.732,179.264,54.053,-57.739
-0.262,0.099,-0.605,1.831,-1.038,8.789,179.143,53.828,-58.151
-0.333,0.117,-0.596,0.671,-14.16,14.893,178.682,54.201,-59.112
-0.414,0.192,-0.683,1.465,-2.991,17.09,178.055,54.465,-60.309
-0.431,0.204,-0.731,6.775,-1.526,21.484,177.534,54.448,-61.754
-0.347,0.174,-0.758,13.123,0.549,17.395,177.231,54.294,-63.298
-0.328,0.076,-0.809,9.583,-22.766,8.118,177.259,54.723,-64.303
-0.963,0.058,-1.125,8.423,-34.607,2.441,177.149,56.448,-65.039
-0.45,-0.104,-0.856,-2.502,4.395,-4.395,177.583,56.574,-64.825
-1.056,0.126,-0.972,-8.606,-56.213,9.705,176.781,58.513,-65.286
-0.85,0.054,-1.023,18.311,61.951,4.028,177.1,58.024,-65.671
-0.172,-0.105,-0.82,9.033,27.283,2.747,178.149,55.393,-65.402
-0.302,-0.05,-0.733,-11.78,-20.813,6.531,178.05,55.344,-65.49
-0.472,0.046,-0.631,-12.756,-26.367,3.357,177.336,56.503,-65.654
-0.537,0.042,-0.596,-7.385,-24.963,-5.615,176.907,57.816,-65.599
-0.636,-0.008,-0.725,4.15,5.981,-18.494,177.33,58.458,-64.874
-0.37,-0.105,-0.582,0.366,10.742,-23.987,178.418,58.035,-63.397
-0.404,-0.118,-0.613,-15.991,-9.766,-14.343,178.967,58.167,-61.974
-0.534,0.015,-0.698,-19.043,-7.935,-7.812,178.539,58.771,-61.172
-0.623,0.048,-0.828,-13.733,3.906,-3.174,178.16,58.997,-60.656
-0.711,0.143,-1.023,-9.766,8.972,1.099,177.77,58.623,-60.546
-0.841,0.294,-1.188,4.883,16.052,6.958,177.44,58.112,-60.947
-0.581,0.136,-1.136,12.512,27.527,4.456,177.869,56.931,-61.337
-0.551,0.133,-1.191,5.859,16.907,-2.075,178.132,55.838,-61.54
-0.447,0.084,-1.003,-5.737,6.226,-9.827,178.303,55.19,-61.122
-0.486,0.155,-0.871,-13.672,1.343,-8.606,177.88,55.091,-60.699
-0.333,0.146,-0.662,-12.451,-2.014,-14.404,177.534,54.943,-60.095
-0.431,0.17,-0.627,-8.24,-8.85,-5.92,177.138,55.36,-59.782
-0.293,0.17,-0.563,-1.404,4.761,5.737,176.748,55.217,-60.167
-0.418,0.239,-0.693,6.409,-1.77,14.771,176.215,55.19,-61.243
-0.417,0.201,-0.718,13.977,-1.77,16.724,176.028,55.031,-62.639
-0.392,0.157,-0.719,15.381,-8.484,18.127,175.979,55.234,-64.127
-0.403,0.144,-0.731,14.343,-20.508,15.503,175.891,55.789,-65.605
-0.779,0.093,-1.024,19.531,-16.235,13.55,175.995,56.739,-66.885
-0.548,-0.034,-0.889,14.16,-4.395,11.658,176.424,57.014,-67.714
-1.099,0.033,-1.244,5.066,-29.114,22.461,176.385,57.563,-68.676
-0.78,0.005,-1.151,22.522,43.945,21.24,176.6,57.233,-69.774
-0.304,-0.103,-0.886,17.395,33.325,29.785,177.188,54.866,-70.779
-0.364,-0.029,-0.792,-2.197,-11.536,35.156,176.644,54.487,-72.372
-0.44,0.096,-0.657,1.404,-12.756,28.137,175.787,55.08,-73.883
-0.515,0.046,-0.688,10.559,-12.146,21.362,175.616,55.47,-75.026
-0.465,-0.076,-0.688,18.982,5.371,12.634,175.935,55.618,-75.811
-0.341,-0.104,-0.757,1.953,7.141,25.208,176.353,55.014,-76.251
-0.437,0.186,-0.741,-2.38,-32.898,43.396,174.996,55.657,-78.305
-0.528,-0.028,-0.662,24.109,-17.456,-3.235,175.32,56.953,-79.305
-0.469,-0.087,-0.59,11.047,-22.705,1.16,176.364,57.991,-78.981
-0.587,0.013,-0.764,-3.601,-13.977,8.85,176.402,58.964,-79.151
-0.82,0.18,-1.041,-3.357,-0.61,10.864,176.028,59.474,-79.398
-0.604,0.214,-1.219,2.625,10.62,16.235,175.737,58.782,-79.98
-0.78,0.286,-1.156,19.226,-2.869,21.606,175.254,59.09,-81.332
-0.553,0.154,-0.941,18.677,6.836,25.757,175.567,58.37,-82.606
-0.694,0.12,-0.949,22.705,1.587,23.376,175.534,58.359,-84.265
-0.438,0.05,-0.711,18.005,7.08,23.926,175.836,57.788,-85.413
-0.474,0.086,-0.66,15.137,-12.024,41.321,175.518,57.799,-87.259
-0.413,0.165,-0.572,20.081,-7.812,59.021,174.611,57.969,-90.302
-0.486,0.23,-0.589,30.701,-10.925,70.557,173.589,58.052,-94.268
-0.396,0.208,-0.566,37.292,-4.272,69.946,172.875,57.755,-98.514
-0.618,0.279,-0.765,46.021,-4.761,69.275,172.386,57.689,-102.761
-0.348,0.149,-0.656,48.828,-5.798,66.772,172.595,57.047,-106.694
-0.669,0.185,-0.846,46.936,-26.794,59.448,172.452,57.788,-110.687
-0.841,0.114,-1.061,42.48,-3.174,49.072,172.82,58.008,-113.67
-0.918,0.026,-0.955,44.495,-19.409,56.335,173.21,58.195,-116.433
-0.926,-0.1,-0.952,46.875,11.108,40.405,173.875,58.447,-118.872
-0.644,-0.202,-0.914,41.199,40.649,39.307,175.172,56.898,-120.114
-0.423,-0.125,-0.838,24.841,31.555,62.256,175.638,55.036,-121.888
-0.386,0.001,-0.739,23.438,7.69,70.435,175.221,53.839,-124.651
-0.482,0.003,-0.721,30.579,-3.784,57.678,175.034,53.586,-127.408
-0.513,-0.094,-0.717,30.518,-10.254,46.936,175.419,53.762,-129.43
-0.545,-0.152,-0.799,26.367,-6.226,41.321,175.814,54.212,-131.034
-0.475,-0.138,-0.923,21.912,3.296,50.964,176.05,54.283,-132.539
-0.403,-0.069,-0.929,9.766,-30.212,62.988,175.474,54.706,-134.879
-0.864,0.123,-0.983,5.676,-46.692,59.631,174.062,56.695,-137.774
-0.567,0.124,-0.822,15.076,-6.226,56.213,173.035,57.371,-140.405
-0.367,0.164,-0.797,14.526,3.418,53.833,172.266,56.843,-142.822
-0.51,0.231,-0.816,15.32,-6.897,44.739,171.48,56.613,-145.195
-0.502,0.165,-0.842,19.043,15.564,21.179,171.579,55.953,-146.349
-0.464,0.153,-0.852,21.729,16.785,20.752,172.079,54.97,-146.849
-0.355,0.09,-0.785,23.071,17.212,32.166,172.595,53.8,-147.744
-0.417,0.18,-0.774,21.545,-6.714,50.171,172.496,53.179,-149.705
-0.482,0.182,-0.788,24.902,0.061,50.476,172.299,52.96,-152.221
-0.464,0.204,-0.801,30.151,6.165,51.819,172.26,52.388,-154.633
-0.392,0.198,-0.846,29.724,2.441,59.998,172.321,51.57,-157.236
-0.423,0.186,-0.918,31.128,-1.16,61.462,172.244,51.075,-160.285
-0.447,0.16,-1.037,28.625,-11.23,56.58,172.282,50.696,-163.147
-0.482,0.188,-0.965,23.621,-16.357,62.134,171.958,50.96,-166.256
-0.696,0.191,-0.979,23.071,-20.569,59.143,171.524,51.405,-169.266
-0.409,0.064,-0.803,34.119,-2.136,57.312,171.557,51.262,-171.974
-0.324,0.011,-0.681,42.114,-25.024,64.331,172.029,51.427,-174.869
-0.662,0.003,-0.746,47.485,-33.875,72.815,172.375,52.646,-178.473
-0.693,-0.128,-0.81,43.152,19.653,65.674,173.029,52.344,178.495
-0.392,-0.087,-0.814,30.457,35.645,48.767,173.672,50.641,176.819
-0.311,-0.069,-0.839,27.283,9.46,48.706,174.353,49.438,175.375
-0.383,-0.065,-0.825,24.658,-3.784,51.697,174.787,49.29,173.408
-0.473,-0.008,-0.781,20.508,-19.775,60.303,174.853,49.68,170.931
-0.474,-0.042,-0.767,29.236,-7.996,45.41,175.084,50.202,168.651
-0.554,-0.084,-0.857,20.569,-16.602,34.729,175.666,50.707,167.327
-0.528,-0.137,-0.839,11.414,-10.437,29.541,176.012,51.361,166.306
-0.635,0.011,-0.928,-4.211,-20.447,33.875,175.523,52.196,165.19
-0.662,0.068,-0.993,-3.906,0.244,16.113,174.924,52.822,164.504
-0.359,0.108,-0.876,-10.803,15.93,15.198,174.391,52.449,164.427
-0.262,0.252,-0.926,-19.958,-0.061,25.696,173.26,51.702,163.806
-0.421,0.285,-0.967,2.38,-2.93,8.179,172.299,51.795,162.817
-0.379,0.155,-0.905,6.836,11.292,-2.136,172.579,51.35,162.966
-0.313,0.08,-0.909,8.301,11.108,-2.563,173.068,50.68,163.284
-0.279,0.073,-0.848,5.737,4.028,1.404,173.491,50.202,163.455
-0.333,0.137,-0.827,4.089,-2.686,15.869,173.502,49.993,162.922
-0.287,0.133,-0.806,10.071,0.793,21.851,173.474,49.708,161.889
-0.222,0.14,-0.738,11.353,-0.366,25.085,173.447,49.389,160.593
-0.266,0.158,-0.785,10.803,0.305,26.428,173.414,49.01,159.186
-0.207,0.171,-0.808,10.376,-7.385,25.818,173.337,48.752,157.703
-0.24,0.156,-0.818,9.399,-19.165,22.522,173.221,48.994,156.231
-0.275,0.108,-0.765,-3.296,-37.781,18.066,172.782,50.004,154.737
-0.365,0.165,-0.693,-18.738,-48.34,6.47,171.672,51.817,153.578
-0.587,0.266,-0.864,-21.118,-56.458,8.667,170.283,54.036,152.776
-0.883,0.346,-1.018,-6.042,-43.945,16.907,168.69,56.404,151.479
-1.059,0.303,-1.113,0.427,-47.119,19.226,167.728,58.167,150.293
-0.907,0.229,-0.979,24.841,4.883,11.841,167.393,59.42,149.277
-0.525,0.06,-0.79,31.433,26.367,1.404,168.992,58.282,149.941
-0.508,0.021,-0.838,18.188,12.939,12.085,170.178,57.563,150.227
-0.442,0.05,-0.809,5.31,12.146,13.855,170.601,56.744,150.04
-0.439,0.108,-0.769,0.854,-3.723,3.601,170.579,56.552,149.804
-0.492,0.044,-0.746,3.296,-2.136,-17.334,171.151,56.799,150.513
-0.491,0.014,-0.714,0.732,2.197,-23.376,172.073,57.068,152.029
-0.48,-0.029,-0.704,-4.944,4.517,-23.132,172.952,57.085,153.732
-0.483,0.036,-0.73,-9.888,7.446,-14.099,173.375,56.97,155.165
-0.405,0.053,-0.711,-8.301,4.456,-7.385,173.43,56.799,156.033
-0.386,0.068,-0.635,-13.489,-17.09,-0.793,173.15,57.151,156.412
-0.492,0.12,-0.657,-15.686,-24.536,-2.319,172.447,58.282,156.429
-0.76,0.182,-0.84,-14.099,-25.208,-10.254,171.865,59.546,156.868
-0.683,0.223,-0.834,-0.671,12.39,-6.042,171.678,60.227,157.67
-0.878,0.307,-0.89,-1.038,-15.991,12.695,171.557,59.914,157.912
-0.88,0.312,-1.084,10.559,27.405,16.541,171.167,60.046,157.231
-0.489,0.264,-0.976,17.029,40.283,-1.221,171.722,57.859,157.467
-0.446,0.099,-0.878,13.977,13.306,-27.71,173.156,56.799,158.873
-0.513,0.1,-0.83,-3.296,9.521,-18.677,174.106,56.437,160.521
-0.487,0.113,-0.772,-9.705,4.456,-13.977,174.221,56.14,161.559
-0.483,0.196,-0.726,-7.935,5.005,-3.052,174.007,56.036,162.296
-0.346,0.194,-0.623,1.953,5.92,9.399,173.694,55.662,162.18
-0.339,0.211,-0.617,8.423,-2.075,19.592,173.375,55.508,161.417
-0.397,0.2,-0.712,13.184,-1.404,22.827,173.123,55.289,160.175
-0.436,0.179,-0.772,16.663,10.376,20.325,173.112,54.899,159.055
-0.292,0.144,-0.72,11.597,-2.625,16.052,173.172,54.388,158.143
-0.444,0.16,-0.729,1.465,-28.076,16.479,172.776,55.173,157.033
-0.77,0.222,-0.958,0.854,-19.47,13.611,172.134,56.19,155.989
-0.546,0.151,-0.895,5.188,-2.686,6.287,171.892,56.558,155.506
-1.042,0.199,-1.111,7.568,-9.033,2.319,171.931,56.997,155.374
-0.564,0.016,-0.988,27.161,47.729,-15.198,173.243,55.915,156.198
-0.308,-0.093,-0.908,4.7,13.733,2.869,174.721,54.366,157.319
-0.497,0.076,-0.869,-6.958,-6.714,28.015,174.089,54.229,156.237
-0.434,0.104,-0.75,-5.188,-2.625,16.968,173.337,54.196,154.984
-0.557,0.142,-0.762,-0.61,-7.751,10.498,172.842,54.437,154.221
-0.426,0.057,-0.671,4.883,7.751,-5.615,173.002,54.437,154.215
-0.405,0.038,-0.685,3.052,8.362,-12.329,173.589,54.196,154.929
-0.395,-0.01,-0.693,-0.549,2.38,-23.926,174.315,54.069,156.094
-0.357,-0.006,-0.634,-7.568,-7.751,-23.865,174.935,54.41,157.582
-0.473,0.012,-0.688,-8.118,-12.695,-20.935,175.259,55.228,158.791
-0.442,0.034,-0.696,-8.423,-7.202,-15.869,175.518,55.827,159.955
-0.57,0.075,-0.868,-8.789,-7.507,-6.165,175.507,56.299,160.609
-0.634,0.138,-1.007,-5.981,-0.977,-4.028,175.38,56.552,160.999
-0.716,0.19,-1.232,-11.414,-7.69,2.991,175.089,56.624,161.158
-0.734,0.272,-1.144,0.61,9.338,1.953,174.518,56.799,160.9
-0.556,0.228,-1.08,0.0,19.348,-3.235,174.699,55.811,161.345
-0.524,0.161,-0.986,7.446,7.874,-12.634,175.084,55.267,161.834
-0.462,0.095,-0.871,1.648,7.202,-15.198,175.71,54.921,162.708
-0.398,0.09,-0.747,-8.911,-6.653,-8.728,175.858,54.893,163.411
-0.304,0.134,-0.606,-14.16,-12.451,1.648,175.287,55.338,163.482
-0.38,0.239,-0.585,-14.465,-25.269,15.93,174.106,56.14,162.768
-0.403,0.296,-0.595,-3.723,-16.235,25.146,172.727,56.887,161.323
-0.509,0.325,-0.665,10.986,-8.789,24.78,171.683,57.294,159.615
-0.457,0.235,-0.693,16.235,-1.892,13.306,171.546,57.222,158.571
-0.46,0.203,-0.772,14.465,-7.507,2.747,171.689,57.36,158.038
-0.744,0.161,-0.939,7.08,-19.958,-3.845,172.007,58.244,158.088
-0.655,0.102,-0.873,5.92,3.845,-3.357,172.227,58.634,158.318
-0.926,0.137,-0.942,-6.836,-33.081,1.282,172.128,59.255,158.483
-0.854,0.172,-0.997,15.442,36.255,2.014,172.167,59.343,158.478
-0.36,0.003,-0.818,15.564,45.044,1.953,173.441,56.882,159.357
-0.407,0.075,-0.865,7.69,14.221,25.208,173.578,55.717,158.681
-0.404,0.066,-0.787,11.23,6.958,25.94,173.474,54.937,157.209
-0.458,0.091,-0.768,14.038,4.578,21.362,173.447,54.602,155.775
-0.442,0.026,-0.758,17.639,3.418,6.958,174.029,54.207,155.001
-0.402,0.002,-0.697,21.301,8.545,0.305,174.952,53.981,154.786
-0.495,-0.078,-0.779,14.648,2.991,-2.38,176.193,53.635,154.962
-0.347,-0.087,-0.679,8.301,8.789,1.953,176.973,53.344,154.951
-0.429,-0.055,-0.67,-3.662,-11.169,5.066,177.248,53.416,154.655
-0.44,0.024,-0.664,-7.446,-4.761,9.155,176.968,53.855,154.188
-0.409,0.083,-0.698,-7.69,-7.935,11.292,176.451,54.168,153.616
-0.471,0.104,-0.826,-5.981,-8.789,9.338,175.946,54.52,153.062
-0.534,0.132,-0.91,-3.967,-10.62,3.601,175.501,55.036,152.65
-0.854,0.229,-1.274,-10.315,-3.418,13.245,174.93,55.377,152.314
-0.789,0.319,-1.234,11.108,35.156,14.648,174.337,54.624,151.644
-0.41,0.198,-1.163,13.855,38.94,7.751,174.924,52.35,151.738
-0.394,0.144,-1.057,10.437,13.794,-2.808,175.364,51.273,151.727
-0.342,0.067,-0.861,-2.625,-1.892,-12.085,175.743,51.064,152.276
-0.412,0.097,-0.768,-10.681,-10.254,-5.981,175.468,51.454,152.562
-0.333,0.134,-0.636,-11.108,0.61,3.784,174.891,51.608,152.545
-0.297,0.239,-0.585,-8.057,-6.653,26.062,173.958,51.542,151.727
-0.353,0.316,-0.618,4.761,-0.793,34.607,172.908,51.471,150.051
-0.381,0.297,-0.718,22.217,10.62,27.527,172.507,50.949,148.48
-0.265,0.19,-0.7,20.325,1.892,13.611,172.875,50.361,147.64
-0.268,0.137,-0.72,8.728,-15.259,2.991,173.139,50.526,147.195
-0.767,0.166,-1.029,2.38,-21.24,-3.601,173.134,51.636,147.085
-0.583,0.107,-1.019,4.333,13.062,-8.301,173.364,51.674,147.601
-0.769,0.138,-1.028,-2.991,-4.822,-1.099,173.529,51.636,148.222
-0.663,0.061,-1.184,25.452,51.27,-14.099,174.413,50.696,149.134
-0.168,-0.103,-1.062,22.095,46.021,-0.916,176.094,48.23,150.205
-0.146,-0.058,-0.924,0.183,1.343,19.653,176.44,47.104,149.387
-0.288,0.027,-0.779,-7.141,-20.569,14.587,175.995,47.56,147.953
-0.446,0.111,-0.735,-4.15,-26.245,6.104,175.523,48.653,146.959
-0.478,0.056,-0.712,7.812,-1.77,-7.629,175.803,49.279,146.981
-0.418,-0.056,-0.735,10.193,4.517,-20.935,176.792,49.268,148.079
-0.389,-0.109,-0.719,4.211,5.31,-22.705,177.803,49.235,149.562
-0.366,-0.096,-0.717,-6.47,3.174,-6.897,178.303,49.169,150.551
-0.306,-0.015,-0.757,-10.803,1.16,-1.526,178.138,49.07,150.661
-0.208,0.017,-0.72,-10.559,-5.859,2.258,177.83,49.18,150.65
-0.33,0.062,-0.81,-12.39,-36.621,14.709,177.177,50.026,149.87
-0.774,0.192,-0.983,-8.24,-36.377,21.912,176.094,51.987,148.486
-0.727,0.198,-1.186,0.549,5.798,25.208,175.474,52.372,147.508
-0.697,0.274,-1.207,11.475,28.137,32.654,174.831,51.806,146.255
-0.307,0.22,-1.212,10.925,41.443,25.024,174.798,49.587,145.382
-0.247,0.167,-1.101,8.606,4.517,12.146,174.836,48.334,144.575
-0.312,0.126,-0.896,-4.456,-12.085,5.554,174.705,48.433,144.042
-0.443,0.194,-0.79,-11.78,-16.357,10.132,173.93,49.076,143.394
-0.329,0.231,-0.672,-5.554,0.549,16.785,173.106,49.191,142.652
-0.238,0.25,-0.644,-1.648,-3.052,29.358,172.299,48.939,141.471
-0.267,0.279,-0.659,5.615,0.916,38.147,171.398,48.675,139.587
-0.201,0.289,-0.698,9.155,-1.526,30.884,170.821,48.142,137.84
-0.205,0.29,-0.712,16.968,-16.724,16.968,170.739,48.257,136.566
-0.298,0.18,-0.752,18.188,-23.315,3.418,171.112,49.037,135.835
-0.606,0.158,-1.046,4.7,-31.555,-7.08,171.458,50.24,135.758
-0.615,0.08,-1.081,-1.892,-2.136,-20.691,171.678,51.103,136.346
-0.89,0.201,-1.117,-12.756,-10.376,-15.381,171.7,51.784,137.466
-0.404,0.06,-0.991,14.282,32.898,-30.518,172.595,51.141,139.043
-0.265,0.012,-0.947,4.211,-3.54,-10.193,173.853,50.669,140.493
-0.379,0.084,-0.846,-1.343,-14.832,13.367,173.837,51.059,139.916
-0.392,0.137,-0.774,0.0,-13.855,-1.221,173.622,51.608,139.164
-0.504,0.117,-0.777,2.869,-21.484,-16.113,173.947,52.504,139.444
-0.466,0.023,-0.696,6.104,-13.916,-34.79,174.82,53.514,140.702
-0.595,-0.028,-0.729,1.892,-20.691,-44.8,176.177,54.668,143.031
-0.666,-0.121,-0.805,4.15,2.075,-44.434,177.792,55.47,145.865
-0.486,-0.098,-0.697,-6.897,-0.061,-26.794,178.863,55.525,148.2
-0.511,-0.045,-0.71,-5.92,7.019,-16.479,179.308,55.717,149.678
-0.349,-0.041,-0.652,-10.193,11.658,-8.118,179.473,55.294,150.661
-0.307,0.03,-0.614,-18.25,-3.357,3.296,178.907,55.201,150.782
-0.392,0.051,-0.65,-17.944,-5.554,-4.211,178.121,55.552,150.798
-0.446,0.079,-0.831,-16.907,-4.333,-11.963,177.698,55.684,151.441
-0.626,0.146,-0.938,-10.559,-12.695,-5.676,177.204,56.398,151.908
-0.953,0.328,-1.132,-16.479,-19.958,20.813,176.221,56.904,151.584
-0.715,0.273,-1.088,7.935,27.283,12.512,175.391,56.799,150.743
-0.637,0.27,-1.102,11.841,10.803,3.845,175.496,55.739,150.694
-0.446,0.109,-0.955,15.808,25.818,-10.864,176.281,54.844,151.26
-0.262,0.017,-0.718,0.244,-4.272,-5.432,176.957,54.25,151.99
-0.417,0.108,-0.644,-9.155,-23.621,5.188,176.512,54.981,151.793
-0.407,0.172,-0.611,-3.174,-4.333,13.367,175.77,55.662,151.172
-0.411,0.195,-0.685,14.099,17.7,20.081,175.38,55.223,150.298
-0.204,0.102,-0.701,19.897,13.55,18.433,175.671,54.086,149.376
-0.288,0.086,-0.77,7.629,-16.418,30.334,175.507,54.108,147.788
-0.712,0.183,-0.94,4.333,-38.269,35.156,174.512,55.217,145.338
-0.563,0.05,-0.824,16.968,-11.902,16.541,174.331,56.124,143.756
-1.018,0.127,-0.973,10.559,-28.015,20.752,174.293,57.233,142.696
-0.741,-0.003,-0.951,27.588,39.856,6.592,175.133,56.47,142.328
-0.565,-0.038,-1.039,20.63,28.015,7.69,176.418,54.877,142.548
-0.381,-0.068,-0.876,19.714,23.926,11.719,177.292,53.597,141.899
-0.375,-0.04,-0.764,5.371,-7.568,11.658,177.852,53.097,141.037
-0.424,-0.021,-0.66,8.545,-10.925,9.949,177.957,53.657,139.856
-0.506,-0.047,-0.712,1.892,-13.855,2.686,178.314,54.113,139.098
-0.579,-0.061,-0.747,0.61,-10.62,-4.272,178.544,54.827,138.724
-0.581,-0.044,-0.739,-2.319,-4.7,-7.263,178.879,55.404,138.884
-0.564,-0.006,-0.794,3.174,19.165,4.944,179.154,55.25,138.928
-0.317,-0.02,-0.768,3.906,20.081,17.334,179.253,54.212,138.224
-0.201,0.01,-0.713,-3.174,-4.761,20.386,178.879,53.773,136.714
-0.351,0.065,-0.731,-12.146,-35.095,6.531,178.121,54.575,135.236
-0.855,0.137,-0.945,-5.92,-38.818,-15.808,177.786,56.64,135.044
-0.789,0.087,-0.998,-3.784,-8.667,-19.348,178.297,57.612,136.137
-0.861,0.181,-1.031,-3.052,-3.662,-0.183,178.226,58.118,136.626
-0.664,0.151,-0.917,-0.427,18.372,10.132,177.962,57.695,136.522
-0.508,0.183,-0.875,1.831,21.362,20.569,177.352,56.635,135.753
-0.321,0.088,-0.727,7.629,7.69,8.789,177.182,55.904,135.06
-0.383,0.096,-0.618,0.122,-12.512,15.564,176.858,56.135,134.258
-0.393,0.159,-0.591,0.0,-2.686,32.41,175.941,56.387,132.621
-0.418,0.237,-0.657,7.812,-6.348,43.762,174.787,56.206,130.243
-0.464,0.322,-0.734,23.499,-2.319,50.049,173.76,56.135,127.408
-0.388,0.172,-0.714,33.936,-8.972,37.598,173.677,55.975,124.865
-0.875,0.152,-1.046,24.78,-19.958,28.076,173.903,56.459,122.816
-0.731,-0.014,-1.114,15.32,18.066,5.188,174.386,56.245,121.674
-0.787,0.045,-1.147,-5.615,-5.554,3.723,174.534,55.986,121.113
-0.612,-0.005,-1.0,2.93,20.081,6.409,174.562,55.607,120.383
-0.482,0.088,-0.874,8.24,4.517,37.781,174.397,54.932,118.63
-0.524,0.158,-0.827,33.142,6.348,74.402,173.875,54.305,114.681
-0.429,0.072,-0.741,51.575,9.094,84.351,174.04,53.295,109.572
-0.461,0.019,-0.694,56.519,-13.733,76.66,174.661,52.982,104.266
-0.596,-0.087,-0.7,50.11,-20.142,52.795,175.721,53.635,99.679
-0.619,-0.158,-0.721,44.495,-6.104,31.372,177.155,54.174,96.075
-0.602,-0.218,-0.795,32.532,2.747,24.475,178.698,54.13,93.076
-0.646,-0.175,-0.899,16.907,-0.488,26.123,179.577,54.053,90.126
-0.794,-0.1,-1.137,7.69,3.54,28.809,179.819,53.871,87.116
-0.5,-0.037,-0.952,7.324,24.353,30.334,179.67,53.273,84.122
-0.099,0.129,-0.843,-1.343,10.315,44.922,178.89,51.883,80.876
-0.356,0.128,-0.854,12.695,-23.01,36.072,178.231,52.075,77.849
-0.548,0.134,-0.937,15.076,5.493,39.734,177.902,52.438,75.103
-0.384,0.128,-0.888,19.592,12.878,39.062,177.715,51.586,72.318
-0.316,0.092,-0.813,22.278,3.662,42.297,177.753,50.9,69.626
-0.41,0.136,-0.788,18.86,-8.606,52.124,177.495,50.845,66.44
-0.449,0.151,-0.8,21.545,-3.967,52.673,177.138,50.878,62.968
-0.436,0.168,-0.822,24.597,-1.892,56.458,176.819,50.784,59.299
-0.442,0.17,-0.926,24.536,-5.92,63.11,176.495,50.652,55.388
-0.526,0.205,-0.978,25.879,-8.118,68.665,175.93,50.746,50.96
-0.658,0.193,-1.037,28.381,-14.465,69.397,175.446,50.966,46.412
-0.604,0.106,-0.979,38.086,8.423,69.397,175.298,50.817,41.682
-0.295,-0.093,-0.796,49.988,15.32,61.523,176.1,49.763,37.463
-0.261,-0.188,-0.743,34.485,-17.761,83.862,176.682,49.444,32.855
-0.632,-0.064,-0.821,41.321,-27.527,91.248,176.506,50.46,27.131
-0.559,-0.122,-0.821,55.054,24.902,98.267,177.078,49.834,21.297
-0.354,-0.166,-0.858,51.025,15.564,101.868,177.885,48.329,15.238
-0.328,-0.138,-0.831,39.917,-2.563,93.14,178.434,47.692,9.509
-0.481,-0.072,-0.815,33.752,-18.066,81.909,178.693,48.038,4.356
-0.521,-0.106,-0.789,34.424,-7.08,64.941,179.072,48.593,-0.071
-0.481,-0.195,-0.84,24.353,-5.676,49.377,179.692,48.768,-3.521
-0.545,-0.149,-0.921,16.663,-1.709,35.095,179.973,49.125,-6.262
-0.494,-0.167,-1.114,-2.075,-1.221,22.583,-179.731,49.021,-7.993
-0.535,0.087,-1.024,-6.653,10.437,20.691,179.467,49.307,-9.619
-0.101,0.042,-0.914,-18.555,31.25,28.809,178.874,47.741,-10.915
-0.214,0.336,-0.918,-13.367,-20.325,43.152,176.99,47.582,-13.403
-0.433,0.15,-0.951,17.212,1.831,11.414,176.902,47.867,-14.881
-0.269,0.066,-0.914,19.775,8.789,13.0,177.484,47.263,-15.787
-0.277,0.008,-0.874,7.446,-7.141,24.292,177.803,47.071,-16.946
-0.365,0.134,-0.818,4.517,-13.611,37.354,177.275,47.433,-18.951
-0.346,0.175,-0.766,6.775,-14.465,40.833,176.671,47.807,-21.418
-0.428,0.209,-0.797,11.23,-14.465,38.452,176.105,48.428,-24.016
-0.336,0.192,-0.875,18.005,5.737,34.607,176.006,48.235,-26.356
-0.33,0.206,-0.981,20.874,-10.803,39.429,175.99,48.126,-28.784
-0.53,0.188,-1.126,17.029,-27.588,44.006,175.902,48.719,-31.421
-0.653,0.159,-1.13,22.095,-18.738,46.875,175.468,49.746,-34.568
-0.397,0.026,-0.896,29.785,-3.052,38.147,175.633,49.982,-37.326
-0.354,-0.125,-0.808,30.762,-24.475,33.386,176.435,50.29,-39.441
-0.567,-0.099,-0.798,28.564,-23.804,38.635,176.99,51.597,-41.627
-0.567,-0.106,-0.858,31.067,13.428,42.053,177.627,51.702,-43.907
-0.352,-0.126,-0.865,31.494,30.823,37.964,178.478,50.438,-45.983
-0.195,-0.165,-0.86,24.048,21.667,30.518,179.434,48.994,-47.565
-0.229,-0.128,-0.826,7.446,-5.92,29.297,179.83,48.593,-48.785
-0.389,-0.063,-0.82,4.944,-3.54,19.653,179.819,48.856,-49.785
-0.28,-0.09,-0.796,2.869,2.625,2.808,-179.863,48.604,-49.96
-0.318,-0.127,-0.761,-0.122,-1.099,-11.292,-179.407,48.604,-49.367
-0.271,-0.124,-0.64,-12.39,-12.878,-14.343,-179.149,48.878,-48.301
-0.385,-0.078,-0.643,-17.456,-20.264,-15.015,-179.324,49.834,-47.263
-0.315,-0.062,-0.596,-21.973,-20.142,-18.921,-179.643,50.828,-46.198
-0.538,0.034,-0.82,-26.489,-27.1,-25.391,179.956,52.152,-44.808
-0.645,0.161,-0.928,-17.456,-17.273,-28.076,179.637,53.405,-43.407
-0.791,0.303,-1.147,-4.456,19.165,-14.587,179.577,53.63,-42.484
-0.476,0.158,-1.232,9.155,46.204,-13.062,-179.747,51.883,-41.935
-0.191,0.197,-1.14,6.836,21.362,2.502,-179.473,50.004,-42.028
-0.329,0.103,-0.942,4.822,-16.846,-9.216,-179.28,49.867,-42.16
-0.428,0.077,-0.775,-2.502,-18.799,-16.907,-179.105,50.729,-41.638
-0.393,0.075,-0.675,-6.592,-9.46,-10.193,-179.171,51.394,-41.155
-0.35,0.109,-0.635,-8.484,-5.615,3.662,-179.632,51.658,-41.287
-0.263,0.148,-0.618,-6.042,-3.479,19.104,179.544,51.833,-42.297
-0.371,0.223,-0.696,-1.526,-15.137,33.569,178.352,52.229,-44.341
-0.332,0.185,-0.69,6.592,-11.719,30.762,177.429,52.652,-46.725
-0.414,0.176,-0.789,9.521,-17.09,25.94,176.699,53.328,-48.928
-0.643,0.144,-0.958,4.089,-23.56,19.287,176.259,54.064,-50.609
-0.705,0.11,-1.097,5.188,-16.052,9.094,175.913,54.91,-51.839
-0.806,0.125,-1.03,13.0,-4.639,-0.854,176.023,55.607,-52.427
-0.665,-0.101,-1.083,18.25,22.522,-21.057,177.534,54.893,-51.685
-0.452,-0.091,-1.03,-0.549,20.691,-3.052,178.341,53.91,-50.938
-0.413,0.044,-0.95,1.526,13.123,7.935,178.127,53.234,-51.262
-0.371,0.053,-0.818,4.089,-4.456,8.545,178.248,52.817,-51.542
-0.363,0.015,-0.682,6.409,-13.062,6.165,178.319,53.256,-52.07
-0.514,-0.005,-0.665,1.709,-22.644,-9.338,178.605,54.102,-52.015
-0.495,-0.079,-0.69,3.052,5.798,-19.165,179.324,54.63,-51.141
-0.384,-0.107,-0.668,-5.066,3.357,-15.869,179.967,54.349,-50.054
-0.386,-0.047,-0.679,-7.629,7.568,-11.475,-179.83,54.245,-49.18
-0.294,-0.026,-0.642,-8.362,-3.113,-7.935,-179.753,54.091,-48.521
-0.388,-0.015,-0.719,-4.761,-12.085,-12.268,-179.637,54.619,-47.856
-0.599,0.018,-0.828,-8.606,-26.184,-9.399,-179.539,55.563,-47.175
-0.7,0.083,-1.041,-6.653,3.723,-6.653,-179.588,56.261,-46.763
-0.839,0.25,-1.259,-6.836,16.357,10.315,179.863,55.596,-47.137
-0.503,0.137,-1.25,7.507,48.95,-3.723,179.956,53.745,-47.488
-0.276,0.142,-1.101,-0.977,13.428,-7.874,-179.824,52.163,-47.17
-0.428,0.1,-0.892,-2.197,-9.216,-14.16,-179.753,52.262,-46.686
-0.398,0.083,-0.746,-10.62,-10.01,-11.597,-179.857,52.603,-46.071
-0.443,0.124,-0.689,-11.108,-3.54,-1.526,179.566,53.058,-45.95
-0.25,0.146,-0.604,-10.315,10.437,11.353,178.781,52.69,-46.461
-0.299,0.217,-0.624,-4.639,-16.846,20.813,177.72,52.652,-47.708
-0.467,0.238,-0.706,4.089,-19.714,26.123,176.77,53.509,-49.576
-0.482,0.215,-0.75,13.733,-10.925,18.311,176.221,54.157,-51.515
-0.489,0.129,-0.872,16.479,-11.414,3.601,176.418,54.597,-52.69
-0.754,0.03,-1.171,12.085,-10.071,-1.587,176.918,55.393,-53.119
-0.371,-0.048,-0.932,-0.916,3.479,-5.859,177.264,55.344,-53.02
-0.801,0.049,-0.955,-19.897,-46.021,1.16,176.737,56.426,-52.888
-0.638,0.042,-0.852,-6.714,-2.197,-5.066,176.325,57.398,-52.773
-0.621,0.106,-0.85,-4.7,-5.798,14.221,175.946,57.634,-53.064
-0.666,0.134,-0.862,7.812,15.869,28.748,175.347,57.255,-54.536
-0.389,0.077,-0.797,17.517,29.785,24.109,175.413,55.739,-55.953
-0.343,0.009,-0.752,12.634,-5.31,16.479,175.66,55.173,-57.025
-0.415,-0.035,-0.648,3.906,-17.944,-1.099,175.886,55.849,-57.365
-0.6,-0.001,-0.694,-3.296,-22.888,-13.062,176.155,56.997,-56.849
-0.436,-0.074,-0.641,0.488,1.404,-17.151,176.852,57.524,-55.745
-0.405,-0.057,-0.599,-2.258,-33.203,4.395,177.149,58.178,-55.289
-0.638,-0.042,-0.677,-2.563,-13.367,2.808,177.028,59.694,-55.508
-0.507,-0.021,-0.663,-10.742,4.7,-8.484,177.083,59.793,-55.069
-0.549,0.015,-0.826,-17.09,6.836,-16.418,177.182,59.535,-53.976
-0.802,0.178,-1.017,-18.25,-5.981,-11.841,176.83,59.793,-53.02
-0.935,0.252,-1.272,-13.855,24.658,1.038,176.556,59.233,-52.416
-0.595,0.251,-1.164,1.77,40.649,11.047,176.023,57.678,-52.877
-0.469,0.216,-1.059,-1.953,21.423,6.836,175.798,55.986,-53.262
-0.463,0.188,-0.909,-4.7,15.503,2.686,175.408,55.069,-53.542
-0.311,0.162,-0.723,-10.681,10.498,7.996,174.814,54.289,-53.745
-0.324,0.235,-0.658,-13.733,-9.644,19.348,173.562,54.207,-54.695
-0.386,0.285,-0.67,-7.324,-1.526,33.081,172.134,54.207,-56.415
-0.298,0.338,-0.631,2.686,-1.953,50.72,170.552,53.69,-59.222
-0.415,0.386,-0.714,12.817,-9.827,59.57,169.151,53.377,-62.825
-0.409,0.339,-0.721,23.499,-5.859,45.471,168.36,53.009,-66.292
-0.356,0.285,-0.765,21.118,-3.723,22.766,168.289,52.811,-68.516
-0.3,0.199,-0.713,7.568,-20.325,9.766,168.294,53.179,-69.719
-0.798,0.331,-1.042,-3.113,-15.442,4.883,167.651,54.179,-70.615
-0.373,0.251,-0.748,0.854,5.92,-5.798,167.481,54.245,-70.757
-1.064,0.246,-1.066,-5.493,-34.851,-10.864,167.657,55.014,-70.285
-0.686,0.23,-1.043,18.799,50.476,-15.076,168.206,54.915,-69.725
-0.31,0.029,-0.857,18.86,19.897,-28.32,170.134,53.355,-67.901
-0.38,-0.014,-0.791,0.0,2.197,-18.127,171.475,53.135,-66.215
-0.446,0.095,-0.753,-9.155,-6.348,-9.094,171.573,53.405,-65.396
-0.565,0.126,-0.79,-8.118,-3.662,-17.212,171.612,53.806,-64.501
-0.52,0.089,-0.744,-1.404,6.165,-28.809,172.073,54.014,-63.138
-0.563,0.0,-0.815,-1.953,10.498,-42.603,173.271,53.943,-60.782
-0.498,-0.039,-0.792,-8.972,6.775,-34.546,174.298,53.871,-58.337
-0.307,-0.002,-0.571,-14.893,-9.705,-21.118,174.501,54.294,-56.783
-0.494,0.062,-0.663,-15.564,-10.437,-15.076,174.375,55.146,-55.712
-0.526,0.111,-0.74,-11.292,10.437,-10.681,174.183,55.267,-54.976
-0.337,0.094,-0.701,-10.437,18.982,-7.812,174.089,54.564,-54.311
-0.308,0.104,-0.768,-16.724,-10.132,-7.324,173.727,54.366,-53.806
-0.653,0.196,-0.913,-11.963,-20.264,-11.719,173.199,55.47,-53.41
-0.769,0.289,-1.205,-6.775,-6.714,-2.136,172.93,55.992,-53.174
-0.665,0.258,-1.106,8.789,13.184,-5.249,172.958,55.97,-53.273
-0.628,0.261,-1.211,11.719,42.786,-5.066,173.639,54.728,-52.888
-0.27,0.152,-1.066,11.475,32.715,-7.507,174.485,52.608,-52.421
-0.317,0.105,-0.915,-2.38,-3.906,-9.766,174.924,51.91,-51.839
-0.413,0.133,-0.785,-12.268,-13.489,-4.883,174.666,52.328,-51.4
-0.311,0.187,-0.639,-11.963,-8.606,9.094,173.875,52.745,-51.608
-0.347,0.261,-0.62,-7.629,-18.066,23.132,172.749,53.146,-52.778
-0.33,0.265,-0.618,-0.61,-19.287,30.09,171.65,53.674,-54.728
-0.441,0.352,-0.663,3.479,-33.997,37.231,170.277,54.646,-57.502
-0.548,0.29,-0.73,18.555,-12.329,15.564,169.673,55.508,-59.892
-0.375,0.199,-0.703,14.465,-13.733,6.287,170.013,55.833,-60.881
-0.787,0.228,-0.93,11.169,-26.917,8.301,169.926,57.074,-62.095
-0.67,0.119,-0.881,10.681,3.357,-7.446,170.414,57.48,-62.342
-0.86,0.038,-1.135,-0.244,-10.254,-15.015,171.277,57.513,-61.501
-0.764,0.092,-1.105,4.822,28.198,-8.179,171.65,57.464,-60.969
-0.466,0.072,-0.94,0.061,25.146,5.066,172.2,55.975,-60.397
-0.44,0.135,-0.865,2.014,16.541,17.822,172.139,54.866,-60.765
-0.359,0.129,-0.747,8.911,9.338,23.804,171.974,54.014,-61.798
-0.481,0.139,-0.758,11.475,-5.676,21.912,171.881,53.767,-63.083
-0.438,0.038,-0.688,15.259,2.93,5.31,172.26,53.745,-63.869
-0.422,0.011,-0.669,7.751,-2.075,-2.136,172.925,53.729,-63.842
-0.454,-0.009,-0.686,3.845,6.226,-11.414,173.546,53.811,-63.364
-0.45,0.012,-0.706,-3.723,-1.831,-12.817,174.111,53.767,-62.424
-0.394,0.02,-0.688,-2.319,2.625,-5.554,174.37,53.987,-61.787
-0.414,0.07,-0.689,-2.93,-4.822,0.671,174.402,54.179,-61.595
-0.41,0.059,-0.811,-6.531,-8.118,1.648,174.37,54.371,-61.507
-0.701,0.199,-1.06,-6.104,-13.672,-0.061,173.936,55.102,-61.716
-0.426,0.168,-0.77,-11.841,-17.944,-2.808,173.633,55.739,-61.65
-1.109,0.447,-1.104,-13.977,-12.268,14.771,172.31,56.893,-62.534
-0.503,0.22,-1.036,22.949,78.43,-17.517,173.188,54.448,-62.227
-0.191,0.134,-1.115,10.681,28.198,-16.052,174.6,52.174,-60.914
-0.292,0.09,-0.874,3.601,2.319,-11.841,175.188,51.57,-60.293
-0.421,0.125,-0.757,-6.897,-7.935,-12.39,175.281,51.746,-59.678
-0.324,0.137,-0.636,-8.179,-1.709,-10.62,175.122,51.987,-59.189
-0.322,0.213,-0.62,-6.409,-13.123,3.479,174.688,52.284,-59.216
-0.37,0.206,-0.67,0.366,-9.705,11.536,174.166,52.712,-60.095
-0.373,0.221,-0.722,8.606,-10.925,10.437,173.826,53.152,-61.271
-0.355,0.162,-0.729,10.803,-13.428,3.723,173.881,53.602,-62.227
-0.358,0.067,-0.743,6.409,-26.306,-7.385,174.161,54.454,-62.584
-0.811,0.102,-1.005,-2.625,-40.222,-4.15,174.161,56.173,-62.655
-0.486,0.015,-0.757,0.0,-10.01,-5.31,174.172,57.415,-62.699
-1.254,0.162,-1.106,-1.587,-31.799,0.854,174.04,58.722,-62.787
-0.72,-0.037,-1.079,23.193,73.364,-5.981,175.32,57.145,-62.369
-0.328,-0.05,-1.001,-0.244,17.151,18.372,175.842,55.069,-62.375
-0.424,0.021,-0.82,-2.869,7.446,19.592,175.325,54.514,-63.292
-0.33,0.105,-0.666,-3.418,-5.432,21.851,174.721,54.366,-64.182
-0.42,0.083,-0.627,6.775,-3.662,16.846,174.375,54.58,-65.22
-0.434,0.0,-0.659,6.775,-1.77,2.014,174.644,54.531,-65.544
-0.529,-0.03,-0.679,0.61,-8.24,-9.399,175.062,54.981,-65.149
-0.414,-0.039,-0.597,-11.047,-1.465,-8.24,175.386,55.272,-64.237
-0.434,0.082,-0.652,-13.0,-7.446,8.728,174.88,55.569,-64.105
-0.439,0.12,-0.747,-6.348,-4.822,13.306,174.232,55.898,-64.611
-0.559,0.197,-0.888,0.0,-12.573,18.127,173.617,56.162,-65.544
-0.552,0.225,-0.959,8.179,1.953,14.404,173.287,56.448,-66.577
-0.808,0.3,-1.151,12.146,-4.395,15.32,173.221,56.305,-67.527
-0.619,0.183,-1.13,13.367,24.536,7.812,173.716,55.662,-68.115
-0.549,0.273,-1.116,2.319,9.033,15.32,173.622,54.701,-68.774
-0.473,0.214,-0.971,4.456,8.545,-4.211,173.655,54.157,-69.044
-0.411,0.184,-0.828,2.075,0.244,-5.371,173.87,53.959,-68.796
-0.361,0.145,-0.684,-1.465,-4.272,-3.967,173.903,54.075,-68.659
-0.258,0.17,-0.558,-3.479,-0.732,5.432,173.562,54.102,-68.923
-0.218,0.172,-0.556,0.488,0.183,8.972,173.161,53.877,-69.538
-0.349,0.172,-0.641,8.179,-1.221,12.878,172.881,53.756,-70.466
-0.329,0.126,-0.722,4.272,-11.047,16.785,172.7,53.751,-71.455
-0.733,0.251,-1.015,1.953,-17.212,32.532,171.749,54.371,-73.284
-0.469,0.134,-0.845,12.634,4.333,13.611,171.458,54.355,-74.663
-0.925,0.152,-0.983,0.061,-22.766,13.611,171.392,54.959,-75.168
-0.558,0.014,-1.002,7.202,31.616,7.812,171.568,54.382,-75.454
-0.548,0.132,-1.033,-6.348,-5.737,33.936,171.194,53.668,-76.025
-0.535,0.147,-0.895,7.507,5.371,39.856,170.299,53.339,-77.91
-0.455,0.161,-0.741,12.024,-2.686,39.612,169.926,52.91,-79.678
-0.449,0.134,-0.656,21.24,-9.766,40.344,169.717,52.855,-81.788
-0.367,0.041,-0.536,24.048,-8.179,26.794,170.008,53.036,-83.529
-0.387,0.001,-0.53,16.785,-12.634,18.433,170.552,53.41,-84.485
-0.455,0.019,-0.599,11.414,-13.55,14.954,170.87,54.069,-85.117
-0.552,0.081,-0.688,6.226,-12.695,21.851,170.848,54.679,-85.875
-0.437,0.036,-0.71,14.709,-14.221,16.724,170.881,55.311,-86.792
-0.673,0.036,-0.992,14.038,-21.423,12.268,171.299,56.316,-87.275
-0.732,0.133,-1.226,12.878,-5.981,42.664,171.227,56.728,-88.511
-0.669,0.284,-1.163,29.724,5.859,77.759,170.266,56.338,-91.961
-0.378,0.329,-0.974,25.635,-3.418,106.201,169.003,54.921,-96.921
-0.759,0.462,-1.063,39.673,-28.076,98.999,167.311,54.816,-102.986
-0.482,0.201,-0.877,49.377,10.803,61.707,167.602,53.904,-107.007
-0.289,0.082,-0.732,42.664,-3.845,53.284,168.371,53.02,-109.819
-0.391,0.14,-0.704,26.245,-17.334,57.251,168.646,52.905,-112.489
-0.362,0.223,-0.695,30.64,-14.832,71.35,168.294,52.866,-115.818
-0.456,0.288,-0.762,29.663,-27.222,89.722,167.596,52.811,-120.163
-0.617,0.37,-0.959,45.959,-4.272,91.064,166.701,52.63,-125.294
-0.45,0.261,-1.056,48.889,0.061,85.815,167.047,51.207,-129.54
-0.483,0.246,-1.024,46.021,-25.208,97.046,166.987,50.757,-134.462
-0.491,0.195,-0.867,46.57,-25.574,88.501,166.877,50.773,-139.438
-0.454,0.084,-0.736,54.199,-31.982,75.012,167.382,51.059,-143.624
-0.609,0.065,-0.686,53.528,-40.222,79.041,168.003,52.075,-147.607
-0.733,0.021,-0.763,62.927,-8.85,82.703,168.81,52.438,-151.578
-0.559,-0.002,-0.784,66.711,20.264,92.285,169.98,51.273,-155.281
-0.377,-0.086,-0.798,61.218,8.85,96.252,171.178,49.823,-159.186
-0.472,-0.089,-0.817,49.866,-14.954,85.449,171.958,49.653,-162.999
-0.501,-0.077,-0.782,37.537,-12.39,81.055,172.37,49.905,-166.317
-0.483,-0.119,-0.815,31.738,-15.442,63.965,172.623,50.279,-169.041
-0.583,-0.057,-0.912,15.564,-13.245,45.715,172.716,50.938,-170.75
-0.65,0.009,-0.999,2.075,-18.311,37.17,172.474,51.559,-171.771
-0.625,0.148,-0.948,2.563,-1.648,35.217,171.667,52.234,-172.864
-0.315,0.111,-0.892,5.798,29.602,31.616,171.431,51.295,-173.469
-0.145,0.188,-0.872,-2.319,-2.686,44.006,170.92,50.059,-174.617
-0.483,0.306,-0.94,4.761,-16.663,49.744,169.81,50.235,-177.138
-0.395,0.274,-0.886,22.095,9.46,36.194,169.503,49.779,-179.182
-0.3,0.193,-0.842,31.311,-0.366,36.621,170.112,49.059,179.319
-0.321,0.136,-0.758,29.541,-10.437,42.908,170.689,48.834,177.259
-0.394,0.188,-0.709,23.56,-15.686,44.495,170.87,49.059,174.985
-0.455,0.211,-0.75,22.522,-11.597,42.725,170.914,49.312,172.875
-0.4,0.231,-0.819,21.729,-0.427,44.067,170.942,49.114,170.947
-0.353,0.265,-0.911,21.973,-5.92,49.194,170.865,48.763,168.75
-0.463,0.258,-1.043,24.17,-24.109,47.974,170.793,49.037,166.207
-0.652,0.234,-1.012,30.334,-20.203,49.805,170.706,49.828,163.515
-0.545,0.119,-0.905,33.447,-12.878,42.847,171.161,50.076,161.4
-0.315,-0.089,-0.792,44.617,0.671,32.471,172.381,49.977,159.857
-0.403,-0.093,-0.759,28.137,-32.227,43.518,173.32,50.581,157.994
-0.576,-0.046,-0.858,36.072,-13.367,44.373,173.947,51.537,155.572
-0.486,-0.096,-0.877,38.513,15.076,41.016,175.089,51.251,153.666
-0.261,-0.146,-0.829,32.043,23.193,36.133,176.303,50.043,151.908
-0.302,-0.131,-0.908,16.968,5.859,29.358,177.111,49.07,149.832
-0.249,-0.148,-0.834,9.521,2.319,17.09,177.665,48.609,147.958
-0.391,-0.07,-0.813,-3.479,-17.517,14.221,177.742,48.768,146.217
-0.349,-0.07,-0.737,1.77,0.61,-6.165,177.858,49.131,145.261
-0.329,-0.112,-0.729,-7.812,-15.381,-12.39,178.319,49.318,145.338
-0.385,-0.071,-0.7,-4.15,-8.423,-20.691,178.649,50.043,145.695
-0.283,-0.074,-0.601,-8.179,-17.334,-20.691,179.198,50.603,146.585
-0.433,-0.034,-0.678,-6.958,-23.499,-16.968,179.5,51.746,147.266
-0.646,0.018,-0.903,-12.024,-20.752,-8.545,179.577,52.888,148.167
-0.584,0.09,-1.017,-14.343,-2.747,3.906,179.105,53.652,148.777
-0.81,0.311,-1.169,-7.202,5.31,22.339,177.913,53.657,148.337
-0.461,0.26,-1.181,9.338,36.56,14.282,177.572,52.163,147.903
-0.413,0.161,-1.075,13.489,-1.953,-3.906,177.918,51.383,147.903
-0.446,0.052,-0.896,5.554,-7.08,-33.691,178.759,51.641,149.013
-0.4,0.066,-0.786,-14.099,-4.944,-65.186,179.736,52.02,151.974
-0.284,0.129,-0.643,-20.203,-6.042,-62.866,-179.55,52.339,155.847
-0.358,0.144,-0.575,-23.315,-18.25,-39.246,-179.511,52.954,158.78
-0.415,0.192,-0.583,-14.771,-7.874,-20.813,-179.89,53.635,160.719
-0.5,0.18,-0.65,2.686,5.737,6.775,179.687,53.756,161.417
-0.303,0.138,-0.714,12.817,14.832,25.94,179.313,53.124,160.911
-0.497,0.056,-1.034,18.066,-28.198,37.903,179.006,53.119,159.379
-0.774,-0.01,-1.165,13.123,-34.302,49.927,178.363,54.679,157.044
-0.936,0.005,-1.233,14.648,-28.564,37.903,177.726,55.975,154.874
-0.904,-0.038,-1.205,26.611,29.907,13.0,178.204,56.008,154.204
-0.429,-0.135,-1.021,25.024,53.711,-2.625,179.67,53.608,155.028
-0.307,-0.145,-0.933,8.972,13.245,7.568,-179.412,52.119,155.171
-0.36,-0.089,-0.831,0.61,7.263,11.963,-179.335,51.779,154.385
-0.343,-0.048,-0.694,-12.207,-19.104,10.864,-179.769,51.976,153.452
-0.488,0.019,-0.689,-12.939,-9.46,2.563,179.528,52.844,152.869
-0.463,-0.008,-0.735,-6.165,6.348,-10.01,179.357,52.767,153.259
-0.349,-0.073,-0.729,-3.113,12.329,-23.193,179.758,52.234,154.446
-0.376,-0.11,-0.698,-9.949,-13.794,-25.513,-179.676,52.344,155.923
-0.434,-0.048,-0.718,-10.315,-3.235,-16.724,-179.429,52.938,157.11
-0.271,-0.019,-0.607,-8.423,-6.775,-2.197,-179.418,53.146,157.753
-0.453,0.056,-0.769,-6.47,-23.254,9.155,-179.797,53.866,157.484
-0.666,0.097,-0.921,0.0,-11.292,6.592,179.78,54.822,157.088
-0.651,0.127,-1.134,-3.906,-5.188,0.0,179.687,55.201,157.319
-0.924,0.17,-1.19,10.864,15.137,-6.653,179.714,55.58,157.835
-0.487,0.103,-1.113,9.155,46.875,0.0,-179.692,53.405,158.719
-0.438,0.085,-1.105,7.385,21.057,2.441,-179.528,52.042,158.73
-0.36,0.036,-0.943,-1.282,8.484,-16.235,-179.231,51.339,159.329
-0.362,0.018,-0.778,-12.939,-14.099,-18.677,-179.253,51.52,160.28
-0.43,0.065,-0.682,-20.691,-17.639,-9.277,-179.841,52.405,161.016
-0.4,0.155,-0.636,-18.188,-8.606,8.728,179.033,52.976,161.021
-0.325,0.187,-0.596,-6.409,-2.502,20.752,177.907,53.141,160.351
-0.342,0.232,-0.654,5.31,-4.7,30.029,176.929,53.196,158.961
-0.254,0.091,-0.653,11.719,-27.344,15.686,176.66,53.63,157.736
-0.452,0.13,-0.764,2.258,-37.17,17.578,176.171,55.261,156.588
-0.706,0.113,-0.899,-4.456,-43.64,13.123,175.413,56.992,155.391
-0.814,0.139,-0.92,-2.93,-11.23,2.258,174.606,58.618,154.907
-1.035,0.071,-1.272,2.075,-12.573,-19.714,175.018,58.744,155.956
-0.825,0.028,-1.234,14.16,61.218,-18.25,176.094,58.326,157.791
-0.338,-0.1,-1.015,3.784,35.461,-10.925,177.418,55.64,159.565
-0.302,-0.016,-0.884,-16.479,3.967,1.892,177.286,54.723,159.609
-0.351,0.07,-0.741,-23.56,-23.499,-7.568,176.446,55.195,159.192
-0.526,0.132,-0.682,-20.752,-30.457,-10.925,175.633,56.536,159.197
-0.608,0.132,-0.661,-5.432,-14.038,-18.372,175.419,57.722,159.95
-0.569,0.0,-0.684,5.005,3.784,-31.982,176.435,57.991,162.01
-0.568,-0.096,-0.708,1.953,1.221,-39.673,177.808,58.178,164.713
-0.493,-0.125,-0.661,-11.169,6.592,-39.124,179.066,58.195,167.932
-0.408,-0.068,-0.609,-17.334,7.446,-33.142,179.654,58.068,170.832
-0.424,0.002,-0.631,-24.231,0.0,-23.682,179.676,58.112,173.177
-0.466,0.078,-0.671,-18.127,2.319,-12.146,179.275,58.228,174.606
-0.574,0.087,-0.943,-3.906,-7.751,-8.118,179.143,58.145,175.408
-0.66,0.03,-0.913,4.272,-15.869,-7.08,179.456,58.909,175.974
-0.616,0.082,-0.889,-1.709,-4.822,14.954,179.451,59.507,176.039
-0.94,0.206,-1.018,13.489,3.174,25.513,178.599,59.667,174.688
-0.59,0.153,-0.995,19.287,49.072,22.949,178.742,58.052,173.776
-0.46,0.121,-0.988,21.973,22.644,18.188,178.945,56.234,172.661
-0.436,-0.076,-0.915,2.014,8.911,-3.296,179.429,55.393,172.321
-0.535,0.099,-0.841,-19.348,-1.709,-0.061,178.923,55.256,172.337
-0.458,0.156,-0.757,-8.423,10.498,1.404,178.187,54.965,172.255
-0.434,0.175,-0.708,0.0,5.859,8.24,177.792,54.575,172.018
-0.38,0.156,-0.656,7.385,2.38,17.578,177.539,54.267,171.282
-0.333,0.132,-0.649,8.057,-3.784,22.644,177.182,54.196,170.068
-0.433,0.136,-0.669,10.193,-8.972,20.691,176.808,54.591,168.805
-0.398,0.117,-0.678,8.667,-14.465,17.151,176.589,54.899,167.756
-0.426,0.093,-0.72,9.094,-16.663,12.878,176.38,55.684,166.794
-0.669,0.109,-0.938,4.7,-32.166,7.141,176.259,56.816,166.124
-0.703,0.033,-0.936,6.287,-10.01,-4.944,176.336,58.035,165.976
-0.938,0.017,-1.363,-6.226,-31.311,-8.484,176.737,58.645,166.635
-0.93,0.052,-1.155,6.836,3.052,-9.644,176.896,60.156,167.217
-0.587,-0.034,-0.901,11.047,23.56,-7.507,177.913,59.145,168.448
-0.621,-0.012,-0.912,3.418,13.794,14.893,178.253,58.486,168.596
-0.418,0.038,-0.763,-0.061,16.907,25.269,177.781,57.607,167.64
-0.466,0.086,-0.747,1.16,-0.793,19.226,177.138,57.112,166.344
-0.423,0.026,-0.72,7.874,11.414,2.441,177.133,56.838,165.751
-0.437,-0.021,-0.702,8.972,6.409,-7.08,177.726,56.481,165.927
-0.259,-0.087,-0.569,5.188,12.512,-10.681,178.533,55.926,166.459
-0.326,-0.097,-0.558,-8.179,-18.494,-10.498,178.918,56.085,166.674
-0.518,-0.016,-0.661,-12.39,-4.395,-10.498,178.852,56.766,166.992
-0.417,-0.002,-0.655,-9.521,2.319,-7.263,178.83,56.684,167.64
-0.574,0.042,-0.83,-5.188,-5.188,1.221,178.704,56.805,167.871
-0.688,0.104,-0.963,-4.944,-2.869,12.939,178.336,56.986,167.569
-0.978,0.237,-1.337,-4.578,0.061,26.123,177.512,56.799,166.514
-0.817,0.132,-1.266,17.029,41.626,6.714,177.605,55.833,166.003
-0.295,0.185,-1.138,5.615,37.72,19.104,177.797,53.218,165.723
-0.43,0.118,-1.032,5.676,12.817,-2.075,177.792,52.108,165.02
-0.278,0.114,-0.829,-7.202,3.784,-9.766,177.896,51.542,165.289
-0.342,0.169,-0.727,-9.094,-15.93,-0.793,177.429,51.828,165.19
-0.418,0.184,-0.672,-0.549,-14.954,5.615,176.962,52.548,164.756
-0.404,0.205,-0.659,6.958,-3.052,25.452,176.523,52.872,163.757
-0.341,0.224,-0.7,13.123,4.883,33.264,175.963,52.553,161.977
-0.32,0.207,-0.744,20.752,-3.052,24.841,175.792,52.234,160.302
-0.276,0.09,-0.675,17.822,-22.583,18.066,176.017,52.597,158.967
-0.411,0.085,-0.718,8.606,-32.532,16.113,175.787,53.981,157.61
-0.779,0.103,-0.854,2.808,-36.865,13.245,175.419,55.629,156.594
-0.597,0.034,-0.848,4.456,-3.784,13.489,175.078,56.371,155.841
-0.967,0.133,-0.919,-1.16,-18.066,15.32,174.567,57.129,155.242
-0.685,0.001,-0.981,13.733,39.368,0.122,175.012,56.118,155.468
-0.437,0.003,-0.968,4.028,30.762,14.771,175.479,54.586,155.803
-0.431,0.069,-0.89,2.563,14.221,30.518,175.023,53.394,154.462
-0.398,0.079,-0.808,5.005,12.329,19.653,174.792,52.592,153.21
-0.431,0.054,-0.728,5.31,1.221,8.423,174.771,52.344,152.413
-0.361,0.003,-0.636,-0.854,-0.244,-3.357,175.018,52.256,152.369
-0.395,0.026,-0.644,-0.61,3.845,-8.728,175.144,52.394,152.666
-0.362,-0.033,-0.687,0.0,8.24,-22.949,175.787,52.136,153.759
-0.355,-0.043,-0.708,-2.441,9.033,-19.348,176.501,51.938,155.083
-0.314,-0.003,-0.678,-10.864,-14.465,-7.629,176.743,52.075,155.786
-0.643,0.148,-0.912,-13.977,-21.729,6.653,176.155,53.141,155.533
-0.622,0.215,-0.998,-2.441,13.977,14.16,175.529,53.476,155.16
-0.616,0.322,-1.245,-0.977,6.531,26.123,175.012,52.383,154.358
-0.516,0.213,-1.199,22.766,33.63,7.812,175.32,51.696,153.677
-0.31,0.153,-1.116,13.0,10.193,4.639,176.039,50.186,153.605
-0.463,0.074,-0.996,7.324,1.465,-9.583,176.517,50.169,153.578
-0.375,0.109,-0.864,-5.676,4.517,-5.798,176.633,49.916,154.001
-0.292,0.138,-0.718,-7.019,-1.343,4.15,176.215,49.79,153.864
-0.223,0.164,-0.608,-6.042,-9.888,14.465,175.562,49.966,153.188
-0.204,0.189,-0.542,-1.221,-16.296,25.879,174.716,50.422,151.815
-0.307,0.235,-0.603,8.24,-13.367,28.564,173.963,50.867,150.046
-0.23,0.161,-0.633,12.573,-16.663,28.198,173.578,51.141,148.37
-0.709,0.207,-0.931,9.583,-31.006,30.273,173.013,52.13,146.53
-0.689,0.104,-0.968,11.658,-6.714,20.63,172.744,52.773,145.212
-0.938,0.072,-1.26,9.521,-1.038,3.967,173.101,52.696,144.91
-0.562,-0.042,-1.201,18.677,49.194,-5.371,174.078,51.685,145.377
-0.279,-0.078,-1.07,-2.014,13.977,8.789,174.858,49.949,145.739
-0.474,0.095,-0.965,-2.38,-3.601,19.47,174.397,49.801,144.503
-0.327,0.092,-0.759,-1.038,-12.573,20.081,174.1,49.845,143.185
-0.459,0.164,-0.723,7.935,-27.344,16.602,173.776,50.823,141.729
-0.368,0.033,-0.576,17.395,-18.188,1.648,174.364,51.806,141.24
-0.527,-0.013,-0.666,16.479,-21.851,-10.925,175.287,53.036,141.46
-0.525,-0.093,-0.7,11.414,19.836,-13.123,176.512,53.091,142.443
-0.282,-0.085,-0.647,-4.883,20.203,-7.202,177.198,52.158,143.273
-0.35,-0.021,-0.645,-10.01,-10.01,7.019,176.891,52.147,142.905
-0.53,0.088,-0.866,-18.127,8.179,-5.737,176.38,52.344,142.751
-0.479,0.241,-0.96,-1.709,3.052,-1.404,176.094,52.031,142.987
-0.667,0.178,-1.319,-0.061,-13.367,-9.46,176.55,52.191,143.306
-0.764,0.215,-1.239,8.606,15.32,-20.874,176.946,52.641,144.009
-0.438,0.178,-1.103,7.69,38.452,-25.879,178.006,51.081,145.668
-0.255,0.138,-0.987,19.958,13.123,-34.119,179.231,49.839,147.305
-0.325,-0.021,-0.855,14.16,-13.672,-46.875,-179.006,49.971,149.431
-0.292,0.007,-0.741,4.7,-16.907,-52.612,-177.528,50.663,151.935
-0.232,-0.015,-0.645,-1.648,-34.607,-51.941,-176.193,51.713,154.666
-0.37,0.014,-0.592,-11.108,-55.054,-29.907,-175.512,53.795,156.819
-0.607,0.097,-0.642,-3.662,-44.617,-3.235,-175.594,56.255,157.681
-0.689,0.016,-0.682,12.939,-5.432,12.329,-175.622,57.464,157.582
-0.414,-0.083,-0.69,13.672,20.142,15.686,-175.556,56.86,156.978
-0.545,-0.14,-0.9,-1.831,-12.939,9.521,-175.66,56.909,156.539
-0.679,-0.109,-0.946,-4.272,-15.991,2.93,-176.017,57.772,156.33
-1.049,-0.121,-1.111,-2.441,-18.494,-3.357,-176.001,58.7,156.599
-0.813,-0.185,-1.037,4.089,35.4,2.808,-175.666,58.14,157.099
-0.577,-0.22,-0.998,-2.93,40.588,22.888,-175.924,56.277,156.55
-0.442,-0.111,-0.899,-13.733,32.41,43.03,-177.27,54.597,154.6
-0.294,0.02,-0.723,-9.399,13.306,41.077,-178.918,53.448,152.001
-0.375,0.038,-0.666,-3.418,-7.08,27.832,-179.945,53.278,149.914
-0.408,0.038,-0.619,2.563,-7.08,14.16,179.55,53.624,148.535
-0.401,-0.042,-0.611,5.92,-0.122,-3.662,179.769,53.817,148.239
-0.468,-0.054,-0.69,2.441,-2.441,-9.583,-179.692,53.97,148.689
-0.407,-0.074,-0.711,7.141,-2.625,-2.014,-179.143,54.113,149.057
-0.342,-0.08,-0.735,11.841,-17.151,21.606,-178.726,54.63,148.469
-0.593,0.024,-0.905,19.836,-27.405,54.81,-179.088,55.931,145.931
-0.783,0.179,-1.208,34.79,-28.076,111.267,179.808,56.838,140.966
-0.798,0.23,-1.135,61.951,-21.606,170.166,177.61,57.695,132.017
-0.704,0.24,-0.968,81.909,-12.878,197.937,175.001,57.343,120.613
-0.681,0.207,-0.906,91.858,-4.089,176.27,173.452,56.426,109.446
-0.491,0.059,-0.745,88.989,0.0,131.775,173.463,55.355,100.486
-0.454,-0.028,-0.694,69.092,-4.456,100.098,174.188,54.745,93.417
-0.426,0.039,-0.683,48.035,-1.099,87.219,174.452,54.3,87.105
-0.41,0.117,-0.713,33.569,-4.883,78.857,174.166,53.948,81.238
-0.604,0.221,-0.865,27.344,-4.7,74.951,173.589,53.712,75.789
-0.537,0.15,-0.995,35.034,11.536,58.899,173.496,52.927,70.994
-0.49,0.106,-1.099,29.968,-0.793,64.819,173.502,52.224,66.55
-0.49,0.069,-1.041,15.259,-15.625,72.388,172.947,52.097,61.71
-0.366,0.079,-0.816,17.761,-26.367,71.472,171.777,52.355,56.404
-0.474,0.002,-0.711,24.841,-40.588,51.025,171.249,53.322,51.729
-0.715,0.029,-0.703,29.541,-34.912,60.974,171.035,54.75,47.263
-0.736,0.026,-0.726,45.776,0.61,81.299,171.002,54.965,41.786
-0.574,0.011,-0.752,55.786,24.048,91.431,171.524,53.624,35.854
-0.45,-0.017,-0.783,56.274,18.372,94.299,172.365,51.823,29.745
-0.451,-0.057,-0.799,50.293,4.15,80.811,173.254,50.801,24.082
-0.491,-0.042,-0.802,37.72,-6.653,69.702,173.886,50.515,19.133
-0.494,-0.09,-0.83,32.104,-4.578,51.147,174.507,50.526,15.051
-0.519,-0.12,-0.906,18.677,-11.475,38.025,175.073,50.707,12.003
-0.448,-0.115,-0.889,2.197,-20.325,28.503,175.106,51.306,9.481
-0.764,0.06,-1.083,-16.663,-34.302,24.719,174.243,52.674,7.3
-0.443,0.119,-0.875,-8.728,6.409,22.156,173.21,53.113,5.24
-0.36,0.221,-0.902,-23.254,-6.592,43.579,171.887,52.526,3.01
-0.508,0.388,-0.913,7.141,6.958,47.485,169.898,52.438,-0.824
-0.349,0.299,-0.798,12.573,15.808,30.457,169.574,51.262,-3.279
-0.302,0.217,-0.748,21.057,5.127,21.606,169.772,50.394,-5.235
-0.386,0.201,-0.725,20.203,-5.676,21.118,170.173,50.246,-6.982
-0.495,0.225,-0.775,23.621,0.0,29.785,170.519,50.191,-9.069
-0.477,0.234,-0.844,28.259,11.719,33.203,171.008,49.614,-11.415
-0.321,0.171,-0.876,30.396,11.475,30.151,171.744,48.757,-13.689
-0.31,0.174,-0.893,20.63,-9.705,29.114,172.249,48.521,-15.815
-0.378,0.196,-0.898,15.991,-21.606,26.55,172.386,49.032,-17.875
-0.424,0.207,-0.936,18.127,-27.893,31.372,172.403,49.927,-20.083
-0.665,0.262,-0.957,22.217,-28.442,46.631,172.128,51.141,-23.066
-0.536,0.131,-0.918,40.71,-7.019,50.598,172.37,51.482,-26.439
-0.337,-0.103,-0.843,55.054,-5.798,47.424,173.76,51.257,-29.427
-0.491,-0.101,-0.798,45.227,-32.227,68.542,174.677,52.037,-33.069
-0.634,-0.109,-0.861,49.011,6.897,77.271,175.314,52.202,-37.359
-0.45,-0.137,-0.932,48.035,40.894,68.237,176.281,50.466,-41.199
-0.039,-0.173,-0.89,24.719,29.785,53.101,177.303,48.093,-44.061
-0.144,-0.057,-0.806,2.686,-9.827,27.527,177.391,47.433,-45.906
-0.317,-0.004,-0.777,-2.258,-14.221,13.123,177.347,47.889,-46.533
-0.239,-0.011,-0.774,4.578,3.357,-1.709,177.479,47.966,-46.686
-0.164,-0.117,-0.688,-0.549,-15.381,-21.973,178.204,48.01,-45.709
-0.326,-0.09,-0.654,-11.292,-33.203,-27.832,178.715,49.219,-44.105
-0.387,-0.02,-0.629,-11.841,-22.766,-28.259,179.006,50.663,-42.462
-0.382,-0.015,-0.739,-13.855,-28.137,-23.438,179.335,51.757,-40.952
-0.757,0.126,-1.006,-16.174,-40.833,-12.756,179.077,53.668,-40.128
-0.837,0.154,-1.315,-7.629,2.502,-7.629,179.017,54.393,-39.732
-0.841,0.302,-1.344,2.869,22.278,0.793,178.638,54.141,-40.144
-0.411,0.182,-1.201,10.437,56.824,-10.864,179.33,51.74,-39.946
-0.275,0.153,-1.076,9.155,12.451,-16.479,179.989,50.29,-39.501
-0.351,0.054,-0.852,4.395,3.784,-23.01,-179.335,50.07,-38.628
-0.23,0.048,-0.69,-8.911,-10.132,-16.724,-179.193,50.131,-37.787
-0.271,0.105,-0.599,-10.62,-13.062,-8.301,-179.626,50.757,-37.425
-0.247,0.138,-0.573,-11.963,-23.987,3.113,179.665,51.504,-37.628
-0.39,0.146,-0.636,-3.113,-15.442,10.498,178.792,52.57,-38.562
-0.332,0.114,-0.711,-4.822,-17.334,13.489,178.088,53.135,-39.661
-0.467,0.083,-0.96,-11.23,-30.945,16.846,177.144,54.075,-40.924
-0.718,0.201,-1.068,-13.489,-46.936,15.503,175.562,55.986,-42.523
-0.508,0.082,-0.784,-4.395,-32.349,-8.85,174.924,57.805,-43.237
-1.118,0.146,-1.021,-0.061,-58.777,-20.63,174.946,60.551,-42.984
-0.97,-0.04,-1.021,17.883,44.861,-35.095,176.545,61.199,-41.622
-0.552,-0.162,-0.903,0.793,51.453,-9.155,178.171,58.788,-40.023
-0.314,-0.116,-0.741,-21.851,37.17,17.517,177.786,56.574,-40.226
-0.319,0.067,-0.679,-31.128,10.498,30.334,175.847,55.508,-41.561
-0.301,0.101,-0.585,-24.597,3.662,24.353,173.886,54.987,-43.127
-0.431,0.151,-0.663,-13.794,-4.883,-0.671,172.804,55.058,-43.742
-0.432,0.084,-0.66,-5.249,0.0,-16.235,172.859,55.223,-43.22
-0.468,0.081,-0.672,-0.244,-3.479,-21.24,173.342,55.53,-42.297
-0.399,0.062,-0.608,3.357,1.648,-16.296,174.128,55.739,-41.342
-0.469,0.115,-0.717,4.578,-4.7,-8.667,174.694,55.882,-40.913
-0.763,0.18,-0.959,7.385,-1.831,-9.277,175.276,56.305,-40.638
-0.803,0.258,-1.13,8.85,17.029,1.526,175.941,55.662,-40.562
-0.673,0.256,-1.226,26.855,58.594,-9.216,176.825,54.091,-40.677
-0.353,0.145,-1.254,27.039,53.223,-18.982,178.61,51.185,-39.891
-0.217,-0.05,-1.198,15.686,22.522,-17.883,-179.863,49.29,-38.952
-0.161,-0.057,-0.912,-12.085,-16.479,-9.338,-179.544,48.994,-38.21
-0.367,0.038,-0.754,-27.222,-42.48,-2.93,179.533,50.389,-37.842
-0.367,0.109,-0.637,-29.907,-32.654,1.099,178.11,52.081,-37.815
-0.324,0.179,-0.555,-27.893,-33.936,16.846,176.347,53.481,-38.513
-0.433,0.283,-0.604,-13.916,-40.283,32.837,174.331,55.063,-40.43
-0.573,0.319,-0.664,5.005,-22.644,48.096,172.584,56.234,-43.583
-0.423,0.348,-0.629,26.184,-15.198,49.133,171.546,56.492,-47.23
-0.547,0.258,-0.699,41.138,-18.188,37.048,171.595,57.184,-50.532
-0.704,0.147,-0.877,39.368,-8.301,25.269,172.321,57.486,-52.96
-0.547,0.027,-0.904,29.663,10.803,11.414,173.331,57.217,-54.272
-1.105,-0.091,-1.504,7.446,-30.396,-22.156,174.589,57.728,-53.866
-0.734,0.018,-1.192,2.747,41.321,-25.085,175.66,57.546,-52.245
-0.317,-0.047,-0.908,3.662,14.709,-11.475,176.644,56.239,-50.949
-0.342,0.045,-0.701,-5.432,-28.198,20.264,176.512,56.525,-51.163
-0.461,0.113,-0.593,-1.587,-39.368,34.18,175.325,58.118,-53.026
-0.491,0.048,-0.664,5.676,-35.217,16.724,174.501,59.689,-54.8
-0.4,-0.025,-0.637,3.052,-46.936,-7.08,174.446,61.469,-55.344
-0.536,-0.116,-0.563,-8.057,-55.786,-20.325,174.963,64.017,-54.525
-0.584,-0.099,-0.436,-17.09,-49.194,-25.452,175.276,66.791,-53.201
-0.653,0.061,-0.478,-29.053,-30.884,-16.113,175.281,68.912,-51.762
-0.683,0.281,-0.623,-12.39,-16.357,-23.315,175.073,70.214,-50.707
-0.975,0.287,-0.856,10.803,-20.569,-31.25,176.479,71.367,-49.021
-1.018,0.191,-0.876,31.555,5.127,-11.23,178.566,71.906,-47.983
-1.16,0.244,-0.946,35.522,10.193,23.926,179.363,71.631,-49.274
-0.937,0.28,-0.887,48.889,47.424,24.902,179.78,69.906,-51.707
-0.669,0.096,-0.82,54.932,42.297,-1.404,-178.259,67.681,-52.756
-0.524,-0.057,-0.771,44.189,27.161,-11.536,-175.732,66.11,-52.603
-0.444,-0.156,-0.68,22.644,-0.549,-15.259,-173.749,65.424,-51.932
-0.566,-0.049,-0.634,0.244,-7.019,-16.357,-172.744,65.781,-50.911
-0.428,0.034,-0.513,-7.324,-0.366,-10.62,-172.386,65.643,-49.999
-0.417,0.102,-0.478,-1.648,-10.01,-0.854,-172.524,65.847,-49.752
-0.644,0.096,-0.566,14.771,-14.343,10.742,-172.7,66.55,-50.389
-0.621,0.021,-0.607,26.917,4.944,10.132,-172.441,66.912,-51.542
-0.591,-0.091,-0.645,16.296,0.61,19.287,-172.15,66.89,-52.822
-0.755,-0.096,-0.815,-0.793,-10.376,28.381,-172.974,67.28,-54.597
-0.884,-0.085,-0.749,1.587,-18.555,6.958,-174.012,68.39,-55.948
-1.1,-0.233,-1.002,1.587,5.432,-26.001,-173.397,68.307,-55.25
-0.98,-0.325,-0.989,-6.226,31.128,-29.602,-171.931,67.582,-52.976
-0.741,-0.362,-0.945,-12.573,47.058,-6.653,-171.541,65.407,-51.839
-0.483,-0.239,-0.814,-20.203,37.17,16.724,-172.617,63.43,-52.267
-0.431,-0.081,-0.695,-21.545,6.836,26.978,-174.37,62.501,-53.448
-0.53,-0.05,-0.639,-11.902,3.296,19.104,-175.754,62.501,-54.503
-0.506,-0.077,-0.599,-7.019,10.62,9.46,-176.457,62.089,-55.031
-0.536,-0.108,-0.621,-3.662,24.963,12.817,-176.786,61.216,-55.338
-0.411,-0.109,-0.625,-2.625,23.682,11.169,-177.22,59.98,-55.948
-0.471,-0.124,-0.658,-9.155,4.822,3.967,-177.424,59.474,-55.942
-0.433,-0.095,-0.612,-15.869,-1.587,4.272,-177.902,59.42,-55.833
-0.627,0.016,-0.778,-18.127,-10.681,9.705,-178.775,59.81,-55.948
-0.693,0.1,-0.942,-9.216,3.662,12.695,-179.654,59.969,-56.415
-0.579,0.142,-0.955,-4.822,2.075,18.127,179.544,59.919,-57.294
-0.851,0.307,-1.062,-0.488,-0.488,26.306,178.297,59.87,-58.876
-0.587,0.222,-1.007,5.554,34.851,12.451,177.935,58.859,-59.98
-0.493,0.255,-1.015,10.193,15.991,6.775,177.676,57.448,-60.771
-0.442,0.086,-0.837,5.676,5.981,-16.296,178.231,56.893,-60.513
-0.446,0.098,-0.745,-2.014,2.258,-13.489,178.61,56.695,-59.694
-0.386,0.114,-0.676,-3.235,1.709,-8.911,178.649,56.519,-59.189
-0.333,0.146,-0.603,0.061,-5.371,4.578,178.451,56.58,-59.238
-0.297,0.136,-0.566,2.441,-12.39,16.418,177.929,56.86,-60.2
-0.508,0.182,-0.676,6.836,-12.146,17.639,177.297,57.497,-61.551
-0.396,0.147,-0.655,12.817,0.916,16.724,177.116,57.409,-62.732
-0.425,0.119,-0.747,14.709,-14.099,29.785,176.792,57.673,-64.391
-0.882,0.18,-1.068,14.832,-24.231,46.753,175.946,58.442,-67.022
-0.595,0.125,-0.858,32.288,4.883,49.561,175.38,58.541,-70.087
-1.129,0.071,-1.012,37.903,-20.813,39.429,175.715,58.771,-72.669
-0.595,-0.133,-0.992,48.584,73.914,23.865,177.237,56.986,-74.224
-0.242,-0.137,-0.911,20.081,12.878,37.842,178.325,54.651,-75.372
-0.547,-0.002,-0.828,12.573,-14.16,42.664,178.011,54.822,-77.399
-0.359,-0.009,-0.629,9.155,-1.404,30.579,177.693,54.987,-79.189
-0.417,0.053,-0.589,-2.808,-18.127,10.559,177.363,55.426,-80.074
-0.578,0.043,-0.617,4.517,0.977,-13.184,177.528,56.058,-79.684
-0.626,-0.042,-0.6,9.277,40.405,-15.442,178.429,55.278,-78.591
-0.429,-0.125,-0.627,-3.235,52.124,-32.349,179.484,53.234,-76.855
-0.194,-0.019,-0.713,-14.832,33.875,-43.762,-179.819,51.367,-74.251
-0.177,0.117,-0.946,7.263,-22.217,-32.593,-178.846,51.345,-71.647
-0.764,-0.096,-1.032,23.499,-50.964,13.489,-177.709,53.459,-71.312
-0.865,-0.104,-1.301,9.277,43.213,28.687,-177.49,53.416,-72.581
-0.471,0.037,-1.251,4.089,53.833,19.043,-177.962,51.075,-73.867
-0.05,0.046,-1.146,-21.729,30.09,3.296,-178.583,48.658,-74.103
-0.356,0.17,-1.08,-18.921,-19.775,-21.729,-179.561,48.834,-73.378
-0.274,0.077,-0.823,-20.386,-10.132,-23.865,-179.901,49.301,-71.862
-0.46,0.175,-0.741,-15.076,-31.311,1.282,179.165,50.576,-71.461
-0.292,0.125,-0.586,-2.93,4.517,10.986,178.5,51.031,-71.944
-0.182,0.152,-0.627,1.648,-5.249,7.141,178.033,50.762,-72.669
-0.216,0.09,-0.702,2.686,-17.456,7.629,177.874,51.213,-73.213
-0.288,0.06,-0.718,-7.935,-30.579,1.831,177.402,52.202,-73.757
-0.604,0.088,-0.894,-21.179,-31.067,0.0,176.589,53.547,-73.839
-0.664,0.053,-1.066,-26.428,-13.306,8.85,175.243,54.443,-74.163
-0.913,0.254,-1.132,-29.907,-44.678,10.925,173.43,55.508,-74.987
-1.034,0.083,-1.163,15.991,4.272,-57.922,174.018,56.953,-73.735
-0.679,-0.04,-1.012,13.55,37.598,-59.998,176.957,56.014,-69.626
-0.299,-0.113,-0.797,8.911,25.696,-39.307,179.099,54.597,-66.808
-0.209,-0.063,-0.64,-7.935,-5.859,-44.861,-179.698,54.41,-64.308
-0.384,-0.042,-0.596,-18.372,-16.296,-55.481,-178.83,55.201,-61.216
-0.243,-0.074,-0.513,-28.931,-25.269,-67.505,-177.99,56.008,-57.387
-0.491,-0.104,-0.594,-28.015,-32.898,-74.097,-177.023,57.766,-53.004
-0.413,-0.07,-0.6,-32.471,-19.165,-64.514,-176.116,58.672,-48.779
-0.576,-0.037,-0.801,-20.264,-31.555,-46.753,-175.408,59.837,-45.461
-0.909,-0.036,-1.03,-17.639,-39.429,-31.738,-174.584,61.518,-42.819
-1.055,0.051,-1.015,-3.662,-19.47,3.235,-174.402,63.166,-41.918
-1.114,0.198,-1.137,17.639,40.771,37.537,-175.32,62.748,-43.89
-0.664,0.094,-1.087,30.334,77.209,20.691,-175.298,59.914,-46.291
-0.293,0.005,-0.957,27.1,44.434,7.629,-174.556,56.821,-47.609
-0.185,-0.077,-0.75,7.812,1.16,-12.878,-173.837,55.679,-47.834
-0.368,-0.03,-0.644,-10.193,-29.724,-41.077,-173.194,56.365,-46.192
-0.391,0.04,-0.599,-9.583,-6.653,-44.922,-172.441,57.036,-43.627
-0.381,0.029,-0.595,-12.451,-9.033,-19.043,-172.117,57.123,-41.951
-0.478,0.062,-0.654,-1.038,-1.282,23.01,-172.886,57.431,-42.654
-0.327,0.023,-0.566,7.019,-13.123,50.781,-174.177,57.832,-45.385
-0.455,0.041,-0.657,9.766,-24.292,72.937,-176.039,59.035,-49.438
-0.838,0.051,-0.935,22.827,-34.363,60.73,-177.852,60.699,-53.899
-0.736,-0.075,-0.856,21.973,-20.752,32.898,-178.418,62.073,-56.777
-1.184,-0.077,-0.994,23.132,-42.358,3.235,-178.017,64.067,-57.799
-1.139,-0.146,-1.025,41.077,61.462,1.709,-176.248,63.523,-57.728
-0.344,-0.323,-0.737,29.663,77.759,37.598,-175.1,59.518,-59.183
-0.185,-0.189,-0.685,-0.488,7.69,49.744,-175.726,57.579,-61.699
-0.511,-0.005,-0.636,-6.226,-21.118,44.739,-177.248,58.244,-64.072
-0.49,-0.037,-0.58,8.423,-5.188,24.902,-178.16,58.931,-65.863
-0.542,-0.052,-0.641,7.446,6.287,22.278,-178.187,59.002,-66.808
-0.485,-0.004,-0.635,16.602,11.78,32.837,-178.544,58.579,-68.373
-0.461,-0.103,-0.647,25.269,8.423,21.545,-178.132,58.167,-69.719
-0.515,-0.133,-0.706,18.799,-6.409,36.377,-177.726,58.211,-71.043
-0.667,-0.067,-0.971,13.611,2.258,55.847,-178.264,58.354,-73.493
-0.66,0.019,-1.072,15.198,5.005,65.186,-179.445,58.239,-76.849
-0.684,0.138,-1.088,4.944,-14.648,83.618,178.726,58.233,-81.019
-0.724,0.294,-1.123,19.897,10.925,85.388,176.396,57.98,-86.111
-0.554,0.161,-1.005,32.288,8.667,56.946,175.776,56.832,-89.83
-0.584,0.091,-0.918,34.729,2.808,51.941,175.748,56.36,-92.769
-0.463,0.012,-0.788,40.039,10.254,46.082,176.177,55.701,-95.35
-0.411,-0.028,-0.72,37.292,7.812,55.115,176.732,54.981,-97.877
-0.406,0.03,-0.685,34.485,-4.272,74.951,176.616,54.608,-101.387
-0.503,0.069,-0.736,33.936,-11.902,76.111,176.204,54.69,-105.463
-0.578,0.126,-0.865,35.828,-4.944,75.684,175.737,54.756,-109.534
-0.607,0.127,-0.933,38.025,-2.38,66.65,175.501,54.602,-113.34
-0.649,0.112,-1.029,35.583,-2.563,58.777,175.6,54.366,-116.548
-0.565,0.087,-0.915,32.959,-9.949,60.73,175.54,54.41,-119.68
-0.516,0.026,-0.835,37.781,-8.057,56.213,175.534,54.63,-122.761
-0.4,-0.139,-0.723,43.884,-9.094,54.077,176.21,54.684,-125.359
-0.576,-0.1,-0.728,43.274,-26.611,73.059,176.517,55.382,-128.562
-0.741,-0.142,-0.797,54.199,-1.343,81.116,176.902,55.92,-132.369
-0.583,-0.172,-0.78,60.425,23.315,91.797,177.501,54.959,-136.555
-0.462,-0.189,-0.805,53.589,25.574,96.924,177.979,53.525,-140.944
-0.403,-0.203,-0.788,47.974,6.348,96.375,178.325,52.635,-145.327
-0.544,-0.127,-0.803,42.603,-6.958,94.116,178.286,52.767,-149.76
-0.465,-0.191,-0.763,37.781,-4.7,80.017,178.445,52.85,-153.55
-0.535,-0.156,-0.809,30.212,-8.789,65.002,178.484,53.3,-156.583
-0.484,-0.191,-1.002,22.827,2.014,52.063,178.808,53.311,-158.654
-0.5,-0.052,-1.135,14.771,-8.789,57.678,178.539,53.432,-160.9
-0.25,0.032,-0.919,10.986,-4.7,67.322,177.896,53.333,-163.773
-0.463,0.16,-0.875,3.784,-28.32,74.951,176.413,53.74,-167.602
-0.588,0.185,-0.918,14.771,3.967,49.377,175.182,53.987,-170.953
-0.439,0.135,-0.876,22.278,15.93,38.696,175.018,53.047,-172.947
-0.333,0.024,-0.813,25.269,15.808,33.447,175.43,51.987,-174.485
-0.309,0.047,-0.745,15.625,0.366,43.884,175.594,51.235,-176.221
-0.387,0.11,-0.737,11.963,-4.272,51.331,175.144,51.07,-178.621
-0.41,0.185,-0.795,11.902,0.061,52.551,174.452,50.823,178.775
-0.399,0.226,-0.884,14.282,4.272,50.964,173.864,50.24,176.237
-0.302,0.216,-0.893,18.982,2.93,47.913,173.54,49.609,173.815
-0.4,0.267,-0.916,15.503,-24.048,55.542,172.991,49.763,170.98
-0.519,0.202,-1.038,20.508,-16.968,48.828,172.551,50.257,168.08
-0.511,0.25,-1.053,15.442,-19.897,51.453,171.953,50.762,165.306
-0.524,0.223,-0.908,19.714,-17.7,43.579,171.436,51.361,162.713
-0.371,0.064,-0.78,28.381,-14.709,23.132,171.832,51.713,161.115
-0.477,0.006,-0.785,29.297,-25.513,18.86,172.749,52.575,160.115
-0.549,-0.025,-0.848,32.654,3.967,33.447,173.683,53.047,158.824
-0.472,0.001,-0.902,37.964,25.146,40.955,174.606,52.152,157.214
-0.202,-0.04,-0.875,37.903,29.968,45.227,175.737,50.378,155.347
-0.179,-0.043,-0.869,31.86,-3.052,37.903,176.682,49.351,153.067
-0.375,-0.087,-0.839,23.743,-11.353,21.118,177.605,49.576,151.26
-0.448,-0.067,-0.861,14.038,-6.836,13.611,178.319,49.807,150.145
-0.365,-0.091,-0.817,8.728,-2.075,5.188,178.923,49.889,149.562
-0.421,-0.077,-0.789,3.235,-12.207,-1.099,179.335,50.208,149.299
-0.446,-0.147,-0.716,1.648,-11.108,-14.526,179.923,50.812,149.694
-0.452,-0.121,-0.683,-9.583,-9.277,-13.0,-179.681,51.416,150.491
-0.354,-0.035,-0.688,-17.883,5.066,-6.897,-179.874,51.548,151.128
-0.356,0.088,-0.759,-21.79,8.545,5.066,179.286,51.229,151.238
-0.254,0.11,-0.778,-15.564,-1.587,-1.343,178.467,50.971,151.188
-0.317,0.088,-0.806,-12.146,-21.118,-14.465,178.028,51.641,151.589
-0.614,0.088,-0.951,-15.686,-36.499,-16.174,177.665,53.141,152.298
-0.751,0.124,-1.079,-16.113,-11.78,-9.094,177.292,54.355,153.116
-0.792,0.273,-1.094,-18.372,-5.432,16.052,176.034,54.783,152.831
-0.762,0.312,-1.183,-2.38,39.795,8.85,175.166,53.954,152.534
-0.299,0.244,-0.988,13.306,43.701,-2.625,175.325,51.663,152.858
-0.224,0.045,-0.81,13.367,-6.653,-16.968,176.287,50.735,153.666
-0.44,0.075,-0.766,3.113,-12.146,-7.629,176.825,51.52,154.276
-0.367,0.092,-0.688,1.465,-0.366,3.418,176.902,51.669,154.363
-0.286,0.154,-0.648,-0.549,3.601,18.433,176.567,51.526,153.864
-0.182,0.203,-0.611,3.113,4.7,33.691,175.825,51.075,152.424
-0.24,0.159,-0.654,5.737,-17.944,31.799,175.067,50.977,150.436
-0.331,0.214,-0.689,4.7,-17.029,23.01,174.331,51.63,148.716
-0.271,0.175,-0.598,1.465,-38.025,23.621,173.639,52.63,147.189
-0.936,0.292,-0.89,7.629,-53.467,26.428,172.645,54.838,145.25
-1.059,0.152,-1.318,29.175,9.705,18.555,172.941,55.091,144.174
-0.425,-0.017,-1.037,27.283,12.817,16.418,173.859,54.256,143.503
-0.945,-0.046,-1.156,18.311,-0.305,-2.869,174.853,54.619,143.311
-0.393,-0.072,-0.925,14.526,41.016,0.0,176.006,53.004,143.778
-0.296,-0.008,-0.896,2.869,-0.549,8.545,176.424,52.224,143.427
-0.427,0.063,-0.805,5.676,-8.118,9.644,176.539,52.52,142.712
-0.487,0.023,-0.773,12.268,-9.521,5.31,176.94,52.844,142.092
-0.496,-0.042,-0.766,14.893,2.38,-7.507,177.687,53.086,141.998
-0.37,-0.137,-0.717,8.545,0.793,-22.4,178.94,52.998,142.91
-0.561,-0.137,-0.857,1.282,-3.967,-24.17,179.984,53.289,144.113
-0.374,-0.136,-0.741,-4.211,6.775,-22.095,-179.138,53.168,145.388
-0.492,-0.042,-0.767,-9.705,-9.583,-12.512,-178.808,53.372,146.206
-0.304,-0.049,-0.623,-8.423,8.789,-10.01,-178.687,53.295,146.728
-0.39,0.0,-0.665,-14.038,-10.01,-6.348,-178.879,53.372,147.079
-0.354,-0.004,-0.661,-15.625,-2.441,-10.498,-179.236,53.613,147.486
-0.404,0.027,-0.792,-16.052,-8.362,-15.015,-179.555,53.91,148.2
-0.538,0.05,-0.805,-12.695,-26.062,-12.329,-179.857,54.866,148.892
-0.708,0.059,-1.029,-8.24,-17.029,-4.028,179.973,55.997,149.376
-1.081,0.187,-1.243,6.714,12.756,-0.366,179.72,56.459,149.431
-0.493,0.087,-1.099,8.057,64.575,3.113,-179.786,54.009,149.854
-0.218,0.088,-1.072,6.836,14.099,8.789,-179.753,52.108,149.474
-0.418,0.026,-0.925,-3.174,-15.686,-10.803,-179.604,52.438,149.546
-0.551,0.092,-0.857,-8.24,-8.423,-12.146,-179.742,52.976,150.128
-0.458,0.115,-0.796,-9.155,1.953,-5.615,-179.967,53.009,150.661
-0.454,0.161,-0.771,-1.587,-2.075,3.174,179.621,53.015,150.705
-0.415,0.13,-0.717,3.235,0.0,3.235,179.462,53.102,150.584
-0.354,0.116,-0.673,2.747,0.0,4.456,179.341,53.064,150.447
-0.371,0.126,-0.662,1.282,0.0,6.714,179.11,53.069,150.205
-0.376,0.146,-0.675,6.653,-0.793,12.817,178.868,53.015,149.755
-0.422,0.182,-0.747,15.808,-4.028,20.142,178.715,53.135,148.843
-0.283,0.096,-0.73,18.066,-15.137,25.635,178.781,53.405,147.579
-0.421,0.067,-0.826,9.46,-43.701,17.151,178.55,54.783,146.162
-0.803,0.082,-0.898,5.798,-44.312,6.287,178.292,57.178,145.344
-0.718,0.0,-0.9,6.226,-17.456,0.0,178.506,58.53,145.333
-1.018,0.046,-1.001,10.742,-22.522,-2.93,178.797,59.584,145.41
-0.839,-0.059,-1.037,25.085,34.241,-11.353,-179.747,59.222,146.316
-0.41,-0.174,-0.912,19.897,38.391,1.587,-178.352,57.206,146.805
-0.322,-0.102,-0.809,-3.418,5.432,15.503,-178.264,56.316,146.184
-0.419,-0.008,-0.738,-8.057,-10.376,11.414,-178.896,56.459,145.217
-0.573,0.01,-0.732,-3.479,-3.296,-2.625,-179.225,57.008,144.926
-0.497,-0.053,-0.768,1.465,11.23,-12.39,-178.846,56.695,145.497
-0.573,-0.084,-0.871,-0.427,16.052,-18.188,-178.259,56.162,146.448
-0.354,-0.14,-0.756,-3.54,16.418,-23.804,-177.523,55.223,147.761
-0.513,-0.125,-0.766,-14.221,-10.742,-19.958,-177.083,55.157,149.041
-0.376,-0.057,-0.624,-16.907,11.414,-13.733,-177.198,55.212,150.024
-0.417,-0.0,-0.651,-25.818,-9.46,-4.333,-177.748,55.042,150.65
-0.44,0.105,-0.687,-18.494,8.667,-4.211,-178.802,55.283,150.87
-0.276,0.007,-0.667,-11.841,5.981,-15.991,-179.072,54.739,151.683
-0.571,0.046,-0.834,-19.226,-31.006,-7.629,-179.522,55.453,152.402
-0.837,0.121,-1.055,-11.536,-2.808,-0.671,179.791,56.481,152.704
-0.617,0.186,-1.153,-12.756,12.085,18.921,178.956,55.783,152.402
-0.782,0.298,-1.208,7.69,17.944,18.188,178.05,55.574,151.386
-0.374,0.197,-1.104,18.433,37.537,10.986,178.308,53.503,150.903
-0.404,0.042,-1.02,16.663,-5.31,-8.301,179.088,53.031,150.985
-0.521,0.015,-0.93,1.038,-8.423,-11.292,179.648,53.399,151.628
-0.541,0.034,-0.849,-6.897,-9.277,-7.324,179.615,53.8,152.133
-0.479,0.125,-0.741,-9.277,-8.301,4.822,179.127,54.168,152.298
-0.488,0.171,-0.707,-0.183,-5.188,9.033,178.55,54.569,151.996
-0.337,0.14,-0.587,7.507,-1.831,10.376,178.358,54.635,151.672
-0.381,0.148,-0.618,12.146,-5.981,14.954,178.242,54.893,151.046
-0.393,0.137,-0.649,13.184,-5.005,13.977,178.248,55.063,150.353
-0.443,0.135,-0.702,16.296,-0.671,11.78,178.314,55.201,149.661
-0.363,0.065,-0.693,11.353,-5.188,0.061,178.698,55.217,149.496
-0.675,0.073,-0.972,5.615,-19.165,-4.578,178.984,55.827,149.705
-0.833,0.011,-1.125,5.188,-0.977,-6.592,179.291,56.47,150.128
-0.433,-0.14,-0.834,2.991,11.108,-18.188,-179.934,56.288,151.287
-0.827,-0.072,-0.89,-15.686,-18.982,-10.803,-179.929,56.805,152.265
-0.646,-0.037,-0.947,-4.883,32.776,-13.611,-179.819,56.338,153.336
-0.43,-0.042,-0.918,-9.46,8.85,-2.014,-179.753,55.333,154.1
-0.566,0.049,-0.911,0.61,12.756,11.658,179.918,55.031,153.913
-0.375,0.005,-0.768,6.897,5.31,12.939,179.907,54.399,153.408
-0.507,-0.035,-0.726,6.348,-7.935,10.315,179.973,54.712,152.891
-0.538,-0.043,-0.749,4.639,1.587,2.258,-179.83,54.833,152.814
-0.309,-0.096,-0.627,3.601,14.343,-4.517,-179.346,54.278,153.232
-0.397,-0.11,-0.669,-4.944,-6.226,-10.559,-178.995,54.179,153.809
-0.406,-0.083,-0.647,-11.597,-3.967,-10.498,-178.868,54.421,154.616
-0.476,-0.06,-0.703,-9.155,-1.16,-9.399,-178.89,54.69,155.363
-0.387,-0.056,-0.729,-8.728,2.075,0.732,-178.94,54.613,155.907
-0.501,-0.005,-0.859,-9.888,-14.038,9.46,-179.379,54.893,155.731
-0.695,0.123,-1.048,-3.662,-1.404,14.099,-180.0,55.421,155.226
-0.791,0.187,-1.285,4.333,11.841,23.804,179.599,54.827,154.413
-0.433,0.104,-1.172,13.855,32.837,15.625,179.583,53.668,153.534
-0.289,0.08,-1.111,7.629,-5.676,4.761,179.78,52.751,153.034
-0.568,0.051,-1.03,-0.916,-15.869,-14.404,-179.896,53.564,153.424
-0.456,0.093,-0.894,-9.033,-10.62,-18.799,-179.846,53.822,154.407
-0.554,0.081,-0.789,-10.681,-15.381,-19.165,-179.835,54.646,155.627
-0.398,0.113,-0.656,-9.033,-2.136,-0.549,179.791,54.888,156.27
-0.437,0.148,-0.643,-5.737,-14.465,12.024,179.072,55.349,156.011
-0.422,0.174,-0.646,0.183,0.854,23.071,178.264,55.574,155.171
-0.441,0.225,-0.706,12.634,9.399,31.189,177.413,55.256,153.726
-0.324,0.139,-0.668,18.433,0.671,23.193,177.231,54.75,152.43
-0.429,0.125,-0.665,15.991,-16.724,16.602,177.193,55.151,151.348
-0.47,0.052,-0.703,16.235,-6.714,3.174,177.512,55.739,150.925
-0.757,0.075,-1.026,6.409,-14.587,-1.77,177.951,56.151,151.095
-0.823,0.053,-1.165,0.977,7.629,-6.287,178.16,56.459,151.534
-0.618,0.029,-1.179,-1.953,7.324,-10.437,178.484,55.937,152.485
-0.701,-0.004,-1.169,11.353,15.991,-8.85,178.912,55.964,153.221
-0.447,-0.114,-1.023,10.132,19.897,-2.014,179.824,54.805,153.891
-0.431,-0.027,-0.945,1.953,0.793,15.015,179.929,54.333,153.479
-0.417,-0.013,-0.796,7.629,-5.005,13.672,179.907,54.443,152.611
-0.53,-0.007,-0.779,6.348,-8.85,13.916,179.978,54.712,151.804
-0.466,-0.045,-0.69,6.104,-0.61,4.578,-179.874,54.899,151.386
-0.469,-0.057,-0.694,1.648,0.732,-4.028,-179.561,54.943,151.633
-0.434,-0.076,-0.685,1.831,16.968,-11.23,-179.088,54.553,152.369
-0.265,-0.15,-0.662,-0.793,14.343,-20.935,-178.319,53.712,153.567
-0.358,-0.146,-0.656,-17.456,-18.25,-18.127,-178.039,53.921,154.627
-0.567,-0.032,-0.728,-16.602,-5.737,-16.113,-178.226,54.855,155.671
-0.488,-0.004,-0.784,-11.414,5.31,-6.775,-178.423,54.877,156.572
-0.592,0.052,-0.979,-15.869,-11.597,-0.122,-178.792,54.948,157.121
-0.628,0.2,-1.072,0.488,-4.15,-1.77,-179.341,55.607,157.264
-0.643,0.163,-1.08,4.15,-18.372,9.094,-179.198,55.69,157.346
-0.931,0.163,-1.169,16.602,11.597,4.272,-179.077,56.525,157.033
-0.422,0.06,-1.007,19.714,53.711,2.502,-178.297,54.393,157.302
-0.215,0.014,-0.924,7.812,8.606,5.31,-177.896,52.778,157.154
-0.319,-0.012,-0.794,-3.052,0.61,-8.667,-177.819,52.663,157.22
-0.303,0.026,-0.664,-14.282,-12.878,-7.629,-178.149,52.822,157.599
-0.4,0.1,-0.686,-15.076,-1.77,3.296,-178.934,53.196,157.632
-0.279,0.141,-0.683,-7.874,-2.502,14.893,-179.879,52.927,157.028
-0.46,0.184,-0.722,-1.587,-25.391,22.156,179.209,53.751,155.907
-0.443,0.174,-0.686,5.554,-11.841,21.545,178.506,54.41,154.726
-0.461,0.161,-0.746,10.803,-19.531,14.465,178.105,55.162,153.787
-0.642,0.097,-0.928,13.489,-20.203,4.456,178.308,55.992,153.435
-0.738,0.021,-1.018,10.315,-9.705,5.737,178.616,56.722,153.342
-0.577,-0.049,-1.033,2.991,-7.385,0.549,178.792,57.003,153.386
-0.953,0.063,-1.146,2.014,3.723,5.615,178.665,57.75,153.419
-0.555,-0.021,-1.034,18.066,47.913,2.93,179.209,56.14,153.688
-0.379,-0.072,-0.99,6.897,9.033,13.794,179.791,54.668,153.534
-0.384,-0.001,-0.789,0.305,-4.517,20.508,179.506,54.586,152.402
-0.464,0.048,-0.714,-4.15,-18.066,18.738,178.885,55.042,151.073
-0.485,0.033,-0.664,4.944,-0.488,-0.366,178.605,55.547,150.447
-0.419,-0.038,-0.646,2.93,1.587,-15.686,179.214,55.448,151.133
-0.407,-0.077,-0.632,-0.061,7.69,-22.583,179.978,55.355,152.408
-0.487,-0.07,-0.66,-6.409,-12.085,-26.855,-179.302,55.591,154.039
-0.464,-0.014,-0.669,-4.15,5.676,-22.888,-178.676,55.865,155.753
-0.466,-0.038,-0.705,-1.221,-6.775,-12.939,-178.182,55.953,157.017
-0.401,-0.091,-0.749,-5.615,13.245,10.437,-178.121,55.893,157.286
-0.305,0.048,-0.848,-16.724,-13.184,30.762,-179.445,55.684,155.709
-0.61,0.166,-0.897,-10.559,-40.344,14.038,179.214,57.305,154.204
-0.901,0.243,-1.024,2.747,-28.015,19.958,178.358,58.832,153.177
-0.836,0.18,-1.131,15.747,10.803,9.766,178.358,59.03,152.578
-0.586,0.158,-1.15,20.752,23.499,6.897,178.885,57.942,152.457
-0.455,0.029,-1.011,17.273,-1.099,-8.606,179.769,57.25,152.562
-0.635,0.009,-0.902,2.441,-13.733,-16.541,-179.401,57.711,153.303
-0.545,0.045,-0.728,-5.554,-7.507,-13.245,-179.088,58.184,154.21
-0.361,0.074,-0.524,-8.423,-7.263,-2.563,-179.253,58.491,154.819
-0.27,0.107,-0.425,-2.747,-16.174,3.174,-179.698,59.019,154.907
-0.333,0.134,-0.436,5.005,-25.391,11.78,179.923,60.002,154.594
-0.516,0.11,-0.567,13.306,-16.357,20.752,179.495,61.068,153.677
-0.488,0.101,-0.594,13.367,-4.517,22.522,179.138,61.425,152.611
-0.839,0.134,-0.921,15.747,-11.108,26.306,178.693,61.699,151.353
-0.961,0.0,-1.139,22.034,5.005,11.963,178.841,61.743,150.617
-0.898,-0.141,-1.233,15.503,12.634,2.075,179.654,61.21,150.809
-0.708,-0.207,-1.118,6.47,23.56,-1.953,-179.654,60.491,151.172
-0.524,-0.147,-0.958,-9.949,7.507,13.062,-179.78,59.584,150.699
-0.617,0.0,-0.846,-7.69,-9.705,21.545,179.242,59.793,149.117
-0.593,0.005,-0.728,1.709,-10.62,23.682,178.594,60.183,147.568
-0.678,0.004,-0.676,7.446,-13.916,26.733,178.022,60.82,146.019
-0.615,-0.025,-0.598,17.456,7.629,22.095,177.896,61.024,144.981
-0.554,-0.073,-0.585,17.7,13.245,25.513,178.176,60.48,144.377
-0.531,-0.059,-0.557,21.057,19.531,26.489,178.303,59.892,143.63
-0.543,-0.087,-0.635,23.132,23.438,31.799,178.748,58.903,142.839
-0.535,-0.005,-0.693,20.63,17.395,45.166,178.693,58.046,141.108
-0.4,-0.016,-0.661,28.625,10.803,45.41,178.66,57.382,138.51
-0.321,-0.094,-0.637,24.292,-5.127,40.527,178.885,57.162,135.341
-0.678,-0.021,-1.019,8.606,-23.193,42.725,178.649,57.662,131.677
-0.714,0.05,-1.12,-3.784,-37.231,41.626,177.561,58.59,127.744
-0.771,0.132,-1.099,-4.089,-20.813,15.015,176.336,60.244,124.931
-0.645,0.183,-1.163,-22.766,-14.465,11.536,175.089,60.535,123.327
-0.62,0.0,-1.016,-45.471,-32.41,-42.786,173.996,61.826,123.492
-0.983,0.123,-0.912,-84.534,-40.466,-88.44,173.156,64.369,126.859
-0.781,0.239,-0.782,-58.35,10.681,-83.557,173.342,65.347,132.237
-0.626,0.193,-0.718,-31.372,9.094,-33.386,173.694,65.27,136.236
-0.514,0.066,-0.632,-9.46,5.188,24.78,172.771,64.852,136.549
-0.475,0.207,-0.494,-5.737,-5.493,56.396,170.42,64.506,134.0
-0.573,0.438,-0.522,42.48,-1.282,91.492,168.19,63.913,129.831
-0.717,0.479,-0.661,103.821,12.695,149.292,167.031,62.133,123.283
-0.518,0.341,-0.691,147.949,6.958,184.57,167.168,59.112,114.214
-0.961,0.317,-0.999,160.278,-33.264,204.285,168.146,57.486,103.59
-0.912,0.024,-0.961,153.992,-6.714,220.581,169.382,56.08,91.077
-0.692,-0.014,-0.738,131.836,-3.235,235.779,169.942,53.976,75.482
-0.644,-0.146,-0.781,132.751,4.15,179.199,171.486,52.031,61.595
-0.479,-0.312,-0.755,86.365,-1.404,129.761,173.787,50.79,51.4
-0.562,-0.135,-0.848,51.819,6.531,105.835,174.699,50.043,43.555
-0.412,-0.146,-0.808,43.274,28.015,88.196,175.49,48.538,37.117
-0.305,-0.074,-0.791,24.048,13.0,78.857,175.875,47.032,31.569
-0.44,-0.003,-0.782,25.757,-2.625,66.65,176.034,46.626,26.57
-0.499,-0.047,-0.78,23.804,-1.831,56.58,176.512,46.434,22.22
-0.488,-0.089,-0.79,23.865,6.226,47.119,177.001,46.291,18.314
-0.417,-0.139,-0.827,13.062,5.127,34.424,177.539,45.862,15.183
-0.451,-0.004,-0.925,9.644,-1.404,25.391,177.775,45.84,12.607
-0.586,0.059,-1.052,7.019,6.042,43.884,177.924,45.775,9.855
-0.467,0.042,-1.188,9.827,31.25,33.752,177.874,45.016,6.773
0.04,-0.023,-0.994,4.272,54.321,28.381,178.066,42.484,4.559
0.031,0.179,-0.925,-19.714,-9.094,45.349,177.094,41.122,2.153
-0.299,0.251,-0.987,-0.977,3.54,39.917,175.93,41.138,-0.544
-0.087,0.164,-0.971,16.785,11.353,31.982,175.765,40.204,-2.873
-0.062,0.033,-0.919,15.198,-12.817,29.907,176.21,39.836,-4.812
-0.253,0.099,-0.851,6.958,-27.405,33.997,176.177,40.556,-6.921
-0.278,0.133,-0.832,9.155,-6.897,35.767,176.017,41.089,-9.201
-0.206,0.165,-0.854,11.414,-7.446,36.56,175.924,41.072,-11.673
-0.188,0.164,-0.91,14.893,0.427,32.715,176.045,40.957,-13.892
-0.162,0.192,-0.997,17.761,-0.427,37.964,176.254,40.562,-16.188
-0.176,0.185,-1.056,17.517,-11.536,41.077,176.429,40.562,-18.721
-0.328,0.189,-1.11,13.855,-23.193,37.964,176.473,41.138,-21.209
-0.293,0.126,-0.976,20.386,-24.719,30.701,176.572,42.149,-23.604
-0.206,-0.078,-0.839,22.339,-27.344,25.33,177.209,43.121,-25.45
-0.436,-0.056,-0.809,13.672,-56.763,37.598,177.369,45.115,-27.631
-0.621,-0.07,-0.909,18.738,-1.465,44.373,177.693,46.406,-30.119
-0.338,-0.02,-0.875,20.63,20.081,55.786,177.77,45.703,-33.135
-0.113,-0.037,-0.83,10.925,4.028,50.354,177.852,44.747,-36.046
-0.297,0.046,-0.842,11.963,-13.916,38.818,177.632,44.956,-38.54
-0.262,-0.02,-0.789,8.606,-7.019,19.714,177.847,45.203,-40.089
-0.277,0.017,-0.797,7.874,-6.287,2.686,178.066,45.456,-40.814
-0.263,-0.074,-0.759,3.967,-14.526,-21.606,178.748,45.862,-40.325
-0.286,-0.122,-0.677,-7.568,-26.855,-33.569,179.401,46.884,-38.842
-0.445,-0.072,-0.639,-16.968,-29.419,-35.828,179.648,48.505,-37.007
-0.378,-0.051,-0.74,-20.874,-10.132,-32.654,179.753,49.312,-35.195
-0.516,0.061,-0.944,-23.682,-32.715,-26.062,179.44,50.554,-33.81
-0.775,0.212,-1.098,-15.564,-16.724,-16.235,179.022,52.207,-33.014
-0.639,0.243,-1.083,9.399,19.47,-4.7,178.989,51.872,-33.173
-0.474,0.173,-1.127,7.263,11.719,-4.456,179.55,51.097,-33.333
-0.483,0.15,-1.088,13.489,18.86,-7.629,-179.962,50.576,-33.541
-0.292,0.056,-0.936,6.592,6.226,-13.55,-179.341,49.834,-33.316
-0.435,0.064,-0.862,-6.653,-7.996,-16.113,-179.165,50.087,-32.816
-0.407,0.111,-0.772,-9.888,-10.193,-5.432,-179.467,50.46,-32.574
-0.382,0.144,-0.701,-5.981,-7.812,-0.488,-179.995,50.955,-32.915
-0.362,0.137,-0.652,-1.404,-7.568,2.869,179.665,51.367,-33.437
-0.321,0.145,-0.624,2.197,2.991,11.536,179.242,51.526,-34.448
-0.344,0.153,-0.697,4.395,-0.549,11.475,178.901,51.389,-35.607
-0.332,0.144,-0.762,6.531,0.244,12.39,178.632,51.339,-36.804
-0.31,0.144,-0.776,4.333,-13.977,11.536,178.385,51.603,-37.925
-0.375,0.118,-0.722,4.15,-32.837,6.47,178.094,52.63,-38.897
-0.724,0.089,-0.992,-2.075,-38.208,4.578,177.764,54.261,-39.617
-0.881,0.019,-1.056,-12.39,-28.625,-5.554,177.22,55.915,-40.078
-0.799,0.063,-0.918,-20.752,-13.855,-27.039,176.847,57.019,-39.337
-0.991,0.054,-1.182,-4.883,30.396,-42.664,177.578,56.97,-37.293
-0.421,-0.063,-1.072,4.822,80.75,-32.837,179.088,53.926,-35.024
-0.125,-0.059,-0.98,-9.521,26.245,-6.348,179.577,51.46,-33.937
-0.315,0.044,-0.805,-3.784,-7.141,-8.606,179.396,51.323,-33.552
-0.38,-0.004,-0.681,1.038,-17.639,-20.447,179.89,51.905,-32.52
-0.336,-0.099,-0.573,5.31,-6.165,-27.222,-179.22,52.542,-31.163
-0.519,-0.111,-0.723,-1.953,-4.211,-28.015,-178.259,52.905,-29.509
-0.306,-0.13,-0.664,-2.563,28.931,-25.269,-177.49,52.251,-28.004
-0.188,-0.103,-0.669,-6.775,-1.587,-16.846,-176.929,51.378,-26.653
-0.272,-0.066,-0.633,-4.944,-19.592,-1.709,-176.786,52.037,-25.917
-0.386,-0.009,-0.757,-6.226,-35.217,10.559,-177.001,53.097,-25.922
-0.698,0.043,-0.886,5.249,-27.71,7.812,-177.297,54.954,-26.428
-0.819,0.093,-1.285,-1.099,-9.521,12.512,-177.297,55.618,-26.938
-0.862,0.109,-1.35,7.08,57.8,21.545,-177.643,55.091,-28.059
-0.176,0.145,-1.225,11.414,36.743,20.508,-178.0,51.998,-29.603
-0.519,0.031,-1.114,8.545,-23.987,3.601,-177.775,52.289,-30.092
-0.567,0.086,-0.89,1.282,-6.531,4.272,-177.852,52.949,-30.306
-0.447,0.013,-0.745,0.244,-12.634,-4.456,-177.847,53.322,-30.344
-0.436,0.06,-0.657,-11.353,-12.878,4.639,-178.292,54.003,-30.454
-0.346,0.124,-0.585,-10.62,-9.583,12.451,-179.269,54.509,-31.24
-0.333,0.148,-0.544,-4.944,-17.7,14.16,179.835,55.179,-32.256
-0.417,0.172,-0.599,3.479,-19.592,21.667,179.028,56.085,-33.734
-0.448,0.188,-0.697,11.902,-18.25,26.367,178.352,57.008,-35.689
-0.431,0.132,-0.708,10.742,-35.95,24.414,177.737,58.134,-37.771
-0.939,0.096,-0.883,13.306,-37.17,13.489,177.319,60.211,-39.43
-0.672,-0.014,-0.884,13.0,13.794,6.897,177.479,60.606,-40.287
-0.891,-0.027,-0.993,5.31,-14.832,6.47,177.61,60.573,-40.787
-0.76,-0.039,-1.0,10.559,16.968,0.244,177.907,60.606,-40.941
-0.47,-0.103,-0.853,6.348,17.944,10.925,178.522,59.7,-40.891
-0.417,0.047,-0.738,-4.333,-4.578,36.987,177.786,59.178,-42.149
-0.477,0.076,-0.665,-0.732,-11.292,30.457,176.605,59.485,-44.066
-0.573,0.069,-0.663,0.977,-12.695,23.621,175.787,59.925,-45.505
-0.57,0.037,-0.688,6.47,6.653,20.935,175.287,59.93,-46.758
-0.419,0.003,-0.646,7.568,8.667,20.325,175.133,59.315,-47.758
-0.451,0.027,-0.67,8.667,-11.414,19.043,175.007,59.359,-48.73
-0.544,0.026,-0.674,12.146,-17.212,24.475,174.897,60.046,-49.938
-0.47,0.033,-0.571,15.564,-16.479,32.654,174.628,60.705,-51.63
-0.555,0.097,-0.616,13.611,-28.198,45.898,173.936,61.573,-54.069
-0.867,0.224,-0.846,26.611,-17.334,53.528,172.793,62.6,-57.431
-0.75,0.258,-0.974,47.485,13.306,73.975,172.375,61.837,-61.32
-0.974,0.3,-1.213,67.322,20.935,70.496,172.354,60.672,-65.803
-0.443,0.075,-1.003,60.486,44.922,51.575,173.941,58.271,-68.796
-0.5,0.172,-0.973,33.813,3.174,52.49,174.452,56.865,-71.587
-0.475,0.085,-0.864,26.001,15.564,25.696,174.853,56.096,-73.493
-0.458,0.205,-0.777,21.301,5.798,25.696,175.089,55.426,-74.636
-0.325,0.089,-0.682,26.001,13.855,17.944,175.699,54.728,-75.613
-0.27,0.108,-0.644,19.836,1.282,24.17,176.138,54.152,-76.569
-0.201,0.032,-0.561,12.451,-2.808,19.531,176.32,53.992,-77.596
-0.455,0.211,-0.716,-1.831,-7.507,24.109,175.594,54.135,-78.766
-0.377,0.122,-0.755,4.639,10.193,-2.258,175.512,53.784,-79.052
-0.389,0.153,-0.811,-9.338,4.761,-9.705,175.336,53.443,-78.514
-0.511,0.158,-1.014,-13.733,-10.498,-27.222,175.331,53.509,-77.086
-0.666,0.073,-1.079,-7.568,-12.634,-31.86,175.512,54.261,-75.405
-0.702,-0.013,-1.192,-22.034,-12.146,-31.677,175.748,54.778,-73.372
-0.91,0.159,-1.172,-7.446,17.395,-27.893,175.331,55.311,-71.889
-0.478,-0.02,-0.989,-14.526,14.893,-32.715,176.314,54.24,-69.247
-0.509,0.008,-0.899,-10.071,1.587,-13.428,176.402,54.108,-67.769
-0.447,0.044,-0.765,-14.709,1.526,-6.104,176.177,54.141,-66.967
-0.472,0.114,-0.704,-14.465,-5.981,0.977,175.6,54.283,-66.621
-0.445,0.083,-0.667,-6.042,4.639,-11.841,175.248,54.448,-66.292
-0.348,0.016,-0.598,-7.507,4.272,-26.672,175.594,54.393,-64.979
-0.387,-0.022,-0.68,-14.282,1.465,-37.231,176.083,54.443,-62.985
-0.379,-0.035,-0.688,-14.771,6.042,-47.791,176.71,54.547,-60.309
-0.278,-0.049,-0.631,-22.644,-17.639,-41.016,177.286,54.915,-57.497
-0.498,-0.025,-0.795,-24.475,-31.372,-39.307,177.435,56.404,-55.102
-0.681,0.077,-0.935,-27.466,-32.898,-36.316,177.292,58.178,-52.938
-0.818,0.09,-1.097,-18.921,-18.738,-31.494,177.484,59.507,-50.9
-0.928,0.261,-1.155,-12.878,4.7,-18.494,177.133,60.211,-49.834
-0.731,0.213,-1.119,-3.113,41.626,-12.573,177.506,58.903,-48.807
-0.375,0.18,-0.99,-2.808,21.79,-5.798,177.578,57.189,-48.417
-0.505,0.159,-0.883,-4.578,-5.798,-8.24,177.451,57.101,-48.175
-0.445,0.124,-0.761,-4.028,2.197,-14.709,177.49,57.063,-47.637
-0.429,0.134,-0.658,-6.714,-7.446,-4.456,177.38,57.261,-47.219
-0.398,0.165,-0.632,-4.944,-7.324,7.141,176.874,57.497,-47.554
-0.359,0.182,-0.59,-1.709,-8.179,17.456,176.078,57.783,-48.642
-0.488,0.237,-0.687,0.61,-12.024,21.545,175.111,58.162,-50.213
-0.473,0.232,-0.694,6.409,-3.906,17.822,174.348,58.337,-51.833
-0.376,0.18,-0.641,7.019,-9.033,18.738,173.837,58.436,-53.322
-0.566,0.205,-0.781,4.517,-29.846,16.113,173.145,59.15,-54.926
-0.991,0.177,-0.984,11.047,-15.076,14.099,172.645,60.469,-56.426
-0.525,-0.036,-0.796,21.912,22.461,-12.695,173.359,60.194,-56.706
-1.023,0.058,-0.936,-3.784,-17.09,-7.263,174.106,60.606,-55.981
-0.517,-0.121,-0.839,8.057,39.734,-21.912,175.402,59.656,-54.805
-0.493,-0.002,-0.873,-23.804,-9.216,2.441,175.375,59.266,-53.987
-0.541,0.127,-0.769,-14.038,2.747,8.606,174.227,59.431,-54.492
-0.41,0.118,-0.637,-7.629,-7.935,-3.113,173.826,59.48,-54.52
-0.521,0.081,-0.628,-2.319,-15.198,-8.728,173.875,60.194,-54.261
-0.63,0.027,-0.702,2.014,-9.277,-23.499,174.479,60.936,-53.383
-0.452,-0.079,-0.584,-2.991,0.061,-34.607,175.77,61.243,-51.509
-0.554,-0.046,-0.594,-21.729,-23.743,-27.283,176.364,62.216,-49.592
-0.597,0.019,-0.649,-17.212,-1.343,-25.635,176.462,63.188,-48.065
-0.483,0.014,-0.657,-15.93,-3.052,-24.841,176.885,63.331,-46.434
-0.556,0.049,-0.759,-16.418,-10.681,-14.954,177.083,63.682,-45.176
-0.791,0.136,-0.915,-8.85,-14.587,-21.545,177.045,64.583,-44.368
-0.685,0.176,-0.968,-9.033,0.183,-16.663,177.556,64.83,-43.165
-1.135,0.227,-1.111,5.066,-23.621,-16.724,177.874,65.803,-42.55
-0.837,0.209,-0.959,6.409,33.63,-4.211,178.572,65.396,-42.111
-0.729,0.154,-0.914,16.785,10.62,-9.216,179.171,64.385,-42.177
-0.474,0.064,-0.665,14.16,15.32,-22.705,-179.467,63.743,-41.364
-0.352,0.019,-0.549,4.822,-14.343,-18.86,-178.347,63.748,-40.358
-0.395,0.031,-0.47,-0.61,-28.931,-13.977,-177.869,65.028,-39.743
-0.534,0.024,-0.551,-1.282,-28.992,-7.935,-177.665,66.451,-39.386
-0.468,0.038,-0.523,-2.38,-16.968,8.118,-177.951,67.357,-39.803
-0.559,0.088,-0.542,0.549,-24.963,14.709,-178.841,68.505,-41.138
-0.643,0.037,-0.602,2.136,-26.001,-5.188,-179.099,69.631,-41.786
-0.926,0.009,-0.704,0.061,-29.053,-13.855,-178.649,71.208,-41.325
-0.939,-0.099,-0.873,0.305,7.874,-14.16,-177.737,71.532,-40.413
-1.078,-0.114,-0.832,2.319,1.221,-8.789,-177.16,71.9,-39.847
-0.93,-0.102,-0.84,6.287,36.743,-5.371,-176.528,70.631,-39.49
-0.851,-0.086,-0.904,9.033,27.954,11.475,-176.188,69.192,-39.809
-0.616,-0.092,-0.7,11.841,21.24,22.888,-176.391,68.033,-41.138
-0.549,-0.079,-0.608,8.789,2.197,28.503,-177.001,67.467,-42.979
-0.562,-0.102,-0.584,1.099,-1.282,30.457,-177.814,67.56,-44.857
-0.41,-0.053,-0.424,-3.418,-7.446,26.672,-179.099,67.753,-46.84
-0.529,-0.059,-0.525,-3.357,-10.193,9.399,-179.786,68.187,-47.889
-0.562,-0.078,-0.54,0.0,7.385,-4.028,-179.687,68.302,-47.878
-0.486,-0.128,-0.521,-6.775,-2.075,-8.728,-179.088,68.115,-47.12
-0.77,-0.069,-0.703,-17.09,-19.287,-4.028,-179.171,68.796,-46.62
-1.076,0.11,-0.981,-7.324,-8.606,-2.38,-179.357,69.576,-46.296
-0.717,0.119,-0.887,8.179,33.752,15.381,-179.429,68.796,-46.862
-0.947,0.172,-0.928,12.39,-19.226,25.269,179.868,68.758,-48.719
-0.8,0.184,-0.847,11.78,18.066,27.222,178.879,68.401,-50.999
-0.67,0.134,-0.742,6.897,-6.226,7.996,178.434,67.945,-52.438
-0.553,0.094,-0.607,6.531,6.226,0.427,178.396,68.016,-52.998
-0.325,0.07,-0.448,3.235,1.343,6.592,178.467,67.599,-53.394
-0.482,0.162,-0.496,4.944,-18.799,24.841,177.638,68.005,-54.86
-0.561,0.173,-0.495,13.916,-13.794,32.471,176.435,68.648,-57.371
-0.601,0.178,-0.517,20.996,-21.851,32.959,175.325,69.219,-60.244
-0.812,0.138,-0.714,29.175,-16.357,31.921,174.639,70.131,-63.073
-0.902,0.077,-0.823,27.588,-16.846,40.222,173.925,70.757,-66.132
-0.991,-0.006,-1.007,22.034,-17.639,37.476,173.128,71.301,-69.197
-1.35,0.115,-0.978,18.372,-32.898,38.452,171.562,73.092,-72.57
-1.009,0.009,-0.77,37.537,38.696,17.456,172.013,72.065,-74.202
-0.746,-0.015,-0.707,25.818,36.987,31.982,172.782,70.247,-75.366
-0.485,-0.021,-0.559,22.522,24.78,33.936,172.645,68.544,-77.41
-0.43,-0.034,-0.502,20.142,7.996,23.071,172.864,67.709,-78.948
-0.408,-0.037,-0.43,20.02,-0.366,20.63,173.117,67.538,-80.151
-0.642,-0.003,-0.541,12.634,-18.433,26.978,173.172,67.896,-81.524
-0.637,0.066,-0.604,21.423,-2.441,32.532,172.744,68.198,-83.507
-0.584,0.136,-0.588,34.18,-14.465,48.401,172.227,68.362,-86.215
-0.705,0.147,-0.604,49.805,-26.306,56.946,171.859,68.923,-89.758
-0.985,0.236,-0.887,51.453,-29.053,81.909,170.931,69.549,-94.609
-1.068,0.285,-0.926,51.27,-29.114,102.905,168.673,70.016,-101.277
-1.128,0.378,-1.006,63.477,6.287,104.187,166.047,69.307,-108.6
-0.725,0.166,-0.818,75.806,23.682,105.408,165.179,67.083,-114.835
-0.37,0.046,-0.638,67.749,-3.174,119.202,164.377,64.753,-121.558
-0.538,0.202,-0.584,54.688,-37.048,110.291,162.669,64.067,-129.045
-0.508,0.293,-0.522,65.247,-18.982,100.83,161.252,63.616,-135.983
-0.609,0.313,-0.619,63.965,-30.212,90.942,160.675,63.083,-142.042
-0.699,0.279,-0.73,67.566,-15.442,74.402,160.675,62.661,-147.272
-0.908,0.278,-0.991,55.603,-10.254,76.843,161.005,61.935,-151.661
-0.634,0.313,-0.771,53.223,-12.329,90.576,160.494,60.919,-156.643
-0.623,0.24,-0.664,63.232,-37.964,74.585,160.214,60.71,-161.757
-0.765,0.17,-0.648,66.956,-35.4,72.144,160.62,61.414,-166.366
-0.796,0.128,-0.648,75.867,-23.132,82.642,161.197,61.496,-171.057
-0.696,0.114,-0.616,85.022,-5.188,91.248,162.021,60.738,-175.984
-0.651,0.004,-0.676,80.811,0.488,85.205,163.416,59.722,179.55
-0.602,-0.018,-0.678,69.336,-5.981,69.946,164.713,58.931,175.71
-0.56,-0.045,-0.673,53.65,-6.714,60.12,165.932,58.667,172.689
-0.609,-0.1,-0.738,44.922,-17.029,42.786,166.91,58.848,170.217
-0.638,-0.082,-0.802,22.034,-9.766,38.513,167.69,59.255,168.453
-0.775,0.096,-0.92,12.634,-22.278,27.771,167.531,59.832,166.718
-0.86,0.11,-0.935,9.766,-7.446,11.292,167.805,60.529,165.888
-0.595,0.109,-0.864,13.062,32.227,6.226,168.311,60.2,165.806
-0.182,0.057,-0.744,2.38,29.297,10.498,169.206,58.293,166.212
-0.456,0.373,-0.827,-3.113,-33.02,39.612,167.986,58.546,164.158
-0.635,0.248,-0.877,28.076,11.292,38.147,167.618,58.48,161.587
-0.416,0.181,-0.816,26.367,9.766,24.17,168.096,57.283,159.895
-0.441,0.14,-0.823,20.447,0.305,17.517,168.734,56.838,158.714
-0.458,0.186,-0.764,13.489,-9.399,22.827,168.893,56.766,157.275
-0.461,0.213,-0.707,14.099,-8.423,26.489,168.723,56.849,155.479
-0.442,0.231,-0.697,11.353,-11.414,29.358,168.426,56.909,153.561
-0.578,0.337,-0.842,16.663,-6.287,32.288,167.921,56.959,151.37
-0.461,0.294,-0.833,20.02,-11.475,37.292,167.838,56.662,149.216
-0.698,0.271,-1.017,24.475,-13.367,39.856,167.509,56.843,146.503
-0.605,0.229,-1.003,16.785,-14.465,32.715,167.311,56.816,143.948
-0.572,0.214,-0.89,18.494,-17.212,23.071,167.036,57.288,141.663
-0.407,0.038,-0.665,24.658,-11.475,1.221,167.679,57.772,140.438
-0.587,0.007,-0.692,14.954,-36.743,9.766,168.558,58.722,139.482
-0.769,0.02,-0.828,26.794,-9.216,14.832,169.058,59.952,137.725
-0.631,0.021,-0.827,27.161,17.273,19.287,170.118,59.436,136.28
-0.437,-0.01,-0.778,26.855,28.198,26.001,171.2,58.057,134.588
-0.352,0.039,-0.804,21.24,8.789,31.921,171.722,56.865,132.198
-0.399,-0.008,-0.776,18.982,-0.916,23.438,172.2,56.42,129.776
-0.422,0.008,-0.736,11.658,-5.249,14.832,172.513,56.327,127.667
-0.419,-0.077,-0.737,9.094,0.977,-6.592,173.249,56.239,126.535
-0.328,-0.106,-0.585,-7.385,-13.489,-13.0,173.842,56.481,126.063
-0.422,-0.062,-0.545,-19.531,-31.982,-11.963,173.743,57.64,125.409
-0.547,0.062,-0.598,-19.104,-22.888,-6.104,173.205,59.019,124.481
-0.547,0.146,-0.716,-14.099,-6.714,6.897,172.617,59.639,123.365
-0.61,0.189,-0.919,-8.789,-5.371,8.667,171.942,59.722,121.987
-0.839,0.32,-1.151,-11.902,-9.155,8.057,171.101,60.156,120.608
-0.829,0.401,-1.152,0.61,21.851,-0.916,170.552,59.87,119.756
-0.644,0.343,-1.106,6.165,23.071,-8.24,171.085,58.722,119.866
-0.568,0.274,-0.992,9.216,14.587,-9.888,171.722,57.854,119.965
-0.448,0.174,-0.796,4.272,-4.272,-19.958,172.414,57.645,120.262
-0.483,0.16,-0.708,-4.211,-11.597,-30.273,173.013,58.299,121.031
-0.399,0.162,-0.596,-5.188,-10.254,-29.236,173.589,58.986,122.119
-0.33,0.188,-0.532,-2.075,-7.996,-21.667,173.979,59.606,122.86
-0.315,0.221,-0.551,4.639,-14.404,-13.245,174.32,60.112,123.162
-0.449,0.188,-0.612,10.376,-23.987,-5.798,174.628,61.084,122.893
-0.475,0.144,-0.626,11.963,-23.01,-3.235,174.952,62.183,122.41
-0.948,0.137,-0.963,12.695,-32.898,4.639,175.095,63.463,121.393
-0.796,-0.04,-0.866,11.719,-15.564,-4.211,175.507,64.528,120.328
-1.15,-0.051,-1.176,-1.038,-35.645,-7.751,176.045,65.583,119.603
-0.93,-0.065,-0.955,6.714,10.132,-9.216,176.693,66.517,118.856
-0.86,-0.051,-0.909,6.287,17.639,11.353,177.369,65.621,117.686
-0.592,-0.021,-0.809,7.385,36.56,26.55,177.231,64.034,115.186
-0.45,0.019,-0.761,7.019,15.808,24.109,176.858,62.573,112.313
-0.5,-0.013,-0.69,7.141,3.052,13.428,176.704,62.056,109.847
-0.473,-0.05,-0.609,4.7,-0.244,-0.671,176.913,61.87,108.04
-0.446,-0.079,-0.53,-3.479,-9.277,-7.141,177.352,61.99,106.864
-0.63,-0.047,-0.649,-4.578,-0.671,-17.883,177.786,62.386,106.078
-0.497,-0.079,-0.619,-6.653,15.137,-20.081,178.638,61.913,105.87
-0.393,-0.072,-0.579,-14.343,3.296,-14.893,179.094,61.441,105.507
-0.525,0.012,-0.667,-19.409,-14.038,-7.568,178.759,61.864,104.656
-0.671,0.059,-0.8,-11.353,-6.531,-6.287,178.429,62.386,103.711
-0.733,0.099,-0.837,-7.446,-5.31,-7.385,178.308,62.809,102.92
-1.01,0.243,-1.14,-10.925,-4.211,12.39,177.72,62.677,101.662
-0.937,0.173,-1.101,5.371,19.348,-0.549,177.605,62.468,100.541
-0.685,0.221,-1.086,3.296,40.039,12.634,177.567,60.683,99.569
-0.533,0.122,-0.954,10.681,25.33,-7.69,177.874,59.128,98.921
-0.498,0.06,-0.847,2.258,15.381,-16.174,178.583,58.31,99.24
-0.392,0.01,-0.674,-11.23,-7.263,-9.155,178.715,58.107,99.311
-0.409,0.087,-0.595,-18.066,-18.188,4.15,177.962,58.766,98.63
-0.397,0.143,-0.529,-13.55,-19.958,13.489,176.699,59.617,97.229
-0.479,0.205,-0.582,-5.737,-19.592,21.301,175.413,60.518,95.477
-0.549,0.219,-0.635,7.324,-4.761,22.583,174.364,61.029,93.549
-0.45,0.171,-0.636,10.498,-10.925,25.574,173.82,61.095,91.802
-0.542,0.148,-0.714,9.583,-24.475,25.146,172.985,61.809,89.544
-0.883,0.166,-0.913,7.446,-26.001,21.179,172.255,62.946,87.286
-0.598,0.052,-0.724,15.808,-3.479,8.911,172.068,63.501,85.254
-1.165,0.106,-0.976,8.85,-25.33,0.916,172.513,64.341,83.864
-0.886,0.03,-0.965,23.865,49.805,2.686,173.6,63.408,82.656
-0.529,-0.031,-0.85,6.714,28.015,21.851,174.331,61.216,80.953
-0.597,0.128,-0.812,5.127,21.057,34.302,173.628,60.106,77.948
-0.364,0.099,-0.652,8.85,15.686,34.424,173.128,58.826,74.905
-0.484,0.144,-0.686,7.263,-0.244,34.607,172.436,58.392,71.801
-0.37,0.082,-0.59,11.597,2.625,18.433,172.189,58.002,69.225
-0.516,0.062,-0.667,8.118,-0.488,3.784,172.452,58.024,67.632
-0.443,0.05,-0.631,-3.296,-4.761,1.343,172.678,57.909,66.456
-0.503,0.101,-0.675,-0.671,1.282,3.174,172.568,58.118,65.154
-0.414,0.118,-0.682,1.953,-1.038,8.423,172.535,57.958,63.721
-0.561,0.178,-0.8,10.62,-3.601,9.46,172.48,58.096,62.172
-0.536,0.117,-0.764,7.935,-12.085,7.874,172.864,58.239,60.985
-1.135,0.286,-1.195,-1.77,-17.761,12.695,172.59,58.859,59.518
-0.859,0.245,-1.129,14.526,40.466,-0.061,172.82,58.409,58.392
-0.581,0.264,-1.146,11.475,43.884,9.644,173.529,56.091,57.947
-0.467,0.168,-1.001,16.479,30.701,-10.132,174.38,54.393,58.118
-0.358,0.123,-0.852,7.141,18.127,-14.404,175.243,53.377,59.046
-0.336,0.064,-0.727,-1.404,-0.977,-15.93,175.759,53.058,59.963
-0.36,0.124,-0.676,-8.484,-5.005,-5.127,175.638,53.328,60.463
-0.328,0.174,-0.614,-7.874,-9.277,7.874,175.018,53.591,60.287
-0.364,0.22,-0.64,-0.549,-9.033,16.357,174.32,53.86,59.837
-0.455,0.204,-0.714,9.644,-1.526,14.038,173.903,54.014,59.551
-0.348,0.178,-0.697,7.141,-1.465,11.169,173.886,53.811,59.716
-0.377,0.142,-0.739,6.714,-14.343,8.789,173.771,54.036,59.782
-0.697,0.208,-0.909,3.845,-16.052,16.479,173.397,54.849,59.425
-0.542,0.096,-0.909,8.362,-3.601,6.531,173.375,54.921,58.837
-0.968,0.122,-1.395,2.502,-10.864,-1.587,173.524,55.245,58.321
-0.605,0.068,-1.169,8.606,20.325,-12.695,174.012,54.959,57.755
-0.461,-0.057,-0.932,4.822,-1.709,-24.597,175.15,54.684,58.14
-0.598,0.038,-0.919,-9.827,-0.427,0.732,175.397,54.926,57.816
-0.375,0.038,-0.71,-6.409,-1.099,4.395,175.067,54.783,56.442
-0.477,0.104,-0.675,-13.611,-20.935,11.475,174.402,55.311,54.8
-0.454,0.098,-0.583,-7.324,-9.338,-4.822,173.798,56.014,53.168
-0.532,0.056,-0.647,-9.827,-4.211,-21.851,174.029,56.459,52.537
-0.428,0.002,-0.62,-6.958,20.325,-36.743,174.699,56.14,52.394
-0.355,-0.063,-0.618,-20.63,-3.113,-40.039,175.518,55.909,53.174
-0.528,0.083,-0.698,-23.682,-5.676,-22.949,175.265,56.585,53.141
-0.427,0.102,-0.772,-9.338,3.723,-10.071,175.243,56.464,52.377
-0.599,0.163,-0.975,0.0,-12.451,1.587,175.122,56.86,52.147
-0.607,0.176,-1.041,3.418,-9.155,16.296,174.93,57.272,53.091
-0.859,0.255,-1.099,9.094,12.329,18.921,174.265,57.75,54.344
-0.477,0.239,-0.989,8.728,41.809,6.104,174.386,55.761,57.057
-0.526,0.189,-1.033,15.137,8.484,-12.268,175.012,54.63,60.145
-0.386,0.072,-0.848,12.329,14.526,-10.986,176.122,53.992,63.589
-0.34,0.052,-0.659,-2.38,-15.991,0.977,176.473,53.904,66.11
-0.47,0.133,-0.671,-3.601,-11.292,4.517,176.149,54.717,68.071
-0.336,0.145,-0.592,1.77,-1.587,14.221,175.814,54.69,70.032
-0.456,0.187,-0.72,7.141,-1.526,20.447,175.441,54.761,71.609
-0.295,0.16,-0.678,11.902,-0.061,22.034,175.21,54.371,72.927
-0.312,0.113,-0.628,8.118,-30.334,12.817,175.128,54.976,74.103
-0.75,0.121,-0.896,1.587,-42.114,9.399,174.891,56.695,75.421
-0.955,0.108,-1.087,2.991,-11.78,8.545,174.485,57.892,77.47
-0.602,-0.004,-0.956,4.028,10.925,0.0,174.468,57.689,80.409
-0.944,0.172,-1.042,-0.916,0.366,7.935,173.831,58.145,83.15
-0.592,0.015,-0.864,14.587,46.57,-4.944,174.496,56.486,86.71
-0.304,-0.048,-0.812,-1.099,13.367,10.803,174.776,55.124,90.0
-0.462,0.074,-0.783,-7.202,0.427,15.747,173.969,55.195,91.758
-0.262,0.04,-0.58,-8.362,-11.169,-1.831,173.666,55.168,93.68
-0.537,0.042,-0.637,-11.78,-21.484,-12.207,173.43,56.305,95.449
-0.537,-0.0,-0.642,-14.221,-0.549,-28.931,173.452,57.085,99.448
-0.43,-0.013,-0.612,-25.269,4.639,-25.33,173.419,57.338,104.392
-0.463,0.109,-0.688,-27.649,-1.77,-10.62,172.551,57.645,108.523
-0.562,0.181,-0.806,-20.142,-17.761,-3.54,171.639,58.206,111.467
-0.781,0.257,-0.875,-7.629,-17.822,0.183,170.744,59.485,113.456
-0.812,0.272,-1.126,-1.587,10.01,8.545,170.546,59.535,115.587
-0.855,0.358,-1.182,16.418,32.593,20.569,170.162,58.612,116.691
-0.365,0.265,-0.998,17.944,56.824,19.165,170.865,55.734,118.191
-0.266,0.231,-0.9,8.606,2.991,15.93,170.986,54.179,118.812
-0.396,0.153,-0.728,1.282,-18.982,-5.005,171.096,54.75,119.724
-0.419,0.194,-0.633,-1.587,-10.315,-2.686,171.019,55.316,121.124
-0.354,0.178,-0.611,1.77,-1.77,5.066,170.942,55.475,122.366
-0.334,0.259,-0.642,1.953,-4.456,24.658,170.436,55.294,122.745
-0.372,0.278,-0.703,13.55,-10.376,25.024,169.898,55.234,122.333
-0.334,0.203,-0.627,8.789,-31.86,13.0,169.717,55.948,122.25
-0.841,0.233,-0.885,-1.526,-41.809,3.052,169.294,57.728,122.607
-0.765,0.197,-0.859,6.714,-0.244,-5.676,169.03,58.865,123.838
-0.815,0.08,-1.178,0.977,-9.338,-12.512,169.7,58.892,126.227
-0.963,0.239,-1.157,8.24,11.169,2.563,169.503,59.727,127.837
-0.571,0.067,-0.86,15.137,32.104,5.676,170.436,58.37,129.957
-0.61,0.179,-0.933,8.423,13.916,28.87,170.436,57.316,130.77
-0.415,0.101,-0.741,13.855,14.526,19.47,170.469,56.387,131.05
-0.374,0.106,-0.637,3.418,-7.751,19.287,170.42,56.08,131.287
-0.44,0.112,-0.603,4.944,-0.793,9.888,170.178,56.266,131.55
-0.447,0.076,-0.648,8.484,4.761,-7.446,170.667,56.129,132.913
-0.399,0.027,-0.64,13.977,21.729,-18.982,171.799,55.679,135.236
-0.319,0.003,-0.647,3.296,0.549,-19.592,173.029,55.344,137.73
-0.453,0.071,-0.743,-4.211,-16.052,-15.625,173.589,56.014,139.351
-0.681,0.159,-0.913,-2.625,-23.376,-12.634,173.782,57.173,140.735
-0.661,0.175,-0.917,6.531,0.61,-2.136,174.084,57.92,142.169
-0.918,0.3,-1.199,6.104,0.122,21.179,173.897,57.684,142.482
-0.562,0.149,-1.071,19.653,42.358,10.132,174.304,56.404,142.795
-0.423,0.14,-0.972,7.202,14.587,8.911,174.677,54.915,143.196
-0.354,0.076,-0.769,2.563,-2.563,-6.287,174.924,54.591,143.679
-0.39,0.096,-0.659,-3.174,-17.944,0.305,174.968,55.08,144.218
-0.292,0.083,-0.49,0.183,-11.902,16.296,174.589,55.761,144.009
-0.399,0.199,-0.576,-1.953,-17.7,48.401,173.469,56.162,142.493
-0.451,0.269,-0.631,13.489,-8.24,65.063,171.766,56.266,139.565
-0.407,0.199,-0.68,23.987,-6.287,52.673,170.771,55.953,136.774
-0.722,0.25,-0.927,17.395,-15.808,51.27,169.98,56.129,134.346
-0.778,0.219,-0.958,21.118,5.798,49.683,169.327,55.822,132.308
-0.815,0.161,-1.096,21.606,4.333,32.776,169.409,55.014,131.05
-0.722,0.141,-1.072,29.114,28.137,32.654,169.766,54.042,130.237
-0.461,0.032,-0.923,28.931,19.592,32.288,170.673,52.559,129.485
-0.473,0.083,-0.831,19.165,1.831,48.096,170.876,51.899,127.156
-0.372,0.122,-0.695,18.188,-1.221,46.509,170.75,51.487,124.217
-0.467,0.144,-0.687,22.949,-5.92,37.048,170.799,51.454,121.674
-0.295,0.019,-0.537,25.879,-1.038,21.545,171.508,51.345,120.004
-0.412,0.037,-0.566,13.794,-18.677,28.198,171.936,51.861,117.642
-0.461,0.021,-0.651,15.076,-15.93,31.372,172.024,52.482,114.379
-0.481,0.079,-0.757,13.977,-14.526,39.673,171.898,52.987,110.396
-0.652,0.179,-0.916,12.146,-13.55,52.429,171.475,53.394,106.024
-0.651,0.24,-1.027,12.451,-0.61,69.397,170.717,53.218,101.184
-0.578,0.347,-1.2,10.559,13.062,91.614,169.376,51.927,95.707
-0.5,0.386,-1.16,21.973,-1.038,75.684,168.069,50.674,90.363
-0.538,0.318,-1.031,30.273,0.366,66.101,167.723,49.955,86.1
-0.387,0.158,-0.846,37.781,-1.099,50.049,168.135,49.202,82.321
-0.296,0.073,-0.739,31.067,-11.047,43.945,168.876,48.972,78.942
-0.336,0.115,-0.687,21.484,-25.146,52.49,168.975,49.384,74.987
-0.392,0.184,-0.718,15.381,-26.855,57.373,168.514,49.977,70.527
-0.572,0.29,-0.86,18.005,-17.151,63.904,167.778,50.334,65.753
-0.678,0.29,-1.032,29.968,-0.061,67.81,167.569,49.867,60.82
-0.504,0.209,-1.02,35.889,11.841,78.552,167.712,48.653,55.497
-0.362,0.119,-0.912,37.17,0.427,79.59,167.964,47.461,49.988
-0.394,0.034,-0.833,34.485,-15.381,72.021,168.426,47.0,44.797
-0.54,0.099,-0.771,35.706,-26.123,71.716,168.646,47.357,39.49
-0.577,0.055,-0.802,41.87,3.479,76.721,169.277,47.252,34.124
-0.449,0.018,-0.823,39.673,4.395,74.951,170.162,46.247,28.894
-0.437,0.028,-0.805,39.185,-2.991,69.519,170.991,45.67,23.857
-0.457,-0.017,-0.771,33.203,-12.085,63.11,171.887,45.61,19.237
-0.458,-0.038,-0.776,25.452,-11.047,55.42,172.491,45.829,14.952
-0.522,-0.05,-0.871,15.503,-12.573,45.837,172.897,46.187,11.299
-0.537,0.031,-0.939,1.648,-15.137,44.25,172.722,46.631,7.894
-0.702,0.115,-1.17,-3.784,-10.376,31.25,172.194,47.131,4.988
-0.396,0.156,-0.99,1.648,13.977,26.184,171.678,46.961,2.56
-0.058,0.104,-0.92,-3.479,12.085,18.616,171.606,46.005,1.038
-0.236,0.296,-0.913,-7.324,-25.452,34.119,170.678,46.214,-0.978
-0.411,0.29,-0.977,19.897,-3.479,28.625,170.48,46.516,-3.208
-0.259,0.167,-0.902,26.55,1.038,24.902,171.161,46.055,-5.114
-0.275,0.127,-0.827,21.606,-8.789,26.794,171.832,45.967,-6.866
-0.303,0.145,-0.76,19.043,-11.78,37.598,172.112,46.055,-9.102
-0.327,0.185,-0.722,17.639,-19.165,39.49,172.178,46.395,-11.717
-0.358,0.195,-0.751,21.057,-11.475,37.537,172.227,46.818,-14.496
-0.359,0.22,-0.865,18.982,-8.118,42.236,172.326,46.945,-17.21
-0.358,0.258,-0.937,19.836,-10.925,52.795,172.161,46.961,-20.391
-0.34,0.258,-0.969,20.264,-25.696,53.894,171.881,47.291,-23.917
-0.722,0.336,-1.106,19.165,-34.302,60.669,171.376,48.345,-27.68
-0.562,0.212,-0.978,26.611,-15.137,62.073,171.09,48.741,-31.663
-0.36,0.021,-0.889,40.649,-14.832,46.631,171.376,48.928,-35.244
-0.319,-0.115,-0.815,32.104,-31.677,40.344,172.359,49.609,-37.809
-0.371,-0.163,-0.865,19.226,-50.232,43.884,172.661,51.334,-40.457
-0.57,0.041,-0.84,7.08,-18.982,51.514,172.068,52.575,-43.171
-0.429,0.125,-0.804,21.301,1.404,54.382,171.694,52.3,-46.0
-0.35,0.086,-0.784,32.776,8.911,46.021,172.112,51.493,-48.538
-0.331,0.026,-0.762,30.151,5.432,36.377,172.93,50.823,-50.499
-0.312,-0.046,-0.814,23.315,3.662,17.09,173.864,50.328,-51.57
-0.304,-0.069,-0.752,8.484,1.77,-1.953,174.688,50.197,-51.465
-0.335,-0.031,-0.667,-7.385,-13.794,-9.766,175.084,50.51,-50.641
-0.362,0.008,-0.615,-10.376,-25.024,-15.503,175.15,51.52,-49.664
-0.435,0.057,-0.667,-12.695,-29.724,-14.709,175.062,53.053,-48.779
-0.507,0.061,-0.803,-10.925,-22.705,-18.982,175.128,54.393,-47.802
-0.664,0.151,-0.961,-11.658,-25.574,-19.897,175.078,55.772,-46.846
-0.851,0.174,-1.236,-3.113,4.272,-28.748,175.545,56.618,-45.533
-0.696,0.239,-1.239,8.911,36.926,-17.822,176.243,55.827,-44.33
-0.388,0.119,-1.099,2.747,23.254,-9.766,177.177,54.201,-43.456
-0.515,0.212,-0.978,0.977,2.625,-2.747,177.155,53.707,-43.336
-0.439,0.119,-0.884,3.235,7.324,-12.451,177.462,53.394,-42.962
-0.422,0.077,-0.805,-2.38,-6.714,-5.981,177.605,53.394,-42.578
-0.438,0.135,-0.734,-12.207,-14.709,5.066,177.006,53.943,-42.808
-0.436,0.19,-0.697,-7.141,2.197,5.798,176.204,54.207,-43.363
-0.304,0.209,-0.651,-2.014,6.592,7.08,175.704,53.822,-43.89
-0.4,0.218,-0.754,11.963,10.315,9.155,175.545,53.366,-44.654
-0.255,0.125,-0.742,14.099,10.132,12.634,175.864,52.608,-45.401
-0.26,0.156,-0.758,1.221,-22.095,26.184,175.419,52.767,-46.736
-0.407,0.157,-0.746,0.793,-26.794,12.451,174.672,53.817,-48.054
-0.654,0.197,-0.899,-11.353,-35.034,6.104,173.941,55.063,-48.675
-0.78,0.182,-0.931,-7.568,-11.475,-2.258,173.139,56.299,-49.219
-0.647,0.04,-1.142,-12.024,-15.625,-21.118,173.117,56.629,-48.642
-1.095,0.207,-1.219,-10.376,-1.038,-15.686,172.656,58.217,-47.994
-0.529,0.048,-0.848,-3.601,37.598,-12.756,173.32,56.788,-46.758
-0.583,0.147,-0.931,0.0,1.526,6.958,173.298,56.239,-46.555
-0.461,0.085,-0.809,6.165,14.832,11.23,173.353,55.739,-47.038
-0.392,0.075,-0.741,4.883,2.93,7.141,173.458,55.25,-47.45
-0.434,0.055,-0.674,2.38,-3.235,-5.066,173.633,55.338,-47.417
-0.491,0.017,-0.704,4.7,8.85,-22.644,174.37,55.377,-46.362
-0.393,-0.04,-0.713,-1.16,10.681,-21.667,175.347,54.926,-44.753
-0.403,-0.042,-0.707,-2.93,8.423,-23.804,176.017,54.756,-43.281
-0.208,-0.062,-0.588,-11.902,-4.822,-20.63,176.561,54.657,-41.633
-0.403,0.026,-0.647,-14.221,-20.508,-17.822,176.512,55.673,-40.364
-0.558,0.089,-0.764,-14.404,-22.644,-11.78,176.391,56.656,-39.359
-0.776,0.172,-0.9,-5.188,-15.381,-11.963,176.215,57.865,-38.826
-0.858,0.243,-1.221,-8.911,3.662,2.258,176.259,57.64,-38.43
-0.746,0.233,-1.229,20.325,53.65,1.709,176.539,56.596,-38.776
-0.371,0.157,-1.153,14.832,35.034,5.005,177.396,54.047,-38.875
-0.441,0.086,-1.01,4.517,6.409,-6.165,177.83,53.064,-38.842
-0.443,0.07,-0.897,-0.366,6.958,-12.39,178.066,52.789,-38.26
-0.328,0.064,-0.71,-6.653,-6.409,-4.272,178.088,52.641,-37.678
-0.411,0.12,-0.659,-7.446,-17.822,7.568,177.599,53.251,-37.787
-0.383,0.149,-0.598,-1.282,-5.432,16.907,176.918,53.745,-38.622
-0.433,0.202,-0.668,1.953,-12.939,27.771,176.149,54.042,-40.111
-0.452,0.19,-0.688,10.437,-2.563,24.292,175.507,54.305,-42.001
-0.38,0.145,-0.701,10.498,-6.775,15.808,175.391,54.349,-43.275
-0.355,0.102,-0.672,8.484,-16.968,14.038,175.188,54.954,-44.484
-0.568,0.151,-0.866,2.808,-25.208,11.169,174.891,55.931,-45.401
-0.69,0.139,-0.99,7.446,-11.353,8.85,174.732,56.733,-46.214
-0.378,0.032,-0.831,8.423,-4.15,-1.404,174.924,57.036,-46.549
-1.135,0.169,-0.894,-6.409,-28.87,8.728,174.721,58.425,-46.758
-0.804,0.122,-1.0,20.874,36.499,-5.371,175.248,57.53,-46.967
-0.457,0.008,-1.001,21.545,34.607,3.296,176.688,55.882,-46.505
-0.307,-0.015,-0.819,12.817,8.545,18.555,177.292,54.8,-47.038
-0.397,0.033,-0.717,-0.488,-13.062,21.118,177.089,54.783,-47.999
-0.499,0.084,-0.685,0.305,-6.409,13.062,176.539,55.278,-48.933
-0.432,0.055,-0.638,3.418,-2.625,-5.249,176.567,55.404,-49.059
-0.414,-0.005,-0.654,5.92,10.071,-15.991,177.209,55.355,-48.345
-0.33,-0.073,-0.666,0.061,0.854,-22.4,178.105,55.069,-47.027
-0.407,-0.074,-0.657,-7.874,-8.85,-18.127,178.632,55.453,-45.643
-0.333,-0.039,-0.593,-13.489,-13.55,-7.935,178.665,55.97,-44.659
-0.542,0.05,-0.736,-15.381,-28.015,-0.244,178.182,57.019,-44.308
-0.808,0.148,-0.984,-0.244,2.93,-4.639,177.929,57.794,-44.203
-0.554,0.12,-1.165,-0.305,14.282,5.493,178.193,56.898,-44.088
-0.906,0.183,-1.232,8.423,11.292,10.742,177.847,56.981,-44.962
-0.489,0.142,-1.162,3.296,43.396,8.118,177.973,54.91,-45.363
-0.46,0.118,-1.083,2.625,1.953,0.793,177.869,54.053,-45.742
-0.551,0.089,-0.904,-3.662,0.183,-9.033,177.929,54.119,-45.406
-0.447,0.09,-0.777,-6.104,6.958,-3.052,177.819,53.844,-45.104
-0.301,0.14,-0.628,-4.578,-1.953,13.245,177.286,53.613,-45.544
-0.354,0.165,-0.614,-0.854,-9.216,20.752,176.55,53.866,-46.719
-0.427,0.217,-0.673,2.258,-7.751,26.428,175.732,54.108,-48.351
-0.405,0.199,-0.719,10.254,0.732,19.714,175.188,54.119,-50.065
-0.376,0.16,-0.724,7.629,-6.836,11.414,174.985,54.185,-51.301
-0.324,0.129,-0.686,-0.793,-21.362,4.944,174.738,54.668,-52.092
-0.764,0.184,-0.964,-0.183,-30.151,-2.197,174.364,55.986,-52.603
-0.803,0.14,-1.109,2.686,1.526,-3.54,174.419,56.673,-52.756
-0.346,0.019,-0.907,3.113,9.644,-9.766,174.781,56.393,-52.515
-0.97,0.185,-1.006,-7.385,-26.245,4.761,174.408,57.585,-52.652
-0.698,0.05,-0.925,13.123,29.48,-11.719,175.04,57.03,-52.438
-0.474,0.038,-0.926,9.949,22.034,2.136,175.935,55.893,-51.954
-0.423,0.024,-0.823,10.803,9.033,16.235,176.171,55.206,-52.646
-0.384,0.026,-0.732,7.08,3.418,7.996,176.331,54.855,-53.267
-0.464,0.023,-0.678,-0.977,-3.601,3.601,176.396,54.932,-53.492
-0.434,0.018,-0.652,-0.305,7.874,-5.554,176.495,54.844,-53.333
-0.413,-0.004,-0.68,-0.488,11.23,-17.334,176.979,54.465,-52.526
-0.253,-0.077,-0.657,-5.31,9.766,-25.635,177.742,53.904,-51.037
-0.35,0.005,-0.654,-19.958,-20.386,-7.019,177.77,54.207,-49.856
-0.493,0.084,-0.766,-9.155,-6.287,-2.93,177.193,54.981,-49.653
-0.632,0.129,-0.987,-0.793,-4.822,0.916,177.061,55.272,-49.62
-0.575,0.113,-1.048,9.155,12.878,6.47,177.242,55.135,-49.916
-0.673,0.167,-1.106,10.071,4.761,14.343,177.319,54.619,-50.669
-0.575,0.111,-1.167,9.399,27.039,11.047,177.616,53.734,-51.367
-0.354,0.144,-1.107,4.883,12.756,16.052,177.534,52.465,-52.251
-0.399,0.117,-0.925,1.587,-2.197,7.507,177.418,52.136,-52.927
-0.4,0.11,-0.789,0.488,-4.456,4.517,177.215,52.234,-53.399
-0.348,0.104,-0.658,-2.075,-8.362,11.047,176.907,52.416,-53.987
-0.375,0.159,-0.608,1.709,-5.615,24.292,176.254,52.69,-55.322
-0.354,0.178,-0.604,5.981,-5.249,32.654,175.589,52.679,-57.239
-0.433,0.228,-0.7,15.381,5.127,36.316,175.012,52.509,-59.601
-0.368,0.18,-0.749,21.912,0.671,30.334,175.007,52.103,-61.776
-0.403,0.161,-0.833,17.151,-1.953,23.01,175.029,52.075,-63.677
-0.599,0.153,-1.011,7.629,-12.024,12.268,175.073,52.273,-64.841
-0.559,0.076,-1.06,8.85,12.878,2.808,175.15,52.202,-65.5
-0.575,0.003,-1.221,-5.31,-11.23,1.343,175.446,51.735,-65.457
-0.588,0.116,-1.011,-0.244,-7.446,9.949,174.924,52.482,-66.017
-0.559,0.085,-0.866,5.493,-6.531,9.216,174.902,52.762,-66.577
-0.591,0.086,-0.908,15.93,20.874,11.414,175.193,52.471,-67.203
-0.32,0.011,-0.829,18.921,27.039,5.615,176.028,51.218,-67.555
-0.238,-0.026,-0.738,5.371,-4.761,7.629,176.655,50.576,-67.786
-0.448,0.016,-0.735,2.258,-10.864,-6.714,176.792,51.103,-67.879
-0.38,-0.05,-0.68,1.587,7.202,-19.775,177.462,51.191,-66.912
-0.293,-0.075,-0.667,-4.211,7.141,-22.4,178.066,50.927,-65.61
-0.354,-0.05,-0.681,-15.137,-7.446,-18.616,178.286,51.048,-64.221
-0.379,-0.001,-0.697,-15.503,-7.446,-13.062,178.055,51.504,-63.281
-0.538,0.04,-0.896,-15.076,-14.282,-5.798,177.731,52.086,-62.661
-0.665,0.089,-1.079,-5.432,0.366,-2.991,177.396,52.586,-62.556
-0.322,0.08,-0.952,-5.188,21.301,7.202,177.16,51.982,-62.743
-0.862,0.311,-1.169,-4.822,0.244,13.123,176.243,51.872,-63.644
-0.224,0.095,-1.118,1.587,50.598,-9.155,176.77,49.724,-63.364
-0.182,0.144,-1.024,-7.446,-11.78,0.793,176.583,48.801,-63.281
-0.436,0.102,-0.836,-7.446,-23.743,-9.827,176.27,49.801,-63.226
-0.408,0.13,-0.718,-9.888,-10.62,-2.075,175.919,50.46,-63.056
-0.417,0.163,-0.715,-5.432,-1.221,7.446,175.369,50.817,-63.479
-0.318,0.186,-0.694,-2.319,5.066,18.616,174.836,50.471,-64.363
-0.253,0.21,-0.676,2.502,0.916,30.029,174.139,50.191,-66.006
-0.338,0.266,-0.769,11.841,-1.16,34.363,173.502,49.922,-68.148
-0.256,0.187,-0.724,17.395,-12.573,27.588,173.331,49.823,-70.274
-0.376,0.137,-0.739,14.099,-20.447,15.93,173.337,50.521,-71.938
-0.662,0.152,-1.03,7.69,-21.301,9.216,173.397,51.334,-72.949
-0.661,0.102,-1.08,12.878,1.831,2.258,173.628,51.861,-73.608
-0.244,-0.011,-0.831,7.69,-2.502,-1.587,174.188,51.762,-73.619
-1.041,0.207,-1.027,6.287,-22.339,9.766,174.045,53.251,-74.18
-0.457,-0.045,-0.961,31.982,58.228,-9.583,175.682,51.427,-73.801
-0.31,0.008,-1.017,12.695,7.568,23.804,176.726,49.999,-73.916
-0.49,0.054,-0.93,23.315,1.221,24.963,177.067,49.878,-75.421
-0.278,0.011,-0.725,19.409,2.625,20.325,177.742,49.543,-76.47
-0.337,-0.009,-0.661,10.62,-12.695,13.184,178.16,49.807,-77.366
-0.375,-0.04,-0.64,3.784,-7.69,-10.498,178.539,50.334,-77.399
-0.438,-0.006,-0.673,0.549,3.113,-25.33,179.209,50.603,-76.152
-0.269,-0.084,-0.69,4.089,5.981,-19.714,-179.857,50.295,-74.63
-0.413,-0.008,-0.841,2.136,-26.855,2.686,-179.462,50.85,-74.059
-0.599,-0.014,-0.904,3.845,-20.813,7.202,-179.291,52.185,-74.279
-0.719,0.052,-1.23,11.841,9.46,8.545,-179.077,52.625,-74.625
-0.599,0.057,-1.271,25.94,31.86,12.573,-178.55,51.724,-75.322
-0.411,-0.014,-1.287,22.827,28.992,15.747,-177.643,50.098,-76.047
-0.307,-0.055,-1.162,13.55,4.578,16.235,-177.133,49.197,-76.893
-0.349,-0.039,-0.896,0.793,-7.69,13.123,-177.209,49.389,-77.591
-0.341,0.0,-0.737,-9.399,-14.343,11.597,-177.737,49.828,-78.074
-0.396,0.08,-0.704,-10.864,-7.935,14.343,-178.544,50.29,-78.651
-0.283,0.126,-0.65,2.014,5.188,26.917,-179.247,50.158,-79.794
-0.333,0.164,-0.657,10.498,-10.559,39.917,-179.885,50.229,-81.87
-0.447,0.131,-0.727,15.625,-0.549,35.706,179.802,50.455,-84.062
-0.332,0.089,-0.79,19.897,10.681,27.039,179.714,50.054,-86.001
-0.459,0.075,-0.981,12.756,-10.864,27.466,179.786,49.949,-87.446
-0.562,0.032,-1.015,17.517,-2.747,29.663,179.714,50.246,-89.099
-0.549,-0.035,-1.153,16.602,-4.517,20.874,179.995,50.087,-90.406
-0.719,0.007,-1.143,24.597,10.986,17.517,-179.632,50.422,-91.373
-0.394,-0.157,-1.039,28.992,21.79,12.817,-178.434,49.34,-91.868
-0.413,-0.111,-0.973,16.846,2.869,30.64,-177.764,48.917,-92.791
-0.312,-0.077,-0.792,11.963,-3.113,31.677,-177.605,48.867,-94.175
-0.458,-0.011,-0.769,9.155,-11.78,23.804,-177.638,49.323,-95.378
-0.354,-0.119,-0.664,9.827,-3.845,10.193,-177.297,49.609,-95.834
-0.354,-0.121,-0.609,0.0,-15.686,5.554,-177.144,50.224,-95.867
-0.487,-0.112,-0.668,-3.662,-17.456,-6.592,-177.028,51.229,-95.328
-0.432,-0.133,-0.749,-1.587,2.991,-6.409,-176.688,51.586,-94.422
-0.289,-0.113,-0.758,-8.484,-8.179,10.559,-176.792,51.762,-94.147
-0.507,0.027,-0.911,-10.071,-25.391,22.4,-177.594,52.828,-94.757
-0.373,0.049,-0.84,-1.648,-7.385,28.87,-178.456,53.591,-95.949
-0.912,0.333,-0.923,-9.766,-25.208,45.288,179.775,54.794,-98.19
-0.556,0.113,-1.067,14.893,41.748,7.08,-179.967,53.058,-99.042
-0.288,0.014,-1.12,36.56,30.457,4.883,-179.061,51.449,-99.371
-0.166,-0.176,-0.88,19.409,-7.446,24.841,-177.863,50.674,-99.904
-0.312,0.001,-0.781,3.357,-28.015,53.528,-178.325,51.422,-101.909
-0.333,0.067,-0.628,3.54,-35.889,58.716,-179.659,52.784,-105.035
-0.658,0.25,-0.68,0.0,-27.466,60.913,178.632,54.283,-108.325
-0.523,0.251,-0.642,20.081,6.592,53.284,177.446,54.415,-111.462
-0.457,0.167,-1.004,30.212,5.127,55.481,177.006,53.811,-114.516
-0.062,-0.075,-1.028,21.729,-52.307,78.369,176.342,54.514,-118.339
-1.07,0.236,-0.843,6.714,-101.868,89.905,173.524,58.266,-124.277
-1.228,0.153,-0.905,33.997,-3.906,47.485,172.194,60.079,-128.32
-0.971,0.073,-0.931,47.913,28.076,46.509,172.952,59.002,-130.347
-0.599,-0.026,-0.835,54.81,43.091,56.824,174.056,56.942,-132.753
-0.473,-0.045,-0.819,50.903,24.292,54.749,175.15,55.25,-135.297
-0.355,-0.104,-0.691,34.363,2.441,49.255,176.023,54.547,-137.56
-0.483,-0.079,-0.648,20.203,-15.625,35.339,176.199,55.014,-139.444
-0.656,-0.025,-0.736,14.526,-16.479,30.09,176.221,55.904,-140.724
-0.646,-0.008,-0.781,12.085,-12.268,35.156,176.182,56.541,-141.993
-0.951,0.093,-1.044,17.639,-10.925,40.649,175.853,57.195,-143.723
-0.58,0.014,-0.881,30.762,22.461,37.903,175.946,56.887,-145.541
-0.246,-0.104,-0.921,29.724,24.17,35.095,176.693,55.448,-146.942
-0.425,0.047,-0.913,7.874,-11.841,46.448,176.479,55.129,-148.925
-0.529,0.008,-0.923,18.555,4.883,21.057,176.391,55.063,-150.529
-0.408,-0.02,-0.855,23.193,3.479,20.63,176.979,54.619,-151.309
-0.422,-0.049,-0.806,20.386,-7.507,36.987,177.567,54.558,-152.457
-0.466,0.064,-0.761,28.564,-6.836,64.087,177.352,54.651,-155.264
-0.492,0.1,-0.734,32.288,-11.719,71.716,177.045,54.794,-158.917
-0.463,0.106,-0.761,35.278,-7.874,73.181,176.666,54.893,-162.905
-0.461,0.131,-0.821,29.846,-8.057,62.866,176.243,55.031,-166.569
-0.531,0.172,-0.949,31.128,1.648,57.312,175.968,54.778,-169.761
-0.409,0.128,-0.893,23.254,-10.925,54.016,175.792,54.525,-172.683
-0.714,0.195,-0.944,21.24,-15.686,63.11,174.996,54.943,-176.089
-0.708,0.158,-0.947,27.71,6.409,64.453,174.265,54.673,-179.583
-0.373,-0.025,-0.71,37.72,5.066,48.218,174.238,53.86,177.418
-0.575,-0.108,-0.753,25.33,-17.029,45.105,174.76,54.025,175.265
-0.643,-0.062,-0.796,25.024,-6.531,48.767,174.738,54.465,172.875
-0.612,-0.047,-0.806,31.128,9.766,51.208,174.913,54.3,170.552
-0.482,-0.072,-0.786,30.273,13.489,52.002,175.314,53.531,168.212
-0.482,-0.091,-0.75,25.574,1.282,44.189,175.71,53.069,165.998
-0.497,-0.113,-0.717,19.348,1.221,37.109,176.089,53.015,164.196
-0.563,-0.09,-0.726,14.343,3.174,33.508,176.221,52.96,162.565
-0.569,-0.165,-0.833,12.146,19.104,31.25,176.578,52.443,161.45
-0.619,-0.012,-0.846,-1.404,11.597,47.058,176.034,51.718,159.642
-0.619,0.132,-0.969,7.69,37.109,41.199,175.353,50.57,157.78
-0.443,0.188,-0.986,8.85,25.208,32.715,175.248,48.9,156.39
-0.288,0.146,-1.031,32.959,40.283,6.897,175.974,47.516,155.742
0.145,-0.061,-0.894,23.315,37.17,8.057,177.583,45.264,155.704
-0.161,0.09,-1.004,-10.559,-14.221,12.756,177.314,44.83,154.484
-0.199,0.158,-1.039,-4.456,23.743,-9.888,177.083,44.187,154.319
-0.045,0.163,-1.001,8.85,-4.822,-11.719,177.297,43.506,154.479
-0.162,-0.03,-0.924,1.892,-22.095,-20.447,178.0,43.978,154.973
-0.294,0.099,-0.843,-4.639,-25.452,-4.517,177.99,45.016,155.121
-0.283,0.056,-0.824,-1.282,-21.606,-3.174,177.924,45.873,154.841
-0.316,0.123,-0.856,3.052,-10.376,0.0,177.907,46.604,154.633
-0.18,0.097,-0.834,8.179,-3.601,6.958,178.094,46.588,154.166
-0.242,0.128,-0.785,9.583,-16.235,11.841,178.204,46.934,153.336
-0.365,0.124,-0.802,4.211,-14.343,8.85,178.204,47.554,152.424
-0.295,0.133,-0.795,3.052,-5.31,-1.16,178.198,47.763,152.1
-0.266,0.137,-0.751,4.944,-23.01,8.057,178.154,48.373,151.749
-0.324,0.126,-0.712,8.911,-46.875,14.526,177.995,50.037,150.732
-0.651,0.136,-0.905,10.01,-57.617,17.273,177.819,52.52,149.491
-0.652,-0.001,-0.994,20.569,-34.058,9.766,178.044,54.706,148.486
-0.915,-0.065,-1.177,13.489,-39.612,5.798,178.511,56.558,147.98
-0.972,-0.053,-1.129,25.452,0.61,2.075,179.182,57.777,147.678
-0.512,-0.19,-0.931,25.574,21.79,2.075,-179.225,56.898,147.92
-0.498,-0.052,-0.859,15.869,0.366,18.799,-178.61,56.629,147.09
-0.386,-0.166,-0.678,20.325,-0.244,6.409,-177.764,56.58,146.349
-0.481,-0.099,-0.618,1.404,-12.634,2.686,-177.264,57.068,146.008
-0.324,-0.155,-0.524,1.038,0.244,-9.766,-176.841,57.316,146.041
-0.515,-0.119,-0.705,-6.958,-3.418,-13.55,-176.226,57.458,146.706
-0.312,-0.163,-0.662,-7.874,7.935,-9.766,-175.957,57.134,147.14
-0.396,-0.094,-0.723,-17.151,-13.977,-10.864,-175.924,57.255,147.552
-0.409,-0.047,-0.702,-14.954,-24.231,-9.644,-176.182,57.947,147.838
-0.735,0.004,-0.875,-15.686,-36.56,-11.353,-176.364,59.496,148.31
-0.838,0.095,-1.055,-12.695,-10.437,-2.625,-176.781,60.776,148.656
-0.962,0.162,-1.092,-5.188,2.38,-0.732,-177.374,61.177,148.585
-0.71,0.085,-1.059,1.953,29.48,-13.062,-177.215,59.903,149.035
-0.466,0.074,-0.956,-1.77,19.775,-0.977,-177.155,58.618,149.31
-0.512,0.04,-0.747,-0.793,-2.502,-3.906,-177.297,58.42,149.178
-0.515,0.009,-0.62,-4.272,3.235,-12.085,-177.259,58.387,149.546
-0.483,0.034,-0.644,-11.475,6.47,-7.751,-177.308,58.112,150.167
-0.452,0.144,-0.649,-3.967,3.418,5.981,-177.951,57.903,149.914
-0.425,0.132,-0.716,4.272,5.615,5.737,-178.237,57.733,149.442
-0.5,0.123,-0.718,8.362,-11.353,3.967,-178.297,57.876,148.914
-0.494,0.032,-0.67,10.559,-5.005,-12.024,-177.891,58.239,148.942
-0.564,-0.006,-0.669,-0.366,-2.197,-15.198,-177.27,58.557,149.683
-0.853,-0.011,-0.85,-8.484,8.545,-21.79,-177.083,58.524,150.606
-0.798,0.022,-0.981,-9.277,44.189,-23.682,-176.918,57.437,151.985
-0.268,-0.093,-0.957,3.296,54.321,-25.513,-176.369,54.948,153.303
-0.581,-0.217,-1.076,0.549,18.372,-32.898,-175.265,53.795,154.819
-0.422,-0.169,-1.014,-0.183,32.654,-23.254,-174.694,52.108,155.748
-0.412,-0.095,-1.024,-8.728,26.611,-13.245,-174.397,50.576,156.374
-0.226,-0.148,-0.891,-13.733,5.737,5.981,-174.781,49.752,155.929
-0.291,-0.042,-0.747,-10.803,-11.047,-2.136,-175.408,49.85,155.27
-0.384,-0.027,-0.656,-1.099,-6.775,-8.728,-175.402,50.273,155.143
-0.367,-0.151,-0.729,3.723,10.681,-24.17,-174.705,49.949,155.682
-0.269,-0.143,-0.741,-3.662,16.541,-26.184,-174.067,49.087,156.638
-0.251,-0.196,-0.762,-8.057,2.197,-27.344,-173.573,48.45,157.544
-0.321,-0.155,-0.751,-12.451,0.305,-25.818,-173.337,48.389,158.489
-0.291,-0.126,-0.792,-17.212,-19.653,-20.569,-173.441,48.505,159.131
-0.761,0.013,-1.105,-19.165,-7.019,-17.334,-173.782,49.647,159.868
-0.4,0.073,-1.036,-16.113,11.047,-3.052,-174.348,49.136,160.104
-0.818,0.088,-1.238,1.465,4.028,-10.925,-174.655,49.23,160.175
-0.34,0.103,-1.045,-7.263,31.86,-2.197,-174.814,47.961,160.296
-0.467,0.065,-0.962,-0.916,-1.953,-14.465,-175.012,47.499,160.417
-0.36,0.072,-0.846,1.587,18.555,-18.616,-174.919,47.027,161.043
-0.383,-0.005,-0.823,0.0,11.292,-17.029,-174.545,46.406,161.845
-0.22,0.031,-0.713,2.686,11.963,-5.005,-174.54,45.769,162.059
-0.317,0.019,-0.715,-0.427,-8.24,3.784,-174.518,45.786,161.884
-0.294,0.051,-0.714,2.625,4.333,12.756,-174.875,45.879,161.021
-0.306,0.072,-0.788,3.601,-3.052,16.052,-175.172,45.972,159.999
-0.286,0.003,-0.775,7.629,-12.695,18.127,-175.303,46.423,158.791
-0.521,0.062,-1.005,6.409,-22.827,21.729,-175.6,47.285,157.352
-0.585,-0.049,-1.096,9.888,-8.972,18.005,-175.573,48.214,156.132
-0.268,-0.049,-1.061,13.733,2.991,26.611,-175.6,48.219,154.556
-0.838,-0.31,-1.203,25.94,14.954,0.61,-174.545,48.746,153.721
-0.19,-0.251,-1.074,11.292,41.992,7.568,-173.958,46.412,152.792
-0.258,-0.157,-0.966,-0.977,-1.099,18.86,-174.034,45.703,151.26
-0.265,-0.152,-0.799,-4.639,4.7,3.845,-174.172,45.665,149.991
-0.198,-0.078,-0.742,-8.789,-1.648,2.136,-174.457,45.324,149.101
-0.22,-0.123,-0.669,-4.517,-1.221,-9.583,-174.529,45.374,148.618
-0.277,-0.068,-0.798,-1.953,2.686,0.305,-174.529,45.132,148.184
-0.243,-0.121,-0.77,12.146,-6.592,22.827,-174.315,45.115,147.068
-0.215,-0.18,-0.714,24.231,-20.02,66.772,-174.122,45.72,143.937
-0.408,-0.082,-0.885,26.184,-43.762,89.111,-174.243,47.296,139.169
-0.644,-0.089,-0.993,41.687,-32.166,97.839,-174.391,49.636,133.632
-0.507,-0.079,-1.037,18.616,-16.602,93.018,-175.029,50.9,127.974
-0.9,0.214,-1.212,20.813,9.888,70.312,-176.473,51.762,123.003
-0.291,0.025,-1.094,21.851,51.025,29.114,-176.309,49.455,120.355
-0.244,0.084,-1.04,2.563,-1.587,28.259,-176.583,48.587,118.466
-0.436,0.055,-0.847,1.099,-5.249,5.066,-176.979,48.906,117.175
-0.332,0.076,-0.72,-4.272,-2.258,-7.874,-177.133,48.917,117.065
-0.365,0.067,-0.695,-4.395,-2.075,-5.005,-177.341,49.07,117.015
-0.306,0.098,-0.663,-8.85,-0.732,0.366,-177.731,49.087,116.862
-0.274,0.127,-0.715,5.432,6.958,9.949,-178.209,48.878,116.197
-0.293,0.086,-0.736,2.258,-14.526,1.038,-178.358,49.037,115.609
-0.416,0.053,-0.839,-1.221,-17.517,-9.216,-178.401,49.845,115.587
-0.695,-0.015,-1.112,-3.662,-1.282,-24.109,-178.297,50.504,116.142
-0.333,-0.134,-0.859,-21.79,22.4,-61.523,-177.973,50.065,118.065
-0.893,-0.094,-1.035,-48.95,-25.146,-92.896,-177.781,49.867,121.981
-0.442,0.104,-1.104,-34.424,77.332,-77.087,-178.006,48.708,126.282
-0.135,-0.065,-1.069,-20.508,19.897,-70.19,-177.523,46.225,130.248
-0.25,0.015,-0.82,-16.296,0.244,-30.212,-177.567,45.851,132.391
-0.334,-0.035,-0.767,-1.282,-5.432,-27.222,-177.33,46.016,133.528
-0.199,-0.04,-0.697,7.996,15.869,-26.978,-176.616,45.599,134.753
-0.239,-0.196,-0.786,10.437,1.16,-31.189,-175.435,45.137,136.005
-0.224,-0.235,-0.783,-1.221,5.554,-29.053,-174.562,44.709,137.17
-0.282,-0.183,-0.8,-9.094,-5.859,-22.461,-174.216,44.665,137.922
-0.406,-0.104,-0.973,-16.113,-9.277,-13.428,-174.282,44.846,138.389
-0.399,-0.046,-1.092,-12.817,-9.827,-8.179,-174.584,45.11,138.735
-0.375,0.104,-1.001,-13.855,-4.272,5.92,-175.128,45.862,138.911
-0.741,0.066,-1.04,4.639,-16.174,-5.127,-175.463,46.686,138.95
-0.405,0.122,-1.013,-4.456,37.72,8.301,-175.66,45.912,139.433
-0.396,0.042,-1.039,6.592,15.747,0.366,-175.847,44.874,139.488
-0.178,0.077,-0.874,-0.427,24.17,-1.953,-175.924,43.742,139.911
-0.298,0.02,-0.821,5.005,0.244,-6.714,-175.798,43.325,140.444
-0.183,0.042,-0.744,4.639,6.775,-7.019,-175.677,42.924,141.031
-0.325,0.009,-0.814,-4.272,5.249,4.944,-175.649,42.913,141.416
-0.111,0.096,-0.812,-1.587,-3.479,8.179,-176.166,42.457,141.174
-0.281,0.079,-0.811,1.648,-12.756,10.742,-176.424,43.132,140.9
-0.374,-0.012,-0.941,7.019,-32.898,-0.427,-176.347,44.077,140.883
-0.654,-0.04,-1.075,2.808,-10.559,8.057,-176.265,45.357,141.081
-0.261,-0.133,-0.908,4.211,5.493,4.211,-176.122,45.401,141.301
-0.702,-0.159,-1.016,2.502,-9.888,-5.981,-176.006,45.862,141.603
-0.356,-0.022,-1.031,-6.226,57.312,5.066,-176.38,44.198,141.949
-0.097,-0.08,-1.021,0.854,28.259,-7.568,-176.276,42.144,142.476
-0.132,-0.077,-0.86,-4.883,4.639,-9.033,-176.281,41.501,142.899
-0.211,-0.035,-0.798,-8.362,-5.127,-11.597,-176.402,41.353,143.421
-0.156,-0.064,-0.675,-4.333,-2.014,-13.0,-176.418,41.479,144.069
-0.271,-0.069,-0.79,-3.174,-10.01,-13.977,-176.314,41.644,144.778
-0.334,-0.099,-0.857,-2.686,5.493,-17.273,-176.111,41.825,145.8
-0.283,-0.126,-0.908,-2.136,-0.732,-13.55,-175.875,41.583,146.915
-0.24,-0.091,-0.943,-5.798,7.507,-2.38,-175.847,41.451,147.634
-0.23,-0.084,-0.973,-3.662,-7.568,-1.648,-175.908,41.446,148.008
-0.393,-0.047,-1.003,-1.221,-13.489,4.15,-175.995,41.957,148.184
-0.372,-0.021,-0.963,-5.859,-10.742,7.751,-176.166,42.561,148.321
-0.373,0.075,-1.045,-6.836,2.991,19.836,-176.715,42.731,148.035
-0.393,0.062,-1.089,-1.709,6.165,15.93,-177.122,42.654,147.7
-0.296,0.082,-1.045,-2.014,11.292,13.367,-177.556,42.138,147.458
-0.265,0.073,-0.946,-0.977,1.038,13.489,-177.891,41.83,147.376
-0.375,0.162,-0.959,18.433,6.592,50.476,-178.149,41.699,146.118
-0.188,0.052,-0.81,46.082,3.052,91.003,-177.594,41.281,142.69
-0.25,-0.009,-0.789,50.598,-15.198,110.168,-176.863,41.721,137.642
-0.235,-0.049,-0.71,34.668,-15.442,86.792,-176.38,42.594,133.039
-0.275,0.07,-0.812,23.071,1.77,72.693,-176.506,43.066,129.309
-0.251,0.085,-0.884,16.907,-4.456,54.993,-176.666,43.083,126.321
-0.155,0.0,-0.811,13.672,-15.32,29.114,-176.699,43.33,124.442
-0.502,0.013,-1.007,-2.258,-30.334,20.264,-176.935,44.681,123.42
-0.438,-0.025,-0.997,-11.719,-5.31,-6.775,-177.473,45.352,123.179
-0.458,-0.085,-1.015,-20.02,-14.465,-53.894,-177.682,45.829,125.019
-0.771,-0.038,-1.126,-30.518,1.892,-85.571,-177.523,46.401,129.144
-0.424,-0.039,-1.114,-18.982,54.565,-86.792,-177.001,44.929,134.28
-0.05,-0.064,-0.884,-20.142,35.583,-67.444,-176.556,42.643,138.785
-0.142,-0.002,-0.783,-11.597,-9.277,-44.678,-176.495,42.193,141.652
-0.315,-0.054,-0.764,0.244,-2.258,-37.964,-176.023,42.567,143.866
-0.191,-0.122,-0.77,6.714,7.629,-43.03,-175.111,42.171,146.206
-0.114,-0.224,-0.763,6.348,2.869,-38.574,-173.974,41.737,148.502
-0.248,-0.276,-0.798,-4.883,-18.677,-30.64,-173.265,42.056,150.194
-0.24,-0.196,-0.827,-13.428,-2.197,-23.132,-173.084,42.33,151.633
-0.407,-0.124,-0.979,-15.625,-21.484,-18.311,-173.271,42.924,152.792
-0.44,-0.002,-1.094,-14.771,2.747,-9.033,-173.716,43.297,153.858
-0.253,0.184,-1.168,-16.113,-25.024,12.878,-174.661,43.297,153.82
-0.831,0.006,-1.192,0.793,3.052,-16.418,-174.76,44.819,154.473
-0.062,0.124,-0.875,-4.15,10.254,8.728,-175.144,43.566,155.05
-0.551,0.027,-0.938,4.639,-29.602,-3.357,-175.215,44.681,155.253
-0.298,0.099,-0.871,12.268,26.001,-5.676,-175.1,44.385,155.847
-0.272,-0.096,-0.78,8.85,-11.353,-5.493,-174.326,44.171,156.758
-0.326,0.036,-0.787,-5.066,15.686,19.714,-174.639,44.231,156.693
-0.138,0.07,-0.838,-1.526,13.245,19.714,-175.298,43.314,155.896
-0.244,0.098,-0.829,5.676,-4.883,22.156,-175.776,43.231,154.973
-0.337,-0.101,-0.755,7.935,-22.827,7.935,-175.54,43.978,154.638
-0.62,0.042,-0.945,-1.282,-6.714,29.114,-176.056,44.929,153.847
-0.418,-0.011,-0.979,6.836,16.235,20.264,-176.342,44.604,153.012
-0.326,-0.042,-1.151,15.869,5.005,5.554,-176.177,43.879,152.562
-0.511,-0.165,-1.176,-7.568,26.428,1.404,-175.781,43.44,153.029
-0.049,-0.061,-1.067,5.005,48.096,-3.113,-175.919,41.171,152.99
-0.083,-0.18,-0.992,-1.587,-10.376,-5.127,-175.512,40.336,153.265
-0.262,-0.036,-0.872,-5.737,1.221,8.362,-175.853,40.699,152.77
-0.231,-0.019,-0.869,-5.615,0.366,2.136,-176.072,40.6,152.424
-0.176,-0.06,-0.804,2.686,-2.258,-3.906,-176.056,40.507,152.375
-0.222,-0.041,-0.843,-0.305,-6.042,-2.441,-175.924,40.627,152.468
-0.291,-0.043,-0.896,4.395,-7.263,3.113,-175.754,40.935,152.419
-0.325,-0.074,-0.851,9.216,-17.09,0.793,-175.419,41.44,152.276
-0.372,-0.093,-0.839,4.639,-9.216,5.798,-175.029,42.22,152.271
-0.285,-0.108,-0.832,4.089,-17.029,7.874,-174.803,42.825,152.078
-0.526,-0.041,-0.996,4.578,-12.146,10.315,-174.76,43.802,151.776
-0.337,-0.034,-0.998,2.747,5.737,25.818,-174.792,43.896,151.089
-0.465,0.049,-1.144,1.831,-2.869,34.973,-175.314,44.083,149.474
-0.299,0.049,-1.07,5.493,18.494,21.973,-175.644,43.528,148.156
-0.323,0.023,-1.04,7.263,2.38,17.09,-175.71,43.176,147.25
-0.386,-0.008,-1.039,7.202,15.076,13.184,-175.671,42.77,146.536
-0.251,-0.032,-0.992,6.531,19.226,14.16,-175.594,41.852,145.882
-0.253,-0.025,-0.976,5.066,14.648,16.663,-175.633,41.089,144.992
-0.193,-0.015,-0.921,4.028,9.521,18.555,-175.71,40.463,144.042
-0.265,0.008,-0.98,0.183,12.39,28.809,-175.93,40.062,142.773
-0.099,0.015,-0.923,4.883,9.338,34.668,-176.259,39.38,141.015
-0.292,0.01,-0.97,6.104,-5.981,37.354,-176.528,39.424,138.944
-0.219,-0.016,-1.04,5.066,8.484,36.926,-176.776,39.183,136.851
-0.168,-0.049,-0.987,2.625,11.292,39.246,-176.99,38.842,134.791
-0.122,-0.027,-0.908,4.578,-10.254,37.231,-177.336,38.622,132.424
-0.27,-0.027,-0.913,0.183,-4.333,33.02,-177.627,39.029,130.281
-0.218,-0.009,-0.924,2.991,1.831,24.475,-177.896,38.936,128.469
-0.182,-0.001,-0.925,3.906,0.793,29.053,-178.022,38.793,126.799
-0.203,-0.022,-0.922,6.409,0.0,26.001,-178.044,38.732,125.019
-0.247,0.004,-0.958,2.197,0.0,29.541,-178.154,38.666,123.278
-0.214,0.015,-0.959,5.859,5.615,20.142,-178.237,38.419,121.657
-0.209,0.006,-0.952,8.606,2.136,18.433,-178.066,38.194,120.388
-0.234,-0.021,-0.944,9.583,3.052,14.343,-177.797,38.062,119.18
-0.208,-0.015,-0.949,9.644,3.418,12.878,-177.457,37.842,118.147
-0.233,-0.042,-0.954,12.207,1.648,12.207,-177.017,37.716,117.081
-0.227,-0.059,-0.96,10.254,4.211,11.108,-176.578,37.562,116.032
-0.188,-0.05,-0.958,9.583,2.808,9.705,-176.182,37.343,115.065
-0.202,-0.082,-0.949,9.277,1.221,9.399,-175.754,37.26,114.088
-0.209,-0.069,-0.958,8.057,0.549,13.55,-175.419,37.222,112.989
-0.202,-0.072,-0.957,7.751,1.16,14.648,-175.144,37.172,111.747
-0.188,-0.069,-0.968,5.188,0.183,13.428,-174.935,37.123,110.539
-0.185,-0.067,-0.953,4.761,-3.906,13.0,-174.787,37.194,109.396
-0.218,-0.062,-0.945,4.15,-4.028,10.254,-174.683,37.403,108.287
-0.226,-0.05,-0.941,3.174,-4.639,12.085,-174.606,37.601,107.254
-0.244,-0.056,-0.946,3.662,-2.747,11.047,-174.54,37.809,106.199
-0.215,-0.064,-0.951,3.784,-2.625,9.338,-174.441,37.903,105.244
-0.238,-0.067,-0.941,1.831,-4.822,7.568,-174.391,38.123,104.359
-0.259,-0.066,-0.941,0.427,-3.601,5.92,-174.397,38.337,103.585
-0.259,-0.049,-0.934,-0.671,-2.319,7.08,-174.474,38.507,102.766
-0.266,-0.047,-0.939,0.854,-2.441,7.202,-174.518,38.666,101.959
-0.261,-0.041,-0.944,1.648,-0.061,4.761,-174.54,38.743,101.25
-0.283,-0.079,-0.951,1.221,-3.235,4.639,-174.463,38.903,100.651
-0.271,-0.054,-0.934,-0.732,-0.916,7.019,-174.54,39.034,99.904
-0.292,-0.041,-0.928,1.465,-2.014,13.123,-174.628,39.199,98.998
-0.289,-0.05,-0.934,1.953,1.099,14.099,-174.716,39.304,97.888
-0.294,-0.038,-0.933,2.136,0.122,19.043,-174.82,39.37,96.691
-0.286,-0.028,-0.94,5.371,2.869,21.667,-174.902,39.397,95.323
-0.271,-0.06,-0.921,5.798,0.305,27.954,-174.93,39.419,93.664
-0.287,-0.026,-0.932,4.211,1.343,30.762,-175.073,39.512,91.807
-0.271,-0.033,-0.938,6.042,3.418,34.302,-175.232,39.496,89.775
-0.263,-0.017,-0.952,7.08,1.465,36.56,-175.402,39.479,87.594
-0.271,-0.022,-0.948,8.179,1.831,36.133,-175.501,39.496,85.402
-0.251,-0.037,-0.927,9.521,-0.366,38.025,-175.562,39.529,83.123
-0.27,-0.046,-0.938,7.69,3.662,36.926,-175.616,39.562,80.892
-0.245,-0.032,-0.94,7.996,1.221,38.513,-175.748,39.496,78.53
-0.24,-0.025,-0.948,7.385,4.944,40.161,-175.864,39.402,76.174
-0.22,-0.024,-0.95,9.521,2.258,40.222,-175.968,39.271,73.74
-0.199,-0.031,-0.949,8.423,0.427,40.1,-176.05,39.221,71.334
-0.252,-0.035,-0.953,6.836,-5.249,34.729,-176.138,39.397,69.12
-0.249,-0.042,-0.937,7.507,-4.517,33.081,-176.232,39.578,67.011
-0.295,-0.037,-0.928,6.042,-4.517,34.058,-176.309,39.853,64.935
-0.301,-0.028,-0.913,7.446,-2.014,35.095,-176.44,40.045,62.721
-0.33,-0.025,-0.901,8.545,-3.906,35.034,-176.501,40.265,60.491
-0.364,-0.055,-0.911,10.437,2.319,32.104,-176.457,40.424,58.26
-0.294,-0.066,-0.909,9.888,6.47,30.09,-176.336,40.27,56.118
-0.284,-0.061,-0.941,8.728,6.042,32.349,-176.243,40.095,53.965
