-0.521,0.008,-0.848,20.081,12.085,28.748,-171.568,52.762,47.889
-0.38,-0.013,-0.773,21.362,7.996,29.297,-171.513,52.504,45.687
-0.478,-0.031,-0.868,20.325,-5.432,35.339,-171.502,52.756,43.445
-0.658,-0.021,-0.833,20.874,-3.54,41.565,-171.694,53.536,40.787
-0.552,-0.072,-0.889,26.184,14.16,36.804,-171.771,53.35,37.842
-0.315,-0.112,-0.838,26.428,20.935,35.034,-171.546,52.608,35.272
-0.337,-0.17,-0.849,21.423,-10.193,33.447,-171.282,52.603,33.003
-0.533,-0.12,-0.855,13.306,-11.169,32.471,-171.304,53.372,31.009
-0.458,-0.127,-0.824,17.334,2.258,28.809,-171.365,53.602,28.916
-0.423,-0.146,-0.79,14.404,-2.014,25.269,-171.255,53.657,27.103
-0.52,-0.142,-0.811,8.789,-3.052,23.926,-171.233,53.959,25.477
-0.506,-0.114,-0.828,10.193,10.315,19.897,-171.343,53.893,23.846
-0.43,-0.129,-0.857,11.23,11.414,19.409,-171.271,53.438,22.357
-0.377,-0.139,-0.861,10.498,2.441,18.982,-171.222,53.135,20.923
-0.472,-0.144,-0.878,6.287,-8.667,17.334,-171.2,53.388,19.753
-0.522,-0.133,-0.867,4.089,-4.15,11.963,-171.26,53.74,18.759
-0.493,-0.125,-0.831,2.686,-2.197,9.338,-171.293,53.921,17.968
-0.526,-0.11,-0.843,4.578,-2.441,8.362,-171.282,54.069,17.243
-0.505,-0.094,-0.825,5.127,2.93,13.55,-171.315,54.108,16.315
-0.472,-0.092,-0.809,7.751,2.136,13.794,-171.332,54.08,15.227
-0.498,-0.102,-0.831,9.766,2.197,12.878,-171.233,54.075,14.189
-0.493,-0.118,-0.861,9.277,3.418,10.254,-171.046,53.987,13.255
-0.509,-0.104,-0.867,9.216,3.357,8.545,-170.848,53.926,12.448
-0.492,-0.147,-0.83,8.911,0.732,4.944,-170.508,53.888,11.832
-0.484,-0.141,-0.812,5.249,3.235,1.953,-170.25,53.817,11.387
-0.534,-0.142,-0.828,2.808,4.272,1.404,-170.024,53.745,11.091
-0.488,-0.122,-0.846,4.272,11.292,1.831,-169.882,53.377,10.69
-0.374,-0.182,-0.905,3.845,6.592,7.935,-169.706,52.932,10.206
-0.376,-0.123,-0.882,1.831,-10.437,24.658,-170.052,53.069,9.102
-0.528,-0.105,-0.857,4.211,-12.451,18.372,-170.37,53.811,7.927
-0.523,-0.114,-0.815,4.15,-4.15,8.972,-170.453,54.218,7.108
-0.518,-0.12,-0.821,0.244,3.845,0.488,-170.442,54.267,6.696
-0.485,-0.125,-0.836,-0.549,6.958,-5.493,-170.354,53.987,6.647
-0.48,-0.122,-0.852,-2.686,8.362,-1.77,-170.343,53.624,6.619
-0.47,-0.11,-0.848,-3.357,6.897,-0.427,-170.453,53.229,6.46
-0.489,-0.082,-0.854,-1.099,8.24,3.479,-170.64,52.916,6.119
-0.445,-0.092,-0.868,0.671,4.883,3.418,-170.733,52.614,5.691
-0.456,-0.1,-0.849,2.502,1.343,3.723,-170.744,52.526,5.323
-0.492,-0.106,-0.853,2.197,2.869,1.77,-170.7,52.487,5.032
-0.487,-0.092,-0.845,2.686,7.629,2.747,-170.673,52.229,4.686
-0.464,-0.108,-0.865,2.319,7.08,2.808,-170.59,51.899,4.345
-0.451,-0.104,-0.87,3.906,9.216,1.404,-170.524,51.542,4.005
-0.429,-0.106,-0.86,1.892,6.287,-0.244,-170.414,51.169,3.779
-0.455,-0.108,-0.864,2.441,6.775,-2.38,-170.305,50.894,3.686
-0.441,-0.118,-0.867,1.953,7.202,-0.671,-170.167,50.554,3.604
-0.443,-0.125,-0.872,2.319,8.24,1.526,-170.09,50.219,3.411
-0.416,-0.104,-0.877,1.343,9.277,2.991,-170.096,49.823,3.115
-0.405,-0.127,-0.893,2.014,7.812,2.869,-170.068,49.471,2.818
-0.388,-0.111,-0.89,1.465,4.7,1.404,-170.085,49.18,2.565
-0.394,-0.117,-0.884,0.61,4.456,2.075,-170.063,48.977,2.406
-0.41,-0.109,-0.888,0.732,4.456,1.648,-170.09,48.785,2.23
-0.382,-0.1,-0.893,0.244,5.615,2.197,-170.151,48.516,2.016
-0.382,-0.117,-0.89,1.16,1.404,0.244,-170.123,48.362,1.923
-0.393,-0.109,-0.888,-0.549,1.587,0.0,-170.145,48.29,1.868
-0.402,-0.109,-0.888,0.0,2.869,-0.793,-170.162,48.192,1.846
-0.387,-0.101,-0.887,-1.099,2.014,1.526,-170.228,48.043,1.752
-0.376,-0.099,-0.892,0.977,3.967,0.427,-170.255,47.884,1.659
-0.372,-0.1,-0.893,1.892,0.977,1.587,-170.244,47.78,1.533
-0.375,-0.111,-0.898,0.305,3.113,-0.244,-170.217,47.681,1.461
-0.392,-0.118,-0.904,0.854,-0.732,-0.244,-170.167,47.626,1.494
-0.352,-0.115,-0.886,2.075,2.258,-2.319,-170.118,47.527,1.494
-0.389,-0.123,-0.897,0.488,-1.038,-0.122,-170.013,47.516,1.588
-0.377,-0.124,-0.894,-0.916,0.061,-0.366,-170.013,47.483,1.577
-0.366,-0.115,-0.894,0.732,2.441,-1.709,-169.991,47.406,1.637
-0.364,-0.116,-0.899,0.61,-0.549,0.0,-169.958,47.335,1.67
-0.37,-0.129,-0.899,-0.183,1.343,-0.549,-169.926,47.291,1.708
-0.373,-0.122,-0.902,-1.038,-0.671,0.488,-169.953,47.258,1.758
-0.364,-0.105,-0.881,-1.526,0.488,1.099,-170.052,47.23,1.719
-0.387,-0.113,-0.897,-0.732,0.732,0.977,-170.107,47.214,1.67
-0.363,-0.109,-0.893,0.671,3.052,1.099,-170.145,47.087,1.582
-0.388,-0.109,-0.915,-0.305,4.639,3.906,-170.228,46.967,1.384
-0.332,-0.107,-0.895,0.854,2.38,2.441,-170.272,46.747,1.214
-0.381,-0.115,-0.904,2.136,1.892,1.343,-170.244,46.697,1.126
-0.364,-0.119,-0.911,0.671,3.845,2.441,-170.233,46.544,0.994
-0.34,-0.119,-0.903,1.221,2.075,2.197,-170.228,46.384,0.868
-0.368,-0.121,-0.9,1.892,2.319,0.244,-170.189,46.318,0.802
-0.347,-0.136,-0.888,1.038,4.761,-1.282,-170.09,46.121,0.824
-0.376,-0.082,-0.89,-0.183,6.042,-0.122,-170.123,45.89,0.802
-0.349,-0.117,-0.888,3.052,10.132,-5.859,-170.002,45.445,0.884
-0.326,-0.133,-0.92,0.977,12.512,-8.179,-169.794,44.874,1.192
-0.303,-0.125,-0.926,0.122,9.888,-4.211,-169.7,44.286,1.445
-0.312,-0.13,-0.924,1.099,7.568,-1.648,-169.623,43.852,1.577
-0.304,-0.131,-0.914,1.282,5.676,0.854,-169.585,43.517,1.538
-0.312,-0.117,-0.924,0.977,6.287,0.793,-169.563,43.226,1.494
-0.299,-0.132,-0.927,1.221,3.54,2.38,-169.514,42.99,1.445
-0.296,-0.133,-0.926,1.953,3.906,1.831,-169.486,42.814,1.368
-0.302,-0.12,-0.917,0.061,0.793,2.197,-169.492,42.72,1.307
-0.318,-0.121,-0.922,0.793,1.16,1.282,-169.486,42.698,1.28
-0.301,-0.119,-0.917,1.831,1.587,0.122,-169.459,42.599,1.247
-0.314,-0.129,-0.911,0.977,2.197,-1.404,-169.393,42.523,1.318
-0.297,-0.129,-0.921,0.244,6.958,-3.052,-169.354,42.275,1.423
-0.278,-0.136,-0.928,0.549,4.7,-4.272,-169.283,41.984,1.62
-0.259,-0.13,-0.936,0.977,5.005,-3.601,-169.233,41.71,1.796
-0.261,-0.13,-0.926,0.549,0.122,-5.859,-169.14,41.528,2.076
-0.304,-0.144,-0.917,-0.183,-0.427,-9.766,-169.008,41.495,2.549
-0.292,-0.149,-0.917,-3.296,1.77,-16.663,-168.92,41.342,3.23
-0.252,-0.158,-0.923,-5.615,2.441,-18.677,-168.887,41.111,4.175
-0.232,-0.182,-0.954,-3.662,1.404,-14.343,-168.832,40.908,5.125
-0.197,-0.175,-0.946,-5.005,-0.061,-2.502,-168.893,40.721,5.641
-0.247,-0.129,-0.944,-7.69,-7.141,3.418,-169.2,40.869,5.729
-0.281,-0.096,-0.919,-5.31,-9.094,4.028,-169.514,41.215,5.735
-0.336,-0.094,-0.904,-1.099,-11.169,-2.563,-169.662,41.721,5.828
-0.351,-0.107,-0.909,-2.014,-1.709,-7.568,-169.634,41.968,6.213
-0.3,-0.112,-0.91,-0.305,2.502,-7.202,-169.585,41.896,6.548
-0.301,-0.126,-0.923,2.869,0.366,-7.69,-169.426,41.83,6.899
-0.291,-0.15,-0.914,2.563,6.409,-2.075,-169.222,41.611,7.081
-0.265,-0.138,-0.924,0.366,0.732,1.282,-169.178,41.462,7.048
-0.284,-0.12,-0.928,0.61,4.639,2.38,-169.211,41.369,6.916
-0.246,-0.117,-0.929,2.014,2.258,0.488,-169.2,41.155,6.833
-0.277,-0.149,-0.93,1.892,1.099,1.709,-169.091,41.083,6.855
-0.274,-0.137,-0.935,1.16,2.686,2.93,-169.102,40.99,6.691
-0.248,-0.138,-0.931,1.038,2.197,4.15,-169.096,40.858,6.553
-0.264,-0.134,-0.934,2.563,1.343,4.578,-169.08,40.781,6.383
-0.271,-0.15,-0.928,0.366,-0.305,5.737,-169.069,40.759,6.163
-0.253,-0.14,-0.935,-0.732,-0.122,1.892,-169.124,40.765,6.031
-0.284,-0.12,-0.92,-0.122,-4.15,2.441,-169.184,40.875,6.01
-0.293,-0.126,-0.926,-0.427,1.099,3.052,-169.233,40.974,5.894
-0.271,-0.127,-0.926,1.648,0.916,-1.16,-169.217,40.908,5.861
-0.279,-0.145,-0.93,-1.099,0.0,-3.235,-169.162,40.886,5.999
-0.281,-0.132,-0.93,-0.854,-0.061,-7.874,-169.14,40.858,6.295
-0.259,-0.163,-0.928,-0.732,-0.366,-10.864,-169.014,40.781,6.806
-0.248,-0.156,-0.931,-3.296,2.625,-8.972,-168.981,40.638,7.317
-0.248,-0.155,-0.941,-2.686,-3.113,-6.531,-169.014,40.6,7.729
-0.267,-0.15,-0.95,-2.747,-0.732,-1.221,-169.063,40.649,7.987
-0.238,-0.142,-0.927,-1.831,-3.906,3.601,-169.173,40.71,7.971
-0.298,-0.123,-0.927,-3.418,-3.845,7.812,-169.371,40.984,7.734
-0.277,-0.122,-0.928,-1.831,-4.517,3.723,-169.568,41.177,7.487
-0.296,-0.136,-0.929,-3.967,-2.869,3.113,-169.722,41.396,7.394
-0.282,-0.115,-0.926,-4.272,-4.028,2.502,-169.969,41.572,7.278
-0.284,-0.105,-0.909,-4.211,-4.7,5.493,-170.228,41.781,7.13
-0.346,-0.101,-0.92,-0.61,-3.052,5.432,-170.442,42.061,6.872
-0.312,-0.115,-0.917,-0.183,5.066,11.536,-170.568,42.045,6.4
-0.3,-0.104,-0.914,-0.549,3.235,13.123,-170.793,41.918,5.674
-0.33,-0.047,-0.917,0.427,5.92,16.907,-171.074,41.847,4.834
-0.3,-0.08,-0.922,15.015,9.644,19.775,-170.942,41.578,3.785
-0.287,-0.125,-0.926,12.39,9.277,26.672,-170.678,41.281,2.422
-0.282,-0.108,-0.919,15.747,12.146,37.781,-170.469,40.979,0.692
-0.254,-0.079,-0.928,23.499,11.597,52.856,-170.261,40.704,-1.835
-0.18,-0.155,-0.961,25.818,3.418,47.119,-169.706,40.633,-4.378
-0.255,-0.174,-0.952,23.987,-7.446,37.781,-169.091,41.083,-6.295
-0.266,-0.219,-0.915,15.32,-4.333,33.142,-168.602,41.523,-7.833
-0.318,-0.202,-0.918,6.775,-3.906,31.067,-168.558,41.962,-9.267
-0.3,-0.168,-0.91,-1.038,1.282,31.25,-168.843,42.16,-10.651
-0.313,-0.15,-0.907,0.061,-0.366,33.691,-169.31,42.347,-12.2
-0.343,-0.134,-0.912,1.221,2.136,36.316,-169.794,42.572,-13.898
-0.369,-0.146,-0.901,1.953,2.563,43.091,-170.266,42.726,-15.87
-0.372,-0.135,-0.896,1.831,11.23,51.392,-170.876,42.748,-18.32
-0.351,-0.102,-0.897,2.319,10.132,53.04,-171.612,42.567,-21.11
-0.334,-0.086,-0.893,3.723,12.024,53.528,-172.266,42.347,-23.857
-0.326,-0.112,-0.926,7.263,13.672,48.523,-172.744,42.045,-26.526
-0.256,-0.127,-0.91,6.775,12.573,46.204,-173.051,41.605,-28.911
-0.319,-0.139,-0.924,6.348,5.737,47.546,-173.353,41.473,-31.19
-0.3,-0.136,-0.932,4.272,11.047,52.002,-173.754,41.254,-33.64
-0.273,-0.123,-0.917,2.747,5.066,48.645,-174.194,41.028,-36.024
-0.341,-0.098,-0.941,3.845,4.15,50.293,-174.661,41.045,-38.331
-0.327,-0.036,-0.915,10.986,1.404,62.927,-175.023,41.061,-41.05
-0.315,-0.083,-0.903,24.719,5.066,78.369,-175.007,41.144,-44.604
-0.249,-0.114,-0.965,23.01,0.305,77.026,-174.88,41.21,-48.466
-0.215,-0.108,-0.974,15.198,-8.606,52.002,-174.82,41.534,-51.537
-0.216,-0.102,-0.932,3.296,-6.531,29.419,-174.809,41.984,-53.13
-0.315,-0.004,-0.95,-9.399,-11.536,27.039,-175.314,42.418,-54.141
-0.316,0.081,-0.934,-7.324,8.301,21.118,-176.16,42.556,-55.146
-0.221,0.065,-0.944,-5.615,9.155,14.709,-176.743,41.984,-55.871
-0.272,0.096,-0.977,-3.784,10.315,13.062,-177.286,41.517,-56.475
-0.228,0.055,-0.966,1.77,15.808,7.996,-177.572,40.787,-56.953
-0.201,0.045,-0.924,-8.667,5.371,10.437,-177.885,40.166,-57.261
-0.255,0.139,-0.926,-11.78,8.057,17.09,-178.753,39.836,-57.914
-0.229,0.161,-0.911,-7.935,4.761,15.442,-179.539,39.446,-58.7
-0.215,0.169,-0.876,-8.484,1.526,20.569,179.681,39.238,-59.645
-0.176,0.117,-0.937,-14.038,-3.479,20.569,178.715,39.199,-60.809
-0.186,0.22,-0.951,-22.461,-4.15,14.648,177.341,39.293,-61.655
-0.16,0.295,-0.983,-5.066,-1.282,16.418,176.254,39.21,-62.589
-0.238,0.207,-0.97,2.747,-11.353,18.372,175.963,39.391,-63.512
-0.179,0.149,-0.954,16.663,-11.475,17.456,176.028,39.622,-64.649
-0.362,0.074,-0.971,20.935,-25.574,17.578,176.622,40.485,-65.583
-0.236,-0.103,-0.812,25.818,3.357,21.729,177.556,40.913,-66.588
-0.288,-0.022,-0.909,12.939,-17.029,36.804,178.121,41.001,-67.841
-0.41,-0.026,-0.993,25.085,4.211,34.058,178.544,41.424,-69.582
-0.225,-0.131,-1.015,18.311,18.555,21.667,179.456,40.671,-70.598
-0.101,-0.098,-0.926,3.845,1.038,19.104,179.923,40.051,-71.169
-0.246,0.06,-0.857,-3.54,-27.344,31.799,179.665,40.677,-71.982
-0.403,0.061,-0.876,12.329,-12.329,20.508,179.555,41.693,-73.147
-0.26,-0.062,-0.871,19.043,2.808,-0.977,-179.665,41.77,-73.4
-0.302,-0.106,-0.876,9.644,-7.507,-7.263,-178.786,41.929,-72.861
-0.277,-0.14,-0.773,2.747,-6.165,-17.212,-178.127,42.264,-71.818
-0.403,-0.057,-0.772,-8.24,-15.259,-12.39,-177.984,42.984,-70.703
-0.366,-0.09,-0.769,-1.282,3.54,-17.09,-177.748,43.314,-69.653
-0.292,-0.115,-0.746,-6.836,-2.563,-15.198,-177.528,43.434,-68.516
-0.243,-0.096,-0.69,-14.832,-9.827,-9.033,-177.682,43.83,-67.571
-0.458,-0.016,-0.856,-16.907,-24.597,-6.897,-178.182,44.901,-66.868
-0.618,0.047,-1.193,-7.507,-2.075,-3.479,-178.5,45.665,-66.39
-0.409,0.074,-1.213,-5.005,26.306,3.296,-178.759,45.055,-66.368
-0.333,0.181,-1.36,-1.099,29.053,11.23,-179.286,43.896,-66.835
-0.003,0.093,-1.251,3.845,27.832,0.549,-179.258,42.1,-67.055
-0.089,0.061,-1.044,-2.625,-26.978,-17.761,-179.198,41.924,-66.528
-0.317,0.016,-0.883,-10.681,-25.391,-23.804,-179.171,43.275,-65.187
-0.303,0.097,-0.802,-18.005,-9.888,-12.512,-179.681,43.896,-64.155
-0.224,0.125,-0.756,-9.827,5.493,-12.329,179.753,43.945,-63.512
-0.113,0.159,-0.782,-6.042,6.348,-4.822,179.434,43.412,-63.034
-0.248,0.176,-0.799,3.174,-18.616,1.709,179.182,43.638,-63.138
-0.186,0.12,-0.797,3.784,-5.127,4.639,179.198,43.989,-63.479
-0.353,0.162,-0.821,1.77,-32.349,11.78,178.879,45.033,-64.259
-0.244,0.159,-0.723,1.831,-18.616,17.7,178.528,45.939,-65.303
-0.406,0.196,-0.767,8.362,-49.5,21.423,177.99,47.747,-66.929
-0.461,0.119,-0.807,10.986,-26.978,16.418,177.907,49.51,-68.335
-0.57,0.156,-1.004,9.155,-23.193,16.907,177.72,50.565,-69.637
-0.559,0.038,-0.993,14.343,-23.56,-5.737,178.017,51.707,-70.214
-0.76,-0.124,-1.187,2.502,-27.71,-21.851,178.984,52.844,-69.192
-0.732,-0.003,-1.137,-2.93,9.705,-10.803,179.127,53.52,-68.395
-0.465,-0.087,-1.021,-3.54,12.878,-11.841,179.731,52.811,-67.291
-0.368,0.015,-0.884,-5.188,-3.845,3.967,179.632,52.57,-66.918
-0.427,0.026,-0.777,-0.793,-15.747,10.986,179.423,53.047,-67.165
-0.536,0.039,-0.772,3.906,-18.555,11.353,179.182,53.882,-67.786
-0.502,-0.024,-0.698,4.456,-7.263,-0.488,179.341,54.542,-68.011
-0.474,-0.071,-0.771,0.732,-4.15,-9.705,179.78,54.789,-67.555
-0.494,-0.076,-0.784,0.0,-2.808,-17.639,-179.758,55.096,-66.671
-0.556,-0.095,-0.776,-2.991,-6.592,-18.188,-179.088,55.448,-65.358
-0.456,-0.101,-0.767,-1.343,10.925,-12.817,-178.555,55.388,-64.281
-0.473,-0.081,-0.794,-8.301,-4.578,-2.136,-178.385,55.239,-63.627
-0.392,-0.08,-0.723,-8.179,2.319,-7.019,-178.473,55.366,-63.171
-0.381,-0.064,-0.658,-22.095,-19.958,-7.507,-178.781,55.8,-62.386
-0.441,0.022,-0.612,-24.658,-17.517,-10.193,-179.604,56.893,-61.71
-0.389,0.054,-0.625,-22.034,-20.325,-15.259,179.835,57.7,-60.754
-0.762,0.129,-0.891,-18.066,-38.513,-19.714,179.379,59.409,-59.782
-0.741,0.102,-0.88,-1.343,-10.986,-18.738,179.621,60.743,-58.727
-0.971,0.201,-1.062,-5.859,2.075,19.775,179.182,61.1,-59.095
-0.571,0.192,-0.988,6.226,50.293,18.188,178.434,59.535,-60.491
-0.476,0.164,-0.971,10.62,18.921,1.831,178.451,57.739,-61.183
-0.609,0.087,-0.864,7.874,13.062,-6.042,178.934,57.096,-61.15
-0.549,0.076,-0.811,-2.686,21.912,-13.855,179.297,56.184,-60.667
-0.525,0.134,-0.787,-7.996,19.165,-12.39,179.291,55.322,-59.985
-0.458,0.156,-0.766,-2.136,21.729,-6.592,179.187,54.393,-59.59
-0.333,0.129,-0.668,2.808,11.719,0.122,179.198,53.591,-59.595
-0.385,0.145,-0.662,7.812,-4.333,6.348,179.138,53.509,-60.073
-0.365,0.099,-0.683,10.071,-1.038,13.428,179.143,53.613,-60.936
-0.415,0.146,-0.737,4.028,-6.165,28.32,178.632,53.806,-62.463
-0.352,0.173,-0.718,6.897,-6.409,28.259,177.836,53.926,-64.435
-0.328,0.119,-0.701,7.874,-19.714,14.832,177.429,54.509,-65.874
-0.464,0.1,-0.84,1.282,-41.138,13.0,177.034,55.783,-66.901
-1.028,0.122,-1.116,3.723,-48.035,8.301,176.457,58.26,-67.978
-0.797,0.029,-1.066,12.695,6.409,-7.507,176.924,58.859,-67.967
-0.858,0.003,-1.114,22.339,31.616,-14.893,178.088,58.475,-67.286
-0.238,-0.261,-0.973,19.47,44.922,-20.935,-179.681,55.816,-65.632
-0.223,-0.157,-0.901,-19.348,-6.958,13.306,-179.313,54.833,-64.951
-0.495,0.095,-0.792,-22.827,-30.457,24.109,179.072,55.811,-65.753
-0.59,0.145,-0.788,-0.244,-9.705,6.226,178.099,56.64,-66.462
-0.625,0.05,-0.814,15.869,-5.127,-12.512,178.682,57.008,-66.165
-0.554,-0.075,-0.82,13.672,10.01,-7.08,179.923,56.898,-65.369
-0.496,-0.059,-0.773,6.775,-1.282,3.784,-179.484,56.656,-65.176
-0.52,-0.056,-0.764,6.653,-3.418,-0.793,-179.116,56.849,-65.116
-0.524,-0.063,-0.769,5.615,1.16,-1.953,-178.599,56.92,-64.775
-0.544,-0.099,-0.833,8.423,8.606,-9.46,-177.951,56.722,-64.248
-0.525,-0.157,-0.836,4.028,12.39,-17.456,-176.962,56.151,-63.078
-0.391,-0.158,-0.789,-2.808,10.498,-13.428,-176.309,55.563,-61.891
-0.379,-0.118,-0.714,-11.658,-7.263,-8.484,-176.16,55.503,-60.925
-0.415,-0.074,-0.615,-15.625,-13.611,-9.583,-176.396,56.102,-60.09
-0.383,-0.083,-0.556,-20.691,-14.832,-16.235,-176.605,56.744,-58.942
-0.48,-0.043,-0.583,-23.315,-14.832,-23.071,-176.935,57.629,-57.53
-0.448,-0.067,-0.683,-23.132,-10.01,-27.466,-176.973,58.063,-55.728
-0.95,-0.016,-1.038,-24.536,-2.93,-30.945,-177.094,59.052,-53.899
-0.88,0.082,-1.321,-36.743,38.757,-30.457,-177.336,57.777,-51.85
-0.722,0.217,-1.364,-20.691,56.274,-17.273,-178.297,56.063,-50.663
-0.259,0.245,-1.131,-21.24,49.622,7.019,-179.176,53.075,-50.422
-0.22,0.28,-0.952,2.625,7.874,-2.075,179.901,51.625,-50.916
-0.336,0.071,-0.831,8.667,-23.987,-16.479,-179.637,51.949,-50.438
-0.537,0.045,-0.786,-3.784,-23.132,-10.254,-179.379,53.113,-49.785
-0.557,0.097,-0.793,-7.812,-3.174,-12.451,-179.637,53.69,-49.395
-0.565,0.128,-0.791,-7.202,2.014,-16.418,-179.725,53.762,-48.713
-0.507,0.107,-0.754,-5.92,11.047,-20.264,-179.643,53.487,-47.884
-0.421,0.119,-0.715,-4.578,8.911,-17.822,-179.539,53.08,-47.049
-0.44,0.104,-0.728,-3.662,4.089,-12.024,-179.5,52.982,-46.522
-0.393,0.143,-0.693,-9.338,-1.343,3.418,-179.929,52.987,-46.631
-0.453,0.173,-0.711,-1.343,4.272,4.028,179.473,53.08,-47.241
-0.399,0.169,-0.769,5.859,6.47,3.113,179.33,52.762,-47.725
-0.344,0.103,-0.757,11.108,3.235,-1.526,179.555,52.586,-48.071
-0.359,0.093,-0.887,6.775,-16.479,1.404,179.786,52.701,-48.246
-0.786,-0.008,-1.07,9.766,-35.4,-6.958,-179.901,54.174,-48.29
-0.545,-0.104,-0.908,6.653,10.986,-11.963,-179.247,54.981,-47.818
-0.902,-0.148,-1.084,5.432,-9.277,-21.973,-178.391,54.866,-46.813
-0.511,-0.103,-1.095,5.798,73.73,-6.165,-177.687,53.339,-45.879
-0.067,-0.157,-0.971,1.404,41.748,1.587,-177.16,50.219,-45.544
-0.141,-0.023,-0.818,-13.306,-14.526,13.123,-177.561,49.455,-45.637
-0.407,0.036,-0.779,-6.592,-22.705,7.874,-178.204,50.471,-45.873
-0.521,-0.005,-0.805,3.357,-2.625,-3.174,-178.209,50.977,-45.747
-0.382,-0.052,-0.857,10.01,22.156,-4.7,-177.671,50.334,-45.363
-0.334,-0.112,-0.925,10.62,18.799,-4.7,-176.94,49.252,-44.989
-0.203,-0.138,-0.896,5.737,13.672,-4.395,-176.303,48.334,-44.473
-0.37,-0.125,-0.902,0.305,-15.076,-5.188,-175.968,48.4,-43.94
-0.466,-0.103,-0.876,-2.747,0.122,-8.667,-175.688,48.768,-43.171
-0.361,-0.104,-0.802,-1.77,-2.014,-5.005,-175.512,48.653,-42.632
-0.385,-0.065,-0.77,-7.935,-4.883,-4.883,-175.518,48.84,-42.155
-0.442,-0.058,-0.771,-3.235,-5.005,-9.338,-175.496,49.158,-41.616
-0.411,-0.094,-0.76,-4.395,-2.93,-14.832,-175.298,49.301,-40.88
-0.451,-0.139,-0.748,-4.822,5.676,-16.113,-174.99,49.334,-39.864
-0.36,-0.096,-0.683,-4.456,11.475,2.808,-174.963,48.966,-39.402
-0.354,-0.091,-0.861,0.427,12.207,21.606,-175.172,48.45,-39.996
-0.557,-0.028,-1.082,5.188,7.385,37.109,-175.556,48.181,-41.473
-0.329,0.027,-0.934,10.315,46.692,52.185,-176.078,47.12,-43.835
-0.517,0.108,-1.211,20.264,4.028,43.335,-176.539,45.764,-46.653
-0.405,0.015,-1.269,14.587,65.369,30.518,-176.232,44.368,-48.395
-0.05,0.027,-1.103,8.911,38.757,27.588,-176.221,41.589,-49.96
-0.09,-0.021,-0.906,3.845,-7.08,6.897,-176.199,40.941,-50.576
-0.266,0.02,-0.897,-4.089,-13.306,3.296,-176.391,41.572,-50.521
-0.329,0.026,-0.892,-5.31,-2.502,2.075,-176.688,41.83,-50.449
-0.226,0.062,-0.889,-2.747,6.958,3.662,-177.006,41.534,-50.504
-0.247,0.072,-0.9,-0.549,2.258,9.399,-177.275,41.336,-50.795
-0.17,0.06,-0.866,1.709,7.629,12.878,-177.495,40.968,-51.339
-0.199,0.084,-0.903,2.625,-3.235,17.944,-177.742,40.77,-52.103
-0.233,0.086,-0.954,7.202,8.85,20.63,-177.863,40.589,-53.058
-0.157,0.058,-0.899,6.775,-15.32,21.851,-177.885,40.391,-54.102
-0.332,0.094,-0.908,8.606,-14.709,22.339,-177.973,41.259,-55.157
-0.283,0.066,-0.861,15.259,-15.381,22.4,-177.863,41.781,-56.343
-0.276,-0.002,-0.817,15.015,-13.672,24.109,-177.534,42.517,-57.486
-0.276,0.005,-0.771,6.226,-30.334,28.87,-177.534,43.456,-58.821
-0.383,0.038,-0.747,4.089,-32.532,25.208,-177.841,45.121,-60.172
-0.462,0.06,-0.859,6.958,-25.146,22.095,-178.11,46.505,-61.408
-0.622,0.04,-0.93,15.747,-10.803,18.311,-178.072,47.725,-62.54
-0.376,-0.064,-0.948,20.691,10.986,10.986,-177.451,47.505,-63.32
-0.64,-0.095,-1.07,15.869,-0.488,4.15,-176.737,47.642,-63.605
-0.378,-0.117,-1.149,21.912,55.237,-0.916,-175.776,46.011,-63.545
-0.018,-0.216,-1.112,14.893,39.856,5.676,-174.754,43.522,-63.484
-0.03,-0.096,-0.973,-2.563,-12.878,16.113,-174.716,42.94,-63.792
-0.338,-0.015,-0.875,-1.465,-36.499,15.076,-174.919,44.319,-64.056
-0.534,0.008,-0.842,9.155,-19.409,14.221,-174.946,45.61,-64.545
-0.421,-0.1,-0.857,17.029,8.667,7.812,-174.337,45.676,-64.913
-0.347,-0.166,-0.888,14.954,1.709,7.507,-173.65,45.516,-65.165
-0.288,-0.21,-0.884,10.62,2.38,7.751,-173.024,45.374,-65.286
-0.381,-0.188,-0.86,3.479,-11.841,6.287,-172.722,45.78,-65.38
-0.425,-0.21,-0.877,4.089,6.042,-4.028,-172.348,46.0,-65.056
-0.334,-0.214,-0.863,-3.723,10.925,-3.601,-172.079,45.571,-64.561
-0.281,-0.189,-0.851,-13.0,3.967,-5.249,-172.205,45.198,-64.017
-0.273,-0.118,-0.802,-22.034,-7.874,-6.409,-172.771,45.264,-63.353
-0.3,-0.108,-0.752,-25.269,-18.066,-18.677,-173.513,45.873,-62.347
-0.276,-0.106,-0.649,-35.767,-29.785,-25.269,-174.304,46.906,-60.716
-0.378,-0.096,-0.666,-37.415,-43.274,-35.278,-175.243,48.708,-58.667
-0.372,-0.051,-0.583,-33.325,-41.565,-36.011,-175.919,50.762,-56.332
-0.697,0.0,-0.76,-21.057,-54.565,-24.353,-176.298,53.256,-54.525
-0.709,0.012,-0.889,-6.897,-5.31,-10.193,-176.215,54.69,-53.509
-0.776,0.133,-1.114,-3.845,20.813,14.526,-176.715,54.245,-53.998
-0.679,0.097,-1.419,-1.892,57.068,15.869,-177.133,52.169,-54.976
-0.065,0.213,-1.211,-3.357,58.96,25.391,-178.066,48.895,-56.409
-0.025,0.086,-0.921,0.488,-14.648,4.944,-178.473,47.895,-57.195
-0.466,0.1,-0.831,-18.494,-54.321,0.122,-179.105,49.911,-57.206
-0.558,0.184,-0.746,-17.578,-20.691,9.583,179.654,51.63,-57.634
-0.426,0.216,-0.716,-12.207,-15.503,15.808,178.385,52.311,-58.64
-0.445,0.247,-0.708,-5.066,-10.559,17.456,177.231,52.91,-59.969
-0.367,0.218,-0.689,3.906,-3.906,16.174,176.473,53.218,-61.342
-0.396,0.208,-0.762,5.615,-9.583,16.968,175.93,53.405,-62.737
-0.427,0.172,-0.805,2.319,-4.333,10.01,175.556,53.674,-63.825
-0.313,0.207,-0.701,-2.502,-19.714,16.296,174.897,54.031,-64.907
-0.368,0.204,-0.662,1.709,-43.884,9.094,174.067,55.448,-66.286
-0.469,0.106,-0.739,4.578,-45.898,-7.629,173.908,57.508,-66.863
-0.947,0.1,-0.94,-0.549,-63.66,-8.789,173.875,60.353,-66.984
-0.653,-0.006,-0.76,5.554,-13.611,-23.499,174.348,62.265,-66.451
-0.93,0.007,-0.946,-15.869,-40.771,-15.076,175.04,63.402,-65.067
-1.01,0.173,-1.04,-0.977,12.329,-3.845,174.639,64.374,-64.841
-0.595,0.099,-0.932,12.878,56.03,-1.648,175.485,62.325,-64.292
-0.225,0.036,-0.802,11.963,18.677,6.531,176.287,60.348,-64.155
-0.418,0.053,-0.693,4.883,-31.189,12.512,176.166,60.908,-64.88
-0.631,0.028,-0.649,4.395,-25.146,4.517,176.083,62.199,-65.462
-0.723,-0.001,-0.699,5.798,-24.658,-7.935,176.32,63.419,-65.479
-0.733,-0.039,-0.708,7.996,-2.563,-15.991,177.259,64.232,-64.627
-0.717,-0.062,-0.723,7.812,-0.366,-11.841,178.385,64.38,-63.6
-0.622,-0.076,-0.668,8.85,1.77,-7.812,179.385,64.512,-62.803
-0.687,-0.03,-0.677,5.371,-4.883,7.935,179.923,64.682,-62.639
-0.639,-0.047,-0.7,11.475,15.442,7.996,-179.879,64.561,-63.122
-0.575,-0.066,-0.691,4.211,8.545,5.554,-179.555,63.984,-63.386
-0.539,-0.074,-0.677,-3.784,9.827,-0.732,-179.473,63.622,-63.364
-0.537,-0.054,-0.643,-14.282,1.16,-6.042,-179.594,63.435,-62.864
-0.451,-0.016,-0.555,-18.372,-8.179,-12.39,-179.863,63.677,-62.04
-0.435,0.019,-0.521,-12.817,-10.986,-19.104,-179.802,64.297,-60.826
-0.674,0.071,-0.701,-10.803,-26.306,-10.864,-179.637,65.231,-59.782
-0.796,0.118,-0.79,-3.845,-22.156,2.869,-179.852,66.462,-59.694
-0.926,0.157,-0.945,-2.502,-28.87,17.273,179.352,67.549,-60.699
-1.093,0.174,-0.975,1.099,-17.09,13.611,178.281,69.027,-62.216
-0.967,0.181,-0.95,-5.066,23.499,8.911,177.621,68.467,-63.067
-0.608,0.148,-0.792,2.502,35.95,-11.902,177.616,66.813,-63.007
-0.544,0.117,-0.736,7.446,4.395,-13.672,178.44,65.847,-62.15
-0.58,0.076,-0.651,14.404,-5.676,0.0,179.154,65.984,-61.913
-0.546,0.078,-0.588,13.428,-14.954,21.179,179.22,66.418,-62.864
-0.605,0.112,-0.568,12.512,-22.034,37.598,178.27,67.302,-65.193
-0.632,0.139,-0.572,13.977,-16.479,37.17,176.869,68.099,-68.154
-0.792,0.18,-0.659,13.245,-17.456,30.579,175.638,68.851,-70.851
-0.557,0.136,-0.473,14.465,1.099,21.912,174.919,69.159,-72.9
-0.637,0.204,-0.542,13.489,-14.099,29.358,174.089,69.318,-74.965
-0.613,0.155,-0.519,27.649,1.526,22.339,173.617,69.56,-77.162
-0.563,0.105,-0.518,33.813,7.08,19.897,174.111,69.241,-78.673
-0.442,0.026,-0.5,26.917,8.667,39.978,174.1,68.632,-80.837
-0.688,0.107,-0.749,11.353,-27.283,68.848,172.128,68.588,-84.836
-0.791,0.198,-0.717,17.883,-51.758,67.505,169.063,69.686,-90.099
-1.41,0.128,-0.916,17.029,-123.657,50.171,166.256,73.24,-95.29
-1.661,0.254,-0.907,36.377,-27.527,42.48,163.57,76.168,-100.195
-0.821,0.08,-0.523,74.829,83.252,32.41,165.679,73.696,-101.234
-0.387,-0.055,-0.47,67.383,62.561,43.884,168.613,69.73,-102.03
-0.263,-0.038,-0.466,46.57,7.874,52.856,169.547,67.681,-104.442
-0.581,-0.097,-0.527,39.673,-37.292,19.714,170.167,68.225,-106.529
-0.895,-0.074,-0.687,27.588,-25.085,7.996,171.178,70.082,-107.144
-0.81,-0.11,-0.651,22.461,-7.324,8.85,172.386,70.889,-107.056
-0.957,-0.025,-0.754,9.705,-11.902,13.55,172.793,71.433,-107.292
-0.946,0.055,-0.782,14.404,31.616,5.432,173.183,71.334,-107.249
-0.46,0.083,-0.645,10.315,57.251,14.709,174.067,68.851,-106.705
-0.495,0.187,-0.811,10.925,7.568,27.161,173.908,67.192,-107.424
-0.783,0.203,-0.861,22.888,9.338,30.518,173.485,66.835,-109.127
-0.643,0.174,-0.809,37.781,21.423,32.227,173.82,65.533,-110.77
-0.556,0.077,-0.725,49.622,18.921,34.851,174.749,64.286,-112.527
-0.554,0.038,-0.666,50.598,9.033,49.561,175.573,63.38,-114.884
-0.632,0.065,-0.708,50.11,11.353,67.017,175.715,62.584,-118.301
-0.544,0.069,-0.688,53.406,16.418,69.946,175.77,61.43,-122.108
-0.521,0.086,-0.756,54.016,10.62,72.571,175.902,60.447,-125.98
-0.626,0.087,-0.805,55.054,-3.662,67.017,176.094,60.079,-129.864
-0.626,0.065,-0.812,51.392,-3.601,62.561,176.484,59.947,-133.325
-0.766,0.099,-0.943,49.561,-2.38,63.11,176.737,59.865,-136.686
-0.551,0.061,-0.827,54.382,6.958,65.796,177.012,59.584,-140.131
-0.722,0.032,-0.865,49.561,-16.113,70.007,177.226,59.678,-143.756
-0.606,-0.005,-0.772,58.167,2.014,67.444,177.369,59.766,-147.513
-0.492,-0.144,-0.707,70.374,1.282,54.077,178.572,59.403,-150.524
-0.628,-0.234,-0.732,66.467,-6.897,56.702,-179.676,59.678,-152.963
-0.643,-0.24,-0.774,57.922,20.63,74.158,-178.599,59.37,-155.967
-0.489,-0.224,-0.762,48.584,34.363,79.468,-178.281,57.997,-159.521
-0.419,-0.199,-0.788,35.95,25.208,71.533,-178.314,56.646,-162.889
-0.395,-0.185,-0.826,27.405,19.775,54.321,-178.209,55.635,-165.317
-0.374,-0.183,-0.782,23.804,0.488,44.312,-178.0,55.19,-167.173
-0.521,-0.195,-0.768,16.846,-11.353,36.133,-177.77,55.646,-168.552
-0.541,-0.209,-0.792,13.184,-3.784,32.227,-177.61,56.019,-169.519
-0.595,-0.182,-0.854,4.944,0.305,36.865,-177.858,56.25,-170.574
-0.569,-0.118,-0.854,-5.127,-3.601,44.8,-178.83,56.332,-172.095
-0.584,-0.073,-0.952,-10.864,0.977,27.588,179.923,56.486,-173.469
-0.63,-0.018,-0.9,-23.438,-7.263,-1.587,178.885,56.777,-173.546
-0.452,0.035,-0.793,-32.654,12.573,-10.498,178.094,56.794,-172.282
-0.369,0.194,-0.838,-39.673,7.935,8.789,176.523,56.129,-171.612
-0.498,0.342,-0.907,-26.794,3.113,13.855,174.457,55.86,-172.09
-0.464,0.337,-0.876,-4.761,18.982,12.268,173.265,55.091,-172.606
-0.361,0.25,-0.818,14.221,19.531,2.625,173.194,53.976,-172.815
-0.332,0.158,-0.771,18.921,8.972,5.188,173.919,53.091,-172.749
-0.436,0.154,-0.779,20.996,3.052,17.395,174.391,52.701,-173.381
-0.441,0.16,-0.762,21.301,-5.371,28.442,174.694,52.498,-174.573
-0.594,0.187,-0.813,23.499,-12.024,34.729,174.743,52.822,-176.303
-0.534,0.228,-0.794,29.663,-2.075,43.274,174.825,52.927,-178.259
-0.504,0.229,-0.855,40.588,8.057,55.481,175.067,52.553,179.214
-0.377,0.137,-1.019,52.124,16.357,56.335,175.897,51.443,176.435
-0.47,0.075,-1.096,49.316,-8.484,67.688,176.693,51.141,173.139
-0.504,-0.055,-1.039,57.373,4.272,56.458,177.693,51.021,169.794
-0.202,-0.229,-0.804,51.636,6.714,36.804,179.55,50.345,167.728
-0.44,-0.144,-0.759,29.663,-48.34,45.166,-179.544,51.515,165.41
-0.736,-0.175,-0.861,44.312,-1.16,31.372,-178.462,53.015,163.51
-0.405,-0.249,-0.829,38.635,32.532,42.358,-177.006,52.037,162.032
-0.245,-0.234,-0.861,21.179,26.611,51.453,-176.424,50.587,159.653
-0.254,-0.147,-0.895,13.245,2.319,37.354,-176.402,49.845,157.077
-0.297,-0.14,-0.82,14.709,-9.521,20.447,-176.05,49.894,155.341
-0.431,-0.171,-0.823,9.766,-20.02,11.658,-175.49,50.554,154.265
-0.456,-0.194,-0.798,9.827,-12.329,-3.052,-174.902,51.295,153.864
-0.44,-0.248,-0.752,-0.122,-16.113,-11.108,-174.078,51.91,154.424
-0.398,-0.206,-0.703,-8.24,-8.179,-9.583,-173.776,52.471,154.995
-0.414,-0.161,-0.707,-14.526,-12.817,-10.193,-173.765,52.938,155.643
-0.39,-0.163,-0.683,-18.188,-12.146,-17.761,-173.853,53.498,156.599
-0.39,-0.12,-0.657,-26.855,-20.02,-14.343,-174.249,54.316,157.709
-0.26,-0.095,-0.571,-28.442,-28.748,-15.076,-174.886,55.355,158.719
-0.555,-0.006,-0.69,-29.48,-76.233,-17.273,-175.605,58.09,159.802
-2.114,0.025,-2.0,-13.489,-50.049,-25.635,-175.556,61.408,161.719
-1.007,0.054,-1.163,-4.456,23.804,2.319,-175.578,62.21,163.059
-0.539,0.128,-1.019,-8.057,44.312,15.137,-176.435,60.233,162.823
-0.303,0.14,-0.953,-1.526,4.883,-4.456,-177.039,58.804,162.62
-0.557,0.077,-0.855,-6.042,-22.217,-19.897,-176.874,59.431,163.51
-0.68,0.091,-0.843,-6.836,-10.864,-19.592,-176.627,60.09,164.811
-0.589,0.076,-0.781,-7.385,4.517,-15.93,-176.561,60.161,165.954
-0.497,0.095,-0.701,-11.23,1.77,-10.559,-176.666,59.952,166.976
-0.37,0.136,-0.594,-8.728,-2.441,-1.648,-177.198,59.908,167.459
-0.398,0.202,-0.61,-3.54,-10.681,12.207,-178.044,60.172,167.179
-0.446,0.146,-0.614,4.272,-11.475,14.954,-178.748,60.721,166.355
-0.412,0.19,-0.634,2.014,-7.935,26.489,-179.802,60.969,164.998
-0.532,0.177,-0.689,8.484,-19.104,20.264,179.269,61.529,163.531
-0.513,0.15,-0.671,10.681,-16.052,17.395,178.759,62.303,162.444
-0.672,0.182,-0.821,7.935,-36.743,25.391,177.973,63.331,161.016
-1.026,0.108,-0.975,21.973,-41.748,10.742,177.501,65.369,159.708
-1.135,-0.079,-1.068,26.978,-18.127,-8.911,178.759,66.544,160.104
-1.047,-0.212,-0.965,25.208,19.165,-18.799,-179.214,66.907,161.636
-0.552,-0.229,-0.796,3.052,33.752,7.324,-177.968,65.281,162.823
-0.451,-0.044,-0.719,-12.39,13.55,29.907,-178.918,64.105,161.938
-0.516,0.066,-0.675,-7.568,-4.395,28.503,179.555,63.869,160.351
-0.633,0.042,-0.71,7.202,5.371,15.747,178.742,63.924,159.175
-0.592,-0.022,-0.768,13.184,7.69,7.141,179.028,63.435,158.917
-0.611,-0.104,-0.769,14.587,3.052,2.686,179.676,63.199,158.906
-0.652,-0.078,-0.727,5.676,-5.005,1.709,-179.731,63.298,159.099
-0.6,-0.068,-0.69,7.141,4.395,3.113,-179.264,63.303,159.34
-0.651,-0.012,-0.723,1.526,9.827,15.259,-179.275,63.034,159.099
-0.702,-0.021,-0.832,4.883,20.02,8.423,-179.445,62.298,158.681
-0.503,-0.08,-0.781,-0.122,22.156,-3.967,-179.121,61.15,159.06
-0.558,-0.074,-0.789,-9.399,-3.357,-14.771,-178.923,60.914,159.862
-0.583,-0.058,-0.729,-13.123,-6.775,-19.287,-178.61,61.21,161.235
-0.602,-0.043,-0.679,-12.756,-13.733,-11.963,-178.572,61.815,162.356
-0.616,-0.013,-0.64,-8.606,-12.268,-7.385,-178.61,62.573,163.24
-0.547,-0.02,-0.568,-4.883,-11.108,-0.366,-178.687,63.21,163.779
-0.534,-0.029,-0.553,-3.662,-9.827,-0.366,-178.792,63.836,164.169
-0.532,0.006,-0.612,-4.822,-4.15,8.789,-179.116,64.292,164.323
-0.554,0.034,-0.669,-9.338,-25.513,15.869,-179.879,64.896,163.817
-0.715,0.152,-0.729,-5.188,-41.382,18.799,178.841,66.747,162.74
-0.843,0.15,-0.857,-0.916,-44.006,25.269,177.698,68.516,161.356
-1.127,0.185,-0.901,3.113,-17.639,15.32,176.16,70.461,159.587
-1.021,0.229,-0.912,-5.493,28.198,7.629,175.699,70.021,159.357
-0.731,0.206,-0.864,2.441,47.058,-4.211,175.474,68.027,159.598
-0.562,0.182,-0.872,-1.77,27.405,-13.306,176.1,66.253,160.79
-0.566,0.18,-0.843,-1.77,7.629,-4.272,176.259,65.424,161.433
-0.621,0.181,-0.77,-6.47,-1.221,0.183,175.968,65.33,161.499
-0.549,0.209,-0.668,-6.165,2.686,-0.854,175.424,65.149,161.411
-0.506,0.212,-0.59,-5.127,1.038,-6.714,175.128,65.05,161.68
-0.462,0.269,-0.53,-1.831,7.263,-3.296,174.886,64.852,162.01
-0.38,0.268,-0.524,11.169,7.324,1.282,174.875,64.276,162.015
-0.594,0.223,-0.621,20.081,-3.235,5.676,175.045,64.325,161.548
-0.424,0.128,-0.524,20.325,2.869,2.625,175.573,64.083,161.274
-0.489,0.04,-0.64,9.949,-21.362,-0.671,175.897,64.55,161.032
-1.028,0.007,-0.903,3.113,-43.457,-10.925,176.122,66.335,161.186
-0.969,-0.116,-0.975,-0.488,-2.502,-11.108,176.715,67.39,162.087
-1.059,-0.059,-0.981,-2.197,5.127,-14.709,177.138,68.0,163.147
-0.838,-0.128,-0.985,-0.427,28.381,-14.221,178.314,66.835,164.861
-0.566,-0.038,-0.882,-3.113,36.377,10.62,178.478,65.325,165.306
-0.408,-0.002,-0.749,-3.906,8.301,15.381,178.094,64.017,164.63
-0.612,0.067,-0.707,-1.526,-3.784,14.954,177.429,63.907,163.548
-0.582,0.008,-0.673,8.057,2.502,-2.319,177.484,63.847,163.191
-0.562,-0.051,-0.667,7.69,-3.235,-8.24,178.341,63.853,163.779
-0.649,-0.062,-0.694,5.249,-3.845,-8.179,179.044,64.21,164.394
-0.687,-0.071,-0.756,4.944,1.892,-8.911,179.89,64.254,165.24
-0.634,-0.059,-0.734,5.493,9.766,-0.977,-179.511,64.034,165.762
-0.566,-0.05,-0.737,5.981,10.925,3.113,-179.088,63.517,165.921
-0.536,-0.063,-0.712,1.953,6.348,6.775,-178.94,63.116,165.696
-0.446,-0.068,-0.622,-4.761,-0.732,1.038,-179.022,62.968,165.509
-0.583,-0.059,-0.665,-13.855,-12.329,-5.737,-179.187,63.402,165.74
-0.488,-0.052,-0.588,-14.038,-1.343,-8.362,-179.39,63.721,166.344
-0.485,0.009,-0.567,-21.24,-6.042,-0.244,-179.929,64.017,166.767
-0.54,0.104,-0.644,-14.648,-19.348,8.972,179.088,64.435,166.547
-0.857,0.168,-0.839,3.479,-23.621,11.047,178.292,65.698,165.855
-0.842,0.11,-0.914,16.663,7.385,19.531,178.143,66.149,164.971
-0.839,0.112,-0.96,18.127,22.888,17.639,178.072,65.435,163.856
-0.518,0.075,-0.908,13.428,30.762,13.123,178.303,63.726,163.103
-0.723,0.088,-0.994,4.944,-6.592,5.676,178.275,63.237,162.405
-0.659,0.058,-0.917,-0.854,6.47,-4.395,178.391,63.105,162.328
-0.719,0.087,-0.896,-7.629,-0.916,-2.197,178.226,63.062,162.427
-0.628,0.122,-0.809,-9.583,3.418,0.854,177.77,62.869,162.361
-0.583,0.152,-0.726,-8.789,-3.479,2.441,177.155,62.858,162.131
-0.596,0.155,-0.677,-6.653,-4.7,-0.671,176.66,63.089,162.021
-0.499,0.156,-0.576,-2.869,-1.221,-2.258,176.353,63.215,162.076
-0.57,0.136,-0.613,-0.916,-2.747,-2.808,176.232,63.402,162.235
-0.539,0.146,-0.598,0.854,3.723,1.16,176.1,63.369,162.328
-0.525,0.177,-0.611,3.54,4.639,9.827,175.776,63.122,161.944
-0.526,0.16,-0.638,8.484,3.174,7.568,175.501,62.996,161.307
-0.438,0.071,-0.591,8.118,-5.981,-5.981,175.748,62.946,161.224
-0.61,0.037,-0.64,-0.183,-22.217,-14.832,176.188,63.847,161.741
-0.699,0.035,-0.793,-8.057,-1.892,-14.099,176.523,64.539,162.664
-0.679,0.069,-0.863,-14.587,0.732,-11.414,176.457,64.677,163.493
-0.772,0.121,-0.903,-16.541,-13.062,-11.353,176.116,65.078,164.174
-0.944,0.121,-0.927,-11.597,-8.667,-16.113,175.902,65.885,164.932
-0.756,0.081,-0.834,-3.845,-0.244,-17.151,176.396,65.885,166.212
-0.775,0.099,-0.892,-1.526,7.507,5.005,176.556,65.825,166.663
-0.683,0.127,-0.838,4.944,18.127,15.991,176.16,65.165,165.883
-0.448,0.142,-0.736,12.024,18.25,16.541,175.963,63.995,164.839
-0.462,0.081,-0.704,16.602,-5.859,6.409,176.232,63.682,163.976
-0.563,0.033,-0.677,16.907,-9.766,-5.31,177.006,64.067,163.74
-0.627,-0.062,-0.691,19.287,-3.784,-16.785,178.407,64.424,164.344
-0.667,-0.111,-0.742,11.414,5.249,-14.587,179.945,64.341,165.372
-0.605,-0.117,-0.755,9.827,9.033,-12.146,-178.852,63.902,166.218
-0.642,-0.133,-0.755,6.897,4.883,-6.47,-177.891,63.666,166.794
-0.577,-0.112,-0.76,-0.061,15.869,1.099,-177.429,63.1,166.987
-0.566,-0.065,-0.768,-8.728,16.052,9.827,-177.682,62.353,166.58
-0.372,-0.049,-0.708,-10.315,15.137,0.366,-178.226,61.414,166.053
-0.506,-0.075,-0.715,-18.188,-13.916,-17.273,-178.374,61.386,166.349
-0.403,-0.09,-0.611,-21.484,-11.108,-28.748,-178.286,61.798,167.569
-0.575,-0.061,-0.613,-25.818,-27.832,-19.104,-178.292,62.875,168.915
-0.445,-0.036,-0.504,-18.25,-21.729,-8.057,-178.715,63.94,169.585
-0.688,0.007,-0.612,-17.883,-37.415,7.324,-179.357,65.407,169.651
-0.966,0.112,-0.784,-8.179,-22.156,17.273,179.368,66.995,168.761
-0.901,0.133,-0.956,-1.221,7.324,22.339,178.385,66.956,167.629
-1.052,0.188,-1.059,2.563,16.113,17.944,177.451,66.901,166.421
-0.707,0.239,-0.997,-4.211,44.006,32.471,176.407,64.874,165.086
-0.371,0.195,-0.906,1.709,25.452,7.629,175.474,62.886,163.773
-0.42,0.121,-0.763,-7.507,-7.263,-21.606,175.803,62.639,164.372
-0.642,0.148,-0.748,-10.803,-15.137,-13.672,175.776,63.281,164.998
-0.656,0.2,-0.726,-12.573,2.93,0.0,175.232,63.463,165.059
-0.625,0.215,-0.724,-0.916,4.7,2.136,174.683,63.116,164.811
-0.619,0.225,-0.729,3.052,5.615,4.395,174.38,62.88,164.476
-0.53,0.184,-0.674,4.7,6.714,-1.282,174.38,62.551,164.333
-0.569,0.182,-0.658,6.836,-2.197,-2.075,174.523,62.479,164.372
-0.563,0.186,-0.653,9.888,7.263,3.967,174.699,62.424,164.268
-0.611,0.215,-0.687,16.113,3.723,15.747,174.749,62.133,163.63
-0.586,0.139,-0.737,23.56,14.832,44.373,174.606,61.529,162.054
-0.489,0.246,-0.729,34.302,1.16,89.661,173.216,60.524,157.709
-0.583,0.166,-0.709,47.058,-11.719,63.171,172.354,60.26,152.803
-0.494,0.155,-0.66,41.382,-6.47,46.631,172.491,60.227,149.502
-0.484,0.073,-0.64,36.377,-16.602,28.625,173.024,60.529,147.162
-0.801,0.113,-0.83,22.339,-20.508,23.743,173.32,61.375,145.349
-0.737,0.132,-0.819,18.677,2.686,19.165,173.403,61.71,143.882
-0.777,0.11,-0.918,4.822,-2.502,7.202,173.617,61.54,143.179
-0.63,0.087,-0.798,8.667,-0.61,-14.099,174.012,61.666,143.251
-0.834,0.023,-0.86,7.446,-6.836,-29.114,175.463,62.314,144.712
-0.738,0.019,-0.899,14.893,27.954,-15.259,176.891,61.842,145.97
-0.418,-0.036,-0.779,7.935,28.381,-0.244,178.105,60.238,146.53
-0.461,0.022,-0.801,10.132,3.235,0.854,178.412,59.513,145.981
-0.591,-0.039,-0.81,10.742,3.235,-9.705,179.401,59.37,146.058
-0.537,-0.044,-0.755,15.991,5.127,-8.423,-179.72,59.156,146.08
-0.549,-0.134,-0.732,13.489,3.479,-17.456,-178.336,58.986,146.591
-0.621,-0.161,-0.772,9.644,4.028,-12.268,-177.05,58.876,147.173
-0.508,-0.173,-0.728,5.371,9.033,-5.005,-176.171,58.53,147.294
-0.504,-0.097,-0.706,-3.052,6.592,2.93,-175.864,58.184,146.92
-0.418,-0.109,-0.667,-0.488,9.399,-4.395,-175.732,57.794,146.481
-0.435,-0.127,-0.655,-9.766,-6.348,-7.446,-175.518,57.722,146.442
-0.391,-0.114,-0.599,-12.146,-0.732,-17.7,-175.49,57.903,146.689
-0.408,-0.092,-0.595,-21.729,-16.846,-13.733,-175.534,58.321,147.31
-0.677,-0.042,-0.725,-22.034,-19.531,-5.066,-176.105,59.255,147.431
-0.784,0.062,-0.993,-16.235,3.174,-3.296,-176.781,59.716,147.546
-0.766,0.085,-1.158,-9.949,20.508,0.793,-177.242,58.788,147.601
-0.684,0.143,-1.19,4.822,44.189,2.136,-177.742,57.475,147.255
-0.415,0.047,-1.154,1.953,37.842,4.15,-177.528,55.124,147.129
-0.506,0.057,-0.996,2.197,8.057,-1.16,-177.792,54.174,146.519
-0.536,0.004,-0.9,-4.822,12.817,-2.258,-177.781,53.63,146.475
-0.515,0.055,-0.831,-9.583,16.602,6.592,-178.297,52.921,146.135
-0.436,0.112,-0.772,-3.784,25.757,15.686,-179.006,51.877,145.448
-0.327,0.12,-0.779,2.808,19.409,22.034,-179.583,50.718,144.344
-0.372,0.159,-0.827,11.963,11.78,29.053,-179.956,50.004,142.894
-0.245,0.093,-0.747,11.658,14.587,27.832,179.912,49.235,141.273
-0.255,0.155,-0.775,7.019,7.507,28.015,179.528,48.598,139.581
-0.208,0.133,-0.735,8.362,9.033,23.56,179.198,48.043,137.994
-0.209,0.19,-0.754,7.202,-2.441,24.597,178.819,47.642,136.461
-0.185,0.167,-0.75,15.808,-14.771,22.4,178.654,47.895,134.89
-0.228,0.063,-0.758,18.25,-23.987,16.052,178.94,48.675,133.55
-0.574,0.096,-1.012,13.367,-37.659,19.653,179.061,49.993,132.155
-0.672,-0.001,-1.083,22.522,-0.854,16.907,179.374,50.894,130.792
-0.546,-0.106,-1.156,8.911,-25.757,6.165,-179.907,51.021,130.133
-0.791,0.035,-1.197,15.686,-3.296,-5.493,-179.709,52.284,129.468
-0.431,-0.139,-1.092,18.005,23.682,-17.517,-178.006,51.339,130.369
-0.278,-0.102,-0.958,4.822,4.7,8.911,-177.286,50.504,130.1
-0.32,-0.059,-0.79,-0.793,-18.677,6.653,-177.33,50.806,129.051
-0.439,-0.043,-0.727,-1.404,-26.611,-1.526,-177.413,51.883,128.381
-0.479,-0.068,-0.677,-1.221,-20.874,-7.874,-177.259,53.031,128.227
-0.535,-0.12,-0.701,0.122,-12.695,-15.503,-176.792,53.893,128.551
-0.603,-0.16,-0.813,-3.479,-4.639,-22.4,-176.138,54.349,129.287
-0.576,-0.201,-0.831,-2.808,11.841,-35.645,-175.237,54.256,130.6
-0.445,-0.142,-0.733,-8.728,10.742,-29.724,-174.37,53.635,132.1
-0.358,-0.139,-0.653,-10.559,9.888,-28.076,-173.815,53.119,133.341
-0.404,-0.107,-0.675,-18.616,-6.958,-24.109,-173.694,53.069,134.429
-0.446,-0.156,-0.715,-20.996,7.751,-28.687,-173.705,53.069,135.703
-0.317,-0.161,-0.74,-29.419,6.958,-34.058,-173.941,52.581,137.197
-0.478,-0.093,-0.91,-38.513,-2.747,-37.72,-174.54,52.449,138.884
-0.515,-0.016,-1.017,-33.63,2.197,-38.879,-175.111,52.333,140.955
-0.43,0.049,-1.1,-33.02,3.479,-15.442,-175.957,52.042,142.339
-0.645,0.158,-1.188,-24.353,-6.653,4.395,-177.347,52.289,142.421
-0.297,0.201,-1.066,-18.433,3.906,17.822,-178.704,51.833,141.823
-0.371,0.219,-0.971,-5.432,-28.564,2.747,-179.896,52.377,140.982
-0.501,0.079,-0.887,-4.15,-35.828,-22.278,-179.923,53.817,141.537
-0.493,0.081,-0.843,-11.292,-37.17,-27.405,-179.791,55.519,142.916
-0.591,0.055,-0.796,-19.165,-40.1,-30.579,-179.747,57.409,144.613
-0.588,0.108,-0.706,-25.635,-25.574,-27.222,179.951,59.062,146.459
-0.503,0.17,-0.625,-20.203,-20.203,-14.587,179.346,60.145,147.914
-0.526,0.199,-0.618,-7.874,-16.479,0.0,178.643,61.111,148.541
-0.469,0.228,-0.635,-0.061,-5.432,15.747,177.88,61.573,148.282
-0.388,0.255,-0.66,9.216,-23.254,10.681,177.248,62.139,147.497
-0.402,0.242,-0.63,17.639,-42.847,-13.428,177.545,63.633,147.601
-0.658,0.118,-0.629,26.306,-48.34,-28.625,179.105,66.061,148.925
-0.836,0.011,-0.758,26.733,-37.17,-23.315,-178.753,67.89,150.776
-1.112,-0.15,-0.836,28.992,-19.165,-5.737,-176.88,69.373,152.051
-0.846,-0.161,-0.726,16.602,14.648,5.066,-175.935,69.445,152.562
-0.964,-0.189,-0.819,27.649,3.357,13.0,-175.27,69.17,152.424
-0.775,-0.261,-0.73,16.113,26.917,25.208,-174.99,68.379,151.639
-0.666,-0.102,-0.708,9.827,14.832,46.509,-176.012,67.505,149.562
-0.69,-0.029,-0.688,13.977,8.179,50.354,-177.435,67.126,146.684
-0.662,-0.006,-0.688,23.804,13.794,43.64,-178.484,66.643,143.893
-0.689,-0.082,-0.674,21.362,4.456,32.349,-178.824,66.281,141.718
-0.709,-0.1,-0.7,23.254,16.541,16.418,-178.676,65.929,140.449
-0.612,-0.14,-0.648,17.944,13.428,18.921,-178.055,65.138,139.708
-0.58,-0.161,-0.62,14.099,15.32,17.395,-177.836,64.633,138.571
-0.476,-0.109,-0.567,6.47,10.681,17.822,-177.709,63.968,137.461
-0.584,-0.067,-0.563,9.277,-2.625,12.39,-177.72,64.028,136.368
-0.65,-0.061,-0.623,16.663,5.554,22.339,-177.407,63.929,135.379
-0.665,-0.09,-0.705,27.893,13.245,27.527,-177.248,63.721,133.731
-0.449,-0.179,-0.669,28.32,7.874,29.602,-176.539,63.155,132.006
-0.653,-0.059,-0.777,17.578,-25.513,57.922,-177.116,63.875,128.611
-0.834,0.075,-0.942,26.917,-9.644,67.505,-178.434,64.638,124.096
-0.838,0.136,-0.969,36.133,8.484,69.702,-179.522,64.413,119.608
-0.809,0.18,-1.002,34.668,18.555,84.229,178.984,63.528,114.56
-0.739,0.223,-0.981,40.039,24.536,83.069,177.446,62.21,109.297
-0.574,0.111,-0.901,51.208,17.212,68.665,177.001,60.71,104.733
-0.531,0.012,-0.79,49.316,9.705,53.528,177.358,59.788,100.904
-0.569,0.022,-0.691,42.664,-0.488,51.025,177.825,59.398,97.405
-0.521,-0.007,-0.642,45.105,16.541,52.979,178.275,58.892,93.691
-0.458,0.016,-0.627,40.527,9.46,62.378,178.654,58.019,89.55
-0.516,0.026,-0.711,42.358,12.268,61.462,178.764,57.448,84.941
-0.549,0.038,-0.799,37.659,2.197,55.969,178.973,56.909,80.579
-0.606,0.025,-0.889,35.156,11.963,50.842,179.143,56.646,76.525
-0.589,0.02,-1.052,25.085,6.47,57.739,179.105,55.975,72.532
-0.563,0.077,-1.077,29.907,16.052,70.74,178.286,55.503,67.753
-0.44,-0.009,-0.905,28.137,-1.831,73.425,177.775,54.888,62.946
-0.536,-0.016,-0.812,37.476,-15.991,68.604,177.385,55.031,58.068
-0.631,-0.065,-0.84,47.485,11.353,69.763,177.665,54.97,53.333
-0.451,-0.153,-0.867,52.368,41.382,82.886,178.336,53.097,48.192
-0.179,-0.185,-0.849,44.373,40.588,93.079,178.819,50.559,42.578
-0.157,-0.065,-0.816,32.104,-3.723,87.28,178.808,49.367,37.123
-0.487,-0.067,-0.833,42.053,-17.212,69.336,179.061,49.845,32.377
-0.481,-0.145,-0.781,38.147,-5.188,57.8,179.879,50.081,28.394
-0.41,-0.192,-0.739,31.433,-4.211,45.959,-179.352,50.164,24.895
-0.482,-0.213,-0.798,16.602,-13.611,37.598,-178.726,50.515,22.11
-0.639,-0.148,-0.893,6.348,-6.714,35.583,-178.759,51.108,19.468
-0.559,-0.106,-0.867,-2.563,-3.479,31.128,-179.061,51.306,17.062
-0.647,-0.072,-1.025,-1.587,7.812,20.325,-179.594,51.405,14.936
-0.413,-0.084,-1.004,-10.559,13.123,20.081,-179.962,50.801,13.387
-0.33,0.091,-0.999,-13.916,7.507,22.339,178.94,50.427,11.656
-0.081,0.073,-0.867,-5.249,13.123,21.057,178.303,49.576,10.333
-0.264,0.157,-0.847,-14.954,-37.354,43.335,177.012,50.021,8.35
-0.625,0.249,-0.907,-4.944,-17.578,43.518,175.303,51.169,5.532
-0.409,0.241,-0.854,12.756,12.573,39.49,174.545,50.592,2.95
-0.335,0.165,-0.818,28.381,2.38,36.804,174.71,49.905,0.566
-0.432,0.141,-0.81,29.846,-9.216,48.34,175.056,49.872,-2.175
-0.451,0.155,-0.79,34.18,-4.333,61.707,175.243,49.85,-5.707
-0.438,0.184,-0.822,36.804,-2.686,72.083,175.265,49.647,-10.009
-0.359,0.184,-0.834,37.781,-4.761,70.007,175.413,49.395,-14.332
-0.419,0.232,-0.872,37.903,-16.296,69.336,175.446,49.537,-18.666
-0.442,0.192,-0.883,43.213,-15.747,60.486,175.715,49.999,-22.78
-0.415,0.133,-0.912,42.786,-16.968,56.03,176.265,50.46,-26.483
-0.571,0.089,-0.963,38.696,-24.841,58.716,176.688,51.317,-30.097
-0.724,0.046,-1.016,31.189,-32.776,54.077,176.907,52.328,-33.602
-0.6,-0.043,-0.917,36.682,0.854,42.114,177.138,52.987,-36.744
-0.284,-0.144,-0.706,35.156,-0.977,33.203,178.143,52.685,-38.804
-0.544,-0.072,-0.752,23.926,-29.114,50.11,178.528,53.553,-41.182
-0.636,-0.047,-0.856,37.109,18.799,51.147,178.896,53.558,-44.022
-0.423,-0.107,-0.889,42.908,38.208,48.096,179.863,51.965,-46.659
-0.151,-0.137,-0.85,32.654,22.522,49.438,-179.209,50.279,-49.054
-0.29,-0.087,-0.81,25.452,-16.602,38.33,-178.709,50.306,-51.136
-0.513,-0.109,-0.821,23.132,-14.282,22.217,-177.935,51.053,-52.267
-0.506,-0.167,-0.855,21.912,0.366,11.108,-177.001,51.317,-52.85
-0.467,-0.198,-0.859,11.536,3.906,2.808,-176.083,51.18,-52.833
-0.445,-0.182,-0.872,4.15,9.216,-0.488,-175.523,50.911,-52.581
-0.339,-0.143,-0.814,-6.897,3.723,0.061,-175.281,50.488,-52.191
-0.396,-0.081,-0.804,-10.01,2.075,-4.456,-175.523,50.504,-51.855
-0.278,-0.101,-0.715,-13.367,-7.812,-15.869,-175.589,50.444,-50.993
-0.495,-0.095,-0.75,-22.522,-21.729,-23.621,-175.825,51.328,-49.642
-0.288,-0.137,-0.652,-23.865,-11.047,-35.706,-175.968,51.943,-47.747
-0.306,-0.114,-0.562,-40.161,-49.805,-28.137,-176.385,53.405,-45.549
-0.525,0.042,-0.597,-42.603,-43.579,-10.193,-177.715,55.882,-44.176
-0.752,0.174,-0.86,-23.499,-23.804,2.686,-179.198,57.557,-44.011
-0.669,0.159,-0.959,4.333,4.944,6.836,-179.835,58.063,-44.604
-0.724,0.104,-1.151,8.118,-4.272,15.686,-179.681,57.689,-45.401
-0.889,0.086,-1.309,23.132,28.259,5.493,-179.396,57.239,-46.362
-0.329,0.065,-1.213,12.146,62.805,16.785,-178.912,54.399,-47.065
-0.228,0.035,-1.083,7.141,1.648,-2.136,-178.786,52.932,-47.582
-0.443,-0.019,-0.915,-11.475,-30.701,-19.958,-178.5,53.817,-46.538
-0.618,0.11,-0.873,-19.958,-22.095,-10.193,-179.077,55.02,-45.703
-0.479,0.108,-0.739,-13.245,-11.047,-7.019,-179.687,55.662,-45.363
-0.528,0.14,-0.718,-11.169,-11.963,-5.371,179.725,56.272,-45.269
-0.464,0.115,-0.687,-5.615,1.648,-10.315,179.412,56.541,-45.121
-0.413,0.118,-0.684,-4.272,2.869,-11.414,179.379,56.453,-44.747
-0.473,0.152,-0.734,-0.671,7.141,-0.61,179.319,56.294,-44.643
-0.348,0.196,-0.718,3.174,6.836,17.517,178.907,55.805,-45.522
-0.414,0.217,-0.773,11.169,-14.282,20.508,178.369,55.887,-47.12
-0.552,0.139,-0.771,17.761,-22.644,8.85,178.297,56.805,-48.543
-0.542,0.065,-0.729,11.597,-20.142,-4.272,178.709,57.799,-49.114
-0.487,-0.0,-0.714,4.761,-15.381,-14.465,179.225,58.788,-48.906
-0.607,-0.007,-0.872,-8.667,-29.907,-14.832,179.599,59.76,-48.131
-0.928,0.105,-1.122,-8.85,-6.409,-3.052,179.203,60.969,-47.895
-0.438,0.02,-0.858,-5.615,-11.292,-6.226,179.154,60.919,-47.708
-0.698,0.041,-0.806,-10.193,-45.959,-8.423,178.808,62.682,-47.527
-0.792,-0.028,-0.744,-3.723,-31.86,-25.513,179.225,64.655,-46.527
-0.876,-0.002,-0.754,-10.315,-21.118,-13.184,179.753,65.989,-45.341
-0.806,0.048,-0.774,1.831,9.766,-0.549,179.725,66.231,-45.264
-0.652,-0.0,-0.766,12.756,28.503,1.343,-179.654,65.171,-45.302
-0.488,-0.042,-0.758,12.634,19.348,11.536,-179.28,63.918,-45.906
-0.463,-0.065,-0.721,9.216,10.559,4.7,-178.918,63.188,-46.362
-0.595,-0.042,-0.736,7.812,-2.625,-3.052,-178.572,63.04,-46.45
-0.61,-0.13,-0.761,11.597,7.446,-23.682,-177.292,62.847,-45.406
-0.757,-0.1,-0.841,7.141,-1.587,-10.071,-176.006,62.677,-44.154
-0.559,-0.157,-0.724,14.771,12.878,-5.432,-174.985,62.424,-43.616
-0.582,-0.083,-0.747,4.7,7.874,24.658,-174.661,61.952,-44.061
-0.606,-0.035,-0.808,8.362,21.545,30.273,-175.468,61.414,-45.978
-0.443,-0.067,-0.819,9.46,26.917,16.785,-175.699,60.073,-47.34
-0.463,-0.094,-0.764,1.099,5.737,2.869,-175.792,59.442,-47.867
-0.532,-0.149,-0.74,-11.719,-15.198,-19.775,-175.43,59.595,-46.906
-0.622,-0.066,-0.704,-17.029,-22.461,-18.616,-175.397,60.672,-45.5
-0.576,-0.103,-0.618,-11.902,-27.954,-12.451,-175.314,61.886,-44.451
-0.541,-0.106,-0.525,-12.695,-30.518,-7.141,-175.342,63.424,-43.742
-0.448,-0.101,-0.423,-15.503,-31.738,-4.578,-175.556,64.99,-43.242
-0.643,-0.062,-0.523,-21.362,-42.664,-0.488,-176.078,66.995,-42.885
-1.0,0.103,-0.773,-17.395,-14.648,9.888,-177.281,68.659,-43.374
-0.804,0.11,-0.836,-9.827,32.043,23.987,-178.281,68.033,-44.467
-0.991,0.241,-0.974,-1.221,27.771,32.227,179.78,66.764,-46.934
-0.628,0.179,-0.948,8.545,74.036,22.888,178.967,64.116,-48.774
-0.343,0.172,-0.968,6.958,42.175,22.583,178.462,60.991,-50.301
-0.389,0.097,-0.862,3.296,13.062,7.69,178.11,59.579,-51.339
-0.562,0.126,-0.836,-10.925,-5.676,6.104,177.627,59.26,-51.795
-0.693,0.199,-0.83,-13.733,14.038,6.348,176.6,59.134,-52.383
-0.501,0.208,-0.79,-11.292,26.733,2.258,175.847,57.865,-52.701
-0.411,0.244,-0.764,-9.521,25.879,7.874,175.117,56.629,-53.097
-0.248,0.263,-0.699,-4.089,17.029,11.963,174.348,55.399,-53.899
-0.303,0.257,-0.655,4.517,-3.357,14.893,173.765,55.074,-55.025
-0.335,0.258,-0.649,11.108,-11.536,21.606,173.287,55.124,-56.596
-0.405,0.252,-0.646,14.099,-20.081,25.391,172.809,55.684,-58.661
-0.45,0.248,-0.655,16.296,-21.484,21.667,172.43,56.47,-60.71
-0.48,0.205,-0.679,21.484,-21.729,19.165,172.293,57.31,-62.655
-0.72,0.149,-0.901,20.081,-23.193,12.085,172.557,58.217,-64.067
-0.876,0.09,-1.171,15.625,-18.127,1.953,173.002,58.991,-64.836
-0.908,0.111,-1.123,12.146,16.357,-4.089,173.496,59.409,-64.973
-0.499,-0.064,-1.03,24.719,44.617,-29.663,175.309,57.881,-63.638
-0.264,-0.161,-0.93,-0.916,8.972,-15.503,177.1,56.629,-61.743
-0.396,0.028,-0.79,-19.714,-18.616,15.808,176.583,56.854,-61.562
-0.584,0.141,-0.776,-14.709,-16.418,17.212,175.232,57.574,-62.49
-0.589,0.173,-0.755,1.77,-3.723,0.183,174.661,57.931,-62.985
-0.607,0.083,-0.796,14.832,5.92,-5.31,175.309,57.881,-62.77
-0.479,-0.01,-0.736,18.738,7.507,-3.418,176.314,57.59,-62.556
-0.605,-0.021,-0.825,13.123,3.967,2.808,177.242,57.354,-62.441
-0.476,-0.062,-0.786,10.559,-0.427,2.197,177.99,57.03,-62.413
-0.604,-0.025,-0.768,9.766,-14.954,-5.493,178.566,57.711,-62.238
-0.617,-0.066,-0.76,10.681,1.038,-5.554,179.528,58.085,-61.661
-0.468,-0.083,-0.73,7.202,23.804,3.357,-179.89,57.404,-61.512
-0.323,-0.082,-0.697,-5.798,6.897,4.883,-179.808,56.629,-61.523
-0.376,-0.059,-0.654,-11.902,-5.127,-10.437,179.995,56.777,-61.068
-0.458,-0.062,-0.626,-23.071,-23.193,-19.287,179.874,57.557,-59.782
-0.463,-0.016,-0.576,-23.804,-20.447,-23.682,179.572,58.705,-58.299
-0.704,0.053,-0.787,-20.813,-33.081,-12.817,179.269,60.051,-57.057
-0.783,0.122,-0.885,-6.958,-9.216,-6.104,178.885,61.227,-56.656
-0.72,0.099,-1.086,-0.061,14.587,0.793,178.962,61.04,-56.53
-0.808,0.193,-1.188,6.104,24.292,10.681,178.605,60.419,-57.206
-0.617,0.148,-1.188,10.498,42.236,13.672,178.786,58.694,-57.854
-0.319,0.168,-1.101,8.789,22.949,20.203,178.594,56.596,-59.013
-0.48,0.109,-0.948,7.385,-10.62,9.46,178.462,56.283,-59.947
-0.546,0.087,-0.837,0.488,-17.944,6.409,178.286,56.805,-60.546
-0.591,0.12,-0.763,-5.31,-15.869,10.315,177.764,57.579,-61.199
-0.509,0.162,-0.706,-2.258,-3.723,7.996,177.127,57.881,-61.968
-0.486,0.183,-0.688,-0.244,4.028,10.071,176.611,57.838,-62.759
-0.467,0.174,-0.685,3.845,7.08,9.46,176.309,57.464,-63.534
-0.458,0.168,-0.684,5.981,8.179,12.024,176.061,57.057,-64.418
-0.46,0.185,-0.704,7.874,6.165,16.907,175.77,56.651,-65.55
-0.443,0.165,-0.72,12.634,10.62,13.611,175.655,56.168,-66.709
-0.35,0.146,-0.702,13.916,7.019,15.686,175.748,55.668,-67.747
-0.312,0.132,-0.656,14.16,-14.282,13.367,175.814,55.662,-68.824
-0.452,0.115,-0.724,15.137,-26.245,15.381,175.875,56.552,-69.999
-0.889,0.149,-0.981,14.954,-21.667,14.099,175.93,57.766,-71.18
-0.516,0.014,-0.837,15.93,-5.798,0.854,176.413,57.98,-71.812
-1.136,0.098,-1.108,2.991,-26.489,-0.122,176.748,59.183,-71.895
-0.664,-0.052,-0.992,18.677,42.786,-21.545,177.814,58.464,-71.18
-0.447,-0.052,-1.014,-0.122,21.912,-2.93,178.901,56.981,-70.032
-0.494,0.037,-0.957,-2.502,7.935,13.062,178.698,56.288,-70.208
-0.391,0.09,-0.831,2.808,1.831,15.503,178.341,55.838,-70.856
-0.495,0.048,-0.792,7.935,-13.123,9.888,178.292,56.14,-71.499
-0.493,-0.022,-0.725,6.714,-7.507,-4.15,178.687,56.569,-71.466
-0.502,-0.027,-0.714,2.258,-4.333,-8.85,179.143,56.876,-70.906
-0.546,-0.037,-0.774,-0.183,1.404,-11.414,179.621,56.981,-70.104
-0.613,-0.003,-0.828,4.761,7.141,-11.047,-179.797,56.827,-69.258
-0.547,-0.042,-0.794,10.376,11.353,-8.362,-179.011,56.47,-68.599
-0.491,-0.08,-0.79,9.827,19.287,-3.906,-178.187,55.789,-68.088
-0.417,-0.093,-0.792,1.343,19.287,0.916,-177.77,54.849,-67.852
-0.337,-0.066,-0.768,-8.423,7.507,-6.531,-177.825,54.207,-67.522
-0.407,-0.077,-0.748,-18.127,-8.179,-19.47,-177.913,54.201,-66.462
-0.407,-0.065,-0.677,-22.888,-8.85,-24.17,-178.138,54.657,-64.907
-0.332,-0.028,-0.59,-26.917,-19.47,-15.076,-178.588,55.267,-63.474
-0.493,0.041,-0.696,-24.597,-26.733,-0.183,-179.544,56.442,-62.891
-0.774,0.113,-0.887,-17.029,-24.719,1.831,179.363,57.81,-63.034
-0.631,0.116,-0.928,-8.057,20.203,9.399,178.753,58.046,-63.226
-0.81,0.266,-1.077,-5.371,6.592,34.241,177.55,57.332,-64.709
-0.557,0.173,-1.103,12.268,44.006,14.648,177.061,55.871,-66.209
-0.262,0.164,-1.11,12.39,29.663,0.854,177.523,53.795,-66.434
-0.365,0.046,-0.998,9.583,-12.634,-11.108,178.171,53.58,-66.132
-0.535,-0.003,-0.937,-3.418,-9.888,-18.921,178.671,54.141,-65.204
-0.528,0.068,-0.881,-14.893,-4.333,-11.23,178.522,54.382,-64.325
-0.449,0.122,-0.821,-12.146,1.892,-5.31,178.028,54.316,-63.935
-0.446,0.15,-0.786,-5.127,-6.714,-5.92,177.704,54.443,-63.71
-0.442,0.094,-0.731,2.258,-4.578,-7.935,177.825,54.734,-63.43
-0.424,0.078,-0.674,-2.197,-11.108,-1.282,177.891,55.058,-63.309
-0.559,0.125,-0.75,-4.211,-7.996,5.188,177.561,55.547,-63.6
-0.637,0.175,-0.8,-2.075,3.479,11.23,177.039,55.717,-64.281
-0.436,0.172,-0.748,2.502,14.282,8.362,176.644,55.195,-65.078
-0.413,0.137,-0.762,8.057,13.245,-9.094,176.797,54.651,-65.259
-0.332,0.079,-0.772,11.536,11.475,-15.32,177.561,54.097,-64.666
-0.259,0.008,-0.742,7.324,-0.671,-4.578,178.297,53.762,-64.144
-0.284,0.076,-0.772,-2.808,-20.386,12.268,178.138,54.146,-64.49
-0.637,0.149,-0.921,-7.446,-45.288,20.02,177.341,55.574,-65.511
-0.757,0.166,-0.931,5.066,-21.79,7.08,176.594,57.134,-66.72
-0.863,0.098,-0.983,0.0,-24.902,-4.578,176.814,58.041,-66.731
-0.788,0.037,-0.97,10.559,0.977,-13.306,177.209,58.64,-66.478
-0.675,-0.003,-0.97,12.451,23.804,-13.611,178.385,58.085,-65.511
-0.469,-0.026,-0.911,10.742,24.17,6.714,179.138,56.843,-65.319
-0.358,0.0,-0.836,5.615,8.179,11.841,179.269,56.052,-65.858
-0.484,0.012,-0.797,3.662,-7.751,1.648,179.346,56.162,-66.127
-0.496,-0.017,-0.75,1.465,1.953,-11.23,179.736,56.245,-65.649
-0.514,-0.042,-0.768,1.404,6.897,-18.738,-179.626,56.019,-64.616
-0.516,-0.068,-0.785,0.427,9.155,-20.63,-178.857,55.668,-63.325
-0.626,-0.066,-0.865,-2.075,4.578,-15.991,-178.231,55.421,-62.133
-0.487,-0.094,-0.77,-0.122,17.334,-16.907,-177.676,54.998,-61.117
-0.439,-0.068,-0.745,-7.08,15.137,-8.118,-177.308,54.322,-60.233
-0.259,-0.04,-0.699,-9.155,24.109,-1.465,-177.457,53.289,-59.865
-0.336,0.039,-0.773,-13.672,-4.578,4.578,-177.984,52.795,-59.777
-0.3,0.031,-0.738,-4.639,1.953,-5.432,-178.391,52.784,-59.705
-0.26,-0.005,-0.741,-2.319,-17.822,-16.602,-178.231,53.075,-58.969
-0.38,-0.026,-0.873,-3.296,-42.114,-15.93,-177.858,54.41,-57.865
-0.656,-0.018,-0.811,-1.709,-60.364,-10.376,-177.627,57.14,-57.074
-0.748,0.006,-0.871,-13.428,-64.087,5.859,-177.814,59.903,-56.849
-1.236,0.2,-1.049,-4.7,-21.24,14.038,-179.105,62.485,-57.969
-0.746,0.089,-0.902,6.531,56.213,6.165,-178.989,60.804,-58.508
-0.433,0.12,-0.963,10.559,38.147,1.77,-179.011,58.436,-59.216
-0.523,0.032,-0.921,3.113,6.287,-15.32,-178.336,57.684,-58.755
-0.589,0.038,-0.873,0.366,12.695,-19.409,-177.841,57.266,-57.876
-0.512,0.053,-0.807,-4.639,18.799,-15.808,-177.457,56.519,-56.959
-0.399,0.072,-0.743,-5.127,15.503,-4.822,-177.49,55.624,-56.541
-0.339,0.085,-0.642,-4.639,6.836,6.287,-177.891,55.118,-56.827
-0.474,0.123,-0.686,-0.427,1.282,12.817,-178.478,54.948,-57.634
-0.471,0.126,-0.689,6.287,16.907,18.616,-178.967,54.531,-58.865
-0.409,0.095,-0.685,9.094,19.043,25.94,-179.374,53.696,-60.452
-0.367,0.088,-0.704,5.31,0.793,29.053,-179.945,53.146,-62.336
-0.322,0.037,-0.73,8.057,-7.385,14.893,179.643,53.284,-63.885
-0.653,0.074,-0.984,-1.404,-38.147,11.597,179.324,54.437,-64.759
-0.569,0.038,-1.036,4.944,-13.55,4.7,179.094,55.47,-65.413
-0.742,-0.058,-1.314,7.69,-41.382,-10.132,179.604,56.547,-65.176
-0.755,-0.085,-1.157,17.151,2.014,-15.808,-179.451,57.925,-64.363
-0.599,-0.199,-1.016,5.981,2.747,-2.991,-178.314,57.541,-63.517
-0.534,-0.145,-0.914,-8.301,19.226,23.193,-178.77,56.887,-64.067
-0.44,-0.047,-0.78,-18.677,16.541,37.048,179.791,55.92,-65.495
-0.454,0.11,-0.779,-15.991,23.438,43.152,177.819,54.844,-67.571
-0.402,0.094,-0.764,1.953,17.151,19.165,176.957,53.69,-68.917
-0.445,0.066,-0.768,8.667,11.414,8.057,177.045,53.02,-69.368
-0.458,-0.009,-0.745,12.085,13.977,-5.798,177.671,52.427,-69.236
-0.576,-0.031,-0.805,10.132,15.686,-12.146,178.539,51.916,-68.544
-0.448,-0.137,-0.792,4.211,33.752,-14.221,179.506,50.79,-67.505
-0.521,-0.084,-0.87,-12.024,25.818,-4.578,179.698,49.642,-66.703
-0.32,-0.049,-0.834,-8.789,52.49,-10.193,179.583,47.763,-65.962
-0.148,0.064,-0.904,-11.23,29.663,-21.301,179.55,45.775,-64.836
-0.138,0.072,-0.804,-2.747,5.798,-47.485,179.995,44.995,-62.655
-0.125,-0.014,-0.742,-8.972,-18.616,-51.331,-179.258,45.308,-59.711
-0.172,0.034,-0.717,-15.625,-54.932,-50.781,-178.923,47.115,-56.761
-0.443,0.077,-0.761,-7.996,-81.055,-57.8,-178.336,50.625,-53.657
-0.651,0.11,-0.826,-6.897,-74.524,-27.283,-177.665,54.377,-51.339
-0.697,0.193,-1.001,1.77,-53.467,2.93,-177.863,57.376,-51.306
-1.168,0.102,-1.19,14.282,-5.188,-6.226,-177.484,59.073,-51.553
-0.623,0.078,-1.061,10.681,58.716,-13.489,-176.693,56.893,-51.224
-0.404,0.07,-0.984,13.0,39.185,-21.118,-175.77,54.619,-50.532
-0.28,0.053,-0.802,13.977,14.893,-56.03,-174.353,53.256,-48.818
-0.493,-0.025,-0.764,-5.493,5.554,-49.316,-172.766,52.701,-45.807
-0.371,0.054,-0.685,-6.836,26.733,-27.832,-172.463,51.735,-44.072
-0.325,0.052,-0.702,3.662,16.052,-12.146,-172.408,50.57,-43.478
-0.358,0.0,-0.734,11.78,9.583,-3.662,-172.04,49.977,-43.374
-0.35,0.024,-0.776,21.545,-1.587,4.456,-171.469,49.823,-43.665
-0.362,-0.049,-0.859,34.851,-15.991,13.916,-170.519,50.372,-44.385
-0.337,-0.205,-0.876,33.142,-30.273,30.762,-169.343,51.515,-45.423
-0.525,-0.213,-0.967,25.879,-44.678,61.218,-169.107,53.63,-47.609
-0.449,-0.193,-0.932,16.296,-61.584,87.219,-170.074,56.36,-51.334
-0.625,-0.139,-0.873,13.123,-82.458,95.154,-172.018,60.507,-55.887
-0.852,-0.144,-0.803,23.865,-85.51,64.758,-173.782,64.896,-60.095
-0.974,-0.141,-0.769,30.64,-43.396,41.748,-174.144,68.0,-62.617
-0.956,-0.191,-0.658,26.001,-16.968,45.776,-174.496,69.538,-65.143
-0.88,-0.133,-0.634,16.235,14.832,46.936,-175.567,69.637,-67.983
-0.72,-0.045,-0.617,14.709,38.757,54.199,-177.188,68.362,-71.274
-0.539,-0.069,-0.622,15.686,35.522,46.265,-178.456,66.577,-74.251
-0.613,-0.01,-0.679,12.39,13.977,40.771,-179.539,65.577,-76.723
-0.667,0.0,-0.693,11.353,17.151,36.072,179.665,64.902,-78.783
-0.625,0.003,-0.741,9.521,13.672,28.015,179.022,64.061,-80.491
-0.667,-0.002,-0.703,5.859,-4.456,15.381,178.643,63.935,-81.53
-0.473,-0.075,-0.521,7.935,1.221,3.174,178.797,64.1,-81.733
-0.475,-0.088,-0.507,-3.296,-16.907,9.888,178.945,64.49,-81.628
-0.77,0.036,-0.644,-2.747,-3.296,20.752,178.171,65.33,-82.304
-0.583,0.038,-0.612,9.46,27.222,24.048,177.643,64.666,-83.331
-0.568,0.072,-0.71,16.235,21.851,24.231,177.523,63.38,-84.446
-0.896,0.13,-0.982,13.0,-7.141,34.851,177.204,63.089,-86.001
-0.883,0.168,-1.001,20.203,33.264,43.64,176.292,62.501,-88.44
-0.88,0.223,-1.079,12.268,41.138,62.5,175.21,60.397,-91.34
-0.463,0.165,-0.964,15.625,59.692,72.266,173.864,57.31,-94.828
-0.362,0.252,-0.986,15.137,20.264,90.21,172.172,54.855,-99.058
-0.354,0.223,-0.888,36.56,11.597,85.876,171.085,53.328,-103.832
-0.295,0.178,-0.784,44.128,-17.578,72.937,171.167,52.696,-107.853
-0.417,0.199,-0.748,50.476,-33.752,79.834,171.227,53.295,-112.286
-0.371,0.155,-0.721,55.908,-37.781,81.97,171.431,54.146,-117.065
-0.547,0.191,-0.807,45.227,-53.162,88.867,171.26,55.459,-122.113
-0.622,0.125,-0.841,46.204,-30.212,69.824,170.826,56.722,-126.942
-0.793,0.187,-1.058,25.146,-31.189,71.838,170.316,57.349,-130.787
-0.592,0.22,-0.878,27.649,-16.785,78.552,168.937,57.733,-135.121
-0.621,0.278,-0.78,33.752,-35.767,85.388,167.542,58.156,-139.801
-0.551,0.165,-0.683,59.937,-23.315,82.031,166.915,58.508,-144.69
-0.608,0.11,-0.689,72.449,-30.212,86.182,167.305,58.738,-149.381
-0.659,0.021,-0.696,81.909,-21.301,99.182,167.964,58.958,-154.55
-0.716,-0.1,-0.74,78.369,-9.277,99.731,168.635,58.661,-159.84
-0.579,-0.109,-0.748,57.922,14.587,99.426,169.091,57.502,-164.366
-0.501,0.037,-0.778,45.593,1.16,98.511,168.772,56.272,-168.86
-0.528,0.074,-0.767,49.683,-11.353,75.745,168.843,55.871,-172.738
-0.611,0.014,-0.742,46.143,-18.738,58.96,169.508,56.14,-175.644
-0.659,-0.036,-0.76,38.513,-8.972,42.053,170.244,56.525,-177.632
-0.631,-0.03,-0.746,16.052,-13.062,37.231,170.607,56.849,-178.846
-0.794,0.016,-0.805,5.737,-9.766,16.357,170.217,57.689,-179.681
-0.627,-0.012,-0.723,-9.827,-1.526,9.46,170.046,58.013,-179.308
-0.885,0.07,-0.886,-24.414,3.357,8.911,169.025,58.365,-178.879
-0.581,0.076,-0.81,-31.189,33.447,5.066,167.877,57.579,-177.907
-0.51,0.322,-0.815,-40.405,14.954,22.583,165.894,56.596,-177.484
-0.305,0.383,-0.761,-7.385,33.63,7.812,164.542,55.349,-177.391
-0.212,0.345,-0.846,3.906,10.742,10.132,164.685,53.998,-176.902
-0.496,0.387,-0.938,16.602,4.578,22.339,164.498,53.531,-177.88
-0.33,0.282,-0.917,20.142,22.583,10.864,165.19,52.361,-178.292
-0.277,0.296,-0.894,28.137,7.507,14.709,166.097,51.328,-178.643
-0.288,0.211,-0.837,33.752,0.549,17.456,167.267,50.757,-179.445
-0.384,0.227,-0.82,31.433,-12.451,26.245,168.256,50.625,179.324
-0.432,0.203,-0.816,34.607,-5.859,31.555,169.069,50.63,177.698
-0.343,0.2,-0.857,30.884,-1.099,40.771,169.777,50.169,175.924
-0.354,0.247,-0.88,30.823,-16.602,49.011,170.057,50.065,173.452
-0.372,0.232,-0.845,31.128,-29.175,51.147,170.266,50.609,170.667
-0.579,0.258,-0.988,34.302,-35.706,60.059,170.233,51.537,167.371
-0.545,0.203,-0.936,40.161,-11.536,64.453,170.239,52.07,163.839
-0.433,0.136,-0.929,42.48,-5.981,57.556,170.629,51.833,160.73
-0.168,0.011,-0.783,48.889,-25.513,42.358,171.628,51.828,158.165
-0.612,0.017,-0.786,43.762,-68.848,38.696,172.705,53.943,155.616
-0.846,-0.035,-0.903,53.772,-4.822,41.382,173.886,55.684,153.314
-0.558,-0.114,-0.834,46.326,22.156,39.978,175.463,54.943,151.716
-0.406,-0.098,-0.792,35.706,29.358,41.321,176.583,53.52,150.051
-0.383,-0.125,-0.734,23.01,20.386,31.128,177.457,52.207,148.568
-0.353,-0.117,-0.765,13.245,17.517,17.517,177.995,51.317,147.513
-0.267,-0.127,-0.817,6.226,0.122,-8.911,178.786,50.795,147.541
-0.532,-0.025,-0.856,1.221,-19.653,-41.443,179.813,51.685,148.975
-0.319,-0.18,-0.684,10.925,-9.277,-74.036,-177.808,52.224,152.672
-0.54,-0.15,-0.759,-5.066,-13.489,-57.983,-175.77,52.96,156.451
-0.313,-0.188,-0.678,-0.854,24.597,-53.04,-174.194,52.377,159.708
-0.068,-0.197,-0.641,-17.456,-5.188,-35.95,-173.309,51.597,162.197
-0.458,-0.117,-0.842,-31.433,-41.443,-28.381,-173.589,52.685,163.702
-0.538,0.024,-0.813,-25.513,-35.339,-54.138,-173.683,54.657,166.317
-1.076,-0.014,-1.223,-17.639,-43.457,-41.26,-172.787,56.31,169.898
-0.786,0.018,-1.235,-11.963,46.814,7.019,-172.897,56.107,171.392
-0.349,0.212,-1.207,-7.019,32.593,56.946,-174.677,54.091,169.53
-0.249,0.11,-0.976,25.391,-18.494,27.649,-175.671,53.685,166.871
-0.513,-0.02,-0.84,19.104,-43.457,-9.583,-174.831,55.272,166.525
-0.56,-0.029,-0.744,8.362,-27.405,-17.334,-173.771,56.92,167.547
-0.475,-0.006,-0.657,-1.526,-15.869,-13.245,-173.221,57.772,168.646
-0.403,0.031,-0.598,-0.61,-8.118,-15.198,-172.958,58.277,169.706
-0.365,0.019,-0.555,0.61,-23.682,-5.554,-172.7,58.903,170.601
-0.526,0.031,-0.589,2.747,-34.241,5.92,-172.82,60.441,170.782
-0.597,0.025,-0.61,3.723,-28.687,14.954,-173.106,62.062,170.513
-0.645,0.063,-0.657,6.714,-32.654,18.372,-173.721,63.649,169.772
-0.876,0.058,-0.846,9.827,-28.32,16.174,-174.139,65.226,169.074
-0.786,-0.08,-0.888,16.846,-24.231,4.395,-173.903,66.5,168.926
-1.146,-0.123,-1.103,9.094,-31.677,0.061,-173.496,67.896,169.156
-0.895,-0.146,-0.908,15.991,28.015,-14.832,-172.365,67.95,170.321
-0.504,-0.197,-0.714,18.372,17.7,-5.432,-171.035,66.561,171.271
-0.593,-0.195,-0.622,3.113,-8.728,13.123,-170.771,66.566,171.085
-0.811,-0.136,-0.68,-5.737,-2.625,12.573,-171.304,67.099,170.651
-0.785,-0.13,-0.783,5.31,38.879,2.014,-171.689,66.302,170.519
-0.512,-0.21,-0.775,11.23,42.297,0.854,-171.304,64.21,170.722
-0.454,-0.232,-0.746,2.808,12.207,17.944,-171.178,62.919,170.354
-0.536,-0.174,-0.698,-1.77,-0.793,18.005,-171.738,62.825,169.354
-0.42,-0.166,-0.568,-5.127,3.967,10.864,-172.216,62.836,168.728
-0.56,-0.148,-0.615,-19.775,-25.452,4.883,-172.738,63.265,168.602
-0.824,-0.043,-0.694,-15.381,-2.991,-6.653,-173.403,64.27,169.124
-0.598,-0.151,-0.693,-4.089,17.273,-18.005,-172.947,63.578,170.497
-0.523,-0.162,-0.719,-8.362,24.109,-8.362,-172.661,62.666,171.628
-0.408,-0.159,-0.745,-13.794,15.808,-5.005,-172.881,61.562,172.123
-0.316,-0.172,-0.664,-18.005,6.958,-18.433,-173.007,60.897,172.974
-0.474,-0.125,-0.65,-29.358,-15.991,-27.588,-173.123,61.199,174.534
-0.778,-0.053,-0.763,-32.898,-35.339,-29.175,-173.232,62.331,176.688
-0.903,-0.017,-0.995,-20.203,-5.127,-27.222,-173.282,63.105,178.808
-0.929,0.015,-1.068,-14.038,9.827,-34.851,-173.106,63.259,-179.072
-0.844,0.055,-1.081,-19.714,53.162,-16.785,-172.93,61.859,-177.045
-0.383,0.078,-0.939,-15.198,41.26,-7.141,-173.842,59.156,-176.633
-0.464,0.028,-0.872,-15.198,-1.77,-17.395,-174.287,58.244,-175.897
-0.521,0.015,-0.753,-19.47,-16.907,-13.245,-174.749,58.683,-174.985
-0.544,0.063,-0.673,-23.132,-18.188,-4.089,-175.622,59.551,-174.419
-0.549,0.138,-0.633,-18.372,-11.475,7.996,-176.902,60.309,-174.496
-0.606,0.207,-0.681,-6.226,-5.737,19.836,-178.27,60.716,-175.353
-0.603,0.175,-0.69,7.69,2.625,25.757,-179.28,60.826,-176.732
-0.574,0.158,-0.707,14.587,6.775,24.902,-179.962,60.568,-178.341
-0.511,0.116,-0.689,19.47,10.986,18.372,179.962,60.134,-179.511
-0.465,0.134,-0.695,23.132,3.662,20.447,-179.951,59.788,179.291
-0.462,0.073,-0.685,27.039,-4.7,19.165,-179.55,59.848,178.132
-0.486,0.051,-0.681,26.733,-15.93,21.362,-179.209,60.32,176.792
-0.551,0.028,-0.756,20.996,-17.883,22.339,-178.956,61.166,175.457
-0.796,0.05,-0.84,16.296,-23.926,21.362,-179.072,62.38,174.089
-0.655,-0.036,-0.77,16.052,-8.606,4.028,-178.753,63.029,173.491
-1.004,-0.111,-0.93,9.338,-10.498,-9.583,-177.902,63.82,174.018
-0.71,-0.134,-0.861,5.188,29.053,-10.01,-177.05,63.166,174.924
-0.604,-0.121,-0.911,-2.014,27.283,0.122,-176.682,61.875,175.54
-0.429,-0.082,-0.82,-3.723,17.7,3.357,-176.77,60.661,175.578
-0.503,-0.046,-0.767,-6.653,-5.676,7.69,-177.05,60.375,175.309
-0.587,-0.042,-0.756,-1.343,-1.038,3.418,-177.402,60.606,174.924
-0.504,-0.094,-0.685,0.427,-0.061,-6.592,-177.182,60.518,175.122
-0.536,-0.122,-0.69,-3.113,0.0,-11.414,-176.754,60.623,175.809
-0.615,-0.105,-0.756,-3.113,7.08,-13.855,-176.281,60.452,176.754
-0.437,-0.15,-0.72,1.099,22.034,-13.977,-175.594,59.606,177.836
-0.298,-0.161,-0.662,-8.484,1.282,-5.31,-175.254,58.909,178.456
-0.384,-0.131,-0.599,-16.602,-17.883,-11.658,-175.413,59.469,178.918
-0.46,-0.107,-0.558,-20.752,-20.142,-25.208,-175.336,60.326,-179.791
-0.426,-0.082,-0.534,-29.968,-18.372,-16.968,-175.501,61.029,-178.259
-0.845,0.025,-0.805,-32.776,-21.423,-14.16,-176.391,62.26,-177.127
-0.593,0.065,-0.769,-22.583,15.686,-19.226,-176.924,62.292,-175.682
-1.086,0.2,-1.134,-18.311,-6.165,-5.31,-177.632,62.144,-174.875
-0.654,0.122,-1.004,-4.028,49.072,-1.953,-177.935,60.667,-174.496
-0.447,0.19,-1.022,2.014,20.203,8.667,-178.456,58.777,-174.858
-0.558,0.032,-0.957,10.071,2.563,-7.751,-178.127,58.332,-174.957
-0.61,0.041,-0.953,0.0,6.531,-2.441,-177.858,58.041,-174.803
-0.464,0.078,-0.837,-11.108,2.869,4.395,-178.292,57.651,-175.012
-0.539,0.131,-0.8,-13.672,-15.93,0.0,-179.187,57.903,-175.402
-0.58,0.13,-0.732,-12.146,-4.395,-6.836,-179.819,58.469,-175.292
-0.439,0.132,-0.639,-8.728,1.587,-7.69,179.72,58.497,-174.963
-0.41,0.119,-0.597,-7.69,-2.625,-4.028,179.368,58.557,-174.71
-0.378,0.133,-0.574,-5.798,-11.353,5.005,178.786,58.859,-174.93
-0.488,0.17,-0.608,-0.244,-24.963,13.733,177.973,59.837,-175.875
-0.538,0.16,-0.606,10.559,-28.687,2.869,177.621,61.15,-176.671
-0.637,0.08,-0.652,15.869,-29.785,-6.042,178.165,62.704,-176.627
-0.81,0.048,-0.801,11.841,-14.893,2.014,178.72,63.831,-176.506
-0.81,0.063,-0.899,9.277,5.188,10.193,178.737,64.039,-176.847
-0.809,0.024,-0.93,11.414,8.118,1.099,178.984,63.885,-176.951
-0.856,-0.038,-1.033,15.381,30.273,-13.611,179.978,63.051,-176.182
-0.463,-0.15,-0.995,7.935,31.189,-13.245,-178.594,61.084,-174.825
-0.428,-0.08,-0.928,-7.08,7.629,7.69,-178.396,60.051,-174.573
-0.534,0.007,-0.826,-6.409,-9.521,15.076,-179.066,60.079,-175.369
-0.578,0.065,-0.78,0.549,-7.446,19.775,-179.769,60.348,-176.484
-0.638,0.042,-0.764,9.766,-4.456,13.489,179.918,60.601,-177.545
-0.56,-0.008,-0.713,11.841,3.357,9.033,-179.841,60.573,-178.044
-0.546,-0.021,-0.683,11.108,0.061,5.981,-179.528,60.496,-178.358
-0.505,-0.047,-0.629,13.733,3.784,0.549,-178.978,60.502,-178.352
-0.626,-0.075,-0.768,13.489,6.226,-4.395,-178.105,60.304,-177.946
-0.589,-0.133,-0.785,19.043,15.259,-16.357,-176.776,59.837,-176.984
-0.451,-0.166,-0.773,15.869,14.404,-9.155,-175.232,59.03,-175.825
-0.438,-0.175,-0.743,7.629,7.629,5.249,-174.562,58.607,-175.748
-0.373,-0.166,-0.686,-4.272,-2.747,3.662,-174.43,58.365,-175.88
-0.352,-0.141,-0.621,-13.55,-5.92,-5.554,-174.639,58.618,-175.704
-0.441,-0.079,-0.6,-21.423,-24.658,-10.925,-174.913,59.348,-174.963
-0.411,-0.012,-0.644,-11.902,-26.855,-2.014,-175.232,60.331,-174.413
-0.958,-0.028,-0.938,6.409,-47.241,-4.211,-175.232,62.737,-174.21
-0.979,-0.057,-1.005,3.662,-7.935,7.324,-174.639,63.979,-173.639
-1.144,0.042,-1.111,9.277,36.194,21.912,-175.243,63.962,-174.474
-0.571,0.044,-1.005,7.996,79.285,30.334,-175.93,60.826,-175.913
-0.251,0.051,-1.015,8.362,39.551,14.893,-176.528,57.821,-177.396
-0.382,0.009,-0.882,2.014,1.526,-7.935,-176.385,56.86,-177.676
-0.47,-0.002,-0.812,-1.953,-11.047,-7.263,-176.204,56.975,-177.407
-0.594,0.006,-0.809,-7.629,-5.676,0.488,-176.369,57.409,-177.347
-0.474,0.054,-0.733,-9.46,6.775,10.803,-177.083,57.244,-177.786
-0.441,0.059,-0.71,-11.169,-1.831,9.277,-177.99,57.101,-178.429
-0.504,0.078,-0.713,-13.245,-1.526,9.888,-178.984,57.233,-179.017
-0.587,0.133,-0.771,-14.832,-3.174,12.146,179.863,57.327,-179.665
-0.541,0.173,-0.752,-7.996,10.62,13.367,178.786,57.118,179.626
-0.47,0.186,-0.712,-1.953,7.507,13.306,177.984,56.667,178.885
-0.448,0.164,-0.706,6.287,8.24,7.69,177.643,56.277,178.325
-0.375,0.125,-0.71,10.742,2.136,5.859,177.731,55.959,177.962
-0.435,0.062,-0.761,11.963,-10.132,8.057,177.896,56.277,177.413
-0.336,0.028,-0.696,7.935,-24.292,10.925,178.039,56.915,176.808
-0.724,0.096,-0.892,3.113,-37.476,17.395,177.578,58.48,175.589
-0.657,0.055,-0.84,6.531,-21.484,2.747,177.369,59.705,174.897
-0.863,0.002,-1.146,0.305,-40.649,-5.249,177.599,60.996,175.067
-1.049,0.071,-1.001,0.549,-3.54,0.0,177.545,62.886,175.347
-0.911,0.073,-1.03,19.226,38.33,0.061,178.154,62.018,175.869
-0.497,0.025,-0.94,26.367,50.781,22.888,179.039,59.606,175.748
-0.362,-0.022,-0.823,20.02,13.672,37.842,179.269,57.931,174.144
-0.539,0.026,-0.811,13.611,-2.197,32.104,178.929,57.689,172.073
-0.504,0.0,-0.729,9.888,5.31,16.174,178.868,57.502,170.87
-0.471,0.006,-0.689,5.92,11.841,4.395,179.0,57.112,170.519
-0.412,-0.023,-0.731,3.662,17.151,-5.188,179.396,56.321,170.799
-0.401,-0.048,-0.784,3.296,14.709,-14.099,-179.978,55.585,171.573
-0.338,-0.098,-0.734,-0.061,-0.366,-18.738,-179.242,55.179,172.551
-0.48,-0.093,-0.7,-5.798,-15.991,-21.362,-178.687,55.761,173.655
-0.466,-0.089,-0.674,-9.155,-6.592,-21.362,-178.198,56.288,175.04
-0.382,-0.069,-0.627,-15.381,-8.728,-13.245,-178.094,56.656,176.221
-0.527,-0.001,-0.729,-22.278,-20.996,1.709,-178.715,57.404,176.666
-0.711,0.089,-0.798,-16.968,-19.226,-1.953,-179.725,58.574,176.754
-0.704,0.132,-0.877,-13.306,-0.366,5.493,179.665,59.266,177.111
-0.97,0.25,-1.103,-2.014,36.133,25.696,178.55,58.607,176.353
-0.345,0.189,-1.105,11.719,73.425,14.465,178.226,55.327,175.589
-0.276,0.118,-1.103,8.85,12.817,2.258,178.484,53.185,175.314
-0.446,0.051,-0.973,2.563,-7.874,-16.357,178.846,53.097,175.457
-0.484,0.041,-0.905,-6.897,-15.564,-30.518,179.33,53.613,176.638
-0.541,0.085,-0.85,-14.709,-14.893,-23.682,179.451,54.355,178.044
-0.475,0.134,-0.744,-10.681,-8.85,-16.052,179.258,54.926,179.061
-0.475,0.136,-0.687,-2.991,-17.151,-8.911,179.154,55.574,179.681
-0.508,0.104,-0.621,3.357,-7.996,-6.287,179.247,56.272,-179.901
-0.56,0.096,-0.66,7.385,-0.244,-0.061,179.462,56.492,-179.604
-0.482,0.093,-0.668,9.155,21.301,13.123,179.55,55.931,-179.758
-0.354,0.08,-0.688,10.986,25.391,23.926,179.352,54.756,179.352
-0.255,0.109,-0.729,5.737,-0.183,26.489,178.83,54.146,177.918
-0.226,0.029,-0.672,-0.793,-45.471,5.615,178.44,55.074,176.83
-0.803,0.09,-0.816,-8.789,-72.449,2.991,177.72,58.255,176.078
-0.625,-0.004,-0.776,0.61,-38.391,-4.15,177.506,60.76,176.001
-1.179,0.098,-1.0,0.183,-50.476,2.38,177.336,63.094,175.908
-0.836,-0.057,-0.901,17.578,22.705,-8.972,178.022,63.528,176.38
-0.711,-0.075,-0.959,0.977,33.691,16.113,178.759,62.205,176.946
-0.55,0.05,-0.882,-2.014,31.494,38.269,177.66,60.496,175.452
-0.488,0.089,-0.826,6.592,19.958,23.804,176.896,59.079,173.93
-0.528,0.068,-0.805,10.681,7.629,12.268,176.852,58.293,173.051
-0.545,0.005,-0.762,14.038,3.357,6.409,177.297,58.063,172.689
-0.458,-0.07,-0.681,11.475,10.315,3.479,177.946,57.689,172.667
-0.405,-0.095,-0.636,1.892,7.507,4.089,178.303,57.31,172.689
-0.35,-0.055,-0.606,-4.456,11.23,-0.916,178.347,56.832,172.815
-0.512,-0.055,-0.755,-7.629,10.62,-18.311,178.671,56.343,173.683
-0.332,-0.057,-0.635,-0.244,2.686,-34.79,179.539,56.074,175.512
-0.371,-0.101,-0.657,-7.935,-18.372,-22.827,-179.434,56.591,177.336
-0.504,0.005,-0.759,-5.066,-23.987,-7.263,-179.247,57.656,177.995
-0.865,0.105,-1.0,3.723,-18.677,4.028,-179.231,58.903,178.028
-0.556,0.105,-0.944,9.888,24.414,24.109,-179.203,58.623,177.49
-0.954,0.192,-1.168,16.541,-3.235,27.039,-179.758,58.469,175.726
-0.487,0.131,-0.998,18.799,40.833,19.104,-179.539,57.057,174.589
-0.435,0.123,-0.951,13.611,-2.869,19.47,-179.533,56.096,173.315
-0.533,0.054,-0.877,14.709,-1.892,3.418,-179.346,56.294,172.441
-0.528,0.003,-0.773,6.042,-12.634,-0.854,-178.879,56.552,172.337
-0.48,0.059,-0.706,0.183,-0.427,8.423,-179.039,56.926,171.991
-0.372,0.087,-0.648,-3.601,-4.333,16.479,-179.539,56.942,171.26
-0.366,0.127,-0.619,-0.61,-3.235,23.438,179.544,57.151,169.909
-0.545,0.186,-0.771,2.441,1.404,30.518,178.572,57.074,168.19
-0.375,0.165,-0.736,12.695,19.165,25.635,177.957,56.255,166.492
-0.269,0.118,-0.655,9.46,-17.578,25.452,177.627,56.118,164.932
-0.529,0.155,-0.699,7.385,-36.072,27.832,176.803,57.48,162.856
-0.811,0.149,-0.924,11.047,-27.344,16.846,176.309,58.87,161.356
-0.688,0.075,-0.842,16.907,-3.967,4.089,176.506,59.634,160.746
-1.071,0.032,-1.111,10.925,3.967,-1.587,177.248,59.656,160.972
-0.477,-0.092,-0.951,10.132,43.823,4.395,178.171,57.656,161.356
-0.322,0.001,-0.887,3.723,7.141,23.438,178.105,56.327,160.395
-0.498,0.023,-0.781,3.662,-25.391,23.987,177.671,56.766,158.643
-0.586,0.028,-0.705,7.263,-16.052,21.973,177.215,57.711,156.901
-0.613,-0.006,-0.693,6.531,-10.437,18.799,177.039,58.217,155.616
-0.601,-0.012,-0.637,8.728,0.061,13.306,176.946,58.585,154.698
-0.509,-0.032,-0.586,10.193,11.597,14.16,177.182,58.321,154.237
-0.465,-0.024,-0.552,9.46,4.883,23.926,177.231,57.969,153.435
-0.495,-0.06,-0.605,15.503,8.545,25.94,177.275,57.827,152.265
-0.566,-0.047,-0.711,15.869,2.625,36.865,177.242,57.585,150.579
-0.308,-0.068,-0.637,19.104,6.714,48.95,177.028,57.2,148.024
-0.572,0.084,-0.842,8.789,-24.292,66.406,175.99,57.546,144.009
-0.903,0.152,-1.219,15.381,-23.132,69.275,174.743,57.931,139.581
-0.689,0.173,-1.125,33.081,23.56,69.885,173.743,57.398,135.148
-0.587,0.265,-1.173,19.47,9.094,95.276,172.485,55.909,130.056
-0.588,0.263,-1.176,39.612,19.714,71.167,171.634,54.443,124.991
-0.479,0.203,-1.106,41.992,20.508,61.523,172.117,52.822,121.3
-0.25,0.08,-0.852,41.016,3.845,60.181,172.82,51.465,117.636
-0.305,0.105,-0.696,36.194,-18.86,67.139,173.04,51.317,113.434
-0.358,0.128,-0.626,35.706,-25.94,72.388,172.996,51.74,108.803
-0.445,0.16,-0.672,35.95,-23.315,80.627,172.667,52.328,103.788
-0.513,0.148,-0.779,33.936,-17.639,84.106,172.194,52.63,98.459
-0.562,0.202,-0.898,33.264,-4.517,92.834,171.475,52.493,92.719
-0.53,0.229,-1.029,33.142,-3.845,86.914,170.804,51.696,86.907
-0.4,0.184,-0.894,33.447,-10.254,75.012,170.392,51.312,81.623
-0.609,0.221,-0.947,25.757,-26.428,78.979,169.81,51.52,76.404
-0.663,0.201,-0.934,37.659,-6.47,72.815,169.459,51.537,71.136
-0.467,0.121,-0.796,41.504,-1.099,75.195,169.761,50.927,66.116
-0.284,0.022,-0.678,46.753,-6.042,82.153,170.178,50.273,60.743
-0.473,-0.013,-0.769,38.818,-31.006,89.417,170.283,50.515,54.772
-0.682,0.071,-0.855,39.856,-8.362,97.595,170.057,50.559,48.345
-0.528,0.047,-0.834,51.697,13.489,91.187,170.574,49.318,42.215
-0.399,0.013,-0.829,53.162,7.996,88.44,171.617,48.043,36.508
-0.429,-0.027,-0.812,46.265,-13.489,78.613,172.612,47.565,31.014
-0.487,-0.036,-0.845,38.147,-11.902,69.946,173.392,47.78,26.032
-0.432,-0.08,-0.831,29.297,-16.052,55.298,174.007,48.027,21.671
-0.473,-0.096,-0.886,16.052,-18.799,39.551,174.397,48.68,18.226
-0.57,-0.122,-0.953,0.427,-27.283,25.452,174.441,49.636,15.65
-0.633,0.029,-0.948,-16.235,-14.771,24.597,173.694,50.674,13.475
-0.376,0.126,-0.91,-15.32,8.24,16.846,172.771,50.696,11.667
-0.217,0.227,-0.85,-15.503,5.493,25.146,171.843,49.966,10.146
-0.409,0.394,-0.903,-5.981,-21.057,40.894,170.425,50.12,7.674
-0.546,0.393,-0.927,19.287,7.874,42.175,169.81,49.883,4.675
-0.322,0.301,-0.856,37.354,16.357,33.875,170.491,48.68,2.208
-0.241,0.193,-0.781,41.382,-3.723,39.856,171.573,48.027,-0.33
-0.333,0.162,-0.727,34.119,-29.846,45.471,172.227,48.576,-3.422
-0.457,0.216,-0.72,28.198,-36.682,48.462,172.321,49.861,-6.949
-0.559,0.218,-0.789,28.015,-26.184,48.889,172.315,51.031,-10.574
-0.526,0.271,-0.84,29.175,-15.686,56.885,172.145,51.542,-14.469
-0.529,0.262,-0.903,37.598,-5.188,60.913,172.117,51.652,-18.671
-0.543,0.198,-0.977,36.926,-11.658,60.913,172.337,51.586,-22.769
-0.613,0.117,-1.002,34.302,-20.203,51.331,172.606,51.861,-26.548
-0.5,0.006,-0.95,38.879,6.409,44.861,173.062,51.954,-29.8
-0.235,-0.094,-0.787,34.119,-11.78,41.87,173.974,51.493,-32.388
-0.563,-0.021,-0.761,30.029,-42.908,50.11,174.304,52.789,-35.338
-0.698,-0.055,-0.894,42.236,11.475,51.88,174.908,53.388,-38.452
-0.389,-0.103,-0.852,39.551,37.415,56.03,175.924,51.806,-41.347
-0.208,-0.073,-0.88,27.222,16.052,53.101,176.539,50.125,-44.253
-0.24,-0.078,-0.818,17.517,-9.766,29.907,176.984,49.768,-46.307
-0.431,-0.052,-0.769,9.277,-20.874,12.329,177.358,50.57,-47.197
-0.42,-0.1,-0.758,6.836,-6.958,-6.958,178.033,51.081,-47.12
-0.472,-0.089,-0.75,-3.54,-20.569,-17.151,178.726,51.812,-46.208
-0.397,-0.109,-0.677,-0.122,-9.277,-30.273,179.478,52.745,-44.824
-0.426,-0.097,-0.711,-10.925,-13.062,-26.794,-179.659,53.328,-43.006
-0.25,-0.056,-0.593,-10.071,-3.357,-28.809,-179.247,53.712,-41.468
-0.201,-0.054,-0.57,-19.226,-33.386,-39.917,-178.748,54.646,-39.342
-0.635,0.111,-0.874,-20.874,-62.134,-42.786,-178.38,57.118,-36.821
-0.942,0.02,-1.171,12.695,-25.574,-39.795,-177.045,59.524,-34.684
-0.986,0.034,-1.174,3.723,20.63,-6.775,-175.897,59.996,-33.613
-0.567,-0.02,-1.129,-9.155,43.945,-6.104,-175.88,58.024,-33.887
-0.44,0.103,-1.137,-16.907,23.071,-32.41,-176.193,56.459,-33.228
-0.357,0.049,-0.969,-14.16,-3.845,-51.88,-175.765,55.778,-30.987
-0.534,-0.066,-0.835,-18.555,-24.475,-51.025,-174.974,56.338,-28.037
-0.515,-0.014,-0.739,-24.536,-13.245,-31.86,-174.897,57.096,-25.834
-0.5,0.024,-0.684,-23.193,-13.184,-19.775,-175.303,57.612,-24.571
-0.456,0.09,-0.636,-17.456,-8.118,-0.854,-176.078,58.123,-24.318
-0.362,0.118,-0.59,-14.404,-15.808,18.066,-177.297,58.64,-25.356
-0.561,0.202,-0.65,-5.859,-22.217,28.992,-178.918,59.815,-27.444
-0.532,0.248,-0.656,4.517,-10.132,39.368,179.566,60.43,-30.262
-0.504,0.212,-0.647,17.029,-11.23,42.419,178.33,60.848,-33.651
-0.455,0.208,-0.623,18.677,-23.071,36.377,177.363,61.611,-36.947
-0.695,0.175,-0.8,20.935,-35.828,19.653,176.863,63.062,-39.479
-0.979,0.1,-0.932,21.057,-27.832,16.418,176.891,64.633,-41.287
-0.688,-0.037,-0.814,27.1,6.348,7.69,177.336,65.116,-42.693
-0.966,-0.061,-0.941,26.001,1.282,-5.981,178.555,65.396,-43.0
-0.618,-0.15,-0.842,26.611,31.738,-8.179,-179.517,64.297,-42.457
-0.5,-0.151,-0.838,10.62,13.184,10.254,-178.407,63.16,-42.457
-0.555,-0.069,-0.771,-0.366,-5.981,13.367,-178.533,63.012,-43.171
-0.548,-0.022,-0.701,-2.38,-6.165,6.409,-178.824,63.243,-43.654
-0.614,-0.02,-0.701,0.488,-13.306,-5.798,-178.835,63.715,-43.682
-0.767,-0.075,-0.786,4.517,-11.658,-27.161,-177.841,64.358,-42.583
-0.666,-0.103,-0.652,4.639,-12.024,-31.067,-176.182,64.973,-40.611
-0.656,-0.14,-0.633,2.197,-14.893,-23.743,-174.672,65.715,-38.853
-0.661,-0.136,-0.626,0.305,-8.179,-16.846,-173.557,66.237,-37.551
-0.587,-0.169,-0.614,-4.822,5.981,-12.207,-172.842,66.313,-36.601
-0.387,-0.168,-0.534,-15.503,6.165,-7.202,-172.804,65.852,-36.024
-0.411,-0.158,-0.496,-22.339,-18.616,-23.193,-172.881,66.308,-34.81
-0.436,-0.128,-0.48,-27.466,-21.179,-23.315,-172.485,67.159,-32.662
-0.626,0.001,-0.638,-26.062,-26.978,2.93,-173.183,68.187,-31.893
-0.699,0.043,-0.638,-13.367,-40.1,6.592,-174.177,69.95,-32.223
-1.355,0.163,-1.005,-10.315,-48.645,15.015,-175.172,72.241,-32.992
-1.24,0.15,-1.001,13.733,35.522,6.104,-175.897,72.669,-34.288
-0.764,0.077,-0.919,19.226,46.265,5.798,-175.551,70.378,-35.206
-0.706,-0.021,-0.898,13.55,13.855,0.0,-175.117,68.989,-35.925
-0.725,-0.02,-0.787,0.793,3.052,-9.094,-174.699,68.632,-35.843
-0.646,-0.005,-0.646,-8.972,-6.836,-6.042,-174.622,68.643,-35.469
-0.637,0.026,-0.584,-10.559,-7.812,-5.554,-174.979,69.033,-35.31
-0.567,0.04,-0.524,-8.667,-2.319,-5.005,-175.265,69.302,-35.156
-0.537,0.068,-0.51,-5.493,-7.751,1.282,-175.649,69.521,-35.31
-0.531,0.088,-0.494,-2.625,-10.742,15.564,-176.44,70.06,-36.299
-0.651,0.117,-0.558,0.916,-17.395,25.757,-177.863,70.834,-38.331
-0.58,0.138,-0.515,0.671,-18.738,29.358,-179.5,71.675,-40.776
-0.62,0.28,-0.558,6.897,-35.889,32.349,178.484,73.01,-43.753
-0.751,0.416,-0.629,46.204,-47.058,38.025,177.253,74.916,-47.335
-1.011,0.127,-0.699,69.458,-61.035,32.043,177.039,77.503,-51.784
-1.01,-0.149,-0.59,41.443,-50.903,-27.527,179.22,80.167,-52.548
-1.428,-0.104,-0.706,15.198,-35.095,-74.158,-175.32,82.722,-47.34
-0.957,-0.289,-0.516,28.198,33.752,-73.792,-167.58,81.617,-39.825
-0.858,-0.39,-0.534,9.155,38.086,-0.916,-164.487,79.607,-37.37
-0.775,-0.303,-0.584,-7.08,33.203,5.798,-165.185,78.03,-38.331
-0.759,-0.192,-0.657,-4.639,50.293,1.892,-165.938,76.124,-38.908
-0.617,-0.265,-0.61,-5.737,44.128,6.165,-166.668,73.856,-39.655
-0.613,-0.225,-0.587,-12.573,28.137,7.446,-167.558,72.175,-40.259
-0.691,-0.161,-0.667,-10.254,24.17,12.573,-168.563,71.032,-40.88
-0.755,-0.132,-0.73,-4.395,16.663,12.756,-169.464,70.065,-41.715
-0.645,-0.149,-0.708,3.296,25.391,7.812,-169.865,69.082,-42.33
-0.657,-0.161,-0.727,4.761,15.442,7.996,-170.024,68.291,-42.847
-0.636,-0.198,-0.687,1.465,8.667,3.296,-169.948,67.725,-42.979
-0.684,-0.167,-0.676,-8.179,7.019,9.216,-170.332,67.434,-43.215
-0.646,-0.142,-0.641,-11.719,11.841,6.348,-171.063,67.0,-43.55
-0.565,-0.146,-0.579,-14.038,12.878,-2.686,-171.617,66.44,-43.462
-0.471,-0.183,-0.507,-20.264,8.972,-11.108,-171.931,65.934,-42.731
-0.576,-0.166,-0.571,-31.799,2.319,-13.0,-172.441,65.797,-41.556
-0.409,-0.086,-0.524,-35.4,20.874,-5.371,-173.584,65.083,-40.787
-0.343,-0.061,-0.605,-40.466,-7.629,-7.751,-174.803,64.622,-39.985
-1.009,0.127,-0.88,-46.204,-33.569,5.127,-176.814,66.077,-39.595
-0.738,0.168,-0.796,-22.522,17.944,5.859,-178.638,66.341,-39.891
-1.059,0.398,-1.015,-20.142,-1.526,32.959,179.066,66.324,-41.556
-0.767,0.287,-0.964,13.611,42.297,10.803,177.896,65.017,-43.319
-0.658,0.253,-1.027,19.104,29.541,6.47,178.105,63.243,-44.028
-0.505,0.088,-0.894,21.79,20.874,-5.737,179.0,61.908,-44.171
-0.522,0.034,-0.801,5.249,-2.808,-3.235,179.714,61.403,-43.896
-0.562,0.047,-0.747,-4.089,3.235,-4.578,179.67,61.397,-43.709
-0.424,0.099,-0.665,-9.583,9.521,-1.404,179.319,60.941,-43.456
-0.318,0.151,-0.603,-7.507,2.686,12.146,178.533,60.529,-43.824
-0.342,0.196,-0.596,-0.244,-13.855,25.085,177.407,60.667,-45.143
-0.475,0.171,-0.608,6.409,-30.823,28.076,176.303,61.589,-47.076
-0.608,0.2,-0.629,10.01,-26.611,27.466,175.21,62.875,-49.252
-0.592,0.182,-0.626,13.062,-19.47,18.799,174.606,63.715,-51.086
-0.837,0.174,-0.875,18.555,-10.559,9.155,174.551,64.319,-52.3
-0.833,0.081,-0.91,20.447,6.287,-1.465,175.215,64.583,-52.696
-0.809,-0.026,-1.072,17.212,1.77,-8.118,176.451,64.034,-52.273
-0.923,-0.029,-1.065,12.39,12.878,-10.925,177.391,64.336,-51.663
-0.681,-0.073,-0.963,6.714,23.193,-9.216,178.621,63.281,-50.543
-0.538,-0.027,-0.854,0.244,16.052,9.521,178.868,62.276,-50.29
-0.434,0.015,-0.729,-1.343,1.526,12.573,178.566,61.776,-50.691
-0.507,0.067,-0.677,-1.953,-14.648,16.663,178.0,62.001,-51.389
-0.594,0.036,-0.674,3.601,-2.747,3.174,177.676,62.424,-51.932
-0.623,-0.004,-0.716,5.005,2.625,-11.536,178.176,62.369,-51.476
-0.64,-0.047,-0.76,7.629,14.282,-21.851,179.264,62.029,-50.24
-0.533,-0.122,-0.71,4.089,11.475,-24.17,-179.313,61.386,-48.499
-0.517,-0.119,-0.754,-2.319,15.137,-16.052,-178.434,60.859,-47.087
-0.394,-0.117,-0.717,-10.925,7.019,-8.972,-178.105,60.222,-46.055
-0.512,-0.067,-0.708,-20.691,-3.906,-9.766,-178.506,60.381,-45.275
-0.386,-0.097,-0.62,-28.076,-5.066,-19.47,-178.83,60.381,-43.956
-0.483,-0.031,-0.613,-38.513,-19.897,-15.869,-179.692,61.188,-42.61
-0.543,0.039,-0.612,-37.964,-26.062,-12.39,179.116,62.303,-41.589
-0.88,0.192,-0.833,-27.832,-17.151,-5.127,177.874,63.605,-41.1
-0.834,0.128,-0.961,-13.306,24.292,-22.4,177.402,63.649,-40.485
-0.711,0.261,-0.996,-17.09,23.926,-14.038,177.484,62.457,-39.188
-0.694,0.26,-1.075,-4.456,40.771,-10.559,177.347,61.029,-38.617
-0.545,0.24,-1.016,3.174,28.381,-22.156,177.742,59.189,-37.831
-0.499,0.093,-0.874,5.554,15.564,-45.593,179.022,58.233,-35.975
-0.485,0.008,-0.775,-3.174,-1.587,-49.011,-179.473,57.909,-33.311
-0.55,-0.006,-0.74,-10.193,-2.258,-42.969,-178.462,58.14,-30.811
-0.527,0.043,-0.722,-16.052,4.883,-19.47,-178.182,58.085,-29.147
-0.459,0.082,-0.666,-11.902,5.615,3.357,-178.781,57.849,-29.103
-0.5,0.156,-0.683,-5.981,-1.953,25.269,-179.874,57.816,-30.388
-0.519,0.184,-0.676,7.69,6.958,35.645,178.973,57.678,-32.778
-0.475,0.203,-0.685,17.212,8.24,35.217,178.303,57.228,-35.381
-0.439,0.145,-0.66,24.536,7.202,20.996,178.308,56.854,-37.518
-0.515,0.087,-0.726,23.254,4.639,-0.305,179.028,56.662,-38.447
-0.49,0.016,-0.747,17.151,16.296,-9.155,-179.901,56.195,-38.375
-0.517,-0.002,-0.932,7.69,5.676,-6.409,-179.187,55.69,-38.167
-0.432,-0.012,-0.957,3.357,6.897,-6.531,-178.885,55.36,-37.963
-0.576,-0.032,-1.098,0.793,-15.564,-3.235,-178.616,55.486,-37.672
-0.943,0.0,-1.115,7.996,6.897,-6.47,-178.38,56.239,-37.491
-0.581,-0.095,-1.094,19.226,48.95,-7.385,-177.319,54.564,-37.112
-0.317,-0.117,-1.059,13.916,41.565,20.264,-176.545,52.224,-37.469
-0.197,-0.064,-0.9,4.822,3.54,42.236,-176.83,51.021,-39.221
-0.404,0.026,-0.843,-0.488,-18.005,44.434,-177.781,51.394,-41.435
-0.507,0.011,-0.82,4.456,-7.385,31.189,-178.61,51.998,-43.478
-0.371,-0.029,-0.752,6.592,-0.061,11.597,-178.781,52.015,-44.588
-0.453,-0.041,-0.817,3.906,0.183,6.042,-178.676,52.086,-44.989
-0.334,-0.06,-0.799,0.427,1.831,1.465,-178.517,51.866,-45.088
-0.381,-0.041,-0.776,-2.808,-18.25,-2.441,-178.517,52.339,-45.011
-0.513,-0.043,-0.731,-4.028,-26.55,-11.597,-178.369,53.487,-44.506
-0.602,-0.069,-0.752,0.732,-8.606,-20.142,-177.869,54.503,-43.577
-0.345,-0.113,-0.649,-4.333,0.122,-12.939,-177.281,54.514,-42.627
-0.254,-0.068,-0.599,-14.282,-18.799,1.709,-177.55,55.085,-42.374
-0.49,0.034,-0.79,-18.066,-33.752,11.414,-178.44,56.382,-42.671
-0.736,0.086,-0.881,-5.188,-18.066,1.404,-179.324,57.958,-43.264
-0.59,0.076,-1.022,-7.324,-5.615,12.939,-179.643,58.206,-43.687
-0.998,0.194,-1.179,-1.404,1.282,23.376,179.154,59.002,-45.335
-0.549,0.152,-1.019,4.822,37.964,5.066,178.874,57.629,-46.379
-0.478,0.144,-1.058,8.24,21.118,-3.113,178.967,56.255,-46.785
-0.457,0.036,-0.982,4.456,9.094,-19.531,179.681,55.497,-46.247
-0.493,0.038,-0.924,-3.601,6.348,-12.207,-179.89,55.074,-45.445
-0.484,0.083,-0.892,-9.583,1.16,1.892,179.852,54.827,-45.308
-0.423,0.124,-0.816,-8.911,-0.488,11.23,179.099,54.712,-45.956
-0.4,0.124,-0.739,-5.615,-8.423,7.385,178.352,54.877,-46.785
-0.327,0.092,-0.601,-5.249,-14.587,5.615,177.83,55.366,-47.362
-0.398,0.119,-0.609,-6.653,-23.499,12.024,177.083,56.255,-48.279
-0.482,0.151,-0.65,-2.625,-12.512,14.709,176.237,57.052,-49.587
-0.448,0.156,-0.674,1.953,-13.062,15.747,175.611,57.513,-50.971
-0.465,0.148,-0.694,0.977,-24.78,18.127,174.902,58.343,-52.597
-0.839,0.232,-0.872,0.549,-30.518,15.625,174.04,59.804,-54.316
-0.666,0.153,-0.894,17.273,19.836,-8.789,174.326,59.969,-54.948
-0.774,0.133,-0.951,20.02,-0.427,-3.479,175.518,59.529,-54.706
-0.709,-0.01,-0.976,38.757,25.391,-11.963,177.083,59.123,-54.657
-0.538,-0.126,-0.995,36.56,39.734,0.61,179.478,57.519,-54.053
-0.285,-0.11,-0.844,19.592,12.451,38.513,-179.61,56.019,-55.129
-0.462,-0.015,-0.806,5.92,-16.296,39.368,179.824,56.146,-57.365
-0.599,0.037,-0.81,5.066,1.282,17.334,179.302,56.475,-58.832
-0.472,0.015,-0.757,5.798,7.446,3.357,179.412,56.124,-59.227
-0.506,-0.01,-0.77,7.935,2.075,-1.038,179.813,55.926,-59.172
-0.539,-0.034,-0.806,10.254,7.08,0.244,-179.621,55.745,-59.09
-0.503,-0.075,-0.85,9.033,14.343,0.61,-179.055,55.201,-59.068
-0.453,-0.092,-0.812,3.54,-3.174,-6.714,-178.544,54.943,-58.744
-0.536,-0.116,-0.707,-4.333,-18.86,-18.066,-178.006,55.673,-57.755
-0.315,-0.116,-0.517,-13.123,-4.272,-22.278,-177.61,56.245,-56.327
-0.27,-0.065,-0.617,-33.63,-10.132,-7.996,-178.028,56.525,-55.063
-0.341,0.121,-0.764,-30.273,6.348,6.287,-179.791,56.613,-55.069
-0.246,0.071,-0.904,-12.634,-26.184,-14.526,179.599,56.717,-54.514
-0.664,0.084,-0.857,-17.822,-42.297,3.479,179.242,58.777,-53.806
-1.109,0.281,-0.99,-17.029,-54.749,27.527,177.462,60.815,-55.206
-0.828,0.233,-0.837,2.014,17.883,12.939,176.193,61.798,-56.915
-0.646,0.299,-0.883,3.784,4.944,16.418,175.671,60.815,-58.14
-0.701,0.155,-0.921,18.616,16.968,-10.376,176.045,60.557,-58.766
-0.595,0.114,-0.846,10.01,-0.427,-4.883,177.028,60.145,-58.453
-0.729,0.11,-0.891,5.432,12.329,2.075,177.231,60.073,-58.799
-0.429,0.144,-0.749,4.822,20.935,11.169,177.242,59.123,-59.315
-0.312,0.178,-0.649,4.395,-8.85,22.949,176.726,58.738,-60.667
-0.365,0.145,-0.572,7.629,-21.912,20.935,176.061,59.453,-62.43
-0.544,0.188,-0.607,5.371,-24.353,24.048,175.237,60.535,-64.347
-0.544,0.152,-0.631,10.681,-7.019,12.817,174.749,61.046,-65.945
-0.425,0.14,-0.582,6.287,-5.066,18.982,174.419,61.205,-67.203
-0.722,0.183,-0.78,5.249,-22.827,27.954,173.458,61.815,-69.192
-0.798,0.086,-0.86,15.32,-5.127,17.212,173.018,62.303,-70.862
-0.947,0.066,-1.025,16.113,-11.841,17.456,173.216,62.375,-71.873
-0.988,0.033,-1.084,29.053,29.48,19.287,173.628,62.084,-72.944
-0.574,-0.034,-1.018,35.034,49.133,27.527,174.897,59.672,-73.619
-0.265,-0.052,-0.767,23.682,13.611,32.349,175.671,57.914,-74.877
-0.391,0.0,-0.647,12.878,-24.841,22.705,175.82,58.14,-76.053
-0.723,0.021,-0.713,7.019,-21.484,18.494,175.737,59.249,-76.921
-0.67,-0.046,-0.729,17.944,15.198,2.319,176.094,59.469,-77.25
-0.467,-0.115,-0.716,8.057,16.296,4.883,177.039,58.629,-76.789
-0.635,-0.034,-0.781,-2.991,-14.099,12.329,177.006,58.727,-76.882
-0.411,-0.016,-0.54,6.042,-9.399,5.92,176.984,59.409,-76.954
-0.527,0.024,-0.543,5.371,-30.945,22.644,176.891,60.54,-77.52
-0.622,0.003,-0.649,12.817,-3.235,23.438,176.616,61.353,-78.745
-0.385,0.0,-0.645,13.367,18.494,34.058,176.407,60.837,-80.074
-0.663,0.085,-1.038,1.953,-25.696,47.119,175.347,60.881,-82.271
-0.658,0.142,-0.956,16.602,-6.958,40.649,174.287,61.326,-84.661
-1.002,0.272,-1.133,8.301,-14.099,68.97,172.782,61.677,-87.896
-0.538,0.252,-0.884,19.287,14.343,84.351,170.848,60.425,-92.346
-0.493,0.354,-0.807,13.55,-27.588,93.323,168.333,59.903,-97.641
-0.75,0.353,-0.772,40.344,-21.851,79.529,166.24,60.189,-103.25
-0.574,0.261,-0.647,50.232,-19.47,72.876,165.756,60.002,-107.759
-0.651,0.25,-0.634,56.519,-28.992,81.421,165.317,60.183,-112.643
-0.621,0.191,-0.628,65.552,-10.498,75.806,165.41,60.106,-117.334
-0.442,0.161,-0.626,61.462,-3.357,84.961,165.762,59.337,-121.767
-0.613,0.2,-0.736,54.443,-9.644,85.999,165.608,58.678,-126.53
-0.417,0.097,-0.797,61.462,0.61,67.81,166.141,57.689,-130.38
-0.734,0.165,-0.946,52.795,-24.841,84.656,166.542,57.574,-134.236
-0.626,0.037,-0.881,64.941,-17.273,83.923,166.921,57.305,-138.664
-0.772,0.082,-0.863,63.599,-23.621,93.445,167.371,57.404,-143.152
-0.667,-0.011,-0.795,82.886,8.728,95.886,168.272,56.607,-147.838
-0.441,-0.09,-0.749,80.872,11.292,97.717,169.887,55.113,-152.007
-0.389,-0.136,-0.715,69.824,-10.986,98.572,171.063,54.382,-156.44
-0.546,-0.092,-0.716,53.833,-18.982,88.196,171.683,54.701,-160.521
-0.503,-0.112,-0.747,48.828,-12.268,73.303,172.26,54.91,-163.779
-0.584,-0.101,-0.841,35.461,-17.822,66.772,172.661,55.366,-166.393
-0.582,-0.032,-0.872,27.588,-12.329,61.829,172.518,55.745,-168.904
-0.721,0.055,-1.008,19.592,-13.062,38.696,172.54,56.151,-170.541
-0.475,0.091,-0.942,26.245,9.644,8.301,173.128,56.212,-170.964
-0.208,0.057,-0.734,22.4,1.648,-7.812,174.727,55.778,-169.958
-0.54,0.07,-0.806,8.301,-39.795,17.517,175.534,56.624,-169.772
-0.737,0.134,-0.864,15.564,5.737,27.1,175.204,57.524,-170.947
-0.592,0.137,-0.868,22.766,20.935,38.452,175.303,56.536,-172.04
-0.437,0.079,-0.841,32.898,26.245,42.725,175.551,55.107,-173.721
-0.35,0.029,-0.814,27.893,9.949,44.25,175.968,53.948,-175.54
-0.385,0.043,-0.737,19.47,-6.531,46.143,175.908,53.646,-177.709
-0.479,0.071,-0.769,15.503,-7.629,41.077,175.644,53.751,-179.692
-0.448,0.229,-0.804,24.109,-3.296,57.678,175.182,53.718,177.896
-0.497,0.179,-0.875,43.579,-3.601,60.73,175.259,53.498,174.771
-0.443,0.124,-0.921,43.213,1.343,63.232,175.671,53.108,171.628
-0.548,0.11,-1.043,34.424,-16.174,63.843,175.798,53.064,168.267
-0.525,0.104,-1.0,29.419,-11.902,55.847,175.605,53.405,165.081
-0.427,0.051,-0.849,25.146,-16.235,41.199,175.583,53.828,162.614
-0.422,-0.038,-0.772,29.846,-19.165,27.527,175.995,54.454,160.889
-0.676,-0.121,-0.768,38.208,-29.907,38.757,176.869,55.756,159.247
-0.742,-0.154,-0.905,39.612,17.761,60.791,177.495,55.948,156.901
-0.422,-0.136,-0.842,34.546,45.166,64.697,177.819,54.207,154.281
-0.192,-0.062,-0.833,22.034,14.954,61.829,177.88,52.35,151.084
-0.418,-0.025,-0.826,21.362,-4.15,34.607,177.94,52.037,147.947
-0.388,-0.07,-0.751,15.503,-0.793,18.494,178.539,51.877,146.223
-0.354,-0.094,-0.704,6.653,2.258,5.554,178.978,51.823,145.118
-0.379,-0.178,-0.775,-1.77,0.793,-9.949,179.517,51.674,144.948
-0.256,-0.175,-0.679,-15.198,-5.554,1.77,179.467,51.597,144.393
-0.288,-0.177,-0.614,-28.381,-29.114,-10.559,178.918,52.306,143.569
-0.542,0.011,-0.626,-39.429,-23.254,-15.076,177.698,53.734,143.097
-0.486,0.008,-0.707,-31.189,-3.113,-32.227,177.111,54.179,144.448
-0.734,0.081,-0.974,-34.424,2.625,-38.452,176.726,54.591,147.167
-0.603,0.21,-1.157,-31.616,22.705,-19.348,176.006,54.278,149.645
-0.589,0.434,-1.311,-18.677,29.785,5.249,174.825,53.119,150.425
-0.216,0.349,-1.25,4.15,21.851,-6.714,174.743,51.422,150.886
-0.392,0.169,-1.059,8.118,-23.926,-43.884,175.501,51.746,152.007
-0.493,0.016,-0.89,-6.165,-19.714,-70.862,176.962,52.971,155.05
-0.386,0.038,-0.758,-24.048,-26.794,-72.693,177.995,54.152,158.939
-0.462,0.093,-0.708,-29.846,-36.56,-66.345,178.566,55.871,162.823
-0.475,0.154,-0.638,-25.574,-30.457,-48.828,178.841,57.623,166.185
-0.545,0.201,-0.642,-12.451,-35.889,-30.273,178.868,59.238,168.497
-0.659,0.178,-0.649,-5.005,-27.039,-26.306,179.127,60.903,170.327
-0.641,0.145,-0.633,3.479,-20.386,-29.236,179.819,62.062,172.386
-0.701,0.075,-0.676,11.108,-4.15,-17.822,-179.16,62.88,174.353
-0.523,0.048,-0.607,13.611,-0.671,3.357,-178.605,62.979,175.15
-0.459,0.055,-0.557,15.137,-19.348,14.465,-178.577,63.578,174.875
-0.598,0.041,-0.632,17.7,-34.302,12.817,-178.528,65.083,174.348
-0.838,0.021,-0.736,16.968,-38.94,12.085,-178.358,66.907,173.979
-0.711,-0.044,-0.742,10.681,-24.658,13.916,-178.358,68.269,173.595
-1.153,0.003,-0.982,-0.488,-47.791,11.78,-178.852,70.203,173.188
-1.183,-0.024,-0.962,13.367,18.372,-8.545,-178.561,70.906,173.787
-0.808,-0.104,-0.888,21.79,56.946,-14.282,-176.759,68.774,175.556
-0.521,-0.164,-0.789,14.832,31.86,-1.099,-175.529,66.506,176.462
-0.493,-0.141,-0.688,5.005,12.695,-1.465,-174.864,65.429,176.979
-0.583,-0.094,-0.678,-3.113,-4.517,1.038,-174.716,65.259,177.347
-0.602,-0.101,-0.671,-0.732,3.784,-3.479,-174.6,65.314,177.891
-0.612,-0.138,-0.693,3.418,5.92,-4.761,-174.221,65.11,178.649
-0.61,-0.136,-0.726,3.906,11.108,-0.061,-173.771,64.666,179.363
-0.644,-0.125,-0.76,8.545,3.479,5.127,-173.419,64.292,179.692
-0.601,-0.142,-0.722,13.123,7.507,7.751,-172.985,64.1,179.808
-0.614,-0.133,-0.706,12.207,3.784,13.977,-172.65,63.869,179.61
-0.603,-0.141,-0.726,8.179,12.634,17.151,-172.672,63.567,179.149
-0.539,-0.133,-0.729,-0.122,7.874,17.212,-173.051,63.094,178.594
-0.626,-0.09,-0.739,-7.202,0.427,7.69,-173.683,63.111,178.248
-0.531,-0.122,-0.653,-8.423,2.258,-10.925,-173.699,63.007,179.033
-0.457,-0.104,-0.538,-15.991,-12.39,-5.92,-173.809,63.303,-179.868
-0.431,-0.071,-0.465,-20.386,-26.794,1.038,-174.402,64.38,-179.149
-0.483,-0.028,-0.479,-17.822,-32.043,7.996,-175.314,65.923,-178.857
-0.846,0.04,-0.698,-16.418,-43.823,17.09,-176.715,68.027,-179.214
-0.917,0.057,-0.828,-4.333,5.554,14.16,-177.583,69.258,-179.352
-1.032,0.231,-0.97,11.536,15.808,35.095,-179.11,68.939,179.116
-0.867,0.145,-1.086,26.062,55.786,33.264,-179.692,66.995,177.259
-0.512,0.094,-1.082,30.945,49.561,22.827,-179.621,64.116,175.474
-0.456,0.03,-0.859,17.822,7.874,7.324,-179.017,62.622,174.408
-0.764,0.015,-0.841,11.414,-4.456,-9.583,-178.363,62.611,174.183
-0.582,0.005,-0.714,2.258,14.832,-9.399,-177.682,62.199,174.803
-0.645,0.003,-0.737,-3.418,8.179,-12.756,-177.347,61.71,175.594
-0.572,0.0,-0.724,-6.653,15.381,-14.771,-177.171,61.1,176.649
-0.621,0.03,-0.752,-13.916,7.568,-9.521,-177.308,60.688,177.665
-0.534,0.061,-0.68,-12.451,6.958,-4.639,-177.819,60.375,178.314
-0.48,0.092,-0.612,-10.803,-4.028,1.648,-178.412,60.419,178.671
-0.521,0.12,-0.604,-6.104,-8.545,12.024,-179.22,60.831,178.401
-0.47,0.139,-0.584,0.732,3.479,21.729,179.808,60.947,177.479
-0.496,0.146,-0.621,5.371,-2.319,22.034,178.956,60.969,176.276
-0.339,0.084,-0.573,5.737,-2.869,13.916,178.445,60.952,175.336
-0.419,0.11,-0.669,2.563,-23.438,5.676,177.99,61.721,174.567
-0.918,0.111,-0.968,0.793,-25.391,2.93,177.825,63.133,174.271
-0.617,-0.025,-0.887,15.137,2.258,-16.846,178.198,63.583,174.518
-1.071,-0.055,-1.099,6.897,5.92,-29.236,179.83,64.067,176.336
-0.575,-0.204,-0.967,4.7,19.287,-25.574,-178.358,62.622,178.462
-0.729,-0.089,-1.01,-13.0,4.333,-0.427,-178.028,62.331,179.193
-0.568,0.028,-0.846,-11.23,6.714,15.686,-178.824,61.919,178.588
-0.513,0.079,-0.747,-3.479,-2.747,17.212,-179.747,61.666,177.363
-0.608,0.085,-0.761,8.118,-2.075,12.451,179.791,61.76,176.237
-0.559,-0.023,-0.714,15.625,-3.113,1.709,-179.753,61.787,175.798
-0.611,-0.081,-0.724,13.672,0.549,-3.296,-178.923,61.875,175.935
-0.492,-0.119,-0.639,9.949,1.099,-7.874,-178.022,61.798,176.523
-0.545,-0.132,-0.679,4.944,-3.052,-8.85,-177.166,61.913,177.303
-0.62,-0.14,-0.738,5.371,6.165,-12.329,-176.342,61.891,178.286
-0.508,-0.171,-0.651,-1.77,0.61,-14.832,-175.496,61.721,179.583
-0.369,-0.164,-0.557,-13.0,4.272,-6.165,-175.237,61.606,-179.423
-0.555,-0.058,-0.612,-26.184,-16.907,4.272,-176.078,62.1,-179.324
-0.409,0.015,-0.585,-16.663,7.69,8.301,-177.094,62.029,-179.302
-0.415,0.029,-0.679,-11.536,-13.855,13.245,-178.044,62.051,-179.934
-0.842,0.082,-0.812,-2.319,-21.362,10.193,-178.962,63.325,179.11
-0.604,0.045,-0.762,3.418,-2.747,24.597,-179.275,63.638,178.517
-1.224,0.275,-1.093,10.071,-2.014,57.983,178.841,64.429,175.688
-0.646,0.19,-1.037,31.006,66.406,48.401,177.874,62.018,172.716
-0.312,0.08,-1.104,34.851,28.198,23.254,178.231,59.453,170.673
-0.477,-0.046,-0.941,21.912,-7.019,-2.136,179.242,58.947,169.541
-0.59,-0.058,-0.88,8.789,-1.282,-16.235,-179.659,59.062,169.492
-0.564,-0.004,-0.818,-2.136,-1.404,-8.423,-179.094,58.986,169.662
-0.625,0.059,-0.796,-6.897,-5.737,5.127,-179.352,59.161,169.294
-0.603,0.107,-0.787,-4.517,1.16,10.62,-179.995,59.216,168.624
-0.581,0.127,-0.776,-4.944,-0.305,14.587,179.297,59.183,167.888
-0.53,0.133,-0.744,-2.38,2.808,10.071,178.616,59.084,167.151
-0.515,0.126,-0.7,-2.991,-1.038,7.202,178.116,59.062,166.668
-0.508,0.137,-0.653,-3.357,-2.319,5.981,177.589,59.178,166.317
-0.437,0.148,-0.6,-2.075,0.671,8.057,177.056,59.238,165.976
-0.477,0.182,-0.622,1.404,-10.742,11.23,176.49,59.436,165.361
-0.425,0.163,-0.625,8.118,8.85,12.756,176.094,59.464,164.641
-0.422,0.159,-0.681,10.559,-12.207,11.78,175.93,59.337,163.861
-0.53,0.094,-0.678,12.512,-8.423,5.92,175.919,59.963,163.048
-0.633,0.066,-0.799,8.667,-18.86,1.343,176.232,60.425,162.751
-0.722,0.046,-0.819,6.409,-18.555,2.93,176.281,61.43,162.367
-1.13,0.025,-1.225,4.333,-24.109,-7.568,176.715,62.067,162.565
-0.773,0.009,-1.018,15.564,60.669,-15.747,177.457,61.831,163.521
-0.347,-0.093,-0.952,0.061,10.132,-17.822,178.89,59.881,165.125
-0.632,0.032,-0.922,-8.24,5.371,-3.113,178.863,59.799,165.201
-0.49,0.039,-0.87,-0.549,10.071,-4.578,178.907,59.266,165.059
-0.5,0.047,-0.907,4.333,9.094,-5.493,179.28,58.694,164.987
-0.527,-0.031,-0.87,9.094,-4.761,-7.629,179.94,58.568,164.905
-0.642,-0.043,-0.859,6.653,-3.54,-5.31,-179.434,58.793,164.877
-0.592,-0.05,-0.813,5.493,2.625,0.488,-178.973,58.711,164.806
-0.488,-0.048,-0.722,5.249,5.554,2.991,-178.682,58.502,164.592
-0.343,-0.053,-0.592,2.136,-2.258,4.15,-178.517,58.403,164.213
-0.637,-0.042,-0.678,2.075,-18.86,-7.08,-178.369,59.172,163.987
-0.522,-0.134,-0.608,5.066,-3.601,-22.461,-177.413,59.711,165.125
-0.606,-0.11,-0.707,-0.61,8.362,-14.16,-176.462,59.886,166.707
-0.367,-0.101,-0.642,-4.15,15.137,-2.319,-176.127,59.156,167.492
-0.325,-0.066,-0.641,-7.996,-3.601,1.404,-176.232,58.848,167.327
-0.415,-0.057,-0.654,-8.972,-13.367,-4.761,-176.506,59.293,166.921
-0.65,-0.083,-0.734,-15.869,-32.959,-13.733,-176.479,60.227,167.228
-0.775,0.016,-0.873,-16.296,-5.615,-5.371,-176.874,61.545,167.921
-1.016,0.171,-1.068,-13.611,6.714,19.47,-177.852,61.545,167.679
-0.725,0.152,-1.095,8.85,53.65,23.804,-178.687,59.612,166.503
-0.351,0.156,-1.128,18.555,63.354,23.804,-178.951,56.569,165.026
-0.243,-0.015,-1.019,17.212,13.977,3.479,-178.38,54.63,163.998
-0.508,-0.007,-0.958,0.244,-13.184,-5.432,-178.094,54.838,163.515
-0.638,0.054,-0.9,-10.742,-10.742,-0.244,-178.385,55.338,163.18
-0.565,0.108,-0.839,-8.179,4.395,-0.488,-178.94,55.349,162.911
-0.471,0.129,-0.781,-3.174,2.991,-2.625,-179.28,55.146,162.883
-0.416,0.046,-0.697,-0.854,-4.761,-9.521,-179.22,55.195,163.169
-0.454,0.055,-0.667,-5.432,-5.554,-7.08,-179.258,55.525,163.564
-0.435,0.084,-0.694,-4.517,-1.404,-1.953,-179.506,55.728,163.801
-0.418,0.101,-0.7,-1.648,0.427,7.141,-179.835,55.756,163.652
-0.422,0.128,-0.721,2.625,-1.77,16.357,179.676,55.739,162.9
-0.367,0.124,-0.69,5.554,-8.179,18.188,179.198,55.876,161.774
-0.492,0.133,-0.713,7.507,-17.09,13.184,178.786,56.585,160.664
-0.444,0.071,-0.742,8.606,-8.728,-0.122,178.874,56.986,160.23
-0.724,0.091,-0.976,5.493,-5.737,6.348,178.94,57.486,159.983
-0.569,0.073,-0.988,7.996,5.371,8.484,178.945,57.283,159.554
-0.763,0.039,-1.093,13.611,-6.104,8.423,179.165,57.305,158.978
-0.688,-0.037,-1.068,18.25,9.46,5.249,179.874,56.97,158.681
-0.694,0.028,-0.94,13.977,1.099,28.687,-179.978,56.948,157.604
-0.584,-0.011,-0.89,25.818,20.203,17.09,-179.637,56.349,156.319
-0.344,-0.045,-0.783,23.926,27.71,22.827,-178.83,54.976,155.407
-0.317,-0.029,-0.724,16.113,-1.709,34.302,-178.737,54.377,153.463
-0.562,-0.011,-0.775,16.602,-11.902,24.78,-178.72,54.855,151.589
-0.602,-0.087,-0.83,21.912,6.897,13.0,-178.138,54.948,150.584
-0.55,-0.114,-0.847,20.02,12.451,8.789,-177.33,54.58,150.068
-0.478,-0.145,-0.812,13.794,6.287,6.897,-176.545,54.152,149.628
-0.533,-0.149,-0.842,12.085,9.827,-0.61,-175.869,53.915,149.337
-0.504,-0.18,-0.83,6.104,12.695,-3.113,-175.155,53.438,149.392
-0.437,-0.176,-0.769,-4.272,10.132,0.916,-174.847,52.894,149.271
-0.478,-0.111,-0.765,-7.874,12.268,-3.967,-174.974,52.586,149.073
-0.217,-0.133,-0.609,-10.254,18.677,-6.592,-175.007,51.74,149.227
-0.186,-0.111,-0.593,-24.109,-5.737,-0.732,-175.474,51.268,148.881
-0.245,-0.045,-0.574,-26.672,-4.883,-5.005,-176.556,51.548,148.293
-0.157,-0.04,-0.573,-33.02,-16.602,-4.7,-177.61,51.812,148.041
-0.55,0.094,-0.904,-32.104,-37.231,-1.16,-179.176,53.262,147.524
-0.575,0.201,-1.012,-18.555,-10.132,11.536,179.44,54.371,147.036
-1.153,0.28,-1.429,-0.122,-3.784,15.747,178.599,54.635,146.228
-0.403,0.133,-1.155,12.024,67.383,13.611,178.742,52.278,145.915
-0.255,0.189,-1.147,-2.38,-6.775,14.343,178.358,50.966,145.069
-0.578,0.058,-1.015,-1.648,-19.47,-21.484,178.396,51.899,145.272
-0.502,0.082,-0.845,-19.47,-10.681,-18.127,178.193,52.564,146.36
-0.452,0.128,-0.765,-20.996,-9.277,-9.705,177.523,53.026,147.14
-0.41,0.187,-0.706,-16.541,-6.042,4.089,176.539,53.476,147.316
-0.398,0.23,-0.708,-12.024,-7.935,11.475,175.441,53.718,146.898
-0.401,0.239,-0.721,-4.578,-2.93,14.954,174.518,53.855,146.272
-0.39,0.259,-0.694,-2.686,-16.113,23.193,173.557,54.086,145.206
-0.421,0.202,-0.612,-4.578,-19.836,11.292,172.535,54.844,144.069
-0.454,0.212,-0.648,-7.019,-13.367,-4.333,171.854,55.673,143.987
-0.387,0.194,-0.649,-4.333,-4.578,-5.249,171.48,56.096,144.448
-0.579,0.241,-0.868,-4.639,-15.869,1.404,171.068,56.574,144.662
-0.664,0.208,-0.922,5.92,-7.629,-1.099,170.832,57.211,144.673
-0.68,0.098,-1.193,9.644,-16.907,-6.409,171.436,57.491,145.25
-0.879,0.175,-1.111,4.578,5.92,14.526,171.2,58.326,144.811
-0.659,0.106,-1.021,16.418,14.771,-9.46,172.057,57.59,145.377
-0.494,0.082,-0.971,17.212,21.301,1.404,173.172,56.635,146.014
-0.387,0.034,-0.871,11.719,-1.831,9.399,173.837,56.151,145.767
-0.549,0.09,-0.811,7.935,-13.489,13.306,173.903,56.536,144.888
-0.57,0.024,-0.755,8.423,-7.751,-2.075,174.265,56.926,144.564
-0.593,0.018,-0.743,6.47,1.587,-7.141,174.875,57.195,144.987
-0.436,-0.006,-0.653,5.127,5.432,-3.235,175.512,57.047,145.569
-0.615,0.047,-0.796,5.615,-1.587,2.197,175.902,57.096,145.822
-0.467,0.01,-0.766,10.925,16.235,3.967,176.38,56.733,145.926
-0.414,-0.013,-0.721,3.723,-5.676,-3.967,176.841,56.497,146.041
-0.421,-0.035,-0.624,-2.563,-17.395,-19.226,177.363,57.162,146.739
-0.421,-0.026,-0.52,-8.057,-21.24,-27.283,177.946,58.288,148.112
-0.492,-0.026,-0.512,-8.24,-20.874,-35.034,178.731,59.54,150.172
-0.445,-0.045,-0.613,-8.911,-3.235,-25.146,179.594,60.167,152.408
-0.733,0.063,-0.851,-8.85,-11.108,0.427,179.495,60.798,153.221
-0.616,0.094,-0.863,1.282,12.329,18.982,178.989,60.765,152.88
-0.993,0.232,-1.021,5.92,-8.606,35.034,177.929,60.974,151.243
-0.649,0.164,-1.034,20.508,36.438,31.494,177.578,59.403,149.667
-0.589,0.125,-1.062,22.339,24.475,18.127,177.781,58.178,148.524
-0.472,0.038,-0.997,14.832,11.658,1.465,178.478,57.09,148.233
-0.527,-0.014,-0.954,0.854,4.028,-9.46,179.011,56.684,148.458
-0.491,0.015,-0.864,-12.939,1.953,-4.028,178.918,56.563,148.733
-0.505,0.094,-0.789,-21.667,-13.916,1.831,178.121,56.728,148.651
-0.55,0.16,-0.75,-16.418,-3.906,4.822,176.973,57.195,148.271
-0.466,0.185,-0.691,-12.085,-1.404,9.277,176.028,57.255,147.92
-0.386,0.189,-0.631,-5.798,-0.916,12.451,175.133,57.228,147.365
-0.335,0.192,-0.596,-3.479,-9.155,15.442,174.32,57.299,146.613
-0.442,0.222,-0.648,-2.686,-17.761,17.639,173.375,57.827,145.563
-0.445,0.234,-0.636,1.892,-13.0,12.695,172.535,58.398,144.564
-0.448,0.206,-0.627,2.319,-23.315,7.446,172.051,59.161,143.91
-0.572,0.193,-0.717,5.188,-19.775,-0.366,171.716,60.178,143.503
-0.726,0.153,-0.851,5.432,-10.986,-5.249,171.925,60.941,143.767
-0.616,0.107,-0.789,6.592,-16.052,-12.085,172.304,61.567,144.272
-0.969,0.033,-0.968,4.944,-23.254,-12.085,173.079,62.699,145.107
-0.589,0.027,-0.863,-2.563,-1.343,1.465,173.276,62.765,145.426
-0.973,0.13,-0.942,-5.859,-25.757,10.62,172.639,63.902,144.811
-0.802,0.086,-0.857,5.798,7.324,1.77,172.639,64.012,144.646
-0.728,0.113,-0.83,9.399,7.507,13.672,172.809,63.644,144.481
-0.698,0.078,-0.79,14.221,8.606,18.005,172.919,63.237,143.817
-0.612,0.037,-0.708,15.93,7.019,19.47,173.079,62.77,142.91
-0.522,0.007,-0.645,16.296,6.958,16.907,173.37,62.358,142.042
-0.417,-0.003,-0.537,15.137,-0.305,18.494,173.644,62.166,141.042
-0.424,0.014,-0.519,10.681,-4.883,23.01,173.699,62.199,139.713
-0.465,0.03,-0.527,11.23,-13.916,18.494,173.557,62.496,138.208
-0.551,0.018,-0.53,11.169,-19.226,13.489,173.584,63.32,137.032
-0.595,0.039,-0.549,16.418,-19.531,15.869,173.749,64.265,136.011
-0.874,0.06,-0.844,17.578,-23.499,32.898,173.71,65.116,134.379
-1.123,0.221,-1.123,27.893,12.878,57.19,172.859,65.303,131.407
-0.472,0.115,-0.839,34.973,3.784,68.787,172.068,63.814,127.491
-0.849,0.248,-0.942,21.851,-10.376,83.679,170.261,63.957,122.333
-0.652,0.377,-0.854,23.376,-6.836,98.572,167.673,62.891,116.202
-0.696,0.391,-0.906,43.335,12.146,84.961,165.921,61.644,110.555
-0.536,0.302,-0.836,47.424,-0.854,84.473,165.372,60.106,105.617
-0.528,0.305,-0.782,51.88,-5.066,76.477,164.982,59.073,100.492
-0.463,0.238,-0.687,53.894,-17.822,69.702,165.223,58.618,95.905
-0.507,0.222,-0.665,45.837,-30.273,72.388,165.097,58.711,90.917
-0.643,0.275,-0.657,39.551,-25.574,82.947,164.344,58.942,85.32
-0.846,0.306,-0.9,49.072,-14.648,81.421,163.559,58.607,79.36
-0.641,0.193,-0.85,63.843,24.048,83.618,163.971,57.211,73.746
-0.323,0.086,-0.694,60.059,0.488,95.825,164.8,55.201,67.846
-0.499,0.078,-0.708,56.702,-33.325,87.952,165.075,54.673,61.249
-0.827,0.08,-0.791,61.646,-17.273,78.979,165.547,55.069,54.893
-0.693,-0.023,-0.772,63.599,10.01,73.914,166.992,54.179,49.34
-0.508,-0.058,-0.756,59.57,18.738,79.163,168.596,52.597,44.11
-0.396,-0.033,-0.743,48.706,-5.554,89.172,169.525,51.449,38.276
-0.597,0.041,-0.793,45.288,-15.93,83.313,170.008,51.389,32.316
-0.595,-0.006,-0.829,43.823,-7.935,72.021,170.706,51.24,26.949
-0.488,-0.029,-0.848,32.837,-11.047,56.58,171.348,51.147,22.412
-0.724,-0.001,-1.017,20.874,-25.269,31.921,171.832,51.899,19.001
-0.53,0.061,-0.951,27.832,24.048,21.851,172.656,51.91,16.743
-0.046,0.046,-0.853,6.958,15.32,44.006,173.436,50.262,14.59
-0.324,0.226,-0.872,4.578,-35.217,49.561,172.518,50.361,11.195
-0.622,0.245,-0.958,17.456,-10.01,44.861,171.903,51.185,7.85
-0.374,0.18,-0.912,30.09,18.555,45.654,172.04,50.339,4.708
-0.261,0.146,-0.865,25.574,-3.845,51.208,172.392,49.395,1.549
-0.351,0.223,-0.817,23.438,-15.686,57.068,172.31,49.411,-2.016
-0.358,0.299,-0.733,27.588,-24.048,59.143,171.996,49.73,-5.999
-0.479,0.292,-0.753,34.058,-28.87,56.091,171.892,50.565,-10.096
-0.477,0.255,-0.784,37.354,-16.479,55.115,172.04,51.218,-14.156
-0.441,0.232,-0.844,38.696,-19.104,56.946,172.26,51.575,-18.215
-0.454,0.206,-0.893,37.964,-23.865,58.228,172.403,52.18,-22.368
-0.831,0.257,-1.068,33.508,-36.499,66.833,172.233,53.245,-26.779
-0.681,0.152,-0.987,41.077,-21.545,56.641,172.255,53.795,-31.141
-0.565,0.032,-0.888,50.659,-2.563,43.274,173.051,54.124,-34.547
-0.201,-0.063,-0.705,61.34,-16.113,30.151,175.007,54.13,-36.87
-0.525,-0.062,-0.765,71.594,-53.955,63.354,176.951,56.03,-39.963
-0.784,-0.224,-0.828,67.566,4.456,81.116,178.11,56.794,-44.857
-0.452,-0.226,-0.804,38.33,29.907,49.744,179.176,55.58,-48.373
-0.296,-0.129,-0.816,18.616,13.977,44.373,179.561,54.305,-50.806
-0.366,-0.113,-0.788,15.747,0.061,19.836,179.813,53.981,-52.432
-0.473,-0.106,-0.839,11.475,-6.531,7.324,-179.462,54.031,-52.795
-0.501,-0.138,-0.833,14.587,2.563,-1.343,-178.638,54.179,-52.811
-0.471,-0.16,-0.815,5.859,-3.54,-3.052,-177.676,54.102,-52.394
-0.498,-0.123,-0.814,2.991,7.996,-5.371,-177.149,54.13,-52.07
-0.288,-0.171,-0.724,-2.93,7.568,-16.541,-176.473,53.591,-51.235
-0.458,-0.122,-0.754,-19.836,-12.329,-16.785,-176.336,53.806,-50.092
-0.331,-0.163,-0.688,-14.954,4.089,-40.588,-176.023,53.745,-48.159
-0.427,-0.153,-0.673,-31.067,-22.156,-32.043,-175.88,54.223,-45.84
-0.363,-0.129,-0.58,-31.067,-25.146,-36.56,-176.111,55.272,-43.693
-0.503,-0.083,-0.646,-38.574,-46.326,-28.015,-176.545,57.101,-41.638
-0.869,0.034,-0.866,-35.583,-39.307,-17.7,-177.495,59.387,-40.364
-0.796,0.081,-1.028,-22.034,-2.808,-4.272,-178.297,60.32,-39.924
-0.913,0.25,-1.216,-11.292,18.555,15.076,-179.67,60.194,-40.963
-0.561,0.207,-1.146,-1.77,50.476,19.348,179.643,58.211,-42.22
-0.349,0.181,-1.061,1.709,3.235,2.502,179.022,56.635,-43.44
-0.513,0.076,-0.929,-1.892,-8.118,-19.714,179.182,56.843,-43.198
-0.565,0.073,-0.838,-11.78,-16.052,-16.541,179.33,57.338,-42.347
-0.631,0.137,-0.796,-14.465,-3.174,-4.517,178.797,57.843,-42.144
-0.478,0.151,-0.729,-12.756,5.005,-2.441,178.176,57.744,-42.292
-0.446,0.155,-0.708,-11.108,2.869,-2.441,177.506,57.563,-42.605
-0.379,0.18,-0.659,-15.076,0.854,1.831,176.754,57.448,-42.973
-0.33,0.226,-0.603,-11.169,-7.507,7.812,175.699,57.535,-43.748
-0.531,0.284,-0.687,-2.014,-18.921,18.494,174.584,58.145,-45.181
-0.531,0.268,-0.69,9.583,-13.855,28.32,173.666,58.727,-47.362
-0.511,0.241,-0.704,12.39,-14.282,35.95,172.744,59.189,-50.114
-0.437,0.211,-0.688,13.245,-13.306,22.888,172.04,59.535,-52.559
-0.435,0.223,-0.702,13.0,-23.56,14.832,171.749,60.222,-54.24
-0.626,0.176,-0.781,19.043,-35.4,8.667,171.672,61.584,-55.789
-0.87,0.125,-0.861,11.292,-43.396,4.333,171.804,63.457,-56.898
-1.02,0.071,-0.957,9.949,-17.029,-9.827,172.249,64.715,-57.228
-0.969,0.03,-1.052,14.771,27.649,-26.428,173.721,64.605,-56.025
-0.544,-0.095,-1.0,3.601,36.072,-14.099,175.523,62.93,-54.25
-0.39,0.011,-0.84,-15.076,5.432,7.324,175.54,61.826,-53.844
-0.504,0.105,-0.713,-16.602,-14.893,8.362,174.534,62.001,-54.294
-0.655,0.152,-0.701,-12.878,-13.306,3.967,173.595,62.644,-54.739
-0.61,0.136,-0.691,-5.493,1.77,1.099,173.123,62.814,-54.987
-0.604,0.121,-0.706,0.793,0.0,-3.845,173.09,62.781,-55.025
-0.612,0.078,-0.692,4.456,-0.793,-6.348,173.447,62.897,-54.866
-0.652,0.077,-0.717,7.202,-3.479,-6.348,174.04,63.111,-54.569
-0.688,0.04,-0.748,16.113,11.108,-7.385,174.968,63.062,-54.256
-0.556,-0.035,-0.763,14.404,25.085,-2.991,176.166,62.122,-53.828
-0.509,-0.028,-0.812,-1.526,16.785,5.676,176.528,61.095,-53.839
-0.517,-0.015,-0.789,-5.005,11.23,-13.977,176.655,60.507,-53.443
-0.549,-0.029,-0.717,-14.893,1.587,-28.259,177.237,60.337,-51.784
-0.516,-0.025,-0.625,-18.372,2.319,-39.062,177.786,60.397,-49.625
-0.512,-0.002,-0.562,-25.635,-0.061,-44.983,178.451,60.546,-46.879
-0.453,0.012,-0.48,-27.649,0.0,-42.969,178.775,60.804,-44.286
-0.412,0.021,-0.534,-29.846,-6.287,-30.029,178.934,61.106,-42.006
-0.729,0.078,-0.776,-29.053,-24.658,-15.015,178.341,62.062,-40.853
-0.852,0.205,-0.936,-21.912,3.723,3.235,177.281,62.957,-40.732
-0.977,0.357,-1.1,-13.733,12.878,38.513,175.671,62.117,-42.209
-0.562,0.312,-1.04,8.179,45.715,36.194,174.062,60.2,-44.896
-0.528,0.282,-1.115,14.465,25.269,10.071,173.776,58.425,-46.357
-0.5,0.12,-0.965,12.146,9.46,-11.475,174.556,57.453,-46.307
-0.564,0.139,-0.927,0.183,9.46,-9.155,175.078,57.085,-45.78
-0.541,0.101,-0.886,-6.409,4.395,-11.902,175.226,56.744,-45.324
-0.463,0.186,-0.82,-11.658,8.484,-10.01,175.001,56.398,-44.786
-0.47,0.199,-0.802,-4.395,-2.747,-8.667,174.814,56.283,-44.467
-0.483,0.174,-0.757,2.686,-1.648,-4.639,174.864,56.426,-44.374
-0.442,0.128,-0.684,3.174,-6.165,3.174,174.908,56.58,-44.654
-0.464,0.163,-0.672,0.732,-9.521,10.132,174.562,56.937,-45.45
-0.443,0.186,-0.652,4.211,-3.235,14.709,174.144,57.156,-46.533
-0.371,0.217,-0.653,8.85,-0.549,21.545,173.688,57.03,-47.983
-0.34,0.203,-0.656,14.099,-7.629,20.935,173.392,57.025,-49.614
-0.384,0.149,-0.639,12.024,-25.635,12.512,173.227,57.739,-51.081
-0.431,0.143,-0.702,4.272,-37.842,8.057,172.963,59.03,-52.196
-0.95,0.223,-0.956,4.944,-33.447,6.714,172.507,60.853,-53.218
-0.767,0.146,-0.977,16.052,8.545,0.0,172.716,61.447,-53.811
-0.787,0.131,-1.164,22.888,23.01,2.075,173.705,60.765,-53.795
-0.581,0.032,-1.02,22.888,4.822,5.432,174.963,59.804,-53.844
-0.637,0.02,-0.862,14.893,-15.015,3.113,175.605,60.139,-54.223
-0.544,-0.043,-0.729,9.888,6.836,-5.127,176.429,60.337,-53.987
-0.432,-0.002,-0.654,-2.747,-1.526,4.883,176.786,60.079,-53.734
-0.595,0.061,-0.729,0.366,-3.845,4.944,176.561,60.32,-53.981
-0.644,0.08,-0.807,6.897,1.221,5.493,176.693,60.309,-54.179
-0.646,0.035,-0.84,12.329,9.583,5.615,177.133,60.046,-54.415
-0.554,0.012,-0.815,11.23,1.892,5.31,177.583,59.738,-54.673
-0.541,-0.027,-0.737,9.644,-3.967,0.671,178.127,59.87,-54.712
-0.573,-0.023,-0.753,4.639,-4.761,1.831,178.484,60.101,-54.673
-0.699,-0.013,-0.811,5.859,0.061,-3.967,178.835,60.331,-54.498
-0.629,-0.042,-0.732,5.798,6.409,-7.935,179.517,60.282,-53.888
-0.621,-0.019,-0.743,4.456,8.057,9.277,179.901,60.062,-53.745
-0.567,-0.017,-0.746,7.568,20.447,14.954,179.813,59.469,-54.47
-0.358,-0.04,-0.677,1.16,20.386,7.935,179.83,58.436,-54.954
-0.293,-0.034,-0.597,-11.536,-3.54,-0.61,179.621,57.991,-54.943
-0.409,-0.019,-0.587,-15.991,-7.324,-17.7,179.33,58.431,-54.157
-0.341,-0.026,-0.555,-16.785,-5.493,-16.235,179.352,58.645,-52.751
-0.378,0.034,-0.64,-18.738,-18.311,4.211,178.857,59.112,-52.152
-0.721,0.169,-0.815,-14.648,-35.4,20.02,177.451,60.518,-53.026
-0.742,0.171,-0.928,-4.456,4.272,13.062,176.325,61.37,-54.168
-0.846,0.293,-1.033,-6.531,1.709,26.428,175.226,61.183,-55.486
-0.873,0.293,-1.174,10.803,36.56,15.686,174.628,59.897,-56.849
-0.484,0.196,-1.106,21.606,50.659,-5.554,175.529,57.497,-56.739
-0.353,0.076,-1.001,15.747,15.747,-6.104,176.71,56.047,-56.162
-0.426,0.022,-0.882,3.662,-6.47,-6.836,177.248,55.844,-55.772
-0.556,0.061,-0.82,-6.714,-9.766,-6.531,177.264,56.294,-55.311
-0.562,0.121,-0.791,-9.399,0.183,-3.845,176.951,56.415,-54.976
-0.512,0.159,-0.795,-4.883,10.376,3.54,176.578,56.107,-54.921
-0.403,0.159,-0.754,-0.61,9.888,8.728,176.21,55.536,-55.294
-0.337,0.15,-0.679,-1.587,-2.441,12.756,175.803,55.234,-55.904
-0.337,0.191,-0.632,-0.305,-8.606,18.982,175.084,55.404,-56.981
-0.404,0.225,-0.646,1.709,-15.503,24.658,174.254,55.827,-58.453
-0.388,0.223,-0.62,4.883,-18.433,23.071,173.37,56.36,-60.227
-0.525,0.237,-0.69,7.141,-26.733,14.709,172.678,57.349,-61.798
-0.454,0.136,-0.678,13.123,-5.493,0.244,172.689,58.057,-62.595
-0.649,0.166,-0.853,5.737,-21.973,2.93,172.897,58.634,-62.864
-0.779,0.12,-0.941,10.864,0.183,-6.836,173.172,59.266,-62.957
-0.753,0.041,-1.123,6.409,-15.503,-14.832,174.15,59.211,-62.018
-0.805,0.043,-1.107,11.658,25.085,-16.052,174.787,59.529,-61.265
-0.522,-0.057,-1.006,0.732,23.804,-17.395,176.155,58.26,-59.524
-0.438,0.028,-0.937,-10.315,7.141,6.592,176.017,57.491,-59.095
-0.485,0.106,-0.851,-8.118,-1.648,4.944,175.501,57.36,-59.112
-0.469,0.14,-0.794,0.244,-2.808,5.676,175.21,57.338,-59.211
-0.526,0.087,-0.794,8.423,-5.005,-1.709,175.485,57.502,-59.117
-0.514,-0.007,-0.756,5.554,0.122,-9.583,176.122,57.585,-58.607
-0.562,-0.006,-0.749,-2.869,-3.784,-8.789,176.578,57.717,-57.832
-0.553,-0.006,-0.72,-4.944,2.686,-12.817,176.814,57.859,-57.008
-0.538,0.011,-0.744,-6.775,4.15,-10.803,177.083,57.783,-56.003
-0.605,-0.006,-0.803,-2.502,4.089,-14.16,177.347,57.739,-55.096
-0.496,-0.033,-0.662,-10.62,-5.31,-12.878,177.676,57.843,-54.014
-0.605,0.001,-0.702,-14.099,-5.188,-13.733,177.616,58.431,-53.058
-0.467,0.022,-0.657,-17.151,9.399,-12.756,177.462,58.348,-52.081
-0.479,0.041,-0.73,-18.616,11.169,-17.822,177.248,58.074,-50.949
-0.255,0.049,-0.632,-20.081,13.733,-17.578,176.968,57.437,-49.713
-0.33,0.059,-0.729,-23.01,-29.297,-25.085,176.704,57.898,-48.246
-0.922,0.162,-0.958,-16.052,-21.545,-27.161,176.418,59.755,-46.807
-0.643,0.142,-0.984,-12.024,-0.793,-12.756,176.567,59.837,-45.56
-0.813,0.28,-1.009,-0.061,8.667,13.062,175.82,60.09,-46.027
-0.573,0.138,-0.944,16.052,4.883,8.362,176.061,59.255,-46.67
-0.8,0.151,-1.05,20.691,25.635,2.38,176.49,58.936,-47.192
-0.484,0.019,-0.966,13.184,23.499,-7.08,177.709,57.36,-46.653
-0.49,0.028,-0.936,-0.061,11.047,-4.944,177.973,56.618,-46.395
-0.544,0.113,-0.875,-13.611,-5.371,4.333,177.665,56.519,-46.187
-0.546,0.18,-0.812,-10.62,-1.343,8.24,176.786,56.596,-46.571
-0.594,0.22,-0.794,-3.357,6.958,6.653,176.072,56.525,-47.06
-0.472,0.181,-0.744,2.258,16.724,2.075,175.88,55.898,-47.307
-0.308,0.133,-0.633,3.906,9.644,2.563,175.908,55.206,-47.444
-0.354,0.149,-0.609,1.648,-9.705,8.301,175.704,55.195,-47.862
-0.394,0.17,-0.598,-0.305,-11.23,13.916,175.177,55.657,-48.735
-0.48,0.196,-0.669,2.686,-0.671,9.888,174.666,55.931,-49.603
-0.331,0.174,-0.614,6.287,-6.958,9.094,174.43,55.948,-50.317
-0.405,0.122,-0.665,8.789,-28.259,3.296,174.326,56.843,-50.993
-0.833,0.145,-0.854,6.531,-21.729,5.554,174.265,58.348,-51.586
-0.595,0.024,-0.884,12.085,13.062,-7.996,174.886,58.348,-51.454
-0.821,0.119,-1.07,-0.671,0.0,5.005,175.182,57.991,-51.229
-0.497,0.031,-1.05,18.066,27.161,-16.479,175.963,57.025,-50.713
-0.538,-0.009,-1.094,4.761,9.521,0.0,177.094,56.239,-49.664
-0.51,0.041,-0.976,12.024,3.723,13.062,177.182,55.767,-50.142
-0.453,0.055,-0.901,10.803,1.648,12.939,177.545,55.497,-50.455
-0.509,0.034,-0.811,13.184,-14.587,14.038,177.759,55.734,-51.13
-0.584,0.023,-0.761,14.526,-9.46,6.897,178.149,56.299,-51.608
-0.534,-0.04,-0.74,15.503,7.69,2.197,178.819,56.327,-51.757
-0.457,-0.069,-0.729,9.949,10.864,-3.113,179.615,55.898,-51.493
-0.45,-0.054,-0.75,6.165,5.737,-1.16,-179.775,55.514,-51.119
-0.479,-0.053,-0.741,4.333,-0.305,-0.671,-179.39,55.47,-50.889
-0.469,-0.105,-0.712,0.977,-0.061,-10.742,-178.901,55.519,-50.35
-0.368,-0.126,-0.639,-3.174,4.211,-17.456,-178.347,55.508,-49.241
-0.247,-0.152,-0.566,-13.367,-9.888,-10.864,-178.006,55.596,-48.027
-0.368,-0.011,-0.578,-20.081,-16.602,12.573,-178.742,56.437,-47.829
-0.527,0.116,-0.732,-9.827,-22.4,32.898,179.89,57.222,-49.131
-0.69,0.138,-0.922,9.644,-2.563,33.569,178.929,57.859,-51.092
-0.913,0.222,-1.17,8.423,-20.142,48.706,178.116,57.81,-53.509
-0.797,0.186,-1.28,24.78,49.377,38.208,177.479,56.695,-56.195
-0.365,0.122,-1.209,21.912,27.71,17.517,177.924,54.558,-57.448
-0.519,0.042,-1.031,9.216,-7.568,-2.441,178.555,54.272,-57.662
-0.438,0.045,-0.883,-2.991,0.916,-4.944,178.813,54.218,-57.316
-0.543,0.078,-0.859,-10.071,2.319,-9.277,178.643,54.245,-56.821
-0.354,0.115,-0.764,-9.46,8.423,-10.315,178.407,53.756,-56.168
-0.394,0.123,-0.757,-7.629,-2.625,-5.493,178.16,53.701,-55.673
-0.295,0.139,-0.647,-5.554,-8.789,6.226,177.737,53.839,-55.728
-0.34,0.194,-0.662,0.488,-21.545,15.808,177.078,54.454,-56.541
-0.409,0.195,-0.67,6.348,-34.485,16.541,176.462,55.662,-57.843
-0.63,0.199,-0.738,8.972,-27.71,7.996,176.111,57.206,-58.997
-0.528,0.142,-0.716,11.353,-0.732,-3.662,176.375,57.733,-59.359
-0.466,0.11,-0.744,8.85,-3.662,-6.409,176.841,57.892,-59.255
-0.413,0.07,-0.718,9.827,-1.16,-10.681,177.424,58.041,-58.892
-0.453,0.046,-0.775,4.639,-22.766,0.061,177.852,58.53,-58.667
-0.839,0.07,-0.88,7.812,-25.818,11.597,177.66,59.991,-59.354
-0.666,0.004,-0.939,13.062,-11.23,8.545,177.803,60.386,-60.095
-1.28,0.003,-1.21,25.879,19.714,-2.38,178.621,61.276,-60.276
-0.489,-0.149,-1.053,29.968,72.815,-4.7,-179.44,58.074,-59.683
-0.267,-0.194,-0.957,1.526,3.174,12.268,-178.665,56.316,-59.777
-0.494,-0.044,-0.807,-16.052,-21.24,13.794,-179.291,56.849,-60.194
-0.658,0.055,-0.759,-9.399,-5.798,4.883,179.846,57.546,-60.557
-0.492,-0.008,-0.708,-4.578,10.864,-0.977,179.67,57.371,-60.452
-0.484,-0.013,-0.8,-6.653,5.981,-3.662,179.61,56.915,-60.145
-0.52,-0.037,-0.795,0.0,-1.343,-14.954,179.863,56.843,-59.469
-0.527,-0.045,-0.733,6.592,-5.371,-15.93,-179.374,57.156,-58.387
-0.59,-0.107,-0.785,8.301,12.817,-6.958,-178.445,57.101,-57.557
-0.485,-0.105,-0.814,1.587,17.7,-2.808,-177.929,56.376,-57.195
-0.342,-0.139,-0.797,-5.31,16.785,-14.709,-177.567,55.486,-56.464
-0.344,-0.125,-0.686,-25.024,-17.273,-22.888,-177.567,55.629,-55.02
-0.417,-0.104,-0.577,-32.41,-29.663,-37.537,-177.825,56.882,-52.883
-0.545,-0.039,-0.536,-35.583,-39.185,-28.87,-178.171,58.629,-50.62
-0.638,-0.014,-0.567,-27.344,-17.151,-15.259,-178.775,60.117,-49.312
-0.771,0.113,-0.819,-16.357,9.705,-2.502,-179.517,60.392,-48.939
-0.558,0.09,-0.855,-2.991,15.381,3.357,-179.786,59.711,-49.07
-0.712,0.123,-1.087,-1.953,3.784,6.47,179.934,59.354,-49.515
-0.582,0.185,-1.056,1.709,39.917,18.799,179.313,58.354,-50.565
-0.611,0.247,-1.262,2.014,9.277,14.771,178.77,56.909,-51.696
-0.444,0.146,-1.067,7.446,22.766,1.77,178.654,56.058,-52.372
-0.34,0.071,-0.85,-6.287,-16.907,-2.319,178.643,55.662,-52.427
-0.582,0.123,-0.776,-17.212,-21.606,-5.92,177.973,56.711,-52.405
-0.493,0.179,-0.698,-13.489,-0.977,-7.446,177.237,57.162,-52.24
-0.456,0.205,-0.705,-10.132,-0.854,0.244,176.649,57.123,-52.256
-0.404,0.169,-0.683,0.061,0.0,0.244,176.177,57.101,-52.663
-0.452,0.178,-0.692,2.014,-10.803,8.545,175.891,57.343,-53.256
-0.474,0.176,-0.695,8.423,-4.578,16.357,175.512,57.64,-54.476
-0.338,0.179,-0.623,11.597,-10.62,22.034,175.166,57.772,-56.019
-0.421,0.166,-0.636,16.724,-26.611,17.7,174.847,58.645,-57.777
-0.451,0.092,-0.629,17.334,-31.677,6.958,175.051,59.958,-58.936
-0.922,0.097,-0.916,14.16,-32.532,4.333,175.325,61.633,-59.733
-0.582,0.065,-0.727,8.972,12.451,2.991,175.644,61.908,-60.2
-0.786,0.1,-1.001,0.916,-26.062,-0.061,175.831,62.084,-60.359
-0.943,0.062,-1.063,14.587,7.202,-16.357,176.331,62.814,-60.128
-0.672,-0.086,-1.056,14.282,29.48,-11.658,178.182,61.798,-58.651
-0.484,-0.046,-0.948,1.038,3.723,27.832,178.308,60.853,-59.145
-0.533,0.072,-0.836,0.305,-19.958,33.936,177.319,61.051,-60.947
-0.648,0.144,-0.736,9.094,-26.123,38.33,176.1,62.029,-63.336
-0.677,0.078,-0.683,15.93,-19.348,23.743,175.534,62.919,-65.402
-0.665,0.039,-0.642,18.555,-6.958,17.578,175.573,63.484,-66.742
-0.631,-0.007,-0.614,18.311,3.052,15.259,175.913,63.556,-67.753
-0.601,-0.016,-0.598,15.076,7.507,16.418,176.243,63.325,-68.643
-0.573,-0.019,-0.609,12.817,7.812,11.963,176.534,62.985,-69.384
-0.521,-0.041,-0.635,12.756,12.817,8.118,177.039,62.551,-69.719
-0.531,-0.01,-0.657,11.108,3.906,14.038,177.319,62.292,-70.252
-0.379,-0.085,-0.619,14.16,1.099,16.541,177.698,62.067,-70.922
-0.622,0.02,-0.744,5.676,-26.855,37.231,177.155,62.847,-72.526
-0.738,0.088,-0.854,14.771,-9.521,49.805,176.1,63.441,-75.201
-0.785,0.176,-1.058,21.24,-1.099,64.575,174.655,63.237,-78.893
-0.892,0.209,-1.117,32.715,8.179,61.279,173.496,62.891,-82.842
-0.544,0.25,-0.911,28.503,19.714,85.571,172.419,61.436,-87.094
-0.418,0.28,-0.795,31.006,-8.789,76.538,170.859,60.161,-92.076
-0.635,0.2,-0.759,43.274,-16.968,54.321,170.266,60.381,-96.108
-0.545,0.163,-0.711,48.157,-5.737,65.613,170.431,60.101,-99.635
-0.659,0.165,-0.769,54.565,-7.935,69.946,170.409,59.832,-103.815
-0.541,0.116,-0.733,50.537,-2.625,66.345,170.689,59.354,-107.748
-0.632,0.153,-0.718,39.124,-21.423,64.88,170.601,59.403,-111.572
-0.692,0.152,-0.736,34.424,-17.517,55.115,170.244,59.81,-115.148
-0.659,0.117,-0.802,34.851,-0.916,41.931,170.255,59.897,-117.856
-0.659,0.126,-0.875,29.053,-4.578,48.645,170.343,59.595,-120.179
-0.644,0.167,-0.873,27.893,-3.113,58.96,169.838,59.299,-123.239
-0.573,0.146,-0.877,31.067,4.272,57.312,169.442,58.716,-126.31
-0.449,0.096,-0.786,27.405,-0.854,59.143,169.129,57.975,-129.298
-0.468,0.077,-0.727,23.499,-16.052,57.312,168.607,57.733,-132.385
-0.636,0.106,-0.735,31.616,-18.677,59.509,168.052,58.063,-135.632
-0.674,0.109,-0.782,45.959,-2.563,69.153,168.069,57.794,-139.01
-0.599,0.062,-0.781,61.218,8.667,82.52,168.624,56.777,-142.839
-0.453,-0.036,-0.759,69.214,3.906,81.238,169.695,55.613,-146.854
-0.513,-0.075,-0.761,58.777,-12.634,81.482,170.826,55.173,-150.743
-0.558,-0.056,-0.778,53.65,-7.812,78.369,171.453,55.135,-154.698
-0.494,-0.079,-0.809,48.218,-7.446,65.247,172.2,54.998,-158.027
-0.503,-0.123,-0.868,38.696,-11.108,49.011,173.084,55.129,-160.494
-0.639,0.004,-0.998,23.438,-15.259,42.847,173.568,55.607,-162.444
-0.555,0.081,-0.936,24.963,-9.155,25.146,173.952,55.981,-163.817
-0.486,0.07,-0.815,23.865,-16.357,21.79,174.699,56.547,-164.619
-0.37,0.033,-0.714,28.32,-7.385,25.33,175.375,56.92,-165.646
-0.631,0.088,-0.802,21.057,-28.931,37.354,175.655,57.717,-167.25
-0.599,0.088,-0.823,30.945,10.681,43.335,175.66,57.777,-169.365
-0.547,0.091,-0.834,29.175,6.714,54.993,175.655,57.036,-171.832
-0.504,0.116,-0.817,35.339,9.766,60.486,175.474,56.299,-174.864
-0.5,0.093,-0.8,37.903,4.272,58.228,175.583,55.607,-177.891
-0.501,0.078,-0.764,38.574,2.197,56.396,175.825,55.206,179.187
-0.521,0.088,-0.808,33.02,4.15,56.03,175.952,54.805,176.347
-0.447,0.11,-0.806,34.302,8.85,50.537,176.116,54.218,173.754
-0.374,0.114,-0.84,30.823,-6.226,56.091,176.298,53.806,171.096
-0.525,0.162,-0.873,29.236,-20.569,60.669,176.001,54.234,167.816
-0.675,0.162,-1.006,30.334,-18.982,50.537,175.781,54.822,164.724
-0.61,0.117,-0.933,31.921,-13.245,35.828,175.875,55.443,162.323
-0.6,0.034,-0.97,29.297,-7.141,20.569,176.506,55.844,160.988
-0.399,-0.043,-0.8,26.611,-7.812,21.301,177.259,56.096,160.016
-0.354,-0.1,-0.695,23.987,-22.034,25.146,177.896,56.602,158.763
-0.654,-0.042,-0.749,27.405,-27.161,30.701,178.286,57.865,157.088
-0.622,-0.08,-0.821,40.527,10.132,38.574,179.044,58.068,155.215
-0.574,-0.101,-0.916,40.1,20.447,46.57,179.868,57.195,152.891
-0.357,-0.115,-0.872,37.415,28.809,41.199,-179.319,55.778,150.54
-0.234,-0.14,-0.792,27.893,-3.723,29.724,-178.511,55.025,148.486
-0.49,-0.126,-0.743,16.968,-16.479,14.038,-177.858,55.69,147.107
-0.464,-0.167,-0.757,10.132,-0.549,3.662,-177.089,55.772,146.574
-0.582,-0.132,-0.834,2.93,0.183,-4.517,-176.627,55.849,146.464
-0.485,-0.185,-0.834,7.385,0.671,-20.264,-175.556,55.629,147.343
-0.63,-0.215,-0.956,13.184,19.958,-10.864,-174.441,55.503,148.162
-0.196,-0.279,-0.809,3.296,23.804,-9.521,-173.353,54.009,148.672
-0.311,-0.198,-0.721,-28.076,-31.799,-0.366,-173.606,54.113,148.524
-0.396,-0.159,-0.591,-32.043,-8.667,-33.63,-174.391,55.179,149.095
-0.215,-0.163,-0.458,-47.607,-30.518,-46.692,-174.595,55.497,151.43
-0.505,-0.04,-0.536,-45.837,-47.913,-46.875,-175.215,57.458,153.984
-0.549,0.032,-0.547,-29.541,-30.212,-33.142,-175.298,59.299,156.868
-0.824,0.048,-0.787,-13.306,-33.936,-10.071,-175.567,61.062,158.489
-0.887,0.12,-1.029,-14.648,16.724,14.771,-176.204,61.875,159.0
-0.771,0.233,-1.056,3.54,29.785,34.241,-177.841,60.908,157.407
-0.424,0.158,-1.024,14.099,20.874,15.625,-178.253,59.282,156.171
-0.654,0.091,-1.012,14.893,-13.367,-1.77,-177.929,59.37,155.88
-0.628,-0.011,-0.87,7.568,0.488,-14.221,-177.171,59.595,156.533
-0.712,-0.005,-0.882,-2.136,-7.507,-11.902,-176.748,59.771,157.418
-0.642,0.039,-0.835,-5.066,12.695,-0.793,-176.808,59.557,157.939
-0.516,0.101,-0.808,-5.554,8.911,16.541,-177.545,58.997,157.478
-0.428,0.118,-0.734,-1.465,1.648,16.357,-178.445,58.766,156.495
-0.386,0.123,-0.639,1.282,-13.672,9.644,-179.033,59.041,155.814
-0.332,0.092,-0.549,1.709,-24.414,10.559,-179.445,59.826,155.226
-0.466,0.156,-0.567,1.343,-43.823,18.25,179.819,61.436,154.248
-0.567,0.167,-0.585,9.277,-43.274,16.541,178.995,63.495,152.963
-0.63,0.142,-0.645,8.85,-34.729,14.832,178.489,65.391,151.935
-0.788,0.125,-0.793,7.812,-34.363,13.733,177.896,66.835,150.897
-0.865,-0.109,-0.87,-11.108,-24.475,-4.028,177.418,68.368,150.469
-0.884,0.08,-0.841,-30.396,-28.259,-8.484,176.605,69.626,151.177
-1.182,0.089,-0.963,-9.277,-4.761,-10.132,175.836,70.823,151.749
-0.914,0.032,-0.822,5.432,15.503,-11.658,176.666,70.307,153.045
-0.799,-0.021,-0.771,14.771,20.386,-5.066,177.764,69.576,153.984
-0.536,-0.042,-0.634,12.817,19.409,12.512,178.445,68.5,154.067
-0.563,0.0,-0.604,8.85,2.991,15.564,178.242,68.082,153.166
-0.592,-0.024,-0.608,10.437,8.301,1.038,178.627,67.786,153.007
-0.711,-0.027,-0.688,9.521,5.676,-6.409,179.357,67.549,153.446
-0.681,-0.077,-0.688,12.756,19.226,-17.822,-179.247,66.89,154.671
-0.778,-0.105,-0.78,11.902,13.184,-13.733,-177.748,66.138,156.006
-0.69,-0.139,-0.723,11.658,17.09,-5.493,-176.572,65.49,156.896
-0.634,-0.108,-0.688,7.996,8.728,6.592,-175.952,64.929,157.083
-0.622,-0.085,-0.691,7.08,15.076,8.118,-175.77,64.539,156.775
-0.429,-0.107,-0.602,5.188,24.475,3.967,-175.562,63.583,156.533
-0.399,-0.143,-0.604,-4.578,0.549,-5.981,-175.303,62.902,156.632
-0.423,-0.17,-0.578,-14.343,3.052,-19.592,-174.957,62.847,157.511
-0.249,-0.159,-0.456,-27.771,-14.587,-15.625,-174.946,62.847,158.665
-0.49,-0.071,-0.573,-38.025,-52.979,-9.155,-175.748,64.352,159.412
-0.881,0.089,-0.645,-31.311,-39.062,-8.057,-176.929,67.066,160.087
-0.977,0.215,-0.888,-17.334,3.723,-3.845,-177.737,67.808,160.79
-1.1,0.183,-1.029,15.808,36.011,-4.761,-177.66,67.11,161.147
-0.717,0.102,-1.024,16.418,59.265,11.353,-177.028,64.391,161.076
-0.462,0.044,-0.973,16.113,34.363,15.259,-177.127,62.062,159.944
-0.559,0.011,-0.933,1.465,4.15,4.517,-177.155,61.381,159.412
-0.518,0.025,-0.825,-7.385,-2.38,5.493,-177.632,61.183,159.027
-0.578,0.108,-0.772,-13.55,-12.207,8.362,-178.621,61.6,158.472
-0.513,0.138,-0.645,-8.789,-11.658,6.226,-179.55,62.133,157.983
-0.562,0.152,-0.667,-1.404,-13.428,7.935,179.769,62.726,157.495
-0.619,0.17,-0.678,2.808,-5.615,12.695,179.127,63.248,156.758
-0.566,0.157,-0.635,7.019,-4.089,12.817,178.654,63.408,155.989
-0.549,0.138,-0.63,8.85,-3.723,12.085,178.264,63.572,155.182
-0.482,0.107,-0.578,9.216,-4.883,3.723,178.116,63.754,154.671
-0.485,0.048,-0.58,10.254,-11.597,-4.089,178.407,64.144,154.742
-0.569,0.049,-0.591,3.845,-20.264,2.93,178.605,64.995,154.808
-0.732,0.081,-0.73,0.549,-12.939,6.226,178.303,65.841,154.457
-0.848,0.07,-0.863,-1.343,-14.038,-3.784,178.143,66.522,154.451
-0.813,0.034,-0.875,-9.827,-9.46,-9.827,178.182,67.192,155.132
-1.062,0.062,-0.932,-6.714,-2.136,-15.137,178.154,68.027,155.962
-0.841,0.03,-0.922,-2.014,28.687,-17.639,178.929,67.121,157.511
-0.695,0.014,-0.906,1.16,30.029,-4.028,179.434,65.742,158.406
-0.521,0.016,-0.825,6.348,19.165,4.7,179.659,64.501,158.505
-0.575,0.039,-0.768,10.681,1.587,14.038,179.681,64.05,157.852
-0.566,-0.01,-0.686,15.503,-4.639,7.141,179.934,64.1,157.165
-0.622,-0.065,-0.681,10.071,-3.662,-4.272,-179.462,64.297,157.104
-0.688,-0.105,-0.657,4.517,4.089,-16.602,-178.495,64.402,157.972
-0.576,-0.118,-0.672,-7.507,13.062,-11.841,-177.753,63.842,159.126
-0.624,-0.081,-0.706,-7.568,19.165,-20.874,-177.429,63.265,160.274
-0.553,-0.143,-0.741,-7.507,30.09,-26.428,-176.528,62.062,162.142
-0.464,-0.122,-0.714,-14.648,31.921,-21.729,-176.078,60.562,163.696
-0.385,-0.139,-0.674,-20.813,24.658,-31.555,-175.798,59.057,165.394
-0.483,-0.111,-0.668,-29.663,12.024,-35.4,-175.71,58.189,167.481
-0.479,-0.113,-0.669,-30.945,8.85,-39.49,-175.792,57.645,169.832
-0.396,-0.115,-0.68,-37.109,2.502,-33.569,-176.034,57.239,172.194
-0.617,-0.046,-0.758,-36.316,-15.625,-25.33,-176.759,57.777,174.029
-0.712,-0.021,-0.846,-33.081,1.038,-16.785,-177.528,58.206,175.556
-0.854,0.126,-1.128,-37.537,28.809,2.075,-178.973,57.376,176.215
-0.657,0.274,-1.129,-26.245,54.443,12.756,179.176,55.448,175.99
-0.368,0.393,-1.101,-19.104,46.509,27.71,177.44,52.795,175.089
-0.259,0.303,-1.01,9.338,18.494,11.108,176.611,51.202,174.007
-0.351,0.117,-0.938,4.272,-1.038,-2.319,176.776,50.85,173.837
-0.442,0.133,-0.891,-4.944,1.587,3.174,176.572,50.768,173.82
-0.323,0.174,-0.793,-7.446,-3.662,12.146,175.913,50.587,173.32
-0.43,0.206,-0.781,-8.24,-14.587,14.038,175.029,50.955,172.458
-0.433,0.269,-0.763,-6.226,-6.897,16.541,174.084,51.279,171.541
-0.39,0.304,-0.738,1.953,-3.54,15.259,173.32,51.361,170.59
-0.437,0.278,-0.763,8.911,-13.489,8.667,173.024,51.614,169.843
-0.569,0.232,-0.806,11.658,-0.732,0.977,173.09,52.059,169.47
-0.368,0.197,-0.785,12.512,5.737,-3.54,173.535,51.757,169.717
-0.436,0.177,-0.81,12.939,-5.493,3.479,173.963,51.888,169.75
-0.331,0.166,-0.785,14.526,-14.465,16.785,174.194,52.234,169.162
-0.316,0.181,-0.727,24.353,-33.63,58.899,173.82,53.135,166.696
-0.427,0.139,-0.686,30.029,-53.04,60.364,173.095,54.772,162.581
-0.709,0.201,-0.757,19.714,-51.208,35.461,172.518,56.964,159.615
-0.685,0.159,-0.703,24.048,-26.062,19.531,172.469,58.634,157.978
-0.977,0.152,-0.932,20.691,-28.137,10.376,172.853,59.661,157.181
-0.849,0.099,-1.087,34.546,40.344,8.179,173.886,59.2,157.066
-0.516,-0.048,-1.199,43.274,39.856,4.822,176.138,56.931,157.577
-0.455,-0.042,-0.846,27.466,-24.048,17.639,177.237,56.794,156.714
-0.694,-0.095,-0.793,23.132,-6.47,11.536,178.259,57.832,156.061
-0.384,-0.066,-0.645,15.137,5.127,21.301,178.797,57.552,155.27
-0.48,-0.052,-0.667,9.399,-4.333,15.93,178.984,57.59,154.347
-0.566,-0.014,-0.722,9.949,4.272,19.531,179.105,57.601,153.583
-0.609,-0.048,-0.835,18.738,12.268,16.602,179.39,57.184,152.754
-0.607,-0.112,-0.913,16.663,11.414,10.437,-179.912,56.662,152.342
-0.654,-0.105,-0.871,6.653,10.071,12.878,-179.467,56.261,152.001
-0.591,-0.067,-0.75,-1.953,9.277,13.733,-179.555,55.838,151.501
-0.413,-0.036,-0.666,-3.784,29.968,8.606,-179.852,54.948,151.249
-0.196,-0.016,-0.591,-12.634,24.841,2.747,179.775,53.646,151.298
-0.184,-0.014,-0.692,-14.771,13.489,-9.888,179.385,52.756,151.688
-0.186,-0.064,-0.723,-17.883,-4.761,-25.146,179.253,52.493,152.732
-0.284,-0.047,-0.671,-28.076,-28.259,-19.043,178.885,53.256,153.869
-0.524,0.036,-0.66,-28.809,-52.185,-10.132,177.929,55.289,154.407
-0.913,0.194,-0.899,-20.386,-36.255,6.287,176.677,57.684,154.468
-1.033,0.247,-1.019,1.709,32.898,35.095,175.413,58.189,153.523
-0.434,0.1,-0.944,-4.272,65.125,49.988,174.507,55.091,152.21
-0.638,0.312,-1.026,-3.784,41.809,69.885,172.496,52.427,149.601
-0.277,0.208,-1.0,20.996,78.247,65.857,171.601,48.73,146.909
-0.15,0.191,-0.99,16.296,47.607,61.707,171.513,45.192,144.619
-0.124,0.239,-0.941,9.521,39.001,59.814,171.249,42.462,142.158
-0.093,0.28,-0.903,5.249,36.56,59.631,170.76,40.023,139.609
-0.028,0.286,-0.873,4.211,29.053,39.185,170.414,37.727,137.675
0.045,0.294,-0.783,2.869,19.226,30.945,170.123,36.046,136.291
-0.004,0.297,-0.822,0.183,1.709,24.658,169.86,35.03,135.209
-0.089,0.309,-0.855,-5.005,1.343,20.996,169.371,34.547,134.171
-0.053,0.396,-0.829,-10.193,-4.944,-4.944,168.684,34.387,133.956
-0.052,0.401,-0.869,-4.761,-11.719,-23.682,168.195,34.816,134.863
-0.002,0.275,-0.838,5.31,-14.465,-32.043,168.272,35.596,136.236
-0.135,0.198,-0.875,-7.446,-40.833,-24.048,168.338,37.051,137.373
-0.495,0.328,-1.121,-13.062,-30.029,-19.653,167.69,38.919,137.895
-0.233,0.246,-0.966,4.578,-10.925,-38.94,167.789,39.99,139.274
-0.622,0.253,-1.19,-5.737,-4.517,-20.081,168.245,41.177,141.037
-0.242,0.183,-1.095,25.085,20.935,-31.311,169.107,40.776,142.57
-0.034,0.03,-0.864,20.386,2.197,-13.0,170.837,40.496,144.086
-0.239,0.167,-0.873,14.038,-23.987,14.771,171.53,40.99,143.619
-0.352,0.132,-0.862,29.907,-6.042,5.798,172.463,41.583,142.778
-0.305,-0.005,-0.872,33.508,-10.803,-11.108,174.144,41.902,142.877
-0.369,-0.123,-0.896,24.658,-8.545,-10.681,175.93,42.506,143.41
-0.423,-0.071,-0.947,7.935,-1.709,-6.409,176.957,42.896,143.696
-0.292,-0.027,-0.91,10.62,4.211,-3.357,177.731,42.841,143.987
-0.338,-0.01,-0.864,9.949,-9.827,0.732,178.352,43.187,143.855
-0.452,-0.034,-0.939,14.221,12.329,-6.714,179.225,43.264,144.102
-0.226,-0.037,-0.952,7.812,22.644,-3.296,-179.995,42.264,144.443
-0.143,-0.056,-0.951,3.662,-0.916,-10.254,-179.511,41.852,144.608
-0.2,-0.094,-0.813,-8.362,-23.926,-23.743,-179.209,42.495,145.261
-0.391,-0.022,-0.749,-16.907,-34.119,-27.344,-179.401,44.072,146.266
-0.412,-0.094,-0.705,-17.212,-19.836,-36.56,-179.423,45.406,147.931
-0.422,-0.061,-0.667,-30.701,-21.362,-39.307,-179.786,46.609,150.084
-0.334,-0.06,-0.65,-34.668,-21.851,-40.527,179.731,47.686,152.573
-0.371,-0.001,-0.705,-33.142,-28.625,-36.743,179.017,49.175,154.83
-0.742,0.117,-0.942,-29.968,-36.011,-26.978,178.319,51.108,156.841
-0.609,0.128,-1.043,-6.775,15.381,-24.963,178.127,51.938,158.862
-0.7,0.296,-1.256,-9.705,29.053,23.804,177.61,51.24,159.51
-0.231,0.249,-1.233,7.874,51.514,24.475,177.127,48.851,158.741
0.087,0.216,-1.031,10.01,-4.639,12.146,177.023,47.307,157.846
-0.358,0.074,-0.863,-5.066,-73.608,-17.212,177.056,49.246,157.566
-0.772,0.163,-0.843,-17.273,-33.63,-23.743,176.699,52.097,158.39
-0.463,0.241,-0.858,-6.714,-4.761,-15.381,176.473,52.526,159.593
-0.376,0.228,-0.809,0.366,-16.174,-11.169,176.495,53.152,160.428
-0.347,0.218,-0.729,0.488,-28.687,-9.521,176.457,54.223,160.928
-0.467,0.199,-0.689,-2.319,-37.842,-11.658,176.429,55.887,161.521
-0.577,0.194,-0.706,-4.761,-23.621,-13.306,176.226,57.338,162.186
-0.57,0.271,-0.736,-0.427,-12.39,-10.315,176.105,58.151,163.087
-0.48,0.189,-0.626,11.719,-17.09,-5.615,176.347,58.936,163.614
-0.462,0.15,-0.591,10.681,-30.884,-9.766,176.776,60.112,164.163
-0.544,0.071,-0.643,20.63,-8.362,-23.987,177.775,61.271,165.306
-0.534,-0.034,-0.794,14.954,-15.503,-13.489,179.28,61.809,166.871
-0.786,-0.06,-0.919,-4.333,-23.193,3.357,179.626,62.754,167.267
-0.554,-0.027,-0.741,-2.686,-15.564,-14.771,179.5,63.704,167.767
-1.154,0.006,-0.853,-13.55,-43.457,-9.949,179.736,65.698,168.948
-0.896,-0.069,-0.842,6.836,25.024,-25.879,-179.5,65.825,170.634
-0.57,-0.145,-0.746,7.385,30.09,-10.62,-178.022,64.501,172.667
-0.522,-0.069,-0.751,-3.174,4.456,18.982,-178.0,63.721,172.804
-0.639,0.043,-0.754,6.592,9.766,26.917,-178.786,63.441,171.601
-0.659,-0.007,-0.797,18.921,8.423,23.315,-178.951,62.963,170.365
-0.563,-0.079,-0.717,23.315,4.15,17.883,-178.506,62.611,169.47
-0.589,-0.072,-0.671,23.621,-0.305,24.902,-178.099,62.704,168.426
-0.403,0.002,-0.62,40.344,-11.353,34.851,-177.578,62.88,166.822
-0.718,-0.099,-0.674,56.702,-18.799,55.664,-176.83,63.946,163.932
-0.743,-0.28,-0.68,45.593,4.15,35.278,-176.023,64.254,161.285
-0.555,-0.229,-0.548,15.503,6.775,20.691,-175.419,64.171,160.356
-0.509,-0.169,-0.581,-0.549,8.484,13.733,-175.391,63.979,159.835
-0.616,-0.02,-0.668,-2.747,8.301,24.902,-176.045,63.831,158.796
-0.439,-0.068,-0.671,4.639,19.531,20.813,-176.55,63.078,157.577
-0.512,-0.002,-0.813,3.174,-2.014,17.212,-176.935,62.584,156.27
-0.754,0.076,-0.872,4.456,-21.423,18.982,-177.457,63.32,154.852
-0.977,0.063,-1.036,1.282,-26.001,12.634,-177.583,64.089,153.979
-0.999,0.148,-1.085,18.616,34.485,-1.282,-177.995,64.501,153.204
-0.535,-0.008,-1.027,15.808,20.813,-23.926,-176.314,62.617,154.55
-0.573,-0.082,-0.901,10.925,5.615,-28.992,-174.902,62.078,155.797
-0.559,-0.109,-0.747,-13.855,-12.695,-24.17,-173.969,62.139,157.368
-0.704,0.006,-0.74,-19.592,-5.005,-9.705,-174.408,62.617,158.088
-0.608,0.072,-0.722,-12.268,8.972,2.197,-175.1,62.413,158.307
-0.479,0.078,-0.664,0.244,10.376,12.573,-175.809,61.87,157.775
-0.411,0.051,-0.617,2.686,1.831,21.362,-176.473,61.639,156.682
-0.511,0.101,-0.63,4.333,-4.822,27.405,-177.462,61.864,155.017
-0.42,0.08,-0.633,9.094,3.174,20.996,-178.149,61.677,153.545
-0.497,0.09,-0.635,9.399,-11.963,20.874,-178.643,62.018,152.188
-0.47,0.046,-0.596,10.559,-10.62,12.085,-178.984,62.529,151.035
-0.579,0.063,-0.693,5.066,-20.874,10.986,-179.176,63.237,150.298
-0.882,0.069,-0.905,10.864,-18.494,8.545,-179.396,64.38,149.656
-0.831,-0.042,-0.801,17.639,-14.404,6.348,-179.022,65.325,149.398
-1.177,-0.053,-1.004,7.812,-23.071,11.353,-178.643,66.171,149.09
-0.865,-0.166,-0.916,23.865,31.921,-13.367,-177.72,65.88,149.59
-0.528,-0.177,-0.764,10.437,20.935,7.69,-176.407,64.506,150.183
-0.542,-0.089,-0.653,-2.075,-9.094,32.776,-177.023,64.259,148.304
-0.662,0.013,-0.622,-2.563,-9.521,31.189,-178.325,64.852,145.745
-0.776,0.054,-0.661,10.498,1.77,35.217,-179.407,65.094,143.514
-0.601,-0.051,-0.591,17.456,17.395,18.372,-179.588,64.567,142.224
-0.586,-0.054,-0.637,15.93,13.611,11.597,-179.11,63.907,141.548
-0.582,-0.081,-0.664,22.461,23.254,12.634,-178.528,63.16,140.603
-0.377,-0.132,-0.562,19.531,13.672,17.09,-177.753,62.205,139.142
-0.549,0.001,-0.586,11.292,-15.747,36.56,-178.044,62.578,136.203
-0.456,0.037,-0.526,34.607,-0.916,44.861,-178.248,62.93,132.902
-0.546,-0.004,-0.657,38.635,-14.954,67.139,-178.676,63.457,128.54
-0.803,-0.041,-0.97,45.959,-1.465,62.683,-179.396,64.089,123.431
-1.079,0.062,-1.16,42.358,-1.648,72.205,179.802,64.358,117.977
-0.877,0.056,-1.079,41.809,29.358,83.496,178.808,63.545,111.824
-0.656,0.068,-1.005,34.607,19.409,78.735,177.654,61.952,105.304
-0.654,0.136,-0.904,35.4,13.062,63.171,176.797,60.936,99.586
-0.437,0.053,-0.72,41.077,18.372,48.096,176.836,59.892,95.037
-0.407,0.082,-0.669,37.598,1.648,55.725,177.133,59.068,90.923
-0.518,0.11,-0.659,45.044,-1.892,72.754,176.935,58.887,85.759
-0.544,0.127,-0.711,44.861,-1.892,76.233,176.671,58.59,79.953
-0.683,0.161,-0.869,50.354,12.39,77.148,176.407,58.035,73.845
-0.63,0.074,-0.935,54.993,9.399,60.547,176.924,57.2,68.428
-0.577,-0.047,-0.953,48.462,8.423,53.223,177.841,56.574,63.781
-0.538,-0.079,-0.85,41.931,2.258,59.631,178.303,56.217,59.008
-0.427,-0.176,-0.71,39.368,0.305,66.101,178.66,55.871,54.091
-0.581,-0.083,-0.733,30.212,-19.775,85.876,178.16,56.107,48.263
-0.721,-0.034,-0.761,49.988,1.343,86.243,177.748,56.305,41.836
-0.684,-0.09,-0.823,64.026,23.254,85.938,178.391,55.481,35.673
-0.454,-0.208,-0.807,61.89,29.419,87.097,179.555,53.828,29.641
-0.463,-0.146,-0.795,49.133,5.066,85.144,-179.775,52.932,23.736
-0.458,-0.154,-0.719,40.466,-6.165,80.017,-179.258,52.833,18.336
-0.569,-0.078,-0.756,37.842,-8.972,73.975,-179.231,53.273,13.046
-0.542,-0.182,-0.828,35.522,-0.549,54.443,-178.638,53.399,8.751
-0.558,-0.137,-0.893,23.499,-9.46,48.157,-178.352,53.723,5.087
-0.737,-0.074,-0.988,12.146,-22.644,38.94,-178.264,54.492,2.071
-0.588,-0.005,-0.975,15.93,7.69,27.771,-178.44,55.036,-0.615
-0.222,-0.093,-0.806,14.709,17.761,16.113,-178.011,54.212,-2.406
-0.331,-0.031,-0.807,-14.465,-28.32,27.893,-178.55,54.498,-4.048
-0.693,0.135,-0.917,-15.747,1.465,24.536,179.813,55.223,-6.097
-0.445,0.163,-0.906,-4.517,24.78,18.616,178.901,54.113,-7.707
-0.296,0.155,-0.888,13.611,20.203,22.278,178.627,52.844,-9.393
-0.315,0.142,-0.849,21.79,-7.568,33.813,178.72,52.427,-11.442
-0.457,0.128,-0.805,29.48,-9.949,47.485,178.737,52.773,-14.392
-0.396,0.07,-0.758,23.926,-7.874,46.753,178.665,52.872,-17.661
-0.503,0.167,-0.82,16.113,-9.949,43.762,178.204,53.245,-20.781
-0.501,0.201,-0.857,18.005,-6.47,42.725,177.693,53.448,-23.835
-0.54,0.24,-0.926,25.085,-2.258,40.771,177.369,53.591,-26.867
-0.493,0.141,-1.001,32.654,-3.662,29.785,177.726,53.421,-29.471
-0.444,0.1,-0.94,28.992,-17.273,26.978,178.16,53.86,-31.75
-0.58,-0.018,-0.941,28.503,-19.958,15.991,178.885,54.772,-33.393
-0.58,-0.097,-0.886,22.766,-12.695,21.24,179.511,55.53,-34.827
-0.363,-0.14,-0.667,13.062,-15.503,22.217,179.824,56.019,-36.244
-0.665,-0.044,-0.767,7.446,-30.518,26.245,179.61,57.255,-37.727
-0.646,-0.087,-0.811,26.306,11.841,19.226,-179.929,57.464,-39.056
-0.548,-0.081,-0.859,31.616,24.353,28.137,-179.028,56.514,-40.446
-0.354,-0.153,-0.832,33.691,26.917,32.776,-178.055,55.157,-42.16
-0.327,-0.147,-0.829,22.278,1.709,31.555,-177.473,54.52,-43.83
-0.438,-0.132,-0.802,15.686,-5.676,19.043,-176.973,54.657,-44.835
-0.491,-0.12,-0.776,12.085,-7.324,8.85,-176.468,54.992,-45.28
-0.459,-0.181,-0.746,5.615,-8.484,-4.15,-175.759,55.267,-45.022
-0.528,-0.18,-0.724,-2.93,-9.155,-13.0,-175.237,55.783,-44.209
-0.461,-0.174,-0.607,-17.517,-12.573,-13.123,-174.979,56.272,-43.05
-0.569,-0.097,-0.652,-24.475,-13.611,-11.292,-175.375,57.041,-42.116
-0.501,-0.099,-0.667,-19.836,1.953,-16.174,-175.726,57.349,-41.155
-0.374,-0.101,-0.642,-19.348,1.16,-16.785,-175.968,57.393,-40.117
-0.617,-0.073,-0.823,-25.085,-16.602,-15.015,-176.254,57.805,-38.99
-0.644,-0.059,-0.844,-13.611,-0.061,-35.4,-176.276,58.337,-37.568
-1.745,0.024,-2.505,-25.94,22.766,-24.597,-175.825,57.596,-35.458
-0.562,0.164,-1.214,-18.372,58.899,6.714,-176.874,55.717,-35.316
-0.228,0.239,-1.125,-12.207,26.55,11.719,-178.022,53.388,-36.096
-0.378,0.202,-1.011,4.333,-7.874,8.423,-178.627,53.108,-36.876
-0.385,0.087,-0.84,-0.732,-19.348,4.456,-178.813,53.701,-37.343
-0.469,0.111,-0.771,-8.545,-25.452,4.578,-179.456,54.69,-37.804
-0.608,0.164,-0.767,-10.01,-12.268,5.92,179.687,55.607,-38.392
-0.444,0.19,-0.717,-6.653,9.277,13.062,178.841,55.432,-39.293
-0.404,0.265,-0.749,-0.61,5.127,23.499,177.814,54.959,-40.88
-0.363,0.236,-0.738,12.207,2.686,22.522,177.237,54.728,-42.704
-0.375,0.236,-0.746,14.465,-11.414,25.33,176.869,54.789,-44.594
-0.449,0.192,-0.713,13.855,-24.414,19.714,176.583,55.591,-46.472
-0.421,0.144,-0.674,11.108,-27.283,2.808,176.451,56.695,-47.774
-0.485,0.109,-0.69,6.653,-23.376,-6.287,176.6,58.085,-48.153
-0.524,0.072,-0.778,2.319,-29.419,-9.46,176.913,59.117,-47.988
-0.924,0.107,-0.971,3.601,-32.654,1.831,176.869,60.881,-48.164
-0.623,0.002,-0.841,12.024,-0.549,-2.93,177.166,61.589,-48.472
-1.123,0.053,-1.093,16.602,-1.038,-6.287,177.902,62.314,-48.312
-0.579,-0.117,-0.966,27.649,56.58,-16.357,179.786,60.48,-47.411
-0.381,-0.149,-0.912,14.893,18.982,-1.343,-178.742,58.738,-46.681
-0.453,-0.1,-0.737,-2.869,-25.879,7.874,-178.533,59.112,-46.653
-0.695,-0.002,-0.697,-8.118,-21.118,5.188,-179.022,60.452,-46.84
-0.603,-0.042,-0.666,-0.488,8.789,-13.062,-178.841,60.59,-46.335
-0.444,-0.074,-0.641,0.793,27.527,-23.804,-177.951,59.733,-44.918
-0.399,-0.123,-0.759,-4.7,10.864,-18.616,-177.045,58.607,-43.352
-0.573,-0.06,-0.812,-6.287,0.977,-13.184,-176.803,58.629,-42.281
-0.426,-0.092,-0.742,-0.305,5.737,-11.78,-176.237,58.206,-41.215
-0.427,-0.1,-0.686,-0.061,-12.329,-4.333,-175.935,58.414,-40.633
-0.432,-0.122,-0.645,-2.075,-13.306,-5.554,-175.573,59.024,-39.963
-0.315,-0.131,-0.558,-13.123,-16.968,1.16,-175.627,59.645,-39.474
-0.665,-0.04,-0.78,-22.705,-41.504,3.418,-176.391,60.996,-39.205
-0.74,0.004,-0.807,-12.207,-11.475,-4.028,-177.078,62.391,-38.947
-0.773,0.075,-1.008,-24.963,-36.743,23.865,-177.913,63.083,-39.128
-1.138,0.329,-1.072,-3.418,3.601,40.894,179.368,64.737,-41.786
-0.801,0.251,-1.057,13.062,56.396,25.696,178.489,62.858,-43.923
-0.353,0.165,-1.015,23.438,49.988,9.46,178.671,59.903,-45.121
-0.424,0.051,-0.958,10.315,-1.465,0.0,179.269,58.953,-45.346
-0.588,0.071,-0.855,5.737,-3.418,-11.475,179.714,59.106,-44.885
-0.462,0.071,-0.744,3.113,1.038,-3.052,-179.94,59.024,-44.445
-0.399,0.079,-0.639,3.113,-12.634,5.554,-179.989,59.233,-44.637
-0.478,0.082,-0.611,4.395,-19.592,5.92,179.813,60.04,-45.137
-0.562,0.101,-0.651,5.737,-8.362,6.042,179.709,60.688,-45.632
-0.495,0.06,-0.644,5.554,-5.92,5.066,179.703,60.936,-46.137
-0.53,0.115,-0.681,-3.479,-12.268,10.132,179.231,61.441,-46.824
-0.521,0.098,-0.662,-3.662,-22.705,-6.592,178.835,62.287,-47.131
-0.633,0.084,-0.703,-4.517,-28.748,-14.038,178.846,63.567,-46.686
-0.853,0.058,-0.797,-3.113,-26.428,-18.311,179.127,65.127,-45.873
-0.936,-0.005,-1.043,-1.038,-14.16,-18.982,179.868,65.781,-44.692
-1.004,0.056,-1.013,6.836,8.606,-8.301,-179.769,66.627,-44.05
-0.795,-0.064,-0.967,20.02,46.143,-17.334,-178.314,65.171,-43.116
-0.48,-0.112,-0.917,10.559,34.424,3.296,-177.155,63.007,-42.567
-0.494,-0.065,-0.826,-1.038,4.578,8.667,-177.231,62.111,-42.907
-0.487,-0.034,-0.703,-1.465,-0.366,-0.488,-177.369,61.941,-42.891
-0.506,-0.059,-0.639,0.305,-5.432,-12.939,-176.984,62.056,-42.138
-0.602,-0.093,-0.674,2.625,2.441,-23.743,-176.067,62.139,-40.726
-0.519,-0.173,-0.687,-0.732,19.165,-27.283,-174.814,61.375,-38.864
-0.438,-0.181,-0.665,-10.681,6.226,-25.879,-174.073,60.699,-37.09
-0.438,-0.187,-0.605,-19.409,-7.324,-25.391,-173.573,60.688,-35.074
-0.528,-0.115,-0.602,-26.855,-14.771,-15.32,-173.815,61.243,-33.574
-0.542,-0.068,-0.61,-20.996,1.099,-12.085,-174.205,61.54,-32.47
-0.463,-0.046,-0.67,-20.691,-2.075,-1.709,-174.803,61.436,-31.981
-0.616,0.041,-0.867,-10.986,13.367,-1.77,-175.457,61.397,-31.811
-0.621,0.106,-0.966,-10.62,1.404,3.662,-176.001,60.941,-31.877
-0.832,0.18,-1.067,2.502,12.634,-2.563,-176.462,60.82,-32.064
-0.771,0.105,-1.162,11.597,32.532,3.357,-176.127,59.639,-32.168
-0.451,0.107,-1.068,14.648,39.246,10.742,-176.056,57.64,-32.975
-0.448,0.018,-0.954,13.794,7.202,-6.714,-175.611,56.453,-33.195
-0.447,-0.016,-0.783,4.822,-1.831,-17.395,-174.908,56.234,-32.404
-0.477,-0.005,-0.686,-3.052,-11.169,-10.437,-174.523,56.464,-31.492
-0.5,0.058,-0.658,-8.85,-10.193,9.949,-174.99,57.003,-31.564
-0.501,0.121,-0.667,-3.235,-4.028,25.085,-176.061,57.382,-32.838
-0.542,0.156,-0.729,5.737,0.549,32.043,-177.166,57.557,-34.876
-0.407,0.116,-0.699,13.123,7.446,24.902,-177.764,57.316,-36.793
-0.275,0.057,-0.623,12.878,-13.611,18.311,-178.017,57.409,-38.243
-0.405,0.011,-0.598,3.418,-44.8,5.92,-178.237,59.035,-39.012
-0.806,0.031,-0.81,-3.906,-48.828,-1.343,-178.401,61.331,-39.012
-0.912,0.072,-0.928,-1.404,-5.676,1.892,-178.786,62.611,-39.249
-1.118,0.036,-1.343,3.418,-0.977,-11.047,-178.583,62.238,-39.04
-0.585,-0.101,-1.053,13.855,46.448,-23.254,-177.517,61.133,-37.958
-0.615,-0.121,-1.074,5.92,14.832,-8.484,-176.391,59.837,-36.771
-0.423,-0.108,-0.874,7.812,14.038,7.202,-175.984,58.887,-36.606
-0.444,-0.051,-0.748,3.784,-2.808,19.531,-176.067,58.629,-37.172
-0.495,-0.036,-0.688,5.249,-8.789,16.663,-176.418,58.843,-38.09
-0.6,-0.064,-0.712,9.521,-0.854,1.831,-176.303,59.134,-38.474
-0.602,-0.119,-0.731,10.559,10.559,-8.667,-175.556,58.936,-38.09
-0.553,-0.181,-0.767,7.202,17.334,-13.0,-174.584,58.217,-37.26
-0.507,-0.182,-0.793,2.136,18.25,-8.423,-173.903,57.393,-36.497
-0.453,-0.17,-0.787,-3.418,15.503,-1.831,-173.595,56.602,-36.008
-0.403,-0.085,-0.758,-8.911,16.663,10.681,-174.023,55.876,-36.2
-0.381,-0.063,-0.746,-11.902,1.831,6.775,-174.644,55.432,-36.486
-0.426,-0.05,-0.751,-14.648,0.305,1.465,-175.276,55.41,-36.442
-0.431,-0.049,-0.738,-16.785,-6.653,-4.883,-175.891,55.563,-36.101
-0.415,-0.052,-0.737,-18.616,-10.559,-4.639,-176.446,55.904,-35.541
-0.378,-0.011,-0.683,-18.066,-17.456,3.967,-177.303,56.585,-35.409
-0.562,0.067,-0.758,-13.611,-44.312,13.428,-178.281,57.969,-35.76
-0.795,0.085,-0.811,-6.714,-25.879,15.93,-179.275,59.941,-36.678
-0.713,0.169,-0.877,-12.695,-10.559,37.476,179.33,60.661,-38.32
-0.993,0.286,-1.075,3.113,9.644,40.161,177.264,60.985,-41.166
-0.44,0.122,-0.924,11.108,36.865,23.071,176.776,59.387,-42.935
-0.373,0.179,-0.907,0.916,-6.836,18.005,176.226,58.403,-44.231
-0.59,0.141,-0.859,10.498,-2.686,-8.057,176.226,58.716,-44.572
-0.609,0.059,-0.859,13.367,5.493,-21.301,177.248,58.618,-43.693
-0.586,-0.003,-0.839,3.723,7.812,-18.25,178.44,58.304,-42.363
-0.58,0.041,-0.818,-6.775,8.545,-6.226,178.577,57.98,-41.781
-0.528,0.077,-0.792,-11.047,8.24,-8.728,178.358,57.59,-41.287
-0.463,0.089,-0.745,-10.254,7.263,-6.836,178.105,57.255,-40.765
-0.438,0.125,-0.71,-8.24,-2.014,-1.038,177.704,57.184,-40.605
-0.498,0.157,-0.728,-2.808,-2.808,2.625,177.308,57.327,-40.82
-0.428,0.141,-0.674,3.235,-7.568,0.183,177.188,57.53,-41.111
-0.493,0.108,-0.687,5.371,-13.428,-6.409,177.336,58.167,-41.188
-0.485,0.084,-0.7,5.737,-11.353,-10.62,177.797,58.788,-40.836
-0.503,0.057,-0.763,7.751,-23.621,-5.92,178.281,59.54,-40.562
-0.733,0.087,-0.804,11.719,-23.621,0.671,178.544,60.98,-40.765
-0.933,-0.029,-1.115,17.456,-31.311,-9.46,179.588,61.848,-40.545
-0.98,0.046,-1.1,26.306,15.625,1.465,-179.736,62.908,-40.732
-0.654,-0.191,-1.027,30.579,34.546,-14.526,-177.638,61.556,-40.122
-0.465,-0.104,-0.948,6.653,11.047,29.358,-176.935,60.287,-40.496
-0.539,-0.034,-0.788,1.465,-8.24,32.593,-177.885,60.364,-42.495
-0.544,0.078,-0.739,0.549,-1.77,23.743,-178.802,60.491,-44.099
-0.539,0.021,-0.693,13.123,0.427,5.981,-178.929,60.54,-44.984
-0.499,-0.039,-0.674,14.343,3.479,-0.671,-178.198,60.342,-45.022
-0.415,-0.117,-0.666,16.296,12.756,-2.991,-177.275,59.886,-44.89
-0.402,-0.163,-0.653,2.38,-6.897,-2.747,-176.611,59.771,-44.615
-0.485,-0.155,-0.631,-5.676,-8.85,-14.404,-176.199,60.194,-43.846
-0.486,-0.123,-0.584,-16.052,-11.169,-11.841,-175.99,60.656,-42.748
-0.41,-0.072,-0.565,-16.846,-7.019,-4.028,-176.27,61.068,-42.127
-0.623,0.032,-0.726,-18.188,-19.47,8.789,-177.083,61.754,-42.237
-0.842,0.096,-0.963,-0.61,10.559,7.019,-177.748,61.968,-42.819
-0.642,0.136,-1.255,1.526,12.939,25.146,-178.231,60.54,-43.973
-0.802,0.075,-1.18,14.709,15.198,7.263,-178.649,60.557,-45.28
-0.532,0.067,-1.025,1.404,6.775,4.15,-178.462,59.705,-45.665
-0.637,0.004,-0.921,0.0,-7.141,-10.925,-178.462,59.711,-45.731
-0.586,0.016,-0.785,-9.644,-2.869,-13.489,-178.242,59.919,-44.984
-0.636,0.028,-0.76,-11.902,-1.221,-7.446,-178.467,60.013,-44.544
-0.544,0.108,-0.705,-13.123,5.676,5.676,-179.105,59.925,-44.643
-0.48,0.133,-0.67,-5.493,4.089,13.367,179.962,59.656,-45.56
-0.452,0.147,-0.633,-0.244,-2.014,15.137,179.231,59.634,-46.714
-0.441,0.152,-0.641,6.653,0.549,16.602,178.654,59.628,-48.076
-0.44,0.124,-0.635,7.08,-8.789,14.16,178.292,59.81,-49.389
-0.487,0.086,-0.633,4.761,-13.733,4.089,178.055,60.37,-50.345
-0.501,0.059,-0.659,-0.061,-10.071,-8.179,178.066,60.991,-50.537
-0.682,0.04,-0.816,-6.287,-14.038,-15.991,178.325,61.628,-49.944
-0.736,0.057,-0.904,-8.911,-4.395,-12.512,178.303,62.106,-49.411
-0.7,-0.007,-1.048,-7.019,8.423,-23.071,178.665,61.979,-48.384
-0.765,0.083,-1.068,0.122,31.006,-6.897,178.857,61.941,-47.598
-0.74,0.016,-1.13,12.329,27.039,-3.967,179.583,60.502,-47.247
-0.487,-0.0,-0.982,17.883,26.611,13.245,-179.841,59.062,-47.653
-0.411,-0.032,-0.826,12.878,-10.803,23.987,-179.594,58.464,-48.812
-0.547,-0.022,-0.692,10.376,-21.362,15.442,-179.769,59.31,-50.169
-0.608,-0.034,-0.627,7.629,-12.451,3.662,-179.544,60.145,-50.735
-0.523,-0.08,-0.61,6.958,5.493,-4.517,-179.083,60.342,-50.779
-0.371,-0.123,-0.542,2.441,6.714,-14.893,-178.303,60.018,-50.131
-0.592,-0.101,-0.691,-6.287,-2.808,-13.489,-177.704,60.128,-49.186
-0.458,-0.146,-0.687,-2.991,19.043,-18.799,-177.072,59.59,-48.115
-0.392,-0.133,-0.677,-10.315,-0.366,-10.925,-176.682,59.315,-47.12
-0.439,-0.069,-0.668,-13.428,-13.916,0.61,-176.907,59.755,-46.769
-0.77,0.052,-0.837,-12.756,-23.01,8.362,-177.627,60.787,-47.12
-0.729,0.071,-0.892,-2.38,3.845,2.625,-178.006,61.188,-47.543
-0.954,0.222,-1.077,-3.845,2.014,18.616,-178.737,61.084,-48.576
-0.738,0.158,-1.062,12.39,43.884,10.071,-178.934,59.733,-49.735
-0.458,0.187,-1.099,7.507,41.626,18.188,-179.138,57.552,-50.988
-0.337,0.068,-0.912,6.653,11.047,-8.911,-178.995,56.288,-51.531
-0.36,0.042,-0.752,-3.784,-13.123,-17.151,-178.676,56.212,-50.977
-0.51,0.069,-0.7,-7.385,-11.841,-13.062,-178.638,56.92,-50.323
-0.381,0.114,-0.635,-2.686,4.578,1.953,-178.879,56.937,-50.312
-0.4,0.129,-0.679,5.188,2.991,15.93,-179.275,56.667,-51.213
-0.336,0.144,-0.656,8.484,-6.165,29.846,-179.852,56.552,-52.96
-0.463,0.157,-0.679,14.832,-19.714,30.151,179.456,57.118,-55.261
-0.493,0.104,-0.691,18.188,-13.367,22.156,179.209,57.909,-57.25
-0.589,0.107,-0.883,19.531,-16.602,21.729,179.176,58.354,-58.947
-0.726,0.052,-1.064,23.926,-5.92,21.79,179.297,58.843,-60.639
-0.882,-0.012,-1.183,28.992,3.418,18.372,179.923,58.942,-61.974
-0.59,-0.145,-1.087,36.865,26.917,8.972,-178.797,58.035,-62.814
-0.547,-0.18,-0.983,23.315,-11.292,21.729,-177.682,57.689,-63.627
-0.638,-0.151,-0.796,14.648,-21.606,23.132,-177.501,58.711,-64.995
-0.692,-0.09,-0.761,6.104,-4.028,27.405,-177.583,59.315,-66.193
-0.524,-0.032,-0.673,4.7,7.446,42.847,-178.5,59.106,-68.395
-0.515,-0.023,-0.702,9.277,6.165,30.823,-179.209,58.854,-70.45
-0.563,-0.022,-0.72,8.057,-2.38,27.527,-179.555,58.793,-72.026
-0.597,-0.051,-0.769,12.695,7.874,16.602,-179.665,58.771,-73.257
-0.422,-0.103,-0.682,9.277,5.554,8.362,-179.313,58.359,-73.839
-0.538,-0.104,-0.63,-0.671,-17.7,1.587,-179.105,58.914,-74.026
-0.405,-0.09,-0.537,-6.897,-6.165,6.104,-179.077,59.453,-74.004
-0.531,0.026,-0.676,-14.16,-9.399,26.184,-179.956,60.013,-74.855
-0.381,0.086,-0.688,0.488,7.69,35.278,178.737,59.81,-76.652
-0.551,0.108,-0.85,10.437,-13.062,37.903,177.83,59.903,-78.75
-0.651,0.19,-0.975,28.198,-4.822,59.265,177.012,60.084,-81.65
-0.861,0.016,-0.954,30.09,-8.118,61.89,176.32,60.502,-85.457
-0.989,0.207,-1.233,12.634,24.841,71.045,174.864,59.474,-89.368
-0.509,0.108,-1.137,29.785,47.607,48.523,174.446,56.816,-92.313
-0.407,0.103,-0.985,25.146,7.996,56.396,174.375,55.36,-94.966
-0.42,0.085,-0.778,32.349,-12.573,62.256,174.139,55.08,-98.366
-0.545,0.106,-0.693,36.072,-19.592,72.327,173.831,55.492,-102.343
-0.503,0.084,-0.63,38.269,-11.292,73.792,173.54,55.58,-106.622
-0.516,0.12,-0.652,36.499,-0.916,70.618,173.221,55.448,-110.753
-0.512,0.137,-0.782,39.124,10.01,65.857,173.145,54.75,-114.505
-0.41,0.124,-0.817,42.114,19.287,62.134,173.507,53.586,-117.861
-0.384,0.167,-0.902,41.382,4.944,72.815,173.848,52.487,-121.399
-0.399,0.178,-0.978,47.913,-7.935,80.994,173.985,51.932,-125.728
-0.712,0.206,-1.021,48.645,-26.489,81.116,174.106,52.438,-130.485
-0.563,0.061,-0.971,46.814,-14.832,63.782,174.628,52.718,-134.615
-0.574,0.083,-0.958,40.344,-7.812,58.533,175.029,53.047,-138.049
-0.343,0.023,-0.773,44.128,-4.15,49.988,175.671,52.905,-141.004
-0.46,0.004,-0.706,45.593,-28.87,57.19,176.512,53.492,-143.893
-0.63,0.0,-0.719,55.176,-15.564,84.106,177.001,54.399,-147.964
-0.661,0.016,-0.792,69.58,9.46,102.356,177.451,54.08,-153.182
-0.527,-0.085,-0.832,79.407,34.668,104.98,178.511,52.597,-158.626
-0.296,-0.181,-0.827,71.411,21.729,91.064,179.995,50.993,-163.542
-0.374,-0.199,-0.795,49.622,-6.042,72.937,-178.819,50.773,-167.569
-0.531,-0.143,-0.791,40.344,-4.944,56.763,-177.995,51.202,-170.711
-0.478,-0.15,-0.791,39.551,4.456,54.443,-177.078,51.229,-173.293
-0.41,-0.216,-0.783,38.879,1.038,57.678,-176.221,51.191,-176.111
-0.592,-0.167,-0.865,21.851,-8.057,59.814,-175.891,51.619,-179.088
-0.616,-0.188,-0.91,20.752,4.822,36.133,-175.913,51.96,178.374
-0.435,-0.274,-0.922,7.935,11.536,13.123,-175.408,51.586,177.429
-0.522,-0.157,-0.955,-13.794,-11.23,15.442,-175.671,51.729,176.748
-0.429,-0.112,-0.858,-16.663,3.113,5.737,-176.254,51.965,176.336
-0.319,-0.02,-0.815,-20.935,12.451,13.794,-177.292,51.581,175.66
-0.312,0.03,-0.838,-22.278,3.174,15.686,-178.456,51.021,174.743
-0.531,0.176,-0.945,-16.846,6.47,30.029,-180.0,50.856,173.205
-0.402,0.186,-0.951,2.258,30.64,37.476,178.951,49.603,171.189
-0.269,0.166,-0.907,12.573,16.907,37.048,178.506,48.241,169.025
-0.298,0.137,-0.872,21.057,-2.136,36.865,178.484,47.796,166.772
-0.415,0.098,-0.85,22.583,-10.132,38.452,178.671,48.01,164.438
-0.439,0.107,-0.835,21.118,-2.625,45.776,178.671,48.175,161.878
-0.338,0.112,-0.814,17.456,-3.845,52.063,178.445,48.104,159.022
-0.431,0.172,-0.877,16.724,-17.7,54.443,177.935,48.538,155.83
-0.479,0.171,-0.948,25.085,-3.479,47.546,177.687,48.928,152.82
-0.48,0.141,-1.032,26.367,-6.958,55.115,177.792,48.9,149.903
-0.385,0.085,-1.0,28.564,-12.451,54.81,177.742,49.043,146.47
-0.463,0.009,-0.992,34.546,-10.925,35.767,178.143,49.488,143.514
-0.267,-0.103,-0.768,31.86,-10.864,26.978,179.099,49.785,141.334
-0.377,-0.169,-0.691,17.883,-39.246,31.372,179.786,50.806,139.07
-0.637,-0.114,-0.892,14.526,-17.029,37.842,179.72,52.3,136.203
-0.552,-0.13,-0.947,17.761,17.09,31.982,179.912,52.108,133.456
-0.294,-0.109,-0.887,11.353,21.301,33.813,-179.874,50.878,130.814
-0.274,-0.056,-0.844,4.639,-7.629,23.193,-179.962,50.405,128.254
-0.446,-0.014,-0.837,6.897,-11.353,10.437,-179.874,50.878,126.475
-0.492,-0.044,-0.88,10.62,-6.47,6.287,-179.44,51.152,125.118
-0.439,-0.111,-0.872,9.399,-2.502,0.793,-178.824,51.29,124.047
-0.541,-0.092,-0.853,6.836,-2.014,-4.761,-178.292,51.581,123.212
-0.381,-0.158,-0.792,2.014,3.906,-5.798,-177.643,51.328,122.624
-0.402,-0.127,-0.768,-9.033,-1.465,1.404,-177.654,51.35,121.646
-0.387,-0.119,-0.759,-13.245,-4.028,-3.418,-177.918,51.416,120.729
-0.426,-0.102,-0.75,-14.343,-3.235,-13.855,-178.143,51.603,120.251
-0.324,-0.147,-0.688,-22.949,-13.855,-21.912,-178.226,51.861,120.421
-0.353,-0.092,-0.594,-31.86,-26.184,-18.677,-178.808,52.861,120.558
-0.474,-0.01,-0.651,-37.781,-42.175,-13.184,-179.786,54.355,120.52
-0.881,0.147,-0.915,-29.175,-28.503,-5.798,178.857,56.47,120.185
-0.584,0.137,-0.839,-8.789,10.437,-1.465,178.088,57.057,119.971
-0.843,0.192,-1.062,1.038,10.559,12.268,177.825,56.75,119.515
-0.57,0.162,-1.127,0.366,45.654,31.25,177.363,55.212,118.202
-0.257,0.292,-1.102,-10.193,27.832,31.189,176.105,52.998,116.208
-0.426,0.282,-1.013,-7.141,-13.733,0.427,175.199,52.701,115.225
-0.552,0.223,-0.911,-7.996,-10.254,-9.033,174.776,53.328,115.252
-0.453,0.235,-0.81,-11.475,-8.789,1.404,174.216,53.657,115.285
-0.428,0.291,-0.729,-6.775,-11.414,14.221,173.199,54.08,114.472
-0.425,0.284,-0.681,2.625,-13.55,10.376,172.507,54.553,113.61
-0.372,0.241,-0.625,8.667,-11.658,9.094,172.266,54.981,112.967
-0.439,0.256,-0.617,8.24,-26.245,13.367,171.936,55.854,112.072
-0.55,0.231,-0.654,11.475,-26.001,5.127,171.749,57.03,111.281
-0.618,0.234,-0.727,12.146,-8.972,-7.141,171.892,58.074,111.121
-0.445,0.153,-0.718,14.526,-1.526,-20.508,172.787,58.387,111.929
-0.425,0.111,-0.758,12.512,-26.306,-26.611,174.029,59.161,113.132
-0.767,0.105,-0.899,9.094,-36.011,-20.081,175.089,60.908,114.027
-0.67,0.007,-0.748,4.944,-22.4,-23.987,175.979,62.501,114.703
-0.845,-0.015,-0.881,-8.606,-25.635,-28.87,177.023,63.644,115.994
-0.948,0.058,-0.912,-3.723,-0.977,-21.973,177.506,64.622,116.922
-0.919,-0.003,-0.951,3.113,31.128,-25.818,178.72,64.149,118.235
-0.569,-0.016,-0.903,3.845,39.551,-6.47,179.703,62.347,118.932
-0.428,-0.005,-0.83,0.977,20.935,-2.38,-179.912,60.919,118.691
-0.478,0.048,-0.784,2.563,6.836,2.686,-179.83,60.337,118.12
-0.47,-0.011,-0.727,4.395,4.211,-2.93,-179.599,60.018,117.559
-0.594,-0.002,-0.762,4.211,0.0,-9.949,-179.127,59.93,117.455
-0.521,-0.086,-0.747,8.789,15.808,-16.418,-178.215,59.48,117.74
-0.577,-0.098,-0.769,3.601,-1.892,-15.015,-177.341,59.271,118.032
-0.606,-0.149,-0.771,4.883,13.55,-12.573,-176.457,58.98,118.191
-0.479,-0.122,-0.741,-1.16,15.076,6.47,-176.144,58.156,117.482
-0.483,-0.076,-0.679,-7.446,9.46,12.878,-176.6,57.634,115.9
-0.673,-0.071,-0.586,-13.916,28.198,6.104,-177.188,56.926,114.549
-0.424,-0.051,-0.632,-27.527,39.246,-8.972,-177.94,55.179,113.829
-0.241,0.019,-0.724,-25.513,25.818,-12.817,-178.709,53.613,113.906
-0.353,0.063,-0.828,-16.968,-23.132,-7.507,-179.357,53.465,113.989
-0.823,0.091,-0.892,-0.183,-11.047,-1.465,-179.648,54.69,113.912
-0.308,0.019,-0.841,-3.601,41.077,25.94,-179.791,53.652,113.373
-0.621,0.256,-1.097,-4.456,12.512,49.133,178.665,52.592,110.978
-0.368,0.27,-1.258,7.08,52.49,48.828,177.572,50.537,108.534
-0.017,0.243,-1.145,8.362,-1.099,23.376,177.05,48.955,106.76
-0.532,0.185,-1.064,2.136,-44.067,-5.737,176.918,50.444,106.282
-0.756,0.137,-1.001,1.404,-12.634,-26.55,177.308,51.707,107.265
-0.535,0.147,-0.869,-2.686,7.08,-19.897,177.748,51.663,108.765
-0.427,0.138,-0.781,-0.977,-11.719,-5.371,177.77,51.877,109.517
-0.425,0.133,-0.669,0.488,-17.334,0.244,177.627,52.723,109.753
-0.394,0.157,-0.597,1.465,-18.372,8.972,177.319,53.613,109.589
-0.389,0.128,-0.554,6.165,-12.146,4.944,177.111,54.355,109.407
-0.481,0.167,-0.602,1.892,-4.211,6.531,176.891,54.767,109.413
-0.385,0.123,-0.617,3.418,2.502,2.563,176.66,54.75,109.512
-0.412,0.104,-0.685,-0.61,-9.094,-6.042,176.594,55.025,109.946
-0.733,0.143,-0.918,-4.7,-14.526,-1.465,176.429,55.723,110.341
-0.666,0.041,-1.066,1.221,9.521,-18.25,176.479,55.871,110.962
-0.95,0.057,-1.239,-9.521,-3.723,-23.743,177.1,55.728,112.352
-0.482,-0.028,-1.135,5.432,49.927,-22.766,177.731,54.448,113.45
-0.215,-0.062,-0.96,-7.141,21.912,-7.385,178.456,52.679,114.175
-0.328,0.092,-0.804,-15.625,-9.46,23.071,177.61,52.3,112.934
-0.571,0.157,-0.822,-3.54,0.427,15.442,176.611,52.509,111.226
-0.406,0.078,-0.865,9.583,17.334,2.93,176.786,51.702,110.638
-0.403,-0.005,-0.902,10.071,9.216,7.202,177.231,51.125,109.984
-0.338,-0.021,-0.838,7.935,5.066,11.047,177.517,50.641,108.825
-0.435,0.003,-0.808,8.85,-2.38,8.484,177.742,50.565,107.446
-0.34,-0.077,-0.75,11.658,7.812,-5.737,178.456,50.257,106.578
-0.521,-0.059,-0.802,5.676,10.315,-11.78,179.198,49.993,106.04
-0.251,-0.159,-0.699,7.446,32.898,-25.879,-179.72,48.73,105.947
-0.393,-0.11,-0.769,-17.151,1.282,-6.287,-179.357,47.994,105.65
-0.208,-0.089,-0.719,-13.062,16.479,-9.338,-179.731,47.346,104.645
-0.087,-0.068,-0.661,-22.339,-15.686,-12.085,179.94,47.12,104.2
-0.372,0.043,-0.798,-25.635,-34.18,-7.324,179.072,48.29,103.733
-0.553,0.146,-1.015,-24.109,-27.344,-9.949,178.165,49.856,103.672
-0.349,0.293,-1.182,-23.987,-15.747,-0.732,177.204,50.455,104.178
-0.666,0.324,-1.126,5.371,-22.339,-6.226,176.424,51.844,104.595
-0.628,0.173,-1.189,2.93,0.305,-7.141,176.946,52.185,106.029
-0.49,0.227,-1.154,-0.61,23.865,11.292,176.737,51.438,106.842
-0.375,0.229,-1.036,-1.526,-7.385,8.667,176.281,50.85,107.117
-0.601,0.25,-0.976,0.977,-10.315,7.019,175.963,51.367,107.573
-0.471,0.299,-0.85,7.69,-4.517,21.912,175.583,51.422,107.732
-0.432,0.25,-0.714,20.752,-9.277,27.344,175.463,51.542,107.38
-0.428,0.185,-0.626,24.231,-4.883,25.391,175.644,51.724,107.04
-0.393,0.142,-0.622,19.958,-6.775,19.47,175.919,51.806,107.122
-0.376,0.136,-0.61,14.16,-2.625,21.423,175.93,51.872,107.238
-0.455,0.162,-0.683,11.108,-0.977,25.513,175.666,51.91,107.188
-0.386,0.161,-0.707,12.024,8.85,18.982,175.419,51.603,107.205
-0.265,0.161,-0.704,9.46,-0.916,17.09,175.32,51.235,107.391
-0.663,0.198,-0.936,9.155,-22.644,17.09,175.056,51.943,107.161
-0.563,0.028,-0.973,17.029,2.869,-4.15,175.452,52.256,107.699
-1.052,0.096,-1.232,15.076,-0.488,-0.061,176.199,52.603,108.55
-0.424,-0.131,-1.135,32.837,62.378,-18.616,177.913,50.674,110.132
-0.061,-0.167,-0.919,9.521,28.442,0.61,179.533,48.455,110.402
-0.178,-0.011,-0.73,-10.925,-26.184,18.677,179.28,48.224,108.743
-0.527,0.101,-0.76,-10.437,-28.687,8.667,178.445,49.625,107.045
-0.53,0.047,-0.826,10.193,14.648,-17.151,178.709,49.834,106.842
-0.424,-0.116,-0.949,13.733,16.052,-40.039,-179.687,49.076,108.094
-0.368,-0.168,-0.875,2.991,-2.563,-31.25,-178.319,48.878,108.842
-0.446,-0.077,-0.854,-4.089,-7.629,-9.583,-177.819,49.131,108.309
-0.484,-0.014,-0.868,1.16,1.648,0.061,-177.682,49.224,106.897
-0.471,-0.025,-0.906,6.165,2.625,-2.625,-177.314,49.131,105.716
-0.45,-0.076,-0.895,2.563,0.427,-10.315,-176.825,49.065,105.156
-0.434,-0.148,-0.789,-5.005,-6.775,-34.241,-176.243,49.296,105.309
-0.457,-0.15,-0.731,-15.869,-11.475,-42.053,-175.66,49.675,105.826
-0.375,-0.123,-0.611,-18.066,-14.099,-42.847,-175.309,50.235,105.749
-0.158,-0.119,-0.407,-18.005,-25.452,-53.65,-174.798,50.905,105.826
-0.216,-0.161,-0.467,-24.658,-54.993,-56.519,-174.073,52.597,107.172
-0.796,-0.055,-0.828,-35.034,-50.049,-31.067,-174.073,55.14,107.842
-0.759,0.037,-0.896,-12.573,9.399,-11.353,-174.732,56.245,111.616
-0.625,0.133,-1.127,-20.508,11.902,40.894,-176.1,55.481,113.417
-0.813,0.229,-1.21,9.399,28.931,36.438,-178.028,55.201,113.022
-0.502,0.246,-1.223,12.634,41.077,28.992,-178.55,53.135,113.302
-0.469,0.107,-1.177,22.4,9.399,12.024,-178.193,51.784,113.956
-0.495,0.058,-1.007,15.259,-11.414,3.723,-177.704,51.888,115.038
-0.701,0.0,-0.933,6.592,-21.301,0.061,-177.264,52.817,116.587
-0.546,0.057,-0.8,2.197,20.02,4.822,-177.391,52.685,118.229
-0.282,0.056,-0.658,2.441,5.615,7.751,-177.556,51.976,119.806
-0.32,0.112,-0.637,4.333,2.075,18.372,-177.968,51.938,120.712
-0.247,0.106,-0.627,13.489,3.174,19.47,-178.094,51.641,121.262
-0.209,0.092,-0.537,16.174,-27.161,33.203,-178.22,52.048,121.064
-0.393,0.069,-0.577,14.221,-44.495,30.762,-178.539,53.833,120.454
-0.759,0.07,-0.864,14.771,-44.8,24.536,-178.846,55.844,120.24
-0.627,-0.083,-0.843,21.545,-15.564,1.648,-178.517,57.415,121.262
-1.271,-0.137,-1.543,16.357,-29.053,-15.747,-177.259,57.997,123.728
-0.696,-0.213,-1.175,22.583,77.576,-11.536,-175.924,57.178,126.865
-0.3,-0.276,-1.182,0.793,27.344,0.0,-174.968,54.47,129.139
-0.441,-0.031,-0.947,-17.456,-10.62,16.479,-175.666,54.196,129.056
-0.525,0.048,-0.78,-10.559,-25.452,1.953,-176.506,55.184,129.232
-0.59,-0.01,-0.729,0.732,-17.7,-16.174,-176.281,56.234,131.144
-0.609,-0.093,-0.691,8.85,-2.869,-26.123,-175.276,56.739,134.33
-0.554,-0.181,-0.689,8.728,6.836,-19.409,-174.089,56.591,137.851
-0.48,-0.204,-0.697,3.784,14.16,-3.357,-173.502,56.118,140.806
-0.496,-0.175,-0.76,0.305,19.653,3.662,-173.491,55.497,143.251
-0.32,-0.161,-0.684,-0.488,16.663,3.479,-173.578,54.75,145.547
-0.377,-0.188,-0.671,-8.667,-13.855,-0.977,-173.622,54.827,147.87
-0.432,-0.162,-0.572,-11.78,2.38,-6.958,-173.842,55.673,150.809
-0.297,-0.091,-0.545,-25.024,-1.77,15.198,-174.578,55.701,153.413
-0.331,0.104,-0.613,-22.949,-11.963,35.461,-176.479,56.212,153.798
-0.635,0.164,-0.849,-1.953,-20.813,27.893,-178.138,57.217,152.902
-0.795,0.151,-1.008,12.817,14.954,23.743,-178.665,57.601,152.693
-0.872,0.13,-1.313,22.156,36.682,18.738,-178.643,56.168,152.523
-0.481,0.053,-1.316,10.803,45.105,11.597,-178.237,53.844,152.864
-0.337,0.105,-1.148,5.737,5.432,2.747,-178.242,52.454,153.018
-0.452,0.034,-0.912,5.066,-21.057,-11.414,-177.896,52.883,153.649
-0.477,0.003,-0.729,3.723,-15.808,-17.7,-177.336,53.69,154.979
-0.431,0.011,-0.649,0.732,-6.348,-8.972,-176.935,54.13,156.396
-0.307,0.039,-0.56,1.831,-0.671,7.019,-176.962,54.223,157.137
-0.335,0.106,-0.589,3.235,-14.221,25.574,-177.451,54.586,156.819
-0.414,0.14,-0.61,14.282,-13.428,39.49,-178.209,55.212,155.429
-0.497,0.123,-0.702,20.508,-13.794,33.936,-178.616,55.893,154.028
-0.493,0.037,-0.805,23.438,-10.376,18.921,-178.5,56.316,153.276
-0.823,-0.054,-1.042,13.062,-13.062,5.127,-178.017,57.107,153.572
-0.563,-0.133,-0.989,11.963,13.855,-11.414,-177.44,57.107,154.748
-0.908,-0.126,-1.085,0.916,4.578,-10.681,-176.797,57.266,156.445
-0.4,-0.172,-0.838,1.892,32.959,-3.357,-176.314,55.937,158.033
-0.295,-0.083,-0.76,-8.789,-2.38,16.968,-176.611,55.256,158.329
-0.678,0.004,-0.876,-6.165,-9.094,18.677,-177.391,55.745,157.555
-0.583,0.011,-0.904,5.493,28.32,17.212,-177.913,55.289,157.275
-0.384,-0.102,-0.866,10.559,16.907,2.625,-177.687,54.108,157.516
-0.435,-0.139,-0.792,-1.648,-6.775,-3.418,-177.27,53.915,158.066
-0.44,-0.112,-0.685,-6.897,-8.301,-5.432,-177.182,54.3,158.736
-0.545,-0.093,-0.694,-8.24,-7.751,-5.615,-177.209,54.772,159.719
-0.541,-0.108,-0.699,-6.348,3.479,-10.071,-177.133,54.943,161.505
-0.524,-0.12,-0.727,-8.545,10.681,-5.066,-177.127,54.822,163.619
-0.413,-0.064,-0.699,-11.902,3.784,7.69,-177.66,54.553,164.954
-0.569,-0.025,-0.794,-7.996,10.376,8.24,-178.242,54.531,165.789
-0.432,-0.026,-0.854,-5.92,18.311,13.733,-178.737,53.773,166.322
-0.304,-0.034,-0.906,-0.977,14.343,5.554,-179.061,52.982,166.349
-0.243,-0.085,-0.832,-10.193,-23.254,-1.648,-179.11,53.02,166.102
-0.707,0.035,-0.83,-20.386,-55.237,-6.653,-179.852,55.377,165.58
-0.691,0.191,-0.896,-15.076,-9.827,11.108,179.247,56.86,165.844
-0.905,0.26,-1.058,-3.54,10.254,25.146,178.017,57.222,165.295
-0.633,0.234,-1.141,11.658,69.519,19.531,177.556,55.047,164.916
-0.204,0.143,-1.137,19.104,48.706,5.188,177.968,51.828,164.866
-0.183,0.022,-0.974,-0.366,-5.432,-11.536,178.517,50.702,164.987
-0.396,0.071,-0.803,-13.794,-36.255,-20.386,178.412,51.806,165.432
-0.431,0.124,-0.649,-15.625,-30.579,-3.601,177.863,53.388,165.718
-0.465,0.192,-0.629,-11.841,-32.288,18.921,176.759,54.794,165.031
-0.519,0.235,-0.604,-2.38,-19.836,33.02,175.397,55.915,163.515
-0.593,0.257,-0.685,8.423,-9.399,34.424,174.205,56.332,161.746
-0.475,0.205,-0.673,16.479,14.771,27.771,173.787,55.915,160.604
-0.284,0.166,-0.657,19.531,1.831,31.433,173.661,55.217,159.439
-0.4,0.175,-0.738,19.714,-28.076,33.508,173.342,55.728,157.495
-0.86,0.148,-0.974,24.719,-25.391,23.987,173.298,57.074,155.748
-0.685,0.06,-0.976,27.1,16.418,11.963,174.007,56.931,155.253
-0.599,0.009,-1.05,20.386,-6.531,12.817,174.908,56.525,155.045
-0.799,0.019,-1.118,28.32,40.1,11.658,175.594,56.415,154.616
-0.262,-0.048,-0.988,26.55,47.729,21.851,176.869,53.817,154.363
-0.13,-0.057,-0.806,12.451,-10.742,32.043,177.237,52.619,152.166
-0.465,0.007,-0.758,0.488,-44.556,21.423,176.83,53.954,149.409
-0.723,0.078,-0.753,3.418,-16.235,21.24,176.27,55.415,147.195
-0.551,-0.002,-0.726,13.672,13.855,7.202,176.451,55.344,146.431
-0.507,-0.01,-0.761,5.798,8.728,10.559,176.94,54.767,146.42
-0.409,-0.034,-0.692,10.071,11.841,10.254,177.171,54.399,145.942
-0.323,-0.045,-0.626,0.122,-11.414,20.691,177.237,54.294,144.646
-0.49,0.044,-0.663,-3.967,-14.526,29.358,176.413,55.042,142.169
-0.524,0.104,-0.699,-1.526,-6.165,33.997,175.446,55.349,139.999
-0.565,0.099,-0.824,4.089,-5.249,30.884,174.661,55.475,138.126
-0.584,0.105,-0.891,4.578,-1.587,34.668,174.012,55.541,136.225
-0.557,0.191,-0.955,0.671,-7.446,52.185,172.782,55.569,133.341
-0.795,0.306,-1.16,2.563,-1.709,61.279,171.255,55.228,129.705
-0.585,0.319,-1.187,22.949,27.649,47.241,170.431,53.937,126.552
-0.346,0.182,-0.935,18.188,-19.409,37.292,170.585,53.163,124.118
-0.584,0.176,-0.79,11.78,-29.053,37.231,170.085,54.135,121.102
-0.486,0.192,-0.641,14.526,-10.559,41.504,169.503,54.58,118.147
-0.568,0.221,-0.652,24.902,-10.498,52.917,169.058,54.641,114.972
-0.555,0.225,-0.693,37.781,7.446,62.744,168.97,54.146,111.55
-0.469,0.219,-0.74,41.504,4.272,65.918,169.178,53.24,107.776
-0.49,0.224,-0.824,39.307,10.559,66.04,169.442,52.383,103.601
-0.438,0.228,-0.9,38.757,10.01,53.833,169.821,51.295,99.547
-0.356,0.147,-0.921,35.583,5.981,44.922,170.623,50.477,96.158
-0.444,0.211,-1.046,27.222,-9.705,69.641,170.706,49.993,91.912
-0.581,0.231,-1.034,33.02,-22.522,77.332,170.332,50.076,86.501
-0.575,0.126,-0.967,48.889,-2.441,72.449,170.607,49.944,80.986
-0.324,-0.018,-0.785,54.138,-1.282,69.458,171.738,49.219,75.729
-0.366,-0.086,-0.76,46.997,-27.893,79.956,172.7,49.329,70.06
-0.578,0.014,-0.855,49.072,-13.367,83.435,173.15,49.785,63.732
-0.505,-0.105,-0.889,51.941,7.324,72.998,174.386,49.12,58.134
-0.378,-0.099,-0.868,43.335,8.301,81.238,175.336,48.131,52.52
-0.397,-0.049,-0.822,36.865,-13.855,89.172,175.776,47.747,46.527
-0.507,0.006,-0.791,38.574,-14.771,88.257,176.017,48.021,40.408
-0.527,-0.007,-0.759,40.1,-10.254,81.726,176.391,48.203,34.409
-0.502,-0.102,-0.776,40.649,0.122,63.232,177.111,48.252,29.141
-0.413,-0.185,-0.767,26.611,-2.502,56.213,177.935,48.06,24.791
-0.617,-0.093,-0.914,7.812,-5.981,57.861,177.885,48.246,20.616
-0.528,-0.062,-0.92,5.066,8.545,44.006,177.512,48.065,16.793
-0.558,0.079,-1.018,-12.39,-9.644,39.246,176.841,47.895,13.667
-0.479,0.366,-1.107,8.362,2.869,15.869,176.094,48.159,11.085
-0.12,0.176,-0.877,49.561,5.005,29.236,177.424,47.785,9.086
-0.177,-0.07,-0.838,31.616,-21.545,56.396,178.445,48.027,5.779
-0.415,0.047,-0.908,-0.061,-18.799,40.527,177.841,48.829,2.543
-0.493,0.148,-0.983,-0.122,9.827,21.851,177.105,48.702,0.423
-0.264,0.114,-0.919,7.751,25.574,14.465,177.045,47.477,-0.967
-0.178,0.127,-0.87,13.306,1.831,31.799,177.105,46.631,-2.692
-0.306,0.094,-0.816,18.25,-13.55,36.804,177.138,46.752,-5.109
-0.403,0.117,-0.809,16.113,-18.616,37.903,177.116,47.329,-7.679
-0.512,0.156,-0.854,16.785,-7.874,43.091,176.924,47.862,-10.591
-0.46,0.172,-0.866,17.273,-4.15,49.927,176.743,47.933,-13.804
-0.456,0.201,-0.905,24.231,-0.183,55.786,176.49,47.889,-17.507
-0.362,0.164,-0.927,31.128,0.61,54.688,176.578,47.659,-21.22
-0.453,0.152,-0.995,25.635,-18.433,62.256,176.693,47.796,-24.939
-0.505,0.128,-0.989,28.992,-20.569,59.753,176.473,48.466,-29.015
-0.553,0.104,-1.01,37.476,-0.244,63.538,176.583,48.873,-32.866
-0.235,-0.034,-0.849,49.805,10.986,67.444,177.341,48.12,-36.81
-0.216,-0.147,-0.761,37.292,-24.902,66.284,178.16,48.109,-40.562
-0.623,-0.098,-0.895,31.677,-16.479,51.941,178.533,49.274,-43.753
-0.423,-0.177,-0.929,21.79,30.029,37.903,179.171,48.395,-45.934
-0.187,-0.172,-0.941,-5.859,24.963,30.64,179.083,46.928,-47.406
-0.108,0.034,-0.903,-8.789,1.282,12.756,178.495,46.214,-48.005
-0.32,0.093,-0.905,6.592,-16.907,20.935,178.434,46.582,-48.45
-0.396,0.0,-0.895,24.17,-8.972,22.156,178.929,47.016,-49.587
-0.368,-0.115,-0.878,15.686,-9.888,7.935,179.802,47.296,-50.131
-0.502,-0.079,-0.887,4.944,0.427,-6.531,-179.692,47.752,-49.999
-0.352,-0.106,-0.84,-2.197,8.24,-12.146,-179.165,47.466,-49.235
-0.339,-0.058,-0.869,-8.484,3.174,-9.583,-179.055,47.258,-48.466
-0.24,-0.056,-0.796,-10.193,-0.549,-14.038,-179.066,47.159,-47.642
-0.337,-0.032,-0.766,-19.104,-25.024,-19.165,-179.297,47.812,-46.549
-0.323,-0.042,-0.708,-17.456,-16.174,-33.203,-179.467,48.84,-44.962
-0.304,-0.036,-0.6,-22.644,-38.147,-26.245,-179.604,50.191,-43.176
-0.35,-0.044,-0.615,-24.231,-44.189,-29.846,-179.951,52.202,-41.638
-0.747,0.035,-0.842,-30.945,-38.818,-30.579,179.61,54.613,-39.941
-0.702,0.132,-0.917,-23.743,-2.686,-26.978,179.247,55.624,-38.436
-0.793,0.279,-1.1,-14.771,16.968,4.883,178.561,55.305,-38.254
-0.526,0.206,-1.154,9.094,42.297,8.484,178.281,53.668,-39.139
-0.258,0.158,-1.11,7.019,22.888,10.437,178.44,51.993,-39.831
-0.294,0.132,-1.006,4.822,-17.212,7.324,178.286,51.833,-40.583
-0.561,0.083,-0.959,2.014,-19.287,-5.676,178.314,52.888,-40.748
-0.495,0.088,-0.904,-4.395,-10.437,-4.395,178.308,53.295,-40.573
-0.529,0.135,-0.829,-6.287,-10.559,2.625,177.885,53.806,-40.792
-0.544,0.146,-0.786,-4.028,-10.803,-1.465,177.473,54.278,-41.155
-0.557,0.117,-0.785,1.099,2.991,-8.484,177.451,54.564,-41.215
-0.464,0.093,-0.761,-2.197,9.033,-7.141,177.61,54.311,-41.05
-0.492,0.112,-0.772,-6.897,-0.183,2.014,177.413,54.179,-41.177
-0.438,0.17,-0.732,-8.179,2.869,11.841,176.737,54.157,-41.891
-0.46,0.243,-0.785,-3.296,-4.028,19.897,175.82,54.141,-43.209
-0.486,0.251,-0.823,2.258,3.113,16.724,175.122,54.207,-44.687
-0.386,0.231,-0.814,10.254,10.376,15.259,174.814,53.685,-45.978
-0.35,0.203,-0.77,11.047,-8.789,19.653,174.661,53.448,-47.351
-0.501,0.199,-0.755,11.536,-17.639,20.63,174.391,54.036,-48.994
-0.494,0.176,-0.71,13.0,-6.836,12.207,174.304,54.503,-50.394
-0.402,0.159,-0.659,7.263,-12.634,8.057,174.315,54.921,-51.367
-0.405,0.143,-0.658,4.211,-27.039,3.906,174.177,55.882,-52.185
-0.345,0.091,-0.417,0.366,-45.41,4.028,173.776,57.772,-53.064
-0.84,0.121,-0.844,10.986,-9.888,-4.272,173.793,59.474,-53.646
-0.708,0.05,-1.007,5.31,2.319,-9.277,174.551,59.227,-53.267
-0.905,0.127,-1.091,8.484,24.902,-11.719,175.073,59.117,-52.8
-0.434,-0.021,-1.026,16.174,62.317,-20.752,176.808,56.662,-51.284
-0.21,-0.002,-0.925,1.648,20.569,3.479,177.676,54.586,-50.455
-0.376,0.047,-0.826,2.441,-10.559,2.197,177.687,54.377,-50.433
-0.519,0.052,-0.793,5.005,-5.737,-0.61,177.907,54.75,-50.251
-0.479,0.019,-0.785,10.986,5.92,-12.329,178.511,54.673,-49.779
-0.471,-0.057,-0.831,12.695,10.254,-25.024,179.764,54.289,-48.516
-0.443,-0.118,-0.847,7.263,9.033,-24.597,-178.907,53.817,-46.89
-0.503,-0.118,-0.905,-1.648,3.54,-18.188,-178.0,53.487,-45.39
-0.517,-0.07,-0.864,-0.366,4.15,-11.597,-177.55,53.355,-44.341
-0.5,-0.07,-0.842,1.465,7.812,-0.061,-177.16,53.036,-43.808
-0.477,-0.053,-0.822,3.54,6.409,8.057,-177.067,52.718,-44.006
-0.516,-0.068,-0.881,5.432,17.334,3.662,-176.88,52.224,-44.231
-0.349,-0.094,-0.829,-1.526,17.09,-0.122,-176.715,51.284,-44.171
-0.355,-0.11,-0.782,-12.146,-6.042,-13.184,-176.776,51.108,-43.539
-0.509,-0.065,-0.761,-20.325,-13.55,-19.531,-177.034,51.757,-42.27
-0.438,-0.041,-0.688,-17.456,-0.549,-20.081,-177.314,52.086,-41.012
-0.412,-0.029,-0.695,-17.151,-6.226,-12.573,-177.589,52.284,-40.012
-0.275,-0.029,-0.615,-11.78,6.897,-8.85,-177.94,52.333,-39.49
-0.258,0.051,-0.646,-18.005,-27.039,-2.197,-178.418,52.69,-39.089
-0.621,0.187,-0.8,-14.16,-42.114,-3.052,-179.242,54.679,-39.1
-0.555,0.149,-0.85,7.141,-19.226,-17.456,-179.308,56.245,-38.82
-0.984,0.192,-1.053,12.146,3.357,1.709,-178.698,56.854,-38.622
-0.768,0.001,-1.237,23.56,64.148,-0.732,-177.599,54.998,-38.925
-0.274,0.078,-1.227,12.329,92.285,28.198,-177.44,51.075,-40.172
0.078,-0.015,-1.055,10.681,35.522,3.54,-177.325,47.626,-41.248
-0.157,-0.032,-0.927,-7.629,-26.672,-18.25,-177.133,47.549,-40.358
-0.446,0.039,-0.876,-14.893,-31.555,-2.014,-177.523,48.928,-39.402
-0.503,0.137,-0.91,-10.376,-7.568,16.113,-178.522,49.603,-39.941
-0.442,0.109,-0.835,-7.629,-13.855,15.869,-179.319,49.988,-40.864
-0.525,0.162,-0.801,-8.118,-17.212,19.653,179.676,50.795,-42.111
-0.496,0.179,-0.761,-2.38,-1.282,13.245,178.852,51.24,-43.38
-0.449,0.15,-0.744,3.967,5.859,3.784,178.61,51.136,-44.165
-0.378,0.115,-0.741,8.484,17.639,0.122,178.775,50.598,-44.583
-0.341,0.126,-0.795,7.874,14.954,9.094,178.951,49.828,-45.082
-0.306,0.138,-0.849,14.587,17.151,12.756,179.094,49.026,-45.939
-0.236,0.112,-0.838,13.794,1.16,17.273,179.335,48.433,-46.939
-0.344,0.099,-0.788,8.362,-14.771,10.925,179.368,48.768,-47.911
-0.347,0.101,-0.725,2.258,-17.334,6.287,179.275,49.384,-48.505
-0.342,0.08,-0.688,-1.953,-31.25,6.775,178.973,50.521,-49.065
-0.786,0.151,-0.928,0.183,-19.897,13.977,178.401,52.015,-49.916
-0.554,0.058,-1.026,10.803,21.667,18.188,178.303,51.636,-50.966
-0.411,0.045,-1.165,17.944,17.7,22.339,178.369,50.603,-52.234
-0.459,-0.098,-1.146,27.466,0.549,-1.953,179.445,50.153,-52.614
-0.397,-0.167,-1.049,18.677,8.85,-10.864,-179.127,49.96,-51.866
-0.227,-0.178,-0.944,5.493,7.141,0.427,-178.248,49.384,-51.169
-0.218,-0.056,-0.826,-7.202,-22.095,16.418,-178.451,49.68,-51.273
-0.437,0.019,-0.794,-6.653,-36.377,13.306,-178.989,51.114,-51.658
-0.552,-0.005,-0.78,3.052,-25.33,-0.732,-179.072,52.559,-51.696
-0.652,-0.027,-0.813,4.761,-10.437,-6.653,-178.654,53.448,-51.284
-0.563,-0.076,-0.792,7.996,14.526,-5.92,-178.011,53.344,-50.834
-0.492,-0.043,-0.85,3.906,14.038,6.897,-177.665,52.674,-50.834
-0.407,-0.086,-0.859,8.545,21.057,3.54,-177.33,51.866,-51.053
-0.322,-0.083,-0.853,4.7,7.935,5.249,-177.006,51.125,-51.163
-0.417,-0.099,-0.82,0.366,-7.629,-6.714,-176.754,51.185,-50.955
-0.443,-0.106,-0.778,-3.845,-0.916,-13.123,-176.407,51.427,-50.109
-0.311,-0.123,-0.709,-9.521,-0.122,-16.602,-176.193,51.394,-49.065
-0.373,-0.1,-0.703,-18.616,-16.479,-16.785,-176.298,51.801,-47.867
-0.36,-0.074,-0.662,-23.254,-16.663,-22.4,-176.633,52.581,-46.505
-0.327,-0.042,-0.6,-24.414,-27.039,-20.996,-177.001,53.613,-44.989
-0.495,0.009,-0.676,-26.733,-45.898,-7.935,-177.748,55.475,-44.066
-0.757,0.108,-0.817,-17.639,-24.109,0.122,-178.748,57.442,-44.006
-0.792,0.122,-1.034,-10.01,-3.784,15.686,-179.555,57.914,-44.681
-0.778,0.218,-1.084,7.141,36.804,25.085,179.319,57.415,-46.549
-0.469,0.157,-1.121,13.977,59.082,23.315,179.368,54.723,-47.955
-0.21,0.167,-1.172,18.921,26.611,21.057,179.39,52.542,-49.532
-0.45,0.017,-1.118,16.418,-14.16,-9.521,-179.852,52.449,-49.774
-0.512,-0.014,-1.0,-1.221,-5.127,-18.127,-179.203,52.767,-48.878
-0.499,0.028,-0.868,-13.062,-10.315,-21.362,-179.171,53.13,-47.807
-0.477,0.051,-0.773,-14.954,-7.69,-26.855,-179.253,53.531,-46.511
-0.544,0.07,-0.773,-13.916,-5.127,-25.94,-179.275,53.926,-45.137
-0.464,0.063,-0.749,-11.23,10.376,-19.897,-179.28,53.817,-44.017
-0.417,0.082,-0.755,-10.864,5.127,-9.46,-179.489,53.476,-43.456
-0.317,0.099,-0.676,-12.207,0.488,3.845,179.978,53.377,-43.528
-0.343,0.17,-0.67,-8.85,-11.414,15.747,178.995,53.635,-44.423
-0.382,0.194,-0.723,-4.517,-9.949,24.475,177.907,54.047,-45.989
-0.329,0.177,-0.801,-0.854,-14.526,22.766,176.891,54.41,-47.802
-0.25,0.139,-0.763,-2.869,-35.645,12.268,176.061,55.464,-49.197
-0.441,0.156,-0.723,-10.071,-56.885,5.676,175.106,57.678,-50.153
-0.843,0.217,-0.769,-6.592,-47.424,2.014,174.122,60.2,-51.075
-0.85,0.177,-0.877,4.883,-16.052,-4.883,174.007,61.37,-51.476
-0.648,0.086,-0.864,15.442,2.319,-10.01,174.65,61.6,-51.449
-0.803,0.007,-0.977,9.277,-14.465,-10.986,175.803,61.924,-50.856
-0.863,0.032,-0.949,6.958,5.005,-5.798,176.303,62.325,-50.691
-0.634,0.015,-0.897,11.841,26.917,-10.864,177.259,61.512,-50.076
-0.375,-0.042,-0.773,10.437,15.93,-0.671,178.297,60.353,-49.576
-0.453,0.029,-0.695,4.028,-14.954,16.235,178.391,60.326,-50.059
-0.631,0.044,-0.696,7.751,-18.005,12.39,178.138,61.122,-51.064
-0.765,0.017,-0.793,13.062,-1.953,-4.211,178.544,61.655,-51.389
-0.656,-0.02,-0.671,15.686,17.761,-10.986,179.643,61.425,-50.922
-0.59,-0.079,-0.746,12.695,17.456,-3.601,-179.077,60.474,-50.328
-0.57,-0.095,-0.795,15.503,31.372,4.944,-178.358,59.491,-50.438
-0.432,-0.098,-0.779,8.423,23.926,11.78,-177.852,58.085,-50.839
-0.506,-0.083,-0.79,4.883,7.568,5.371,-177.72,57.426,-51.301
-0.544,-0.119,-0.795,2.319,4.456,-10.62,-177.171,57.211,-50.845
-0.512,-0.085,-0.776,0.549,4.761,-10.925,-176.616,57.019,-50.054
-0.49,-0.072,-0.752,1.709,2.075,-10.803,-176.067,56.893,-49.334
-0.384,-0.116,-0.646,1.953,-2.441,-18.188,-175.364,56.953,-48.433
-0.088,-0.182,-0.372,-5.493,-13.733,-32.654,-174.364,57.2,-46.62
-0.197,-0.179,-0.427,-32.043,-70.496,-29.297,-173.87,59.156,-44.094
-1.056,0.082,-0.746,-40.222,-78.552,-18.005,-174.584,63.089,-42.083
-0.681,0.006,-0.681,-4.456,-5.127,-12.512,-174.254,64.424,-40.809
-1.177,0.173,-1.055,-13.611,-23.621,34.424,-175.27,65.006,-41.913
-0.991,0.116,-1.111,12.024,60.486,16.296,-176.732,64.369,-44.346
-0.461,0.093,-1.01,9.583,70.19,14.038,-176.754,61.068,-45.511
-0.241,0.057,-0.959,14.343,22.4,14.404,-176.891,58.618,-46.868
-0.524,0.049,-0.886,14.038,-7.874,6.287,-176.671,58.403,-47.664
-0.561,-0.001,-0.83,12.695,0.183,12.146,-176.347,58.453,-48.351
-0.562,0.028,-0.818,-1.343,-4.456,26.184,-176.885,58.486,-49.763
-0.511,0.072,-0.761,-7.935,-7.141,31.067,-178.165,58.645,-51.68
-0.427,0.153,-0.773,-14.16,-23.376,35.583,-179.956,59.145,-53.882
-0.657,0.229,-0.691,-9.705,-23.804,41.077,177.841,60.667,-56.667
-0.49,0.199,-0.581,-2.136,-22.766,32.715,176.028,61.496,-59.464
-0.676,0.255,-0.686,-5.31,-20.691,30.823,174.26,62.496,-62.073
-0.577,0.262,-0.695,7.446,13.245,24.17,173.013,62.369,-64.303
-0.247,0.139,-0.624,10.681,-3.113,21.667,172.639,61.732,-65.973
-0.446,0.247,-0.69,4.578,-50.049,31.494,171.337,63.034,-68.549
-0.939,0.222,-0.777,13.0,-65.063,16.418,170.222,65.61,-71.164
-0.739,0.227,-0.605,18.433,-11.963,-13.794,170.327,67.407,-72.136
-0.964,0.187,-0.715,18.494,-27.283,-6.714,171.689,68.335,-71.713
-0.938,0.055,-0.794,26.428,9.644,-22.888,172.98,68.939,-71.516
-0.897,-0.03,-0.917,23.438,63.354,-33.264,175.984,67.659,-69.126
-0.442,-0.099,-0.911,10.559,61.768,-7.996,178.088,64.314,-67.462
-0.431,-0.056,-0.904,-6.348,23.254,-6.409,178.687,62.276,-67.006
-0.528,0.114,-0.843,-6.042,1.831,-2.319,178.533,61.65,-66.775
-0.634,0.043,-0.815,11.23,3.235,-17.517,179.072,61.617,-66.143
-0.495,-0.034,-0.727,10.803,5.005,-23.193,-179.484,61.249,-64.759
-0.571,-0.094,-0.718,2.563,-9.399,-24.292,-178.275,61.474,-63.331
-0.638,-0.098,-0.697,-2.625,-2.625,-31.921,-177.166,61.837,-61.551
-0.586,-0.119,-0.73,-6.165,4.456,-30.457,-176.001,61.595,-59.458
-0.668,-0.092,-0.767,-1.404,9.827,-30.212,-175.161,61.414,-57.711
-0.552,-0.174,-0.769,-0.916,12.756,-28.259,-173.842,60.716,-55.745
-0.529,-0.159,-0.743,-4.883,9.644,-13.245,-173.238,60.238,-54.613
-0.421,-0.17,-0.671,-11.169,2.38,-7.507,-173.106,59.832,-53.948
-0.532,-0.112,-0.676,-19.409,0.0,-0.793,-173.6,59.958,-53.635
-0.487,-0.038,-0.667,-20.813,-0.488,4.15,-174.551,59.837,-53.707
-0.479,-0.004,-0.671,-13.367,5.493,3.906,-175.402,59.799,-53.849
-0.416,-0.031,-0.708,-5.92,-2.563,3.052,-175.924,59.683,-54.13
-0.671,-0.009,-0.788,-8.484,-15.32,6.653,-176.353,60.293,-54.399
-0.831,0.018,-1.132,-14.771,-5.371,16.235,-177.127,60.513,-55.047
-0.948,0.15,-1.176,-4.7,37.048,18.738,-178.775,60.612,-56.602
-0.487,0.094,-1.108,-2.136,38.147,-2.38,-179.044,58.26,-57.112
-0.463,0.027,-1.037,6.409,13.611,-26.306,-178.599,57.074,-56.536
-0.423,-0.064,-0.873,-4.028,-0.427,-27.649,-177.599,56.711,-54.866
-0.553,0.018,-0.853,-5.127,-7.874,-15.991,-177.385,56.948,-53.844
-0.536,-0.04,-0.782,-2.319,6.531,-6.226,-177.138,56.887,-53.289
-0.468,-0.026,-0.763,-10.254,6.287,7.263,-177.561,56.47,-53.531
-0.421,0.027,-0.736,-18.677,0.0,15.442,-178.693,56.261,-54.333
-0.532,0.107,-0.774,-19.47,-3.54,17.334,179.846,56.415,-55.366
-0.444,0.17,-0.727,-13.489,0.977,23.132,178.374,56.31,-56.728
-0.587,0.228,-0.847,-10.559,-13.184,25.085,176.907,56.492,-58.464
-0.568,0.257,-0.828,1.953,25.513,15.442,175.842,56.168,-60.051
-0.413,0.208,-0.777,8.057,18.921,4.395,175.776,54.965,-60.782
-0.368,0.173,-0.765,14.648,15.32,2.136,176.089,54.168,-61.216
-0.385,0.15,-0.794,16.785,9.155,14.404,176.473,53.586,-61.957
-0.301,0.103,-0.785,20.691,7.141,12.756,176.891,52.987,-63.001
-0.233,0.079,-0.762,16.602,-13.855,12.085,177.347,52.921,-63.918
-0.307,0.033,-0.717,8.85,-34.729,5.493,177.567,53.959,-64.693
-0.434,0.01,-0.769,-0.549,-42.908,-8.24,177.693,55.635,-64.792
-0.808,-0.004,-0.889,-13.977,-48.706,-6.287,177.545,57.925,-64.457
-0.639,-0.01,-0.762,-25.757,-31.189,-10.803,176.699,59.678,-64.204
-1.065,0.095,-0.883,-35.583,-40.1,-21.79,175.682,61.87,-63.325
-0.828,0.097,-0.873,-16.235,10.803,-34.973,175.781,62.397,-61.479
-0.892,0.149,-1.009,7.629,51.575,-13.55,176.693,61.331,-59.881
-0.404,0.023,-0.926,22.705,62.195,13.55,177.72,58.233,-59.903
-0.296,-0.025,-0.848,11.963,15.137,29.968,177.951,56.354,-61.205
-0.49,0.052,-0.787,0.366,-23.499,26.55,177.275,56.783,-62.891
-0.599,0.052,-0.72,3.235,-16.296,-2.319,177.023,57.744,-63.567
-0.48,-0.042,-0.643,3.296,-7.568,-37.048,177.968,58.365,-62.243
-0.694,-0.084,-0.703,0.061,-6.042,-45.41,179.544,59.101,-59.661
-0.523,-0.147,-0.618,-1.892,7.629,-32.043,-178.874,59.205,-57.096
-0.653,-0.007,-0.75,0.366,26.978,-0.366,-178.429,58.672,-56.179
-0.388,-0.112,-0.746,17.212,57.312,-4.15,-177.682,56.646,-56.047
-0.045,-0.174,-0.644,5.31,34.729,-6.226,-176.71,54.267,-55.618
-0.078,-0.147,-0.556,-20.752,-30.762,-9.277,-176.633,53.943,-54.86
-0.622,-0.044,-0.722,-34.424,-80.627,-22.461,-177.16,56.624,-53.344
-0.9,0.123,-0.89,-18.616,-1.587,-23.926,-177.638,59.128,-51.718
-0.885,0.241,-1.017,-10.925,18.921,19.592,-178.237,58.403,-51.812
-0.689,0.179,-1.142,11.414,55.054,28.748,-178.918,56.415,-53.641
-0.339,0.27,-1.188,9.033,46.021,44.312,-179.769,53.8,-56.08
-0.292,0.135,-1.075,24.719,6.592,15.93,-179.747,52.498,-57.892
-0.484,0.013,-1.034,15.198,-6.653,-6.592,-178.995,52.603,-58.107
-0.542,-0.009,-0.98,-1.587,-5.493,-11.963,-178.522,52.756,-57.513
-0.486,0.06,-0.852,-10.742,-2.441,-10.01,-178.731,52.883,-56.97
-0.499,0.116,-0.789,-11.23,-13.794,-7.446,-179.176,53.317,-56.596
-0.478,0.107,-0.713,-0.793,4.333,-6.104,-179.33,53.597,-56.321
-0.339,0.088,-0.623,-1.343,-3.845,3.967,-179.445,53.553,-56.431
-0.374,0.111,-0.606,0.427,-6.409,12.512,-179.901,53.921,-57.145
-0.33,0.14,-0.628,0.671,-2.686,21.729,179.478,54.064,-58.326
-0.417,0.173,-0.69,7.996,-1.831,31.86,178.704,54.223,-60.117
-0.356,0.155,-0.726,15.381,4.395,31.921,178.099,53.976,-62.281
-0.302,0.079,-0.735,19.165,-4.822,19.958,178.055,53.8,-63.951
-0.633,0.068,-0.996,16.479,-20.996,15.381,178.292,54.327,-65.067
-0.519,-0.034,-1.041,18.372,4.822,2.808,178.852,54.465,-65.616
-0.927,0.0,-1.168,2.808,-29.724,2.808,179.269,55.201,-65.632
-0.334,-0.152,-0.781,17.7,20.63,-19.653,-179.637,54.8,-64.869
-0.496,-0.152,-0.878,-17.09,-34.912,8.179,-179.269,55.355,-64.144
-0.773,0.118,-0.947,-12.268,12.756,26.489,179.176,56.096,-65.275
-0.441,0.102,-0.897,2.747,28.687,30.334,178.506,54.58,-66.572
-0.308,0.088,-0.875,12.634,7.751,22.888,178.187,53.641,-67.983
-0.483,0.024,-0.877,11.597,-14.038,2.502,178.594,53.828,-68.395
-0.522,-0.068,-0.75,12.207,-2.747,-10.315,179.407,54.24,-67.912
-0.558,-0.076,-0.806,-6.714,-8.85,-1.77,179.934,54.245,-67.148
-0.541,-0.029,-0.758,-1.099,5.676,-4.395,179.857,54.509,-66.819
-0.519,0.024,-0.78,0.122,10.925,10.803,179.967,54.146,-66.638
-0.435,0.011,-0.782,10.559,25.024,12.695,179.929,53.322,-67.264
-0.243,-0.049,-0.776,10.803,20.325,-0.671,-179.517,52.119,-67.33
-0.331,-0.061,-0.764,-5.371,-9.705,-5.737,-179.187,51.949,-66.907
-0.344,-0.08,-0.686,-12.39,-12.939,-24.78,-179.061,52.438,-65.737
-0.41,-0.044,-0.666,-20.508,-18.494,-22.766,-179.094,53.256,-64.056
-0.386,-0.003,-0.684,-18.677,-17.639,-17.517,-179.346,54.075,-62.655
-0.761,0.126,-0.956,-15.259,-23.376,-1.77,-179.907,55.267,-62.051
-0.751,0.128,-1.122,14.099,32.898,5.066,-179.896,54.959,-62.188
-0.305,0.038,-1.024,20.508,25.574,18.311,-179.297,53.262,-62.869
-0.339,0.046,-1.039,11.902,-20.935,31.128,-179.291,53.218,-64.297
-0.663,0.075,-0.991,10.925,-32.41,30.64,-179.731,54.679,-66.061
-0.62,0.059,-0.893,7.08,-10.193,26.123,179.912,55.437,-67.549
-0.61,0.1,-0.885,2.563,1.343,28.32,179.193,55.558,-69.153
-0.475,0.091,-0.851,6.531,14.771,14.526,178.764,55.009,-70.291
-0.415,0.064,-0.815,6.165,2.136,15.503,178.687,54.487,-70.983
-0.494,0.099,-0.787,2.625,-5.981,30.09,178.182,54.597,-72.235
-0.396,0.118,-0.714,3.784,-2.93,40.405,177.292,54.63,-74.224
-0.549,0.192,-0.769,3.052,-13.245,48.096,176.023,54.882,-76.833
-0.572,0.22,-0.763,7.141,-5.005,43.03,174.798,55.091,-79.552
-0.495,0.184,-0.722,4.822,-5.981,35.706,173.903,55.069,-81.826
-0.42,0.208,-0.73,8.545,11.597,30.945,173.123,54.712,-83.743
-0.351,0.216,-0.7,22.095,5.615,24.475,172.969,54.102,-85.265
-0.304,0.126,-0.704,26.55,-0.732,25.818,173.452,53.751,-86.666
-0.272,0.1,-0.677,18.616,-23.438,38.208,173.502,54.069,-88.577
-0.663,0.16,-0.856,4.944,-52.917,49.5,172.392,55.69,-91.533
-0.886,0.146,-1.003,3.845,-35.828,36.987,171.096,57.239,-94.279
-0.733,0.11,-0.934,1.16,-18.433,28.992,170.134,58.024,-96.174
-0.967,0.207,-1.055,5.493,-9.827,34.973,169.173,58.585,-97.943
-0.682,0.145,-0.823,23.315,-3.235,38.025,168.838,58.425,-99.904
-0.685,0.091,-0.828,35.339,14.099,43.579,169.178,57.947,-101.937
-0.416,0.057,-0.735,34.18,22.034,74.89,169.497,56.338,-104.727
-0.405,0.12,-0.738,33.386,1.282,90.698,168.821,54.926,-109.028
-0.604,0.134,-0.829,40.039,-9.705,77.454,168.376,54.333,-113.401
-0.51,0.132,-0.823,50.171,-10.254,63.66,168.799,54.036,-116.922
-0.502,0.027,-0.824,53.345,-22.339,62.073,169.75,54.229,-120.174
-0.592,-0.021,-0.84,42.847,-28.259,49.011,170.59,55.014,-123.173
-0.546,0.009,-0.785,32.532,-21.851,42.908,171.145,55.959,-125.48
-0.815,0.099,-0.987,28.076,-9.949,35.767,171.491,56.618,-127.386
-0.475,0.035,-0.926,33.325,26.672,28.564,172.403,55.898,-128.458
-0.196,0.084,-0.768,16.235,-10.315,42.725,172.722,55.206,-129.908
-0.457,0.194,-0.719,19.592,-39.001,36.499,172.233,56.398,-132.209
-0.613,0.218,-0.705,27.893,-27.161,40.344,172.304,57.524,-134.171
-0.683,0.21,-0.771,37.415,-14.16,55.847,172.139,58.074,-137.104
-0.651,0.196,-0.815,45.471,9.705,59.753,172.222,57.607,-140.295
-0.47,0.143,-0.809,52.002,19.592,65.613,172.727,56.321,-143.503
-0.363,0.074,-0.816,46.448,2.319,65.247,173.249,55.289,-146.865
-0.428,0.133,-0.785,36.56,-18.433,70.251,173.216,55.25,-150.502
-0.645,0.208,-0.81,37.476,-15.869,77.454,172.733,55.646,-154.633
-0.639,0.189,-0.913,45.898,-4.089,81.055,172.441,55.366,-158.862
-0.599,0.141,-0.944,51.88,2.563,85.754,172.359,54.778,-163.295
-0.537,0.077,-0.908,53.955,0.061,84.534,172.557,54.08,-167.717
-0.407,-0.126,-0.768,53.223,-4.822,67.322,173.243,53.564,-171.623
-0.509,-0.092,-0.734,36.194,-21.118,53.955,173.947,53.855,-174.501
-0.709,-0.1,-0.787,46.753,-2.686,52.673,174.666,54.454,-177.006
-0.561,-0.167,-0.799,43.457,24.414,65.247,175.704,53.635,-179.456
-0.392,-0.153,-0.826,38.208,32.043,73.975,176.21,52.053,177.451
-0.284,-0.097,-0.842,27.222,8.85,72.998,176.424,50.784,174.133
-0.451,-0.026,-0.857,30.518,-8.423,60.73,176.528,50.74,170.837
-0.432,-0.087,-0.824,29.724,-10.803,49.438,177.149,50.927,168.316
-0.54,-0.077,-0.852,26.062,-13.855,40.344,177.556,51.542,166.069
-0.48,-0.203,-0.868,19.043,-0.366,21.423,178.352,51.779,164.943
-0.509,-0.083,-0.966,-7.08,-10.803,21.423,178.209,52.092,164.037
-0.66,0.02,-0.972,-12.268,-9.644,8.118,177.643,52.74,163.63
-0.333,0.102,-0.825,-14.954,14.893,13.611,176.858,52.526,163.345
-0.139,0.143,-0.723,-17.334,-11.841,8.118,175.963,52.114,162.944
-0.607,0.248,-0.809,-20.508,-46.448,6.836,174.699,53.784,162.268
-0.706,0.25,-0.93,-0.244,26.123,-2.991,174.023,54.305,162.197
-0.387,0.186,-0.878,8.911,36.56,-7.812,174.446,52.74,163.021
-0.215,0.096,-0.865,10.254,11.475,-0.183,175.106,51.449,163.603
-0.435,0.112,-0.827,2.869,-16.296,8.85,175.193,51.603,163.295
-0.58,0.163,-0.803,2.441,-2.686,18.433,174.853,52.053,162.521
-0.449,0.182,-0.78,2.319,6.287,24.414,174.38,51.762,161.526
-0.442,0.233,-0.841,7.69,4.272,29.175,173.859,51.345,160.219
-0.467,0.224,-0.904,11.353,2.991,24.414,173.606,50.993,158.917
-0.417,0.164,-0.958,14.587,7.446,15.503,173.727,50.592,158.049
-0.394,0.148,-0.81,4.944,0.488,22.522,173.677,50.339,157.154
-0.387,0.145,-0.869,2.747,-20.874,20.691,173.397,50.383,156.028
-0.513,0.189,-0.943,12.695,3.784,23.865,173.068,50.647,154.644
-0.259,0.099,-0.914,22.827,6.042,20.447,173.551,50.01,153.605
-0.247,0.072,-0.865,24.841,-8.606,33.691,174.056,49.883,151.979
-0.331,0.025,-0.847,29.48,-23.926,32.715,174.617,50.229,149.843
-0.518,-0.004,-0.91,38.452,-13.428,36.316,175.496,50.911,147.728
-0.432,-0.076,-0.906,34.729,-0.854,42.236,176.501,50.85,145.426
-0.379,-0.093,-0.91,26.55,4.089,39.429,177.22,50.543,143.091
-0.302,-0.049,-0.886,14.648,-10.559,36.377,177.539,50.312,140.839
-0.403,-0.055,-0.827,15.259,-17.212,15.076,177.814,50.905,139.109
-0.404,-0.063,-0.764,7.812,-26.672,12.512,178.363,51.702,138.208
-0.615,-0.038,-0.85,10.864,-17.639,7.568,178.572,52.905,137.214
-0.479,-0.131,-0.803,11.169,1.892,-7.874,179.445,53.207,137.203
-0.391,-0.116,-0.721,-2.808,-6.042,-2.38,179.951,53.355,137.351
-0.324,-0.106,-0.636,-5.92,-5.859,-14.832,-179.758,53.701,137.697
-0.312,-0.081,-0.562,-16.663,-24.597,-14.465,-179.604,54.443,138.378
-0.431,-0.058,-0.561,-19.958,-26.611,-21.912,-179.808,55.827,139.142
-0.449,-0.042,-0.625,-24.536,-20.081,-26.245,-179.874,56.959,140.51
-0.732,0.057,-0.851,-26.733,-25.33,-19.409,179.687,58.37,141.773
-0.963,0.22,-1.121,-15.869,11.353,-7.874,179.094,58.953,142.663
-0.812,0.302,-1.24,6.714,50.415,21.729,178.555,57.36,142.344
-0.303,0.221,-1.161,21.362,35.461,23.682,178.632,54.794,141.169
-0.33,0.096,-0.965,23.132,-15.259,1.709,179.193,54.179,140.284
-0.506,-0.016,-0.804,8.606,-29.419,-27.466,-179.791,55.399,140.845
-0.664,0.007,-0.791,-7.751,-15.32,-34.302,-178.885,56.497,142.646
-0.598,0.045,-0.789,-12.451,7.69,-21.362,-178.577,56.667,144.305
-0.458,0.115,-0.756,-14.954,11.719,-1.953,-179.022,56.179,144.987
-0.38,0.129,-0.709,-9.644,-2.625,4.761,-179.786,55.942,144.888
-0.385,0.17,-0.686,-10.498,-13.245,18.25,179.231,56.305,144.185
-0.531,0.197,-0.708,-5.981,-24.414,24.109,177.852,57.206,142.718
-0.482,0.196,-0.631,-5.432,-17.639,18.677,176.583,58.178,141.295
-0.53,0.164,-0.656,-10.132,-25.085,-0.061,175.688,59.112,140.729
-0.631,0.222,-0.714,-3.967,6.775,-11.047,175.254,59.661,141.141
-0.409,0.171,-0.679,4.944,7.263,-7.019,175.562,59.194,141.899
-0.406,0.153,-0.713,11.475,-4.395,3.418,175.77,59.194,141.872
-0.497,0.107,-0.779,11.414,-20.996,10.193,175.908,59.722,141.268
-0.607,0.101,-0.823,9.949,-41.321,11.536,175.633,61.128,140.12
-1.029,-0.001,-1.171,7.996,-41.565,-4.761,175.864,63.303,139.669
-1.044,0.065,-1.107,12.39,32.288,-8.057,176.259,64.127,139.889
-0.595,-0.034,-0.979,13.489,52.673,-9.827,177.775,61.968,141.092
-0.413,0.048,-0.946,4.456,15.076,19.714,178.088,60.238,140.801
-0.461,0.068,-0.804,12.512,-8.667,12.512,177.962,60.04,139.57
-0.593,0.054,-0.763,16.174,-17.273,10.071,178.264,60.595,138.636
-0.674,-0.048,-0.762,20.325,-2.136,0.793,178.984,61.106,138.065
-0.592,-0.083,-0.741,14.465,7.141,-2.136,-179.995,60.892,138.049
-0.591,-0.1,-0.73,8.789,-4.028,-2.747,-179.198,60.826,138.038
-0.571,-0.065,-0.691,5.798,1.404,0.0,-178.638,60.952,137.994
-0.538,-0.092,-0.683,7.935,5.188,-4.517,-178.072,60.826,137.906
-0.543,-0.156,-0.707,5.493,4.517,-20.386,-176.99,60.595,138.604
-0.51,-0.204,-0.675,-5.005,0.671,-28.625,-175.809,60.419,139.993
-0.474,-0.198,-0.621,-17.7,-0.671,-28.564,-175.062,60.463,141.542
-0.545,-0.101,-0.656,-24.963,3.967,-13.428,-175.15,60.353,142.526
-0.341,-0.059,-0.636,-24.597,12.695,-0.366,-175.902,59.727,142.592
-0.3,0.0,-0.651,-25.146,-7.141,3.906,-177.039,59.634,142.158
-0.937,0.092,-0.82,-25.879,-45.349,-6.165,-178.22,61.271,141.905
-1.054,0.139,-1.209,-15.686,10.559,-5.005,-178.753,61.804,142.432
-0.812,0.194,-1.049,1.648,50.598,9.766,-179.659,61.177,142.114
-0.57,0.171,-1.067,13.306,51.086,7.874,-179.577,58.42,141.795
-0.322,0.042,-1.021,21.545,41.382,3.54,-178.912,55.997,141.449
-0.287,0.012,-0.926,3.54,4.456,8.24,-178.588,54.855,140.905
-0.426,0.034,-0.857,-10.62,-18.311,1.526,-178.995,55.074,140.345
-0.597,0.152,-0.843,-14.648,-10.559,1.831,-179.863,55.833,139.966
-0.475,0.165,-0.805,-5.066,-0.305,6.653,179.429,55.871,139.576
-0.53,0.154,-0.873,2.563,-2.014,15.137,178.885,55.904,138.757
-0.468,0.084,-0.789,7.751,-0.488,15.015,178.5,56.074,137.675
-0.637,0.068,-0.808,1.77,-10.986,7.263,178.275,56.508,136.961
-0.484,0.014,-0.737,2.441,11.475,-5.981,178.369,56.31,136.961
-0.542,0.006,-0.771,-8.972,-3.296,-3.967,178.385,56.266,137.302
-0.597,0.092,-0.816,-11.292,13.123,-0.488,177.852,56.096,137.307
-0.55,0.13,-0.821,-7.751,14.038,0.793,177.435,55.508,137.351
-0.456,0.121,-0.797,-1.709,19.897,-1.953,177.27,54.69,137.45
-0.408,0.096,-0.78,-8.301,2.625,2.93,177.05,54.168,137.45
-0.309,0.102,-0.787,-10.559,5.127,7.263,176.369,54.036,137.065
-0.321,0.156,-0.826,-15.259,-19.226,18.616,175.347,54.086,136.17
-0.431,0.296,-0.786,-11.292,-27.893,27.893,173.71,55.036,134.33
-0.525,0.349,-0.7,5.005,-26.672,10.925,172.656,56.113,132.748
-0.637,0.315,-0.678,16.113,-11.292,-17.09,172.991,57.003,132.748
-0.476,0.149,-0.613,9.644,-2.441,-28.259,174.023,57.486,134.044
-0.442,0.065,-0.612,-5.981,-14.16,-34.119,174.842,58.189,135.884
-0.677,0.104,-0.852,-11.963,-17.944,-20.935,175.04,59.161,137.406
-0.712,0.135,-0.908,-10.376,-15.381,-11.658,174.732,60.134,138.032
-0.634,0.057,-0.9,-2.441,2.869,-14.648,174.935,60.529,138.774
-0.864,0.096,-0.995,-3.662,1.099,-12.024,175.122,60.848,139.411
-0.656,0.044,-0.908,3.723,27.893,-22.4,176.05,60.007,140.707
-0.401,-0.012,-0.779,6.348,16.846,-13.367,177.039,58.991,141.784
-0.384,-0.021,-0.743,-2.075,-2.136,1.831,177.429,58.749,141.954
-0.668,0.098,-0.82,-4.395,0.427,22.095,176.688,58.843,140.757
-0.747,0.117,-0.914,8.545,26.489,4.333,176.418,58.079,139.883
-0.345,-0.048,-0.884,15.747,42.358,-20.264,177.852,56.019,140.856
-0.23,-0.052,-0.713,2.258,2.686,-14.038,178.753,55.239,141.559
-0.526,0.006,-0.829,-1.587,-25.94,-8.789,179.302,55.728,141.954
-0.643,0.013,-0.815,10.254,-11.292,-10.132,179.769,56.838,142.053
-0.524,-0.02,-0.758,12.207,4.333,-2.502,-179.346,56.909,142.284
-0.439,-0.054,-0.702,10.437,-1.16,0.305,-178.698,56.755,142.108
-0.472,-0.055,-0.652,5.554,-21.423,-4.15,-178.154,57.321,142.009
-0.59,-0.037,-0.678,5.249,-16.785,-3.784,-177.671,58.442,142.092
-0.636,-0.058,-0.737,7.568,-5.737,-4.7,-177.1,59.041,142.229
-0.397,-0.125,-0.641,5.188,2.93,-1.892,-176.479,58.98,142.372
-0.763,-0.04,-0.86,-8.057,-26.489,9.827,-176.71,59.914,141.861
-0.54,-0.044,-0.756,-2.747,2.075,11.719,-177.083,60.293,141.163
-0.756,0.051,-0.851,-7.568,-18.066,31.311,-178.253,60.919,139.51
-0.822,0.071,-0.884,-7.629,-7.019,39.856,-179.797,61.452,137.247
-0.887,0.253,-0.989,-5.615,47.546,59.265,177.814,60.408,134.028
-0.455,0.223,-0.936,15.869,69.214,39.124,176.726,56.942,131.523
-0.379,0.099,-1.026,29.114,42.358,19.043,177.155,54.102,130.144
-0.271,0.02,-0.934,16.663,11.719,19.409,177.83,52.619,128.996
-0.432,0.044,-0.853,5.371,-14.771,8.789,177.918,52.718,127.842
-0.435,0.081,-0.778,3.418,-8.301,0.732,177.951,53.157,127.227
-0.516,0.068,-0.75,0.671,-5.92,1.77,178.039,53.536,126.898
-0.354,0.079,-0.642,-4.15,1.526,8.85,177.748,53.608,126.304
-0.542,0.152,-0.745,-7.874,-10.559,10.254,177.094,53.871,125.475
-0.441,0.157,-0.737,-1.038,14.404,5.493,176.622,53.729,124.904
-0.309,0.164,-0.745,1.343,19.47,6.226,176.396,52.861,124.53
-0.107,0.113,-0.636,-1.465,-5.92,7.385,176.138,52.405,123.986
-0.333,0.191,-0.704,-7.141,-29.053,10.01,175.32,53.41,122.964
-0.644,0.188,-1.066,-3.662,-32.288,8.85,174.716,54.272,122.113
-0.626,0.142,-1.18,8.118,-14.954,4.639,174.26,55.3,121.113
-0.93,0.155,-1.108,6.775,-20.02,12.695,174.26,56.327,120.273
-0.545,-0.013,-1.08,40.222,44.556,-8.118,175.551,55.327,119.998
-0.319,-0.138,-1.03,23.193,6.836,9.705,177.506,53.921,119.993
-0.565,-0.022,-0.905,8.301,-38.818,29.053,177.33,55.042,117.74
-0.55,0.007,-0.782,10.498,5.493,13.428,177.418,55.657,116.098
-0.444,-0.01,-0.73,6.165,3.418,15.259,177.594,55.311,114.747
-0.469,0.019,-0.767,3.967,8.24,7.935,177.643,55.014,113.577
-0.454,0.008,-0.842,5.92,14.954,1.282,177.918,54.388,112.83
-0.556,0.0,-1.02,8.545,14.038,-6.653,178.522,53.657,112.544
-0.447,-0.037,-0.906,10.376,13.306,-7.202,179.269,53.097,112.456
-0.476,-0.003,-0.805,2.808,-0.61,6.897,179.714,52.85,111.989
-0.389,-0.015,-0.741,5.615,15.991,10.315,179.808,52.449,110.995
-0.296,0.027,-0.724,-1.465,5.493,14.16,179.692,51.812,109.841
-0.453,0.022,-0.817,5.859,4.211,-9.094,179.808,51.669,109.243
-0.306,-0.125,-0.722,9.827,-5.371,-42.664,-178.863,51.619,110.479
-0.487,-0.218,-0.751,-1.831,-17.09,-52.002,-177.27,52.41,112.676
-0.372,-0.181,-0.674,-12.573,-1.16,-34.363,-176.292,52.641,114.423
-0.228,-0.102,-0.562,-17.334,-7.446,-15.625,-176.188,52.784,115.016
-0.611,0.027,-0.945,-15.747,-38.147,-9.216,-176.583,53.839,115.027
-0.767,-0.015,-1.067,1.831,6.775,-15.381,-176.276,54.668,115.582
-0.295,-0.013,-0.584,-1.404,10.742,5.249,-176.039,53.992,115.708
-0.698,0.073,-1.07,-5.127,19.592,17.7,-176.83,54.086,114.741
-0.48,0.131,-1.044,-9.399,42.847,31.738,-177.863,52.449,113.516
-0.206,0.214,-1.023,-7.019,25.94,25.696,-179.214,50.57,111.885
-0.399,0.154,-1.005,0.183,-10.62,3.906,-179.819,50.202,111.182
-0.441,0.062,-0.931,0.183,2.686,-9.033,-179.824,50.279,111.429
-0.488,0.092,-0.933,-9.644,-3.174,-3.418,179.995,50.317,111.874
-0.395,0.152,-0.858,-9.827,1.282,-2.441,179.423,50.191,112.077
-0.485,0.151,-0.855,-4.639,-3.357,-10.681,179.077,50.339,112.555
-0.468,0.114,-0.832,-4.395,8.545,-15.137,179.077,50.219,113.549
-0.375,0.115,-0.794,-10.62,12.39,-13.062,178.857,49.746,114.56
-0.281,0.137,-0.708,-16.907,-1.892,-10.193,178.319,49.559,115.455
-0.26,0.171,-0.636,-19.775,-14.099,-7.08,177.358,50.059,116.027
-0.348,0.217,-0.64,-21.057,-21.545,-1.282,176.243,50.911,116.439
-0.476,0.318,-0.744,-8.545,0.977,3.906,175.051,51.416,116.466
-0.254,0.238,-0.736,4.517,10.925,-0.549,174.891,50.795,116.96
-0.127,0.209,-0.747,9.399,-7.874,2.136,174.919,50.609,117.147
-0.575,0.227,-0.901,2.014,-54.688,20.569,174.545,52.026,116.395
-0.889,0.141,-0.947,16.235,-6.165,15.198,173.974,53.597,115.076
-0.889,-0.035,-1.209,21.179,-1.221,-21.179,175.139,53.361,115.768
-0.689,-0.044,-1.187,26.245,61.035,-22.461,176.71,52.504,117.241
-0.167,-0.168,-1.133,16.968,63.477,-9.705,178.693,49.301,118.696
0.033,-0.087,-0.931,7.141,8.911,6.836,179.44,47.351,118.433
-0.352,0.019,-0.8,0.488,-34.973,3.418,179.594,48.082,117.609
-0.504,0.028,-0.809,9.827,2.441,-1.953,179.956,48.873,117.257
-0.331,-0.07,-0.865,17.822,1.221,-12.573,-179.149,48.554,117.35
-0.356,-0.181,-0.825,14.221,2.441,-24.719,-177.797,48.653,118.169
-0.242,-0.201,-0.782,1.099,-15.381,-20.63,-176.644,48.691,119.075
-0.578,-0.092,-0.845,-6.042,-24.963,-13.55,-176.336,49.971,119.432
-0.509,-0.105,-0.864,-1.099,4.944,-6.592,-176.012,50.169,119.685
-0.41,-0.118,-0.853,-1.099,8.362,-0.671,-175.853,49.878,119.553
-0.436,-0.096,-0.837,-4.333,-12.512,5.31,-175.858,50.032,119.147
-0.441,-0.059,-0.723,-2.441,-15.747,9.338,-176.05,50.878,118.553
-0.475,-0.012,-0.646,-1.282,-12.024,11.292,-176.309,51.768,117.911
-0.288,-0.021,-0.535,4.944,-15.869,6.47,-176.292,52.267,117.598
-0.431,-0.064,-0.68,10.62,-26.489,9.094,-176.056,53.536,117.301
-0.682,-0.013,-0.825,14.648,-16.968,17.944,-175.809,54.97,116.73
-0.639,0.008,-0.894,15.747,-3.052,32.593,-175.622,55.547,115.697
-0.791,0.133,-1.017,20.569,9.949,34.058,-176.028,55.679,113.934
-0.661,0.053,-1.137,28.076,31.433,21.24,-175.671,54.717,112.824
-0.329,-0.033,-1.109,30.64,62.927,8.606,-174.853,52.399,112.203
-0.056,-0.169,-1.072,18.616,12.573,3.174,-173.815,50.262,111.923
-0.342,-0.18,-0.97,3.418,-15.869,-9.644,-173.216,50.361,111.967
-0.449,-0.094,-0.873,-8.606,-17.395,-2.747,-173.21,50.96,112.203
-0.454,-0.059,-0.809,-8.789,-12.39,-2.441,-173.529,51.526,112.209
-0.518,-0.016,-0.81,-10.315,-12.085,-2.258,-173.925,52.081,112.335
-0.351,-0.053,-0.745,-6.104,2.319,-5.066,-174.166,52.245,112.676
-0.577,0.021,-0.777,-13.916,-17.09,2.502,-174.754,52.954,112.78
-0.504,0.019,-0.755,-10.193,-2.991,4.15,-175.347,53.212,112.89
-0.56,0.076,-0.754,-6.47,5.127,6.348,-176.067,53.487,112.928
-0.295,0.009,-0.659,-5.981,1.526,2.747,-176.473,53.124,113.203
-0.413,0.033,-0.723,-5.676,1.587,-5.005,-177.006,53.674,113.599
-0.271,0.042,-0.677,-14.587,-32.593,1.953,-177.462,54.091,114.066
-0.699,0.08,-0.843,-9.094,-32.715,-0.122,-178.27,56.047,114.175
-0.636,0.022,-0.897,-0.977,-20.935,-12.39,-178.55,57.376,114.84
-1.145,0.006,-1.162,-13.489,-30.212,-7.019,-178.396,58.398,115.994
-0.653,-0.049,-1.039,11.23,45.044,-25.146,-178.105,58.013,117.318
-0.488,-0.053,-1.092,-8.057,20.752,2.93,-177.44,56.437,118.636
-0.392,0.082,-0.997,0.61,16.479,12.329,-178.094,55.371,118.125
-0.349,0.017,-0.819,10.315,-10.01,-5.005,-177.852,55.058,118.13
-0.597,-0.038,-0.78,9.888,-15.991,-10.071,-177.089,55.871,118.79
-0.484,-0.06,-0.688,6.226,2.075,-13.245,-176.331,56.025,119.756
-0.59,-0.061,-0.774,3.662,7.507,-17.7,-175.633,55.948,120.97
-0.44,-0.088,-0.74,-1.038,20.691,-24.536,-174.924,55.074,122.585
-0.411,-0.088,-0.755,-11.658,13.55,-31.921,-174.43,54.218,124.497
-0.36,-0.102,-0.762,-16.602,14.099,-43.457,-174.089,53.503,126.837
-0.478,-0.184,-0.902,-28.381,-1.526,-33.875,-173.903,53.097,129.419
-0.36,-0.113,-0.848,-19.47,20.386,-12.39,-174.578,52.504,130.507
-0.293,-0.025,-0.76,-27.283,-22.461,-15.747,-175.122,52.366,131.424
-0.421,0.045,-0.658,-17.395,-23.132,-28.32,-175.677,53.591,132.704
-0.452,-0.048,-0.625,-15.442,-14.221,-46.326,-175.221,54.382,135.335
-0.412,-0.079,-0.681,-19.043,-8.179,-54.077,-174.617,54.712,138.697
-0.721,-0.046,-0.919,-23.56,-13.55,-44.312,-174.227,55.377,142.119
-0.43,-0.025,-0.813,-22.583,19.47,-26.428,-174.249,55.135,144.899
-0.97,0.095,-0.988,-12.024,-26.001,-23.743,-174.765,55.53,146.602
-0.518,0.033,-0.894,-11.108,40.527,-13.855,-174.749,54.558,148.431
-0.589,0.028,-1.08,-3.052,31.616,-19.47,-174.886,53.064,149.788
-0.397,0.006,-0.972,-2.502,24.109,-26.672,-174.424,51.564,151.765
-0.446,-0.007,-0.929,2.502,11.78,-16.663,-174.095,50.795,153.226
-0.41,-0.046,-0.841,0.488,11.047,-6.409,-173.804,50.208,154.248
-0.343,0.008,-0.763,-2.747,10.559,-0.305,-174.018,49.669,154.726
-0.312,0.016,-0.712,-1.221,-1.16,-2.014,-174.161,49.477,155.215
-0.406,0.039,-0.749,-1.282,0.183,2.38,-174.32,49.543,155.632
-0.382,0.038,-0.75,1.77,5.31,5.615,-174.551,49.406,155.77
-0.427,0.027,-0.797,7.385,-4.761,5.554,-174.606,49.499,155.88
-0.272,0.018,-0.735,11.414,-2.747,7.935,-174.496,49.543,155.907
-0.554,-0.071,-0.896,11.841,-19.47,4.883,-174.073,50.367,156.006
-0.585,-0.074,-1.011,13.123,0.732,2.869,-173.787,50.751,156.116
-0.294,-0.127,-0.958,6.348,13.794,9.216,-173.452,50.394,156.253
-0.804,-0.28,-1.101,13.611,-5.371,-17.944,-172.705,50.922,156.989
-0.383,-0.197,-0.968,2.808,38.635,4.272,-172.381,49.664,157.56
-0.31,-0.185,-0.998,-2.747,19.165,10.925,-172.375,48.29,157.429
-0.32,-0.139,-0.919,0.244,10.01,9.521,-172.628,47.675,156.857
-0.332,-0.14,-0.852,-1.953,0.854,0.488,-172.59,47.368,156.775
-0.41,-0.121,-0.857,-3.662,11.292,1.465,-172.667,47.164,156.874
-0.24,-0.112,-0.883,-2.075,26.611,1.099,-172.782,46.033,156.852
-0.133,-0.145,-0.851,1.282,9.827,-3.052,-172.65,45.005,156.896
-0.226,-0.138,-0.833,-4.761,-5.188,-0.977,-172.606,44.907,156.863
-0.253,-0.146,-0.808,-4.944,-5.554,-10.315,-172.568,44.989,157.132
-0.221,-0.122,-0.761,-6.775,-6.287,-8.667,-172.562,45.093,157.593
-0.3,-0.13,-0.809,-5.005,-12.878,-6.104,-172.562,45.505,157.917
-0.15,-0.107,-0.764,-6.287,-14.343,4.456,-172.689,45.829,157.983
-0.406,-0.054,-0.956,-5.066,-32.776,13.611,-173.046,46.978,157.478
-0.698,-0.059,-1.157,-3.357,-12.146,17.395,-173.397,48.246,156.885
-0.28,0.009,-0.95,-1.648,7.446,30.762,-174.078,48.175,155.797
-0.647,-0.025,-1.073,4.822,-33.142,9.766,-174.545,49.103,154.709
-0.505,0.033,-0.981,-4.578,13.0,10.803,-174.853,49.488,154.534
-0.452,0.024,-0.977,2.319,-0.854,6.897,-175.204,49.246,154.265
-0.407,0.001,-0.87,1.587,-3.235,2.93,-175.276,49.329,154.292
-0.492,0.007,-0.85,1.343,-2.625,0.244,-175.331,49.548,154.457
-0.431,-0.003,-0.797,-0.61,5.737,2.319,-175.391,49.499,154.709
-0.401,0.016,-0.79,0.671,-0.122,4.395,-175.562,49.384,154.792
-0.48,0.032,-0.814,-0.977,4.822,10.681,-175.814,49.433,154.682
-0.439,0.078,-0.835,4.028,10.315,14.343,-176.182,49.098,154.232
-0.414,0.056,-0.812,8.667,7.324,10.925,-176.232,48.812,153.847
-0.358,0.013,-0.747,13.306,4.639,6.042,-175.99,48.62,153.655
-0.378,-0.033,-0.709,10.01,-4.639,2.808,-175.589,48.779,153.715
-0.478,-0.002,-0.812,9.521,11.353,5.432,-175.353,48.801,153.726
-0.25,-0.044,-0.799,11.414,3.906,7.446,-175.001,48.29,153.638
-0.6,-0.011,-1.042,9.827,-18.494,12.573,-174.853,48.834,153.138
-0.545,-0.064,-0.999,12.695,16.541,10.62,-174.573,49.048,152.737
-0.323,-0.1,-1.073,12.695,13.123,8.606,-174.21,48.159,152.303
-0.464,-0.185,-1.067,7.263,0.549,-2.93,-173.65,47.955,152.254
-0.465,-0.16,-0.976,6.042,-7.141,1.648,-173.326,48.082,152.177
-0.522,-0.156,-0.918,1.16,6.348,1.831,-172.974,48.29,152.21
-0.374,-0.125,-0.943,0.732,31.189,17.883,-173.095,47.401,151.622
-0.214,-0.082,-0.932,1.953,29.297,21.179,-173.419,45.873,150.392
-0.258,-0.106,-0.9,3.235,11.169,19.897,-173.584,45.066,149.095
-0.325,-0.097,-0.905,0.916,11.23,15.198,-173.732,44.539,148.063
-0.308,-0.103,-0.885,3.235,19.653,14.893,-173.831,43.753,147.085
-0.266,-0.122,-0.885,3.479,15.32,15.442,-173.831,42.918,146.052
-0.267,-0.125,-0.903,5.737,19.836,14.587,-173.76,42.105,144.981
-0.214,-0.151,-0.911,7.69,16.296,13.733,-173.524,41.237,143.921
-0.19,-0.166,-0.933,4.456,12.207,12.085,-173.32,40.507,142.806
-0.16,-0.191,-0.891,1.648,4.15,8.179,-173.167,40.073,141.855
-0.211,-0.112,-0.944,-7.263,-0.488,16.052,-173.425,39.952,140.691
-0.418,-0.135,-1.108,-2.441,-7.385,10.01,-173.672,40.188,139.587
-0.4,-0.089,-1.093,-6.47,12.512,16.113,-173.985,40.182,138.708
-0.109,0.004,-0.915,-12.939,9.644,29.907,-174.694,39.617,137.274
-0.095,0.088,-0.918,-8.85,2.808,23.438,-175.616,39.402,135.593
-0.09,0.069,-0.867,-1.465,-11.414,11.108,-176.133,39.402,134.539
-0.339,0.052,-0.944,-1.465,-9.338,19.165,-176.457,40.023,133.665
-0.271,0.035,-0.994,4.211,18.372,21.484,-176.776,39.672,132.462
-0.18,0.032,-0.996,-0.122,17.212,27.588,-177.072,38.749,131.105
-0.161,0.03,-0.963,-2.625,9.094,16.541,-177.506,38.062,129.842
-0.241,0.023,-0.92,-2.441,5.737,13.977,-177.847,37.722,129.04
-0.214,0.029,-0.892,-3.601,7.629,24.292,-178.286,37.332,127.886
-0.272,0.057,-0.924,-4.089,12.634,39.49,-178.841,36.898,126.151
-0.171,0.133,-0.94,-0.732,18.799,54.688,-179.555,35.931,123.585
-0.186,0.155,-0.986,8.24,17.822,56.885,-179.978,35.019,120.745
-0.076,0.058,-1.025,18.005,19.836,41.809,-179.78,33.882,118.323
-0.06,0.0,-1.063,12.024,12.939,44.495,-179.374,33.003,116.246
0.004,-0.007,-1.014,10.437,2.38,50.781,-179.176,32.437,113.604
-0.047,0.026,-0.93,11.597,-8.667,50.537,-179.055,32.432,110.693
-0.133,-0.045,-0.896,13.428,-11.902,39.612,-178.704,32.783,108.1
-0.204,-0.053,-0.938,9.338,0.549,33.325,-178.407,32.992,105.903
-0.087,-0.009,-0.95,5.31,11.414,42.297,-178.281,32.547,103.607
-0.059,-0.029,-0.947,10.315,-0.549,37.781,-178.099,32.179,101.151
-0.151,-0.048,-0.942,7.568,0.61,31.555,-177.836,32.179,98.976
-0.122,-0.048,-0.948,5.127,6.897,30.701,-177.665,31.915,96.976
-0.116,-0.046,-0.965,4.7,11.597,31.677,-177.534,31.465,94.96
-0.058,-0.03,-0.956,6.042,11.108,31.25,-177.385,30.866,92.911
-0.053,-0.048,-0.966,7.996,10.681,25.513,-177.1,30.322,91.093
-0.049,-0.068,-1.012,8.728,14.465,20.325,-176.732,29.663,89.528
0.006,-0.08,-1.014,6.348,7.812,20.203,-176.38,29.015,88.088
-0.047,-0.052,-0.996,1.343,2.991,23.254,-176.248,28.795,86.534
-0.019,-0.025,-0.932,1.465,-3.845,20.264,-176.21,28.762,85.04
-0.137,-0.058,-0.991,1.709,1.404,13.733,-176.122,28.889,83.875
0.017,-0.045,-0.967,1.221,-1.038,12.573,-176.116,28.636,82.782
-0.108,-0.033,-0.975,-0.916,-3.906,14.465,-176.111,28.878,81.832
-0.023,-0.007,-0.948,2.747,-2.869,17.273,-176.133,28.905,80.645
-0.139,-0.023,-0.97,4.639,-5.92,17.7,-175.984,29.207,79.492
-0.088,-0.01,-0.969,2.747,1.221,15.381,-175.897,29.268,78.283
-0.113,-0.021,-0.995,3.113,4.944,8.24,-175.803,29.229,77.382
0.009,-0.024,-0.979,2.197,5.615,3.906,-175.715,28.883,76.772
-0.024,-0.035,-0.987,4.822,-2.38,5.188,-175.583,28.817,76.273
-0.049,-0.05,-0.969,5.798,-7.202,11.902,-175.353,29.004,75.613
-0.116,-0.054,-0.973,9.216,-5.31,15.503,-175.034,29.355,74.603
-0.066,-0.064,-0.962,5.066,-4.517,14.465,-174.754,29.542,73.515
-0.11,-0.066,-0.959,3.601,-4.883,6.775,-174.573,29.828,72.768
-0.099,-0.056,-0.964,1.648,-2.869,5.005,-174.49,29.998,72.175
-0.091,-0.078,-0.968,1.282,-2.747,3.479,-174.391,30.135,71.691
-0.107,-0.055,-0.974,0.427,-4.15,8.118,-174.386,30.322,71.049
-0.121,-0.062,-0.976,0.549,-3.296,7.08,-174.38,30.531,70.34
-0.115,-0.041,-0.961,-1.221,-4.7,5.676,-174.435,30.745,69.736
-0.143,-0.052,-0.955,-0.977,-4.333,-0.427,-174.485,31.003,69.351
-0.151,-0.045,-0.96,-3.418,-4.089,-4.211,-174.584,31.218,69.186
-0.157,-0.047,-0.955,-1.526,0.244,-3.784,-174.666,31.36,69.131
-0.125,-0.038,-0.968,0.244,1.16,-0.977,-174.688,31.344,68.945
-0.113,-0.054,-0.97,2.319,0.488,3.662,-174.606,31.333,68.593
-0.123,-0.066,-0.968,1.221,-1.648,2.563,-174.512,31.404,68.181
-0.123,-0.043,-0.966,0.671,-1.16,4.211,-174.512,31.481,67.742
-0.14,-0.049,-0.962,1.709,-1.526,2.502,-174.457,31.586,67.352
-0.152,-0.058,-0.966,2.014,-0.732,2.686,-174.386,31.679,66.962
-0.131,-0.057,-0.949,0.244,0.061,-1.892,-174.342,31.679,66.698
-0.156,-0.051,-0.969,-0.916,2.747,-0.427,-174.348,31.657,66.489
-0.1,-0.055,-0.965,0.244,2.258,-3.296,-174.337,31.514,66.368
-0.123,-0.043,-0.965,-0.183,-0.671,-0.977,-174.348,31.52,66.215
-0.132,-0.054,-0.966,1.648,0.305,-1.526,-174.282,31.531,66.094
-0.12,-0.057,-0.958,3.174,-0.061,0.122,-174.166,31.52,65.907
-0.14,-0.069,-0.97,1.526,0.61,1.953,-174.051,31.547,65.632
-0.115,-0.062,-0.967,1.709,0.671,0.793,-173.974,31.509,65.396
-0.134,-0.064,-0.968,0.916,0.183,-0.366,-173.919,31.531,65.149
-0.118,-0.051,-0.962,0.61,1.831,0.793,-173.892,31.481,64.957
-0.125,-0.071,-0.969,2.075,0.122,0.183,-173.809,31.448,64.748
-0.123,-0.072,-0.967,1.038,1.404,0.183,-173.738,31.41,64.572
-0.117,-0.086,-0.964,-0.183,0.427,0.427,-173.694,31.371,64.402
-0.12,-0.072,-0.966,-1.221,0.977,1.648,-173.732,31.349,64.16
-0.125,-0.064,-0.966,-1.587,0.061,2.991,-173.798,31.339,63.869
-0.124,-0.06,-0.967,-1.16,1.526,3.418,-173.87,31.317,63.55
-0.116,-0.055,-0.966,-0.549,1.16,2.869,-173.925,31.273,63.237
-0.125,-0.051,-0.968,-1.343,0.61,3.052,-173.99,31.262,62.935
-0.12,-0.058,-0.966,-0.793,1.526,2.38,-174.034,31.229,62.677
-0.108,-0.047,-0.965,-0.305,1.099,1.282,-174.089,31.163,62.43
-0.125,-0.057,-0.968,-0.183,1.953,2.441,-174.106,31.113,62.21
-0.098,-0.049,-0.971,0.671,2.38,2.747,-174.117,30.998,61.93
-0.11,-0.057,-0.968,0.61,1.221,3.357,-174.1,30.932,61.661
-0.096,-0.052,-0.971,1.282,1.221,3.601,-174.084,30.866,61.364
-0.096,-0.059,-0.97,1.404,1.404,4.211,-174.034,30.811,61.117
-0.103,-0.075,-0.966,0.61,-0.61,0.671,-173.99,30.806,60.881
-0.115,-0.05,-0.971,0.122,1.16,3.845,-173.996,30.795,60.705
-0.078,-0.062,-0.962,1.892,1.221,4.395,-173.958,30.696,60.386
-0.108,-0.057,-0.969,2.075,0.671,5.859,-173.903,30.679,60.029
-0.095,-0.07,-0.966,2.319,1.16,6.409,-173.804,30.624,59.656
-0.092,-0.069,-0.972,1.953,-0.061,5.371,-173.732,30.602,59.26
-0.102,-0.067,-0.97,0.854,0.061,5.005,-173.688,30.613,58.903
-0.095,-0.069,-0.966,-0.183,-1.16,3.784,-173.688,30.63,58.596
-0.107,-0.058,-0.971,-0.488,0.0,3.662,-173.727,30.657,58.337
-0.101,-0.063,-0.97,0.305,-1.16,2.136,-173.738,30.69,58.112
-0.117,-0.056,-0.968,-0.61,-0.977,3.906,-173.765,30.756,57.887
-0.096,-0.066,-0.968,0.916,-0.061,2.686,-173.765,30.762,57.623
-0.102,-0.062,-0.972,-0.061,-1.465,2.686,-173.771,30.806,57.398
-0.113,-0.065,-0.969,-0.183,-1.587,2.319,-173.787,30.899,57.206
-0.103,-0.053,-0.966,-0.305,-1.404,2.808,-173.837,30.954,56.975
-0.114,-0.065,-0.968,-0.122,-2.869,3.967,-173.842,31.08,56.744
-0.112,-0.061,-0.971,-0.061,-2.441,4.089,-173.881,31.207,56.453
-0.122,-0.064,-0.967,-1.526,-3.052,4.211,-173.936,31.344,56.162
-0.123,-0.052,-0.961,-0.977,-3.54,4.578,-174.034,31.514,55.865
-0.136,-0.056,-0.966,-0.671,-1.892,6.348,-174.1,31.668,55.53
-0.117,-0.056,-0.961,-0.488,-1.77,8.85,-174.172,31.761,55.063
-0.126,-0.055,-0.967,-0.122,-2.563,10.498,-174.249,31.893,54.531
