-0.222,-0.147,-0.938,-5.92,-1.099,-7.629,-167.761,37.304,87.88
-0.199,-0.126,-0.937,-3.235,-1.465,-10.071,-167.904,37.238,88.303
-0.232,-0.149,-0.946,0.671,0.244,-10.803,-167.833,37.244,88.907
-0.213,-0.156,-0.939,2.197,-0.244,-6.653,-167.701,37.167,89.346
-0.227,-0.173,-0.932,0.61,2.38,-10.986,-167.547,37.068,89.758
-0.199,-0.16,-0.932,-2.441,0.549,-17.944,-167.443,36.832,90.511
-0.237,-0.159,-0.936,-0.427,2.319,-18.494,-167.349,36.667,91.417
-0.188,-0.182,-0.946,-2.136,0.977,-18.982,-167.217,36.392,92.351
-0.227,-0.181,-0.93,-2.38,0.0,-17.151,-167.157,36.26,93.257
-0.2,-0.182,-0.939,-2.808,4.272,-16.296,-167.119,36.024,94.076
-0.205,-0.182,-0.933,-2.869,1.709,-10.681,-167.13,35.826,94.708
-0.199,-0.192,-0.94,-4.7,3.601,-7.935,-167.201,35.64,95.136
-0.167,-0.167,-0.938,-3.357,2.38,-5.066,-167.371,35.425,95.4
-0.191,-0.164,-0.949,-3.723,0.61,-2.808,-167.481,35.37,95.647
-0.173,-0.146,-0.941,-0.977,-0.244,0.671,-167.596,35.327,95.685
-0.214,-0.159,-0.944,-0.916,-0.916,0.671,-167.624,35.414,95.724
-0.198,-0.167,-0.943,0.427,1.892,-1.77,-167.64,35.387,95.801
-0.194,-0.163,-0.946,-2.319,-1.221,-0.732,-167.695,35.387,95.905
-0.164,-0.153,-0.963,-4.944,1.221,0.488,-167.866,35.343,95.955
-0.172,-0.13,-0.932,-1.953,-7.202,-3.174,-168.052,35.469,96.097
-0.238,-0.157,-0.929,-1.648,-4.944,-3.052,-168.074,35.782,96.427
-0.225,-0.15,-0.929,-0.366,1.038,0.122,-168.124,35.87,96.597
-0.21,-0.138,-0.944,-0.366,3.174,6.042,-168.195,35.832,96.504
-0.18,-0.148,-0.937,2.869,3.967,4.028,-168.201,35.717,96.273
-0.189,-0.166,-0.938,1.77,1.221,6.165,-168.135,35.645,96.086
-0.18,-0.157,-0.94,1.892,3.54,6.714,-168.146,35.585,95.729
-0.19,-0.165,-0.949,-1.038,1.648,4.944,-168.168,35.524,95.471
-0.184,-0.159,-0.953,-1.648,4.822,3.174,-168.272,35.392,95.268
-0.157,-0.15,-0.956,-0.366,3.662,2.136,-168.349,35.189,95.125
-0.159,-0.146,-0.956,0.427,2.075,4.089,-168.382,35.079,94.96
-0.158,-0.15,-0.95,2.563,-0.061,2.93,-168.344,35.041,94.796
-0.178,-0.16,-0.955,0.61,-0.305,2.93,-168.289,35.057,94.686
-0.132,-0.143,-0.939,1.831,-1.221,2.197,-168.267,35.03,94.565
-0.192,-0.164,-0.948,2.93,-2.991,0.427,-168.135,35.167,94.57
-0.167,-0.167,-0.948,1.282,0.061,-0.916,-168.041,35.167,94.598
-0.172,-0.167,-0.951,0.916,0.0,-0.061,-167.97,35.167,94.614
-0.182,-0.169,-0.948,0.488,-0.244,1.465,-167.926,35.178,94.554
-0.163,-0.166,-0.944,1.587,-0.854,1.221,-167.893,35.167,94.438
-0.183,-0.161,-0.943,0.854,-1.831,2.93,-167.86,35.239,94.307
-0.169,-0.169,-0.942,0.671,-1.099,1.038,-167.827,35.277,94.175
-0.205,-0.165,-0.948,-0.183,-0.916,2.197,-167.816,35.354,94.076
-0.172,-0.169,-0.946,-1.465,1.404,2.93,-167.849,35.332,93.933
-0.179,-0.158,-0.94,-0.854,-0.183,2.686,-167.943,35.327,93.774
-0.181,-0.165,-0.946,-2.258,-0.122,3.601,-168.025,35.359,93.631
-0.192,-0.145,-0.948,-0.427,-0.549,4.7,-168.146,35.403,93.406
-0.191,-0.156,-0.943,-2.38,0.122,7.324,-168.25,35.431,93.137
-0.165,-0.141,-0.941,-0.671,1.648,7.446,-168.398,35.409,92.758
-0.195,-0.142,-0.948,-1.526,-1.282,7.446,-168.53,35.491,92.406
-0.193,-0.153,-0.948,-1.526,1.282,6.348,-168.646,35.519,92.126
-0.183,-0.137,-0.95,-1.038,0.549,6.897,-168.799,35.519,91.802
-0.192,-0.14,-0.943,-0.61,0.244,9.216,-168.915,35.574,91.384
-0.193,-0.119,-0.948,1.587,-0.366,9.033,-168.997,35.618,90.967
-0.207,-0.14,-0.948,2.686,-0.671,12.085,-168.975,35.728,90.472
-0.186,-0.135,-0.937,3.052,-0.244,12.573,-168.97,35.815,89.852
-0.207,-0.131,-0.937,3.052,-0.305,10.864,-168.948,35.942,89.269
-0.21,-0.14,-0.943,3.723,1.221,11.23,-168.887,36.002,88.737
-0.207,-0.148,-0.948,3.357,1.953,11.963,-168.832,36.019,88.127
-0.196,-0.134,-0.939,1.892,0.732,12.634,-168.854,36.046,87.468
-0.206,-0.154,-0.945,3.052,1.831,9.949,-168.843,36.085,86.847
-0.2,-0.154,-0.938,0.61,0.61,8.606,-168.838,36.079,86.331
-0.191,-0.141,-0.95,-1.16,3.845,9.399,-168.953,36.03,85.77
-0.194,-0.137,-0.942,-0.183,-0.122,7.08,-169.063,36.013,85.342
-0.219,-0.146,-0.94,-2.747,1.221,5.859,-169.178,36.041,84.996
-0.209,-0.125,-0.943,-3.235,3.296,3.967,-169.393,35.969,84.672
-0.185,-0.112,-0.949,-2.136,5.066,3.845,-169.568,35.788,84.408
-0.199,-0.116,-0.96,-0.183,2.075,3.418,-169.667,35.673,84.15
-0.191,-0.135,-0.949,-1.282,3.662,1.099,-169.711,35.53,84.023
-0.179,-0.124,-0.933,-1.526,3.662,-0.549,-169.805,35.359,83.936
-0.196,-0.123,-0.953,-1.282,3.784,-1.587,-169.871,35.2,83.958
-0.165,-0.13,-0.962,-1.404,6.531,-1.526,-169.92,34.915,83.963
-0.148,-0.129,-0.954,-0.244,1.831,-0.244,-169.958,34.689,83.947
-0.184,-0.123,-0.95,-1.648,1.282,1.099,-170.013,34.656,83.864
-0.178,-0.124,-0.951,-0.427,1.16,-0.732,-170.057,34.568,83.82
-0.184,-0.125,-0.948,-1.404,1.221,1.221,-170.096,34.508,83.771
-0.149,-0.117,-0.946,-1.587,2.502,0.793,-170.195,34.393,83.617
-0.186,-0.107,-0.958,-2.38,0.916,2.136,-170.299,34.371,83.518
-0.15,-0.112,-0.958,-0.854,3.296,1.16,-170.387,34.239,83.397
-0.161,-0.106,-0.952,-0.488,0.916,0.916,-170.453,34.167,83.331
-0.16,-0.116,-0.947,-0.916,1.709,-1.282,-170.491,34.102,83.337
-0.167,-0.106,-0.956,-0.671,2.014,-2.747,-170.535,33.986,83.425
-0.17,-0.123,-0.955,-1.221,1.831,-0.732,-170.535,33.865,83.507
-0.125,-0.102,-0.962,-0.488,6.348,-0.244,-170.607,33.618,83.425
-0.138,-0.111,-0.964,0.366,0.183,-0.732,-170.596,33.497,83.469
-0.13,-0.116,-0.962,-0.427,1.526,-1.282,-170.596,33.404,83.507
-0.157,-0.11,-0.959,0.305,-0.305,-0.977,-170.59,33.382,83.595
-0.137,-0.107,-0.954,2.319,1.465,2.014,-170.546,33.305,83.546
-0.139,-0.121,-0.953,2.502,1.953,0.732,-170.458,33.217,83.447
-0.135,-0.112,-0.958,0.061,0.427,0.671,-170.414,33.14,83.425
-0.118,-0.111,-0.962,1.221,2.258,-0.122,-170.392,33.047,83.392
-0.131,-0.12,-0.958,2.625,-1.282,-1.221,-170.305,33.008,83.441
-0.127,-0.13,-0.957,1.648,0.183,-2.075,-170.195,32.981,83.502
-0.14,-0.133,-0.964,0.671,-0.793,-0.671,-170.112,32.986,83.573
-0.132,-0.134,-0.956,0.671,-1.526,-1.038,-170.074,33.008,83.573
-0.145,-0.131,-0.952,0.977,-1.526,-1.221,-170.024,33.058,83.606
-0.167,-0.14,-0.956,-0.671,-0.854,2.869,-170.008,33.118,83.524
-0.115,-0.117,-0.948,-0.305,1.831,1.038,-170.063,33.03,83.359
-0.153,-0.125,-0.962,-0.061,-0.122,2.319,-170.068,33.058,83.26
-0.117,-0.129,-0.963,-0.854,0.61,1.587,-170.096,32.986,83.172
-0.134,-0.114,-0.953,-1.221,-1.709,1.892,-170.173,33.036,83.068
-0.159,-0.113,-0.958,-0.305,-1.526,-1.648,-170.206,33.124,83.095
-0.14,-0.115,-0.946,0.0,0.122,-3.235,-170.217,33.091,83.216
-0.165,-0.114,-0.967,-1.038,-0.671,-2.258,-170.206,33.107,83.408
-0.122,-0.12,-0.947,-0.244,0.916,-1.892,-170.222,33.036,83.469
-0.162,-0.118,-0.958,1.587,-2.197,-4.944,-170.189,33.074,83.639
-0.16,-0.127,-0.956,-0.854,1.16,-2.747,-170.134,33.074,83.831
-0.131,-0.136,-0.949,0.122,0.244,-6.042,-170.107,32.986,84.023
-0.154,-0.124,-0.955,-1.221,0.366,-5.737,-170.107,32.97,84.287
-0.143,-0.125,-0.961,-0.183,0.61,-6.348,-170.112,32.904,84.545
-0.149,-0.116,-0.962,-1.343,0.0,-3.113,-170.118,32.877,84.776
-0.13,-0.12,-0.946,0.244,-0.488,-4.089,-170.112,32.849,84.952
-0.166,-0.117,-0.968,1.099,-0.427,-3.662,-170.063,32.882,85.155
-0.147,-0.125,-0.95,2.075,-0.61,-1.953,-169.958,32.871,85.32
-0.148,-0.143,-0.949,1.587,0.061,-3.845,-169.843,32.882,85.452
-0.161,-0.14,-0.945,-0.916,0.427,-3.601,-169.799,32.882,85.622
-0.147,-0.132,-0.956,0.366,3.296,-3.235,-169.805,32.761,85.748
-0.135,-0.121,-0.965,-0.549,2.991,-0.183,-169.816,32.618,85.792
-0.115,-0.129,-0.951,0.977,1.221,-1.526,-169.788,32.492,85.825
-0.15,-0.138,-0.961,1.038,0.366,-0.366,-169.728,32.487,85.858
-0.139,-0.141,-0.961,-0.427,1.587,-0.244,-169.711,32.41,85.825
-0.116,-0.127,-0.946,-0.183,0.916,-0.061,-169.733,32.311,85.814
-0.148,-0.127,-0.956,-0.61,3.113,0.854,-169.75,32.272,85.803
-0.111,-0.144,-0.961,0.61,2.014,-1.587,-169.733,32.119,85.803
-0.143,-0.126,-0.967,-2.441,2.991,1.587,-169.788,32.064,85.765
-0.086,-0.117,-0.955,0.305,2.686,-0.61,-169.849,31.849,85.726
-0.125,-0.122,-0.969,1.648,0.793,0.793,-169.821,31.8,85.721
-0.115,-0.131,-0.965,1.099,0.488,0.854,-169.75,31.74,85.688
-0.127,-0.135,-0.953,1.282,-0.793,1.404,-169.689,31.74,85.649
-0.127,-0.124,-0.948,1.221,1.709,1.465,-169.662,31.718,85.556
-0.136,-0.145,-0.962,1.038,2.38,-0.183,-169.59,31.652,85.556
-0.12,-0.121,-0.964,0.0,3.357,2.441,-169.607,31.525,85.435
-0.116,-0.137,-0.957,2.014,2.075,0.061,-169.536,31.41,85.402
-0.092,-0.137,-0.961,1.587,3.662,-0.671,-169.481,31.24,85.358
-0.117,-0.148,-0.967,0.488,0.916,-0.183,-169.415,31.157,85.397
-0.081,-0.14,-0.963,0.427,1.709,0.793,-169.393,31.036,85.358
-0.108,-0.14,-0.953,1.221,-1.587,1.465,-169.349,31.058,85.298
-0.099,-0.161,-0.948,-0.427,0.916,-0.122,-169.31,31.047,85.281
-0.117,-0.135,-0.956,-2.014,1.831,-0.977,-169.382,31.014,85.303
-0.105,-0.126,-0.951,-1.587,0.977,1.343,-169.453,30.91,85.281
-0.123,-0.126,-0.954,0.244,4.822,0.793,-169.481,30.789,85.199
-0.119,-0.122,-0.961,-0.366,6.409,1.099,-169.497,30.542,85.106
-0.071,-0.13,-0.949,-1.709,6.714,-3.845,-169.547,30.196,85.128
-0.075,-0.117,-0.973,-1.465,3.54,-6.409,-169.634,29.938,85.375
-0.053,-0.148,-0.98,0.244,2.869,-4.761,-169.612,29.729,85.715
-0.029,-0.12,-0.986,2.502,2.502,7.08,-169.579,29.57,85.627
-0.045,-0.15,-0.961,6.287,-5.188,8.484,-169.354,29.68,85.232
-0.088,-0.15,-0.965,3.357,-2.686,6.592,-169.178,29.877,84.897
-0.104,-0.152,-0.955,1.343,-4.639,2.197,-169.08,30.02,84.71
-0.138,-0.148,-0.955,-0.671,-4.761,-1.77,-169.058,30.251,84.716
-0.14,-0.134,-0.955,-0.61,-0.122,-4.517,-169.085,30.333,84.864
-0.114,-0.148,-0.954,0.244,2.319,-7.141,-169.03,30.24,85.177
-0.094,-0.159,-0.958,1.587,4.578,-1.526,-168.948,30.081,85.303
-0.068,-0.16,-0.957,0.244,0.977,1.404,-168.898,29.932,85.232
-0.128,-0.143,-0.961,0.366,1.343,6.592,-168.904,29.987,84.968
-0.079,-0.13,-0.967,1.221,4.211,4.944,-168.898,29.861,84.617
-0.095,-0.116,-0.95,0.305,-0.427,5.615,-168.893,29.855,84.353
-0.084,-0.131,-0.966,5.432,3.479,-1.404,-168.799,29.8,84.227
-0.03,-0.179,-0.979,5.859,3.052,-3.357,-168.475,29.564,84.457
-0.029,-0.183,-0.966,2.38,-4.7,4.944,-168.289,29.564,84.386
-0.094,-0.173,-0.952,-1.892,-6.592,4.089,-168.278,29.861,84.172
-0.112,-0.149,-0.953,-1.221,-3.296,-0.061,-168.36,30.075,84.056
-0.116,-0.142,-0.951,-0.427,-1.526,3.845,-168.398,30.19,83.958
-0.103,-0.138,-0.952,0.366,-0.122,2.625,-168.415,30.245,83.776
-0.108,-0.146,-0.962,2.625,0.0,0.916,-168.338,30.245,83.699
-0.094,-0.151,-0.956,0.122,-0.854,-1.526,-168.3,30.245,83.71
-0.085,-0.161,-0.96,2.869,2.319,-4.761,-168.195,30.179,83.936
-0.055,-0.158,-0.959,0.366,-0.61,-1.892,-168.124,136.873,-2.093
-0.179,-0.193,-0.884,12.085,13.245,113.159,-171.705,36.557,15.529
-0.156,-0.18,-0.94,10.864,14.099,107.727,-172.183,36.354,9.849
-0.142,-0.148,-1.0,0.549,19.531,105.225,-172.875,35.936,4.471
-0.108,-0.01,-0.958,-5.005,8.118,105.347,-174.001,35.574,-0.824
-0.24,0.017,-0.966,0.122,-1.282,91.37,-174.968,35.695,-5.609
-0.299,0.005,-0.994,7.202,17.761,82.642,-175.616,35.475,-9.943
-0.149,-0.059,-1.014,5.31,29.114,78.491,-175.984,34.31,-13.986
-0.019,-0.049,-0.991,1.587,26.978,81.665,-176.462,33.052,-18.078
0.023,0.0,-0.946,-5.371,10.498,76.477,-177.072,32.08,-21.813
-0.004,0.082,-0.924,-8.728,7.812,89.417,-177.918,31.602,-25.598
-0.123,0.134,-1.041,0.549,9.705,92.59,-178.753,31.042,-29.954
0.068,0.044,-1.001,9.277,23.926,85.266,-178.967,29.855,-34.124
0.072,0.021,-0.963,1.953,2.014,83.313,-179.044,29.031,-37.974
0.0,0.09,-0.974,1.892,-0.427,72.266,-179.346,28.784,-41.561
0.042,0.09,-0.925,-0.916,1.16,60.181,-179.55,28.422,-44.407
0.033,0.065,-0.921,4.15,-7.996,51.575,-179.72,28.279,-46.851
-0.114,-0.002,-0.986,6.165,-5.188,53.406,-179.654,28.493,-49.076
-0.074,-0.035,-1.0,5.371,3.784,61.584,-179.561,28.218,-51.768
-0.128,-0.005,-0.97,5.493,-15.015,57.007,-179.445,28.444,-54.437
-0.257,0.008,-0.935,12.39,-12.939,51.514,-179.149,29.185,-56.948
-0.274,-0.042,-0.976,15.381,3.357,42.847,-178.588,29.454,-59.161
-0.134,-0.104,-0.96,10.925,12.024,30.029,-178.011,29.092,-60.793
-0.077,-0.101,-0.97,-0.854,0.183,24.536,-177.819,28.954,-61.875
-0.11,-0.05,-0.971,-3.662,-4.944,26.245,-177.94,29.251,-62.836
-0.069,-0.083,-0.979,0.61,-8.606,24.719,-177.946,29.553,-63.869
-0.151,-0.074,-1.023,-3.296,-17.151,20.63,-178.006,30.245,-64.666
-0.109,-0.072,-0.966,-8.179,-15.869,21.24,-178.209,31.108,-65.352
-0.096,0.018,-0.882,-9.644,-25.757,19.897,-178.66,32.075,-66.105
-0.271,0.122,-0.991,-5.615,-15.503,15.015,-179.138,33.212,-66.775
-0.122,0.057,-0.97,8.301,14.282,-1.587,-179.105,33.206,-67.05
0.034,-0.036,-0.936,-3.967,-4.517,-9.338,-178.802,32.701,-66.5
-0.243,0.066,-1.042,-8.301,-10.498,-5.798,-179.198,33.36,-66.066
-0.108,0.022,-1.032,-6.348,13.428,-14.893,-179.423,33.036,-65.358
-0.021,0.065,-0.955,-16.052,-5.615,-3.113,-179.874,32.849,-64.666
-0.132,0.183,-0.904,-12.207,-19.165,12.573,179.253,33.508,-65.023
-0.172,0.182,-0.893,-2.747,-7.996,11.536,178.753,34.047,-65.66
-0.101,0.133,-0.91,2.258,-1.709,7.69,178.594,34.113,-66.27
-0.059,0.133,-0.917,-0.61,-5.432,6.409,178.434,34.206,-66.665
-0.097,0.121,-0.906,-3.296,-16.174,7.507,178.138,34.623,-67.115
-0.125,0.154,-0.855,-4.395,-14.038,5.249,177.742,35.244,-67.516
-0.207,0.202,-0.825,-4.456,-28.687,15.93,177.275,36.112,-68.198
-0.312,0.264,-0.842,4.822,-20.02,21.484,176.814,37.26,-69.51
-0.201,0.188,-0.813,15.93,-16.968,17.7,176.924,37.974,-70.911
-0.245,0.124,-0.817,16.357,-27.893,13.916,177.27,39.084,-72.175
-0.274,0.132,-0.793,8.362,-30.762,12.39,177.473,40.485,-73.207
-0.473,0.153,-0.933,8.545,-30.09,7.996,177.517,42.012,-74.081
-0.549,0.069,-0.937,12.329,-3.662,-9.827,177.83,43.039,-74.41
-1.169,-0.005,-2.3,-3.601,6.958,-22.827,178.462,42.902,-73.383
-0.387,0.009,-1.232,16.785,53.894,-24.719,179.094,41.924,-72.12
0.02,-0.156,-1.192,14.954,43.03,-12.756,-179.648,39.386,-70.889
-0.056,-0.079,-1.01,-0.671,-10.437,5.615,-179.319,38.798,-70.571
-0.233,0.003,-0.878,3.906,-23.499,5.676,-179.236,39.803,-70.609
-0.333,-0.04,-0.844,8.85,-27.649,6.531,-178.802,40.908,-70.62
-0.486,-0.023,-0.84,13.977,-21.912,12.146,-178.385,42.237,-71.043
-0.292,-0.141,-0.747,13.184,1.221,0.732,-177.594,42.599,-71.175
-0.345,-0.151,-0.824,7.507,-8.911,-11.597,-176.858,42.929,-70.576
-0.344,-0.19,-0.824,3.479,7.629,-20.508,-176.127,43.044,-69.395
-0.111,-0.221,-0.749,-9.033,-1.16,-19.592,-175.627,42.709,-67.945
-0.052,-0.138,-0.729,-21.729,-29.907,-15.808,-175.836,43.484,-66.555
-0.178,-0.064,-0.613,-30.029,-55.847,-17.944,-176.462,45.428,-64.995
-0.403,0.019,-0.591,-32.837,-52.734,-11.963,-177.473,48.126,-63.677
-0.55,0.087,-0.834,-27.283,-34.851,-12.451,-178.539,50.147,-62.847
-0.753,0.141,-1.215,-18.982,-22.095,-13.062,-179.324,51.63,-62.161
-0.734,0.274,-1.148,-12.329,6.47,4.395,179.94,52.355,-62.012
-0.39,0.303,-1.16,-4.578,19.714,21.423,179.077,51.169,-63.051
-0.513,0.25,-1.129,17.883,-4.395,-1.465,178.819,51.136,-64.094
-0.409,0.109,-0.979,20.447,6.653,-21.484,179.989,50.856,-63.539
-0.38,-0.022,-0.872,13.916,-0.61,-23.804,-178.731,50.762,-62.474
-0.465,0.03,-0.809,0.549,-6.775,-10.132,-178.242,50.977,-61.738
-0.434,0.042,-0.803,-0.366,5.432,-12.207,-178.072,50.927,-61.348
-0.387,0.061,-0.753,-2.991,16.296,-10.986,-177.984,50.471,-60.826
-0.259,0.081,-0.675,-4.089,14.526,-3.845,-178.116,49.559,-60.617
-0.359,0.107,-0.674,3.967,16.724,1.465,-178.242,49.005,-60.798
-0.307,0.087,-0.699,10.925,27.161,-3.479,-178.028,47.873,-61.051
-0.144,0.0,-0.763,4.333,-1.221,-7.568,-177.627,47.087,-60.941
-0.26,0.0,-0.783,-3.296,-28.931,-9.644,-177.589,47.884,-60.546
-0.575,-0.011,-0.939,-6.592,-39.856,-6.714,-177.726,49.493,-60.095
-0.62,-0.045,-1.017,-5.798,-15.015,-6.897,-177.896,50.944,-59.777
-0.602,-0.131,-1.392,-10.193,-23.743,-8.301,-177.88,51.471,-59.233
-0.695,0.0,-1.327,0.366,-20.752,-0.732,-178.215,53.229,-58.975
-0.4,-0.13,-1.039,7.202,-6.531,12.451,-177.88,53.35,-59.134
-0.528,-0.027,-0.95,-0.61,-22.949,26.489,-178.303,54.245,-60.205
-0.51,-0.013,-0.802,2.686,-3.906,13.916,-178.693,54.739,-61.183
-0.467,-0.014,-0.745,3.479,1.77,8.484,-178.759,54.662,-61.622
-0.433,-0.058,-0.717,0.305,4.211,1.953,-178.676,54.465,-61.743
-0.542,-0.043,-0.735,-3.296,0.61,-1.221,-178.665,54.476,-61.595
-0.525,-0.029,-0.743,-1.038,10.498,-5.798,-178.539,54.163,-61.287
-0.571,-0.039,-0.784,4.089,5.249,-11.658,-178.094,53.987,-60.699
-0.399,-0.126,-0.733,7.385,21.179,-21.118,-177.094,53.361,-59.612
-0.38,-0.114,-0.706,-4.028,0.793,-12.085,-176.446,52.899,-58.53
-0.347,-0.093,-0.64,-6.592,1.709,-10.742,-176.303,52.965,-57.777
-0.382,-0.063,-0.626,-18.982,-11.475,-3.784,-176.49,53.256,-57.036
-0.34,-0.0,-0.657,-21.179,-8.728,3.052,-177.336,53.756,-56.86
-0.646,0.097,-0.929,-18.127,-18.005,9.583,-178.434,54.525,-57.107
-0.597,0.1,-1.047,-5.188,-2.258,9.155,-179.236,55.036,-57.684
-0.821,0.239,-1.115,0.0,6.409,22.705,179.89,55.371,-58.815
-0.496,0.13,-1.168,18.982,35.645,6.47,179.984,53.866,-59.771
-0.435,0.071,-1.197,18.555,11.353,-0.427,-179.313,52.839,-60.046
-0.416,-0.047,-1.056,11.23,13.855,-18.677,-178.319,52.136,-59.491
-0.399,-0.042,-0.939,-8.545,5.92,-20.081,-177.825,51.57,-58.282
-0.364,0.058,-0.816,-17.822,-1.16,-17.456,-178.16,51.372,-57.189
-0.42,0.11,-0.759,-17.212,-10.559,-17.517,-178.654,51.68,-56.206
-0.491,0.135,-0.764,-11.658,-0.732,-18.799,-179.0,51.971,-55.316
-0.423,0.1,-0.702,-7.446,10.803,-19.897,-179.05,51.685,-54.437
-0.331,0.114,-0.648,-3.296,15.93,-15.869,-179.006,51.026,-53.674
-0.433,0.089,-0.722,0.793,10.498,-7.812,-178.923,50.587,-53.344
-0.411,0.091,-0.818,0.977,35.156,-3.296,-178.923,49.395,-53.328
-0.31,0.033,-0.776,0.427,18.86,1.038,-178.934,48.175,-53.481
-0.356,0.089,-0.774,-6.226,11.23,7.019,-179.335,47.488,-53.839
-0.393,0.08,-0.823,4.089,20.386,10.559,-179.703,46.939,-54.426
-0.264,0.079,-0.982,15.381,18.616,36.621,-179.742,45.731,-55.624
-0.522,0.067,-1.133,34.424,-11.475,85.938,-179.802,45.681,-58.997
-0.257,-0.061,-0.984,47.607,-8.423,80.994,-179.374,45.736,-63.633
-0.659,-0.125,-1.019,23.987,-52.429,42.603,-178.786,47.379,-66.846
-0.628,-0.149,-1.083,11.047,36.987,-11.414,-178.182,48.065,-67.473
-0.229,-0.207,-1.017,-14.954,42.725,-29.175,-177.506,45.797,-65.775
-0.131,-0.037,-1.043,-24.475,25.208,-18.066,-178.083,44.302,-64.243
-0.095,-0.005,-0.915,-19.897,-5.127,-9.155,-178.687,43.72,-63.105
-0.309,0.042,-0.868,-7.69,-24.658,-7.202,-179.127,44.643,-62.413
-0.361,-0.032,-0.779,1.16,-17.639,-15.869,-178.885,45.472,-61.507
-0.401,-0.111,-0.782,1.404,-16.052,-26.184,-178.204,46.236,-60.073
-0.379,-0.126,-0.726,0.0,-7.874,-28.992,-177.484,46.868,-58.321
-0.396,-0.121,-0.714,-6.104,-2.686,-18.86,-176.968,47.131,-56.81
-0.267,-0.078,-0.69,-3.906,11.047,-12.817,-176.759,46.895,-55.844
-0.224,-0.066,-0.674,-8.667,-10.315,-7.446,-176.633,46.879,-54.998
-0.268,-0.047,-0.73,-11.78,-14.648,-4.333,-176.836,47.477,-54.437
-0.561,0.053,-0.99,-17.822,-26.184,-1.892,-177.435,48.582,-54.031
-0.602,0.085,-1.231,-10.01,19.714,-4.395,-177.957,48.851,-53.74
-0.561,0.224,-1.363,-2.075,28.198,11.719,-178.583,47.769,-54.003
-0.16,0.106,-1.334,12.939,46.875,7.263,-178.462,45.599,-54.558
-0.097,0.082,-1.129,2.563,-6.104,3.235,-178.264,44.401,-54.783
-0.348,0.085,-0.947,-0.244,-25.024,-11.841,-178.253,45.154,-54.465
-0.42,0.078,-0.772,-2.197,-20.874,-20.447,-178.121,46.17,-53.542
-0.425,0.057,-0.72,1.038,-5.737,-18.127,-177.902,46.791,-52.575
-0.253,0.025,-0.643,-0.977,-2.563,-5.554,-177.786,46.802,-52.13
-0.377,0.078,-0.702,-1.099,-9.888,7.019,-178.017,47.384,-52.35
-0.312,0.083,-0.732,5.31,3.296,16.968,-178.297,47.395,-53.245
-0.244,0.044,-0.734,9.338,-1.465,18.616,-178.407,47.401,-54.338
-0.146,0.022,-0.718,4.578,-13.611,19.958,-178.566,47.675,-55.393
-0.257,0.04,-0.768,-0.427,-40.283,17.883,-179.033,49.037,-56.393
-0.631,0.065,-0.977,-4.089,-48.462,21.24,-179.725,51.202,-57.42
-0.578,0.005,-0.905,4.578,-26.978,7.751,179.714,53.047,-58.48
-0.907,-0.017,-1.101,-3.357,-34.851,-2.136,179.714,54.52,-58.464
-0.595,-0.084,-1.121,10.864,28.259,-5.92,-179.83,54.597,-58.156
-0.368,-0.083,-1.058,-2.808,7.507,13.306,-179.44,53.597,-57.98
-0.368,0.046,-0.88,-5.127,-11.475,29.297,179.764,53.575,-59.09
-0.452,0.115,-0.764,-5.188,-24.109,22.461,178.841,54.311,-60.441
-0.59,0.132,-0.697,6.47,-21.301,2.38,178.44,55.393,-61.177
-0.519,0.012,-0.628,15.259,-2.075,-20.142,179.258,56.069,-60.688
-0.56,-0.037,-0.719,11.169,4.211,-23.499,-179.423,56.069,-59.387
-0.484,-0.126,-0.721,9.583,19.958,-31.128,-178.006,55.563,-57.744
-0.366,-0.147,-0.689,-2.197,24.109,-25.879,-176.891,54.476,-55.964
-0.289,-0.113,-0.619,-8.789,9.277,-20.935,-176.424,53.696,-54.52
-0.325,-0.082,-0.552,-9.644,-5.981,-20.142,-176.116,53.773,-53.091
-0.4,-0.056,-0.567,-11.23,-5.371,-9.583,-176.017,54.108,-52.02
-0.584,0.03,-0.867,-12.695,-0.671,6.531,-176.506,54.256,-51.905
-0.578,0.07,-0.984,-0.183,12.024,15.015,-177.061,54.124,-52.559
-0.779,0.163,-1.312,-4.517,-4.517,33.203,-177.973,53.696,-54.113
-0.73,0.169,-1.283,20.325,53.04,19.47,-178.308,52.872,-55.75
-0.239,0.042,-1.12,24.597,45.349,12.329,-177.654,50.136,-56.722
-0.232,-0.061,-0.956,10.681,-3.906,8.362,-177.1,49.054,-57.343
-0.483,0.0,-0.946,-2.136,-12.451,-0.671,-177.083,49.647,-57.431
-0.437,0.042,-0.866,-4.089,7.69,-0.366,-177.242,49.576,-57.272
-0.351,0.089,-0.792,-1.404,1.16,3.662,-177.523,49.307,-57.393
-0.355,0.08,-0.758,5.981,-4.761,0.793,-177.589,49.4,-57.596
-0.334,0.034,-0.716,6.226,-3.723,0.488,-177.369,49.603,-57.667
-0.349,0.023,-0.72,2.563,-4.517,6.348,-177.341,49.774,-57.936
-0.368,0.059,-0.715,-1.77,-5.066,11.719,-177.698,50.048,-58.53
-0.289,0.064,-0.666,-3.296,-8.606,8.911,-178.182,50.317,-59.183
-0.317,0.024,-0.649,-4.456,-24.841,-4.761,-178.517,51.202,-59.321
-0.543,0.008,-0.887,-14.343,-27.405,-7.751,-178.868,52.581,-58.909
-0.751,0.089,-0.989,-14.771,-16.846,-3.052,-179.632,53.833,-58.755
-0.803,0.057,-1.15,-6.226,-0.549,-6.409,-179.978,54.212,-58.59
-0.796,0.069,-1.171,13.672,35.706,-17.456,-179.539,53.729,-58.019
-0.222,-0.189,-1.136,13.184,50.781,-18.677,-177.924,50.861,-56.684
-0.152,-0.076,-1.007,-10.986,6.409,12.146,-177.825,49.488,-56.404
-0.321,0.042,-0.869,-15.32,-13.0,21.729,-178.802,49.636,-57.112
-0.45,0.12,-0.852,-6.653,-6.226,16.052,-179.819,49.949,-58.03
-0.439,0.075,-0.863,4.7,2.014,4.456,179.951,49.944,-58.491
-0.421,0.021,-0.821,12.451,-0.122,0.732,-179.687,49.812,-58.607
-0.405,-0.073,-0.82,11.169,-2.136,-4.456,-179.011,49.894,-58.491
-0.449,-0.065,-0.82,5.249,-3.418,-5.249,-178.445,50.065,-58.101
-0.431,-0.058,-0.827,6.958,5.92,-4.578,-177.984,50.076,-57.766
-0.293,-0.103,-0.756,7.141,2.747,-6.836,-177.347,49.818,-57.316
-0.404,-0.125,-0.77,1.587,-13.916,-12.634,-176.803,50.202,-56.618
-0.462,-0.129,-0.722,-2.441,-3.54,-17.029,-176.237,50.74,-55.464
-0.331,-0.078,-0.701,-5.554,7.019,-2.502,-176.061,50.543,-54.805
-0.33,-0.024,-0.772,-7.69,7.935,13.245,-176.435,50.18,-55.047
-0.207,0.023,-0.755,-6.165,9.277,19.47,-177.127,49.768,-55.915
-0.094,0.022,-0.748,-4.639,-15.747,12.39,-177.66,49.68,-56.591
-0.552,0.064,-0.924,-7.935,-59.082,9.766,-178.253,51.68,-56.986
-0.888,0.072,-1.182,8.24,-0.854,1.526,-178.38,53.443,-57.316
-0.724,0.057,-1.2,9.583,14.587,12.878,-178.127,53.026,-57.739
-0.489,0.071,-1.184,6.226,29.541,27.222,-178.297,51.921,-58.986
-0.353,0.092,-1.078,3.54,-2.197,23.926,-178.819,51.108,-60.568
-0.531,0.054,-0.915,-0.854,-15.808,3.235,-179.143,51.647,-61.342
-0.515,0.063,-0.786,-1.404,-0.977,-3.967,-179.242,52.081,-61.287
-0.351,0.053,-0.647,0.549,4.944,1.16,-179.269,51.921,-61.271
-0.314,0.056,-0.587,0.244,-4.944,4.456,-179.39,51.971,-61.523
-0.396,0.083,-0.639,2.991,3.784,10.742,-179.61,52.097,-62.062
-0.249,0.063,-0.616,3.54,12.512,17.578,-179.879,51.548,-63.007
-0.231,0.074,-0.616,-0.916,-15.32,18.677,179.572,51.592,-64.177
-0.53,0.081,-0.874,-2.808,-26.367,10.803,179.0,52.63,-65.094
-0.772,0.06,-1.078,-2.197,-22.095,11.963,178.44,53.948,-65.901
-0.562,-0.037,-1.053,9.277,6.714,-2.075,178.462,54.267,-66.308
-0.884,-0.031,-1.149,4.639,-0.793,-6.775,178.973,54.503,-65.836
-0.446,-0.134,-1.023,8.362,45.471,2.625,179.676,52.877,-65.511
-0.361,-0.03,-1.079,-5.005,8.911,24.597,179.445,51.702,-66.121
-0.476,0.084,-0.896,1.526,5.676,30.396,178.813,51.334,-67.44
-0.506,0.106,-0.844,15.991,7.751,30.64,178.522,50.911,-69.022
-0.474,-0.004,-0.764,23.865,7.019,25.452,178.951,50.449,-70.466
-0.417,-0.081,-0.669,19.714,4.517,23.682,179.528,50.224,-71.708
-0.4,-0.07,-0.639,13.55,8.789,24.17,179.89,49.993,-72.817
-0.313,-0.088,-0.587,15.564,19.531,19.653,-179.731,49.422,-73.773
-0.29,-0.074,-0.585,10.742,12.512,19.165,-179.313,48.708,-74.487
-0.354,-0.054,-0.668,8.789,2.625,23.56,-179.077,48.45,-75.306
-0.327,-0.025,-0.743,12.634,3.906,30.64,-178.989,48.422,-76.503
-0.245,-0.039,-0.782,15.625,-9.46,35.767,-178.863,48.571,-78.069
-0.372,-0.031,-1.061,13.306,-36.194,35.034,-178.759,49.57,-79.711
-0.705,0.038,-1.206,7.996,-55.298,26.367,-178.824,51.861,-81.085
-1.021,0.127,-1.309,7.08,-26.611,30.212,-179.182,53.915,-82.463
-0.956,0.141,-1.423,18.555,33.02,44.373,-179.643,53.476,-84.639
-0.403,0.013,-1.244,17.578,48.34,50.049,-179.901,51.048,-87.144
-0.147,0.025,-0.894,3.052,7.202,53.528,179.269,49.653,-89.83
-0.238,0.11,-0.588,9.583,-34.607,46.204,178.33,50.323,-92.384
-0.288,0.1,-0.442,18.677,-43.091,56.396,177.753,51.921,-95.142
-0.507,0.159,-0.538,27.344,-46.387,75.317,176.907,53.844,-98.992
-0.64,0.172,-0.702,48.523,-15.625,101.135,176.017,55.135,-104.101
-0.871,0.165,-1.058,60.486,-13.428,140.137,175.078,54.954,-110.978
-0.645,0.058,-1.072,91.003,23.926,145.386,174.507,54.168,-119.009
-0.423,-0.233,-0.977,94.727,2.258,124.817,175.847,52.344,-125.931
-0.574,-0.213,-0.899,66.223,-21.729,110.413,176.869,52.652,-131.814
-0.623,-0.193,-0.8,62.256,7.751,105.103,177.468,52.773,-136.895
-0.401,-0.25,-0.754,53.589,29.968,104.919,177.99,51.476,-141.663
-0.238,-0.21,-0.698,33.691,14.893,97.961,178.044,50.175,-145.948
-0.386,-0.144,-0.734,29.114,-11.475,79.224,177.841,50.208,-149.573
-0.456,-0.188,-0.812,26.672,-8.301,63.11,178.072,50.603,-152.144
-0.482,-0.203,-0.95,20.264,-6.592,55.176,178.27,50.971,-154.215
-0.47,-0.103,-0.991,8.484,-14.038,41.443,178.099,51.422,-155.792
-0.653,0.009,-1.01,6.226,-21.606,5.188,178.116,52.559,-156.165
-0.246,-0.076,-0.828,0.0,16.235,-33.203,179.258,52.443,-154.182
-0.395,0.042,-0.86,-30.945,-40.955,-2.747,179.198,52.971,-152.309
-0.665,0.235,-0.908,-16.052,3.845,28.564,177.665,54.141,-152.743
-0.415,0.248,-0.862,6.836,25.024,53.65,176.385,52.861,-154.627
-0.348,0.221,-0.852,22.949,24.109,68.909,175.54,51.273,-157.692
-0.284,0.211,-0.819,32.898,13.672,78.613,175.078,49.768,-161.455
-0.286,0.183,-0.771,36.743,-1.221,73.547,174.985,48.9,-165.427
-0.326,0.227,-0.804,36.743,-7.996,63.477,175.073,48.631,-169.047
-0.393,0.228,-0.83,41.26,-14.709,55.847,175.457,48.752,-172.189
-0.394,0.199,-0.834,41.26,-10.193,57.129,176.045,48.961,-175.078
-0.447,0.188,-0.894,40.527,-20.874,63.232,176.402,49.378,-178.275
-0.441,0.136,-0.878,38.94,-17.578,61.523,176.671,50.015,178.462
-0.729,0.143,-1.229,32.593,-29.602,65.186,176.699,50.768,175.204
-0.734,0.088,-1.146,36.682,-14.526,67.627,176.594,51.608,171.76
-0.572,-0.03,-0.925,44.25,-8.179,62.683,176.83,51.943,168.602
-0.504,-0.136,-0.878,57.739,12.207,55.237,178.039,51.581,166.042
-0.355,-0.276,-0.744,58.411,0.366,60.608,179.758,51.202,163.51
-0.571,-0.201,-0.843,40.283,1.953,71.045,-179.33,51.328,160.351
-0.344,-0.187,-0.853,42.969,38.94,57.495,-178.533,50.12,157.346
-0.191,-0.23,-0.844,30.762,21.729,36.255,-177.374,48.56,155.11
-0.258,-0.227,-0.798,17.273,-4.761,15.503,-176.424,48.137,153.622
-0.42,-0.232,-0.799,14.648,-9.46,1.892,-175.474,48.477,152.957
-0.436,-0.264,-0.813,6.836,0.488,2.93,-174.512,48.62,152.831
-0.468,-0.223,-0.819,2.808,-0.549,6.409,-174.067,48.691,152.523
-0.382,-0.203,-0.809,-0.366,17.517,9.827,-173.809,48.34,152.205
-0.323,-0.161,-0.858,-4.639,17.456,11.475,-173.914,47.549,151.567
-0.271,-0.162,-0.82,-5.737,12.634,2.136,-174.018,46.769,151.144
-0.369,-0.138,-0.8,-10.559,5.249,-2.38,-174.199,46.467,151.1
-0.253,-0.122,-0.728,-15.442,-4.7,-12.695,-174.43,46.252,151.507
-0.369,-0.099,-0.671,-17.151,-23.682,-23.132,-174.633,47.181,152.6
-0.259,-0.124,-0.611,-24.17,-26.245,-18.311,-174.968,48.274,153.962
-0.579,-0.044,-0.841,-29.785,-62.622,-12.451,-175.776,50.685,155.006
-0.847,0.15,-1.148,-19.47,-20.264,-3.723,-176.71,52.861,155.973
-0.707,0.119,-1.114,-1.221,14.038,15.564,-177.358,53.091,156.033
-0.345,0.118,-1.07,-8.667,25.391,15.381,-178.121,51.674,155.599
-0.521,0.117,-1.108,6.287,6.897,-12.207,-178.369,51.57,155.709
-0.375,0.029,-1.102,1.404,25.085,-21.179,-177.737,50.521,157.022
-0.257,0.028,-1.009,-9.827,23.254,-5.92,-177.742,49.274,157.819
-0.158,0.068,-0.786,-24.231,-14.282,-3.113,-178.544,48.691,157.967
-0.531,0.196,-0.839,-24.048,-15.93,-9.766,-179.857,49.686,158.115
-0.345,0.166,-0.778,-5.676,29.358,-17.761,179.632,49.147,159.06
-0.184,0.094,-0.819,0.793,17.822,-11.292,179.758,47.845,160.12
-0.2,0.076,-0.828,5.31,7.507,-0.549,179.901,47.236,160.488
-0.14,0.098,-0.816,6.592,4.944,16.479,179.885,46.67,159.972
-0.187,0.109,-0.674,5.676,-23.132,26.917,179.604,46.972,158.588
-0.348,0.19,-0.671,5.188,-32.593,30.212,178.956,48.192,156.775
-0.481,0.142,-0.747,13.794,-26.428,18.616,178.709,49.493,155.533
-0.382,0.111,-0.781,9.583,-21.118,17.822,178.616,50.499,154.688
-0.645,0.106,-0.936,7.324,-34.668,15.32,178.418,51.888,153.94
-0.756,0.036,-1.126,11.292,-20.752,4.944,178.467,53.234,153.572
-0.835,-0.004,-1.149,7.874,-9.644,-1.038,178.896,53.882,153.968
-0.52,-0.057,-1.031,11.719,22.766,-6.042,179.473,53.476,154.517
-0.374,-0.075,-0.977,3.357,11.597,-7.141,-179.797,52.685,155.363
-0.354,-0.03,-0.821,0.0,-4.211,-0.61,-179.55,52.427,155.687
-0.459,-0.01,-0.794,-1.282,-6.897,3.479,-179.484,52.745,155.726
-0.516,0.033,-0.811,2.197,-2.319,8.606,-179.61,52.976,155.506
-0.428,-0.038,-0.784,3.967,5.554,1.587,-179.451,52.844,155.517
-0.479,-0.022,-0.829,4.272,6.47,-1.77,-179.209,52.707,155.797
-0.344,-0.091,-0.798,6.836,15.991,-8.911,-178.654,52.092,156.352
-0.342,-0.102,-0.837,1.282,7.874,-10.254,-178.044,51.454,157.066
-0.294,-0.102,-0.721,-1.526,-4.272,-12.268,-177.627,51.35,157.714
-0.407,-0.101,-0.697,-8.24,-17.944,-12.146,-177.352,51.905,158.423
-0.406,-0.035,-0.681,-12.39,-5.554,-5.127,-177.534,52.482,159.005
-0.341,-0.005,-0.631,-12.451,-11.353,-1.282,-177.907,52.877,159.373
-0.499,0.04,-0.762,-11.597,-14.709,0.732,-178.412,53.564,159.576
-0.67,0.113,-0.939,-4.883,-15.686,-1.709,-178.813,54.448,159.911
-0.7,0.142,-1.166,-0.549,1.892,0.244,-178.868,54.756,160.395
-0.823,0.19,-1.247,17.517,32.227,9.949,-178.945,54.338,160.23
-0.174,-0.09,-1.244,23.743,48.523,-3.662,-177.814,51.405,160.505
-0.211,-0.129,-1.084,-0.305,-12.207,-9.216,-177.138,50.482,160.714
-0.549,-0.011,-0.955,-14.893,-28.625,-18.982,-177.22,51.559,161.312
-0.593,0.065,-0.865,-11.23,0.732,-16.052,-177.413,52.152,162.318
-0.471,0.071,-0.769,-8.667,1.465,-2.991,-177.676,51.971,162.993
-0.471,0.093,-0.762,-5.859,3.54,2.869,-178.099,51.905,163.213
-0.417,0.081,-0.711,-4.028,5.493,6.775,-178.544,51.74,163.196
-0.39,0.111,-0.702,-1.16,7.324,8.423,-179.017,51.487,163.021
-0.367,0.108,-0.707,1.831,10.986,16.541,-179.407,51.07,162.625
-0.361,0.125,-0.734,4.883,14.465,25.879,-179.973,50.471,161.581
-0.25,0.122,-0.741,5.31,9.766,29.358,179.467,49.735,160.23
-0.296,0.12,-0.754,5.737,-15.808,27.466,178.901,49.889,158.681
-0.358,0.157,-0.79,6.165,-16.968,27.039,178.341,50.62,157.159
-0.486,0.127,-0.962,9.583,-21.057,22.949,177.946,51.372,155.704
-0.632,0.051,-1.071,6.836,-16.052,19.592,177.654,52.295,154.517
-0.53,-0.006,-0.906,1.282,-11.536,8.545,177.374,53.026,153.831
-0.722,0.006,-1.038,1.221,-4.089,-2.808,177.352,53.531,153.935
-0.576,-0.063,-1.064,0.305,21.973,-2.93,177.742,52.866,154.506
-0.414,0.009,-1.035,-1.953,24.963,15.503,177.693,51.724,154.44
-0.323,0.046,-0.903,0.183,4.333,24.658,177.325,50.817,153.358
-0.423,0.088,-0.856,3.174,-7.385,23.56,176.913,50.812,151.935
-0.416,0.059,-0.778,8.179,-4.395,21.057,176.704,50.955,150.639
-0.446,0.03,-0.736,9.216,-4.089,10.498,176.808,51.092,149.793
-0.417,-0.006,-0.784,14.343,12.634,3.357,177.347,50.894,149.573
-0.407,-0.028,-0.829,13.855,14.465,2.319,178.132,50.213,149.579
-0.324,-0.063,-0.805,12.329,7.629,-4.456,178.951,49.675,149.7
-0.364,-0.055,-0.772,3.906,-0.122,-3.418,179.577,49.592,149.919
-0.339,-0.04,-0.733,-0.977,-3.784,-4.761,179.879,49.691,150.029
-0.433,0.027,-0.762,-5.554,-6.409,-1.709,179.863,50.026,150.112
-0.315,0.0,-0.708,-1.343,3.784,-3.601,179.907,50.026,150.255
-0.31,-0.007,-0.75,-9.094,-17.151,-1.892,179.797,50.372,150.359
-0.616,0.05,-0.924,-8.911,-14.648,-1.16,179.396,51.361,150.315
-0.401,0.075,-0.905,-4.272,1.404,0.549,179.165,51.498,150.419
-0.793,0.197,-1.113,-5.249,-14.343,22.278,178.462,51.976,149.65
-0.491,0.118,-1.125,18.494,48.34,9.399,178.643,50.663,149.024
-0.244,0.064,-1.148,13.062,28.259,10.62,179.22,48.587,148.661
-0.266,-0.01,-1.044,5.432,2.014,-2.197,179.583,47.763,148.233
-0.365,0.029,-0.938,-9.827,-15.076,-1.099,179.506,48.021,148.074
-0.441,0.106,-0.863,-10.864,-14.038,1.221,178.912,48.708,147.728
-0.428,0.124,-0.806,-2.869,-4.578,-2.38,178.55,49.109,147.618
-0.374,0.096,-0.748,2.014,-1.404,-0.854,178.533,49.224,147.678
-0.375,0.071,-0.748,4.456,-1.892,-0.488,178.649,49.318,147.711
-0.331,0.067,-0.713,3.479,2.991,7.69,178.715,49.301,147.552
-0.292,0.113,-0.712,-0.061,-4.456,22.278,178.33,49.23,146.607
-0.331,0.142,-0.715,3.479,-7.446,24.719,177.748,49.488,145.201
-0.33,0.149,-0.713,5.249,-14.954,22.522,177.292,49.872,143.811
-0.431,0.114,-0.774,6.775,-11.23,12.085,177.039,50.554,142.828
-0.481,0.1,-0.974,1.404,-10.254,6.531,176.929,50.812,142.366
-0.632,0.106,-1.113,3.174,-9.033,2.258,176.786,51.443,142.02
-0.474,0.03,-1.006,4.822,0.122,-5.31,177.028,51.68,142.147
-0.725,0.078,-1.153,8.85,15.442,-2.869,177.286,51.927,142.306
-0.39,-0.026,-1.033,11.963,38.025,-1.099,178.099,50.268,142.663
-0.23,-0.003,-1.021,3.357,12.39,9.033,178.484,49.005,142.339
-0.345,0.045,-0.893,1.404,-10.193,10.803,178.429,48.933,141.482
-0.447,0.056,-0.837,3.54,-9.644,10.437,178.341,49.307,140.532
-0.466,0.027,-0.823,9.155,0.366,-1.404,178.572,49.548,140.026
-0.395,-0.01,-0.79,6.348,1.16,-5.432,179.132,49.438,140.12
-0.414,-0.042,-0.82,8.545,2.991,-7.446,179.72,49.477,140.312
-0.421,-0.041,-0.852,6.897,8.179,-2.686,-179.692,49.224,140.411
-0.333,-0.062,-0.813,7.751,6.714,-3.479,-179.132,48.851,140.35
-0.401,-0.082,-0.811,4.272,0.244,-4.7,-178.627,48.818,140.279
-0.331,-0.095,-0.772,-2.014,3.784,-5.737,-178.292,48.609,140.284
-0.376,-0.05,-0.796,-10.803,-4.883,-0.305,-178.418,48.719,140.076
-0.288,-0.01,-0.699,-11.841,-7.324,1.16,-178.841,48.961,139.691
-0.355,0.043,-0.667,-13.306,-22.217,1.831,-179.451,49.796,139.268
-0.498,0.051,-0.795,-8.362,-15.259,-0.854,-179.89,50.768,139.092
-0.592,0.088,-0.944,-5.005,-9.216,-0.977,179.742,51.476,139.043
-0.623,0.077,-1.254,-8.24,9.46,4.517,179.572,51.317,139.158
-0.541,0.166,-1.175,7.996,20.874,3.723,179.209,50.911,138.785
-0.381,0.074,-1.153,8.362,21.606,5.554,179.61,49.537,138.724
-0.414,0.054,-1.152,4.822,16.479,-3.357,179.808,48.719,138.411
-0.281,0.014,-0.98,-5.92,11.963,-14.038,-179.962,47.84,138.829
-0.377,0.091,-0.906,-16.724,-10.132,-5.737,179.588,47.758,139.065
-0.411,0.135,-0.816,-9.827,-2.319,-6.409,178.995,48.109,139.164
-0.326,0.156,-0.727,-3.418,-3.723,1.77,178.616,48.17,139.158
-0.304,0.125,-0.687,3.906,-3.174,3.906,178.467,48.329,138.955
-0.296,0.14,-0.666,5.981,-7.202,11.658,178.385,48.571,138.45
-0.369,0.127,-0.754,9.277,-3.052,16.907,178.275,48.713,137.565
-0.31,0.113,-0.763,7.446,-0.122,14.343,178.204,48.691,136.692
-0.309,0.127,-0.765,5.371,-12.146,10.071,178.039,48.966,135.923
-0.357,0.104,-0.848,1.465,-19.897,5.737,177.874,49.675,135.335
-0.594,0.071,-0.985,2.563,-23.071,1.587,177.742,50.845,134.918
-0.472,0.012,-0.931,0.977,-8.85,-2.197,177.753,51.531,134.725
-0.816,0.044,-1.085,-3.296,-9.338,-5.371,177.803,52.042,134.813
-0.446,-0.035,-1.032,9.583,30.273,-14.771,178.489,51.119,135.401
-0.302,-0.044,-1.013,1.221,10.132,0.244,179.116,50.175,135.698
-0.364,0.011,-0.878,-0.793,-10.437,12.756,179.033,50.103,134.923
-0.497,0.07,-0.844,3.723,-5.188,17.395,178.737,50.488,133.649
-0.417,0.013,-0.8,8.606,0.977,7.446,178.857,50.433,132.72
-0.433,-0.012,-0.763,6.958,-2.869,2.563,179.187,50.548,132.281
-0.43,-0.024,-0.765,5.554,4.333,-5.005,179.572,50.526,132.111
-0.377,-0.073,-0.785,7.08,14.16,-14.221,-179.714,50.142,132.501
-0.254,-0.103,-0.767,1.77,13.245,-14.343,-179.0,49.438,132.995
-0.277,-0.108,-0.731,-9.521,-15.991,-19.165,-178.649,49.51,133.418
-0.495,-0.026,-0.698,-13.306,-27.283,-19.897,-178.682,50.834,133.989
-0.479,-0.019,-0.706,-7.08,-5.493,-17.761,-178.528,51.586,134.747
-0.411,-0.025,-0.783,-10.254,-10.254,-8.972,-178.478,51.943,135.319
-0.54,0.036,-0.939,-8.362,-14.282,-0.793,-178.77,52.657,135.363
-0.5,0.07,-0.913,-5.798,-5.005,0.977,-179.077,53.262,135.291
-0.757,0.183,-1.117,-5.249,-7.935,14.709,-179.692,53.339,134.72
-0.48,0.09,-1.089,12.268,33.386,1.648,-179.511,52.526,134.44
-0.476,0.094,-1.138,8.179,-0.427,0.183,-179.247,51.828,134.308
-0.455,-0.027,-0.944,0.244,-1.343,-14.709,-178.77,51.762,134.709
-0.56,0.055,-0.903,-11.719,-5.493,-10.986,-178.89,52.064,135.28
-0.433,0.051,-0.788,-10.193,11.047,-12.329,-179.11,51.866,135.989
-0.296,0.096,-0.677,-11.597,5.432,-1.465,-179.528,51.438,136.434
-0.333,0.143,-0.682,-4.578,2.197,8.179,179.852,51.323,136.23
-0.256,0.125,-0.656,2.136,5.92,14.221,179.434,50.977,135.67
-0.335,0.149,-0.73,6.47,-0.427,21.118,179.006,50.812,134.654
-0.324,0.123,-0.759,7.812,-4.822,20.447,178.715,50.729,133.495
-0.33,0.111,-0.735,7.874,-11.719,14.648,178.456,51.108,132.451
-0.549,0.068,-0.994,1.099,-25.208,7.935,178.275,51.877,131.825
-0.655,0.021,-1.051,2.502,-5.066,6.714,177.99,52.762,131.331
-0.405,-0.039,-1.0,-3.967,-11.658,1.709,177.902,52.85,131.105
-1.102,0.13,-1.204,6.104,-1.16,5.371,177.583,54.086,130.633
-0.355,-0.105,-1.015,23.743,73.303,4.272,178.802,51.13,130.847
-0.165,-0.051,-0.991,-2.991,0.549,36.743,178.813,49.625,129.457
-0.486,0.104,-0.837,0.183,-15.625,30.823,177.858,50.224,127.002
-0.396,0.078,-0.729,8.85,-3.54,24.048,177.528,50.411,125.288
-0.485,0.053,-0.753,9.094,-3.784,17.883,177.501,50.625,123.992
-0.383,0.003,-0.74,16.296,15.381,3.845,177.918,50.317,123.333
-0.255,-0.088,-0.735,12.39,13.062,-10.01,178.896,49.592,123.448
-0.308,-0.082,-0.71,-2.991,-16.479,-14.038,179.539,49.669,123.723
-0.407,-0.022,-0.668,-8.24,-21.118,-15.991,179.747,50.696,124.074
-0.432,0.035,-0.646,-7.629,-19.653,-6.165,179.769,51.713,124.343
-0.525,0.046,-0.798,0.61,-12.878,-0.854,179.736,52.619,124.321
-0.645,0.092,-1.041,-2.075,-13.123,7.874,179.588,53.273,124.041
-0.633,0.03,-1.159,-2.258,-13.062,2.563,179.522,53.932,123.854
-0.709,0.237,-1.152,11.169,12.268,6.042,179.242,54.289,123.448
-0.407,0.097,-1.067,24.414,27.222,5.676,-179.846,52.767,123.448
-0.551,0.015,-1.084,23.621,-0.366,4.089,-178.929,52.443,123.063
-0.48,-0.05,-0.987,7.08,15.503,2.625,-178.314,51.894,122.904
-0.442,-0.02,-0.885,-7.385,-1.099,-0.732,-178.434,51.559,122.717
-0.448,0.093,-0.812,-11.047,1.343,-3.479,-178.918,51.614,122.783
-0.368,0.109,-0.714,-1.343,4.089,0.549,-179.203,51.454,122.849
-0.295,0.071,-0.674,2.93,9.216,4.456,-179.253,51.108,122.822
-0.217,0.065,-0.664,5.371,10.01,13.428,-179.396,50.609,122.311
-0.21,0.033,-0.793,3.357,9.583,15.808,-179.604,49.955,121.443
-0.136,0.03,-0.707,-8.484,-18.677,17.151,179.874,49.839,120.383
-0.426,0.151,-0.691,-15.381,-47.18,18.616,178.627,51.394,119.009
-0.817,0.194,-0.966,-2.869,-22.461,11.353,177.594,53.036,118.015
-0.719,0.087,-1.083,7.019,-1.16,10.315,177.292,53.558,117.609
-0.749,0.037,-1.151,3.479,4.395,11.414,177.264,53.421,117.219
-0.58,0.003,-1.056,10.01,17.395,3.174,177.506,52.91,116.999
-0.574,-0.031,-1.054,7.141,10.864,8.423,177.891,52.317,116.719
-0.481,-0.017,-0.955,7.019,17.212,16.663,178.028,51.586,115.845
-0.415,0.005,-0.831,6.042,4.089,24.109,177.968,51.015,114.439
-0.48,0.043,-0.781,7.935,-4.578,28.076,177.742,51.108,112.67
-0.43,0.001,-0.681,13.428,-0.122,21.667,177.797,51.158,111.05
-0.41,-0.035,-0.677,14.16,5.554,15.381,178.193,51.064,109.825
-0.252,-0.038,-0.55,15.625,8.362,13.367,178.748,50.713,108.682
-0.45,-0.048,-0.709,12.878,-18.616,20.874,179.214,50.988,107.276
-0.565,0.0,-0.773,12.695,-3.113,36.56,179.264,51.636,105.106
-0.388,-0.002,-0.711,19.836,-5.127,44.617,179.149,51.746,102.294
-0.529,0.0,-0.925,12.329,-33.447,47.302,178.94,52.608,99.223
-0.659,0.061,-1.024,13.855,-15.32,48.584,178.27,54.053,95.916
-0.834,0.222,-1.191,9.46,-25.269,54.626,177.237,54.838,92.444
-0.713,0.168,-1.081,26.123,8.972,50.049,176.594,55.195,89.236
-0.638,0.185,-1.095,21.729,9.216,57.8,176.204,54.432,86.034
-0.54,0.122,-1.001,34.546,25.024,45.898,176.177,53.388,82.958
-0.292,0.01,-0.84,30.09,15.503,38.757,176.83,52.108,80.552
-0.326,0.041,-0.741,23.621,-2.747,42.786,177.05,51.762,77.888
-0.321,0.087,-0.686,22.461,-4.517,47.729,177.023,51.696,74.938
-0.368,0.115,-0.74,19.104,-9.827,62.439,176.616,51.746,71.422
-0.514,0.209,-0.876,20.752,-9.827,69.641,175.699,51.883,67.176
-0.7,0.191,-1.119,27.527,-2.869,67.871,175.221,51.707,63.078
-0.538,0.117,-0.99,38.086,8.667,74.402,174.919,51.185,58.475
-0.423,-0.034,-0.845,46.509,6.836,66.833,175.331,50.466,53.998
-0.39,-0.164,-0.747,33.325,-12.085,78.064,175.941,50.07,49.46
-0.629,-0.065,-0.817,36.499,-10.498,77.087,175.858,50.515,44.203
-0.501,-0.057,-0.796,40.1,21.118,80.444,176.27,49.752,39.122
-0.384,-0.104,-0.835,43.884,22.4,78.491,176.962,48.356,34.036
-0.318,-0.094,-0.809,34.485,1.038,71.289,177.654,47.433,29.377
-0.455,-0.087,-0.777,33.325,-8.484,62.744,178.215,47.582,25.159
-0.406,-0.15,-0.752,26.733,-8.423,55.542,178.819,47.774,21.374
-0.509,-0.156,-0.862,23.56,-7.69,42.419,179.297,48.214,18.127
-0.531,-0.138,-0.952,12.512,-0.977,44.556,179.615,48.4,15.315
-0.609,-0.036,-1.126,1.953,-14.709,44.617,179.214,48.691,12.31
-0.543,0.08,-0.957,8.118,-2.93,30.701,178.726,49.384,9.712
-0.217,0.044,-0.889,8.789,15.503,29.968,178.797,48.713,7.789
-0.334,0.137,-0.911,7.874,-12.39,44.739,178.303,48.686,5.328
-0.442,0.085,-0.961,19.348,11.292,35.583,178.22,48.521,2.922
-0.267,0.039,-0.896,22.705,11.23,35.645,178.555,47.642,0.84
-0.27,0.002,-0.853,20.508,-0.671,44.25,178.835,47.274,-1.45
-0.32,0.084,-0.818,19.104,-12.573,56.641,178.737,47.346,-4.301
-0.287,0.081,-0.792,21.545,-12.329,58.96,178.522,47.642,-7.608
-0.405,0.109,-0.909,16.357,-9.155,59.937,178.182,47.966,-10.909
-0.444,0.144,-1.072,24.536,7.874,58.96,177.775,47.692,-14.376
-0.338,0.008,-1.034,21.606,-11.536,58.655,177.808,47.263,-17.578
-0.612,0.044,-0.999,18.494,-17.761,68.848,177.253,47.999,-21.237
-0.266,-0.067,-0.768,31.738,8.301,61.829,177.231,47.681,-24.911
-0.407,-0.053,-0.719,18.677,-40.222,66.406,177.259,48.126,-28.367
-0.71,-0.029,-0.867,34.363,-5.676,58.411,177.22,49.444,-31.959
-0.458,-0.138,-0.846,38.391,22.827,52.917,178.121,48.615,-34.865
-0.306,-0.156,-0.852,27.771,16.479,62.073,178.77,47.565,-37.837
-0.265,-0.102,-0.803,20.081,-7.324,57.495,178.929,47.296,-40.869
-0.381,-0.102,-0.776,14.221,-16.541,45.532,178.995,47.922,-43.297
-0.4,-0.134,-0.811,13.367,-8.423,18.799,179.308,48.488,-44.67
-0.434,-0.106,-0.955,1.16,2.686,0.0,179.808,48.658,-44.681
-0.312,-0.047,-0.912,-9.888,-2.38,-11.902,-179.973,48.571,-43.929
-0.336,0.087,-0.997,-26.672,-12.268,-0.366,179.478,48.873,-43.209
-0.631,0.271,-1.146,-0.916,14.954,-1.038,178.412,49.23,-43.5
-0.295,0.061,-1.103,12.817,33.997,-21.851,179.176,47.692,-42.649
-0.174,-0.006,-0.974,5.005,5.859,-7.446,179.973,46.642,-41.732
-0.278,0.042,-0.828,-2.014,-7.446,-3.479,-179.912,46.686,-41.385
-0.202,0.08,-0.692,-3.113,-7.202,0.488,179.984,46.84,-41.138
-0.299,0.104,-0.724,-0.366,-12.024,6.042,179.709,47.285,-41.331
-0.287,0.101,-0.751,0.916,-5.615,10.864,179.517,47.499,-41.726
-0.306,0.135,-0.785,4.639,-12.634,22.522,179.138,47.807,-42.753
-0.354,0.124,-0.822,6.47,-18.982,25.024,178.77,48.411,-44.203
-0.378,0.092,-0.812,2.869,-21.362,19.531,178.369,49.296,-45.604
-0.375,0.124,-0.779,0.305,-22.522,12.146,177.852,50.29,-46.664
-0.568,0.115,-0.95,-2.075,-30.396,8.728,177.462,51.509,-47.384
-0.599,0.127,-1.016,2.625,-15.747,9.827,177.083,52.537,-48.164
-1.442,0.132,-2.423,2.991,-25.085,13.367,176.946,53.339,-48.983
-0.85,0.109,-1.133,14.893,-4.578,9.094,176.836,54.432,-49.977
-0.537,-0.034,-0.985,21.118,34.79,-3.662,178.0,53.267,-49.85
-0.312,-0.042,-0.924,8.972,18.738,15.503,178.61,52.004,-50.147
-0.374,0.041,-0.817,5.188,0.183,18.982,178.467,51.63,-51.103
-0.416,0.04,-0.802,7.812,-0.488,13.489,178.418,51.581,-51.916
-0.376,-0.018,-0.752,8.789,4.578,5.371,178.671,51.465,-52.328
-0.329,-0.067,-0.713,9.216,6.165,-5.249,179.198,51.202,-52.207
-0.354,-0.097,-0.75,0.427,-0.916,-7.69,179.846,50.993,-51.515
-0.336,-0.078,-0.704,-0.977,-3.052,-5.615,-179.852,51.097,-50.933
-0.304,-0.064,-0.596,-8.667,-15.686,-1.587,-179.747,51.542,-50.433
-0.388,0.009,-0.57,-12.939,-24.292,2.258,179.808,52.603,-50.317
-0.607,0.055,-0.839,-12.817,-16.479,-0.549,179.357,53.569,-50.219
-0.635,0.086,-1.096,-6.775,0.793,-4.7,179.066,53.97,-50.076
-0.824,0.188,-1.333,-13.855,6.592,8.484,178.566,53.74,-50.147
-0.509,0.222,-1.264,7.324,50.781,6.531,178.209,52.114,-50.74
-0.193,0.161,-1.171,5.31,29.358,2.319,178.456,49.955,-50.85
-0.312,0.137,-1.002,0.61,-4.333,-4.517,178.495,49.406,-50.795
-0.448,0.099,-0.907,-4.517,-4.7,-12.939,178.495,49.669,-50.306
-0.42,0.153,-0.854,-11.841,-1.831,-6.409,178.16,49.691,-49.839
-0.383,0.194,-0.786,-5.432,0.0,-1.221,177.676,49.68,-49.839
-0.356,0.163,-0.71,0.977,-4.7,1.526,177.407,49.807,-50.158
-0.335,0.149,-0.686,1.282,-1.465,4.272,177.215,49.966,-50.581
-0.29,0.151,-0.673,1.526,2.93,12.817,176.902,49.872,-51.317
-0.312,0.202,-0.725,2.991,-4.944,20.508,176.385,49.779,-52.537
-0.318,0.194,-0.752,6.226,-5.737,21.729,175.891,49.916,-54.064
-0.321,0.188,-0.769,7.08,-20.264,16.052,175.523,50.306,-55.486
-0.434,0.127,-0.883,6.287,-21.301,4.211,175.364,51.24,-56.475
-0.714,0.152,-1.051,-0.488,-22.888,2.686,175.133,52.427,-57.014
-0.498,0.05,-0.908,-2.136,-1.648,-5.127,175.045,52.938,-57.151
-0.778,0.087,-1.011,-13.245,-29.602,-8.057,174.776,53.822,-56.876
-0.703,0.062,-1.035,6.165,20.813,-26.794,175.182,54.223,-55.997
-0.517,-0.017,-0.988,-1.465,24.048,-23.682,176.276,53.113,-54.218
-0.441,0.045,-0.968,-1.953,23.132,-5.188,176.567,52.158,-53.459
-0.311,0.04,-0.87,-3.235,13.184,-2.014,176.693,51.218,-53.141
-0.375,0.058,-0.776,-1.343,-6.897,-3.296,176.726,51.213,-52.921
-0.447,0.021,-0.746,-0.916,-3.601,-5.798,176.88,51.487,-52.652
-0.408,-0.038,-0.794,0.0,4.944,-19.958,177.314,51.471,-51.888
-0.4,-0.031,-0.749,-3.418,0.549,-18.372,177.83,51.482,-50.713
-0.392,-0.035,-0.694,-7.019,-3.235,-12.329,178.154,51.636,-49.746
-0.422,0.016,-0.727,-6.653,0.366,-2.319,178.132,51.768,-49.285
-0.321,0.013,-0.689,-5.615,0.488,2.075,177.995,51.74,-49.246
-0.349,0.03,-0.683,-7.446,-12.329,1.343,177.709,52.075,-49.345
-0.424,0.053,-0.792,-7.385,-10.559,-1.221,177.413,52.614,-49.356
-0.582,0.109,-0.9,-5.615,-19.47,-0.427,177.122,53.377,-49.384
-0.688,0.097,-1.124,-1.587,-4.089,3.113,177.028,53.998,-49.543
-0.615,0.238,-1.029,-3.357,5.798,22.034,176.38,54.02,-50.526
-0.585,0.272,-1.104,7.568,19.653,20.752,175.891,53.113,-51.921
-0.459,0.217,-1.132,16.113,23.682,11.902,176.061,51.91,-52.943
-0.406,0.133,-1.037,9.521,10.925,-2.075,176.55,51.059,-53.24
-0.411,0.102,-0.917,-0.061,1.953,-6.348,176.803,50.751,-53.031
-0.421,0.138,-0.84,-7.263,-5.554,-1.526,176.539,50.861,-53.015
-0.385,0.179,-0.742,-2.808,-5.676,0.0,176.188,51.103,-53.185
-0.386,0.146,-0.683,1.526,-7.385,2.258,176.034,51.416,-53.514
-0.388,0.145,-0.667,3.113,-4.333,8.911,175.853,51.652,-54.119
-0.345,0.142,-0.657,1.465,-2.197,17.09,175.523,51.735,-55.135
-0.414,0.189,-0.718,1.221,-7.202,20.691,174.902,51.883,-56.547
-0.336,0.176,-0.714,3.479,-1.282,15.381,174.391,51.971,-57.898
-0.37,0.165,-0.753,-0.122,-11.169,3.967,174.018,52.213,-58.793
-0.533,0.152,-0.954,-3.845,-15.381,-2.747,173.831,52.657,-59.03
-0.699,0.16,-1.104,2.686,-7.874,-6.104,173.677,53.421,-59.183
-0.566,0.044,-1.2,0.122,-5.005,-9.766,174.111,53.476,-58.788
-0.92,0.201,-1.121,1.282,-10.864,0.793,173.914,54.547,-58.909
-0.583,0.016,-0.988,16.052,50.598,-15.442,175.073,53.053,-58.162
-0.304,0.047,-1.008,4.333,35.095,6.104,175.803,51.059,-57.651
-0.208,0.05,-0.84,2.808,3.113,12.817,175.847,50.109,-58.134
-0.448,0.1,-0.831,0.366,-9.644,10.986,175.616,50.422,-58.744
-0.373,0.043,-0.725,4.578,2.869,4.883,175.682,50.361,-59.095
-0.392,0.012,-0.739,3.723,-2.808,-4.517,175.957,50.367,-59.024
-0.381,-0.021,-0.735,1.282,-2.686,-15.625,176.468,50.532,-58.315
-0.471,-0.033,-0.775,0.122,2.686,-20.386,177.089,50.757,-57.156
-0.284,-0.032,-0.708,-5.188,4.944,-7.507,177.512,50.471,-56.206
-0.286,0.048,-0.647,-10.071,-16.602,6.348,177.231,50.768,-56.091
-0.364,0.075,-0.645,-7.996,-20.142,7.568,176.715,51.647,-56.448
-0.513,0.147,-0.815,-10.254,-23.315,11.23,176.067,52.603,-57.014
-0.652,0.155,-0.979,6.348,-15.076,0.0,175.627,53.635,-57.667
-0.708,0.142,-1.126,0.549,0.488,-5.554,175.995,53.959,-57.502
-0.724,0.146,-1.21,10.559,28.137,-6.348,176.413,53.569,-57.288
-0.423,0.137,-1.228,2.075,51.636,4.7,176.902,51.454,-57.047
-0.25,0.186,-1.141,-2.747,19.897,6.897,176.704,49.609,-57.365
-0.41,0.191,-1.045,-6.958,-4.395,-5.859,176.435,49.378,-57.299
-0.379,0.188,-0.88,-6.897,-2.319,-9.583,176.171,49.449,-56.937
-0.34,0.18,-0.724,-5.31,-13.672,-8.118,175.913,49.861,-56.673
-0.384,0.154,-0.661,-2.869,-16.113,-7.446,175.748,50.62,-56.525
-0.314,0.151,-0.571,1.648,-5.981,-0.854,175.638,51.125,-56.618
-0.312,0.164,-0.607,1.709,-15.747,9.766,175.391,51.575,-57.255
-0.458,0.185,-0.68,6.165,-15.93,18.616,174.952,52.355,-58.53
-0.447,0.188,-0.739,11.597,-3.296,21.24,174.573,52.806,-60.134
-0.375,0.15,-0.809,11.23,-8.606,15.015,174.501,52.855,-61.452
-0.715,0.135,-0.993,6.775,-18.921,8.423,174.435,53.652,-62.424
-0.488,0.054,-0.879,4.456,1.709,-3.296,174.551,54.02,-62.77
-0.769,-0.011,-1.145,-6.409,-33.142,-8.789,174.875,54.569,-62.309
-0.842,0.035,-1.207,9.338,14.221,-8.667,174.974,55.673,-62.045
-0.469,-0.065,-1.031,1.709,40.466,1.831,175.853,54.02,-61.26
-0.29,0.11,-0.968,-7.019,18.25,33.203,175.32,52.416,-61.99
-0.314,0.131,-0.834,3.906,0.732,17.09,174.721,51.817,-63.248
-0.417,0.103,-0.771,4.883,-7.996,3.235,174.82,51.861,-63.534
-0.394,0.029,-0.664,6.165,-4.211,-5.249,175.199,52.147,-63.397
-0.464,0.033,-0.73,0.305,-4.517,-14.038,175.677,52.366,-62.726
-0.524,-0.012,-0.771,5.615,10.132,-25.146,176.49,52.421,-61.474
-0.382,-0.064,-0.711,-1.77,4.15,-22.217,177.358,52.147,-59.941
-0.422,-0.018,-0.742,-6.531,2.808,-10.925,177.676,52.218,-58.903
-0.325,0.008,-0.668,-1.282,3.845,-6.104,177.836,52.207,-58.337
-0.208,-0.018,-0.635,-5.737,-4.211,0.244,177.946,52.136,-57.991
-0.474,0.085,-0.823,-18.25,-31.067,6.47,177.347,53.009,-58.074
-0.581,0.198,-0.934,-9.216,-10.559,6.226,176.364,54.294,-58.519
-0.855,0.301,-1.141,-7.08,-13.733,23.315,175.594,54.399,-59.343
-0.616,0.271,-1.177,25.757,46.57,15.259,175.342,53.723,-60.782
-0.332,0.141,-1.177,18.86,24.597,4.578,176.303,51.57,-61.183
-0.464,0.091,-1.076,6.714,5.981,-9.521,176.935,50.883,-61.1
-0.545,0.123,-0.97,1.16,7.812,-20.325,177.363,50.636,-60.293
-0.494,0.124,-0.857,-2.075,13.916,-14.282,177.759,50.131,-59.266
-0.413,0.169,-0.815,3.54,14.709,5.127,177.792,49.488,-59.145
-0.287,0.129,-0.726,9.705,16.174,9.644,177.913,48.708,-59.76
-0.198,0.1,-0.632,7.446,-1.892,9.216,178.0,48.367,-60.441
-0.222,0.091,-0.57,2.197,-16.113,11.963,177.836,48.812,-61.188
-0.433,0.161,-0.695,3.662,-16.541,18.433,177.352,49.68,-62.342
-0.338,0.143,-0.744,11.414,3.967,17.761,177.215,49.686,-63.589
-0.252,0.105,-0.805,11.902,-9.521,15.076,177.259,49.757,-64.737
-0.569,0.124,-0.967,1.831,-33.936,13.733,176.995,50.922,-65.792
-0.541,0.06,-0.972,4.761,-11.414,-0.488,176.902,51.872,-66.341
-0.821,0.007,-1.085,-4.333,-45.105,-12.268,177.226,53.042,-65.863
-0.812,-0.007,-1.136,17.944,25.757,-11.719,177.737,54.08,-65.38
-0.384,-0.143,-1.018,9.644,37.659,-2.319,179.05,52.207,-64.567
-0.251,0.01,-0.941,-7.751,5.31,29.724,178.797,51.108,-65.154
-0.358,0.11,-0.835,-2.319,-14.16,20.874,177.935,51.24,-66.495
-0.491,0.082,-0.734,11.353,-17.334,2.869,177.913,51.971,-67.028
-0.421,-0.02,-0.663,13.306,-6.042,1.282,178.583,52.465,-67.088
-0.471,-0.069,-0.694,11.963,5.249,-6.042,179.313,52.663,-66.951
-0.33,-0.162,-0.682,9.399,16.663,-21.362,-179.615,52.097,-65.973
-0.38,-0.141,-0.727,-9.827,0.427,-16.052,-178.945,51.812,-64.517
-0.305,-0.062,-0.622,-13.428,-7.812,-6.958,-179.105,52.07,-63.671
-0.38,-0.005,-0.632,-14.099,-17.212,-5.981,-179.407,52.85,-63.029
-0.457,0.011,-0.762,-7.935,-12.756,-0.061,-179.654,53.564,-62.688
-0.704,0.12,-1.046,-6.897,-3.357,14.038,179.786,54.086,-63.116
-0.465,0.123,-1.148,1.709,18.799,16.052,179.412,53.355,-64.001
-0.828,0.209,-1.275,12.573,1.526,16.418,179.022,53.41,-65.209
-0.408,0.036,-1.167,13.55,34.058,-4.7,179.764,51.872,-65.374
-0.432,0.046,-1.016,3.967,2.869,-7.507,-179.808,51.306,-65.05
-0.381,0.016,-0.873,-0.305,3.235,-13.489,-179.456,51.081,-64.435
-0.391,0.032,-0.785,-5.676,-1.587,-7.446,-179.357,50.993,-63.814
-0.324,0.059,-0.687,-3.906,-0.244,-0.793,-179.555,50.993,-63.638
-0.319,0.079,-0.681,-4.7,-6.714,9.583,-179.863,51.048,-63.88
-0.371,0.139,-0.678,0.671,-2.991,22.156,179.489,51.361,-64.929
-0.297,0.122,-0.715,6.714,0.366,24.963,178.995,51.119,-66.445
-0.294,0.134,-0.695,4.333,-14.099,27.1,178.462,51.465,-68.121
-0.374,0.121,-0.713,6.287,-28.137,19.714,177.951,52.267,-69.714
-0.549,0.071,-0.908,7.263,-12.329,10.681,177.72,53.234,-70.818
-0.689,0.066,-1.008,-0.732,-12.878,6.531,177.528,53.817,-71.356
-0.475,-0.018,-0.919,1.526,2.38,-1.953,177.539,53.959,-71.455
-0.934,0.06,-1.063,-7.263,-27.588,5.92,177.319,54.8,-71.466
-0.695,0.04,-1.039,13.733,30.334,-0.183,177.572,54.531,-71.581
-0.398,-0.033,-0.916,10.193,15.564,9.949,178.286,53.311,-71.521
-0.393,0.008,-0.793,4.272,0.916,27.161,178.11,52.976,-72.559
-0.481,0.092,-0.761,4.822,-3.845,29.419,177.589,53.042,-73.998
-0.476,0.049,-0.756,13.855,10.437,20.264,177.446,52.861,-75.284
-0.354,-0.016,-0.767,14.954,10.559,10.01,177.863,52.245,-75.916
-0.413,-0.089,-0.786,11.536,2.93,-3.357,178.539,52.02,-75.883
-0.365,-0.127,-0.752,1.526,4.089,-11.169,179.286,51.844,-75.031
-0.449,-0.056,-0.684,-10.498,-12.573,-3.296,179.451,52.13,-74.191
-0.344,-0.035,-0.623,-8.728,4.578,-2.808,179.28,52.443,-73.669
-0.399,0.041,-0.681,-14.465,-8.484,4.272,178.852,52.581,-73.339
-0.37,0.062,-0.752,-10.132,-0.488,7.935,178.242,52.795,-73.427
-0.561,0.18,-1.012,-9.888,-14.16,11.047,177.446,53.223,-73.916
-0.597,0.156,-1.073,-0.183,3.54,3.357,177.149,53.465,-74.174
-0.685,0.274,-1.171,-0.366,-6.653,22.461,176.616,53.355,-74.987
-0.631,0.204,-1.167,18.25,23.987,18.982,176.49,52.883,-76.322
-0.347,0.129,-1.088,13.123,17.029,11.658,176.896,51.487,-76.987
-0.34,0.075,-0.897,7.019,-0.793,4.089,177.083,51.169,-77.404
-0.351,0.047,-0.744,0.366,-14.587,-5.005,177.237,51.482,-77.217
-0.462,0.085,-0.685,0.916,-14.832,2.014,177.204,52.278,-77.113
-0.412,0.085,-0.66,5.92,-7.446,19.775,177.1,52.564,-77.679
-0.464,0.138,-0.689,7.263,-8.85,35.339,176.556,52.954,-79.305
-0.444,0.168,-0.721,12.695,-8.057,41.016,175.908,53.152,-81.502
-0.455,0.135,-0.762,20.935,-9.216,36.072,175.518,53.476,-83.831
-0.394,0.059,-0.771,19.653,-9.766,25.818,175.622,53.751,-85.562
-0.499,0.032,-0.93,11.536,-22.827,22.949,175.688,54.311,-86.874
-0.705,0.042,-0.998,2.869,-29.785,29.907,175.232,55.591,-88.292
-0.625,0.066,-0.891,0.305,-32.715,41.992,174.067,56.92,-90.352
-1.036,0.235,-0.987,11.78,-23.926,59.387,172.354,58.601,-93.455
-0.744,0.126,-0.954,46.509,43.335,66.162,172.277,56.975,-96.63
-0.47,0.085,-0.994,54.199,42.236,87.463,172.744,54.432,-100.382
-0.232,-0.009,-0.817,57.373,18.982,92.285,173.419,52.185,-104.771
-0.335,0.005,-0.692,43.274,-21.851,91.675,173.611,51.877,-109.391
-0.53,0.015,-0.66,40.1,-18.311,85.51,173.441,52.388,-113.89
-0.458,-0.022,-0.686,41.443,3.418,69.031,173.617,52.136,-117.548
-0.458,-0.12,-0.851,39.551,9.216,45.227,174.595,51.52,-119.713
-0.393,-0.126,-0.875,23.804,-5.371,46.387,175.292,51.262,-121.322
-0.844,0.032,-1.184,2.563,-36.072,50.232,174.919,52.24,-123.3
-0.617,0.131,-0.976,21.667,22.339,44.617,174.254,52.778,-125.37
-0.105,0.071,-0.924,22.888,47.485,59.448,174.595,50.323,-127.079
-0.201,0.181,-0.962,17.944,-14.16,90.82,173.936,49.021,-130.649
-0.408,0.202,-0.976,29.419,1.038,79.163,173.254,48.735,-135.049
-0.275,0.17,-0.856,38.33,-3.601,69.031,173.364,47.917,-138.636
-0.356,0.059,-0.833,42.847,-5.981,66.04,174.023,47.648,-141.949
-0.336,0.066,-0.817,33.081,-12.146,73.792,174.501,47.433,-145.289
-0.361,0.114,-0.801,28.992,-17.151,80.2,174.386,47.615,-149.156
-0.416,0.138,-0.842,21.301,-20.63,78.247,173.908,48.005,-153.083
-0.547,0.246,-0.989,24.353,-5.432,77.393,173.265,48.049,-156.896
-0.36,0.168,-1.032,35.645,6.042,71.716,173.337,47.225,-160.307
-0.452,0.15,-1.006,30.09,-24.597,84.106,173.26,47.274,-164.125
-0.445,0.115,-0.827,36.804,-15.015,89.233,173.013,47.582,-168.519
-0.478,0.029,-0.852,45.898,-17.09,85.388,173.342,47.615,-172.678
-0.542,0.019,-0.763,50.842,-22.4,92.712,173.732,48.137,-177.034
-0.654,-0.082,-0.818,58.472,-7.874,84.473,174.65,48.472,178.912
-0.474,-0.182,-0.827,57.922,32.288,78.247,176.023,47.527,175.754
-0.232,-0.234,-0.792,40.71,19.531,81.482,177.204,45.972,172.716
-0.329,-0.118,-0.765,24.414,-18.738,72.205,177.561,45.934,169.519
-0.494,-0.152,-0.85,26.245,-15.991,56.641,177.929,46.851,166.888
-0.499,-0.123,-0.921,11.719,-13.733,51.88,178.11,47.51,164.828
-0.562,-0.046,-0.981,9.827,-9.216,32.715,177.913,48.285,163.207
-0.488,-0.007,-0.959,1.282,3.784,17.456,177.979,48.422,162.724
-0.251,0.025,-1.007,9.705,34.851,1.221,178.237,47.708,162.856
0.08,-0.022,-0.894,-6.104,7.141,8.362,178.621,46.187,163.081
-0.383,0.2,-1.019,-7.935,-41.565,15.747,177.731,47.499,161.955
-0.437,0.128,-1.032,15.442,18.066,5.981,177.962,47.532,161.537
-0.214,0.024,-1.0,19.226,6.226,5.066,178.77,46.719,161.384
-0.159,-0.014,-0.905,2.93,-2.38,9.705,179.176,46.412,161.038
-0.213,0.074,-0.791,-2.075,-19.836,12.268,178.852,46.873,160.258
-0.235,0.108,-0.726,-1.099,-14.404,14.954,178.484,47.395,159.45
-0.265,0.137,-0.726,4.883,-15.442,23.01,178.083,47.906,158.297
-0.228,0.143,-0.71,6.042,-25.085,31.738,177.748,48.406,156.868
-0.375,0.212,-0.743,10.986,-34.241,43.701,177.061,49.664,154.666
-0.387,0.193,-0.723,19.897,-29.846,43.457,176.517,50.834,152.221
-0.37,0.137,-0.746,15.808,-27.161,32.959,176.215,51.938,150.101
-0.751,0.175,-0.974,11.719,-42.48,22.339,175.825,53.536,148.574
-0.709,0.032,-1.025,14.587,-21.973,9.949,175.957,54.926,147.903
-1.012,0.014,-1.156,19.775,-17.883,7.69,176.309,56.234,147.629
-0.589,-0.139,-1.007,30.334,48.096,-11.963,177.836,55.311,148.359
-0.252,-0.194,-0.97,6.531,31.311,1.892,179.324,53.328,149.409
-0.311,-0.0,-0.878,-5.005,4.578,17.09,179.017,52.559,148.788
-0.349,0.001,-0.771,2.747,6.714,3.418,179.017,52.202,148.37
-0.424,0.009,-0.749,3.906,-1.892,6.47,179.182,52.064,148.189
-0.433,-0.055,-0.87,9.155,3.845,0.793,179.61,51.833,148.09
-0.53,-0.117,-0.893,8.667,-6.104,-11.597,-179.61,51.993,148.618
-0.463,-0.132,-0.746,6.897,-4.028,-14.771,-178.709,52.366,149.628
-0.512,-0.145,-0.822,3.479,11.475,-1.16,-177.946,52.256,150.386
-0.313,-0.068,-0.734,-3.357,18.433,15.137,-178.099,51.422,150.013
-0.272,-0.067,-0.723,-8.423,-1.77,-4.333,-178.231,51.026,149.859
-0.34,-0.032,-0.702,-13.855,-7.935,-11.902,-178.418,51.279,150.326
-0.311,-0.053,-0.624,-17.09,-17.456,-18.921,-178.599,51.855,151.227
-0.44,-0.014,-0.757,-22.827,-27.832,-16.296,-178.929,52.888,152.342
-0.594,0.08,-0.849,-15.564,-26.245,-14.16,-179.434,54.415,153.331
-0.821,0.125,-1.121,-11.902,-17.761,-13.184,-179.648,55.448,154.402
-0.92,0.206,-1.2,-1.892,30.09,-4.883,-179.835,55.613,155.374
-0.478,0.15,-1.188,4.578,52.124,9.705,-179.841,53.24,155.72
-0.369,0.128,-1.218,9.094,17.639,-3.113,-179.78,51.531,155.665
-0.417,0.042,-1.05,-0.854,8.606,-15.808,-179.341,51.004,156.5
-0.368,0.045,-0.849,-10.925,-4.272,-13.977,-179.44,50.85,157.341
-0.397,0.12,-0.742,-13.794,-8.118,-10.925,-179.901,51.207,158.104
-0.346,0.124,-0.661,-3.479,-6.409,-4.578,179.797,51.482,158.599
-0.343,0.098,-0.629,0.305,-8.301,-2.808,179.687,51.817,158.857
-0.432,0.104,-0.661,-2.502,-10.559,2.747,179.445,52.366,158.994
-0.416,0.146,-0.75,1.831,-1.892,6.531,179.061,52.564,158.857
-0.367,0.095,-0.755,5.127,-11.902,-2.38,179.099,52.91,158.956
-0.324,0.106,-0.753,3.662,-17.09,0.061,179.165,53.624,159.148
-0.608,0.116,-0.946,4.517,-39.49,1.16,179.138,54.954,159.077
-0.593,0.01,-0.901,11.841,-13.794,-5.188,179.44,56.382,159.203
-0.974,0.007,-1.164,1.892,-37.72,0.183,179.819,57.36,159.538
-0.869,-0.025,-1.166,16.968,20.203,-8.362,-179.687,58.206,159.955
-0.553,-0.084,-1.03,17.578,31.494,-1.77,-178.506,56.678,160.829
-0.362,-0.091,-0.919,11.292,16.113,18.188,-177.957,55.47,160.582
-0.375,-0.034,-0.795,5.005,-3.357,20.264,-178.094,55.146,159.472
-0.502,-0.024,-0.763,4.272,-3.296,11.23,-178.248,55.316,158.626
-0.452,-0.049,-0.762,3.723,5.31,0.0,-178.077,55.096,158.483
-0.464,-0.081,-0.762,2.014,1.953,-8.789,-177.643,54.976,158.934
-0.487,-0.095,-0.79,-2.563,0.061,-10.071,-177.253,54.899,159.587
-0.532,-0.093,-0.818,-2.258,10.193,-14.343,-176.858,54.728,160.472
-0.409,-0.098,-0.764,-4.333,8.545,-9.583,-176.545,54.212,161.296
-0.371,-0.095,-0.688,-8.179,-2.075,-12.146,-176.407,54.075,162.021
-0.39,-0.074,-0.623,-18.127,-12.024,-12.512,-176.539,54.509,162.927
-0.456,-0.026,-0.656,-24.109,-8.301,-12.817,-177.111,55.025,163.817
-0.384,0.016,-0.666,-25.269,2.625,-19.958,-177.753,55.162,165.042
-0.384,0.054,-0.797,-25.696,-11.108,-20.142,-178.33,55.245,166.399
-0.684,0.115,-0.913,-20.508,-24.902,-12.329,-178.995,56.365,167.443
-0.901,0.203,-1.266,-12.756,-1.343,5.066,-179.742,56.909,167.877
-0.859,0.216,-1.203,7.446,30.151,10.132,179.72,56.673,167.624
-0.447,0.136,-1.104,10.071,40.833,6.653,179.896,54.525,167.525
-0.492,0.092,-1.084,7.385,4.517,-5.92,-179.852,53.608,167.574
-0.417,0.051,-0.964,4.761,2.197,-18.555,-179.313,53.366,168.354
-0.516,0.019,-0.887,-1.038,-13.0,-18.677,-178.786,53.696,169.415
-0.5,0.065,-0.778,-5.066,-11.902,-6.348,-178.748,54.272,170.085
-0.449,0.1,-0.687,-2.197,-9.583,3.784,-179.033,54.778,170.129
-0.433,0.129,-0.642,4.944,-8.24,7.08,-179.28,55.228,169.843
-0.313,0.074,-0.532,8.789,-6.348,10.62,-179.302,55.503,169.415
-0.472,0.098,-0.624,4.639,-13.306,16.724,-179.659,56.162,168.624
-0.44,0.059,-0.704,5.432,5.92,12.085,-179.984,56.206,167.932
-0.288,0.045,-0.676,0.549,-5.432,8.301,179.725,56.157,167.476
-0.902,0.094,-0.947,-5.981,-32.776,9.583,179.105,57.233,166.844
-0.658,-0.007,-0.948,0.244,18.372,-1.404,178.77,57.475,166.756
-0.969,-0.012,-1.252,-11.23,-16.357,3.052,178.66,57.167,167.162
-0.818,0.023,-1.174,8.484,40.1,-2.563,178.456,57.189,167.349
-0.374,-0.057,-1.012,10.498,46.326,-3.357,179.374,54.75,168.261
-0.216,-0.003,-0.913,8.423,21.729,24.109,179.67,53.097,167.904
-0.337,0.012,-0.808,9.705,-0.61,28.87,179.456,52.493,166.196
-0.431,-0.007,-0.756,11.841,2.563,15.564,179.451,52.344,164.778
-0.399,-0.055,-0.75,12.329,0.0,-1.831,-179.989,52.108,164.405
-0.525,-0.072,-0.781,13.306,-4.15,-10.803,-179.088,52.339,164.839
-0.484,-0.157,-0.703,16.418,0.0,-25.757,-177.61,52.498,166.163
-0.408,-0.167,-0.675,6.775,-3.723,-15.32,-176.281,52.619,167.596
-0.411,-0.123,-0.691,3.906,13.733,-4.639,-175.649,52.531,168.289
-0.238,-0.121,-0.641,-3.296,10.315,1.343,-175.43,51.855,168.519
-0.252,-0.106,-0.68,-13.916,-6.958,1.465,-175.71,51.828,168.365
-0.327,-0.043,-0.757,-18.616,-19.897,-10.803,-176.226,52.449,168.497
-0.582,0.006,-0.841,-15.015,-33.508,-12.512,-176.512,53.795,169.233
-1.037,0.11,-1.224,-7.385,-4.395,2.319,-176.759,54.888,169.788
-0.701,0.198,-1.156,12.634,50.598,28.503,-177.325,53.795,169.135
-0.417,0.136,-1.25,23.254,42.297,27.161,-177.286,51.356,167.734
-0.313,0.055,-1.146,25.635,18.188,12.329,-176.715,49.883,166.63
-0.398,-0.042,-0.991,12.146,-7.996,-4.7,-175.984,49.62,166.328
-0.49,-0.04,-0.893,-0.183,-6.287,-9.827,-175.605,50.004,166.723
-0.403,0.025,-0.788,-5.737,4.089,-0.977,-175.715,49.993,167.025
-0.325,0.065,-0.704,-2.991,0.671,7.996,-176.111,49.834,166.827
-0.27,0.084,-0.63,0.732,-0.183,17.273,-176.583,49.861,166.113
-0.257,0.085,-0.629,3.296,-5.066,25.208,-177.111,49.944,164.855
-0.3,0.089,-0.676,7.874,-9.033,26.55,-177.665,50.273,163.257
-0.349,0.066,-0.723,5.432,-14.16,21.912,-178.044,50.806,161.906
-0.34,0.067,-0.757,2.563,-15.564,20.325,-178.583,51.471,160.637
-0.7,0.042,-0.983,0.0,-22.766,14.526,-179.072,52.454,159.725
-0.619,0.004,-1.075,4.395,0.793,11.536,-179.418,52.778,159.142
-0.884,-0.024,-1.189,2.502,-13.672,4.211,-179.456,53.234,158.972
-0.534,-0.103,-1.014,13.367,30.945,-9.094,-178.797,52.679,159.549
-0.424,-0.101,-0.979,-5.432,8.484,9.583,-178.5,51.718,159.851
-0.415,-0.038,-0.931,-5.005,18.921,13.367,-178.94,51.152,159.263
-0.313,0.016,-0.878,-3.906,11.169,11.963,-179.346,50.251,158.604
-0.367,0.009,-0.807,-3.296,-4.883,6.287,-179.632,50.076,158.016
-0.382,-0.026,-0.734,-2.197,-8.606,-13.123,-179.604,50.416,158.088
-0.442,-0.053,-0.733,-3.052,-3.784,-24.17,-179.198,50.801,159.181
-0.394,-0.093,-0.684,-7.019,-1.16,-26.55,-178.665,50.922,160.752
-0.427,-0.076,-0.733,-6.775,1.892,-25.33,-178.237,51.048,162.427
-0.341,-0.084,-0.703,-6.165,4.944,-14.099,-177.885,50.9,163.773
-0.351,-0.054,-0.708,-7.263,-3.357,-3.296,-177.913,50.949,164.333
-0.292,-0.053,-0.731,-6.287,-5.066,-2.319,-177.962,51.125,164.696
-0.471,-0.025,-0.859,-7.568,-20.081,-3.601,-178.116,51.85,164.866
-0.632,0.027,-1.004,-8.728,-14.221,-7.812,-178.264,52.685,165.372
-0.904,0.134,-1.281,-8.606,7.629,2.319,-178.572,52.833,165.828
-0.605,0.161,-1.268,9.644,51.941,8.057,-178.693,51.207,165.822
-0.22,0.083,-1.159,12.146,44.006,8.423,-178.352,48.604,165.591
-0.211,0.028,-0.975,1.831,-3.357,0.854,-178.231,47.747,165.311
-0.33,0.031,-0.776,-10.925,-19.653,-7.324,-178.539,48.483,165.399
-0.39,0.066,-0.708,-13.733,-15.259,-5.859,-179.094,49.296,165.674
-0.404,0.147,-0.711,-11.902,-9.705,7.996,-179.846,49.839,165.63
-0.392,0.173,-0.724,1.282,-1.282,17.395,179.434,50.07,164.993
-0.322,0.151,-0.715,9.094,-9.277,18.494,179.072,50.197,164.059
-0.372,0.094,-0.737,8.24,-18.738,8.301,179.0,50.905,163.356
-0.359,0.059,-0.745,4.944,-18.86,-3.54,179.077,51.762,163.257
-0.427,0.031,-0.868,-3.784,-26.672,-6.348,179.154,52.806,163.581
-0.664,0.051,-0.953,-5.493,-32.41,-5.676,178.912,54.388,163.817
-0.482,-0.019,-0.871,-2.014,-6.775,-9.583,178.989,55.245,164.432
-0.835,0.054,-0.896,-7.751,-35.034,0.671,178.715,56.459,164.724
-0.939,0.066,-1.113,16.174,14.282,-6.409,179.11,57.03,165.207
-0.572,-0.068,-0.994,22.766,44.189,-2.686,-179.533,55.355,166.152
-0.255,-0.079,-0.839,6.775,28.87,18.799,-179.055,53.492,165.959
-0.258,0.001,-0.737,-4.761,-12.512,19.287,-179.577,53.207,164.789
-0.494,0.022,-0.706,-3.906,-16.418,0.977,179.995,54.091,164.207
-0.449,-0.033,-0.668,2.502,3.052,-16.907,-179.703,54.294,164.844
-0.471,-0.119,-0.712,0.793,2.625,-33.203,-178.726,54.223,166.602
-0.375,-0.144,-0.639,-8.423,6.287,-25.757,-177.83,54.091,168.739
-0.372,-0.072,-0.626,-16.052,-6.348,-9.521,-177.797,54.157,170.008
-0.331,-0.015,-0.603,-14.221,-8.423,-1.77,-178.215,54.553,170.585
-0.597,0.051,-0.867,-9.277,-17.7,6.714,-178.72,55.25,170.645
-0.652,0.091,-0.985,2.686,-2.686,5.188,-179.028,55.8,170.486
-0.721,0.106,-1.16,4.089,13.428,6.226,-178.984,55.657,170.475
-0.681,0.124,-1.197,10.742,25.879,-0.671,-178.907,54.728,170.398
-0.47,0.091,-1.122,0.854,35.095,6.042,-178.665,53.102,170.546
-0.413,0.147,-1.056,-0.854,11.963,11.658,-179.171,52.004,169.843
-0.374,0.11,-0.89,-3.906,13.428,1.038,-179.484,51.394,169.59
-0.322,0.125,-0.763,-7.751,-2.625,7.935,179.962,51.053,169.266
-0.317,0.154,-0.688,-6.47,-0.488,15.076,179.132,51.07,168.475
-0.263,0.186,-0.645,-3.54,-7.751,22.522,178.226,51.075,167.289
-0.371,0.212,-0.695,6.653,-4.822,25.94,177.435,51.29,165.729
-0.293,0.15,-0.725,10.498,-5.981,22.522,177.122,51.251,164.35
-0.296,0.102,-0.74,7.751,-14.587,18.494,176.776,51.685,162.993
-0.641,0.101,-0.934,-0.732,-34.119,16.174,176.325,52.696,161.845
-0.607,0.05,-0.904,0.671,-6.104,11.23,175.77,53.652,160.939
-0.824,0.06,-1.161,-8.85,-22.461,8.911,175.358,54.141,160.598
-0.83,0.123,-1.132,7.812,23.438,9.46,174.869,54.542,160.197
-0.505,0.033,-1.08,14.587,43.518,12.512,175.507,52.63,160.428
-0.321,0.03,-0.99,18.005,16.357,34.241,175.875,51.048,159.445
-0.419,0.028,-0.863,12.268,-4.211,34.241,175.886,50.674,157.423
-0.458,0.034,-0.779,10.498,0.793,25.635,175.814,50.641,155.676
-0.353,-0.009,-0.649,6.47,-0.427,9.277,175.952,50.515,154.77
-0.368,-0.021,-0.657,3.052,2.563,-2.258,176.265,50.62,154.682
-0.297,-0.04,-0.676,3.662,5.31,-11.23,176.808,50.4,155.072
-0.377,-0.059,-0.765,1.038,2.808,-13.367,177.484,50.317,155.704
-0.268,-0.044,-0.734,0.183,-2.686,-3.906,177.935,50.301,155.891
-0.271,0.012,-0.7,-1.16,-26.733,7.507,177.957,50.993,155.215
-0.522,0.075,-0.876,4.578,-31.921,13.794,177.836,52.482,154.067
-0.61,0.122,-0.871,8.118,-28.748,17.09,177.676,53.915,152.842
-0.783,0.169,-1.05,7.996,-26.367,20.447,177.567,55.085,151.826
-0.88,0.183,-1.154,18.799,3.052,18.616,177.457,55.904,150.65
-0.605,0.101,-1.051,20.142,38.147,15.808,178.011,54.734,150.09
-0.345,0.085,-0.981,12.939,17.7,21.179,178.253,53.152,149.156
-0.469,0.056,-0.915,13.306,-4.028,10.437,178.445,52.938,148.178
-0.369,0.035,-0.752,10.01,-0.977,19.287,178.627,52.949,147.211
-0.377,0.074,-0.658,4.7,-20.142,30.762,178.27,53.311,145.536
-0.397,0.11,-0.585,7.69,-16.113,37.842,177.512,54.152,143.289
-0.514,0.122,-0.661,9.827,-15.442,41.443,176.732,54.728,140.867
-0.556,0.133,-0.773,11.475,-7.507,41.504,175.99,55.085,138.477
-0.448,0.134,-0.715,9.644,-6.958,45.044,175.111,55.272,135.945
-0.504,0.178,-0.789,9.216,-12.512,50.476,174.012,55.563,133.11
-0.777,0.229,-1.032,14.709,-13.977,64.819,172.744,55.816,129.556
-0.488,0.106,-0.806,29.846,-8.362,71.289,171.81,55.772,125.414
-0.88,0.175,-0.998,16.663,-39.795,85.571,170.469,56.371,120.328
-0.802,0.177,-0.98,43.274,5.432,78.003,169.574,56.255,115.038
-0.641,0.098,-0.931,45.898,7.324,80.811,169.728,55.14,110.237
-0.435,0.076,-0.798,52.917,28.381,96.558,169.937,53.267,104.672
-0.266,0.022,-0.752,48.401,9.583,93.14,170.409,51.246,98.844
-0.465,0.03,-0.78,40.039,-11.902,78.064,170.684,50.614,93.109
-0.451,0.012,-0.768,35.278,-3.418,65.979,171.118,50.257,88.077
-0.487,0.001,-0.823,39.246,-7.324,57.556,171.683,50.048,83.436
-0.445,-0.061,-0.851,40.771,0.793,52.063,172.738,49.708,79.288
-0.434,-0.107,-0.908,35.4,-2.625,52.551,173.809,49.345,75.267
-0.399,0.013,-0.912,13.672,-18.005,58.472,174.084,49.318,71.021
-0.771,0.154,-1.064,5.798,-34.18,47.363,173.458,50.345,66.83
-0.496,0.139,-0.862,16.235,13.123,32.654,173.249,50.576,63.512
-0.252,0.105,-0.899,7.019,26.794,43.701,173.282,48.999,60.699
-0.324,0.23,-0.936,6.287,-5.127,60.669,172.326,48.263,56.871
-0.4,0.249,-0.938,22.461,2.625,55.542,171.914,47.769,53.097
-0.329,0.17,-0.88,38.513,-3.235,55.969,172.332,47.241,49.427
-0.368,0.104,-0.851,40.588,-12.695,57.861,173.112,47.186,45.665
-0.409,0.077,-0.809,38.757,-15.991,61.707,173.798,47.428,41.622
-0.464,0.115,-0.818,31.921,-17.09,69.031,174.095,47.812,37.194
-0.442,0.126,-0.843,29.236,-5.981,72.144,174.089,48.01,32.47
-0.453,0.175,-0.961,25.574,-5.371,75.806,173.842,47.774,27.636
-0.424,0.188,-1.013,29.297,-3.54,71.716,173.628,47.488,22.874
-0.486,0.167,-1.012,31.006,-14.343,74.524,173.535,47.494,18.188
-0.439,0.099,-0.941,34.241,-2.502,75.745,173.518,47.411,13.381
-0.229,-0.036,-0.763,41.26,-6.958,70.801,173.963,47.005,8.822
-0.448,-0.028,-0.758,35.828,-42.236,76.355,174.37,47.719,4.246
-0.674,-0.093,-0.869,52.063,-5.31,80.139,175.001,48.752,-0.681
-0.466,-0.148,-0.862,43.213,22.583,89.539,175.82,47.648,-5.724
-0.236,-0.096,-0.866,32.41,22.156,91.248,176.177,46.049,-10.844
-0.298,-0.008,-0.866,24.231,-18.982,80.811,176.171,45.72,-15.612
-0.437,-0.03,-0.812,26.672,-17.029,68.359,176.298,46.417,-19.759
-0.431,-0.019,-0.826,23.438,-22.217,60.852,176.402,47.038,-23.527
-0.491,-0.08,-0.952,25.818,-5.737,37.842,176.896,47.56,-26.351
-0.339,-0.156,-1.034,12.207,0.122,22.461,177.638,47.439,-27.872
-0.373,0.018,-0.948,-7.69,-28.32,15.259,177.292,48.29,-29.114
-0.33,0.058,-0.833,-14.587,-19.714,-6.653,177.116,49.285,-29.152
-0.501,0.236,-0.879,-22.888,-29.114,0.183,176.155,50.504,-29.317
-0.599,0.229,-1.01,-7.812,11.902,-15.503,175.627,51.015,-29.24
-0.356,0.193,-0.977,3.662,26.611,-15.869,175.875,50.021,-28.685
-0.218,0.089,-0.928,5.981,15.869,-13.428,176.517,48.983,-28.092
-0.15,0.099,-0.828,1.343,1.526,-2.014,176.797,48.433,-27.872
-0.232,0.139,-0.76,-3.174,-17.456,8.911,176.589,48.636,-28.218
-0.285,0.172,-0.729,1.465,-8.911,13.184,176.122,49.087,-29.07
-0.211,0.185,-0.693,7.019,-12.939,17.395,175.853,49.23,-30.141
-0.282,0.171,-0.689,13.367,-24.414,24.292,175.655,49.927,-31.718
-0.36,0.177,-0.746,12.817,-31.799,26.855,175.435,50.949,-33.613
-0.405,0.148,-0.755,16.113,-33.203,22.705,175.254,52.333,-35.607
-0.538,0.122,-0.922,8.545,-42.786,14.526,175.111,53.959,-37.211
-0.831,0.137,-1.084,8.606,-32.898,10.864,174.82,55.948,-38.639
-0.569,0.048,-0.95,5.798,-13.184,0.977,174.963,56.827,-39.38
-0.91,0.11,-1.058,3.052,-23.499,2.747,174.924,58.079,-39.919
-0.642,0.005,-0.927,11.536,7.629,-6.409,175.6,58.162,-39.974
-0.529,0.034,-0.819,1.343,-13.245,14.221,175.864,58.321,-40.369
-0.635,0.093,-0.793,7.874,-5.737,18.799,175.474,58.887,-41.71
-0.439,0.045,-0.692,12.634,4.517,13.977,175.616,58.634,-42.792
-0.505,0.01,-0.674,11.414,-13.184,3.601,175.897,58.887,-43.594
-0.457,-0.068,-0.587,8.057,-8.24,-16.846,176.748,59.469,-43.325
-0.483,-0.058,-0.546,0.244,-16.052,-20.203,177.72,60.271,-42.259
-0.555,-0.077,-0.644,-1.77,-2.319,-22.644,178.676,60.903,-40.99
-0.471,-0.053,-0.611,-5.737,4.7,-16.663,179.418,60.947,-39.809
-0.396,-0.007,-0.601,-6.348,0.0,-14.832,179.874,60.897,-38.87
-0.585,0.026,-0.807,-4.761,-15.503,-10.01,-179.775,61.298,-38.145
-0.846,0.086,-0.993,3.723,-8.789,-9.033,-179.467,62.122,-37.809
-0.845,0.125,-1.143,3.296,10.01,2.869,-179.099,61.897,-37.804
-0.831,0.129,-1.146,21.545,28.687,-0.305,-178.665,61.1,-38.353
-0.511,0.019,-1.031,18.677,29.053,-6.531,-177.473,59.337,-38.282
-0.577,0.026,-0.946,9.216,4.089,-4.333,-176.913,58.749,-38.353
-0.495,-0.045,-0.811,3.601,6.47,-19.775,-176.188,58.392,-37.694
-0.506,-0.024,-0.706,-8.301,-7.812,-15.747,-175.77,58.447,-36.722
-0.497,0.031,-0.669,-9.827,-1.587,-9.583,-175.869,58.683,-36.129
-0.451,0.102,-0.694,-7.69,1.465,4.639,-176.309,58.607,-36.216
-0.449,0.088,-0.675,4.089,4.211,13.184,-176.83,58.607,-37.117
-0.382,0.101,-0.682,3.418,-2.258,23.438,-177.413,58.343,-38.584
-0.558,0.12,-0.743,11.169,-12.024,22.339,-178.094,58.914,-40.419
-0.443,0.09,-0.696,11.475,-1.648,14.404,-178.325,59.052,-41.913
-0.536,0.075,-0.766,11.353,-14.648,7.385,-178.391,59.557,-42.979
-0.634,0.037,-0.876,10.254,-15.564,-0.366,-178.121,60.161,-43.5
-0.744,-0.026,-0.925,5.249,-15.076,-1.343,-177.775,60.985,-43.654
-0.686,-0.036,-0.956,0.061,-4.761,2.014,-177.814,61.49,-43.918
-0.966,-0.01,-1.028,5.798,-5.127,-10.193,-177.599,62.034,-43.824
-0.559,-0.128,-0.861,17.395,28.259,-21.973,-176.16,61.068,-42.792
-0.45,-0.193,-0.812,2.502,-3.296,0.549,-175.215,60.496,-42.198
-0.547,-0.05,-0.769,-7.996,-6.714,13.367,-175.776,60.881,-42.748
-0.605,-0.007,-0.76,-5.615,-5.188,5.432,-176.314,61.117,-43.231
-0.537,-0.059,-0.708,0.549,-0.977,-11.902,-176.144,61.194,-42.935
-0.6,-0.107,-0.706,-3.113,-9.277,-16.846,-175.479,61.425,-41.902
-0.555,-0.154,-0.65,-4.211,-4.333,-19.409,-174.814,61.771,-40.737
-0.629,-0.123,-0.68,-11.414,-7.507,-15.137,-174.375,62.04,-39.573
-0.572,-0.144,-0.641,-8.972,3.845,-17.883,-174.078,62.227,-38.524
-0.537,-0.146,-0.633,-15.015,1.648,-12.695,-173.853,61.957,-37.502
-0.539,-0.101,-0.659,-15.564,18.005,-7.996,-174.034,61.716,-36.848
-0.433,-0.066,-0.641,-16.846,16.174,1.404,-174.551,60.721,-36.683
-0.386,-0.049,-0.64,-15.137,11.475,5.249,-175.292,60.139,-36.887
-0.41,0.029,-0.722,-19.348,-6.592,15.747,-176.402,59.93,-37.463
-0.753,0.109,-0.879,-12.756,-24.963,16.052,-177.781,60.908,-38.546
-0.927,0.152,-1.166,-4.761,3.967,14.526,-178.671,61.26,-39.578
-0.81,0.17,-1.12,11.169,25.513,19.348,-179.291,60.672,-40.99
-0.589,0.107,-1.094,16.113,31.555,15.381,-179.214,58.936,-42.226
-0.551,0.084,-1.031,15.442,11.536,9.46,-179.022,58.008,-43.182
-0.57,0.003,-0.927,6.958,3.113,-6.897,-178.539,57.656,-43.237
-0.553,-0.001,-0.82,-4.028,-2.38,-10.681,-178.286,57.59,-42.72
-0.558,0.043,-0.758,-12.878,-0.244,-8.606,-178.484,57.744,-42.204
-0.43,0.123,-0.663,-9.338,7.996,4.456,-179.11,57.475,-42.259
-0.388,0.136,-0.644,-2.563,4.395,9.888,-179.742,57.167,-42.918
-0.426,0.131,-0.671,3.174,0.488,14.526,179.747,57.047,-43.879
-0.408,0.118,-0.659,5.981,-3.113,17.151,179.28,57.052,-45.121
-0.48,0.127,-0.677,3.845,-9.888,18.738,178.731,57.393,-46.489
-0.453,0.135,-0.706,3.357,-9.583,14.954,178.132,57.744,-47.851
-0.603,0.109,-0.922,4.517,-9.399,4.272,177.841,58.222,-48.724
-0.741,0.077,-1.054,0.916,-12.39,0.305,177.797,58.678,-49.087
-0.572,0.004,-0.868,2.686,1.404,-9.033,177.929,59.095,-49.016
-0.764,-0.106,-1.102,-10.986,-16.663,-14.465,178.412,59.112,-48.032
-0.752,0.091,-1.03,-12.085,-1.038,1.282,177.759,59.925,-47.851
-0.627,0.034,-0.92,-3.845,2.258,-2.136,177.704,59.535,-47.664
-0.618,0.095,-0.87,3.235,3.418,7.874,177.556,59.573,-47.939
-0.467,0.03,-0.786,9.949,7.507,5.554,177.786,59.139,-48.351
-0.473,-0.016,-0.718,5.249,-7.202,1.282,178.055,59.227,-48.576
-0.521,-0.046,-0.706,1.343,-11.597,-12.634,178.539,59.7,-48.109
-0.612,-0.047,-0.696,2.93,-7.263,-21.362,179.368,60.342,-46.972
-0.478,-0.12,-0.684,2.686,11.841,-25.513,-179.401,60.035,-45.379
-0.514,-0.123,-0.682,-3.418,0.488,-22.034,-178.358,59.892,-43.737
-0.424,-0.1,-0.629,-7.141,4.089,-16.052,-177.731,59.744,-42.429
-0.402,-0.096,-0.601,-11.719,-3.784,-18.86,-177.341,59.782,-41.204
-0.427,-0.046,-0.617,-13.55,-4.211,-17.883,-177.105,60.024,-39.864
-0.575,-0.018,-0.797,-15.503,-8.789,-9.216,-177.116,60.249,-38.875
-0.698,0.03,-0.857,-11.78,-16.846,-9.521,-177.407,60.837,-38.315
-0.979,0.098,-1.212,-10.986,-7.446,-5.554,-177.534,61.43,-37.766
-0.904,0.108,-1.131,9.766,22.705,-6.287,-177.457,61.238,-37.711
-0.674,0.075,-1.14,11.169,50.842,3.601,-176.88,59.205,-37.798
-0.38,0.047,-1.029,12.085,28.992,7.141,-176.693,57.145,-38.535
-0.425,0.001,-0.883,3.235,-1.648,-14.587,-176.298,56.64,-38.315
-0.558,-0.005,-0.829,-5.005,-6.836,-27.222,-175.732,56.827,-36.909
-0.443,-0.03,-0.718,-10.62,-2.319,-18.494,-175.512,56.882,-35.645
-0.502,0.031,-0.696,-18.982,-15.015,-4.517,-176.056,57.316,-35.112
-0.502,0.064,-0.66,-15.808,-6.653,3.296,-176.973,57.827,-35.277
-0.529,0.113,-0.696,-6.104,6.042,16.846,-177.979,57.958,-36.14
-0.517,0.105,-0.714,3.54,4.7,17.639,-178.737,57.662,-37.518
-0.532,0.096,-0.741,6.653,10.498,15.991,-179.165,57.404,-38.848
-0.401,0.077,-0.716,5.371,10.803,11.902,-179.412,56.849,-39.946
-0.399,0.063,-0.716,4.089,-6.348,11.108,-179.665,56.772,-40.853
-0.598,0.054,-0.887,2.625,-12.146,6.836,-179.901,57.2,-41.6
-0.754,0.055,-1.016,-0.366,-3.296,3.784,179.885,57.673,-42.089
-0.445,0.001,-0.857,-1.282,16.235,0.366,179.758,57.321,-42.352
-0.745,0.011,-0.976,-9.216,-25.94,-0.916,179.5,57.469,-42.38
-0.685,0.01,-0.915,-2.38,-1.77,-5.798,179.385,58.118,-42.22
-0.685,0.005,-0.881,3.113,-3.052,-0.244,179.588,58.299,-42.056
-0.599,-0.001,-0.835,7.141,20.996,14.221,179.72,57.816,-42.512
-0.464,0.019,-0.791,7.202,21.729,30.029,179.401,56.635,-43.94
-0.437,0.024,-0.788,7.69,14.221,25.696,178.984,55.756,-45.571
-0.406,-0.024,-0.729,4.517,0.183,11.78,178.901,55.371,-46.516
-0.465,-0.01,-0.719,2.808,0.427,-2.197,179.0,55.503,-46.664
-0.478,-0.034,-0.733,0.488,5.127,-10.681,179.478,55.311,-46.093
-0.381,-0.072,-0.662,1.831,6.165,-15.198,-179.901,55.102,-45.247
-0.345,-0.082,-0.619,-6.348,-2.075,-6.348,-179.478,55.025,-44.451
-0.376,-0.007,-0.618,-9.033,-9.766,0.793,-179.698,55.393,-44.231
-0.413,0.041,-0.718,-6.287,-5.859,9.155,179.962,55.728,-44.374
-0.528,0.097,-0.88,-0.488,-10.437,14.526,179.456,56.074,-45.11
-0.633,0.118,-1.067,13.062,6.836,5.066,179.379,56.288,-45.862
-0.785,0.15,-1.184,16.724,23.193,7.324,179.824,55.618,-46.296
-0.495,0.041,-1.227,15.93,41.321,6.47,-179.412,53.795,-46.763
-0.414,0.08,-1.15,7.08,15.32,3.967,-179.171,52.416,-47.219
-0.419,0.045,-1.004,-0.366,0.732,-6.531,-178.962,51.993,-46.994
-0.438,0.039,-0.885,-5.31,-2.38,-9.216,-178.989,51.993,-46.566
-0.413,0.083,-0.785,-9.155,-9.155,-5.066,-179.264,52.224,-46.208
-0.368,0.098,-0.694,-7.324,-10.437,3.174,-179.731,52.668,-46.335
-0.4,0.141,-0.686,-1.404,-7.507,11.047,179.687,53.13,-47.049
-0.305,0.112,-0.637,3.296,-5.92,13.123,179.308,53.278,-48.043
-0.389,0.117,-0.673,3.113,-18.494,16.174,178.846,53.899,-49.241
-0.456,0.104,-0.719,5.676,-11.536,14.282,178.445,54.591,-50.482
-0.41,0.083,-0.75,2.319,-13.184,15.503,178.072,55.107,-51.669
-0.651,0.109,-0.984,-1.648,-24.658,16.602,177.49,55.854,-52.833
-0.709,0.103,-0.983,2.258,-10.864,7.446,176.913,56.805,-53.915
-0.55,-0.01,-0.932,-0.977,-5.31,-9.216,177.078,57.041,-53.921
-0.835,0.085,-0.951,-6.775,-12.939,0.732,176.885,57.827,-53.767
-0.656,0.031,-0.884,3.418,20.203,0.488,176.929,57.497,-53.839
-0.581,0.082,-0.956,4.7,24.78,17.517,176.973,56.426,-54.261
-0.44,0.066,-0.877,8.179,16.968,19.043,176.847,55.289,-55.36
-0.401,0.045,-0.757,6.775,1.465,10.254,176.896,54.783,-56.118
-0.497,0.035,-0.722,4.272,-3.784,8.545,176.891,54.943,-56.695
-0.426,0.003,-0.665,3.662,3.296,-3.967,177.1,54.921,-56.777
-0.45,-0.02,-0.712,3.113,9.583,-7.69,177.599,54.745,-56.277
-0.389,-0.072,-0.767,5.615,13.367,-13.306,178.325,54.141,-55.541
-0.312,-0.054,-0.676,-3.052,-5.127,-4.333,178.775,54.036,-54.822
-0.388,-0.035,-0.653,1.404,-13.306,3.784,178.907,54.63,-54.673
-0.356,0.005,-0.624,-2.197,-21.423,13.306,178.726,55.377,-55.08
-0.648,0.073,-0.841,-1.099,-26.001,16.235,178.248,56.662,-55.948
-0.624,0.121,-0.884,6.775,-3.418,8.606,177.962,57.277,-56.799
-0.834,0.192,-1.091,3.235,0.793,11.536,177.946,57.283,-57.387
-0.727,0.11,-1.14,13.245,32.043,1.343,178.264,56.536,-57.838
-0.474,0.145,-1.117,3.052,28.137,12.329,178.451,54.833,-58.2
-0.491,0.111,-1.013,7.812,10.193,-3.296,178.528,53.915,-58.563
-0.411,0.064,-0.868,1.831,7.324,-3.479,178.879,53.432,-58.288
-0.396,0.076,-0.76,-0.61,-0.366,2.075,178.83,53.278,-58.299
-0.3,0.076,-0.646,-1.465,2.563,8.911,178.594,53.113,-58.629
-0.329,0.119,-0.644,-3.723,-3.235,18.86,177.984,53.053,-59.507
-0.367,0.153,-0.668,2.441,7.08,25.818,177.242,52.806,-60.936
-0.318,0.169,-0.683,6.47,2.075,31.189,176.589,52.333,-62.759
-0.399,0.164,-0.743,9.888,-8.423,31.799,176.017,52.421,-64.803
-0.452,0.124,-0.89,10.681,-7.019,25.33,175.649,52.526,-66.649
-0.628,0.133,-1.062,9.216,-8.545,20.264,175.358,52.932,-68.099
-0.485,0.056,-0.882,7.996,0.488,14.954,175.303,53.042,-69.093
-0.771,0.032,-1.206,0.061,-24.475,8.85,175.248,53.383,-69.637
-0.6,0.078,-1.065,12.512,41.565,14.587,175.078,53.454,-70.263
-0.374,-0.009,-0.998,6.47,7.629,22.339,175.43,51.883,-70.796
-0.517,0.089,-0.979,9.46,8.179,27.893,175.139,51.636,-72.026
-0.366,0.062,-0.831,11.292,1.099,25.452,175.204,51.064,-73.13
-0.453,0.079,-0.781,14.954,-1.892,21.851,175.254,51.136,-74.295
-0.262,-0.01,-0.637,18.311,7.812,-0.183,175.941,50.861,-74.658
-0.317,-0.043,-0.639,6.775,-12.085,-8.606,176.874,50.933,-74.02
-0.235,-0.085,-0.539,3.662,-3.845,-21.301,177.599,51.498,-72.944
-0.643,-0.017,-0.708,-15.93,-31.372,-19.531,178.099,52.372,-71.285
-0.475,-0.027,-0.736,8.667,16.418,-33.325,178.841,52.888,-69.565
-0.311,-0.138,-0.736,-2.075,2.075,-24.719,-179.901,52.377,-67.451
-0.586,-0.017,-0.961,-10.01,-12.451,-6.775,-179.736,52.982,-66.341
-0.446,0.088,-0.983,-8.179,8.301,11.475,179.863,53.004,-66.259
-0.503,0.214,-1.055,-10.437,-17.7,33.936,178.726,52.976,-67.522
-0.709,0.233,-1.136,7.568,-0.854,27.527,177.781,53.553,-69.357
-0.624,0.202,-1.105,14.099,11.902,25.391,177.556,52.971,-70.807
-0.41,0.086,-0.964,18.25,16.724,19.653,177.77,52.064,-72.037
-0.441,0.089,-0.851,13.733,-0.977,28.992,177.852,51.713,-73.251
-0.356,0.117,-0.729,16.907,4.15,46.204,177.599,51.4,-75.256
-0.373,0.134,-0.692,20.813,-3.54,59.631,177.116,51.141,-78.195
-0.379,0.145,-0.672,23.743,0.183,63.11,176.589,50.993,-81.612
-0.352,0.17,-0.696,27.1,-1.16,69.763,176.094,50.614,-85.27
-0.43,0.162,-0.746,32.837,-9.094,69.946,175.699,50.581,-89.225
-0.375,0.132,-0.786,33.813,-9.277,63.538,175.633,50.62,-92.9
-0.391,0.121,-0.796,29.236,-20.63,63.416,175.474,51.048,-96.422
-0.581,0.146,-0.873,22.278,-24.414,71.472,174.946,51.768,-100.069
-0.743,0.101,-1.073,22.278,-37.903,72.632,174.155,52.586,-104.156
-0.958,0.133,-1.075,25.269,-27.1,73.792,173.101,53.943,-108.331
-0.746,0.006,-1.0,43.64,26.062,60.059,173.26,53.256,-111.533
-0.545,-0.05,-0.992,42.786,37.903,71.106,173.99,51.356,-114.395
-0.295,-0.062,-0.911,33.142,30.823,86.975,174.254,49.164,-118.147
-0.298,0.042,-0.827,27.344,3.174,89.844,173.93,47.988,-122.228
-0.33,0.007,-0.753,31.555,-8.789,77.087,173.881,47.708,-125.92
-0.369,-0.039,-0.752,29.175,-18.799,67.383,174.029,48.043,-129.067
-0.426,-0.064,-0.84,20.63,-30.334,59.814,174.051,48.928,-131.786
-0.538,-0.015,-0.897,18.677,-22.4,61.157,173.853,49.999,-134.308
-0.431,0.039,-0.893,14.343,-24.658,70.129,173.326,50.647,-137.192
-0.695,0.205,-0.908,9.277,-27.344,68.665,172.145,51.724,-140.532
-0.29,0.063,-0.825,20.325,8.118,44.8,171.881,51.559,-142.872
-0.52,0.301,-0.942,0.061,-14.648,68.787,170.865,51.345,-145.404
-0.424,0.207,-0.965,31.86,17.212,40.405,170.447,50.647,-148.019
-0.317,0.161,-0.891,34.302,0.0,43.152,171.194,49.757,-149.634
-0.342,0.048,-0.822,37.842,-10.132,51.819,171.98,49.521,-151.941
-0.423,0.125,-0.809,30.64,-17.09,61.89,172.277,49.73,-154.803
-0.413,0.14,-0.794,31.86,-14.709,66.162,172.321,49.883,-158.049
-0.436,0.15,-0.796,30.579,-16.785,62.317,172.282,50.175,-161.252
-0.595,0.173,-0.941,26.733,-10.62,64.697,172.233,50.279,-164.257
-0.413,0.156,-0.936,37.17,8.484,63.904,172.321,49.625,-167.338
-0.438,0.085,-1.028,27.954,-13.672,57.739,172.606,49.329,-170.129
-0.498,0.093,-0.981,27.344,-4.761,56.335,172.562,49.455,-172.897
-0.339,0.016,-0.805,23.254,-11.902,54.016,172.683,49.312,-175.358
-0.542,0.002,-0.78,25.452,-34.546,45.349,172.782,50.251,-177.764
-0.637,-0.021,-0.791,28.32,-13.977,48.34,173.095,51.334,-179.714
-0.629,-0.019,-0.866,33.203,17.578,60.791,173.386,51.042,178.193
-0.319,-0.061,-0.791,34.79,24.963,69.153,173.831,49.554,175.831
-0.356,-0.048,-0.823,24.536,-13.611,67.566,174.04,48.944,172.98
-0.48,-0.021,-0.792,22.644,-15.32,52.185,174.029,49.51,170.277
-0.468,-0.045,-0.8,17.09,-19.165,37.903,174.216,50.158,168.481
-0.492,-0.063,-0.871,18.799,-9.033,21.118,174.606,50.878,167.448
-0.488,-0.049,-1.003,10.254,-2.075,20.691,175.161,51.07,167.014
-0.56,0.074,-1.018,-0.427,-19.287,19.775,174.941,51.608,166.168
-0.477,0.069,-1.001,2.93,5.676,-6.47,175.144,51.982,166.306
-0.193,0.077,-0.82,-9.216,5.249,-6.348,175.386,51.476,167.064
-0.34,0.213,-0.819,-15.564,-28.809,5.493,174.666,52.108,166.8
-0.669,0.271,-0.932,1.892,-1.221,2.38,174.161,52.855,166.377
-0.41,0.199,-0.924,19.958,41.809,-10.437,174.974,51.482,167.102
-0.223,0.099,-0.915,22.339,27.893,-19.165,176.473,49.653,168.305
-0.26,0.034,-0.837,11.78,18.555,-34.668,177.869,48.752,169.805
-0.258,0.046,-0.833,-6.042,11.23,-20.264,178.649,47.917,171.453
-0.342,0.137,-0.84,-3.357,8.972,6.592,178.374,47.45,171.634
-0.186,0.144,-0.793,3.296,14.404,23.01,178.077,46.577,170.942
-0.263,0.165,-0.815,12.756,-1.221,32.532,177.731,46.06,169.255
-0.234,0.124,-0.785,13.184,2.991,34.119,177.671,45.758,167.465
-0.215,0.135,-0.783,10.681,-18.005,44.556,177.363,45.698,165.256
-0.32,0.184,-0.842,14.771,-33.386,38.025,176.951,46.758,162.795
-0.239,0.125,-0.761,17.944,-38.452,30.701,176.852,48.126,160.724
-0.615,0.12,-0.989,11.963,-66.04,22.522,176.715,50.548,158.961
-0.69,0.033,-0.999,14.526,-43.213,12.268,176.754,53.157,157.934
-1.513,-0.051,-2.437,3.967,-56.03,3.174,176.962,55.245,157.67
-0.906,0.02,-1.054,5.493,-27.71,2.319,176.951,57.733,157.648
-0.778,-0.053,-0.905,13.489,17.883,-5.92,177.748,57.777,158.483
-0.506,-0.006,-0.825,7.812,50.354,11.78,178.325,55.915,159.142
-0.36,0.063,-0.837,6.531,40.894,28.503,178.187,53.712,158.538
-0.294,0.085,-0.839,14.587,28.687,25.574,178.083,51.899,157.341
-0.356,-0.01,-0.859,16.479,7.751,-0.488,178.72,51.103,156.813
-0.425,-0.081,-0.897,16.541,-0.549,-12.39,179.769,50.955,157.148
-0.363,-0.167,-0.831,7.996,1.526,-19.897,-179.044,50.927,158.0
-0.508,-0.122,-0.865,-2.441,-3.784,-9.705,-178.38,50.971,158.692
-0.533,-0.089,-0.841,1.709,19.958,-6.592,-178.039,50.658,159.099
-0.457,-0.074,-0.782,0.305,28.503,0.549,-177.66,49.477,159.675
-0.322,-0.038,-0.709,2.747,39.001,3.052,-177.528,47.911,159.961
-0.336,-0.045,-0.736,3.723,40.466,4.578,-177.297,46.23,160.236
-0.118,-0.082,-0.757,-0.061,35.278,-5.005,-177.127,44.346,160.554
-0.005,-0.141,-0.768,-14.282,-0.671,-12.085,-177.166,43.588,160.801
-0.07,-0.032,-0.711,-29.663,-39.307,-6.531,-178.11,44.528,160.422
-0.404,0.096,-0.849,-28.931,-79.712,2.93,-179.555,47.384,159.521
-0.866,0.232,-1.075,-0.305,-45.044,4.028,179.599,50.603,158.983
-0.811,0.145,-1.12,16.479,5.615,12.695,179.929,51.026,158.939
-0.524,0.065,-1.149,24.109,41.321,17.395,-179.44,49.697,158.648
-0.211,0.041,-1.154,14.893,39.551,26.306,-179.033,47.538,157.846
-0.167,0.043,-1.062,6.836,-1.77,16.479,-179.11,46.686,156.484
-0.417,0.034,-0.995,-4.761,-18.372,-4.15,-179.16,47.274,156.077
-0.417,0.068,-0.89,-3.296,-8.301,-3.357,-179.374,47.873,156.061
-0.383,0.077,-0.827,-1.099,-11.292,0.305,-179.489,48.235,156.099
-0.378,0.066,-0.755,2.136,-13.062,3.052,-179.572,48.812,155.973
-0.445,0.07,-0.754,3.235,-14.526,2.991,-179.599,49.548,155.907
-0.466,0.059,-0.755,3.418,-2.747,7.629,-179.626,50.01,155.869
-0.414,0.08,-0.752,1.831,7.263,16.052,-179.846,49.933,155.605
-0.353,0.104,-0.748,4.395,11.841,19.226,179.753,49.504,154.995
-0.367,0.126,-0.774,3.906,5.615,14.282,179.434,49.087,154.402
-0.381,0.091,-0.809,5.798,14.648,1.892,179.434,48.664,154.358
-0.205,0.035,-0.779,2.136,9.521,-7.141,179.643,47.939,154.786
-0.35,0.021,-0.982,-5.92,-19.836,-13.306,179.659,48.323,155.226
-0.516,0.025,-1.069,-12.634,-25.146,-12.329,179.407,49.532,155.693
-0.331,-0.044,-0.955,-14.282,-32.898,-19.409,179.165,50.702,156.275
-0.819,0.056,-0.991,-21.79,-51.27,-11.536,178.484,53.229,156.676
-0.72,0.054,-0.959,-7.446,-2.747,-11.658,178.237,54.146,157.511
-0.638,0.083,-0.975,2.625,30.579,1.465,178.336,53.531,158.324
-0.312,0.057,-0.901,11.658,26.489,9.888,178.572,51.894,158.34
-0.325,0.002,-0.865,11.353,15.503,6.348,179.055,50.85,158.06
-0.301,-0.022,-0.795,9.46,2.258,0.0,179.495,50.334,157.692
-0.381,-0.063,-0.75,4.456,-9.46,-12.451,-179.918,50.488,157.758
-0.465,-0.056,-0.789,5.554,2.747,-20.02,-179.22,50.729,158.439
-0.388,-0.102,-0.821,2.686,6.653,-19.409,-178.308,50.367,159.576
-0.389,-0.073,-0.793,1.465,1.953,-10.986,-177.737,50.273,160.302
-0.383,-0.052,-0.776,-0.977,-2.38,-5.371,-177.385,50.229,160.708
-0.375,-0.078,-0.764,-3.174,0.61,-5.981,-177.188,50.284,161.021
-0.333,-0.055,-0.738,-8.545,-6.348,-5.798,-177.22,50.433,161.34
-0.375,-0.004,-0.752,-8.24,-4.028,-4.395,-177.457,50.779,161.587
-0.37,-0.01,-0.913,-4.761,-3.784,0.732,-177.589,50.834,161.664
-0.569,0.024,-0.999,0.854,-19.226,2.258,-177.759,51.592,161.373
-0.303,-0.001,-0.81,1.221,-7.568,5.859,-177.715,52.059,161.208
-0.816,0.104,-0.96,0.122,-38.757,12.39,-178.176,53.547,160.417
-0.651,0.021,-1.053,10.132,28.992,-2.625,-177.814,53.448,160.648
-0.369,0.052,-1.08,-1.038,24.536,8.484,-177.841,51.993,160.692
-0.331,-0.015,-0.972,-5.005,-3.479,-15.381,-177.88,51.411,160.851
-0.514,0.036,-0.936,-12.085,-9.155,-15.015,-177.94,51.79,161.603
-0.465,0.087,-0.856,-8.85,-3.113,-0.244,-178.341,52.02,161.9
-0.461,0.122,-0.816,-0.488,-4.028,7.935,-178.764,52.152,161.691
-0.385,0.082,-0.707,8.057,-3.174,8.362,-178.896,52.311,161.329
-0.449,0.052,-0.694,7.324,-11.414,5.676,-178.808,52.668,161.109
-0.474,0.032,-0.683,8.179,5.92,7.935,-178.704,52.949,161.06
-0.352,0.044,-0.702,1.709,8.24,17.395,-178.857,52.493,160.801
-0.338,0.08,-0.734,1.709,6.592,21.423,-179.418,52.185,159.879
-0.318,0.089,-0.766,-0.854,-8.179,16.724,-179.995,52.224,158.868
-0.387,0.083,-0.855,-3.479,-13.977,13.123,179.412,52.701,157.906
-0.731,0.159,-1.087,-5.615,-17.029,15.381,178.572,53.586,156.901
-0.558,0.055,-1.001,5.432,17.578,0.122,178.412,53.328,156.687
-0.575,-0.038,-1.15,-3.601,-15.93,-4.272,178.704,53.058,157.011
-0.642,-0.012,-1.009,-1.77,-8.179,-6.958,178.621,53.965,157.028
-0.528,-0.014,-0.854,-6.042,0.61,0.732,178.654,54.036,157.412
-0.541,0.092,-0.889,1.465,18.738,26.245,178.105,53.586,156.693
-0.342,0.084,-0.868,13.428,27.222,26.55,177.858,52.256,155.407
-0.315,-0.003,-0.863,17.883,5.981,21.729,178.138,51.284,153.979
-0.43,-0.079,-0.844,11.047,-1.587,10.925,178.517,51.174,152.65
-0.345,-0.098,-0.81,3.662,3.479,0.305,178.89,50.966,151.787
-0.468,-0.046,-0.834,-1.709,-10.193,-8.606,179.154,51.141,151.133
-0.473,-0.052,-0.853,4.944,9.705,-15.259,179.725,51.235,151.232
-0.339,-0.083,-0.755,0.916,-0.122,-7.08,-179.632,50.905,151.447
-0.368,-0.041,-0.711,-0.793,-1.221,-2.197,-179.374,51.042,151.1
-0.43,-0.003,-0.754,-2.258,-1.465,0.793,-179.313,51.125,150.568
-0.321,-0.06,-0.783,-3.906,6.409,-4.944,-179.165,50.85,150.436
-0.215,-0.033,-0.714,-11.963,-9.155,-6.897,-179.39,50.933,150.035
-0.402,-0.005,-0.788,-24.353,-47.18,-11.963,-179.945,52.267,149.722
-0.742,0.175,-0.871,-14.16,-36.56,-11.841,179.193,54.772,149.881
-0.713,0.109,-0.985,-1.404,-13.855,-4.15,179.28,55.58,150.853
-0.881,0.213,-1.085,15.747,4.883,14.404,179.116,56.212,150.859
-0.555,0.073,-1.032,25.085,52.49,16.846,179.791,54.349,150.809
-0.325,0.044,-1.06,11.963,16.296,19.531,-179.995,52.509,150.007
-0.5,0.012,-1.008,0.793,2.258,-12.451,-179.819,52.245,149.727
-0.518,0.045,-0.97,-8.911,14.282,-17.7,-179.61,51.795,150.677
-0.363,0.07,-0.869,-10.132,6.897,-14.771,-179.714,51.213,151.589
-0.394,0.099,-0.783,-9.521,-11.23,-9.521,-179.94,51.328,152.243
-0.438,0.092,-0.708,-5.859,-11.475,-2.808,179.742,51.965,152.523
-0.466,0.087,-0.694,-4.639,-6.653,0.671,179.434,52.416,152.809
-0.439,0.096,-0.702,-2.319,4.883,6.531,179.055,52.493,152.952
-0.417,0.129,-0.75,-0.305,14.465,10.803,178.66,52.048,152.919
-0.29,0.13,-0.741,2.869,11.292,14.771,178.286,51.35,152.518
-0.312,0.138,-0.756,2.319,-8.545,11.047,177.94,51.279,151.875
-0.334,0.093,-0.766,3.784,-9.46,-1.77,177.869,51.702,151.617
-0.493,0.093,-0.916,-2.441,-23.499,-5.981,177.874,52.46,151.743
-0.572,0.083,-0.996,0.549,-9.399,-11.169,177.94,53.278,152.177
-0.451,0.025,-0.917,-0.793,-11.169,-14.893,178.22,53.839,153.018
-0.75,0.061,-0.902,-0.732,-15.259,-15.259,178.423,54.888,153.968
-0.716,-0.027,-1.033,4.944,15.808,-19.348,179.247,54.553,155.49
-0.513,-0.003,-1.04,8.972,38.33,3.906,179.747,53.394,156.335
-0.291,-0.009,-0.951,5.92,14.465,19.348,179.973,51.883,156.011
-0.357,0.042,-0.867,8.301,-4.517,21.484,179.747,51.68,154.627
-0.428,-0.004,-0.817,7.385,-6.042,9.46,179.819,51.844,153.572
-0.356,-0.048,-0.729,3.296,-3.357,0.793,-179.956,51.982,153.199
-0.471,0.004,-0.729,-1.892,-10.742,-0.977,-179.912,52.366,153.127
-0.514,-0.003,-0.807,10.437,12.085,-6.47,-179.511,52.377,153.561
-0.422,-0.068,-0.861,13.184,24.597,1.953,-178.704,51.471,154.111
-0.258,-0.114,-0.831,9.094,16.235,2.869,-178.105,50.411,154.072
-0.292,-0.108,-0.758,-4.211,-11.23,-4.272,-177.913,50.389,153.792
-0.316,-0.094,-0.651,-14.465,-25.818,-13.184,-177.973,51.246,153.869
-0.393,-0.005,-0.605,-18.25,-32.227,-11.536,-178.369,52.729,154.193
-0.443,0.048,-0.651,-9.644,-31.25,-5.92,-178.682,54.212,154.698
-0.78,0.086,-0.866,2.075,-25.757,0.793,-178.775,55.898,155.237
-0.645,0.049,-0.862,12.878,10.254,8.606,-178.517,56.129,155.654
-0.814,0.129,-1.03,17.639,20.508,18.066,-178.407,55.514,155.429
-0.541,0.013,-1.118,26.062,62.439,12.146,-177.561,53.339,155.385
-0.301,0.009,-1.111,14.099,41.87,25.574,-177.149,50.669,154.649
-0.341,0.003,-1.052,6.653,19.409,8.301,-177.16,49.279,153.578
-0.349,0.001,-0.985,-0.183,16.052,-4.272,-177.061,48.351,153.474
-0.246,0.016,-0.799,-8.484,-2.441,3.967,-177.297,47.862,153.303
-0.375,0.101,-0.774,-11.353,-16.052,14.648,-178.083,48.334,152.578
-0.359,0.129,-0.729,-0.793,1.038,14.832,-178.841,48.702,151.688
-0.353,0.137,-0.762,2.808,-3.845,18.799,-179.264,48.647,150.925
-0.33,0.1,-0.785,8.301,2.38,21.362,-179.561,48.625,149.93
-0.278,0.099,-0.777,6.104,-7.202,23.254,-179.885,48.686,148.81
-0.286,0.067,-0.704,-1.404,-31.128,22.644,179.572,49.532,147.546
-0.482,0.144,-0.761,-4.883,-26.123,17.883,178.627,51.114,146.316
-0.547,0.073,-0.929,-2.441,0.671,-0.061,178.286,51.361,146.201
-0.633,0.073,-1.089,-6.836,-4.822,-2.502,177.946,51.471,146.481
-0.398,-0.042,-1.057,-9.766,-9.155,-13.733,177.863,51.597,147.178
-0.911,0.117,-1.1,-5.859,-2.502,-12.573,177.517,52.734,147.909
-0.404,-0.057,-0.95,12.634,59.57,-21.667,178.61,50.565,149.667
-0.17,-0.058,-0.98,-4.333,11.047,2.502,179.187,48.9,150.425
-0.362,0.045,-0.938,-1.282,-2.258,5.066,178.929,48.84,149.908
-0.311,-0.01,-0.885,5.615,0.061,-4.333,179.225,48.593,149.799
-0.427,-0.029,-0.907,5.31,-11.108,-6.226,179.654,48.928,149.875
-0.443,-0.071,-0.88,8.789,3.296,-16.296,-179.654,49.158,150.425
-0.278,-0.108,-0.784,5.737,1.221,-10.376,-178.802,48.922,151.254
-0.436,-0.055,-0.81,3.784,-13.977,-1.709,-178.401,49.334,151.375
-0.417,-0.122,-0.796,6.47,1.099,-6.47,-177.797,49.636,151.661
-0.336,-0.107,-0.716,-1.831,-14.282,-1.343,-177.446,49.889,151.842
-0.441,-0.092,-0.71,-4.15,-14.893,-3.723,-177.325,50.795,152.062
-0.373,-0.072,-0.659,-6.836,-15.198,-1.77,-177.347,51.487,152.375
-0.38,-0.048,-0.655,-5.371,-6.042,-0.122,-177.457,52.158,152.672
-0.421,-0.036,-0.801,-6.653,-14.16,0.732,-177.589,52.537,152.847
-0.679,0.006,-0.99,-0.183,-8.057,-3.784,-177.61,53.344,153.215
-0.623,0.021,-1.178,-0.244,11.963,7.385,-177.506,52.982,153.556
-0.725,0.103,-1.23,13.611,20.813,16.113,-177.687,52.619,153.04
-0.428,0.029,-1.182,13.916,41.626,19.043,-177.396,50.685,152.386
-0.28,-0.015,-1.031,9.277,10.559,3.601,-177.231,49.488,151.633
-0.382,-0.026,-0.929,-6.897,-2.075,-11.475,-177.05,49.29,151.831
-0.367,-0.005,-0.819,-14.648,1.099,-12.024,-177.314,49.224,152.364
-0.339,0.09,-0.787,-18.433,5.432,1.648,-178.072,49.026,152.606
-0.291,0.142,-0.786,-13.184,5.432,13.733,-179.094,48.636,152.117
-0.303,0.162,-0.813,-2.808,8.789,17.273,-179.978,48.257,151.232
-0.275,0.149,-0.812,1.038,-2.563,18.25,179.467,47.867,150.287
-0.335,0.125,-0.735,2.991,-10.193,21.729,179.0,48.131,149.161
-0.387,0.148,-0.764,2.502,-10.925,18.799,178.484,48.516,148.019
-0.387,0.128,-0.738,9.705,-6.714,9.155,178.319,48.917,147.371
-0.321,0.079,-0.74,10.62,-8.789,11.597,178.456,49.219,146.953
-0.357,0.068,-0.851,10.986,-18.372,14.404,178.539,49.834,146.212
-0.603,0.048,-0.928,13.0,-21.79,19.592,178.588,50.971,145.184
-0.453,0.002,-0.818,10.742,-10.498,20.813,178.605,51.608,144.119
-0.857,0.054,-1.01,7.141,-16.968,20.752,178.429,52.399,143.009
-0.604,-0.023,-1.051,22.888,33.63,5.859,179.077,51.68,142.657
-0.374,-0.068,-1.07,18.86,27.832,24.719,179.918,50.131,142.158
-0.326,-0.043,-0.978,12.207,14.16,39.734,-179.929,49.037,140.235
-0.324,0.037,-0.895,10.742,5.859,42.725,179.769,48.417,137.637
-0.356,0.053,-0.833,11.475,-1.099,35.217,179.55,48.175,135.231
-0.409,0.051,-0.828,18.921,4.395,23.804,179.654,48.049,133.385
-0.328,-0.041,-0.763,23.499,6.958,19.775,-179.654,47.675,132.105
-0.317,-0.069,-0.731,13.489,1.648,22.278,-179.094,47.444,130.732
-0.355,-0.035,-0.739,7.629,-1.77,11.597,-178.896,47.439,129.413
-0.333,-0.058,-0.706,2.441,-4.761,-3.235,-178.577,47.62,128.859
-0.341,-0.019,-0.69,-2.991,-12.085,-8.789,-178.369,48.082,128.82
-0.443,-0.018,-0.728,1.038,-10.01,-5.066,-178.176,48.785,128.87
-0.354,-0.088,-0.763,-1.16,-0.61,1.282,-177.984,48.994,128.666
-0.485,-0.025,-0.934,-12.146,-16.418,6.104,-178.352,49.532,128.057
-0.646,0.078,-1.18,-3.235,4.333,5.493,-178.846,50.004,127.436
-0.433,0.067,-1.203,-6.836,9.521,20.874,-179.22,49.274,126.601
-0.51,0.189,-1.228,7.019,0.183,24.963,-179.868,49.241,124.964
-0.404,0.084,-1.127,15.93,8.057,26.855,-179.808,48.807,123.42
-0.4,0.012,-1.03,8.301,-3.418,17.029,-179.764,48.636,121.97
-0.325,0.007,-0.893,-0.122,-1.709,13.428,-179.879,48.609,120.965
-0.313,0.058,-0.783,-2.686,-9.216,20.691,179.626,48.768,119.685
-0.319,0.117,-0.687,-0.061,-12.512,33.142,178.907,49.158,117.889
-0.312,0.126,-0.637,10.498,-7.996,44.128,178.193,49.482,115.521
-0.383,0.148,-0.673,12.939,-8.911,57.19,177.512,49.664,112.637
-0.389,0.17,-0.694,20.935,-2.625,65.247,176.77,49.708,109.204
-0.314,0.173,-0.69,22.522,-5.188,69.641,176.111,49.537,105.518
-0.34,0.161,-0.742,25.208,-12.939,63.416,175.562,49.614,101.794
-0.69,0.169,-0.93,25.391,-15.076,63.477,175.182,50.065,98.201
-0.721,0.045,-1.115,28.564,-1.77,63.599,175.106,49.818,94.499
-0.726,0.027,-1.209,29.907,20.996,68.298,175.078,48.994,90.275
-0.391,-0.08,-1.138,38.574,27.039,60.547,175.759,47.247,86.226
-0.319,-0.145,-0.95,27.527,3.052,62.378,176.413,46.357,82.167
-0.438,-0.012,-0.874,13.489,-5.554,78.003,176.105,46.148,77.388
-0.428,0.051,-0.83,20.63,0.366,80.627,175.66,45.791,72.136
-0.382,0.044,-0.784,22.461,-12.329,81.665,175.446,45.632,66.824
-0.484,0.002,-0.794,31.006,-13.489,67.017,175.507,46.121,61.793
-0.449,-0.011,-0.82,29.114,-12.939,60.608,175.88,46.423,57.261
-0.519,-0.07,-0.881,28.503,-6.958,48.95,176.473,46.835,53.251
-0.479,-0.029,-0.952,16.968,-7.935,49.072,176.847,46.994,49.532
-0.573,0.126,-1.009,10.559,-6.348,43.274,176.627,47.45,45.912
-0.294,0.115,-0.881,14.893,11.658,30.64,176.743,47.148,43.138
-0.22,0.087,-0.905,12.024,-9.766,44.312,176.852,46.708,40.54
-0.522,0.169,-0.894,12.695,-23.376,58.838,176.199,47.626,36.914
-0.458,0.14,-0.839,20.325,9.521,57.922,175.803,47.45,33.063
-0.381,0.091,-0.859,30.396,11.23,53.528,175.995,46.747,29.443
-0.299,0.074,-0.846,33.081,6.897,63.782,176.407,46.016,25.637
-0.328,0.051,-0.857,32.41,-3.296,72.021,176.748,45.692,21.423
-0.344,0.108,-0.879,26.184,-2.869,82.153,176.66,45.505,16.683
-0.296,0.142,-0.897,25.635,-1.343,84.961,176.347,45.17,11.711
-0.314,0.158,-1.022,26.917,-4.578,81.726,176.094,44.791,6.877
-0.338,0.104,-1.021,27.344,-12.39,77.576,175.963,44.736,2.285
-0.546,0.101,-1.001,20.264,-17.334,76.172,175.594,45.137,-2.23
-0.34,-0.022,-0.846,29.297,2.991,58.289,175.732,44.885,-6.158
-0.371,-0.029,-0.812,21.79,-20.691,62.195,176.039,44.973,-9.635
-0.552,0.018,-0.881,35.339,-8.362,55.847,176.314,45.67,-13.332
-0.425,-0.092,-0.853,33.875,14.465,49.927,177.358,45.258,-16.32
-0.342,-0.088,-0.878,28.076,10.803,60.181,178.05,44.533,-19.517
-0.308,-0.089,-0.862,24.719,-0.122,59.326,178.577,44.121,-22.791
-0.414,-0.01,-0.874,25.024,-8.667,66.345,178.841,44.335,-26.246
-0.384,-0.071,-0.845,26.733,-8.423,58.838,179.236,44.61,-29.745
-0.421,-0.074,-0.854,21.545,-13.977,46.814,179.626,45.192,-32.662
-0.422,-0.129,-0.876,17.151,-8.484,30.396,-179.907,45.736,-34.711
-0.421,-0.14,-0.907,3.357,-14.465,25.452,-179.725,46.379,-36.167
-0.5,-0.052,-1.009,-11.719,-19.653,17.151,179.813,47.252,-37.293
-0.52,0.077,-1.008,-13.916,-7.812,2.319,179.072,48.12,-37.87
-0.26,0.063,-0.92,-11.841,10.803,0.061,178.627,47.922,-37.914
-0.268,0.158,-0.896,-18.188,-18.433,11.719,177.742,48.027,-38.353
-0.524,0.192,-0.97,-1.77,-3.052,2.869,177.056,48.669,-38.99
-0.288,0.095,-0.913,12.268,17.883,-0.854,177.38,47.977,-39.1
-0.234,0.028,-0.924,13.733,8.85,-2.502,178.083,47.263,-39.128
-0.192,0.017,-0.854,6.47,-1.587,-3.784,178.687,46.928,-38.941
-0.305,0.068,-0.834,-0.854,-15.137,0.488,178.808,47.241,-38.897
-0.339,0.117,-0.813,3.723,2.38,2.258,178.792,47.494,-39.012
-0.209,0.105,-0.785,8.24,1.038,9.094,178.967,47.137,-39.402
-0.245,0.118,-0.775,12.512,-9.46,16.479,179.072,47.214,-40.254
-0.311,0.081,-0.809,11.475,-17.944,21.301,179.198,47.675,-41.407
-0.35,0.096,-0.788,6.348,-23.621,24.414,178.995,48.532,-42.863
-0.378,0.097,-0.779,3.418,-27.039,19.531,178.61,49.62,-44.275
-0.409,0.099,-0.796,0.916,-28.137,19.165,178.072,50.894,-45.637
-0.582,0.107,-0.887,-5.493,-39.673,21.851,177.308,52.416,-47.087
-0.759,0.165,-0.975,-0.305,-33.203,24.536,176.276,54.19,-48.906
-1.74,0.144,-2.519,8.85,-13.794,14.282,176.034,54.97,-50.312
-0.737,0.051,-1.075,17.7,12.146,4.395,176.331,55.267,-51.147
-0.593,-0.052,-1.018,16.296,36.499,-4.089,177.49,53.932,-50.878
-0.333,-0.056,-0.945,4.7,29.663,14.282,177.968,52.234,-51.114
-0.372,0.052,-0.844,0.0,6.348,17.151,177.676,51.537,-52.004
-0.404,0.04,-0.783,3.296,2.563,8.423,177.561,51.251,-52.63
-0.346,-0.006,-0.708,3.662,7.08,-3.662,177.775,51.021,-52.707
-0.342,-0.06,-0.716,-0.244,-0.793,-11.78,178.242,50.823,-52.125
-0.478,-0.036,-0.77,1.038,6.836,-19.226,178.715,50.933,-51.213
-0.297,-0.089,-0.701,-0.183,5.371,-22.4,179.528,50.548,-49.85
-0.328,-0.05,-0.714,-2.502,-0.793,-9.949,-179.995,50.603,-48.845
-0.255,-0.028,-0.655,-2.563,-10.437,-7.751,-179.747,50.817,-48.285
-0.404,-0.019,-0.783,-3.54,-14.587,-10.803,-179.484,51.504,-47.653
-0.656,0.034,-1.013,-5.615,-19.043,-15.32,-179.297,52.322,-46.901
-0.69,0.004,-1.216,-3.967,2.197,-25.024,-178.775,52.707,-45.714
-0.675,0.14,-1.22,-2.502,18.188,-9.827,-178.726,52.383,-45.022
-0.465,0.075,-1.158,1.038,38.147,-3.54,-178.489,50.839,-44.802
-0.181,0.113,-1.041,1.892,19.653,1.465,-178.566,49.268,-45.027
-0.386,0.041,-0.969,2.563,-15.93,-16.357,-178.292,49.389,-44.643
-0.472,0.017,-0.91,-3.479,0.549,-18.005,-177.973,49.664,-43.709
-0.391,0.049,-0.841,-10.01,-0.977,-7.202,-178.16,49.587,-43.22
-0.408,0.125,-0.802,-11.475,-4.517,-1.709,-178.786,49.746,-43.264
-0.355,0.111,-0.731,-5.493,-0.916,-1.282,-179.253,49.861,-43.407
-0.299,0.102,-0.686,-5.981,-6.287,6.165,-179.703,49.982,-43.857
-0.399,0.151,-0.725,-2.075,-10.925,13.0,179.654,50.471,-44.709
-0.338,0.125,-0.706,1.282,-6.165,17.883,179.088,50.784,-45.983
-0.381,0.133,-0.768,1.831,-11.902,10.681,178.572,51.24,-47.186
-0.394,0.091,-0.805,2.991,-12.39,-0.61,178.412,51.724,-47.807
-0.633,0.098,-1.017,-4.089,-17.334,0.916,178.292,52.498,-48.038
-0.494,0.082,-1.001,2.258,1.038,-4.578,178.121,52.806,-48.318
-0.652,0.009,-1.311,-3.662,-20.508,-13.672,178.407,53.262,-47.818
-0.701,0.081,-1.074,0.977,-0.549,-6.714,178.325,54.234,-47.637
-0.658,-0.017,-1.037,3.845,19.287,-12.146,178.956,53.668,-47.01
-0.384,0.012,-0.983,2.258,35.034,14.404,179.099,52.152,-47.192
-0.257,0.046,-0.905,1.77,6.47,24.841,178.709,51.152,-48.406
-0.393,0.063,-0.851,1.831,-5.188,20.752,178.281,51.119,-49.592
-0.441,0.053,-0.803,6.653,-5.432,10.742,178.149,51.246,-50.455
-0.46,0.003,-0.787,6.775,-2.075,4.028,178.434,51.389,-50.768
-0.445,-0.004,-0.76,6.958,-0.061,2.625,178.704,51.416,-51.042
-0.433,-0.026,-0.735,5.859,2.258,-1.953,179.121,51.438,-51.053
-0.41,-0.031,-0.734,4.639,6.836,-5.981,179.588,51.246,-50.828
-0.288,-0.07,-0.663,0.671,4.089,-10.315,-179.901,50.977,-50.317
-0.444,-0.04,-0.747,-5.92,-6.897,-13.611,-179.643,51.207,-49.609
-0.346,-0.058,-0.721,-6.226,6.897,-19.714,-179.335,51.224,-48.582
-0.262,-0.049,-0.726,-9.094,-8.118,-16.479,-179.138,51.284,-47.494
-0.685,0.042,-0.998,-14.771,-29.175,-5.798,-179.313,52.213,-46.763
-0.587,0.027,-0.994,2.747,8.057,-17.273,-179.187,52.861,-46.23
-0.58,0.115,-1.103,-7.874,-2.258,-0.427,-179.066,52.526,-45.758
-0.738,0.17,-1.194,11.536,17.883,1.099,-179.088,52.449,-46.143
-0.327,0.051,-1.09,14.526,42.786,3.784,-178.401,50.504,-46.39
-0.232,0.012,-0.972,1.526,-0.549,6.836,-178.341,49.592,-46.967
-0.481,0.022,-0.905,-11.353,-10.437,-10.071,-178.605,50.026,-46.791
-0.395,0.076,-0.802,-14.954,-1.038,-8.423,-179.11,50.087,-46.329
-0.404,0.119,-0.76,-14.282,-1.526,2.869,-179.868,50.197,-46.384
-0.446,0.178,-0.794,-1.221,8.85,12.146,179.385,50.081,-47.109
-0.305,0.129,-0.76,3.357,13.855,22.461,179.006,49.378,-48.29
-0.32,0.152,-0.752,8.301,0.732,23.376,178.544,48.999,-49.9
-0.312,0.108,-0.729,8.484,-2.075,20.447,178.347,48.922,-51.345
-0.399,0.116,-0.799,9.033,-9.888,16.174,178.16,49.169,-52.668
-0.366,0.055,-0.85,9.033,0.0,5.432,178.275,49.411,-53.503
-0.281,0.048,-0.871,1.709,-17.456,1.099,178.396,49.62,-53.795
-0.674,0.093,-1.033,-2.625,-31.86,-2.136,178.253,50.971,-53.937
-0.413,0.019,-0.847,1.831,-1.953,-11.597,178.358,51.784,-53.773
-0.797,0.03,-1.089,-10.803,-34.485,-12.573,178.495,52.696,-53.058
-0.658,0.031,-1.074,10.071,17.151,-18.616,178.962,53.08,-52.339
-0.446,-0.044,-1.008,3.601,11.108,-6.287,179.813,52.3,-51.537
-0.465,0.026,-0.967,1.587,7.507,10.315,179.769,51.932,-51.828
-0.341,0.032,-0.867,1.709,10.01,12.939,179.615,51.361,-52.427
-0.336,0.027,-0.812,0.244,-5.859,9.46,179.434,51.218,-52.982
-0.4,0.01,-0.758,-0.122,-9.888,1.282,179.357,51.603,-53.179
-0.47,-0.001,-0.738,0.61,-7.935,-2.319,179.434,52.086,-53.075
-0.415,-0.018,-0.737,1.282,3.845,-1.038,179.621,52.086,-52.949
-0.396,-0.022,-0.718,1.465,1.282,-7.996,179.852,51.982,-52.701
-0.401,-0.056,-0.699,-4.578,-1.526,-11.169,-179.797,52.037,-52.026
-0.423,-0.02,-0.729,-7.324,-1.465,-10.071,-179.753,52.196,-51.4
-0.361,-0.044,-0.729,-6.042,5.798,-14.221,-179.615,52.163,-50.625
-0.349,-0.002,-0.785,-9.399,-9.705,-8.911,-179.583,52.191,-49.867
-0.586,0.014,-0.958,-7.935,-12.939,-8.484,-179.604,52.85,-49.246
-0.655,0.083,-1.016,-2.625,-3.784,-2.808,-179.764,53.372,-48.988
-0.669,0.142,-1.097,0.488,13.123,7.69,-179.841,53.119,-49.103
-0.521,0.129,-1.12,9.827,26.917,17.578,-179.923,52.075,-49.993
-0.314,0.122,-1.099,7.874,20.142,17.761,-179.973,50.751,-51.059
-0.296,0.072,-0.946,3.357,-6.409,0.549,-179.989,50.427,-51.57
-0.524,0.091,-0.928,-5.371,-11.658,-12.939,179.978,50.971,-51.136
-0.456,0.061,-0.879,-4.211,9.216,-20.142,-179.846,50.839,-50.169
-0.375,0.088,-0.844,-5.493,3.906,-10.437,-179.835,50.51,-49.427
-0.363,0.096,-0.81,-3.54,4.517,-2.319,-179.989,50.301,-49.191
-0.289,0.113,-0.745,-2.38,-0.854,5.737,179.692,50.158,-49.438
-0.353,0.108,-0.737,-0.244,-3.54,9.644,179.324,50.273,-50.004
-0.308,0.127,-0.701,-1.892,-4.578,16.907,178.846,50.35,-50.812
-0.381,0.194,-0.742,2.136,-12.268,23.926,178.099,50.674,-52.169
-0.408,0.185,-0.764,6.592,-10.62,23.926,177.556,51.07,-53.723
-0.467,0.196,-0.838,11.78,-4.578,18.005,177.188,51.394,-55.245
-0.36,0.084,-0.836,9.888,-3.601,4.639,177.374,51.454,-56.025
-0.55,0.124,-0.943,-0.244,-26.428,9.399,177.237,52.125,-56.547
-0.699,0.108,-0.99,4.7,-13.184,9.766,176.896,53.207,-57.305
-0.714,0.094,-1.105,7.446,-9.766,9.521,176.88,53.531,-57.942
-0.653,0.037,-1.031,17.212,25.94,3.601,177.325,53.372,-58.365
-0.361,-0.03,-0.922,18.677,28.503,-5.31,178.423,51.823,-58.013
-0.337,-0.064,-0.969,10.742,16.052,-3.418,179.341,50.861,-57.552
-0.304,-0.031,-0.909,5.005,3.479,-1.648,179.824,50.378,-57.189
-0.376,-0.014,-0.818,2.197,-14.404,-0.061,-179.868,50.663,-56.86
-0.528,0.009,-0.824,6.104,-11.963,0.549,-179.648,51.35,-56.744
-0.483,-0.067,-0.811,9.46,2.38,-4.456,-179.017,51.471,-56.431
-0.479,-0.079,-0.832,8.423,7.935,-3.54,-178.391,51.262,-56.069
-0.392,-0.099,-0.833,7.263,12.512,-3.723,-177.737,50.68,-55.624
-0.435,-0.094,-0.83,6.47,7.324,1.282,-177.237,50.328,-55.366
-0.339,-0.101,-0.74,3.54,7.629,5.371,-176.891,49.927,-55.311
-0.408,-0.07,-0.746,0.854,0.061,8.057,-176.808,49.878,-55.464
-0.307,-0.07,-0.695,-1.648,0.305,3.357,-176.808,49.779,-55.58
-0.465,-0.04,-0.813,-4.944,-2.808,0.488,-176.88,50.026,-55.443
-0.33,-0.065,-0.792,-9.216,1.465,0.0,-177.056,49.938,-55.261
-0.357,-0.008,-0.803,-16.418,-18.921,3.479,-177.66,50.4,-55.157
-0.505,0.054,-0.841,-17.944,-28.809,5.676,-178.566,51.597,-55.256
-0.632,0.119,-0.877,-13.55,-26.062,6.531,-179.517,53.047,-55.591
-0.855,0.149,-1.135,-7.751,-2.808,5.432,179.907,53.525,-55.915
-0.689,0.092,-1.192,17.456,41.565,-9.521,-179.692,52.657,-55.893
-0.226,-0.043,-1.111,11.719,48.645,-3.235,-178.687,50.081,-55.421
-0.188,-0.005,-0.968,-5.188,-5.615,7.69,-178.792,49.208,-55.635
-0.502,0.076,-0.938,-10.742,-12.573,-0.732,-179.302,49.818,-55.618
-0.536,0.115,-0.911,-3.784,12.268,-1.77,-179.626,49.653,-55.459
-0.283,0.09,-0.872,1.526,18.25,2.686,-179.725,48.571,-55.508
-0.341,0.102,-0.862,3.052,3.662,4.028,-179.775,48.126,-55.695
-0.235,0.075,-0.78,4.822,3.967,6.836,-179.769,47.796,-56.019
-0.354,0.071,-0.773,0.916,-7.996,7.202,-179.879,47.895,-56.42
-0.284,0.102,-0.738,0.0,1.709,13.123,179.835,47.922,-56.964
-0.339,0.157,-0.75,1.038,-14.038,19.409,179.319,48.142,-57.98
-0.397,0.15,-0.777,6.653,-10.376,16.663,178.956,48.697,-59.156
-0.358,0.102,-0.784,10.132,-10.193,10.376,178.868,49.153,-60.145
-0.419,0.081,-0.85,5.066,-15.076,8.179,178.901,49.752,-60.765
-0.625,0.105,-0.983,7.202,-7.202,11.047,178.775,50.4,-61.496
-0.506,0.043,-0.991,5.737,-1.648,10.62,178.885,50.367,-62.073
-0.455,-0.038,-1.259,9.155,-8.484,2.38,179.176,50.499,-62.402
-0.72,0.041,-1.179,8.484,-0.549,3.052,179.242,51.328,-62.655
-0.409,-0.085,-0.981,13.123,21.912,-7.08,-179.929,50.317,-62.281
-0.238,-0.09,-0.875,3.418,-0.549,2.808,-179.363,49.867,-61.963
-0.374,-0.003,-0.78,-5.188,-25.146,16.602,-179.676,50.652,-62.43
-0.496,0.027,-0.783,-3.54,-19.226,11.047,179.835,51.691,-63.067
-0.622,0.037,-0.895,2.014,0.122,6.592,179.637,52.251,-63.43
-0.421,-0.019,-0.84,7.263,11.169,3.54,179.896,51.833,-63.594
-0.436,-0.008,-0.833,11.658,5.31,5.554,-179.747,51.603,-63.776
-0.372,-0.069,-0.833,9.399,5.737,5.371,-179.182,51.218,-63.902
-0.378,-0.054,-0.797,2.197,-4.639,1.709,-178.945,51.235,-64.039
-0.437,-0.059,-0.762,-2.563,-9.766,-9.033,-178.687,51.581,-63.594
-0.409,-0.06,-0.7,-4.7,-7.568,-10.498,-178.495,52.07,-62.88
-0.42,-0.041,-0.675,-10.071,-12.451,-7.751,-178.484,52.603,-62.199
-0.453,0.007,-0.703,-11.353,-11.719,-2.136,-178.786,53.262,-61.815
-0.435,-0.008,-0.743,-8.301,-3.174,-2.441,-179.072,53.652,-61.6
-0.507,-0.002,-0.886,-8.545,-13.123,-0.61,-179.39,54.069,-61.512
-0.552,0.055,-0.891,-12.695,-12.756,9.094,-179.967,54.728,-61.71
-0.679,0.113,-1.004,-14.709,-26.123,11.414,179.039,55.701,-62.446
-0.973,0.275,-1.178,1.221,7.996,4.15,178.16,56.503,-63.232
-0.536,0.104,-1.067,13.062,61.951,-10.01,179.006,54.327,-62.825
-0.275,0.099,-1.065,13.367,30.518,-1.77,179.687,52.136,-62.617
-0.373,0.021,-0.955,6.653,-1.099,-5.127,-179.747,51.559,-62.419
-0.419,0.029,-0.85,1.099,4.15,-3.357,-179.61,51.52,-62.298
-0.398,0.06,-0.775,-4.7,-2.869,2.258,-179.72,51.416,-62.238
-0.38,0.092,-0.72,0.671,3.357,12.329,179.923,51.367,-62.704
-0.31,0.112,-0.671,4.7,5.493,20.752,179.588,51.07,-63.699
-0.359,0.133,-0.779,17.09,17.517,28.076,179.379,50.477,-65.182
-0.254,0.073,-0.82,18.127,10.071,36.682,179.456,49.471,-67.033
-0.327,0.086,-0.814,9.583,-3.54,46.509,179.083,49.246,-69.373
-0.275,0.148,-0.772,10.132,-14.954,40.222,178.38,49.373,-71.906
-0.641,0.179,-1.007,13.184,-27.466,31.86,178.006,50.268,-73.965
-0.59,0.089,-1.021,26.917,8.423,19.409,178.308,50.559,-75.547
-0.442,0.017,-1.085,23.193,2.441,3.601,179.193,50.191,-76.146
-0.583,-0.004,-1.047,20.935,1.404,-10.62,-179.78,50.455,-75.894
-0.441,-0.132,-0.912,14.404,2.747,-19.165,-178.434,50.24,-74.822
-0.555,-0.02,-1.033,9.216,11.841,-7.446,-177.632,50.081,-73.954
-0.313,-0.041,-0.937,17.822,21.423,7.629,-176.847,49.081,-73.916
-0.265,-0.019,-0.87,20.203,-7.385,10.681,-176.122,48.79,-74.344
-0.442,-0.034,-0.807,21.912,-18.921,3.845,-175.193,49.581,-74.504
-0.452,-0.139,-0.759,26.733,-7.507,-12.573,-173.793,50.169,-74.031
-0.478,-0.272,-0.766,11.78,-5.798,-28.32,-172.222,50.46,-72.702
-0.453,-0.171,-0.802,3.601,10.498,-32.227,-171.074,50.29,-70.648
-0.376,-0.22,-0.837,6.47,6.531,-17.578,-170.035,49.614,-69.049
-0.369,-0.235,-0.771,7.385,-3.601,-13.855,-169.228,49.587,-68.0
-0.436,-0.271,-0.745,-3.113,-13.55,-10.315,-168.536,49.911,-66.863
-0.422,-0.197,-0.736,-4.456,0.854,-3.479,-168.387,50.367,-66.083
-0.359,-0.121,-0.669,-11.963,-15.259,9.766,-168.695,50.614,-65.934
-0.549,-0.088,-0.744,-4.639,-14.587,3.357,-169.058,51.663,-65.934
-0.531,-0.135,-0.87,-3.601,-2.136,-0.061,-169.146,51.976,-65.808
-0.532,-0.155,-0.978,-5.615,0.977,-3.967,-169.277,52.202,-65.544
-0.361,-0.095,-0.896,-9.338,0.122,8.057,-169.733,52.075,-65.583
-0.584,-0.012,-0.988,4.883,-10.193,10.559,-170.178,52.63,-66.099
-0.533,-0.112,-0.998,15.442,15.625,9.827,-169.805,52.35,-66.605
-0.467,-0.165,-1.027,14.771,14.038,12.329,-169.492,51.669,-67.418
-0.411,-0.184,-0.989,8.362,11.047,11.414,-169.266,51.086,-68.011
-0.423,-0.146,-0.896,5.432,0.366,17.944,-169.365,50.922,-68.78
-0.406,-0.133,-0.829,4.639,0.671,25.024,-169.574,50.977,-69.736
-0.385,-0.076,-0.748,2.075,-7.996,35.706,-170.123,51.273,-71.241
-0.453,-0.013,-0.74,8.301,-4.211,41.504,-170.854,51.888,-73.213
-0.373,-0.019,-0.701,12.207,-5.066,49.866,-171.486,52.24,-75.646
-0.49,0.038,-0.751,16.418,-8.301,59.387,-172.326,52.954,-78.646
-0.487,0.001,-0.796,26.062,7.629,56.58,-172.936,53.234,-81.958
-0.386,-0.072,-0.823,23.315,-0.793,52.063,-173.282,53.24,-85.045
-0.627,-0.069,-1.031,11.108,-13.855,50.598,-173.848,53.778,-87.764
-0.657,-0.079,-1.051,6.531,-4.15,53.04,-174.814,54.283,-90.483
-0.619,-0.056,-1.035,3.845,-4.578,56.396,-176.177,54.624,-93.461
-0.602,-0.024,-0.916,7.202,2.319,55.115,-177.539,54.86,-96.471
-0.591,-0.016,-0.839,15.564,-2.502,56.213,-178.5,54.91,-99.377
-0.56,-0.053,-0.812,20.508,5.371,61.035,-179.154,54.833,-102.453
-0.59,0.009,-0.843,24.048,10.01,69.824,-179.918,54.503,-105.919
-0.457,-0.043,-0.764,29.297,11.536,71.96,179.615,53.811,-109.589
-0.531,-0.034,-0.768,26.917,-4.639,66.467,179.154,53.729,-113.132
-0.554,-0.042,-0.748,24.841,-6.287,56.641,178.918,53.976,-116.076
-0.593,-0.035,-0.774,24.597,-7.751,58.228,178.676,54.327,-118.883
-0.616,-0.06,-0.819,27.893,-6.042,54.565,178.5,54.69,-121.652
-0.57,-0.068,-0.803,25.757,-8.24,53.772,178.423,55.009,-124.239
-0.565,-0.058,-0.813,22.644,-11.414,48.706,178.303,55.497,-126.65
-0.744,0.027,-0.96,17.334,-6.47,47.729,177.995,56.03,-128.881
-0.387,-0.005,-0.804,20.569,20.569,43.64,177.819,55.58,-130.913
-0.391,0.07,-0.915,7.935,0.366,58.35,177.237,54.734,-133.27
-0.485,0.108,-0.966,19.47,10.132,48.828,176.407,54.355,-136.071
-0.402,0.057,-0.934,25.635,10.925,43.701,176.495,53.421,-138.175
-0.355,0.0,-0.889,30.518,8.118,46.692,176.874,52.646,-140.361
-0.363,0.031,-0.825,28.442,-2.38,61.035,177.001,52.174,-143.113
-0.44,0.08,-0.789,29.175,-9.583,71.594,176.754,52.13,-146.64
-0.476,0.105,-0.775,30.579,-8.24,76.233,176.358,52.169,-150.529
-0.461,0.121,-0.802,32.959,-4.15,72.205,176.028,52.042,-154.374
-0.472,0.113,-0.877,31.982,-3.357,71.655,175.787,51.844,-158.044
-0.496,0.136,-0.944,35.95,-3.174,71.716,175.611,51.608,-161.746
-0.489,0.089,-0.975,35.4,-2.991,79.529,175.545,51.29,-165.624
-0.5,0.098,-0.92,29.175,-12.634,82.581,175.078,51.207,-169.904
-0.498,0.084,-0.854,32.593,-3.113,79.102,174.644,51.114,-174.029
-0.412,0.002,-0.771,40.466,-8.24,63.293,174.688,50.927,-177.682
-0.486,-0.036,-0.7,32.227,-23.132,58.105,175.15,51.394,179.44
-0.655,-0.021,-0.814,38.635,-6.104,54.626,175.496,52.075,176.671
-0.567,-0.049,-0.848,45.654,19.714,55.542,176.38,51.564,174.37
-0.373,-0.132,-0.837,47.119,24.902,64.514,177.495,50.279,171.837
-0.334,-0.1,-0.817,35.889,-5.92,68.481,178.187,49.713,168.706
-0.51,-0.078,-0.815,33.997,-12.207,62.866,178.621,50.219,165.515
-0.5,-0.084,-0.811,28.259,-16.235,54.199,178.94,50.828,162.691
-0.382,-0.146,-0.803,30.518,-15.442,39.001,179.566,51.586,160.604
-0.483,-0.168,-0.841,17.212,-21.423,41.016,179.945,52.575,158.533
-0.523,-0.126,-0.923,7.629,-14.465,29.602,179.907,53.273,156.665
-0.63,-0.024,-0.907,-4.15,-19.775,19.897,179.561,54.207,155.44
-0.58,0.062,-1.006,2.136,9.094,3.113,179.352,54.459,154.979
-0.221,-0.034,-0.827,-2.93,6.836,-6.47,179.791,53.751,155.413
-0.58,0.121,-0.869,-14.282,-26.917,6.287,179.077,54.756,155.006
-0.583,0.079,-0.914,2.502,20.081,-10.254,178.874,54.849,155.116
-0.433,0.013,-0.913,6.104,27.649,-8.545,179.511,53.652,155.989
-0.271,-0.004,-0.906,2.686,23.621,1.587,179.901,52.245,156.259
-0.304,0.051,-0.823,-3.357,0.366,7.996,179.747,51.57,155.847
-0.398,0.089,-0.793,-2.686,0.671,10.193,179.352,51.515,155.204
-0.342,0.106,-0.785,4.639,8.24,12.207,179.088,51.103,154.539
-0.254,0.069,-0.788,10.559,9.705,14.221,179.16,50.493,153.825
-0.223,0.066,-0.771,6.042,-8.972,23.438,179.061,50.246,152.622
-0.348,0.126,-0.771,0.977,-22.217,31.494,178.429,50.905,150.809
-0.397,0.189,-0.734,3.418,-23.621,37.903,177.451,51.757,148.601
-0.466,0.162,-0.724,7.935,-31.25,29.846,176.682,52.91,146.552
-0.482,0.132,-0.834,8.362,-21.545,19.226,176.276,54.02,145.179
-0.597,0.134,-0.975,7.751,-17.456,16.724,175.974,54.904,144.108
-0.592,0.066,-0.994,11.23,-6.592,3.418,176.001,55.388,143.492
-0.771,0.021,-1.068,9.46,-2.869,-8.118,176.649,55.679,143.789
-0.399,-0.075,-0.924,8.972,12.39,-9.46,177.594,55.02,144.454
-0.554,-0.031,-0.959,-1.587,-9.705,-6.226,178.066,55.157,144.75
-0.464,0.015,-0.882,1.831,3.967,-2.502,178.358,55.168,144.937
-0.491,0.023,-0.818,7.019,-9.949,2.502,178.638,55.272,144.75
-0.526,-0.019,-0.78,6.836,-9.033,2.869,179.033,55.695,144.481
-0.5,-0.052,-0.732,6.348,-6.897,0.488,179.396,56.085,144.283
-0.47,-0.064,-0.685,2.625,-7.446,-6.47,179.819,56.442,144.399
-0.496,-0.058,-0.688,-0.183,-5.676,-10.315,-179.665,56.799,144.926
-0.513,-0.072,-0.686,-2.136,-5.615,-9.949,-179.209,57.178,145.574
-0.366,-0.078,-0.558,-6.897,-7.629,-5.92,-179.011,57.524,146.063
-0.494,-0.002,-0.587,-10.315,-18.311,-3.296,-179.236,58.425,146.338
-0.475,-0.021,-0.602,-6.165,-7.874,-5.188,-179.302,59.046,146.733
-0.622,-0.021,-0.834,-7.202,-9.399,-7.324,-179.236,59.491,147.261
-0.824,0.032,-0.969,-8.789,-11.719,-3.418,-179.401,60.244,147.695
-0.686,0.042,-1.03,-13.916,1.16,4.639,-179.78,60.276,147.821
-0.854,0.253,-1.178,2.258,20.325,12.146,179.275,60.106,147.195
-0.467,0.104,-1.122,19.348,57.922,6.531,179.846,57.607,147.041
-0.335,0.082,-1.057,14.404,8.606,13.184,-179.797,55.849,146.272
-0.595,0.065,-1.014,13.916,6.104,-6.226,-179.313,55.618,145.865
-0.414,0.022,-0.865,6.409,10.315,-7.935,-178.605,54.838,146.217
-0.513,0.047,-0.855,0.549,-5.249,-9.766,-178.325,54.783,146.503
-0.512,0.055,-0.802,-1.526,2.502,-15.564,-178.033,54.8,147.206
-0.495,0.06,-0.81,-2.625,5.92,-12.085,-177.841,54.575,148.008
-0.466,0.091,-0.799,-4.395,3.479,-1.038,-177.94,54.344,148.453
-0.37,0.108,-0.744,0.0,5.981,9.583,-178.325,54.113,148.211
-0.304,0.128,-0.674,1.77,-6.836,16.968,-178.813,54.075,147.409
-0.365,0.132,-0.704,6.531,-1.587,17.944,-179.286,54.261,146.327
-0.363,0.17,-0.74,8.728,0.854,24.475,-179.775,54.13,145.014
-0.368,0.114,-0.769,12.329,-7.568,20.02,179.956,54.086,143.69
-0.407,0.143,-0.801,6.165,-14.038,24.841,179.506,54.591,142.311
-0.279,0.138,-0.675,10.376,-25.146,21.362,178.956,55.393,140.779
-0.771,0.18,-0.98,11.475,-60.913,32.898,178.374,57.393,138.977
-1.027,-0.01,-1.067,32.349,-19.409,24.109,178.286,59.442,136.923
-0.994,-0.146,-1.027,19.714,-7.507,-5.127,179.302,59.727,136.659
-0.652,-0.306,-0.945,18.311,58.899,-20.996,-178.764,58.634,138.021
-0.212,-0.253,-0.764,-15.808,27.161,19.958,-178.308,56.239,138.098
-0.428,-0.007,-0.786,-27.405,-15.137,35.767,179.863,56.036,135.884
-0.637,0.113,-0.816,-15.686,0.854,27.588,178.05,56.437,133.742
-0.524,0.098,-0.792,2.991,15.381,15.503,177.248,55.871,132.413
-0.437,0.002,-0.792,10.132,9.644,3.113,177.572,55.129,131.973
-0.525,-0.022,-0.813,10.864,1.099,-1.221,178.11,55.091,131.808
-0.443,-0.101,-0.773,5.188,3.296,-3.052,178.846,54.844,131.891
-0.579,-0.014,-0.812,-3.845,-5.371,4.822,178.929,55.047,131.589
-0.526,0.011,-0.744,1.404,3.54,0.183,178.989,55.063,131.309
-0.476,-0.028,-0.689,0.549,3.662,-3.723,179.297,54.932,131.396
-0.438,-0.004,-0.662,-4.944,5.432,-10.01,179.473,54.844,131.759
-0.49,-0.018,-0.713,-6.409,5.798,-20.935,179.775,54.745,132.715
-0.397,-0.085,-0.7,-9.521,12.329,-27.954,-179.703,54.36,134.214
-0.305,-0.081,-0.664,-21.179,-0.977,-19.775,-179.637,54.196,135.516
-0.595,0.041,-0.91,-31.311,-21.362,-5.981,179.44,54.893,135.956
-0.682,0.118,-0.981,-26.001,-4.639,-1.648,178.242,55.624,136.126
-0.789,0.277,-1.317,-28.992,-11.169,23.376,176.633,55.541,135.527
-0.878,0.317,-1.291,3.113,32.104,12.573,175.215,55.569,134.418
-0.31,0.224,-1.105,9.338,72.327,9.705,175.463,52.438,134.561
-0.065,0.119,-1.023,10.986,23.499,4.517,175.787,49.878,134.407
-0.279,0.05,-0.92,-2.441,-25.391,-9.705,176.039,49.927,134.451
-0.44,0.116,-0.834,-8.057,-22.888,-5.737,175.82,51.053,134.594
-0.426,0.152,-0.792,-7.446,-25.635,-0.305,175.369,52.075,134.473
-0.459,0.174,-0.745,0.0,-23.682,-1.892,175.062,53.212,134.335
-0.47,0.154,-0.721,5.676,-21.545,1.953,175.073,54.261,134.242
-0.526,0.151,-0.715,9.277,-17.273,8.545,175.111,55.135,133.863
-0.548,0.158,-0.697,13.123,2.197,17.517,175.139,55.443,133.209
-0.547,0.198,-0.742,16.052,15.137,23.804,175.106,54.866,132.27
-0.335,0.188,-0.707,21.362,23.926,18.25,175.375,53.701,131.44
-0.386,0.172,-0.748,19.653,-4.944,3.113,175.93,53.333,131.061
-0.47,0.113,-0.768,20.508,-2.686,-15.076,176.984,53.652,131.633
-0.407,0.058,-0.796,18.433,-6.409,-27.71,178.385,53.904,132.984
-0.707,0.001,-1.011,13.55,-13.916,-38.269,179.967,54.723,134.94
-0.375,-0.107,-0.81,10.559,3.174,-47.302,-178.248,54.954,137.45
-0.879,-0.189,-1.145,-6.897,-41.016,-43.335,-176.578,55.58,140.197
-0.729,-0.117,-1.139,2.747,25.085,-38.452,-175.419,56.261,142.57
-0.408,-0.182,-0.982,-1.587,30.212,-21.79,-174.298,54.575,144.399
-0.301,-0.084,-0.923,-7.446,8.545,-1.404,-174.216,53.47,144.915
-0.362,-0.025,-0.818,-5.066,-14.16,9.827,-174.556,53.591,144.591
-0.455,-0.028,-0.759,-0.305,-20.569,9.583,-174.924,54.388,143.959
-0.501,-0.065,-0.721,1.526,-16.724,-1.221,-174.946,55.272,143.806
-0.527,-0.108,-0.731,4.272,-10.559,-13.733,-174.496,55.904,144.437
-0.526,-0.174,-0.747,-1.587,-8.362,-21.79,-173.716,56.288,145.778
-0.612,-0.183,-0.762,-4.7,-5.371,-25.818,-173.007,56.656,147.431
-0.539,-0.191,-0.703,-11.414,11.841,-18.25,-172.524,56.354,149.052
-0.502,-0.135,-0.656,-15.869,14.404,-7.507,-172.722,55.8,149.974
-0.479,-0.083,-0.657,-16.418,26.428,-2.441,-173.298,54.882,150.491
-0.471,-0.082,-0.729,-13.855,33.691,-3.601,-173.881,53.569,150.98
-0.285,-0.097,-0.759,-12.634,36.377,-3.784,-174.37,51.823,151.392
-0.294,-0.083,-0.957,-13.489,2.197,-9.46,-174.71,50.927,151.891
-0.527,-0.044,-1.064,-7.324,-18.066,-11.597,-174.935,51.432,152.545
-0.391,-0.018,-1.08,-7.202,-7.874,-1.831,-174.99,51.812,153.083
-0.46,0.081,-1.091,-3.784,-34.851,15.503,-175.479,52.855,152.77
-0.542,0.085,-1.075,4.639,-26.855,20.63,-176.028,54.322,151.787
-0.43,0.057,-0.896,4.272,-34.546,20.447,-176.468,55.563,150.705
-0.593,0.019,-0.814,0.0,-43.396,12.939,-176.94,57.437,149.832
-0.669,0.019,-0.757,-5.676,-26.794,6.958,-177.462,59.095,149.436
-0.673,0.081,-0.724,-13.306,-5.981,13.428,-178.341,59.892,149.167
-0.575,0.132,-0.687,-9.46,14.709,22.217,-179.648,59.546,148.42
-0.4,0.194,-0.644,-5.493,26.489,33.447,178.896,58.398,147.156
-0.406,0.263,-0.664,11.414,10.742,38.818,177.682,57.387,145.382
-0.48,0.188,-0.702,24.719,7.507,47.18,177.105,56.81,143.179
-0.521,0.166,-0.734,26.611,15.93,63.965,176.407,55.948,140.262
-0.453,0.146,-0.771,31.86,19.836,56.641,175.897,54.679,137.17
-0.388,0.078,-0.901,24.902,9.949,37.72,175.974,53.69,135.049
-0.421,0.078,-0.978,9.888,-11.719,19.775,175.869,53.762,133.649
-0.697,0.11,-1.166,-0.732,-8.972,8.301,175.583,54.454,133.039
-0.638,0.035,-1.013,0.549,-3.662,-4.883,175.551,54.761,133.11
-0.571,0.063,-0.93,2.075,5.31,-5.981,175.776,54.816,133.66
-0.464,0.02,-0.891,2.747,18.005,0.122,176.177,54.272,134.193
-0.394,0.077,-0.897,-1.587,8.484,12.634,176.089,53.509,134.011
-0.406,0.059,-0.851,2.075,-0.916,8.911,175.902,53.234,133.478
-0.512,0.062,-0.839,2.869,-10.254,7.935,175.836,53.503,133.044
-0.492,0.047,-0.784,6.592,-8.728,5.798,175.957,53.86,132.72
-0.529,0.051,-0.761,7.202,-6.714,5.676,176.166,54.305,132.479
-0.547,-0.006,-0.78,8.423,12.756,-8.545,176.726,54.179,132.797
-0.503,-0.019,-0.765,-4.639,22.827,-20.447,177.429,53.344,134.143
-0.478,-0.001,-0.765,-6.775,21.851,-24.231,177.858,52.454,135.731
-0.375,0.0,-0.712,-5.92,19.714,-23.987,178.319,51.658,137.466
-0.303,-0.009,-0.677,-8.179,5.859,-21.729,178.671,51.235,139.005
-0.412,0.026,-0.757,-9.277,1.099,-21.118,178.824,51.317,140.328
-0.312,-0.028,-0.731,-10.62,-1.16,-23.499,179.066,51.334,141.79
-0.444,0.002,-0.891,-18.372,-18.25,-19.592,178.923,51.921,142.993
-0.594,0.089,-0.93,-19.47,-24.902,-16.113,178.445,53.179,144.086
-0.561,0.145,-1.005,-25.024,-15.747,-0.793,177.726,54.119,144.91
-0.824,0.324,-1.146,-6.897,-3.906,7.751,176.468,54.888,144.761
-0.535,0.186,-1.087,11.658,44.373,-0.61,176.622,53.734,145.201
-0.24,0.129,-1.0,5.249,22.095,1.343,177.017,51.833,145.706
-0.339,0.09,-0.906,-2.563,-14.404,-10.132,177.111,51.663,146.091
-0.52,0.127,-0.854,-6.714,-15.93,-14.221,177.045,52.476,146.854
-0.46,0.135,-0.812,-5.371,-1.465,-9.521,177.001,52.877,147.766
-0.408,0.165,-0.789,-2.197,4.333,0.061,176.841,52.707,148.304
-0.305,0.155,-0.704,2.625,1.16,8.24,176.649,52.498,148.304
-0.372,0.171,-0.718,3.601,-9.277,15.503,176.287,52.586,147.761
-0.44,0.182,-0.749,7.874,-3.174,11.963,176.017,52.806,147.173
-0.376,0.165,-0.758,10.437,-1.953,10.01,176.083,52.712,146.926
-0.391,0.128,-0.763,10.742,-14.465,6.775,176.171,53.091,146.591
-0.577,0.145,-0.872,7.751,-20.569,1.648,176.314,53.981,146.519
-0.555,0.108,-0.849,10.986,-2.441,-1.709,176.638,54.503,146.75
-0.588,0.045,-0.956,3.845,-12.146,-5.676,177.078,54.838,147.305
-0.755,0.058,-0.984,0.244,-13.916,-6.714,177.253,55.574,147.849
-0.655,0.04,-0.97,4.761,8.789,-10.62,177.665,55.756,148.711
-0.557,0.017,-0.957,13.0,18.433,-6.104,178.418,55.228,149.601
-0.404,-0.032,-0.918,12.573,17.578,10.925,179.176,54.229,149.815
-0.358,-0.005,-0.839,8.911,0.061,17.761,179.302,53.723,148.914
-0.456,0.003,-0.822,3.845,-12.878,9.949,179.33,53.926,148.002
-0.52,0.009,-0.757,4.639,-11.23,0.916,179.412,54.553,147.557
-0.494,-0.014,-0.723,1.587,-5.31,-4.944,179.753,54.893,147.783
-0.563,-0.019,-0.772,7.874,7.874,-13.062,-179.725,54.998,148.497
-0.402,-0.104,-0.768,6.165,16.541,-21.179,-178.638,54.267,149.886
-0.368,-0.113,-0.708,-2.869,-5.615,-14.16,-178.022,54.13,150.842
-0.419,-0.12,-0.654,-10.132,-20.142,-20.691,-177.649,54.91,151.826
-0.586,-0.055,-0.665,-18.555,-22.827,-11.597,-177.753,56.124,152.825
-0.558,-0.013,-0.693,-16.296,5.554,-6.836,-178.187,56.585,153.732
-0.498,0.033,-0.775,-19.165,4.395,-1.77,-178.835,56.36,154.479
-0.553,0.077,-0.959,-10.864,9.827,-7.446,-179.385,56.052,155.094
-0.573,0.068,-1.012,-9.46,3.052,-7.874,-179.544,55.986,155.869
-0.469,0.115,-1.041,-12.817,0.671,7.812,179.984,55.635,156.055
-0.741,0.211,-1.079,1.648,0.122,10.376,179.121,55.975,155.319
-0.507,0.105,-1.005,6.592,18.555,-2.808,179.297,55.135,155.369
-0.495,0.061,-0.953,0.183,4.578,-8.057,179.506,54.651,155.693
-0.484,0.023,-0.87,-8.179,1.099,-17.944,179.659,54.481,156.489
-0.522,0.06,-0.803,-16.663,-4.089,-11.963,179.456,54.586,157.429
-0.424,0.101,-0.728,-12.634,4.639,-5.31,178.912,54.608,158.011
-0.374,0.158,-0.739,-8.606,-1.099,11.353,178.237,54.487,157.994
-0.184,0.092,-0.618,-7.385,-9.583,22.766,177.27,54.58,156.896
-0.354,0.203,-0.624,-10.62,-39.49,24.658,175.842,55.701,155.231
-0.521,0.207,-0.639,1.953,-24.902,20.874,174.683,57.079,153.611
-0.541,0.225,-0.643,3.357,-17.029,21.179,173.897,57.827,152.413
-0.794,0.227,-1.013,10.315,-2.075,14.038,173.469,58.046,151.556
-0.743,0.124,-1.053,12.146,4.883,0.916,173.661,57.991,151.551
-0.623,0.001,-1.125,1.892,-0.488,1.343,174.012,57.832,151.886
-0.86,0.118,-1.125,10.62,12.878,-4.395,174.001,58.222,151.952
-0.446,-0.042,-0.917,8.179,21.667,-4.15,175.287,56.64,153.144
-0.515,0.072,-0.909,4.272,0.366,23.254,175.369,56.179,152.551
-0.507,0.126,-0.838,10.498,3.174,29.419,174.974,55.97,150.864
-0.439,0.095,-0.769,17.517,-5.676,24.109,174.963,55.706,149.304
-0.59,0.004,-0.758,21.057,-5.92,12.329,175.38,56.085,148.162
-0.505,-0.054,-0.722,12.817,1.709,8.423,176.1,56.014,147.739
-0.556,-0.011,-0.708,10.315,5.127,8.789,176.44,56.091,147.321
-0.449,-0.037,-0.693,10.498,14.16,4.333,177.039,55.552,147.244
-0.496,-0.0,-0.744,8.667,9.338,8.728,177.495,55.135,146.898
-0.351,-0.022,-0.669,8.789,8.728,4.7,177.995,54.635,146.464
-0.438,-0.029,-0.674,0.305,-10.986,4.395,178.253,54.8,145.822
-0.49,0.014,-0.689,-4.028,-4.517,0.488,178.193,55.256,145.371
-0.5,0.035,-0.735,-7.08,-9.583,1.16,178.039,55.602,145.283
-0.733,0.112,-0.975,-2.441,-5.493,5.066,177.715,56.168,145.168
-0.524,0.111,-0.901,8.179,6.47,12.024,177.742,56.003,144.965
-0.568,0.172,-1.123,12.451,-3.662,28.076,177.605,55.816,143.8
-0.561,0.091,-1.061,32.41,25.635,23.193,177.863,55.651,142.196
-0.437,0.073,-1.013,22.888,5.859,25.269,178.544,54.465,140.784
-0.55,0.011,-0.98,25.696,17.273,6.226,179.258,53.998,139.565
-0.376,-0.027,-0.846,15.076,11.719,6.226,-179.813,53.015,139.026
-0.422,-0.009,-0.803,8.24,0.122,17.883,-179.566,52.778,137.818
-0.376,0.056,-0.732,4.028,0.061,32.776,-179.907,52.63,135.912
-0.405,0.138,-0.724,9.888,-1.709,42.908,179.357,52.597,133.286
-0.361,0.129,-0.724,20.142,-0.549,39.795,178.962,52.427,130.737
-0.428,0.1,-0.74,25.146,-8.301,40.588,178.934,52.581,128.309
-0.454,0.073,-0.739,24.719,-12.573,46.753,178.901,52.938,125.623
-0.477,0.093,-0.751,21.851,-10.986,55.176,178.522,53.443,122.448
-0.451,0.108,-0.777,23.743,-12.085,57.129,177.968,53.789,118.932
-0.537,0.055,-0.948,22.705,-20.203,55.298,177.523,54.333,115.291
-0.542,0.027,-0.937,16.113,-31.006,58.044,176.797,55.278,111.193
-0.961,0.107,-1.157,14.587,-41.687,68.359,175.419,56.915,106.144
-0.966,0.053,-1.082,39.368,21.545,57.861,174.919,57.057,100.926
-0.688,-0.021,-1.059,38.513,34.241,68.665,175.479,54.904,95.949
-0.528,-0.045,-0.945,36.682,24.353,79.041,175.479,53.229,89.896
-0.439,0.006,-0.8,29.114,9.583,74.829,175.391,51.96,84.062
-0.367,-0.024,-0.673,26.306,2.93,63.171,175.309,51.273,78.646
-0.391,0.002,-0.672,19.409,-5.31,57.8,175.182,50.988,73.768
-0.408,-0.023,-0.713,21.973,-2.869,53.467,175.062,50.878,69.115
-0.441,-0.045,-0.833,20.081,-5.981,50.537,175.166,50.696,64.825
-0.491,-0.016,-0.901,16.602,-9.155,52.795,175.1,50.773,60.573
-0.662,0.038,-1.091,9.827,-18.25,49.866,174.727,51.037,56.343
-0.56,0.108,-0.942,9.338,2.502,45.349,174.106,51.4,52.284
-0.223,0.118,-0.849,4.089,23.865,47.607,173.622,50.114,48.73
-0.36,0.294,-0.93,4.7,-9.277,63.232,172.43,49.488,44.648
-0.372,0.236,-0.956,29.114,7.507,47.18,172.2,48.933,40.869
-0.319,0.167,-0.86,34.607,-8.484,47.729,172.733,48.499,37.628
-0.421,0.09,-0.817,36.621,-11.719,50.354,173.386,48.658,34.124
-0.374,0.104,-0.76,35.522,-10.071,60.913,173.859,48.664,30.174
-0.453,0.131,-0.771,31.982,-17.7,75.5,173.908,48.961,25.367
-0.466,0.17,-0.767,31.616,-10.742,81.848,173.639,49.114,20.001
-0.468,0.233,-0.927,40.588,1.953,87.891,173.452,48.68,14.326
-0.445,0.171,-1.067,52.612,10.681,83.13,173.842,47.862,8.751
-0.32,0.01,-0.996,41.321,-10.193,79.59,174.65,47.137,3.768
-0.525,0.071,-0.98,25.757,-28.625,78.064,174.507,47.67,-1.241
-0.453,0.013,-0.833,24.231,-9.766,70.19,174.282,48.12,-5.839
-0.357,0.026,-0.724,25.146,-15.991,74.402,173.985,48.257,-10.349
-0.526,0.098,-0.729,33.02,-27.222,79.773,173.705,48.873,-15.183
-0.646,-0.006,-0.86,50.11,-3.174,76.233,174.21,49.279,-20.05
-0.514,-0.087,-0.88,52.063,16.235,68.42,175.364,48.565,-24.379
-0.343,-0.118,-0.845,39.795,10.62,66.65,176.484,47.642,-28.141
-0.414,-0.047,-0.838,30.334,-15.259,63.293,177.001,47.725,-31.844
-0.481,-0.052,-0.802,28.442,-14.282,49.622,177.473,48.389,-35.002
-0.457,-0.119,-0.812,26.001,-3.601,30.334,178.215,48.829,-37.205
-0.396,-0.164,-0.893,14.465,-2.441,16.479,179.028,48.95,-38.309
-0.428,-0.091,-1.021,0.427,-3.784,11.475,179.319,49.158,-38.941
-0.276,0.039,-0.954,-7.996,-11.414,3.357,179.193,49.477,-39.177
-0.348,0.122,-0.842,-9.949,-43.03,-0.488,178.874,50.773,-39.166
-0.676,0.21,-0.896,-2.686,-11.841,-1.282,178.374,52.52,-39.474
-0.574,0.131,-0.936,2.686,17.639,-12.085,178.594,52.262,-39.342
-0.345,0.059,-0.918,3.357,28.381,-15.381,179.116,51.092,-38.804
-0.341,0.068,-0.94,-1.221,17.395,-2.441,179.335,50.087,-38.469
-0.153,0.06,-0.774,-0.122,13.672,11.963,179.209,49.07,-38.82
-0.286,0.148,-0.746,2.136,-13.245,28.381,178.654,48.988,-40.018
-0.277,0.134,-0.713,16.663,10.864,39.368,178.275,48.856,-41.984
-0.198,0.134,-0.701,18.25,-4.395,52.856,178.066,48.214,-44.61
-0.353,0.132,-0.789,19.409,7.385,48.828,177.709,47.988,-47.626
-0.223,0.132,-0.738,2.075,-1.831,35.583,177.226,47.417,-49.883
-0.326,0.235,-0.807,-2.625,-14.404,26.733,176.226,47.736,-51.784
-0.564,0.216,-1.044,-0.977,-18.555,20.447,175.424,48.527,-53.333
-0.614,0.207,-1.066,5.676,-18.127,23.743,174.792,49.301,-54.899
-0.544,-0.069,-1.178,20.142,-10.559,-3.601,175.452,49.861,-55.475
-0.319,-0.095,-1.121,8.972,-2.747,2.38,176.265,50.065,-55.168
-0.265,-0.024,-0.94,0.916,-28.381,21.667,176.226,50.735,-55.739
-0.465,0.089,-0.814,1.404,-32.837,22.339,175.82,52.158,-56.706
-0.603,0.133,-0.818,14.526,-19.104,18.127,175.644,53.251,-57.783
-0.502,0.01,-0.73,18.555,-6.165,8.85,176.287,53.679,-58.387
-0.547,-0.005,-0.759,16.785,-8.85,8.118,176.896,54.152,-58.837
-0.506,-0.02,-0.725,11.78,-4.578,9.644,177.534,54.432,-59.134
-0.514,-0.018,-0.751,17.09,7.141,8.118,177.99,54.564,-59.59
-0.457,-0.101,-0.775,11.902,4.944,-8.423,178.956,54.185,-59.326
-0.567,-0.13,-0.805,3.662,3.723,-20.142,179.929,54.278,-58.195
-0.371,-0.139,-0.623,-6.47,2.136,-19.348,-179.308,54.124,-56.684
-0.564,-0.014,-0.776,-12.939,5.371,-4.211,-179.319,54.283,-55.756
-0.3,0.021,-0.671,-5.981,23.193,-5.859,-179.467,53.416,-55.3
-0.239,0.001,-0.667,-3.845,-4.944,-17.578,-179.225,53.102,-54.316
-0.309,-0.067,-0.599,-8.545,-19.775,-25.635,-178.753,53.773,-52.756
-0.594,0.031,-0.817,-21.118,-36.743,-13.184,-178.923,55.256,-51.405
-0.734,0.145,-0.984,-11.353,-10.559,-4.761,-179.511,56.53,-51.01
-0.764,0.244,-1.074,1.221,11.475,6.165,-179.934,56.492,-51.229
-0.578,0.13,-1.166,17.883,35.522,0.977,-179.5,55.118,-51.592
-0.371,0.038,-1.156,20.02,26.123,-6.47,-178.599,53.448,-51.487
-0.452,-0.073,-1.026,8.667,8.667,-17.212,-177.643,52.597,-50.746
-0.43,-0.058,-0.9,-12.756,2.747,-21.118,-177.231,52.13,-49.417
-0.466,0.05,-0.857,-20.569,-8.667,-15.747,-177.638,52.306,-48.197
-0.464,0.127,-0.783,-16.724,-7.202,-4.211,-178.352,52.603,-47.56
-0.489,0.136,-0.789,-4.395,-3.601,-0.366,-178.951,52.91,-47.593
-0.424,0.109,-0.742,-0.122,1.404,5.188,-179.225,52.976,-47.889
-0.323,0.066,-0.699,1.709,-0.183,8.789,-179.489,52.888,-48.488
-0.312,0.085,-0.64,-3.479,-5.615,14.832,-179.973,53.042,-49.274
-0.364,0.156,-0.672,-7.263,-10.01,22.461,179.055,53.344,-50.515
-0.311,0.166,-0.68,0.732,-0.549,26.306,178.033,53.41,-52.158
-0.329,0.178,-0.707,3.113,-16.846,28.32,177.171,53.652,-53.904
-0.49,0.125,-0.875,7.996,-17.334,23.56,176.545,54.311,-55.651
-0.713,0.172,-1.038,0.366,-16.479,30.579,175.721,55.091,-57.387
-0.536,0.089,-0.98,6.104,-6.958,12.878,175.133,55.399,-58.782
-0.942,0.178,-1.045,1.343,-7.935,8.24,174.847,56.217,-59.299
-0.442,0.014,-0.928,19.531,34.241,-11.353,175.886,54.91,-58.859
-0.449,0.023,-0.916,4.15,-5.371,1.77,176.616,54.547,-58.266
-0.52,0.063,-0.86,6.531,11.169,8.545,176.726,54.553,-58.403
-0.324,0.018,-0.791,11.475,6.958,2.93,177.177,53.8,-58.37
-0.461,0.004,-0.804,9.033,-13.733,3.906,177.594,54.058,-58.387
-0.491,-0.067,-0.794,9.705,-3.723,-10.742,178.292,54.476,-57.925
-0.523,-0.044,-0.711,1.343,-11.292,-6.531,178.929,54.899,-57.096
-0.508,-0.055,-0.747,1.282,0.61,-7.263,179.357,55.201,-56.453
-0.539,-0.021,-0.793,1.404,4.761,-3.967,179.758,55.184,-55.811
-0.429,-0.042,-0.776,0.366,11.841,3.479,179.995,54.789,-55.53
-0.373,-0.056,-0.723,-4.333,-5.798,-1.282,-179.978,54.646,-55.338
-0.518,-0.021,-0.686,-12.756,-8.484,-7.019,179.83,55.278,-54.761
-0.436,-0.009,-0.618,-16.174,0.854,-8.85,179.544,55.371,-54.02
-0.388,0.049,-0.664,-12.146,-0.488,-3.174,179.066,55.508,-53.52
-0.43,0.0,-0.779,-14.038,-19.531,4.272,178.533,55.926,-53.465
-0.768,0.153,-0.909,-18.372,-22.949,7.751,177.429,57.349,-53.833
-0.625,0.175,-0.959,-6.47,8.484,-2.808,176.825,57.508,-53.948
-0.776,0.267,-1.126,2.258,6.165,2.075,176.666,57.261,-53.937
-0.488,0.168,-1.064,9.155,29.419,11.536,176.847,55.992,-54.382
-0.477,0.174,-1.023,2.563,4.883,5.188,176.732,55.08,-54.981
-0.448,0.166,-0.944,0.244,-0.793,-13.794,176.863,54.904,-54.695
-0.483,0.125,-0.815,2.258,-7.019,-8.789,177.155,55.14,-54.025
-0.417,0.108,-0.701,0.366,-1.404,2.197,177.16,55.283,-53.976
-0.434,0.154,-0.681,1.16,-2.258,6.165,176.907,55.294,-54.322
-0.362,0.133,-0.647,2.686,1.892,8.545,176.726,55.151,-54.789
-0.446,0.164,-0.723,6.653,-0.488,13.611,176.429,55.096,-55.596
-0.421,0.162,-0.76,7.446,3.906,15.259,176.226,54.871,-56.574
-0.449,0.177,-0.769,6.714,-0.793,13.0,175.968,54.778,-57.563
-0.376,0.16,-0.759,7.69,-0.732,6.47,175.902,54.684,-58.189
-0.492,0.146,-0.899,3.357,-16.052,9.644,175.798,54.987,-58.733
-0.748,0.179,-1.061,8.606,-14.343,7.935,175.551,55.745,-59.518
-0.546,0.042,-0.987,11.047,-8.118,-6.531,175.974,56.107,-59.579
-0.862,0.0,-1.049,10.132,4.333,-11.963,176.677,56.684,-58.958
-0.483,-0.117,-0.925,7.69,25.879,-16.602,177.874,55.503,-57.706
-0.38,-0.005,-0.873,-5.127,5.737,14.16,178.044,54.877,-57.343
-0.454,0.088,-0.818,-1.404,-6.348,20.935,177.418,54.91,-58.156
-0.473,0.062,-0.827,6.104,-3.906,9.705,177.182,54.992,-58.854
-0.482,0.014,-0.799,5.31,-6.653,-2.075,177.402,55.217,-58.909
-0.474,-0.05,-0.808,-3.174,-11.536,-10.62,177.841,55.58,-58.266
-0.597,0.005,-0.775,-5.31,-15.015,-14.282,177.995,56.448,-57.42
-0.549,-0.008,-0.732,-3.479,-1.099,-17.09,178.467,56.816,-56.234
-0.585,-0.022,-0.757,-1.038,2.502,-16.785,178.945,56.97,-55.168
-0.465,-0.083,-0.704,-4.822,9.277,-23.865,179.681,56.739,-53.729
-0.499,-0.05,-0.715,-12.085,5.127,-16.846,179.918,56.64,-52.454
-0.387,-0.06,-0.693,-19.165,6.104,-19.043,179.995,56.294,-51.053
-0.36,0.005,-0.659,-21.729,-5.31,-10.803,179.462,56.514,-50.131
-0.438,0.085,-0.66,-25.757,-18.066,-11.414,178.731,57.123,-49.329
-0.839,0.195,-0.851,-18.188,-21.545,-23.438,178.204,58.321,-48.373
-0.859,0.293,-0.876,2.075,36.682,-43.823,178.967,58.211,-46.423
-0.572,0.244,-0.997,20.325,53.101,-29.968,-179.28,55.53,-44.401
-0.488,0.052,-1.142,38.818,53.223,-28.137,-177.078,53.427,-43.209
-0.302,-0.103,-1.165,11.78,29.175,-20.386,-175.485,51.141,-42.116
-0.328,-0.17,-1.029,-9.888,15.259,-18.311,-175.018,49.878,-40.984
-0.357,0.002,-0.972,-19.104,-0.793,-3.296,-175.649,49.499,-40.32
-0.337,0.062,-0.791,-16.418,-14.832,0.671,-176.49,49.697,-40.078
-0.472,0.121,-0.744,-5.249,-9.888,7.996,-177.242,50.378,-40.298
-0.326,0.055,-0.619,4.211,8.301,9.521,-177.495,50.306,-40.814
-0.273,0.072,-0.661,5.432,13.0,27.039,-177.83,49.779,-41.929
-0.264,0.054,-0.764,6.592,1.831,30.945,-178.297,49.274,-43.638
-0.303,0.135,-0.837,7.324,0.854,37.598,-178.934,49.213,-45.571
-0.251,0.066,-0.834,12.939,-9.155,30.396,-179.275,49.241,-47.461
-0.406,0.028,-1.083,7.874,-29.846,22.888,-179.473,49.966,-48.851
-0.708,-0.02,-1.191,3.784,-23.987,11.719,-179.709,51.454,-49.779
-0.469,-0.111,-1.212,-6.958,-18.066,-6.226,-179.72,51.943,-49.708
-0.726,-0.04,-1.069,-14.954,-28.198,-20.691,179.984,53.619,-48.829
-0.542,-0.067,-0.899,-12.451,-5.371,-21.851,-179.819,54.075,-47.291
-0.5,-0.021,-0.804,-11.597,-10.315,3.601,179.907,54.58,-46.807
-0.515,0.056,-0.77,-6.592,-1.892,20.02,179.154,54.844,-47.582
-0.576,0.083,-0.812,1.77,5.371,19.592,178.522,54.717,-48.79
-0.558,0.005,-0.815,6.714,10.132,6.042,178.451,54.327,-49.559
-0.493,-0.037,-0.816,4.028,11.414,-9.155,178.901,53.882,-49.395
-0.451,-0.054,-0.773,3.601,11.719,-13.0,179.484,53.536,-48.73
-0.425,-0.083,-0.77,-1.465,15.381,-17.944,-179.83,52.916,-47.725
-0.242,-0.131,-0.617,-10.437,1.648,-23.56,-179.308,52.487,-46.395
-0.582,-0.011,-0.782,-22.888,-15.442,-13.55,-179.517,53.047,-45.176
-0.475,-0.007,-0.829,-2.686,31.921,-15.259,-179.594,52.784,-44.308
-0.159,-0.062,-0.666,0.427,21.24,-9.583,-179.154,51.432,-43.555
-0.192,-0.11,-0.708,-14.526,-24.902,-5.005,-179.083,51.432,-42.99
-0.668,-0.007,-0.953,-29.907,-40.649,-17.822,-179.791,53.284,-42.242
-0.58,0.248,-0.834,-35.706,-22.827,-8.789,178.945,54.811,-41.418
-1.05,0.38,-1.369,-4.211,-6.592,9.644,177.847,55.305,-41.968
-0.715,0.237,-1.235,19.165,45.837,-3.601,178.358,54.338,-42.374
-0.374,0.066,-1.197,29.968,64.575,-13.611,179.841,51.432,-42.045
-0.08,-0.059,-1.029,13.55,33.264,-19.043,-178.731,48.955,-41.166
-0.236,-0.006,-0.91,-1.587,-9.949,-9.888,-178.363,48.658,-40.452
-0.349,0.032,-0.793,-13.306,-19.958,-0.732,-178.638,49.202,-40.133
-0.425,0.15,-0.778,-10.254,-7.812,8.911,-179.473,49.905,-40.468
-0.38,0.157,-0.766,-2.563,-1.038,11.047,179.901,49.916,-41.199
-0.442,0.165,-0.849,6.104,8.606,9.949,179.561,49.746,-42.061
-0.349,0.086,-0.844,7.385,10.925,8.667,179.621,49.109,-42.775
-0.36,0.108,-0.835,1.221,0.0,12.573,179.434,48.867,-43.605
-0.32,0.096,-0.775,-2.014,-2.625,8.85,179.05,48.851,-44.467
-0.383,0.168,-0.787,2.319,-8.545,0.61,178.72,49.142,-44.956
-0.348,0.081,-0.788,12.024,-1.404,1.099,178.995,49.351,-45.264
-0.329,0.059,-0.787,10.803,-14.587,9.46,179.275,49.713,-45.862
-0.446,0.057,-0.878,10.01,-13.855,10.742,179.401,50.405,-46.697
-0.561,0.098,-1.026,4.761,-18.555,17.639,179.286,51.103,-47.719
-0.531,0.038,-1.018,8.057,-10.376,1.526,179.28,51.833,-48.538
-0.419,-0.027,-0.865,-1.526,-21.545,-10.681,179.583,52.575,-48.268
-0.923,0.012,-1.04,-0.61,-21.973,-7.629,179.659,54.02,-47.95
-0.607,-0.022,-0.979,11.841,39.429,-0.793,-179.78,53.223,-47.818
-0.297,-0.052,-0.905,6.775,17.273,21.301,-179.418,51.707,-48.483
-0.417,0.032,-0.891,0.732,4.456,23.376,-179.775,51.268,-49.834
-0.341,0.068,-0.804,1.282,-1.038,14.038,179.846,50.999,-50.96
-0.471,0.01,-0.784,0.427,-11.536,-9.949,179.846,51.416,-51.229
-0.486,-0.019,-0.751,-3.113,3.54,-27.649,-179.676,51.658,-50.213
-0.418,-0.078,-0.794,-9.338,15.076,-36.316,-179.066,51.235,-48.543
-0.384,-0.11,-0.771,-21.484,12.939,-52.063,-178.616,50.718,-46.159
-0.271,-0.147,-0.786,-31.616,2.625,-55.542,-178.407,50.268,-43.138
-0.312,-0.066,-0.722,-47.241,-13.306,-50.293,-178.885,50.609,-40.166
-0.375,0.013,-0.683,-42.053,-21.057,-48.035,-179.742,51.531,-37.546
-0.395,-0.009,-0.694,-41.504,-16.785,-47.607,179.709,52.493,-34.92
-0.425,0.088,-0.806,-37.903,-13.977,-33.02,178.852,53.284,-32.986
-0.593,0.155,-1.008,-21.179,-23.01,-30.396,178.319,54.41,-31.52
-0.624,0.177,-1.06,-16.968,-1.099,-1.587,177.869,55.08,-31.102
-0.754,0.287,-1.174,-6.287,-1.77,8.972,176.77,55.009,-32.086
-0.356,0.259,-0.994,-9.094,20.02,13.0,176.089,54.108,-32.97
-0.451,0.24,-0.946,5.432,-23.804,2.075,175.556,54.322,-33.981
-0.454,0.132,-0.858,0.122,-2.747,-5.676,175.699,54.888,-34.178
-0.528,0.107,-0.793,0.122,-20.752,-6.836,175.71,55.448,-34.316
-0.512,0.13,-0.715,-3.601,-10.742,-1.587,175.589,56.212,-34.541
-0.53,0.156,-0.667,-2.258,-19.165,2.38,175.265,56.887,-35.107
-0.56,0.169,-0.65,0.122,-3.906,5.432,174.952,57.585,-35.87
-0.418,0.223,-0.622,-0.183,-2.869,16.663,174.419,57.601,-37.046
-0.566,0.236,-0.689,9.521,-0.854,20.996,173.837,57.843,-38.76
-0.513,0.259,-0.694,21.606,10.376,30.212,173.584,57.448,-40.776
-0.473,0.191,-0.657,35.706,8.85,44.617,173.677,56.799,-43.434
-0.524,0.171,-0.724,43.823,5.371,68.054,173.705,56.151,-47.274
-0.791,0.166,-0.942,55.42,1.648,84.778,173.688,55.662,-52.251
-0.586,0.081,-0.827,62.622,30.579,86.853,174.078,54.454,-57.398
-0.728,-0.014,-1.212,55.786,16.724,75.684,174.93,52.663,-61.853
-0.401,-0.098,-1.107,40.283,31.494,50.537,175.875,51.174,-65.072
-0.388,-0.101,-1.083,14.099,9.094,27.954,176.49,50.147,-66.693
-0.401,0.041,-0.974,-0.122,8.789,27.954,176.248,49.603,-67.896
-0.366,0.095,-0.862,4.333,7.385,24.658,175.963,49.059,-69.055
-0.349,0.073,-0.81,14.587,5.676,30.334,175.99,48.56,-70.4
-0.412,-0.009,-0.817,13.55,-3.479,13.855,176.331,48.362,-71.548
-0.427,-0.016,-0.781,8.179,0.732,-0.732,176.858,48.494,-71.741
-0.387,-0.031,-0.803,7.019,7.507,-10.864,177.506,48.362,-71.279
-0.41,-0.057,-0.864,5.493,7.202,-17.029,178.314,48.115,-70.318
-0.25,-0.091,-0.727,1.099,6.042,-14.709,179.033,47.845,-69.274
-0.338,-0.075,-0.725,-10.01,-17.212,-10.132,179.308,48.186,-68.406
-0.342,0.007,-0.719,-11.963,-6.042,-5.066,179.094,48.84,-67.852
-0.302,0.041,-0.737,-11.841,-14.404,3.784,178.704,49.307,-67.714
-0.597,0.137,-0.97,-7.141,-23.682,10.315,178.022,50.334,-68.258
-0.538,0.059,-0.981,8.484,12.207,-4.7,178.215,50.581,-68.412
-0.535,0.115,-1.22,-4.272,-1.221,9.949,178.319,50.037,-68.472
-0.559,0.125,-1.201,8.728,14.648,11.047,178.132,49.96,-69.302
-0.361,0.173,-1.134,0.854,11.475,26.55,177.891,48.933,-70.334
-0.394,0.129,-1.077,15.686,6.531,13.977,177.814,48.483,-71.642
-0.295,0.032,-0.896,10.071,-10.254,9.583,178.231,48.455,-72.208
-0.434,0.056,-0.846,5.615,-13.611,20.142,178.138,49.065,-73.207
-0.31,0.084,-0.688,4.211,-12.268,36.499,177.72,49.362,-74.844
-0.424,0.156,-0.688,10.864,-14.465,50.72,176.935,49.916,-77.448
-0.337,0.139,-0.639,20.081,-0.061,59.875,176.375,49.949,-80.596
-0.409,0.204,-0.745,29.175,-7.202,77.148,175.798,49.779,-84.523
-0.333,0.159,-0.789,39.673,-4.333,83.923,175.534,49.537,-89.127
-0.271,0.134,-0.869,39.246,-30.884,86.121,175.32,49.867,-94.032
-0.445,0.098,-0.94,32.715,-40.283,87.402,174.847,51.015,-99.135
-0.624,0.113,-1.025,31.677,-19.592,85.266,173.947,52.18,-104.282
-0.603,0.135,-0.876,18.921,-23.499,87.83,172.837,52.493,-109.144
-0.827,0.116,-0.963,22.4,-19.897,75.073,171.683,53.08,-113.714
-0.671,0.095,-0.944,28.625,8.179,69.458,171.205,52.635,-117.46
-0.558,0.072,-0.901,32.41,9.827,72.571,171.079,51.696,-121.031
-0.424,0.029,-0.778,31.433,4.761,76.477,171.118,50.762,-124.651
-0.452,0.075,-0.753,29.785,-4.15,78.735,170.793,50.229,-128.694
-0.417,0.019,-0.707,30.701,-11.658,59.875,170.931,50.125,-132.034
-0.448,-0.036,-0.75,30.334,-20.081,46.753,171.381,50.62,-134.594
-0.613,-0.057,-0.904,26.611,-14.709,42.725,171.958,51.383,-136.653
-0.56,0.017,-0.959,21.362,-8.057,54.26,172.167,51.564,-138.906
-0.669,0.113,-0.978,22.217,-2.258,52.49,172.007,51.751,-141.559
-0.227,0.032,-0.795,20.874,38.635,46.997,172.343,50.416,-143.58
-0.14,0.124,-0.88,-3.601,-6.348,56.824,171.876,48.95,-145.893
-0.492,0.258,-0.928,3.418,-12.634,45.837,170.656,49.186,-148.782
-0.404,0.219,-0.918,14.893,11.902,44.006,170.305,48.554,-150.958
-0.336,0.215,-0.933,26.184,14.465,59.082,170.354,47.379,-153.446
-0.222,0.217,-0.854,33.569,-2.197,75.134,170.541,46.241,-156.934
-0.339,0.194,-0.827,38.452,-16.663,78.491,170.793,45.972,-161.186
-0.396,0.2,-0.82,34.851,-16.235,77.148,170.986,46.027,-165.449
-0.317,0.166,-0.834,32.043,-5.981,71.533,171.183,45.731,-169.36
-0.348,0.209,-0.931,25.696,-12.512,68.481,171.167,45.56,-173.079
-0.429,0.221,-1.06,27.893,-13.794,65.613,171.14,45.544,-176.71
-0.484,0.164,-1.086,22.827,-16.846,70.923,171.129,45.61,179.643
-0.468,0.206,-0.97,23.193,-14.648,75.745,170.651,45.769,175.518
-0.31,0.077,-0.812,34.058,-2.747,63.66,170.909,45.396,172.002
-0.482,0.057,-0.782,31.006,-32.715,73.608,171.266,45.714,168.344
-0.628,0.009,-0.873,44.556,1.648,75.439,171.777,46.126,164.394
-0.404,0.014,-0.861,47.241,20.691,84.045,172.672,44.973,160.571
-0.225,-0.033,-0.879,45.837,15.808,78.857,173.848,43.528,156.605
-0.263,-0.032,-0.881,37.048,-13.55,66.04,174.886,43.066,152.644
-0.406,-0.081,-0.86,32.898,-13.977,49.316,175.875,43.594,149.266
-0.38,-0.088,-0.867,25.696,-13.611,45.41,176.732,43.989,146.338
-0.373,-0.136,-0.89,21.912,-7.69,35.828,177.501,44.423,143.712
-0.325,-0.141,-0.888,10.254,-11.108,28.32,178.033,44.753,141.427
-0.429,-0.05,-1.063,-0.427,-15.747,13.306,178.138,45.319,139.658
-0.417,0.042,-0.989,-3.662,-14.404,2.38,178.099,46.121,138.664
-0.387,0.097,-0.937,-3.967,-10.315,3.235,177.951,46.692,137.9
-0.254,0.04,-0.859,-5.92,-10.559,-7.874,177.99,47.043,137.587
-0.494,0.163,-0.942,-12.878,-14.709,-7.69,177.517,47.939,137.384
-0.405,0.133,-0.956,-0.488,18.677,-28.992,177.687,47.648,138.131
-0.254,0.062,-0.946,3.845,6.592,-27.466,178.44,47.038,139.471
-0.35,0.041,-0.942,5.981,2.075,-10.925,179.006,47.032,139.922
-0.215,0.084,-0.816,-1.404,-4.944,1.953,179.116,46.78,139.609
-0.3,0.114,-0.778,1.282,-8.24,3.418,178.956,47.153,138.939
-0.212,0.132,-0.766,1.465,-3.296,9.766,178.802,47.164,138.126
-0.254,0.166,-0.761,4.089,-9.338,5.737,178.588,47.411,137.225
-0.218,0.136,-0.718,11.597,-15.198,13.916,178.621,47.714,136.307
-0.364,0.132,-0.75,12.878,-36.133,25.635,178.528,48.856,134.654
-0.397,0.111,-0.718,11.719,-29.358,28.137,178.281,50.35,132.665
-0.648,0.137,-0.967,12.39,-43.945,26.367,177.918,51.872,130.589
-0.871,0.021,-1.176,15.869,-26.489,13.367,177.973,53.608,128.963
-0.657,-0.111,-1.232,4.7,-21.24,5.31,178.292,54.525,127.98
-0.787,-0.032,-1.174,1.709,5.005,-2.563,178.341,55.399,127.189
-0.465,-0.054,-0.98,2.197,18.433,1.709,178.72,54.338,126.656
-0.489,0.015,-0.937,5.31,-1.16,14.465,178.726,54.086,125.294
-0.467,0.007,-0.812,10.559,-3.113,18.188,178.808,54.124,123.503
-0.542,0.015,-0.772,15.198,-6.531,15.381,179.061,54.322,121.696
-0.532,-0.068,-0.739,18.311,3.662,2.869,179.841,54.393,120.41
-0.447,-0.125,-0.686,12.085,-1.404,-4.7,-179.182,54.327,119.625
-0.525,-0.144,-0.728,4.456,8.423,-13.489,-178.308,54.393,119.141
-0.384,-0.161,-0.728,0.183,22.217,-13.855,-177.484,53.564,118.856
-0.268,-0.143,-0.66,-10.742,0.854,-10.986,-177.116,52.888,118.433
-0.405,-0.075,-0.646,-18.066,-15.747,-7.385,-177.308,53.289,117.856
-0.41,-0.031,-0.64,-11.902,-3.967,-13.184,-177.599,53.871,117.35
-0.536,-0.021,-0.866,-11.353,-17.578,-9.521,-177.66,54.201,117.07
-0.604,-0.027,-1.045,-5.31,3.723,-14.343,-177.539,54.745,116.977
-0.576,0.026,-1.157,-18.188,-18.921,0.671,-177.682,54.926,116.779
-0.832,0.156,-1.21,-5.127,16.113,1.221,-178.451,55.36,116.005
-0.489,0.146,-1.074,-5.371,25.269,7.69,-178.813,53.849,115.444
-0.521,0.12,-1.068,6.165,14.16,-1.77,-178.967,53.141,114.879
-0.203,0.028,-0.447,1.587,6.958,-5.615,-178.715,52.564,114.955
-0.439,0.01,-0.822,-2.441,-3.357,-2.502,-178.748,52.531,114.829
-0.373,0.064,-0.719,-11.963,-8.179,9.888,-179.33,52.789,114.263
-0.434,0.153,-0.708,-9.644,-8.484,21.912,179.528,53.24,112.95
-0.407,0.215,-0.691,-3.662,-5.798,25.452,178.407,53.448,111.423
-0.402,0.175,-0.708,8.423,-2.441,20.264,177.731,53.52,110.039
-0.397,0.141,-0.696,7.08,-14.465,10.559,177.49,53.849,109.149
-0.449,0.139,-0.712,3.54,-19.592,2.625,177.253,54.723,108.567
-0.415,0.096,-0.654,0.122,-32.41,-7.324,177.253,55.898,108.578
-0.671,0.148,-0.773,2.014,-35.278,-8.911,177.16,57.849,108.644
-0.681,0.116,-0.849,2.441,-13.062,-8.118,177.457,58.98,109.023
-0.692,0.054,-0.852,8.24,-15.93,-14.587,177.83,59.908,109.33
-0.969,-0.043,-1.081,5.249,-13.916,-25.452,178.934,60.524,110.259
-0.739,-0.037,-1.017,3.601,20.935,-20.264,-179.984,60.573,111.127
-0.646,-0.069,-1.028,6.226,23.132,-6.47,-179.132,59.48,111.346
-0.453,-0.056,-0.895,4.456,15.808,6.531,-178.781,58.392,110.643
-0.419,0.002,-0.746,-0.732,-12.817,14.893,-179.121,58.403,109.182
-0.486,-0.012,-0.661,0.244,-27.161,2.625,-179.341,59.409,107.996
-0.503,-0.035,-0.574,-2.625,-34.302,-8.85,-179.247,60.93,107.474
-0.562,-0.097,-0.576,-4.333,-20.569,-23.376,-178.61,62.364,107.82
-0.542,-0.151,-0.619,-10.864,-3.479,-28.015,-177.781,62.732,108.644
-0.469,-0.145,-0.593,-24.536,-2.197,-28.32,-177.352,62.825,109.435
-0.535,-0.064,-0.583,-30.273,-8.362,-33.997,-177.264,63.138,110.506
-0.581,-0.012,-0.626,-28.259,-1.892,-32.532,-177.105,63.364,112.017
-0.715,0.031,-0.799,-18.066,-5.493,-20.325,-177.034,63.556,113.45
-0.801,0.071,-0.896,-10.742,5.005,-1.343,-177.188,63.77,114.368
-0.94,0.185,-1.109,-3.174,7.69,10.376,-177.99,63.325,114.329
-0.805,0.115,-1.042,4.15,35.645,7.446,-178.204,62.446,114.582
-0.594,0.159,-0.972,2.869,16.052,19.287,-178.781,60.908,114.373
-0.633,0.102,-0.892,6.165,15.564,3.418,-179.11,60.293,114.285
-0.551,0.095,-0.768,5.005,12.573,-2.991,-178.956,59.518,115.021
-0.475,0.047,-0.682,3.967,15.991,-4.7,-178.715,58.826,115.939
-0.357,0.059,-0.593,-2.869,12.329,6.897,-178.857,58.09,116.521
-0.387,0.106,-0.579,-1.099,-2.319,15.93,-179.588,57.942,116.29
-0.411,0.12,-0.591,1.831,-8.362,19.043,179.681,58.112,115.895
-0.56,0.122,-0.679,9.155,-11.414,21.667,179.094,58.683,115.334
-0.489,0.099,-0.736,11.597,1.404,27.527,178.638,58.661,114.598
-0.709,0.074,-0.91,15.808,-26.917,20.142,178.292,59.42,113.752
-0.772,-0.011,-1.019,19.165,-7.751,8.972,178.649,60.287,113.544
-0.922,-0.044,-1.055,20.691,-8.606,9.644,179.269,61.133,113.5
-0.886,-0.137,-1.022,27.161,45.166,10.62,-179.742,60.331,113.428
-0.426,-0.145,-0.836,9.888,52.124,30.945,-179.302,57.684,112.253
-0.305,-0.057,-0.722,-4.639,21.362,35.889,179.956,55.904,109.622
-0.348,0.005,-0.651,-9.277,9.705,33.752,178.797,55.074,106.935
-0.372,0.059,-0.663,-3.479,10.559,25.208,177.764,54.465,104.584
-0.308,-0.016,-0.613,1.038,5.615,7.996,177.462,53.948,103.266
-0.38,-0.041,-0.653,-7.141,-3.418,-1.221,177.468,53.828,102.656
-0.359,0.013,-0.618,-14.587,-16.785,-0.549,177.094,54.196,102.107
-0.63,0.107,-0.71,-7.507,-23.743,-8.911,176.688,55.547,102.052
-0.613,0.02,-0.805,3.479,5.066,-16.357,177.33,55.833,103.689
-0.628,0.052,-0.984,-1.831,0.549,-6.409,177.698,55.926,105.2
-0.649,0.159,-1.122,-0.793,16.541,6.592,177.539,55.563,106.243
-0.639,0.161,-1.188,13.428,31.738,1.16,177.792,54.393,107.375
-0.402,0.159,-1.197,9.094,46.082,12.573,178.138,52.218,108.287
-0.313,0.115,-1.104,3.906,9.216,3.906,178.231,50.845,108.759
-0.368,0.141,-0.885,-5.859,-5.737,-5.981,178.088,50.828,109.611
-0.416,0.099,-0.742,-8.85,-20.508,-8.728,177.88,51.378,110.803
-0.483,0.173,-0.769,-7.324,-0.122,1.953,177.413,51.976,112.006
-0.238,0.13,-0.65,-2.808,9.583,17.273,176.913,51.443,112.72
-0.244,0.211,-0.689,-4.883,-20.081,32.104,175.902,51.416,112.28
-0.322,0.175,-0.708,0.977,-32.166,31.616,174.814,52.361,111.204
-0.372,0.183,-0.664,-5.737,-48.34,25.574,173.688,53.954,110.215
-0.533,0.226,-0.687,-6.348,-47.729,17.944,172.337,56.036,109.435
-0.885,0.247,-0.884,-4.639,-36.438,14.343,171.282,57.936,109.446
-0.71,0.247,-0.761,13.855,0.793,31.372,170.414,58.513,109.424
-0.999,0.14,-1.193,27.832,1.404,18.066,170.843,57.887,109.825
-0.873,0.151,-1.098,40.649,39.612,22.278,171.667,57.112,110.704
-0.615,0.0,-0.949,39.368,55.847,18.25,173.414,54.229,112.308
-0.5,0.021,-0.815,27.161,53.101,14.832,174.512,51.817,113.879
-0.252,-0.018,-0.696,9.46,54.443,5.188,175.221,49.252,116.032
-0.17,0.024,-0.709,-11.597,17.334,-6.592,175.204,47.719,117.18
-0.325,0.058,-0.734,-10.986,11.597,-43.213,175.342,47.565,119.004
-0.262,0.046,-0.765,-6.531,4.639,-57.434,176.122,47.247,122.349
-0.172,-0.045,-0.736,-8.118,-6.47,-59.509,177.209,47.499,125.788
-0.191,-0.085,-0.695,-20.813,-51.453,-54.077,177.819,48.955,128.419
-0.741,-0.057,-0.856,-38.391,-65.063,-67.81,177.797,52.185,130.803
-0.637,0.001,-0.898,-52.185,-10.742,-92.163,177.841,54.421,136.379
-0.842,0.291,-1.072,-55.908,-20.935,-53.101,177.259,55.53,142.564
-0.783,0.318,-1.066,-5.92,28.931,4.761,176.424,55.865,145.443
-0.481,0.301,-0.998,21.729,35.889,40.955,175.979,53.767,145.536
-0.428,0.208,-1.012,45.105,32.166,50.842,176.336,51.965,144.256
-0.192,0.065,-0.785,48.523,4.456,52.124,177.363,50.724,142.504
-0.37,0.083,-0.721,37.842,-25.696,50.293,177.929,51.273,140.29
-0.417,0.059,-0.684,35.278,-17.517,43.701,178.473,52.081,138.56
-0.394,0.048,-0.651,22.156,-10.986,47.974,178.566,52.553,137.01
-0.442,0.049,-0.722,8.423,-2.441,30.762,178.116,52.701,135.868
-0.38,0.082,-0.753,-4.333,0.916,12.817,177.621,52.608,136.022
-0.336,0.123,-0.747,-11.597,-21.301,2.869,176.929,53.069,136.5
-0.721,0.151,-0.938,-10.681,-31.982,-2.38,176.281,54.613,137.219
-0.592,0.05,-0.893,2.991,-7.385,-0.305,176.039,55.388,138.334
-0.917,-0.049,-1.092,13.55,-5.798,-9.644,176.517,55.865,139.818
-0.516,-0.256,-1.005,9.766,32.41,-15.198,177.847,55.173,142.443
-0.487,-0.083,-0.992,-32.532,13.428,29.724,177.347,54.234,143.937
-0.441,0.197,-0.875,-22.644,8.972,36.377,175.012,53.536,142.723
-0.428,0.181,-0.764,-9.583,0.305,18.311,173.776,53.168,142.031
-0.486,0.214,-0.778,-5.066,8.545,17.578,173.057,52.894,142.064
-0.334,0.184,-0.646,7.751,1.953,8.423,172.76,52.41,142.394
-0.406,0.064,-0.627,12.39,4.211,-13.245,173.293,52.449,143.575
-0.361,-0.001,-0.663,4.456,13.306,-28.137,174.309,52.125,146.135
-0.268,-0.073,-0.693,-3.357,4.578,-38.94,175.375,51.921,149.183
-0.359,0.0,-0.743,-16.968,-14.099,-29.602,175.759,52.537,151.463
-0.55,0.077,-0.907,-19.043,-17.822,-18.799,175.6,53.454,153.276
-0.645,0.159,-0.973,-16.541,-7.08,-6.897,175.106,54.289,154.825
-0.898,0.338,-1.303,-17.761,-5.981,10.742,174.111,54.322,155.468
-0.707,0.307,-1.205,9.521,45.593,-1.526,173.969,53.448,156.324
-0.321,0.248,-1.065,9.338,38.33,6.958,174.468,50.966,157.319
-0.324,0.141,-0.848,7.446,7.141,-1.648,174.749,50.109,157.643
-0.333,0.126,-0.732,2.441,-11.353,-5.737,174.974,50.125,158.192
-0.383,0.098,-0.634,1.465,-8.484,-10.376,175.133,50.801,158.934
-0.22,0.098,-0.534,0.854,12.146,0.305,175.265,50.614,159.84
-0.267,0.149,-0.607,5.493,-0.061,13.489,175.144,50.186,159.901
-0.316,0.144,-0.708,17.151,15.442,16.602,175.21,49.774,159.401
-0.23,0.088,-0.952,14.832,6.714,17.822,175.605,48.867,158.884
-0.546,0.067,-1.174,4.456,-33.447,15.564,175.523,49.389,157.703
-0.404,-0.053,-1.073,0.854,-17.883,-4.089,175.616,50.548,157.28
-0.907,0.042,-1.075,-12.512,-62.195,6.409,175.018,53.075,156.841
-0.677,-0.016,-1.026,5.188,6.165,3.54,175.023,53.806,157.11
-0.647,0.027,-0.98,3.357,-13.0,26.917,174.886,54.185,156.879
-0.524,0.038,-0.817,9.949,3.906,34.241,174.534,54.053,155.819
-0.463,0.045,-0.704,12.817,1.709,30.09,174.331,53.866,154.863
-0.407,-0.009,-0.618,11.414,-3.784,18.86,174.452,53.828,154.418
-0.431,-0.034,-0.619,10.864,2.869,6.958,174.803,54.036,154.753
-0.358,-0.071,-0.629,8.24,9.827,1.038,175.424,53.756,155.929
-0.268,-0.046,-0.601,3.845,-3.845,15.747,175.803,53.619,156.418
-0.452,0.033,-0.843,10.071,-29.602,30.212,175.726,54.196,154.429
-0.698,0.125,-0.957,13.0,-33.875,35.583,175.391,55.668,152.056
-0.696,0.126,-0.951,18.188,-18.494,43.701,175.117,56.832,150.062
-0.879,0.314,-1.083,11.78,6.042,64.941,173.947,56.959,147.376
-0.523,0.287,-1.068,36.011,59.509,57.007,173.309,54.827,144.794
-0.343,0.159,-1.006,33.997,15.076,51.636,173.798,52.394,142.575
-0.43,0.099,-0.917,32.41,15.381,42.358,174.106,51.498,139.823
-0.327,0.053,-0.736,17.395,-2.38,31.616,174.479,50.894,137.686
-0.359,0.117,-0.689,20.02,1.587,35.583,174.446,50.779,135.341
-0.233,0.072,-0.572,14.954,-12.939,43.274,174.441,50.669,132.819
-0.559,0.223,-0.787,13.916,-22.583,58.655,173.584,51.405,129.265
-0.388,0.148,-0.729,20.02,1.099,55.176,173.09,51.268,126.123
-0.406,0.219,-0.81,9.766,-17.7,52.734,172.26,51.367,122.888
-0.68,0.265,-1.085,11.536,-0.244,51.941,171.365,51.4,119.68
-0.984,0.235,-1.298,12.329,-11.597,51.392,170.739,51.229,116.29
-0.437,0.076,-0.915,26.123,6.897,64.453,170.557,50.361,112.132
-0.443,0.001,-0.802,29.419,-17.334,62.073,170.392,50.279,106.897
-0.507,-0.017,-0.863,31.006,11.597,66.223,170.673,49.812,101.58
-0.495,-0.004,-0.935,35.339,26.184,81.909,171.063,48.159,95.707
-0.235,-0.004,-0.896,38.635,30.212,87.28,171.634,45.769,89.495
-0.14,-0.047,-0.826,28.198,-9.338,84.29,172.183,44.302,83.425
-0.396,0.061,-0.841,18.921,-27.832,73.242,172.018,44.599,77.569
-0.477,0.114,-0.91,23.376,-6.653,61.646,172.079,44.753,72.422
-0.375,0.069,-0.919,25.879,-13.977,51.941,172.491,44.659,67.802
-0.64,0.116,-1.155,19.653,-17.883,51.208,172.881,45.077,63.567
-0.153,0.036,-0.83,29.846,14.648,48.096,173.397,44.665,59.392
-0.308,0.102,-0.89,-3.662,-20.142,72.876,173.112,44.264,55.151
-0.423,0.286,-0.969,11.536,0.366,75.684,171.777,44.214,49.636
-0.274,0.194,-0.947,23.865,9.888,57.19,171.843,43.149,45.412
-0.21,0.134,-0.945,38.513,-3.967,57.983,172.518,42.523,41.429
-0.22,0.047,-0.865,35.278,-15.686,65.308,173.414,42.528,37.31
-0.298,0.092,-0.819,28.87,-27.1,76.965,173.749,43.011,32.503
-0.395,0.171,-0.842,25.635,-22.461,79.651,173.666,43.671,27.235
-0.347,0.167,-0.888,26.733,-11.047,84.351,173.578,43.835,21.901
-0.442,0.197,-0.974,30.09,-4.272,90.576,173.331,43.704,16.155
-0.345,0.12,-1.104,30.701,-0.732,82.336,173.496,43.022,10.684
-0.367,0.085,-1.033,33.386,-6.531,73.669,173.732,42.803,5.718
-0.167,-0.041,-0.761,32.959,-19.104,72.51,174.353,42.753,1.241
-0.548,0.046,-0.78,26.367,-46.814,89.111,174.386,44.017,-3.829
-0.62,-0.014,-0.909,50.842,20.813,84.717,174.88,44.396,-9.283
-0.239,-0.111,-0.89,47.485,28.748,87.646,176.221,42.539,-14.244
-0.182,-0.104,-0.904,34.485,-8.972,88.379,177.034,41.891,-19.286
-0.34,-0.051,-0.859,25.513,-25.146,80.627,177.396,42.589,-23.923
-0.401,-0.018,-0.772,24.963,-29.297,73.425,177.523,43.687,-28.345
-0.474,-0.08,-0.832,26.001,-22.461,51.208,177.957,44.846,-31.877
-0.493,-0.102,-0.91,20.142,-10.864,35.461,178.511,45.56,-34.371
-0.513,-0.092,-1.081,5.31,1.343,23.865,178.852,45.769,-36.03
-0.385,-0.023,-1.021,-6.348,-1.648,12.146,178.621,45.906,-37.106
-0.222,0.062,-0.913,-14.038,2.075,0.122,178.16,45.818,-37.441
-0.328,0.149,-0.834,-23.315,-24.475,-2.014,177.369,46.478,-37.458
-0.463,0.217,-1.039,-13.489,2.93,-12.756,176.457,47.164,-37.502
-0.267,0.08,-1.061,-7.629,16.479,-39.185,176.616,46.62,-36.249
-0.15,0.08,-0.936,-13.184,1.892,-24.292,176.808,46.148,-34.519
-0.248,0.145,-0.819,-13.184,-20.996,-7.385,176.353,46.533,-33.937
-0.4,0.176,-0.756,-7.629,-15.198,-6.531,175.88,47.411,-33.849
-0.332,0.159,-0.722,-3.967,-0.549,0.916,175.583,47.642,-34.025
-0.39,0.18,-0.806,-12.939,5.249,4.089,175.045,47.538,-34.547
-0.193,0.294,-0.786,-1.343,14.099,21.851,174.282,46.813,-35.59
-0.21,0.28,-0.803,9.094,-26.062,28.625,173.782,46.912,-37.551
-0.387,0.221,-0.839,21.423,-23.315,20.02,173.738,48.115,-39.523
-0.203,0.141,-0.704,15.564,-40.771,16.724,174.007,49.23,-41.067
-0.408,0.134,-0.724,8.057,-54.321,12.512,173.771,51.586,-42.627
-0.913,0.156,-0.973,-4.211,-59.57,1.587,173.287,54.289,-43.731
-0.729,0.109,-0.928,-9.399,14.771,-18.372,173.205,55.327,-43.621
-0.61,0.168,-1.251,-9.338,-25.208,-19.531,173.397,55.228,-42.66
-0.956,0.152,-1.138,16.174,26.611,-0.854,173.655,56.772,-42.649
-0.378,-0.0,-0.889,22.644,50.293,3.418,174.941,54.344,-42.578
-0.244,0.005,-0.826,10.071,15.32,14.343,175.671,52.756,-42.957
-0.384,0.054,-0.806,8.85,-1.038,15.686,175.792,52.394,-43.759
-0.472,0.054,-0.747,10.254,-2.38,13.306,175.913,52.427,-44.561
-0.437,-0.009,-0.765,16.846,13.367,-4.639,176.556,52.147,-44.802
-0.394,-0.075,-0.771,14.587,20.142,-19.958,177.885,51.411,-43.874
-0.26,-0.13,-0.723,7.202,15.991,-23.438,179.198,50.526,-42.429
-0.331,-0.067,-0.649,-4.883,-11.719,-19.47,179.995,50.499,-40.924
-0.406,0.06,-0.643,9.155,-5.127,0.305,-179.462,50.988,-40.139
-0.423,-0.042,-0.674,21.057,8.789,34.79,-179.022,50.806,-41.413
-0.482,-0.022,-0.941,6.47,28.564,24.231,-179.066,49.944,-43.121
-0.398,0.04,-0.999,-7.568,22.949,-2.625,-179.236,48.697,-43.407
-0.402,0.154,-1.375,-16.418,6.775,-2.258,-179.681,47.681,-42.99
-0.524,0.188,-1.387,3.357,7.874,-7.812,-179.978,47.752,-42.819
-0.254,0.115,-1.22,1.465,5.127,-2.38,-179.703,46.934,-42.385
-0.442,0.1,-1.143,5.859,-10.01,-1.526,-179.659,47.236,-42.396
-0.35,0.053,-0.936,0.793,-2.93,-1.892,-179.473,47.313,-42.149
-0.38,0.055,-0.84,-5.249,-11.108,2.625,-179.659,47.554,-42.149
-0.407,0.104,-0.743,-7.446,-7.324,8.972,179.786,48.06,-42.506
-0.28,0.136,-0.655,-5.554,6.836,18.372,179.072,47.983,-43.358
-0.168,0.152,-0.639,1.16,0.0,24.658,178.391,47.681,-44.648
-0.206,0.202,-0.733,6.775,-10.01,36.255,177.748,47.752,-46.461
-0.247,0.207,-0.749,19.287,-19.226,38.391,177.308,48.164,-48.757
-0.285,0.146,-0.699,18.127,-31.982,39.185,177.138,49.12,-51.18
-0.594,0.129,-0.945,13.306,-36.621,27.71,176.814,50.482,-53.399
-0.86,0.079,-1.193,4.639,-8.118,14.832,176.572,51.509,-54.794
-0.373,-0.009,-1.07,2.502,10.01,-10.01,176.71,51.213,-54.855
-0.536,-0.002,-1.183,-3.845,-17.029,-39.734,177.237,51.971,-53.295
-0.375,-0.111,-0.989,-2.747,-20.691,-48.95,178.61,52.855,-50.279
-0.634,-0.054,-0.944,-10.01,-29.663,-16.663,179.094,54.305,-48.406
-0.558,-0.066,-0.75,-10.376,-2.136,-6.958,179.094,54.893,-47.62
-0.488,0.035,-0.749,-15.747,2.93,0.122,178.577,54.844,-47.351
-0.369,0.057,-0.792,-9.155,-7.568,-2.747,178.187,55.052,-47.159
-0.443,-0.005,-0.668,1.831,-43.701,-20.386,178.478,56.453,-46.423
-0.711,-0.069,-0.575,1.587,-11.414,-21.423,179.33,58.162,-45.11
-0.65,-0.098,-0.557,3.967,27.649,-22.034,-179.703,57.805,-43.841
-0.395,-0.148,-0.66,-2.38,45.227,-13.306,-178.742,56.096,-42.638
-0.386,-0.066,-0.755,-11.597,33.569,-2.258,-178.671,54.41,-42.111
-0.222,-0.012,-0.725,-8.301,29.602,-4.517,-178.808,52.817,-41.726
-0.353,0.065,-0.899,-10.437,-32.776,-0.732,-179.055,52.729,-41.347
-0.686,0.096,-0.945,-3.479,-26.733,2.014,-179.429,54.662,-41.364
-0.761,0.189,-1.116,-2.075,-17.029,17.517,-179.896,55.223,-42.023
-0.821,0.198,-1.14,17.578,23.621,24.658,179.89,55.371,-43.517
-0.516,0.183,-1.075,23.926,36.133,35.95,179.94,53.355,-45.61
-0.452,0.088,-1.01,25.574,20.508,13.733,-179.533,52.081,-47.197
-0.467,-0.0,-1.013,11.658,15.137,-7.019,-178.792,51.356,-47.39
-0.351,-0.052,-0.878,-11.658,-4.883,-11.963,-178.627,51.015,-46.796
-0.495,0.094,-0.81,-22.766,-14.282,-4.883,-179.484,51.724,-46.39
-0.446,0.156,-0.695,-11.902,0.793,6.104,179.594,51.938,-46.62
-0.43,0.163,-0.641,-0.061,11.963,20.691,178.868,51.658,-47.714
-0.345,0.13,-0.613,13.367,24.17,46.57,178.352,50.554,-49.839
-0.386,0.093,-0.731,21.24,39.856,72.083,177.709,49.021,-53.377
-0.131,0.111,-0.784,9.827,43.579,94.36,176.666,46.522,-57.92
0.083,0.209,-0.815,6.836,-11.719,72.266,175.358,45.027,-62.468
-0.317,0.191,-0.955,-2.747,-71.472,28.931,174.386,46.549,-65.204
-1.01,0.228,-1.103,-9.46,-57.556,15.259,173.243,49.889,-66.885
-0.492,0.145,-0.937,10.254,32.043,-6.836,172.952,50.224,-67.467
-0.57,0.062,-1.013,2.38,29.541,-18.982,173.826,49.054,-66.379
-0.226,0.004,-1.048,3.418,26.978,-23.743,174.639,47.571,-64.924
-0.326,0.038,-0.994,-8.484,-13.916,-10.742,174.93,47.686,-63.792
-0.43,0.098,-0.861,-4.089,-6.47,0.854,174.771,48.246,-63.506
-0.382,0.133,-0.814,-2.869,-1.892,9.338,174.562,48.23,-63.732
-0.502,0.128,-0.823,2.625,1.404,0.793,174.479,48.312,-64.017
-0.399,0.058,-0.793,5.554,15.869,-12.695,174.996,47.823,-63.506
-0.38,0.018,-0.804,6.226,13.062,-13.611,175.644,47.373,-62.715
-0.266,-0.01,-0.805,6.775,19.47,-13.733,176.402,46.648,-61.809
-0.238,-0.019,-0.789,9.949,12.817,-9.399,177.1,46.038,-61.122
-0.167,-0.106,-0.663,-0.122,-10.376,-19.775,177.885,45.857,-60.101
-0.411,-0.004,-0.675,-12.146,-21.851,-19.592,178.05,46.939,-58.832
-0.284,-0.023,-0.729,-4.456,-3.906,-24.109,178.286,47.571,-57.552
-0.456,0.03,-0.939,-6.226,-19.104,-19.592,178.588,48.301,-56.255
-0.565,0.084,-0.989,1.404,-2.625,-10.62,178.846,49.065,-55.47
-0.616,0.065,-1.315,1.77,11.108,-6.531,179.357,48.615,-54.987
-0.577,0.069,-1.31,6.775,32.41,-13.489,179.742,47.966,-54.662
-0.204,0.036,-1.232,-6.104,37.048,-16.602,-179.769,45.851,-53.751
-0.172,0.106,-1.119,-20.569,-7.202,-13.306,179.692,45.269,-53.119
-0.32,0.128,-0.939,-29.846,-31.128,-19.348,178.693,46.357,-52.24
-0.474,0.171,-0.815,-30.884,-26.184,-12.573,177.385,47.752,-51.63
-0.47,0.238,-0.744,-24.475,0.183,-0.244,176.012,48.296,-51.691
-0.388,0.255,-0.679,-12.695,23.682,7.874,174.963,47.626,-52.284
-0.161,0.231,-0.648,-6.47,35.522,13.977,174.232,45.989,-53.163
0.003,0.259,-0.658,-7.446,13.489,18.494,173.403,44.643,-54.399
-0.248,0.313,-0.771,-0.61,-11.902,18.25,172.529,44.632,-55.97
-0.222,0.233,-0.804,5.676,-0.305,11.658,172.216,44.572,-57.343
-0.222,0.235,-0.967,6.958,-9.766,7.446,171.991,44.61,-58.453
-0.592,0.219,-1.291,4.883,-26.001,9.399,171.881,45.406,-59.398
-0.267,0.088,-1.034,6.897,3.906,3.906,171.991,45.791,-60.145
-0.546,0.127,-1.048,-13.062,-51.88,-0.549,171.777,46.78,-60.452
-0.749,0.203,-1.101,4.211,21.484,-7.141,171.469,48.071,-60.639
-0.267,0.088,-0.934,7.019,28.625,-5.249,172.2,46.555,-60.024
-0.268,0.142,-0.947,1.831,4.211,16.663,172.375,45.802,-60.271
-0.3,0.131,-0.877,5.127,-3.418,17.883,172.288,45.632,-61.293
-0.352,0.138,-0.841,6.714,-10.376,15.442,172.288,45.824,-62.287
-0.375,0.105,-0.802,7.202,-9.399,10.559,172.425,46.17,-63.127
-0.408,0.095,-0.796,11.536,-5.798,1.77,172.776,46.582,-63.627
-0.418,0.03,-0.808,11.841,-0.122,-8.057,173.568,46.747,-63.479
-0.377,-0.014,-0.77,6.104,2.075,-15.259,174.348,46.895,-62.875
-0.269,0.002,-0.681,-3.296,-3.967,-14.832,174.853,47.098,-62.012
-0.435,0.088,-0.828,-5.554,-3.723,-8.606,174.919,47.565,-61.447
-0.264,0.057,-0.843,1.465,2.93,-7.751,175.172,47.483,-61.046
-0.297,0.021,-0.85,-2.747,-23.865,-12.329,175.386,48.23,-60.661
-0.508,0.028,-0.88,-11.414,-38.269,-16.907,175.501,49.73,-59.93
-0.603,0.092,-0.88,-15.259,-25.024,-18.494,175.254,51.548,-59.211
-0.811,0.267,-1.049,-19.47,0.0,0.0,174.644,52.245,-58.815
-0.538,0.254,-1.076,0.183,39.917,4.883,174.265,51.24,-59.068
-0.292,0.272,-1.091,1.099,27.588,12.024,174.1,49.471,-59.628
-0.295,0.134,-0.987,1.343,7.385,-10.803,174.205,48.554,-59.859
-0.381,0.119,-0.853,-13.672,2.563,-26.672,174.221,48.483,-59.073
-0.404,0.084,-0.735,-31.494,0.061,-36.133,173.826,48.56,-57.519
-0.412,0.154,-0.695,-46.082,16.785,-33.752,172.568,48.494,-55.844
-0.181,0.271,-0.636,-49.194,30.579,-21.362,170.81,47.444,-54.399
-0.21,0.278,-0.707,-65.674,12.512,-24.78,168.475,46.67,-53.372
-0.219,0.564,-0.737,-31.738,13.794,-26.611,166.355,46.384,-52.306
-0.166,0.528,-0.736,12.817,-11.78,-0.732,166.036,46.423,-52.383
-0.362,0.386,-0.928,54.504,-39.429,30.09,166.987,47.433,-54.657
-0.782,0.186,-1.046,64.209,-35.95,38.208,168.673,49.005,-57.87
-0.297,0.039,-0.791,54.565,-1.587,18.433,170.766,49.202,-59.848
-1.013,0.044,-1.2,30.762,-2.38,22.278,172.222,50.224,-61.084
-0.32,-0.015,-1.042,32.715,56.152,22.766,173.562,48.043,-62.067
-0.171,0.042,-1.027,22.217,4.456,48.218,174.413,46.494,-63.567
-0.291,0.011,-0.832,21.851,-24.475,52.002,174.661,46.609,-66.319
-0.354,0.068,-0.719,4.395,-31.067,39.795,174.419,47.653,-68.818
-0.518,0.121,-0.723,-2.93,-24.536,22.4,173.754,48.911,-70.648
-0.423,0.086,-0.698,-2.136,4.639,-8.972,173.524,49.362,-71.098
-0.432,0.063,-0.785,-3.54,13.0,-26.123,173.925,49.175,-69.977
-0.25,0.009,-0.657,-6.714,3.418,-28.992,174.452,48.994,-68.373
-0.442,0.06,-0.766,-5.005,-7.812,-22.095,174.765,49.587,-67.028
-0.232,0.007,-0.679,4.333,17.334,-15.32,175.391,49.274,-66.0
-0.259,0.019,-0.811,-6.836,-21.301,-9.46,175.726,49.438,-65.286
-0.686,0.143,-1.076,-4.15,-18.799,-11.78,175.649,50.746,-64.825
-0.489,0.084,-1.07,-1.587,8.057,-22.766,176.127,50.845,-63.831
-0.64,0.221,-1.183,-14.648,-14.038,-0.549,175.963,50.982,-63.21
-0.55,0.208,-1.131,8.118,35.95,2.136,175.836,50.488,-63.506
-0.215,0.167,-1.048,6.226,14.038,-1.831,176.166,48.774,-63.55
-0.281,0.05,-0.901,2.38,0.61,-14.465,176.671,48.477,-63.083
-0.283,0.104,-0.824,-6.775,-8.606,-4.333,176.655,48.499,-62.65
-0.314,0.116,-0.725,-6.348,-11.841,2.563,176.32,48.972,-62.704
-0.297,0.192,-0.7,-8.972,-15.686,21.729,175.583,49.373,-63.517
-0.444,0.251,-0.775,-3.235,-13.428,34.241,174.457,49.905,-65.38
-0.451,0.31,-0.832,-0.244,-8.24,36.804,173.32,49.977,-67.725
-0.329,0.229,-0.72,5.188,-11.963,9.949,172.722,50.169,-69.483
-0.547,0.24,-0.786,6.775,-4.822,-5.249,172.645,50.806,-70.005
-0.372,0.144,-0.762,11.475,21.729,-13.977,173.315,50.273,-69.62
-0.198,0.109,-0.862,8.362,8.362,-11.841,174.029,49.614,-68.972
-0.414,0.13,-1.015,-1.221,-37.903,5.31,174.095,50.339,-69.109
-0.552,0.127,-0.938,0.61,-34.607,2.808,173.688,52.267,-69.879
-0.85,0.135,-1.187,-2.258,-40.344,-11.475,173.721,53.882,-69.802
-0.807,0.115,-1.184,21.484,16.174,-24.17,174.65,54.668,-69.005
-0.389,-0.094,-0.98,27.222,31.799,-24.841,176.973,53.388,-67.192
-0.292,-0.127,-0.842,5.859,-3.479,8.606,178.022,52.729,-66.709
-0.457,0.002,-0.702,-11.475,-18.982,18.188,177.413,53.498,-67.56
-0.565,0.094,-0.726,-12.207,-12.817,9.827,176.506,54.201,-68.286
-0.525,0.061,-0.781,0.183,1.038,-7.385,176.287,54.509,-68.286
-0.491,0.015,-0.753,4.578,-4.089,-11.719,176.77,54.728,-67.67
-0.396,-0.075,-0.71,5.676,-8.789,-14.526,177.583,55.124,-66.808
-0.512,-0.075,-0.716,-2.136,-26.917,-6.287,178.11,56.074,-66.105
-0.503,-0.013,-0.667,-2.258,0.061,-2.319,178.209,57.019,-65.808
-0.377,0.017,-0.653,-5.676,-1.892,0.916,178.319,56.909,-65.49
-0.375,0.063,-0.696,-5.249,-7.08,7.08,178.022,57.189,-65.649
-0.592,0.16,-0.905,-5.31,-19.958,14.404,177.407,57.832,-66.292
-0.57,0.18,-0.882,5.859,-10.803,14.954,176.863,58.513,-67.363
-0.814,0.204,-1.078,7.874,-27.039,18.616,176.594,59.156,-68.489
-0.771,0.137,-1.031,18.066,6.531,5.676,176.693,59.672,-69.5
-0.715,0.113,-1.008,10.864,9.216,5.127,177.27,59.128,-69.648
-0.635,0.104,-0.948,6.897,9.399,5.31,177.457,58.546,-70.032
-0.589,0.124,-0.944,8.911,20.752,-0.366,177.709,57.865,-70.142
-0.311,0.057,-0.756,6.104,6.775,-0.122,178.149,57.052,-70.021
-0.424,0.097,-0.639,-7.629,-29.236,18.494,177.556,57.794,-70.768
-0.374,0.125,-0.516,-11.047,-18.921,16.785,176.364,58.865,-71.988
-0.512,0.238,-0.591,-11.169,-25.757,18.25,174.935,59.793,-73.301
-0.656,0.211,-0.671,10.742,-0.366,0.244,174.232,60.535,-74.273
-0.445,0.09,-0.686,6.592,4.395,8.484,174.589,60.189,-74.504
-0.726,0.137,-0.829,4.944,-5.31,7.629,174.194,60.524,-75.405
-0.717,0.118,-0.85,1.953,11.169,-7.996,174.37,60.293,-75.317
-0.836,0.087,-1.023,3.174,6.287,-21.484,175.139,59.821,-74.251
-0.772,0.007,-0.962,13.489,26.123,-17.029,176.309,59.464,-72.878
-0.522,-0.076,-0.86,6.653,25.208,9.338,177.111,57.953,-72.427
-0.625,0.064,-0.899,3.784,12.329,33.203,176.627,57.233,-73.608
-0.478,0.059,-0.818,18.311,25.391,33.386,176.331,56.085,-75.328
-0.393,-0.019,-0.744,18.494,8.667,25.757,176.594,55.135,-76.668
-0.459,-0.043,-0.689,14.526,0.061,14.038,176.946,55.047,-77.476
-0.455,-0.079,-0.678,10.864,0.61,10.254,177.479,54.981,-77.723
-0.58,-0.016,-0.727,10.864,-2.014,15.442,177.698,55.19,-78.212
-0.548,-0.026,-0.685,15.259,2.563,18.921,178.066,55.256,-78.865
-0.447,0.002,-0.631,16.296,-3.418,34.241,178.231,55.206,-80.129
-0.553,0.009,-0.768,28.076,9.094,37.72,178.38,55.261,-81.958
-0.292,-0.085,-0.759,31.006,23.56,38.086,179.022,54.283,-83.738
-0.312,-0.083,-0.951,10.315,-19.897,43.823,179.193,53.893,-85.644
-0.815,0.158,-0.989,6.897,-43.396,41.26,178.231,55.684,-87.874
-0.862,0.243,-1.023,20.508,-9.705,64.88,177.512,56.624,-90.396
-0.679,0.134,-1.031,42.847,13.611,75.256,176.836,56.316,-94.323
-0.657,0.111,-1.071,34.363,5.798,70.984,176.462,55.459,-98.289
-0.476,0.032,-0.914,41.26,17.09,52.246,176.644,54.602,-101.536
-0.336,-0.029,-0.751,36.865,2.869,53.589,177.231,53.893,-104.211
-0.444,0.036,-0.715,34.546,-4.333,72.388,177.198,53.8,-107.633
-0.412,0.093,-0.692,38.086,-3.113,86.365,176.852,53.531,-111.907
-0.517,0.107,-0.824,43.457,-2.075,87.341,176.501,53.339,-116.581
-0.568,0.121,-0.92,43.396,0.671,81.36,176.38,52.965,-120.981
-0.583,0.04,-1.063,50.232,10.315,71.533,176.808,52.344,-124.816
-0.466,0.021,-0.962,43.213,-0.977,85.754,177.1,51.779,-128.782
-0.522,-0.016,-0.854,44.739,-11.169,87.402,177.028,51.828,-133.347
-0.384,-0.141,-0.739,50.659,-4.15,80.444,177.49,51.746,-137.483
-0.551,-0.095,-0.77,47.302,-19.409,87.646,177.836,52.158,-141.652
-0.611,-0.142,-0.843,61.279,7.935,83.74,178.599,52.339,-145.75
-0.556,-0.17,-0.839,69.336,20.63,103.516,179.659,51.586,-150.205
-0.381,-0.293,-0.793,59.448,24.658,108.826,-179.324,50.306,-155.248
-0.434,-0.183,-0.803,39.49,0.793,106.079,-179.138,49.774,-160.34
-0.462,-0.156,-0.784,36.804,0.061,87.341,-179.165,49.872,-164.839
-0.429,-0.191,-0.784,29.297,-2.136,71.899,-179.0,50.004,-168.349
-0.45,-0.241,-0.886,23.438,-3.845,58.899,-178.813,50.246,-171.101
-0.394,-0.196,-0.899,5.798,-9.644,57.983,-179.149,50.614,-173.6
-0.669,-0.047,-1.106,-13.184,-29.602,49.133,179.665,51.663,-175.968
-0.371,0.034,-0.912,-10.437,7.08,26.489,178.478,52.141,-177.479
-0.448,0.241,-0.912,-29.297,-14.16,28.87,176.83,52.053,-178.605
-0.517,0.231,-0.958,2.747,15.381,1.77,175.974,52.026,-179.187
-0.386,0.126,-0.895,9.338,19.958,6.714,176.325,50.96,-178.956
-0.281,0.059,-0.827,19.47,18.433,19.958,176.732,49.828,-179.594
-0.303,0.043,-0.743,18.738,-3.784,39.246,177.017,49.34,178.912
-0.429,0.076,-0.736,22.583,-3.54,51.575,176.962,49.334,176.457
-0.397,0.116,-0.77,21.118,1.892,58.777,176.825,49.076,173.661
-0.485,0.142,-0.863,22.156,4.272,54.504,176.578,48.746,170.76
-0.438,0.158,-0.96,22.034,9.888,44.922,176.506,48.159,168.327
-0.339,0.104,-0.993,16.724,5.127,36.926,176.611,47.609,166.415
-0.235,0.118,-0.896,7.324,-18.921,40.955,176.331,47.626,164.427
-0.495,0.152,-1.006,3.235,-36.377,44.739,175.551,48.807,161.971
-0.543,0.232,-0.991,8.911,-24.353,53.284,174.485,50.004,159.148
-0.725,0.184,-0.936,17.517,-37.537,57.8,173.683,51.202,156.0
-0.545,0.014,-0.819,38.33,-2.869,45.044,173.793,51.757,153.237
-0.342,-0.119,-0.786,35.767,3.357,40.466,174.814,51.383,151.364
-0.115,-0.18,-0.901,24.658,-32.288,48.706,175.27,51.828,148.76
-0.426,-0.046,-0.796,5.005,-60.425,35.95,174.798,53.915,145.75
-0.832,0.121,-0.848,21.912,-1.709,30.945,174.694,55.305,143.69
-0.414,-0.002,-0.748,41.748,35.156,38.269,175.754,53.635,141.943
-0.322,-0.099,-0.867,41.077,30.212,35.278,177.16,51.954,140.081
-0.258,-0.147,-0.813,25.574,9.338,31.738,178.237,50.801,138.175
-0.4,-0.156,-0.693,15.198,13.428,30.029,178.786,50.213,136.247
-0.298,-0.108,-0.725,8.728,26.001,39.673,178.995,48.856,134.149
-0.253,-0.033,-0.674,7.874,-4.822,20.569,178.94,48.301,132.045
-0.507,-0.075,-0.721,-0.793,-8.179,-7.324,179.401,48.62,131.506
-0.244,-0.157,-0.755,-0.854,16.663,-17.639,179.962,48.411,131.979
-0.195,-0.093,-0.749,-24.78,-23.132,-7.202,179.846,48.494,132.27
-0.652,0.051,-1.047,-26.733,-41.992,2.502,178.808,50.12,131.924
-0.848,0.139,-1.281,-21.118,-30.334,10.254,177.665,51.932,131.21
-0.772,0.322,-1.287,-7.935,40.222,4.822,176.545,51.74,130.583
-0.185,0.254,-1.185,-2.563,51.086,-18.921,176.77,48.922,131.545
-0.22,0.248,-1.097,-1.404,-6.226,-19.104,177.001,48.164,132.578
-0.478,0.148,-0.958,3.235,-5.005,-23.743,177.341,48.735,133.462
-0.259,0.07,-0.737,-9.46,-7.568,-19.104,177.55,48.713,134.566
-0.477,0.178,-0.734,-15.259,-24.048,-12.39,176.907,49.834,135.011
-0.347,0.171,-0.651,-5.92,9.583,-11.658,176.633,50.021,135.714
-0.272,0.208,-0.626,-1.099,-1.831,7.935,176.32,49.779,135.78
-0.364,0.236,-0.732,16.479,10.132,25.085,175.957,49.625,134.577
-0.231,0.151,-0.736,20.63,0.549,22.339,176.188,49.016,133.391
-0.351,0.12,-0.793,13.611,-17.395,20.325,176.287,49.334,132.056
-0.325,0.093,-0.733,2.319,-19.592,7.507,176.127,50.158,130.995
-0.681,0.147,-1.057,-12.268,-28.687,-11.292,175.77,51.273,130.913
-0.584,0.107,-0.975,-13.184,-3.174,-26.855,175.534,52.152,131.715
-0.814,0.101,-1.392,-14.465,-1.831,-38.452,175.743,52.443,133.539
-0.513,0.081,-1.162,-4.822,33.569,-33.386,176.166,52.13,135.445
-0.38,-0.021,-1.032,-9.338,2.808,-29.785,176.808,51.301,137.247
-0.493,0.076,-1.008,-10.01,11.414,-17.639,176.808,51.218,138.214
-0.33,0.072,-0.812,-8.179,-1.099,-8.24,176.781,50.9,138.719
-0.42,0.091,-0.789,-5.798,-6.409,-10.559,176.666,51.196,138.906
-0.446,0.081,-0.736,1.526,-9.033,-17.822,176.951,51.597,139.543
-0.445,0.025,-0.71,11.597,-0.916,-11.292,177.77,51.916,140.323
-0.463,-0.013,-0.764,26.428,2.319,20.752,178.709,51.757,139.845
-0.439,-0.104,-0.759,36.621,17.273,28.625,179.714,51.312,138.148
-0.308,-0.127,-0.745,20.996,13.489,40.466,-179.456,50.345,136.252
-0.332,-0.069,-0.767,9.521,-2.258,44.556,-179.539,50.015,133.522
-0.314,-0.003,-0.707,10.864,-6.836,34.241,-179.857,50.273,130.963
-0.353,0.0,-0.736,-0.305,-24.597,29.175,179.907,50.74,128.914
-0.664,0.089,-0.954,1.77,-15.32,18.066,179.335,51.938,127.145
-0.502,0.069,-0.893,-5.005,-4.761,11.536,179.083,52.224,126.194
-0.768,0.245,-1.202,-2.808,10.925,20.691,178.363,52.119,125.079
-0.498,0.155,-1.171,13.0,39.429,17.883,178.259,50.823,123.975
-0.21,0.157,-1.101,9.094,24.902,22.278,178.297,48.961,122.789
-0.261,0.094,-0.98,12.573,-6.653,-0.549,178.528,48.593,121.932
-0.434,0.023,-0.925,2.502,-11.658,-16.907,179.072,49.087,122.256
-0.42,0.034,-0.878,-5.615,-2.441,-14.954,179.253,49.334,122.778
-0.412,0.096,-0.846,-11.475,-6.897,-3.479,178.929,49.499,122.904
-0.388,0.136,-0.797,-6.653,2.869,4.456,178.385,49.625,122.498
-0.238,0.134,-0.729,-4.578,2.441,7.202,177.929,49.323,121.915
-0.263,0.147,-0.694,-0.183,-6.531,8.484,177.479,49.477,121.163
-0.339,0.164,-0.748,-4.578,-17.578,12.268,176.968,49.867,120.3
-0.384,0.22,-0.756,-2.441,-3.113,7.263,176.27,50.328,119.328
-0.251,0.206,-0.718,-0.732,-8.484,-7.202,176.017,50.411,119.163
-0.299,0.157,-0.694,-0.549,-27.527,-12.024,175.968,51.284,119.388
-0.613,0.133,-0.954,-3.357,-41.687,-17.578,175.979,52.927,119.784
-0.82,0.114,-1.16,-0.671,-16.357,-21.301,176.111,54.662,120.383
-0.511,0.096,-1.037,-0.854,-8.301,-24.536,176.567,55.195,121.377
-0.9,0.101,-1.081,2.014,-19.775,-22.522,177.089,56.618,122.311
-0.556,-0.05,-0.997,14.771,34.058,-39.368,178.627,56.052,123.92
-0.31,-0.076,-0.909,1.526,7.202,-19.714,-179.923,55.091,125.469
-0.347,-0.054,-0.75,-3.113,-17.395,-8.911,-179.648,55.459,125.607
-0.469,0.007,-0.707,-7.751,-25.269,-8.362,-179.659,56.42,125.607
-0.611,-0.062,-0.708,4.578,-12.695,-20.02,-179.187,57.442,125.958
-0.657,-0.132,-0.774,5.188,2.441,-26.733,-177.984,57.502,127.073
-0.675,-0.186,-0.834,8.423,8.301,-26.184,-176.517,57.338,128.326
-0.492,-0.183,-0.758,-1.831,11.475,-0.977,-175.704,56.81,128.628
-0.567,-0.057,-0.771,-0.122,13.794,12.146,-175.99,56.464,127.524
-0.421,-0.129,-0.76,1.099,32.593,0.549,-175.809,55.157,126.815
-0.364,-0.07,-0.73,-2.625,17.822,-5.005,-175.726,54.053,126.398
-0.33,-0.092,-0.641,1.282,7.629,-20.813,-175.281,53.432,126.645
-0.265,-0.088,-0.568,-4.456,-1.099,-9.155,-174.727,53.163,127.123
-0.341,-0.037,-0.61,-1.77,-24.719,-2.136,-174.661,53.723,126.92
-0.587,-0.146,-0.749,-12.634,-33.203,-5.737,-174.551,55.201,126.892
-0.724,-0.026,-0.902,-26.55,-25.574,-17.029,-175.155,56.711,127.134
-0.958,0.152,-1.184,-36.438,2.197,-30.396,-175.836,57.327,128.518
-0.825,0.237,-1.166,-24.536,34.241,-23.987,-176.616,56.618,130.04
-0.555,0.216,-1.108,-8.911,47.913,-28.564,-176.858,54.487,131.545
-0.419,0.114,-1.031,7.08,37.231,-33.386,-176.199,52.399,133.292
-0.365,-0.014,-0.907,9.583,16.846,-31.067,-175.122,51.136,135.011
-0.37,-0.039,-0.8,7.08,15.381,-15.503,-174.375,50.411,136.11
-0.3,-0.03,-0.694,3.967,3.54,0.244,-174.144,49.927,136.236
-0.303,0.01,-0.651,1.831,8.301,12.39,-174.342,49.713,135.648
-0.317,0.045,-0.688,2.93,2.747,20.691,-174.743,49.477,134.55
-0.373,0.046,-0.754,7.507,1.709,25.513,-175.172,49.427,133.088
-0.303,0.042,-0.766,2.197,-11.902,29.968,-175.616,49.636,131.572
-0.428,0.036,-0.978,5.066,-19.714,28.198,-176.265,50.438,129.776
-0.731,0.046,-1.11,10.315,-29.358,24.597,-176.71,51.79,128.167
-0.349,-0.112,-0.863,15.137,4.456,12.817,-176.539,52.295,126.909
-0.801,-0.098,-0.94,8.606,-17.09,2.197,-176.254,52.987,126.233
-0.369,-0.102,-0.963,9.033,36.743,4.028,-175.913,51.888,125.684
-0.334,-0.09,-1.01,15.32,1.404,17.09,-175.408,51.075,124.843
-0.487,-0.096,-0.876,21.057,3.845,44.128,-175.254,50.988,122.624
-0.467,-0.085,-0.798,28.87,5.066,56.335,-175.122,50.768,119.432
-0.541,-0.038,-0.831,36.316,14.16,69.397,-175.029,50.51,115.378
-0.411,-0.119,-0.771,48.401,27.039,52.307,-174.232,49.526,111.495
-0.311,-0.233,-0.751,39.856,20.935,27.588,-172.733,48.554,108.798
-0.292,-0.278,-0.764,14.709,6.287,-1.221,-171.623,48.021,107.309
-0.352,-0.328,-0.795,-9.583,1.587,-37.72,-170.766,47.681,107.71
-0.316,-0.213,-0.71,-29.236,-0.977,-46.936,-170.7,47.351,109.094
-0.264,-0.125,-0.683,-29.785,-2.441,-46.448,-170.958,47.054,110.671
-0.28,-0.116,-0.609,-32.898,-9.277,-32.471,-171.431,47.175,112.011
-0.417,-0.035,-0.838,-29.236,-11.963,-14.465,-172.392,47.549,112.478
-0.449,-0.043,-1.054,-16.296,13.245,-18.188,-173.068,47.516,112.906
-0.396,-0.056,-1.258,-23.499,-11.475,-30.64,-173.469,47.252,113.89
-0.781,0.068,-1.265,-20.02,18.616,-45.41,-173.886,47.867,115.911
-0.238,0.061,-1.088,-23.254,43.03,-37.72,-174.298,45.434,118.065
-0.365,0.022,-1.143,-14.343,10.742,-45.166,-174.622,44.324,120.201
-0.241,0.036,-0.902,-21.973,9.888,-43.945,-174.858,43.654,122.646
-0.34,0.063,-0.849,-18.555,-1.892,-44.434,-175.259,43.456,125.013
-0.249,0.063,-0.802,-18.005,11.169,-40.344,-175.54,43.077,127.474
-0.27,0.096,-0.861,-10.742,15.564,-33.997,-175.847,42.418,129.507
-0.121,0.086,-0.812,-6.104,3.662,-36.804,-175.858,41.759,131.572
-0.362,0.047,-0.856,0.0,-9.399,-31.372,-175.633,42.05,133.456
-0.342,0.015,-0.823,1.282,10.254,-33.203,-175.226,41.819,135.417
-0.25,-0.002,-0.815,7.629,5.188,-19.775,-174.781,41.391,137.021
-0.303,-0.015,-0.851,6.958,2.258,-10.437,-174.353,41.314,138.038
-0.186,-0.064,-0.766,10.132,-8.667,-5.188,-173.853,41.418,138.702
-0.563,-0.048,-1.073,7.935,-17.151,3.052,-173.54,42.385,138.977
-0.291,-0.134,-0.985,14.221,13.123,-5.798,-172.947,42.204,139.449
-0.347,-0.181,-1.159,15.259,-4.028,-5.92,-172.161,41.995,139.9
-0.309,-0.265,-1.039,-0.488,23.682,-5.432,-171.398,41.874,140.576
-0.22,-0.085,-1.184,1.526,15.747,15.015,-171.65,40.655,140.054
-0.199,-0.125,-1.128,0.488,31.006,16.907,-171.733,39.688,139.081
-0.0,-0.132,-0.925,8.972,10.742,3.54,-171.601,38.441,138.384
-0.214,-0.156,-0.843,1.709,-15.747,1.892,-171.299,38.611,138.098
-0.288,-0.167,-0.86,-1.648,4.761,-0.183,-171.222,38.848,137.906
-0.174,-0.134,-0.864,-5.31,9.521,-0.793,-171.343,38.342,137.807
-0.171,-0.11,-0.918,-7.812,7.507,-1.221,-171.623,37.897,137.653
-0.152,-0.107,-0.906,-3.662,2.075,-9.583,-171.738,37.568,137.906
-0.18,-0.155,-0.86,-4.7,-3.54,-6.775,-171.744,37.557,138.219
-0.164,-0.119,-0.839,-4.639,-5.798,-6.897,-171.865,37.639,138.516
-0.159,-0.147,-0.719,-5.493,-15.564,-7.751,-171.876,38.194,138.906
-0.268,-0.128,-0.726,-7.874,-25.452,-7.141,-172.002,39.205,139.362
-0.217,-0.068,-0.731,-10.071,-2.808,2.136,-172.348,39.787,139.675
-0.249,-0.103,-0.942,-5.31,-23.01,-2.136,-172.54,40.435,139.938
-0.457,-0.072,-1.126,-5.92,9.216,-1.038,-172.738,41.149,140.515
-0.358,0.029,-1.239,-12.329,-12.756,18.616,-173.271,40.908,140.537
-0.502,0.0,-1.241,-1.343,26.978,7.446,-173.771,41.358,140.334
-0.094,0.03,-1.109,1.648,8.423,10.498,-174.029,39.974,140.35
-0.422,-0.042,-1.09,-2.686,2.258,4.517,-174.177,40.221,140.312
-0.191,0.03,-0.958,-3.174,19.47,-2.014,-174.54,39.397,140.652
-0.264,-0.051,-0.888,-0.183,-2.686,-10.254,-174.551,39.067,141.389
-0.219,-0.022,-0.802,-6.287,4.578,-5.31,-174.699,38.99,142.202
-0.254,-0.008,-0.814,-6.836,1.221,-0.732,-175.029,38.952,142.734
-0.169,0.032,-0.82,-9.094,8.728,3.967,-175.523,38.639,143.02
-0.224,0.064,-0.88,-10.437,6.958,9.888,-176.177,38.309,143.031
-0.135,0.118,-0.85,-8.484,5.371,12.268,-176.94,37.903,142.778
-0.223,0.132,-0.842,-2.869,-14.954,10.681,-177.457,38.183,142.597
-0.308,0.125,-0.879,2.93,1.465,7.202,-177.737,38.584,142.57
-0.153,0.06,-0.85,12.817,-9.338,6.714,-177.556,38.606,142.734
-0.335,0.047,-1.069,9.705,-11.23,18.494,-177.374,39.287,142.421
-0.254,-0.071,-1.02,6.958,4.639,15.686,-176.984,39.716,142.191
-0.233,0.027,-1.193,14.221,-9.644,11.047,-176.929,39.578,141.592
-0.426,-0.138,-1.15,6.958,13.123,-11.169,-176.193,39.979,142.152
-0.135,-0.062,-1.087,7.568,19.226,-6.348,-175.825,38.82,142.85
-0.184,-0.107,-0.98,5.92,6.104,-5.127,-175.358,38.293,143.273
-0.238,-0.117,-0.953,6.47,2.93,-8.911,-174.897,38.04,143.723
-0.168,-0.122,-0.897,3.418,13.55,-9.094,-174.49,37.551,144.283
-0.171,-0.142,-0.886,3.54,-3.418,-9.216,-174.117,37.205,144.849
-0.192,-0.145,-0.863,1.77,2.747,-7.202,-173.804,37.211,145.322
-0.208,-0.177,-0.84,-1.587,-7.263,-16.052,-173.518,37.249,145.997
-0.173,-0.097,-0.849,-8.728,0.366,-10.62,-173.54,37.299,146.799
-0.181,-0.113,-0.815,-4.089,-9.644,-12.573,-173.513,37.584,147.557
-0.317,-0.108,-0.875,-2.197,-10.071,-12.024,-173.425,38.123,148.425
-0.166,-0.078,-0.833,-2.991,8.362,-0.122,-173.403,37.969,149.052
-0.108,-0.109,-0.831,0.977,-17.822,-2.136,-173.276,38.293,149.354
-0.482,-0.079,-1.059,1.77,-23.926,-7.385,-173.106,39.457,149.919
-0.303,-0.11,-0.966,-1.221,16.357,1.465,-172.925,39.551,150.677
-0.456,0.024,-1.209,7.568,-30.823,14.343,-173.183,39.622,150.309
-0.334,-0.077,-1.059,0.0,40.833,5.92,-172.936,39.716,150.463
-0.149,-0.013,-1.024,-5.981,-5.371,-2.014,-173.216,38.661,150.551
-0.426,-0.003,-1.068,-18.25,24.475,-42.236,-173.633,38.507,151.996
-0.08,0.019,-1.053,-20.081,17.822,-56.885,-174.084,36.974,155.001
-0.176,0.028,-0.989,-14.099,-0.732,-37.476,-174.556,36.584,157.654
-0.179,-0.01,-0.894,-5.249,-6.897,-24.597,-174.738,36.645,159.456
-0.216,0.0,-0.786,0.366,-6.653,-6.287,-174.771,36.98,160.499
-0.229,-0.002,-0.752,4.15,-1.587,7.08,-174.71,37.233,160.807
-0.228,-0.003,-0.812,4.028,3.418,21.851,-174.765,37.183,160.345
-0.197,0.061,-0.838,6.47,8.789,33.569,-174.985,36.947,159.241
-0.175,0.017,-0.845,8.911,-6.775,30.701,-174.979,37.024,157.912
-0.233,0.012,-0.83,14.465,-6.775,26.245,-174.853,37.513,156.852
-0.322,-0.023,-1.033,12.024,-18.372,30.579,-174.622,38.123,155.748
-0.485,-0.1,-1.154,10.376,9.46,23.254,-174.413,38.694,154.786
-0.056,-0.086,-1.009,11.353,21.24,21.118,-174.232,37.837,154.078
-0.312,-0.233,-1.115,13.794,-4.089,-1.221,-173.677,37.705,153.655
-0.099,-0.12,-1.047,-1.648,23.56,-0.549,-173.595,36.782,153.869
-0.109,-0.145,-0.968,-3.052,4.395,1.892,-173.578,36.112,153.792
-0.17,-0.117,-0.943,-1.282,5.676,1.404,-173.655,35.865,153.633
-0.055,-0.113,-0.887,-4.089,0.61,4.578,-173.699,35.497,153.413
-0.147,-0.111,-0.826,-0.366,-8.362,4.883,-173.76,35.706,153.034
-0.128,-0.08,-0.835,-1.282,0.183,4.822,-173.765,35.799,152.704
-0.044,-0.125,-0.733,3.296,-11.169,0.305,-173.595,35.914,152.551
-0.253,-0.111,-0.884,-1.648,-10.498,0.732,-173.469,36.464,152.424
-0.121,-0.126,-0.862,3.418,0.549,-2.625,-173.309,36.491,152.452
-0.223,-0.18,-0.903,1.77,-11.536,-8.057,-172.98,36.881,152.759
-0.168,-0.19,-0.964,-2.014,-15.198,-5.615,-172.793,37.222,153.056
-0.387,-0.117,-1.132,-9.094,-21.118,1.77,-172.919,38.254,153.243
-0.393,-0.098,-1.053,-6.409,-0.183,12.939,-173.188,38.892,153.116
-0.197,0.094,-1.081,-5.31,-7.507,30.457,-173.919,38.925,151.996
-0.44,-0.014,-1.051,6.165,-2.625,9.155,-173.969,39.694,151.359
-0.189,0.029,-0.94,4.456,4.7,3.113,-173.941,39.26,151.32
-0.354,-0.025,-0.995,1.282,3.845,-3.357,-173.804,39.364,151.573
-0.161,-0.051,-0.94,4.272,12.512,-13.672,-173.655,38.546,152.221
-0.293,-0.053,-0.956,-7.568,4.7,-13.123,-173.622,38.26,153.094
-0.229,0.01,-0.88,-7.08,13.062,-3.845,-173.99,37.749,153.699
-0.237,0.021,-0.901,-3.967,15.503,-1.587,-174.309,37.123,153.973
-0.109,0.026,-0.851,-0.854,14.526,2.014,-174.534,36.337,154.122
-0.121,0.002,-0.841,2.075,-5.493,7.996,-174.628,36.085,153.962
-0.238,0.037,-0.895,5.432,-1.465,16.357,-174.727,36.436,153.386
-0.175,-0.029,-0.849,7.996,-16.663,13.733,-174.562,36.727,152.814
-0.354,0.01,-0.93,4.272,-8.789,21.79,-174.6,37.59,152.045
-0.241,-0.029,-1.038,10.315,-9.46,14.16,-174.501,37.853,151.359
-0.387,-0.043,-1.169,7.69,-6.714,17.944,-174.326,38.518,150.776
-0.132,-0.129,-1.117,13.428,9.033,4.15,-173.875,38.326,150.37
-0.028,-0.221,-0.902,2.93,-19.47,-0.793,-173.397,38.633,150.403
-0.479,-0.137,-1.082,-9.338,-27.161,3.662,-173.644,40.007,150.183
-0.283,-0.052,-1.006,-6.165,24.414,10.437,-174.111,39.732,149.87
-0.088,-0.094,-0.969,2.136,1.282,13.123,-174.249,39.023,149.194
-0.227,-0.061,-0.952,-7.202,9.888,12.268,-174.463,39.04,148.519
-0.163,-0.018,-0.96,-3.723,3.174,16.174,-174.864,38.551,147.695
-0.216,0.0,-0.966,2.747,11.353,12.451,-175.078,38.293,146.816
-0.1,-0.05,-0.941,9.888,8.118,7.629,-174.853,37.639,146.261
-0.209,-0.11,-0.99,9.949,2.991,2.625,-174.419,37.381,145.827
-0.122,-0.088,-0.983,6.653,5.92,5.554,-174.045,36.969,145.541
-0.198,-0.081,-0.966,7.08,-2.014,8.911,-173.776,36.903,144.921
-0.197,-0.102,-0.937,6.165,2.869,3.113,-173.441,36.821,144.52
-0.216,-0.076,-0.962,4.333,8.484,3.296,-173.249,36.568,144.179
-0.112,-0.075,-0.936,4.578,10.437,0.977,-173.035,35.969,143.965
-0.168,-0.08,-0.937,3.662,0.549,-0.549,-172.82,35.733,143.778
-0.206,-0.098,-0.959,4.028,9.46,-1.282,-172.601,35.469,143.751
-0.102,-0.081,-0.958,-2.502,11.597,2.625,-172.628,34.854,143.498
-0.106,-0.082,-0.976,-2.625,4.028,1.709,-172.727,34.459,143.256
-0.142,-0.054,-0.964,-2.258,-0.366,6.47,-172.903,34.376,142.844
-0.165,-0.038,-0.969,1.099,-0.549,7.141,-173.007,34.382,142.372
-0.174,-0.049,-0.955,2.625,-2.38,9.216,-173.002,34.453,141.861
-0.192,-0.09,-0.969,3.479,0.732,4.395,-172.903,34.519,141.476
-0.167,-0.089,-0.955,-0.305,-1.221,6.775,-172.892,34.53,141.158
-0.204,-0.064,-0.95,-0.793,-3.906,2.563,-172.991,34.7,140.861
-0.247,-0.087,-0.95,2.441,-2.563,2.075,-172.952,34.931,140.768
-0.227,-0.094,-0.951,-0.061,6.897,3.845,-172.93,34.898,140.614
-0.157,-0.104,-0.953,-0.427,5.798,4.028,-172.941,34.618,140.427
-0.173,-0.084,-0.962,-0.305,6.042,3.662,-173.007,34.426,140.125
-0.151,-0.097,-0.964,-0.244,2.93,7.446,-173.024,34.233,139.774
-0.167,-0.094,-0.965,-0.854,1.953,9.888,-173.095,34.167,139.164
-0.169,-0.082,-0.972,-2.258,0.854,10.62,-173.238,34.135,138.505
-0.17,-0.065,-0.966,-2.808,2.136,12.268,-173.436,34.129,137.845
-0.136,-0.043,-0.953,-0.916,1.038,13.489,-173.628,34.069,137.076
-0.173,-0.038,-0.949,4.333,-4.028,15.686,-173.655,34.233,136.296
-0.193,-0.071,-0.956,6.104,0.122,17.456,-173.535,34.376,135.385
-0.188,-0.063,-0.951,4.456,-0.122,18.066,-173.447,34.442,134.462
-0.184,-0.094,-0.951,6.287,1.587,14.526,-173.298,34.47,133.599
-0.195,-0.091,-0.96,3.296,4.089,13.977,-173.194,34.415,132.819
-0.163,-0.086,-0.969,1.343,3.052,13.55,-173.177,34.277,132.078
-0.149,-0.078,-0.959,0.0,0.366,14.954,-173.254,34.233,131.199
-0.172,-0.065,-0.966,-0.244,-1.343,14.771,-173.364,34.338,130.342
-0.178,-0.058,-0.961,-0.122,-3.418,11.841,-173.48,34.492,129.529
-0.202,-0.057,-0.961,0.671,-1.282,11.902,-173.573,34.689,128.848
-0.191,-0.052,-0.95,0.0,-0.671,11.292,-173.683,34.777,128.161
-0.189,-0.055,-0.942,0.122,-0.977,10.376,-173.771,34.854,127.568
-0.209,-0.048,-0.952,1.77,-0.183,13.367,-173.842,34.969,126.876
-0.197,-0.065,-0.955,2.502,2.747,15.442,-173.859,34.969,126.046
-0.182,-0.05,-0.962,2.136,1.16,17.456,-173.925,34.948,125.085
-0.189,-0.059,-0.957,2.441,1.953,17.456,-173.952,34.969,124.135
-0.177,-0.055,-0.949,1.892,0.671,16.418,-174.029,34.969,123.135
