-0.319,-0.124,-0.907,0.793,-0.549,0.854,-170.189,44.198,157.412
-0.344,-0.105,-0.911,0.366,3.235,1.343,-170.195,44.182,157.236
-0.318,-0.132,-0.917,1.343,2.014,-0.122,-170.14,44.044,157.099
-0.32,-0.116,-0.918,0.671,1.709,-1.282,-170.129,43.962,156.967
-0.313,-0.13,-0.913,0.122,-0.183,-0.854,-170.063,43.912,156.923
-0.318,-0.123,-0.913,-0.244,-0.366,-1.343,-170.063,43.912,156.819
-0.333,-0.122,-0.911,-0.427,-1.038,-0.183,-170.052,43.945,156.72
-0.333,-0.125,-0.908,-0.671,-0.183,0.732,-170.068,43.973,156.588
-0.334,-0.114,-0.907,-0.793,-0.366,1.038,-170.129,44.0,156.44
-0.333,-0.115,-0.92,0.183,1.587,0.916,-170.162,43.962,156.313
-0.299,-0.118,-0.911,-2.197,-2.136,1.404,-170.222,43.945,156.171
-0.349,-0.119,-0.898,-0.427,-2.563,-2.441,-170.228,44.099,156.176
-0.356,-0.117,-0.898,0.183,0.122,-0.671,-170.217,44.176,156.182
-0.35,-0.123,-0.909,-0.366,4.333,3.052,-170.228,44.105,156.094
-0.315,-0.113,-0.919,0.244,3.235,4.028,-170.299,43.934,155.874
-0.305,-0.107,-0.922,0.305,3.052,3.601,-170.365,43.819,155.61
-0.312,-0.111,-0.923,0.977,-1.831,1.343,-170.376,43.792,155.352
-0.326,-0.132,-0.907,-1.16,-2.319,-1.953,-170.343,43.885,155.281
-0.342,-0.107,-0.917,0.0,0.305,-3.784,-170.354,43.945,155.363
-0.332,-0.134,-0.911,-0.366,-0.122,-2.136,-170.283,43.912,155.429
-0.336,-0.129,-0.903,-2.136,1.465,-0.793,-170.321,43.874,155.402
-0.351,-0.108,-0.905,-4.517,3.967,1.892,-170.502,43.753,155.292
-0.305,-0.087,-0.912,-1.099,6.104,-2.319,-170.64,43.462,155.264
-0.321,-0.108,-0.925,0.122,4.211,-1.526,-170.618,43.264,155.325
-0.288,-0.125,-0.934,0.0,2.441,-4.333,-170.568,43.072,155.413
-0.322,-0.11,-0.926,-2.258,-1.16,-2.136,-170.59,43.072,155.473
-0.284,-0.103,-0.91,-0.427,1.648,-2.258,-170.612,42.984,155.511
-0.338,-0.114,-0.917,0.732,-0.732,-2.197,-170.574,43.006,155.533
-0.302,-0.103,-0.931,-0.977,6.226,-0.916,-170.557,42.803,155.599
-0.273,-0.118,-0.924,1.709,0.305,-2.563,-170.502,42.61,155.643
-0.303,-0.124,-0.919,0.671,-0.732,-3.235,-170.403,42.621,155.704
-0.315,-0.124,-0.917,1.038,-0.916,-4.395,-170.305,42.627,155.808
-0.327,-0.125,-0.93,-0.671,1.465,-0.366,-170.228,42.61,155.885
-0.269,-0.129,-0.918,0.854,0.732,-1.465,-170.189,42.484,155.83
-0.31,-0.127,-0.925,-1.343,-0.122,-0.854,-170.184,42.523,155.753
-0.289,-0.112,-0.928,-1.892,0.183,-0.305,-170.239,42.484,155.715
-0.287,-0.118,-0.926,-0.671,-0.183,-3.479,-170.261,42.457,155.726
-0.288,-0.111,-0.917,-2.075,-0.977,-4.211,-170.277,42.457,155.852
-0.296,-0.116,-0.923,-1.892,-1.648,-6.104,-170.272,42.473,156.072
-0.303,-0.127,-0.924,-2.136,0.488,-6.104,-170.255,42.446,156.357
-0.294,-0.109,-0.932,-2.38,0.488,-4.944,-170.31,42.374,156.55
-0.287,-0.098,-0.917,-1.16,-1.221,-2.625,-170.338,42.363,156.687
-0.3,-0.102,-0.929,0.854,0.488,-0.61,-170.321,42.369,156.709
-0.298,-0.121,-0.932,0.061,-0.061,-2.136,-170.277,42.341,156.753
-0.285,-0.117,-0.913,-1.587,-2.747,-4.639,-170.272,42.341,156.885
-0.321,-0.102,-0.92,-1.648,-0.549,-3.784,-170.299,42.429,157.077
-0.297,-0.125,-0.924,-1.526,-0.366,-3.662,-170.305,42.413,157.275
-0.318,-0.099,-0.93,-2.014,-1.221,-0.488,-170.403,42.473,157.357
-0.294,-0.109,-0.909,-0.732,-2.258,-1.465,-170.436,42.523,157.445
-0.327,-0.11,-0.921,-0.61,0.305,-1.953,-170.464,42.61,157.566
-0.301,-0.113,-0.918,-1.16,-1.038,-3.052,-170.464,42.583,157.769
-0.317,-0.11,-0.927,-1.709,1.282,-3.784,-170.486,42.594,158.0
-0.299,-0.103,-0.917,-1.587,-0.793,-4.15,-170.513,42.556,158.247
-0.307,-0.115,-0.919,-1.587,0.0,-5.432,-170.519,42.545,158.5
-0.326,-0.092,-0.909,-4.517,-1.282,-7.08,-170.596,42.556,158.862
-0.294,-0.093,-0.922,-3.906,3.601,-10.803,-170.673,42.418,159.384
-0.277,-0.1,-0.932,-3.113,-3.296,-13.306,-170.662,42.38,160.098
-0.299,-0.13,-0.939,-3.174,-3.601,-11.719,-170.601,42.49,160.785
-0.293,-0.138,-0.924,-4.028,-1.953,-9.338,-170.612,42.545,161.329
-0.283,-0.118,-0.921,-6.836,-2.502,-3.723,-170.777,42.583,161.658
-0.316,-0.084,-0.918,-5.798,-5.554,-1.587,-171.035,42.759,161.763
-0.333,-0.072,-0.918,-3.723,-3.662,-1.526,-171.2,42.957,161.96
-0.344,-0.083,-0.917,-2.686,-1.343,-5.005,-171.304,43.088,162.235
-0.323,-0.087,-0.902,-3.479,-2.197,-10.803,-171.359,43.138,162.795
-0.346,-0.072,-0.91,-2.502,-0.122,-11.597,-171.337,43.193,163.592
-0.314,-0.09,-0.921,2.563,4.15,-9.033,-171.2,43.055,164.262
-0.294,-0.104,-0.925,5.554,2.441,-4.7,-170.925,42.869,164.734
-0.301,-0.125,-0.926,5.493,-0.305,-0.793,-170.607,42.803,164.954
-0.313,-0.129,-0.926,3.723,0.793,1.404,-170.37,42.814,165.015
-0.299,-0.114,-0.915,1.709,-1.709,0.977,-170.266,42.825,164.954
-0.331,-0.1,-0.911,0.854,-3.54,-2.319,-170.211,42.984,165.092
-0.324,-0.12,-0.914,2.197,1.038,-8.606,-170.052,42.99,165.515
-0.311,-0.139,-0.922,1.404,2.258,-9.155,-169.81,42.852,166.152
-0.295,-0.142,-0.922,0.366,2.014,-3.479,-169.673,42.709,166.536
-0.285,-0.14,-0.926,0.427,0.427,0.977,-169.645,42.638,166.569
-0.298,-0.153,-0.934,-1.709,1.587,-0.061,-169.667,42.594,166.558
-0.299,-0.114,-0.925,-3.723,-1.953,-0.854,-169.832,42.616,166.558
-0.292,-0.117,-0.911,-1.587,-1.038,-4.395,-169.871,42.621,166.778
-0.32,-0.124,-0.917,-2.197,-1.587,-4.639,-169.893,42.682,167.025
-0.319,-0.111,-0.923,-1.892,0.122,-4.028,-169.931,42.687,167.3
-0.298,-0.13,-0.916,-2.625,0.244,-7.385,-169.931,42.643,167.657
-0.292,-0.135,-0.919,-3.357,1.282,-8.301,-169.942,42.561,168.124
-0.298,-0.139,-0.929,-6.592,-1.038,-10.01,-170.024,42.501,168.651
-0.289,-0.091,-0.922,-8.179,-1.282,-5.066,-170.294,42.495,169.096
-0.311,-0.094,-0.926,-4.883,-1.953,-6.226,-170.48,42.545,169.459
-0.292,-0.099,-0.93,-2.686,-1.709,-7.874,-170.596,42.572,169.81
-0.308,-0.106,-0.932,-5.493,-2.075,-10.681,-170.645,42.594,170.359
-0.302,-0.091,-0.917,-5.615,-5.188,-13.0,-170.728,42.698,171.09
-0.334,-0.096,-0.912,-5.066,-5.859,-15.32,-170.76,42.918,171.958
-0.342,-0.087,-0.916,-3.967,-3.601,-16.724,-170.744,43.055,172.969
-0.323,-0.082,-0.921,-2.808,-2.075,-14.526,-170.678,43.099,173.963
-0.301,-0.111,-0.915,-0.305,-2.563,-18.677,-170.48,43.132,175.007
-0.311,-0.14,-0.913,-2.197,-1.831,-24.292,-170.189,43.132,176.276
-0.28,-0.132,-0.937,-3.235,0.0,-23.56,-169.937,42.957,177.638
-0.267,-0.143,-0.909,-4.456,-7.874,-22.949,-169.733,43.0,178.879
-0.392,-0.147,-0.906,-4.761,-12.268,-24.292,-169.552,43.44,-179.769
-0.371,-0.154,-0.898,-5.981,-0.061,-25.818,-169.365,43.577,-178.237
-0.267,-0.179,-0.846,-4.456,-0.061,-27.71,-169.14,43.38,-176.611
-0.285,-0.234,-0.861,-3.906,-4.578,-31.555,-168.794,43.292,-174.897
-0.382,-0.254,-0.909,-6.226,0.183,-32.166,-168.387,43.231,-172.958
-0.317,-0.309,-0.947,-10.193,10.62,-36.133,-168.08,42.715,-170.936
-0.172,-0.261,-0.929,-20.081,7.141,-45.227,-168.069,41.885,-168.591
-0.172,-0.248,-0.884,-25.085,-19.897,-60.425,-168.206,41.715,-165.712
-0.316,-0.233,-0.867,-28.259,-22.827,-73.364,-168.234,42.226,-161.884
-0.309,-0.236,-0.914,-31.189,-10.498,-82.458,-168.228,42.286,-157.44
-0.229,-0.25,-0.908,-32.349,-10.01,-96.924,-168.157,41.995,-152.331
-0.321,-0.224,-0.955,-36.499,-19.592,-101.013,-168.151,41.99,-146.794
-0.351,-0.169,-1.021,-34.302,-12.512,-106.873,-168.129,41.776,-140.993
-0.361,-0.196,-0.961,-33.569,-7.507,-107.117,-167.91,41.534,-134.956
-0.271,-0.035,-0.892,-39.429,-12.207,-85.754,-168.376,41.188,-129.93
-0.375,-0.023,-0.868,-34.363,-19.47,-97.839,-168.805,41.49,-125.057
-0.454,-0.025,-0.959,-37.17,-5.432,-100.586,-169.069,41.44,-119.718
-0.287,-0.014,-0.954,-33.508,5.798,-96.497,-169.557,40.803,-114.824
-0.227,-0.019,-0.9,-35.217,-13.916,-92.896,-170.024,40.507,-110.11
-0.317,-0.001,-0.899,-35.217,-22.949,-90.271,-170.596,40.941,-105.584
-0.394,-0.019,-0.89,-36.316,-19.226,-97.595,-171.085,41.578,-100.964
-0.392,-0.025,-0.878,-37.415,-15.381,-104.553,-171.464,41.979,-95.9
-0.401,-0.025,-0.914,-39.062,-17.517,-94.604,-171.854,42.418,-90.857
-0.46,0.021,-0.905,-27.527,-20.63,-70.374,-172.31,43.176,-86.814
-0.475,-0.059,-0.919,-21.912,-10.437,-62.378,-172.436,43.852,-83.705
-0.378,-0.033,-0.884,-21.24,-10.254,-51.147,-172.612,44.22,-81.013
-0.416,-0.025,-0.893,-16.357,-19.714,-32.471,-172.848,44.951,-79.162
-0.513,-0.009,-0.873,-5.005,-11.108,-10.071,-173.018,45.906,-78.382
-0.292,-0.004,-0.83,4.883,-14.465,-10.498,-172.908,46.483,-78.272
-0.429,-0.083,-0.836,14.038,-26.062,-17.578,-172.101,47.659,-77.706
-0.445,-0.161,-0.848,4.517,-9.583,-19.836,-171.222,48.428,-76.789
-0.397,-0.192,-0.861,-4.517,-3.479,-10.742,-170.947,48.691,-76.179
-0.378,-0.179,-0.877,-12.207,-0.732,-10.742,-171.14,48.697,-75.707
-0.405,-0.203,-0.928,-13.977,-5.92,-20.142,-171.288,48.735,-74.822
-0.457,-0.178,-0.904,-17.029,-4.639,-25.94,-171.398,48.917,-73.493
-0.426,-0.134,-0.886,-21.606,-4.578,-33.02,-171.535,48.983,-71.856
-0.446,-0.102,-0.893,-24.475,5.127,-39.795,-171.744,48.856,-69.917
-0.375,-0.088,-0.888,-24.658,5.371,-49.866,-171.914,48.323,-67.632
-0.404,-0.092,-0.878,-20.752,0.0,-54.871,-171.876,48.027,-64.973
-0.378,-0.196,-0.854,-21.118,-2.686,-62.256,-171.513,47.763,-61.968
-0.463,-0.172,-0.843,-28.076,-8.362,-61.157,-171.354,47.785,-58.788
-0.502,-0.139,-0.856,-25.94,-0.977,-57.068,-171.315,47.785,-55.728
-0.451,-0.184,-0.831,-24.292,0.244,-55.847,-171.227,47.604,-52.987
-0.444,-0.187,-0.811,-29.236,-4.761,-53.101,-171.26,47.565,-50.246
-0.514,-0.198,-0.845,-35.339,-4.333,-55.664,-171.562,47.686,-47.554
-0.436,-0.14,-0.853,-37.842,-1.892,-52.063,-172.051,47.631,-44.819
-0.421,-0.11,-0.853,-33.875,-11.78,-48.34,-172.606,47.889,-42.424
-0.578,-0.111,-0.893,-29.602,-9.338,-45.044,-172.963,48.516,-40.139
-0.376,-0.084,-0.861,-24.902,7.446,-27.588,-173.342,48.274,-38.584
-0.429,0.013,-0.949,-27.344,2.808,-17.395,-174.144,48.098,-37.848
-0.338,0.083,-0.929,-15.564,21.301,-8.606,-174.952,47.499,-37.678
-0.241,0.102,-0.888,-12.756,7.019,8.118,-175.666,46.659,-38.112
-0.492,0.208,-0.934,-1.709,1.526,41.016,-176.726,46.675,-39.93
-0.349,0.135,-0.946,25.146,28.931,50.598,-177.297,45.961,-43.165
-0.112,0.019,-0.934,29.297,20.874,43.762,-176.995,44.654,-46.324
-0.102,-0.035,-0.879,11.108,-8.484,29.114,-176.743,44.231,-48.598
-0.312,0.059,-0.816,-3.723,-18.86,17.883,-177.166,44.912,-50.004
-0.445,0.112,-0.917,-7.629,-8.606,14.099,-177.808,45.428,-51.053
-0.33,0.149,-0.911,-5.615,13.794,6.836,-178.533,45.231,-52.042
-0.262,0.142,-0.869,-4.395,0.671,-2.258,-178.929,44.868,-52.476
-0.297,0.139,-0.9,1.77,1.221,0.427,-179.154,44.852,-52.861
-0.232,0.089,-0.858,5.859,-3.235,4.944,-179.182,44.813,-53.509
-0.202,0.082,-0.777,0.0,-17.578,7.202,-179.335,45.247,-54.24
-0.384,0.124,-0.845,0.122,-16.174,6.47,-179.725,46.17,-55.025
-0.224,0.091,-0.782,0.671,-10.681,5.737,-179.907,46.522,-55.684
-0.332,0.114,-0.815,-1.831,-29.968,8.423,179.665,47.56,-56.547
-0.43,0.125,-0.868,-1.953,-28.381,6.287,179.203,48.972,-57.382
-0.508,0.124,-0.884,-2.014,-43.518,11.169,178.731,50.669,-58.321
-0.617,0.114,-0.971,2.625,-23.865,9.338,178.182,52.553,-59.557
-0.787,0.044,-1.045,3.052,-21.79,-3.235,178.226,53.707,-60.062
-0.496,-0.09,-1.017,10.132,9.46,-22.583,178.929,53.849,-59.612
-0.447,-0.116,-0.953,-10.681,-17.944,-9.46,179.648,54.042,-58.519
-0.548,0.058,-0.877,-14.954,-18.066,6.958,178.918,55.02,-58.651
-0.474,0.067,-0.728,-9.766,-19.104,0.916,178.319,55.805,-58.947
-0.643,0.104,-0.744,-2.93,-14.221,0.916,177.929,56.75,-59.227
-0.609,0.06,-0.783,12.024,15.32,-4.395,178.314,56.656,-59.293
-0.409,-0.052,-0.721,14.648,16.357,-3.784,179.22,55.86,-59.205
-0.413,-0.126,-0.797,4.333,17.761,-6.592,179.929,55.157,-58.936
-0.27,-0.106,-0.737,-8.728,5.798,-5.615,-179.841,54.476,-58.414
-0.486,-0.004,-0.756,-16.052,-21.545,-3.662,179.736,55.085,-58.068
-0.517,0.051,-0.676,-6.226,-18.86,-4.089,179.462,55.992,-57.788
-0.645,0.001,-0.709,-0.732,-13.0,-4.395,179.539,56.992,-57.667
-0.476,-0.042,-0.678,-4.211,1.465,-0.549,179.659,57.118,-57.574
-0.507,-0.031,-0.73,-12.817,-13.367,-5.554,179.467,57.568,-57.415
-0.659,0.049,-0.826,-16.418,-18.372,2.014,178.918,58.398,-57.327
-0.741,0.137,-0.916,-6.714,-2.197,3.357,178.132,59.2,-57.799
-0.848,0.131,-1.053,-4.761,-16.418,-0.305,178.105,59.183,-57.838
-0.835,0.198,-1.093,-9.827,28.564,14.404,177.402,59.348,-58.557
-0.463,0.226,-0.989,-15.015,29.663,12.634,176.375,57.678,-59.496
-0.446,0.289,-0.892,-13.123,-2.991,-0.183,175.38,56.953,-60.095
-0.565,0.242,-0.787,-10.925,-2.441,-15.747,174.847,57.272,-60.04
-0.571,0.247,-0.73,-11.658,5.249,-19.043,174.65,57.316,-59.387
-0.499,0.277,-0.738,-5.066,20.325,-14.954,174.6,56.761,-58.799
-0.388,0.254,-0.706,2.197,16.418,-12.329,174.781,55.97,-58.458
-0.371,0.221,-0.67,5.737,16.846,-12.756,175.144,55.344,-58.195
-0.23,0.211,-0.625,3.845,17.456,-4.211,175.358,54.481,-58.2
-0.284,0.204,-0.622,6.042,-3.235,5.92,175.226,54.201,-58.826
-0.313,0.203,-0.602,7.751,-21.301,12.146,174.798,54.619,-60.194
-0.497,0.154,-0.652,16.907,-24.902,4.761,174.847,55.876,-61.298
-0.503,0.126,-0.863,14.893,-15.503,21.179,174.886,56.481,-62.688
-0.786,0.058,-1.116,17.7,-20.325,29.907,174.655,57.277,-64.698
-0.761,-0.001,-1.069,22.156,-13.855,26.611,174.54,58.145,-66.709
-0.923,-0.099,-1.139,24.292,6.104,8.362,175.248,58.519,-67.714
-0.652,-0.111,-1.106,16.541,27.771,4.211,176.385,57.541,-67.659
-0.443,-0.131,-1.083,7.019,21.606,2.93,177.166,56.277,-67.44
-0.429,-0.05,-0.934,1.587,4.822,3.906,177.539,55.657,-67.121
-0.529,-0.021,-0.838,2.563,-6.409,11.658,177.682,55.673,-67.17
-0.448,-0.037,-0.721,2.686,-4.944,9.766,177.748,55.822,-67.495
-0.496,-0.005,-0.701,-0.61,-4.761,5.859,177.72,56.074,-67.703
-0.449,-0.046,-0.666,-0.183,-3.967,-6.653,177.99,56.234,-67.357
-0.446,-0.046,-0.639,-3.296,-10.864,-13.184,178.391,56.755,-66.517
-0.558,-0.01,-0.657,-5.249,-8.484,-9.216,178.682,57.393,-65.676
-0.51,-0.013,-0.655,1.465,4.15,-6.104,179.028,57.513,-65.105
-0.44,-0.026,-0.651,0.977,1.038,-3.052,179.374,57.458,-64.731
-0.491,-0.036,-0.675,0.793,-10.681,-10.437,179.775,57.887,-64.193
-0.503,-0.073,-0.718,-4.639,-13.245,-13.672,-179.703,58.508,-63.248
-0.882,0.003,-0.998,-11.963,-16.846,-15.198,-179.61,59.678,-62.303
-0.972,0.092,-1.168,-16.113,-2.991,-12.024,-179.637,59.974,-61.282
-0.716,0.1,-1.123,-9.216,46.021,-7.324,-179.923,59.2,-60.727
-0.283,0.12,-1.04,-18.433,17.822,-8.057,179.681,57.31,-60.233
-0.439,0.141,-0.888,-17.334,-16.663,-19.348,179.182,57.415,-59.425
-0.533,0.139,-0.744,-18.738,-19.592,-18.433,178.781,58.244,-58.392
-0.594,0.179,-0.742,-15.93,-8.728,-12.939,178.226,59.013,-57.7
-0.528,0.163,-0.714,-9.033,4.517,-7.874,177.83,59.057,-57.321
-0.516,0.182,-0.734,-5.798,7.996,-1.221,177.435,58.799,-57.354
-0.406,0.164,-0.709,0.061,14.16,1.099,177.193,58.184,-57.579
-0.496,0.207,-0.791,4.028,-0.122,6.47,176.852,57.859,-58.222
-0.428,0.15,-0.76,7.996,14.099,6.714,176.885,57.464,-58.799
-0.394,0.188,-0.693,0.244,-19.287,17.761,176.385,57.448,-59.886
-0.555,0.228,-0.695,-0.122,-21.912,17.822,175.441,58.486,-61.474
-0.54,0.21,-0.648,10.254,-12.085,-2.38,175.155,59.183,-62.364
-0.545,0.136,-0.661,10.01,-16.113,-11.414,175.743,59.963,-62.271
-0.621,0.104,-0.723,7.996,2.197,-23.926,176.561,60.485,-61.551
-0.498,0.084,-0.822,-5.493,-12.207,-27.344,177.567,60.557,-60.002
-0.945,0.036,-0.995,-9.338,-11.963,-32.349,177.918,61.738,-58.661
-0.414,-0.068,-0.767,-20.264,3.174,-46.57,178.792,61.738,-56.091
-1.061,0.038,-0.988,-28.198,-28.015,-25.94,178.879,62.946,-53.839
-0.708,-0.01,-0.959,1.77,31.433,-26.794,179.319,62.463,-52.213
-0.519,-0.1,-0.896,4.761,13.672,-2.747,-179.714,61.342,-51.097
-0.51,-0.04,-0.78,2.502,-1.709,20.813,-179.841,61.007,-51.636
-0.548,0.007,-0.692,6.165,-5.249,25.696,179.632,61.095,-52.96
-0.631,0.009,-0.717,11.78,-1.404,21.24,179.286,61.271,-54.355
-0.598,-0.038,-0.709,14.404,10.559,13.977,179.511,60.98,-55.217
-0.568,-0.069,-0.733,11.719,11.475,6.226,179.94,60.408,-55.69
-0.508,-0.078,-0.803,8.667,18.616,-5.798,-179.335,59.711,-55.371
-0.522,-0.105,-0.802,6.165,6.226,-7.629,-178.489,59.134,-54.651
-0.556,-0.094,-0.768,-0.366,6.958,-3.845,-178.017,58.881,-54.075
-0.507,-0.059,-0.737,-4.15,12.024,0.977,-177.88,58.37,-53.74
-0.497,-0.02,-0.69,-5.249,10.254,0.305,-178.039,57.925,-53.657
-0.383,-0.031,-0.63,-4.822,10.864,-6.714,-177.99,57.382,-53.251
-0.45,-0.032,-0.63,-8.362,-7.019,-18.127,-177.874,57.458,-52.427
-0.452,-0.075,-0.626,-4.395,-11.353,-30.457,-177.215,57.931,-50.768
-0.61,-0.102,-0.772,-9.888,-23.987,-18.066,-176.528,58.799,-49.076
-0.937,0.004,-0.953,-8.179,-5.188,-1.831,-176.539,59.843,-48.351
-0.886,0.027,-1.155,2.991,18.677,10.437,-176.594,59.073,-48.56
-0.745,0.029,-1.176,6.165,55.298,11.414,-176.732,57.645,-49.362
-0.364,0.104,-1.113,0.0,53.65,15.991,-177.083,54.871,-50.229
-0.328,0.067,-1.053,5.554,17.151,-4.333,-177.27,53.053,-50.696
-0.351,-0.011,-0.875,-5.554,-1.77,-11.23,-177.034,52.652,-50.065
-0.424,0.048,-0.782,-17.334,-17.822,-2.93,-177.583,53.124,-49.631
-0.6,0.12,-0.79,-15.747,-7.385,-3.784,-178.462,53.773,-49.493
-0.496,0.162,-0.784,-8.85,13.367,0.793,-179.138,53.443,-49.559
-0.381,0.161,-0.763,0.61,15.198,3.784,-179.517,52.767,-49.916
-0.363,0.138,-0.786,4.333,5.859,9.338,-179.72,52.273,-50.493
-0.33,0.122,-0.759,4.211,7.69,12.207,179.989,51.905,-51.35
-0.381,0.158,-0.776,2.075,-7.69,13.123,179.555,51.828,-52.245
-0.444,0.14,-0.752,6.042,-4.944,5.798,179.33,52.163,-52.971
-0.479,0.091,-0.733,10.315,-10.498,-5.31,179.533,52.52,-53.163
-0.487,0.018,-0.749,5.737,-1.709,-3.357,179.984,52.927,-53.009
-0.375,0.043,-0.769,0.488,-7.019,4.761,179.989,53.042,-53.157
-0.765,0.097,-1.009,2.197,-16.296,7.996,179.736,53.828,-53.63
-0.531,0.038,-0.924,13.306,23.132,-3.967,179.973,53.712,-53.866
-0.479,-0.068,-0.95,16.113,6.104,-7.568,-179.088,53.113,-53.448
-0.597,-0.155,-1.069,8.423,7.202,-7.507,-178.154,52.729,-52.872
-0.586,-0.124,-1.133,0.183,32.349,0.61,-177.753,51.899,-52.443
-0.273,-0.129,-0.983,-2.502,33.447,11.475,-177.808,50.092,-52.564
-0.277,-0.059,-0.878,-13.855,3.418,19.714,-178.495,49.296,-53.157
-0.481,0.025,-0.859,-13.794,8.667,26.611,-179.561,49.059,-54.075
-0.362,0.079,-0.861,-3.174,14.954,29.602,179.5,48.214,-55.421
-0.424,0.037,-0.85,8.545,17.822,26.367,179.242,47.422,-56.662
-0.333,0.07,-0.829,18.127,24.048,27.283,179.445,46.313,-57.876
-0.146,0.052,-0.837,36.255,19.653,24.78,-179.626,45.071,-59.156
-0.223,-0.094,-0.8,36.499,-9.033,7.69,-178.028,44.934,-59.755
-0.349,-0.227,-0.742,17.273,-11.536,-12.146,-176.407,45.368,-59.139
-0.474,-0.199,-0.696,-2.686,6.775,-13.489,-175.699,45.687,-58.123
-0.211,-0.21,-0.622,-16.052,17.822,-21.118,-175.507,44.912,-56.788
-0.203,-0.082,-0.747,-28.992,-7.446,-9.216,-176.149,44.742,-55.558
-0.362,0.0,-0.991,-21.24,-17.517,-0.183,-177.078,45.428,-54.921
-0.553,0.067,-1.269,-12.573,3.906,9.949,-177.94,46.148,-54.926
-0.497,0.162,-1.323,-5.371,11.658,27.161,-178.731,45.577,-55.789
-0.135,0.129,-1.243,-0.916,39.795,26.123,-179.264,44.028,-57.057
-0.032,0.179,-1.189,1.16,-7.08,5.127,-179.742,42.951,-57.865
-0.225,0.039,-0.947,-4.15,-38.635,-23.132,-179.572,44.055,-56.931
-0.44,0.042,-0.782,-14.587,-43.335,-21.545,-179.775,46.055,-55.58
-0.639,0.124,-0.805,-16.907,-12.634,-15.991,179.643,47.406,-54.662
-0.471,0.163,-0.784,-6.653,26.672,-14.282,179.39,46.857,-53.86
-0.316,0.182,-0.795,0.732,29.968,-1.953,179.286,45.516,-53.657
-0.271,0.132,-0.837,6.592,25.208,-2.869,179.418,44.324,-53.707
-0.111,0.113,-0.824,6.47,20.142,-2.502,179.665,43.209,-53.624
-0.199,0.125,-0.845,8.118,3.357,3.357,179.813,42.737,-53.74
-0.153,0.084,-0.785,6.958,-5.493,5.066,179.995,42.473,-54.009
-0.314,0.099,-0.732,4.15,-27.405,7.629,179.973,43.319,-54.404
-0.387,0.125,-0.707,3.479,-13.428,10.986,179.819,44.368,-54.987
-0.333,0.109,-0.836,7.019,-17.029,7.751,179.698,45.005,-55.717
-0.644,0.061,-1.097,13.367,-0.061,-3.418,179.989,45.764,-55.997
-0.222,-0.079,-0.945,19.043,21.729,-15.137,-179.088,45.247,-55.547
-0.471,-0.163,-1.135,8.545,-11.292,-16.663,-178.044,45.077,-54.564
-0.419,-0.203,-1.219,5.676,43.945,-15.564,-177.297,44.385,-53.525
-0.115,-0.214,-1.158,-8.362,29.846,-1.038,-177.012,42.314,-52.795
-0.119,-0.075,-0.997,-16.785,-0.122,5.859,-177.61,41.682,-52.63
-0.279,0.014,-0.9,-14.16,-22.217,10.437,-178.303,42.275,-52.652
-0.386,0.072,-0.826,-4.089,-14.893,7.629,-178.792,43.171,-52.905
-0.334,0.007,-0.744,7.568,-9.46,-4.7,-178.55,43.649,-52.778
-0.37,-0.078,-0.792,10.254,0.916,-13.0,-177.836,43.934,-52.147
-0.246,-0.136,-0.804,11.536,16.052,-19.409,-176.88,43.396,-51.119
-0.228,-0.183,-0.818,1.953,0.122,-14.404,-176.149,43.055,-50.037
-0.18,-0.187,-0.724,-3.784,-5.127,-17.395,-175.721,43.11,-48.889
-0.259,-0.1,-0.671,-16.052,-23.804,-6.775,-175.869,44.0,-47.917
-0.286,-0.108,-0.752,-17.456,-20.996,-7.568,-176.248,44.973,-47.203
-0.507,-0.01,-0.985,-26.55,-21.423,-3.357,-177.067,46.187,-46.653
-0.554,0.084,-1.116,-20.752,15.686,1.526,-178.182,46.489,-46.533
-0.61,0.189,-1.301,-17.212,31.433,18.982,-179.346,45.516,-47.087
-0.098,0.167,-1.25,-7.935,60.242,19.775,179.808,42.819,-48.104
-0.022,0.224,-1.184,-9.827,1.587,11.414,178.989,41.155,-48.917
-0.228,0.134,-0.998,-7.385,-19.226,-3.113,178.478,41.561,-49.01
-0.314,0.123,-0.856,-14.404,-28.015,-0.916,177.836,42.572,-48.917
-0.476,0.191,-0.827,-14.404,-16.541,8.179,176.858,43.671,-49.301
-0.387,0.214,-0.82,-2.93,10.864,11.658,176.182,43.588,-50.043
-0.229,0.187,-0.795,3.54,13.794,14.099,175.93,42.885,-50.872
-0.19,0.201,-0.817,8.057,7.629,13.428,175.82,42.336,-51.79
-0.156,0.158,-0.763,8.606,3.54,14.893,175.897,41.973,-52.614
-0.184,0.182,-0.75,8.606,-15.259,19.775,175.836,42.083,-53.696
-0.333,0.197,-0.771,12.695,-11.047,26.55,175.776,42.671,-55.173
-0.187,0.144,-0.729,16.663,-11.047,26.733,175.902,42.819,-56.854
-0.279,0.151,-0.784,12.573,-20.325,24.78,175.941,43.511,-58.48
-0.473,0.156,-1.028,9.888,-27.466,20.935,175.952,44.374,-59.854
-0.608,0.068,-1.233,12.512,-17.212,18.677,176.05,45.313,-61.084
-0.478,-0.009,-1.183,9.644,-0.488,20.752,176.21,45.731,-62.21
-0.549,-0.006,-1.124,9.949,-5.981,20.752,176.265,46.082,-63.259
-0.497,-0.046,-1.119,10.62,18.677,30.273,176.501,45.648,-64.319
-0.254,-0.003,-1.003,8.667,19.165,48.218,176.418,44.5,-66.083
-0.216,0.034,-0.978,11.292,-2.258,52.002,176.182,43.813,-68.439
-0.268,0.028,-0.876,12.329,-17.639,46.57,176.105,44.077,-70.708
-0.368,0.03,-0.789,14.771,-22.339,39.49,176.1,44.863,-72.768
-0.401,0.002,-0.726,14.832,-14.709,32.288,176.303,45.599,-74.405
-0.451,0.027,-0.726,21.057,-4.089,27.222,176.732,45.956,-75.74
-0.392,-0.091,-0.774,29.541,10.254,15.991,177.847,45.747,-76.525
-0.311,-0.083,-0.709,16.602,3.235,28.076,178.698,45.511,-77.338
-0.405,0.016,-0.763,15.93,-7.69,35.339,178.967,45.753,-78.805
-0.452,-0.075,-0.857,24.78,1.16,15.076,179.747,46.016,-79.81
-0.254,-0.161,-0.8,11.169,-3.479,6.653,-179.346,45.989,-79.915
-0.211,-0.123,-0.72,-5.981,-26.733,11.841,-179.154,46.862,-79.909
-0.329,0.014,-0.806,-13.428,-47.668,23.315,-179.775,48.565,-80.381
-0.764,0.138,-1.079,-11.963,-64.392,35.095,179.121,51.158,-81.634
-1.013,0.293,-1.048,8.24,-8.606,47.791,177.671,53.536,-84.045
-0.849,0.334,-1.171,11.108,24.597,81.848,176.391,52.718,-87.594
-0.576,0.212,-1.233,39.001,71.472,58.533,175.732,50.07,-91.428
-0.037,-0.01,-0.909,29.785,43.03,44.006,176.66,46.846,-93.488
-0.22,0.163,-0.75,9.216,-38.879,61.462,176.336,46.549,-96.169
-0.433,0.128,-0.669,29.602,-21.057,54.749,176.061,47.889,-99.311
-0.364,0.107,-0.829,22.156,-23.987,67.322,175.99,48.362,-102.486
-0.696,0.132,-1.117,34.912,-2.014,77.332,175.512,48.856,-106.523
-0.423,-0.038,-1.121,44.067,45.593,78.247,175.891,47.192,-110.242
0.025,-0.195,-1.089,41.26,25.33,84.045,176.765,44.802,-113.763
-0.183,-0.141,-0.906,21.362,-39.246,88.745,176.819,45.027,-117.735
-0.545,-0.023,-0.918,26.367,-29.358,92.102,176.484,46.461,-121.844
-0.407,-0.054,-0.867,39.612,9.827,104.614,176.523,46.115,-126.387
-0.25,-0.062,-0.88,32.654,5.31,100.22,176.616,45.192,-131.05
-0.21,-0.055,-0.823,29.785,-3.784,81.482,176.776,44.687,-135.016
-0.224,-0.102,-0.793,22.949,-21.912,60.547,177.078,44.945,-138.016
-0.424,-0.119,-0.929,15.076,-19.531,47.974,177.33,45.835,-140.059
-0.382,-0.086,-0.95,4.7,-10.498,53.406,177.16,46.329,-141.894
-0.607,0.041,-1.08,-9.399,-37.048,55.054,176.27,47.159,-144.003
-0.433,0.123,-0.881,6.165,18.127,45.959,175.172,47.823,-146.091
-0.188,0.147,-0.901,-7.202,-1.221,65.491,174.463,46.544,-148.052
-0.431,0.304,-0.926,5.615,-15.259,60.974,172.903,46.829,-151.37
-0.421,0.257,-0.93,16.724,8.118,51.758,172.546,46.324,-153.726
-0.29,0.169,-0.943,31.677,8.85,45.471,172.842,45.423,-155.896
-0.249,0.119,-0.923,29.358,-1.77,56.152,173.436,44.879,-158.137
-0.21,0.157,-0.841,32.166,-16.663,71.472,173.705,44.769,-161.406
-0.241,0.164,-0.757,27.588,-29.602,76.599,173.694,45.341,-165.311
-0.541,0.243,-0.975,24.963,-27.283,75.623,173.32,46.115,-169.338
-0.467,0.148,-1.033,33.997,7.202,59.692,173.463,45.807,-172.507
-0.358,-0.028,-1.094,33.752,3.967,47.607,174.26,45.154,-174.65
-0.134,-0.039,-0.821,21.118,-15.076,62.744,174.512,44.907,-177.182
-0.428,-0.004,-0.754,21.179,-62.134,62.317,174.457,46.313,179.599
-0.832,0.015,-0.879,39.368,-24.17,57.312,174.694,48.538,176.66
-0.505,-0.115,-0.866,39.368,21.729,68.542,175.589,48.071,174.287
-0.32,-0.081,-0.842,27.344,20.508,69.885,175.913,46.84,171.562
-0.194,-0.086,-0.804,24.17,2.747,50.11,176.309,46.088,169.294
-0.256,-0.035,-0.858,18.799,-20.813,39.795,176.704,46.34,167.333
-0.323,-0.175,-0.902,27.1,-2.197,9.644,177.704,46.89,166.234
-0.342,-0.178,-1.04,2.808,-21.301,-0.61,178.682,47.28,166.229
-0.424,-0.026,-1.055,2.808,-8.484,-16.541,179.275,48.181,166.91
-0.158,-0.008,-0.861,-14.709,-16.418,4.7,179.357,48.384,167.278
-0.611,0.199,-1.008,-28.809,-44.25,13.0,177.874,50.24,166.443
-0.676,0.26,-1.036,-2.563,28.931,0.916,177.078,50.191,166.448
-0.272,0.129,-0.988,4.333,31.555,0.488,177.237,48.472,166.97
-0.181,0.12,-0.932,0.793,7.935,2.563,177.275,47.576,167.157
-0.154,0.147,-0.787,2.502,-5.92,11.719,177.094,47.428,166.701
-0.283,0.161,-0.711,3.113,-26.306,21.973,176.743,48.049,165.586
-0.347,0.2,-0.731,6.958,-5.92,24.658,176.276,48.604,164.191
-0.207,0.193,-0.709,15.015,-8.057,28.748,176.1,48.51,162.823
-0.355,0.231,-0.757,17.639,-22.827,39.734,175.803,49.048,160.801
-0.354,0.162,-0.712,18.555,-25.269,34.485,175.666,49.768,158.747
-0.45,0.176,-0.771,13.916,-27.1,26.794,175.38,50.911,157.011
-0.316,0.134,-0.734,12.207,-17.822,16.541,175.27,51.779,155.951
-0.486,0.129,-0.892,7.996,-44.617,8.118,175.188,53.108,155.209
-1.068,0.173,-1.021,5.249,-33.997,10.742,174.941,55.36,154.594
-0.693,-0.004,-0.909,16.785,-0.427,-13.55,175.534,55.794,155.242
-0.99,0.009,-1.171,7.69,32.654,-9.399,176.38,55.673,156.676
-0.366,-0.127,-1.043,12.085,81.116,-12.024,177.616,52.454,158.384
0.001,-0.073,-0.971,-11.658,28.198,8.423,177.836,49.818,158.89
-0.317,0.066,-0.837,-10.681,-19.348,7.629,177.16,49.944,158.17
-0.521,0.132,-0.818,5.554,2.502,5.554,176.995,50.229,157.714
-0.39,-0.007,-0.831,22.095,6.775,-3.967,177.924,49.85,157.89
-0.43,-0.056,-0.849,21.362,0.122,-0.549,179.193,49.708,158.236
-0.483,-0.113,-0.869,24.231,16.846,-1.404,-179.599,49.466,158.39
-0.307,-0.17,-0.825,12.39,19.043,-5.554,-178.369,48.543,158.917
-0.296,-0.123,-0.839,-0.549,12.39,-5.005,-177.781,47.818,159.291
-0.274,-0.094,-0.79,-6.836,2.686,-13.245,-177.594,47.384,159.686
-0.339,-0.113,-0.816,-14.038,-2.38,-23.926,-177.457,47.351,160.598
-0.33,-0.094,-0.79,-22.827,-4.089,-29.175,-177.589,47.439,161.977
-0.312,-0.01,-0.766,-25.635,-17.822,-23.499,-178.061,47.862,163.394
-0.305,-0.001,-0.694,-10.437,-25.146,-33.63,-178.22,48.944,164.894
-0.476,0.005,-0.783,0.488,-40.466,-34.607,-177.556,50.587,166.844
-0.645,-0.108,-0.854,11.719,-24.841,-39.551,-176.067,52.202,169.261
-0.725,-0.064,-1.1,-3.479,-9.277,-21.545,-175.051,53.086,171.497
-0.901,0.056,-1.249,2.441,41.687,-8.85,-175.067,52.652,172.54
-0.435,-0.03,-1.241,-7.812,70.19,-2.197,-174.935,49.526,173.447
0.015,0.097,-1.029,-9.033,27.161,10.681,-175.842,47.104,172.98
-0.269,0.075,-0.919,-9.46,-31.677,4.395,-176.44,47.664,172.54
-0.466,0.09,-0.834,-11.047,-20.447,9.827,-177.198,48.867,172.002
-0.386,0.162,-0.805,-13.123,-2.747,17.334,-178.319,49.246,171.183
-0.29,0.227,-0.772,-9.827,-3.967,21.484,-179.511,49.23,170.123
-0.435,0.274,-0.836,3.113,-9.399,22.278,179.517,49.526,168.882
-0.437,0.199,-0.834,15.686,-3.723,20.203,179.209,49.686,167.723
-0.481,0.157,-0.841,18.555,-5.615,14.343,179.341,49.905,166.827
-0.512,0.129,-0.856,17.395,1.709,13.794,179.643,50.015,166.234
-0.376,0.128,-0.802,17.456,-0.061,16.663,179.912,49.911,165.624
-0.418,0.154,-0.788,21.545,-9.277,19.165,-179.857,50.219,164.724
-0.312,0.091,-0.708,26.062,-11.78,16.357,-179.313,50.636,163.872
-0.342,0.031,-0.649,21.667,-35.217,15.503,-178.748,51.823,163.026
-0.51,0.003,-0.69,13.733,-39.368,9.705,-178.412,53.789,162.422
-0.832,-0.009,-0.872,9.888,-32.898,7.08,-178.253,55.734,162.202
-0.591,-0.117,-0.818,10.864,1.831,-4.883,-177.83,56.316,162.548
-0.988,-0.15,-1.032,1.648,-28.076,-8.423,-177.122,57.09,163.537
-0.874,-0.188,-1.153,17.029,60.669,-9.705,-176.237,56.03,164.542
-0.226,-0.229,-0.974,7.446,69.458,11.78,-175.567,52.531,164.773
-0.035,-0.167,-0.802,-12.878,10.559,23.56,-176.116,50.773,163.526
-0.406,-0.071,-0.716,-29.724,-21.729,12.39,-177.424,51.443,162.23
-0.513,0.073,-0.8,-20.142,7.935,-1.77,-178.704,51.652,161.779
-0.49,-0.01,-0.876,-4.15,9.521,-12.024,-178.896,51.207,162.328
-0.429,-0.076,-0.959,1.892,26.123,-15.137,-178.451,50.345,163.295
-0.308,-0.093,-0.881,-2.197,5.737,-0.244,-178.077,49.438,163.856
-0.471,-0.037,-0.801,-2.136,-8.911,4.395,-178.198,49.708,163.614
-0.456,-0.014,-0.792,-1.099,13.123,8.484,-178.237,49.587,163.46
-0.353,-0.002,-0.811,1.16,15.381,13.428,-178.44,48.917,162.988
-0.39,-0.013,-0.893,0.0,11.169,7.141,-178.533,48.329,162.598
-0.304,-0.018,-0.923,-2.625,1.953,4.578,-178.643,47.95,162.345
-0.266,-0.055,-0.824,-1.038,-8.606,-3.54,-178.649,48.219,162.307
-0.33,-0.038,-0.763,-6.287,-32.227,-1.587,-178.748,49.279,162.252
-0.312,-0.053,-0.649,-7.141,-29.297,3.174,-178.94,50.663,162.065
-0.427,0.01,-0.706,-8.911,-41.321,10.742,-179.517,52.421,161.428
-0.698,0.08,-0.74,-11.108,-38.452,13.184,179.643,54.564,160.741
-0.971,0.131,-1.027,-7.751,-0.977,20.508,178.731,55.41,160.28
-0.693,0.222,-1.012,-5.432,38.757,30.64,177.429,54.492,159.269
-0.609,0.242,-1.204,9.827,50.964,-1.221,177.056,52.366,159.071
-0.257,0.05,-1.05,12.268,46.265,-26.917,178.154,49.905,160.477
-0.271,0.063,-0.974,-6.592,8.789,-15.686,178.715,48.658,161.757
-0.402,0.073,-0.946,-6.042,8.484,-12.329,178.66,48.34,162.372
-0.292,0.119,-0.861,-4.517,1.587,-5.493,178.522,47.972,162.74
-0.353,0.1,-0.845,-0.305,-6.409,-4.578,178.418,48.098,162.79
-0.391,0.057,-0.827,0.366,-0.122,-13.428,178.572,48.279,163.191
-0.299,0.036,-0.782,-2.38,-1.282,-7.996,178.737,48.235,163.762
-0.389,0.086,-0.819,-5.31,-2.686,1.038,178.572,48.367,163.872
-0.309,0.12,-0.764,-0.977,0.305,14.038,178.237,48.312,163.416
-0.373,0.186,-0.799,4.211,-5.127,26.001,177.72,48.351,162.175
-0.3,0.146,-0.737,10.193,-4.639,26.062,177.446,48.378,160.719
-0.351,0.14,-0.725,12.878,-13.977,21.606,177.308,48.823,159.34
-0.411,0.121,-0.758,13.855,-11.292,19.47,177.369,49.362,158.225
-0.344,0.091,-0.788,14.709,-5.92,15.991,177.501,49.631,157.225
-0.551,0.082,-0.954,8.85,-14.465,19.409,177.578,50.18,156.297
-0.533,0.099,-1.0,9.277,-5.249,24.658,177.352,50.416,154.995
-0.795,0.023,-1.208,7.507,-14.16,16.235,177.424,50.576,154.012
-0.62,0.003,-1.138,9.949,30.762,7.812,177.517,50.224,153.43
-0.408,-0.026,-1.12,4.211,33.997,4.761,177.968,48.68,153.495
-0.192,0.004,-1.022,0.61,15.442,12.207,178.05,47.274,153.023
-0.298,0.056,-0.876,1.648,-12.695,15.808,177.869,47.203,151.93
-0.446,0.064,-0.833,7.935,-9.644,13.672,177.841,47.692,150.765
-0.429,0.041,-0.788,12.268,-1.404,9.521,178.149,47.895,149.958
-0.402,-0.008,-0.804,12.634,4.333,0.488,178.72,47.802,149.584
-0.375,-0.06,-0.837,9.521,9.949,-9.277,179.489,47.527,149.832
-0.389,-0.064,-0.879,6.104,9.949,-13.733,-179.808,47.137,150.342
-0.346,-0.108,-0.875,3.357,15.32,-15.259,-179.083,46.577,150.98
-0.253,-0.078,-0.86,-6.104,8.362,-3.479,-178.824,45.934,151.166
-0.305,0.012,-0.872,-7.141,1.465,6.897,-179.143,45.753,150.59
-0.253,0.005,-0.831,-5.554,-8.667,1.526,-179.39,45.835,150.013
-0.313,-0.025,-0.796,-6.348,-20.386,-13.672,-179.495,46.615,149.991
-0.337,-0.095,-0.74,-12.756,-27.283,-24.231,-179.412,47.736,150.754
-0.347,-0.085,-0.667,-23.01,-28.87,-13.0,-179.758,49.142,151.403
-0.585,0.083,-0.824,-27.466,-38.452,9.155,178.989,50.79,150.969
-0.729,0.21,-0.972,-15.32,-4.761,13.184,177.643,52.042,150.298
-0.659,0.234,-1.068,-6.958,1.404,21.729,176.66,52.053,149.645
-0.75,0.295,-1.109,1.953,31.86,22.278,175.759,51.685,148.694
-0.282,0.257,-1.012,7.263,51.819,18.311,175.523,49.334,148.2
-0.188,0.139,-1.1,6.714,3.662,-4.517,175.66,47.928,147.997
-0.358,0.154,-1.014,-3.723,0.244,-11.475,175.77,47.95,148.326
-0.357,0.119,-0.916,-7.874,-12.146,-13.611,175.677,48.12,148.722
-0.532,0.193,-0.904,-6.165,-0.671,-15.259,175.479,48.565,149.266
-0.325,0.155,-0.798,2.319,6.714,-11.719,175.693,48.246,149.974
-0.356,0.116,-0.771,3.479,-2.136,-11.047,175.995,48.307,150.491
-0.312,0.114,-0.725,0.122,-0.183,-3.723,176.138,48.356,150.809
-0.33,0.168,-0.728,-2.808,-0.549,5.554,175.88,48.4,150.634
-0.341,0.219,-0.742,1.221,-5.493,10.376,175.518,48.439,150.09
-0.399,0.214,-0.805,9.888,2.014,4.639,175.457,48.494,149.645
-0.313,0.139,-0.768,11.963,-2.319,0.183,175.88,48.444,149.645
-0.366,0.132,-0.758,9.094,-7.996,0.0,176.149,48.801,149.496
-0.405,0.118,-0.846,6.897,-9.338,-4.089,176.462,49.125,149.573
-0.682,0.145,-1.098,8.484,3.357,-1.099,176.737,49.466,149.65
-0.413,0.052,-0.966,15.747,25.635,-9.827,177.369,48.84,150.035
-0.416,-0.093,-1.158,8.24,4.578,-19.104,178.418,48.186,150.919
-0.481,-0.055,-1.186,-4.089,16.724,-16.235,178.89,47.873,151.65
-0.148,-0.076,-1.053,-7.874,10.132,-13.977,179.127,46.956,152.26
-0.301,0.033,-0.924,-18.86,-27.527,6.042,178.621,47.362,151.957
-0.43,0.144,-0.834,-6.775,-19.348,11.353,177.726,48.422,150.804
-0.47,0.109,-0.822,4.517,-11.719,8.24,177.594,48.972,149.991
-0.467,0.037,-0.837,11.169,-1.343,-0.854,177.968,49.263,149.689
-0.458,0.006,-0.848,4.944,1.831,-1.648,178.445,49.202,149.771
-0.434,-0.004,-0.862,6.348,7.446,-8.484,178.879,49.026,150.007
-0.39,-0.015,-0.823,5.249,2.93,-11.841,179.484,48.862,150.562
-0.405,-0.043,-0.83,5.859,7.507,-15.381,-179.846,48.73,151.205
-0.342,-0.072,-0.826,4.639,9.521,-20.02,-179.061,48.323,152.089
-0.291,-0.082,-0.783,-0.549,1.892,-18.555,-178.467,48.093,152.858
-0.364,-0.107,-0.733,-6.165,-11.047,-26.489,-177.94,48.312,153.842
-0.445,-0.074,-0.707,-9.521,-5.92,-21.545,-177.643,48.84,154.924
-0.359,-0.072,-0.706,-12.39,-0.61,-15.625,-177.545,48.961,155.901
-0.383,-0.001,-0.77,-14.16,0.427,-6.775,-177.841,49.125,156.456
-0.453,0.035,-0.899,-11.353,-5.31,-6.592,-178.226,49.29,156.808
-0.531,0.031,-1.064,-5.31,13.184,-7.141,-178.418,49.274,157.247
-0.231,0.046,-1.036,-9.705,12.268,0.977,-178.643,48.422,157.495
-0.569,0.134,-1.163,-3.845,-15.32,4.211,-179.231,48.834,157.066
-0.395,0.066,-1.154,-4.333,15.991,1.587,-179.363,48.543,156.929
-0.314,0.141,-1.113,-9.46,-12.939,0.916,-179.995,48.444,156.506
-0.454,0.079,-0.979,-9.827,-22.827,-15.869,179.736,49.378,156.824
-0.573,0.113,-0.91,-14.038,-20.569,-13.489,179.335,50.455,157.412
-0.531,0.133,-0.822,-10.62,-0.916,-9.46,178.918,50.922,158.044
-0.466,0.139,-0.758,-7.202,-0.427,-3.845,178.533,50.977,158.5
-0.472,0.144,-0.729,-1.404,7.874,-7.141,178.33,50.894,159.0
-0.355,0.097,-0.705,1.221,8.728,-5.859,178.451,50.499,159.697
-0.419,0.107,-0.73,4.089,9.583,2.441,178.445,50.262,159.95
-0.322,0.122,-0.745,4.578,6.836,16.174,178.358,49.691,159.631
-0.455,0.143,-0.795,7.446,1.282,21.179,178.039,49.598,158.626
-0.34,0.149,-0.765,4.272,7.568,13.0,177.792,49.279,157.83
-0.3,0.127,-0.755,4.7,-6.042,-2.808,177.715,49.224,157.588
-0.443,0.099,-0.855,2.441,-10.315,-9.583,177.924,49.697,157.961
-0.732,0.108,-1.089,5.92,-2.258,-2.014,178.116,50.208,158.275
-0.242,0.011,-0.978,16.235,34.18,-2.991,178.698,49.153,158.577
-0.307,-0.043,-0.968,9.155,-37.292,-5.066,179.462,49.109,158.703
-0.83,-0.052,-1.038,7.69,-10.62,-2.136,179.94,50.669,158.615
-0.57,-0.071,-1.114,1.221,33.142,2.014,-179.714,49.68,158.741
-0.233,-0.018,-1.067,-4.456,35.217,12.268,-179.896,47.818,158.346
-0.13,0.043,-0.924,-5.371,-6.226,12.329,179.698,47.12,157.401
-0.394,0.08,-0.832,-4.15,-29.419,16.479,179.154,48.104,156.105
-0.476,0.045,-0.732,3.906,-15.076,3.601,178.962,49.103,155.292
-0.466,0.025,-0.717,5.005,-1.587,-1.892,179.231,49.455,155.297
-0.436,0.005,-0.78,11.047,15.442,-5.92,179.758,49.136,155.643
-0.348,-0.067,-0.835,8.728,14.526,-7.263,-179.44,48.329,156.204
-0.342,-0.071,-0.788,3.906,3.601,-12.085,-178.885,47.994,156.665
-0.301,-0.096,-0.69,-2.197,-1.77,-14.771,-178.358,47.95,157.379
-0.406,-0.052,-0.7,-7.996,-7.812,-10.925,-178.215,48.329,157.956
-0.426,-0.007,-0.739,-10.681,7.751,-2.563,-178.358,48.428,158.423
-0.32,0.01,-0.932,-6.836,17.456,0.183,-178.753,47.845,158.522
-0.405,0.01,-1.005,-9.094,-13.855,-7.935,-179.039,47.796,158.643
-0.546,0.052,-0.952,-17.761,8.179,1.099,-179.445,48.257,159.0
-0.449,0.194,-1.245,-19.226,7.08,12.817,179.451,47.302,158.571
-0.491,0.134,-1.212,0.793,36.621,-12.634,179.066,46.697,158.708
-0.207,0.11,-1.17,-7.324,7.324,-5.188,179.165,45.269,159.368
-0.36,0.111,-1.11,0.0,1.77,-5.859,178.907,45.319,159.28
-0.223,0.05,-0.907,-5.249,-14.648,-5.859,178.896,45.461,159.472
-0.412,0.099,-0.819,-6.958,-26.428,-0.488,178.489,46.599,159.236
-0.428,0.115,-0.749,-3.052,-6.531,2.808,178.176,47.296,159.082
-0.302,0.114,-0.714,0.427,1.831,8.301,177.896,47.291,158.774
-0.299,0.144,-0.75,3.662,-0.854,12.146,177.687,47.203,158.286
-0.263,0.115,-0.711,11.963,3.906,23.682,177.687,47.082,157.434
-0.242,0.147,-0.734,10.986,-3.052,34.18,177.512,46.857,155.858
-0.248,0.114,-0.716,8.24,-17.334,29.907,177.209,47.087,153.984
-0.402,0.16,-0.762,3.113,-21.362,13.062,176.77,48.016,152.584
-0.531,0.099,-0.984,5.981,-18.555,-3.052,176.819,48.774,152.375
-0.801,0.085,-1.252,9.033,4.333,-2.014,177.034,49.51,152.573
-0.326,-0.03,-1.123,9.583,27.527,-4.944,177.671,48.582,153.138
-0.47,-0.031,-1.198,-5.554,-6.47,3.967,177.863,48.334,153.215
-0.401,0.018,-1.111,-7.202,0.854,8.362,177.479,48.307,152.737
-0.374,0.079,-1.0,-7.507,-12.573,16.052,176.902,48.565,151.809
-0.35,0.132,-0.863,-1.038,-19.897,21.912,176.331,49.186,150.463
-0.411,0.148,-0.821,8.423,-24.841,22.766,175.99,50.109,148.892
-0.506,0.121,-0.785,15.869,-17.395,12.817,176.127,51.042,147.739
-0.462,0.015,-0.742,18.86,-3.723,0.366,176.907,51.416,147.524
-0.515,-0.019,-0.775,16.724,4.272,0.977,177.753,51.504,147.601
-0.438,-0.061,-0.763,18.677,17.029,-1.343,178.726,51.042,147.838
-0.382,-0.085,-0.855,12.268,10.742,1.77,179.648,50.317,147.931
-0.362,-0.093,-0.813,16.724,11.047,-5.188,-179.456,49.944,147.914
-0.38,-0.117,-0.785,8.972,1.282,5.005,-178.555,49.647,147.777
-0.274,-0.094,-0.688,4.211,1.465,6.714,-178.226,49.515,147.019
-0.433,-0.044,-0.731,-3.113,-13.123,2.563,-178.083,49.823,146.42
-0.477,-0.035,-0.739,1.648,-2.991,-3.174,-178.044,50.312,146.206
-0.446,-0.124,-0.794,-0.549,4.15,-4.578,-177.627,50.372,146.624
-0.306,-0.1,-0.768,-5.371,-10.498,9.033,-177.687,50.466,146.426
-0.685,0.016,-0.962,-7.812,-8.179,21.057,-178.231,51.416,145.492
-0.469,0.09,-0.971,2.747,15.93,31.433,-178.918,50.96,144.168
-0.641,0.187,-1.208,5.554,5.249,37.231,-179.594,50.576,142.333
-0.353,0.132,-1.19,18.616,31.677,32.593,-179.692,49.318,140.658
-0.119,0.069,-1.034,15.686,-19.287,20.386,-179.517,48.911,139.065
-0.505,0.036,-0.946,9.094,-45.776,2.075,-179.253,50.834,138.23
-0.513,0.011,-0.806,2.686,-18.005,3.296,-179.099,52.075,137.922
-0.527,0.048,-0.768,-1.16,-17.334,8.606,-179.335,52.888,137.472
-0.526,0.08,-0.741,3.601,2.258,19.897,-179.714,53.207,136.725
-0.444,0.096,-0.711,7.568,5.31,37.842,179.681,52.943,135.17
-0.386,0.126,-0.708,10.925,7.751,47.546,178.907,52.46,132.907
-0.492,0.158,-0.725,18.86,1.282,44.495,178.297,52.267,130.523
-0.482,0.129,-0.714,20.691,4.517,40.527,178.088,52.004,128.496
-0.485,0.126,-0.696,23.682,4.639,34.729,177.99,51.823,126.683
-0.355,0.064,-0.718,26.855,8.484,26.123,178.352,51.465,125.387
-0.276,-0.018,-0.793,24.963,-13.611,20.142,179.006,51.542,124.178
-0.566,-0.018,-0.965,14.221,-32.227,21.362,179.407,52.586,122.679
-0.745,0.002,-1.019,11.963,-16.724,24.841,179.341,53.91,120.85
-0.744,-0.042,-1.015,7.324,-17.09,16.602,179.346,54.619,119.284
-0.789,-0.052,-1.127,11.23,16.602,17.456,179.434,54.695,117.856
-0.548,-0.049,-1.103,7.263,36.194,43.579,179.231,53.185,115.571
-0.43,0.081,-1.098,12.207,23.743,66.284,178.275,51.553,111.654
-0.286,0.029,-0.958,22.339,16.052,66.772,177.786,50.224,107.446
-0.294,0.042,-0.828,22.034,-13.489,56.824,177.473,49.938,103.376
-0.37,-0.038,-0.686,24.414,-19.592,35.95,177.72,50.543,100.256
-0.433,-0.067,-0.653,19.47,-15.991,31.067,178.083,51.295,97.657
-0.389,-0.04,-0.656,16.479,-2.258,38.879,178.231,51.482,94.768
-0.51,-0.024,-0.734,18.311,-3.906,43.518,178.248,51.526,91.439
-0.562,-0.062,-0.792,18.433,-2.441,40.161,178.347,51.559,87.968
-0.664,-0.081,-0.914,13.306,-1.343,31.799,178.473,51.702,84.716
-0.87,-0.072,-1.099,4.578,7.568,28.259,178.528,51.537,81.815
-0.497,-0.027,-1.094,-4.883,47.18,36.621,178.171,50.158,78.887
0.102,0.113,-0.963,-13.123,42.908,51.758,177.012,47.56,75.657
0.147,0.223,-0.811,-6.897,-26.55,41.504,175.671,46.522,72.691
-0.335,0.263,-0.873,1.465,-50.964,43.152,174.573,48.203,70.049
-0.578,0.251,-0.949,20.447,-8.484,41.809,174.034,48.922,67.401
-0.313,0.138,-0.95,32.593,14.099,29.236,174.655,48.098,65.479
-0.271,0.059,-0.872,29.48,-12.268,41.809,175.441,47.791,63.369
-0.434,0.098,-0.805,26.855,-23.193,55.725,175.54,48.411,60.095
-0.483,0.083,-0.768,28.931,-20.325,58.167,175.616,49.098,56.36
-0.533,0.091,-0.826,30.945,-14.832,57.007,175.715,49.719,52.438
-0.451,0.063,-0.839,30.64,1.343,63.171,175.902,49.664,48.345
-0.405,0.089,-0.908,24.963,0.305,70.862,175.721,49.268,43.879
-0.384,0.171,-0.972,18.677,-6.042,81.421,175.04,48.933,39.067
-0.511,0.253,-0.974,19.104,-23.926,86.792,174.007,49.114,33.887
-0.588,0.238,-0.956,31.189,-19.653,79.956,173.172,49.592,28.564
-0.467,0.128,-0.808,40.283,-5.737,77.087,173.062,49.686,23.555
-0.357,0.005,-0.744,46.814,-19.287,71.716,173.485,49.642,18.759
-0.525,-0.027,-0.762,48.767,-28.87,70.679,174.117,50.57,14.079
-0.648,-0.066,-0.877,50.659,-8.423,75.5,174.979,51.141,9.388
-0.554,-0.082,-0.897,51.392,26.367,85.571,175.737,50.328,4.356
-0.282,-0.113,-0.839,45.41,20.325,81.909,176.611,48.691,-0.494
-0.352,-0.084,-0.784,35.767,-13.367,70.19,177.198,48.461,-4.839
-0.552,-0.062,-0.769,28.931,-12.878,59.814,177.594,49.021,-8.575
-0.479,-0.129,-0.75,26.428,-2.93,42.358,178.11,49.252,-11.585
-0.476,-0.154,-0.872,14.526,-3.235,35.4,178.55,49.417,-13.837
-0.364,-0.168,-0.96,7.385,-10.559,24.78,178.737,49.713,-15.562
-0.437,-0.085,-0.892,-10.071,-44.128,33.63,178.231,51.141,-17.166
-0.902,0.118,-0.946,-8.789,-39.246,40.283,176.847,53.377,-19.616
-0.518,0.21,-0.947,-0.183,26.245,44.067,175.93,52.982,-22.033
-0.203,0.33,-1.038,11.536,24.353,44.495,174.968,51.356,-24.846
-0.13,0.177,-1.007,21.24,18.25,20.264,175.084,49.977,-26.554
-0.146,0.105,-0.941,17.517,-2.93,10.132,175.633,49.219,-27.158
-0.243,0.028,-0.902,16.602,-5.92,3.784,176.336,49.158,-27.29
-0.265,0.042,-0.873,9.094,-6.042,7.874,176.836,49.098,-27.389
-0.284,0.092,-0.86,5.249,-6.042,16.724,176.935,49.043,-27.845
-0.293,0.137,-0.833,4.089,-11.963,24.414,176.677,49.131,-28.9
-0.346,0.166,-0.816,4.333,-16.418,22.278,176.281,49.493,-30.174
-0.387,0.189,-0.798,6.897,-9.583,19.775,175.952,49.916,-31.41
-0.276,0.184,-0.767,13.489,-2.686,22.4,175.858,49.834,-32.706
-0.315,0.192,-0.748,13.733,-20.813,28.687,175.721,50.24,-34.376
-0.351,0.188,-0.729,18.921,-16.113,26.672,175.671,50.817,-36.194
-0.389,0.2,-0.696,20.386,-23.743,25.94,175.666,51.608,-38.095
-0.409,0.112,-0.642,26.184,-26.062,9.155,176.193,52.668,-39.435
-0.464,0.025,-0.649,20.996,-34.302,3.418,176.94,54.212,-40.188
-0.639,0.005,-0.865,8.057,-16.174,8.728,177.303,55.486,-40.864
-0.745,0.126,-0.999,-6.165,-11.902,17.517,176.737,56.173,-41.968
-0.774,0.083,-1.126,0.0,-4.639,-1.282,176.358,56.646,-42.583
-0.782,0.082,-1.274,14.709,57.678,-1.77,176.83,55.585,-42.429
-0.274,-0.043,-1.133,17.7,37.109,6.958,177.913,52.927,-42.281
-0.383,0.007,-1.055,6.47,-4.089,20.508,178.154,52.125,-42.968
-0.481,0.011,-0.912,10.559,-2.686,10.071,178.22,52.262,-43.709
-0.408,-0.008,-0.781,8.179,-3.418,8.423,178.599,52.284,-43.995
-0.533,-0.008,-0.799,10.742,-2.014,6.287,178.907,52.493,-44.335
-0.423,-0.059,-0.778,7.324,11.719,6.592,179.385,52.114,-44.533
-0.404,-0.039,-0.78,5.31,13.306,5.005,179.665,51.603,-44.736
-0.363,-0.036,-0.81,2.38,15.259,-1.038,179.962,50.883,-44.654
-0.35,-0.033,-0.81,-1.099,0.183,-8.667,-179.736,50.499,-44.16
-0.457,-0.043,-0.77,-2.686,-7.019,-15.747,-179.39,50.817,-43.281
-0.434,-0.044,-0.744,-3.418,4.7,-11.841,-179.044,50.889,-42.358
-0.385,-0.05,-0.771,-1.831,6.836,-8.24,-178.824,50.663,-41.792
-0.277,-0.074,-0.736,-7.507,2.869,-9.644,-178.665,50.394,-41.138
-0.325,-0.026,-0.707,-11.963,-11.414,-10.864,-178.857,50.806,-40.468
-0.338,0.015,-0.737,-15.015,-24.475,-9.827,-179.05,51.46,-39.633
-0.706,0.092,-0.949,-9.033,-38.33,-8.301,-179.44,53.19,-39.166
-0.794,0.101,-1.136,4.822,12.39,-6.409,-179.319,54.031,-38.864
-0.6,0.171,-1.09,6.897,43.762,16.602,-179.357,53.036,-39.419
-0.191,0.109,-1.073,11.23,39.062,16.296,-179.269,50.62,-40.49
-0.215,0.144,-1.112,12.451,-1.648,7.874,-179.253,49.702,-41.369
-0.3,0.027,-1.047,4.761,-8.972,-2.136,-178.89,49.911,-41.407
-0.402,0.056,-1.0,-12.756,-29.968,-11.047,-179.077,50.609,-40.99
-0.577,0.122,-0.936,-21.606,-21.851,-20.813,-179.654,51.872,-40.073
-0.481,0.167,-0.829,-15.503,-22.095,-26.367,179.945,52.767,-38.826
-0.646,0.164,-0.81,-10.071,-17.578,-20.935,179.769,53.937,-37.82
-0.487,0.144,-0.727,-6.104,1.282,-13.306,179.703,54.218,-37.244
-0.398,0.15,-0.66,-0.427,-4.272,-8.85,179.637,54.388,-37.068
-0.403,0.131,-0.615,2.808,-9.033,-2.686,179.659,54.844,-37.194
-0.485,0.125,-0.676,5.188,0.0,2.441,179.599,55.157,-37.705
-0.417,0.128,-0.668,1.343,0.916,5.432,179.407,55.168,-38.397
-0.43,0.167,-0.68,0.793,-5.92,2.686,179.077,55.36,-39.056
-0.385,0.134,-0.647,7.141,-9.338,-6.958,179.105,55.822,-39.37
-0.466,0.101,-0.776,3.54,-25.33,-3.662,179.308,56.547,-39.435
-0.978,0.089,-1.098,10.559,-20.935,-3.845,179.434,57.986,-39.699
-0.639,-0.057,-0.979,12.024,5.615,-9.277,-179.786,58.079,-39.595
-0.998,-0.085,-1.172,7.751,18.066,-7.568,-179.044,58.354,-39.254
-0.5,-0.085,-1.047,9.338,52.673,-1.953,-178.407,56.316,-39.045
-0.278,-0.123,-1.007,9.521,25.818,3.54,-177.814,54.3,-39.056
-0.33,-0.09,-0.907,2.869,0.061,10.925,-177.605,53.652,-39.32
-0.392,-0.066,-0.807,3.296,-11.841,7.202,-177.556,53.893,-39.584
-0.438,-0.058,-0.761,5.127,-16.907,5.92,-177.363,54.503,-39.71
-0.568,-0.071,-0.786,8.362,-13.306,3.723,-177.083,55.278,-39.869
-0.529,-0.117,-0.784,10.498,-1.404,-1.709,-176.429,55.47,-39.776
-0.582,-0.134,-0.83,11.719,8.972,0.427,-175.677,55.366,-39.611
-0.457,-0.14,-0.821,10.315,17.09,10.132,-175.166,54.646,-39.908
-0.391,-0.129,-0.807,7.08,15.564,13.428,-174.935,53.893,-40.529
-0.333,-0.115,-0.773,0.793,0.61,6.897,-174.902,53.525,-40.957
-0.35,-0.154,-0.697,-5.798,-11.719,-11.536,-174.727,53.855,-40.468
-0.396,-0.137,-0.589,-20.447,-33.447,-19.958,-174.639,54.844,-39.067
-0.555,-0.068,-0.578,-23.071,-34.79,-16.357,-174.847,56.574,-37.634
-0.6,0.032,-0.625,-9.094,-9.583,-4.272,-175.215,57.706,-36.969
-0.733,-0.004,-0.81,4.395,-1.892,1.404,-175.204,58.239,-37.079
-0.789,-0.006,-1.035,9.155,24.902,11.658,-175.007,58.107,-37.628
-0.646,0.029,-1.074,17.334,46.143,28.748,-175.331,56.81,-39.342
-0.393,-0.028,-1.129,12.939,40.955,38.452,-175.468,54.547,-41.429
-0.289,0.088,-1.081,5.066,15.442,64.575,-176.693,53.229,-44.588
-0.384,0.08,-1.0,9.399,-4.15,47.058,-177.891,52.971,-47.736
-0.443,0.083,-0.969,4.15,-1.404,31.311,-178.643,52.894,-49.757
-0.479,0.099,-0.943,0.488,-2.747,22.766,-179.33,52.861,-51.185
-0.433,0.098,-0.859,2.869,-3.235,9.155,-179.709,52.817,-51.998
-0.528,0.082,-0.816,1.221,-10.193,3.235,-179.841,53.174,-52.377
-0.587,0.081,-0.823,-2.38,9.766,0.366,179.989,53.152,-52.564
-0.425,0.085,-0.763,-9.888,14.16,-0.488,179.604,52.498,-52.657
-0.43,0.137,-0.747,-13.855,7.202,-4.639,178.956,52.114,-52.63
-0.432,0.178,-0.741,-12.024,13.184,-9.399,178.374,51.751,-52.405
-0.355,0.185,-0.722,-7.202,20.325,-12.024,178.028,51.037,-52.02
-0.205,0.143,-0.664,-6.653,14.709,-13.672,177.874,50.224,-51.52
-0.288,0.234,-0.76,-13.428,4.883,2.502,177.308,49.85,-51.383
-0.19,0.26,-0.81,0.977,10.986,4.822,176.583,49.197,-51.971
-0.133,0.197,-0.73,7.263,-18.066,6.47,176.407,49.142,-52.559
-0.308,0.146,-0.786,3.967,-53.65,4.822,176.21,50.559,-53.317
-0.913,0.089,-1.004,-4.456,-63.477,-7.385,175.765,53.591,-53.943
-1.13,0.105,-1.261,-5.432,17.273,-9.399,175.6,55.074,-53.718
-0.681,0.044,-1.153,13.367,30.273,-21.118,176.265,54.064,-52.965
-0.433,-0.166,-1.152,18.25,29.175,-27.161,178.143,52.74,-51.279
-0.203,-0.128,-0.924,-8.362,-8.85,7.08,178.671,52.377,-50.663
-0.457,0.074,-0.857,-15.076,-26.489,16.052,177.665,53.416,-51.367
-0.465,0.134,-0.795,-0.793,-7.935,3.418,177.155,54.014,-51.79
-0.332,0.023,-0.699,11.169,-11.536,-10.071,177.704,54.393,-51.476
-0.45,-0.028,-0.72,8.545,-21.973,-12.939,178.572,55.245,-50.779
-0.571,-0.111,-0.784,10.376,-9.399,-20.63,179.692,56.041,-49.702
-0.571,-0.129,-0.789,1.77,-5.92,-25.269,-179.127,56.431,-48.148
-0.49,-0.15,-0.745,-0.122,5.493,-23.499,-178.116,56.503,-46.582
-0.449,-0.122,-0.688,-8.728,-4.028,-21.973,-177.424,56.481,-45.115
-0.403,-0.147,-0.639,-7.69,-4.089,-24.414,-176.803,56.722,-43.511
-0.542,-0.092,-0.666,-14.832,-11.047,-7.935,-176.578,57.162,-42.325
-0.466,-0.082,-0.665,-12.573,-1.282,-6.897,-176.803,57.458,-41.858
-0.65,-0.015,-0.759,-18.982,-23.193,-8.301,-177.111,58.074,-41.281
-0.776,0.062,-0.837,-9.216,8.484,-9.399,-177.446,58.826,-40.781
-0.539,0.083,-0.866,-8.24,23.376,10.742,-177.781,58.068,-40.93
-0.841,0.188,-1.127,0.183,17.334,24.292,-178.742,57.305,-42.391
-0.552,0.103,-1.239,8.423,64.636,15.747,-179.006,54.926,-43.676
-0.195,0.116,-1.132,-2.014,23.987,11.719,-179.341,52.635,-44.484
-0.423,0.094,-0.978,-4.089,-26.733,-2.991,-179.758,52.998,-44.747
-0.571,0.07,-0.844,-8.972,-17.761,-5.798,-179.995,54.036,-44.39
-0.414,0.128,-0.687,-10.62,-14.038,9.583,179.242,54.624,-44.725
-0.41,0.157,-0.598,-5.127,-19.653,18.311,178.286,55.421,-45.786
-0.319,0.171,-0.485,4.517,-9.583,23.01,177.435,56.003,-47.351
-0.435,0.151,-0.541,12.207,-26.123,26.062,176.929,56.761,-49.136
-0.534,0.16,-0.574,13.977,-7.812,30.579,176.375,57.645,-51.317
-0.473,0.182,-0.625,15.686,-1.465,25.085,175.919,57.722,-53.427
-0.581,0.105,-0.803,18.005,-14.282,7.629,176.028,58.008,-54.772
-1.107,0.081,-1.133,18.311,-1.709,3.113,176.545,58.914,-55.349
-0.515,-0.052,-0.837,27.954,46.692,-13.245,177.88,57.706,-55.129
-0.618,-0.205,-1.228,9.094,11.536,-5.615,179.67,56.003,-54.053
-0.56,-0.036,-1.267,-1.77,62.988,21.24,179.478,54.542,-54.415
0.006,-0.009,-1.089,-9.583,32.837,19.165,179.0,51.614,-55.052
-0.201,0.111,-0.877,-13.977,-39.795,9.827,178.061,52.119,-55.47
-0.564,0.125,-0.793,-14.893,-40.588,7.996,177.226,53.943,-55.646
-0.65,0.24,-0.818,4.761,-4.517,12.329,176.49,54.811,-56.365
-0.456,0.06,-0.775,21.667,6.042,4.761,177.198,54.377,-56.722
-0.479,0.004,-0.818,24.719,7.08,2.808,178.138,54.168,-57.014
-0.416,-0.098,-0.797,21.118,1.221,-6.897,179.462,53.904,-56.711
-0.569,-0.076,-0.819,10.864,2.014,-3.296,-179.599,54.014,-56.223
-0.418,-0.083,-0.799,8.667,17.456,-3.967,-178.868,53.443,-55.822
-0.396,-0.073,-0.771,2.441,8.728,-3.723,-178.369,52.877,-55.393
-0.31,-0.092,-0.73,-2.075,7.812,-19.775,-177.918,52.46,-54.536
-0.38,-0.111,-0.738,-13.489,-2.563,-44.434,-177.242,52.35,-52.41
-0.293,-0.111,-0.688,-20.63,2.136,-64.697,-176.495,52.278,-49.021
-0.169,-0.122,-0.591,-26.245,-22.4,-63.416,-175.71,52.515,-45.016
-0.513,-0.114,-0.788,-30.334,-52.551,-52.734,-175.254,54.196,-41.32
-0.891,0.019,-0.934,-30.64,-23.743,-37.781,-175.281,56.332,-38.458
-0.985,0.106,-1.19,-26.611,-0.122,-8.24,-175.847,56.558,-37.156
-0.76,0.09,-1.091,-17.7,38.147,5.615,-176.819,55.739,-37.359
-0.449,0.294,-1.101,-21.118,41.382,34.668,-178.731,53.668,-39.062
-0.295,0.23,-1.007,3.662,14.771,5.493,-179.687,52.366,-40.419
-0.427,0.103,-0.896,0.61,-12.024,-8.85,-179.626,52.443,-40.342
-0.579,0.089,-0.838,-8.24,-7.874,-2.93,-179.885,53.02,-40.221
-0.486,0.155,-0.776,-10.681,3.662,-1.709,179.478,53.009,-40.353
-0.389,0.183,-0.729,-5.493,16.479,-4.15,178.989,52.526,-40.463
-0.366,0.165,-0.735,-3.418,5.188,-5.493,178.775,52.026,-40.419
-0.417,0.188,-0.754,-2.747,7.751,-3.113,178.506,51.801,-40.468
-0.414,0.212,-0.79,4.639,3.235,-0.305,178.27,51.548,-40.814
-0.427,0.146,-0.752,4.517,-0.916,1.587,178.369,51.57,-41.105
-0.405,0.227,-0.689,6.958,-17.151,10.742,178.116,51.976,-41.968
-0.46,0.155,-0.691,15.32,-3.113,3.479,178.11,52.674,-43.0
-0.305,0.053,-0.673,15.93,-2.747,-9.216,178.781,52.833,-43.176
-0.455,0.042,-0.864,13.55,-20.813,-2.441,179.484,53.306,-43.099
-0.883,0.013,-1.198,20.142,-10.071,9.155,-179.918,54.382,-43.467
-0.495,-0.018,-1.063,31.982,14.893,20.386,-179.16,53.965,-44.555
-0.843,-0.193,-1.126,38.208,10.986,-1.038,-177.506,54.009,-45.055
-0.412,-0.184,-1.032,23.743,45.715,-2.563,-175.941,52.031,-44.907
-0.159,-0.186,-0.876,7.629,18.433,3.174,-175.089,50.493,-44.824
-0.363,-0.093,-0.82,-1.465,-9.644,-4.578,-174.919,50.51,-44.5
-0.393,-0.033,-0.779,7.507,7.385,-9.033,-174.463,50.389,-43.83
-0.414,-0.157,-0.804,16.724,5.798,-9.521,-173.403,50.021,-43.16
-0.389,-0.241,-0.855,13.855,20.63,-15.991,-172.271,49.279,-42.402
-0.31,-0.245,-0.877,0.854,18.555,-14.465,-171.464,48.142,-41.424
-0.248,-0.222,-0.833,-5.92,12.024,-20.508,-171.118,47.324,-40.358
-0.369,-0.18,-0.867,-9.827,1.648,-21.973,-170.887,46.813,-38.941
-0.324,-0.25,-0.841,-11.841,18.005,-31.616,-170.689,46.143,-37.403
-0.242,-0.231,-0.814,-29.236,-0.061,-35.339,-170.832,45.341,-35.381
-0.363,-0.136,-0.781,-32.288,0.122,-32.349,-171.53,45.324,-33.327
-0.265,-0.105,-0.744,-31.555,3.296,-36.072,-172.255,44.995,-31.437
-0.284,-0.066,-0.735,-25.879,-7.446,-31.677,-172.87,44.984,-29.471
-0.251,-0.048,-0.771,-23.987,-8.24,-4.333,-173.568,45.214,-28.422
-0.44,0.073,-0.861,-12.878,-31.555,6.836,-174.496,46.335,-28.537
-0.716,0.089,-1.143,0.61,-5.737,23.621,-175.062,47.39,-29.564
-0.594,0.067,-1.267,16.174,40.71,38.391,-175.391,46.736,-31.734
-0.215,0.075,-1.323,18.127,44.25,55.908,-175.644,44.566,-34.805
-0.121,0.075,-1.228,17.761,10.498,42.725,-175.765,43.374,-37.579
-0.245,0.05,-1.09,12.024,-5.92,15.32,-175.638,43.407,-38.919
-0.269,0.079,-0.949,3.967,-18.921,-1.099,-175.518,43.824,-39.073
-0.39,0.07,-0.842,2.075,-17.517,-5.676,-175.463,44.753,-38.848
-0.316,0.03,-0.747,2.991,-4.272,-17.273,-175.298,45.115,-38.397
-0.268,0.025,-0.677,3.601,-8.423,-14.099,-174.996,45.39,-37.689
-0.299,-0.001,-0.718,4.15,2.502,-0.61,-174.792,45.593,-37.469
-0.174,0.03,-0.731,-0.732,4.456,21.24,-175.045,45.291,-38.194
-0.245,0.14,-0.772,-1.404,-18.677,38.818,-175.88,45.681,-39.924
-0.319,0.143,-0.768,6.531,-20.63,35.522,-176.699,46.653,-42.149
-0.435,0.136,-0.892,8.24,-37.842,24.658,-177.209,47.9,-44.033
-0.852,0.114,-1.068,18.738,-26.367,19.531,-177.325,49.856,-45.544
-0.519,-0.119,-1.144,38.94,14.648,-0.916,-176.226,49.872,-46.472
-0.686,-0.273,-1.169,20.874,21.057,-4.761,-174.672,49.559,-46.329
-0.277,-0.3,-1.063,17.578,41.87,-4.456,-173.666,47.609,-46.247
-0.114,-0.215,-0.935,-3.357,9.521,10.803,-173.386,46.406,-46.291
-0.356,-0.117,-0.889,0.793,-16.541,9.521,-173.491,46.89,-46.434
-0.361,-0.12,-0.729,9.155,-11.292,5.676,-173.194,47.45,-46.5
-0.462,-0.207,-0.812,11.23,-6.165,-3.357,-172.48,47.917,-46.247
-0.41,-0.244,-0.875,9.094,24.963,-2.808,-171.716,47.351,-45.851
-0.163,-0.27,-0.853,7.629,21.606,1.038,-171.134,46.066,-45.753
-0.232,-0.265,-0.847,-7.08,-3.845,5.92,-170.843,45.769,-45.456
-0.238,-0.142,-0.798,-6.47,-9.094,4.211,-171.167,45.939,-45.379
-0.3,-0.212,-0.784,-3.967,-17.883,-13.611,-170.92,46.483,-44.489
-0.358,-0.111,-0.821,-5.188,-20.142,-16.479,-170.678,47.274,-43.231
-0.372,-0.175,-0.836,3.235,-20.386,-32.654,-169.865,48.065,-41.424
-0.319,-0.222,-0.831,-5.798,-13.0,-25.757,-169.074,48.538,-39.496
-0.328,-0.172,-0.851,-15.198,-30.151,-16.479,-168.926,49.301,-37.93
-0.56,-0.122,-0.915,-11.841,-43.518,-10.254,-169.08,50.949,-36.727
-0.793,-0.103,-1.06,-5.066,-19.775,-6.958,-169.096,52.614,-35.936
-0.588,-0.124,-0.948,-7.141,-1.404,-5.432,-169.091,53.097,-35.59
-0.604,-0.015,-0.927,-12.695,-15.442,9.705,-169.799,53.663,-35.953
-0.618,0.016,-0.938,-6.653,9.46,11.536,-170.711,53.882,-36.936
-0.485,-0.0,-0.902,0.183,10.681,3.845,-171.129,53.432,-37.634
-0.491,-0.038,-0.881,2.075,0.977,8.423,-171.348,53.35,-38.26
-0.444,-0.054,-0.821,0.061,5.554,7.263,-171.65,53.218,-38.979
-0.446,-0.024,-0.771,-0.793,-0.977,6.775,-171.969,53.201,-39.523
-0.442,-0.019,-0.731,0.732,-0.061,9.155,-172.271,53.317,-40.117
-0.378,0.004,-0.686,4.578,-6.592,18.066,-172.628,53.448,-41.078
-0.535,0.035,-0.727,3.723,-7.08,35.217,-173.221,54.075,-42.693
-0.416,0.046,-0.696,13.733,-3.601,31.616,-173.952,54.404,-44.945
-0.536,0.009,-0.724,15.991,-24.597,28.076,-174.133,55.283,-46.785
-0.638,-0.015,-0.811,13.855,1.526,34.424,-174.419,56.157,-48.746
-0.613,-0.035,-0.937,15.259,6.714,35.95,-174.869,56.085,-50.993
-0.591,-0.091,-0.933,14.465,8.972,33.752,-175.287,56.019,-53.185
-0.594,-0.107,-1.106,16.724,-14.465,12.634,-175.303,55.767,-54.63
-0.771,-0.14,-1.049,3.845,19.653,19.531,-174.946,56.14,-54.981
-0.331,-0.108,-0.892,12.695,16.541,26.428,-175.193,54.981,-56.31
-0.54,-0.074,-0.87,9.705,-19.348,43.457,-175.54,55.388,-58.013
-0.664,-0.043,-0.843,18.188,11.169,44.617,-176.149,55.662,-60.447
-0.472,-0.116,-0.772,24.048,11.719,37.109,-176.078,55.042,-62.468
-0.553,-0.153,-0.837,24.109,20.142,32.959,-175.77,54.465,-64.16
-0.437,-0.173,-0.83,23.987,31.128,34.668,-175.347,53.234,-65.709
-0.334,-0.169,-0.826,26.489,19.714,38.452,-174.946,52.108,-67.434
-0.426,-0.214,-0.863,25.574,17.212,38.086,-174.38,51.427,-69.06
-0.305,-0.216,-0.86,24.231,16.724,38.147,-173.93,50.548,-70.664
-0.286,-0.254,-0.85,19.775,7.751,37.231,-173.425,50.037,-72.026
-0.257,-0.234,-0.86,15.93,1.465,45.532,-173.183,49.933,-73.477
-0.422,-0.204,-1.082,10.315,-13.672,53.955,-173.337,50.164,-75.377
-0.533,-0.078,-1.067,2.502,5.066,69.946,-174.15,50.784,-77.833
-0.14,0.115,-0.909,4.578,3.235,92.285,-175.875,50.323,-81.854
-0.356,0.133,-0.917,19.47,-31.982,73.303,-177.204,50.982,-86.012
-0.557,0.096,-0.946,14.893,-13.184,58.411,-178.022,52.031,-89.308
-0.405,0.134,-0.923,18.494,1.587,60.425,-178.77,51.976,-92.291
-0.369,0.098,-0.898,28.198,-2.136,68.298,-179.412,51.779,-95.839
-0.368,0.064,-0.803,36.011,-15.991,66.711,-179.577,51.976,-99.355
-0.494,0.035,-0.764,43.152,-20.02,79.102,-179.588,52.723,-103.255
-0.566,0.025,-0.781,46.326,-6.165,91.797,-179.747,53.196,-107.847
-0.497,0.028,-0.81,48.95,-0.427,100.342,179.923,53.058,-113.005
-0.506,0.038,-0.851,48.645,0.427,93.262,179.703,52.91,-117.988
-0.443,0.024,-0.829,45.105,-2.991,90.088,179.583,52.811,-122.596
-0.464,0.047,-0.839,37.231,-7.507,83.13,179.247,52.943,-126.953
-0.502,0.044,-0.85,34.363,-12.024,79.956,178.879,53.207,-130.941
-0.552,0.115,-0.865,29.541,-12.268,85.449,178.165,53.591,-135.066
-0.583,0.115,-0.932,34.119,-11.475,86.792,177.292,53.844,-139.466
-0.577,0.068,-0.99,39.795,5.005,79.102,176.726,53.696,-143.657
-0.345,-0.044,-0.824,38.269,-1.465,71.777,176.704,53.168,-147.217
-0.426,-0.04,-0.765,27.649,-23.865,72.876,176.495,53.47,-150.601
-0.554,0.011,-0.824,32.593,-1.343,71.472,176.045,53.855,-154.006
-0.514,-0.01,-0.892,36.072,14.099,68.909,176.039,53.174,-157.066
-0.348,-0.056,-0.873,38.33,11.353,65.308,176.375,52.119,-159.868
-0.426,-0.054,-0.811,33.02,-21.24,60.974,176.666,52.267,-162.609
-0.56,-0.066,-0.764,34.79,-17.212,58.044,177.05,53.08,-165.053
-0.617,-0.038,-0.76,35.706,-9.705,62.622,177.177,53.591,-167.734
-0.525,-0.136,-0.776,28.198,5.005,51.331,177.55,53.536,-169.788
-0.489,-0.1,-0.778,16.052,0.549,40.771,177.517,53.421,-171.299
-0.483,-0.116,-0.841,7.629,1.831,23.682,177.528,53.454,-171.936
-0.491,-0.078,-0.94,-0.061,3.784,16.357,177.506,53.394,-171.887
-0.595,0.072,-1.002,-4.761,-5.859,32.104,176.885,53.427,-172.447
-0.465,0.066,-0.888,-3.174,-1.465,25.818,176.177,53.498,-173.359
-0.354,0.107,-0.827,-9.338,-0.793,15.625,175.507,53.399,-173.87
-0.449,0.179,-0.813,-19.775,-10.803,20.63,174.419,53.575,-174.397
-0.513,0.276,-0.85,-16.174,14.404,23.804,172.826,53.355,-175.331
-0.417,0.27,-0.896,-3.479,35.828,16.968,171.865,51.905,-175.875
-0.187,0.218,-0.891,5.676,40.1,11.902,171.755,49.68,-175.913
-0.221,0.232,-0.877,8.789,11.719,13.428,171.799,48.214,-176.298
-0.325,0.207,-0.881,9.155,3.052,16.846,171.931,47.648,-176.979
-0.351,0.235,-0.869,9.949,6.531,19.958,171.903,47.071,-177.869
-0.325,0.256,-0.877,13.855,7.08,22.888,171.969,46.456,-178.824
-0.269,0.21,-0.911,18.188,7.324,19.226,172.304,45.807,-179.731
-0.22,0.18,-0.898,15.259,-8.423,15.564,172.727,45.593,179.484
-0.354,0.225,-0.92,12.451,-18.982,25.574,172.782,46.088,178.248
-0.434,0.265,-0.898,14.099,-32.349,35.156,172.628,47.0,176.49
-0.637,0.318,-0.885,24.597,-20.264,40.527,172.463,48.164,174.337
-0.476,0.184,-0.917,35.095,-7.324,32.288,173.073,48.373,172.694
-0.283,0.04,-0.885,39.062,15.503,28.381,174.183,47.856,171.573
-0.173,-0.081,-0.767,34.79,-31.372,28.809,175.479,47.774,170.316
-0.681,-0.045,-0.959,30.029,-20.63,35.4,176.309,49.378,168.596
-0.394,-0.052,-0.972,28.625,35.583,40.405,177.056,48.587,167.025
-0.098,-0.072,-0.956,20.142,23.865,38.33,177.72,46.758,165.399
-0.127,-0.041,-0.911,5.31,-15.503,26.978,177.863,46.335,163.559
-0.272,0.013,-0.827,1.16,-24.658,14.038,177.715,47.104,162.164
-0.325,0.001,-0.766,3.54,-25.146,8.911,177.72,48.054,161.279
-0.537,-0.016,-0.808,5.127,-25.085,1.221,177.935,49.213,160.878
-0.464,-0.069,-0.794,7.202,-2.686,-6.409,178.528,49.763,161.334
-0.465,-0.061,-0.836,3.418,2.93,-1.587,179.011,49.9,161.938
-0.315,-0.095,-0.836,3.235,14.221,-5.554,179.511,49.417,162.559
-0.198,-0.066,-0.735,-7.568,-12.207,-2.747,179.681,49.34,162.971
-0.365,-0.025,-0.678,-12.634,-36.316,-6.592,179.44,50.674,163.136
-0.392,0.024,-0.583,-11.841,-30.884,-11.963,179.214,52.366,163.762
-0.558,0.078,-0.726,-9.338,-40.894,-6.836,179.011,54.097,164.471
-0.746,0.032,-0.869,-1.16,-21.24,-7.996,178.995,55.937,165.163
-0.979,0.148,-1.188,-8.118,3.906,11.353,178.846,56.404,165.762
-0.57,0.102,-1.12,6.958,50.232,10.742,178.511,54.932,165.624
-0.229,0.13,-1.092,-7.019,23.438,22.583,178.209,52.811,165.284
-0.464,0.208,-1.052,-10.559,-21.79,17.456,177.089,52.8,164.064
-0.547,0.198,-0.902,-9.521,-7.812,-3.784,176.259,53.421,163.641
-0.543,0.19,-0.853,-10.437,-7.324,-6.47,175.842,53.778,164.114
-0.476,0.194,-0.784,-7.446,6.775,-0.977,175.358,53.8,164.438
-0.402,0.202,-0.761,-4.761,5.188,4.822,174.908,53.438,164.581
-0.345,0.197,-0.722,-0.732,6.042,5.676,174.485,53.086,164.416
-0.322,0.206,-0.683,0.183,-7.141,7.08,174.139,53.058,164.136
-0.43,0.216,-0.68,1.587,-12.756,10.254,173.705,53.52,163.597
-0.394,0.25,-0.629,5.188,-12.268,14.16,173.243,53.932,162.905
-0.451,0.244,-0.648,11.353,-19.165,7.019,172.996,54.662,162.257
-0.424,0.167,-0.63,16.296,-17.517,-6.897,173.441,55.514,162.383
-0.629,0.125,-0.844,13.55,-27.344,-4.15,174.051,56.717,162.768
-0.792,0.103,-0.99,13.733,-7.629,0.793,174.457,57.629,162.894
-0.635,-0.017,-1.158,10.864,-0.305,-9.216,175.331,57.761,163.652
-0.884,0.026,-1.224,7.69,26.978,-4.456,175.886,57.958,164.312
-0.407,-0.056,-1.109,6.47,38.147,-2.808,176.726,56.107,165.207
-0.241,0.0,-0.929,-8.179,-8.545,17.334,176.715,55.107,164.987
-0.512,0.116,-0.812,-10.132,-26.672,26.733,175.545,55.953,163.328
-0.568,0.174,-0.761,-2.991,-9.705,21.362,174.474,56.541,161.785
-0.594,0.131,-0.731,7.874,-5.371,8.789,174.144,56.761,161.01
-0.62,0.033,-0.765,11.475,9.46,-0.488,174.622,56.7,161.186
-0.493,0.036,-0.759,8.118,13.428,8.057,175.073,56.146,161.483
-0.447,0.017,-0.757,13.123,12.329,9.399,175.446,55.607,161.362
-0.487,0.013,-0.786,14.526,1.343,9.583,175.984,55.327,161.087
-0.505,-0.042,-0.809,16.479,9.46,4.761,176.732,55.058,160.933
-0.498,-0.06,-0.816,8.545,8.24,3.601,177.407,54.734,161.016
-0.361,-0.057,-0.763,0.732,13.428,9.827,177.643,54.146,160.884
-0.376,0.022,-0.726,-11.292,-8.484,20.935,177.034,53.992,159.944
-0.511,0.069,-0.761,-9.705,0.671,12.939,176.177,54.207,158.967
-0.38,0.068,-0.744,-11.536,2.258,5.554,175.589,53.926,158.643
-0.313,0.04,-0.651,-12.573,-17.395,-8.057,175.133,54.36,158.736
-0.416,0.072,-0.685,-20.02,-39.185,-6.592,174.617,55.712,158.978
-0.797,0.228,-0.814,-21.301,-43.091,4.028,173.436,57.87,158.643
-0.728,0.268,-0.864,-0.916,-12.817,-3.296,172.744,59.161,158.676
-0.903,0.311,-1.06,3.784,-12.512,9.033,172.639,59.705,158.747
-0.715,0.185,-1.085,23.682,31.799,-0.854,172.991,59.321,158.687
-0.335,0.044,-1.027,3.235,12.573,9.521,173.826,57.909,159.109
-0.562,0.127,-0.973,-19.104,-25.574,8.301,172.864,58.293,158.192
-0.562,0.231,-0.828,-23.499,-18.188,-8.545,171.733,59.178,157.967
-0.675,0.277,-0.779,-17.578,-20.935,-12.573,170.909,60.238,158.34
-0.592,0.263,-0.702,-7.935,-2.319,-12.268,170.667,60.793,159.12
-0.576,0.265,-0.689,-0.793,-7.629,-3.601,170.557,61.046,159.576
-0.573,0.235,-0.679,7.568,9.46,-2.869,170.684,61.057,159.868
-0.415,0.21,-0.622,7.935,3.479,3.845,170.958,60.628,160.093
-0.522,0.221,-0.625,8.057,-8.362,5.737,170.859,60.859,159.763
-0.476,0.193,-0.595,10.437,0.427,0.488,170.98,60.941,159.692
-0.531,0.177,-0.613,7.263,-11.414,-1.343,171.216,61.287,159.824
-0.452,0.125,-0.607,3.784,-4.761,-5.554,171.519,61.556,160.197
-0.465,0.133,-0.619,1.892,-17.578,-10.071,171.612,62.243,160.543
-0.87,0.137,-0.911,-9.338,-28.381,-8.24,171.738,63.452,161.087
-0.725,0.146,-0.821,-5.31,10.193,-15.991,171.392,64.116,161.598
-0.904,0.085,-0.94,-20.935,-24.78,-23.376,171.936,64.435,163.422
-0.913,0.175,-0.947,-11.23,11.353,-21.851,171.766,65.127,164.877
-0.801,0.167,-0.932,-7.568,24.597,-7.446,172.205,64.495,166.525
-0.549,0.174,-0.839,2.441,20.447,10.193,172.178,63.27,166.882
-0.499,0.141,-0.774,4.944,7.202,16.724,171.936,62.518,166.273
-0.559,0.126,-0.75,3.235,-1.709,8.911,171.634,62.287,165.515
-0.538,0.08,-0.686,1.221,-1.709,-3.052,171.744,62.276,165.493
-0.581,0.067,-0.665,-1.892,-0.854,-10.681,171.969,62.479,166.02
-0.586,0.026,-0.679,-1.953,5.127,-18.066,172.628,62.485,167.228
-0.719,0.067,-0.752,-2.869,5.981,-10.864,173.139,62.501,168.387
-0.616,0.042,-0.688,5.92,12.817,-7.202,173.705,62.155,169.294
-0.682,0.062,-0.761,10.803,23.071,6.531,174.402,61.49,169.854
-0.478,0.052,-0.784,16.418,36.621,20.691,174.803,59.848,169.453
-0.43,0.053,-0.82,10.193,26.978,16.479,175.051,58.189,168.745
-0.414,0.057,-0.758,-1.465,11.841,4.639,175.095,57.173,168.278
-0.476,0.052,-0.721,-8.667,-5.31,-6.653,174.99,57.019,168.311
-0.472,0.069,-0.663,-10.437,-3.113,-12.268,174.891,57.338,168.854
-0.419,0.087,-0.607,-8.057,-10.498,-7.568,174.781,57.733,169.426
-0.434,0.049,-0.693,-6.653,-13.367,-4.456,174.694,58.343,169.761
-0.556,0.087,-0.75,-7.751,-30.396,-1.77,174.326,59.359,169.706
-0.629,0.091,-0.76,-15.564,-23.193,2.747,173.886,60.787,169.678
-1.024,0.391,-0.958,-32.959,-38.757,33.997,171.568,62.221,168.217
-0.855,0.401,-0.949,3.174,24.78,5.066,169.997,62.084,167.146
-0.652,0.323,-0.963,12.024,27.771,-3.54,170.618,60.837,167.882
-0.451,0.112,-0.933,27.527,18.921,-19.287,172.249,59.705,169.014
-0.522,0.034,-0.899,10.071,0.61,-3.662,173.469,59.496,169.656
-0.597,0.086,-0.907,-0.183,6.165,5.432,173.639,59.211,169.486
-0.481,0.189,-0.84,-2.075,6.897,20.447,173.024,58.574,168.525
-0.545,0.226,-0.823,2.808,0.305,17.883,172.403,58.277,167.261
-0.469,0.163,-0.715,9.399,-5.188,5.432,172.343,58.156,166.492
-0.579,0.166,-0.723,3.479,-5.249,6.042,172.359,58.436,166.031
-0.478,0.166,-0.663,3.296,7.202,6.775,172.293,58.293,165.729
-0.452,0.216,-0.684,3.967,3.235,11.292,172.084,57.925,165.284
-0.479,0.234,-0.716,9.521,4.272,18.188,171.865,57.662,164.471
-0.477,0.256,-0.729,13.794,-3.723,25.024,171.53,57.409,163.098
-0.456,0.198,-0.689,13.184,-10.498,17.639,171.321,57.541,161.719
-0.552,0.208,-0.715,9.094,-17.639,7.141,171.183,58.145,160.807
-0.476,0.161,-0.67,10.742,-4.517,-2.93,171.42,58.645,160.626
-0.592,0.161,-0.786,7.263,-18.433,1.709,171.711,59.194,160.576
-0.839,0.198,-0.927,6.531,-8.972,12.268,171.573,59.897,160.005
-0.634,0.162,-0.802,13.123,-3.967,12.817,171.546,60.046,159.39
-0.791,0.072,-0.942,17.7,-19.104,1.343,172.002,60.568,159.066
-0.605,-0.029,-0.987,17.395,14.587,-6.165,173.172,60.617,159.576
-0.457,0.02,-0.904,-1.343,-10.376,14.404,173.458,60.491,159.296
-0.605,0.118,-0.855,1.709,-13.0,11.719,172.925,61.007,158.06
-0.487,0.058,-0.777,7.08,-11.108,-2.441,173.232,61.326,157.687
-0.644,0.064,-0.715,2.625,-23.682,-4.272,173.562,62.298,157.577
-0.652,0.024,-0.654,6.348,-7.202,-7.446,174.051,63.111,157.841
-0.63,0.031,-0.643,1.648,0.122,2.014,174.518,63.292,158.225
-0.644,0.033,-0.705,6.348,15.198,-0.793,174.776,63.001,158.428
-0.67,0.03,-0.757,4.944,11.902,-4.211,175.386,62.441,159.06
-0.538,0.011,-0.678,4.761,10.742,-4.578,175.984,61.996,159.725
-0.621,0.066,-0.728,0.732,10.01,3.662,176.243,61.694,160.093
-0.543,0.062,-0.724,0.122,15.381,5.92,176.243,61.046,160.126
-0.476,0.043,-0.701,-2.869,12.451,5.066,176.083,60.425,160.016
-0.411,0.018,-0.666,-13.123,-4.578,-5.615,175.792,60.244,160.137
-0.512,0.052,-0.63,-20.691,-16.296,-17.883,175.402,60.991,160.856
-0.61,0.071,-0.667,-21.423,-15.015,-19.714,175.128,61.886,162.087
-0.689,0.121,-0.766,-13.611,-0.61,-15.076,174.996,62.347,163.378
-0.651,0.131,-0.774,-4.211,2.441,-9.094,175.007,62.463,164.317
-0.775,0.164,-0.993,-4.211,0.916,3.113,175.045,62.21,164.806
-0.711,0.172,-0.949,2.136,13.428,9.033,174.655,61.952,164.476
-0.647,0.226,-1.011,-1.831,12.268,13.123,174.243,61.068,164.064
-0.586,0.167,-0.936,-3.723,-0.671,-0.061,173.881,60.694,163.707
-0.655,0.195,-0.879,-10.193,-7.08,-4.944,173.524,60.897,163.823
-0.704,0.2,-0.837,-9.949,-2.258,-10.193,173.21,61.161,164.273
-0.629,0.217,-0.766,-8.24,6.042,-5.981,173.013,61.111,164.938
-0.57,0.216,-0.731,-3.174,9.521,-5.127,172.82,60.754,165.394
-0.435,0.188,-0.616,0.0,8.789,-4.272,172.853,60.364,165.91
-0.389,0.175,-0.563,-0.977,-2.93,1.892,172.744,60.183,166.075
-0.411,0.191,-0.542,0.244,-3.845,8.911,172.31,60.348,165.701
-0.428,0.219,-0.566,5.31,-1.221,18.188,171.727,60.32,164.85
-0.432,0.206,-0.586,10.62,-3.601,29.236,171.041,60.15,163.323
-0.395,0.157,-0.639,10.742,-8.85,25.085,170.305,60.095,161.521
-0.851,0.176,-0.953,1.831,-16.663,13.489,169.766,60.732,160.373
-0.633,0.142,-0.786,2.563,8.484,11.23,169.327,60.754,159.774
-0.902,0.099,-1.129,-5.859,-20.325,1.526,169.327,60.688,159.862
-1.025,0.246,-1.156,11.292,49.194,0.977,169.151,60.326,159.994
-0.48,0.053,-1.001,12.39,58.044,-9.155,170.733,57.596,161.697
-0.261,0.074,-0.892,-1.953,9.399,2.258,171.431,55.887,162.449
-0.525,0.135,-0.856,-1.343,-14.343,3.723,171.299,56.162,162.032
-0.528,0.124,-0.806,0.549,-5.676,6.042,171.189,56.464,161.532
-0.501,0.114,-0.743,0.793,-9.521,-4.028,171.233,56.81,161.4
-0.453,0.058,-0.688,0.916,-11.536,-14.893,171.595,57.371,161.884
-0.519,0.031,-0.656,-2.075,-16.479,-22.217,172.183,58.315,162.938
-0.589,0.04,-0.644,-3.296,-22.766,-20.63,172.809,59.507,164.246
-0.535,0.063,-0.614,4.089,-6.836,-14.282,173.43,60.485,165.454
-0.537,0.031,-0.642,9.155,2.38,-8.545,174.287,60.754,166.465
-0.43,-0.007,-0.611,11.78,7.263,-9.277,175.298,60.579,167.426
-0.375,-0.046,-0.59,5.676,-4.517,-13.489,176.237,60.683,168.382
-0.594,-0.042,-0.7,-4.272,-21.973,-16.907,177.056,61.496,169.508
-0.875,0.079,-0.919,-8.179,-2.563,-10.925,177.22,62.408,170.508
-0.7,0.107,-1.021,-12.878,5.676,-2.991,177.264,61.902,171.42
-0.957,0.27,-1.217,0.0,30.823,-0.305,176.682,61.49,171.486
-0.487,0.152,-1.164,0.671,45.593,3.723,177.028,59.167,171.914
-0.425,0.184,-1.06,-5.859,0.061,3.967,176.528,58.129,171.403
-0.613,0.138,-0.879,-7.507,-20.203,-10.254,176.276,58.793,171.37
-0.668,0.155,-0.782,-9.888,-12.512,-9.094,175.984,59.628,171.656
-0.567,0.153,-0.706,-6.348,1.709,-6.531,175.776,59.859,172.15
-0.482,0.18,-0.636,-2.869,-3.418,0.854,175.523,59.881,172.397
-0.498,0.135,-0.612,4.028,2.93,2.075,175.32,59.952,172.315
-0.393,0.129,-0.565,-0.427,4.761,6.226,175.204,59.727,172.26
-0.368,0.163,-0.569,2.136,-1.953,12.329,174.716,59.557,171.711
-0.469,0.201,-0.623,5.737,-9.033,22.339,174.078,59.799,170.59
-0.511,0.206,-0.703,11.902,5.066,29.907,173.37,59.711,168.92
-0.35,0.152,-0.709,15.32,5.981,17.151,173.134,59.062,167.569
-0.802,0.152,-1.024,6.897,-23.621,14.282,172.974,59.595,166.498
-0.559,0.084,-0.834,9.705,12.39,7.385,172.837,59.744,165.74
-0.851,0.065,-1.144,-5.127,-35.522,5.859,172.875,60.161,165.487
-0.916,0.155,-1.119,15.259,34.729,0.793,172.76,60.282,165.146
-0.364,-0.031,-0.957,13.489,29.663,-0.488,174.095,58.48,165.932
-0.46,0.073,-0.858,-2.625,-17.334,25.269,173.76,58.425,164.817
-0.513,0.109,-0.73,2.686,-7.568,20.02,173.035,58.804,163.109
-0.61,0.124,-0.713,2.625,-15.198,13.306,172.716,59.2,162.021
-0.558,0.034,-0.685,12.695,10.864,-3.723,173.007,59.348,161.724
-0.394,-0.025,-0.664,5.92,6.165,-6.348,173.952,58.81,162.394
-0.476,-0.002,-0.637,-2.563,-9.338,-5.615,174.276,59.062,162.631
-0.534,0.019,-0.607,-6.653,-14.343,-12.329,174.49,59.749,163.169
-0.674,0.028,-0.674,-1.343,10.925,-18.921,174.913,60.32,164.366
-0.4,-0.032,-0.602,-4.578,16.357,-12.634,175.693,59.65,166.02
-0.314,0.007,-0.593,-9.705,-4.395,-4.883,175.803,59.425,166.816
-0.695,0.138,-0.83,-7.751,-18.799,-0.305,175.435,60.298,166.827
-0.663,0.163,-0.904,2.747,-0.061,0.305,175.413,60.595,166.888
-0.981,0.177,-1.195,5.493,-12.024,-2.136,175.781,60.771,167.009
-0.832,0.164,-1.2,7.996,23.193,-0.244,176.193,60.403,167.157
-0.59,0.19,-1.095,3.967,13.184,0.488,176.385,59.354,167.086
-0.627,0.156,-0.906,-1.465,-11.169,-10.01,176.627,59.474,167.294
-0.712,0.153,-0.813,-5.432,0.488,-12.207,176.655,59.881,167.778
-0.543,0.124,-0.733,-7.935,13.55,-14.709,176.743,59.447,168.712
-0.438,0.138,-0.703,-9.644,22.339,-4.028,176.534,58.716,169.415
-0.314,0.17,-0.656,-8.057,15.564,6.165,175.984,57.75,169.382
-0.285,0.185,-0.61,-2.136,6.775,14.648,175.287,57.101,168.651
-0.184,0.181,-0.57,0.671,2.136,20.752,174.512,56.591,167.333
-0.48,0.226,-0.655,3.418,-16.724,24.231,173.578,56.893,165.52
-0.31,0.187,-0.685,8.24,2.38,18.982,173.029,56.618,163.998
-0.639,0.231,-0.815,7.202,-13.367,20.203,172.502,57.036,162.532
-0.302,0.222,-0.76,10.315,11.658,24.78,172.101,56.475,161.153
-0.701,0.229,-1.055,15.259,-26.55,22.827,171.793,56.602,159.428
-0.796,0.137,-1.058,15.32,-13.0,21.729,171.678,57.239,157.714
-0.746,0.064,-1.104,7.69,-23.438,10.742,171.76,57.623,156.621
-0.929,0.142,-1.131,5.005,4.761,4.089,171.601,58.293,155.912
-0.58,0.043,-0.987,7.141,11.169,-6.348,172.365,57.777,156.368
-0.533,0.06,-0.873,-0.488,-2.869,9.277,172.524,57.722,156.072
-0.404,0.111,-0.699,4.272,-7.935,17.578,172.277,57.766,154.929
-0.441,0.133,-0.598,9.888,-20.813,29.114,171.859,58.337,153.012
-0.52,0.123,-0.581,17.273,-18.433,33.386,171.464,58.98,150.727
-0.594,0.094,-0.603,26.428,-2.625,32.593,171.381,59.293,148.618
-0.531,0.021,-0.649,26.794,3.235,27.405,171.865,58.925,146.975
-0.446,0.048,-0.553,22.095,4.578,23.499,172.238,58.848,145.459
-0.386,0.0,-0.562,20.142,-6.104,16.541,172.93,58.557,144.355
-0.275,0.041,-0.391,14.16,-21.545,19.836,173.073,59.326,142.773
-0.827,0.04,-0.687,12.878,-52.551,23.621,173.177,61.051,140.971
-0.876,0.158,-0.848,19.409,1.221,37.964,172.496,62.144,138.56
-0.717,0.087,-0.924,28.992,17.761,31.311,172.595,61.754,136.697
-0.895,0.242,-1.132,18.372,-7.935,60.669,172.117,61.337,133.737
-0.618,0.244,-1.048,30.579,22.522,67.078,171.068,60.2,129.435
-0.877,0.325,-1.249,30.151,1.77,56.641,170.338,59.425,125.31
-0.56,0.18,-0.987,31.86,9.155,38.086,170.667,58.392,122.344
-0.586,0.191,-0.807,24.292,-15.869,38.574,170.634,58.376,119.333
-0.631,0.161,-0.743,26.489,-1.648,32.532,170.7,58.519,116.543
-0.415,0.132,-0.598,27.649,2.38,37.659,170.953,58.002,113.813
-0.502,0.161,-0.621,25.208,-10.803,47.058,170.788,57.991,110.424
-0.529,0.189,-0.67,30.579,-1.404,48.706,170.563,57.832,106.754
-0.546,0.173,-0.83,31.494,3.784,53.04,170.546,57.266,103.085
-0.667,0.276,-0.935,33.325,11.414,66.772,170.195,56.536,98.8
-0.542,0.167,-0.983,41.931,21.362,66.101,170.299,54.954,94.356
-0.324,0.034,-0.857,46.387,4.639,50.598,170.898,53.663,90.181
-0.309,-0.105,-0.7,37.292,-14.221,48.523,171.854,53.399,86.451
-0.669,0.025,-0.826,29.053,-31.921,64.941,171.925,53.987,81.859
-0.696,-0.016,-0.87,52.307,15.137,63.782,172.31,53.888,76.696
-0.423,-0.082,-0.782,45.044,13.611,65.552,173.48,52.575,71.878
-0.41,-0.096,-0.79,34.119,-1.099,70.19,174.062,51.828,66.874
-0.51,-0.009,-0.798,23.987,-5.92,77.759,173.837,51.509,61.425
-0.471,0.043,-0.794,26.672,-7.019,76.05,173.535,51.196,55.97
-0.53,0.057,-0.833,31.921,-15.503,71.289,173.447,51.257,50.696
-0.588,0.029,-0.822,28.931,-29.175,65.613,173.441,51.927,45.604
-0.675,-0.011,-0.86,25.33,-21.362,55.298,173.386,52.883,40.941
-0.616,-0.054,-0.882,11.414,-24.048,40.649,173.21,53.635,37.029
-0.766,0.071,-1.026,-5.737,-3.906,39.062,172.375,54.267,33.679
-0.314,0.212,-0.863,-9.827,14.648,47.546,171.14,53.575,30.449
-0.221,0.34,-0.876,-1.221,0.916,62.988,169.601,52.372,26.708
-0.411,0.327,-0.968,18.188,-0.305,51.331,168.453,51.79,22.747
-0.349,0.274,-0.969,32.043,6.958,40.894,168.602,50.861,19.814
-0.298,0.171,-0.875,36.438,-1.648,44.556,169.376,50.054,17.133
-0.342,0.203,-0.79,31.372,-15.869,51.819,169.794,49.807,13.898
-0.414,0.233,-0.7,35.461,-22.339,48.096,170.134,50.125,10.453
-0.492,0.21,-0.681,40.649,-21.362,44.556,170.739,50.724,7.042
-0.475,0.192,-0.721,38.818,-5.432,53.162,171.403,51.01,3.444
-0.406,0.24,-0.816,36.194,-4.7,58.472,171.755,50.746,-0.472
-0.417,0.256,-0.913,37.598,-8.301,63.232,171.903,50.592,-4.697
-0.405,0.264,-1.027,32.837,-18.799,65.552,171.92,50.62,-8.97
-0.569,0.268,-0.986,36.621,-33.691,62.378,171.617,51.597,-13.546
-0.75,0.145,-1.02,43.701,-27.039,45.105,172.139,52.663,-17.221
-0.47,0.001,-0.822,54.382,-4.395,41.443,173.43,52.894,-20.253
-0.307,-0.138,-0.67,48.279,-20.691,45.227,174.946,53.174,-23.093
-0.649,-0.071,-0.778,44.25,-21.118,50.11,175.82,54.25,-26.279
-0.527,-0.147,-0.833,45.715,28.748,48.889,177.001,53.635,-29.24
-0.284,-0.165,-0.841,36.56,39.917,50.415,178.143,51.751,-31.866
-0.224,-0.112,-0.907,25.513,4.822,49.5,178.759,50.405,-34.508
-0.321,-0.12,-0.877,23.804,-1.709,35.828,179.33,50.251,-36.601
-0.357,-0.118,-0.835,12.756,-15.442,28.198,179.819,50.422,-38.128
-0.479,-0.062,-0.827,9.094,-11.353,13.672,-179.929,51.075,-39.144
-0.398,-0.128,-0.773,4.7,-11.536,4.761,-179.412,51.4,-39.474
-0.581,-0.055,-0.824,-3.235,-7.751,-5.859,-179.286,52.108,-39.474
-0.41,-0.109,-0.739,-3.113,6.348,-19.104,-178.753,52.07,-38.644
-0.397,-0.082,-0.697,-11.658,-9.888,-15.686,-178.506,52.262,-37.7
-0.509,-0.076,-0.709,-10.498,-14.954,-25.452,-178.292,53.069,-36.546
-0.469,-0.104,-0.652,-12.39,-9.46,-27.039,-177.918,53.784,-35.112
-0.379,-0.131,-0.578,-23.071,-24.353,-31.189,-177.709,54.673,-33.464
-0.796,-0.002,-0.854,-31.372,-39.673,-23.132,-178.094,56.591,-31.992
-0.921,0.093,-1.029,-20.203,-8.362,-20.874,-178.484,57.783,-30.992
-0.718,0.124,-1.085,-12.573,26.978,-7.629,-178.704,57.42,-30.536
-0.579,0.207,-1.228,-18.982,36.56,-2.258,-179.456,55.816,-30.751
-0.16,0.258,-1.1,-12.207,44.495,-16.846,-179.967,53.306,-30.388
-0.191,0.19,-0.913,-2.747,-8.24,-25.024,179.973,52.366,-29.465
-0.408,0.071,-0.837,-1.709,-16.846,-22.705,-179.632,52.938,-28.262
-0.393,0.107,-0.756,-5.92,-6.897,-8.301,-179.687,53.344,-27.719
-0.395,0.105,-0.725,-4.15,-5.066,0.183,179.989,53.509,-27.812
-0.435,0.146,-0.751,-4.7,-3.113,6.47,179.451,53.591,-28.378
-0.502,0.138,-0.812,3.54,9.949,5.066,179.083,53.427,-29.086
-0.247,0.105,-0.746,1.343,6.348,12.939,178.863,52.696,-29.916
-0.369,0.17,-0.747,-2.502,-27.893,23.804,178.105,53.229,-31.311
-0.46,0.188,-0.702,6.531,-22.583,21.24,177.341,54.349,-33.096
-0.539,0.207,-0.715,7.141,-29.968,25.513,176.765,55.585,-35.035
-0.613,0.219,-0.757,16.296,-2.38,17.7,176.309,56.245,-37.024
-0.372,0.139,-0.721,14.038,-5.554,16.113,176.534,56.288,-38.337
-0.518,0.198,-0.86,12.146,-24.597,25.33,176.094,57.052,-40.248
-0.899,0.202,-1.0,17.212,-24.597,19.409,175.798,58.304,-42.198
-0.659,-0.009,-0.912,23.865,-2.502,-1.404,176.55,58.733,-43.039
-0.875,-0.034,-0.927,5.981,-20.813,2.014,177.242,59.557,-43.204
-0.788,-0.03,-1.021,11.353,27.527,7.935,177.61,58.947,-43.583
-0.333,-0.027,-0.899,6.409,44.983,24.658,177.803,56.909,-44.363
-0.235,0.08,-0.842,-2.014,-4.028,33.875,177.111,55.701,-45.972
-0.466,0.106,-0.801,7.263,-22.217,20.325,176.44,56.234,-47.51
-0.611,0.065,-0.755,12.146,-16.113,13.977,176.429,57.063,-48.543
-0.597,0.019,-0.755,16.235,7.935,9.216,176.819,57.211,-49.274
-0.4,-0.019,-0.676,14.099,7.568,4.211,177.49,56.662,-49.642
-0.513,-0.05,-0.738,7.446,-4.761,-1.77,178.11,56.7,-49.664
-0.534,-0.047,-0.735,2.747,6.47,-9.644,178.654,56.7,-49.274
-0.553,-0.056,-0.771,-2.93,9.399,-14.221,179.253,56.409,-48.373
-0.416,-0.028,-0.75,-4.395,17.334,-10.315,179.604,55.701,-47.576
-0.426,-0.015,-0.741,-2.869,2.686,-11.78,179.896,55.382,-46.868
-0.363,-0.064,-0.664,-4.517,-5.249,-11.475,-179.731,55.41,-46.082
-0.409,-0.078,-0.593,-14.526,-16.479,-12.024,-179.747,56.14,-45.335
-0.485,0.001,-0.694,-21.729,-15.808,-11.292,179.819,57.003,-44.566
-0.659,0.097,-0.854,-25.085,-18.738,-4.089,178.984,57.859,-44.198
-0.784,0.158,-1.165,-21.912,-18.86,-1.282,178.077,58.464,-44.066
-0.851,0.296,-1.129,-11.108,29.358,8.423,176.699,58.799,-44.786
-0.618,0.282,-1.202,-2.686,34.424,2.808,176.336,57.09,-45.055
-0.368,0.169,-1.074,8.118,20.691,-8.606,176.506,55.492,-45.093
-0.537,0.12,-0.969,-0.244,-3.906,-10.498,176.951,55.184,-44.583
-0.479,0.12,-0.851,-3.723,7.812,-4.089,176.913,55.003,-44.357
-0.441,0.151,-0.754,-10.681,-5.798,2.319,176.484,54.915,-44.456
-0.435,0.181,-0.661,-6.531,-0.244,2.197,175.82,55.069,-44.874
-0.309,0.172,-0.559,-2.502,2.136,3.906,175.397,54.965,-45.269
-0.29,0.196,-0.572,0.0,1.343,16.907,174.847,54.816,-46.214
-0.255,0.228,-0.574,5.005,2.869,30.029,174.04,54.399,-48.021
-0.298,0.24,-0.58,11.169,-14.709,34.424,173.205,54.399,-50.411
-0.41,0.25,-0.658,15.503,-22.583,33.02,172.452,55.042,-53.091
-0.89,0.238,-1.125,18.433,-22.705,27.222,172.128,55.844,-55.415
-0.643,0.143,-1.094,19.348,0.732,20.569,172.156,55.778,-57.189
-0.816,0.036,-1.227,15.564,-19.531,1.77,172.639,56.442,-57.964
-0.829,-0.008,-1.202,16.602,25.879,-8.606,173.584,56.585,-57.689
-0.391,-0.057,-1.001,1.587,24.048,8.362,174.49,55.217,-57.129
-0.39,0.112,-0.843,-8.484,-18.433,25.452,173.914,54.888,-57.887
-0.628,0.188,-0.838,8.118,0.671,27.161,173.112,55.399,-59.398
-0.404,0.114,-0.734,11.292,-6.897,23.621,173.073,55.025,-60.716
-0.591,0.098,-0.756,15.198,-7.812,14.343,173.123,55.481,-61.897
-0.419,0.056,-0.636,10.742,-5.615,8.179,173.496,55.613,-62.562
-0.542,0.053,-0.68,10.132,-6.47,-4.578,173.936,56.107,-62.748
-0.519,-0.003,-0.688,5.554,5.493,-17.761,174.82,56.234,-62.04
-0.532,-0.02,-0.703,-0.183,-0.793,-26.672,175.798,56.349,-60.606
-0.5,-0.009,-0.732,0.061,9.46,-25.818,176.71,56.437,-58.986
-0.433,-0.025,-0.735,-0.122,9.888,-20.935,177.643,56.107,-57.458
-0.339,-0.037,-0.724,-4.517,1.099,-12.878,178.204,55.876,-56.349
-0.464,0.024,-0.81,-7.324,-3.54,-10.315,178.281,56.157,-55.58
-0.453,-0.012,-0.869,-6.714,-15.686,-11.536,178.533,56.398,-54.69
-0.675,0.085,-0.92,-6.042,-21.79,-10.864,178.44,57.651,-54.091
-0.808,0.121,-0.976,-8.057,-26.855,-2.197,178.506,58.513,-53.646
-0.911,0.108,-1.082,-0.427,12.024,-12.207,178.61,58.964,-53.256
-0.513,0.224,-1.113,-4.883,45.227,16.418,178.193,57.079,-53.569
-0.358,0.152,-0.998,1.587,11.169,-11.169,178.028,55.574,-53.789
-0.533,0.113,-0.89,-6.042,-6.897,-17.334,178.27,55.569,-52.987
-0.564,0.104,-0.799,-10.559,0.244,-17.334,178.292,55.778,-52.075
-0.494,0.147,-0.738,-7.935,6.897,-8.972,178.077,55.646,-51.487
-0.417,0.142,-0.683,-0.488,9.094,-1.587,177.924,55.311,-51.389
-0.28,0.134,-0.614,4.822,4.15,7.263,177.814,54.899,-51.801
-0.381,0.125,-0.61,3.906,-10.376,15.015,177.517,55.063,-52.756
-0.46,0.176,-0.687,3.296,1.404,22.217,176.951,55.212,-54.113
-0.338,0.162,-0.671,9.155,4.639,18.616,176.468,54.844,-55.662
-0.3,0.113,-0.644,6.226,-12.085,10.071,176.27,54.954,-56.695
-0.736,0.119,-0.935,-0.244,-23.926,10.254,175.919,55.887,-57.508
-0.817,0.098,-1.126,4.761,12.329,5.554,175.616,55.959,-58.233
-0.541,0.042,-1.056,2.136,29.541,-2.869,175.798,55.047,-58.167
-0.622,0.043,-1.167,2.991,25.635,-6.042,176.144,54.091,-57.7
-0.395,-0.024,-1.116,8.606,24.78,0.122,176.814,52.663,-57.178
-0.276,-0.026,-0.973,-3.174,-3.357,18.127,176.874,51.982,-57.442
-0.453,0.085,-0.889,-10.925,-18.921,22.827,176.05,52.476,-58.37
-0.452,0.142,-0.795,-6.714,-15.137,15.381,175.15,53.004,-59.326
-0.578,0.141,-0.806,0.122,-9.766,7.324,174.694,53.591,-59.919
-0.463,0.092,-0.743,7.507,5.493,3.601,174.809,53.569,-60.205
-0.433,0.057,-0.725,11.536,4.517,1.587,175.243,53.377,-60.326
-0.368,0.004,-0.714,11.23,8.301,-0.916,175.875,53.086,-60.315
-0.353,-0.043,-0.711,4.517,-2.502,-9.705,176.556,52.899,-59.87
-0.406,-0.029,-0.663,-4.333,-10.193,-14.465,176.99,53.322,-59.03
-0.508,-0.014,-0.672,-6.287,-11.047,-20.02,177.33,54.009,-57.887
-0.442,-0.034,-0.676,-6.592,1.831,-16.357,177.731,54.294,-56.673
-0.417,0.024,-0.768,-7.507,-0.549,-8.911,177.786,54.437,-55.909
-0.586,0.056,-0.874,-5.432,-10.315,-3.845,177.792,54.86,-55.453
-0.5,0.056,-0.811,-2.625,-15.93,-6.531,177.841,55.525,-55.151
-0.972,0.16,-1.187,-4.944,2.136,-3.174,177.814,55.882,-54.866
-0.513,0.069,-1.157,0.977,54.749,-6.592,178.292,54.031,-54.272
-0.256,0.253,-1.171,-14.954,5.066,19.348,177.479,52.454,-54.794
-0.542,0.215,-1.051,-0.916,-3.723,-4.944,176.935,52.723,-55.201
-0.416,0.148,-0.874,-1.709,-11.841,-11.841,176.968,52.899,-54.849
-0.539,0.105,-0.802,-4.578,-9.277,-13.55,177.023,53.536,-54.289
-0.462,0.133,-0.731,-5.371,1.526,-6.348,176.902,53.69,-53.904
-0.37,0.121,-0.697,-0.671,6.958,-3.235,176.797,53.459,-53.806
-0.333,0.131,-0.679,-1.221,-0.183,6.409,176.638,53.278,-54.047
-0.337,0.142,-0.664,1.648,-4.272,15.076,176.226,53.289,-54.866
-0.42,0.19,-0.658,3.174,-15.442,24.719,175.589,53.652,-56.321
-0.502,0.191,-0.709,4.7,-4.822,22.644,174.924,54.102,-58.09
-0.441,0.26,-0.75,4.761,-4.15,16.907,174.364,54.124,-59.595
-0.489,0.234,-0.83,10.559,1.465,5.31,174.282,54.234,-60.59
-0.535,0.19,-0.969,13.489,0.427,4.089,174.6,54.135,-61.139
-0.534,0.126,-0.925,14.16,2.014,10.254,174.897,54.207,-61.902
-0.346,-0.02,-0.928,17.883,-1.465,0.183,175.562,54.003,-62.292
-0.821,0.042,-1.079,4.089,-0.183,5.066,175.836,54.514,-62.468
-0.45,-0.05,-1.029,7.263,8.606,-4.639,176.424,53.762,-62.177
-0.574,-0.002,-0.99,2.319,0.0,0.061,176.77,53.778,-61.842
-0.476,0.026,-0.873,3.113,-3.723,14.221,176.819,53.712,-62.133
-0.536,0.071,-0.806,5.859,-1.648,19.592,176.666,53.844,-62.974
-0.478,0.049,-0.765,9.033,4.456,16.968,176.627,53.685,-63.957
-0.433,0.034,-0.768,9.521,7.568,8.362,176.836,53.377,-64.55
-0.345,-0.023,-0.747,7.568,6.104,-0.305,177.286,53.086,-64.649
-0.37,-0.029,-0.737,2.014,-2.747,-10.803,177.792,53.009,-64.149
-0.396,-0.042,-0.687,0.061,-0.305,-18.555,178.38,53.124,-63.105
-0.606,-0.006,-0.735,-5.066,-2.93,-15.381,178.885,53.383,-61.913
-0.509,-0.027,-0.68,1.16,27.832,-24.475,179.445,52.855,-60.765
-0.454,-0.019,-0.662,-12.329,22.095,-30.945,-179.923,51.812,-58.986
-0.332,0.041,-0.659,-9.277,28.931,-24.597,-179.714,50.801,-57.442
-0.382,-0.004,-0.815,-11.658,4.15,-20.081,-179.555,50.153,-56.228
-0.547,0.077,-0.969,-7.08,11.475,-12.207,-179.643,50.032,-55.432
-0.438,0.092,-1.235,-11.536,-1.221,1.282,-179.824,49.587,-55.151
-0.771,0.242,-1.424,7.202,43.518,2.686,179.599,49.329,-55.778
-0.11,0.09,-1.356,8.179,41.687,-9.216,-179.687,46.725,-55.426
-0.067,0.043,-1.097,-3.296,-14.221,-14.587,-179.528,46.132,-54.855
-0.417,0.032,-0.896,-12.878,-32.593,-27.283,-179.566,47.582,-53.476
-0.373,0.053,-0.834,-16.846,-26.123,-26.917,-179.797,48.796,-52.048
-0.369,0.082,-0.743,-22.583,-21.912,-20.935,179.742,49.966,-50.784
-0.324,0.164,-0.688,-18.86,-21.301,-6.348,178.929,50.9,-50.202
-0.217,0.137,-0.555,-10.681,-20.142,-1.038,178.099,51.855,-50.444
-0.345,0.167,-0.593,-10.132,-42.786,5.981,177.325,53.168,-50.988
-0.491,0.157,-0.579,-3.845,-22.827,9.338,176.385,54.866,-52.169
-0.423,0.183,-0.633,-3.479,-18.372,6.653,175.754,55.673,-53.201
-0.853,0.185,-1.001,3.54,-16.357,-4.211,175.441,56.629,-53.921
-0.66,0.089,-1.0,7.629,7.996,-16.968,176.028,56.893,-53.624
-0.786,0.02,-1.259,3.784,-3.967,-22.888,176.979,56.635,-52.614
-0.568,-0.042,-1.217,3.784,40.161,-26.672,178.039,55.772,-51.108
-0.359,-0.083,-1.041,-5.432,-5.005,-9.338,178.737,55.014,-49.861
-0.562,0.046,-0.846,-8.362,-26.55,11.78,178.182,55.981,-50.131
-0.569,0.083,-0.719,0.671,-19.409,17.334,177.605,56.931,-51.092
-0.653,0.095,-0.716,8.118,-13.977,23.315,177.215,57.673,-52.476
-0.541,0.06,-0.665,18.372,9.155,32.654,177.039,57.601,-54.311
-0.494,0.039,-0.659,23.621,5.127,37.964,177.012,57.206,-56.497
-0.504,0.046,-0.691,32.166,24.353,47.18,177.067,56.547,-59.052
-0.41,-0.027,-0.7,41.565,25.33,43.579,177.654,55.063,-61.666
-0.388,-0.089,-0.688,39.185,17.761,31.738,178.764,54.031,-63.622
-0.358,-0.132,-0.671,24.841,-1.77,22.034,179.813,53.624,-64.869
-0.476,-0.1,-0.704,9.277,-7.202,11.719,-179.599,53.987,-65.446
-0.398,-0.086,-0.792,0.183,-0.488,3.418,-179.269,54.135,-65.424
-0.539,0.046,-0.988,-11.108,-16.602,5.737,-179.615,54.69,-65.402
-0.419,0.062,-0.893,-10.01,-14.832,-3.174,-179.879,55.382,-65.039
-0.886,0.238,-1.205,-19.714,-40.283,2.441,179.247,56.602,-64.984
-0.817,0.173,-1.23,0.732,45.715,-21.79,179.143,56.349,-64.44
-0.315,0.133,-1.098,-11.597,15.076,-18.127,179.484,54.673,-63.133
-0.593,0.136,-0.991,-5.005,-11.841,-22.888,179.418,55.025,-62.183
-0.431,0.034,-0.796,-4.639,-0.916,-22.705,179.901,55.085,-60.837
-0.438,0.084,-0.704,-9.155,-10.498,-9.155,179.775,55.492,-60.145
-0.361,0.054,-0.649,-8.24,-5.249,-3.357,179.434,55.778,-59.974
-0.265,0.1,-0.553,-13.733,-10.681,-0.61,178.841,56.14,-59.903
-0.448,0.149,-0.626,-5.92,-20.447,10.437,178.044,56.761,-60.348
-0.445,0.149,-0.621,-0.305,0.366,21.912,177.226,57.189,-61.578
-0.472,0.243,-0.673,2.747,-16.052,33.325,176.149,57.255,-63.545
-0.64,0.217,-0.741,18.127,-5.981,30.884,175.276,57.854,-66.006
-0.734,0.19,-0.869,26.733,-9.521,40.588,175.133,58.019,-68.329
-0.857,0.106,-0.945,44.128,9.766,64.453,174.858,58.206,-71.873
-0.699,-0.064,-1.168,45.715,8.484,41.565,175.441,56.931,-75.026
-0.693,-0.032,-1.251,43.701,72.632,37.048,176.583,55.294,-76.674
-0.087,-0.184,-1.089,37.842,38.269,41.504,177.968,52.234,-78.074
-0.22,-0.111,-0.877,2.625,-28.015,47.363,177.836,52.064,-79.904
-0.517,0.06,-0.741,-5.737,-44.8,34.912,176.732,53.915,-81.546
-0.609,0.095,-0.698,1.587,-25.085,20.691,176.023,55.338,-82.612
-0.62,0.051,-0.653,5.249,-11.475,12.024,175.858,56.162,-83.177
-0.604,0.008,-0.687,9.583,11.292,15.808,175.974,56.129,-83.54
-0.608,0.0,-0.741,14.099,27.832,31.433,175.979,55.173,-84.54
-0.407,-0.041,-0.736,17.578,35.767,26.917,176.248,53.432,-85.573
-0.323,0.008,-0.682,8.728,3.662,29.602,176.358,52.586,-86.506
-0.452,0.038,-0.688,9.338,-5.92,28.503,176.204,52.679,-87.621
-0.399,0.063,-0.723,16.174,8.667,37.842,176.083,52.57,-88.978
-0.31,0.089,-0.728,14.526,-8.24,50.598,175.792,52.322,-91.049
-0.477,0.108,-0.926,14.221,-36.194,55.908,175.182,52.932,-93.73
-0.569,0.115,-1.021,14.954,-23.132,50.232,174.271,54.261,-96.702
-0.925,0.294,-1.21,4.761,-22.949,62.073,172.947,55.217,-99.723
-0.688,0.261,-1.167,17.578,24.841,59.509,171.898,54.481,-102.777
-0.468,0.329,-1.244,24.536,33.508,53.955,171.343,52.487,-105.474
-0.331,0.166,-1.057,38.696,14.526,29.602,172.156,51.015,-107.084
-0.215,-0.001,-0.797,33.142,-12.085,22.522,173.447,50.702,-108.034
-0.445,0.046,-0.725,19.592,-31.494,36.072,173.837,51.685,-109.506
-0.434,0.097,-0.642,20.752,-15.32,45.715,173.705,52.377,-111.555
-0.486,0.147,-0.708,19.409,-15.137,54.749,173.337,52.784,-114.06
-0.497,0.209,-0.813,24.963,-1.404,63.416,172.809,52.69,-117.081
-0.494,0.201,-0.903,25.33,-7.324,66.04,172.381,52.377,-120.333
-0.596,0.271,-1.035,22.766,-15.259,69.824,171.727,52.251,-123.805
-0.596,0.247,-1.024,36.56,-8.118,63.66,171.167,52.333,-127.452
-0.512,0.147,-0.915,41.626,-8.911,62.683,171.387,52.273,-130.616
-0.349,0.0,-0.755,48.706,-9.216,66.345,171.964,52.136,-133.813
-0.423,-0.089,-0.714,42.175,-30.579,71.899,172.59,52.388,-137.142
-0.708,-0.041,-0.792,44.8,-11.108,72.815,172.711,53.273,-140.696
-0.549,-0.11,-0.832,46.753,19.104,72.021,173.425,52.482,-143.608
-0.396,-0.101,-0.844,38.086,21.24,81.238,173.908,51.119,-146.613
-0.328,-0.042,-0.861,33.875,10.254,78.247,174.111,49.916,-149.749
-0.446,0.004,-0.887,35.4,-1.099,75.134,174.353,49.449,-152.825
-0.359,-0.068,-0.844,36.499,-2.502,67.261,174.864,49.098,-155.682
-0.445,-0.087,-0.847,26.855,-14.099,60.547,175.232,49.373,-158.181
-0.357,-0.158,-0.843,23.743,-4.639,39.795,175.66,49.565,-159.846
-0.397,-0.216,-0.966,7.08,-10.254,23.926,176.105,49.878,-160.362
-0.61,-0.078,-1.021,-17.944,-23.865,17.456,175.71,50.784,-160.197
-0.494,0.084,-0.935,-23.621,3.54,28.748,174.337,51.229,-160.499
-0.25,0.201,-0.84,-26.123,8.85,39.307,172.502,50.598,-161.587
-0.33,0.37,-0.83,-14.771,-26.733,47.485,170.585,50.427,-163.581
-0.59,0.357,-0.884,7.446,-4.15,52.307,169.025,50.757,-166.476
-0.375,0.248,-0.844,18.25,5.066,39.246,168.635,49.982,-168.602
-0.385,0.229,-0.864,21.606,8.362,44.8,168.662,49.246,-170.48
-0.293,0.248,-0.825,22.583,-2.93,52.063,168.64,48.4,-172.793
-0.364,0.27,-0.76,22.095,-19.165,57.434,168.47,48.279,-175.644
-0.417,0.312,-0.759,24.841,-16.785,58.96,168.14,48.472,-178.808
-0.349,0.331,-0.785,28.32,-7.874,59.814,167.975,48.312,178.143
-0.398,0.325,-0.901,32.898,-17.029,55.176,168.019,48.17,175.166
-0.307,0.275,-0.91,32.898,-15.747,51.819,168.3,48.164,172.354
-0.621,0.324,-1.042,26.611,-41.565,60.12,168.3,48.944,169.195
-0.571,0.225,-0.983,35.583,-25.391,52.368,168.382,49.581,166.036
-0.471,0.089,-0.902,36.987,-13.855,40.344,169.014,49.993,163.746
-0.27,-0.015,-0.781,35.095,-18.25,35.583,169.898,50.246,161.922
-0.464,0.002,-0.779,30.09,-39.917,43.762,170.524,51.504,159.593
-0.72,0.054,-0.918,40.71,-1.831,55.237,171.041,51.982,156.83
-0.383,-0.066,-0.883,42.725,28.931,46.204,172.337,50.609,154.935
-0.241,-0.035,-0.876,25.696,-4.517,35.706,173.221,49.697,152.82
-0.369,-0.051,-0.807,17.456,-12.207,13.794,174.04,49.966,151.106
-0.437,-0.022,-0.79,13.916,-9.033,7.629,174.732,50.367,149.98
-0.271,-0.098,-0.724,13.916,5.188,-6.897,175.765,50.389,149.705
-0.305,-0.117,-0.713,-3.54,-31.189,-10.132,176.572,50.795,149.54
-0.4,-0.098,-0.656,-7.812,-21.667,-23.132,176.852,52.229,149.524
-0.42,-0.058,-0.595,-17.334,-34.302,-18.066,177.089,53.63,150.09
-0.46,-0.036,-0.616,-13.367,-19.165,-19.592,177.1,55.08,150.864
-0.515,-0.024,-0.704,-15.442,-30.518,-19.104,177.297,56.321,152.221
-0.97,0.181,-1.055,-21.484,-16.541,-5.615,176.781,57.887,153.314
-0.995,0.3,-1.217,-5.92,36.682,-1.221,176.501,57.019,154.506
-0.39,0.128,-1.231,1.831,50.293,-25.696,177.144,54.476,156.292
-0.322,0.176,-1.106,-16.357,0.549,-16.968,177.226,53.536,157.725
-0.386,0.134,-0.879,-10.681,-22.522,-28.442,177.149,54.25,158.851
-0.44,0.135,-0.699,-12.756,-28.992,-22.827,177.155,55.574,160.137
-0.509,0.15,-0.653,-14.709,-28.992,-13.123,176.748,56.992,160.911
-0.61,0.186,-0.681,-11.902,-5.371,-14.16,176.331,57.859,161.9
-0.367,0.181,-0.605,-7.812,10.132,1.953,176.023,57.431,162.757
-0.442,0.299,-0.701,4.15,1.282,22.888,175.193,57.096,162.301
-0.43,0.258,-0.711,26.367,-4.15,30.945,174.869,56.865,160.928
-0.463,0.301,-0.745,35.645,-14.465,36.804,174.941,57.047,159.033
-0.482,0.127,-0.733,43.823,-17.578,14.771,175.693,57.64,157.39
-0.467,-0.012,-0.753,20.752,-24.414,-8.728,177.034,58.447,157.412
-0.889,-0.007,-0.964,0.305,-30.884,-11.963,177.671,59.914,158.121
-0.531,-0.106,-0.777,-7.568,-0.061,-25.696,178.077,60.639,159.538
-0.955,-0.052,-0.945,-30.579,-43.03,-15.991,178.072,61.88,161.279
-0.924,0.048,-0.97,-6.592,14.16,-14.954,177.654,62.529,162.631
-0.714,0.007,-0.92,2.075,29.602,4.333,178.094,61.452,163.883
-0.439,-0.003,-0.822,7.507,17.09,20.508,177.946,60.249,163.531
-0.483,0.031,-0.755,6.47,2.441,15.564,177.803,59.81,162.779
-0.499,0.023,-0.676,8.179,-6.409,4.7,177.913,59.936,162.444
-0.524,-0.013,-0.62,5.676,-4.944,-7.69,178.451,60.266,162.966
-0.58,-0.051,-0.62,5.371,0.488,-19.287,179.313,60.48,164.323
-0.635,-0.151,-0.708,-1.953,19.165,-34.546,-179.242,60.161,166.992
-0.55,-0.092,-0.706,-13.489,29.663,-25.146,-178.5,59.211,169.761
-0.301,-0.063,-0.672,-10.681,29.297,-23.193,-178.127,57.816,172.112
-0.374,-0.053,-0.711,-12.695,-2.93,-16.357,-177.863,57.261,173.639
-0.37,-0.056,-0.735,-10.437,9.033,-12.634,-177.775,57.112,174.573
-0.372,-0.03,-0.799,-13.611,-18.25,-1.953,-177.979,57.047,174.858
-0.786,0.041,-0.935,-13.55,-31.982,0.977,-178.616,58.447,174.644
-0.626,0.087,-0.908,-7.874,-4.639,10.193,-179.105,59.189,174.738
-0.992,0.214,-1.064,-3.723,-16.602,19.226,179.775,60.139,173.837
-0.736,0.196,-1.062,12.329,39.917,11.353,179.604,59.052,173.513
-0.423,0.128,-1.037,14.954,22.583,10.071,179.747,57.404,173.029
-0.491,-0.016,-0.93,6.47,-14.221,-11.414,-179.67,57.387,173.227
-0.639,0.021,-0.832,-8.24,-6.775,-7.324,-179.599,58.002,173.776
-0.547,0.084,-0.73,-11.292,-1.343,3.54,179.89,58.068,174.001
-0.456,0.154,-0.643,-4.822,7.935,17.273,179.033,57.87,173.562
-0.34,0.16,-0.599,3.845,6.653,23.682,178.248,57.343,172.485
-0.324,0.156,-0.565,9.644,1.099,24.902,177.698,57.074,171.14
-0.512,0.168,-0.614,16.541,2.319,26.55,177.264,57.052,169.623
-0.456,0.16,-0.635,14.954,2.869,24.048,177.034,56.684,168.349
-0.455,0.144,-0.706,18.921,5.005,17.578,176.99,56.563,167.399
-0.526,0.112,-0.852,19.409,-7.507,17.273,177.209,56.365,166.569
-0.838,0.027,-1.012,22.705,-3.113,8.972,177.687,56.849,165.91
-0.761,-0.083,-1.256,19.47,10.925,-2.686,178.649,56.255,166.058
-0.828,-0.071,-1.309,14.099,56.274,-10.437,179.648,55.349,166.866
-0.225,-0.148,-1.086,14.343,42.542,-8.484,-179.088,52.537,167.899
-0.271,-0.123,-0.98,-5.92,-5.188,6.104,-178.676,51.63,167.421
-0.446,0.042,-0.826,-10.193,-11.414,12.39,-179.368,52.119,166.009
-0.449,0.018,-0.79,0.061,-6.287,5.188,-179.681,52.333,165.064
-0.51,-0.054,-0.841,3.479,-0.916,-3.052,-179.478,52.515,164.877
-0.42,-0.075,-0.821,-0.977,0.244,1.221,-179.242,52.41,164.916
-0.398,-0.063,-0.772,-2.075,-11.658,7.324,-179.341,52.707,164.366
-0.481,-0.058,-0.745,0.427,-10.986,1.892,-179.319,53.328,163.889
-0.561,-0.054,-0.786,1.038,-0.122,1.343,-179.16,53.586,163.845
-0.485,-0.118,-0.822,4.7,15.259,-7.568,-178.687,53.212,164.361
-0.299,-0.142,-0.743,-7.446,5.859,1.404,-178.363,52.608,164.663
-0.354,-0.059,-0.715,-17.151,-7.507,7.019,-178.945,52.701,163.757
-0.317,0.007,-0.66,-20.935,-13.489,4.089,-179.813,53.058,162.905
-0.375,0.025,-0.634,-17.334,-26.367,-8.545,179.374,54.058,162.471
-0.486,0.014,-0.752,-17.639,-25.33,-12.024,179.011,55.294,162.812
-0.652,0.052,-0.911,-15.991,-23.865,-8.728,178.566,56.552,163.301
-0.805,0.188,-1.152,-20.02,-16.907,6.531,177.748,57.568,163.51
-0.91,0.317,-1.193,-5.493,21.179,15.503,176.506,57.887,163.081
-0.475,0.239,-1.116,2.075,28.625,11.353,176.133,56.36,162.817
-0.381,0.213,-1.041,5.615,4.211,0.793,176.001,55.547,162.422
-0.434,0.131,-0.89,-1.282,-15.93,-10.986,176.155,55.904,162.482
-0.553,0.114,-0.792,-8.423,-20.081,-15.747,176.133,56.843,162.927
-0.491,0.147,-0.705,-12.756,-7.69,-8.545,175.787,57.453,163.482
-0.366,0.172,-0.62,-12.512,-10.742,2.808,175.095,57.783,163.575
-0.442,0.244,-0.597,-9.338,-23.132,16.907,173.914,58.596,162.719
-0.533,0.282,-0.64,-2.808,-23.254,25.024,172.54,59.447,161.208
-0.468,0.227,-0.52,4.578,-24.658,17.029,171.31,60.551,159.675
-0.629,0.176,-0.607,6.592,-21.484,14.465,170.777,61.567,158.906
-0.651,0.25,-0.684,14.465,8.85,25.391,170.074,61.743,157.868
-0.414,0.178,-0.695,17.639,19.104,18.372,170.09,60.776,157.198
-0.655,0.225,-1.011,10.437,-22.949,10.925,170.184,60.595,156.489
-0.729,0.218,-0.876,8.789,3.296,12.207,169.865,61.474,155.495
-1.026,0.14,-1.055,2.747,-10.559,3.54,170.013,61.485,155.281
-0.647,0.114,-0.898,6.714,12.085,-8.423,170.277,61.089,155.643
-0.734,0.036,-0.852,1.404,-8.606,-12.695,171.057,61.37,156.555
-0.652,0.074,-0.774,-2.136,7.141,-2.625,171.442,61.469,157.291
-0.535,0.139,-0.729,-0.732,16.907,17.273,171.2,60.749,157.094
-0.561,0.157,-0.748,6.042,9.033,9.399,170.991,60.101,156.566
-0.458,0.074,-0.652,12.207,10.864,-6.836,171.667,59.601,156.89
-0.509,-0.018,-0.651,6.165,2.319,-21.24,172.798,59.573,158.022
-0.561,-0.024,-0.697,0.061,16.174,-28.503,173.996,59.381,159.901
-0.513,-0.046,-0.702,-4.578,13.245,-33.569,175.215,58.87,162.224
-0.382,-0.071,-0.594,-10.986,3.479,-38.269,176.259,58.837,164.652
-0.498,-0.013,-0.614,-23.804,-12.939,-31.25,176.825,59.414,166.855
-0.449,0.028,-0.613,-17.883,3.296,-21.912,176.852,59.925,168.75
-0.562,0.076,-0.738,-20.935,-21.484,-9.888,176.649,60.342,169.948
-0.868,0.175,-0.982,-7.874,3.662,-12.878,176.237,61.227,170.711
-0.882,0.222,-1.225,-6.775,4.944,3.723,176.375,60.645,171.579
-0.804,0.194,-1.178,9.644,52.551,6.836,175.941,59.766,171.189
-0.413,0.207,-1.114,-4.089,28.076,12.512,175.974,57.365,171.101
-0.534,0.224,-1.022,-1.648,8.789,0.549,175.523,56.618,170.486
-0.329,0.17,-0.775,-6.348,3.113,-12.512,175.435,56.14,170.601
-0.5,0.174,-0.718,-11.292,-22.461,-14.587,175.193,56.816,171.008
-0.562,0.211,-0.677,-6.104,3.357,-7.568,174.908,57.316,171.414
-0.378,0.217,-0.621,2.93,10.803,5.066,174.749,56.761,171.458
-0.436,0.211,-0.648,12.024,6.714,17.029,174.562,56.387,170.689
-0.342,0.211,-0.654,14.587,12.207,24.597,174.364,55.64,169.404
-0.413,0.227,-0.663,18.066,-17.151,21.729,174.183,55.695,167.816
-0.578,0.129,-0.752,23.01,-11.353,8.911,174.507,56.398,166.783
-0.463,0.13,-0.761,10.559,2.991,7.385,174.82,56.426,166.382
-0.525,0.114,-0.959,3.357,-18.188,0.366,174.974,56.629,166.174
-0.765,0.146,-0.999,1.465,-22.034,6.592,174.749,57.662,165.74
-0.604,0.045,-0.843,6.47,-17.212,5.188,174.666,58.59,165.289
-1.049,0.084,-1.039,4.7,-8.789,6.409,174.716,59.409,165.059
-0.65,0.034,-0.994,13.977,38.086,3.113,175.193,58.403,165.333
-0.359,-0.01,-0.958,8.179,23.438,10.01,175.803,56.761,165.454
-0.41,0.041,-0.884,2.197,-4.089,12.573,175.792,56.255,164.68
-0.411,0.051,-0.724,2.197,-16.418,8.972,175.666,56.552,163.751
-0.723,0.04,-0.761,1.343,-22.583,3.845,175.567,57.579,163.081
-0.562,0.014,-0.71,6.836,14.954,-6.47,176.017,57.557,163.548
-0.425,-0.018,-0.658,4.089,4.272,-5.31,176.622,57.151,164.312
-0.489,-0.04,-0.65,3.235,9.705,-12.573,177.237,57.09,165.289
-0.391,-0.07,-0.625,-4.272,8.24,-11.963,177.841,56.602,166.52
-0.493,-0.074,-0.654,-11.963,0.854,-21.667,178.105,56.684,167.844
-0.5,-0.053,-0.67,-19.348,9.766,-20.63,178.27,56.558,169.64
-0.437,0.015,-0.708,-17.7,13.733,-9.155,178.017,56.096,170.936
-0.354,0.051,-0.818,-12.756,9.644,-0.488,177.605,55.519,171.409
-0.488,0.109,-0.956,-7.019,-16.968,1.16,177.171,55.854,171.227
-0.686,0.161,-1.054,-7.385,-11.963,1.587,176.765,56.838,170.98
-1.003,0.26,-1.284,5.31,15.015,6.714,176.418,56.909,170.673
-0.41,0.158,-1.194,8.362,46.326,5.676,176.814,54.833,170.695
-0.35,0.148,-1.091,-4.272,-10.01,1.038,176.66,53.976,170.261
-0.455,0.104,-0.894,-13.184,-33.447,-22.4,176.479,55.036,170.508
-0.605,0.107,-0.762,-19.775,-31.738,-24.902,176.221,56.711,171.469
-0.619,0.188,-0.758,-18.982,-1.648,-16.541,175.748,57.634,172.546
-0.444,0.204,-0.68,-10.071,8.423,-4.15,175.298,57.371,173.216
-0.368,0.192,-0.631,0.244,6.653,0.793,174.99,57.03,173.304
-0.332,0.175,-0.618,4.578,-5.005,5.066,174.88,56.882,173.095
-0.438,0.175,-0.635,10.376,-7.08,12.695,174.781,57.211,172.452
-0.43,0.233,-0.653,9.399,-14.954,28.137,174.243,57.437,170.986
-0.681,0.255,-0.699,13.184,-22.4,23.987,173.551,58.403,169.206
-0.531,0.198,-0.674,19.287,-6.653,5.188,173.644,58.782,168.519
-0.53,0.104,-0.709,20.386,-5.005,-1.099,174.38,59.2,168.651
-0.652,0.069,-0.851,13.977,-14.221,10.498,174.924,59.716,168.552
-0.615,0.072,-0.799,14.282,-11.963,16.418,174.919,60.304,167.75
-0.868,0.014,-0.962,15.564,-11.414,8.179,175.188,60.952,167.108
-0.83,0.022,-1.13,12.268,22.278,13.306,175.704,60.375,166.91
-0.558,-0.002,-1.086,18.86,31.86,15.747,176.072,58.936,166.322
-0.496,-0.017,-0.921,10.071,-10.681,23.071,176.506,58.222,165.416
-0.651,0.069,-0.812,12.085,-9.583,27.588,176.127,58.766,163.608
-0.629,0.039,-0.732,13.489,-9.155,24.292,176.056,59.052,162.131
-0.589,0.009,-0.714,16.846,8.728,17.883,176.177,58.997,161.093
-0.407,-0.038,-0.599,13.428,6.104,13.55,176.611,58.585,160.587
-0.449,-0.052,-0.629,7.08,-1.038,10.315,176.863,58.535,160.131
-0.51,-0.033,-0.634,3.845,0.244,-0.061,177.127,58.711,160.115
-0.53,-0.086,-0.682,3.296,12.085,-13.367,177.852,58.524,161.01
-0.337,-0.096,-0.598,-7.69,8.057,-11.902,178.418,58.063,162.114
-0.396,-0.046,-0.602,-17.578,-12.268,-12.268,178.401,58.398,162.856
-0.341,0.01,-0.568,-23.315,-23.926,-8.667,177.984,59.238,163.4
-0.713,0.132,-0.783,-23.01,-37.72,-6.042,177.039,61.051,163.537
-0.735,0.163,-0.904,-11.902,-7.324,-17.822,176.754,62.325,164.465
-1.043,0.288,-1.175,-9.033,-17.761,-3.296,176.594,62.628,165.223
-0.952,0.243,-1.216,5.371,39.368,-2.441,176.561,62.292,165.558
-0.476,0.213,-1.091,-1.526,26.367,7.385,176.512,60.315,165.624
-0.523,0.132,-0.887,-1.831,-14.832,-17.517,176.495,60.128,165.795
-0.61,0.103,-0.751,-6.226,-9.46,-21.79,176.847,60.864,166.8
-0.522,0.097,-0.644,-8.301,-6.653,-14.893,177.072,61.265,167.86
-0.445,0.144,-0.586,-5.92,0.854,-2.808,176.874,61.408,168.305
-0.407,0.148,-0.559,-1.892,-0.671,2.197,176.534,61.381,168.234
-0.38,0.17,-0.575,2.136,-1.831,9.155,176.133,61.293,167.783
-0.491,0.166,-0.596,5.676,-17.334,12.756,175.627,61.776,166.871
-0.514,0.175,-0.596,5.432,-10.925,11.841,175.161,62.342,165.992
-0.65,0.164,-0.699,12.451,-11.108,4.211,174.996,62.93,165.405
-0.566,0.08,-0.758,12.085,0.488,2.319,175.413,63.007,165.366
-0.63,0.065,-0.861,5.371,-11.719,11.78,175.43,63.353,164.938
-1.092,0.154,-0.959,0.488,-30.518,24.048,174.501,64.693,163.521
-0.69,-0.005,-0.785,12.39,3.967,3.052,174.337,64.929,162.823
-1.114,0.081,-1.061,8.118,23.743,13.367,174.606,64.847,162.894
-0.451,-0.014,-0.833,18.005,41.321,26.55,174.919,62.639,162.274
-0.613,0.085,-0.83,8.606,-4.15,48.584,174.315,61.71,160.12
-0.816,0.122,-0.702,22.217,25.269,57.373,173.298,61.04,157.006
-0.61,0.126,-0.616,32.959,33.142,56.274,172.826,59.128,154.105
-0.403,0.032,-0.677,40.405,32.532,43.213,173.271,57.288,151.902
-0.267,-0.055,-0.609,28.442,-2.502,38.757,174.029,56.338,149.854
-0.563,0.035,-0.635,20.935,-16.785,33.02,174.089,56.865,147.277
-0.443,-0.012,-0.551,22.888,-2.625,30.151,174.435,57.09,145.278
-0.513,0.004,-0.605,18.25,-7.385,30.457,174.606,57.376,143.24
-0.513,-0.016,-0.69,20.935,-3.601,25.452,174.93,57.552,141.4
-0.368,-0.044,-0.668,15.442,-7.874,32.349,175.139,57.662,139.153
-0.701,0.095,-0.875,8.667,-27.771,40.955,174.518,58.579,135.95
-0.625,0.161,-1.028,21.667,6.592,57.495,173.93,58.315,132.402
-0.886,0.312,-1.304,22.217,-8.057,78.186,172.601,58.25,127.485
-0.61,0.236,-1.199,31.677,4.395,79.468,171.722,57.195,122.481
-0.644,0.369,-1.066,25.269,-18.677,70.801,170.316,56.849,117.125
-0.501,0.231,-0.809,40.1,-5.066,48.889,170.035,56.766,113.066
-0.439,0.144,-0.657,42.603,-16.418,51.636,170.546,56.722,109.622
-0.428,0.14,-0.608,43.762,-10.254,64.697,170.684,56.755,105.337
-0.36,0.159,-0.58,43.274,-12.817,70.984,170.623,56.678,100.481
-0.442,0.168,-0.655,43.64,-15.381,72.083,170.447,56.656,95.361
-0.612,0.24,-0.841,42.908,-2.686,78.308,170.112,56.316,89.945
-0.732,0.155,-0.996,53.223,14.771,70.862,170.376,55.366,84.798
-0.518,0.084,-0.93,54.199,26.917,75.806,171.041,53.701,79.607
-0.313,-0.126,-0.813,55.237,15.686,63.904,172.299,52.053,74.8
-0.57,-0.039,-0.827,29.724,-25.452,75.073,172.667,51.954,69.593
-0.678,-0.028,-0.865,44.861,8.972,72.449,172.974,51.762,64.111
-0.456,-0.078,-0.798,39.978,7.812,77.881,173.595,50.718,58.678
-0.407,-0.064,-0.758,35.461,-2.502,79.102,174.012,50.054,53.196
-0.495,-0.021,-0.765,31.494,-14.771,80.933,174.04,50.059,47.488
-0.533,-0.05,-0.776,28.625,-13.306,72.021,174.056,50.262,42.061
-0.472,-0.092,-0.813,23.01,-4.517,55.298,174.155,50.339,37.447
-0.468,-0.069,-0.958,5.554,-8.362,55.237,174.078,50.262,33.607
-0.642,0.156,-1.007,-1.709,-15.076,65.369,172.853,50.598,29.158
-0.441,0.212,-1.042,8.545,14.526,65.247,171.859,50.032,24.791
-0.144,0.245,-0.91,11.719,-1.099,64.697,171.046,48.862,20.528
-0.28,0.443,-0.93,25.269,-38.818,62.134,170.381,49.197,16.359
-0.527,0.374,-0.902,71.228,-26.306,84.717,170.815,50.103,11.514
-0.38,0.043,-0.83,66.467,-14.038,89.661,172.007,49.982,5.592
-0.395,0.058,-0.767,34.851,-22.4,62.012,172.535,50.169,0.632
-0.449,0.183,-0.711,25.635,-19.226,57.922,172.502,50.702,-3.301
-0.464,0.219,-0.694,26.062,-17.822,56.763,172.2,51.108,-7.416
-0.471,0.278,-0.749,29.297,-8.301,52.002,172.112,51.383,-11.255
-0.379,0.259,-0.817,35.889,-2.38,53.162,172.326,51.185,-14.996
-0.417,0.281,-0.928,40.833,-12.634,50.293,172.667,51.207,-18.726
-0.575,0.174,-1.109,37.109,-22.156,44.739,173.331,51.586,-22.039
-0.574,0.154,-0.988,28.503,-23.254,42.664,173.381,52.531,-25.406
-0.67,0.026,-0.955,27.039,-19.409,22.095,173.842,53.487,-27.757
-0.39,-0.02,-0.77,24.292,-6.653,16.785,174.6,53.789,-29.218
-0.485,-0.05,-0.688,21.362,-39.49,25.452,175.21,54.921,-30.806
-0.782,-0.006,-0.832,29.541,-0.305,32.043,175.616,56.03,-32.899
-0.545,-0.06,-0.868,36.621,42.664,33.142,176.556,54.855,-34.887
-0.253,-0.112,-0.911,29.602,42.48,34.424,177.715,52.465,-36.628
-0.188,-0.077,-0.872,20.874,7.202,27.71,178.369,51.125,-38.293
-0.322,-0.084,-0.775,15.198,-13.062,13.855,179.055,51.163,-39.216
-0.442,-0.11,-0.783,13.367,-7.08,2.38,179.775,51.636,-39.551
-0.443,-0.12,-0.814,4.761,-2.563,-1.587,-179.462,51.685,-39.37
-0.463,-0.125,-0.799,3.784,4.333,-8.301,-178.923,51.724,-39.023
-0.37,-0.137,-0.8,-4.456,2.686,-2.441,-178.369,51.312,-38.419
-0.431,-0.045,-0.851,-2.502,12.207,7.935,-178.605,51.097,-38.754
-0.267,-0.087,-0.859,-8.667,8.057,1.16,-178.588,50.334,-38.749
-0.312,-0.033,-0.783,-14.526,-10.254,-3.418,-179.055,50.488,-38.666
-0.395,-0.049,-0.746,-22.766,-27.588,-16.541,-179.484,51.4,-37.908
-0.42,0.017,-0.664,-26.611,-26.978,-11.047,179.736,52.784,-37.161
-0.438,0.051,-0.677,-24.17,-32.349,-5.615,178.759,54.234,-36.925
-0.734,0.101,-0.811,-19.897,-38.574,-4.089,177.896,56.063,-36.925
-0.774,0.124,-1.006,-6.47,9.338,-9.888,177.616,56.904,-36.81
-0.672,0.234,-1.104,-8.118,14.954,16.479,177.204,56.184,-37.211
-0.569,0.239,-1.133,0.0,26.306,17.212,176.418,55.173,-38.595
-0.353,0.243,-1.056,0.244,8.728,11.78,175.968,54.025,-39.622
-0.499,0.176,-0.938,2.136,-13.672,0.122,175.721,54.19,-40.287
-0.446,0.162,-0.773,1.343,-12.207,-1.099,175.649,54.668,-40.567
-0.55,0.132,-0.73,4.761,-17.761,-0.305,175.611,55.443,-41.001
-0.453,0.122,-0.654,5.432,-1.526,4.272,175.704,55.871,-41.457
-0.489,0.143,-0.669,5.066,-7.019,16.846,175.468,56.058,-42.545
-0.515,0.15,-0.673,4.517,10.864,23.132,175.018,55.871,-44.066
-0.443,0.222,-0.7,5.615,12.512,29.907,174.364,55.036,-45.928
-0.486,0.229,-0.746,10.803,7.69,21.179,173.958,54.553,-47.703
-0.363,0.217,-0.687,11.292,3.052,14.648,173.853,54.185,-49.032
-0.415,0.19,-0.75,14.465,-10.62,5.737,173.958,54.465,-50.081
-0.425,0.092,-0.831,12.146,-11.047,-6.958,174.562,54.943,-50.312
-0.739,0.137,-1.039,-1.709,-25.33,1.465,174.666,55.887,-50.466
-0.428,0.099,-0.897,5.615,17.456,-6.775,174.562,56.003,-50.806
-0.833,0.12,-1.011,-4.578,-25.879,-7.446,174.886,56.409,-50.367
-0.664,0.097,-1.001,12.451,22.339,-12.024,175.342,56.288,-50.021
-0.47,0.031,-0.941,12.878,22.095,-6.042,176.402,55.333,-49.4
-0.292,0.006,-0.821,6.653,5.554,5.676,177.006,54.514,-49.378
-0.43,0.053,-0.76,-1.77,-15.503,6.409,176.979,54.701,-49.73
-0.61,0.103,-0.823,0.549,-1.16,5.005,176.721,55.157,-50.147
-0.475,0.02,-0.827,6.348,13.55,-8.972,177.089,54.717,-50.021
-0.396,-0.019,-0.785,5.188,8.179,-12.39,177.731,54.25,-49.395
-0.521,-0.047,-0.85,2.075,1.709,-11.23,178.363,54.113,-48.636
-0.56,-0.044,-0.781,-1.343,2.808,-2.38,178.737,54.025,-48.159
-0.481,-0.005,-0.763,-0.366,16.113,9.399,178.698,53.558,-48.373
-0.37,0.024,-0.756,-3.54,23.56,22.522,178.391,52.41,-49.191
-0.341,0.092,-0.825,-1.526,19.653,12.939,177.852,51.361,-50.164
-0.287,0.04,-0.862,-4.211,15.564,-1.221,177.792,50.367,-50.219
-0.242,-0.021,-0.745,-13.611,-3.174,-17.761,177.616,50.142,-49.581
-0.294,-0.022,-0.661,-33.691,-24.048,-29.236,177.149,50.933,-47.977
-0.328,0.127,-0.607,-39.246,-26.062,-20.752,175.891,52.245,-46.588
-0.576,0.242,-0.801,-29.541,-39.795,-6.958,174.463,53.904,-46.066
-0.675,0.223,-0.87,-2.197,-3.479,-12.573,173.644,55.322,-46.154
-0.836,0.237,-1.228,-4.333,-3.662,-2.38,173.903,55.327,-45.753
-0.747,0.253,-1.277,5.676,56.03,3.723,173.765,54.366,-46.143
-0.185,0.246,-1.133,-5.371,32.043,-0.549,173.979,51.828,-45.994
-0.44,0.266,-1.038,-10.864,-20.203,-16.968,173.535,51.663,-45.873
-0.495,0.17,-0.858,-14.099,-10.559,-37.903,173.54,52.619,-44.577
-0.414,0.18,-0.722,-19.47,-20.813,-26.55,173.403,53.498,-43.083
-0.457,0.238,-0.636,-16.296,-22.949,-6.042,172.623,54.728,-42.847
-0.435,0.295,-0.595,-4.333,-25.391,5.981,171.804,55.833,-43.599
-0.534,0.265,-0.618,7.446,-12.024,13.977,171.255,56.711,-45.022
-0.497,0.278,-0.653,10.437,-5.31,21.667,170.843,56.931,-46.758
-0.508,0.276,-0.694,15.32,-4.333,18.86,170.585,57.025,-48.593
-0.372,0.225,-0.625,15.686,0.977,7.263,170.645,57.025,-49.933
-0.375,0.158,-0.718,3.906,-24.048,-2.686,170.799,57.645,-50.548
-0.781,0.252,-0.928,-3.113,-34.912,-4.578,170.425,59.271,-51.053
-0.564,0.1,-0.788,11.353,-4.028,-15.259,170.739,60.359,-51.092
-1.036,0.088,-1.01,-0.427,-49.194,-8.911,171.436,61.732,-50.603
-1.001,0.009,-0.983,15.991,32.104,-11.536,171.996,62.463,-50.466
-0.581,-0.06,-0.876,4.211,41.321,3.479,173.293,60.667,-49.543
-0.431,0.089,-0.832,-5.432,17.761,25.391,172.941,59.145,-50.175
-0.5,0.194,-0.838,8.362,14.587,24.902,172.343,58.277,-51.476
-0.46,0.122,-0.785,20.325,7.874,15.991,172.568,57.513,-52.52
-0.474,0.032,-0.76,19.836,7.08,7.568,173.348,57.074,-53.064
-0.458,0.007,-0.724,13.0,7.996,4.089,174.117,56.684,-53.223
-0.405,-0.004,-0.749,7.446,7.568,-3.967,174.792,56.223,-52.96
-0.601,0.019,-0.818,3.967,-6.042,-10.742,175.43,56.349,-52.3
-0.449,-0.042,-0.696,11.597,13.184,-18.555,176.528,56.184,-51.191
-0.375,-0.054,-0.639,2.258,-5.371,-3.113,177.424,56.047,-50.328
-0.387,0.0,-0.573,0.732,-10.376,4.395,177.501,56.525,-50.367
-0.462,0.006,-0.633,-2.014,-9.521,4.028,177.484,57.134,-50.493
-0.432,-0.005,-0.714,-6.531,0.854,1.465,177.352,57.244,-50.515
-0.688,0.128,-0.982,-19.226,-19.958,-0.061,176.748,57.733,-50.438
-0.67,0.204,-1.047,-14.16,3.784,0.427,175.946,58.156,-50.46
-0.994,0.333,-1.228,-2.93,8.728,5.371,175.248,58.151,-50.779
-0.592,0.189,-1.188,11.536,50.903,-0.427,175.671,56.442,-50.762
-0.269,0.168,-1.057,0.0,9.583,7.385,175.864,54.734,-50.883
-0.488,0.125,-0.881,-5.249,-28.442,-6.226,175.556,55.256,-51.086
-0.609,0.13,-0.754,-12.329,-16.846,-9.583,175.221,56.453,-50.779
-0.457,0.137,-0.632,-12.817,-6.104,-6.104,174.716,56.942,-50.526
-0.45,0.208,-0.625,-8.301,-3.418,1.465,174.128,57.189,-50.559
-0.404,0.202,-0.602,-1.648,0.732,10.742,173.6,57.173,-51.18
-0.459,0.215,-0.665,3.418,0.793,12.146,173.167,57.014,-52.092
-0.41,0.223,-0.669,5.92,-0.305,19.653,172.656,56.843,-53.41
-0.439,0.254,-0.677,6.165,-8.423,18.311,172.106,56.948,-54.871
-0.426,0.235,-0.676,12.024,-14.221,7.751,171.854,57.365,-56.074
-0.621,0.182,-0.813,13.489,-14.099,0.854,172.145,58.057,-56.656
-0.898,0.136,-1.031,12.878,-1.77,6.836,172.452,58.519,-57.211
-0.607,0.03,-0.889,14.099,9.46,0.854,172.908,58.266,-57.585
-0.951,0.032,-1.091,0.0,17.883,3.601,173.518,58.233,-57.272
-0.583,0.07,-1.09,1.282,56.03,27.344,173.392,56.157,-57.722
-0.205,0.14,-0.952,1.526,26.306,38.818,172.853,53.707,-58.997
-0.39,0.229,-0.877,12.39,-7.751,56.213,171.958,52.998,-61.419
-0.381,0.155,-0.771,28.625,-2.808,48.34,171.689,52.608,-64.21
-0.445,0.102,-0.745,32.898,-10.193,36.255,172.068,52.537,-66.511
-0.459,0.016,-0.733,29.236,-7.446,19.531,172.991,52.663,-67.89
-0.64,0.036,-0.817,24.109,-4.7,12.573,173.842,53.004,-68.67
-0.56,-0.072,-0.835,25.818,21.057,-6.714,175.232,52.663,-68.478
-0.448,-0.059,-0.818,10.437,14.771,5.554,176.331,51.916,-67.967
-0.435,-0.004,-0.824,9.277,23.071,11.292,176.721,51.097,-68.143
-0.295,0.019,-0.772,2.319,14.221,13.611,176.924,50.142,-68.384
-0.326,0.01,-0.742,-3.113,0.183,0.549,176.852,49.927,-68.445
-0.33,-0.038,-0.734,-14.954,-7.812,-22.827,176.869,50.153,-67.396
-0.41,-0.029,-0.727,-32.41,-10.315,-35.339,176.561,50.916,-65.303
-0.282,0.018,-0.622,-38.269,-20.02,-30.884,175.792,51.757,-63.182
-0.375,0.136,-0.632,-38.513,-56.03,-17.029,174.518,53.795,-61.913
-0.952,0.298,-0.907,-20.081,-34.79,-3.174,173.051,56.585,-61.88
-0.792,0.301,-1.061,-4.395,35.767,10.254,172.535,56.431,-62.012
-0.671,0.367,-1.239,14.221,52.246,18.372,172.205,54.448,-62.869
-0.178,0.219,-1.201,11.963,33.02,10.803,172.826,51.982,-63.243
-0.372,0.276,-1.062,-1.77,-14.282,8.911,172.551,51.471,-63.935
-0.515,0.242,-0.927,-3.418,-9.155,-3.052,172.238,51.954,-64.182
-0.564,0.251,-0.897,-5.127,5.188,-7.202,171.98,52.02,-64.045
-0.424,0.245,-0.825,-2.38,19.714,-2.808,171.931,51.372,-63.644
-0.265,0.257,-0.746,5.005,9.827,1.099,171.881,50.587,-63.682
-0.318,0.211,-0.709,8.911,1.465,5.066,172.051,50.394,-63.995
-0.25,0.183,-0.672,9.583,7.202,6.653,172.2,50.004,-64.484
-0.284,0.205,-0.697,5.005,-1.648,13.916,172.123,49.702,-65.209
-0.332,0.235,-0.689,4.7,-15.015,13.0,171.832,49.905,-66.182
-0.452,0.286,-0.752,7.629,-15.198,14.832,171.491,50.598,-67.357
-0.344,0.207,-0.756,14.404,-8.24,5.676,171.645,50.927,-68.209
-0.542,0.184,-0.996,7.263,-27.771,6.226,171.749,51.79,-68.906
-0.624,0.148,-0.941,10.498,-2.93,1.953,171.766,52.8,-69.521
-0.672,0.083,-1.024,-4.517,-41.443,-4.028,172.194,53.448,-69.192
-0.824,0.154,-0.995,10.681,-5.92,-4.7,171.98,55.036,-69.461
-0.767,0.043,-0.997,11.047,20.325,-4.883,172.963,54.882,-68.868
-0.463,0.052,-0.971,16.418,50.781,1.221,173.848,53.163,-68.439
-0.1,-0.019,-0.82,9.583,22.644,-1.221,174.88,51.213,-67.896
-0.312,0.072,-0.744,-5.737,-27.71,6.775,174.935,51.378,-67.835
-0.612,0.103,-0.715,0.427,-15.625,-2.93,174.694,52.619,-67.967
-0.432,0.013,-0.723,6.042,4.395,-16.907,175.27,52.806,-67.258
-0.586,0.019,-0.845,4.822,5.127,-17.212,176.045,52.855,-66.171
-0.343,-0.063,-0.789,4.761,15.808,-10.437,176.99,52.3,-65.028
-0.221,-0.042,-0.646,-1.343,-19.409,-7.202,177.341,52.465,-64.457
-0.426,0.005,-0.657,-4.272,-16.602,-4.761,177.545,53.547,-63.831
-0.429,0.048,-0.666,-3.479,-12.207,-2.502,177.457,54.24,-63.622
-0.398,-0.009,-0.697,-5.188,-9.094,-13.489,177.676,54.734,-62.968
-0.493,-0.02,-0.836,-14.709,-22.095,-23.865,177.858,55.563,-61.694
-0.619,0.067,-0.883,-22.034,-32.593,-19.043,177.594,57.112,-60.414
-0.966,0.254,-1.168,-20.874,-19.043,1.16,176.858,58.436,-59.903
-0.854,0.283,-1.211,9.583,37.842,2.93,176.309,58.09,-60.309
-0.456,0.209,-1.203,7.202,30.273,8.179,176.726,56.124,-60.518
-0.431,0.157,-1.007,6.531,-0.061,-4.517,176.841,55.349,-60.848
-0.535,0.085,-0.839,-4.089,-16.541,-16.296,177.155,55.805,-60.337
-0.644,0.122,-0.799,-10.925,-0.854,-13.855,177.045,56.442,-59.683
-0.423,0.141,-0.702,-10.071,11.414,-10.071,176.869,56.074,-59.046
-0.347,0.173,-0.657,-3.967,8.362,-1.892,176.561,55.657,-58.881
-0.285,0.15,-0.595,2.197,4.639,3.418,176.396,55.333,-59.106
-0.234,0.143,-0.587,2.075,-1.709,9.583,176.094,55.091,-59.804
-0.526,0.218,-0.689,4.517,-10.193,20.508,175.512,55.53,-61.04
-0.339,0.184,-0.657,14.038,4.944,19.836,175.265,55.195,-62.529
-0.399,0.204,-0.674,17.517,-5.127,27.222,175.023,55.228,-64.319
-0.405,0.152,-0.783,20.691,-11.963,21.79,175.067,55.366,-66.039
-0.851,0.152,-0.987,22.888,-20.325,23.071,175.117,56.393,-67.802
-0.611,-0.028,-0.876,16.479,-7.629,14.282,175.518,56.783,-68.989
-1.173,0.051,-1.222,5.493,-17.517,6.592,175.71,57.629,-69.516
-0.432,-0.11,-1.062,17.517,54.016,-8.179,176.973,55.794,-68.906
-0.241,-0.044,-1.015,0.183,11.292,13.489,177.446,54.223,-68.741
-0.417,0.068,-0.848,-8.484,-25.085,17.395,176.94,54.575,-69.335
-0.547,0.1,-0.743,3.662,-20.569,7.812,176.468,55.569,-69.983
-0.525,0.049,-0.672,7.324,-16.663,0.977,176.699,56.365,-70.142
-0.482,-0.035,-0.615,10.437,-2.869,-7.568,177.275,56.992,-69.928
-0.436,-0.074,-0.637,3.174,-8.179,-13.062,178.105,57.195,-69.115
-0.596,-0.055,-0.699,6.47,-5.371,-20.569,178.89,57.832,-68.033
-0.481,-0.2,-0.748,1.892,-8.85,-22.156,-179.687,57.98,-66.281
-0.736,0.034,-0.76,-2.563,-0.305,-5.615,-179.626,58.914,-65.632
-0.351,-0.109,-0.606,7.446,10.254,-18.921,-178.423,58.304,-64.369
-0.448,-0.083,-0.651,-3.662,-10.864,-5.981,-177.99,58.623,-63.627
-0.489,-0.127,-0.705,-14.771,-13.55,-13.55,-177.77,59.205,-62.628
-0.75,0.014,-0.933,-23.926,-12.085,-15.381,-178.308,60.123,-61.633
-0.574,0.013,-0.977,-28.259,-1.038,-18.555,-178.621,60.282,-60.249
-1.1,0.264,-1.209,-24.658,-7.324,-8.423,-179.863,61.095,-59.738
-0.571,0.144,-1.088,-12.512,28.503,-5.859,179.874,59.848,-59.183
-0.685,0.213,-1.132,-4.395,8.179,-0.793,179.022,59.403,-59.573
-0.479,0.125,-0.91,-2.197,-3.601,-6.042,178.978,59.035,-59.431
-0.512,0.085,-0.725,-3.845,-14.282,-2.075,178.802,59.518,-59.42
-0.464,0.142,-0.63,-5.066,-11.414,3.296,178.341,60.073,-59.694
-0.371,0.137,-0.538,3.418,-0.427,7.69,177.918,60.298,-60.32
-0.305,0.15,-0.547,5.676,-8.24,11.719,177.61,60.249,-61.188
-0.58,0.145,-0.646,14.648,-10.01,14.709,177.336,60.831,-62.402
-0.371,0.131,-0.634,16.174,-9.949,33.691,177.116,60.793,-64.1
-0.676,0.154,-0.682,18.005,-26.672,42.542,176.078,61.88,-67.104
-0.49,0.178,-0.655,12.756,-11.902,34.424,175.199,62.276,-69.73
-0.602,0.139,-0.747,19.348,-10.925,16.724,174.82,62.792,-71.598
-0.828,0.099,-0.922,14.893,-14.893,13.977,174.897,63.43,-72.713
-0.72,-0.007,-0.804,12.39,-9.888,7.751,175.04,63.979,-73.542
-0.854,-0.083,-0.968,3.357,-26.55,-3.662,175.562,64.698,-73.394
-1.088,0.038,-1.019,-1.282,-0.793,9.338,175.292,65.566,-73.597
-0.839,0.032,-0.951,5.615,14.221,13.794,175.259,64.984,-73.949
-0.717,0.085,-0.854,11.841,5.432,30.09,174.853,64.468,-75.19
-0.576,0.067,-0.665,14.954,-0.916,26.062,174.54,64.221,-76.75
-0.46,0.042,-0.51,12.817,-9.583,23.071,174.276,64.352,-78.179
-0.449,0.009,-0.432,12.512,-16.968,10.803,174.205,64.946,-79.206
-0.631,-0.038,-0.512,13.184,-12.451,2.319,174.655,65.852,-79.481
-0.514,-0.076,-0.495,7.446,2.502,5.798,175.281,66.044,-79.354
-0.558,-0.012,-0.496,1.465,-1.16,11.963,175.166,66.27,-79.695
-0.572,-0.007,-0.567,3.113,-5.676,11.108,175.161,66.396,-79.958
-0.703,0.072,-0.643,4.272,-7.202,18.005,174.727,66.929,-80.744
-0.698,0.027,-0.829,10.071,-7.629,14.526,174.732,66.967,-81.409
-1.097,0.247,-1.123,13.306,-2.808,36.743,173.903,67.412,-83.194
-0.735,0.143,-0.933,26.917,4.944,34.607,173.611,66.989,-85.303
-0.934,0.335,-1.077,15.747,-6.775,63.354,172.183,66.687,-88.632
-0.857,0.319,-0.978,33.447,3.845,52.368,170.728,66.116,-92.554
-0.668,0.228,-0.787,42.48,7.812,40.649,170.788,65.297,-95.213
-0.63,0.142,-0.696,50.354,7.324,31.494,171.562,64.6,-97.41
-0.533,0.049,-0.623,50.598,8.667,24.78,173.062,63.946,-98.833
-0.479,0.006,-0.546,39.062,-11.047,33.447,174.106,63.754,-100.47
-0.612,0.061,-0.579,31.677,-14.587,36.926,174.293,64.303,-102.618
-0.648,0.098,-0.637,33.386,-2.014,36.804,174.391,64.512,-104.694
-0.663,0.117,-0.702,28.87,1.587,47.18,174.227,64.336,-107.078
-0.738,0.174,-0.799,22.766,-0.366,54.932,173.364,64.111,-110.099
-0.998,0.337,-0.983,25.146,4.089,65.002,172.073,63.649,-113.599
-0.698,0.167,-0.916,41.931,16.846,59.631,171.519,62.303,-117.054
-0.478,0.092,-0.781,40.222,6.897,66.528,171.161,61.205,-120.542
-0.389,-0.036,-0.69,51.453,-7.324,54.016,171.266,60.573,-123.876
-0.679,-0.046,-0.697,50.293,-31.86,55.664,171.859,61.326,-126.848
-0.851,-0.028,-0.792,59.875,-0.61,66.223,172.469,61.628,-130.117
-0.537,-0.087,-0.796,67.749,29.419,72.937,173.458,60.205,-133.489
-0.231,-0.14,-0.723,59.204,1.465,77.454,174.441,59.046,-137.005
-0.359,-0.084,-0.641,44.312,-39.001,77.576,174.545,59.672,-140.938
-0.937,0.019,-0.734,37.109,-49.011,69.946,173.969,61.661,-144.921
-0.822,-0.13,-0.709,51.208,9.216,39.062,174.595,62.084,-147.31
-0.696,-0.177,-0.744,33.997,18.921,43.03,175.512,61.337,-148.64
-0.535,-0.206,-0.792,21.362,19.104,38.391,175.836,60.392,-149.936
-0.716,-0.061,-1.041,0.244,-0.549,43.091,175.507,59.749,-151.128
-0.619,0.109,-0.874,1.221,17.151,32.959,174.342,59.546,-152.693
-0.603,0.223,-0.794,2.014,28.931,14.587,173.974,58.37,-153.056
-0.354,0.04,-0.884,21.362,76.355,15.32,174.562,55.723,-152.814
0.019,0.03,-0.871,-7.568,23.987,49.438,174.54,52.712,-153.644
-0.368,0.347,-0.907,-13.977,-27.588,71.289,172.233,52.383,-157.094
-0.568,0.421,-0.84,15.564,-1.77,59.448,170.343,52.399,-160.933
-0.362,0.285,-0.793,33.447,0.854,48.889,170.189,51.586,-163.707
-0.421,0.223,-0.752,39.917,-12.146,50.72,170.645,51.383,-166.388
-0.506,0.226,-0.753,39.917,-19.592,59.265,170.98,51.597,-169.486
-0.553,0.231,-0.797,42.358,-7.507,58.472,171.282,51.751,-172.645
-0.426,0.242,-0.805,42.786,-1.587,59.326,171.722,51.427,-175.594
-0.33,0.229,-0.877,41.565,-11.963,62.622,172.15,51.169,-178.731
-0.366,0.197,-0.968,48.157,-17.944,59.814,172.551,51.46,177.808
-0.541,0.125,-0.989,43.579,-36.926,61.035,173.068,52.405,174.37
-0.803,0.009,-1.064,51.697,-26.245,50.964,173.743,53.553,171.189
-0.308,-0.226,-0.783,46.082,-5.554,36.804,175.309,53.47,169.288
-0.501,-0.155,-0.748,29.358,-36.804,47.791,176.056,54.509,167.042
-0.611,-0.096,-0.802,31.311,2.502,52.002,176.413,55.179,164.537
-0.43,-0.101,-0.864,34.851,27.588,52.979,176.902,54.245,162.087
-0.225,-0.107,-0.922,26.672,17.7,49.5,177.495,52.712,159.609
-0.29,-0.058,-0.833,18.921,-13.916,40.039,177.709,52.344,156.94
-0.4,-0.051,-0.75,15.137,-24.109,25.635,177.94,53.004,154.775
-0.605,-0.042,-0.773,13.977,-21.118,16.235,178.297,54.042,153.336
-0.541,-0.105,-0.784,14.771,-0.305,4.7,179.028,54.388,152.858
-0.597,-0.079,-0.872,8.057,10.132,6.47,179.632,54.294,152.699
-0.331,-0.104,-0.857,5.005,14.709,5.554,-179.89,53.481,152.523
-0.366,-0.052,-0.818,-2.014,-13.977,7.812,-179.841,53.52,151.968
-0.573,-0.033,-0.785,-6.104,-17.151,0.916,-179.995,54.415,151.567
-0.539,-0.09,-0.737,-15.442,-5.798,-13.916,179.89,54.893,152.051
-0.554,-0.059,-0.716,-34.302,-3.54,-37.598,179.572,55.316,153.858
-0.521,0.002,-0.715,-38.635,-4.883,-38.696,179.088,55.745,156.429
-0.453,0.059,-0.641,-27.649,-15.259,-26.306,178.539,56.431,158.61
-0.49,0.068,-0.632,-9.766,-27.588,-12.207,178.297,57.684,160.021
-0.481,0.002,-0.642,3.906,-25.269,2.808,178.292,59.123,160.466
-0.646,-0.002,-0.747,-4.822,-52.551,12.878,178.121,60.952,160.197
-1.057,0.164,-0.922,-5.615,-38.452,16.968,176.968,63.32,159.219
-0.675,0.133,-0.825,-5.31,-5.005,13.0,176.309,64.1,158.791
-0.998,0.312,-0.981,-7.629,-12.512,24.719,174.88,64.814,157.698
-0.798,0.249,-0.991,1.709,21.729,9.583,174.073,64.281,156.934
-0.686,0.244,-0.929,6.653,23.621,-0.916,173.963,63.232,156.989
-0.629,0.162,-0.936,7.69,22.339,-6.47,174.606,62.155,157.736
-0.446,0.159,-0.822,4.761,25.024,4.883,174.864,60.886,157.989
-0.354,0.169,-0.688,0.977,0.793,12.146,174.589,60.178,157.5
-0.412,0.178,-0.612,2.38,-2.869,10.742,174.051,60.156,156.649
-0.346,0.183,-0.563,4.883,-2.38,7.935,173.765,60.057,156.055
-0.374,0.186,-0.556,7.935,-13.245,14.587,173.441,60.287,155.22
-0.377,0.234,-0.539,7.69,-19.287,24.414,172.76,60.787,153.77
-0.462,0.281,-0.549,13.733,-36.133,28.748,171.821,61.842,151.721
-0.598,0.198,-0.619,20.996,-25.085,10.559,171.315,63.182,150.029
-0.644,0.134,-0.847,10.925,-30.273,4.639,171.497,64.105,149.496
-1.083,0.231,-1.042,7.324,-43.274,15.869,170.87,65.803,148.348
-1.035,0.146,-0.902,24.292,4.517,12.207,170.645,66.951,147.156
-0.909,0.016,-1.042,33.752,35.217,-4.822,172.106,65.94,147.437
-0.749,-0.033,-1.111,28.32,55.298,2.869,174.177,63.907,148.288
-0.276,-0.097,-0.874,17.639,27.832,12.39,175.446,61.639,148.173
-0.494,0.048,-0.792,-1.099,-19.653,20.386,175.347,61.37,146.882
-0.608,0.075,-0.674,7.751,-13.977,2.502,175.095,62.073,145.712
-0.63,0.044,-0.656,7.141,-15.747,-5.066,175.704,62.726,145.723
-0.671,-0.005,-0.676,10.376,1.099,-9.46,176.512,63.105,146.124
-0.614,-0.065,-0.718,10.315,11.108,-18.494,177.808,62.864,147.206
-0.618,-0.105,-0.764,6.592,6.714,-19.226,179.171,62.562,148.508
-0.529,-0.128,-0.684,1.526,5.249,-13.855,-179.764,62.402,149.568
-0.62,-0.047,-0.718,-3.479,4.639,0.366,-179.434,62.249,149.843
-0.723,-0.005,-0.796,0.977,19.592,4.333,-179.39,61.721,149.705
-0.571,-0.023,-0.833,3.723,30.273,9.46,-179.308,60.381,149.409
-0.489,-0.032,-0.763,-2.991,7.69,7.324,-179.473,59.529,148.87
-0.555,0.004,-0.711,-11.108,-3.235,5.92,-179.918,59.464,148.425
-0.663,0.038,-0.714,-10.925,-4.822,-7.019,179.55,59.788,148.354
-0.575,-0.017,-0.643,-8.423,1.465,-23.804,179.764,60.007,149.496
-0.48,-0.062,-0.557,-12.817,-0.549,-21.24,-179.83,60.167,151.1
-0.431,-0.051,-0.548,-18.677,-9.46,-12.573,-179.83,60.491,152.364
-0.425,0.021,-0.56,-13.367,-2.197,-5.249,179.687,61.062,152.924
-0.764,0.132,-0.865,-11.841,-17.395,8.24,179.149,61.611,152.974
-0.605,0.127,-0.818,10.132,18.982,13.672,178.715,61.562,152.402
-0.421,0.136,-0.798,-5.188,-24.841,36.377,177.885,61.545,150.837
-1.176,0.405,-1.154,0.671,-6.775,48.096,175.54,62.545,147.689
-0.593,0.24,-1.069,22.461,41.26,11.292,175.441,60.683,146.415
-0.539,0.147,-1.075,16.113,0.977,-3.662,176.232,59.766,146.376
-0.639,0.053,-0.936,10.376,-9.827,-16.663,177.193,60.073,146.942
-0.689,0.084,-0.874,3.662,4.272,-8.362,177.786,60.266,147.519
-0.503,0.041,-0.753,2.319,8.484,-8.85,178.215,59.821,147.98
-0.364,0.078,-0.637,-4.7,9.521,-3.479,178.314,59.387,148.348
-0.262,0.088,-0.577,-4.883,-3.296,1.404,178.083,59.09,148.343
-0.504,0.154,-0.629,-7.202,-29.236,11.047,177.396,59.815,147.717
-0.519,0.158,-0.595,-3.052,-11.23,11.414,176.462,60.837,146.733
-0.495,0.186,-0.622,-6.104,-17.334,11.23,175.66,61.315,146.047
-0.577,0.224,-0.723,3.54,-5.676,7.812,174.869,61.886,145.294
-0.455,0.167,-0.687,10.925,-15.259,2.502,174.919,62.183,145.047
-0.727,0.172,-0.775,11.414,-21.423,11.108,174.842,63.094,144.382
-0.937,0.14,-0.864,9.521,-19.592,9.46,174.738,63.885,143.613
-0.653,0.085,-0.843,11.292,12.817,-0.366,174.952,63.924,143.421
-0.549,0.001,-0.904,8.423,-26.611,-18.982,175.858,64.259,144.163
-0.68,-0.092,-0.938,4.883,-30.945,-31.128,177.204,65.83,145.613
-0.763,-0.101,-0.87,-7.385,-35.4,-16.479,178.231,67.423,146.931
-0.809,-0.005,-0.779,-9.583,-26.001,4.028,177.968,68.818,146.915
-0.809,0.059,-0.664,-7.141,-25.024,15.808,177.078,69.911,145.975
-0.853,0.063,-0.623,5.615,-9.338,16.663,176.259,70.653,144.822
-0.759,0.037,-0.567,9.338,2.686,25.696,175.622,70.653,143.448
-0.622,-0.001,-0.511,11.414,11.414,4.639,175.479,70.302,142.63
-0.506,-0.057,-0.455,6.042,7.08,-11.963,176.336,69.972,143.311
-0.692,-0.087,-0.555,-0.366,8.301,-25.33,177.599,69.966,144.926
-0.564,-0.156,-0.577,-6.226,22.217,-29.907,179.352,69.159,147.453
-0.562,-0.048,-0.503,-18.738,12.756,-20.447,179.973,68.802,149.37
-0.605,-0.053,-0.496,-16.235,8.972,-24.719,-179.308,68.384,151.485
-0.644,-0.007,-0.61,-16.479,21.301,-15.869,-179.05,67.967,153.232
-0.693,-0.004,-0.814,-18.494,19.409,-16.052,-178.912,67.055,154.77
-0.795,0.137,-1.038,-22.278,22.583,-13.0,-179.335,66.138,155.885
-0.852,0.211,-1.137,-18.433,13.0,-10.132,-179.687,65.067,156.923
-0.591,0.181,-1.031,-3.845,26.001,-11.292,-179.863,63.858,157.593
-0.595,0.147,-0.988,-3.418,-15.259,-13.062,-179.632,63.578,158.401
-0.7,0.053,-0.818,-4.089,-12.024,-18.372,-179.368,64.303,159.302
-0.744,0.008,-0.747,-13.428,-18.494,-24.658,-178.995,64.99,160.834
-0.756,0.053,-0.723,-18.005,10.986,-19.836,-179.033,65.149,162.356
-0.561,0.072,-0.635,-21.118,14.282,-13.0,-179.319,64.457,163.696
-0.536,0.153,-0.612,-18.86,10.071,-1.831,179.758,63.973,164.262
-0.461,0.155,-0.582,-10.62,13.367,1.038,178.868,63.419,164.388
-0.46,0.154,-0.589,-7.874,8.606,1.221,178.264,62.908,164.636
-0.477,0.194,-0.599,-0.916,5.92,14.893,177.451,62.507,164.24
-0.63,0.228,-0.688,14.282,2.258,35.4,176.534,62.331,162.85
-0.541,0.117,-0.688,30.64,13.367,47.852,175.82,61.639,160.334
-0.515,0.072,-0.802,31.616,8.179,43.396,175.529,60.754,157.703
-0.92,0.057,-1.059,23.438,1.038,31.86,175.534,60.568,155.693
-0.46,-0.015,-0.811,23.315,28.564,9.888,175.902,59.579,154.671
-0.501,-0.105,-1.043,5.676,-24.719,-5.249,176.951,59.178,155.045
-1.104,0.166,-1.122,2.869,19.897,11.963,176.534,60.222,154.616
-0.394,-0.073,-0.877,12.695,31.555,-3.418,177.462,58.217,155.11
-0.467,-0.026,-0.822,-6.226,-4.028,7.874,177.589,57.761,155.154
-0.618,0.085,-0.748,-2.197,-2.869,19.836,176.951,58.002,154.38
-0.597,0.078,-0.741,6.287,10.132,33.264,176.325,57.64,153.023
-0.614,0.079,-0.765,10.742,11.108,34.241,175.781,57.008,151.331
-0.573,0.08,-0.801,16.479,25.635,27.1,175.649,56.008,150.046
-0.388,0.019,-0.745,15.991,18.494,18.799,175.963,54.871,149.244
-0.301,-0.012,-0.648,2.686,2.014,10.742,176.1,54.514,148.689
-0.401,0.01,-0.669,0.061,4.639,-4.333,176.067,54.498,148.53
-0.349,-0.043,-0.587,-8.728,-6.348,-19.287,176.473,54.509,149.431
-0.381,-0.04,-0.586,-13.733,-10.254,-23.071,176.726,55.058,150.787
-0.391,0.015,-0.652,-11.169,0.854,-19.714,176.836,55.558,152.166
-0.589,0.085,-0.903,-14.404,-15.503,-9.277,176.869,55.86,153.221
-0.578,0.075,-0.965,0.122,-4.395,-19.287,177.045,56.47,154.21
-0.883,0.185,-1.332,-11.414,14.893,5.92,177.028,56.569,154.924
-0.708,0.266,-1.442,0.549,70.312,8.911,176.462,54.47,154.863
-0.059,0.213,-1.248,-2.258,39.185,-6.714,176.638,51.339,155.479
-0.27,0.184,-1.013,-4.15,-29.663,-16.357,176.594,51.422,156.022
-0.46,0.081,-0.781,-6.714,-38.147,-21.118,176.732,53.146,156.912
-0.5,0.125,-0.667,-19.165,-32.593,-8.545,176.171,54.761,157.495
-0.53,0.152,-0.626,-14.16,-16.663,-15.198,175.562,55.92,158.269
-0.434,0.193,-0.596,-12.634,1.038,-1.77,175.045,56.228,159.088
-0.435,0.278,-0.691,-9.277,-2.258,13.062,174.051,56.085,158.95
-0.619,0.277,-0.773,-1.648,2.258,11.902,173.161,56.124,158.45
-0.383,0.24,-0.705,-6.653,-0.244,4.456,172.595,55.783,158.461
-0.502,0.285,-0.767,5.676,6.165,-10.742,172.172,55.854,158.791
-0.343,0.13,-0.757,16.418,11.353,-25.574,173.232,55.453,160.367
-0.224,0.044,-0.722,6.775,-0.305,-11.78,174.304,55.195,161.752
-0.326,0.083,-0.733,-11.169,-39.734,3.662,174.166,55.882,161.895
-0.851,0.211,-0.903,-9.155,-54.871,5.981,173.046,58.151,161.125
-0.66,0.105,-0.903,9.521,-32.654,-7.385,172.897,60.024,161.175
-1.434,0.095,-1.196,20.447,7.568,1.038,173.408,62.089,161.516
-0.547,-0.045,-1.021,31.677,81.177,-4.15,175.276,59.112,162.927
-0.218,-0.11,-0.966,10.925,26.428,21.851,176.336,56.624,163.202
-0.367,0.031,-0.798,-6.104,-23.376,26.001,175.556,56.722,161.746
-0.577,0.085,-0.695,-5.066,-33.264,8.911,174.803,58.063,160.785
-0.58,0.041,-0.589,-2.014,-19.531,-1.831,174.661,59.348,160.933
-0.622,0.019,-0.629,-5.615,-9.827,-4.15,174.661,60.002,161.631
-0.711,-0.014,-0.692,-3.54,9.888,-14.526,174.913,60.216,163.015
-0.38,-0.053,-0.554,-5.737,18.188,-20.691,175.49,59.667,165.108
-0.616,0.068,-0.72,-13.611,18.372,-9.216,175.616,59.601,166.91
-0.213,0.035,-0.608,-9.094,28.137,-3.723,175.622,58.25,168.212
-0.096,0.062,-0.606,-14.404,-14.587,-10.01,175.408,57.766,168.964
-0.762,0.152,-0.834,-18.005,-59.143,-18.555,174.952,59.788,169.503
-0.717,0.116,-0.897,-6.653,6.287,-31.372,175.27,61.232,171.183
-1.07,0.388,-1.141,-12.39,11.353,-1.892,175.221,61.276,172.76
-0.586,0.229,-1.101,6.226,39.795,-1.77,175.435,59.502,173.546
-0.601,0.29,-1.168,4.089,18.555,-9.155,175.545,58.244,174.073
-0.443,0.124,-0.925,2.625,2.441,-31.86,176.424,57.656,175.611
-0.598,0.083,-0.812,-6.897,-19.653,-32.837,177.182,58.365,177.605
-0.571,0.131,-0.725,-12.024,0.488,-18.494,177.341,58.826,179.242
-0.412,0.153,-0.62,-9.46,3.052,-7.324,177.067,58.689,-179.786
-0.315,0.166,-0.533,-5.981,-5.676,0.854,176.589,58.744,-179.445
-0.406,0.207,-0.557,-1.709,-19.287,10.925,175.891,59.387,-179.852
-0.536,0.221,-0.619,6.348,-9.766,21.24,175.139,59.93,179.132
-0.475,0.188,-0.606,13.611,-0.488,21.362,174.567,59.919,177.88
-0.403,0.08,-0.565,13.489,-18.25,4.578,174.545,60.293,177.259
-0.638,0.067,-0.685,-1.465,-34.18,6.592,174.43,61.842,177.05
-0.8,0.141,-0.861,-2.502,2.197,12.695,173.688,62.814,176.605
-0.773,0.151,-0.959,-5.188,-4.7,11.78,172.969,62.661,176.182
-0.653,0.112,-0.918,6.104,35.095,-1.526,172.722,62.271,176.243
-0.795,0.124,-1.125,7.324,25.391,4.333,173.342,60.881,176.946
-0.554,-0.016,-1.069,16.418,5.188,-1.526,174.155,59.755,177.188
-0.69,0.003,-0.979,6.653,-4.15,12.39,174.683,59.892,176.968
-0.699,0.036,-0.894,-0.732,-5.92,21.484,174.337,59.952,175.919
-0.595,0.093,-0.834,1.16,14.832,11.23,173.87,59.595,175.117
-0.493,0.058,-0.771,-0.244,4.395,4.272,173.979,59.041,175.073
-0.488,0.078,-0.693,1.587,-0.61,4.211,173.941,58.986,174.902
-0.443,0.059,-0.639,2.014,1.526,4.028,174.056,58.925,174.853
-0.343,0.059,-0.572,5.615,8.24,0.549,174.232,58.689,174.853
-0.455,0.021,-0.638,2.197,-9.399,-7.69,174.716,58.771,175.215
-0.479,0.021,-0.622,1.526,-6.592,-16.541,175.237,59.299,175.979
-0.452,-0.042,-0.612,2.136,-10.498,-24.78,176.281,59.837,177.523
-0.442,-0.024,-0.68,1.038,-11.047,-17.822,177.226,60.524,178.962
-0.462,0.072,-0.721,-5.371,-25.024,5.127,177.457,61.408,179.418
-0.764,0.166,-0.81,-4.395,-52.612,13.916,176.688,63.402,178.478
-1.111,0.234,-0.939,0.122,-32.898,16.296,175.699,65.594,177.319
-0.899,0.192,-0.954,9.827,17.334,4.7,175.424,65.693,176.88
-0.75,0.129,-0.954,14.648,20.02,-13.062,176.199,64.649,177.512
-0.618,0.079,-0.883,13.306,19.897,-13.489,177.506,63.759,178.731
-0.604,0.046,-0.879,7.019,10.925,2.686,178.275,63.023,179.182
-0.514,0.098,-0.804,4.578,8.728,18.738,178.077,62.419,178.462
-0.465,0.125,-0.684,2.258,-17.151,23.926,177.281,62.501,176.858
-0.607,0.145,-0.653,4.944,-12.939,19.409,176.462,63.221,175.254
-0.429,0.141,-0.542,6.592,-5.493,21.484,175.886,63.369,173.947
-0.477,0.167,-0.528,9.155,-13.123,28.503,175.012,63.715,172.183
-0.504,0.166,-0.513,12.451,-16.235,24.292,174.238,64.232,170.409
-0.621,0.172,-0.561,16.174,-11.292,19.226,173.798,64.808,169.058
-0.611,0.112,-0.68,19.531,3.662,13.062,173.87,64.83,168.3
-0.737,0.095,-0.786,15.015,-8.667,13.855,174.051,65.012,167.668
-0.621,0.046,-0.709,11.597,-9.277,5.981,174.084,65.319,167.053
-1.135,0.053,-0.955,7.629,-15.503,-0.488,174.534,66.066,167.151
-0.864,-0.032,-0.968,4.089,12.329,-0.366,175.144,65.632,167.69
-0.705,0.03,-0.931,-0.671,19.714,7.812,175.182,64.808,167.904
-0.619,0.073,-0.849,-0.183,4.761,10.925,174.957,64.21,167.585
-0.587,0.067,-0.743,4.089,-7.263,10.193,174.776,64.127,166.932
-0.793,0.006,-0.748,1.77,-11.292,9.46,174.589,64.638,166.234
-0.738,-0.023,-0.715,-6.409,11.475,1.587,174.37,64.671,166.179
-0.595,0.005,-0.649,-8.545,16.113,-1.099,174.298,64.072,166.926
-0.498,0.022,-0.593,-8.728,14.954,4.822,174.04,63.43,167.503
-0.431,0.067,-0.553,-4.15,6.531,11.658,173.622,62.952,167.492
-0.537,0.064,-0.583,3.906,2.319,14.893,173.271,62.814,166.866
-0.512,-0.005,-0.602,8.911,7.446,7.629,173.408,62.54,166.608
-0.506,-0.017,-0.603,3.601,-1.404,10.437,173.546,62.474,166.415
-0.618,0.02,-0.688,5.981,-1.465,16.052,173.496,62.666,165.921
-0.53,0.093,-0.714,12.268,5.188,41.321,173.068,62.276,164.482
-0.46,0.177,-0.823,22.217,-10.193,54.077,172.216,61.793,161.285
-0.936,0.339,-1.053,33.325,-16.418,64.148,171.255,62.369,157.165
-0.988,0.28,-1.134,40.771,1.831,69.519,170.541,62.1,153.023
-0.655,0.249,-0.971,37.354,11.169,68.97,169.931,60.914,149.052
-0.656,0.236,-0.899,27.893,-11.902,66.833,169.107,60.233,144.937
-0.607,0.233,-0.749,33.325,-0.916,68.176,168.118,59.875,140.537
-0.458,0.192,-0.628,39.49,-2.014,65.491,167.646,59.062,136.296
-0.546,0.185,-0.675,42.786,-5.676,60.913,167.591,58.585,132.006
-0.506,0.191,-0.694,42.542,-5.737,65.796,167.695,58.101,127.469
-0.547,0.236,-0.789,42.358,-5.615,72.754,167.525,57.568,122.151
-0.579,0.265,-0.864,45.105,-0.427,72.937,167.415,56.821,116.532
-0.566,0.23,-0.933,44.312,-7.08,71.106,167.487,56.08,110.901
-0.649,0.222,-0.937,42.969,-10.62,78.857,167.41,55.635,104.771
-0.537,0.165,-0.838,49.927,-13.0,85.938,167.283,55.102,97.949
-0.43,0.09,-0.745,62.134,-15.198,86.914,167.69,54.613,90.945
-0.616,0.071,-0.739,68.726,-34.668,99.854,168.283,54.772,83.304
-0.703,-0.074,-0.809,78.735,-9.399,94.543,169.393,54.673,75.443
-0.525,-0.11,-0.77,67.627,10.864,96.497,170.793,53.536,68.176
-0.423,-0.075,-0.801,50.354,-3.296,103.149,171.486,52.256,60.787
-0.468,0.016,-0.787,44.128,-14.221,99.976,171.617,51.674,53.454
-0.512,0.035,-0.797,45.654,-15.015,88.623,171.744,51.531,46.494
-0.46,-0.009,-0.795,44.8,-18.311,69.519,172.304,51.625,40.485
-0.6,-0.018,-0.913,37.598,-20.508,54.504,173.079,52.075,35.53
-0.684,-0.008,-1.039,28.931,-16.663,45.715,173.738,52.52,31.278
-0.531,0.036,-0.951,21.79,-1.831,39.062,174.067,52.773,27.488
-0.354,0.091,-0.833,11.597,-0.183,39.062,174.1,52.487,24.115
-0.379,0.152,-0.791,3.052,-18.066,45.898,173.474,52.597,20.572
-0.595,0.251,-0.858,7.507,-11.963,53.284,172.332,52.976,16.414
-0.504,0.261,-0.876,26.062,19.043,53.833,171.859,52.191,12.25
-0.289,0.203,-0.837,34.607,6.409,55.603,172.145,51.01,8.185
-0.362,0.163,-0.788,31.799,-15.991,56.091,172.332,50.911,3.966
-0.417,0.177,-0.728,24.231,-20.874,51.392,172.189,51.372,-0.165
-0.477,0.266,-0.768,21.851,-19.714,50.964,171.821,51.976,-4.169
-0.375,0.273,-0.749,30.334,-10.559,52.551,171.65,52.169,-8.262
-0.389,0.259,-0.871,31.799,-12.39,48.645,171.628,52.234,-12.31
-0.565,0.236,-1.097,28.259,-26.489,43.03,171.755,52.614,-15.859
-0.642,0.215,-1.046,28.381,-21.79,45.654,171.524,53.492,-19.622
-0.625,0.09,-0.972,33.264,-11.292,33.63,171.848,54.036,-22.764
-0.374,-0.037,-0.803,38.635,-9.827,26.855,172.776,54.146,-25.208
-0.524,-0.048,-0.76,27.71,-30.884,35.156,173.578,55.047,-27.548
-0.667,-0.005,-0.829,30.579,-0.061,41.992,173.947,55.58,-30.295
-0.488,-0.038,-0.855,30.823,32.349,41.931,174.589,54.509,-32.877
-0.212,-0.027,-0.861,21.912,26.184,40.71,175.155,52.592,-35.167
-0.273,0.008,-0.824,16.907,-8.85,24.597,175.446,52.119,-36.991
-0.416,-0.025,-0.794,14.893,-14.832,8.606,176.094,52.553,-37.793
-0.494,-0.042,-0.781,9.277,-15.198,3.174,176.693,53.223,-38.199
-0.557,-0.049,-0.79,7.324,-8.728,-5.981,177.314,53.817,-38.227
-0.442,-0.082,-0.71,1.099,-8.301,-10.01,178.055,54.201,-37.771
-0.488,-0.044,-0.776,-2.563,-1.465,-3.54,178.374,54.547,-37.529
-0.474,0.001,-0.753,-8.545,-5.432,1.831,178.253,54.728,-37.645
-0.538,0.002,-0.818,-6.287,-3.052,-5.981,178.176,54.976,-37.606
-0.459,-0.015,-0.771,-12.085,-6.531,-7.751,178.05,55.14,-37.414
-0.493,0.018,-0.685,-17.151,-22.339,-9.094,177.665,55.981,-37.128
-0.685,0.046,-0.746,-14.893,-28.076,-9.705,177.209,57.409,-36.914
-0.745,0.095,-0.793,-7.019,-8.911,-2.502,176.968,58.48,-36.876
-0.707,0.134,-1.021,-1.465,26.794,10.986,176.6,58.26,-37.557
-0.473,0.158,-1.106,-1.16,37.354,18.86,176.237,56.706,-38.557
-0.213,0.171,-1.051,0.732,9.827,5.798,175.869,55.135,-39.424
-0.479,0.135,-0.95,-3.357,-26.611,-0.61,175.754,55.552,-39.617
-0.65,0.137,-0.872,-5.92,-8.362,-0.488,175.38,56.321,-39.875
-0.548,0.186,-0.838,-8.911,6.958,4.395,174.891,56.168,-40.204
-0.506,0.221,-0.845,-3.357,14.404,9.338,174.326,55.492,-40.869
-0.396,0.187,-0.808,1.953,15.137,5.981,174.095,54.624,-41.523
-0.385,0.176,-0.796,-0.427,3.906,7.263,173.853,54.113,-42.171
-0.463,0.171,-0.779,-3.174,-2.991,7.08,173.469,54.091,-42.874
-0.424,0.236,-0.732,-7.385,-1.16,11.475,172.744,54.042,-43.802
-0.472,0.295,-0.75,-5.188,-0.549,11.353,171.942,54.025,-44.879
-0.474,0.334,-0.776,4.272,0.305,10.376,171.442,53.904,-46.0
-0.477,0.287,-0.821,13.855,8.179,14.343,171.398,53.597,-47.236
-0.353,0.227,-0.768,14.038,6.592,4.822,171.606,53.201,-48.279
-0.371,0.18,-0.756,11.963,-7.324,-5.432,172.035,53.218,-48.697
-0.383,0.123,-0.728,8.24,-10.437,-13.611,172.623,53.663,-48.521
-0.43,0.147,-0.732,4.883,-12.512,-4.15,172.996,54.333,-48.362
-0.352,0.181,-0.721,3.784,-14.893,8.179,172.969,54.838,-48.807
-0.246,0.147,-0.661,5.432,-40.588,10.864,172.672,55.887,-49.828
-0.855,0.232,-0.798,0.366,-63.171,16.602,171.81,58.711,-51.443
-0.86,0.157,-0.892,4.272,-27.649,0.305,171.392,60.529,-52.586
-0.812,0.103,-0.957,-1.526,-34.058,-8.301,171.458,61.908,-52.701
-1.096,0.175,-1.044,1.465,2.747,-7.385,171.387,63.193,-52.745
-0.682,0.099,-0.942,13.123,54.077,-15.93,172.689,61.639,-51.564
-0.222,0.037,-0.795,9.521,26.672,-2.319,173.936,59.584,-50.592
-0.418,0.082,-0.722,-0.366,-32.227,11.292,173.809,60.013,-51.026
-0.717,0.122,-0.713,1.709,-15.808,7.996,173.37,61.26,-51.784
-0.685,0.09,-0.729,6.348,-10.498,-7.446,173.633,61.765,-51.795
-0.589,0.05,-0.686,10.193,8.667,-10.437,174.485,61.908,-51.169
-0.489,-0.041,-0.672,10.132,6.47,-14.709,175.605,61.65,-50.328
-0.643,-0.035,-0.741,0.488,-4.944,-12.146,176.457,61.826,-49.411
-0.513,-0.069,-0.625,-1.77,-2.686,-17.273,177.177,62.067,-48.351
-0.64,-0.031,-0.65,-6.348,-5.066,-17.151,177.775,62.617,-47.126
-0.446,-0.058,-0.589,-3.113,18.066,-14.099,178.44,62.325,-45.912
-0.49,-0.037,-0.619,-10.498,9.033,-2.563,178.676,61.837,-45.159
-0.302,0.004,-0.537,-17.761,6.592,7.019,178.149,61.331,-45.06
-0.442,0.089,-0.703,-21.729,-16.418,6.714,177.006,61.589,-45.352
-0.797,0.191,-0.871,-20.447,-16.296,1.892,175.721,62.551,-45.676
-1.127,0.231,-1.15,-14.771,-7.874,-6.897,175.215,62.979,-45.385
-0.828,0.316,-1.046,-0.244,41.992,7.385,174.672,62.012,-45.654
-0.753,0.242,-1.159,14.587,44.617,-2.319,175.095,59.919,-45.725
-0.445,0.124,-1.028,10.925,36.743,-10.559,176.133,57.909,-45.099
-0.418,0.055,-0.906,-0.732,3.54,-13.123,176.627,57.085,-44.396
-0.568,0.057,-0.834,-13.0,-6.165,-17.029,176.715,57.327,-43.396
-0.488,0.143,-0.76,-12.878,5.981,-6.409,176.336,57.233,-42.753
-0.456,0.187,-0.702,-5.249,-0.671,4.456,175.825,57.096,-42.808
-0.432,0.185,-0.678,4.15,2.625,8.545,175.479,56.997,-43.341
-0.367,0.146,-0.637,5.249,-7.69,14.465,175.254,56.937,-44.198
-0.51,0.186,-0.677,2.991,-11.719,18.066,174.688,57.393,-45.45
-0.463,0.219,-0.662,0.0,-0.549,22.705,173.925,57.585,-46.895
-0.358,0.268,-0.634,2.869,-12.207,17.761,173.046,57.557,-48.45
-0.466,0.233,-0.658,15.32,-17.09,2.441,172.755,58.315,-49.598
-0.501,0.171,-0.695,19.226,-17.273,-8.24,173.414,59.134,-49.867
-0.681,0.083,-0.875,20.691,-21.973,-14.648,174.578,60.007,-49.493
-0.809,0.034,-0.924,14.893,-8.728,-3.052,175.446,61.04,-49.312
-0.611,-0.105,-1.051,13.245,-20.203,-21.362,176.671,61.37,-48.483
-1.161,-0.027,-1.162,8.667,33.63,-23.926,177.913,62.43,-46.934
-0.541,-0.132,-1.059,-2.502,41.321,-5.188,179.05,60.123,-45.544
-0.476,0.005,-0.981,-12.207,15.381,15.381,178.434,58.771,-45.753
-0.46,0.079,-0.822,-9.827,-4.395,18.921,177.457,58.552,-46.494
-0.499,0.122,-0.736,-4.7,-16.968,12.085,176.682,58.986,-47.208
-0.59,0.125,-0.681,5.615,-15.198,0.488,176.495,59.815,-47.488
-0.583,-0.004,-0.648,12.024,-4.578,-13.184,177.358,60.233,-46.934
-0.627,-0.06,-0.692,9.399,3.479,-16.907,178.445,60.43,-45.978
-0.62,-0.119,-0.734,5.676,7.568,-23.804,179.725,60.266,-44.55
-0.583,-0.104,-0.751,-0.732,18.616,-11.414,-179.275,59.771,-43.187
-0.435,-0.071,-0.689,-3.113,18.188,2.869,-179.039,58.909,-42.753
-0.484,-0.042,-0.7,-5.92,16.052,3.967,-179.22,58.25,-42.775
-0.391,-0.041,-0.68,-14.038,9.644,1.282,-179.539,57.53,-42.638
-0.401,-0.038,-0.684,-19.409,12.024,-8.911,179.896,57.151,-42.198
-0.25,-0.012,-0.576,-27.649,-15.503,-19.348,179.368,57.129,-41.072
-0.602,0.015,-0.693,-26.672,-63.416,-32.043,179.094,59.123,-39.221
-1.02,0.123,-0.924,-16.235,-8.728,-30.945,179.066,61.37,-37.419
-1.054,0.174,-1.056,-16.174,11.292,-8.118,179.291,60.826,-36.112
-0.691,0.148,-1.119,-5.981,58.044,1.16,178.923,58.672,-36.134
-0.376,0.276,-1.125,-10.803,41.077,16.968,178.105,56.212,-36.694
-0.345,0.189,-0.981,4.028,5.859,-9.338,177.808,55.129,-36.931
-0.486,0.031,-0.84,-12.634,-13.123,-34.485,178.231,55.464,-35.453
-0.636,-0.027,-0.801,-39.795,-3.601,-56.213,178.116,56.085,-32.827
-0.527,0.101,-0.69,-72.632,8.301,-62.195,177.028,56.091,-29.196
-0.391,0.295,-0.602,-62.683,3.052,-44.556,175.226,56.041,-26.125
-0.506,0.338,-0.662,-31.006,0.427,-14.221,173.633,56.327,-24.818
-0.489,0.324,-0.685,3.235,1.892,12.817,172.711,56.277,-25.345
-0.482,0.325,-0.701,25.391,1.038,40.344,172.326,56.113,-27.449
-0.464,0.274,-0.714,46.387,-8.179,45.105,172.397,55.926,-30.635
-0.386,0.116,-0.674,50.232,-7.141,25.452,173.474,56.025,-33.162
-0.365,0.091,-0.686,36.316,-22.217,22.4,174.628,56.585,-34.821
-0.484,0.086,-0.797,28.076,-31.921,25.146,175.155,57.651,-36.513
-0.764,0.071,-0.943,26.55,-30.212,27.161,175.375,59.15,-38.342
-0.538,0.011,-0.865,22.217,-24.17,24.536,175.562,60.183,-40.062
-1.257,0.063,-1.099,22.522,-7.202,20.935,175.666,61.628,-41.561
-0.584,-0.033,-0.993,23.621,36.438,8.118,176.611,59.969,-42.105
-0.457,-0.031,-1.003,8.179,20.142,17.09,177.16,58.656,-42.429
-0.298,0.02,-0.832,-0.732,-9.644,23.01,176.71,58.26,-43.401
-0.517,0.083,-0.738,-6.287,-32.715,22.888,175.776,59.332,-44.577
-0.697,0.073,-0.733,-3.967,-19.592,9.521,174.974,60.513,-45.5
-0.624,0.068,-0.703,-2.197,-0.854,-4.822,174.776,60.93,-45.549
-0.537,0.026,-0.634,-0.916,3.235,-18.066,175.232,60.974,-44.703
-0.585,-0.018,-0.648,-4.761,9.094,-32.471,176.171,60.941,-43.0
-0.682,-0.029,-0.717,-10.376,20.996,-48.34,177.363,60.584,-40.402
-0.501,-0.097,-0.642,-7.141,19.348,-63.782,179.225,59.919,-36.733
-0.447,-0.108,-0.667,-11.414,28.442,-50.354,-178.984,59.112,-33.074
-0.338,-0.104,-0.672,-21.545,19.287,-31.189,-178.182,58.008,-30.487
-0.238,-0.039,-0.689,-29.236,4.456,-21.362,-178.445,57.316,-28.806
-0.222,0.015,-0.658,-25.818,-10.437,-29.541,-178.841,57.48,-27.065
-0.707,0.08,-0.762,-20.447,-65.918,-34.912,-178.781,59.579,-24.906
-1.088,0.084,-1.068,-0.427,-18.799,-34.729,-177.874,61.54,-22.769
-0.964,0.107,-1.038,6.348,24.353,-0.671,-177.314,61.512,-22.143
-0.928,0.146,-1.186,6.47,62.134,37.72,-177.748,59.403,-23.654
-0.284,0.225,-1.014,19.531,63.416,58.044,-179.083,55.876,-27.169
-0.292,0.117,-0.873,23.193,8.545,33.325,-179.379,54.289,-29.811
-0.581,0.035,-0.813,16.724,-2.747,9.399,-179.044,54.432,-30.811
-0.285,0.024,-0.725,6.042,-1.099,6.836,-178.879,54.064,-31.267
-0.445,0.099,-0.731,-2.136,-28.625,22.156,-179.313,54.91,-32.042
-0.504,0.15,-0.729,2.441,-26.123,33.325,179.676,56.102,-33.766
-0.64,0.167,-0.744,6.958,-18.127,35.217,178.621,57.178,-36.008
-0.551,0.143,-0.688,9.277,-5.127,28.809,177.836,57.64,-38.106
-0.432,0.138,-0.656,7.874,-5.859,21.484,177.242,57.777,-39.836
-0.427,0.12,-0.622,4.761,-15.747,11.597,176.825,58.332,-41.034
-0.4,0.101,-0.608,6.348,-14.832,-3.174,176.699,59.117,-41.561
-0.708,0.084,-0.853,3.235,-20.996,-9.094,177.045,59.996,-41.281
-0.644,0.053,-0.852,5.188,9.949,-6.775,177.336,60.249,-41.034
-0.693,-0.041,-1.237,-2.441,-35.156,-9.888,177.841,60.458,-40.413
-1.165,0.101,-1.155,0.793,31.799,0.793,177.462,61.957,-40.485
-0.717,-0.032,-1.043,9.521,46.509,-3.113,178.308,59.755,-40.007
-0.427,-0.008,-1.067,5.31,60.303,20.264,178.533,56.86,-40.397
-0.093,0.029,-0.847,-2.93,13.428,32.837,177.819,55.003,-41.852
-0.35,0.082,-0.76,-5.798,-41.321,19.653,176.874,55.789,-43.165
-0.709,0.108,-0.708,1.404,-31.86,5.493,176.353,57.64,-43.901
-0.563,0.009,-0.671,7.935,3.296,-8.85,176.814,58.057,-43.682
-0.517,-0.029,-0.736,3.723,7.385,-10.132,177.556,57.766,-43.006
-0.621,-0.017,-0.847,3.235,10.742,-7.446,178.105,57.502,-42.413
-0.454,-0.045,-0.725,4.272,7.69,-4.578,178.638,57.063,-41.973
-0.504,-0.027,-0.738,-0.61,-2.441,2.136,178.901,57.09,-41.819
-0.466,-0.021,-0.764,-1.587,9.705,5.859,178.907,56.915,-41.946
-0.333,-0.01,-0.719,-7.568,11.597,8.606,178.599,56.376,-42.275
-0.272,-0.019,-0.707,-17.212,-13.367,1.831,178.039,56.173,-42.429
-0.326,0.046,-0.642,-22.034,-22.034,-9.094,177.22,57.074,-42.122
-0.334,0.073,-0.62,-23.621,-51.819,-9.277,176.495,58.755,-41.528
-0.939,0.165,-0.807,-18.066,-59.082,-11.536,175.523,61.963,-41.418
-0.918,0.209,-0.875,-6.165,-27.344,-3.418,175.166,63.88,-41.369
-1.124,0.261,-0.991,0.366,8.423,20.935,174.413,64.517,-42.561
-0.747,0.271,-0.979,6.775,55.481,23.865,173.809,62.479,-44.099
-0.494,0.253,-1.02,15.32,29.419,3.845,174.012,60.342,-44.835
-0.52,0.083,-0.882,9.827,8.118,-8.484,174.781,59.634,-44.725
-0.586,0.101,-0.778,-5.249,-0.916,-14.221,175.155,59.612,-44.187
-0.475,0.124,-0.648,-4.089,6.165,-8.972,175.281,59.535,-43.594
-0.463,0.132,-0.627,1.282,-10.742,3.784,175.259,59.59,-43.616
-0.449,0.121,-0.572,7.385,-11.902,19.287,174.952,60.095,-44.637
-0.558,0.158,-0.614,8.179,-19.775,36.377,174.128,60.765,-46.774
-0.616,0.197,-0.629,12.451,-8.789,42.297,172.969,61.282,-49.653
-0.479,0.153,-0.576,13.306,-4.7,39.917,172.007,61.265,-52.52
-0.568,0.173,-0.694,7.751,-8.85,38.391,170.925,61.348,-55.289
-0.746,0.208,-0.826,6.714,-3.113,20.691,170.03,61.414,-57.448
-0.683,0.156,-0.882,7.568,17.273,2.93,170.019,60.974,-58.151
-0.876,0.061,-1.121,-4.15,-20.264,-11.108,170.684,60.776,-57.552
-0.977,0.203,-1.079,1.282,26.855,-7.446,170.568,60.974,-57.349
-0.678,0.105,-0.997,4.028,50.293,-5.615,171.552,59.161,-56.305
-0.423,0.149,-0.962,0.549,53.833,19.409,171.678,56.514,-56.36
-0.199,0.119,-0.791,1.221,17.578,15.198,171.502,54.613,-57.019
-0.44,0.151,-0.745,-4.089,-16.541,4.944,171.079,54.811,-57.667
-0.485,0.083,-0.662,-2.441,-3.784,-14.16,171.183,55.272,-57.387
-0.51,0.051,-0.741,-6.226,6.653,-18.005,171.601,55.311,-56.371
-0.532,0.076,-0.778,-3.784,10.071,-16.418,171.887,55.173,-55.421
-0.388,0.015,-0.707,0.61,8.606,-18.433,172.617,54.921,-54.256
-0.406,0.127,-0.774,-5.249,25.269,13.733,172.716,54.278,-53.97
-0.234,0.131,-0.779,0.0,21.057,17.883,172.299,52.883,-54.811
-0.053,0.151,-0.687,-2.991,-3.418,10.62,172.024,52.13,-55.475
-0.142,0.202,-0.739,-5.249,-46.387,-3.845,171.579,52.976,-55.909
-0.813,0.236,-0.894,-5.066,-76.477,-15.625,171.211,56.025,-56.069
-1.182,0.382,-1.175,2.808,5.188,-4.761,171.2,57.881,-55.981
-0.565,0.33,-1.065,14.221,32.654,17.151,171.59,56.36,-56.481
-0.625,0.364,-1.145,22.766,0.977,5.066,171.942,55.778,-57.497
-0.519,0.212,-0.963,20.691,-7.141,-7.202,173.057,55.827,-57.579
-0.571,0.083,-0.81,11.353,-19.47,-17.09,174.007,56.733,-57.283
-0.553,0.146,-0.781,-0.244,9.46,-12.634,174.512,57.025,-56.656
-0.268,0.133,-0.613,0.305,7.324,-3.967,174.705,56.486,-56.404
-0.189,0.164,-0.496,-0.183,-17.029,5.554,174.452,56.81,-56.854
-0.42,0.218,-0.596,6.714,-36.011,4.883,174.04,58.035,-57.832
-0.434,0.134,-0.505,14.282,-18.982,-2.197,174.315,59.37,-58.42
-0.604,0.149,-0.605,12.939,-27.771,-5.127,174.683,60.518,-58.848
-0.597,0.039,-0.651,9.216,9.033,-19.47,175.512,61.21,-58.552
-0.797,-0.142,-0.923,-19.653,3.235,-47.668,176.528,61.232,-56.772
-0.838,-0.014,-0.965,-64.941,28.015,-87.708,176.962,61.084,-52.471
-0.584,0.045,-0.974,-56.702,5.432,-86.487,177.363,60.255,-46.846
-0.862,0.034,-1.096,-45.837,25.085,-55.664,177.523,60.37,-42.539
-0.69,0.005,-1.029,-34.058,30.212,-24.963,177.248,59.172,-40.034
-0.412,0.098,-0.889,-22.156,27.405,13.611,176.193,57.645,-39.699
-0.351,0.21,-0.797,9.033,1.77,48.95,174.968,56.772,-41.808
-0.499,0.07,-0.705,30.273,-12.085,51.819,174.562,56.794,-45.055
-0.494,0.016,-0.663,29.175,0.793,41.077,174.617,56.706,-47.895
-0.431,-0.046,-0.64,23.01,2.686,18.677,175.182,56.42,-49.488
-0.433,-0.038,-0.663,21.423,13.245,15.198,175.979,55.981,-50.246
-0.383,-0.078,-0.719,16.113,4.15,22.4,176.616,55.377,-51.202
-0.415,-0.001,-0.691,17.273,-1.953,27.71,176.825,55.349,-52.603
-0.396,-0.038,-0.691,21.362,-15.442,26.428,177.275,55.618,-54.036
-0.417,-0.012,-0.832,19.897,-10.315,36.865,177.479,56.096,-55.8
-0.711,0.075,-1.118,17.944,-28.259,48.279,177.215,56.887,-58.26
-0.654,0.134,-1.139,25.452,-13.306,58.899,176.649,57.629,-61.386
-0.705,0.21,-1.113,22.034,-7.996,86.914,175.463,57.936,-65.737
-0.521,0.315,-0.967,24.78,-22.705,101.746,173.348,57.816,-71.598
-0.697,0.282,-0.873,40.161,-34.363,89.417,171.628,58.453,-77.52
-0.711,0.215,-0.794,51.208,-16.663,82.275,170.793,58.876,-82.892
-0.569,0.154,-0.7,57.129,-3.479,80.322,170.695,58.491,-87.726
-0.543,0.127,-0.674,63.477,-2.502,79.834,171.019,57.92,-92.444
-0.542,0.114,-0.695,67.688,-4.089,87.646,171.623,57.382,-97.317
-0.558,0.096,-0.753,68.359,2.075,94.116,172.117,56.739,-102.7
-0.517,0.107,-0.839,65.125,0.244,89.905,172.634,55.909,-108.029
-0.518,0.129,-0.875,59.387,-5.188,78.552,173.21,55.448,-112.868
-0.583,0.108,-0.915,55.664,-9.583,67.322,173.941,55.393,-117.048
-0.572,0.096,-0.911,53.894,-10.193,68.726,174.639,55.437,-120.981
-0.594,0.037,-0.874,52.307,-23.071,73.242,175.095,55.865,-125.283
-0.523,-0.007,-0.734,53.162,-19.897,77.759,175.38,56.47,-129.858
-0.592,-0.07,-0.706,60.242,-23.926,78.186,175.754,57.14,-134.648
-0.617,-0.096,-0.725,66.589,-6.714,104.675,176.265,57.574,-139.576
-0.719,-0.062,-0.806,81.665,7.446,115.54,176.418,57.255,-145.618
-0.49,-0.146,-0.78,88.074,21.118,110.107,177.484,56.025,-151.337
-0.484,-0.164,-0.798,79.895,6.653,100.098,178.786,55.195,-156.621
-0.442,-0.237,-0.782,68.604,-2.38,78.369,-179.736,54.965,-160.9
-0.482,-0.239,-0.785,45.288,-8.057,67.383,-178.693,55.349,-164.235
-0.472,-0.266,-0.812,36.255,-6.287,49.194,-178.039,55.822,-166.811
-0.469,-0.271,-0.882,22.461,-11.536,42.236,-177.457,56.245,-168.569
-0.732,-0.124,-1.026,6.897,-17.578,46.814,-177.77,57.047,-170.519
-0.544,-0.031,-0.879,7.629,-10.986,49.377,-178.632,57.711,-172.842
-0.564,0.066,-0.87,9.033,1.404,51.697,-179.709,57.914,-175.496
-0.395,0.062,-0.766,11.597,-9.155,50.72,179.445,57.722,-178.193
-0.703,0.124,-0.815,7.69,-12.451,58.411,178.05,58.354,178.55
-0.624,0.16,-0.828,18.066,16.663,49.255,176.968,57.799,175.589
-0.457,0.101,-0.813,26.001,25.696,44.006,176.786,56.459,173.276
-0.395,0.103,-0.78,23.621,1.16,53.284,176.583,55.58,170.645
-0.426,0.142,-0.752,24.109,-10.437,58.411,176.034,55.514,167.371
-0.501,0.167,-0.778,24.658,-9.583,56.213,175.397,55.684,163.927
-0.443,0.184,-0.783,24.353,-4.211,53.223,174.897,55.629,160.73
-0.549,0.223,-0.882,26.367,-8.606,47.546,174.457,55.629,157.659
-0.526,0.159,-0.957,29.297,-6.348,36.621,174.512,55.525,155.11
-0.478,0.101,-0.864,21.24,-12.085,35.95,174.567,55.778,152.809
-0.752,0.097,-0.979,15.381,-21.24,31.25,174.249,56.464,150.469
-0.449,-0.005,-0.817,19.287,5.493,21.729,174.38,56.453,148.782
-0.394,-0.038,-0.708,12.817,-28.503,24.292,174.556,56.805,147.068
-0.723,-0.008,-0.796,17.883,-10.681,27.588,174.446,57.854,144.882
-0.658,-0.013,-0.837,21.973,22.644,34.851,174.727,57.217,142.806
-0.403,-0.041,-0.844,21.423,38.574,38.025,175.1,55.311,140.543
-0.293,0.008,-0.853,14.526,11.23,37.292,175.188,53.888,137.922
-0.382,0.011,-0.803,14.16,-1.587,24.414,175.292,53.498,135.489
-0.472,0.006,-0.757,10.071,-10.681,13.855,175.523,53.718,133.621
-0.493,-0.0,-0.789,5.066,1.526,2.38,175.897,53.762,132.457
-0.418,-0.041,-0.771,5.188,17.944,-12.817,176.429,53.421,131.99
-0.374,-0.064,-0.784,-6.531,-4.578,-17.212,177.155,52.982,132.182
-0.306,-0.062,-0.689,-8.423,-6.042,-18.188,177.446,53.251,132.226
-0.488,0.015,-0.65,-17.578,-36.194,-7.263,177.275,54.415,131.913
-0.489,0.006,-0.641,-11.719,-20.508,-8.484,177.012,55.613,131.446
-0.647,0.139,-0.758,-8.667,-19.958,-1.343,176.528,56.948,130.792
-0.782,0.136,-0.929,-0.549,-12.207,3.113,176.517,57.695,130.292
-0.622,0.146,-1.043,9.888,14.038,5.859,176.583,57.706,129.589
-0.767,0.208,-1.217,18.799,46.631,14.404,176.803,56.629,128.568
-0.15,0.082,-1.15,15.686,43.701,4.761,177.753,53.729,128.013
-0.323,0.163,-1.103,-1.709,-15.503,7.263,177.583,53.267,126.903
-0.497,0.118,-0.911,-2.93,-30.945,-13.245,177.44,54.437,126.431
-0.613,0.124,-0.808,-8.972,-21.973,-14.465,177.369,55.701,126.579
-0.562,0.161,-0.758,-4.578,-3.601,-7.751,177.242,56.228,126.678
-0.389,0.143,-0.642,-2.319,-1.526,2.502,177.039,56.25,126.398
-0.436,0.177,-0.616,-1.221,-12.756,10.193,176.506,56.656,125.563
-0.303,0.173,-0.529,4.578,0.0,13.245,175.995,56.926,124.53
-0.52,0.232,-0.705,8.484,-4.028,20.691,175.556,56.981,123.322
-0.32,0.209,-0.706,14.16,21.057,31.799,175.15,56.261,121.652
-0.266,0.298,-0.745,10.62,-20.081,36.316,174.298,55.849,119.207
-0.465,0.17,-0.78,20.081,-30.884,5.371,174.051,56.882,117.383
-0.902,0.15,-0.958,11.169,-21.484,11.841,174.144,58.607,116.219
-0.707,0.038,-0.86,7.996,-17.395,6.165,174.221,59.238,114.933
-1.0,0.029,-1.047,9.338,1.404,-5.066,174.523,59.908,113.956
-0.652,-0.046,-1.03,5.798,33.63,-2.625,175.424,58.821,113.478
-0.362,0.003,-0.929,-1.221,15.747,6.165,175.622,57.546,112.308
-0.522,0.188,-0.886,5.127,-19.653,24.475,175.287,57.722,110.297
-0.544,0.053,-0.759,32.41,3.967,35.767,175.32,57.816,107.183
-0.549,-0.045,-0.721,19.47,-8.484,22.644,175.715,57.722,104.31
-0.611,-0.214,-0.708,-20.02,18.433,-27.588,176.083,57.508,103.403
-0.438,0.017,-0.648,-48.34,20.142,-57.129,176.039,56.602,104.974
-0.618,0.102,-0.733,-38.452,23.56,-54.993,175.902,56.041,106.919
-0.46,0.06,-0.714,-20.386,33.447,-54.321,176.539,54.8,109.017
-0.464,-0.005,-0.765,-20.996,30.212,-59.509,177.38,53.751,111.083
-0.453,-0.103,-0.828,-39.795,20.203,-93.323,178.198,52.855,114.296
-0.317,-0.012,-0.758,-55.969,26.855,-101.257,178.61,52.053,118.856
-0.257,0.028,-0.77,-45.898,-0.122,-81.421,178.577,51.68,123.019
-0.297,0.025,-0.865,-31.982,-10.681,-83.374,178.813,52.042,126.639
-0.65,0.098,-0.993,-19.104,-22.278,-58.105,179.489,53.174,130.029
-0.471,0.16,-1.042,0.244,-10.01,-7.324,-180.0,53.679,131.638
-1.024,0.148,-1.199,25.33,14.648,17.639,-179.742,54.558,131.149
-0.431,0.18,-1.09,26.489,35.95,37.109,-179.319,52.723,129.963
-0.36,0.237,-1.056,31.311,6.592,38.94,-179.16,51.735,127.897
-0.351,0.138,-0.878,44.556,-15.686,16.846,-178.099,51.976,126.573
-0.546,-0.005,-0.79,40.283,-33.386,11.414,-176.495,53.3,126.008
-0.648,-0.003,-0.776,26.489,-21.79,19.226,-175.567,54.662,125.31
-0.546,0.02,-0.697,18.555,-2.014,32.288,-175.435,55.212,124.074
-0.47,0.071,-0.651,16.541,0.122,38.696,-175.897,55.404,122.179
-0.412,0.064,-0.595,20.142,-0.549,36.133,-176.215,55.525,120.35
-0.49,0.036,-0.663,13.55,3.601,39.429,-176.721,55.646,118.328
-0.431,0.079,-0.695,10.742,12.939,39.124,-177.506,55.344,116.224
-0.432,0.146,-0.777,9.155,1.404,39.062,-178.385,55.02,113.972
-0.339,0.126,-0.768,13.611,-2.136,33.508,-179.033,54.954,111.841
-0.663,0.114,-0.937,13.184,-23.438,40.955,-179.626,55.596,109.567
-0.737,0.035,-1.077,15.991,-11.047,41.199,179.731,55.997,106.787
-0.711,-0.037,-1.048,25.513,-4.395,22.644,179.517,56.234,104.03
-0.763,-0.119,-1.099,19.47,31.311,12.39,-179.687,55.937,102.145
-0.409,-0.12,-1.036,13.977,41.138,24.658,-179.193,53.948,99.772
-0.205,-0.06,-0.899,7.202,9.399,42.114,-179.385,52.465,96.542
-0.343,0.07,-0.788,7.568,-23.132,55.786,179.61,52.844,92.318
-0.415,0.069,-0.694,17.761,-30.518,42.175,178.923,53.948,88.193
-0.557,-0.011,-0.7,21.851,-23.193,12.085,179.275,55.201,85.463
-0.562,-0.071,-0.727,23.01,-16.113,-9.766,-179.539,56.08,83.963
-0.713,-0.161,-0.821,16.113,-6.531,-19.226,-177.836,56.689,83.293
-0.485,-0.206,-0.74,13.611,14.099,-11.536,-176.396,56.376,82.37
-0.46,-0.129,-0.775,0.916,0.854,10.742,-175.908,55.97,80.541
-0.45,-0.113,-0.76,11.292,12.146,5.554,-175.693,55.662,78.316
-0.345,-0.165,-0.699,-5.859,-6.165,7.996,-175.419,55.305,76.509
-0.438,-0.175,-0.697,-21.24,-13.245,-1.587,-175.891,55.717,74.96
-0.382,-0.066,-0.63,-32.41,-19.897,-3.54,-177.023,56.409,73.702
-0.465,-0.022,-0.688,-39.673,-35.645,-7.751,-178.314,57.596,72.828
-0.729,0.115,-0.798,-31.616,-44.617,-8.728,-179.852,59.628,71.9
-0.845,0.097,-0.919,-17.578,-30.273,-9.338,179.418,61.589,71.18
-1.28,0.282,-1.167,-9.827,17.944,15.564,178.369,62.545,69.521
-0.613,0.145,-1.101,10.742,73.669,13.0,178.231,59.832,67.604
-0.334,0.143,-1.062,2.869,28.503,10.376,178.16,57.404,66.588
-0.474,0.08,-0.926,-6.104,-4.517,-4.944,178.011,57.063,66.66
-0.502,0.125,-0.759,-14.832,-1.831,-2.747,177.473,57.167,66.918
-0.51,0.158,-0.718,-12.207,-0.427,-2.014,176.732,57.189,66.995
-0.476,0.179,-0.673,-5.127,-2.991,0.305,176.248,57.261,67.11
-0.458,0.143,-0.634,7.202,-4.028,1.648,176.144,57.448,67.225
-0.519,0.094,-0.684,10.925,-6.775,4.272,176.385,57.744,67.258
-0.597,0.124,-0.763,12.085,6.226,12.512,176.512,57.81,66.561
-0.566,0.133,-0.801,11.902,4.761,24.536,176.523,57.338,65.264
-0.468,0.136,-0.741,10.132,7.507,26.367,176.171,56.975,63.441
-0.356,0.138,-0.678,6.836,-5.737,20.203,175.776,56.728,61.979
-0.498,0.133,-0.724,7.629,-13.916,8.301,175.468,57.255,61.106
-0.405,0.103,-0.714,6.165,-12.878,6.348,175.556,57.728,60.716
-0.716,0.165,-0.953,7.812,-25.818,17.639,175.303,58.59,59.865
-0.693,0.125,-0.894,12.268,-14.709,12.573,175.084,59.436,58.469
-0.553,0.019,-0.818,11.292,-23.01,-6.409,175.496,60.194,57.689
-0.895,0.075,-0.824,2.93,-30.64,-1.038,175.737,61.93,56.805
-0.987,-0.025,-0.914,14.221,7.629,-12.573,176.655,62.529,55.651
-0.723,-0.049,-0.888,13.367,52.979,4.7,177.869,60.716,54.179
-0.385,-0.059,-0.814,3.662,39.795,15.503,178.171,58.387,51.888
-0.37,0.042,-0.749,-6.531,5.798,14.038,177.731,57.365,49.905
-0.494,0.056,-0.684,-9.216,-33.264,4.822,177.122,58.151,48.455
-0.776,0.081,-0.693,-3.54,-29.236,-13.306,176.88,60.024,47.411
-0.757,-0.011,-0.666,3.845,-0.366,-31.738,178.033,60.776,47.01
-0.603,-0.098,-0.616,-0.244,27.283,-39.673,179.775,60.178,47.159
-0.265,-0.115,-0.554,-9.338,25.146,-33.875,-178.775,58.859,47.587
-0.376,-0.085,-0.633,-23.01,-7.324,-10.193,-178.588,58.414,47.417
-0.363,-0.015,-0.616,-26.672,0.671,-15.259,-179.324,58.661,46.807
-0.63,0.107,-0.832,-28.32,-13.306,-15.198,-179.984,59.052,46.879
-0.958,0.153,-1.072,-17.029,-6.714,-16.541,179.517,59.568,47.587
-0.601,0.155,-1.011,-16.296,7.629,3.357,179.094,58.953,51.559
-1.078,0.312,-1.191,-13.794,25.574,20.447,177.468,58.92,53.608
-0.436,0.262,-1.077,-3.052,65.369,0.427,176.797,55.992,56.481
-0.269,0.164,-0.985,-1.16,22.522,-8.911,176.924,53.789,59.843
-0.333,0.157,-0.946,-6.165,15.991,-8.911,176.863,52.833,62.77
-0.285,0.125,-0.804,-9.644,-2.319,-3.662,176.732,52.383,65.413
-0.311,0.214,-0.718,-13.123,-10.437,13.123,175.88,52.548,67.05
-0.376,0.239,-0.655,-8.789,-19.165,16.602,174.858,53.026,68.22
-0.34,0.278,-0.591,-4.333,-3.296,23.132,173.892,53.212,69.406
-0.407,0.29,-0.65,8.545,-18.188,19.47,173.238,53.207,70.477
-0.346,0.199,-0.663,11.78,-3.296,22.888,173.095,53.311,71.763
-0.457,0.278,-0.67,5.371,-29.785,38.452,172.255,53.849,72.114
-0.513,0.309,-0.788,15.869,-16.602,26.672,171.579,54.278,72.515
-0.661,0.288,-0.929,21.912,-6.104,26.733,171.497,54.487,73.405
-0.776,0.227,-0.943,30.457,8.789,17.761,171.815,54.525,74.608
-0.641,-0.033,-1.125,28.809,3.174,-15.198,173.469,53.531,77.635
-0.897,0.103,-1.163,18.921,14.648,8.301,174.199,53.734,80.436
-0.5,-0.109,-0.899,27.588,29.724,-7.935,175.545,52.46,83.914
-0.322,-0.054,-0.78,4.761,5.676,13.855,176.468,51.449,83.502
-0.41,0.068,-0.718,-3.418,-17.151,16.357,176.127,51.779,80.673
-0.545,0.084,-0.715,0.183,-25.818,0.916,175.902,52.872,80.75
-0.699,0.073,-0.754,10.01,-5.371,-7.08,176.05,53.855,84.078
-0.557,-0.055,-0.767,16.357,17.7,-18.066,177.056,53.454,88.308
-0.4,-0.104,-0.747,10.864,24.841,-11.658,177.979,52.427,91.203
-0.286,-0.153,-0.668,-5.127,-3.418,-10.254,178.704,51.779,88.89
-0.583,0.005,-0.65,-21.118,-26.489,-3.418,178.127,52.833,86.331
-0.51,0.01,-0.678,-2.38,15.991,-24.17,178.226,52.839,85.347
-0.329,-0.021,-0.664,-8.789,12.268,-1.709,178.127,52.224,89.489
-0.277,0.002,-0.707,-16.479,-13.733,3.601,177.391,52.24,92.137
-0.696,0.141,-0.909,-21.179,-15.747,6.958,176.32,53.372,93.186
-0.886,0.293,-1.275,-19.531,1.16,9.827,175.084,53.597,95.251
-0.592,0.264,-1.272,7.69,69.275,-2.869,174.435,52.097,97.619
-0.111,0.213,-1.23,-4.639,15.259,0.427,174.732,49.68,100.212
-0.537,0.214,-1.11,0.061,-24.475,-11.23,174.567,50.208,101.613
-0.521,0.104,-0.885,-4.272,-5.554,-22.522,174.919,50.867,103.947
-0.568,0.131,-0.831,-11.78,-9.521,-18.982,174.952,51.383,106.699
-0.465,0.153,-0.747,-11.353,7.08,-11.78,174.688,51.52,109.402
-0.343,0.185,-0.666,-8.484,-2.686,-2.075,174.26,51.449,111.671
-0.406,0.192,-0.663,-1.465,-5.31,1.953,173.897,51.74,113.401
-0.37,0.19,-0.649,4.578,-1.892,10.01,173.705,51.751,114.84
-0.407,0.205,-0.657,4.822,-13.855,19.714,173.326,52.026,115.582
-0.53,0.229,-0.702,9.705,-6.897,17.517,172.914,52.46,116.18
-0.379,0.156,-0.707,11.963,0.732,5.188,173.035,52.333,117.466
-0.265,0.091,-0.633,6.714,-17.395,-6.042,173.293,52.784,119.081
-0.733,0.089,-0.728,-7.751,-38.269,-5.31,173.183,54.624,120.751
-0.969,0.169,-1.03,-13.916,0.0,-6.287,172.584,55.475,122.943
-0.714,0.11,-1.055,-0.61,61.707,-24.17,172.59,54.393,126.238
-0.41,0.074,-1.243,-10.986,44.128,-15.991,173.238,51.784,130.221
-0.317,0.076,-1.05,-3.601,20.447,1.343,173.084,50.372,132.067
-0.448,0.165,-0.963,-5.798,-17.029,19.043,172.749,50.317,132.413
-0.506,0.158,-0.826,16.052,-8.301,18.616,172.507,50.784,132.006
-0.46,0.077,-0.725,20.325,-11.108,13.672,173.112,51.125,132.314
-0.49,0.018,-0.67,21.118,-4.211,9.521,173.831,51.553,132.995
-0.406,-0.038,-0.598,12.939,-2.441,2.747,174.556,51.768,134.434
-0.453,-0.032,-0.666,10.437,7.568,-9.399,175.161,51.905,136.686
-0.371,-0.106,-0.691,5.981,14.832,-21.362,176.16,51.564,140.01
-0.302,-0.132,-0.655,-6.042,0.488,-18.616,176.765,51.553,143.465
-0.502,-0.012,-0.735,-17.273,-8.484,-4.333,176.534,52.256,146.497
-0.385,0.046,-0.779,-5.493,1.831,4.456,176.127,52.438,148.392
-0.607,0.118,-1.047,0.61,-8.728,10.315,175.935,52.833,149.106
-0.514,0.121,-1.039,11.353,14.343,17.395,176.001,52.625,149.409
-0.468,0.175,-1.181,6.409,-8.789,26.123,175.963,52.108,148.837
-0.525,0.072,-1.196,17.09,23.865,0.0,176.314,51.866,148.519
-0.274,0.1,-1.028,-4.883,-14.465,6.165,176.666,51.257,148.76
-0.579,0.124,-0.945,-8.484,-22.705,1.16,176.083,52.3,148.255
-0.459,0.125,-0.751,-11.23,-17.639,-1.831,175.633,53.08,148.535
-0.593,0.176,-0.761,-9.155,-3.235,9.155,174.935,53.734,148.837
-0.343,0.152,-0.66,-2.686,15.93,17.273,174.271,53.19,149.002
-0.304,0.211,-0.649,1.465,7.568,23.926,173.6,52.504,148.678
-0.119,0.167,-0.557,9.46,3.601,26.978,173.183,51.839,147.827
-0.403,0.218,-0.616,8.911,-36.377,35.095,172.579,52.454,146.102
-0.484,0.207,-0.69,15.076,-9.155,32.776,172.046,53.058,144.476
-0.525,0.227,-0.835,20.569,3.906,26.001,171.942,52.916,143.536
-0.585,0.188,-0.997,19.043,0.244,26.489,172.249,52.454,142.927
-0.427,0.108,-0.925,20.02,-5.249,24.17,172.386,52.3,141.888
-0.925,0.099,-1.132,9.399,-36.438,13.55,172.628,53.267,140.933
-0.756,0.032,-1.098,18.677,27.466,11.658,173.057,53.026,141.037
-0.562,0.056,-1.112,10.193,18.433,28.992,173.315,51.949,140.9
-0.394,0.045,-0.981,10.254,2.991,31.799,173.254,51.273,139.186
-0.387,0.091,-0.733,4.089,-24.353,33.142,172.842,51.685,136.648
-0.556,0.125,-0.664,5.737,-27.405,28.931,172.266,52.789,134.11
-0.509,0.098,-0.577,12.939,-10.742,17.7,172.101,53.619,132.891
-0.537,0.056,-0.582,17.334,0.305,6.592,172.485,53.976,133.314
-0.473,-0.047,-0.63,19.775,15.442,2.014,173.298,53.745,135.368
-0.455,-0.082,-0.699,9.521,7.996,7.08,173.892,53.234,137.065
-0.455,-0.032,-0.728,5.188,-0.244,22.827,174.188,52.833,133.325
-0.412,0.08,-0.757,11.841,-7.08,53.223,173.903,52.603,128.716
-0.512,0.083,-0.793,22.827,-26.917,68.97,173.326,52.949,123.135
-0.937,0.188,-1.13,14.648,-28.015,70.19,172.496,53.965,117.433
-0.634,0.175,-1.045,17.395,16.113,74.768,171.617,53.163,111.742
-0.398,0.311,-1.025,-5.249,0.061,83.069,169.92,51.943,106.029
-0.565,0.422,-1.022,8.728,-5.737,62.561,168.113,51.427,101.14
-0.528,0.312,-0.954,25.879,11.475,50.781,167.783,50.63,97.811
-0.25,0.193,-0.811,33.203,11.108,56.58,168.173,49.29,94.504
-0.291,0.231,-0.771,27.466,-19.226,69.58,168.124,48.834,90.253
-0.354,0.228,-0.709,32.715,-18.86,71.411,167.959,48.928,85.512
-0.429,0.293,-0.815,28.503,-17.395,80.078,167.591,48.878,80.431
-0.516,0.334,-0.956,38.574,2.869,75.928,167.366,48.307,75.19
-0.429,0.214,-1.021,45.227,-7.568,74.097,167.937,47.406,70.192
-0.415,0.149,-0.963,44.922,-4.395,86.609,168.453,46.917,64.578
-0.307,0.011,-0.851,47.18,-18.677,80.505,169.102,46.412,58.678
-0.488,0.027,-0.757,38.94,-42.114,81.482,169.662,47.065,52.888
-0.694,0.017,-0.833,50.598,-12.573,91.003,170.162,47.692,46.533
-0.485,-0.029,-0.875,53.467,21.79,103.027,171.167,46.494,39.985
-0.22,-0.064,-0.876,46.875,12.268,107.422,172.123,44.659,33.283
-0.271,0.01,-0.839,31.372,-22.705,99.243,172.463,44.22,26.823
-0.455,0.083,-0.821,30.273,-21.606,84.534,172.485,44.714,20.891
-0.355,0.006,-0.823,30.762,-12.512,63.171,173.007,44.885,16.117
-0.428,0.012,-0.988,27.405,-9.399,49.866,173.622,45.049,12.283
-0.522,0.048,-1.063,20.996,-6.287,45.227,174.172,45.099,8.992
-0.217,0.014,-0.906,13.428,9.399,48.828,174.485,44.643,5.867
-0.256,0.207,-0.949,1.282,-7.629,66.406,173.71,44.176,2.032
-0.413,0.249,-1.008,12.39,-0.916,54.443,173.062,44.072,-1.747
-0.335,0.236,-0.99,17.212,11.597,57.251,172.864,43.336,-5.229
-0.169,0.202,-0.946,19.348,7.935,57.739,172.864,42.275,-8.751
-0.142,0.208,-0.832,18.982,-15.198,55.542,172.842,41.907,-12.2
-0.352,0.221,-0.786,14.709,-30.029,55.603,172.672,42.545,-15.677
-0.529,0.289,-0.792,14.832,-18.127,54.321,172.249,43.347,-19.407
-0.366,0.279,-0.779,21.973,4.517,55.237,172.156,43.27,-23.06
-0.255,0.324,-0.836,23.071,-1.953,69.519,172.035,42.814,-27.136
-0.139,0.275,-0.865,29.724,-4.578,68.237,172.046,42.407,-31.536
-0.393,0.289,-1.024,25.696,-19.043,73.12,171.991,42.556,-35.898
-0.317,0.131,-1.104,31.555,-16.602,54.443,172.354,42.369,-39.705
-0.461,-0.025,-1.05,39.734,-11.108,21.729,173.386,43.033,-42.017
-0.247,-0.203,-0.905,24.78,-9.888,9.705,174.996,43.226,-42.583
-0.32,-0.081,-0.831,12.146,-10.071,36.072,175.49,43.715,-43.901
-0.294,-0.019,-0.888,11.414,5.92,45.898,175.616,43.489,-45.934
-0.259,0.055,-0.936,14.526,12.695,42.419,175.726,42.748,-48.027
-0.098,0.016,-0.911,17.517,1.831,25.33,176.281,42.083,-49.4
-0.245,-0.002,-0.883,12.756,-16.541,16.174,176.863,42.479,-50.136
-0.319,-0.013,-0.85,11.353,-23.071,5.859,177.407,43.292,-50.521
-0.457,-0.041,-0.859,9.949,-17.395,-4.639,178.061,44.33,-50.389
-0.393,-0.092,-0.866,8.484,-0.488,-11.658,178.863,44.775,-49.79
-0.318,-0.108,-0.855,1.099,-1.587,-9.399,179.484,44.89,-49.043
-0.358,-0.085,-0.875,-6.104,-6.714,-11.475,179.731,45.22,-48.329
-0.338,-0.073,-0.859,-13.672,-11.475,-16.296,179.78,45.676,-47.351
-0.291,-0.043,-0.758,-19.531,-22.278,-24.17,179.528,46.566,-46.143
-0.394,-0.034,-0.68,-29.175,-40.222,-28.076,179.061,48.246,-44.599
-0.458,-0.007,-0.639,-30.273,-31.616,-35.156,178.429,50.197,-42.88
-0.354,0.028,-0.629,-30.151,-26.917,-35.645,177.957,51.779,-40.974
-0.653,0.126,-0.879,-28.076,-38.086,-28.625,177.396,53.773,-39.43
-0.864,0.275,-1.127,-18.25,-5.249,-20.447,176.852,55.02,-38.518
-0.729,0.321,-1.109,-13.367,14.221,0.977,176.342,54.833,-38.447
-0.567,0.339,-1.167,1.221,42.664,-6.348,176.089,53.344,-38.688
-0.172,0.249,-1.052,14.343,31.738,-22.827,176.852,51.339,-38.057
-0.28,0.029,-0.868,7.812,-22.339,-35.889,178.099,51.295,-36.584
-0.446,0.015,-0.779,-7.812,-20.508,-29.48,178.742,52.399,-34.953
-0.425,0.091,-0.737,-17.273,-10.437,-14.404,178.561,53.091,-33.871
-0.417,0.165,-0.731,-16.968,-5.371,0.427,177.731,53.399,-33.766
-0.404,0.217,-0.72,-10.254,-0.061,10.254,176.77,53.492,-34.387
-0.397,0.278,-0.763,-3.357,-0.793,28.259,175.726,53.3,-35.848
-0.406,0.293,-0.763,8.545,-0.061,38.025,174.677,53.152,-38.282
-0.257,0.303,-0.684,11.292,-18.188,45.837,173.749,53.091,-41.237
-0.438,0.289,-0.698,18.982,-36.255,36.804,172.782,54.278,-44.561
-0.335,0.231,-0.691,19.104,-35.461,25.024,172.397,55.558,-47.17
-0.615,0.192,-0.818,14.893,-47.302,3.662,172.348,57.486,-48.746
-1.018,0.189,-1.052,13.062,-23.315,-3.113,172.568,59.271,-49.482
-0.574,0.016,-0.808,21.973,12.939,-28.137,173.952,59.485,-48.796
-1.055,-0.006,-0.986,4.333,-20.874,-20.935,175.6,60.342,-47.197
-0.716,-0.062,-1.02,20.447,48.157,-16.785,177.006,59.101,-46.159
-0.232,-0.123,-0.877,4.272,40.039,-1.099,178.226,56.849,-45.269
-0.171,0.037,-0.727,-14.038,-23.254,18.25,177.638,56.541,-45.648
-0.664,0.125,-0.708,-5.371,-35.217,8.362,176.649,58.304,-46.373
-0.696,0.057,-0.754,6.165,-7.385,-5.554,176.688,59.227,-46.456
-0.593,-0.048,-0.762,10.559,18.616,-15.381,177.589,59.035,-45.791
-0.456,-0.135,-0.775,0.427,15.869,-19.47,178.698,58.239,-44.561
-0.463,-0.103,-0.736,-10.62,-1.16,-20.935,179.308,57.975,-43.105
-0.557,-0.019,-0.735,-11.353,-3.479,-13.306,179.522,58.206,-41.83
-0.475,-0.022,-0.691,-5.432,4.883,-10.01,179.72,58.189,-40.974
-0.462,0.008,-0.682,-3.479,-3.052,-4.517,179.841,58.255,-40.479
-0.534,-0.028,-0.727,1.831,-4.333,-15.015,-179.764,58.502,-39.88
-0.339,-0.108,-0.629,-0.244,-8.301,-28.381,-178.759,58.64,-38.397
-0.463,-0.175,-0.594,-10.193,-41.992,-44.189,-177.643,60.216,-35.997
-1.036,-0.134,-0.794,-28.564,-51.27,-39.246,-176.699,62.99,-33.036
-0.909,0.114,-0.935,-25.94,14.587,-25.146,-176.907,63.655,-31.382
-0.923,0.196,-1.024,-24.536,11.536,-7.263,-177.446,63.342,-30.619
-0.805,0.35,-1.081,-5.615,60.181,15.259,-178.643,61.392,-31.575
-0.301,0.211,-0.963,20.264,54.26,7.935,-178.72,58.304,-32.849
-0.375,0.041,-0.904,16.235,1.892,0.732,-178.044,57.206,-33.349
-0.485,0.026,-0.769,-2.014,0.488,11.902,-178.132,57.189,-33.904
-0.453,0.107,-0.72,-8.606,-8.972,14.16,-179.099,57.272,-34.986
-0.48,0.164,-0.68,-5.249,-7.263,14.099,179.951,57.629,-36.041
-0.452,0.202,-0.664,-0.488,-5.249,25.208,178.984,57.849,-37.573
-0.507,0.227,-0.667,7.751,-9.521,31.738,177.929,58.118,-39.781
-0.491,0.201,-0.605,13.245,-15.442,31.128,177.078,58.629,-42.303
-0.577,0.175,-0.689,12.573,-14.832,24.719,176.451,59.315,-44.599
-0.502,0.134,-0.729,8.057,4.822,21.24,175.886,59.414,-46.566
-0.321,0.135,-0.655,6.226,-5.737,17.761,175.391,59.326,-47.999
-0.609,0.167,-0.871,11.047,-52.185,24.292,174.738,60.667,-49.779
-0.817,0.146,-0.769,22.4,-44.25,38.025,173.979,62.941,-52.41
-1.231,0.048,-1.134,34.424,-58.533,26.306,173.892,64.995,-55.025
-1.325,-0.034,-1.092,38.452,48.34,5.31,174.985,65.435,-56.113
-0.533,-0.151,-0.91,25.757,73.242,-7.751,177.369,62.133,-55.063
-0.192,-0.086,-0.774,-0.549,35.095,15.32,178.044,59.513,-54.844
-0.333,0.051,-0.677,-10.559,-16.968,13.977,177.226,59.37,-55.481
-0.664,0.087,-0.696,-7.996,-17.7,-4.883,176.819,60.282,-55.333
-0.653,0.052,-0.7,2.747,12.146,-10.01,177.078,60.43,-54.712
-0.52,-0.013,-0.747,6.836,21.973,-14.587,177.946,59.59,-53.751
-0.56,-0.055,-0.856,10.071,21.362,-14.343,178.923,58.744,-52.723
-0.423,-0.124,-0.777,6.042,6.531,-11.597,-179.967,57.997,-51.614
-0.573,-0.068,-0.767,-3.479,-10.01,-0.732,-179.555,58.195,-50.977
-0.519,-0.007,-0.735,-4.456,19.287,0.793,-179.61,58.057,-50.729
-0.307,-0.017,-0.642,-8.972,6.592,-1.221,-179.769,57.299,-50.515
-0.417,-0.035,-0.668,-15.137,-5.005,-15.137,-179.962,57.376,-49.796
-0.368,-0.045,-0.624,-18.616,-8.789,-15.869,179.824,57.656,-48.636
-0.296,-0.066,-0.526,-25.024,-31.25,-13.977,179.456,58.7,-47.45
-0.721,0.124,-0.683,-27.588,-49.866,-0.61,178.253,61.046,-47.093
-0.899,0.202,-0.872,-12.207,-18.616,11.475,177.253,62.54,-47.571
-1.097,0.371,-1.059,-6.226,4.7,35.828,175.551,62.726,-49.669
-0.743,0.302,-1.118,10.986,47.791,22.278,174.869,60.716,-51.498
-0.43,0.213,-1.071,14.404,26.917,5.493,175.161,58.788,-52.224
-0.43,0.101,-0.861,3.967,-8.85,-5.798,175.49,58.513,-52.306
-0.624,0.089,-0.755,-8.911,-24.353,-12.878,175.545,59.464,-51.866
-0.654,0.146,-0.742,-9.766,5.371,-8.179,175.314,60.035,-51.427
-0.447,0.169,-0.665,-4.761,15.198,-0.793,175.095,59.447,-51.246
-0.372,0.186,-0.631,3.479,8.118,7.629,174.858,58.859,-51.625
-0.333,0.152,-0.606,8.85,1.221,12.146,174.716,58.508,-52.465
-0.502,0.191,-0.668,5.249,-11.23,23.376,174.265,58.722,-53.849
-0.4,0.187,-0.643,6.47,0.061,22.156,173.529,58.694,-55.668
-0.485,0.246,-0.688,1.587,-13.245,11.963,172.93,58.914,-57.008
-0.46,0.209,-0.728,8.423,2.258,0.977,172.639,59.101,-57.892
-0.576,0.154,-0.889,4.578,-21.912,-5.737,172.914,59.496,-57.997
-0.695,0.09,-0.829,1.831,-18.86,-0.61,172.76,60.738,-58.398
-1.141,0.09,-1.046,-7.385,-42.358,-5.493,172.738,62.084,-58.365
-0.857,0.073,-1.019,11.292,41.077,-14.038,173.188,61.666,-57.914
-0.749,0.021,-1.107,5.798,50.11,-10.803,174.485,59.93,-56.58
-0.286,0.001,-0.933,2.869,29.785,1.587,175.193,57.788,-55.915
-0.38,0.067,-0.774,-3.296,-14.526,9.583,174.996,57.601,-56.179
-0.652,0.078,-0.714,-1.831,-19.47,-0.061,174.743,58.552,-56.431
-0.596,0.066,-0.717,-0.549,7.446,-8.484,174.985,58.727,-56.019
-0.5,0.01,-0.696,1.526,13.428,-13.611,175.49,58.359,-55.3
-0.518,-0.02,-0.786,-0.793,10.559,-19.775,176.248,57.903,-54.135
-0.514,-0.072,-0.78,-3.906,5.066,-24.17,177.045,57.645,-52.69
-0.566,-0.083,-0.745,-11.902,2.869,-25.452,177.654,57.667,-51.075
-0.553,-0.028,-0.776,-19.043,23.987,-25.33,177.984,57.283,-49.29
-0.32,0.023,-0.729,-19.897,16.357,-11.292,177.852,56.277,-47.994
-0.354,0.024,-0.747,-17.578,-5.554,-10.254,177.391,56.052,-47.329
-0.45,0.019,-0.711,-17.578,-9.888,-17.334,177.078,56.519,-46.45
-0.362,0.033,-0.581,-19.104,-20.325,-19.47,176.841,57.266,-45.346
-0.629,0.075,-0.731,-18.005,-47.302,-18.311,176.6,58.931,-44.341
-0.852,0.164,-0.887,-6.531,-25.391,-6.653,176.429,60.804,-43.918
-0.905,0.179,-1.04,6.348,-5.188,15.32,176.243,61.6,-44.676
-0.911,0.168,-1.077,17.639,31.494,30.273,175.908,61.106,-46.549
-0.57,0.22,-1.071,12.939,52.856,52.246,175.287,58.656,-49.131
-0.207,0.17,-0.974,19.836,17.151,29.297,174.858,56.514,-51.614
-0.547,0.121,-0.964,6.226,-8.179,2.136,175.023,56.569,-52.394
-0.483,0.126,-0.8,-6.653,-8.362,4.883,174.875,56.733,-52.592
-0.578,0.237,-0.807,-12.878,4.333,15.991,173.897,56.81,-53.405
-0.352,0.233,-0.718,-6.104,9.521,12.329,172.941,56.146,-54.437
-0.422,0.249,-0.718,-5.127,-4.7,9.521,172.222,55.992,-55.294
-0.469,0.28,-0.755,-0.732,0.61,13.0,171.524,55.898,-56.327
-0.524,0.266,-0.783,3.357,0.183,10.864,171.052,55.756,-57.426
-0.397,0.252,-0.695,3.601,-0.244,7.385,170.744,55.563,-58.37
-0.551,0.24,-0.718,6.653,-7.751,0.427,170.607,55.882,-59.117
-0.436,0.197,-0.684,8.301,4.517,-1.038,170.843,55.904,-59.491
-0.369,0.176,-0.674,10.925,-4.944,-3.052,171.183,55.953,-59.793
-0.49,0.161,-0.771,9.46,-9.033,-6.104,171.628,56.459,-59.947
-0.417,0.093,-0.826,4.7,-12.207,-11.108,172.189,56.898,-59.683
-0.685,0.174,-0.89,-5.554,-31.128,-3.052,172.051,58.233,-59.766
-0.527,0.115,-0.781,-0.61,-16.296,-16.785,172.161,59.31,-59.496
-0.989,0.167,-0.851,-2.502,-37.415,-6.409,172.26,61.199,-59.222
-0.875,0.076,-0.907,14.709,0.549,-5.066,172.793,61.793,-59.271
-0.758,0.086,-0.961,14.16,40.833,14.343,173.518,60.897,-59.42
-0.33,0.066,-0.834,11.108,35.706,18.372,173.864,58.738,-60.161
-0.328,0.071,-0.736,2.136,-8.057,8.362,173.881,57.942,-60.848
-0.632,0.083,-0.71,1.282,-9.277,-1.892,173.842,58.596,-61.095
-0.487,0.033,-0.681,3.052,7.385,-13.977,174.315,58.502,-60.645
-0.518,-0.008,-0.717,0.122,17.761,-23.682,175.215,58.134,-59.381
-0.406,-0.032,-0.732,-4.578,17.212,-23.926,176.089,57.354,-57.805
-0.366,-0.058,-0.687,-11.658,-2.014,-23.865,176.682,57.041,-56.228
-0.48,-0.006,-0.654,-17.822,-12.695,-17.944,176.786,57.568,-54.877
-0.507,0.041,-0.617,-15.198,-10.986,-14.038,176.583,58.31,-53.954
-0.563,0.064,-0.694,-17.273,-6.165,-3.357,176.243,58.799,-53.454
-0.672,0.142,-0.871,-16.174,7.263,2.197,175.424,58.771,-53.608
-0.55,0.174,-0.901,-15.93,29.175,7.446,174.666,57.947,-53.833
-0.625,0.388,-1.186,-16.296,-2.014,19.165,173.37,56.794,-54.75
-0.55,0.297,-1.129,12.634,33.447,-4.883,173.183,55.805,-55.311
-0.498,0.181,-1.089,6.897,-2.747,-11.963,174.056,55.3,-54.728
-0.539,0.143,-0.943,-2.197,1.648,-19.348,174.435,55.371,-54.141
-0.479,0.086,-0.749,-20.02,-18.616,-39.612,174.738,55.811,-52.559
-0.628,0.192,-0.705,-30.334,-16.785,-29.175,174.359,56.986,-50.828
-0.589,0.266,-0.674,-15.259,4.089,-11.414,173.672,57.491,-50.021
-0.446,0.259,-0.637,-0.549,8.789,10.193,173.194,57.211,-50.367
-0.378,0.249,-0.628,10.193,4.639,20.63,172.755,56.81,-51.746
-0.333,0.277,-0.671,20.386,10.803,27.527,172.507,56.272,-53.591
-0.311,0.251,-0.688,27.283,-14.648,30.945,172.535,55.975,-55.75
-0.409,0.209,-0.644,25.452,-31.311,31.311,172.43,56.755,-58.304
-0.532,0.158,-0.651,15.564,-38.757,13.489,172.222,58.189,-60.441
-0.97,0.165,-0.844,14.648,-26.001,-4.761,172.436,59.974,-61.232
-0.803,0.028,-0.836,22.4,16.541,-13.55,173.694,60.233,-60.826
-0.809,-0.045,-1.129,16.724,4.028,-3.052,175.182,59.343,-60.15
-0.665,-0.075,-1.115,16.785,56.03,5.31,176.067,57.898,-60.084
-0.247,-0.124,-1.027,6.104,31.128,10.376,176.814,55.64,-59.974
-0.445,0.037,-0.949,-10.254,-6.409,23.621,176.215,55.289,-60.76
-0.405,0.101,-0.784,-3.784,-5.188,11.353,175.556,55.322,-61.49
-0.542,0.105,-0.761,0.549,-16.296,2.625,175.419,55.833,-61.694
-0.498,0.018,-0.732,15.503,9.399,-12.268,176.1,55.92,-61.32
-0.412,-0.101,-0.688,11.475,-1.831,-16.907,177.44,55.745,-60.255
-0.475,-0.112,-0.682,-1.709,0.854,-18.799,178.292,56.041,-59.15
-0.341,-0.175,-0.655,-14.832,-0.61,-33.569,179.055,55.942,-57.277
-0.518,-0.08,-0.678,-32.349,-10.132,-33.569,179.138,56.519,-55.003
-0.459,-0.05,-0.688,-31.067,-5.676,-41.748,179.099,56.92,-52.487
-0.454,-0.018,-0.71,-28.809,2.197,-34.302,179.127,57.261,-49.955
-0.446,0.064,-0.811,-27.832,-7.019,-9.399,178.566,57.387,-48.582
-0.645,0.147,-0.948,-18.494,-10.864,2.197,177.638,57.936,-48.367
-0.558,0.244,-0.952,-7.568,-2.93,20.874,176.605,58.079,-49.224
-0.966,0.335,-1.088,5.554,-3.723,30.823,175.397,58.497,-51.279
-0.573,0.274,-1.091,22.034,36.865,20.874,175.446,56.926,-52.723
-0.484,0.16,-1.048,23.865,1.038,22.156,175.853,55.997,-54.108
-0.514,0.061,-0.872,11.902,-10.254,19.348,175.946,56.179,-55.459
-0.571,0.1,-0.772,1.038,-16.113,14.343,175.545,56.733,-56.596
-0.612,0.132,-0.732,-3.967,-1.16,6.897,175.084,57.09,-57.239
-0.496,0.173,-0.684,-3.296,5.615,8.118,174.595,56.882,-57.75
-0.454,0.197,-0.667,0.793,7.507,13.855,174.15,56.613,-58.475
-0.39,0.222,-0.667,3.174,7.263,21.851,173.617,56.135,-59.628
-0.394,0.253,-0.69,6.653,-0.488,24.841,172.974,55.811,-61.183
-0.431,0.267,-0.742,8.85,1.343,23.376,172.397,55.591,-62.853
-0.364,0.257,-0.672,8.545,-14.282,16.785,171.947,55.629,-64.33
-0.449,0.2,-0.669,7.874,-24.353,4.272,171.689,56.481,-65.407
-0.608,0.163,-0.796,5.188,-17.395,-4.395,171.694,57.464,-65.819
-0.823,0.145,-0.964,-0.061,-14.587,-6.226,171.821,58.288,-65.748
-0.504,0.049,-0.836,7.446,15.869,-17.883,172.326,58.332,-65.11
-1.039,0.077,-1.029,-0.366,-11.23,-13.062,173.079,58.87,-64.006
-0.72,0.021,-1.031,16.968,42.297,-10.437,174.183,57.684,-63.023
-0.333,-0.038,-0.958,8.972,38.757,12.512,175.144,55.558,-62.584
-0.25,0.06,-0.829,-3.662,-6.714,33.875,174.573,54.794,-63.77
-0.407,0.146,-0.725,-2.319,-23.01,33.203,173.518,55.322,-65.522
-0.59,0.154,-0.718,6.714,-22.278,19.226,172.804,56.25,-67.044
-0.459,0.002,-0.666,15.564,-0.183,-6.226,173.441,56.563,-67.083
-0.722,0.001,-0.832,6.531,3.845,2.991,174.133,56.854,-66.693
-0.451,-0.06,-0.771,11.902,24.109,0.0,174.814,56.03,-66.396
-0.41,-0.01,-0.732,3.357,-0.732,16.052,175.265,55.552,-66.346
-0.36,0.035,-0.666,7.812,7.202,24.353,175.1,55.3,-67.247
-0.4,0.064,-0.66,5.432,-12.695,24.902,174.891,55.289,-68.351
-0.398,0.035,-0.691,5.798,-6.775,18.311,174.644,55.596,-69.401
-0.415,0.052,-0.771,-0.916,-8.667,17.395,174.37,55.898,-70.12
-0.482,0.153,-0.877,-3.723,-29.663,29.358,173.65,56.481,-71.241
-0.696,0.292,-0.962,6.592,-29.297,40.1,172.43,57.7,-73.361
-0.901,0.41,-1.081,13.855,-13.062,67.749,171.008,58.222,-76.761
-0.774,0.462,-1.161,30.579,16.357,71.533,169.766,57.118,-80.947
-0.471,0.305,-1.027,41.138,12.268,46.875,169.969,55.673,-83.947
-0.458,0.173,-0.854,32.837,-19.47,30.64,170.524,55.563,-86.116
-0.562,0.137,-0.702,21.851,-28.503,24.902,170.777,56.607,-87.797
-0.49,0.169,-0.571,18.799,-20.142,35.522,170.568,57.442,-89.698
-0.366,0.212,-0.457,24.597,-9.277,53.955,169.997,57.645,-92.433
-0.322,0.271,-0.485,32.471,-11.353,71.594,169.184,57.36,-96.218
-0.406,0.25,-0.513,40.1,-31.067,73.486,168.278,57.535,-100.844
-0.521,0.235,-0.61,40.344,-34.546,57.312,167.651,58.398,-105.073
-0.947,0.259,-0.799,40.71,-15.93,63.416,167.327,59.134,-108.88
-0.938,0.181,-1.051,40.771,-0.854,63.232,167.322,58.266,-112.516
-0.877,0.148,-1.045,42.358,3.235,54.932,167.52,57.321,-115.917
-0.81,-0.012,-1.154,53.223,46.509,38.879,168.832,55.931,-118.229
-0.349,-0.098,-1.023,32.532,32.959,62.744,170.288,53.339,-120.295
-0.281,0.005,-0.812,16.602,-11.475,67.139,169.953,52.158,-124.102
-0.447,0.12,-0.655,13.977,-36.133,54.626,169.316,52.861,-126.996
-0.522,0.118,-0.594,27.283,-34.79,48.889,169.019,54.091,-129.463
-0.608,0.056,-0.625,34.79,-22.827,42.664,169.305,55.157,-131.572
-0.599,-0.02,-0.697,34.302,-9.766,39.551,169.98,55.602,-133.259
-0.649,-0.031,-0.815,27.344,-1.831,39.124,170.513,55.723,-134.819
-0.586,-0.002,-0.847,13.062,-5.737,35.95,170.607,55.723,-136.176
-1.037,0.167,-1.041,1.404,0.854,30.762,170.024,56.096,-137.351
-0.287,0.019,-0.836,3.967,62.744,14.709,170.376,53.915,-137.049
-0.034,0.23,-0.925,-26.001,20.935,47.852,169.206,51.537,-137.631
-0.454,0.409,-1.03,3.723,-13.062,43.945,167.382,51.224,-139.807
-0.397,0.341,-0.924,23.071,-6.775,42.114,167.141,50.889,-141.422
-0.356,0.213,-0.815,41.077,-16.296,35.828,167.745,50.773,-143.075
-0.435,0.155,-0.731,44.312,-26.306,45.227,168.777,51.24,-145.272
-0.542,0.117,-0.71,49.072,-19.592,59.204,169.634,51.779,-148.112
-0.531,0.097,-0.744,40.405,-6.348,68.665,170.195,51.757,-151.375
-0.5,0.146,-0.795,31.311,4.395,64.88,170.294,51.29,-154.55
-0.367,0.197,-0.824,24.658,4.456,63.66,170.2,50.416,-157.445
-0.383,0.234,-0.868,22.034,-13.916,56.03,169.915,50.087,-160.323
-0.46,0.257,-0.89,21.301,-22.339,54.932,169.59,50.466,-163.136
-0.695,0.349,-0.971,22.156,-26.733,67.322,168.964,51.059,-166.47
-0.661,0.312,-1.037,38.879,-21.667,67.139,168.783,51.229,-169.997
-0.536,0.191,-0.973,57.312,-0.549,70.618,169.332,51.01,-173.595
-0.22,-0.05,-0.813,67.81,-3.418,65.308,170.964,50.339,-176.819
-0.284,-0.124,-0.743,48.157,-46.509,70.312,172.194,51.075,179.577
-0.689,-0.075,-0.832,44.861,-33.02,61.462,172.798,52.696,175.968
-0.551,-0.073,-0.846,40.955,13.733,62.317,173.606,52.427,173.227
-0.31,-0.034,-0.812,37.231,9.338,70.984,174.172,51.295,170.255
-0.377,-0.007,-0.822,39.429,-8.118,71.045,174.611,50.889,166.767
-0.423,-0.039,-0.792,37.109,-13.062,61.584,175.15,51.01,163.378
-0.524,-0.051,-0.868,30.701,-7.935,49.805,175.649,51.339,160.56
-0.39,-0.151,-0.847,26.062,0.488,28.503,176.402,51.273,158.741
-0.396,-0.16,-0.882,7.263,-13.794,17.639,177.017,51.548,157.709
-0.302,-0.163,-0.756,-4.028,-26.306,3.113,177.198,52.355,157.187
-0.543,-0.056,-0.897,-19.775,-36.194,1.282,176.918,53.877,156.989
-0.901,0.123,-1.034,-17.334,-10.559,-3.723,176.144,55.245,157.0
-0.421,0.068,-0.888,-15.259,22.461,-6.47,176.083,54.547,157.967
-0.308,0.22,-0.886,-28.687,-9.338,18.921,174.738,54.13,157.61
-0.639,0.34,-0.966,-19.165,-11.047,21.912,172.82,54.767,156.231
-0.466,0.285,-0.903,-0.854,13.367,5.005,172.057,54.245,155.698
-0.406,0.237,-0.884,7.141,7.69,-3.174,172.266,53.718,155.978
-0.321,0.185,-0.787,12.024,6.226,3.418,172.667,53.218,156.006
-0.31,0.153,-0.698,8.423,-6.775,9.399,172.87,53.135,155.577
-0.393,0.181,-0.687,0.366,-11.23,18.555,172.546,53.372,154.649
-0.364,0.23,-0.687,-1.038,0.366,21.973,171.848,53.366,153.49
-0.329,0.282,-0.69,4.822,-7.507,24.902,171.068,53.135,152.111
-0.4,0.254,-0.724,12.024,-17.822,14.587,170.722,53.509,150.853
-0.481,0.224,-0.775,10.437,-16.541,11.719,170.662,54.141,149.936
-0.338,0.197,-0.712,4.639,-18.799,6.042,170.535,54.739,149.288
-0.372,0.21,-0.733,-1.404,-39.612,3.174,170.123,55.975,148.645
-0.866,0.234,-0.906,1.099,-52.185,0.854,169.541,58.211,147.854
-0.8,0.133,-0.885,6.836,0.488,-6.531,169.574,59.645,147.733
-0.808,0.104,-0.948,-9.216,-50.598,0.366,169.739,60.359,148.118
-1.181,0.322,-1.086,4.7,11.047,10.803,168.832,61.749,147.288
-0.524,0.159,-0.867,19.47,51.392,6.409,169.838,59.727,147.788
-0.336,0.152,-0.87,10.864,16.296,19.165,170.359,58.019,147.535
-0.396,0.121,-0.777,15.442,3.113,5.798,170.612,57.557,146.744
-0.435,0.075,-0.685,9.46,-14.343,-12.329,171.431,57.832,146.964
-0.568,0.017,-0.675,12.268,-8.972,-24.902,172.601,58.667,147.942
-0.655,-0.065,-0.783,8.911,7.263,-23.804,174.111,58.854,149.535
-0.572,-0.056,-0.823,5.127,24.536,-1.831,175.018,58.129,150.375
-0.394,-0.05,-0.78,-1.709,9.033,-1.038,175.616,57.195,150.694
-0.493,0.05,-0.755,-5.615,7.385,-1.404,175.6,57.008,150.645
-0.373,0.017,-0.682,-8.24,4.456,-17.578,175.869,56.624,151.243
-0.365,0.021,-0.646,-15.076,-3.052,-24.719,176.067,56.717,152.353
-0.331,-0.038,-0.604,-18.738,-15.93,-36.499,176.407,57.25,154.05
-0.275,0.004,-0.528,-24.719,-26.611,-25.452,176.457,58.354,155.638
-0.66,0.143,-0.758,-23.132,-50.659,-4.883,175.754,60.194,156.083
-0.943,0.223,-0.965,-8.484,-18.982,8.24,174.935,61.859,155.742
-1.081,0.336,-1.113,-2.075,-6.165,34.546,173.705,62.067,154.204
-0.901,0.373,-1.147,7.385,36.011,38.391,172.507,60.793,152.133
-0.524,0.325,-1.052,19.226,41.748,15.503,172.403,58.524,151.013
-0.356,0.162,-0.847,17.029,2.502,-4.15,173.249,57.502,151.007
-0.531,0.075,-0.744,8.057,-30.09,-9.521,173.853,58.458,151.139
-0.679,0.104,-0.7,-1.648,-15.869,-2.747,173.93,59.694,151.177
-0.595,0.165,-0.676,-2.197,-0.61,7.996,173.628,59.98,150.941
-0.483,0.21,-0.643,3.174,4.15,15.747,173.123,59.755,150.2
-0.449,0.217,-0.626,12.024,-0.732,19.409,172.771,59.689,149.112
-0.48,0.236,-0.664,10.62,-12.634,24.536,172.381,59.76,147.717
-0.553,0.257,-0.696,11.841,-5.005,23.865,171.782,60.035,146.025
-0.421,0.232,-0.624,11.536,-13.367,12.634,171.436,60.216,144.745
-0.47,0.214,-0.592,11.902,-23.376,-0.61,171.354,61.15,143.992
-0.498,0.169,-0.621,13.611,-31.128,-3.723,171.694,62.364,143.723
-0.812,0.048,-0.77,10.376,-29.175,-0.854,171.942,64.023,143.24
-0.899,0.046,-0.764,-8.057,-16.846,-7.629,171.914,65.275,143.141
-1.052,0.054,-0.952,-9.155,-10.315,-17.944,172.183,65.907,143.959
-1.117,0.12,-1.084,-2.991,39.368,-17.029,172.793,65.286,145.228
-0.564,0.022,-0.983,5.554,64.026,-20.691,174.304,62.589,147.085
-0.362,-0.01,-0.944,-1.709,18.738,-8.423,175.259,60.82,148.085
-0.471,0.054,-0.78,-2.808,-6.531,0.549,175.281,60.677,147.832
-0.498,0.025,-0.66,0.122,-16.418,-2.563,175.32,61.221,147.387
-0.562,-0.015,-0.627,-0.244,-11.719,-10.193,175.71,61.886,147.458
-0.685,0.012,-0.728,6.104,-5.249,-10.376,176.353,62.325,147.777
-0.534,-0.074,-0.627,15.991,8.972,-5.676,177.484,62.232,148.151
-0.609,-0.047,-0.676,10.254,-0.122,12.573,178.215,62.111,147.772
-0.547,-0.073,-0.682,14.587,18.25,13.794,178.555,61.683,146.733
-0.397,-0.067,-0.64,4.028,12.39,16.174,178.759,60.87,145.668
-0.419,-0.052,-0.653,-3.174,-5.188,6.47,178.583,60.628,144.58
-0.44,-0.017,-0.645,-4.883,-8.728,-2.686,178.533,60.969,144.097
-0.477,0.016,-0.709,-7.446,-23.743,-1.953,178.566,61.595,143.855
-0.892,0.161,-0.889,-2.686,-31.494,6.409,178.176,63.083,143.157
-0.81,0.166,-0.899,11.78,-10.925,14.16,178.099,63.935,142.306
-1.043,0.249,-1.023,17.822,2.686,33.752,177.545,64.319,140.317
-0.746,0.203,-0.966,25.33,37.292,30.029,177.38,62.908,138.301
-0.434,0.134,-0.867,28.015,24.231,19.836,177.698,61.15,136.692
-0.56,0.014,-0.802,18.433,-12.207,-0.854,178.456,61.155,135.939
-0.667,0.024,-0.761,6.287,0.061,-1.526,179.017,61.463,135.769
-0.603,0.081,-0.724,1.282,7.202,6.042,178.984,61.21,135.264
-0.487,0.125,-0.65,1.038,-1.953,15.625,178.566,61.051,134.291
-0.506,0.167,-0.624,4.211,2.502,26.245,177.731,61.155,132.61
-0.515,0.206,-0.693,9.644,5.981,28.687,176.924,60.754,130.682
-0.451,0.172,-0.661,12.634,7.935,24.414,176.347,60.304,128.837
-0.431,0.155,-0.634,7.202,-8.179,15.686,175.919,60.222,127.359
-0.473,0.134,-0.627,5.798,-9.888,1.526,175.644,60.667,126.436
-0.695,0.126,-0.822,4.639,-15.808,-4.517,175.759,61.265,126.167
-0.764,0.042,-0.917,5.981,0.122,-9.766,176.089,61.848,126.145
-0.542,-0.021,-0.954,5.066,2.747,-18.555,176.984,61.545,126.76
-1.181,0.084,-1.143,1.709,12.451,-0.977,177.38,62.227,126.865
-0.635,-0.057,-1.104,20.203,71.045,-15.503,178.44,59.914,127.09
-0.278,-0.116,-0.997,3.296,38.635,-5.554,179.703,57.123,127.584
-0.255,-0.02,-0.779,-9.338,-9.277,9.277,179.324,56.53,126.59
-0.547,0.038,-0.703,-11.414,-23.315,4.517,178.654,57.393,125.48
-0.542,0.066,-0.667,1.343,7.263,-3.296,178.478,57.618,124.898
-0.457,-0.02,-0.699,9.521,9.644,-10.01,179.176,57.107,124.92
-0.479,-0.095,-0.749,10.437,12.939,-18.799,-179.714,56.64,125.349
-0.432,-0.147,-0.799,1.16,13.0,-12.878,-178.676,55.865,125.837
-0.375,-0.106,-0.732,-5.798,5.371,-8.179,-178.467,55.492,125.667
-0.404,-0.09,-0.746,-15.137,-13.123,-9.644,-178.363,55.443,125.689
-0.494,-0.031,-0.732,-14.465,-5.981,-8.789,-178.764,56.085,125.502
-0.399,-0.051,-0.704,-16.846,-13.916,-11.23,-178.907,56.354,125.695
-0.437,0.042,-0.765,-16.052,-16.602,-2.625,-179.434,57.041,125.601
-0.673,0.101,-0.917,-9.949,-24.719,-0.305,-179.995,58.184,125.321
-0.587,0.134,-0.901,-2.441,0.916,11.719,179.561,58.777,124.865
-0.973,0.208,-1.107,4.883,-7.202,17.151,178.89,59.062,123.755
-0.608,0.171,-1.041,12.207,32.349,20.508,178.726,58.079,122.822
-0.554,0.188,-1.079,10.071,1.953,23.987,178.369,57.167,121.454
-0.537,0.074,-0.911,10.376,-1.648,1.709,178.489,57.173,120.811
-0.51,0.046,-0.785,0.122,-13.733,-5.798,178.72,57.568,120.965
-0.562,0.08,-0.72,-6.287,-10.071,-0.488,178.506,58.184,121.042
-0.438,0.111,-0.632,-7.019,-4.456,7.69,177.973,58.447,120.8
-0.506,0.205,-0.649,-4.639,-10.376,23.682,176.929,58.826,119.729
-0.535,0.234,-0.675,5.188,-3.601,27.405,175.908,59.024,118.213
-0.559,0.268,-0.705,16.968,-0.488,25.635,175.303,58.964,116.735
-0.534,0.182,-0.699,22.461,5.615,14.771,175.446,58.777,115.818
-0.474,0.123,-0.71,18.433,-1.709,6.897,175.853,58.557,115.351
-0.442,0.03,-0.708,10.864,-3.845,-5.981,176.402,58.727,115.334
-0.491,0.021,-0.785,-2.625,-15.747,-11.78,176.792,59.277,115.746
-0.775,0.015,-1.016,-5.127,-24.597,-23.743,177.177,60.178,116.565
-0.475,0.005,-0.748,-7.141,-10.071,-24.048,177.599,61.128,117.642
-0.744,-0.072,-0.917,-9.155,-69.458,-35.339,178.495,62.704,119.229
-1.263,0.081,-1.018,-1.77,-1.831,-22.095,179.077,65.484,120.624
-0.719,-0.043,-0.807,7.446,45.41,-9.338,-179.72,64.347,121.91
-0.524,-0.011,-0.842,-1.099,40.039,9.338,-179.506,62.21,121.877
-0.443,0.091,-0.799,-6.714,20.447,20.386,179.698,60.859,120.806
-0.534,0.127,-0.799,-2.258,8.667,17.151,178.753,60.194,119.531
-0.481,0.103,-0.736,1.038,9.644,5.31,178.533,59.639,119.075
-0.575,0.186,-0.734,6.897,-4.517,13.55,178.16,59.573,118.356
-0.492,0.076,-0.651,17.273,12.939,-5.798,178.682,59.31,118.312
-0.422,0.037,-0.647,20.447,16.357,-12.146,179.896,58.59,119.07
-0.553,-0.048,-0.824,28.32,25.146,-26.917,-178.336,57.656,120.251
-0.268,-0.199,-0.771,21.851,17.334,-37.231,-175.803,56.195,122.25
-0.395,-0.267,-0.795,17.212,-4.028,-45.349,-173.688,55.942,124.03
-0.306,-0.321,-0.721,4.456,-14.465,-31.555,-171.546,55.844,125.969
-0.539,-0.239,-0.776,-0.732,-21.362,0.671,-170.898,56.651,126.052
-0.595,-0.274,-0.876,-7.751,-21.851,3.479,-170.662,57.371,125.453
-0.583,-0.086,-0.814,-12.024,-16.541,13.367,-171.271,58.48,124.503
-0.962,-0.012,-1.031,-23.071,-51.88,20.081,-172.249,59.689,123.442
-1.139,0.104,-1.129,-4.517,28.381,5.798,-173.524,61.095,122.8
-0.458,0.096,-0.934,-9.644,55.603,18.738,-174.49,58.788,122.316
-0.362,0.108,-0.956,0.061,0.61,-4.456,-175.15,57.645,122.113
-0.587,-0.012,-0.865,7.874,0.854,-25.757,-174.397,57.821,123.442
-0.489,-0.106,-0.797,6.47,1.343,-27.527,-173.249,57.502,125.283
-0.453,-0.095,-0.701,-5.371,3.784,-6.653,-172.842,57.299,126.321
-0.452,-0.008,-0.704,-5.127,5.127,8.545,-173.26,57.057,126.211
-0.307,0.002,-0.589,-2.197,6.348,13.0,-173.859,56.772,125.656
-0.38,0.03,-0.632,-2.258,-12.268,16.968,-174.479,56.953,124.958
-0.545,0.07,-0.666,-1.343,-9.155,23.865,-175.358,57.574,123.904
-0.498,0.061,-0.717,-1.77,1.038,20.874,-176.303,57.794,122.921
-0.432,0.105,-0.763,-4.028,2.502,18.188,-177.33,57.766,122.064
-0.502,0.059,-0.86,-1.709,-19.165,8.85,-177.929,57.975,121.597
-0.847,0.041,-1.06,1.831,-33.264,12.329,-178.445,59.128,121.097
-0.97,0.012,-0.993,17.7,-11.902,3.967,-178.687,60.672,120.619
-0.848,-0.251,-1.036,17.517,26.917,-15.381,-177.072,60.101,121.696
-0.569,-0.139,-1.032,5.005,51.086,15.564,-176.677,58.26,121.69
-0.219,-0.116,-0.945,-3.723,23.438,9.949,-176.874,56.19,120.696
-0.433,-0.013,-0.855,-0.183,-18.494,5.249,-177.149,56.173,119.932
-0.53,-0.109,-0.745,-1.282,-15.259,-1.892,-176.957,56.898,119.674
-0.583,-0.076,-0.759,-0.488,-1.526,-7.874,-176.819,57.288,119.762
-0.369,-0.174,-0.671,-1.526,-5.92,-12.329,-176.237,57.277,120.295
-0.625,-0.182,-0.748,-8.362,-9.094,-18.311,-175.836,57.859,120.839
-0.456,-0.139,-0.644,-16.907,-8.118,-18.738,-175.545,57.991,121.63
-0.537,-0.131,-0.603,-15.991,-10.01,-19.47,-175.496,58.645,122.492
-0.5,-0.101,-0.591,-16.846,-4.089,-16.541,-175.391,58.92,123.508
-0.561,-0.061,-0.694,-18.127,8.545,-9.705,-175.633,58.876,124.36
-0.312,-0.128,-0.667,-21.484,11.658,-16.235,-175.88,58.211,125.436
-0.375,-0.008,-0.786,-34.729,-18.188,-19.165,-176.605,58.282,126.48
-0.73,0.092,-0.935,-35.889,-27.893,-29.419,-177.242,59.507,128.205
-1.113,0.24,-1.101,-23.376,-26.55,-39.734,-177.748,60.688,130.666
-0.913,0.156,-1.101,-21.912,34.912,-19.653,-177.599,60.37,133.55
-0.631,0.215,-1.102,-14.221,40.771,-2.258,-178.484,58.557,134.841
-0.313,0.168,-0.878,-3.235,14.893,-13.428,-178.896,56.975,135.923
-0.473,0.072,-0.733,0.61,-17.273,-20.142,-178.544,57.101,137.499
-0.56,0.07,-0.685,-1.16,0.854,-10.315,-178.303,57.513,138.884
-0.467,0.105,-0.65,-0.916,-1.526,-0.916,-178.369,57.448,139.796
-0.439,0.076,-0.599,-0.427,-3.845,-1.343,-178.588,57.585,140.455
-0.584,0.1,-0.658,-6.592,-0.793,-3.54,-178.923,57.805,141.301
-0.494,0.099,-0.663,-5.859,12.573,-16.541,-179.11,57.448,142.74
-0.522,0.129,-0.692,-4.272,5.188,-17.334,-179.028,57.211,144.564
-0.506,0.045,-0.73,2.563,8.545,-25.146,-178.522,56.909,146.585
-0.465,0.022,-0.792,-0.61,13.367,-19.104,-177.962,56.382,148.563
-0.676,-0.066,-0.962,2.38,7.324,-17.334,-177.385,56.266,150.282
-0.548,-0.073,-0.94,2.93,21.912,-15.808,-176.885,55.668,151.793
-0.74,-0.122,-1.188,-0.244,24.78,-16.907,-176.27,54.745,153.325
-0.513,-0.016,-1.216,-0.61,48.523,-5.371,-176.171,52.773,154.33
-0.175,-0.055,-0.951,5.249,32.898,-8.118,-175.858,50.521,155.017
-0.259,-0.11,-0.799,1.404,-21.362,-12.817,-175.38,50.125,155.698
-0.542,-0.118,-0.781,-6.226,-8.85,-13.062,-175.067,51.01,156.649
-0.386,-0.074,-0.784,-5.005,6.775,-15.93,-174.99,50.795,157.764
-0.392,-0.128,-0.825,-6.042,9.766,-16.357,-174.683,50.449,159.142
-0.29,-0.095,-0.861,-5.798,14.954,-14.771,-174.567,49.658,160.296
-0.325,-0.162,-0.855,-7.751,8.362,-18.677,-174.298,49.147,161.526
-0.149,-0.106,-0.738,-9.399,17.09,-17.212,-174.287,48.235,162.587
-0.154,-0.171,-0.687,-9.033,-24.109,-20.447,-174.095,48.246,163.575
-0.433,-0.137,-0.704,-18.433,-22.034,-14.038,-174.216,49.373,164.581
-0.342,-0.08,-0.727,-17.273,-8.606,-3.601,-174.655,49.916,165.383
-0.483,0.014,-0.934,-12.024,-17.09,9.46,-175.386,50.62,165.498
-0.595,0.001,-1.034,-9.033,-5.432,17.7,-176.094,51.224,165.201
-0.593,0.263,-1.27,-8.179,-41.565,29.785,-177.512,51.603,163.922
-0.967,0.048,-1.211,1.404,39.368,7.751,-177.737,52.603,163.713
-0.213,0.151,-1.089,3.723,24.109,9.216,-178.226,50.543,163.488
-0.463,-0.004,-1.013,-1.038,-15.259,-10.01,-178.094,50.543,163.823
-0.414,0.024,-0.824,-4.456,-12.207,-17.029,-178.044,51.141,164.811
-0.469,0.045,-0.744,-8.057,-22.034,-6.958,-178.077,51.993,165.773
-0.5,0.081,-0.704,-12.451,-11.047,6.897,-178.643,52.866,166.102
-0.448,0.169,-0.682,-6.775,2.625,13.672,-179.61,53.108,165.866
-0.408,0.164,-0.71,3.357,-3.418,19.287,179.736,53.058,165.35
-0.559,0.161,-0.784,10.193,-8.301,23.804,179.269,53.448,164.394
-0.51,0.152,-0.744,14.099,7.874,20.935,179.028,53.427,163.504
-0.403,0.092,-0.714,19.287,-1.831,12.329,179.258,53.273,163.01
-0.471,0.065,-0.75,16.663,1.343,12.085,179.643,53.405,162.724
-0.375,0.047,-0.77,17.883,0.183,10.742,-179.978,53.311,162.389
-0.586,0.038,-0.973,16.724,-10.925,13.245,-179.495,53.657,162.032
-0.641,0.011,-0.966,20.447,4.944,8.362,-178.984,53.882,161.708
-0.297,-0.076,-0.859,25.33,7.08,-7.69,-177.847,53.438,162.059
-0.999,-0.228,-1.138,11.658,10.254,-21.301,-176.166,54.02,163.581
-0.319,-0.175,-0.941,5.737,46.57,-10.071,-175.353,52.125,164.713
-0.242,-0.142,-0.847,-8.728,-2.136,5.371,-175.122,50.977,165.059
-0.479,0.007,-0.838,-15.93,-10.681,21.545,-176.089,51.471,164.18
-0.537,0.057,-0.884,-2.991,8.545,11.292,-176.896,51.504,163.416
-0.434,0.018,-0.922,8.789,18.555,10.437,-177.039,50.784,163.01
-0.37,-0.095,-0.924,15.625,12.817,0.549,-176.473,49.977,162.922
-0.302,-0.134,-0.816,12.268,1.099,4.822,-175.787,49.647,162.839
-0.357,-0.151,-0.753,5.554,-8.85,3.54,-175.353,49.839,162.565
-0.376,-0.111,-0.756,-0.061,2.808,0.244,-175.133,49.922,162.526
-0.341,-0.121,-0.793,2.319,1.709,-7.141,-174.825,49.746,162.757
-0.303,-0.129,-0.775,4.395,-3.967,-3.479,-174.37,49.746,163.032
-0.261,-0.165,-0.691,6.836,-18.982,3.845,-173.886,50.251,162.883
-0.374,-0.123,-0.674,-0.061,-27.893,21.545,-173.815,51.482,162.114
-0.376,-0.002,-0.714,2.319,-30.884,37.781,-174.435,52.872,160.323
-0.755,0.006,-0.983,8.667,-34.424,37.109,-175.034,54.756,158.368
-0.593,0.062,-0.877,6.836,1.465,45.105,-175.946,55.701,156.324
-1.021,0.035,-1.063,15.076,-20.63,27.893,-176.567,57.036,154.457
-0.83,0.168,-1.002,5.554,19.104,39.917,-177.38,57.063,152.864
-0.623,0.153,-0.98,16.724,35.828,22.4,-178.083,55.811,151.265
-0.503,0.035,-0.963,20.813,39.856,0.366,-177.55,54.086,151.002
-0.327,-0.032,-0.927,15.076,45.288,2.136,-176.797,51.998,151.155
-0.207,-0.053,-0.891,10.193,27.161,9.888,-176.396,50.158,150.754
-0.235,-0.003,-0.858,2.014,13.0,19.897,-176.506,49.175,149.672
-0.293,0.04,-0.895,0.793,8.606,25.269,-176.968,48.549,148.118
-0.357,0.066,-0.908,5.066,4.578,25.757,-177.457,48.175,146.409
-0.35,0.066,-0.916,7.507,5.737,24.597,-177.759,47.802,144.805
-0.282,0.046,-0.939,11.414,10.864,25.269,-177.88,47.197,143.218
-0.27,0.008,-0.957,12.207,9.644,21.973,-177.792,46.62,141.685
-0.272,-0.029,-0.914,9.827,-1.953,18.372,-177.676,46.384,140.24
-0.274,0.015,-0.886,3.662,-4.517,15.808,-177.83,46.362,138.856
-0.378,0.002,-0.88,6.531,-8.423,8.423,-177.781,46.659,137.889
-0.382,-0.008,-0.867,9.033,-6.653,13.672,-177.632,46.884,136.912
-0.44,-0.013,-0.892,8.789,2.808,19.348,-177.523,47.01,135.714
-0.398,-0.039,-0.903,9.216,6.287,14.038,-177.385,46.774,134.539
-0.409,-0.041,-0.931,5.859,11.78,7.996,-177.215,46.445,133.687
-0.284,-0.038,-0.912,5.493,7.751,9.827,-177.045,45.901,132.94
-0.315,-0.021,-0.915,7.324,-1.648,15.32,-176.962,45.786,131.83
-0.34,-0.024,-0.896,10.132,-4.578,16.968,-176.819,45.901,130.518
-0.417,-0.042,-0.909,10.559,0.732,16.052,-176.578,46.049,129.227
-0.352,-0.058,-0.913,8.972,10.925,11.597,-176.32,45.742,128.095
-0.299,-0.055,-0.919,5.981,8.179,8.484,-176.111,45.253,127.112
-0.294,-0.041,-0.929,5.188,5.493,6.592,-175.952,44.907,126.249
-0.315,-0.06,-0.927,7.385,-0.122,4.272,-175.688,44.769,125.458
-0.35,-0.073,-0.92,4.639,-2.075,4.333,-175.424,44.813,124.717
-0.335,-0.077,-0.917,3.845,0.183,2.014,-175.243,44.802,124.025
-0.347,-0.077,-0.918,2.502,-1.282,2.136,-175.073,44.835,123.442
-0.341,-0.075,-0.91,0.244,-1.831,4.211,-175.012,44.901,122.811
-0.35,-0.053,-0.909,0.122,-2.808,5.127,-175.04,45.016,122.108
-0.352,-0.043,-0.912,1.221,-1.648,6.226,-175.067,45.126,121.36
-0.369,-0.051,-0.903,2.075,-3.723,6.653,-175.056,45.302,120.619
-0.375,-0.039,-0.898,1.77,-3.235,7.019,-175.067,45.5,119.861
-0.396,-0.047,-0.899,3.479,-3.54,6.897,-175.04,45.703,119.092
-0.396,-0.05,-0.891,3.113,-1.038,5.798,-174.963,45.868,118.416
-0.403,-0.053,-0.888,2.869,-0.793,5.432,-174.908,45.994,117.773
-0.385,-0.047,-0.892,1.648,2.869,5.92,-174.875,46.005,117.142
-0.39,-0.038,-0.9,3.54,3.052,6.958,-174.864,45.928,116.505
-0.371,-0.034,-0.902,5.127,4.578,10.132,-174.814,45.797,115.746
-0.369,-0.056,-0.903,4.639,3.601,10.559,-174.743,45.676,114.901
-0.362,-0.043,-0.905,4.089,3.052,13.062,-174.765,45.582,113.923
-0.36,-0.037,-0.909,3.54,2.686,10.925,-174.809,45.511,112.956
-0.347,-0.024,-0.915,4.944,2.625,14.404,-174.853,45.434,111.967
-0.342,-0.051,-0.909,5.005,-1.038,13.367,-174.847,45.461,110.901
-0.367,-0.026,-0.914,3.662,-1.648,14.526,-174.935,45.593,109.781
-0.342,-0.012,-0.91,5.737,-1.709,15.808,-175.012,45.681,108.605
-0.373,-0.029,-0.906,8.179,-5.615,15.808,-174.963,45.939,107.463
-0.387,-0.026,-0.899,8.484,-3.54,15.503,-174.875,46.214,106.315
-0.387,-0.055,-0.897,9.766,-2.197,15.503,-174.732,46.401,105.117
-0.382,-0.046,-0.898,7.324,-2.869,14.16,-174.611,46.571,103.991
-0.393,-0.052,-0.896,5.005,-0.427,15.015,-174.6,46.725,102.805
-0.375,-0.023,-0.899,4.7,-0.671,14.526,-174.683,46.796,101.613
-0.4,-0.042,-0.897,6.47,-0.793,13.916,-174.694,46.906,100.426
-0.384,-0.022,-0.887,5.249,0.61,14.038,-174.721,46.95,99.25
-0.392,-0.049,-0.885,6.409,2.441,11.963,-174.683,46.961,98.141
