-0.35,0.042,-0.879,9.094,8.179,35.583,-178.643,46.23,12.03
-0.283,0.079,-0.885,13.0,4.028,32.532,-178.737,45.813,9.624
-0.336,0.022,-0.898,16.296,-5.127,21.973,-178.506,45.824,7.663
-0.353,-0.026,-0.888,10.864,-2.136,13.611,-178.154,46.0,6.284
-0.388,-0.011,-0.902,7.385,-4.944,12.024,-177.962,46.154,5.169
-0.393,0.007,-0.917,7.141,0.488,16.907,-177.874,46.247,3.911
-0.387,0.004,-0.911,10.559,-0.427,18.616,-177.797,46.28,2.406
-0.354,-0.021,-0.917,10.315,3.967,15.32,-177.599,46.192,1.049
-0.303,-0.057,-0.903,7.446,2.197,10.925,-177.369,45.983,-0.027
-0.383,-0.028,-0.926,0.061,-3.174,10.742,-177.424,46.077,-0.95
-0.333,-0.003,-0.917,-2.319,2.502,7.324,-177.627,45.978,-1.747
-0.374,0.008,-0.908,-2.014,-2.991,5.31,-177.803,46.044,-2.395
-0.358,0.02,-0.894,-0.244,-0.244,2.502,-177.935,46.06,-2.977
-0.402,0.021,-0.917,0.793,1.404,2.563,-177.918,46.088,-3.389
-0.368,0.027,-0.931,3.174,0.854,3.174,-177.902,45.994,-3.972
-0.39,0.005,-0.917,3.052,0.183,3.052,-177.77,46.027,-4.46
-0.318,-0.011,-0.896,2.747,2.808,0.427,-177.671,45.895,-4.949
-0.381,0.01,-0.915,1.16,-3.357,-0.549,-177.589,45.967,-5.224
-0.376,-0.003,-0.927,1.831,2.258,0.0,-177.506,45.967,-5.532
-0.339,0.0,-0.903,2.136,1.404,-0.549,-177.396,45.868,-5.812
-0.353,-0.015,-0.903,3.784,1.16,-1.16,-177.242,45.862,-6.059
-0.358,-0.027,-0.9,2.38,0.671,-2.197,-177.072,45.797,-6.257
-0.35,-0.016,-0.933,1.16,3.113,-0.549,-176.984,45.698,-6.454
-0.308,-0.026,-0.902,0.366,-0.122,-0.793,-176.907,45.577,-6.641
-0.372,-0.013,-0.923,-1.343,-0.854,-1.953,-176.902,45.648,-6.779
-0.365,-0.031,-0.918,-5.249,-0.793,-11.292,-176.907,45.643,-6.647
-0.376,0.014,-0.897,-8.911,5.066,-17.09,-176.979,45.538,-6.031
-0.34,0.011,-0.901,-8.179,3.906,-21.545,-177.023,45.28,-5.257
-0.348,0.013,-0.925,-5.493,6.409,-22.644,-176.946,45.06,-4.323
-0.325,0.005,-0.923,-5.066,3.479,-21.301,-176.836,44.813,-3.455
-0.32,0.009,-0.92,-2.625,3.906,-13.55,-176.737,44.615,-2.796
-0.33,0.003,-0.916,0.0,1.343,-8.667,-176.644,44.495,-2.455
-0.334,-0.002,-0.92,2.625,2.258,-5.737,-176.473,44.407,-2.285
-0.346,-0.012,-0.917,5.066,2.869,-3.479,-176.248,44.291,-2.296
-0.313,-0.028,-0.92,6.775,6.531,-0.061,-175.957,44.039,-2.433
-0.299,-0.045,-0.925,4.7,4.15,3.601,-175.704,43.781,-2.719
-0.289,-0.05,-0.924,4.15,1.16,2.93,-175.54,43.616,-3.043
-0.321,-0.041,-0.924,1.77,1.16,4.456,-175.468,43.572,-3.384
-0.323,-0.035,-0.923,0.61,0.916,4.517,-175.474,43.506,-3.735
-0.305,-0.025,-0.922,-0.916,2.319,4.211,-175.562,43.407,-4.125
-0.331,-0.023,-0.931,0.183,1.343,3.479,-175.611,43.369,-4.411
-0.278,-0.026,-0.923,1.038,1.221,2.869,-175.649,43.242,-4.752
-0.319,-0.012,-0.934,0.0,1.648,5.615,-175.732,43.242,-5.109
-0.302,-0.019,-0.928,-0.488,0.061,4.028,-175.809,43.16,-5.46
-0.304,-0.012,-0.924,-0.183,0.916,2.441,-175.897,43.116,-5.751
-0.323,0.0,-0.921,0.0,1.343,1.77,-175.979,43.066,-5.999
-0.323,-0.015,-0.911,0.0,1.831,-1.343,-175.979,42.984,-6.114
-0.285,-0.008,-0.927,1.648,5.066,-1.953,-175.952,42.77,-6.191
-0.31,-0.014,-0.942,1.587,0.977,-1.526,-175.847,42.654,-6.196
-0.287,-0.025,-0.916,3.601,0.61,-4.333,-175.71,42.561,-6.174
-0.313,-0.048,-0.928,3.357,1.526,-5.493,-175.452,42.523,-5.988
-0.313,-0.036,-0.93,2.258,2.136,-2.319,-175.281,42.413,-5.911
-0.309,-0.032,-0.928,3.662,2.136,1.587,-175.128,42.314,-5.993
-0.319,-0.046,-0.932,3.723,2.563,1.465,-174.968,42.242,-6.224
-0.287,-0.068,-0.927,4.333,3.662,-2.441,-174.754,42.078,-6.339
-0.305,-0.053,-0.938,2.136,6.409,0.366,-174.617,41.902,-6.416
-0.249,-0.058,-0.932,2.197,2.93,-1.587,-174.49,41.627,-6.449
-0.269,-0.067,-0.944,1.526,3.418,-2.319,-174.359,41.495,-6.4
-0.261,-0.069,-0.944,1.343,1.77,-3.235,-174.238,41.336,-6.29
-0.264,-0.062,-0.94,-0.427,0.0,-1.221,-174.177,41.287,-6.196
-0.295,-0.056,-0.938,0.427,-2.075,-1.465,-174.133,41.314,-6.136
-0.276,-0.064,-0.937,-0.732,0.61,-0.854,-174.1,41.292,-6.103
-0.259,-0.059,-0.931,-1.404,0.061,-0.061,-174.122,41.248,-6.097
-0.292,-0.046,-0.936,-1.648,-2.686,-1.648,-174.194,41.331,-6.086
-0.298,-0.048,-0.939,-1.16,0.427,-4.456,-174.21,41.364,-5.949
-0.263,-0.041,-0.937,-1.099,0.366,-3.174,-174.227,41.303,-5.795
-0.273,-0.04,-0.937,-2.014,-2.502,-4.517,-174.243,41.342,-5.625
-0.258,-0.048,-0.934,-1.282,-3.235,-7.874,-174.227,41.435,-5.328
-0.308,-0.031,-0.929,-1.587,-2.747,-11.902,-174.194,41.6,-4.839
-0.295,-0.053,-0.923,-4.272,1.343,-19.47,-174.106,41.55,-4.103
-0.3,-0.046,-0.918,-7.141,4.517,-25.94,-174.062,41.342,-2.994
-0.285,-0.041,-0.933,-5.737,7.385,-25.024,-174.034,40.99,-1.807
-0.267,-0.037,-0.924,-4.883,4.089,-22.217,-173.996,40.66,-0.731
-0.296,-0.06,-0.945,-4.7,5.798,-23.743,-173.914,40.386,0.313
-0.271,-0.055,-0.926,-4.15,6.592,-21.79,-173.837,39.99,1.34
-0.256,-0.055,-0.936,-3.418,9.949,-18.982,-173.765,39.54,2.219
-0.233,-0.055,-0.944,0.061,8.789,-17.09,-173.622,39.051,2.999
-0.216,-0.071,-0.962,1.099,7.629,-14.954,-173.381,38.617,3.73
-0.201,-0.082,-0.958,1.77,4.822,-13.184,-173.15,38.265,4.356
-0.198,-0.077,-0.945,2.258,2.258,-10.986,-172.936,38.046,4.938
-0.219,-0.105,-0.961,2.747,1.282,-12.024,-172.645,37.908,5.548
-0.175,-0.093,-0.957,0.427,2.686,-4.578,-172.485,37.738,5.966
-0.193,-0.103,-0.939,0.916,-5.249,-4.761,-172.375,37.749,6.262
-0.239,-0.106,-0.936,-1.404,-3.418,-3.479,-172.31,37.914,6.564
-0.234,-0.084,-0.955,-1.77,1.648,0.0,-172.37,37.941,6.647
-0.195,-0.089,-0.946,-0.732,0.977,2.014,-172.419,37.842,6.592
-0.21,-0.084,-0.948,0.0,-0.61,5.127,-172.485,37.826,6.405
-0.208,-0.09,-0.945,-0.977,-1.16,7.446,-172.557,37.853,6.147
-0.195,-0.077,-0.951,0.671,-1.404,6.958,-172.656,37.897,5.795
-0.227,-0.09,-0.947,0.732,-5.066,5.554,-172.656,38.073,5.592
-0.239,-0.081,-0.95,0.916,-0.854,6.409,-172.689,38.199,5.29
-0.234,-0.085,-0.947,1.282,-0.305,5.981,-172.689,38.238,4.982
-0.236,-0.092,-0.94,1.282,-0.305,5.127,-172.683,38.271,4.669
-0.243,-0.105,-0.951,-0.244,0.732,2.319,-172.672,38.271,4.493
-0.218,-0.082,-0.95,-1.343,2.441,5.188,-172.782,38.216,4.224
-0.218,-0.08,-0.938,-1.282,-3.357,2.502,-172.875,38.271,4.037
-0.251,-0.08,-0.951,-2.563,0.732,2.93,-172.985,38.348,3.911
-0.248,-0.079,-0.941,-2.991,-0.488,0.122,-173.106,38.353,3.851
-0.237,-0.073,-0.934,-4.028,0.671,-0.854,-173.265,38.342,3.851
-0.261,-0.05,-0.942,-3.845,1.404,0.0,-173.463,38.326,3.818
-0.266,-0.045,-0.935,-4.7,4.211,-2.441,-173.644,38.205,3.84
-0.229,-0.043,-0.924,-7.141,12.756,-5.798,-173.897,37.804,3.922
-0.2,-0.047,-0.948,-9.399,7.629,-13.123,-174.199,37.293,4.334
-0.176,-0.036,-0.971,-8.118,7.385,-9.827,-174.551,36.903,4.889
-0.134,-0.027,-0.993,-5.127,8.728,3.174,-174.831,36.48,5.12
-0.096,-0.027,-0.976,2.38,-2.625,11.719,-174.985,36.26,4.763
-0.181,-0.038,-0.961,3.723,-7.629,15.198,-174.963,36.546,4.23
-0.232,-0.02,-0.937,1.953,-7.568,12.634,-175.018,36.914,3.636
-0.292,-0.028,-0.944,1.465,-2.38,6.592,-175.012,37.161,3.274
-0.232,-0.023,-0.926,1.831,0.732,4.333,-175.034,37.139,2.972
-0.257,-0.04,-0.941,2.014,4.333,2.38,-175.001,37.101,2.763
-0.194,-0.051,-0.943,4.272,9.033,5.615,-174.886,36.749,2.505
-0.197,-0.037,-0.955,7.568,7.385,13.428,-174.727,36.409,1.928
-0.171,-0.054,-0.954,9.216,4.822,20.813,-174.463,36.134,0.989
-0.209,-0.047,-0.951,8.484,-0.122,14.221,-174.216,36.14,0.115
-0.204,-0.055,-0.962,5.127,2.869,11.047,-174.012,36.118,-0.494
-0.178,-0.061,-0.954,6.531,1.587,6.042,-173.859,35.997,-0.928
-0.162,-0.078,-0.958,5.493,4.272,5.371,-173.628,35.87,-1.17
-0.169,-0.099,-0.99,4.456,2.991,5.188,-173.408,35.711,-1.357
-0.152,-0.106,-0.952,1.709,-2.625,6.348,-173.265,35.64,-1.511
-0.199,-0.08,-0.955,-0.183,0.916,6.226,-173.287,35.711,-1.752
-0.182,-0.062,-0.957,-0.305,0.0,5.188,-173.348,35.673,-1.956
-0.181,-0.073,-0.96,-1.099,-0.366,2.747,-173.375,35.673,-2.049
-0.193,-0.06,-0.955,-2.319,-2.625,1.587,-173.491,35.76,-2.076
-0.171,-0.072,-0.95,-1.648,0.0,-3.052,-173.584,35.777,-1.994
-0.187,-0.083,-0.958,-6.47,-2.686,-9.705,-173.716,35.837,-1.549
-0.188,-0.059,-0.967,-6.958,-2.075,-6.348,-173.985,35.92,-1.088
-0.152,-0.06,-0.958,-4.272,-1.587,-0.122,-174.177,35.931,-0.846
-0.186,-0.051,-0.971,0.0,-5.005,6.409,-174.293,36.118,-0.994
-0.207,-0.035,-0.954,0.732,-6.165,9.033,-174.364,36.37,-1.34
-0.222,-0.049,-0.943,-0.061,-5.188,4.272,-174.386,36.656,-1.609
-0.231,-0.043,-0.937,-0.854,-4.395,0.977,-174.452,36.876,-1.725
-0.256,-0.055,-0.944,-2.197,-0.732,2.38,-174.523,37.035,-1.791
-0.212,-0.047,-0.928,-1.343,3.601,2.319,-174.65,36.969,-1.967
-0.235,-0.077,-0.949,-0.793,5.127,3.784,-174.683,36.81,-2.131
-0.202,-0.048,-0.969,-1.587,9.216,10.437,-174.836,36.486,-2.576
-0.189,-0.064,-0.965,-0.427,4.028,11.475,-174.946,36.205,-3.142
-0.181,-0.053,-0.957,-2.93,2.625,13.367,-175.128,36.057,-3.763
-0.225,-0.057,-0.962,-2.747,1.221,12.268,-175.364,36.046,-4.367
-0.199,-0.019,-0.955,-2.747,5.066,22.034,-175.699,35.925,-5.279
-0.191,-0.028,-0.945,0.183,-1.343,28.381,-175.957,35.892,-6.526
-0.208,0.023,-0.977,11.414,2.502,46.997,-176.045,35.953,-8.443
-0.134,-0.003,-0.976,34.119,2.808,62.134,-175.413,35.832,-11.36
-0.152,-0.149,-0.955,33.142,-11.841,60.242,-174.282,36.233,-14.304
-0.221,-0.175,-0.949,12.817,-7.812,51.88,-173.765,36.848,-16.902
-0.227,-0.118,-0.935,0.122,-8.606,44.312,-173.963,37.337,-19.039
-0.256,-0.048,-0.948,-2.625,-1.892,43.152,-174.49,37.7,-21.061
-0.246,-0.034,-0.924,0.793,-6.653,47.852,-174.996,37.969,-23.203
-0.292,-0.037,-0.924,3.845,-5.554,56.824,-175.452,38.403,-25.741
-0.292,-0.027,-0.904,10.132,-0.854,69.824,-175.864,38.699,-28.905
-0.313,-0.026,-0.916,17.151,-1.892,75.867,-176.1,38.93,-32.64
-0.319,-0.066,-0.942,18.127,1.892,64.697,-176.067,39.106,-36.255
-0.307,-0.066,-0.945,12.146,1.343,54.199,-176.045,39.194,-39.194
-0.274,-0.049,-0.944,6.714,0.916,46.204,-176.199,39.254,-41.704
-0.285,-0.054,-0.93,4.761,-6.226,34.79,-176.385,39.507,-43.643
-0.297,-0.056,-0.921,1.892,-6.714,30.212,-176.6,39.93,-45.132
-0.302,-0.061,-0.922,1.465,-8.423,25.94,-176.836,40.375,-46.434
-0.349,-0.049,-0.928,1.099,-6.714,19.287,-177.012,40.853,-47.401
-0.353,-0.011,-0.967,0.244,-4.761,16.296,-177.188,41.188,-48.175
-0.259,-0.024,-0.911,2.319,0.549,13.0,-177.193,41.298,-48.741
-0.33,0.068,-0.966,-4.822,-6.104,21.973,-177.561,41.539,-49.603
-0.202,0.086,-0.879,-0.366,2.258,16.235,-178.006,41.583,-50.598
-0.353,0.127,-0.978,-2.93,-10.193,11.169,-178.391,41.863,-51.196
-0.327,0.112,-1.016,1.099,13.123,18.188,-178.726,41.743,-52.009
-0.217,0.125,-0.947,-1.648,3.052,25.574,-179.225,41.292,-53.284
-0.094,0.093,-0.89,2.258,5.981,26.978,-179.698,40.919,-54.646
-0.036,0.104,-0.849,0.549,-3.906,34.79,179.808,40.688,-56.124
-0.134,0.099,-0.929,3.723,-5.981,44.922,179.209,40.633,-58.074
-0.274,0.102,-0.979,1.404,-20.142,43.518,178.621,40.864,-60.189
-0.299,0.021,-0.935,10.132,1.16,43.945,178.215,41.16,-62.331
-0.292,0.073,-0.907,-1.709,-26.917,54.321,177.682,41.243,-64.693
-0.563,0.107,-0.976,12.451,-6.714,46.631,177.034,42.264,-67.363
-0.276,0.03,-0.931,13.184,18.005,36.804,177.111,41.611,-69.313
-0.135,-0.029,-0.907,10.498,6.104,31.555,177.292,40.891,-70.823
-0.16,-0.013,-0.796,0.427,-16.846,20.325,177.242,41.127,-71.812
-0.385,0.048,-0.805,0.732,-19.714,14.587,177.078,42.089,-72.422
-0.355,0.014,-0.837,0.366,-0.61,8.362,177.094,42.391,-72.768
-0.4,0.029,-0.847,-6.104,-8.85,2.075,176.929,42.775,-72.817
-0.371,0.036,-0.835,-8.545,-1.587,-5.432,176.71,43.099,-72.482
-0.316,0.058,-0.795,-7.141,-5.737,-0.977,176.44,43.445,-72.164
-0.363,0.059,-0.786,-5.615,-12.634,3.967,176.16,44.083,-72.197
-0.236,0.014,-0.767,-8.484,-10.803,1.038,175.886,44.55,-72.274
-0.594,0.143,-1.047,-12.512,-20.142,-1.709,175.314,45.648,-72.23
-0.32,0.186,-0.973,-16.418,10.254,0.122,174.814,45.786,-72.048
-0.403,0.374,-1.066,-14.709,-21.24,-5.737,173.947,45.989,-71.927
-0.606,0.282,-1.111,-6.775,5.798,-0.671,173.507,46.725,-71.895
-0.338,0.355,-1.076,-1.282,31.311,9.827,172.969,45.527,-72.257
-0.151,0.234,-0.967,10.254,16.235,-5.737,173.15,44.264,-72.339
-0.172,0.149,-0.874,12.878,13.306,-2.136,173.705,43.61,-72.153
-0.143,0.105,-0.815,10.681,3.784,-2.38,174.199,43.039,-72.098
-0.116,0.087,-0.735,7.019,2.625,-4.333,174.644,42.77,-71.801
-0.054,0.125,-0.676,2.441,-12.817,8.972,174.754,42.775,-71.9
-0.275,0.201,-0.748,6.409,-22.095,21.057,174.523,43.489,-72.905
-0.203,0.182,-0.789,7.935,-13.184,25.635,174.386,43.824,-74.306
-0.281,0.208,-0.845,6.409,-31.86,25.208,174.084,44.703,-75.948
-0.362,0.196,-0.84,9.338,-31.25,10.864,173.859,46.055,-77.311
-0.554,0.179,-0.925,-1.038,-48.218,8.057,173.672,47.823,-78.052
-0.84,0.153,-0.999,0.366,-19.531,5.92,173.232,49.708,-78.915
-0.671,0.127,-0.956,4.211,-2.136,-2.014,173.183,50.059,-79.129
-0.586,0.039,-1.092,11.658,33.447,-7.202,173.87,49.581,-78.662
-0.409,0.041,-1.116,9.949,27.588,1.221,174.65,48.164,-78.107
-0.427,0.053,-1.0,12.329,15.015,1.831,175.226,47.302,-77.975
-0.312,-0.006,-0.735,13.367,15.564,-2.686,176.078,46.549,-77.602
-0.349,0.021,-0.722,8.972,4.456,8.118,176.627,46.192,-77.525
-0.262,-0.049,-0.69,8.484,11.719,-4.883,177.193,45.813,-77.432
-0.241,-0.132,-0.767,5.005,12.634,-20.203,178.006,45.379,-76.388
-0.188,-0.116,-0.75,-8.423,-1.465,-18.494,178.44,45.132,-74.927
-0.351,-0.093,-0.755,-12.085,-15.198,-18.677,178.566,45.813,-73.46
-0.299,-0.045,-0.746,-16.418,-10.437,-4.272,178.363,46.384,-72.477
-0.327,0.022,-0.815,-16.968,-16.663,1.77,177.748,47.175,-72.164
-0.619,0.171,-1.062,-17.273,-25.574,6.836,176.863,48.29,-72.274
-0.637,0.197,-1.162,-8.667,6.531,3.845,176.265,48.702,-72.46
-0.478,0.327,-1.148,-9.46,10.62,13.794,175.463,48.274,-73.043
-0.404,0.318,-1.131,-0.366,10.254,3.662,175.056,47.593,-73.493
-0.31,0.268,-1.012,5.249,9.827,-2.808,175.007,47.131,-73.674
-0.298,0.18,-0.893,0.793,-4.456,-12.939,175.199,46.972,-73.383
-0.294,0.177,-0.772,-2.502,-5.432,-16.052,175.204,47.252,-72.828
-0.317,0.177,-0.74,-0.488,-3.662,-12.329,175.243,47.538,-72.23
-0.203,0.141,-0.652,2.319,-0.244,-7.874,175.353,47.582,-71.884
-0.218,0.198,-0.683,-0.061,-7.141,5.31,175.221,47.686,-72.004
-0.25,0.225,-0.726,4.272,-4.7,10.559,174.924,47.796,-72.762
-0.288,0.227,-0.776,7.385,-9.705,2.136,174.749,47.994,-73.526
-0.291,0.171,-0.739,4.7,-24.109,-10.559,174.908,48.691,-73.619
-0.716,0.182,-0.994,7.629,-28.625,-5.432,175.051,50.191,-73.619
-0.532,0.013,-0.866,16.113,1.343,-8.972,175.699,50.773,-73.499
-0.888,0.001,-1.208,11.841,-6.592,-7.141,176.633,50.944,-72.955
-0.696,-0.099,-1.229,26.733,66.65,-7.202,177.946,49.548,-72.389
-0.167,-0.172,-1.069,10.986,42.725,-7.568,179.302,46.73,-71.477
-0.354,-0.067,-0.865,1.892,7.996,-22.095,179.962,45.967,-70.312
-0.363,-0.043,-0.787,3.418,23.987,-21.362,-179.297,45.286,-68.659
-0.204,-0.112,-0.684,2.319,22.034,-12.085,-178.709,44.16,-67.593
-0.198,-0.182,-0.777,-2.014,26.978,-18.433,-178.11,43.039,-66.292
-0.227,-0.14,-0.729,-9.705,18.372,-19.226,-177.896,42.023,-64.918
-0.234,-0.077,-0.662,-17.395,9.827,-15.381,-177.979,41.32,-63.468
-0.234,-0.004,-0.733,-11.841,14.648,-0.122,-178.429,40.913,-62.726
-0.25,0.007,-0.956,-13.245,-0.427,0.183,-178.835,40.446,-62.452
-0.464,0.089,-1.229,-2.991,11.536,-0.183,-179.116,40.507,-62.128
-0.211,0.131,-1.333,-7.019,14.404,12.024,-179.335,39.386,-62.281
-0.338,0.144,-1.343,2.075,19.226,-1.343,-179.533,38.985,-62.424
-0.086,0.139,-1.228,1.282,19.714,-1.16,-179.495,37.667,-62.199
-0.195,0.071,-1.113,3.235,2.258,-4.211,-179.401,37.249,-61.941
-0.063,0.037,-0.922,-3.113,-5.493,-1.709,-179.473,37.15,-61.666
-0.155,0.071,-0.798,-8.423,-27.771,2.686,-179.907,38.057,-61.562
-0.214,0.107,-0.771,-9.705,-24.414,17.578,179.456,39.177,-61.996
-0.099,0.159,-0.667,-6.653,-27.771,37.903,178.561,40.204,-63.512
-0.231,0.251,-0.769,0.244,-36.499,47.424,177.561,41.583,-65.918
-0.218,0.199,-0.783,15.381,-26.794,43.274,177.056,42.726,-68.538
-0.192,0.131,-0.804,12.878,-36.316,31.311,176.891,43.967,-70.724
-0.406,0.124,-0.956,-5.066,-59.082,23.621,176.407,46.038,-72.285
-0.688,0.149,-1.042,1.282,-41.443,10.925,175.594,48.593,-73.63
-0.477,0.057,-0.936,3.662,-25.024,-1.77,175.468,50.026,-74.015
-1.017,0.083,-1.122,8.484,-25.452,-1.648,175.638,51.746,-73.998
-0.555,-0.086,-1.034,20.691,40.955,-8.545,176.748,51.075,-73.515
-0.275,-0.142,-0.958,4.089,17.456,4.333,177.709,49.719,-72.922
-0.328,-0.043,-0.797,-10.62,-6.348,6.592,177.539,49.526,-72.938
-0.391,0.063,-0.73,-9.033,-4.517,3.784,177.056,49.861,-72.878
-0.306,0.006,-0.643,-2.625,-7.019,-4.15,176.995,50.109,-72.587
-0.434,-0.049,-0.679,-2.502,-12.268,-18.738,177.358,50.795,-71.609
-0.405,-0.068,-0.683,-4.456,2.991,-21.118,177.852,51.097,-70.208
-0.307,-0.081,-0.656,-11.414,-6.348,-18.982,178.193,51.323,-68.73
-0.264,0.003,-0.662,-18.494,-27.466,-15.564,178.055,52.245,-67.533
-0.599,0.094,-0.849,-16.235,-47.913,-15.259,177.753,54.36,-66.462
-0.84,0.146,-1.031,-1.221,-16.479,-15.991,177.775,56.107,-65.682
-0.851,0.219,-1.164,-6.042,2.38,4.761,177.88,56.091,-65.275
-0.609,0.212,-1.191,3.052,47.363,9.033,177.583,54.987,-65.841
-0.278,0.222,-1.062,1.77,16.174,-3.235,177.556,53.168,-65.929
-0.485,0.143,-0.867,6.836,-8.728,-11.169,177.841,53.168,-65.539
-0.356,0.04,-0.688,2.93,-1.404,-3.418,178.248,53.256,-65.171
-0.311,0.087,-0.548,-3.235,-21.912,8.545,177.951,53.789,-65.468
-0.468,0.159,-0.6,-4.517,-23.865,18.616,177.166,54.943,-66.445
-0.394,0.167,-0.632,1.343,-3.174,18.921,176.336,55.443,-67.791
-0.343,0.153,-0.675,0.732,-12.756,16.602,175.688,55.657,-69.022
-0.335,0.131,-0.669,-4.517,-26.184,10.254,174.963,56.503,-70.104
-0.731,0.205,-0.977,-14.648,-48.035,12.634,173.853,58.145,-71.082
-0.877,0.16,-1.009,-1.282,-16.724,4.395,172.694,59.848,-72.235
-0.419,0.014,-0.783,-4.7,1.221,-13.367,172.886,59.897,-71.708
-1.144,0.244,-1.012,-6.226,-30.701,-1.099,172.397,61.331,-71.609
-0.744,0.035,-0.958,15.808,44.861,-17.273,173.727,60.342,-70.549
-0.488,0.03,-0.892,10.132,23.132,3.235,174.721,58.826,-69.862
-0.41,-0.002,-0.663,-2.075,-1.404,4.333,174.935,58.321,-69.906
-0.526,0.08,-0.573,-10.315,-6.531,3.296,174.457,58.733,-70.043
-0.479,0.101,-0.581,-3.479,14.648,-0.488,174.139,58.53,-69.999
-0.438,0.042,-0.647,-0.061,16.907,-11.841,174.408,57.903,-69.456
-0.38,-0.005,-0.688,-3.052,13.489,-15.32,175.023,57.233,-68.324
-0.343,0.045,-0.664,-9.583,-6.165,-4.761,175.128,57.129,-67.522
-0.457,0.093,-0.698,-1.831,-10.254,0.183,174.919,57.667,-67.335
-0.679,0.112,-0.899,1.343,-17.944,3.235,174.913,58.244,-67.401
-0.639,0.06,-0.906,1.953,-6.165,-7.996,175.089,58.887,-67.39
-1.033,0.263,-1.135,-9.521,-11.292,-9.521,175.177,59.464,-66.786
-0.704,0.15,-1.056,3.967,49.866,-14.587,175.71,58.557,-65.901
-0.346,0.178,-1.029,-7.08,28.992,-0.61,175.825,56.486,-65.336
-0.432,0.15,-0.908,-7.202,0.793,-10.437,175.622,56.025,-65.012
-0.392,0.161,-0.756,-12.207,-3.296,-8.179,175.325,56.036,-64.479
-0.384,0.163,-0.627,-11.475,-11.597,-3.54,174.754,56.409,-64.336
-0.429,0.218,-0.641,-10.803,-13.916,6.653,173.963,56.898,-64.682
-0.403,0.196,-0.641,-0.732,-0.793,12.024,173.243,57.096,-65.555
-0.43,0.234,-0.727,1.77,-3.54,18.433,172.573,56.959,-66.747
-0.384,0.201,-0.726,7.935,-5.92,16.663,172.09,56.942,-68.093
-0.393,0.147,-0.698,3.967,-29.236,7.141,171.777,57.612,-69.159
-0.87,0.193,-0.93,1.709,-35.583,2.991,171.293,59.326,-70.038
-0.617,0.074,-0.757,-0.61,-4.7,-0.427,171.211,60.156,-70.345
-1.054,0.185,-0.972,-8.179,-41.016,7.69,170.826,61.057,-70.659
-1.059,0.178,-1.022,19.409,16.479,5.066,170.574,62.056,-71.444
-0.568,0.013,-0.818,22.583,29.907,11.536,171.898,60.59,-71.318
-0.467,0.014,-0.742,11.414,0.061,31.738,172.117,59.804,-72.438
-0.507,0.077,-0.639,5.737,-6.226,31.921,171.519,59.843,-74.229
-0.376,0.096,-0.487,4.395,-9.033,28.625,170.815,59.952,-75.932
-0.467,0.09,-0.545,8.606,-12.634,15.137,170.436,60.414,-77.173
-0.509,0.085,-0.598,13.611,7.629,6.836,170.722,60.518,-77.657
-0.435,0.001,-0.677,15.381,12.146,-1.282,171.755,59.897,-77.349
-0.305,-0.002,-0.629,8.24,-8.789,4.7,172.392,59.908,-77.206
-0.686,0.167,-0.825,-1.404,-47.241,18.982,172.035,61.293,-78.003
-0.91,0.27,-0.882,10.498,-15.442,21.301,171.161,62.968,-79.673
-0.854,0.356,-1.081,7.874,1.404,34.851,170.634,62.446,-81.321
-0.955,0.352,-1.082,30.334,18.738,26.245,170.211,62.227,-83.48
-0.563,0.221,-0.9,31.921,27.893,15.991,171.332,60.293,-84.155
-0.443,0.05,-0.722,31.555,11.108,4.028,172.606,59.282,-84.644
-0.382,-0.003,-0.596,18.005,-4.517,10.742,173.655,59.167,-84.864
-0.377,0.047,-0.527,4.395,-15.381,31.982,173.392,59.469,-86.138
-0.452,0.153,-0.559,-2.869,-25.391,40.649,172.084,60.145,-88.369
-0.552,0.238,-0.617,6.897,-12.451,39.062,170.442,60.859,-91.077
-0.46,0.202,-0.62,4.395,-17.029,31.86,169.475,61.018,-93.224
-0.666,0.199,-0.876,10.498,-7.019,38.513,168.475,61.359,-95.427
-0.765,0.25,-1.137,7.996,-28.748,62.927,166.915,61.315,-98.712
-1.226,0.356,-1.248,19.287,-50.11,74.951,164.449,62.65,-103.76
-1.448,0.431,-1.146,42.114,-19.287,78.003,162.537,63.419,-109.089
-0.817,0.182,-0.808,81.055,68.787,66.406,163.817,60.595,-112.269
-0.212,-0.088,-0.626,70.374,47.729,59.326,166.47,56.992,-114.263
-0.195,-0.016,-0.552,31.067,-17.273,63.232,167.124,55.964,-117.114
-0.375,0.025,-0.536,29.358,-26.245,44.739,166.965,56.761,-119.91
-0.621,0.051,-0.767,24.902,-39.062,25.513,167.322,57.947,-121.536
-0.787,0.088,-1.152,32.898,14.771,26.855,168.305,58.486,-122.344
-0.51,0.11,-1.082,22.339,2.258,45.959,168.942,57.739,-123.58
-0.646,0.341,-1.098,16.418,5.005,77.148,167.943,56.865,-126.639
-0.432,0.269,-0.93,33.752,5.432,53.833,167.443,55.497,-129.88
-0.419,0.2,-0.771,38.33,-14.954,47.18,167.877,55.124,-132.27
-0.476,0.118,-0.674,38.818,-18.433,51.086,168.333,55.283,-134.923
-0.478,0.134,-0.656,37.842,-13.367,55.298,168.629,55.432,-137.692
-0.423,0.144,-0.673,34.729,-13.428,63.416,168.717,55.388,-140.718
-0.601,0.22,-0.875,31.189,-21.057,70.068,168.311,55.443,-144.278
-0.712,0.279,-1.009,40.649,-1.465,69.458,167.937,55.217,-147.953
-0.533,0.193,-0.91,43.762,-1.099,73.547,168.008,54.443,-151.485
-0.486,0.074,-0.839,47.424,-0.671,72.327,168.316,53.707,-154.99
-0.363,-0.029,-0.722,42.908,-14.587,77.454,168.766,53.13,-158.511
-0.701,0.054,-0.774,48.401,-34.302,74.402,168.717,53.937,-162.537
-0.73,-0.037,-0.866,54.077,16.235,77.209,169.612,53.476,-165.723
-0.43,-0.103,-0.874,52.49,30.212,84.839,170.519,51.564,-168.948
-0.253,-0.065,-0.843,34.363,-3.052,80.383,170.958,50.339,-172.282
-0.501,-0.014,-0.779,29.724,-25.696,58.35,171.151,50.872,-175.226
-0.468,-0.047,-0.79,30.029,-16.541,44.373,171.606,51.526,-177.281
-0.518,-0.105,-0.907,24.658,-12.451,31.494,172.354,52.086,-178.495
-0.59,-0.039,-1.114,11.353,-16.052,24.719,172.881,52.592,-179.214
-0.449,0.041,-0.903,14.465,-6.47,8.911,173.15,53.427,-179.577
-0.329,0.125,-0.888,-5.737,-6.897,30.884,173.309,53.361,-179.753
-0.502,0.269,-0.885,8.24,-18.127,48.34,172.079,53.806,177.973
-0.438,0.185,-0.857,15.991,1.465,33.264,171.76,53.641,176.061
-0.379,0.15,-0.864,18.86,5.554,37.292,171.711,53.091,174.446
-0.344,0.121,-0.82,14.038,-3.418,33.691,171.683,52.603,172.815
-0.406,0.167,-0.808,12.573,-4.639,36.011,171.392,52.443,171.074
-0.416,0.211,-0.8,7.08,-11.719,38.086,170.909,52.328,169.195
-0.536,0.256,-0.82,11.78,-10.437,28.931,170.409,52.603,167.498
-0.431,0.217,-0.792,14.221,-6.714,24.292,170.338,52.586,166.36
-0.525,0.206,-0.851,9.705,-13.733,15.076,170.244,53.042,165.443
-0.415,0.25,-0.793,-3.418,-13.245,8.728,170.002,53.443,165.174
-0.671,0.332,-1.025,3.479,-22.766,18.738,169.415,54.245,164.41
-0.647,0.334,-0.957,31.311,-17.09,31.067,169.206,54.838,162.927
-0.497,0.16,-0.834,45.471,-1.526,39.734,169.92,54.992,161.115
-0.277,0.017,-0.79,57.434,-3.357,38.33,171.332,54.448,159.219
-0.525,-0.054,-0.803,55.115,-24.536,33.02,173.018,55.069,157.242
-0.566,-0.099,-0.872,42.114,3.479,39.917,174.556,55.201,155.44
-0.45,-0.099,-0.914,31.006,20.264,37.537,175.512,54.36,153.622
-0.273,-0.078,-0.889,18.86,16.357,29.602,176.166,53.146,152.051
-0.231,-0.034,-0.868,9.46,-0.244,19.958,176.501,52.449,150.595
-0.369,-0.006,-0.814,7.202,-10.986,9.399,176.737,52.581,149.496
-0.36,-0.069,-0.83,7.629,-6.653,-6.531,177.33,52.734,149.249
-0.465,-0.087,-0.818,0.122,-17.944,-17.09,178.072,53.295,149.799
-0.479,-0.134,-0.759,-6.226,-11.963,-17.456,178.687,54.009,150.727
-0.465,-0.102,-0.757,-15.747,-9.766,-12.512,178.77,54.536,151.501
-0.419,-0.042,-0.729,-20.386,-2.441,-13.062,178.478,54.833,152.281
-0.334,-0.019,-0.696,-24.292,-8.85,-30.945,178.281,55.118,153.616
-0.338,-0.01,-0.607,-32.166,-18.188,-43.396,178.231,56.019,155.918
-0.415,-0.006,-0.617,-41.626,-34.973,-39.001,177.847,57.349,158.329
-0.973,0.181,-0.864,-39.185,-40.039,-27.222,176.781,59.815,160.285
-1.111,0.293,-1.248,-33.63,-9.705,-1.77,175.688,60.837,161.79
-0.909,0.349,-1.123,-9.338,30.64,2.93,174.271,61.013,162.07
-0.573,0.376,-1.041,-2.686,38.269,10.803,173.897,58.947,162.631
-0.436,0.292,-0.956,18.921,26.733,6.897,173.941,57.332,162.581
-0.407,0.167,-0.814,15.198,5.066,4.578,174.529,56.47,162.548
-0.475,0.178,-0.736,3.845,-7.935,9.644,174.573,56.459,162.252
-0.427,0.207,-0.637,5.005,-4.7,14.221,174.183,56.684,161.631
-0.471,0.258,-0.677,8.423,-4.211,18.494,173.705,56.733,160.741
-0.429,0.203,-0.654,16.907,1.892,14.771,173.688,56.574,160.021
-0.496,0.239,-0.725,17.334,-6.653,22.766,173.6,56.58,158.983
-0.463,0.203,-0.695,20.325,-6.165,13.855,173.776,56.717,158.104
-0.373,0.154,-0.652,21.301,-10.315,13.977,174.117,57.008,157.418
-0.403,0.099,-0.69,15.93,-27.466,18.066,174.227,57.87,156.473
-0.635,0.111,-0.861,7.507,-47.852,30.334,173.628,59.376,154.72
-1.038,0.147,-0.968,6.348,-43.579,22.156,172.568,61.831,152.803
-1.003,0.135,-0.986,1.831,-15.015,6.531,172.381,62.386,152.419
-0.937,0.086,-1.02,21.729,22.034,-4.761,172.82,62.891,152.765
-0.553,-0.042,-0.888,19.104,37.354,2.686,174.359,61.216,153.842
-0.419,-0.021,-0.84,0.0,15.198,21.973,174.6,59.87,153.523
-0.404,0.093,-0.713,-7.935,-5.554,13.245,173.886,59.513,152.562
-0.624,0.11,-0.74,-4.944,-7.507,2.075,173.419,59.881,152.183
-0.605,0.11,-0.724,-3.296,4.028,-6.287,173.37,59.936,152.518
-0.528,0.043,-0.686,1.709,8.423,-15.686,173.842,59.766,153.55
-0.658,0.016,-0.819,1.404,5.676,-23.56,174.727,59.639,155.099
-0.667,-0.031,-0.829,0.671,8.545,-20.508,175.759,59.513,156.896
-0.508,-0.057,-0.705,-0.488,1.892,-10.498,176.451,59.398,158.165
-0.631,0.021,-0.73,-1.648,12.878,6.165,176.556,59.321,158.599
-0.36,0.015,-0.611,-0.366,24.292,15.747,176.314,58.244,158.351
-0.465,0.022,-0.724,-6.897,6.104,8.057,175.946,57.612,158.0
-0.309,-0.008,-0.615,-16.296,12.146,-3.967,175.573,57.057,158.258
-0.326,0.055,-0.542,-35.889,-26.123,-2.136,174.38,57.612,158.428
-0.732,0.244,-0.764,-41.931,-43.396,-3.052,172.419,59.398,158.373
-0.792,0.373,-0.869,-6.287,4.395,0.061,171.101,60.546,158.571
-0.96,0.436,-1.171,5.432,19.958,13.916,170.964,59.672,158.73
-0.54,0.254,-1.082,38.452,68.054,3.235,171.799,57.53,158.758
-0.359,0.134,-1.109,19.531,15.198,3.418,173.441,55.261,159.307
-0.64,0.174,-1.013,15.564,14.709,-4.456,173.979,54.811,159.115
-0.405,0.114,-0.853,2.747,14.771,-14.099,174.814,53.915,159.994
-0.341,0.15,-0.714,-2.014,4.028,-4.089,174.941,53.52,160.505
-0.336,0.184,-0.686,-1.526,-1.953,3.235,174.809,53.399,160.549
-0.324,0.202,-0.638,9.277,1.587,16.113,174.534,53.322,159.846
-0.366,0.198,-0.696,12.878,-5.859,24.109,174.37,53.207,158.61
-0.419,0.185,-0.754,15.198,-5.859,27.832,174.144,53.289,157.028
-0.276,0.182,-0.685,9.644,-17.273,34.546,173.655,53.476,155.127
-0.402,0.195,-0.747,2.808,-42.969,27.771,172.711,54.745,152.919
-0.978,0.283,-1.006,-0.427,-39.001,22.4,171.661,56.689,151.139
-0.625,0.119,-0.865,8.728,9.155,4.761,171.392,56.992,150.513
-0.778,0.155,-0.87,-11.841,-37.109,3.174,171.249,57.579,150.645
-0.831,0.142,-0.983,18.738,18.677,-1.648,171.244,58.25,150.579
-0.592,0.079,-0.945,22.949,33.203,11.169,172.425,56.909,151.084
-0.331,0.028,-0.882,21.057,23.682,22.583,173.156,55.311,150.447
-0.35,-0.005,-0.803,13.367,-7.935,8.606,173.738,54.756,149.546
-0.437,-0.009,-0.677,5.127,-10.498,-6.47,174.243,55.294,149.222
-0.384,-0.055,-0.627,2.93,-10.864,-26.917,175.122,55.816,149.996
-0.486,-0.055,-0.631,0.427,-8.362,-31.799,176.221,56.585,151.512
-0.426,-0.133,-0.604,-6.836,-3.845,-28.381,177.418,56.909,153.331
-0.475,-0.056,-0.684,-11.658,-2.441,-13.184,177.83,57.206,154.424
-0.376,-0.03,-0.684,-10.071,2.808,-5.676,177.891,57.277,154.995
-0.413,0.036,-0.79,-16.052,-22.4,1.709,177.517,57.662,154.935
-0.818,0.182,-0.973,-13.062,-21.118,4.822,176.611,59.002,154.418
-0.817,0.173,-1.18,-12.573,-7.141,-1.648,176.155,59.299,154.49
-1.05,0.294,-1.263,2.014,29.297,-2.441,175.567,59.365,154.583
-0.452,0.162,-1.081,-2.93,41.809,-2.441,175.995,57.09,155.457
-0.458,0.202,-0.985,-3.418,0.0,-1.221,175.638,56.316,155.435
-0.501,0.113,-0.762,-7.385,-9.399,-14.099,175.616,56.733,155.929
-0.559,0.162,-0.688,-9.583,-4.822,-5.249,175.314,57.118,156.434
-0.416,0.142,-0.588,-3.784,7.874,1.892,174.968,57.047,156.621
-0.282,0.218,-0.558,-2.869,0.916,16.846,174.37,56.739,156.198
-0.261,0.212,-0.581,7.568,-3.601,20.996,173.683,56.624,155.023
-0.333,0.201,-0.603,12.756,-19.958,15.015,173.26,56.898,153.671
-0.52,0.114,-0.692,10.742,-26.001,2.747,173.298,57.925,152.858
-0.685,0.102,-0.909,-1.648,-19.409,0.366,173.282,58.826,152.556
-0.965,0.151,-1.066,0.122,-8.85,-1.831,172.809,59.958,152.32
-0.599,0.006,-0.897,-5.981,0.854,-11.902,173.145,59.969,153.111
-1.053,0.241,-1.034,-7.263,1.282,6.836,172.557,60.639,153.16
-0.542,0.05,-0.832,12.085,50.354,-7.08,173.408,58.804,154.017
-0.296,0.096,-0.916,-1.16,25.757,24.17,173.617,56.794,153.913
-0.509,0.177,-0.896,8.484,3.296,26.123,172.919,56.212,152.095
-0.419,0.112,-0.774,12.756,2.38,12.146,173.134,55.717,151.117
-0.461,0.033,-0.685,12.756,-6.897,6.348,173.485,55.871,150.342
-0.48,0.002,-0.682,5.371,-3.113,-4.944,174.023,56.025,150.244
-0.401,-0.02,-0.647,1.709,5.981,-7.935,174.551,55.997,150.579
-0.373,-0.046,-0.647,-7.996,-8.728,-13.428,175.023,56.014,151.139
-0.486,0.029,-0.646,-12.39,-12.756,-7.08,174.946,56.739,151.43
-0.454,0.056,-0.646,-9.277,-7.324,-2.747,174.683,57.294,151.512
-0.607,0.115,-0.818,-9.094,-11.902,3.479,174.375,57.772,151.419
-0.666,0.21,-0.959,-4.15,-3.906,6.897,173.892,58.184,151.007
-0.553,0.269,-1.007,-7.812,-14.404,16.235,173.271,58.337,150.249
-1.183,0.415,-1.178,11.902,-6.836,2.075,172.557,59.491,149.244
-0.551,0.184,-1.003,20.691,45.837,-12.695,173.941,57.92,150.194
-0.5,0.129,-0.984,8.423,4.7,2.197,174.699,56.915,150.562
-0.501,0.076,-0.798,-1.343,-5.249,-6.348,174.886,56.986,150.628
-0.425,0.119,-0.638,-7.141,-1.587,2.502,174.567,57.162,150.546
-0.328,0.171,-0.537,-11.536,-9.644,13.672,173.71,57.36,149.87
-0.295,0.212,-0.518,-4.395,-10.864,11.475,172.722,57.673,148.854
-0.361,0.197,-0.543,1.709,-16.479,10.437,172.101,58.304,147.969
-0.428,0.206,-0.58,3.601,-17.456,5.127,171.623,59.002,147.184
-0.62,0.192,-0.843,4.517,-13.794,-0.122,171.552,59.551,146.887
-0.917,0.2,-1.057,9.521,-14.893,1.709,171.447,60.496,146.497
-1.118,0.092,-1.229,-2.014,-30.64,-8.606,172.079,61.035,146.854
-1.077,0.089,-1.188,28.503,52.673,-10.742,172.766,61.397,147.299
-0.447,-0.083,-1.051,14.893,47.913,-2.258,174.765,58.689,148.623
-0.368,-0.016,-0.904,1.831,21.667,17.7,174.974,57.052,147.98
-0.317,0.03,-0.692,-10.803,-3.052,6.653,174.584,56.475,146.959
-0.396,0.069,-0.59,-13.428,-8.972,1.404,173.996,56.689,146.283
-0.408,0.061,-0.579,-9.949,-5.31,-11.414,173.622,56.959,146.14
-0.467,-0.032,-0.605,-5.066,-3.54,-31.555,174.194,57.31,147.25
-0.515,-0.07,-0.648,-10.132,-1.038,-33.081,175.051,57.656,149.019
-0.451,-0.048,-0.647,-19.836,1.831,-19.775,175.43,57.81,150.54
-0.486,0.072,-0.664,-20.813,-7.446,-6.104,174.891,58.195,151.029
-0.624,0.173,-0.83,-15.991,-12.573,4.578,174.161,58.771,151.007
-0.83,0.297,-0.976,-0.183,1.465,17.212,173.342,59.095,150.304
-0.579,0.287,-1.054,2.258,1.221,32.837,172.711,58.387,148.991
-0.984,0.4,-1.093,16.602,-6.287,35.828,171.546,59.095,146.629
-0.645,0.327,-0.964,18.738,30.273,34.241,171.42,57.48,145.113
-0.53,0.264,-0.921,16.113,34.363,28.32,171.299,55.767,143.712
-0.333,0.224,-0.774,7.263,14.832,7.263,171.348,54.41,143.058
-0.337,0.22,-0.682,6.531,9.094,-3.601,171.535,53.866,143.058
-0.232,0.169,-0.615,12.695,11.658,-6.897,172.079,53.361,143.383
-0.2,0.191,-0.653,17.944,8.118,5.92,172.661,52.778,143.328
-0.198,0.129,-0.71,20.447,-3.845,8.972,173.254,52.394,142.597
-0.199,0.141,-0.678,10.315,-25.513,11.353,173.485,52.8,141.498
-0.687,0.212,-0.988,-0.916,-57.678,7.019,173.21,54.404,140.268
-0.842,0.116,-0.981,20.325,-10.62,-11.108,173.156,56.519,139.587
-1.085,0.009,-1.147,11.23,-28.076,-25.391,174.622,57.376,140.867
-0.693,-0.121,-1.063,28.687,64.453,-11.841,176.347,56.497,142.108
-0.403,-0.104,-1.2,-2.014,16.663,19.409,177.045,54.525,141.971
-0.378,0.03,-0.989,2.136,7.874,17.639,176.561,53.855,140.29
-0.345,0.017,-0.733,-1.038,-15.32,5.066,176.484,54.069,139.29
-0.369,-0.003,-0.585,-4.517,-24.231,-0.854,176.396,54.981,138.609
-0.392,-0.026,-0.495,-8.728,-20.386,-9.949,176.292,56.107,138.4
-0.556,-0.012,-0.613,-15.137,-17.822,-20.142,176.38,56.975,138.972
-0.466,-0.082,-0.614,-8.606,3.235,-32.532,176.781,57.634,140.389
-0.433,-0.025,-0.647,-21.179,-7.751,-11.719,177.133,57.942,141.812
-0.382,0.067,-0.639,-18.005,-18.982,7.69,176.336,58.513,141.625
-0.86,0.254,-0.955,-11.169,-32.471,20.874,175.1,59.925,140.488
-0.542,0.221,-0.823,5.92,11.841,25.391,174.166,60.249,139.175
-0.995,0.399,-1.01,1.282,-37.231,32.288,172.952,60.601,137.351
-0.811,0.216,-1.052,14.099,40.466,5.554,172.82,60.32,136.5
-0.46,0.199,-0.988,4.395,15.015,1.953,173.199,58.788,136.846
-0.545,0.136,-0.851,-0.122,-7.141,-10.315,173.375,58.733,137.126
-0.483,0.149,-0.705,-1.221,-2.869,-6.104,173.54,58.969,137.609
-0.446,0.156,-0.609,2.197,-8.545,3.54,173.452,59.266,137.565
-0.311,0.158,-0.511,2.075,-5.371,17.029,173.029,59.442,136.846
-0.286,0.167,-0.489,2.197,-9.705,20.691,172.271,59.573,135.593
-0.374,0.219,-0.576,2.686,-7.507,21.24,171.447,59.65,134.258
-0.413,0.199,-0.599,10.864,-6.836,11.475,170.964,59.788,133.22
-0.78,0.155,-0.89,9.216,-26.184,5.92,171.112,60.331,132.781
-0.822,0.063,-0.93,10.498,-10.742,17.395,170.914,61.122,131.841
-1.052,0.148,-0.927,15.625,-17.578,16.479,170.596,61.957,130.622
-0.782,-0.016,-0.842,24.78,20.813,12.024,171.513,61.408,130.259
-0.784,0.015,-0.935,15.869,17.273,36.255,171.98,60.524,129.177
-0.517,0.015,-0.775,19.165,17.761,34.241,171.898,59.387,127.073
-0.363,0.016,-0.577,17.639,0.549,29.48,172.084,58.738,125.112
-0.41,0.004,-0.52,10.62,-17.456,25.452,172.04,58.958,122.948
-0.405,-0.029,-0.474,8.606,-9.888,10.132,172.123,59.595,121.306
-0.573,-0.018,-0.622,-0.671,-19.043,11.902,172.26,60.238,120.081
-0.571,0.04,-0.659,-2.075,-13.428,15.198,171.771,60.93,118.394
-0.59,0.048,-0.76,4.15,-15.93,15.747,171.623,61.639,117.021
-0.653,0.184,-0.761,10.498,-27.039,36.926,170.75,62.699,114.532
-0.857,0.328,-0.765,12.085,-47.18,60.669,169.25,63.935,110.858
-1.226,0.466,-0.979,27.466,-24.109,87.402,166.794,64.891,105.595
-1.036,0.462,-0.991,53.955,29.968,96.13,165.196,63.056,100.316
-0.642,0.331,-0.924,68.542,42.358,89.905,165.278,60.051,95.817
-0.236,0.149,-0.732,66.833,13.367,76.416,166.295,57.673,91.642
-0.304,0.195,-0.589,50.659,-24.231,80.566,166.525,57.178,86.743
-0.368,0.264,-0.559,44.434,-31.677,79.041,166.152,57.387,81.42
-0.624,0.42,-0.759,42.908,-25.696,81.116,165.306,57.689,76.025
-0.698,0.3,-0.906,63.904,4.456,61.096,165.41,57.211,71.422
-0.748,0.283,-1.097,56.03,-2.869,85.632,166.207,56.157,66.934
-0.751,0.107,-1.043,79.468,8.728,85.938,166.778,55.058,60.875
-0.357,-0.155,-0.791,78.796,0.427,69.763,168.992,53.74,55.728
-0.384,-0.208,-0.647,53.406,-49.744,82.458,170.392,54.141,50.186
-0.83,0.002,-0.757,40.161,-36.194,100.525,170.184,55.629,43.522
-0.602,0.042,-0.722,59.448,17.517,112.976,169.876,54.723,36.156
-0.395,0.001,-0.72,57.556,1.587,100.159,170.469,53.146,29.388
-0.517,0.004,-0.696,52.917,-18.677,81.238,171.129,53.009,23.373
-0.549,-0.048,-0.684,45.654,-17.517,63.171,172.046,53.333,18.49
-0.584,-0.07,-0.742,37.537,-20.02,52.795,172.7,53.981,14.194
-0.592,-0.045,-0.808,20.813,-28.992,41.504,173.139,54.899,10.69
-0.871,0.079,-0.9,14.343,-32.898,39.734,172.826,56.486,7.262
-0.813,0.144,-0.957,15.381,-9.827,36.499,172.661,57.173,4.197
-0.525,0.108,-0.999,25.757,35.583,30.884,173.073,56.299,1.686
-0.063,0.137,-0.901,8.179,6.531,42.969,173.183,54.459,-0.654
-0.458,0.24,-0.896,17.09,-19.653,42.419,172.403,54.613,-3.609
-0.542,0.175,-0.874,27.283,5.005,34.18,172.447,54.509,-6.174
-0.344,0.089,-0.771,31.799,-3.418,19.592,173.183,53.97,-8.108
-0.503,0.093,-0.75,22.4,-9.949,21.912,173.952,54.201,-9.684
-0.447,0.136,-0.678,17.334,-6.47,30.884,174.15,54.311,-11.689
-0.465,0.21,-0.663,15.991,-12.268,37.292,173.875,54.536,-14.271
-0.523,0.251,-0.706,25.208,-5.615,41.687,173.568,54.827,-17.254
-0.493,0.246,-0.813,30.151,0.793,50.476,173.48,54.624,-20.61
-0.499,0.222,-0.892,33.997,-8.24,54.688,173.436,54.437,-24.285
-0.65,0.218,-1.087,31.189,-20.325,61.218,173.188,54.641,-28.273
-0.827,0.152,-1.146,35.828,-8.423,70.801,172.584,55.151,-32.86
-0.53,-0.005,-0.902,47.546,11.047,55.42,172.749,54.684,-36.865
-0.383,-0.224,-0.841,42.114,-8.789,39.062,174.188,54.163,-39.287
-0.555,-0.119,-0.897,36.926,-3.357,51.27,174.798,54.509,-41.968
-0.409,-0.168,-0.889,24.414,15.869,50.842,175.375,53.635,-44.511
-0.278,0.015,-0.812,11.414,4.639,57.434,175.122,52.63,-47.175
-0.391,0.078,-0.793,15.32,-7.202,45.654,174.666,52.383,-49.85
-0.358,0.0,-0.756,19.287,0.977,23.071,174.957,52.245,-51.498
-0.374,-0.052,-0.768,12.756,-6.958,9.705,175.573,52.207,-52.169
-0.393,-0.08,-0.741,5.676,0.793,-3.418,176.166,52.35,-52.158
-0.335,-0.102,-0.707,-2.319,-6.775,-14.099,176.825,52.476,-51.295
-0.384,-0.07,-0.687,-9.46,-9.949,-6.287,177.078,52.965,-50.455
-0.375,-0.02,-0.715,-17.456,-13.916,0.977,176.803,53.47,-50.054
-0.423,0.067,-0.752,-22.4,-15.015,8.057,175.842,54.234,-50.235
-0.435,0.107,-0.782,-17.456,-27.71,-2.197,174.93,55.129,-50.411
-0.745,0.16,-0.958,-11.353,-25.94,-15.503,174.501,56.739,-50.048
-0.634,0.203,-1.067,-15.93,-11.841,-5.31,174.265,57.53,-49.554
-1.071,0.436,-1.253,-9.949,5.92,4.883,173.09,58.244,-50.202
-0.431,0.249,-1.058,-2.747,39.734,-5.432,173.271,56.453,-49.944
-0.378,0.272,-0.932,-1.343,-4.639,-7.08,173.084,55.904,-49.883
-0.551,0.162,-0.774,4.089,-6.653,-17.517,173.491,56.371,-49.373
-0.306,0.119,-0.56,-2.441,-3.662,1.16,173.595,56.393,-49.257
-0.337,0.196,-0.487,1.587,-13.245,10.376,173.007,56.975,-50.136
-0.288,0.222,-0.528,12.512,0.671,16.602,172.7,57.14,-51.328
-0.332,0.208,-0.68,21.729,-0.488,17.151,172.793,56.7,-52.745
-0.35,0.165,-0.798,18.433,-8.301,17.456,173.084,56.613,-54.108
-0.403,0.162,-0.88,7.263,-35.767,14.282,172.958,57.321,-55.448
-1.117,0.24,-1.146,4.7,-41.626,9.155,172.436,59.178,-56.711
-0.676,0.055,-0.834,6.653,-1.465,-5.127,172.326,60.2,-57.448
-0.894,0.062,-0.856,-15.381,-40.71,-15.076,172.645,61.183,-56.827
-0.853,0.051,-0.862,1.404,5.676,-16.296,172.667,62.424,-56.277
-0.838,0.13,-0.932,-0.122,31.067,5.615,173.156,61.578,-55.728
-0.408,0.079,-0.783,8.667,48.035,22.522,173.15,59.348,-56.503
-0.314,0.073,-0.802,1.77,12.878,11.292,173.139,57.816,-57.145
-0.434,0.09,-0.71,-1.587,7.263,3.784,172.925,57.464,-57.48
-0.341,0.015,-0.597,-4.15,1.282,-17.09,173.232,57.178,-56.81
-0.515,0.048,-0.636,-4.456,-4.395,-28.198,173.82,57.585,-55.355
-0.418,-0.071,-0.665,-1.16,9.521,-35.4,175.056,57.508,-53.262
-0.395,-0.056,-0.669,-11.169,-5.066,-21.179,175.853,57.634,-51.422
-0.353,0.024,-0.592,-16.846,-12.939,-5.676,175.655,58.107,-50.674
-0.605,0.121,-0.771,-18.066,-24.719,-0.671,175.001,59.052,-50.493
-0.779,0.271,-0.935,-14.587,-16.724,2.075,174.045,60.112,-50.856
-0.932,0.296,-1.149,-20.203,-27.405,4.883,173.227,61.139,-51.284
-1.238,0.527,-1.225,-6.714,29.419,15.869,171.502,61.765,-52.685
-0.441,0.365,-0.97,12.329,94.36,-10.071,172.04,58.244,-52.443
-0.172,0.253,-0.861,23.071,36.743,-17.395,173.469,55.118,-51.4
-0.327,0.1,-0.714,20.691,0.061,-15.137,174.875,54.503,-50.812
-0.354,0.096,-0.646,12.878,4.395,-7.08,175.787,54.448,-50.526
-0.338,0.131,-0.681,7.751,0.366,4.517,176.078,54.267,-50.828
-0.33,0.185,-0.691,6.714,-2.686,13.55,175.93,54.212,-51.718
-0.288,0.202,-0.702,8.545,-9.644,12.695,175.682,54.3,-52.861
-0.305,0.145,-0.648,4.7,-32.349,7.935,175.452,55.206,-53.877
-0.475,0.142,-0.694,-2.502,-41.87,7.629,174.814,56.992,-54.932
-0.796,0.143,-0.829,-3.601,-41.565,9.094,174.023,59.024,-56.052
-0.729,0.111,-0.775,-3.479,-27.527,14.404,173.15,60.584,-57.321
-1.289,0.266,-1.101,2.014,-42.542,17.151,172.183,62.172,-58.898
-0.737,-0.013,-1.025,43.213,81.421,-5.798,173.93,60.551,-58.909
-0.104,-0.178,-0.884,20.63,33.997,13.306,176.034,57.491,-58.464
-0.29,-0.035,-0.691,-10.559,-28.015,24.597,175.677,57.25,-59.529
-0.569,0.092,-0.596,-13.794,-24.963,6.958,174.556,58.645,-60.425
-0.601,0.084,-0.618,-8.667,-11.963,-6.042,174.117,59.464,-60.403
-0.578,-0.013,-0.667,3.174,17.456,-27.466,174.683,59.54,-59.42
-0.441,-0.08,-0.643,-3.967,19.836,-32.593,176.067,58.865,-57.277
-0.32,-0.097,-0.579,-16.052,-2.502,-28.687,176.874,58.513,-55.283
-0.552,-0.001,-0.61,-19.653,-18.738,-21.851,177.017,59.469,-53.63
-0.536,0.046,-0.666,-14.709,-8.789,-8.423,176.929,60.079,-52.723
-0.778,0.201,-0.946,-7.69,-8.911,3.418,176.407,60.732,-52.855
-0.863,0.203,-1.028,1.709,-5.066,6.836,176.204,60.991,-53.383
-0.9,0.22,-1.09,8.423,22.339,4.517,176.1,60.749,-54.097
-0.699,0.216,-1.098,7.324,44.678,3.601,176.44,58.958,-54.333
-0.485,0.15,-1.046,2.991,31.433,0.183,176.682,57.008,-54.509
-0.425,0.12,-0.88,-4.395,20.386,-3.113,176.649,55.838,-54.47
-0.357,0.207,-0.756,-4.7,6.47,6.897,176.204,55.091,-54.69
-0.424,0.206,-0.707,4.395,0.61,13.123,175.765,54.904,-55.486
-0.241,0.149,-0.566,5.371,-0.427,20.325,175.402,54.624,-56.711
-0.296,0.241,-0.628,1.038,-11.292,30.151,174.562,54.712,-58.486
-0.357,0.249,-0.678,11.475,-2.869,25.024,173.71,54.723,-60.628
-0.294,0.158,-0.644,12.39,-15.015,16.968,173.458,54.822,-62.26
-0.401,0.105,-0.675,-0.61,-32.043,7.935,173.04,55.772,-63.55
-0.815,0.162,-0.888,-6.409,-27.283,-6.104,172.557,57.239,-64.001
-0.783,0.117,-0.999,-7.141,-4.089,-2.258,172.31,57.909,-63.968
-0.892,0.115,-1.122,-4.395,1.343,-2.686,172.084,58.035,-63.973
-0.733,0.08,-1.079,1.587,21.24,-5.554,172.458,57.475,-63.479
-0.526,0.036,-0.988,3.967,23.01,8.301,172.782,56.442,-63.375
-0.505,0.123,-0.851,-1.16,-1.709,19.47,172.425,55.964,-64.127
-0.401,0.079,-0.715,6.287,9.155,11.536,172.332,55.635,-64.863
-0.312,0.08,-0.606,1.465,-5.432,8.911,172.386,55.448,-65.253
-0.482,0.054,-0.69,4.883,-0.061,-4.395,172.557,55.624,-65.319
-0.395,0.003,-0.631,2.441,5.005,-15.503,173.271,55.519,-64.429
-0.479,0.006,-0.693,-6.226,-6.958,-11.475,173.782,55.783,-63.413
-0.407,0.079,-0.659,-4.639,-8.789,0.427,173.76,56.173,-62.985
-0.509,0.103,-0.745,0.549,-19.348,5.249,173.65,56.827,-63.182
-0.657,0.135,-0.898,2.563,-15.808,4.578,173.606,57.772,-63.583
-0.718,0.195,-1.1,2.747,-4.517,6.531,173.573,58.195,-64.001
-0.959,0.312,-1.208,14.282,20.386,7.385,173.463,58.244,-64.638
-0.432,0.182,-1.057,8.362,33.081,9.399,174.062,56.376,-64.852
-0.536,0.202,-0.971,2.625,-2.38,5.432,173.87,55.783,-65.495
-0.468,0.144,-0.774,-3.174,-0.916,-9.583,173.963,55.838,-65.33
-0.414,0.161,-0.644,-6.653,-4.456,0.244,173.672,55.997,-65.275
-0.358,0.166,-0.581,-4.761,-2.563,4.395,173.21,56.102,-65.594
-0.301,0.191,-0.573,-2.014,2.075,13.55,172.645,55.975,-66.319
-0.365,0.214,-0.639,5.493,-4.089,17.273,172.106,55.8,-67.495
-0.37,0.212,-0.671,5.676,-11.841,19.775,171.639,55.997,-68.901
-0.43,0.223,-0.73,2.991,-20.691,16.418,170.975,56.574,-70.439
-0.875,0.307,-0.974,6.592,-26.306,7.996,170.392,57.805,-71.691
-0.514,0.069,-0.796,8.301,-6.531,-8.972,170.903,58.343,-71.779
-1.019,0.194,-1.092,15.015,-2.808,0.671,170.892,59.557,-72.076
-0.719,0.054,-1.05,14.587,36.072,-2.441,172.194,58.348,-71.477
-0.469,0.045,-1.046,14.16,29.663,16.296,172.853,56.656,-71.598
-0.34,0.029,-0.794,5.859,-2.441,5.554,173.216,55.909,-71.917
-0.4,0.052,-0.618,2.258,-15.198,4.883,173.337,56.371,-72.021
-0.521,0.072,-0.639,0.916,-9.583,5.676,173.309,56.942,-72.246
-0.375,-0.008,-0.587,7.385,5.737,-8.057,173.661,57.03,-72.07
-0.406,-0.008,-0.638,2.808,-2.625,-13.916,174.408,57.074,-71.164
-0.393,-0.059,-0.613,1.77,-8.24,-19.043,175.287,57.426,-69.901
-0.346,-0.071,-0.542,-7.08,-18.677,-16.235,175.902,58.282,-68.621
-0.636,0.03,-0.762,-17.09,-37.415,-13.062,175.924,59.771,-67.538
-0.757,0.087,-0.896,-8.118,-13.489,-14.038,175.858,61.161,-66.736
-1.088,0.257,-1.336,-23.499,-27.771,8.057,175.303,61.968,-66.506
-1.064,0.289,-1.22,2.991,38.33,14.221,174.227,62.161,-67.626
-0.495,0.348,-1.055,0.916,44.312,26.55,173.644,59.496,-68.687
-0.495,0.248,-0.932,14.221,4.517,8.179,173.502,58.469,-69.796
-0.489,0.153,-0.75,8.728,-4.272,6.287,173.705,58.491,-70.395
-0.369,0.14,-0.554,0.61,-11.536,8.545,173.452,58.76,-71.093
-0.354,0.203,-0.536,1.526,-13.489,16.113,172.853,59.216,-72.164
-0.442,0.23,-0.567,12.756,-7.263,26.978,172.222,59.524,-73.828
-0.451,0.238,-0.621,17.944,-3.418,33.813,171.579,59.491,-76.196
-0.469,0.195,-0.723,22.766,0.732,26.062,171.321,59.271,-78.36
-0.484,0.122,-0.829,13.367,-26.55,24.414,171.255,59.282,-80.145
-0.943,0.161,-0.909,10.559,-21.423,25.574,170.486,60.716,-82.205
-0.653,0.048,-0.857,3.967,-25.085,9.766,170.332,61.073,-83.32
-1.236,0.224,-1.045,17.395,-10.193,18.066,169.898,62.562,-84.556
-0.808,0.031,-0.876,22.583,22.583,8.972,170.986,61.589,-84.853
-0.701,0.037,-0.901,21.24,39.978,15.198,171.837,60.194,-85.144
-0.404,-0.025,-0.822,11.108,28.564,5.371,172.705,58.502,-85.04
-0.441,0.048,-0.699,-1.221,4.456,7.446,172.875,57.947,-84.924
-0.322,-0.007,-0.54,-2.38,7.263,-3.784,172.952,57.739,-84.628
-0.365,-0.015,-0.594,-6.531,2.38,-14.587,173.359,57.568,-83.485
-0.36,-0.021,-0.625,-12.329,6.409,-17.395,173.677,57.448,-82.035
-0.364,0.05,-0.595,-16.663,-23.438,-19.958,173.727,57.925,-80.53
-0.698,0.107,-0.741,-15.076,-29.48,-23.01,173.754,59.507,-79.118
-0.785,0.191,-0.926,-18.677,-14.954,-14.648,173.727,60.601,-77.86
-0.816,0.264,-1.111,-25.513,-28.015,4.211,172.941,61.43,-77.558
-1.135,0.41,-1.156,-16.418,-9.033,12.878,170.964,63.001,-78.783
-0.738,0.36,-0.993,-0.549,30.518,4.639,170.222,62.084,-79.316
-0.521,0.189,-0.857,6.47,13.672,-7.568,170.574,61.051,-79.135
-0.453,0.19,-0.725,3.052,11.475,0.488,170.887,60.546,-78.887
-0.252,0.147,-0.503,3.296,2.319,12.756,170.793,59.996,-79.338
-0.372,0.185,-0.493,6.897,-7.08,21.362,170.2,60.018,-80.678
-0.457,0.2,-0.565,10.742,-1.526,29.968,169.662,59.727,-82.408
-0.419,0.201,-0.599,14.587,11.108,36.56,169.003,59.123,-84.617
-0.404,0.21,-0.729,4.7,-12.268,37.17,168.14,58.612,-86.885
-0.902,0.356,-0.972,2.991,-30.457,39.246,166.547,59.376,-89.758
-0.547,0.155,-0.651,19.775,-15.686,4.944,166.295,60.112,-91.324
-1.175,0.213,-0.893,2.991,-52.612,10.681,166.443,62.062,-91.912
-1.044,0.151,-0.883,31.433,20.691,10.376,166.871,62.38,-92.758
-0.637,0.054,-0.792,29.602,44.617,31.982,168.448,60.584,-92.84
-0.349,0.047,-0.71,23.56,34.241,47.729,168.739,58.255,-94.499
-0.192,0.025,-0.568,17.029,10.071,29.358,168.898,56.865,-95.971
-0.27,0.046,-0.51,5.981,-19.897,22.827,168.876,56.865,-96.932
-0.462,0.022,-0.609,5.371,-23.987,14.771,168.684,57.75,-97.74
-0.525,0.078,-0.682,8.423,-11.169,18.188,168.475,58.59,-98.41
-0.457,0.093,-0.784,8.667,-20.264,31.372,168.333,58.997,-99.388
-0.866,0.294,-1.016,11.353,-37.354,53.04,167.151,60.139,-101.948
-0.57,0.317,-0.857,12.085,-9.949,63.354,165.624,60.502,-105.463
-0.931,0.588,-1.001,11.169,-14.587,77.576,163.257,60.15,-109.808
-0.587,0.458,-0.918,26.917,14.16,63.843,162.252,58.524,-113.373
-0.588,0.439,-0.883,39.978,-6.714,68.665,161.708,57.426,-117.015
-0.446,0.236,-0.768,51.88,-3.967,72.754,161.96,56.376,-120.795
-0.373,0.274,-0.688,52.124,-21.301,99.731,161.834,55.453,-125.607
-0.359,0.303,-0.602,51.27,-38.452,114.258,161.054,54.893,-131.902
-0.597,0.401,-0.769,53.284,-36.926,110.291,159.977,54.662,-138.62
-0.629,0.322,-0.912,53.467,-13.672,83.801,159.835,53.954,-143.762
-0.695,0.302,-1.023,40.161,-26.184,92.712,159.857,53.163,-147.986
-0.513,0.213,-0.808,48.645,-24.17,102.295,159.307,52.476,-153.16
-0.597,0.161,-0.788,57.495,-32.104,95.642,159.39,52.042,-158.115
-0.631,0.094,-0.766,62.317,-33.264,102.844,159.901,51.872,-163.021
-0.588,0.071,-0.755,64.819,-12.634,112.488,160.477,51.273,-168.047
-0.463,0.094,-0.763,60.059,-14.771,113.586,161.082,50.076,-173.013
-0.503,0.114,-0.771,56.396,-23.438,98.083,161.675,49.488,-177.698
-0.498,0.08,-0.727,50.476,-30.09,81.482,162.411,49.493,178.374
-0.564,0.065,-0.783,42.114,-29.663,71.106,163.021,50.037,175.1
-0.601,0.063,-0.84,34.18,-28.015,49.316,163.553,50.751,172.722
-0.665,0.11,-1.051,26.123,-10.681,24.17,164.339,51.422,171.799
-0.326,0.16,-0.863,24.414,14.282,9.766,165.278,51.301,171.98
-0.3,0.203,-0.928,-1.526,-8.057,23.01,165.97,50.966,172.315
-0.525,0.365,-0.961,11.047,-5.371,35.034,165.212,50.949,170.612
-0.345,0.261,-0.825,18.921,-1.831,15.991,165.696,50.63,170.03
-0.363,0.205,-0.735,26.855,-14.16,23.682,166.366,50.729,169.184
-0.462,0.2,-0.743,25.513,-13.123,28.809,166.987,51.042,167.992
-0.387,0.19,-0.724,26.306,-7.568,33.875,167.498,50.977,166.608
-0.438,0.203,-0.8,14.709,-12.756,28.809,167.695,51.114,165.251
-0.415,0.268,-0.85,10.437,-11.78,26.733,167.498,51.361,164.064
-0.43,0.289,-0.878,13.855,-15.625,29.236,167.289,51.652,162.817
-0.587,0.278,-1.052,18.738,-27.1,38.147,167.151,52.141,161.142
-0.558,0.233,-0.988,29.297,-17.639,61.157,166.805,52.707,158.467
-0.457,0.131,-0.822,44.556,-12.512,60.791,166.778,52.773,155.209
-0.529,-0.021,-0.856,45.532,-22.705,41.016,167.86,52.822,152.809
-0.548,-0.038,-0.849,43.884,-5.188,40.222,169.118,53.141,150.974
-0.567,-0.004,-0.9,39.49,8.301,38.635,170.343,52.767,149.365
-0.339,-0.019,-0.851,42.236,33.691,29.846,171.925,51.345,148.326
-0.149,-0.088,-0.841,26.123,11.78,24.475,173.392,49.911,147.387
-0.303,-0.071,-0.766,10.376,-6.836,3.174,174.166,49.867,146.602
-0.371,-0.05,-0.761,-1.77,-0.244,-13.428,174.82,49.977,146.942
-0.272,-0.04,-0.703,-3.052,7.019,-28.625,175.529,49.785,148.107
-0.284,-0.03,-0.689,-3.296,-5.615,-33.813,176.446,49.834,149.865
-0.363,-0.039,-0.645,7.385,-14.221,-18.86,177.33,50.526,151.221
-0.311,-0.147,-0.666,-3.357,-21.301,-15.015,178.27,51.306,152.287
-0.633,0.042,-0.934,-15.991,-27.1,-10.681,178.248,52.674,153.018
-0.536,0.075,-0.97,-11.963,2.319,-15.808,178.061,53.47,154.089
-0.852,0.311,-1.25,-13.184,-5.371,1.404,177.605,53.481,154.896
-0.5,0.17,-1.161,5.249,53.955,4.028,177.545,52.3,155.275
-0.177,0.212,-1.113,-1.648,10.498,3.845,177.418,50.345,155.402
-0.403,0.116,-0.926,1.404,-7.874,-18.921,177.55,50.455,155.847
-0.363,0.094,-0.757,-5.615,-4.15,-21.423,177.858,50.62,157.088
-0.274,0.07,-0.635,-10.62,-7.141,-9.155,177.748,50.883,158.027
-0.186,0.127,-0.534,-13.733,-22.461,8.423,176.94,51.476,157.956
-0.397,0.23,-0.658,-7.996,-33.63,22.4,175.677,52.8,156.813
-0.34,0.125,-0.639,1.587,-20.813,12.573,174.979,53.767,155.88
-0.592,0.243,-1.003,-8.606,-50.049,25.146,173.886,55.228,154.655
-0.872,0.177,-1.067,7.202,-25.208,13.855,172.87,57.173,153.259
-1.054,0.189,-1.263,4.456,-15.259,1.587,172.87,57.964,153.336
-0.696,0.065,-0.995,18.555,21.362,-3.723,173.474,57.81,153.869
-0.661,-0.004,-0.93,7.019,15.442,-1.038,174.518,57.272,154.973
-0.428,0.016,-0.829,3.967,24.597,13.0,174.71,56.157,155.176
-0.302,0.02,-0.726,3.052,14.038,6.958,174.781,55.113,155.072
-0.364,-0.003,-0.708,1.526,-3.784,-2.625,175.007,54.915,155.198
-0.373,-0.026,-0.646,-4.395,-9.338,-9.827,175.303,55.151,155.665
-0.417,-0.06,-0.636,-3.235,-3.296,-19.531,175.71,55.706,156.654
-0.372,-0.057,-0.625,-8.179,-9.705,-16.968,176.254,55.97,157.939
-0.312,-0.042,-0.577,-7.019,-9.216,-9.155,176.523,56.486,158.813
-0.475,0.046,-0.751,-6.775,-18.066,-4.517,176.539,57.266,159.258
-0.767,0.122,-0.988,-6.348,-16.052,-4.883,176.517,58.09,159.708
-0.701,0.139,-0.975,-5.615,-7.751,-9.338,176.578,58.546,160.494
-1.004,0.312,-1.164,-4.089,4.028,1.648,176.177,59.068,160.9
-0.674,0.226,-1.055,8.972,42.969,-2.625,176.468,57.59,161.559
-0.377,0.22,-1.004,7.446,23.926,5.615,176.765,55.783,161.9
-0.455,0.127,-0.851,9.094,0.732,-2.747,177.012,55.421,161.906
-0.433,0.111,-0.728,2.38,-1.099,0.61,177.204,55.36,162.131
-0.404,0.136,-0.627,-1.953,-5.493,12.512,176.748,55.53,161.664
-0.297,0.16,-0.548,-1.892,-6.47,11.047,176.133,55.613,161.038
-0.432,0.168,-0.624,2.38,-5.859,7.08,175.622,55.904,160.499
-0.291,0.12,-0.591,1.587,-9.766,5.066,175.435,56.025,160.312
-0.444,0.149,-0.692,-0.671,-25.879,12.268,174.886,56.909,159.659
-0.857,0.196,-0.945,4.272,-27.527,8.606,174.298,58.266,158.901
-0.703,0.065,-0.9,12.512,-0.61,0.732,174.452,58.892,158.796
-1.005,0.078,-1.158,2.808,-27.1,-3.235,174.957,59.277,159.236
-0.887,-0.046,-1.141,19.958,53.833,-13.733,175.875,59.013,160.082
-0.316,-0.111,-0.949,2.319,35.522,-2.197,177.094,56.635,161.384
-0.466,0.002,-0.794,-8.423,0.244,14.832,176.633,56.118,160.884
-0.431,0.037,-0.63,-8.484,4.089,3.174,176.166,55.975,160.565
-0.45,0.054,-0.654,-2.991,13.367,-4.15,176.056,55.64,160.856
-0.232,-0.061,-0.643,-0.122,21.118,-20.325,176.649,54.701,161.922
-0.321,-0.091,-0.707,-7.141,7.202,-35.095,177.517,54.261,163.625
-0.258,-0.094,-0.631,-15.93,-15.503,-34.485,178.215,54.454,165.504
-0.472,0.06,-0.704,-14.221,-29.419,-19.348,178.297,55.761,166.657
-0.743,0.094,-0.911,5.188,-20.264,-14.648,178.704,57.052,167.596
-0.614,0.012,-0.994,12.39,9.338,-3.418,179.67,57.36,168.486
-0.986,0.169,-1.136,1.099,-15.442,21.362,179.462,57.964,168.074
-0.602,0.169,-0.98,3.845,44.861,26.672,178.759,56.81,166.97
-0.4,0.194,-0.988,12.817,18.738,12.512,178.445,55.047,166.042
-0.526,0.077,-0.9,14.221,11.047,-0.122,179.006,54.498,165.927
-0.356,0.08,-0.769,2.625,13.611,12.939,179.203,53.745,165.685
-0.263,0.133,-0.667,-3.601,0.977,21.667,178.566,53.295,164.625
-0.284,0.194,-0.634,-0.061,-11.963,19.47,177.715,53.388,163.284
-0.337,0.201,-0.647,7.69,-9.277,26.001,177.083,53.751,161.812
-0.291,0.186,-0.64,12.939,-16.357,25.146,176.561,54.146,160.071
-0.389,0.14,-0.705,9.583,-28.503,17.09,176.237,55.107,158.654
-0.794,0.139,-0.961,8.606,-30.09,10.315,175.941,56.492,157.67
-0.609,0.012,-0.872,9.705,-5.676,0.0,176.111,57.178,157.495
-1.128,0.056,-1.067,5.554,-20.386,-11.78,176.666,58.019,158.209
-0.68,-0.12,-1.044,15.381,50.659,-20.813,178.055,56.629,159.84
-0.437,-0.083,-1.041,5.31,23.865,-12.512,179.247,55.102,161.356
-0.456,-0.021,-0.798,5.981,11.23,-10.498,179.89,54.437,162.015
-0.327,-0.035,-0.618,3.723,6.592,-15.625,-179.302,53.959,162.944
-0.404,-0.073,-0.644,5.92,5.249,-16.296,-178.533,53.828,163.949
-0.267,-0.168,-0.624,-0.916,6.226,-18.86,-177.704,53.443,165.07
-0.281,-0.136,-0.568,-9.888,-8.545,-20.691,-177.259,53.564,166.097
-0.5,-0.08,-0.604,-18.066,-8.362,-19.287,-177.138,54.042,167.184
-0.289,-0.085,-0.729,-13.55,4.7,-14.343,-177.094,53.987,168.514
-0.596,0.052,-0.965,-12.634,-23.132,3.296,-177.495,54.569,168.926
-0.689,0.058,-1.089,-9.46,-2.136,17.395,-178.176,55.19,168.53
-1.11,0.205,-1.206,0.244,23.376,15.808,-179.121,55.129,167.706
-0.479,0.166,-1.199,-1.404,59.265,10.498,-179.478,52.498,167.552
-0.323,0.105,-1.098,6.165,15.198,2.991,-179.588,50.85,167.41
-0.407,0.061,-0.957,6.226,10.925,4.456,-179.456,50.328,167.25
-0.256,0.03,-0.738,4.883,-6.409,12.878,-179.489,50.131,166.663
-0.264,0.058,-0.6,1.404,-11.047,22.4,-179.879,50.559,165.52
-0.223,0.098,-0.529,2.686,-11.108,29.724,179.467,50.993,163.905
-0.315,0.145,-0.646,4.944,-13.184,34.79,178.704,51.394,161.955
-0.329,0.102,-0.719,11.475,-7.263,26.428,178.22,51.603,160.153
-0.295,0.098,-0.834,6.897,-21.729,24.292,177.896,51.982,158.643
-0.904,0.198,-1.034,8.484,-38.574,22.461,177.336,53.674,157.083
-0.546,-0.053,-0.871,16.235,12.878,5.066,177.545,54.091,156.451
-0.937,0.03,-0.989,-1.587,-32.471,-3.418,178.0,54.201,156.819
-0.682,-0.086,-1.075,9.644,49.927,-6.592,178.561,53.685,157.549
-0.338,-0.042,-1.063,-0.977,38.879,4.578,179.066,51.592,158.351
-0.285,0.05,-0.929,-1.587,10.803,18.372,178.753,50.367,157.747
-0.221,0.011,-0.696,-1.16,-4.395,3.113,178.566,50.153,157.044
-0.312,0.017,-0.605,-6.531,-23.071,-6.165,178.478,50.861,156.989
-0.408,-0.056,-0.593,-6.226,-17.395,-16.663,178.522,51.96,157.511
-0.422,-0.082,-0.629,-14.832,-15.198,-27.832,178.748,52.751,158.906
-0.475,-0.08,-0.655,-11.658,3.662,-29.785,179.055,53.251,160.834
-0.314,-0.052,-0.656,-20.203,1.648,-17.578,179.143,53.179,162.548
-0.509,0.114,-0.854,-17.822,-11.536,0.488,178.478,53.602,163.081
-0.694,0.215,-1.057,-4.15,-3.174,4.15,177.957,53.921,163.098
-0.769,0.246,-1.233,6.836,8.179,13.794,177.891,53.52,162.911
-0.536,0.135,-1.291,15.198,36.682,12.573,178.116,52.465,162.433
-0.254,0.107,-1.062,0.732,0.61,8.057,178.22,51.196,162.07
-0.577,0.111,-0.931,2.625,-3.723,2.808,178.011,51.564,161.636
-0.307,0.079,-0.72,3.235,11.963,-0.122,178.083,51.081,161.636
-0.337,0.101,-0.629,1.343,0.61,12.695,178.044,50.784,161.45
-0.342,0.143,-0.623,3.967,6.47,26.489,177.556,50.532,160.4
-0.322,0.167,-0.698,5.31,6.348,30.273,176.995,50.043,158.961
-0.323,0.191,-0.754,11.597,5.066,23.926,176.561,49.631,157.505
-0.32,0.139,-0.766,12.146,-5.859,10.132,176.616,49.576,156.676
-0.371,0.07,-0.824,10.193,-5.188,7.019,176.863,49.763,156.286
-0.641,0.057,-1.0,7.202,-12.329,17.639,176.792,50.356,155.594
-0.323,0.004,-0.812,2.502,-13.306,20.02,176.451,50.652,154.473
-1.271,0.162,-1.065,6.531,-33.691,13.062,176.237,52.388,153.682
-0.476,-0.036,-1.075,25.391,63.354,-2.136,177.237,50.257,154.023
-0.103,-0.131,-1.078,9.888,25.391,0.183,178.473,48.235,154.671
-0.302,-0.025,-0.864,-8.179,-10.681,13.306,178.237,48.181,153.743
-0.277,0.007,-0.638,-18.311,-9.094,2.686,177.643,48.378,152.974
-0.5,0.104,-0.743,-10.132,8.362,-6.531,176.935,48.582,152.71
-0.221,-0.044,-0.751,-3.906,24.536,-30.701,177.352,47.56,153.896
-0.132,-0.045,-0.643,-14.465,-7.874,-34.729,177.693,47.28,155.49
-0.269,-0.067,-0.6,-22.522,-35.583,-39.246,177.764,48.362,156.973
-0.429,-0.004,-0.716,-24.292,-26.794,-28.992,177.534,50.087,158.368
-0.785,0.165,-1.062,-21.79,-15.442,-2.014,176.819,51.438,159.093
-0.406,0.23,-1.006,-13.0,20.691,26.672,175.847,51.075,158.807
-0.931,0.479,-1.301,-6.653,-7.202,39.978,174.188,50.883,156.923
-0.389,0.34,-1.19,9.888,46.692,9.277,173.881,49.191,156.182
-0.281,0.235,-1.059,12.939,1.221,1.77,174.238,48.153,156.165
-0.447,0.078,-0.817,11.23,4.395,-5.432,174.798,48.224,156.275
-0.218,0.013,-0.583,-2.869,15.503,-1.221,174.996,47.505,156.599
-0.177,0.111,-0.572,-13.55,-8.667,10.01,174.309,47.401,156.231
-0.249,0.171,-0.605,-7.019,-15.381,19.409,173.43,47.955,155.193
-0.343,0.26,-0.732,-2.075,-12.146,34.79,172.414,48.312,153.397
-0.22,0.164,-0.719,7.935,-11.047,22.217,171.892,48.466,151.743
-0.53,0.209,-0.894,-9.277,-32.715,27.039,171.129,49.395,150.156
-0.603,0.211,-0.99,-5.798,-20.142,16.235,170.002,50.29,148.596
-0.849,0.206,-1.254,-5.859,-22.766,3.601,169.514,51.136,148.024
-0.706,0.158,-1.19,8.118,21.423,8.362,169.437,51.191,147.816
-0.437,0.126,-1.046,10.498,8.606,20.996,169.761,50.317,147.426
-0.486,0.14,-0.901,13.123,-5.554,42.053,169.722,50.037,145.657
-0.429,0.172,-0.687,21.118,-1.038,48.828,169.579,49.752,143.031
-0.447,0.235,-0.58,34.729,0.671,41.87,169.948,49.351,140.658
-0.405,0.109,-0.535,53.284,16.296,29.907,171.31,48.829,139.081
-0.252,-0.09,-0.617,50.537,13.672,20.386,173.441,47.988,138.279
-0.31,-0.241,-0.753,28.442,-2.441,20.874,175.204,47.84,137.038
-0.333,-0.138,-0.76,0.977,-3.784,29.419,175.501,47.823,134.511
-0.677,0.089,-0.946,-6.592,-12.512,34.607,174.996,48.021,131.671
-0.65,0.182,-1.307,8.118,20.325,49.011,174.732,47.39,128.947
-0.211,0.281,-1.293,3.54,39.001,96.375,173.804,45.148,124.766
-0.062,0.492,-1.307,19.348,3.723,119.873,172.183,43.198,118.372
-0.222,0.215,-1.063,34.973,-30.762,83.435,172.161,42.973,112.846
-0.327,0.195,-0.836,30.151,-36.194,70.251,172.189,43.89,108.243
-0.322,0.125,-0.715,33.997,-40.588,59.631,172.491,45.016,104.15
-0.383,0.131,-0.688,35.522,-35.156,60.364,172.859,46.384,100.217
-0.366,0.115,-0.71,29.175,-30.396,76.965,172.974,47.34,95.828
-0.588,0.216,-0.884,22.217,-34.851,99.915,172.194,48.274,90.192
-0.655,0.213,-1.083,39.795,5.249,105.713,171.326,48.197,83.661
-0.509,0.117,-1.158,50.11,10.742,107.361,171.475,46.846,77.294
-0.162,-0.092,-0.913,54.626,3.784,112.366,172.172,45.379,70.609
-0.23,-0.109,-0.693,32.776,-57.495,107.483,172.485,45.599,63.721
-0.849,0.054,-0.838,40.771,-66.65,94.482,172.123,48.296,56.744
-0.601,-0.108,-0.807,54.077,25.513,97.473,173.035,47.818,50.405
-0.344,-0.121,-0.835,46.448,22.461,110.84,173.925,45.879,43.819
-0.272,-0.106,-0.851,33.63,-3.967,103.821,174.331,44.808,37.189
-0.432,-0.002,-0.857,24.963,-19.897,88.867,174.293,44.973,31.223
-0.417,-0.068,-0.863,23.926,-18.494,67.688,174.496,45.396,26.274
-0.497,-0.051,-0.928,16.479,-22.034,53.04,174.6,46.121,22.225
-0.567,-0.018,-1.026,6.348,-17.639,41.504,174.523,46.862,18.891
-0.433,0.056,-0.999,4.578,8.362,29.541,174.265,47.093,16.188
-0.087,0.047,-0.908,-11.658,7.08,33.264,173.969,46.198,14.106
-0.359,0.303,-0.91,-20.386,-30.701,53.528,172.156,46.588,11.041
-0.488,0.348,-0.962,3.723,2.686,47.363,170.782,46.785,7.696
-0.209,0.327,-0.87,15.076,5.981,51.025,170.272,45.89,4.554
-0.184,0.268,-0.795,25.818,-14.771,47.485,170.239,45.489,1.379
-0.307,0.247,-0.708,27.344,-29.175,49.011,170.398,46.005,-1.846
-0.462,0.27,-0.708,29.724,-27.649,53.833,170.48,46.868,-5.466
-0.532,0.269,-0.774,29.785,-17.395,50.11,170.629,47.483,-9.25
-0.512,0.25,-0.864,29.419,-0.427,43.823,170.953,47.543,-12.651
-0.339,0.232,-0.906,25.879,6.226,38.269,171.321,47.093,-15.595
-0.205,0.146,-1.04,19.226,-8.789,31.189,171.733,46.785,-17.924
-0.439,0.245,-0.984,13.367,-35.645,50.293,171.2,47.862,-21.006
-0.694,0.186,-1.013,28.015,-15.137,50.598,170.969,48.752,-24.5
-0.259,-0.01,-0.875,38.452,1.526,36.804,171.826,48.285,-27.224
-0.332,-0.066,-0.805,27.283,-37.17,41.687,172.7,48.955,-29.603
-0.567,-0.031,-0.885,30.151,-0.244,57.739,173.101,49.735,-32.624
-0.324,-0.009,-0.879,27.588,17.944,66.528,173.397,48.669,-36.041
-0.169,0.024,-0.85,18.738,2.197,62.256,173.463,47.549,-39.441
-0.351,0.075,-0.861,17.822,-16.846,39.001,173.463,47.56,-42.177
-0.292,0.0,-0.78,16.235,-6.836,18.433,173.936,47.818,-43.72
-0.419,0.023,-0.815,7.996,-23.01,7.324,174.397,48.384,-44.467
-0.491,-0.039,-0.813,11.292,-14.954,-14.099,175.084,49.323,-44.478
-0.405,-0.132,-0.694,1.587,-13.184,-16.663,176.05,50.213,-43.643
-0.315,-0.087,-0.701,-13.794,-1.953,-8.85,176.385,50.647,-42.924
-0.315,0.023,-0.71,-24.17,-2.808,0.793,175.732,50.834,-42.715
-0.203,0.084,-0.648,-31.128,-10.925,-1.831,174.567,51.07,-42.709
-0.167,0.109,-0.636,-32.959,-35.4,-17.273,173.408,52.114,-42.193
-0.677,0.253,-0.733,-37.109,-69.702,-17.09,171.843,55.124,-41.841
-0.91,0.327,-0.956,-25.696,-22.522,-10.864,170.623,57.475,-41.841
-1.027,0.593,-1.12,-22.156,16.174,20.325,168.81,57.623,-43.017
-0.658,0.506,-1.194,9.705,58.96,-7.324,168.794,55.338,-43.363
-0.345,0.36,-1.094,19.47,39.612,-24.841,170.178,53.289,-42.319
-0.323,0.152,-0.84,12.939,5.371,-24.475,171.645,52.504,-41.199
-0.287,0.075,-0.628,0.977,-9.46,-23.132,172.469,52.762,-40.276
-0.42,0.146,-0.639,-9.827,-12.817,-9.949,172.458,53.465,-39.831
-0.323,0.188,-0.63,-7.507,9.583,1.77,172.051,53.476,-39.974
-0.245,0.243,-0.643,-5.31,-9.583,16.602,171.348,53.185,-40.88
-0.418,0.333,-0.695,-5.127,-30.09,29.419,170.079,53.97,-42.979
-0.476,0.333,-0.676,4.517,-21.79,14.343,168.964,54.943,-45.242
-0.438,0.287,-0.687,8.972,-22.583,4.15,168.646,55.833,-46.664
-0.706,0.264,-0.857,9.338,-23.743,7.324,168.53,56.992,-47.933
-0.742,0.247,-0.96,8.789,-9.033,7.751,168.376,57.568,-49.23
-1.056,0.216,-1.11,9.583,-24.536,-3.845,168.728,58.436,-49.834
-0.77,0.076,-0.972,24.719,26.489,-13.916,169.937,58.431,-49.702
-0.557,-0.033,-0.963,15.991,28.687,-8.118,171.766,57.288,-48.719
-0.333,0.023,-0.837,-4.211,20.996,20.447,171.865,56.019,-49.169
-0.318,0.111,-0.767,-10.071,2.93,13.794,171.129,55.349,-50.087
-0.447,0.125,-0.692,-12.268,-8.24,-1.709,170.574,55.508,-50.317
-0.36,0.066,-0.586,-10.742,-0.854,-14.832,170.425,55.761,-49.839
-0.466,0.084,-0.627,-16.174,-14.954,-18.86,170.365,56.332,-48.944
-0.382,0.022,-0.59,-11.353,2.625,-26.489,170.563,56.843,-47.758
-0.33,0.104,-0.585,-17.578,-7.629,-10.254,170.607,57.173,-46.681
-0.46,0.183,-0.765,-10.01,-13.733,-1.648,170.156,57.596,-46.582
-0.696,0.305,-0.983,-2.808,-7.935,3.906,169.755,58.184,-46.972
-0.676,0.397,-1.131,-1.404,7.812,31.677,169.118,57.953,-48.241
-0.891,0.5,-1.255,18.311,22.583,23.926,168.195,57.211,-50.532
-0.388,0.29,-1.029,20.752,28.442,-5.493,169.277,55.349,-50.806
-0.664,0.255,-0.978,9.644,-7.568,-2.258,169.915,55.184,-50.982
-0.465,0.131,-0.754,0.732,9.46,-17.822,170.447,55.003,-50.62
-0.458,0.192,-0.664,-11.292,-8.789,-10.803,170.42,55.333,-50.098
-0.353,0.213,-0.585,-6.287,-6.958,7.324,169.86,55.651,-50.559
-0.332,0.251,-0.535,-2.319,-17.7,19.531,168.953,56.19,-52.07
-0.387,0.309,-0.579,1.831,-20.142,30.09,167.849,56.777,-54.338
-0.445,0.283,-0.65,10.925,-6.897,26.733,166.948,57.025,-56.893
-0.459,0.25,-0.8,4.7,-15.076,15.808,166.503,57.09,-58.672
-0.823,0.339,-1.008,2.747,-18.677,21.912,165.575,58.008,-60.727
-0.616,0.191,-0.92,10.559,0.183,0.0,165.586,58.063,-61.749
-1.047,0.292,-1.1,17.822,11.658,3.235,166.02,58.376,-62.172
-0.511,0.064,-0.922,29.968,55.725,-11.292,167.899,56.569,-61.479
-0.291,-0.018,-0.847,7.324,14.893,9.949,169.453,54.838,-60.771
-0.471,0.15,-0.812,-0.671,2.625,28.015,169.003,54.426,-61.941
-0.362,0.156,-0.699,2.38,-0.427,21.423,168.679,53.866,-63.138
-0.448,0.165,-0.682,9.399,-4.7,16.357,168.393,53.893,-64.418
-0.321,0.03,-0.631,13.977,5.615,-10.193,169.085,53.74,-64.627
-0.453,0.001,-0.679,0.244,5.493,-19.958,169.991,53.849,-63.693
-0.249,-0.031,-0.599,-11.169,7.08,-29.114,170.766,53.597,-61.913
-0.362,0.08,-0.635,-16.479,-17.029,-13.916,170.717,54.305,-60.688
-0.497,0.146,-0.761,-11.902,-17.151,2.014,170.376,55.02,-60.447
-0.73,0.257,-0.956,-7.385,-22.278,10.376,169.678,55.981,-61.21
-1.093,0.45,-1.364,-5.493,5.005,26.917,168.81,56.14,-62.573
-0.659,0.369,-1.125,10.071,43.396,22.461,168.333,54.662,-64.105
-0.424,0.378,-1.169,7.629,43.579,8.24,168.602,52.295,-64.528
-0.312,0.195,-0.973,8.057,14.587,-14.221,169.338,51.015,-64.138
-0.332,0.193,-0.803,-5.92,-2.991,-3.113,169.563,50.773,-63.704
-0.35,0.24,-0.69,-3.113,-5.493,8.667,169.124,50.938,-64.138
-0.225,0.233,-0.543,0.0,-12.024,19.775,168.591,51.026,-65.226
-0.31,0.286,-0.585,1.709,-18.921,24.963,167.772,51.465,-67.077
-0.301,0.255,-0.644,8.24,-7.812,15.747,167.283,51.746,-68.824
-0.331,0.249,-0.68,0.366,-27.344,6.47,166.943,52.262,-70.065
-0.417,0.206,-0.751,-5.859,-28.015,-5.737,166.481,53.503,-70.851
-0.792,0.347,-0.873,-9.949,-30.823,0.061,165.641,55.212,-71.483
-0.5,0.216,-0.752,-5.798,-6.287,-8.911,165.361,55.816,-71.642
-1.19,0.422,-1.139,-0.61,-0.61,-3.662,165.031,56.667,-71.669
-0.393,0.095,-0.919,14.526,44.189,-25.757,166.668,54.981,-70.17
-0.529,0.205,-0.97,-4.089,-6.653,-0.977,167.151,54.849,-69.357
-0.495,0.153,-0.825,1.892,6.287,-4.761,167.388,54.717,-69.225
-0.499,0.193,-0.756,2.136,-0.916,-7.812,167.745,54.772,-68.769
-0.471,0.119,-0.685,5.249,3.296,-13.184,168.333,54.849,-68.214
-0.361,0.028,-0.598,1.648,-1.404,-24.719,169.211,55.025,-67.028
-0.319,0.002,-0.537,-6.226,6.714,-29.297,169.942,55.47,-65.446
-0.389,0.054,-0.666,-13.916,-0.977,-27.893,170.53,55.635,-63.545
-0.321,0.041,-0.675,-10.925,-7.69,-24.536,170.881,55.964,-61.913
-0.466,0.106,-0.813,-4.761,-19.958,-21.545,171.189,56.97,-60.606
-0.568,0.176,-0.855,3.845,-21.606,-16.724,171.799,58.107,-59.612
-0.811,0.227,-0.975,9.827,-16.968,-13.916,172.612,59.183,-58.843
-0.883,0.292,-1.079,16.296,18.799,12.39,173.112,59.376,-59.079
-0.723,0.292,-1.152,17.029,33.264,26.062,173.425,57.881,-60.189
-0.399,0.226,-1.009,21.729,27.1,14.709,173.716,56.019,-61.49
-0.393,0.147,-0.857,10.925,-1.953,-2.258,174.326,55.536,-61.782
-0.408,0.075,-0.686,3.052,-18.005,-10.193,174.721,56.091,-61.54
-0.441,0.138,-0.616,-6.897,-12.695,2.441,174.49,56.882,-61.54
-0.29,0.231,-0.549,-1.953,-15.625,25.146,173.617,57.277,-62.71
-0.355,0.303,-0.595,13.306,-34.729,47.668,172.304,58.189,-65.671
-0.521,0.268,-0.629,24.17,-33.997,45.715,171.167,59.42,-69.467
-0.402,0.144,-0.559,18.494,-26.55,24.17,170.689,60.342,-72.213
-0.724,0.104,-0.791,-4.517,-39.429,3.723,170.145,61.88,-73.581
-0.768,0.188,-0.862,-21.179,-5.554,-3.723,169.151,62.902,-73.878
-1.135,0.296,-1.222,-14.404,-27.71,-12.024,168.514,63.616,-73.542
-1.016,0.162,-1.087,13.977,43.213,-16.235,169.069,63.891,-72.801
-0.588,0.086,-1.02,11.963,40.466,-6.409,170.793,61.946,-71.285
-0.461,0.101,-0.885,7.568,14.221,15.625,171.255,60.584,-71.307
-0.388,0.091,-0.69,-1.038,-16.602,13.916,171.035,60.392,-72.032
-0.599,0.142,-0.649,-1.77,-26.917,8.667,170.332,61.485,-72.955
-0.441,0.038,-0.488,-2.319,-17.883,-11.353,170.272,62.468,-73.021
-0.666,0.03,-0.629,-4.822,-14.954,-28.076,170.788,63.611,-71.889
-0.466,-0.061,-0.547,-9.521,10.742,-31.433,172.013,63.77,-69.604
-0.482,0.016,-0.569,-18.127,-11.536,-18.738,172.392,64.166,-67.874
-0.562,0.079,-0.601,-11.78,-9.277,-14.648,172.491,64.88,-66.709
-0.739,0.056,-0.793,7.568,-3.479,-20.386,173.216,65.402,-65.566
-0.646,-0.002,-0.778,7.812,-9.155,-11.658,174.677,65.731,-64.226
-0.783,0.14,-0.864,-2.93,-13.489,20.447,174.408,66.352,-64.77
-1.212,0.265,-1.01,-2.014,-8.362,18.616,173.265,66.934,-66.248
-0.717,0.307,-0.807,-6.836,39.062,39.246,171.898,65.429,-68.022
-0.597,0.332,-0.771,4.883,9.46,29.724,170.349,63.968,-70.329
-0.492,0.307,-0.645,10.62,8.24,30.396,169.453,63.27,-72.383
-0.473,0.263,-0.586,20.142,-1.709,25.085,169.036,62.721,-74.35
-0.459,0.237,-0.531,26.489,-3.845,31.738,168.816,62.633,-76.564
-0.493,0.277,-0.583,30.273,-12.817,36.377,168.629,62.468,-79.118
-0.487,0.201,-0.557,34.912,-7.874,36.804,168.481,62.726,-82.068
-0.358,0.142,-0.521,22.217,-22.766,20.447,168.47,62.913,-84.342
-0.686,0.167,-0.762,14.954,-23.926,2.625,168.47,64.05,-85.644
-0.923,0.179,-0.887,7.568,-20.325,-2.686,168.712,65.209,-85.984
-0.713,0.063,-0.862,6.836,4.639,-7.751,169.288,65.517,-85.605
-1.11,0.201,-0.958,7.324,-18.799,-8.301,169.541,66.599,-85.254
-0.744,0.019,-0.823,22.4,36.926,-17.212,171.524,65.726,-83.694
-0.766,0.052,-0.925,13.977,28.076,14.099,172.595,64.484,-83.161
-0.386,0.023,-0.721,7.507,28.381,20.63,172.733,62.611,-83.705
-0.43,0.096,-0.671,-1.404,-6.409,17.7,172.271,62.21,-84.419
-0.409,0.056,-0.585,-2.625,-2.869,2.747,171.931,62.325,-84.694
-0.449,-0.0,-0.549,-3.479,-6.287,-19.653,172.304,62.655,-83.721
-0.504,-0.011,-0.574,-10.864,-3.845,-25.146,173.007,63.094,-81.903
-0.442,-0.034,-0.546,-14.648,-4.089,-29.907,173.716,63.43,-79.711
-0.397,0.0,-0.515,-20.264,-21.545,-27.832,174.205,64.232,-77.47
-0.824,0.133,-0.728,-24.414,-38.147,-18.25,174.001,66.088,-75.894
-0.872,0.218,-0.755,-19.043,-8.789,-6.165,173.408,67.5,-75.119
-0.876,0.446,-0.851,-21.79,-13.245,30.945,171.755,67.698,-75.97
-1.162,0.521,-1.093,16.357,32.349,20.264,169.849,67.302,-78.393
-0.658,0.289,-0.994,25.696,46.265,-15.137,171.431,64.973,-77.855
-0.561,0.125,-0.912,17.273,10.315,-11.414,172.936,63.869,-77.069
-0.534,0.045,-0.722,3.113,-5.676,-26.245,174.084,64.023,-75.844
-0.468,0.073,-0.562,-10.254,-20.142,-12.939,174.468,64.764,-74.669
-0.435,0.107,-0.46,-13.855,-20.813,1.038,173.743,65.83,-74.658
-0.438,0.175,-0.458,-14.893,-24.292,13.977,172.447,66.709,-75.438
-0.545,0.228,-0.497,-8.118,-12.207,20.081,170.673,67.423,-77.151
-0.651,0.204,-0.637,-3.174,-8.301,3.967,169.788,67.626,-78.129
-0.99,0.224,-0.857,0.671,-8.362,6.531,169.167,68.181,-78.81
-0.611,0.02,-0.84,12.695,7.935,-3.967,169.541,67.852,-78.882
-1.279,0.113,-1.042,14.465,-10.132,-0.061,169.656,69.285,-79.102
-0.757,-0.033,-0.801,20.325,41.016,7.202,171.101,67.934,-78.393
-0.791,0.04,-0.906,10.193,22.461,50.72,170.925,66.297,-79.596
-0.645,0.093,-0.76,16.602,19.043,52.673,169.739,64.836,-82.26
-0.56,0.125,-0.646,24.292,16.113,55.237,168.986,63.468,-84.88
-0.45,0.06,-0.525,26.55,7.446,44.128,168.602,62.397,-87.402
-0.317,-0.022,-0.434,25.208,0.061,21.362,168.953,61.924,-88.802
-0.559,0.004,-0.582,13.55,-15.686,14.099,169.53,62.281,-89.275
-0.614,0.085,-0.589,14.038,-6.531,16.541,169.568,62.897,-89.89
-0.45,0.042,-0.542,18.372,-9.827,19.836,170.002,63.116,-90.456
-0.643,0.104,-0.789,19.104,-32.471,35.034,169.832,63.979,-91.994
-0.867,0.262,-0.979,25.757,-30.151,50.842,168.821,65.286,-94.955
-0.771,0.262,-0.874,27.954,-35.583,58.777,167.618,66.171,-98.619
-1.164,0.467,-1.053,31.616,-13.0,79.163,165.487,66.489,-103.469
-0.866,0.356,-0.94,46.082,19.592,62.439,164.855,64.951,-107.309
-0.625,0.298,-0.853,49.011,22.4,65.369,164.965,62.985,-110.506
-0.448,0.188,-0.698,45.41,-7.935,56.213,165.157,61.76,-113.681
-0.44,0.189,-0.589,40.649,-26.917,61.157,165.048,61.765,-117.021
-0.434,0.235,-0.512,41.687,-37.048,76.599,164.136,62.221,-121.421
-0.61,0.284,-0.618,41.809,-48.462,86.304,162.708,62.842,-126.76
-0.92,0.369,-0.837,56.641,-30.334,90.21,161.049,63.254,-132.715
-1.0,0.304,-0.936,61.707,-15.808,95.825,160.428,62.644,-138.076
-0.585,0.143,-0.747,75.378,2.136,98.694,160.247,61.133,-143.35
-0.559,0.053,-0.724,76.599,-27.283,85.449,160.944,60.051,-148.041
-0.766,-0.01,-0.786,81.116,-25.269,73.12,162.136,60.298,-152.133
-0.663,-0.057,-0.747,76.477,1.648,88.806,163.504,59.634,-155.819
-0.5,-0.038,-0.711,64.026,4.15,101.501,164.174,58.134,-159.961
-0.503,0.03,-0.72,56.03,-8.179,95.337,164.383,57.063,-164.202
-0.582,0.048,-0.69,49.622,-20.203,78.186,164.553,56.832,-167.953
-0.605,0.001,-0.705,39.246,-16.174,62.073,164.938,57.008,-170.651
-0.63,0.041,-0.738,31.372,-13.428,54.199,164.85,57.228,-172.958
-0.665,0.015,-0.833,26.489,0.0,30.273,165.416,57.233,-173.837
-0.635,0.074,-0.878,16.846,0.916,28.015,165.855,57.068,-174.161
-0.569,0.149,-0.948,5.676,9.583,18.311,166.031,56.722,-174.172
-0.382,0.202,-0.826,-2.197,3.174,11.597,165.959,56.409,-173.936
-0.384,0.288,-0.822,-10.376,-15.503,26.184,165.383,56.31,-174.243
-0.641,0.396,-0.875,5.31,-4.639,33.447,164.18,56.448,-175.886
-0.444,0.334,-0.822,21.057,15.503,33.875,164.009,55.486,-177.166
-0.335,0.229,-0.759,30.823,2.136,36.926,164.476,54.382,-178.566
-0.454,0.237,-0.747,32.959,-7.507,42.908,164.883,53.926,179.418
-0.433,0.246,-0.727,32.593,-5.127,45.471,165.311,53.531,177.292
-0.459,0.248,-0.75,32.349,-9.094,47.18,165.652,53.185,175.034
-0.438,0.295,-0.805,29.907,-7.507,46.997,165.817,52.839,172.7
-0.453,0.302,-0.862,30.945,-14.465,43.945,166.042,52.734,170.469
-0.435,0.287,-0.858,32.043,-22.949,47.18,166.212,52.954,167.986
-0.689,0.308,-1.042,32.288,-36.011,50.232,166.273,53.701,165.19
-0.684,0.22,-1.058,36.987,-15.747,55.542,166.295,54.174,162.202
-0.402,0.106,-0.805,37.903,-15.442,55.42,166.437,54.218,159.335
-0.595,-0.006,-0.804,37.659,-37.598,43.152,167.02,54.877,156.786
-0.669,-0.047,-0.809,43.64,-17.029,36.255,167.932,55.986,154.841
-0.595,-0.013,-0.833,43.335,17.761,53.65,168.975,55.662,153.155
-0.351,-0.005,-0.791,38.757,29.663,58.899,169.871,53.926,151.073
-0.251,0.003,-0.826,36.072,16.296,47.607,170.722,52.245,148.607
-0.277,-0.065,-0.798,22.949,-2.197,30.029,171.628,51.482,146.239
-0.414,-0.066,-0.818,12.939,-2.991,6.042,172.337,51.378,144.597
-0.336,-0.099,-0.74,-0.305,-6.104,-9.216,173.156,51.383,144.13
-0.375,-0.06,-0.67,-13.306,-16.846,-9.216,173.32,51.938,143.712
-0.429,0.004,-0.691,-19.775,-14.771,-15.625,173.134,52.707,143.597
-0.307,0.01,-0.636,-17.883,-14.526,-16.602,172.98,53.443,144.064
-0.263,0.061,-0.578,-21.79,-34.851,-9.094,172.375,54.816,144.058
-0.751,0.165,-0.878,-24.109,-54.077,-10.254,171.53,57.112,144.003
-0.97,0.271,-1.141,-13.062,-2.869,-19.836,171.068,58.771,145.129
-0.924,0.438,-1.251,-8.484,25.696,3.357,170.684,58.195,146.332
-0.6,0.438,-1.241,4.15,50.964,-1.953,170.76,56.008,147.305
-0.265,0.25,-0.953,20.325,17.395,-25.513,172.09,54.492,149.03
-0.433,0.083,-0.803,14.16,-16.724,-27.832,173.535,54.926,150.59
-0.333,0.042,-0.608,-5.554,-9.827,-18.86,174.353,55.574,152.045
-0.369,0.123,-0.569,-12.39,-21.606,-6.775,174.073,56.382,152.699
-0.439,0.245,-0.621,-12.451,-16.968,9.277,173.21,57.316,152.639
-0.388,0.327,-0.652,-2.075,-18.921,26.489,172.024,57.794,151.655
-0.545,0.311,-0.723,15.869,-22.949,20.203,171.112,58.634,150.128
-0.354,0.244,-0.6,12.39,-36.316,20.63,170.76,59.513,148.925
-0.57,0.179,-0.599,13.794,-48.706,5.188,170.239,61.545,147.645
-0.854,0.133,-0.745,4.456,-36.743,-1.465,170.239,63.556,147.524
-0.948,0.129,-0.874,-2.136,-4.517,16.785,169.739,64.429,147.448
-1.027,0.106,-1.208,-0.061,14.099,31.189,168.805,63.814,146.761
-0.828,0.259,-1.075,14.038,29.541,28.87,167.827,62.957,145.569
-0.474,0.059,-0.861,25.879,14.16,-5.249,169.124,61.595,146.157
-0.641,0.05,-0.794,10.01,2.014,7.446,169.98,61.6,146.376
-0.499,0.056,-0.656,0.488,1.648,4.639,170.167,61.353,146.299
-0.521,0.082,-0.619,-3.235,-1.709,-2.319,170.134,61.447,146.453
-0.61,0.045,-0.695,-0.183,8.545,-20.996,170.744,61.496,147.634
-0.528,-0.017,-0.693,-3.174,16.846,-25.879,171.909,61.095,149.854
-0.559,0.013,-0.709,-12.268,-1.16,-16.846,172.502,61.062,151.567
-0.552,0.05,-0.69,-13.0,2.014,-7.69,172.513,61.221,152.611
-0.486,0.037,-0.646,-14.587,-0.244,-11.108,172.436,61.26,153.572
-0.417,0.052,-0.589,-19.836,0.0,-9.155,172.145,61.479,154.539
-0.363,0.136,-0.574,-29.724,-14.587,2.93,171.2,61.809,154.973
-0.645,0.291,-0.726,-25.513,-34.851,15.564,169.272,62.798,154.127
-0.664,0.34,-0.681,-8.972,-23.865,11.536,167.388,64.292,152.902
-1.148,0.467,-0.887,0.916,-25.452,16.602,166.251,65.226,152.078
-0.77,0.285,-0.901,21.362,50.842,3.967,166.597,64.204,152.303
-0.73,0.312,-1.039,17.944,16.357,12.085,167.311,62.71,152.693
-0.589,0.187,-0.87,15.381,12.329,2.625,168.146,61.76,152.891
-0.676,0.249,-0.824,13.977,9.46,17.273,168.398,61.293,152.507
-0.513,0.221,-0.694,10.62,-2.441,18.738,168.322,60.804,151.633
-0.551,0.217,-0.662,9.46,-1.892,14.893,168.102,60.815,150.782
-0.47,0.214,-0.59,8.362,-0.549,5.554,168.091,60.71,150.529
-0.437,0.166,-0.604,10.803,10.742,-2.136,168.585,60.436,150.941
-0.336,0.17,-0.59,6.653,3.418,5.554,168.898,60.007,151.139
-0.415,0.205,-0.601,1.648,-15.503,9.766,168.596,60.276,150.507
-0.522,0.228,-0.653,0.061,-12.207,4.944,168.074,60.87,149.821
-0.559,0.228,-0.749,-4.639,-16.479,-7.202,167.855,61.359,149.859
-0.896,0.277,-0.943,-5.676,-15.625,-9.338,167.509,62.419,150.117
-0.588,0.127,-0.805,-0.488,3.296,-24.902,167.937,62.82,151.381
-1.23,0.322,-1.028,-7.263,-27.344,-9.277,168.025,64.111,152.468
-0.571,0.051,-0.665,18.494,42.175,-29.541,169.409,63.55,154.435
-0.498,0.026,-0.792,-8.972,-1.099,-1.587,170.876,62.693,156.533
-0.737,0.226,-0.873,-4.944,24.048,21.118,169.799,62.238,155.753
-0.376,0.147,-0.73,2.625,21.729,-6.531,170.035,60.771,156.099
-0.402,0.044,-0.664,2.563,-7.202,-17.334,170.782,60.743,156.846
-0.62,0.048,-0.706,-3.052,-6.104,-17.334,171.387,61.315,157.61
-0.464,-0.04,-0.667,-2.075,10.62,-24.719,172.293,61.194,158.945
-0.507,-0.033,-0.64,-17.334,-12.512,-20.203,172.886,61.414,160.291
-0.504,0.022,-0.591,-15.869,-4.15,-17.7,172.892,61.974,161.34
-0.589,0.076,-0.634,-16.052,-2.075,-11.658,172.848,62.32,162.532
-0.365,0.041,-0.562,-17.578,-4.395,-6.714,172.716,62.303,163.553
-0.79,0.157,-0.808,-20.935,-26.245,-1.465,171.832,63.237,163.641
-0.759,0.156,-0.741,-19.653,-18.005,-6.165,170.969,64.402,164.031
-1.124,0.39,-1.16,-22.4,7.324,12.207,169.843,64.748,164.383
-0.807,0.409,-1.057,2.93,59.387,17.212,168.805,63.358,164.097
-0.337,0.388,-1.01,6.836,31.189,5.31,169.047,60.474,164.399
-0.616,0.283,-0.944,14.893,-7.874,-9.827,169.492,60.222,164.328
-0.625,0.204,-0.816,3.174,-0.488,-18.677,170.299,60.48,164.993
-0.552,0.176,-0.722,-1.709,2.197,-17.639,170.848,60.579,166.053
-0.444,0.179,-0.602,-5.615,-7.019,-14.038,171.041,60.804,166.976
-0.515,0.202,-0.601,-2.075,-9.644,-5.31,170.931,61.348,167.382
-0.422,0.198,-0.54,-0.122,-3.174,9.094,170.579,61.584,167.179
-0.466,0.261,-0.585,7.263,-9.216,18.555,169.898,61.661,166.146
-0.521,0.214,-0.623,16.479,-6.897,20.264,169.585,61.864,164.905
-0.541,0.245,-0.667,15.991,-10.742,23.01,169.211,62.018,163.416
-0.553,0.202,-0.739,13.0,-11.78,13.062,169.03,62.249,162.257
-0.867,0.225,-0.891,8.606,-24.841,-0.427,168.92,63.298,161.631
-0.657,0.07,-0.775,-0.122,0.122,-29.602,169.695,64.006,162.79
-0.936,0.116,-0.813,-10.864,-19.287,-24.902,170.381,65.028,164.696
-0.818,0.12,-0.819,-1.831,15.137,-16.663,171.057,65.176,166.492
-0.708,0.128,-0.806,6.592,21.973,13.306,171.497,64.385,167.245
-0.55,0.102,-0.774,19.348,26.306,25.574,171.541,63.078,166.531
-0.474,0.086,-0.748,19.958,11.475,30.579,171.711,61.809,165.251
-0.454,0.023,-0.659,18.738,3.967,13.794,171.931,61.276,163.878
-0.472,-0.035,-0.619,6.226,-4.578,-11.719,172.787,61.199,163.905
-0.54,-0.083,-0.631,-3.784,6.775,-28.992,173.738,61.425,165.168
-0.463,-0.149,-0.631,-22.522,18.982,-45.41,174.99,60.93,168.096
-0.351,-0.0,-0.609,-33.63,-1.221,-39.917,175.353,60.815,170.936
-0.445,0.059,-0.609,-25.146,-15.991,-43.03,175.721,61.606,173.392
-0.609,0.064,-0.725,-11.23,-18.188,-33.325,176.484,62.639,175.699
-0.882,0.103,-0.915,-6.226,-18.677,-3.357,176.77,63.638,176.754
-0.945,0.208,-1.09,4.333,14.038,21.851,176.353,63.82,176.309
-0.857,0.257,-1.085,20.02,21.606,28.87,175.71,62.836,174.727
-0.668,0.258,-1.046,21.484,34.668,21.973,175.809,61.188,173.529
-0.523,0.111,-0.908,20.142,7.141,6.775,176.336,60.029,172.744
-0.497,0.034,-0.792,6.958,5.005,5.798,176.759,59.771,172.37
-0.456,0.089,-0.692,-3.479,-6.653,15.564,176.364,59.694,171.579
-0.446,0.195,-0.659,-2.625,-7.08,24.475,175.364,59.843,170.151
-0.424,0.204,-0.614,2.319,-10.803,25.696,174.375,60.068,168.475
-0.463,0.241,-0.637,8.301,-8.85,27.344,173.463,60.326,166.685
-0.473,0.216,-0.683,15.564,-4.578,24.048,172.87,60.337,164.938
-0.401,0.172,-0.662,12.573,-17.212,22.156,172.551,60.546,163.394
-0.494,0.162,-0.658,6.653,-29.297,16.418,171.92,61.534,161.757
-0.756,0.193,-0.874,-1.648,-39.307,5.188,171.321,62.979,160.763
-0.946,0.163,-0.947,-1.465,-28.564,-5.859,170.859,64.726,160.389
-0.609,0.041,-0.681,-4.272,-9.583,-25.024,171.337,65.786,161.537
-1.208,0.093,-0.946,-4.761,-14.465,-34.851,172.266,67.094,163.647
-0.851,0.048,-0.889,1.648,52.795,-25.757,173.936,65.874,166.525
-0.495,-0.002,-0.824,2.686,36.865,-5.981,175.018,63.616,168.234
-0.463,-0.002,-0.745,-5.798,7.507,3.784,175.144,62.836,168.558
-0.476,0.042,-0.685,-12.756,-7.751,10.315,174.49,62.765,168.063
-0.571,0.083,-0.6,-15.381,-14.587,0.549,173.502,63.463,167.536
-0.585,0.048,-0.601,-8.423,-1.587,-19.348,173.381,63.907,168.267
-0.567,-0.037,-0.637,-3.845,22.034,-31.128,174.348,63.754,170.365
-0.422,-0.125,-0.61,-11.902,9.46,-32.471,175.611,63.018,172.98
-0.541,-0.078,-0.671,-23.499,-9.888,-29.907,176.182,63.43,175.166
-0.564,-0.004,-0.666,-26.55,-3.845,-26.855,176.407,63.968,177.314
-0.511,0.069,-0.696,-31.128,-6.226,-12.329,176.171,64.105,178.951
-0.756,0.216,-0.831,-22.583,-20.813,-3.052,175.067,64.924,179.313
-0.586,0.205,-0.691,-18.738,-12.268,12.451,173.936,65.693,179.044
-1.122,0.401,-0.886,3.235,-19.897,24.719,171.958,66.478,177.177
-0.873,0.246,-0.916,11.963,31.921,7.751,172.112,65.462,176.759
-0.694,0.236,-0.92,4.944,35.156,21.24,171.848,63.721,176.105
-0.465,0.152,-0.825,-7.935,13.977,0.916,171.475,62.419,175.781
-0.567,0.217,-0.741,-18.982,2.747,-1.282,170.7,62.26,175.88
-0.512,0.272,-0.678,-16.357,0.549,5.859,169.612,62.062,175.66
-0.425,0.307,-0.583,-7.568,-11.536,15.076,168.415,62.161,174.749
-0.54,0.314,-0.579,5.066,-19.47,22.461,167.228,62.704,173.051
-0.535,0.308,-0.581,9.033,-15.686,17.029,166.432,63.122,171.447
-0.559,0.286,-0.624,13.245,-8.545,1.526,166.141,63.561,170.469
-0.518,0.228,-0.606,6.958,-15.503,-5.554,166.459,64.133,170.469
-0.496,0.155,-0.573,-1.526,-27.1,-4.7,166.284,65.16,170.288
-0.882,0.244,-0.783,-6.592,-35.156,-9.644,165.789,66.786,170.14
-0.911,0.18,-0.768,-0.671,-12.634,-15.625,165.762,68.181,170.601
-0.729,0.077,-0.848,4.089,1.587,-26.428,166.816,68.445,172.205
-1.012,0.14,-0.906,-1.282,-25.452,-14.099,167.651,70.032,173.524
-0.902,0.141,-0.756,17.883,11.536,0.122,168.3,70.263,174.001
-0.757,0.074,-0.712,17.273,20.142,14.16,169.217,69.258,174.144
-0.572,0.075,-0.63,13.977,19.531,23.376,169.294,68.115,173.381
-0.405,0.035,-0.538,6.042,-4.395,16.418,169.156,67.5,172.496
-0.593,0.06,-0.551,-4.15,-26.428,3.723,168.695,68.472,171.815
-0.565,0.021,-0.507,-4.211,-12.39,-11.78,168.81,69.379,172.299
-0.646,0.004,-0.543,-7.019,-14.526,-21.912,169.486,70.323,173.782
-0.597,0.024,-0.529,-2.808,-2.93,-14.526,170.431,70.983,175.523
-0.512,0.097,-0.505,1.465,-4.028,20.142,170.436,71.136,175.627
-0.685,0.153,-0.633,2.441,-26.245,34.973,169.091,71.389,173.611
-0.948,0.283,-0.775,2.258,-8.667,39.795,167.124,72.092,170.782
-0.906,0.479,-0.922,0.366,-1.892,52.856,164.833,71.235,167.701
-1.204,0.495,-1.021,16.235,-3.906,33.875,162.828,71.087,164.432
-0.834,0.515,-0.854,23.804,24.414,31.921,162.312,69.741,162.658
-0.694,0.301,-0.729,35.889,0.183,11.23,162.817,68.747,161.384
-0.668,0.193,-0.607,29.663,-14.221,6.653,163.85,69.038,160.697
-0.662,0.156,-0.548,18.188,-14.16,16.968,164.152,69.51,159.631
-0.468,0.19,-0.417,14.16,-2.563,29.419,163.575,69.478,157.972
-0.47,0.309,-0.458,13.916,-7.996,46.509,162.164,69.066,155.231
-0.454,0.296,-0.45,32.166,1.465,38.757,161.235,68.384,152.369
-0.462,0.268,-0.482,34.363,-9.277,40.283,160.862,67.835,149.7
-0.595,0.207,-0.567,27.771,-19.165,28.625,160.527,67.846,147.162
-1.035,0.243,-0.76,14.893,-22.766,27.832,159.659,68.533,144.772
-0.783,0.202,-0.668,11.108,18.311,13.062,159.434,68.148,143.789
-1.205,0.353,-0.865,6.653,-8.301,12.329,159.434,67.972,143.421
-0.704,0.253,-0.697,34.973,45.41,13.123,160.681,66.264,143.674
-0.561,0.132,-0.663,35.583,23.438,30.029,162.312,64.429,143.377
-0.493,0.125,-0.577,29.785,3.784,45.776,162.729,63.309,141.295
-0.43,0.118,-0.501,24.902,-1.465,45.349,162.543,62.556,138.466
-0.444,0.126,-0.465,17.517,-15.198,39.307,162.048,62.353,135.566
-0.567,0.134,-0.547,18.066,-12.756,21.301,161.796,62.639,133.253
-0.508,0.127,-0.607,22.583,-0.122,28.137,162.175,62.567,131.627
-0.531,0.173,-0.727,26.001,-14.587,39.185,162.092,62.479,128.93
-0.72,0.328,-0.897,32.166,-28.564,51.27,161.581,62.946,125.112
-0.517,0.318,-0.752,33.203,-49.255,79.163,160.538,63.215,119.872
-1.212,0.653,-1.015,35.889,-52.612,117.554,157.022,64.127,111.495
-0.844,0.56,-0.853,58.289,-0.366,97.534,155.391,62.32,104.579
-0.775,0.474,-0.837,61.646,-5.92,79.163,155.407,60.727,99.305
-0.487,0.258,-0.673,66.956,3.845,46.509,156.78,59.425,95.427
-0.394,0.178,-0.613,50.903,-16.968,36.072,158.434,59.057,92.291
-0.458,0.219,-0.578,44.128,-25.696,44.312,159.093,59.392,88.314
-0.517,0.3,-0.62,38.391,-26.978,56.641,159.126,59.639,83.716
-0.688,0.434,-0.806,43.762,-14.771,68.115,158.665,59.354,78.354
-0.72,0.346,-0.892,45.166,-17.7,59.265,158.895,58.755,73.416
-0.705,0.275,-0.853,43.884,-9.338,66.895,158.802,58.37,68.077
-0.554,0.184,-0.752,45.837,-6.47,58.838,159.159,57.502,63.04
-0.504,0.095,-0.687,52.063,-18.677,59.326,160.021,56.882,58.26
-0.674,0.146,-0.737,59.021,-25.513,74.768,160.697,56.882,52.657
-0.677,0.138,-0.782,70.251,-6.958,87.952,161.675,56.228,46.472
-0.521,0.078,-0.747,67.261,-4.028,87.036,163.037,54.992,40.276
-0.512,0.059,-0.725,56.152,-19.653,75.928,164.048,54.382,34.349
-0.669,0.077,-0.742,44.556,-26.367,65.002,164.751,54.646,29.004
-0.627,0.019,-0.727,41.26,-12.085,59.692,165.438,54.712,24.159
-0.554,0.036,-0.735,35.156,-11.475,56.824,165.97,54.608,19.671
-0.61,0.046,-0.868,36.011,-3.479,42.297,166.718,54.437,15.864
-0.512,0.078,-0.96,21.851,-11.597,31.86,167.58,54.289,12.997
-0.6,0.206,-0.886,17.517,-26.489,23.193,167.629,55.278,10.157
-0.511,0.194,-0.869,5.737,-2.563,27.649,167.816,55.377,8.004
-0.532,0.249,-0.892,8.728,6.042,24.597,167.206,55.168,5.306
-0.415,0.266,-0.871,9.033,13.55,25.574,167.162,54.272,3.428
-0.341,0.215,-0.817,15.869,4.15,32.166,167.119,53.355,1.198
-0.393,0.248,-0.771,19.897,-4.761,39.062,167.025,52.905,-1.456
-0.401,0.241,-0.757,20.691,-7.812,46.753,166.899,52.564,-4.565
-0.454,0.273,-0.745,19.653,-18.372,47.119,166.564,52.509,-8.009
-0.53,0.312,-0.772,21.057,-10.803,45.288,166.157,52.652,-11.569
-0.479,0.342,-0.811,23.743,-11.047,44.25,166.014,52.52,-14.854
-0.421,0.336,-0.814,27.1,-14.16,46.692,165.894,52.509,-18.364
-0.505,0.352,-0.944,27.405,-22.949,47.485,165.822,52.723,-21.885
-0.661,0.358,-0.995,33.386,-21.24,53.04,165.526,53.295,-25.933
-0.526,0.248,-0.894,35.339,-10.681,48.889,165.767,53.267,-29.504
-0.345,0.092,-0.785,43.152,-12.878,40.833,166.47,53.113,-32.629
-0.392,0.021,-0.779,38.696,-31.372,35.278,167.432,53.844,-35.316
-0.466,0.019,-0.866,32.898,-29.968,42.664,168.107,54.641,-38.057
-0.576,0.059,-0.881,31.738,-10.803,41.138,168.53,55.118,-40.836
-0.395,0.072,-0.803,25.513,-8.545,37.415,169.052,54.921,-43.11
-0.474,0.059,-0.788,24.597,-4.333,22.827,169.574,54.981,-44.973
-0.46,0.042,-0.766,15.93,-10.742,14.648,170.288,55.058,-46.066
-0.481,0.026,-0.759,16.357,2.625,5.737,170.925,55.228,-46.769
-0.336,-0.062,-0.741,7.446,-3.845,-2.38,171.87,55.025,-46.73
-0.419,-0.001,-0.653,-4.761,-14.038,-3.479,172.057,55.69,-46.73
-0.424,-0.009,-0.58,-13.428,-22.278,-18.982,172.227,56.569,-46.099
-0.448,0.038,-0.572,-18.066,-10.681,-15.259,172.161,57.667,-45.236
-0.376,0.092,-0.599,-20.996,-18.066,-10.742,171.788,58.442,-44.632
-0.695,0.225,-0.839,-18.86,-21.729,-0.549,170.986,59.529,-44.703
-0.769,0.314,-0.889,-8.423,-9.644,4.028,170.107,60.414,-45.412
-1.112,0.478,-1.165,-7.019,18.311,14.404,169.387,60.029,-46.296
-0.541,0.285,-1.117,3.235,60.791,-2.38,169.799,57.426,-46.274
-0.342,0.328,-1.038,-2.38,24.292,-6.958,169.997,55.618,-45.967
-0.425,0.215,-0.876,-4.578,1.709,-21.118,170.321,55.311,-45.258
-0.381,0.203,-0.703,-12.573,-14.954,-12.451,170.162,55.673,-44.764
-0.503,0.252,-0.658,-13.123,-16.602,-0.977,169.415,56.563,-45.033
-0.353,0.284,-0.549,-7.446,-12.085,12.268,168.464,56.986,-46.088
-0.376,0.33,-0.556,0.916,-20.935,25.085,167.333,57.596,-48.06
-0.438,0.386,-0.618,4.883,-20.081,37.659,166.025,58.112,-50.85
-0.438,0.412,-0.661,17.822,-8.85,32.471,164.8,58.184,-54.047
-0.294,0.323,-0.583,12.451,-28.198,20.935,164.317,58.557,-56.53
-0.856,0.397,-0.904,9.216,-48.523,5.188,163.521,60.123,-58.854
-0.976,0.246,-0.999,8.85,-17.334,-13.428,163.68,61.666,-59.722
-0.77,0.177,-0.872,6.714,-8.423,-10.132,164.092,62.704,-59.804
-1.029,0.136,-0.984,7.751,0.671,-20.325,164.932,63.479,-59.244
-0.785,0.097,-0.897,9.46,41.016,-14.709,166.47,62.682,-57.766
-0.455,0.05,-0.843,3.662,41.748,1.465,167.651,60.656,-56.733
-0.365,0.128,-0.77,-1.465,13.611,10.925,167.778,59.398,-56.761
-0.464,0.145,-0.707,-0.793,-5.127,8.484,167.613,59.15,-57.222
-0.505,0.104,-0.668,6.104,0.244,-2.38,167.75,59.315,-57.42
-0.568,0.08,-0.722,5.676,-0.732,-14.648,168.569,59.387,-56.75
-0.543,-0.01,-0.707,8.423,6.287,-19.226,169.761,59.48,-55.624
-0.456,-0.044,-0.633,0.122,-4.761,-15.747,170.848,59.672,-54.388
-0.43,0.036,-0.577,-5.432,-10.193,2.563,171.096,60.117,-53.987
-0.538,0.094,-0.642,-2.991,-6.653,0.366,170.936,60.667,-54.163
-0.415,0.059,-0.597,-3.54,1.099,-2.014,171.09,60.787,-54.009
-0.586,0.141,-0.696,-12.207,-22.156,0.366,170.75,61.337,-54.086
-0.747,0.255,-0.844,-12.207,-25.513,3.723,170.024,62.507,-54.52
-1.192,0.473,-1.106,2.441,8.85,12.024,168.97,63.391,-55.657
-0.671,0.351,-1.097,13.611,62.256,17.029,169.431,61.188,-56.036
-0.366,0.359,-1.098,14.587,23.315,24.048,169.47,58.683,-57.167
-0.55,0.238,-0.928,13.794,-9.949,1.953,169.739,58.315,-58.09
-0.545,0.204,-0.766,1.587,-5.859,0.488,169.909,58.574,-58.414
-0.544,0.227,-0.677,-3.967,-10.742,5.066,169.481,58.936,-58.997
-0.452,0.229,-0.608,-2.014,1.831,4.333,169.047,59.013,-59.595
-0.286,0.219,-0.499,-0.061,-5.066,9.216,168.646,58.947,-60.331
-0.349,0.259,-0.53,5.615,-12.634,13.489,168.08,59.249,-61.562
-0.421,0.272,-0.605,11.169,-6.042,20.203,167.607,59.409,-63.182
-0.368,0.203,-0.614,12.878,-10.315,11.353,167.432,59.425,-64.633
-0.502,0.219,-0.749,-1.282,-26.733,9.155,166.992,60.145,-65.797
-0.796,0.203,-0.964,1.587,-10.376,-2.625,166.229,61.375,-66.929
-1.09,0.279,-1.244,-9.827,-11.597,-7.69,166.212,61.99,-66.736
-0.773,0.173,-1.032,7.568,46.021,-16.174,166.547,61.617,-66.154
-0.555,0.123,-0.992,-8.789,15.198,-14.709,167.717,60.233,-64.374
-0.664,0.244,-0.912,-4.395,16.113,5.005,167.454,59.766,-64.105
-0.591,0.235,-0.789,4.395,16.907,4.822,167.646,58.887,-63.995
-0.493,0.197,-0.789,14.099,18.188,14.954,167.926,57.903,-64.44
-0.431,0.109,-0.717,10.376,-4.15,8.85,168.305,57.393,-65.078
-0.498,0.082,-0.646,3.784,-3.357,-1.404,168.536,57.634,-65.369
-0.451,0.068,-0.603,-1.038,4.7,-13.55,168.953,57.711,-64.764
-0.38,0.016,-0.599,-5.554,7.507,-25.757,169.673,57.612,-63.325
-0.491,0.06,-0.673,-9.644,5.859,-29.419,170.343,57.717,-61.469
-0.363,0.017,-0.588,-12.024,-3.967,-28.992,170.986,57.964,-59.584
-0.61,0.123,-0.713,-15.808,-10.986,-13.123,170.953,58.804,-58.442
-0.671,0.178,-0.847,-8.24,-1.282,-7.446,170.865,59.035,-57.854
-0.765,0.235,-0.995,-2.014,4.761,-3.296,170.881,59.156,-57.612
-0.626,0.275,-1.126,-1.953,22.583,9.827,170.821,58.321,-57.755
-0.799,0.296,-1.164,9.399,13.916,7.08,170.673,57.651,-58.431
-0.434,0.312,-0.94,8.484,40.466,19.409,170.782,56.118,-59.046
-0.383,0.274,-0.85,12.756,17.09,2.991,170.92,54.481,-59.683
-0.405,0.14,-0.797,12.451,8.057,-14.099,171.766,53.921,-59.326
-0.511,0.138,-0.803,5.005,7.202,-9.033,172.381,53.734,-58.793
-0.396,0.154,-0.753,-1.77,7.507,3.54,172.579,53.289,-58.579
-0.382,0.253,-0.729,2.808,1.282,26.855,172.051,52.96,-59.584
-0.32,0.242,-0.688,10.62,-1.953,31.738,171.48,52.663,-61.474
-0.244,0.221,-0.646,13.428,-9.338,32.593,171.068,52.548,-63.528
-0.413,0.254,-0.771,15.747,-10.376,31.677,170.656,52.685,-65.671
-0.312,0.188,-0.757,15.259,-18.372,26.733,170.568,52.844,-67.484
-0.467,0.216,-0.878,13.916,-23.254,25.085,170.25,53.558,-69.395
-0.654,0.21,-0.958,9.399,-26.428,16.907,169.964,54.613,-70.917
-0.519,0.108,-0.812,9.338,-9.033,9.277,169.915,55.388,-71.834
-0.991,0.203,-0.978,-3.418,-32.837,12.268,169.612,56.371,-72.521
-0.752,0.109,-0.968,10.498,29.907,3.418,169.805,56.019,-72.812
-0.421,0.067,-0.969,7.019,27.344,11.108,170.398,54.525,-72.62
-0.39,0.089,-0.83,-5.798,-1.099,21.301,169.986,54.009,-73.405
-0.368,0.136,-0.679,-12.817,-16.052,12.756,169.162,54.196,-74.169
-0.552,0.188,-0.678,-12.451,-15.991,4.272,168.228,55.036,-74.718
-0.403,0.082,-0.595,-5.859,6.165,-15.686,168.085,55.322,-74.29
-0.502,0.119,-0.681,-10.254,7.935,-20.691,168.294,55.437,-73.043
-0.298,0.038,-0.596,-12.024,8.545,-31.067,168.816,55.234,-71.213
-0.374,0.093,-0.603,-16.113,-13.245,-22.705,168.992,55.849,-69.521
-0.469,0.16,-0.698,-16.113,-20.691,-9.521,168.766,56.766,-68.599
-0.872,0.325,-1.002,-4.639,-9.338,-1.404,168.311,57.733,-68.5
-0.546,0.268,-0.996,2.991,12.329,5.676,168.481,57.31,-68.494
-0.985,0.437,-1.223,3.906,11.78,14.099,167.986,57.107,-69.346
-0.494,0.309,-1.101,3.113,57.8,-9.399,168.629,54.921,-68.687
-0.332,0.283,-0.985,-5.066,18.127,-18.555,169.047,53.306,-67.478
-0.496,0.214,-0.858,-8.545,10.132,-32.654,169.464,53.152,-65.83
-0.361,0.215,-0.765,-8.789,12.451,-21.057,169.717,52.652,-64.254
-0.29,0.212,-0.685,-4.395,8.179,-4.395,169.695,52.306,-63.594
-0.178,0.242,-0.565,-3.235,-11.902,16.724,169.178,52.119,-64.144
-0.35,0.278,-0.627,4.456,-15.442,16.052,168.47,52.559,-65.457
-0.341,0.251,-0.674,11.353,-9.521,14.954,168.245,52.795,-66.66
-0.371,0.203,-0.685,10.742,-20.325,11.169,168.135,53.3,-67.879
-0.488,0.187,-0.846,-1.343,-27.588,9.766,167.948,54.152,-68.78
-0.65,0.283,-0.941,2.625,-7.08,17.517,167.058,55.129,-70.153
-0.64,0.241,-1.062,-2.136,-11.536,5.859,166.75,55.294,-70.834
-0.867,0.335,-1.088,7.69,8.301,10.376,166.251,55.844,-71.631
-0.607,0.179,-1.0,13.611,25.269,-9.155,167.119,54.893,-71.197
-0.424,0.1,-0.906,7.568,17.578,1.465,167.992,53.937,-70.576
-0.425,0.125,-0.81,-1.831,0.916,8.301,168.025,53.613,-70.708
-0.439,0.172,-0.733,-4.333,-2.808,10.986,167.69,53.553,-71.104
-0.402,0.133,-0.653,-2.014,-2.136,0.977,167.432,53.652,-71.384
-0.493,0.129,-0.685,-4.211,-0.122,-14.16,167.591,53.904,-70.779
-0.318,0.061,-0.613,-4.211,5.92,-22.827,168.091,53.943,-69.51
-0.434,0.082,-0.666,-12.268,-7.019,-23.804,168.481,54.41,-67.972
-0.351,0.085,-0.605,-15.747,-12.573,-20.447,168.508,55.102,-66.698
-0.434,0.184,-0.657,-12.207,-15.198,-13.184,168.195,56.184,-65.896
-0.691,0.301,-0.897,-4.7,-12.512,-0.305,167.953,56.992,-65.643
-0.641,0.313,-0.961,8.545,4.15,4.517,168.025,57.052,-65.88
-0.579,0.338,-1.166,3.845,-3.174,13.428,168.19,56.678,-66.407
-0.992,0.385,-1.256,20.264,14.465,2.136,168.135,56.882,-67.352
-0.475,0.269,-1.069,14.221,45.776,-5.554,169.387,55.102,-66.709
-0.355,0.196,-0.907,4.15,11.292,1.465,169.975,53.63,-66.429
-0.419,0.188,-0.787,-0.61,-3.784,-7.507,170.057,53.608,-66.341
-0.354,0.173,-0.653,-2.991,-8.423,-2.502,170.046,53.822,-66.143
-0.363,0.194,-0.604,-5.371,-14.893,7.446,169.618,54.344,-66.544
-0.387,0.271,-0.602,-3.662,-14.465,22.156,168.706,54.866,-67.802
-0.381,0.302,-0.63,4.944,-9.705,24.902,167.822,55.047,-69.609
-0.331,0.257,-0.639,11.23,-17.578,11.719,167.47,55.41,-71.109
-0.406,0.215,-0.645,2.869,-30.334,10.01,167.162,56.47,-72.29
-0.743,0.287,-0.869,-1.892,-35.522,4.15,166.531,57.827,-73.383
-0.861,0.274,-1.027,3.357,-3.235,1.465,166.284,58.64,-73.954
-0.729,0.227,-1.104,2.197,-3.174,-2.38,166.443,58.645,-74.009
-0.756,0.183,-1.045,12.573,30.029,-4.517,166.844,58.431,-73.856
-0.537,0.146,-0.967,11.23,21.606,7.141,167.745,57.294,-73.35
-0.507,0.176,-0.895,8.484,9.583,26.245,167.844,56.376,-74.086
-0.384,0.167,-0.746,7.568,2.808,23.193,167.695,55.701,-75.262
-0.475,0.165,-0.726,8.545,-1.282,18.738,167.536,55.47,-76.328
-0.383,0.117,-0.635,8.484,1.16,7.996,167.662,55.256,-76.954
-0.413,0.084,-0.624,6.714,-2.319,-1.404,168.047,55.289,-76.981
-0.448,0.07,-0.653,3.113,1.099,-9.46,168.552,55.464,-76.52
-0.439,0.023,-0.698,-1.038,6.47,-18.25,169.228,55.437,-75.449
-0.389,0.065,-0.667,-11.841,-2.808,-20.386,169.629,55.69,-74.02
-0.377,0.171,-0.674,-7.263,-8.484,-17.029,169.821,56.217,-72.795
-0.533,0.165,-0.827,-0.977,-19.714,-4.7,169.986,57.041,-72.318
-0.74,0.264,-0.992,1.038,-11.78,-2.38,169.937,57.887,-72.356
-0.6,0.224,-1.061,1.343,3.662,-4.517,170.25,57.953,-72.098
-1.02,0.368,-1.176,13.062,10.376,-0.549,170.244,58.206,-72.312
-0.521,0.226,-1.019,11.536,40.466,2.319,171.189,56.42,-71.895
-0.412,0.176,-0.955,3.052,7.141,3.418,171.42,55.267,-72.048
-0.391,0.142,-0.713,-2.319,-6.714,-6.531,171.453,55.536,-71.867
-0.367,0.155,-0.605,-10.559,-22.156,5.066,171.096,56.08,-71.911
-0.441,0.221,-0.595,-4.15,-15.747,16.846,170.129,56.997,-72.911
-0.51,0.283,-0.671,5.859,-4.333,27.649,169.25,57.255,-74.454
-0.361,0.242,-0.654,17.7,7.446,31.738,168.788,56.684,-76.355
-0.31,0.188,-0.652,14.221,-27.954,26.062,168.558,56.651,-78.3
-0.567,0.197,-0.684,5.981,-36.255,20.142,167.915,58.041,-80.244
-0.729,0.259,-0.81,-1.404,-33.02,15.991,167.124,59.315,-81.788
-0.847,0.264,-0.933,3.967,-11.169,16.357,166.371,60.178,-83.156
-0.722,0.213,-0.883,3.601,-5.432,13.0,165.981,60.375,-84.144
-0.899,0.212,-0.942,7.263,2.38,9.705,165.8,60.595,-84.831
-0.811,0.247,-0.952,13.184,28.076,20.996,165.965,59.639,-85.358
-0.555,0.185,-0.902,21.484,33.508,30.762,166.404,57.794,-86.248
-0.416,0.162,-0.808,18.25,10.01,36.926,166.608,56.464,-87.698
-0.406,0.158,-0.672,18.127,-5.371,39.001,166.432,55.997,-89.698
-0.427,0.111,-0.584,16.479,-15.869,30.457,166.295,56.113,-91.588
-0.368,0.053,-0.494,16.785,-10.742,25.818,166.382,56.453,-92.983
-0.531,0.1,-0.619,10.559,-18.494,32.471,166.223,56.838,-94.526
-0.503,0.115,-0.661,17.212,0.916,30.884,165.981,56.981,-96.185
-0.436,0.153,-0.688,16.846,-15.32,32.593,165.943,56.997,-97.696
-0.572,0.266,-0.756,23.987,-21.912,54.504,165.449,57.574,-100.212
-0.562,0.269,-0.786,24.963,-32.288,69.885,164.713,57.936,-103.843
-1.109,0.5,-1.139,19.104,-15.442,94.055,162.905,58.079,-108.803
-0.687,0.421,-1.029,31.799,28.32,70.923,161.933,56.091,-112.956
-0.581,0.39,-1.092,39.062,31.25,52.124,162.186,53.866,-115.483
-0.226,0.184,-0.851,38.147,11.169,35.889,163.35,52.185,-116.977
-0.279,0.202,-0.685,25.391,-29.236,51.819,163.74,52.108,-119.235
-0.376,0.256,-0.635,25.391,-30.884,61.829,163.279,52.603,-122.717
-0.383,0.32,-0.694,24.109,-28.015,65.247,162.691,52.839,-126.359
-0.511,0.434,-0.843,30.64,-16.357,68.787,162.01,52.635,-130.248
-0.564,0.382,-1.034,34.912,-13.977,60.242,162.087,52.042,-133.55
-0.502,0.318,-0.931,31.738,-25.635,68.176,161.845,51.888,-137.214
-0.648,0.285,-0.902,40.405,-26.306,64.209,161.675,52.108,-140.988
-0.371,0.108,-0.701,49.255,-16.052,65.247,162.389,51.85,-144.19
-0.504,0.072,-0.684,49.744,-43.457,71.899,163.037,52.185,-147.843
-0.75,0.055,-0.765,51.208,-28.809,80.75,163.477,52.987,-151.952
-0.624,0.005,-0.77,50.537,0.427,83.496,163.998,52.564,-155.797
-0.474,0.019,-0.776,41.687,-1.282,86.548,164.438,51.542,-159.362
-0.467,0.045,-0.767,35.889,-20.325,86.304,164.526,51.048,-163.12
-0.487,0.062,-0.775,34.729,-18.799,84.351,164.355,51.031,-167.097
-0.511,0.071,-0.807,25.33,-26.855,72.388,164.18,51.185,-170.64
-0.667,0.17,-0.912,17.7,-25.757,58.777,163.724,51.702,-173.655
-0.716,0.164,-1.061,15.442,-4.944,44.067,163.636,51.735,-175.512
-0.374,0.185,-0.888,13.611,6.531,51.697,163.378,51.13,-177.231
-0.249,0.242,-0.898,7.08,1.038,67.2,162.812,49.971,-179.632
-0.371,0.364,-0.942,8.24,-9.705,67.81,161.757,49.147,177.056
-0.336,0.392,-0.949,17.578,3.357,53.101,161.318,48.093,174.364
-0.201,0.313,-0.844,21.423,-9.827,45.349,161.499,47.23,172.189
-0.349,0.336,-0.79,20.935,-25.94,46.875,161.505,47.296,169.607
-0.292,0.327,-0.73,23.01,-14.893,48.706,161.581,47.214,167.086
-0.367,0.382,-0.753,21.851,-30.823,50.476,161.439,47.39,164.284
-0.306,0.38,-0.775,24.048,-21.912,50.415,161.351,47.576,161.51
-0.384,0.468,-0.863,25.024,-32.898,59.631,161.115,47.818,158.423
-0.366,0.424,-0.917,36.621,-24.414,54.993,161.076,48.005,155.061
-0.528,0.427,-1.022,27.344,-44.312,60.608,161.246,48.428,151.886
-0.534,0.382,-1.003,30.701,-40.955,57.434,161.021,49.103,148.195
-0.306,0.171,-0.787,43.213,-35.339,29.419,161.565,49.9,145.453
-0.543,0.138,-0.678,32.959,-75.684,24.109,162.504,52.081,143.394
-0.736,0.107,-0.757,38.391,-30.579,32.715,163.141,54.278,141.108
-0.645,0.129,-0.824,39.368,4.883,34.18,164.174,54.316,139.653
-0.388,0.085,-0.785,35.645,21.057,37.354,165.416,53.102,138.488
-0.347,0.125,-0.847,27.527,1.099,26.855,166.328,52.267,137.148
-0.34,0.014,-0.782,22.705,-4.272,6.653,167.536,52.196,136.505
-0.44,0.042,-0.808,6.958,-16.418,3.113,168.212,52.663,136.022
-0.618,0.059,-0.844,0.488,-15.015,-9.033,168.591,53.547,135.978
-0.495,0.041,-0.691,-3.296,-8.545,-16.724,169.069,54.349,136.73
-0.486,0.063,-0.693,-5.493,0.122,-13.794,169.497,54.871,137.73
-0.455,0.1,-0.735,-9.216,1.709,-8.911,169.706,54.871,138.576
-0.286,0.064,-0.668,-7.751,8.606,-13.55,169.865,54.739,139.384
-0.231,0.11,-0.611,-17.334,-26.917,-13.916,169.849,55.195,140.18
-0.425,0.166,-0.588,-14.893,-36.682,-10.376,169.233,56.882,140.29
-0.658,0.235,-0.72,-18.921,-46.936,-6.592,168.514,58.832,140.372
-0.863,0.262,-0.91,-6.226,-12.573,-9.949,167.745,60.639,140.477
-1.093,0.38,-1.074,-9.949,1.099,0.61,167.531,60.914,141.218
-0.799,0.297,-1.063,0.793,40.955,-2.197,167.712,59.848,142.081
-0.548,0.342,-1.022,6.287,33.752,11.475,167.921,57.925,142.603
-0.495,0.25,-0.89,10.376,14.099,4.7,168.278,56.854,142.679
-0.4,0.2,-0.736,6.226,-2.869,10.193,168.442,56.486,142.449
-0.371,0.21,-0.62,1.77,-8.362,14.465,168.08,56.695,141.652
-0.354,0.25,-0.575,4.272,-4.761,16.357,167.613,56.744,140.795
-0.268,0.262,-0.57,5.005,-3.967,16.602,167.234,56.53,139.938
-0.383,0.309,-0.622,4.456,-22.095,20.386,166.553,56.882,138.697
-0.435,0.261,-0.609,7.874,-20.874,12.085,165.992,57.574,137.488
-0.575,0.261,-0.77,3.967,-30.945,10.498,165.509,58.541,136.544
-0.886,0.297,-0.959,2.93,-15.869,17.029,164.724,59.689,135.33
-0.859,0.262,-1.0,4.822,-7.385,0.0,164.394,60.046,134.863
-0.96,0.287,-1.014,12.207,12.878,-13.306,164.872,60.364,135.461
-0.695,0.146,-0.949,27.222,37.537,-14.709,166.954,59.288,137.335
-0.404,-0.002,-0.857,20.569,32.715,7.019,168.739,57.667,138.274
-0.41,0.093,-0.808,1.709,9.888,21.851,169.019,56.552,137.626
-0.418,0.143,-0.775,0.61,6.958,15.564,168.734,55.865,136.571
-0.523,0.177,-0.804,4.089,-3.662,5.92,168.602,55.701,135.846
-0.453,0.079,-0.714,12.268,2.014,-11.414,169.294,55.772,136.038
-0.467,0.024,-0.726,5.31,-13.367,-17.578,170.327,56.195,136.84
-0.569,-0.021,-0.726,8.362,1.831,-32.227,171.579,56.876,138.192
-0.301,-0.049,-0.563,-5.554,-5.737,-25.879,172.82,57.112,139.933
-0.41,0.026,-0.554,-13.367,-19.958,-19.043,173.002,58.151,140.751
-0.42,0.095,-0.549,-8.545,-19.836,-30.518,173.441,59.249,142.064
-0.508,0.038,-0.7,-1.709,-7.019,-31.555,174.474,60.15,143.937
-0.786,0.077,-0.935,-8.789,-18.982,-21.484,175.199,61.013,145.492
-0.69,0.134,-0.981,-7.507,4.944,-16.541,175.457,61.6,146.591
-0.92,0.3,-1.097,7.202,11.23,-3.235,175.386,61.595,147.085
-0.734,0.189,-1.099,10.803,39.062,-4.395,176.254,60.244,147.805
-0.407,0.177,-0.982,7.568,28.381,0.305,176.688,58.277,148.024
-0.47,0.086,-0.851,3.479,-6.714,-24.292,177.33,57.854,148.733
-0.56,0.073,-0.79,-5.493,-10.193,-35.583,178.116,58.37,150.397
-0.5,0.083,-0.678,-13.428,-8.057,-29.663,178.671,58.914,152.375
-0.45,0.122,-0.61,-14.16,-14.099,-10.986,178.533,59.447,153.572
-0.433,0.167,-0.593,-6.897,-14.16,3.235,177.891,60.15,153.688
-0.375,0.154,-0.56,-2.014,-25.452,6.897,177.314,61.002,153.27
-0.554,0.168,-0.591,0.61,-31.738,7.08,176.655,62.529,152.6
-0.589,0.178,-0.598,2.808,-23.315,2.136,176.21,63.743,152.199
-0.64,0.113,-0.731,6.165,-17.578,-7.019,176.358,64.649,152.435
-0.934,0.041,-0.922,3.235,-16.052,-5.737,176.704,65.803,152.941
-0.696,-0.032,-0.799,-2.014,-7.263,-1.526,176.638,66.11,153.155
-1.081,0.045,-0.954,-6.165,-18.921,-6.897,176.473,67.121,153.512
-0.826,0.057,-0.848,2.93,14.465,-4.761,176.765,66.945,154.199
-0.627,-0.015,-0.763,6.47,9.46,2.136,177.303,66.248,154.561
-0.6,-0.007,-0.684,2.075,0.977,4.883,177.49,66.099,154.556
-0.623,-0.0,-0.68,1.343,2.93,6.165,177.429,65.951,154.358
-0.622,-0.014,-0.65,2.441,2.075,-5.737,177.589,65.874,154.495
-0.579,-0.111,-0.629,1.648,7.446,-15.869,178.489,65.671,155.61
-0.549,-0.075,-0.608,-5.737,7.202,-10.01,179.088,65.473,156.714
-0.423,-0.119,-0.612,-3.479,17.883,-14.16,179.769,64.825,157.896
-0.516,-0.038,-0.617,-7.69,12.268,-4.333,-179.978,64.358,158.676
-0.318,-0.091,-0.532,-9.155,5.981,-4.395,-179.791,63.71,159.291
-0.454,-0.004,-0.589,-12.146,-12.268,11.108,179.67,64.078,159.126
-0.713,0.087,-0.74,-7.812,-25.33,17.822,178.61,64.94,158.148
-0.932,0.193,-0.883,0.427,-14.526,20.203,177.643,65.956,157.055
-1.268,0.379,-1.212,8.972,9.583,30.273,176.627,65.759,155.555
-0.752,0.108,-1.038,25.94,48.889,5.127,177.226,63.781,155.039
-0.56,0.123,-0.979,15.137,29.236,8.667,177.902,61.853,155.012
-0.526,0.028,-0.857,8.362,11.536,-5.371,178.44,60.925,155.143
-0.523,0.06,-0.783,-3.357,4.395,4.7,178.473,60.529,155.308
-0.492,0.119,-0.69,-8.179,-2.197,10.254,177.759,60.458,154.83
-0.446,0.162,-0.618,-4.578,-7.263,16.663,176.885,60.557,154.1
-0.515,0.2,-0.624,2.319,-9.033,19.348,175.979,60.881,152.99
-0.43,0.185,-0.583,9.216,-2.808,24.109,175.314,61.002,151.76
-0.514,0.209,-0.661,14.648,-5.31,23.315,174.732,61.024,150.309
-0.445,0.152,-0.643,13.916,-8.911,16.968,174.562,61.15,149.194
-0.521,0.127,-0.67,10.071,-24.719,10.864,174.293,61.837,148.195
-0.717,0.126,-0.82,1.587,-25.269,8.789,174.007,62.957,147.574
-0.926,0.137,-0.929,3.174,-11.78,10.376,173.469,63.929,146.882
-0.653,0.084,-0.756,2.014,-0.732,7.08,173.221,64.116,146.64
-1.004,0.13,-0.902,1.892,-19.775,7.08,172.875,64.6,146.294
-0.737,0.077,-0.801,12.878,9.033,-6.104,173.463,64.506,146.755
-0.651,-0.02,-0.833,21.118,22.339,-1.038,174.814,63.831,147.524
-0.572,-0.025,-0.804,9.949,10.071,17.212,175.325,63.04,147.25
-0.515,0.028,-0.721,5.066,4.822,23.193,175.029,62.551,146.179
-0.648,0.062,-0.714,3.296,0.916,20.691,174.496,62.413,144.959
-0.388,-0.016,-0.6,4.272,12.451,2.747,174.452,61.87,144.465
-0.414,-0.034,-0.573,-4.822,-9.155,-7.996,174.754,61.875,144.805
-0.488,-0.059,-0.593,-8.057,-5.981,-24.231,175.226,62.358,145.838
-0.459,-0.052,-0.562,-20.813,-11.78,-20.02,175.781,62.787,147.502
-0.545,0.02,-0.598,-18.066,-2.93,-16.541,175.562,63.528,148.667
-0.52,0.022,-0.663,-20.996,-10.315,-12.39,175.589,63.737,149.991
-0.975,0.18,-0.952,-21.423,-21.484,-7.019,174.869,64.797,150.612
-0.823,0.246,-1.036,-12.39,11.719,-0.427,174.38,65.039,151.353
-1.064,0.351,-1.13,0.854,-1.343,8.057,173.54,65.154,151.177
-0.714,0.258,-0.942,5.432,33.63,7.874,173.557,63.951,151.326
-0.532,0.245,-0.865,-0.854,8.24,14.771,173.062,62.847,150.936
-0.505,0.187,-0.704,-5.066,-5.798,0.183,172.491,62.82,150.71
-0.536,0.215,-0.634,-9.216,-12.085,0.183,171.92,63.298,150.892
-0.459,0.236,-0.584,-2.258,6.287,7.141,171.266,63.276,150.793
-0.367,0.277,-0.585,5.31,2.38,17.151,170.733,62.759,150.298
-0.381,0.248,-0.575,12.39,-3.174,30.09,169.975,62.446,148.81
-0.408,0.271,-0.58,13.672,-20.264,28.931,169.096,62.534,146.876
-0.506,0.217,-0.607,19.165,-11.292,20.874,168.481,63.045,145.118
-0.828,0.25,-0.818,13.0,-28.381,15.747,168.289,63.638,144.097
-0.905,0.175,-0.904,12.39,-12.329,16.052,167.975,64.138,143.069
-1.225,0.25,-1.047,3.784,-17.395,15.198,167.761,64.6,142.438
-0.779,0.12,-0.901,22.095,42.053,-3.601,168.305,63.825,142.614
-0.556,0.069,-0.897,13.672,22.339,-5.188,169.92,62.336,144.031
-0.554,0.057,-0.815,4.639,5.737,5.737,170.502,61.738,144.338
-0.581,0.119,-0.744,-0.366,-0.916,11.475,170.409,61.589,144.047
-0.555,0.1,-0.656,-2.075,-2.075,7.935,170.035,61.611,143.553
-0.503,0.067,-0.587,-4.089,-2.625,-8.85,170.052,61.776,143.882
-0.591,0.047,-0.623,-3.845,4.883,-22.583,170.59,62.056,145.223
-0.452,-0.054,-0.572,-2.686,13.672,-33.936,171.859,61.859,147.568
-0.474,-0.043,-0.597,-18.127,1.099,-18.066,172.661,61.88,149.639
-0.428,0.068,-0.573,-23.254,-3.601,-0.977,172.002,62.023,150.222
-0.557,0.161,-0.683,-21.24,-14.587,-1.709,171.123,62.556,150.458
-0.749,0.215,-0.851,-15.747,-6.836,4.395,170.2,63.051,150.463
-0.705,0.26,-0.865,-13.916,4.15,4.028,169.327,63.177,150.513
-0.982,0.511,-1.075,-13.428,-11.353,20.02,167.975,62.847,149.952
-0.5,0.352,-0.81,2.319,23.865,5.188,167.393,62.177,149.579
-0.731,0.401,-0.895,4.089,-21.667,-6.775,167.261,62.073,149.7
-0.742,0.164,-0.842,9.827,17.639,-32.776,168.409,62.496,151.089
-0.568,0.176,-0.77,-3.296,13.367,-17.883,169.574,61.957,153.215
-0.497,0.178,-0.691,-11.78,1.709,-9.216,169.618,61.688,154.215
-0.435,0.216,-0.596,-13.672,-9.399,-3.418,169.063,61.924,154.66
-0.465,0.241,-0.551,-13.245,-14.343,-0.427,168.195,62.573,154.709
-0.466,0.268,-0.576,-10.437,-2.625,1.465,167.421,62.809,154.753
-0.42,0.28,-0.615,-3.54,16.235,5.066,166.783,62.331,154.704
-0.279,0.256,-0.565,-5.737,-13.0,3.174,166.289,62.04,154.583
-0.851,0.34,-0.761,-6.531,-47.241,7.874,165.092,63.468,153.506
-0.913,0.292,-0.831,-0.366,-10.742,0.854,164.246,64.655,152.781
-1.208,0.295,-1.029,2.014,3.784,-14.038,164.669,64.841,153.715
-0.628,0.112,-0.778,10.498,48.157,-35.583,166.569,63.572,156.423
-0.412,-0.021,-0.79,-2.625,23.499,-30.64,168.624,62.397,159.554
-0.647,0.159,-0.837,-18.677,6.836,8.484,168.376,61.963,160.241
-0.609,0.233,-0.826,-0.427,8.545,7.08,167.684,61.37,159.73
-0.589,0.161,-0.811,7.629,1.404,0.977,168.003,61.062,159.774
-0.588,0.107,-0.725,3.174,-12.146,-0.793,168.267,61.304,159.692
-0.557,0.078,-0.615,-0.488,-14.587,-6.897,168.486,62.067,159.944
-0.562,0.084,-0.556,-4.639,-16.846,-5.981,168.541,62.99,160.362
-0.737,0.107,-0.698,5.615,7.202,-15.991,168.926,63.583,161.257
-0.463,-0.0,-0.622,10.254,27.1,-16.541,170.381,62.869,163.152
-0.393,-0.072,-0.633,5.188,5.188,-15.259,171.661,62.281,164.641
-0.299,-0.081,-0.525,-11.108,-15.991,-9.094,172.293,62.682,165.482
-0.41,0.068,-0.556,-28.076,-52.612,10.437,171.161,64.319,164.702
-0.956,0.302,-0.757,-22.217,-53.284,12.939,168.909,67.044,163.065
-0.72,0.3,-0.637,-6.348,-21.423,17.334,167.399,68.439,162.032
-1.071,0.491,-0.812,-0.732,-42.419,36.621,164.932,69.686,159.467
-1.126,0.501,-0.862,12.024,11.78,27.527,163.531,69.791,157.495
-0.758,0.437,-0.777,21.79,35.278,28.564,163.378,67.857,156.627
-0.554,0.317,-0.713,25.879,21.667,11.536,164.026,66.22,156.297
-0.574,0.235,-0.663,23.804,3.845,7.141,164.927,65.594,156.22
-0.468,0.215,-0.56,20.874,2.625,17.517,165.399,65.242,155.616
-0.408,0.246,-0.495,17.761,-5.615,28.137,165.201,64.918,154.204
-0.426,0.259,-0.508,18.066,-18.982,23.987,164.669,64.929,152.353
-0.652,0.237,-0.607,22.522,-11.597,18.066,164.372,65.446,150.798
-0.495,0.153,-0.55,16.174,-5.615,16.174,164.498,65.424,149.919
-0.793,0.251,-0.762,7.324,-27.405,27.588,163.894,65.803,148.491
-0.891,0.233,-0.798,16.785,-12.878,27.771,162.999,66.39,146.58
-1.005,0.239,-0.976,19.775,-18.982,30.457,162.576,66.61,144.992
-1.152,0.279,-0.843,26.123,2.075,44.678,161.592,67.05,142.663
-0.797,0.215,-0.74,39.246,48.157,41.809,162.037,64.913,141.74
-0.625,0.195,-0.819,40.466,41.626,49.683,162.922,62.188,140.845
-0.461,0.151,-0.73,38.513,26.001,46.082,163.685,60.057,139.092
-0.518,0.135,-0.711,30.151,11.108,37.17,164.323,58.766,137.082
-0.504,0.1,-0.631,24.353,7.507,25.757,164.899,58.057,135.258
-0.408,0.032,-0.558,15.564,2.563,11.23,165.635,57.634,133.846
-0.469,0.063,-0.6,5.92,-4.272,6.653,166.13,57.711,132.451
-0.514,0.124,-0.675,6.714,-3.479,12.268,166.393,57.788,130.754
-0.406,0.152,-0.649,14.282,-9.644,23.804,166.514,57.876,128.666
-0.497,0.166,-0.831,16.357,-29.053,34.668,166.421,58.332,125.854
-0.641,0.224,-0.927,23.621,-28.809,40.955,165.674,59.381,122.042
-0.959,0.425,-0.984,19.47,-30.09,58.35,164.597,60.436,117.938
-0.699,0.389,-0.854,18.86,-20.02,70.984,163.405,60.287,113.505
-0.941,0.453,-1.05,33.997,2.686,65.918,162.07,59.771,108.732
-0.545,0.31,-0.888,42.542,25.391,52.307,162.433,58.096,105.326
-0.279,0.23,-0.766,40.283,4.7,62.073,162.966,56.338,101.591
-0.455,0.276,-0.759,39.185,-26.123,67.139,162.828,56.019,96.663
-0.366,0.23,-0.658,43.884,-18.494,75.684,162.68,55.745,91.203
-0.464,0.309,-0.686,33.264,-31.311,89.417,161.812,55.541,84.853
-0.632,0.371,-0.813,35.95,-18.982,77.637,160.867,55.168,78.459
-0.789,0.389,-1.08,39.001,-0.854,77.698,160.752,54.19,72.762
-0.469,0.236,-0.907,50.293,3.296,92.102,160.961,52.438,66.473
-0.454,0.152,-0.857,52.185,-23.926,96.741,161.301,51.273,59.683
-0.575,0.126,-0.795,55.786,-36.682,104.065,161.51,51.059,52.141
-0.568,0.12,-0.8,69.763,-7.141,112.183,162.263,50.301,44.467
-0.467,0.092,-0.829,69.702,-6.165,114.502,163.531,48.73,36.92
-0.386,0.014,-0.838,63.171,-9.399,96.252,165.053,47.505,29.993
-0.389,0.024,-0.744,47.302,-37.781,79.224,166.19,47.368,23.829
-0.548,-0.02,-0.731,44.373,-36.56,60.303,167.184,48.477,18.523
-0.471,-0.076,-0.761,35.583,-26.917,54.382,168.25,49.252,14.046
-0.506,0.093,-0.865,20.386,-22.522,53.711,168.69,49.949,9.811
-0.811,0.244,-1.122,7.996,-42.725,40.649,168.613,50.856,6.064
-0.353,0.068,-0.777,17.212,8.667,19.775,168.81,51.4,3.268
-0.354,0.33,-0.889,-9.46,-9.766,55.176,167.964,50.894,0.253
-0.451,0.211,-0.904,19.958,6.226,22.095,167.514,50.488,-2.867
-0.381,0.202,-0.911,9.827,5.737,23.438,167.953,49.944,-4.493
-0.366,0.194,-0.869,9.705,-5.432,36.804,167.734,49.449,-7.064
-0.374,0.261,-0.782,11.78,-8.301,35.95,167.415,49.329,-9.8
-0.36,0.261,-0.734,17.7,-18.677,41.138,167.261,49.444,-12.821
-0.473,0.261,-0.775,20.691,-16.235,45.105,167.053,49.839,-16.298
-0.358,0.271,-0.755,16.602,-13.123,40.71,166.871,49.867,-19.567
-0.451,0.367,-0.87,19.592,-15.32,46.021,166.553,50.114,-22.885
-0.366,0.333,-0.892,25.269,-19.226,46.57,166.437,50.186,-26.356
-0.589,0.445,-0.91,35.889,-33.142,71.96,166.113,50.812,-30.646
-0.546,0.225,-0.835,54.871,-20.02,67.017,166.328,51.141,-35.804
-0.37,-0.042,-0.83,43.945,-20.569,40.894,167.542,51.213,-39.468
-0.633,0.09,-0.814,30.945,-34.363,32.471,168.08,52.46,-42.352
-0.63,0.048,-0.909,30.029,-8.118,23.132,169.107,53.119,-44.209
-0.526,0.029,-0.892,43.396,23.376,28.381,170.464,52.625,-45.775
-0.22,-0.08,-0.828,34.79,19.47,34.058,172.018,51.224,-47.313
-0.356,-0.01,-0.84,18.066,-3.113,34.18,172.595,50.773,-49.142
-0.236,-0.015,-0.714,11.597,-1.526,20.996,172.974,50.543,-50.4
-0.354,-0.028,-0.803,5.92,0.244,5.31,173.375,50.493,-50.839
-0.218,-0.062,-0.706,-8.911,-8.118,-7.812,173.65,50.493,-50.405
-0.371,-0.021,-0.664,-23.865,-30.945,-15.93,173.381,51.581,-49.51
-0.584,0.089,-0.717,-22.949,-15.32,-18.311,172.733,52.971,-48.647
-0.306,0.044,-0.62,-14.465,-4.333,-20.752,172.683,53.388,-47.538
-0.575,0.107,-0.815,-16.663,-26.794,-18.616,172.601,54.454,-46.555
-0.938,0.222,-1.25,-19.592,-23.621,-23.01,172.529,55.651,-45.588
-0.807,0.28,-1.167,0.366,33.508,-29.175,172.683,56.096,-44.55
-0.465,0.321,-1.165,-5.737,33.752,4.822,173.134,54.327,-43.726
-0.304,0.288,-1.063,6.165,13.55,1.892,172.947,53.036,-44.341
-0.432,0.221,-0.932,3.723,-10.559,-8.911,173.227,53.036,-44.368
-0.461,0.16,-0.84,-4.272,-13.428,-9.46,173.298,53.498,-44.236
-0.535,0.237,-0.814,-9.888,-4.578,-2.014,172.875,54.086,-44.324
-0.356,0.237,-0.696,-10.742,-7.69,-0.671,172.255,54.179,-44.676
-0.389,0.282,-0.655,-8.972,-12.207,6.836,171.403,54.695,-45.439
-0.39,0.306,-0.638,-3.845,-11.353,10.681,170.502,55.107,-46.697
-0.398,0.288,-0.628,3.662,-16.235,12.329,169.843,55.624,-48.181
-0.49,0.289,-0.683,7.935,-14.282,16.785,169.327,56.223,-49.878
-0.469,0.27,-0.683,11.108,-17.029,15.747,168.942,56.728,-51.652
-0.572,0.295,-0.786,9.705,-7.751,13.123,168.635,57.272,-53.273
-0.317,0.188,-0.731,8.911,-6.409,-4.822,168.849,57.299,-53.915
-0.753,0.22,-0.898,0.977,-37.048,-6.47,168.821,58.711,-54.25
-0.484,0.079,-0.693,2.502,7.69,-9.888,169.041,59.447,-54.267
-1.092,0.239,-1.006,-18.372,-37.292,-1.221,168.948,60.062,-53.954
-0.825,0.202,-0.935,7.69,33.02,-4.517,168.75,60.178,-54.113
-0.616,0.144,-1.0,13.55,31.189,-4.883,169.893,58.766,-53.344
-0.448,0.092,-0.905,12.085,20.447,6.958,170.689,57.535,-53.207
-0.312,0.044,-0.7,5.066,-0.854,7.69,171.052,56.964,-53.47
-0.494,0.096,-0.683,-5.92,-24.597,8.362,170.755,57.524,-53.954
-0.502,0.077,-0.619,-1.77,-6.287,-7.935,170.491,58.337,-54.135
-0.596,0.099,-0.67,-6.775,-12.085,-18.799,170.859,58.98,-53.234
-0.521,0.071,-0.654,-1.221,11.475,-20.081,171.447,59.101,-52.048
-0.335,-0.021,-0.547,-2.991,7.019,-27.893,172.452,58.881,-50.339
-0.31,-0.017,-0.54,-16.846,-14.282,-21.057,172.908,59.343,-48.719
-0.379,0.052,-0.576,-17.883,-15.076,-16.907,172.744,60.315,-47.538
-0.642,0.193,-0.804,-17.883,-27.527,-4.822,172.156,61.447,-47.038
-0.912,0.315,-0.991,-4.028,-8.179,-1.892,171.513,62.573,-47.23
-0.924,0.36,-0.997,6.287,4.089,12.817,171.31,62.501,-47.796
-0.852,0.265,-1.077,16.174,35.706,8.057,171.623,61.249,-48.51
-0.476,0.171,-0.996,14.221,36.438,2.93,172.365,59.139,-48.609
-0.512,0.151,-0.92,-0.366,4.028,-2.93,172.733,58.211,-48.472
-0.494,0.155,-0.796,-7.935,7.019,-3.845,172.661,57.936,-48.148
-0.396,0.191,-0.673,-10.376,0.305,5.066,172.139,57.706,-48.126
-0.338,0.209,-0.595,-10.681,-9.705,12.878,171.222,57.733,-48.763
-0.352,0.269,-0.559,-4.944,-9.155,18.25,170.063,58.03,-49.96
-0.397,0.285,-0.597,1.099,-18.188,15.381,169.167,58.315,-51.301
-0.458,0.25,-0.635,6.897,-10.803,16.724,168.508,58.76,-52.806
-0.418,0.236,-0.649,5.31,-13.428,11.108,168.008,59.134,-54.152
-0.638,0.259,-0.831,1.709,-29.968,1.77,167.591,60.029,-55.042
-0.854,0.225,-0.934,1.221,-23.132,-1.831,167.355,61.309,-55.596
-0.603,0.133,-0.816,3.296,-8.972,-3.723,167.349,62.073,-55.794
-0.919,0.191,-0.976,5.798,2.686,-4.089,167.448,62.88,-55.767
-0.781,0.179,-0.97,6.958,19.409,-5.92,168.234,62.073,-55.031
-0.676,0.131,-0.995,11.23,24.78,-3.113,169.189,60.98,-54.278
-0.493,0.077,-0.866,7.751,8.118,3.845,169.926,60.189,-53.855
-0.537,0.058,-0.793,2.197,-10.071,6.409,170.03,60.298,-53.998
-0.596,0.05,-0.733,-4.272,-9.094,0.305,169.915,60.749,-54.036
-0.481,0.036,-0.633,-6.836,0.122,-6.47,169.937,61.04,-53.553
-0.48,0.035,-0.602,-11.414,-13.245,-8.789,169.948,61.381,-52.839
-0.594,0.067,-0.595,-14.038,-19.47,-10.62,169.684,62.446,-52.218
-0.526,0.028,-0.499,-12.878,-15.564,-13.55,169.612,63.474,-51.405
-0.582,0.042,-0.523,-13.367,-8.362,-5.981,169.486,64.358,-50.707
-0.46,0.036,-0.473,-12.024,0.854,0.061,169.156,64.638,-50.411
-0.483,0.108,-0.616,-14.771,-5.615,8.179,168.607,64.753,-50.438
-0.765,0.246,-0.788,-13.916,-24.048,15.625,167.261,65.621,-51.454
-1.037,0.422,-0.999,0.122,9.216,23.438,165.905,65.918,-52.971
-0.896,0.479,-1.095,9.277,39.062,34.363,165.212,64.155,-54.487
-0.73,0.471,-1.157,19.714,58.044,25.513,165.333,61.375,-55.486
-0.351,0.353,-0.975,14.587,31.311,12.451,166.02,58.881,-55.723
-0.483,0.276,-0.897,7.812,1.16,2.136,166.245,58.173,-55.97
-0.481,0.249,-0.751,-5.066,-4.7,1.221,166.157,58.206,-55.931
-0.468,0.312,-0.659,-7.812,-6.897,10.925,165.366,58.255,-56.448
-0.408,0.327,-0.598,0.305,3.174,9.888,164.68,58.134,-57.173
-0.428,0.376,-0.625,5.554,0.671,16.968,164.229,57.821,-58.024
-0.393,0.352,-0.668,11.658,1.953,17.944,163.9,57.294,-59.233
-0.432,0.345,-0.682,14.526,-4.333,11.597,163.757,57.151,-60.403
-0.433,0.293,-0.646,12.573,-15.442,2.38,163.916,57.387,-61.128
-0.531,0.295,-0.689,11.047,-11.719,-2.38,164.081,58.041,-61.611
-0.47,0.272,-0.706,7.751,-5.432,-10.254,164.515,58.464,-61.474
-0.436,0.211,-0.771,5.554,-18.188,-15.564,165.086,58.903,-60.908
-0.861,0.275,-0.913,1.282,-32.959,-6.226,165.119,60.573,-60.82
-0.737,0.203,-0.931,2.808,-19.104,-8.179,165.394,61.512,-60.595
-1.051,0.236,-0.963,7.812,-7.996,1.953,165.366,62.814,-60.848
-0.675,0.115,-0.764,13.916,12.329,-10.681,166.371,62.424,-60.172
-0.683,0.094,-0.758,-0.671,-2.563,1.831,166.97,62.452,-59.645
-0.724,0.173,-0.841,3.296,32.471,9.094,166.97,61.765,-59.623
-0.397,0.145,-0.745,-1.343,23.682,10.193,167.141,60.227,-59.453
-0.514,0.159,-0.751,-3.906,5.188,2.625,166.959,59.694,-59.425
-0.393,0.109,-0.598,-8.179,6.836,-9.46,166.976,59.48,-58.788
-0.518,0.125,-0.672,-11.658,10.437,-14.404,167.058,59.348,-57.662
-0.374,0.066,-0.591,-13.611,6.47,-23.682,167.338,59.079,-56.124
-0.572,0.142,-0.657,-15.93,0.671,-19.287,167.437,59.431,-54.564
-0.399,0.131,-0.666,-15.686,9.766,-11.414,167.509,59.172,-53.251
-0.315,0.186,-0.686,-11.169,4.639,-3.235,167.135,58.942,-52.603
-0.465,0.24,-0.766,-10.376,-26.489,-3.113,166.723,59.403,-52.317
-0.799,0.323,-0.854,-6.409,-23.987,2.747,166.086,60.606,-52.581
-0.802,0.389,-1.034,-3.906,-5.676,8.606,165.564,60.908,-53.058
-1.219,0.458,-1.201,12.939,22.095,8.057,165.223,61.068,-53.773
-0.442,0.362,-0.949,10.376,52.612,17.578,165.883,58.381,-53.668
-0.458,0.303,-0.889,8.667,6.287,6.958,165.97,57.101,-54.141
-0.459,0.239,-0.71,0.916,-5.31,-8.362,166.212,57.195,-53.915
-0.477,0.227,-0.631,-0.916,-6.653,-2.563,166.185,57.596,-53.762
-0.414,0.261,-0.602,0.183,-1.404,4.822,165.97,57.711,-53.948
-0.317,0.285,-0.568,3.357,-7.507,16.235,165.569,57.673,-54.778
-0.44,0.337,-0.639,11.597,-16.479,21.362,164.938,57.975,-56.376
-0.467,0.297,-0.66,15.259,-14.893,14.526,164.734,58.425,-57.832
-0.463,0.282,-0.653,8.423,-21.362,11.597,164.526,59.008,-59.019
-0.688,0.321,-0.818,6.165,-20.447,9.155,164.185,59.771,-60.073
-0.797,0.367,-0.974,13.367,2.38,12.512,163.971,60.029,-61.051
-0.534,0.239,-0.929,25.696,18.799,3.479,164.729,59.337,-61.403
-0.717,0.167,-1.004,18.127,-8.911,-1.282,165.899,59.15,-61.265
-0.833,0.132,-0.995,17.761,8.362,-3.235,166.822,59.343,-61.111
-0.633,0.115,-0.863,15.137,10.498,-4.456,167.926,58.881,-60.568
-0.533,0.041,-0.799,12.939,13.062,-6.958,169.118,58.469,-59.859
-0.417,0.045,-0.676,-2.197,-4.456,0.793,169.684,58.304,-59.348
-0.576,0.136,-0.667,-7.019,-12.024,2.93,169.316,58.903,-59.485
-0.648,0.158,-0.716,-2.258,1.099,-4.456,169.233,59.227,-59.304
-0.608,0.131,-0.765,5.188,17.09,-11.353,169.849,58.865,-58.519
-0.578,0.061,-0.83,5.371,15.686,-14.465,170.777,58.288,-57.453
-0.549,0.038,-0.787,-2.686,2.014,-13.062,171.431,58.162,-56.415
-0.534,0.045,-0.678,-7.019,-11.169,-14.099,171.738,58.612,-55.525
-0.534,0.055,-0.635,-6.958,-2.502,-16.968,172.018,59.238,-54.547
-0.378,0.044,-0.559,-6.592,7.019,-22.766,172.491,59.464,-53.245
-0.149,-0.021,-0.561,-14.954,12.573,-23.804,173.167,58.964,-51.46
-0.387,0.151,-0.695,-40.527,-45.105,0.793,172.293,59.606,-50.62
-0.86,0.386,-0.849,-29.236,-18.188,11.047,169.893,61.622,-51.526
-1.039,0.602,-1.065,-16.541,-26.001,25.391,167.943,61.809,-52.888
-0.851,0.388,-0.94,13.733,31.494,21.179,167.02,61.771,-54.695
-0.535,0.38,-0.926,19.47,30.457,26.611,167.009,59.639,-55.937
-0.599,0.286,-0.896,26.917,9.583,7.385,167.607,58.694,-56.964
-0.56,0.175,-0.848,22.644,18.982,6.714,168.684,57.942,-57.321
-0.326,0.162,-0.766,7.263,16.846,15.747,169.074,56.794,-57.887
-0.259,0.221,-0.651,1.221,-9.521,16.785,168.591,56.519,-58.964
-0.332,0.264,-0.618,1.892,-19.836,18.433,167.893,56.948,-60.293
-0.418,0.263,-0.657,9.46,-15.564,13.489,167.388,57.475,-61.677
-0.286,0.202,-0.547,2.625,-34.668,15.991,166.97,58.26,-62.968
-0.785,0.325,-0.696,-4.883,-50.293,25.33,165.41,60.161,-65.286
-0.89,0.301,-0.851,3.906,-13.55,10.315,164.416,61.128,-67.0
-1.018,0.217,-1.103,6.531,-11.719,-3.601,164.718,61.507,-67.247
-0.849,0.16,-0.945,15.137,21.301,-3.845,165.267,61.639,-67.236
-0.634,0.115,-0.901,14.16,29.297,2.502,166.415,60.628,-66.693
-0.549,0.148,-0.88,7.507,12.085,9.094,167.003,59.601,-66.703
-0.444,0.108,-0.73,10.254,6.348,-1.648,167.558,59.161,-66.703
-0.507,0.083,-0.675,3.967,-11.414,-4.028,168.173,59.315,-66.44
-0.452,0.009,-0.59,6.165,3.784,-18.25,168.865,59.716,-65.858
-0.414,-0.063,-0.632,1.099,0.977,-34.241,170.305,59.799,-64.001
-0.468,-0.023,-0.637,-11.78,1.892,-24.109,171.387,60.117,-61.963
-0.448,0.082,-0.621,-12.024,-17.395,-17.7,171.722,60.677,-60.617
-0.702,0.13,-0.728,-11.108,-21.912,-13.367,171.777,61.897,-59.865
-0.857,0.205,-0.882,-8.423,-8.911,-13.062,171.755,62.825,-59.293
-0.61,0.176,-0.836,-9.033,10.925,-3.54,171.98,62.666,-58.64
-0.978,0.382,-1.042,1.099,15.442,12.695,171.14,62.342,-59.453
-0.545,0.238,-0.972,12.939,62.012,4.089,171.826,60.068,-59.403
-0.337,0.241,-0.952,5.798,16.785,15.991,171.958,58.046,-59.936
-0.458,0.143,-0.805,9.644,-4.517,-3.052,172.123,57.892,-60.469
-0.519,0.106,-0.663,-3.479,-7.324,-5.859,172.299,58.211,-60.375
-0.424,0.124,-0.615,-15.564,21.362,-8.545,172.002,57.892,-60.079
-0.315,0.209,-0.615,-28.992,16.174,-1.465,171.183,56.865,-59.656
-0.29,0.334,-0.653,-18.494,3.418,8.484,169.75,56.332,-60.057
-0.261,0.302,-0.588,-3.662,-21.79,6.348,168.734,56.459,-60.958
-0.573,0.244,-0.753,6.775,-37.415,3.296,168.14,57.821,-62.172
-0.874,0.21,-0.968,7.263,-14.16,9.399,167.953,59.156,-63.237
-0.621,0.2,-0.791,13.794,-1.404,19.409,167.679,59.425,-64.55
-0.913,0.175,-1.054,13.55,-23.987,13.428,167.772,59.551,-65.819
-0.878,0.131,-1.027,18.738,21.973,13.0,168.151,59.782,-66.769
-0.549,0.093,-0.916,15.198,27.344,18.372,168.909,58.282,-67.242
-0.441,0.104,-0.821,9.338,5.432,23.01,169.063,57.376,-68.291
-0.534,0.173,-0.777,7.69,-4.822,33.63,168.651,57.2,-69.994
-0.503,0.153,-0.677,10.742,-3.357,31.616,168.19,57.019,-71.993
-0.44,0.111,-0.619,13.855,-2.441,22.095,168.102,56.882,-73.548
-0.549,0.117,-0.673,14.893,-3.845,18.494,168.283,56.975,-74.74
-0.383,0.014,-0.683,20.02,12.146,13.184,168.937,56.53,-75.542
-0.341,0.036,-0.681,7.874,-12.207,23.499,169.228,56.448,-76.498
-0.492,0.119,-0.706,11.658,-26.672,35.095,168.783,57.195,-78.47
-0.41,0.166,-0.736,13.55,-16.418,45.044,168.223,57.689,-80.997
-0.719,0.308,-0.87,17.029,-38.025,42.053,167.36,58.436,-83.979
-0.886,0.356,-0.956,19.958,-16.663,48.096,166.591,59.403,-87.061
-0.692,0.387,-0.911,15.564,-22.522,60.73,165.608,59.095,-90.439
-0.906,0.482,-0.983,23.254,-11.658,60.852,164.158,59.392,-94.51
-0.641,0.365,-0.86,34.485,13.428,56.03,163.834,58.337,-97.663
-0.491,0.306,-0.762,47.302,23.438,66.223,163.993,56.558,-100.854
-0.35,0.183,-0.699,57.373,16.113,55.115,165.059,54.679,-103.837
-0.397,0.12,-0.689,55.237,-5.859,49.561,166.459,53.893,-106.633
-0.483,0.112,-0.751,45.349,0.671,55.481,167.437,53.498,-109.655
-0.479,0.148,-0.791,33.936,-9.216,50.232,167.997,53.053,-112.626
-0.565,0.244,-0.85,30.945,-12.146,56.946,168.14,53.015,-115.724
-0.548,0.271,-0.829,36.316,-19.104,66.772,168.118,53.097,-119.438
-0.785,0.391,-1.002,50.11,-3.845,84.595,168.008,53.004,-123.959
-0.367,0.11,-0.885,65.796,-2.441,74.402,169.063,51.817,-128.315
-0.47,-0.153,-0.85,61.035,-4.211,55.42,170.678,51.866,-131.891
-0.342,-0.167,-0.805,38.635,-15.991,66.65,171.766,51.553,-135.132
-0.628,-0.052,-0.805,26.184,-37.476,61.462,171.826,52.608,-138.571
-0.701,-0.04,-0.883,32.959,3.479,56.335,172.04,53.102,-141.454
-0.46,-0.082,-0.851,32.227,14.954,60.303,172.535,52.229,-144.053
-0.334,-0.119,-0.777,26.184,0.061,50.354,173.013,51.493,-146.508
-0.536,-0.013,-0.816,19.531,-19.409,58.228,173.134,51.762,-148.975
-0.484,-0.104,-0.811,31.433,-2.808,56.03,173.298,51.954,-151.765
-0.485,-0.085,-0.85,25.269,-13.855,60.913,173.535,52.053,-154.506
-0.479,-0.085,-0.902,23.193,-14.404,67.505,173.48,52.355,-157.637
-0.464,0.028,-0.898,19.226,-27.344,77.209,172.864,52.916,-161.455
-0.622,0.185,-1.007,20.569,-28.198,79.346,171.859,53.701,-165.839
-0.447,0.185,-0.888,20.02,-14.954,77.087,170.92,54.042,-170.14
-0.24,0.222,-0.862,13.367,-5.371,65.918,169.909,53.427,-174.117
-0.364,0.219,-0.884,15.869,-11.475,40.71,169.233,53.295,-177.237
-0.434,0.203,-0.928,15.259,-3.967,27.71,169.14,53.064,-179.258
-0.365,0.134,-0.907,17.517,3.906,30.09,169.332,52.509,179.05
-0.398,0.153,-0.842,14.221,-14.038,44.006,169.14,52.202,176.693
-0.457,0.173,-0.766,12.512,-20.02,50.232,168.613,52.361,173.743
-0.523,0.247,-0.731,18.005,-16.602,53.65,167.932,52.625,170.53
-0.436,0.251,-0.724,24.658,-7.629,59.326,167.476,52.46,167.25
-0.482,0.291,-0.789,22.827,-14.893,60.181,167.058,52.284,163.834
-0.44,0.297,-0.804,23.438,-13.489,53.223,166.613,52.18,160.488
-0.421,0.338,-0.8,16.541,-20.813,45.654,166.152,52.317,157.484
-0.503,0.348,-0.817,15.381,-24.231,31.86,165.646,52.888,154.874
-0.702,0.41,-0.976,13.245,-24.353,31.555,165.229,53.553,152.682
-0.712,0.305,-1.018,26.672,-6.836,25.757,165.322,53.839,150.809
-0.411,0.189,-0.814,25.818,-20.203,39.246,165.558,53.965,148.645
-0.516,0.023,-0.805,37.659,-12.573,30.457,166.064,54.421,146.069
-0.512,0.068,-0.777,28.992,-15.32,40.1,166.761,54.651,143.701
-0.602,0.086,-0.857,36.072,6.165,51.819,167.278,54.174,140.548
-0.452,0.042,-0.916,40.649,38.086,49.927,168.272,52.388,137.576
-0.153,0.025,-0.932,28.809,27.649,47.729,169.294,50.015,134.72
-0.247,0.038,-0.835,26.55,-3.235,34.18,169.98,49.098,131.737
-0.417,0.106,-0.872,19.47,-16.846,37.598,170.469,49.103,128.815
-0.417,0.046,-0.858,24.475,2.258,22.705,171.046,49.103,126.118
-0.289,0.026,-0.817,10.559,-16.113,15.869,171.722,48.922,124.162
-0.568,0.08,-0.867,6.958,-10.437,5.981,171.909,49.686,122.36
-0.393,0.024,-0.782,1.343,-5.188,0.61,172.332,49.768,121.256
-0.514,0.069,-0.843,1.587,1.221,-3.235,172.513,50.059,120.218
-0.347,0.066,-0.811,-0.488,7.141,-5.615,172.903,49.79,119.619
-0.335,0.066,-0.771,-5.981,-11.963,-10.681,173.04,49.955,119.02
-0.404,0.027,-0.714,-14.526,-23.254,-30.273,173.139,50.982,119.092
-0.437,0.07,-0.679,-19.958,-25.391,-35.767,173.095,52.487,119.8
-0.273,0.062,-0.609,-16.357,-29.968,-49.927,173.43,54.091,121.146
-0.566,0.103,-0.729,-14.954,-69.153,-50.598,174.073,56.942,122.893
-1.003,0.179,-0.947,-2.625,-29.663,-32.227,174.776,59.793,124.129
-0.708,0.171,-0.975,-3.967,-6.592,-5.615,175.32,60.397,124.634
-1.044,0.251,-1.115,1.282,-1.526,9.766,174.935,61.018,123.772
-0.727,0.295,-1.049,1.465,48.401,28.748,174.298,59.304,122.492
-0.332,0.209,-0.885,4.944,22.949,21.667,173.666,57.365,120.861
-0.49,0.213,-0.763,5.859,-11.414,15.625,173.15,57.464,119.449
-0.49,0.193,-0.688,11.536,3.601,18.982,172.93,57.502,118.07
-0.343,0.188,-0.638,15.015,2.136,29.724,172.694,57.014,116.285
-0.478,0.254,-0.694,15.503,-9.399,37.964,172.139,56.97,113.868
-0.414,0.236,-0.675,15.808,-10.437,43.396,171.442,56.926,111.044
-0.438,0.268,-0.671,15.686,-19.714,37.17,170.607,57.277,108.144
-0.526,0.267,-0.686,16.113,-29.968,34.851,169.821,58.151,105.326
-0.507,0.212,-0.657,18.921,-20.447,24.475,169.299,59.101,102.81
-0.343,0.155,-0.583,14.648,-32.104,21.179,169.008,59.974,100.607
-0.786,0.19,-0.738,9.827,-49.683,12.512,168.393,62.073,98.262
-0.929,0.213,-0.857,8.362,-20.691,9.766,168.03,63.484,96.207
-0.906,0.157,-0.97,12.024,-0.366,3.723,168.426,63.6,94.774
-0.963,0.158,-1.126,20.874,21.24,3.601,169.316,63.215,93.593
-0.615,0.085,-0.877,18.555,2.869,8.85,170.294,62.446,92.175
-0.705,0.043,-0.828,13.611,7.874,0.305,171.074,62.452,90.769
-0.406,0.018,-0.666,1.099,14.038,5.066,171.59,61.655,89.588
-0.461,0.114,-0.621,-12.634,-9.338,4.761,171.079,61.463,87.957
-0.62,0.14,-0.663,-8.362,-2.502,-5.188,170.645,61.787,86.743
-0.65,0.134,-0.749,-0.488,10.864,-8.301,170.843,61.639,86.05
-0.717,0.109,-0.84,3.418,9.644,-10.132,171.431,61.243,85.49
-0.799,0.083,-0.895,2.441,12.085,-13.0,172.222,60.936,85.1
-0.504,0.032,-0.7,-1.709,9.644,-10.803,172.941,60.447,84.721
-0.545,0.053,-0.607,-6.042,-9.277,-12.207,173.167,60.694,84.056
-0.582,0.043,-0.608,-4.639,8.362,-23.438,173.677,61.062,83.875
-0.357,-0.057,-0.543,-9.277,23.56,-26.062,174.606,60.381,84.32
-0.291,-0.059,-0.569,-25.33,5.005,-30.151,174.93,59.892,84.902
-0.292,-0.035,-0.549,-35.583,-7.263,-33.142,174.831,60.172,85.858
-0.623,0.139,-0.738,-48.95,-42.297,-13.794,173.496,61.534,85.99
-0.99,0.362,-0.883,-24.658,-5.188,-8.24,171.771,63.188,85.38
-1.141,0.549,-1.042,-23.132,1.038,22.522,170.359,62.759,84.562
-0.708,0.44,-1.019,10.193,53.772,11.108,169.86,60.848,84.012
-0.474,0.368,-1.068,20.447,29.724,2.197,170.502,58.793,84.375
-0.535,0.202,-0.969,16.174,7.446,-10.437,171.579,58.057,85.062
-0.479,0.126,-0.763,0.427,-1.526,-9.827,172.183,57.876,85.732
-0.527,0.201,-0.687,-7.141,-3.418,-4.578,172.007,58.14,85.99
-0.372,0.208,-0.575,-4.211,-2.747,3.113,171.634,58.14,85.99
-0.45,0.244,-0.579,2.014,-7.568,12.512,171.057,58.425,85.49
-0.39,0.256,-0.599,9.338,1.709,19.47,170.612,58.288,84.71
-0.313,0.242,-0.604,15.686,-3.601,20.081,170.316,57.986,83.694
-0.417,0.219,-0.645,16.907,-23.926,14.16,170.244,58.403,82.711
-0.521,0.166,-0.751,10.925,-26.733,15.442,170.123,59.31,81.584
-1.021,0.286,-1.036,11.475,-22.156,22.4,169.448,60.601,79.75
-0.734,0.117,-0.9,19.531,8.972,0.61,169.926,60.502,78.574
-0.967,0.081,-0.931,10.498,-14.099,-15.503,170.997,60.991,78.278
-0.655,-0.046,-0.833,9.216,28.87,-22.156,172.595,60.463,78.602
-0.465,0.028,-0.813,-10.01,20.813,10.01,172.991,59.332,77.964
-0.461,0.166,-0.792,-11.169,6.653,20.813,171.936,58.557,75.855
-0.449,0.164,-0.735,-5.432,5.005,9.399,171.277,58.107,74.257
-0.542,0.155,-0.72,-2.563,-1.831,4.456,170.859,58.052,73.004
-0.471,0.085,-0.696,2.258,2.014,-11.108,171.161,57.991,72.449
-0.715,0.094,-0.834,7.568,5.005,-10.742,171.749,58.26,72.12
-0.447,-0.015,-0.69,1.648,4.15,-15.625,172.766,57.953,71.96
-0.524,0.033,-0.679,-5.371,-5.127,-9.155,173.09,58.277,71.455
-0.521,0.045,-0.679,-7.141,5.249,-10.315,173.276,58.409,70.884
-0.394,0.011,-0.623,-11.475,2.563,-10.803,173.403,58.244,70.422
-0.373,0.006,-0.625,-18.127,-10.498,-12.573,173.243,58.497,70.126
-0.546,0.073,-0.78,-24.048,-30.701,-8.24,172.683,59.474,69.818
-0.695,0.145,-0.809,-23.132,-39.368,0.854,171.59,61.227,69.011
-0.799,0.297,-0.92,-23.56,-13.611,18.555,169.893,62.512,67.527
-1.276,0.475,-1.151,-12.451,-3.418,20.203,167.932,63.029,65.989
-0.636,0.436,-0.952,-4.7,72.937,26.306,167.261,60.381,66.154
-0.232,0.431,-0.88,8.057,29.358,13.245,166.904,57.557,66.703
-0.42,0.247,-0.754,10.62,-18.25,-6.714,167.393,57.574,67.791
-0.58,0.216,-0.672,4.822,-6.592,-0.427,167.547,58.184,68.648
-0.53,0.268,-0.64,0.488,-5.859,4.028,167.41,58.326,69.346
-0.496,0.297,-0.626,5.066,-3.662,15.32,167.02,58.343,69.725
-0.5,0.332,-0.64,10.193,-2.563,15.564,166.624,58.26,69.983
-0.348,0.248,-0.624,18.799,4.7,10.986,166.91,57.81,70.724
-0.46,0.268,-0.677,18.188,-17.273,10.071,167.179,57.887,71.147
-0.548,0.196,-0.72,21.118,-5.554,3.54,167.651,58.359,71.581
-0.471,0.136,-0.749,12.268,-8.179,-4.761,168.333,58.574,72.334
-0.708,0.169,-0.899,-0.305,-27.893,-2.808,168.646,59.365,72.603
-0.901,0.209,-0.982,-0.61,-13.672,-7.263,168.497,60.535,72.191
-0.662,0.125,-0.81,-0.916,-10.193,-19.287,169.025,61.117,72.394
-0.744,0.125,-0.773,-2.93,-20.569,-9.644,169.349,62.166,72.367
-0.843,0.159,-0.793,-0.977,-21.362,-4.639,169.431,63.32,71.526
-0.932,0.208,-0.871,12.512,5.127,7.141,169.706,63.77,69.714
-0.66,0.1,-0.765,23.438,23.926,10.925,170.645,62.82,67.176
-0.504,0.035,-0.695,15.503,16.602,14.16,171.469,61.749,64.847
-0.545,0.075,-0.665,4.211,5.981,11.719,171.568,61.243,62.584
-0.577,0.085,-0.647,0.732,2.625,0.549,171.645,61.046,60.65
-0.668,0.084,-0.715,0.671,9.949,-8.362,172.095,60.859,59.178
-0.514,0.01,-0.678,2.258,18.066,-16.907,172.98,60.211,58.156
-0.431,-0.08,-0.677,0.366,24.292,-34.973,174.216,59.568,58.129
-0.19,-0.133,-0.535,-17.517,1.526,-26.672,175.325,58.958,58.881
-0.405,0.011,-0.538,-34.607,-29.907,-9.644,174.732,59.804,58.876
-0.536,0.15,-0.684,-29.541,-30.334,-8.667,173.551,61.144,58.42
-0.837,0.219,-0.892,-7.996,-27.527,-22.461,173.013,62.875,59.464
-0.837,0.183,-0.937,-4.395,-14.282,-22.766,173.617,64.028,63.226
-1.299,0.308,-1.15,0.061,14.282,-10.193,173.793,64.715,66.797
-0.633,0.226,-0.982,-4.761,55.603,4.395,174.106,62.457,70.483
-0.366,0.27,-0.864,-5.005,5.615,3.967,173.546,60.65,72.828
-0.537,0.204,-0.683,0.366,-20.996,-7.996,173.502,61.276,75.168
-0.571,0.154,-0.588,-0.488,-12.024,-6.287,173.573,61.968,77.734
-0.608,0.214,-0.626,-2.197,4.028,6.592,173.287,62.106,80.107
-0.389,0.221,-0.559,2.502,10.498,19.653,172.639,61.309,81.727
-0.518,0.259,-0.632,11.597,-6.226,17.395,172.068,61.078,82.837
-0.517,0.201,-0.629,14.893,-6.226,10.803,172.079,61.133,84.282
-0.534,0.169,-0.66,14.282,-8.179,8.362,172.233,61.298,85.924
-0.669,0.185,-0.802,12.756,-13.0,12.878,172.205,61.639,87.308
-0.853,0.103,-0.842,10.132,-7.141,24.597,171.958,62.292,88.325
-0.599,0.106,-1.0,0.793,-13.977,28.809,171.074,61.897,88.802
-1.283,0.255,-1.125,15.015,0.122,16.174,170.002,63.666,89.253
-0.636,0.129,-0.816,27.527,40.833,5.005,170.804,61.886,91.664
-0.526,0.032,-0.84,21.79,32.593,5.676,172.167,60.134,94.334
-0.339,0.046,-0.706,7.935,14.648,18.738,172.573,58.903,95.828
-0.5,0.058,-0.677,0.061,-3.174,3.845,172.48,58.672,96.641
-0.555,0.072,-0.666,-5.31,-0.244,-9.399,172.496,58.892,98.487
-0.56,0.0,-0.664,-6.653,10.559,-32.41,172.969,58.953,101.871
-0.474,-0.06,-0.641,-15.198,19.714,-44.678,173.93,58.629,107.045
-0.431,-0.057,-0.634,-31.921,-1.343,-39.917,174.276,58.645,112.236
-0.597,0.069,-0.653,-31.067,3.357,-35.339,173.903,59.37,116.971
-0.33,0.044,-0.528,-30.64,5.005,-28.625,173.655,59.348,121.349
-0.572,0.149,-0.729,-35.767,-24.109,-23.804,172.93,60.183,124.711
-0.962,0.276,-1.023,-24.597,0.0,-26.794,172.282,61.161,127.892
-0.778,0.299,-1.048,-23.804,7.446,-14.404,172.04,60.996,131.193
-0.787,0.389,-1.011,-9.338,16.724,3.479,171.107,60.716,132.913
-0.653,0.369,-1.04,-0.122,49.805,3.052,171.052,59.024,134.857
-0.325,0.31,-0.953,3.235,29.663,3.723,171.035,56.744,136.346
-0.585,0.3,-0.924,-2.869,-5.432,-5.066,170.903,56.316,137.499
-0.393,0.223,-0.721,-3.235,4.7,-9.399,170.936,56.096,139.092
-0.361,0.233,-0.582,-3.723,-16.785,2.136,170.64,56.409,140.246
-0.432,0.266,-0.577,-3.113,-20.325,11.78,169.937,57.118,140.57
-0.458,0.283,-0.62,0.0,-10.986,11.536,169.156,57.607,140.685
-0.472,0.296,-0.706,4.7,1.221,10.437,168.646,57.662,141.07
-0.221,0.216,-0.593,5.066,-10.559,6.287,168.437,57.513,141.575
-0.406,0.246,-0.668,-1.587,-48.889,12.085,167.723,58.865,141.284
-0.843,0.236,-0.741,4.517,-39.551,12.817,166.602,61.089,140.499
-0.858,0.205,-0.808,-2.747,-29.846,8.728,165.861,62.336,140.746
-1.033,0.187,-0.939,0.366,-11.719,1.709,165.174,63.375,141.35
-0.895,0.189,-0.965,5.798,22.888,0.183,165.597,62.88,143.284
-0.698,0.164,-0.927,16.846,33.081,8.118,166.306,61.567,144.992
-0.484,0.061,-0.835,23.804,22.4,4.211,167.602,60.266,146.58
-0.453,0.042,-0.709,11.047,-8.423,16.174,168.316,59.947,147.195
-0.519,0.039,-0.619,10.925,-0.671,6.653,168.437,60.315,147.404
-0.489,0.031,-0.565,6.348,-2.625,-4.761,168.997,60.485,148.799
-0.481,-0.005,-0.591,2.563,8.24,-9.521,169.772,60.59,150.969
-0.457,0.025,-0.609,-0.977,6.226,-5.798,170.277,60.425,153.166
-0.439,0.065,-0.599,-1.587,-3.418,-6.714,170.684,60.59,155.154
-0.567,0.131,-0.638,3.662,-14.709,-0.732,170.887,61.238,156.478
-0.612,0.055,-0.8,10.559,0.061,-4.395,171.502,61.666,157.786
-0.778,0.142,-0.911,-1.831,-14.16,2.869,171.777,62.177,158.84
-0.863,0.264,-1.048,-6.287,-1.343,9.949,171.486,62.287,159.483
-0.944,0.332,-1.107,11.536,25.208,12.268,171.183,61.809,159.631
-0.618,0.283,-1.077,18.005,41.199,17.578,171.612,59.744,159.901
-0.538,0.182,-0.957,16.357,24.292,5.066,172.271,58.167,160.153
-0.392,0.121,-0.739,12.695,17.151,-2.991,173.007,57.151,160.796
-0.382,0.101,-0.641,5.676,-4.517,-2.441,173.463,56.937,161.367
-0.39,0.104,-0.59,3.601,-5.737,7.385,173.568,57.162,161.625
-0.41,0.183,-0.614,1.648,-7.996,27.832,172.897,57.343,160.768
-0.484,0.259,-0.677,8.118,-8.301,39.062,171.887,57.42,159.159
-0.411,0.229,-0.65,17.334,-10.132,28.87,171.189,57.431,157.412
-0.49,0.153,-0.698,16.235,-16.785,16.296,171.151,57.892,156.423
-0.681,0.159,-0.873,10.437,-13.672,13.489,171.112,58.464,155.77
-0.793,0.203,-0.982,8.728,4.639,25.574,170.903,58.607,155.204
-0.505,0.139,-0.908,14.465,7.324,39.429,170.442,57.772,153.979
-0.838,0.209,-1.022,16.968,-13.306,43.213,169.783,57.854,151.853
-0.569,0.157,-0.88,24.17,-3.357,42.786,169.508,57.458,149.766
-0.792,0.129,-0.889,27.588,-14.771,34.607,169.492,57.761,147.645
-0.642,0.049,-0.797,24.841,7.263,29.053,169.958,57.579,146.47
-0.425,0.022,-0.677,14.099,9.766,34.607,170.096,56.816,145.399
-0.485,0.07,-0.653,5.066,-9.46,25.208,169.673,56.783,143.882
-0.466,0.046,-0.599,3.967,-1.892,16.418,169.514,56.937,143.086
-0.461,0.044,-0.625,-5.188,-13.428,17.395,169.189,57.151,142.103
-0.455,0.091,-0.596,-0.671,-0.122,15.259,168.591,57.546,140.79
-0.313,0.054,-0.587,-4.761,-10.193,16.541,168.333,57.513,139.565
-0.573,0.266,-0.802,-2.991,-5.188,43.762,167.042,57.711,136.802
-0.471,0.307,-0.876,17.273,0.793,58.044,165.981,56.981,133.742
-0.599,0.411,-1.06,21.362,-30.029,71.35,164.954,56.569,129.65
-0.97,0.511,-1.175,36.316,-3.601,85.266,163.422,56.684,124.415
-0.593,0.313,-1.015,38.452,3.418,58.777,163.372,55.157,120.751
-0.593,0.243,-0.901,30.518,-0.854,55.664,163.526,54.366,117.35
-0.417,0.225,-0.744,30.457,0.977,53.467,163.597,53.503,113.604
-0.379,0.205,-0.707,35.889,-10.254,48.828,163.949,52.932,109.792
-0.437,0.224,-0.699,34.973,-18.86,55.847,164.339,52.888,105.623
-0.488,0.239,-0.728,30.64,-22.949,61.401,164.377,52.993,100.838
-0.606,0.333,-0.868,29.785,-5.798,68.604,164.037,52.718,95.598
-0.411,0.257,-0.929,39.856,12.024,51.27,164.46,51.487,91.049
-0.404,0.237,-0.871,22.888,-22.461,57.312,164.751,51.119,86.88
-0.675,0.325,-0.93,16.296,-30.518,76.355,163.806,51.389,81.222
-0.526,0.286,-0.887,33.386,4.028,68.054,163.323,50.702,75.421
-0.327,0.165,-0.768,40.588,-2.991,56.824,163.911,49.719,70.516
-0.33,0.066,-0.696,34.424,-30.212,58.167,164.641,49.68,65.748
-0.698,0.203,-0.804,42.908,-26.306,73.608,164.778,50.284,59.897
-0.561,0.105,-0.853,58.899,12.878,82.275,165.959,49.268,53.954
-0.262,-0.017,-0.809,54.077,4.761,85.388,167.465,47.598,47.983
-0.438,0.041,-0.8,34.729,-36.804,78.979,168.151,47.422,41.968
-0.697,0.082,-0.818,35.645,-16.296,69.885,168.448,48.093,36.277
-0.524,0.043,-0.827,32.166,-5.432,67.505,169.025,47.796,31.113
-0.529,0.039,-0.91,27.771,-0.854,67.017,169.486,47.351,26.175
-0.375,0.042,-0.888,24.78,-2.991,63.782,169.816,46.807,21.451
-0.417,0.072,-0.948,20.996,-9.216,61.89,169.986,46.527,16.968
-0.401,0.126,-1.01,18.738,3.418,50.415,170.074,46.214,12.958
-0.156,0.11,-1.004,13.123,14.893,42.786,170.332,45.148,9.948
-0.05,0.182,-0.922,-1.77,-16.724,45.776,169.92,44.566,7.059
-0.431,0.347,-0.968,3.235,-30.212,53.833,168.882,45.308,3.604
-0.385,0.308,-0.932,20.508,-8.972,54.199,168.508,45.297,-0.115
-0.285,0.218,-0.839,26.917,-17.761,49.744,168.728,45.22,-3.691
-0.396,0.209,-0.789,22.339,-24.536,47.363,168.915,45.786,-7.207
-0.35,0.244,-0.737,20.874,-14.343,49.805,168.898,46.071,-10.816
-0.375,0.271,-0.76,18.677,-17.456,48.035,168.777,46.379,-14.403
-0.316,0.313,-0.799,15.137,-12.329,52.185,168.503,46.478,-18.034
-0.317,0.361,-0.913,15.503,-14.587,57.068,168.003,46.39,-21.901
-0.271,0.321,-0.952,20.264,-22.583,50.049,167.596,46.516,-25.719
-0.61,0.408,-1.06,12.39,-42.419,64.331,166.954,47.384,-29.663
-0.577,0.216,-1.052,23.438,-20.569,54.565,166.377,47.928,-34.003
-0.246,0.044,-0.88,23.132,-15.198,34.851,166.536,47.988,-37.068
-0.454,0.088,-0.798,14.771,-44.495,37.537,166.641,49.059,-39.529
-0.554,0.098,-0.813,28.015,-13.184,46.997,166.772,49.933,-42.363
-0.498,0.137,-0.92,37.048,15.747,56.58,167.432,49.131,-45.28
-0.214,0.03,-0.894,39.734,23.254,53.711,168.591,47.401,-47.999
-0.15,0.038,-0.834,16.296,-17.395,48.096,169.156,46.747,-50.438
-0.438,0.123,-0.825,12.634,-18.677,35.645,169.052,47.362,-52.696
-0.326,0.102,-0.758,5.92,-10.803,22.034,169.156,47.532,-54.042
-0.474,0.15,-0.839,4.333,-11.658,12.085,169.162,47.906,-54.97
-0.389,0.077,-0.796,7.202,-2.808,-9.583,169.673,48.214,-54.948
-0.419,0.079,-0.754,-0.793,-14.893,-9.094,170.107,48.851,-54.514
-0.382,0.039,-0.78,-3.967,4.7,-11.292,170.519,49.224,-53.904
-0.277,0.078,-0.716,-11.841,-2.625,-10.864,170.42,49.356,-53.427
-0.385,0.095,-0.765,-22.461,-18.433,-24.475,170.217,50.021,-52.383
-0.237,0.075,-0.714,-16.968,-10.254,-39.612,170.035,51.004,-50.817
-0.57,0.228,-0.875,-29.297,-55.115,-23.987,169.673,52.877,-49.241
-0.648,0.251,-0.798,-5.859,-20.203,-21.912,169.129,55.25,-48.774
-0.949,0.421,-1.035,-7.507,-30.762,-8.301,169.091,56.607,-48.4
-0.541,0.192,-0.911,9.766,23.132,-19.714,169.777,56.75,-48.076
-0.6,0.333,-0.989,-2.747,2.502,-3.845,170.206,56.305,-47.543
-0.563,0.239,-0.977,2.563,19.531,-17.517,170.618,55.772,-47.159
-0.454,0.199,-0.86,-4.883,11.536,-21.179,171.134,55.228,-46.137
-0.511,0.232,-0.808,-10.376,7.568,-15.686,171.172,55.069,-45.357
-0.37,0.229,-0.722,-7.385,21.545,-10.803,171.096,54.344,-44.819
-0.224,0.248,-0.652,-7.568,10.315,-2.014,170.821,53.569,-44.676
-0.329,0.273,-0.674,-4.272,-2.686,11.353,170.189,53.383,-45.379
-0.331,0.315,-0.673,-1.16,-5.371,18.616,169.382,53.223,-46.763
-0.448,0.361,-0.748,6.165,-7.935,23.499,168.64,53.278,-48.565
-0.349,0.306,-0.67,13.489,-0.732,25.513,168.201,53.08,-50.598
-0.362,0.325,-0.712,14.771,-22.888,17.639,167.91,53.267,-52.57
-0.683,0.26,-0.934,20.264,-23.071,3.784,168.107,54.344,-53.981
-0.744,0.222,-0.987,15.564,-1.343,7.263,168.602,54.893,-54.75
-0.549,0.111,-0.994,14.771,5.31,-1.221,169.239,54.597,-55.14
-0.572,0.094,-0.917,5.188,-5.92,-8.301,169.849,54.921,-54.893
-0.681,0.111,-0.899,1.77,-2.319,-5.005,170.255,55.212,-54.498
-0.622,0.101,-0.912,7.751,19.104,-4.272,170.788,54.948,-54.091
-0.485,0.064,-0.891,10.01,26.55,1.343,171.573,53.871,-53.652
-0.356,0.058,-0.82,5.188,16.968,6.226,172.073,52.828,-53.536
-0.437,0.084,-0.788,4.028,7.507,4.089,172.271,52.355,-53.602
-0.443,0.054,-0.821,5.981,17.09,-1.16,172.705,51.768,-53.339
-0.406,-0.002,-0.878,2.93,15.076,-8.179,173.265,51.015,-52.74
-0.346,-0.055,-0.838,-0.427,13.245,-20.935,173.963,50.449,-51.443
-0.236,-0.094,-0.606,-10.498,-2.747,-23.621,174.463,50.51,-49.785
-0.174,0.05,-0.553,-26.123,-7.812,-22.583,174.348,50.916,-48.098
-0.35,0.16,-0.611,-23.193,-19.348,-32.837,173.875,51.817,-46.351
-0.417,0.133,-0.762,-15.381,-8.85,-32.837,173.969,52.559,-44.368
-0.766,0.207,-0.979,-12.024,-7.568,-27.405,174.007,53.399,-42.874
-0.702,0.29,-1.295,-8.362,23.132,-17.212,174.265,52.872,-41.633
-0.622,0.252,-1.23,2.808,35.767,-9.094,174.518,51.927,-41.028
-0.339,0.356,-1.183,-3.479,30.273,9.216,174.485,50.054,-40.984
-0.364,0.302,-1.006,14.038,20.447,8.301,174.391,48.884,-41.721
-0.207,0.138,-0.836,10.254,-9.705,-2.319,174.853,48.301,-42.028
-0.548,0.162,-0.798,5.005,-15.991,-4.822,174.996,49.274,-42.116
-0.273,0.114,-0.654,0.061,11.78,0.488,175.084,49.114,-42.193
-0.288,0.236,-0.683,-4.211,-4.883,12.512,174.567,48.999,-42.825
-0.274,0.227,-0.732,0.183,0.854,15.442,174.001,48.867,-43.934
-0.349,0.257,-0.792,-0.793,-5.798,16.785,173.375,48.889,-45.132
-0.273,0.251,-0.737,0.0,-15.625,13.855,172.722,49.202,-46.478
-0.39,0.276,-0.716,4.578,-23.682,1.526,172.321,50.18,-47.368
-0.512,0.229,-0.867,12.573,-21.118,-9.033,172.59,51.158,-47.725
-0.748,0.143,-1.056,16.785,-4.028,-10.315,173.37,52.048,-47.697
-0.432,0.032,-0.9,9.766,4.761,-13.367,174.199,52.042,-47.291
-0.811,-0.021,-1.022,2.136,-18.188,-19.897,174.941,52.52,-46.318
-0.497,-0.009,-1.028,0.977,39.49,-0.61,175.468,51.888,-45.566
-0.299,0.022,-1.04,0.122,17.578,13.0,175.589,50.394,-45.599
-0.292,0.061,-0.973,3.174,3.784,19.409,175.457,49.785,-46.192
-0.252,0.055,-0.808,1.709,-18.982,18.372,175.292,49.828,-46.939
-0.458,0.057,-0.724,0.61,-31.677,13.123,174.996,51.026,-47.697
-0.532,0.046,-0.748,6.348,-8.545,0.427,175.018,51.998,-48.071
-0.426,-0.01,-0.738,7.019,4.028,-6.592,175.616,52.114,-47.736
-0.342,-0.06,-0.765,4.761,9.033,-11.719,176.331,51.823,-47.021
-0.28,-0.07,-0.709,-5.554,-8.179,-5.798,176.71,51.927,-46.258
-0.412,-0.023,-0.711,-10.01,-17.273,-2.258,176.534,52.685,-45.873
-0.312,0.023,-0.662,-15.259,-17.761,6.226,176.034,53.399,-45.797
-0.538,0.118,-0.855,-13.916,-29.968,9.521,175.155,54.547,-46.214
-0.665,0.17,-0.948,-7.385,-17.151,9.277,174.419,55.613,-46.851
-0.686,0.212,-1.022,-10.437,-21.973,14.221,173.661,56.349,-47.686
-0.999,0.329,-1.157,1.465,14.038,14.709,172.837,56.849,-48.878
-0.506,0.245,-1.143,9.521,56.641,8.972,173.139,54.602,-49.301
-0.253,0.137,-1.051,6.653,21.606,-1.831,173.589,52.553,-49.378
-0.404,0.104,-0.869,-5.859,-11.292,-11.23,173.754,52.465,-48.999
-0.465,0.14,-0.754,-8.484,-11.353,-7.324,173.573,53.036,-48.532
-0.401,0.163,-0.661,-6.653,-9.094,8.362,173.112,53.47,-48.757
-0.488,0.192,-0.682,-2.502,-8.789,15.869,172.43,53.882,-49.763
-0.398,0.211,-0.683,2.441,7.69,16.968,171.887,53.69,-50.982
-0.458,0.246,-0.774,10.071,8.972,17.334,171.628,53.256,-52.18
-0.318,0.174,-0.734,13.733,4.944,14.709,171.766,52.657,-53.273
-0.285,0.111,-0.66,2.319,-21.362,18.127,171.628,52.932,-54.448
-0.446,0.196,-0.735,-0.244,-18.982,14.282,170.843,53.888,-55.882
-0.428,0.179,-0.812,-2.502,-15.808,3.357,170.541,54.432,-56.497
-0.676,0.246,-0.98,-0.244,-21.362,-0.366,170.14,55.426,-57.052
-0.614,0.196,-0.935,-0.122,-7.69,-10.986,170.288,56.157,-56.893
-0.89,0.223,-1.05,0.61,-14.343,-4.761,170.425,56.717,-56.728
-0.784,0.149,-1.076,19.897,31.494,-16.785,171.348,56.376,-56.228
-0.33,-0.008,-0.932,21.729,37.72,-13.306,173.287,54.569,-54.888
-0.158,-0.033,-0.682,-2.747,-22.278,12.695,173.842,54.141,-54.816
-0.553,0.137,-0.644,-14.404,-55.542,25.146,172.716,56.014,-56.113
-0.803,0.24,-0.688,1.709,-20.508,13.55,171.464,57.881,-57.816
-0.778,0.155,-0.768,18.433,28.809,-8.911,171.985,57.805,-58.052
-0.438,-0.054,-0.757,21.606,49.133,-23.682,173.837,56.052,-56.865
-0.311,-0.13,-0.833,-4.395,29.297,-15.015,175.254,54.327,-55.355
-0.383,-0.011,-0.775,-13.977,16.235,-18.066,175.353,53.487,-54.267
-0.308,-0.027,-0.631,-17.456,4.761,-28.442,175.501,53.13,-52.646
-0.165,-0.034,-0.5,-25.33,3.296,-28.198,175.529,53.108,-50.762
-0.254,0.152,-0.624,-43.03,-16.113,3.906,174.265,53.333,-49.911
-0.848,0.426,-1.056,-19.958,-14.832,14.221,172.211,54.13,-50.889
-0.377,0.3,-0.995,-3.174,29.724,18.372,171.612,53.108,-51.85
-0.763,0.511,-1.144,5.005,-16.113,31.982,170.574,52.927,-53.866
-0.421,0.343,-1.102,15.137,37.231,24.719,170.629,51.581,-55.585
-0.457,0.331,-1.128,23.56,17.822,15.93,170.914,50.312,-56.937
-0.234,0.19,-0.866,16.052,7.812,7.019,171.606,49.378,-57.634
-0.354,0.204,-0.733,8.728,-18.555,8.057,171.727,49.719,-58.491
-0.255,0.171,-0.562,9.338,-13.367,10.071,171.766,50.279,-59.387
-0.333,0.215,-0.607,11.23,-20.447,24.536,171.595,50.949,-60.837
-0.327,0.218,-0.705,15.869,-7.202,30.823,171.326,51.229,-62.957
-0.243,0.19,-0.795,16.174,-10.437,22.217,171.244,51.262,-64.902
-0.472,0.192,-0.967,0.671,-54.016,14.709,171.063,52.306,-66.346
-0.918,0.234,-1.042,3.54,-35.645,11.23,170.294,54.613,-67.928
-0.628,0.107,-1.008,8.057,-8.24,-13.306,170.502,55.366,-68.297
-0.996,0.148,-1.115,12.756,6.47,-14.465,171.288,56.343,-67.665
-0.531,-0.017,-0.955,16.724,48.462,-20.752,172.919,54.937,-66.352
-0.25,-0.017,-0.921,-1.465,25.085,-0.61,173.859,53.168,-65.358
-0.323,0.077,-0.822,-7.812,-8.911,6.348,173.535,52.993,-65.544
-0.479,0.135,-0.735,-11.78,-17.334,3.235,172.996,53.624,-65.77
-0.474,0.104,-0.686,-2.441,-4.456,-7.935,172.798,54.119,-65.715
-0.528,0.061,-0.76,1.709,6.348,-22.766,173.375,54.24,-64.753
-0.369,-0.034,-0.747,1.038,16.357,-25.391,174.337,53.773,-63.259
-0.281,-0.059,-0.712,-10.193,0.305,-21.24,174.935,53.547,-61.771
-0.377,0.024,-0.675,-12.085,-14.587,-22.766,174.996,54.201,-60.54
-0.337,0.016,-0.635,-10.803,-16.357,-24.597,175.331,55.031,-59.068
-0.578,0.066,-0.811,-17.334,-31.555,-15.198,175.353,56.223,-57.953
-0.751,0.129,-0.918,-14.099,-16.235,-19.775,175.067,57.684,-57.228
-0.595,0.234,-0.944,-17.517,2.991,2.808,174.633,58.101,-56.777
-0.893,0.332,-1.076,5.31,13.428,13.977,173.672,58.046,-57.832
-0.552,0.274,-1.054,9.521,43.457,22.583,173.738,56.321,-58.766
-0.422,0.233,-1.005,15.198,21.423,22.4,173.54,54.531,-60.359
-0.434,0.143,-0.924,9.705,7.08,3.601,173.826,53.734,-61.161
-0.386,0.123,-0.789,-0.549,-6.958,11.169,173.754,53.63,-61.754
-0.409,0.188,-0.677,-2.197,-13.306,22.034,172.969,54.069,-63.1
-0.362,0.253,-0.637,-1.709,-13.611,34.912,171.909,54.371,-65.105
-0.366,0.277,-0.629,11.597,-2.869,34.119,170.958,54.371,-67.582
-0.378,0.313,-0.704,18.494,-12.634,34.973,170.535,54.349,-69.961
-0.343,0.184,-0.674,22.4,-18.25,26.367,170.442,54.69,-72.323
-0.477,0.211,-0.744,12.024,-31.372,20.935,170.14,55.8,-74.317
-0.676,0.188,-0.899,10.925,-22.766,9.644,170.052,56.805,-75.613
-0.686,0.17,-0.989,15.503,7.263,11.963,170.123,57.167,-76.553
-0.475,0.083,-0.865,14.771,-13.367,-0.122,170.76,57.09,-76.921
-0.899,0.123,-0.934,6.592,-34.424,-2.869,171.178,58.486,-77.113
-0.913,0.082,-0.961,14.038,22.095,-4.456,171.826,59.024,-76.97
-0.606,0.017,-0.929,15.808,42.725,-3.845,173.024,57.48,-76.289
-0.306,-0.044,-0.812,4.883,30.09,-2.686,174.045,55.723,-75.586
-0.319,0.045,-0.701,-9.338,-5.005,3.967,174.073,55.129,-75.339
-0.541,0.087,-0.689,-11.963,-12.207,-3.967,173.639,55.673,-75.251
-0.54,0.073,-0.716,-4.15,18.005,-15.625,173.666,55.734,-74.537
-0.472,0.036,-0.798,-2.258,27.71,-22.278,174.32,54.789,-73.103
-0.169,-0.092,-0.748,-8.789,16.846,-25.146,175.045,53.729,-71.367
-0.218,-0.069,-0.672,-23.926,-20.813,-18.372,174.968,54.113,-69.851
-0.362,0.049,-0.634,-25.696,-28.015,-10.01,174.227,55.382,-68.912
-0.532,0.143,-0.753,-18.738,-29.541,-3.479,173.496,56.7,-68.494
-0.812,0.229,-1.023,-5.676,-14.221,2.136,172.936,57.733,-68.643
-0.675,0.265,-1.062,0.305,6.226,16.846,172.507,57.711,-69.351
-0.784,0.327,-1.059,5.676,-6.714,23.621,171.782,57.761,-70.889
-0.631,0.328,-0.999,7.019,14.282,22.217,171.414,57.2,-72.213
-0.521,0.244,-0.987,15.381,30.212,3.662,171.508,56.025,-73.065
-0.362,0.183,-0.863,7.202,7.69,-2.319,172.167,54.976,-72.861
-0.457,0.174,-0.784,2.502,-1.282,4.089,172.222,54.871,-73.087
-0.372,0.2,-0.686,0.427,-5.493,13.55,171.925,54.888,-73.702
-0.376,0.238,-0.666,-0.61,-10.803,28.381,171.145,55.074,-75.125
-0.294,0.26,-0.635,-0.244,-17.761,33.875,169.997,55.25,-77.267
-0.493,0.324,-0.686,4.395,-28.015,34.18,168.69,56.041,-79.783
-0.43,0.296,-0.638,7.996,-23.804,26.672,167.679,56.766,-82.167
-0.495,0.27,-0.64,7.935,-28.32,15.381,167.02,57.766,-83.974
-0.694,0.286,-0.77,7.568,-18.372,12.573,166.553,58.656,-85.342
-0.899,0.31,-0.939,12.939,-1.038,10.864,166.481,58.931,-86.298
-0.523,0.146,-0.815,25.33,34.79,-0.916,167.492,57.969,-86.281
-0.661,0.126,-0.907,17.334,-0.183,4.028,168.585,57.437,-86.006
-0.601,0.049,-0.926,19.775,11.841,2.869,169.579,56.909,-85.935
-0.685,0.056,-0.938,17.029,13.245,12.207,170.453,56.371,-85.963
-0.605,0.072,-0.889,14.343,7.874,16.174,170.936,55.816,-86.457
-0.435,0.037,-0.762,12.512,13.062,15.32,171.458,55.146,-86.841
-0.391,0.062,-0.608,1.282,-18.127,16.296,171.464,55.157,-87.473
-0.511,0.068,-0.583,5.127,-11.23,4.211,171.321,56.058,-87.968
-0.511,0.072,-0.595,6.714,-4.456,0.61,171.65,56.525,-87.841
-0.316,-0.038,-0.594,15.259,23.926,-4.456,172.491,56.184,-87.341
-0.229,-0.023,-0.669,0.549,-0.305,11.23,173.194,55.525,-86.874
-0.335,0.097,-0.72,2.991,-18.005,24.292,172.82,55.854,-87.627
-0.662,0.227,-0.859,8.789,-26.123,34.729,172.227,56.717,-89.187
-0.591,0.231,-0.907,21.79,-13.367,33.325,172.024,57.123,-91.066
-1.088,0.353,-1.083,30.273,-9.094,51.086,171.76,57.618,-93.636
-0.433,0.125,-0.868,30.334,22.034,55.481,171.925,56.151,-96.372
-0.771,0.293,-1.057,24.048,0.061,59.814,171.172,55.585,-99.651
-0.498,0.054,-0.971,29.48,29.724,35.767,171.617,54.119,-101.684
-0.381,0.137,-0.895,10.986,7.263,49.377,171.442,52.916,-103.596
-0.395,0.167,-0.748,7.263,-9.46,47.913,170.612,52.646,-106.084
-0.345,0.229,-0.645,9.216,-9.155,50.659,169.678,52.614,-108.633
-0.338,0.242,-0.637,8.85,-17.09,50.903,168.717,52.575,-111.434
-0.522,0.316,-0.741,11.597,-9.705,54.993,167.657,52.734,-114.373
-0.229,0.241,-0.649,11.169,-9.644,48.767,166.838,52.213,-117.186
-0.653,0.359,-0.955,7.996,-22.766,48.035,165.855,52.487,-119.905
-0.604,0.333,-1.052,19.409,8.057,39.795,165.146,52.07,-122.399
-0.352,0.122,-0.937,22.522,-5.798,29.541,165.493,51.465,-123.904
-0.857,0.411,-0.987,17.151,-33.264,57.068,164.811,52.251,-126.524
-0.711,0.118,-0.936,43.762,14.832,35.645,165.504,51.943,-128.666
-0.519,0.098,-0.92,41.565,31.189,55.115,166.838,50.411,-130.166
-0.23,0.069,-0.852,32.776,17.456,63.354,167.58,48.538,-132.556
-0.329,0.123,-0.82,36.255,-8.728,49.316,168.168,48.005,-135.0
-0.308,0.055,-0.73,25.513,-26.245,44.434,168.849,48.307,-137.098
-0.57,0.081,-0.749,17.273,-48.401,35.522,168.964,49.911,-139.175
-0.764,0.065,-0.797,16.418,-27.1,27.649,168.953,51.652,-140.806
-0.656,0.107,-0.816,7.507,-11.597,31.372,168.799,52.339,-141.998
-0.71,0.064,-0.964,10.193,-0.427,13.611,168.75,52.641,-142.745
-0.675,0.128,-1.041,4.15,18.86,12.329,168.865,52.432,-142.685
0.003,-0.1,-0.848,-4.639,22.095,12.817,169.442,51.086,-142.02
-0.256,0.279,-0.888,-20.935,-40.039,61.584,168.008,51.064,-143.575
-0.591,0.433,-0.963,15.686,-4.639,66.772,166.146,51.52,-147.327
-0.305,0.337,-0.94,35.461,7.446,63.477,165.987,50.158,-150.463
-0.233,0.168,-0.786,41.138,-15.137,58.655,166.613,49.329,-153.506
-0.368,0.19,-0.718,33.386,-38.208,64.819,166.937,49.697,-156.956
-0.52,0.21,-0.721,37.659,-26.855,63.904,166.97,50.405,-160.714
-0.454,0.174,-0.721,36.804,-18.066,55.908,167.366,50.62,-163.834
-0.524,0.231,-0.823,34.18,-6.653,61.218,167.585,50.63,-166.838
-0.413,0.26,-0.839,28.992,-12.878,65.002,167.585,50.312,-169.953
-0.495,0.327,-0.92,31.433,-11.536,70.679,167.278,50.18,-173.551
-0.399,0.246,-0.958,33.875,-16.602,55.42,167.454,49.944,-176.699
-0.572,0.233,-0.947,25.818,-31.067,55.237,167.382,50.592,-179.753
-0.681,0.207,-0.965,26.428,-15.32,51.27,167.228,51.097,177.396
-0.395,0.038,-0.849,32.837,-2.869,41.748,167.783,50.729,175.342
-0.352,-0.064,-0.723,24.597,-25.574,46.265,168.289,50.982,173.216
-0.678,0.034,-0.781,22.278,-28.87,59.387,168.036,52.02,170.288
-0.63,0.034,-0.856,35.4,23.071,75.562,168.118,51.334,167.234
-0.302,0.004,-0.885,43.396,36.072,81.604,168.673,49.01,164.042
-0.169,-0.04,-0.839,32.654,-6.409,73.547,169.387,47.466,160.56
-0.392,-0.012,-0.792,23.987,-21.79,57.983,169.706,47.675,157.126
-0.479,0.07,-0.786,14.099,-20.386,56.274,169.678,48.137,154.111
-0.372,-0.016,-0.789,20.752,-1.526,32.043,169.887,48.219,151.853
-0.459,-0.021,-0.927,6.042,-12.024,16.113,170.48,48.406,150.881
-0.424,0.0,-0.955,-6.958,-12.817,8.484,170.491,48.845,150.205
-0.726,0.181,-1.074,-25.208,-28.381,3.54,169.755,49.944,149.81
-0.398,0.204,-0.867,-15.991,5.92,-1.77,168.97,50.422,149.914
-0.202,0.287,-0.868,-19.043,-5.127,10.437,168.184,50.18,149.87
-0.516,0.365,-0.886,-11.108,-28.137,17.822,166.86,51.13,148.568
-0.542,0.288,-0.875,-2.808,13.123,1.526,166.426,51.037,148.233
-0.334,0.238,-0.856,6.348,25.574,-4.15,166.712,50.004,148.826
-0.248,0.2,-0.881,6.531,15.381,-0.793,167.239,49.048,149.315
-0.15,0.193,-0.793,5.31,3.784,8.85,167.481,48.439,149.09
-0.24,0.22,-0.771,2.38,-11.658,16.113,167.366,48.4,148.2
-0.302,0.315,-0.81,0.854,-6.714,24.597,166.794,48.307,146.689
-0.327,0.327,-0.84,11.292,2.625,14.343,166.597,48.049,145.558
-0.184,0.271,-0.744,10.803,-13.916,9.949,166.838,47.807,144.844
-0.433,0.304,-0.779,12.146,-18.921,3.357,166.937,48.593,144.053
-0.281,0.278,-0.728,10.132,-14.526,2.747,167.256,49.081,143.712
-0.362,0.287,-0.741,11.78,-23.438,7.141,167.382,49.905,143.086
-0.201,0.188,-0.659,11.963,-26.306,-1.099,167.668,50.768,142.597
-0.621,0.302,-0.93,2.197,-68.115,9.094,167.41,52.91,141.614
-0.777,0.223,-0.898,9.46,-29.846,6.592,167.102,55.058,140.46
-0.918,0.204,-1.3,3.54,-57.495,-11.414,167.311,56.909,140.235
-1.111,0.222,-1.172,13.855,12.817,-2.014,167.651,58.661,140.268
-0.52,0.08,-0.918,20.996,34.302,-9.338,169.233,57.211,141.454
-0.472,0.065,-0.902,12.573,11.536,7.08,170.233,56.36,141.784
-0.38,0.023,-0.724,8.972,1.343,3.113,170.821,56.025,141.542
-0.54,0.112,-0.743,3.052,-8.728,6.775,170.947,56.409,141.108
-0.413,0.044,-0.662,13.672,9.155,-8.667,171.623,56.255,141.18
-0.431,-0.034,-0.685,7.08,-2.075,-22.888,172.958,56.195,142.213
-0.352,-0.024,-0.645,-0.732,6.653,-24.109,174.056,56.294,143.498
-0.229,0.038,-0.557,-7.568,-9.155,-33.691,174.924,56.426,144.97
-0.2,0.032,-0.507,-6.958,-40.283,-57.739,175.963,57.684,147.167
-0.941,0.048,-0.839,-10.925,-54.016,-44.128,177.358,60.425,149.974
-0.94,0.137,-1.05,-2.93,7.507,-6.836,177.902,61.447,151.331
-0.968,0.163,-1.212,-5.615,7.69,2.991,177.99,60.985,151.573
-0.951,0.165,-1.202,-1.038,35.645,-13.428,178.072,60.249,151.968
-0.556,0.122,-1.009,-5.859,58.411,-37.231,178.819,57.859,153.66
-0.385,0.043,-0.825,-22.888,35.339,-74.28,179.879,55.778,157.148
-0.532,0.07,-0.774,-32.593,20.142,-81.36,-179.253,54.833,161.845
-0.437,0.081,-0.733,-27.1,21.79,-57.434,-178.929,53.893,165.668
-0.441,0.107,-0.751,-19.958,19.348,-27.527,-179.105,53.119,167.849
-0.375,0.079,-0.741,-10.315,12.878,-15.381,-179.423,52.366,168.816
-0.389,0.059,-0.772,-5.615,15.564,-9.766,-179.572,51.784,169.453
-0.343,0.027,-0.788,-10.376,6.042,-6.409,-179.83,51.251,169.799
-0.464,0.096,-0.837,-15.015,6.226,3.296,179.473,51.07,169.728
-0.348,0.173,-0.75,-11.108,-9.583,3.54,178.572,50.927,169.31
-0.509,0.168,-0.78,-2.747,-6.165,-5.371,178.116,51.581,169.167
-0.418,0.166,-0.756,2.197,-11.78,-3.479,178.072,51.888,169.316
-0.822,0.15,-1.032,12.573,-4.272,-2.075,178.237,52.581,169.222
-0.497,0.004,-0.952,15.442,22.156,-4.944,178.989,52.108,169.464
-0.583,-0.015,-1.12,17.273,18.494,-6.104,179.813,51.284,169.656
-0.266,-0.125,-1.006,10.132,32.41,-4.517,-179.127,49.944,170.041
-0.364,-0.036,-1.088,4.15,16.357,11.414,-178.808,48.796,169.557
-0.296,0.02,-1.035,5.981,20.63,27.71,-178.978,47.758,168.085
-0.226,-0.029,-0.964,12.817,9.766,8.179,-178.781,46.846,166.701
-0.302,-0.101,-0.858,5.432,-11.108,-4.761,-178.198,46.879,166.382
-0.388,-0.06,-0.809,-3.845,-7.874,0.977,-178.171,47.252,165.938
-0.326,-0.05,-0.807,-5.188,3.723,-4.15,-178.22,47.23,165.69
-0.309,-0.019,-0.833,-7.141,-1.892,-9.277,-178.325,47.12,165.63
-0.36,-0.026,-0.912,-5.066,7.385,-13.916,-178.275,46.934,165.888
-0.184,-0.083,-0.836,-2.686,-0.549,-17.944,-177.995,46.549,166.377
-0.345,-0.101,-0.816,-6.714,-15.015,-9.46,-177.83,47.093,166.641
-0.294,-0.071,-0.764,-9.888,-7.019,-2.808,-178.05,47.439,166.388
-0.254,0.008,-0.699,-15.137,-19.226,-0.793,-178.55,47.889,166.031
-0.273,-0.045,-0.692,-13.062,-20.63,-10.62,-178.918,48.862,165.938
-0.411,0.07,-0.838,-18.555,-37.903,-3.784,-179.544,50.191,165.839
-0.77,0.08,-1.047,-10.254,-19.958,-16.602,179.973,51.806,165.981
-0.479,0.17,-1.048,-15.381,-5.066,3.113,179.632,52.086,166.339
-1.026,0.036,-1.187,2.258,3.357,-3.723,179.368,53.064,166.097
-0.411,0.203,-1.039,-15.991,34.912,16.052,178.577,51.443,165.619
-0.497,0.181,-1.009,-2.686,16.113,-7.812,177.951,50.482,165.245
-0.321,0.077,-0.82,-0.427,10.193,-15.259,178.16,49.872,165.844
-0.426,0.101,-0.749,1.099,-5.981,0.061,178.253,50.021,165.976
-0.392,0.063,-0.676,7.629,-0.671,2.869,178.369,50.153,165.569
-0.493,0.116,-0.758,6.409,6.653,13.855,178.369,50.147,164.883
-0.291,0.091,-0.687,8.423,7.141,14.221,178.352,49.658,163.982
-0.522,0.154,-0.82,7.446,-1.221,21.545,178.182,49.763,162.768
-0.329,0.123,-0.792,15.076,21.24,18.738,178.226,49.037,161.548
-0.34,0.123,-0.84,16.174,-2.991,18.738,178.434,48.708,160.285
-0.305,0.032,-0.743,15.564,-22.888,14.404,178.835,49.274,159.093
-0.671,0.026,-0.882,16.174,-19.348,9.033,179.16,50.565,157.945
-0.505,0.04,-0.951,9.216,1.709,11.658,179.412,50.729,157.088
-0.452,0.035,-1.262,5.981,-10.071,16.235,179.539,50.669,156.039
-0.784,-0.119,-1.214,8.972,22.644,0.488,-179.863,51.279,155.522
-0.227,0.007,-1.034,5.615,34.119,15.93,-179.83,49.351,154.594
-0.333,-0.033,-1.026,1.77,2.625,11.902,-179.753,48.488,153.386
-0.3,0.051,-0.923,1.16,8.911,7.69,-179.945,48.065,152.21
-0.307,0.016,-0.826,5.066,-5.493,-0.488,-179.78,47.856,151.452
-0.356,-0.064,-0.782,7.324,-2.075,-9.155,-179.269,48.043,151.177
-0.299,-0.109,-0.812,0.793,9.338,-11.963,-178.726,47.73,151.205
-0.26,-0.116,-0.826,-5.493,7.141,-14.771,-178.445,47.219,151.26
-0.232,-0.113,-0.805,-10.193,-7.324,-22.034,-178.281,47.043,151.589
-0.364,-0.082,-0.776,-16.541,-11.475,-14.16,-178.423,47.587,151.798
-0.359,-0.05,-0.771,-16.541,-14.038,-18.799,-178.742,48.005,152.001
-0.396,0.013,-0.83,-21.667,-0.488,-3.845,-179.258,48.373,152.128
-0.317,0.022,-0.852,-10.559,-14.099,-1.77,-179.912,48.582,151.644
-0.596,0.051,-0.974,-9.827,-13.733,1.16,179.637,49.449,151.216
-0.25,0.103,-0.854,-17.029,-11.963,16.296,178.852,49.741,150.48
-0.971,0.155,-1.089,-3.784,-14.282,5.92,177.913,51.273,149.431
-0.512,0.164,-1.059,-4.333,35.095,18.616,177.22,50.037,148.7
-0.441,0.181,-1.106,-8.301,38.025,21.667,176.523,48.362,147.788
-0.178,0.198,-0.942,-4.456,14.587,17.029,175.792,46.813,146.75
-0.378,0.162,-0.812,0.488,-10.803,7.202,175.435,46.862,145.942
-0.378,0.165,-0.749,-2.258,-5.31,7.568,175.117,47.153,145.316
-0.4,0.204,-0.746,-3.357,2.075,9.705,174.677,47.236,144.734
-0.324,0.219,-0.757,1.099,6.836,12.512,174.287,46.917,144.097
-0.311,0.256,-0.785,5.981,10.62,11.353,174.001,46.417,143.388
-0.252,0.149,-0.749,11.475,-7.019,3.662,174.26,46.291,143.02
-0.376,0.123,-0.732,12.817,-23.743,1.587,174.529,47.126,142.548
-0.498,0.158,-0.765,3.723,-14.465,14.343,174.595,48.181,141.949
-0.336,0.186,-0.759,13.0,-2.808,19.47,174.49,48.367,140.938
-0.545,0.172,-0.992,22.217,-5.676,15.076,174.771,48.625,139.872
-0.41,0.012,-0.946,20.813,4.456,15.442,175.496,48.653,139.12
-0.582,0.083,-1.164,24.597,-8.667,28.198,175.776,48.439,137.554
-0.344,0.066,-1.101,34.79,19.592,67.505,176.309,47.774,135.071
-0.311,-0.088,-0.976,42.969,-14.526,82.764,176.885,47.214,130.518
-0.347,-0.02,-0.833,32.349,-17.212,80.139,177.039,47.549,125.469
-0.412,0.058,-0.801,23.987,-19.958,59.082,176.995,48.159,121.135
-0.503,0.052,-0.846,22.339,-5.737,43.579,177.127,48.598,117.823
-0.321,-0.013,-0.821,21.545,9.827,25.757,177.567,48.197,115.472
-0.356,-0.024,-0.797,14.099,-4.272,10.925,178.182,48.071,113.961
-0.343,-0.065,-0.776,15.198,2.869,8.667,178.841,47.999,112.802
-0.312,-0.109,-0.724,12.207,7.263,6.592,179.577,47.637,111.709
-0.328,-0.16,-0.694,2.197,-3.174,16.907,179.912,47.521,110.165
-0.29,-0.075,-0.689,-5.31,-0.061,20.874,179.621,47.549,108.193
-0.183,-0.008,-0.726,-10.925,-23.621,25.33,178.934,47.9,105.98
-0.635,0.121,-1.04,-15.198,-47.668,22.705,177.924,49.746,103.969
-0.473,0.104,-0.921,-1.892,-13.0,12.512,177.188,51.086,102.486
-0.9,0.314,-1.214,-7.751,-12.451,18.005,176.281,51.877,101.272
-0.325,0.218,-1.106,-6.348,35.95,2.869,176.006,50.416,101.047
-0.446,0.285,-1.133,-1.648,9.949,-8.911,175.638,49.57,101.255
-0.326,0.205,-0.93,-4.761,0.183,-22.949,175.759,49.109,102.283
-0.479,0.212,-0.871,-4.517,-4.15,-20.935,175.858,49.493,103.612
-0.349,0.212,-0.77,-1.831,0.732,-17.395,175.935,49.46,104.782
-0.317,0.177,-0.725,3.54,-4.028,-20.63,176.254,49.653,106.095
-0.256,0.129,-0.653,2.686,-10.681,-12.756,176.594,49.971,107.205
-0.373,0.122,-0.7,0.122,-13.306,-8.972,176.737,50.647,108.007
-0.339,0.102,-0.689,-2.075,-7.019,-4.578,176.611,51.037,108.468
-0.355,0.089,-0.745,-14.832,-13.062,-11.78,176.215,51.597,109.067
-0.405,0.09,-0.792,-36.438,-17.517,-34.119,175.402,52.476,110.533
-0.81,0.225,-1.039,-44.556,-8.484,-69.763,174.606,53.597,113.719
-0.647,0.167,-0.923,-34.119,21.24,-84.961,174.842,53.734,118.878
-0.653,0.08,-0.996,-21.118,0.122,-84.229,175.858,53.619,124.31
-0.561,0.074,-0.997,-21.362,46.021,-49.377,176.743,52.872,128.82
-0.468,0.068,-1.069,-3.357,33.447,-35.339,177.286,51.229,131.77
-0.374,0.027,-0.967,5.249,32.471,-22.217,178.121,49.702,133.984
-0.406,-0.077,-0.903,6.47,14.893,-19.348,179.05,48.845,135.56
-0.332,-0.054,-0.869,1.343,15.198,-5.859,179.572,48.082,136.664
-0.355,-0.091,-0.837,-2.258,4.883,-8.057,179.874,47.67,137.368
-0.253,-0.027,-0.776,-4.7,2.075,-4.761,179.918,47.384,137.983
-0.395,-0.029,-0.818,-3.357,1.099,-8.545,-179.918,47.499,138.713
-0.263,-0.047,-0.813,0.244,9.338,-5.493,-179.72,47.093,139.406
-0.298,-0.058,-0.809,-4.883,-4.089,-5.554,-179.517,46.956,140.015
-0.327,-0.033,-0.785,-7.141,-10.315,-7.019,-179.577,47.241,140.598
-0.395,-0.014,-0.799,-10.193,-6.287,-4.089,-179.72,47.703,141.328
-0.255,0.015,-0.781,-7.263,-6.47,0.244,179.978,47.884,141.844
-0.452,0.028,-0.954,-4.578,-15.686,-6.104,179.885,48.615,142.504
-0.527,0.024,-1.032,-1.77,-3.418,5.493,179.797,49.059,143.086
-0.294,0.105,-0.93,-5.249,-8.606,16.602,179.28,49.186,142.987
-0.616,0.088,-0.962,3.54,-42.114,-1.892,179.099,50.62,143.047
-0.758,0.147,-0.99,-5.92,10.742,11.597,178.868,51.389,143.646
-0.409,0.127,-0.939,2.258,20.935,15.747,178.363,50.378,143.685
-0.469,0.162,-0.97,0.549,11.414,9.705,178.033,49.73,143.833
-0.364,0.121,-0.911,-0.549,13.062,-1.282,177.918,48.988,144.366
-0.383,0.137,-0.84,1.282,11.902,-1.404,177.83,48.488,145.129
-0.353,0.098,-0.785,2.197,1.038,-0.916,177.896,48.148,145.882
-0.254,0.147,-0.736,2.441,6.287,10.132,177.709,47.884,146.168
-0.235,0.091,-0.688,5.859,-18.555,9.949,177.671,48.027,146.173
-0.446,0.175,-0.791,5.92,-4.089,18.555,177.352,48.658,145.712
-0.288,0.086,-0.77,9.766,-17.212,8.057,177.429,48.889,145.591
-0.468,0.081,-0.821,7.629,-18.188,8.85,177.468,49.807,145.525
-0.574,0.104,-0.993,5.798,-9.399,10.681,177.451,50.416,145.547
-0.622,0.042,-1.084,9.46,1.099,12.451,177.567,50.62,145.585
-0.333,0.081,-0.994,7.935,5.615,19.897,177.407,50.219,145.184
-0.366,-0.048,-0.939,6.287,-10.376,3.174,177.753,50.394,145.212
-0.598,0.005,-1.033,-4.028,0.244,8.789,177.665,50.762,145.3
-0.46,0.067,-0.966,-3.784,14.771,15.015,177.242,50.219,145.173
-0.355,0.023,-0.87,4.7,-0.916,4.211,177.215,49.839,145.184
-0.42,0.048,-0.858,-0.61,12.085,8.179,177.204,49.614,145.305
-0.272,0.015,-0.825,1.038,6.653,0.671,177.319,49.005,145.585
-0.316,0.05,-0.793,1.404,2.258,3.662,177.363,48.834,145.767
-0.345,0.021,-0.83,4.028,-2.747,-6.531,177.621,48.697,146.113
-0.431,0.014,-0.894,2.686,5.005,-5.554,178.011,48.713,146.783
-0.325,-0.05,-0.82,2.869,-4.333,-14.038,178.5,48.565,147.64
-0.448,-0.022,-0.809,-9.155,-16.907,-6.409,178.72,49.164,148.497
-0.463,0.047,-0.821,-10.681,-2.625,2.136,178.363,49.774,148.947
-0.423,0.081,-0.851,-9.399,-7.141,8.545,177.786,49.988,149.002
-0.405,0.132,-0.854,-4.7,-11.414,11.475,177.237,50.295,148.837
-0.522,0.13,-0.934,-2.441,-8.972,11.414,176.83,50.922,148.552
-0.313,0.144,-0.795,0.366,-1.099,14.404,176.473,51.026,148.233
-0.75,0.207,-1.111,10.803,-38.025,-3.845,176.358,51.899,147.964
-0.601,0.075,-0.97,-8.667,34.973,13.184,176.611,51.905,148.579
-0.456,0.219,-1.029,0.0,1.282,11.597,175.842,51.01,148.079
-0.499,0.196,-0.936,-0.916,21.057,0.122,175.66,50.477,148.271
-0.411,0.08,-0.833,5.859,7.324,-18.127,176.149,49.922,149.381
-0.363,0.054,-0.737,3.784,11.475,-12.329,176.616,49.565,150.546
-0.312,0.081,-0.759,-3.906,5.737,4.272,176.754,49.263,151.144
-0.238,0.11,-0.69,-2.014,-2.014,14.343,176.375,49.054,150.804
-0.412,0.215,-0.813,-3.296,1.831,27.1,175.649,49.076,149.749
-0.227,0.185,-0.786,5.554,-3.54,10.498,175.215,48.73,148.881
-0.424,0.201,-0.802,6.897,-21.24,15.381,175.062,49.356,148.206
-0.468,0.207,-0.86,12.878,-24.597,15.198,174.941,50.131,147.305
-0.77,0.153,-1.103,16.846,-3.54,21.912,175.144,51.042,146.453
-0.47,0.094,-1.087,20.264,10.193,21.362,175.468,50.63,145.558
-0.512,-0.017,-1.107,17.334,27.405,6.47,176.232,50.037,145.179
-0.203,-0.04,-0.966,16.663,8.85,-4.333,177.045,48.944,145.278
-0.384,-0.071,-0.914,-0.061,-3.174,-6.836,177.649,48.999,145.525
-0.471,0.014,-0.957,-4.089,2.258,0.793,177.731,48.988,145.53
-0.394,0.06,-0.888,0.61,0.488,7.202,177.643,48.779,145.107
-0.428,0.048,-0.851,5.188,3.357,5.432,177.781,48.741,144.701
-0.407,0.004,-0.818,8.484,-0.244,-2.136,178.204,48.68,144.624
-0.349,-0.034,-0.735,3.967,-0.305,-7.019,178.72,48.702,144.932
-0.418,-0.022,-0.803,2.93,-0.549,-4.456,179.127,48.851,145.228
-0.268,-0.059,-0.751,4.7,-5.432,-7.019,179.572,48.823,145.47
-0.459,-0.085,-0.777,-3.357,-13.672,-4.7,179.967,49.488,145.635
-0.425,0.0,-0.785,-7.69,-8.057,0.0,179.835,49.982,145.58
-0.353,0.045,-0.822,-6.104,-9.155,4.456,179.615,50.378,145.426
-0.659,0.041,-1.022,0.854,-6.836,1.404,179.484,51.103,145.179
-0.399,0.083,-0.995,-0.732,11.23,11.536,179.407,50.861,144.948
-0.453,0.15,-1.035,6.287,-15.625,17.517,179.116,50.894,143.992
-0.519,0.116,-0.912,9.033,-13.672,18.372,179.0,51.57,142.877
-0.686,0.153,-0.953,7.812,-5.737,19.592,178.77,52.119,141.79
-0.52,0.132,-0.975,6.287,19.958,20.386,178.539,51.465,140.823
-0.466,0.179,-0.987,6.287,22.827,26.672,178.171,50.416,139.691
-0.292,0.151,-0.897,10.071,15.381,24.963,177.907,49.323,138.351
-0.296,0.127,-0.791,10.681,-1.221,23.254,177.753,48.972,136.978
-0.4,0.153,-0.84,9.094,-0.854,36.316,177.451,48.917,135.264
-0.424,0.18,-0.9,19.592,-0.061,42.847,177.078,48.625,132.841
-0.442,0.117,-1.017,21.423,8.24,38.879,177.111,48.203,130.54
-0.26,0.012,-0.948,21.973,26.001,28.625,177.528,47.28,128.738
-0.164,-0.096,-0.888,16.113,5.005,15.503,178.154,46.346,127.288
-0.272,-0.017,-0.916,3.113,3.418,19.287,178.292,46.033,125.81
-0.239,0.007,-0.931,1.892,3.052,23.438,178.105,45.571,124.019
-0.31,0.059,-0.943,5.066,-1.77,27.161,177.841,45.33,122.025
-0.199,-0.014,-0.925,5.432,3.662,19.714,177.792,44.962,120.135
-0.256,0.019,-0.906,-2.014,-16.296,17.761,177.61,44.973,118.477
-0.428,0.064,-0.915,-6.226,-12.024,14.893,177.144,45.538,116.851
-0.378,0.093,-0.924,-3.052,3.54,10.559,176.743,45.599,115.576
-0.335,0.068,-0.935,-2.808,10.742,0.488,176.6,45.176,114.824
-0.214,0.073,-0.907,-2.563,7.874,1.404,176.55,44.572,114.34
-0.35,0.093,-0.92,-3.418,-7.935,2.258,176.391,44.648,113.687
-0.21,0.054,-0.46,0.793,2.93,4.456,176.281,44.709,112.978
-0.345,0.105,-0.93,3.052,7.812,3.174,176.342,44.352,112.346
-0.293,0.069,-0.915,5.615,2.014,3.784,176.578,44.105,111.802
-0.348,0.069,-0.907,4.639,-1.831,2.869,176.754,44.154,111.143
-0.378,0.073,-0.914,3.296,-1.892,8.85,176.88,44.264,110.352
-0.316,0.102,-0.911,8.606,0.793,7.263,177.028,44.165,109.473
-0.364,0.055,-0.919,9.766,-2.197,10.193,177.352,44.247,108.534
-0.339,0.053,-0.911,7.324,-0.732,8.789,177.638,44.258,107.589
-0.334,0.051,-0.916,6.714,-1.831,8.423,177.847,44.302,106.606
