-0.461,-0.129,-0.882,14.526,9.094,5.127,-168.86,50.806,16.469
-0.422,-0.131,-0.878,10.132,7.507,6.165,-168.426,50.444,15.677
-0.411,-0.147,-0.875,9.521,7.69,-0.366,-168.058,50.158,15.079
-0.413,-0.15,-0.87,8.301,2.197,-6.592,-167.591,49.922,14.925
-0.407,-0.188,-0.877,5.676,3.601,-9.521,-167.075,49.691,15.035
-0.426,-0.185,-0.88,3.662,1.77,-7.385,-166.663,49.532,15.216
-0.395,-0.173,-0.864,4.456,2.808,-2.869,-166.377,49.351,15.145
-0.418,-0.192,-0.877,5.432,2.869,-2.502,-166.086,49.213,14.947
-0.388,-0.221,-0.881,2.991,3.601,-2.93,-165.778,48.988,14.804
-0.396,-0.189,-0.877,1.16,0.366,-0.122,-165.657,48.884,14.617
-0.407,-0.191,-0.867,0.488,0.793,1.465,-165.602,48.873,14.337
-0.415,-0.179,-0.864,0.0,-0.488,0.0,-165.586,48.867,14.084
-0.43,-0.189,-0.883,0.427,2.258,-1.099,-165.547,48.851,13.881
-0.375,-0.167,-0.874,-0.061,2.747,-0.122,-165.558,48.697,13.651
-0.411,-0.183,-0.878,2.075,-1.465,0.732,-165.482,48.741,13.442
-0.378,-0.196,-0.87,2.686,-1.282,-4.211,-165.339,48.735,13.326
-0.427,-0.2,-0.882,0.061,-1.648,-3.906,-165.185,48.818,13.376
-0.385,-0.201,-0.852,0.366,-3.784,-4.089,-165.075,48.856,13.392
-0.438,-0.214,-0.868,-0.671,-0.977,-2.93,-164.987,48.983,13.381
-0.406,-0.212,-0.86,-2.502,-0.122,-1.16,-164.993,48.95,13.282
-0.41,-0.191,-0.864,-2.747,0.732,2.747,-165.146,48.966,13.002
-0.423,-0.17,-0.867,-0.977,1.648,4.578,-165.295,49.01,12.623
-0.399,-0.195,-0.871,0.122,1.526,1.831,-165.388,48.983,12.222
-0.429,-0.172,-0.882,-0.366,0.366,0.854,-165.454,48.999,11.975
-0.383,-0.189,-0.862,-0.427,-0.061,0.854,-165.476,48.955,11.761
-0.429,-0.178,-0.865,-1.831,-0.916,1.953,-165.564,49.048,11.552
-0.425,-0.163,-0.876,-0.183,1.221,6.165,-165.723,49.081,11.135
-0.394,-0.164,-0.869,1.892,1.892,5.676,-165.839,49.048,10.607
-0.402,-0.176,-0.875,1.831,-1.099,4.883,-165.872,49.092,10.151
-0.424,-0.186,-0.869,1.648,-2.625,1.343,-165.861,49.213,9.855
-0.426,-0.181,-0.871,-1.221,-1.343,1.892,-165.894,49.312,9.657
-0.427,-0.172,-0.862,-1.587,-1.892,0.122,-165.976,49.427,9.47
-0.416,-0.171,-0.854,-0.549,-1.038,-2.014,-165.976,49.471,9.41
-0.445,-0.162,-0.864,1.404,-0.183,-0.305,-165.938,49.537,9.305
-0.435,-0.194,-0.864,2.197,4.578,-0.916,-165.822,49.444,9.13
-0.386,-0.201,-0.869,0.061,2.93,-3.113,-165.74,49.224,9.036
-0.416,-0.186,-0.88,-1.526,2.869,-1.465,-165.751,49.076,8.976
-0.413,-0.167,-0.87,-1.465,2.258,-0.427,-165.784,48.922,8.899
-0.4,-0.176,-0.861,-0.366,5.676,-2.563,-165.8,48.719,8.767
-0.413,-0.194,-0.878,-0.671,3.296,-5.371,-165.723,48.494,8.866
-0.383,-0.176,-0.876,-1.221,4.944,-0.366,-165.762,48.235,8.833
-0.407,-0.176,-0.879,-0.122,3.662,0.977,-165.8,48.082,8.69
-0.388,-0.164,-0.874,1.038,4.15,4.272,-165.883,47.906,8.377
-0.414,-0.184,-0.89,0.61,6.653,4.883,-165.938,47.725,7.971
-0.356,-0.173,-0.869,-2.014,4.395,2.808,-166.086,47.433,7.586
-0.395,-0.171,-0.89,-2.563,6.836,1.648,-166.262,47.274,7.333
-0.351,-0.152,-0.882,-1.16,2.258,4.272,-166.432,47.038,7.07
-0.403,-0.149,-0.887,2.136,4.089,5.92,-166.553,46.978,6.658
-0.387,-0.166,-0.896,2.197,8.057,4.944,-166.575,46.736,6.229
-0.354,-0.165,-0.886,1.953,8.057,4.456,-166.619,46.384,5.806
-0.338,-0.158,-0.896,1.343,7.812,2.136,-166.646,46.011,5.51
-0.352,-0.163,-0.893,2.502,4.944,-0.122,-166.586,45.753,5.372
-0.346,-0.181,-0.897,4.761,5.066,-1.038,-166.415,45.516,5.328
-0.336,-0.205,-0.899,6.287,5.737,-1.16,-166.152,45.225,5.301
-0.325,-0.229,-0.888,3.235,4.272,3.235,-165.921,44.989,5.175
-0.367,-0.222,-0.921,0.183,4.211,0.549,-165.872,44.852,5.01
-0.312,-0.197,-0.913,-2.869,7.629,1.038,-165.943,44.528,4.894
-0.322,-0.175,-0.907,-3.967,2.319,3.296,-166.135,44.313,4.746
-0.306,-0.185,-0.884,-2.502,0.366,0.793,-166.295,44.225,4.658
-0.355,-0.156,-0.899,-2.991,4.028,2.625,-166.487,44.187,4.543
-0.313,-0.172,-0.896,-2.136,4.639,2.991,-166.635,43.967,4.367
-0.323,-0.17,-0.906,-1.099,7.568,2.502,-166.789,43.72,4.147
-0.312,-0.172,-0.903,-2.319,8.423,6.104,-166.959,43.363,3.84
-0.286,-0.16,-0.925,-1.587,8.057,9.094,-167.201,43.022,3.356
-0.275,-0.159,-0.935,-0.061,5.859,7.385,-167.371,42.759,2.906
-0.249,-0.156,-0.938,0.0,3.052,7.996,-167.503,42.578,2.538
-0.25,-0.141,-0.945,0.61,-1.831,7.629,-167.629,42.605,2.236
-0.286,-0.146,-0.921,2.625,-6.836,4.028,-167.624,42.825,2.126
-0.331,-0.173,-0.92,2.502,-2.075,3.723,-167.542,43.033,2.076
-0.313,-0.159,-0.916,-1.16,0.977,3.723,-167.596,43.033,1.939
-0.292,-0.149,-0.908,0.671,0.671,1.709,-167.657,42.973,1.851
-0.307,-0.143,-0.923,0.977,2.686,2.075,-167.684,42.913,1.769
-0.307,-0.165,-0.926,0.0,0.549,2.93,-167.673,42.836,1.681
-0.274,-0.152,-0.914,-0.854,3.113,1.953,-167.756,42.731,1.538
-0.312,-0.142,-0.908,-0.916,-3.235,-1.892,-167.816,42.742,1.566
-0.329,-0.149,-0.921,-2.441,2.502,-8.118,-167.811,42.731,1.846
-0.298,-0.157,-0.91,-2.747,2.93,-14.893,-167.767,42.484,2.444
-0.284,-0.156,-0.916,-5.066,1.282,-11.78,-167.772,42.275,3.131
-0.312,-0.131,-0.928,-4.761,1.831,-8.972,-167.871,42.138,3.653
-0.292,-0.139,-0.919,-0.916,3.845,-7.324,-167.882,41.935,4.048
-0.289,-0.145,-0.919,1.831,4.272,-4.761,-167.827,41.715,4.252
-0.273,-0.174,-0.929,0.549,2.197,-5.432,-167.69,41.517,4.504
-0.29,-0.161,-0.923,-2.197,1.038,-5.676,-167.662,41.402,4.796
-0.289,-0.146,-0.924,-0.977,1.648,-6.042,-167.69,41.298,5.065
-0.276,-0.151,-0.919,-0.732,3.54,-5.737,-167.662,41.111,5.317
-0.281,-0.161,-0.926,-0.549,1.526,-2.563,-167.624,40.974,5.521
-0.263,-0.166,-0.928,-0.732,4.578,-4.456,-167.629,40.776,5.674
-0.265,-0.149,-0.925,-1.465,2.441,0.0,-167.684,40.627,5.74
-0.263,-0.142,-0.93,-0.732,2.747,-3.784,-167.706,40.485,5.856
-0.26,-0.148,-0.928,0.854,3.113,-3.235,-167.679,40.314,6.004
-0.244,-0.144,-0.933,0.977,2.563,-5.371,-167.596,40.111,6.224
-0.25,-0.146,-0.926,0.793,1.831,-6.714,-167.531,39.963,6.493
-0.265,-0.172,-0.924,-1.526,1.953,-12.634,-167.421,39.771,7.031
-0.24,-0.193,-0.926,-8.118,2.686,-16.113,-167.476,39.507,7.74
-0.22,-0.181,-0.948,-9.644,5.981,-16.602,-167.69,39.155,8.608
-0.186,-0.153,-0.948,-8.545,1.16,-7.385,-167.992,38.848,9.234
-0.199,-0.173,-0.95,-8.423,-3.662,-6.653,-168.267,38.793,9.657
-0.251,-0.129,-0.939,-8.362,-7.263,-5.615,-168.602,38.996,10.102
-0.271,-0.125,-0.921,-7.507,-7.202,-5.127,-168.909,39.293,10.432
-0.282,-0.1,-0.917,-4.333,-4.028,-4.517,-169.107,39.501,10.75
-0.294,-0.13,-0.917,-1.343,-3.296,-1.404,-169.167,39.694,10.876
-0.248,-0.119,-0.917,-0.305,5.005,-3.906,-169.244,39.584,10.904
-0.24,-0.15,-0.943,-2.441,3.113,-6.165,-169.228,39.38,11.173
-0.227,-0.134,-0.948,-1.038,2.258,-2.686,-169.266,39.216,11.371
-0.229,-0.122,-0.941,1.343,0.183,1.953,-169.261,39.155,11.365
-0.246,-0.137,-0.933,4.456,-2.686,0.854,-169.146,39.243,11.272
-0.263,-0.133,-0.941,1.465,1.892,2.625,-169.041,39.276,11.195
-0.213,-0.126,-0.919,0.0,-2.197,-0.61,-169.019,39.221,11.173
-0.252,-0.146,-0.927,1.221,-0.244,-6.165,-168.959,39.276,11.371
-0.241,-0.141,-0.941,2.075,2.136,-5.188,-168.821,39.161,11.711
-0.233,-0.167,-0.956,2.563,2.258,-0.122,-168.651,39.012,11.854
-0.213,-0.157,-0.934,2.686,0.183,2.502,-168.563,38.925,11.772
-0.256,-0.156,-0.934,1.648,-1.16,1.221,-168.453,38.979,11.755
-0.257,-0.159,-0.92,0.305,0.427,1.892,-168.415,38.996,11.684
-0.265,-0.125,-0.934,-0.916,2.075,1.953,-168.481,38.958,11.596
-0.216,-0.132,-0.929,1.343,4.211,2.563,-168.486,38.771,11.437
-0.231,-0.144,-0.939,2.808,-0.793,0.061,-168.42,38.732,11.376
-0.251,-0.164,-0.943,0.61,1.099,-2.136,-168.316,38.721,11.497
-0.199,-0.169,-0.937,-1.099,2.38,-4.456,-168.289,38.557,11.673
-0.224,-0.155,-0.943,-3.54,-2.502,-2.991,-168.371,38.557,11.915
-0.231,-0.165,-0.943,-1.831,-1.282,-3.54,-168.459,38.589,12.134
-0.24,-0.143,-0.958,-4.639,0.977,4.944,-168.629,38.573,12.118
-0.177,-0.156,-0.933,-2.258,-2.93,3.784,-168.816,38.546,11.876
-0.255,-0.149,-0.943,-4.639,-3.967,5.859,-168.997,38.771,11.777
-0.245,-0.128,-0.937,-5.371,-3.357,6.775,-169.31,38.936,11.486
-0.249,-0.114,-0.917,-5.554,-5.615,7.446,-169.651,39.177,11.173
-0.271,-0.109,-0.927,-6.897,-1.77,4.15,-170.024,39.408,10.887
-0.261,-0.122,-0.935,-7.141,-2.686,2.869,-170.398,39.545,10.728
-0.276,-0.112,-0.937,-7.08,-0.732,5.31,-170.815,39.677,10.514
-0.269,-0.127,-0.926,-5.249,-0.061,6.775,-171.167,39.732,10.184
-0.265,-0.13,-0.939,-6.409,5.554,12.695,-171.541,39.655,9.651
-0.259,-0.084,-0.942,-6.653,2.319,20.935,-172.084,39.556,8.729
-0.284,-0.064,-0.939,-6.836,3.967,27.222,-172.711,39.54,7.432
-0.267,-0.033,-0.938,-2.747,5.005,28.259,-173.304,39.43,5.96
-0.234,-0.065,-0.947,-2.319,-4.456,30.457,-173.776,39.562,4.449
-0.311,-0.015,-0.932,2.93,-2.197,35.339,-174.238,39.908,2.78
-0.254,-0.031,-0.908,14.221,5.249,44.556,-174.304,39.869,0.67
-0.229,-0.097,-0.947,19.226,4.211,46.509,-174.062,39.787,-1.741
-0.247,-0.127,-0.972,11.536,-0.549,43.03,-173.875,39.853,-3.977
-0.229,-0.115,-0.965,4.333,-0.671,41.626,-173.985,39.952,-5.982
-0.246,-0.077,-0.934,-0.305,-6.042,47.913,-174.463,40.21,-8.146
-0.283,-0.03,-0.922,-2.319,-8.24,58.105,-175.188,40.644,-10.673
-0.313,0.008,-0.945,7.935,-3.906,71.838,-175.968,41.05,-13.903
-0.307,-0.004,-0.917,14.771,-8.484,80.994,-176.501,41.385,-17.798
-0.383,-0.013,-0.914,18.86,-5.005,82.458,-176.896,41.88,-22.033
-0.323,-0.04,-0.905,17.639,-1.526,72.083,-177.198,42.05,-26.071
-0.311,-0.05,-0.902,11.841,-2.686,59.57,-177.457,42.242,-29.394
-0.327,-0.059,-0.906,9.46,-3.113,49.988,-177.731,42.413,-32.097
-0.329,-0.046,-0.931,4.395,-0.122,46.082,-178.088,42.523,-34.426
-0.298,-0.043,-0.914,2.991,-1.953,45.41,-178.517,42.528,-36.628
-0.356,-0.0,-0.919,2.136,-7.202,44.128,-179.072,42.803,-38.809
-0.366,-0.014,-0.904,4.028,-9.155,38.879,-179.467,43.209,-40.765
-0.375,-0.021,-0.887,4.761,-9.033,35.522,-179.775,43.676,-42.561
-0.345,0.016,-0.891,4.395,-1.587,35.828,179.89,43.923,-44.302
-0.212,0.012,-0.879,3.174,-0.671,29.724,179.665,43.835,-45.791
-0.368,0.141,-0.95,-1.526,1.221,36.743,178.973,44.028,-47.455
-0.252,0.117,-0.92,-3.357,-0.916,30.212,178.418,43.654,-48.994
-0.383,0.215,-0.969,-3.601,-0.549,25.33,177.627,43.698,-50.427
-0.335,0.187,-0.972,1.587,9.46,15.93,177.138,43.374,-51.526
-0.271,0.127,-0.926,1.404,5.92,14.526,176.929,42.869,-52.24
-0.244,0.139,-0.884,-2.441,-1.892,23.499,176.506,42.638,-53.229
-0.277,0.194,-0.839,-3.296,-9.338,31.189,175.792,42.77,-54.695
-0.321,0.265,-0.822,-0.732,-9.338,39.124,174.941,43.033,-56.64
-0.297,0.278,-0.838,6.775,-7.08,41.931,174.254,43.094,-58.936
-0.357,0.294,-0.916,9.827,-8.545,43.396,173.738,43.226,-61.447
-0.368,0.303,-0.976,11.902,-8.972,41.077,173.337,43.308,-63.951
-0.48,0.29,-1.053,14.282,-18.555,36.499,173.101,43.764,-66.275
-0.408,0.162,-1.031,21.729,-2.319,27.039,173.287,44.017,-68.17
-0.212,0.032,-0.979,20.447,-3.052,23.804,173.826,43.918,-69.483
-0.169,-0.031,-0.896,9.888,-15.442,32.104,174.073,44.143,-70.796
-0.299,0.075,-0.805,5.371,-39.551,45.349,173.644,45.187,-72.768
-0.516,0.097,-0.874,21.484,-23.621,42.358,173.535,46.439,-75.037
-0.38,0.009,-0.938,33.081,22.644,39.551,174.227,45.978,-76.976
-0.185,-0.058,-0.955,26.672,18.372,35.4,175.303,44.626,-78.349
-0.151,-0.064,-0.885,18.677,4.028,28.015,176.067,43.852,-79.486
-0.258,-0.01,-0.879,11.23,-11.047,21.179,176.578,43.824,-80.2
-0.302,-0.028,-0.854,9.46,-4.883,11.23,177.105,44.083,-80.453
-0.311,0.061,-0.863,3.113,-9.094,18.188,177.193,44.291,-80.865
-0.357,0.013,-0.833,7.69,-3.54,-6.104,177.523,44.621,-80.832
-0.17,-0.052,-0.703,4.089,-8.789,-14.709,178.204,44.758,-79.843
-0.395,-0.074,-0.703,-2.625,-27.71,-18.677,178.588,45.901,-78.668
-0.389,-0.141,-0.624,-3.601,-9.033,-27.222,179.176,46.791,-76.954
-0.418,-0.124,-0.675,-13.733,-6.714,-15.259,179.357,47.477,-75.427
-0.264,-0.109,-0.709,-20.996,0.793,-8.545,179.066,47.565,-74.333
-0.597,0.083,-1.052,-28.32,-18.127,-2.258,178.094,48.373,-73.663
-0.638,0.246,-1.293,-16.541,10.254,2.686,177.061,48.609,-73.526
-0.444,0.257,-1.284,1.648,46.692,10.864,176.567,47.395,-73.806
-0.024,0.178,-1.368,-3.662,37.048,11.597,176.501,44.83,-74.097
-0.103,0.225,-1.124,-7.446,-19.714,-14.343,176.05,44.572,-74.004
-0.299,0.195,-0.968,-14.587,-31.25,-25.269,175.776,45.731,-72.955
-0.369,0.226,-0.868,-19.226,-28.809,-32.898,175.303,47.115,-71.603
-0.385,0.253,-0.802,-15.381,-24.475,-36.682,174.913,48.488,-70.054
-0.375,0.203,-0.715,-7.385,-22.217,-43.335,175.051,49.719,-68.214
-0.333,0.169,-0.654,-2.563,-16.479,-30.029,175.452,50.834,-66.544
-0.363,0.223,-0.709,-0.732,-17.212,-8.362,175.49,51.663,-65.989
-0.365,0.161,-0.694,3.357,-19.409,-5.92,175.518,52.559,-66.066
-0.423,0.206,-0.695,-3.174,-28.198,4.272,175.133,53.69,-66.599
-0.552,0.245,-0.758,-3.967,-27.71,-0.183,174.529,55.058,-67.297
-0.487,0.215,-0.721,6.714,-12.39,-11.719,174.545,56.036,-67.379
-0.452,0.162,-0.727,7.69,-20.935,-3.296,174.82,56.898,-67.467
-0.503,0.134,-0.788,3.235,-26.733,2.869,174.842,58.019,-67.917
-0.918,0.221,-0.98,-0.488,-48.828,11.719,174.166,59.969,-69.038
-0.709,0.075,-0.866,11.23,-5.798,2.258,173.996,61.155,-69.911
-1.058,0.084,-0.989,12.146,-26.733,-4.333,174.446,62.402,-70.049
-0.788,-0.047,-0.929,22.766,40.71,-11.292,175.93,61.644,-69.357
-0.303,-0.102,-0.812,6.531,34.18,10.864,177.105,59.623,-68.791
-0.315,0.032,-0.701,-5.92,-14.709,19.287,176.583,59.062,-69.576
-0.631,0.105,-0.687,-0.671,-26.55,8.85,175.99,60.128,-70.28
-0.654,0.029,-0.712,9.949,-7.019,-0.671,176.149,60.925,-70.521
-0.677,-0.052,-0.766,12.512,9.033,-14.282,177.067,61.089,-69.966
-0.567,-0.112,-0.769,3.54,18.127,-13.855,178.27,60.419,-68.774
-0.453,-0.092,-0.727,-5.737,8.789,-9.277,178.89,59.81,-67.72
-0.571,0.032,-0.689,-9.644,-6.592,-0.977,178.808,59.936,-67.176
-0.448,-0.004,-0.618,-0.977,10.925,-11.353,178.978,59.854,-66.605
-0.56,0.024,-0.689,-8.484,-4.395,-6.287,179.193,59.837,-65.874
-0.585,-0.002,-0.74,-9.094,8.667,-7.019,179.077,59.793,-65.429
-0.583,0.03,-0.76,-17.212,6.958,-1.587,178.632,59.529,-65.061
-0.445,0.023,-0.681,-19.287,6.348,-0.793,177.858,59.211,-64.918
-0.419,0.068,-0.616,-22.522,-7.874,6.47,176.765,59.365,-65.017
-0.556,0.107,-0.747,-23.926,-14.526,15.747,175.226,59.865,-65.77
-0.599,0.206,-0.8,-28.076,-6.226,22.888,173.194,60.37,-67.083
-1.006,0.399,-1.081,-37.231,-23.56,29.663,170.568,60.551,-68.851
-0.815,0.438,-1.101,-11.23,57.861,8.362,168.684,59.409,-69.955
-0.487,0.426,-1.01,-1.404,45.41,8.728,168.36,56.816,-69.884
-0.387,0.292,-0.898,15.869,23.621,3.174,168.723,55.052,-69.988
-0.31,0.191,-0.778,16.357,-0.427,3.54,169.415,54.338,-70.208
-0.473,0.185,-0.697,11.292,-24.963,9.888,169.634,54.91,-70.977
-0.569,0.192,-0.682,12.756,-11.963,9.521,169.695,55.745,-71.96
-0.484,0.214,-0.67,17.456,2.502,10.315,169.997,55.822,-72.735
-0.482,0.213,-0.709,16.724,3.357,16.846,170.403,55.64,-73.586
-0.299,0.198,-0.655,15.808,5.188,21.79,170.59,55.129,-74.795
-0.299,0.272,-0.629,14.099,-26.794,26.855,170.294,55.475,-76.575
-0.425,0.209,-0.602,21.118,-28.137,16.968,170.2,56.635,-78.426
-0.457,0.192,-0.69,18.799,-27.954,14.404,170.327,57.673,-79.86
-0.79,0.168,-0.921,13.916,-28.259,15.198,170.244,59.024,-81.282
-0.732,0.097,-0.957,14.343,-9.766,3.418,170.475,59.705,-81.98
-1.074,0.137,-1.113,16.296,1.465,-2.502,171.09,60.298,-82.002
-0.646,-0.076,-1.049,24.963,45.349,-15.32,173.249,58.672,-80.546
-0.419,-0.052,-1.007,4.333,21.973,18.127,173.969,57.206,-80.239
-0.35,0.064,-0.742,-5.066,-9.216,16.602,173.589,56.849,-80.799
-0.514,0.137,-0.683,-0.366,-18.799,14.038,173.007,57.464,-81.497
-0.521,0.087,-0.647,8.606,-5.432,0.244,173.046,58.013,-81.782
-0.545,0.034,-0.695,9.277,-5.005,-10.01,173.787,58.282,-81.26
-0.688,0.008,-0.817,12.695,14.099,-14.587,174.781,58.403,-80.31
-0.432,-0.07,-0.789,6.042,23.56,-11.78,176.072,57.398,-78.981
-0.464,0.001,-0.775,-5.066,3.601,-3.296,176.391,56.931,-78.272
-0.422,0.009,-0.707,-8.24,1.16,-10.01,176.55,56.788,-77.454
-0.549,0.081,-0.716,-9.949,1.465,-10.62,176.462,56.975,-76.608
-0.443,0.04,-0.697,-7.08,8.057,-20.935,176.814,56.689,-75.278
-0.473,0.055,-0.74,-8.301,1.404,-16.052,177.039,56.651,-74.031
-0.451,0.075,-0.755,-4.639,-8.545,-14.221,177.198,56.931,-73.043
-0.622,0.078,-0.833,-1.282,-21.973,-8.606,177.413,57.843,-72.339
-0.724,0.091,-0.882,-1.221,-20.447,-2.014,177.435,59.052,-72.076
-0.704,0.123,-0.951,-2.014,-7.629,7.202,177.144,59.59,-72.323
-0.826,0.13,-0.995,-6.897,-3.906,0.916,176.721,60.095,-72.521
-0.784,0.262,-1.127,-11.902,45.166,11.658,175.93,59.095,-72.724
-0.281,0.211,-0.931,-1.099,42.603,-7.874,175.578,56.646,-72.625
-0.215,0.125,-0.761,0.854,-11.047,-20.813,176.078,55.805,-71.543
-0.575,0.151,-0.742,2.747,-24.597,-10.559,176.364,56.97,-70.818
-0.508,0.112,-0.721,10.193,5.859,-1.343,176.765,57.255,-70.587
-0.478,0.109,-0.711,6.042,5.981,9.094,176.946,56.931,-70.84
-0.394,0.137,-0.702,5.188,15.686,16.113,176.704,56.332,-71.576
-0.191,0.15,-0.6,4.761,-0.427,21.423,176.314,55.64,-72.598
-0.339,0.189,-0.618,8.667,-25.208,23.499,175.699,56.168,-74.092
-0.44,0.163,-0.662,12.878,-15.991,16.724,175.342,56.926,-75.542
-0.684,0.167,-0.916,8.301,-24.475,10.925,175.237,57.673,-76.465
-0.884,0.09,-1.094,12.512,7.874,1.343,175.38,58.024,-76.943
-0.656,-0.026,-1.175,8.118,12.085,-23.254,176.402,57.206,-75.877
-0.677,-0.078,-1.157,6.958,30.701,-38.696,177.687,56.766,-73.746
-0.426,-0.155,-1.087,-9.155,19.226,-26.123,178.989,55.481,-71.202
-0.421,0.014,-0.94,-20.752,3.418,8.728,178.38,54.937,-70.582
-0.41,0.121,-0.798,-15.198,-12.817,16.968,177.193,55.113,-71.136
-0.564,0.146,-0.762,-1.343,-20.752,8.545,176.484,55.887,-71.741
-0.578,0.049,-0.767,9.521,-0.916,-7.812,176.627,56.481,-71.796
-0.426,-0.106,-0.728,-1.282,0.488,-26.855,177.578,56.431,-70.532
-0.536,-0.042,-0.759,-16.541,7.507,-27.039,178.028,56.547,-68.698
-0.391,-0.045,-0.718,-15.808,10.071,-29.968,178.314,56.096,-66.725
-0.436,-0.019,-0.695,-17.09,-7.446,-28.992,178.566,56.179,-64.715
-0.436,-0.031,-0.624,-16.418,-23.621,-25.452,178.792,57.014,-62.875
-0.655,0.044,-0.673,-14.587,-24.963,-12.878,178.726,58.447,-61.606
-0.522,0.027,-0.63,-3.296,-3.052,-0.977,178.643,59.145,-61.133
-0.62,0.068,-0.734,-8.301,-20.264,8.545,178.187,59.897,-61.452
-0.794,0.154,-0.882,-1.892,-8.057,12.085,177.49,60.721,-62.227
-0.666,0.163,-0.987,7.812,29.358,8.362,177.336,60.167,-62.792
-0.589,0.176,-1.132,9.949,16.296,6.409,177.556,58.92,-63.171
-0.525,0.12,-1.036,14.709,16.357,-1.953,178.138,58.096,-63.21
-0.485,0.068,-0.939,3.906,4.639,-3.357,178.605,57.535,-63.012
-0.476,0.091,-0.819,-4.456,2.93,-10.742,178.676,57.316,-62.551
-0.585,0.113,-0.83,-8.545,0.61,-17.395,178.731,57.261,-61.65
-0.434,0.115,-0.762,-9.888,16.235,-13.062,178.715,56.629,-60.71
-0.493,0.174,-0.776,-7.996,3.662,-2.319,178.358,56.228,-60.326
-0.343,0.157,-0.671,-0.549,7.996,3.601,178.017,55.838,-60.469
-0.43,0.189,-0.67,6.653,-10.864,13.367,177.665,55.86,-61.177
-0.401,0.144,-0.687,10.681,-4.883,18.555,177.44,56.063,-62.358
-0.517,0.162,-0.758,13.367,-5.31,17.151,177.171,56.349,-63.748
-0.408,0.089,-0.749,12.634,-4.272,3.174,177.358,56.36,-64.528
-0.433,0.034,-0.744,4.15,-14.954,-12.756,177.748,56.887,-64.413
-0.601,-0.002,-0.87,-8.789,-26.855,-27.893,178.22,57.87,-63.204
-0.775,0.021,-0.947,-16.479,-12.878,-28.748,178.423,59.079,-61.49
-0.646,-0.007,-1.01,-17.334,-11.292,-21.729,178.588,59.354,-59.848
-1.007,0.127,-1.075,-10.986,-8.423,-4.639,178.033,60.496,-59.299
-0.722,0.031,-0.97,12.878,32.227,-4.578,178.621,59.595,-58.832
-0.481,-0.002,-0.919,12.39,24.414,23.376,178.995,58.068,-59.392
-0.406,0.009,-0.803,11.292,7.874,28.442,178.748,57.343,-60.914
-0.411,0.052,-0.694,8.972,-10.742,31.494,178.314,57.349,-62.551
-0.513,0.018,-0.652,8.728,-11.23,19.287,177.957,57.887,-63.984
-0.569,0.006,-0.743,8.301,8.24,-0.793,178.215,57.87,-64.259
-0.476,-0.046,-0.756,7.812,21.423,-14.099,178.995,57.156,-63.622
-0.378,-0.108,-0.812,0.671,8.301,-21.79,-179.989,56.338,-62.243
-0.418,-0.087,-0.734,-7.935,-8.606,-24.414,-179.368,56.519,-60.677
-0.374,-0.084,-0.66,-13.062,-20.752,-24.353,-178.846,57.14,-58.865
-0.575,0.019,-0.701,-14.404,-24.17,-9.705,-178.896,58.458,-57.612
-0.445,0.017,-0.685,-3.54,-5.432,-0.427,-178.984,59.013,-57.14
-0.614,0.089,-0.826,-3.235,-26.917,15.381,-179.396,59.744,-57.552
-0.761,0.102,-0.904,9.46,-5.493,6.104,-179.637,60.628,-58.288
-0.668,0.109,-0.896,10.498,-1.709,9.888,-179.418,60.628,-58.788
-0.855,0.13,-1.0,15.503,15.198,1.77,-179.269,60.557,-59.447
-0.648,0.045,-1.034,13.794,35.583,-6.348,-178.281,59.03,-59.101
-0.475,0.021,-1.016,5.127,27.283,6.775,-178.061,57.513,-59.337
-0.423,0.027,-0.918,-3.845,0.671,0.183,-178.248,56.827,-59.529
-0.53,0.072,-0.82,-5.981,-10.559,-1.221,-178.55,57.173,-59.414
-0.462,0.081,-0.703,-5.371,-11.536,6.836,-179.011,57.601,-59.656
-0.505,0.125,-0.648,0.0,-12.329,12.39,-179.632,58.271,-60.386
-0.313,0.098,-0.538,4.272,-7.263,18.616,179.901,58.601,-61.408
-0.565,0.159,-0.626,6.042,-27.71,27.405,179.039,59.546,-63.138
-0.479,0.089,-0.624,11.292,-4.761,15.259,178.544,60.161,-64.742
-0.442,0.072,-0.665,7.324,-4.822,14.343,178.297,60.414,-65.814
-0.68,0.058,-0.833,0.793,-24.048,6.531,177.968,61.007,-66.627
-0.929,0.049,-0.945,4.7,-8.24,-3.235,177.891,61.979,-66.846
-0.715,-0.094,-1.015,4.7,10.193,-3.174,178.495,61.639,-66.462
-0.976,0.011,-1.062,2.319,2.075,-0.061,178.434,62.012,-66.506
-0.648,-0.096,-0.953,9.155,40.955,-6.775,179.396,60.628,-65.775
-0.411,-0.046,-0.895,-0.244,26.733,26.733,179.33,58.925,-66.242
-0.354,0.026,-0.76,-7.629,-4.7,35.217,178.116,58.392,-67.994
-0.519,0.126,-0.683,-4.883,-21.851,31.067,176.786,59.008,-69.752
-0.708,0.121,-0.728,9.277,-10.742,19.592,176.061,59.755,-71.263
-0.595,0.057,-0.714,26.123,25.269,4.944,176.786,59.178,-71.708
-0.399,-0.065,-0.69,25.513,22.827,8.606,178.05,57.92,-71.878
-0.352,-0.092,-0.67,15.503,3.601,8.362,178.83,57.398,-72.186
-0.565,-0.028,-0.716,5.981,-14.771,7.629,179.138,57.947,-72.422
-0.428,-0.039,-0.624,9.521,-8.24,3.906,179.544,58.425,-72.477
-0.493,-0.032,-0.642,11.047,-23.804,5.798,179.967,59.293,-72.587
-0.547,-0.038,-0.732,11.047,-24.353,9.705,-179.517,60.37,-72.768
-0.861,0.045,-0.937,14.16,-25.696,18.127,-179.385,61.848,-73.504
-0.675,0.017,-0.918,18.738,-7.08,22.522,-179.193,62.419,-74.603
-0.929,0.091,-1.049,14.648,-4.089,32.41,-179.566,62.996,-76.344
-0.79,0.101,-1.002,6.775,17.517,39.551,179.659,62.545,-78.437
-0.611,0.16,-0.945,6.653,22.766,40.71,178.374,61.337,-80.92
-0.434,0.125,-0.769,11.23,7.08,24.536,177.72,60.502,-82.7
-0.438,0.106,-0.655,11.353,-10.925,25.024,177.369,60.518,-84.128
-0.517,0.134,-0.619,8.179,-17.639,36.621,176.561,61.111,-86.149
-0.525,0.178,-0.565,10.62,-13.123,44.434,175.281,61.65,-88.863
-0.553,0.194,-0.583,13.977,-11.78,43.03,174.04,61.902,-91.758
-0.561,0.169,-0.603,20.386,3.845,36.621,173.249,61.875,-94.307
-0.459,0.131,-0.587,17.395,-8.118,34.668,172.787,61.699,-96.471
-0.457,0.147,-0.587,14.404,-20.081,34.729,171.958,62.199,-98.855
-0.674,0.14,-0.806,9.094,-36.133,24.841,171.178,63.226,-100.909
-1.017,0.139,-1.099,2.991,-28.503,22.217,170.217,64.671,-102.717
-1.068,0.149,-1.072,3.113,-21.729,18.799,169.162,65.874,-104.249
-1.44,0.147,-1.17,12.573,3.601,12.634,168.794,66.879,-105.189
-0.783,0.04,-0.924,29.297,88.196,14.526,169.98,64.21,-104.919
-0.282,-0.058,-0.808,19.653,62.744,19.897,171.431,60.337,-104.518
-0.267,0.024,-0.653,-2.136,5.859,31.311,171.425,58.502,-105.161
-0.395,0.069,-0.527,-0.244,-18.127,17.578,170.59,58.749,-106.353
-0.61,0.037,-0.575,0.0,-26.733,-2.747,170.475,59.897,-106.485
-0.761,-0.018,-0.75,-2.563,2.808,-1.587,170.755,60.573,-105.881
-0.749,0.024,-0.855,-7.019,16.968,1.648,170.684,60.244,-105.353
-0.899,0.086,-1.071,-14.832,24.536,1.648,170.623,59.293,-104.568
-0.343,0.197,-0.879,-19.897,61.218,10.254,170.052,57.052,-103.925
0.039,0.323,-0.847,-21.545,17.273,5.981,169.167,54.871,-103.568
-0.491,0.323,-0.772,-6.653,-52.612,-1.343,168.283,56.228,-104.03
-0.736,0.291,-0.848,4.272,11.047,13.245,167.899,56.942,-104.634
-0.409,0.313,-0.828,25.879,17.456,29.358,167.86,55.613,-105.76
-0.329,0.267,-0.805,43.884,3.845,50.842,168.536,54.503,-107.721
-0.402,0.348,-0.749,69.702,-20.752,95.642,168.986,53.943,-112.044
-0.54,0.218,-0.729,93.75,-19.958,105.286,170.002,53.839,-118.136
-0.495,0.146,-0.789,88.257,-15.625,111.084,171.348,53.569,-124.299
-0.497,0.113,-0.844,75.806,-11.902,107.971,172.255,53.229,-130.38
-0.521,0.119,-0.977,62.988,-16.846,93.079,172.809,53.053,-135.846
-0.637,0.068,-1.031,50.537,-9.033,88.806,173.188,53.108,-140.488
-0.489,0.063,-0.964,43.213,-5.066,90.027,173.128,52.608,-145.003
-0.342,-0.028,-0.762,46.326,-15.198,81.726,173.249,52.394,-149.205
-0.548,0.007,-0.696,39.49,-46.753,83.679,173.09,53.575,-153.495
-0.704,-0.023,-0.707,57.129,-16.479,79.834,173.37,54.635,-157.533
-0.653,-0.066,-0.766,62.683,13.245,87.097,174.161,54.179,-161.362
-0.456,-0.154,-0.781,61.34,30.457,88.318,175.199,52.592,-165.081
-0.314,-0.186,-0.826,48.95,9.399,78.552,176.067,51.389,-168.514
-0.377,-0.177,-0.771,33.997,-14.343,66.65,176.682,51.493,-171.343
-0.54,-0.155,-0.795,29.541,-21.24,54.138,177.023,52.372,-173.688
-0.578,-0.175,-0.875,16.479,-9.766,55.481,177.374,53.015,-175.43
-0.646,-0.005,-0.908,6.348,-17.7,62.317,176.451,53.707,-177.946
-0.628,0.074,-0.947,9.705,-10.742,36.621,175.759,54.24,-179.841
-0.66,0.131,-1.04,30.396,5.188,24.841,175.924,54.586,179.154
-0.316,-0.056,-0.895,32.166,18.616,23.682,177.182,53.745,178.61
-0.191,-0.038,-0.805,7.874,-13.123,33.813,177.621,53.306,177.479
-0.494,0.141,-0.84,-11.475,-19.897,38.818,176.556,54.069,175.54
-0.558,0.301,-0.865,-4.211,5.371,31.006,175.095,54.102,173.732
-0.419,0.234,-0.832,13.489,22.034,13.306,174.743,53.185,172.925
-0.315,0.101,-0.805,19.47,13.184,7.019,175.38,52.163,172.826
-0.38,0.074,-0.817,15.93,0.793,11.536,175.924,51.801,172.513
-0.452,0.088,-0.851,14.771,4.883,17.822,176.232,51.608,171.887
-0.373,0.083,-0.875,10.193,2.563,19.287,176.385,51.207,171.123
-0.316,0.129,-0.852,3.418,-5.554,23.804,176.094,51.097,170.09
-0.406,0.153,-0.873,-1.282,-25.269,14.709,175.562,51.757,169.041
-0.498,0.169,-0.875,-8.606,-25.146,2.991,174.974,52.921,168.629
-0.737,0.236,-1.075,-10.864,-23.865,17.883,174.084,53.899,168.162
-0.592,0.227,-0.968,15.808,3.784,33.813,173.315,54.086,166.783
-0.287,0.135,-0.822,35.645,4.883,37.048,173.518,53.427,165.092
-0.265,-0.062,-0.714,48.34,-30.029,30.396,174.754,53.531,163.328
-0.729,-0.087,-0.821,45.044,-33.63,34.363,176.017,55.316,161.406
-0.614,-0.123,-0.863,36.621,18.066,39.246,177.149,55.278,159.681
-0.39,-0.126,-0.831,24.048,31.067,29.968,177.94,53.97,158.34
-0.224,-0.047,-0.828,10.315,13.0,24.231,178.325,52.701,157.209
-0.325,-0.013,-0.801,13.428,-3.113,16.602,178.605,52.394,156.099
-0.459,-0.027,-0.838,15.076,-7.507,9.277,179.143,52.542,155.297
-0.523,-0.102,-0.884,18.86,1.953,-7.324,-179.747,52.586,155.429
-0.405,-0.186,-0.869,11.78,5.859,-8.423,-178.5,52.289,156.072
-0.397,-0.119,-0.852,-2.319,4.517,1.038,-178.055,52.048,156.231
-0.326,-0.032,-0.824,-5.615,5.676,0.183,-178.105,51.68,156.165
-0.382,0.023,-0.813,-2.136,0.427,-7.019,-178.044,51.498,156.363
-0.256,-0.098,-0.791,5.615,3.296,-18.738,-177.38,51.229,157.154
-0.228,-0.158,-0.678,-6.775,-30.884,-22.522,-176.748,51.823,158.198
-0.344,-0.182,-0.564,-17.944,-52.429,-30.151,-176.446,53.833,159.554
-0.569,-0.075,-0.459,-28.503,-57.007,-16.785,-176.721,56.706,160.999
-0.715,-0.004,-0.631,-19.775,-42.725,-4.578,-177.297,59.106,162.224
-0.757,0.06,-0.862,-1.526,-35.4,-3.54,-177.627,61.172,163.246
-1.174,0.077,-1.248,11.719,-3.296,9.094,-177.407,62.584,163.812
-0.86,0.058,-1.168,17.029,54.932,23.071,-177.374,61.403,163.372
-0.316,0.108,-1.117,2.197,45.288,35.461,-178.083,58.568,161.906
-0.567,0.139,-1.072,3.54,-7.935,3.845,-178.874,57.854,160.653
-0.503,0.036,-0.923,-1.526,5.737,-11.353,-178.588,57.706,161.164
-0.495,0.073,-0.822,-13.184,-12.512,0.61,-178.951,57.832,161.488
-0.543,0.157,-0.728,-11.23,-8.911,7.874,-179.923,58.337,161.175
-0.439,0.156,-0.647,-2.136,-5.615,4.395,179.456,58.497,160.939
-0.553,0.167,-0.7,1.038,-5.127,9.583,178.967,58.821,160.604
-0.433,0.147,-0.668,4.822,2.93,13.367,178.588,58.618,160.115
-0.525,0.186,-0.702,9.033,-11.047,19.714,178.055,58.837,159.142
-0.561,0.166,-0.71,16.968,-5.066,14.16,177.88,59.238,158.264
-0.47,0.1,-0.674,21.423,-7.202,8.545,178.281,59.398,157.813
-0.444,0.028,-0.642,17.334,-16.968,0.305,178.868,60.013,157.654
-0.483,-0.021,-0.629,10.254,-29.175,-5.432,179.511,61.139,157.939
-0.885,0.008,-0.858,0.732,-36.255,-0.549,179.791,62.891,158.307
-0.835,0.02,-0.801,0.061,-9.033,-0.122,179.643,64.133,158.555
-0.964,-0.005,-1.101,-7.996,-10.62,-0.244,179.687,64.33,159.164
-0.846,0.051,-0.955,4.517,24.048,-6.714,179.368,64.545,159.543
-0.711,0.012,-0.935,4.883,26.855,-11.108,-179.742,63.38,160.873
-0.51,0.008,-0.855,6.287,19.226,9.399,-179.418,62.155,161.213
-0.523,0.011,-0.773,8.667,-0.061,10.376,-179.434,61.716,160.719
-0.578,-0.003,-0.726,7.812,-7.385,10.803,-179.401,61.919,160.175
-0.657,-0.024,-0.714,8.179,-3.235,0.732,-179.187,62.216,160.016
-0.606,-0.06,-0.689,5.432,9.705,-7.507,-178.616,62.051,160.62
-0.517,-0.085,-0.678,1.465,10.437,-9.521,-177.979,61.518,161.543
-0.607,-0.093,-0.723,2.319,12.817,-15.564,-177.38,61.172,162.57
-0.677,-0.128,-0.811,-0.366,5.127,-21.79,-176.407,60.749,164.158
-0.532,-0.166,-0.686,-0.61,9.644,-18.799,-175.518,60.474,165.762
-0.593,-0.086,-0.736,-8.667,15.93,4.822,-175.408,60.007,166.459
-0.343,-0.062,-0.668,-8.423,21.851,16.663,-176.16,58.997,165.833
-0.283,-0.061,-0.652,-13.794,-10.62,5.554,-176.935,58.607,165.185
-0.455,-0.063,-0.605,-20.508,-26.184,-14.465,-177.506,59.639,165.394
-0.541,-0.06,-0.615,-23.254,-21.423,-29.541,-177.578,60.776,166.882
-0.649,-0.02,-0.728,-21.729,-25.085,-25.879,-177.418,61.694,168.887
-0.814,0.063,-0.894,-12.207,-6.348,-16.479,-177.308,62.693,170.585
-0.927,0.149,-1.164,-3.906,4.395,17.029,-177.589,62.507,171.019
-0.726,0.131,-1.119,12.207,42.664,31.25,-178.55,61.595,169.525
-0.387,0.132,-1.045,11.963,14.221,19.043,-179.061,59.969,167.986
-0.56,0.046,-0.949,10.742,-14.343,-7.812,-178.715,60.161,167.679
-0.636,0.036,-0.873,2.808,-2.563,-22.583,-177.907,60.502,168.64
-0.583,0.019,-0.809,-4.639,-5.554,-16.907,-177.292,60.496,169.882
-0.611,0.051,-0.778,-7.019,-4.517,-0.793,-177.495,60.721,170.255
-0.597,0.117,-0.747,-7.568,-1.343,16.541,-178.314,60.831,169.739
-0.412,0.173,-0.681,-4.395,-0.305,25.452,-179.594,60.776,168.333
-0.433,0.229,-0.635,2.686,-23.438,24.719,179.231,61.359,166.74
-0.474,0.156,-0.578,12.39,-26.733,20.874,178.462,62.468,165.103
-0.642,0.115,-0.619,12.207,-31.128,18.555,177.99,63.875,163.724
-0.684,0.114,-0.621,9.338,-22.217,12.512,177.479,65.204,162.581
-0.623,0.1,-0.614,8.972,-14.832,4.028,177.308,66.039,162.109
-0.577,0.049,-0.606,9.46,-10.071,-4.211,177.594,66.786,162.263
-0.741,0.07,-0.737,4.761,-19.775,0.305,177.924,67.511,162.565
-0.881,0.048,-0.839,7.141,-7.324,4.578,177.946,68.286,162.477
-0.773,0.039,-0.873,7.629,-3.418,7.141,177.913,68.434,162.169
-1.084,0.005,-0.977,10.62,-2.197,-3.845,178.143,69.038,162.076
-0.762,-0.095,-0.804,11.719,15.076,-21.79,179.583,68.549,163.471
-0.673,-0.115,-0.765,3.052,18.188,-10.132,-179.198,67.791,164.866
-0.509,-0.08,-0.679,-6.104,13.672,3.601,-179.055,66.945,165.218
-0.576,0.016,-0.647,-8.85,-6.714,8.972,-179.643,66.791,164.806
-0.701,0.01,-0.664,0.488,-1.648,-2.686,-179.874,67.132,164.702
-0.613,-0.082,-0.659,3.967,2.197,-15.93,-179.006,66.978,165.718
-0.713,-0.128,-0.731,1.343,5.615,-21.362,-177.902,66.923,167.201
-0.628,-0.162,-0.688,-1.587,9.399,-24.963,-176.578,66.506,169.118
-0.529,-0.15,-0.645,-8.484,3.967,-12.756,-175.803,66.209,170.552
-0.543,-0.1,-0.648,-9.644,14.587,-6.042,-175.721,65.786,171.249
-0.479,-0.099,-0.638,-17.7,6.226,-5.92,-175.946,65.237,171.749
-0.465,-0.111,-0.602,-24.353,-2.625,-15.564,-176.314,65.094,172.529
-0.457,-0.1,-0.539,-33.508,-17.029,-20.63,-176.644,65.457,173.881
-0.532,-0.011,-0.557,-34.729,-25.513,-16.479,-177.292,66.489,175.265
-0.801,0.071,-0.682,-21.729,-31.311,-12.085,-177.929,67.978,176.391
-0.997,0.088,-0.865,-5.981,-18.311,-7.019,-178.105,69.417,177.303
-1.133,0.22,-0.969,-0.305,20.386,24.17,-178.802,69.692,176.951
-0.75,0.166,-0.954,14.832,43.579,26.123,-179.736,67.676,175.243
-0.711,0.183,-0.976,13.977,24.475,28.137,179.621,66.171,173.54
-0.706,0.116,-0.871,7.446,13.55,25.146,178.896,65.182,171.804
-0.783,0.154,-0.88,-1.038,23.987,21.912,177.88,64.297,170.294
-0.503,0.155,-0.729,-1.465,11.719,10.254,177.182,63.155,169.492
-0.608,0.17,-0.683,-2.014,-8.179,9.583,176.567,63.243,168.821
-0.577,0.148,-0.622,1.831,0.549,5.615,176.111,63.402,168.3
-0.521,0.18,-0.601,0.427,8.057,9.46,175.655,63.182,167.827
-0.362,0.176,-0.556,0.122,12.634,13.794,175.155,62.518,167.212
-0.426,0.244,-0.614,-1.343,-6.165,23.56,174.122,62.199,165.905
-0.481,0.255,-0.627,3.845,-2.625,17.7,173.062,62.265,164.339
-0.443,0.273,-0.646,8.057,-8.24,18.86,172.315,62.265,162.999
-0.522,0.225,-0.756,10.925,-18.677,16.785,171.722,62.622,161.526
-0.891,0.191,-0.957,11.78,-21.057,17.273,171.074,63.737,159.89
-0.906,0.064,-1.059,9.521,-5.31,2.075,171.107,64.237,159.12
-0.872,0.072,-0.924,9.033,0.488,-7.935,171.381,64.83,159.131
-0.719,-0.056,-0.83,6.348,4.395,-18.25,172.82,64.622,160.45
-0.665,0.029,-0.82,-2.686,13.733,12.024,173.035,64.248,160.653
-0.529,0.115,-0.725,-3.662,8.301,24.17,172.244,63.528,159.445
-0.615,0.156,-0.749,4.822,8.484,14.709,171.711,63.018,158.269
-0.604,0.127,-0.729,12.756,16.846,1.831,172.139,62.314,158.049
-0.523,0.044,-0.697,16.724,22.4,-2.014,173.156,61.304,158.34
-0.609,0.034,-0.737,11.963,17.029,-5.737,174.15,60.518,158.752
-0.51,-0.061,-0.776,16.846,33.813,-15.991,175.583,59.293,159.73
-0.536,-0.077,-0.778,2.625,15.625,-16.418,176.803,58.392,160.796
-0.457,-0.122,-0.68,-4.395,16.907,-28.87,177.825,57.678,162.131
-0.49,-0.063,-0.674,-17.578,20.63,-32.471,178.544,57.014,163.932
-0.37,-0.027,-0.624,-22.4,20.752,-37.903,178.973,56.069,166.047
-0.428,0.024,-0.635,-18.494,9.705,-34.912,179.236,55.536,168.151
-0.509,-0.063,-0.753,-20.691,12.268,-36.56,179.594,55.135,170.261
-0.663,0.018,-0.986,-25.635,13.306,-35.339,179.637,54.772,172.425
-0.451,0.061,-0.977,-21.179,39.185,-26.428,179.561,53.69,174.38
-0.574,0.234,-1.126,-20.691,21.606,-5.981,178.94,52.136,175.232
-0.364,0.234,-1.142,-3.479,48.645,6.714,178.445,50.268,175.188
-0.245,0.246,-1.107,10.742,10.62,15.625,178.231,48.746,174.177
-0.445,0.125,-1.007,18.738,1.892,4.028,178.731,48.554,173.298
-0.375,0.081,-0.894,13.916,9.949,3.662,179.363,48.027,172.859
-0.36,0.053,-0.82,5.493,4.639,7.385,179.555,47.653,172.238
-0.345,0.139,-0.796,-5.31,7.019,13.916,179.138,47.346,171.42
-0.263,0.174,-0.782,-3.174,6.042,15.198,178.5,46.912,170.37
-0.25,0.234,-0.797,-8.179,3.54,18.25,177.665,46.637,169.217
-0.323,0.254,-0.816,-2.38,-1.77,9.399,176.929,46.516,168.223
-0.25,0.175,-0.773,0.305,-0.916,-8.24,176.611,46.456,167.86
-0.23,0.093,-0.691,-16.113,-15.808,-32.776,176.462,46.895,168.69
-0.383,0.151,-0.719,-14.282,-16.113,-35.217,176.089,47.889,170.129
-0.333,0.113,-0.786,-11.475,-10.559,-30.029,176.061,48.587,171.667
-0.659,0.111,-1.054,1.16,-15.076,-18.433,176.127,49.62,172.601
-0.451,0.045,-1.085,8.728,9.033,-13.611,176.704,49.719,173.375
-0.92,-0.017,-1.256,16.479,11.047,-14.893,177.66,50.015,174.089
-0.16,-0.021,-1.152,16.968,67.932,-4.517,178.775,47.351,174.814
0.106,-0.088,-1.013,15.564,14.343,-2.93,179.874,45.308,174.886
-0.211,-0.043,-0.84,-4.456,-47.18,11.108,179.951,46.34,173.864
-0.565,0.047,-0.829,-7.874,-26.062,11.414,179.341,48.054,172.529
-0.438,0.043,-0.82,1.221,12.634,-2.258,179.209,48.082,172.139
-0.265,-0.012,-0.846,6.47,16.785,-10.925,179.709,47.219,172.535
-0.305,-0.055,-0.887,3.54,11.23,-5.981,-179.775,46.631,172.842
-0.195,-0.07,-0.851,2.441,4.883,-0.793,-179.495,46.044,172.672
-0.344,-0.067,-0.802,0.0,-11.23,-1.16,-179.302,46.324,172.343
-0.361,-0.044,-0.768,3.174,1.038,8.85,-179.154,46.472,171.947
-0.342,-0.066,-0.774,-0.122,0.366,13.123,-179.132,46.412,171.172
-0.243,-0.021,-0.763,-4.7,-0.244,11.169,-179.346,46.318,170.409
-0.211,-0.005,-0.811,-7.141,-13.55,7.08,-179.648,46.544,169.7
-0.367,0.062,-0.879,-5.859,-17.883,5.493,179.923,47.346,169.008
-0.481,0.032,-0.879,-1.648,-16.846,1.587,179.764,48.142,168.558
-0.747,0.156,-1.268,-9.094,-5.249,15.503,179.374,48.318,168.074
-0.699,0.146,-1.284,8.484,48.218,19.714,178.945,47.67,167.25
-0.224,0.168,-1.252,3.235,62.927,37.903,178.742,44.665,166.091
0.021,0.177,-1.118,11.414,24.231,33.997,178.391,42.391,164.075
-0.148,0.062,-0.955,11.597,-26.062,16.541,178.599,42.589,162.543
-0.334,0.067,-0.831,3.052,-37.476,29.541,178.396,44.072,160.84
-0.383,0.145,-0.755,2.563,-25.757,50.11,177.61,45.357,158.231
-0.35,0.23,-0.755,13.184,-23.01,70.862,176.693,46.126,154.671
-0.329,0.269,-0.758,31.616,-21.24,87.28,176.056,46.796,150.26
-0.421,0.282,-0.776,51.331,-22.339,112.183,175.787,47.324,144.723
-0.414,0.219,-0.731,72.144,-10.742,138.977,175.913,47.357,137.78
-0.273,0.018,-0.704,69.092,-12.146,109.009,176.748,47.17,131.221
-0.232,0.029,-0.8,45.715,-14.648,62.378,177.517,47.51,126.398
-0.187,-0.099,-0.771,21.24,-29.968,21.851,178.303,48.307,123.909
-0.571,-0.001,-0.944,-11.292,-45.349,15.808,177.984,50.136,122.173
-0.684,0.004,-0.954,-15.259,-20.63,-10.559,177.248,51.757,121.24
-1.003,0.151,-1.168,-35.645,-25.085,-11.963,176.589,52.91,121.564
-0.583,-0.015,-1.051,11.169,51.941,-56.458,177.083,52.229,123.195
-0.269,-0.098,-1.105,-10.498,22.644,-33.63,178.748,50.4,125.826
-0.304,-0.019,-0.941,-9.766,5.737,-29.358,178.951,49.911,126.799
-0.257,0.007,-0.759,-21.362,-9.827,-20.752,178.874,49.966,127.634
-0.454,0.059,-0.778,-14.648,-27.466,-19.653,178.341,51.07,127.974
-0.503,-0.008,-0.708,-5.066,-11.963,-27.344,178.654,52.07,128.969
-0.523,-0.058,-0.764,1.099,-7.324,-22.644,179.33,52.608,130.089
-0.522,-0.141,-0.788,5.676,6.348,-22.095,-179.72,52.734,131.078
-0.457,-0.146,-0.804,0.61,12.512,-8.606,-178.89,52.284,131.666
-0.349,-0.103,-0.716,-7.812,8.972,7.751,-178.929,51.779,131.089
-0.428,-0.03,-0.691,-14.893,-11.353,1.831,-179.445,51.965,130.325
-0.329,-0.063,-0.59,-15.32,-4.089,-12.085,-179.692,52.339,130.419
-0.27,-0.041,-0.635,-19.775,-6.287,-10.986,179.934,52.712,130.726
-0.356,0.091,-0.801,-32.532,-22.949,6.653,178.896,53.339,130.518
-0.649,0.304,-1.001,-19.226,-28.198,14.893,177.149,54.673,129.518
-0.941,0.469,-1.146,1.282,1.465,40.283,175.831,55.355,128.139
-0.413,0.33,-1.084,37.17,27.405,33.386,175.71,53.811,126.453
-0.621,0.238,-1.194,46.204,3.479,29.358,176.666,53.069,124.942
-0.378,-0.025,-1.029,39.978,10.071,7.935,178.308,52.355,124.129
-0.361,-0.045,-0.915,9.033,-5.493,1.099,179.242,52.267,123.838
-0.325,0.041,-0.793,-5.859,-14.954,6.958,179.077,52.635,123.459
-0.344,0.093,-0.675,-6.836,-19.836,15.198,178.281,53.41,122.432
-0.331,0.147,-0.644,-9.583,-27.222,20.63,177.369,54.311,121.267
-0.393,0.296,-0.699,-7.08,-28.442,24.231,175.941,55.47,119.614
-0.439,0.304,-0.681,9.338,-33.508,11.108,175.226,56.772,118.553
-0.479,0.173,-0.636,13.916,-30.701,3.296,175.243,58.184,118.12
-0.634,0.081,-0.726,9.705,-26.001,-3.113,175.507,59.469,118.246
-0.862,0.071,-0.927,11.597,-5.859,1.465,175.825,60.271,118.394
-0.605,-0.066,-0.97,22.278,18.738,11.475,176.605,59.529,118.229
-0.764,-0.016,-1.023,11.353,-7.263,19.775,176.726,59.491,116.999
-0.802,-0.058,-1.009,16.174,-1.831,13.672,177.264,59.535,116.027
-0.608,-0.022,-0.774,10.559,-12.451,27.893,177.22,59.782,114.318
-0.691,0.011,-0.74,12.634,-8.057,27.71,177.023,60.425,112.368
-0.464,0.04,-0.609,9.033,-3.296,43.213,176.468,60.403,109.88
-0.541,0.092,-0.584,13.611,-24.536,32.471,175.594,61.007,107.078
-0.753,0.07,-0.642,20.142,-19.043,19.714,175.496,62.183,105.161
-0.736,0.006,-0.606,24.109,6.592,12.695,176.089,62.474,104.013
-0.694,-0.062,-0.605,24.963,19.531,2.258,177.226,62.001,103.337
-0.486,-0.165,-0.569,16.663,22.949,-4.211,178.808,60.952,103.008
-0.497,-0.153,-0.596,6.165,5.432,-1.953,179.604,60.683,102.151
-0.445,-0.14,-0.623,-2.319,1.709,12.024,-179.912,60.452,100.948
-0.454,-0.046,-0.682,-2.686,-8.057,29.419,179.341,60.645,98.454
-0.813,0.105,-0.93,-6.287,-17.09,36.072,178.215,61.298,95.768
-0.665,0.186,-0.935,5.127,-6.531,57.007,176.6,61.518,92.368
-0.976,0.306,-1.15,18.738,11.475,62.622,174.617,61.529,88.182
-0.642,0.189,-1.002,24.414,22.888,51.392,173.963,60.046,85.012
-0.633,0.222,-0.914,20.325,10.559,54.871,173.15,58.92,81.788
-0.484,0.152,-0.765,30.518,20.935,39.124,172.908,57.81,79.019
-0.356,0.102,-0.665,27.527,7.629,38.269,173.282,56.744,76.833
-0.482,0.121,-0.668,27.161,-1.77,42.114,173.315,56.393,74.224
-0.497,0.157,-0.692,27.039,5.676,47.791,173.249,56.019,71.301
-0.574,0.19,-0.837,25.635,13.977,56.519,173.007,55.256,68.0
-0.46,0.18,-0.894,32.898,31.555,48.096,173.002,53.674,64.753
-0.307,0.122,-0.941,30.64,15.808,45.349,173.485,52.169,62.095
-0.438,0.149,-1.037,23.438,-10.071,56.274,173.403,51.762,58.936
-0.474,0.148,-0.951,22.705,-7.629,60.181,172.963,51.768,55.256
-0.567,0.194,-0.9,18.127,-21.179,63.11,172.31,51.982,51.334
-0.515,0.144,-0.782,28.87,-2.441,53.284,171.985,51.943,47.527
-0.48,0.081,-0.763,39.124,-0.244,53.284,172.43,51.586,44.017
-0.496,0.0,-0.759,42.053,-10.193,58.167,173.139,51.542,40.172
-0.559,-0.006,-0.818,44.983,2.747,66.528,173.892,51.372,35.964
-0.477,-0.011,-0.855,61.523,23.621,86.243,174.842,50.229,30.97
-0.347,-0.118,-0.852,61.157,24.719,89.6,176.243,48.549,25.648
-0.361,-0.133,-0.856,51.025,9.705,83.984,177.429,47.373,20.446
-0.379,-0.112,-0.86,42.542,4.7,78.064,178.391,46.763,15.727
-0.418,-0.146,-0.86,38.33,1.648,63.232,179.275,46.467,11.541
-0.36,-0.198,-0.827,28.259,2.869,49.927,-179.83,46.247,8.223
-0.414,-0.171,-0.879,12.695,2.075,42.725,-179.423,46.181,5.422
-0.368,-0.226,-0.983,2.197,11.536,15.137,-179.154,45.818,3.636
-0.241,-0.148,-0.962,-29.053,2.075,-2.563,-179.555,45.346,3.197
-0.558,0.021,-1.077,-41.382,-25.513,-19.348,179.094,46.17,3.669
-0.574,0.125,-0.952,-31.067,9.766,-14.526,177.918,46.659,4.373
-0.211,0.12,-0.812,-18.311,23.254,5.798,176.995,45.725,4.098
-0.189,0.103,-0.849,-16.357,11.169,13.794,176.155,44.802,3.389
-0.349,0.187,-0.893,-19.409,17.029,29.663,174.836,44.044,1.983
-0.331,0.241,-0.88,-15.808,41.87,31.311,173.568,42.259,0.406
-0.178,0.237,-0.875,-1.77,60.608,31.86,172.771,39.452,-1.132
0.07,0.153,-0.925,-5.005,45.166,33.752,172.359,36.502,-2.439
-0.089,0.316,-0.961,-3.174,-12.878,33.691,171.65,35.519,-3.867
-0.32,0.314,-0.98,11.841,-5.249,51.086,171.326,35.667,-5.966
-0.196,0.285,-0.958,23.315,9.583,72.937,171.497,34.882,-9.152
-0.069,0.22,-0.906,26.855,8.972,78.674,172.013,33.662,-13.013
-0.005,0.225,-0.925,24.353,-10.559,71.716,172.568,32.921,-16.793
-0.119,0.219,-0.939,21.362,-20.386,61.218,173.073,33.173,-20.11
-0.137,0.202,-0.946,20.325,-22.888,50.903,173.507,33.662,-23.033
-0.281,0.216,-1.041,16.663,-22.583,48.584,173.859,34.338,-25.604
-0.32,0.192,-1.122,21.545,-3.113,49.988,174.21,34.706,-28.367
-0.185,0.137,-1.013,18.799,-4.272,39.185,174.716,34.492,-30.718
-0.215,0.006,-1.01,21.729,3.052,22.644,175.452,34.547,-32.305
-0.016,-0.087,-0.912,12.024,16.479,22.278,176.155,33.761,-33.206
0.004,-0.077,-0.851,0.793,-7.446,29.602,176.347,33.338,-34.299
-0.102,0.01,-0.465,12.939,-8.972,34.79,176.572,33.799,-35.634
-0.202,-0.082,-1.001,21.973,15.076,46.997,177.391,33.278,-37.551
0.013,-0.096,-1.011,14.526,31.128,53.955,178.149,31.745,-39.732
0.113,-0.028,-0.936,6.836,-3.54,55.725,178.588,30.707,-42.083
-0.007,0.045,-0.907,5.737,-13.611,47.241,178.786,30.932,-44.225
-0.097,0.042,-0.952,13.611,-9.094,28.381,179.165,31.267,-45.736
-0.092,-0.007,-0.963,19.165,4.395,17.212,179.934,31.212,-46.511
0.002,-0.084,-1.001,17.09,-5.127,7.202,-179.077,30.948,-46.807
-0.106,-0.089,-0.975,7.385,-15.503,-2.625,-178.396,31.487,-46.593
-0.159,-0.058,-0.941,-0.916,-17.822,-5.92,-178.099,32.223,-46.027
-0.229,-0.042,-0.974,1.831,-7.324,-11.597,-177.907,32.877,-45.363
-0.128,-0.047,-0.949,-1.465,-4.7,-8.789,-177.682,33.047,-44.692
-0.188,-0.037,-0.885,-5.981,-16.541,-14.587,-177.715,33.673,-44.0
-0.193,-0.046,-0.809,-5.676,-12.146,-23.499,-177.753,34.382,-42.902
-0.214,-0.068,-0.741,-6.409,-17.883,-33.325,-177.704,35.206,-41.375
-0.243,-0.137,-0.737,-7.385,-5.859,-43.823,-177.484,35.914,-39.271
-0.163,-0.143,-0.71,-20.02,-7.446,-36.072,-177.599,36.183,-37.156
-0.144,-0.082,-0.696,-24.963,-11.597,-26.428,-178.193,36.788,-35.502
-0.225,-0.017,-0.839,-21.729,-16.418,-21.179,-178.918,37.628,-34.255
-0.292,0.032,-1.007,-17.273,-5.432,-15.503,-179.456,38.145,-33.294
-0.352,0.133,-1.325,-17.212,21.973,8.179,179.94,37.974,-32.992
-0.215,0.318,-1.324,-5.066,40.955,28.809,178.868,36.568,-34.277
0.192,0.24,-1.206,5.066,40.588,16.541,178.709,34.124,-35.332
0.091,0.226,-1.169,10.681,-9.155,3.906,178.781,33.195,-35.793
-0.093,0.05,-1.043,5.859,-23.743,-8.24,179.182,33.871,-35.48
-0.255,0.106,-1.0,-12.634,-29.358,-2.563,178.89,35.068,-35.156
-0.318,0.217,-0.939,-12.39,-14.771,-0.549,178.088,36.096,-35.195
-0.249,0.23,-0.855,0.0,-4.822,-1.404,177.654,36.508,-35.365
-0.212,0.23,-0.796,9.094,-1.587,5.737,177.638,36.716,-35.81
-0.117,0.19,-0.733,13.55,-0.549,10.193,177.935,36.738,-36.617
-0.074,0.154,-0.757,11.475,-16.174,13.611,178.187,37.062,-37.573
-0.211,0.189,-0.779,7.202,-22.766,17.944,178.132,38.068,-38.76
-0.212,0.231,-0.757,10.132,-29.114,18.127,178.011,39.21,-40.144
-0.22,0.136,-0.735,21.301,-28.931,4.089,178.358,40.6,-41.221
-0.265,0.027,-0.853,18.127,-43.701,-2.197,179.099,42.281,-41.589
-0.661,-0.037,-1.147,19.409,-45.593,0.854,179.852,44.703,-41.885
-0.548,-0.194,-1.146,19.592,13.306,-5.371,-179.083,45.396,-41.951
-0.5,-0.121,-1.169,2.502,7.385,1.404,-178.654,45.225,-41.924
-0.286,-0.155,-1.088,3.357,30.457,-2.686,-178.226,44.16,-41.726
-0.096,-0.046,-0.94,-8.423,12.085,21.179,-178.363,43.011,-42.045
-0.197,0.061,-0.799,-8.789,-19.409,28.625,-179.11,43.193,-43.204
-0.38,0.111,-0.853,3.052,-2.625,19.104,-179.648,43.704,-44.379
-0.287,0.006,-0.893,13.306,9.583,4.211,-179.341,43.434,-44.929
-0.421,-0.071,-1.183,14.343,1.404,-4.639,-178.533,42.979,-44.819
-0.257,-0.125,-1.027,10.742,11.536,-2.258,-177.77,42.808,-44.577
-0.292,-0.069,-0.871,3.235,-11.658,5.859,-177.44,42.808,-44.588
-0.372,-0.063,-0.852,4.15,4.517,3.174,-177.22,42.973,-44.703
-0.202,-0.084,-0.873,2.686,18.799,1.038,-176.924,42.253,-44.654
-0.202,-0.059,-0.905,-5.066,-3.967,1.038,-176.951,41.907,-44.594
-0.308,-0.044,-0.876,-2.197,-5.798,-7.996,-176.951,42.209,-44.176
-0.364,-0.068,-0.852,0.488,-10.742,-7.812,-176.726,42.638,-43.638
-0.306,-0.094,-0.753,1.77,3.479,-5.127,-176.457,42.847,-43.264
-0.178,-0.132,-0.622,-7.019,-15.137,4.15,-176.446,43.105,-43.171
-0.274,-0.074,-0.594,-12.756,-22.583,9.338,-176.951,44.286,-43.423
-0.425,-0.003,-0.84,-15.015,-19.348,18.188,-177.709,45.324,-44.006
-0.626,0.087,-1.075,-5.127,4.272,19.287,-178.555,45.928,-45.088
-0.256,0.026,-1.139,-0.549,39.124,19.653,-178.868,44.786,-46.11
-0.4,0.157,-1.339,-12.085,0.366,28.748,-179.78,43.956,-47.538
-0.346,0.133,-1.212,-13.367,20.264,17.822,179.286,43.407,-48.68
-0.18,0.233,-1.054,-19.104,-3.601,17.456,178.05,42.726,-49.697
-0.423,0.189,-1.008,-3.235,-7.019,-10.803,177.341,43.138,-49.988
-0.296,0.158,-0.941,0.61,12.451,-14.404,177.429,42.896,-49.362
-0.257,0.115,-0.895,2.869,1.038,-7.996,177.621,42.599,-48.95
-0.278,0.094,-0.838,3.54,-2.38,-10.864,177.819,42.687,-48.636
-0.242,0.078,-0.757,1.709,-3.967,-6.653,178.011,42.88,-48.301
-0.304,0.093,-0.758,-0.732,-6.592,1.648,177.957,43.193,-48.367
-0.252,0.126,-0.754,-0.183,1.77,9.216,177.748,43.193,-48.834
-0.272,0.188,-0.809,-0.916,-0.488,14.893,177.38,43.121,-49.708
-0.273,0.175,-0.811,3.662,3.174,3.174,177.177,43.028,-50.378
-0.298,0.165,-0.848,-0.244,-9.277,0.0,177.116,43.193,-50.636
-0.213,0.157,-0.869,4.822,2.502,-5.371,177.078,43.314,-50.773
-0.474,0.199,-1.147,3.357,-20.813,5.127,177.072,43.759,-51.01
-0.437,0.126,-1.131,13.855,9.521,1.77,177.297,44.094,-51.498
-0.257,0.077,-1.078,19.897,-0.793,-3.723,177.995,43.715,-51.636
-0.285,-0.062,-0.976,26.917,-19.104,-24.414,179.357,44.214,-51.004
-0.57,-0.092,-1.034,20.508,-18.433,-16.296,-178.984,45.319,-49.719
-0.395,-0.06,-0.923,13.794,15.564,6.104,-178.072,45.324,-49.592
-0.317,-0.091,-0.995,17.151,25.33,-16.113,-177.215,44.401,-49.4
-0.072,-0.154,-0.913,10.559,27.1,-23.071,-176.001,42.907,-48.12
-0.097,-0.099,-0.851,-0.488,-15.991,-10.437,-175.485,42.599,-47.093
-0.418,-0.114,-0.813,5.859,-19.409,-18.799,-174.946,43.638,-45.994
-0.406,-0.146,-0.922,5.981,11.841,-15.747,-174.15,43.462,-44.852
-0.329,-0.174,-0.981,7.507,19.104,-9.094,-173.507,42.621,-44.247
-0.209,-0.199,-0.959,-0.427,14.221,-4.822,-173.09,41.748,-43.813
-0.278,-0.134,-0.936,-3.113,1.953,-5.188,-173.073,41.484,-43.456
-0.257,-0.129,-0.92,-7.324,4.272,-5.31,-173.084,41.226,-42.984
-0.259,-0.114,-0.925,-8.789,-0.732,-9.216,-173.265,41.138,-42.457
-0.192,-0.094,-0.838,-14.648,-8.728,-14.648,-173.562,41.265,-41.638
-0.224,-0.065,-0.756,-14.587,-18.25,-20.02,-173.947,41.918,-40.54
-0.18,-0.088,-0.676,-12.268,-25.208,-17.334,-174.155,42.764,-39.309
-0.307,-0.099,-0.697,-11.414,-28.992,-8.911,-174.375,44.127,-38.403
-0.271,-0.073,-0.687,-10.986,-19.043,2.441,-174.732,45.203,-38.073
-0.361,-0.046,-0.799,-10.437,-31.372,3.418,-175.21,46.39,-38.15
-0.593,-0.016,-0.988,-11.719,-30.212,7.263,-175.699,47.988,-38.276
-0.713,0.048,-1.194,-13.123,-9.949,26.917,-176.539,49.065,-39.15
-0.842,0.188,-1.291,-3.967,20.447,42.419,-178.05,49.29,-41.484
-0.423,0.104,-1.188,7.141,66.956,37.231,-178.682,46.774,-43.802
0.023,0.137,-1.067,4.211,39.185,38.391,-179.242,44.077,-46.022
-0.094,0.054,-0.863,10.559,-20.081,9.949,-179.319,43.83,-47.225
-0.411,0.014,-0.827,4.639,-33.813,2.441,-179.127,45.291,-47.422
-0.479,0.069,-0.827,-0.732,-5.554,14.221,-179.319,46.115,-47.972
-0.377,0.084,-0.844,0.488,6.348,14.954,-179.67,45.945,-48.9
-0.292,0.123,-0.83,-1.282,16.724,20.935,179.874,45.368,-49.949
-0.248,0.189,-0.891,-0.549,6.287,31.372,179.203,44.654,-51.498
-0.27,0.175,-0.878,10.193,-1.892,26.611,178.841,44.489,-53.19
-0.231,0.15,-0.785,10.132,-16.479,28.564,178.638,44.808,-54.877
-0.433,0.161,-0.896,9.277,-13.0,22.705,178.434,45.538,-56.453
-0.292,0.133,-0.882,21.606,19.226,7.507,178.671,45.214,-57.508
-0.055,0.044,-0.808,21.912,-7.935,6.531,179.583,44.648,-57.827
-0.279,0.059,-0.846,16.052,-41.077,25.33,-179.978,45.84,-58.744
-0.417,0.038,-0.95,13.916,-39.978,26.062,-179.874,47.571,-60.211
-0.513,0.015,-0.905,10.376,-52.124,17.212,-179.885,49.861,-61.447
-0.57,-0.058,-1.035,7.996,-48.523,-2.014,-179.681,52.163,-61.891
-0.845,-0.133,-1.021,4.15,-43.396,-17.761,-179.094,55.009,-61.144
-0.396,-0.205,-0.945,-9.583,-22.827,-23.193,-178.412,56.107,-59.672
-0.574,-0.076,-0.901,-25.024,-43.762,-7.385,-178.731,57.925,-58.497
-0.62,0.025,-0.771,-22.583,-22.278,1.892,-179.692,59.398,-58.173
-0.576,0.074,-0.757,-16.724,-21.24,4.272,179.324,60.315,-58.282
-0.603,0.021,-0.738,-8.301,-21.301,-5.188,178.863,61.348,-58.162
-0.537,0.017,-0.725,-6.775,-36.072,-2.991,178.698,62.693,-57.865
-0.653,-0.009,-0.645,4.211,-33.081,-6.775,178.813,64.561,-57.673
-0.714,-0.055,-0.669,4.578,-30.945,-13.672,179.681,66.022,-56.871
-0.739,-0.062,-0.598,5.066,-20.752,-17.883,-179.368,67.495,-55.816
-0.785,-0.112,-0.597,-5.127,-7.446,-20.386,-178.22,68.247,-54.355
-0.771,-0.114,-0.604,-13.733,14.709,-24.597,-177.462,68.253,-52.696
-0.581,-0.126,-0.613,-25.269,27.344,-10.376,-177.259,67.264,-51.273
-0.487,-0.029,-0.597,-34.79,10.132,1.038,-178.445,66.478,-50.916
-0.463,0.047,-0.563,-29.602,-1.404,-6.47,-179.786,66.341,-50.636
-0.456,0.063,-0.528,-22.217,-13.062,-7.507,179.456,66.753,-50.01
-0.89,0.144,-0.744,-18.921,-33.569,-2.441,178.638,68.016,-49.834
-0.669,0.146,-0.684,-13.306,11.658,1.099,177.83,68.39,-49.971
-1.093,0.381,-1.086,-14.038,-38.025,21.606,176.171,68.665,-51.268
-0.917,0.248,-0.906,14.648,39.062,16.663,175.419,68.417,-52.8
-0.68,0.223,-0.942,17.822,10.376,13.672,175.446,67.011,-53.981
-0.793,0.066,-0.877,18.86,12.329,-10.071,176.375,66.566,-54.108
-0.677,0.066,-0.779,5.676,9.888,-7.263,177.22,66.028,-53.58
-0.67,0.062,-0.716,-3.662,4.395,-6.958,177.512,65.764,-53.185
-0.638,0.143,-0.69,-3.418,8.362,-2.686,177.33,65.533,-53.036
-0.577,0.11,-0.636,0.0,1.709,-5.432,177.391,65.286,-52.883
-0.702,0.125,-0.671,3.418,7.874,-1.221,177.506,65.248,-52.817
-0.59,0.107,-0.604,5.92,21.118,8.423,177.561,64.523,-53.141
-0.558,0.125,-0.586,5.493,24.292,17.578,177.253,63.463,-54.069
-0.492,0.192,-0.592,8.24,29.785,27.283,176.644,62.166,-55.558
-0.462,0.218,-0.61,16.968,25.879,34.79,175.99,60.699,-57.601
-0.466,0.198,-0.678,23.193,18.311,31.738,175.583,59.54,-59.881
-0.457,0.135,-0.691,20.569,8.24,17.212,175.682,58.843,-61.523
-0.514,0.096,-0.895,15.198,5.676,2.014,176.089,58.387,-62.144
-0.757,0.044,-1.091,8.24,6.714,-2.563,176.578,58.244,-62.056
-0.884,0.031,-1.219,4.578,15.747,0.916,176.88,57.678,-61.902
-0.491,-0.071,-0.96,12.024,34.668,-14.099,177.775,56.365,-61.128
-0.334,-0.092,-0.894,-1.404,-3.662,-1.099,178.511,55.514,-60.244
-0.76,0.096,-0.813,-7.568,-35.156,19.775,177.72,57.052,-60.93
-0.588,0.06,-0.819,7.996,18.738,12.39,177.506,56.992,-61.655
-0.464,0.037,-0.896,16.113,40.771,7.69,177.94,55.464,-61.957
-0.141,-0.078,-0.825,14.282,9.338,0.305,178.846,53.921,-61.82
-0.462,-0.04,-0.807,6.714,-33.142,-1.343,179.401,54.619,-61.512
-0.755,-0.049,-0.859,13.123,-9.033,-3.052,-179.89,55.717,-61.095
-0.609,-0.076,-0.864,19.287,17.761,-0.488,-178.918,55.459,-60.776
-0.475,-0.139,-0.835,16.052,15.503,4.211,-177.885,54.646,-60.628
-0.443,-0.125,-0.782,3.845,0.061,4.7,-177.396,54.316,-60.683
-0.424,-0.124,-0.675,-2.869,-3.784,-13.306,-177.078,54.481,-60.172
-0.39,-0.18,-0.588,-14.954,-15.32,-29.785,-176.567,55.009,-58.502
-0.416,-0.12,-0.631,-28.87,8.85,-25.269,-176.523,55.3,-56.437
-0.148,-0.056,-0.541,-36.987,2.502,-11.169,-177.446,54.844,-55.146
-0.301,0.077,-0.667,-34.607,-32.715,-4.944,-178.83,55.734,-54.355
-0.71,0.187,-0.903,-16.113,-32.593,3.784,-180.0,57.382,-54.267
-0.747,0.112,-1.038,4.517,5.676,0.0,179.747,57.92,-54.514
-0.793,0.2,-1.17,0.427,3.174,18.25,179.489,57.486,-55.135
-0.707,0.178,-1.199,7.019,24.841,19.897,178.967,56.667,-56.514
-0.409,0.122,-1.089,7.812,23.193,-2.441,179.011,55.283,-57.014
-0.389,0.003,-0.92,-2.808,-14.526,-22.4,179.533,55.129,-56.124
-0.511,0.03,-0.756,-12.329,-15.991,-22.949,179.703,56.085,-54.734
-0.469,0.106,-0.719,-14.893,-15.625,-2.014,179.341,56.794,-54.042
-0.358,0.147,-0.603,-10.62,-12.024,20.996,178.286,57.475,-54.767
-0.603,0.258,-0.703,-7.202,-32.898,35.706,176.583,58.513,-56.871
-0.622,0.255,-0.705,6.714,-6.226,23.926,175.221,59.359,-59.194
-0.425,0.175,-0.631,10.986,-3.418,8.545,174.963,59.348,-60.48
-0.509,0.133,-0.676,15.991,-4.211,-4.822,175.276,59.7,-60.98
-0.441,0.091,-0.686,14.465,-4.028,-3.906,176.072,59.848,-60.919
-0.408,0.037,-0.659,14.282,-12.817,-4.639,176.737,60.244,-60.947
-0.6,0.053,-0.82,6.348,-28.503,4.089,177.094,61.309,-61.117
-0.741,0.038,-0.877,12.512,-13.855,4.395,177.215,62.402,-61.677
-0.796,0.006,-1.071,6.287,-25.635,4.7,177.55,63.04,-61.979
-1.039,0.019,-1.075,14.038,7.446,-4.089,177.83,64.072,-62.194
-0.681,-0.064,-0.946,10.681,27.893,-14.465,179.187,62.908,-61.188
-0.571,-0.045,-0.939,-1.831,9.705,8.789,179.555,62.034,-60.919
-0.497,0.022,-0.799,-2.869,5.066,16.907,178.978,61.622,-61.699
-0.527,0.089,-0.693,-0.61,-15.442,14.771,178.264,61.787,-62.693
-0.673,0.037,-0.708,5.371,-9.888,-1.16,178.143,62.435,-63.149
-0.578,-0.024,-0.642,6.897,7.08,-13.367,178.808,62.562,-62.622
-0.583,-0.065,-0.688,1.16,-0.977,-13.672,179.687,62.413,-61.655
-0.617,-0.064,-0.697,-0.427,5.066,-14.709,-179.654,62.534,-60.683
-0.57,-0.055,-0.708,-1.77,10.559,-7.812,-179.105,62.183,-59.832
-0.478,-0.096,-0.659,-4.517,7.935,-7.69,-178.802,61.793,-59.266
-0.505,-0.061,-0.688,-13.428,0.549,-4.761,-178.824,61.606,-58.694
-0.445,-0.048,-0.656,-15.625,2.136,-7.874,-179.138,61.562,-58.156
-0.455,-0.006,-0.644,-19.409,-7.874,-2.869,-179.572,61.743,-57.574
-0.627,0.137,-0.786,-16.907,-19.043,13.611,179.247,62.325,-58.019
-0.76,0.142,-0.828,1.709,-9.46,7.385,178.517,63.144,-58.832
-0.717,0.195,-0.894,9.094,-2.441,18.616,178.22,63.276,-59.843
-1.023,0.124,-1.047,25.513,9.766,13.184,178.374,63.391,-61.199
-0.643,0.127,-1.002,16.174,44.128,33.447,178.462,61.551,-62.732
-0.378,0.12,-0.953,15.808,12.756,31.372,177.874,59.952,-65.001
-0.45,0.091,-0.809,16.541,-9.216,12.939,177.929,59.991,-66.193
-0.725,0.081,-0.912,16.541,-16.907,21.606,178.116,60.441,-67.242
-0.426,0.072,-0.721,17.029,9.033,30.823,177.918,60.452,-68.939
-0.649,0.124,-0.707,13.062,-18.372,36.438,177.358,60.798,-71.104
-0.568,0.141,-0.697,14.771,9.583,32.654,176.622,60.771,-73.449
-0.581,0.172,-0.767,14.832,14.221,24.597,176.243,60.117,-75.229
-0.403,0.117,-0.723,14.954,16.663,12.024,176.331,59.167,-76.339
-0.371,0.101,-0.696,8.362,-6.165,5.249,176.517,58.81,-76.943
-0.452,0.062,-0.679,1.587,-19.775,-8.728,176.682,59.458,-77.036
-0.488,0.012,-0.671,-10.681,-20.264,-19.409,176.902,60.452,-76.267
-0.442,0.03,-0.65,-25.696,-22.522,-25.696,176.655,61.518,-74.96
-0.738,0.093,-0.8,-33.142,-32.776,-31.738,176.226,63.067,-73.191
-0.91,0.14,-0.833,-26.184,-12.817,-27.405,175.825,64.352,-71.51
-1.085,0.142,-1.057,-13.977,-7.812,-26.733,175.974,64.671,-69.906
-0.814,0.045,-0.883,-2.197,24.17,-30.151,176.951,64.556,-68.027
-0.738,0.021,-0.869,3.906,11.292,-19.592,178.088,63.847,-66.445
-0.617,-0.05,-0.764,1.953,13.794,-6.592,178.846,63.353,-65.66
-0.555,0.018,-0.652,-8.301,-2.136,8.057,178.555,63.21,-65.825
-0.655,0.049,-0.645,-7.568,-2.441,0.793,177.979,63.484,-66.187
-0.659,0.011,-0.669,-1.648,15.808,-10.986,178.044,63.27,-65.841
-0.663,-0.056,-0.775,0.0,24.353,-9.949,178.649,62.446,-64.984
-0.465,-0.085,-0.7,2.441,29.358,2.869,179.033,61.265,-64.578
-0.415,-0.004,-0.666,-1.282,6.165,21.851,178.742,60.364,-65.176
-0.504,-0.01,-0.675,7.996,5.31,18.311,178.33,60.233,-66.292
-0.315,-0.044,-0.582,5.31,0.427,20.569,178.231,59.854,-67.198
-0.396,-0.042,-0.591,-0.488,-20.569,15.198,177.858,60.348,-68.11
-0.62,0.062,-0.786,-1.404,-27.71,20.508,177.407,61.265,-68.857
-0.771,0.187,-0.923,17.7,-14.099,41.687,176.567,62.298,-70.9
-0.856,0.21,-0.985,26.733,-23.254,75.378,175.402,62.781,-74.833
-0.953,0.302,-1.089,35.461,8.545,98.999,173.188,62.595,-80.799
-0.782,0.286,-1.088,40.527,26.672,87.402,171.65,60.87,-86.424
-0.542,0.224,-0.973,41.504,25.208,79.285,171.068,58.683,-90.912
-0.47,0.163,-0.863,42.358,9.583,69.031,170.821,57.189,-95.004
-0.434,0.143,-0.759,41.016,2.441,60.791,170.98,56.332,-98.405
-0.333,0.135,-0.653,35.461,-13.794,71.96,170.876,55.887,-102.107
-0.584,0.236,-0.77,33.997,-38.452,85.815,169.98,56.47,-106.87
-0.604,0.271,-0.742,38.818,-22.766,94.666,168.646,57.003,-112.412
-0.902,0.31,-0.955,46.814,-14.526,93.506,167.585,56.926,-117.977
-0.534,0.164,-0.841,64.026,24.963,80.322,167.8,55.503,-122.503
-0.375,0.092,-0.863,62.744,12.146,86.426,168.712,53.773,-126.519
-0.263,-0.045,-0.793,65.247,2.319,83.557,169.788,52.438,-130.699
-0.469,-0.071,-0.812,60.242,-30.701,74.768,171.03,52.328,-134.544
-0.72,-0.16,-0.92,66.772,-4.333,75.928,172.452,52.877,-138.06
-0.476,-0.155,-0.899,51.88,18.25,102.539,173.364,51.79,-142.026
-0.306,-0.093,-0.903,38.086,10.437,106.689,173.364,50.356,-146.711
-0.303,0.015,-0.864,33.081,-11.23,88.074,173.15,49.828,-151.007
-0.368,-0.015,-0.781,33.02,-25.391,69.824,173.386,50.251,-154.413
-0.479,-0.022,-0.764,28.992,-29.846,65.125,173.474,51.207,-157.533
-0.638,-0.03,-0.875,25.574,-17.883,61.096,173.474,52.048,-160.296
-0.548,0.001,-1.032,20.508,9.399,60.852,173.359,51.718,-162.779
-0.346,0.088,-0.959,16.541,-4.883,50.964,173.051,51.372,-165.097
-0.197,0.11,-0.861,7.08,-9.766,41.26,172.914,51.048,-166.893
-0.544,0.234,-0.859,-2.014,-34.668,48.401,171.782,51.938,-169.376
-0.584,0.246,-0.85,4.578,-0.488,39.49,170.788,52.289,-171.502
-0.522,0.28,-0.856,12.207,8.789,44.006,170.057,51.707,-173.364
-0.356,0.217,-0.819,18.25,10.498,45.837,169.838,50.707,-175.188
-0.281,0.183,-0.737,15.137,-10.742,49.805,169.508,50.125,-177.468
-0.456,0.25,-0.762,5.493,-19.287,50.171,168.684,50.411,179.929
-0.44,0.324,-0.774,9.583,-7.812,44.983,167.761,50.477,177.534
-0.363,0.36,-0.811,19.348,-6.958,42.358,167.327,50.213,175.468
-0.358,0.386,-0.859,26.245,-22.4,46.875,167.141,50.334,173.079
-0.452,0.333,-0.894,32.288,-29.175,35.95,167.289,51.097,170.645
-0.639,0.387,-1.062,28.625,-36.255,31.128,167.657,52.092,168.75
-0.567,0.265,-1.053,39.551,-35.217,17.761,168.453,53.245,167.206
-0.679,0.112,-0.942,35.4,-28.992,11.23,169.525,54.838,166.218
-0.429,-0.024,-0.746,27.588,-14.221,-4.028,170.865,55.635,166.306
-0.413,-0.066,-0.643,21.545,-34.851,-1.587,172.205,56.86,166.789
-0.728,-0.024,-0.757,26.306,-23.193,17.456,172.985,58.491,166.322
-0.61,-0.045,-0.804,35.706,18.738,33.264,173.974,58.222,165.482
-0.415,-0.063,-0.801,37.109,29.175,42.419,174.897,56.777,164.086
-0.331,-0.098,-0.839,31.372,15.32,34.729,175.787,55.486,162.499
-0.399,-0.073,-0.876,20.691,4.883,26.306,176.545,54.789,161.175
-0.515,-0.051,-0.864,15.442,-1.587,19.592,177.116,54.498,160.137
-0.336,-0.118,-0.837,12.024,0.793,10.01,177.797,54.13,159.582
-0.629,-0.049,-0.91,4.639,-1.16,6.653,178.11,54.388,159.219
-0.373,-0.101,-0.819,5.981,13.367,-2.502,178.709,53.844,159.532
-0.29,-0.103,-0.708,-5.188,-12.756,-1.404,179.066,53.696,159.846
-0.521,-0.068,-0.707,-11.108,-16.968,-10.742,179.028,54.706,160.345
-0.409,-0.063,-0.649,-14.709,-8.057,-18.127,179.099,55.14,161.51
-0.494,-0.086,-0.644,-18.494,-8.911,-34.424,179.297,55.822,163.438
-0.4,-0.112,-0.572,-27.222,-12.329,-36.987,179.648,56.376,166.185
-0.693,-0.006,-0.814,-34.912,-29.053,-20.935,179.165,57.634,168.261
-0.924,0.183,-1.032,-18.616,5.615,-12.39,178.374,58.535,169.706
-0.585,0.23,-1.048,-14.221,33.508,20.569,177.605,57.365,170.074
-0.426,0.367,-1.106,1.343,19.47,33.081,176.094,56.03,168.486
-0.444,0.213,-1.088,20.386,4.761,6.897,176.303,55.305,167.756
-0.48,0.141,-1.034,16.296,2.869,13.123,176.792,54.965,167.217
-0.398,0.061,-0.937,10.559,0.305,3.906,177.039,54.602,166.63
-0.535,0.078,-0.938,-1.648,-6.958,-1.16,177.177,54.69,166.619
-0.463,0.123,-0.862,-2.808,5.127,4.883,176.935,54.547,166.564
-0.415,0.144,-0.799,-2.441,-8.484,7.141,176.561,54.465,166.251
-0.517,0.13,-0.792,-2.014,-5.31,3.479,176.226,54.8,165.987
-0.429,0.146,-0.759,-3.967,3.723,4.456,175.908,54.695,165.938
-0.484,0.175,-0.785,-2.686,-2.563,3.235,175.534,54.624,165.872
-0.426,0.179,-0.723,-0.916,2.93,3.235,175.27,54.536,165.894
-0.488,0.208,-0.811,-1.831,-4.028,7.935,174.891,54.415,165.701
-0.548,0.227,-0.853,0.183,11.047,3.967,174.518,54.3,165.509
-0.37,0.215,-0.826,4.883,13.428,-5.798,174.633,53.509,165.927
-0.396,0.16,-0.798,10.071,1.221,-10.132,175.106,53.344,166.514
-0.307,0.12,-0.714,10.986,-6.653,-2.93,175.671,53.394,166.915
-0.438,0.096,-0.747,15.564,-14.709,4.822,176.056,54.003,166.685
-0.42,0.112,-0.758,12.329,-15.198,19.47,176.27,54.525,165.976
-0.351,0.117,-0.729,11.353,-31.738,24.109,175.984,55.453,164.454
-0.586,0.159,-0.793,7.385,-49.744,18.311,175.534,57.321,162.977
-0.867,0.139,-0.84,5.92,-52.307,9.644,175.133,59.7,161.911
-0.812,0.073,-0.896,1.77,-34.668,1.831,174.88,61.578,161.521
-1.056,0.088,-1.001,4.578,-7.324,-5.676,174.82,63.336,161.741
-0.644,-0.019,-0.963,11.658,25.269,-20.691,176.056,62.518,163.268
-0.693,0.058,-0.842,2.991,-10.986,-1.648,176.885,62.523,164.366
-0.731,0.032,-0.784,12.451,10.376,-8.484,177.418,62.743,164.839
-0.524,0.011,-0.743,12.329,31.616,-2.93,178.456,61.595,165.762
-0.378,-0.005,-0.713,10.193,15.198,2.258,179.044,60.491,166.02
-0.456,0.0,-0.714,11.78,1.648,-4.639,179.725,60.134,166.328
-0.689,-0.029,-0.888,18.188,-5.737,-12.268,-179.127,60.353,167.003
-0.711,-0.073,-0.912,20.874,13.611,-11.292,-177.599,60.117,168.003
-0.465,-0.118,-0.79,16.663,21.24,3.723,-176.468,59.112,168.382
-0.419,-0.066,-0.75,5.371,5.005,19.165,-176.342,58.508,167.695
-0.527,0.004,-0.755,4.272,3.052,20.63,-176.77,58.376,166.509
-0.588,-0.018,-0.805,7.446,8.667,7.324,-176.858,58.046,165.822
-0.539,-0.04,-0.796,8.728,15.32,1.038,-176.528,57.458,165.778
-0.528,-0.059,-0.8,10.498,7.874,2.808,-176.078,56.909,165.833
-0.558,-0.096,-0.798,11.841,2.075,1.587,-175.545,56.733,165.85
-0.612,-0.125,-0.823,7.69,6.47,1.404,-175.04,56.651,165.91
-0.525,-0.179,-0.789,1.465,8.911,-8.728,-174.589,56.283,166.273
-0.457,-0.2,-0.709,-7.69,4.333,-17.578,-174.172,56.008,167.245
-0.471,-0.201,-0.636,-15.991,-7.019,-27.832,-173.853,56.085,168.761
-0.306,-0.11,-0.454,-15.991,2.075,-26.184,-173.513,56.239,170.739
-0.204,-0.103,-0.401,-17.395,-14.832,-0.244,-173.589,56.426,171.683
-0.428,-0.066,-0.529,-26.917,-23.743,8.728,-174.705,57.739,171.453
-0.943,0.06,-0.931,-29.053,-11.292,0.793,-176.056,58.766,171.639
-0.786,0.064,-1.143,-12.817,64.27,-3.906,-176.891,57.338,172.216
-0.551,0.241,-1.299,-13.123,51.147,31.616,-178.264,54.514,171.376
-0.341,0.188,-1.373,5.188,43.213,26.794,-179.187,52.075,169.629
-0.182,0.119,-1.156,7.812,18.799,6.042,-179.33,50.46,168.596
-0.169,0.0,-0.902,-3.052,-16.602,-9.033,-179.242,50.295,168.453
-0.445,0.034,-0.786,-21.057,-46.143,-11.414,-179.797,51.812,168.563
-0.652,0.137,-0.759,-22.095,-24.902,-3.54,179.182,53.597,168.668
-0.498,0.189,-0.749,-8.606,-1.587,3.784,178.281,53.987,168.563
-0.561,0.188,-0.779,3.052,1.892,7.263,177.874,54.135,168.322
-0.383,0.151,-0.714,8.423,7.385,13.123,177.726,53.762,167.827
-0.369,0.141,-0.745,5.066,-4.089,12.512,177.528,53.597,167.108
-0.466,0.199,-0.778,1.099,-2.625,12.878,177.149,53.866,166.399
-0.468,0.211,-0.757,5.615,-4.944,11.047,176.671,54.009,165.591
-0.357,0.147,-0.731,10.376,4.761,-1.221,176.743,53.921,165.355
-0.475,0.123,-0.793,12.573,-7.812,-5.859,177.215,54.119,165.515
-0.422,0.071,-0.782,12.756,2.808,-2.686,177.863,54.157,165.756
-0.288,0.075,-0.739,8.423,-15.747,5.249,178.121,54.415,165.509
-0.604,0.079,-0.853,6.775,-38.635,1.953,178.226,55.909,165.081
-0.808,0.031,-0.817,8.667,-20.813,-1.648,178.478,57.596,165.048
-0.679,-0.05,-0.924,4.333,-8.789,-11.353,179.011,58.079,165.657
-0.866,-0.045,-1.047,3.54,30.029,-20.813,179.703,58.145,166.948
-0.525,-0.076,-1.113,1.892,47.363,-28.198,-179.182,55.964,168.882
-0.229,-0.086,-0.999,-5.981,9.521,-16.968,-178.401,54.454,170.365
-0.425,0.008,-0.906,-10.498,-17.822,2.502,-178.599,54.695,170.497
-0.517,0.037,-0.814,-8.179,-17.456,3.662,-179.116,55.41,170.052
-0.604,0.043,-0.785,-3.54,-10.437,-3.845,-179.39,56.069,169.958
-0.586,0.01,-0.769,2.869,1.16,-9.46,-179.16,56.277,170.458
-0.552,-0.015,-0.805,6.409,13.062,-2.93,-178.643,55.975,171.046
-0.442,-0.026,-0.793,9.888,14.404,9.46,-178.308,55.311,170.991
-0.398,-0.04,-0.783,10.315,2.441,13.367,-178.121,54.877,170.387
-0.527,-0.053,-0.819,11.719,1.099,5.859,-177.803,54.91,169.882
-0.468,-0.098,-0.808,16.113,11.292,-5.493,-176.995,54.58,170.013
-0.429,-0.159,-0.803,12.817,5.432,-8.301,-175.902,54.13,170.524
-0.387,-0.179,-0.757,4.333,7.263,-4.456,-175.188,53.839,170.843
-0.274,-0.175,-0.705,-7.202,-4.7,0.366,-174.996,53.602,170.892
-0.47,-0.077,-0.687,-16.724,-17.822,-0.732,-175.54,54.432,170.722
-0.343,-0.118,-0.593,-12.207,-9.949,-16.418,-175.583,54.855,171.42
-0.379,-0.08,-0.541,-19.897,-18.799,-3.845,-175.891,55.712,172.084
-0.617,0.003,-0.758,-19.897,-18.25,8.423,-176.819,56.607,171.969
-0.911,0.158,-1.17,-14.648,10.315,15.259,-177.962,57.096,171.584
-0.91,0.302,-1.513,0.366,26.611,28.625,-179.039,55.838,170.541
-0.236,0.086,-1.212,20.691,45.532,17.883,-179.154,53.674,169.239
-0.114,0.019,-0.996,1.587,-20.569,16.846,-179.061,52.806,168.124
-0.471,0.011,-0.806,-10.62,-50.903,4.333,-179.791,54.608,166.948
-0.55,0.057,-0.674,-26.855,-32.41,3.052,179.16,56.481,166.47
-0.612,0.21,-0.698,-27.039,-29.419,13.428,177.341,57.854,165.723
-0.655,0.289,-0.721,-11.353,-8.118,14.954,175.748,58.76,164.866
-0.663,0.309,-0.755,7.019,3.235,22.095,174.842,58.722,163.828
-0.566,0.253,-0.746,17.456,24.597,22.4,174.622,57.898,162.801
-0.253,0.115,-0.639,16.418,23.315,9.888,174.88,56.475,162.219
-0.297,0.123,-0.614,-5.249,-12.573,6.714,174.688,56.431,161.884
-0.488,0.276,-0.656,-3.235,-8.606,13.367,173.765,56.909,161.082
-0.371,0.255,-0.63,5.188,-4.639,14.771,173.156,56.937,160.153
-0.445,0.194,-0.771,12.756,-3.113,3.845,173.046,57.112,159.56
-0.61,0.115,-1.001,9.033,1.221,3.113,173.37,56.937,159.434
-0.663,0.092,-0.959,1.526,-18.188,-0.427,173.287,57.354,159.088
-0.924,0.092,-1.013,-1.953,-25.757,-12.878,173.529,58.25,159.483
-0.726,0.081,-0.955,8.301,28.87,-14.404,174.1,58.513,160.494
-0.451,-0.003,-0.938,9.399,31.372,-13.306,175.353,57.003,161.955
-0.28,-0.017,-0.826,-3.296,4.333,-7.202,175.968,56.08,162.724
-0.468,0.043,-0.786,-12.878,-22.217,-14.16,175.946,56.585,163.18
-0.62,0.071,-0.758,-5.371,-9.399,-29.175,176.078,57.552,164.207
-0.611,-0.079,-0.843,2.93,3.601,-54.199,177.61,57.849,166.954
-0.596,-0.136,-0.832,-6.531,4.517,-42.908,179.335,57.832,170.261
-0.491,-0.142,-0.741,-12.39,1.221,-32.532,-179.819,57.881,172.727
-0.571,-0.021,-0.756,-13.306,7.69,-17.761,-179.533,57.859,174.507
-0.365,-0.041,-0.714,-4.761,18.433,-12.146,-179.269,57.112,175.688
-0.345,-0.079,-0.717,-9.766,-2.441,-9.399,-179.094,56.821,176.517
-0.274,-0.102,-0.627,-19.897,-14.221,-12.878,-179.297,57.184,177.248
-0.356,-0.027,-0.57,-30.701,-41.504,-9.521,179.907,58.64,177.852
-0.681,0.086,-0.685,-26.55,-52.917,-8.179,178.89,60.941,178.352
-0.873,0.223,-0.84,-1.404,-30.945,-3.418,178.434,63.094,178.918
-1.142,0.412,-1.059,41.199,-25.024,54.077,178.259,63.907,177.49
-0.965,0.021,-1.025,66.772,63.843,65.186,178.369,62.787,173.622
-0.496,-0.023,-1.075,34.241,54.382,43.579,178.951,59.474,170.936
-0.511,-0.02,-0.992,10.01,25.818,5.493,179.214,57.579,169.827
-0.464,0.013,-0.873,-10.803,12.329,-7.629,179.352,56.629,170.294
-0.539,0.06,-0.809,-20.081,-7.263,-3.235,178.792,56.547,170.755
-0.58,0.179,-0.751,-15.686,-2.808,7.874,177.775,56.882,170.766
-0.527,0.181,-0.715,-2.136,0.854,18.372,176.869,56.865,170.134
-0.492,0.16,-0.681,4.944,5.798,18.982,176.281,56.7,169.255
-0.355,0.151,-0.651,4.333,3.479,24.109,175.726,56.283,168.179
-0.456,0.2,-0.715,2.563,-6.897,25.879,174.952,56.393,166.805
-0.447,0.233,-0.734,0.793,-3.845,27.771,173.996,56.404,165.24
-0.494,0.258,-0.758,1.16,-9.338,18.982,173.04,56.602,163.828
-0.439,0.154,-0.821,1.099,-1.404,-3.113,172.749,56.717,163.504
-0.217,0.049,-0.807,-7.385,-6.409,-4.7,172.683,56.799,163.768
-0.227,0.084,-0.704,-30.823,-67.749,-1.099,171.431,58.436,163.109
-1.038,0.279,-0.786,-34.973,-82.153,-8.118,169.228,62.424,162.059
-0.908,0.258,-0.75,-9.094,-26.794,-15.503,168.349,64.292,162.4
-1.17,0.206,-0.919,1.282,-1.343,-15.259,168.514,65.654,163.444
-0.735,0.166,-0.833,12.939,37.231,-3.601,169.574,64.682,165.042
-0.583,0.194,-0.879,21.179,29.419,23.926,170.195,63.073,165.223
-0.459,0.144,-0.807,30.457,11.658,19.714,170.799,61.793,164.333
-0.527,0.064,-0.761,25.024,-4.822,15.686,171.595,61.54,163.455
-0.618,0.039,-0.751,13.428,-6.775,12.268,172.007,61.661,162.636
-0.616,0.024,-0.729,10.559,-0.549,-3.723,172.474,61.831,162.515
-0.599,0.015,-0.726,8.85,-3.967,-11.108,173.436,61.979,163.328
-0.482,-0.007,-0.603,13.489,-1.343,-11.597,174.479,62.485,164.279
-0.58,0.001,-0.654,11.108,-19.226,-0.366,175.485,62.952,164.916
-0.729,-0.041,-0.704,16.357,-10.498,-0.977,176.298,63.869,165.135
-0.577,-0.091,-0.64,13.977,10.681,3.052,177.242,63.836,165.586
-0.44,-0.103,-0.529,2.991,-4.761,8.85,177.583,63.721,165.619
-0.539,-0.077,-0.581,-2.319,-8.667,6.775,177.528,64.215,165.536
-0.43,-0.062,-0.546,-5.737,10.254,11.108,177.336,64.122,165.515
-0.575,0.053,-0.746,-16.907,-14.343,20.386,176.413,64.05,164.811
-0.824,0.298,-0.94,-11.108,0.0,32.837,174.661,64.429,163.345
-0.948,0.454,-1.156,13.123,0.0,47.241,173.018,63.792,160.922
-1.18,0.32,-1.249,30.762,29.724,48.95,172.216,63.259,158.143
-0.417,0.286,-1.023,28.503,65.796,47.729,172.079,59.854,155.962
-0.246,0.172,-0.927,30.334,6.531,21.667,172.436,57.766,154.199
-0.389,0.091,-0.751,13.062,-26.794,4.456,173.013,58.173,153.166
-0.491,0.115,-0.621,1.465,-37.048,5.859,172.952,59.502,152.309
-0.624,0.201,-0.602,-2.625,-29.968,13.367,172.227,61.089,151.15
-0.675,0.223,-0.641,6.104,-10.681,10.132,171.7,61.82,150.287
-0.555,0.218,-0.628,7.996,9.277,16.113,171.464,61.683,149.722
-0.645,0.269,-0.716,4.272,-3.906,21.606,170.815,61.463,148.661
-0.5,0.26,-0.616,5.981,0.0,9.399,170.332,61.375,147.925
-0.609,0.253,-0.681,4.15,-8.728,-2.625,170.178,61.705,147.799
-0.587,0.219,-0.713,10.315,19.653,-18.127,170.903,61.518,148.865
-0.39,0.164,-0.696,18.005,16.296,-21.79,172.26,60.771,150.397
-0.32,0.034,-0.66,13.855,-11.536,-25.879,173.853,60.864,151.864
-0.855,0.053,-0.846,0.549,-41.565,-31.006,174.891,62.595,153.045
-0.763,-0.027,-0.73,-1.648,-15.32,-43.152,176.149,64.254,155.127
-0.979,-0.126,-0.976,-10.62,-9.827,-53.04,178.028,65.039,158.434
-1.094,-0.007,-1.038,-8.667,17.639,-40.894,179.407,65.561,161.79
-0.714,-0.123,-0.924,9.644,66.04,-27.588,-178.792,63.578,164.581
-0.263,-0.169,-0.798,-5.31,47.363,7.69,-177.907,60.546,165.602
-0.215,0.021,-0.707,-27.527,-10.742,36.194,-179.511,59.617,163.889
-0.608,0.187,-0.746,-23.071,-25.818,29.541,178.011,60.447,161.263
-0.713,0.146,-0.812,-1.221,3.784,6.287,176.715,60.903,159.879
-0.677,0.032,-0.841,13.977,16.602,-22.522,177.61,60.337,160.724
-0.527,-0.058,-0.756,12.878,21.118,-22.583,179.209,59.59,162.4
-0.473,-0.117,-0.756,4.517,12.695,-12.878,-179.626,58.738,163.504
-0.553,-0.074,-0.759,-2.502,8.118,-11.658,-179.16,58.464,164.119
-0.376,-0.135,-0.671,-9.155,8.911,-15.076,-178.726,57.931,165.009
-0.451,-0.057,-0.607,-22.766,-13.245,-13.55,-179.072,58.315,165.652
-0.331,-0.078,-0.512,-20.996,-6.409,-27.954,-179.05,58.694,167.042
-0.386,0.04,-0.527,-24.719,-10.559,-10.071,-179.434,59.365,168.124
-0.609,0.144,-0.854,-13.55,-20.325,8.057,179.813,59.623,168.019
-0.877,0.218,-1.088,9.888,12.268,15.503,179.165,60.134,167.239
-0.674,0.211,-1.129,20.447,17.395,26.062,179.121,59.216,166.064
-0.671,0.158,-1.26,31.372,30.029,21.24,179.467,57.942,164.581
-0.537,0.09,-1.221,28.809,15.686,13.489,-179.643,56.651,163.477
-0.6,0.06,-1.118,18.127,1.221,4.395,-178.995,56.206,162.548
-0.556,-0.028,-0.933,6.165,-7.324,-19.348,-178.198,56.25,162.757
-0.608,0.001,-0.853,-8.484,-2.625,-24.17,-177.66,56.541,163.867
-0.488,0.025,-0.744,-17.639,0.427,-21.667,-177.671,56.53,165.07
-0.46,0.084,-0.702,-19.226,-4.15,-17.395,-178.099,56.64,166.113
-0.434,0.078,-0.642,-16.968,-3.601,-13.916,-178.555,56.92,166.981
-0.424,0.118,-0.623,-17.456,-12.268,-4.211,-179.302,57.332,167.377
-0.478,0.125,-0.655,-17.395,-7.69,1.038,179.714,57.859,167.355
-0.523,0.191,-0.71,-15.259,0.183,9.46,178.506,58.079,166.981
-0.382,0.194,-0.683,-6.836,4.517,7.08,177.495,57.777,166.437
-0.318,0.144,-0.644,-1.404,-13.123,-4.15,177.089,58.008,166.267
-0.432,0.104,-0.693,-1.343,-18.494,-9.583,176.99,58.87,166.382
-0.791,0.077,-0.978,-1.587,-17.151,-13.062,177.209,59.771,166.888
-0.593,0.02,-0.929,1.16,11.78,-14.221,177.517,59.958,167.514
-0.62,-0.035,-0.965,-4.822,-17.578,-20.447,178.154,59.963,168.569
-1.001,0.036,-1.016,-4.333,-18.433,-18.066,178.495,61.26,169.536
-0.853,0.032,-0.947,12.085,19.836,-9.583,179.28,61.21,170.585
-0.603,-0.071,-0.873,22.949,42.48,2.563,-179.555,59.727,171.085
-0.307,-0.103,-0.73,11.719,27.222,28.625,-178.984,57.887,170.447
-0.358,0.014,-0.684,0.183,-7.324,49.438,-179.984,57.382,167.932
-0.565,0.062,-0.746,3.967,-9.46,39.49,178.748,57.755,165.07
-0.742,0.06,-0.898,15.747,10.193,19.043,178.473,57.656,163.455
-0.542,-0.026,-0.816,23.193,24.109,9.827,179.203,56.761,162.938
-0.472,-0.016,-0.782,17.456,4.761,30.701,179.654,56.124,161.856
-0.532,-0.036,-0.783,23.01,5.981,44.128,179.555,55.926,159.461
-0.37,-0.031,-0.716,17.761,6.104,48.706,179.302,55.481,156.736
-0.341,0.019,-0.666,15.198,-17.517,49.133,178.72,55.591,153.561
-0.557,0.019,-0.697,26.123,-23.804,29.175,178.643,56.761,150.936
-0.378,-0.109,-0.66,32.471,-1.282,24.353,179.615,57.079,149.37
-0.287,-0.099,-0.637,16.724,-17.761,55.725,179.753,57.393,146.558
-0.441,0.025,-0.769,4.761,-46.997,77.393,178.253,58.508,141.707
-0.798,0.224,-0.87,7.874,-47.485,82.825,175.512,60.71,135.802
-1.1,0.294,-1.118,7.324,-45.715,87.341,172.749,62.128,129.996
-0.892,0.306,-1.033,18.25,7.385,76.904,170.002,62.314,124.431
-0.607,0.241,-0.971,9.46,-4.333,46.997,168.492,61.293,120.531
-0.699,0.279,-0.816,-0.61,-46.082,16.418,167.223,62.205,117.85
-0.881,0.243,-0.753,5.31,-31.799,-5.981,166.663,64.215,116.455
-0.844,0.2,-0.726,16.479,12.451,-23.376,167.915,64.764,117.246
-0.619,0.105,-0.654,23.438,28.564,-13.489,169.937,63.907,118.597
-0.543,0.052,-0.624,20.081,12.634,2.136,171.359,63.078,118.795
-0.582,0.072,-0.603,22.949,8.606,13.794,172.123,62.726,117.883
-0.627,0.066,-0.643,30.518,22.766,28.442,172.793,61.902,116.246
-0.546,0.045,-0.688,38.818,33.142,44.861,173.474,60.293,113.747
-0.485,0.068,-0.765,36.316,20.508,62.622,173.688,58.645,109.962
-0.579,0.112,-0.882,33.02,4.15,54.565,173.606,57.843,105.809
-0.701,0.183,-0.928,22.888,-0.61,48.584,173.463,57.464,102.178
-0.611,0.176,-0.91,25.208,-6.287,53.284,173.123,57.123,98.514
-0.544,0.171,-0.859,33.936,2.319,63.782,172.672,56.931,94.356
-0.369,0.064,-0.78,53.65,6.775,67.993,172.875,56.102,89.89
-0.421,-0.007,-0.764,60.791,-17.029,75.073,173.688,55.662,85.034
-0.646,-0.047,-0.817,69.336,-14.099,82.275,174.529,55.997,79.431
-0.621,-0.121,-0.815,69.214,11.475,91.675,175.633,55.514,73.411
-0.43,-0.158,-0.768,60.547,20.935,104.553,176.424,54.086,66.742
-0.312,-0.092,-0.704,43.823,2.563,107.3,176.462,52.877,59.689
-0.575,-0.017,-0.804,41.382,-11.536,86.67,176.287,52.817,53.284
-0.533,-0.11,-0.855,47.852,9.338,64.087,176.968,52.366,48.197
-0.463,-0.213,-0.923,37.17,8.362,55.237,177.99,51.696,44.105
-0.384,-0.217,-0.914,14.404,-7.202,62.927,178.121,51.389,39.979
-0.576,-0.012,-0.996,-1.16,-13.733,64.331,177.012,51.735,35.59
-0.539,0.118,-1.018,9.216,9.705,52.795,176.056,51.443,31.641
-0.252,0.112,-0.905,11.597,13.245,50.537,175.699,50.35,28.295
-0.283,0.22,-0.825,7.69,-16.113,64.392,174.842,50.07,24.549
-0.553,0.278,-0.836,18.433,-9.46,64.148,173.837,50.422,20.22
-0.412,0.251,-0.828,28.076,9.949,66.589,173.414,49.834,15.98
-0.296,0.248,-0.815,30.151,5.859,65.735,173.238,48.917,11.662
-0.243,0.248,-0.779,31.982,-9.888,56.274,173.271,48.472,7.696
-0.276,0.253,-0.738,31.372,-27.527,45.044,173.447,48.944,4.246
-0.439,0.264,-0.813,26.794,-42.236,46.082,173.535,50.224,1.016
-0.591,0.302,-0.913,31.555,-20.874,52.795,173.331,51.487,-2.714
-0.628,0.309,-1.133,34.729,-18.677,63.965,173.199,51.806,-6.921
-0.605,0.172,-1.058,43.823,-15.564,61.768,173.216,52.207,-11.464
-0.667,0.015,-1.087,54.077,-2.625,43.579,174.089,52.366,-15.161
-0.319,-0.249,-0.836,53.833,10.559,18.372,176.298,51.828,-17.062
-0.331,-0.241,-0.742,28.931,-23.682,31.555,177.775,52.191,-18.699
-0.575,-0.115,-0.781,27.893,-3.967,37.659,178.473,52.844,-20.863
-0.469,-0.117,-0.855,34.058,23.499,40.1,179.363,52.037,-23.192
-0.291,-0.128,-0.866,24.475,28.442,38.757,-179.846,50.565,-25.411
-0.194,-0.146,-0.882,16.907,11.902,21.851,-179.253,49.482,-27.021
-0.46,-0.126,-0.989,1.587,-15.625,0.488,-178.632,49.395,-27.334
-0.313,-0.132,-0.852,1.526,3.784,0.977,-178.259,49.625,-27.246
-0.384,-0.05,-0.885,-1.404,-10.681,11.353,-178.286,49.752,-27.598
-0.412,-0.081,-0.94,7.996,5.676,11.047,-178.083,49.746,-28.152
-0.327,-0.069,-0.95,4.028,-7.568,25.33,-178.017,49.548,-29.213
-0.422,-0.046,-0.861,-1.587,-18.982,20.02,-178.325,50.191,-30.504
-0.51,-0.0,-0.819,-2.075,-17.334,14.648,-178.715,51.026,-31.52
-0.546,-0.005,-0.78,-0.122,-13.123,7.751,-179.0,51.768,-32.388
-0.578,-0.062,-0.782,-1.343,-2.075,-2.563,-178.912,52.24,-32.723
-0.413,-0.091,-0.677,-8.972,-1.648,-9.216,-178.89,52.372,-32.651
-0.463,-0.084,-0.651,-21.24,-10.925,-15.686,-179.149,52.938,-32.086
-0.396,-0.06,-0.62,-26.184,-3.54,-22.461,-179.615,53.317,-31.179
-0.383,-0.085,-0.639,-26.794,1.648,-31.616,-179.934,53.652,-29.724
-0.383,-0.024,-0.816,-34.424,-13.306,-15.137,179.451,53.8,-28.477
-0.623,0.099,-0.905,-21.179,-13.367,-9.766,178.369,54.937,-28.207
-1.902,0.447,-2.529,-15.198,1.77,4.089,177.643,55.278,-28.356
-0.583,0.223,-1.17,4.456,43.213,6.226,177.22,53.921,-29.224
-0.686,0.236,-1.302,-7.263,45.654,3.296,177.094,52.35,-29.559
-0.103,0.211,-0.936,-4.211,47.363,17.883,176.561,49.565,-30.3
-0.103,0.172,-0.764,-2.502,-16.663,13.794,175.924,48.582,-31.388
-0.371,0.169,-0.776,-3.54,-25.024,15.503,175.325,49.614,-32.371
-0.396,0.213,-0.752,-3.967,-6.348,24.902,174.463,50.065,-33.805
-0.335,0.245,-0.777,-4.395,4.517,29.175,173.43,49.812,-35.634
-0.336,0.294,-0.867,-3.601,11.047,32.41,172.408,49.098,-37.507
-0.514,0.424,-1.068,1.648,-10.437,41.931,171.37,48.257,-39.754
-0.22,0.254,-0.873,10.559,-9.888,26.428,170.87,47.933,-42.001
-0.467,0.262,-0.852,-4.211,-33.569,20.691,170.228,48.983,-43.742
-0.533,0.286,-0.807,-4.211,-4.211,7.385,169.464,49.625,-45.016
-0.425,0.312,-0.815,-4.639,8.667,-5.554,169.096,49.411,-45.324
-0.353,0.298,-0.771,2.808,-0.122,-11.23,169.151,49.345,-45.198
-0.427,0.288,-0.78,6.104,-3.723,-5.981,169.398,49.647,-45.225
-0.392,0.258,-0.758,10.62,-1.709,-6.897,169.766,49.856,-45.434
-0.361,0.231,-0.726,13.184,0.244,-9.888,170.359,50.032,-45.439
-0.27,0.18,-0.688,8.972,-10.986,-6.348,170.936,50.334,-45.434
-0.377,0.218,-0.753,7.996,-4.822,-11.292,171.161,50.988,-45.599
-0.203,0.168,-0.705,3.235,-12.085,-14.16,171.623,51.317,-45.214
-0.583,0.2,-0.844,-2.991,-45.898,-13.062,171.601,52.811,-45.082
-0.77,0.132,-0.98,2.319,-10.986,-24.78,171.892,54.421,-44.566
-0.764,0.161,-1.058,-2.869,-14.954,-22.156,172.502,54.926,-43.484
-0.658,0.055,-1.056,12.39,20.752,-26.489,173.381,55.223,-42.424
-0.54,0.005,-1.079,10.315,26.184,-13.062,174.809,54.3,-41.045
-0.321,0.014,-0.951,6.226,7.935,10.071,175.391,53.251,-40.979
-0.466,0.052,-0.86,1.77,-11.963,9.216,175.408,53.421,-41.512
-0.463,0.043,-0.802,5.798,-0.488,1.221,175.562,53.564,-41.803
-0.374,-0.014,-0.723,0.732,-4.333,-4.761,175.924,53.635,-41.633
-0.517,0.033,-0.557,-3.845,-11.658,-9.521,176.089,54.245,-41.259
-0.458,-0.024,-0.743,-4.333,0.061,-9.888,176.677,54.075,-40.452
-0.553,0.018,-0.838,5.066,8.545,-7.324,176.885,54.196,-40.182
-0.33,-0.072,-0.741,4.028,14.343,-8.972,177.726,53.569,-39.479
-0.199,-0.052,-0.66,-6.775,-8.301,4.944,177.814,53.35,-39.359
-0.455,0.003,-0.639,-10.132,-32.349,-4.7,177.462,54.641,-39.298
-0.358,0.013,-0.555,-5.737,-15.015,-6.409,177.561,55.47,-38.776
-0.696,0.026,-0.901,4.456,-12.085,-4.333,177.781,56.223,-38.54
-0.672,0.035,-0.917,2.869,-4.639,-2.014,178.27,56.816,-38.37
-0.824,0.142,-1.096,-6.104,-9.583,24.963,178.028,56.986,-38.996
-0.788,0.247,-1.15,11.353,54.443,29.358,176.94,56.223,-41.089
-0.359,0.199,-1.189,7.202,67.81,22.888,176.99,52.932,-42.286
-0.108,0.239,-1.117,4.639,26.611,14.709,176.699,50.301,-43.352
-0.349,0.185,-1.056,4.578,-20.203,-5.554,176.743,50.169,-43.5
-0.492,0.16,-0.945,2.014,-21.912,-4.944,176.863,51.07,-43.248
-0.476,0.163,-0.813,0.0,-20.63,2.869,176.732,51.982,-43.418
-0.491,0.175,-0.741,2.319,-18.677,1.77,176.468,52.888,-43.918
-0.506,0.149,-0.676,4.944,-15.808,-5.676,176.556,53.718,-44.094
-0.537,0.106,-0.658,7.019,-5.798,-9.338,176.896,54.404,-44.061
-0.458,0.094,-0.641,2.38,6.409,-1.648,177.166,54.448,-44.061
-0.38,0.151,-0.646,2.686,7.629,10.925,176.946,54.168,-44.725
-0.251,0.161,-0.653,5.676,12.939,24.109,176.556,53.641,-46.0
-0.23,0.211,-0.744,10.62,-20.447,26.306,175.952,53.47,-47.862
-0.332,0.121,-0.722,13.855,-25.208,7.812,175.836,54.432,-49.186
-0.606,0.153,-0.88,1.526,-46.753,0.0,175.831,55.948,-49.675
-0.806,0.072,-0.909,6.653,-21.179,-13.672,175.93,57.838,-49.768
-0.975,0.061,-1.185,-0.488,-31.799,-25.635,176.688,58.672,-48.774
-0.864,-0.008,-1.118,12.207,23.804,-34.18,177.874,59.447,-47.203
-0.498,-0.111,-0.977,3.784,21.667,-30.701,179.626,58.326,-45.055
-0.542,-0.039,-0.959,-11.475,7.019,-13.489,-179.824,57.783,-43.72
-0.385,0.015,-0.816,-10.925,9.399,-15.137,-179.857,57.327,-42.814
-0.34,0.019,-0.714,-8.789,-10.62,-25.574,-179.594,57.332,-41.473
-0.621,0.01,-0.623,-6.714,-25.574,-39.734,-178.846,58.42,-39.424
-0.6,-0.091,-0.738,-3.174,5.92,-47.974,-177.264,58.48,-36.634
-0.583,-0.097,-0.834,-0.183,19.714,-36.438,-176.006,57.898,-34.338
-0.371,-0.165,-0.794,-0.916,13.855,-32.715,-174.792,56.909,-32.377
-0.395,-0.155,-0.738,-7.263,-17.151,-23.926,-174.034,57.057,-30.663
-0.491,-0.167,-0.662,-11.719,-29.48,-20.264,-173.595,58.156,-29.174
-0.609,-0.158,-0.612,-12.695,-22.888,-24.17,-173.21,59.524,-27.609
-0.438,-0.15,-0.605,-22.461,10.437,-2.502,-173.227,59.557,-26.598
-0.291,-0.014,-0.59,-28.259,7.019,30.64,-174.814,59.123,-27.444
-0.421,0.123,-0.749,-16.785,-25.208,37.476,-177.083,59.398,-29.548
-0.872,0.149,-0.925,5.981,-20.996,28.503,-178.456,60.826,-31.487
-0.616,0.158,-0.879,10.315,4.822,55.603,-179.561,60.919,-34.184
-1.159,0.285,-1.155,23.804,4.15,57.068,178.671,61.254,-38.309
-0.651,0.192,-1.06,31.677,67.078,26.978,178.654,59.062,-40.946
-0.342,0.092,-1.068,31.006,33.63,5.066,179.572,56.382,-42.034
-0.472,-0.092,-0.953,13.245,-2.319,-27.832,-178.978,55.761,-41.287
-0.551,-0.057,-0.904,-15.137,-7.202,-23.926,-178.401,55.964,-39.578
-0.545,0.027,-0.798,-28.992,-9.827,-14.404,-179.061,56.431,-38.469
-0.472,0.136,-0.698,-30.09,-13.306,-7.263,179.709,56.975,-37.881
-0.474,0.215,-0.639,-19.836,-17.456,-2.869,178.5,57.81,-37.809
-0.426,0.198,-0.568,-4.456,-12.878,-0.732,177.869,58.541,-38.035
-0.408,0.175,-0.57,-2.319,-17.7,12.39,177.259,59.238,-38.908
-0.604,0.214,-0.677,-2.014,-16.296,14.038,176.259,60.156,-40.397
-0.451,0.2,-0.616,-0.061,-4.7,-0.549,175.737,60.496,-41.259
-0.454,0.092,-0.645,-2.319,-14.893,-20.386,175.842,61.144,-41.039
-0.673,0.1,-0.825,-6.592,-17.761,-28.992,176.281,62.001,-39.886
-0.821,-0.026,-0.948,-4.7,-8.057,-29.175,177.006,62.71,-38.348
-0.685,-0.129,-0.875,-19.348,-12.207,-24.109,177.528,63.259,-36.733
-1.269,0.029,-1.104,-15.259,12.512,-22.034,177.385,64.297,-35.431
-0.715,-0.031,-0.969,-0.488,68.787,-15.442,178.176,61.996,-33.981
-0.323,-0.095,-0.943,-1.099,49.561,-8.911,178.929,59.046,-32.964
-0.271,-0.003,-0.807,-8.667,9.338,6.897,178.951,57.607,-32.547
-0.409,0.029,-0.78,0.488,0.366,14.16,178.511,57.338,-33.008
-0.566,0.002,-0.855,3.906,-8.301,6.653,178.5,57.327,-33.333
-0.54,-0.079,-0.808,10.803,8.118,-4.15,178.923,57.546,-33.256
-0.666,-0.039,-0.835,0.916,0.366,6.714,179.269,57.382,-33.124
-0.53,-0.04,-0.817,7.263,34.424,20.203,179.225,56.387,-33.843
-0.324,-0.001,-0.873,7.568,23.56,33.691,178.989,54.811,-35.222
-0.375,-0.025,-0.823,16.235,2.014,24.902,178.857,54.223,-36.733
-0.408,-0.104,-0.752,8.667,-13.367,13.184,179.275,54.443,-37.299
-0.5,-0.044,-0.68,-1.099,-16.113,24.231,178.984,55.272,-38.161
-0.429,0.02,-0.647,-2.747,-7.324,29.358,178.319,55.695,-39.408
-0.362,0.083,-0.634,4.517,-7.141,38.269,177.429,55.948,-41.215
-0.303,0.07,-0.641,13.123,-15.686,40.161,176.808,56.212,-43.33
-0.595,0.12,-0.792,13.0,-36.926,41.26,176.144,57.382,-45.692
-0.544,0.146,-0.837,17.517,-4.578,39.001,175.507,58.222,-48.087
-1.0,0.292,-1.136,16.602,-12.329,44.556,174.705,58.574,-50.724
-0.733,0.183,-1.094,25.94,44.617,19.653,174.869,57.458,-52.449
-0.398,0.225,-1.096,19.775,35.583,25.574,175.391,55.179,-53.344
-0.425,0.203,-1.008,27.954,4.395,10.315,175.968,54.223,-54.283
-0.559,0.107,-0.908,23.743,-0.244,-1.953,177.171,54.141,-54.201
-0.46,0.046,-0.855,13.611,11.292,14.771,177.759,53.723,-54.514
-0.352,0.052,-0.763,-1.038,-5.188,21.362,177.418,53.487,-55.453
-0.354,0.124,-0.651,-7.08,-10.681,24.231,176.462,53.817,-56.613
-0.257,0.185,-0.535,-8.423,-16.357,27.832,175.204,54.289,-58.057
-0.428,0.267,-0.667,1.038,-15.564,29.053,173.936,54.877,-59.821
-0.28,0.191,-0.635,3.845,-7.507,38.513,172.958,54.91,-61.897
-0.297,0.211,-0.588,4.028,-31.616,15.93,171.87,55.552,-63.946
-0.67,0.244,-0.821,0.793,-40.1,-12.695,171.628,57.151,-64.407
-0.958,0.216,-1.014,5.371,2.747,-27.71,171.991,58.574,-63.666
-0.895,0.019,-1.327,9.094,20.752,-52.979,173.87,57.903,-61.051
-0.792,-0.022,-1.314,11.414,56.519,-46.692,175.803,57.025,-57.92
-0.271,-0.161,-1.097,0.61,34.485,-37.537,177.836,54.646,-54.844
-0.419,-0.006,-0.959,-16.785,-16.907,-7.202,178.083,54.465,-53.223
-0.455,0.09,-0.8,-9.766,-5.188,9.338,177.479,54.954,-53.02
-0.427,0.14,-0.751,0.854,-7.629,13.062,176.935,55.162,-53.514
-0.494,0.09,-0.776,11.475,-7.385,-1.831,177.198,55.371,-53.657
-0.531,0.005,-0.704,13.733,-9.521,-16.479,178.182,55.893,-52.927
-0.568,-0.038,-0.763,10.559,2.93,-18.494,179.429,55.975,-51.691
-0.603,-0.051,-0.848,11.353,11.902,-14.709,-179.467,55.679,-50.614
-0.459,-0.126,-0.86,12.207,30.334,-9.521,-178.363,54.602,-49.752
-0.309,-0.122,-0.839,-0.305,13.855,5.127,-177.907,53.459,-49.422
-0.43,-0.065,-0.813,-6.287,0.793,6.47,-178.182,53.306,-49.543
-0.305,-0.074,-0.749,-8.972,1.831,1.16,-178.401,53.026,-49.34
-0.36,-0.046,-0.689,-12.695,-1.526,-2.136,-178.857,53.289,-49.065
-0.195,-0.043,-0.606,-18.494,-13.55,-1.953,-179.291,53.366,-48.527
-0.383,0.031,-0.708,-17.639,-28.32,2.502,179.918,54.426,-48.263
-0.606,0.111,-0.81,-12.817,-32.288,6.104,179.094,55.811,-48.367
-0.7,0.101,-0.869,0.427,-13.0,-1.16,178.792,56.931,-48.466
-0.86,0.134,-1.08,1.526,-10.193,13.062,178.654,57.277,-48.812
-0.951,0.149,-1.206,6.836,29.48,28.381,178.22,57.052,-50.065
-0.501,0.168,-1.099,3.113,45.837,47.363,177.369,54.838,-52.207
-0.291,0.158,-0.937,0.305,4.7,30.762,176.325,53.394,-54.426
-0.416,0.124,-0.777,-1.831,-26.672,7.141,175.726,54.102,-55.371
-0.629,0.117,-0.704,-0.61,-16.785,8.789,175.402,55.228,-55.838
-0.429,0.192,-0.618,2.747,0.366,36.804,174.622,55.217,-57.387
-0.471,0.231,-0.643,10.864,-8.484,45.41,173.54,55.333,-60.178
-0.474,0.246,-0.643,17.517,-2.563,34.729,172.936,55.338,-62.693
-0.424,0.223,-0.648,21.606,-3.784,26.672,172.793,55.239,-64.737
-0.388,0.183,-0.666,20.081,-5.188,16.785,173.024,55.437,-66.198
-0.391,0.188,-0.7,18.982,-17.334,12.024,173.282,55.909,-67.363
-0.525,0.164,-0.869,16.724,-28.931,-0.61,173.738,56.898,-68.027
-0.728,0.094,-0.969,22.095,-12.817,-9.521,174.556,58.332,-68.088
-0.666,-0.01,-1.013,17.7,-11.719,-11.536,175.869,58.969,-67.516
-0.923,0.027,-1.082,22.217,-5.432,-19.653,177.089,59.936,-66.786
-0.741,-0.086,-1.05,29.419,34.302,-25.696,179.434,59.249,-65.089
-0.418,-0.157,-0.947,10.803,29.175,1.343,-178.912,57.623,-64.056
-0.355,-0.067,-0.86,-11.23,9.155,10.681,-179.105,56.706,-64.276
-0.349,0.043,-0.75,-20.203,-4.517,3.235,-179.967,56.437,-64.325
-0.477,0.099,-0.709,-16.785,-9.521,-9.521,179.308,56.788,-63.864
-0.563,0.113,-0.764,-4.639,7.202,-15.747,179.275,56.821,-62.941
-0.431,0.022,-0.774,6.653,9.399,-19.47,179.978,56.283,-61.88
-0.475,-0.075,-0.788,1.526,0.366,-22.156,-179.149,56.173,-60.623
-0.523,-0.085,-0.774,-7.629,7.568,-26.306,-178.566,56.085,-59.106
-0.442,-0.112,-0.709,-19.836,-0.977,-31.555,-178.242,55.854,-57.222
-0.417,-0.078,-0.645,-31.189,0.305,-29.114,-178.495,56.047,-55.272
-0.387,-0.01,-0.643,-36.682,-6.958,-21.484,-179.247,56.245,-53.602
-0.336,0.042,-0.659,-26.306,4.15,-12.756,179.769,56.349,-52.559
-0.351,0.087,-0.739,-23.01,-15.808,-0.549,178.907,56.547,-52.037
-0.652,0.161,-0.919,-13.916,-24.597,9.949,177.781,57.426,-52.421
-0.708,0.157,-1.001,-14.343,-10.254,16.968,176.776,58.233,-53.267
-0.912,0.377,-1.034,-14.832,5.31,40.955,174.661,58.618,-55.448
-0.648,0.372,-1.043,-4.395,32.41,15.381,173.265,57.294,-57.376
-0.46,0.283,-1.105,12.634,47.18,-19.897,173.546,55.355,-57.222
-0.242,0.109,-1.024,7.141,8.85,-32.349,174.941,53.948,-55.574
-0.526,0.116,-0.977,-4.456,-19.47,-17.761,175.463,54.492,-54.388
-0.442,0.153,-0.772,-7.874,-12.207,-3.357,175.298,55.102,-54.02
-0.396,0.214,-0.637,-4.944,-21.912,12.878,174.567,55.811,-54.75
-0.331,0.233,-0.498,-0.061,-23.254,20.63,173.617,56.739,-56.321
-0.514,0.26,-0.574,5.554,-25.696,17.151,172.749,57.794,-58.162
-0.431,0.174,-0.6,10.559,0.305,7.568,172.573,58.118,-59.409
-0.423,0.173,-0.631,5.432,-18.86,1.77,172.408,58.672,-60.293
-0.475,0.093,-0.665,-3.418,-26.367,-8.789,172.436,59.76,-60.452
-0.92,0.234,-0.975,-8.606,-10.498,-0.427,171.815,60.93,-60.743
-0.669,0.131,-0.933,-0.732,16.907,-13.306,171.953,60.551,-60.386
-0.773,0.106,-0.986,-3.784,-6.775,-8.789,172.315,60.364,-59.7
-0.655,0.018,-0.958,1.587,15.625,-15.991,172.711,60.331,-59.013
-0.626,0.046,-0.931,-6.226,-4.028,-4.211,173.221,60.095,-58.068
-0.654,0.067,-0.792,-3.784,-10.437,3.967,172.952,60.507,-58.184
-0.675,0.098,-0.741,-0.427,-0.183,5.859,172.776,60.848,-58.398
-0.523,0.038,-0.671,9.155,15.137,6.165,172.93,60.419,-58.678
-0.505,-0.012,-0.733,4.456,4.7,6.47,173.37,59.865,-58.782
-0.604,0.042,-0.774,9.033,6.958,8.179,173.518,59.733,-59.079
-0.558,0.023,-0.792,15.686,8.545,12.268,174.051,59.266,-59.453
-0.614,0.013,-0.847,23.499,18.86,21.545,174.628,58.623,-60.287
-0.414,-0.042,-0.784,19.47,12.451,28.503,175.177,57.596,-61.436
-0.477,-0.007,-0.746,11.902,-14.038,28.442,175.122,57.64,-62.935
-0.585,0.021,-0.714,11.902,-16.724,18.677,175.095,58.414,-64.089
-0.493,0.02,-0.642,12.817,-6.897,27.1,175.133,58.832,-65.237
-0.331,0.016,-0.542,10.193,-20.386,30.762,174.809,59.326,-66.907
-0.49,0.131,-0.621,9.338,-36.621,36.438,174.084,60.71,-68.901
-0.798,0.212,-0.729,20.447,-29.419,49.316,173.046,62.26,-71.862
-0.753,0.251,-0.79,19.104,-27.039,72.205,171.716,62.737,-75.745
-0.849,0.347,-0.795,27.588,-26.978,79.651,169.327,63.688,-81.14
-1.009,0.395,-0.907,45.532,-13.611,81.116,167.75,63.765,-86.429
-0.733,0.285,-0.823,72.327,23.254,80.933,167.404,62.562,-91.527
-0.597,0.208,-0.851,73.364,9.521,82.458,168.239,60.793,-96.064
-0.521,0.157,-0.83,76.904,11.047,77.637,169.146,59.458,-100.657
-0.374,0.081,-0.765,62.439,-13.611,79.956,170.107,58.524,-104.974
-0.735,0.182,-0.865,53.833,-20.203,88.257,169.794,58.799,-110.039
-0.747,0.097,-0.97,60.547,-4.639,83.74,170.002,58.184,-114.675
-0.423,-0.024,-0.765,76.599,-7.263,81.177,170.815,57.491,-119.141
-0.622,-0.148,-0.707,72.998,-39.185,74.524,172.238,58.282,-123.179
-0.875,-0.111,-0.823,72.937,-9.338,88.196,173.15,59.019,-127.529
-0.678,-0.184,-0.802,69.58,28.503,92.468,174.128,57.821,-131.808
-0.383,-0.161,-0.752,53.833,27.649,95.032,174.595,55.942,-136.038
-0.239,-0.122,-0.653,39.001,-1.953,77.881,174.776,55.074,-139.664
-0.425,-0.088,-0.707,33.569,-19.47,59.937,174.941,55.585,-142.416
-0.44,-0.136,-0.767,28.015,-18.311,45.837,175.413,56.168,-144.272
-0.676,-0.079,-0.997,15.93,-15.015,35.095,175.633,56.931,-145.613
-0.521,-0.016,-0.853,8.24,9.766,28.687,175.446,57.228,-146.541
-0.475,0.102,-0.96,-22.156,9.277,56.458,174.457,56.195,-147.728
-0.637,0.342,-1.076,-8.179,15.93,57.19,171.749,55.344,-150.743
-0.44,0.299,-0.955,13.855,21.118,39.978,170.936,53.866,-152.6
-0.31,0.213,-0.788,29.602,5.005,50.476,170.92,52.635,-154.72
-0.35,0.142,-0.716,30.151,-18.738,53.284,171.008,52.427,-157.555
-0.427,0.102,-0.672,20.203,-25.635,48.157,170.799,53.004,-160.45
-0.425,0.194,-0.688,14.832,-16.052,42.236,170.31,53.487,-162.79
-0.593,0.303,-0.883,23.926,-7.446,50.781,169.788,53.696,-165.306
-0.416,0.178,-0.931,33.569,2.563,51.086,170.019,53.053,-167.734
-0.563,0.251,-0.934,23.804,-22.766,71.472,169.579,53.026,-171.112
-0.692,0.217,-0.936,32.959,-18.127,69.153,169.03,53.218,-174.946
-0.527,0.108,-0.856,41.748,-2.38,69.519,169.14,52.806,-178.341
-0.333,0.012,-0.75,49.133,0.549,69.092,169.684,52.125,178.341
-0.499,0.023,-0.775,42.908,-23.132,77.515,170.222,52.026,174.754
-0.628,0.002,-0.868,48.889,6.653,76.538,170.678,51.855,171.024
-0.401,-0.034,-0.87,44.922,26.062,74.097,171.48,50.405,167.948
-0.229,-0.053,-0.86,37.415,9.949,67.261,172.238,48.884,164.899
-0.366,-0.03,-0.87,27.832,-14.893,52.734,172.892,48.565,161.906
-0.443,0.005,-0.845,28.259,-11.597,47.913,173.364,48.9,159.137
-0.388,-0.061,-0.803,23.132,-16.357,36.194,173.99,49.246,156.929
-0.48,-0.07,-0.849,19.348,-9.216,16.541,174.622,49.872,155.457
-0.347,-0.128,-0.916,4.395,1.16,-2.014,175.529,49.911,155.292
-0.531,0.073,-0.895,-17.456,-15.869,-0.122,175.259,50.477,155.105
-0.474,0.125,-0.933,-12.756,3.235,-9.949,175.051,50.713,155.764
-0.337,0.189,-0.936,-0.732,9.583,-4.272,174.924,50.35,156.187
-0.224,0.089,-0.851,-2.136,-5.676,-14.648,175.336,50.279,156.896
-0.437,0.174,-0.874,-16.357,-18.066,-3.235,174.908,50.916,157.055
-0.586,0.223,-0.957,-9.521,13.489,-14.893,174.386,51.015,157.505
-0.354,0.165,-0.955,-7.568,25.269,-22.766,174.622,49.911,159.115
-0.189,0.158,-0.901,-6.653,15.198,-13.611,174.617,48.939,160.181
-0.32,0.193,-0.873,-4.7,-15.991,-4.822,174.446,49.054,160.516
-0.242,0.171,-0.712,0.0,-5.371,10.559,174.172,49.433,160.17
-0.322,0.271,-0.77,-0.793,-22.705,31.433,173.485,49.625,158.791
-0.33,0.248,-0.71,11.719,-20.935,31.799,172.738,50.306,156.731
-0.403,0.27,-0.708,13.245,-32.471,35.156,172.233,51.207,154.72
-0.452,0.247,-0.723,23.254,-20.325,31.677,171.947,52.125,152.776
-0.35,0.2,-0.707,22.766,-20.569,26.855,172.035,52.674,151.188
-0.354,0.157,-0.654,15.747,-33.569,18.188,172.079,53.789,149.87
-0.675,0.24,-0.851,8.057,-39.49,23.315,171.689,55.338,148.541
-0.765,0.178,-0.913,14.404,-19.958,19.348,171.2,56.667,147.244
-0.976,0.165,-1.101,8.789,-25.513,12.634,171.31,57.497,146.871
-0.774,0.098,-1.132,31.311,42.297,5.066,172.035,56.689,146.964
-0.357,-0.047,-1.042,26.245,44.8,-2.93,173.881,54.63,148.019
-0.175,-0.004,-0.938,7.141,1.77,13.55,174.644,53.454,147.673
-0.395,0.074,-0.821,3.784,-22.644,9.766,174.562,54.031,146.371
-0.47,0.064,-0.772,7.69,-18.433,-4.333,174.825,54.888,145.745
-0.543,0.015,-0.783,3.967,-11.108,-12.756,175.468,55.585,146.041
-0.495,-0.018,-0.762,1.648,-3.54,-20.569,176.127,56.107,146.926
-0.539,0.038,-0.775,-1.16,-3.845,-16.602,176.797,56.42,148.09
-0.59,0.009,-0.833,6.958,7.568,-13.977,177.545,56.47,149.183
-0.483,-0.039,-0.854,7.385,12.939,-8.911,178.391,55.964,150.156
-0.477,-0.086,-0.847,0.427,-1.038,-14.282,179.055,55.728,150.892
-0.522,-0.071,-0.766,-10.193,-14.832,-18.311,179.517,56.146,151.891
-0.626,-0.034,-0.735,-8.728,-8.179,-18.616,179.681,56.942,153.04
-0.434,-0.083,-0.619,-8.118,-4.028,-20.447,-179.83,57.195,154.682
-0.494,-0.068,-0.604,-10.132,-9.705,-13.245,-179.626,57.827,156.11
-0.465,-0.1,-0.575,-13.733,-9.766,-12.329,-179.555,58.282,157.412
-0.439,-0.094,-0.518,-20.569,-8.789,-11.108,-179.802,58.936,158.829
-0.759,0.042,-0.731,-26.55,-19.531,-12.695,179.489,60.101,160.428
-0.764,0.157,-0.924,-16.418,28.809,-7.202,178.879,59.958,162.136
-0.41,0.147,-0.591,-5.615,25.574,9.766,178.358,58.442,162.779
-0.539,0.216,-1.185,21.545,52.246,20.02,178.391,56.245,162.296
-0.326,0.136,-1.119,20.081,27.954,25.635,178.671,54.256,161.016
-0.417,0.051,-0.973,10.315,1.953,-5.066,178.951,53.487,160.093
-0.397,-0.015,-0.875,-2.93,4.272,-25.574,179.577,53.229,160.84
-0.458,0.032,-0.838,-16.174,-5.554,-21.118,179.67,53.212,161.922
-0.505,0.096,-0.823,-18.005,-1.587,-14.343,179.297,53.377,162.872
-0.434,0.133,-0.789,-14.099,0.366,0.854,178.643,53.366,163.334
-0.428,0.185,-0.769,-10.864,-0.61,15.259,177.671,53.416,162.922
-0.357,0.21,-0.762,-5.371,-4.028,21.24,176.649,53.289,161.96
-0.492,0.257,-0.795,3.601,-10.62,25.269,175.721,53.63,160.593
-0.405,0.21,-0.718,10.132,-5.127,20.325,175.232,53.784,159.373
-0.476,0.203,-0.733,9.949,-14.648,16.113,174.946,54.218,158.401
-0.475,0.155,-0.73,14.648,-6.165,2.197,175.111,54.602,158.088
-0.396,0.111,-0.734,15.076,-4.7,-0.427,175.677,54.838,158.324
-0.345,0.095,-0.703,12.756,-14.587,5.981,176.067,55.3,158.137
-0.429,0.063,-0.742,7.324,-36.499,7.141,176.243,56.371,157.555
-0.799,0.126,-0.867,1.465,-34.058,10.742,175.82,58.266,156.709
-0.817,0.065,-0.994,1.465,-16.296,-1.77,175.693,59.359,156.725
-1.217,0.124,-1.183,8.728,33.569,-14.16,176.023,59.634,157.852
-0.189,-0.096,-0.864,10.559,55.725,-32.41,177.962,56.585,160.746
-0.28,-0.032,-0.912,-14.893,-7.507,2.686,178.456,55.486,161.746
-0.527,0.155,-0.862,-8.179,-10.986,16.968,177.413,56.085,160.488
-0.465,0.085,-0.857,8.545,-7.751,8.972,177.138,56.173,159.461
-0.513,-0.023,-0.808,9.521,-14.404,-4.211,177.512,56.673,159.027
-0.54,-0.079,-0.745,-1.587,-24.597,-14.954,178.105,57.607,159.417
-0.63,-0.045,-0.72,-5.92,-10.376,-12.573,178.484,58.585,160.252
-0.622,-0.009,-0.736,-4.211,0.671,-7.568,178.643,58.914,161.131
-0.524,-0.059,-0.764,-0.732,7.385,-10.071,179.072,58.722,162.213
-0.585,-0.062,-0.773,-4.822,-0.549,-9.155,179.33,58.777,163.054
-0.515,-0.064,-0.72,-8.606,6.592,-7.568,179.522,58.7,164.07
-0.531,0.009,-0.749,-8.667,5.798,4.15,179.236,58.53,164.487
-0.432,-0.001,-0.735,-3.54,14.282,7.019,178.962,57.931,164.465
-0.301,-0.028,-0.666,-4.883,-1.526,7.385,178.671,57.612,164.048
-0.394,-0.027,-0.642,-12.939,-21.057,2.686,178.176,58.233,163.389
-0.382,-0.008,-0.59,-18.433,-24.353,0.244,177.506,59.161,162.9
-0.727,0.094,-0.725,-21.423,-39.307,7.263,176.358,60.859,162.285
-1.147,0.276,-1.191,-6.226,-3.601,46.936,174.825,61.567,161.109
-0.847,0.314,-1.114,20.569,59.509,65.857,172.897,60.331,158.269
-0.403,0.316,-1.171,23.071,52.49,46.265,172.392,56.755,156.055
-0.347,0.224,-1.056,24.109,14.893,11.902,172.809,54.844,154.704
-0.497,0.168,-0.971,16.846,2.93,-2.075,173.606,54.459,154.286
-0.496,0.09,-0.861,4.944,-4.272,-3.113,174.194,54.377,154.204
-0.568,0.175,-0.835,-7.141,0.793,-2.808,174.051,54.536,154.094
-0.445,0.199,-0.777,-5.249,5.92,-10.254,173.903,54.272,154.523
-0.5,0.197,-0.785,-4.395,0.671,-11.047,173.859,54.289,155.165
-0.411,0.168,-0.743,-5.798,4.028,-9.277,173.815,54.163,155.891
-0.286,0.177,-0.606,-7.507,-9.399,-3.174,173.485,54.36,156.182
-0.439,0.25,-0.656,-5.92,-19.531,7.446,172.793,55.19,155.792
-0.395,0.283,-0.636,4.944,-13.0,10.315,172.244,55.69,155.121
-0.478,0.235,-0.674,13.794,-8.362,3.479,172.194,56.212,154.644
-0.369,0.131,-0.666,8.789,-12.024,-5.859,172.612,56.585,154.847
-0.488,0.139,-0.736,-0.916,-16.174,-8.423,172.639,57.486,155.039
-0.678,0.164,-0.825,-4.028,-10.132,-10.742,172.65,58.206,155.55
-0.862,0.143,-1.075,-4.761,-0.671,-11.292,172.716,58.563,156.242
-0.767,0.152,-1.0,4.761,26.672,-25.696,173.161,58.326,157.489
-0.406,-0.039,-0.992,12.085,31.006,-41.016,175.139,56.816,160.181
-0.383,-0.032,-0.963,-3.052,8.362,-10.254,176.309,56.052,161.609
-0.434,0.069,-0.881,-5.554,-3.601,1.343,176.237,55.876,161.219
-0.477,0.122,-0.797,-0.549,-9.399,-0.793,176.05,56.063,160.604
-0.523,0.036,-0.768,6.042,-5.31,-18.433,176.523,56.464,160.796
-0.493,-0.018,-0.754,4.944,0.549,-28.015,177.638,56.574,162.114
-0.541,-0.048,-0.826,5.432,1.953,-29.297,178.841,56.624,163.724
-0.515,-0.097,-0.803,9.521,18.127,-28.564,-179.791,56.382,165.504
-0.375,-0.095,-0.777,4.211,6.897,-11.597,-178.72,55.695,166.586
-0.534,-0.081,-0.799,4.639,-3.418,-8.118,-178.11,55.745,166.838
-0.425,-0.142,-0.777,6.47,15.137,-13.245,-177.259,55.355,167.531
-0.356,-0.173,-0.774,-8.423,-6.104,-11.597,-176.754,54.965,167.855
-0.497,-0.137,-0.746,-16.296,-14.282,-22.339,-176.721,55.602,168.256
-0.387,-0.089,-0.626,-21.301,-15.503,-22.827,-176.666,56.19,169.398
-0.473,0.031,-0.594,-16.174,-13.794,-5.005,-176.99,57.052,170.228
-0.373,0.036,-0.575,-4.639,-14.893,5.005,-177.374,57.612,170.442
-0.832,0.047,-0.824,3.784,-25.085,3.235,-177.561,58.942,170.442
-0.661,0.032,-0.839,11.23,14.16,10.986,-177.413,59.304,170.717
-0.836,0.038,-1.017,15.686,6.287,16.479,-177.369,58.821,170.244
-0.884,0.019,-1.2,11.23,46.875,22.766,-177.188,57.777,169.761
-0.332,0.051,-1.068,10.559,74.036,38.94,-177.753,54.542,168.201
-0.074,0.047,-0.984,3.662,16.785,27.222,-178.336,52.13,166.174
-0.416,0.116,-0.96,-0.244,-23.01,7.751,-178.852,52.366,164.581
-0.518,0.142,-0.846,6.958,-10.132,11.292,-178.962,52.976,163.647
-0.508,0.155,-0.821,14.526,-16.113,22.949,-179.16,53.492,162.18
-0.529,0.068,-0.762,18.311,-8.484,8.057,-178.857,54.102,161.274
-0.454,0.033,-0.712,13.489,-8.85,-0.366,-178.303,54.421,161.235
-0.447,-0.004,-0.675,7.507,-7.446,-0.793,-177.896,54.954,161.433
-0.521,0.089,-0.734,5.432,-11.414,6.165,-177.858,55.443,161.439
-0.518,0.058,-0.752,16.541,7.263,6.47,-177.567,55.558,161.301
-0.339,0.041,-0.697,17.578,0.183,8.423,-177.061,55.333,161.076
-0.361,-0.046,-0.675,15.808,-17.456,-8.484,-176.287,55.926,161.087
-0.544,-0.064,-0.78,7.69,-28.198,-14.954,-175.358,57.019,161.735
-0.813,-0.068,-0.978,1.709,-17.578,-14.282,-174.644,58.112,162.653
-0.508,-0.128,-0.82,-4.211,0.977,-18.921,-174.084,58.486,163.883
-0.934,0.014,-1.067,-15.381,-33.264,-9.46,-174.111,59.073,164.789
-0.741,-0.028,-0.996,4.211,15.93,-22.217,-173.831,59.392,165.998
-0.557,-0.091,-0.955,15.564,26.062,-19.47,-172.678,58.348,167.542
-0.412,-0.201,-0.884,13.794,8.545,-13.245,-171.48,57.354,168.382
-0.429,-0.192,-0.801,-0.183,-5.92,-12.878,-170.64,57.151,169.019
-0.545,-0.151,-0.791,-1.526,-1.648,-17.7,-170.244,57.288,169.673
-0.447,-0.217,-0.739,-2.991,0.488,-33.447,-169.376,56.97,171.233
-0.548,-0.249,-0.8,-4.15,-5.188,-40.222,-168.228,56.816,173.507
-0.483,-0.312,-0.739,-3.723,4.211,-34.18,-167.053,56.503,175.913
-0.592,-0.271,-0.841,-6.775,7.202,-14.16,-166.58,56.058,177.38
-0.399,-0.344,-0.795,-3.296,23.682,-11.78,-166.24,55.02,178.292
-0.385,-0.294,-0.77,-20.935,-3.723,7.08,-166.657,54.553,178.292
-0.425,-0.184,-0.697,-27.1,-3.784,13.367,-167.964,54.877,177.616
-0.498,-0.078,-0.687,-23.621,-7.202,11.475,-169.376,55.327,177.127
-0.403,-0.11,-0.692,-16.541,5.432,5.92,-170.409,55.338,176.951
-0.318,-0.12,-0.663,-19.287,-9.46,4.639,-171.266,55.432,176.896
-0.415,-0.074,-0.652,-20.935,-21.545,5.798,-172.249,56.266,176.704
-0.568,-0.032,-0.683,-19.165,-28.381,9.338,-173.298,57.502,176.473
-0.815,0.033,-0.902,-12.329,-8.24,8.789,-174.26,58.634,176.402
-0.644,0.092,-0.998,-11.475,19.775,39.856,-175.567,58.123,175.463
-0.917,0.18,-1.227,2.014,34.851,37.964,-177.484,57.36,173.095
-0.394,0.146,-1.145,5.066,58.655,24.963,-178.259,54.668,171.628
-0.224,0.098,-1.03,4.089,6.104,11.169,-178.682,53.196,170.491
-0.488,0.052,-0.956,-0.366,-27.71,-11.23,-178.654,53.981,170.316
-0.581,0.066,-0.817,-4.15,-17.639,-5.493,-178.621,55.031,170.634
-0.408,0.097,-0.682,-4.395,-17.517,13.306,-179.171,55.69,170.162
-0.521,0.126,-0.657,-2.136,-23.376,18.738,179.973,56.805,169.113
-0.459,0.14,-0.611,0.122,-15.869,23.499,179.105,57.585,167.97
-0.559,0.16,-0.654,2.136,-13.428,27.344,178.066,58.315,166.531
-0.422,0.135,-0.604,4.944,-7.385,24.902,177.198,58.612,165.245
-0.437,0.137,-0.655,4.333,-19.897,22.644,176.276,59.288,163.834
-0.461,0.12,-0.729,3.601,-26.672,12.146,175.638,60.178,162.719
-0.933,0.142,-1.008,2.075,-29.358,4.822,175.215,61.699,162.114
-0.616,-0.001,-0.845,7.69,8.667,-13.611,175.479,62.183,162.471
-1.144,0.068,-1.028,-5.798,-12.817,-12.512,176.05,62.809,163.641
-0.776,-0.026,-0.991,11.902,51.941,-18.799,177.105,61.611,165.267
-0.316,-0.062,-0.861,2.319,42.847,5.859,178.061,59.222,166.415
-0.212,0.054,-0.696,-11.536,-10.437,28.87,177.319,58.222,165.333
-0.556,0.138,-0.72,-7.08,-27.771,25.94,175.891,59.178,163.301
-0.706,0.115,-0.784,4.272,5.188,13.977,175.226,59.507,162.169
-0.491,0.031,-0.751,10.681,21.24,0.671,175.562,58.618,162.219
-0.459,-0.022,-0.755,6.592,2.319,-9.46,176.314,58.118,162.861
-0.56,-0.057,-0.796,4.822,2.38,-19.348,177.248,58.173,163.982
-0.594,-0.045,-0.787,-0.916,2.319,-13.245,178.033,58.14,165.207
-0.464,-0.037,-0.727,-1.709,9.583,-7.202,178.473,57.849,166.097
-0.39,-0.04,-0.662,-5.859,4.517,-3.296,178.61,57.59,166.624
-0.367,-0.021,-0.597,-19.653,-13.062,-3.601,178.27,57.761,166.921
-0.514,0.021,-0.65,-24.841,-9.766,-11.658,177.545,58.442,167.393
-0.389,0.019,-0.681,-23.499,2.441,-21.484,177.1,58.607,168.624
-0.585,0.138,-0.786,-26.062,-25.818,-20.874,176.6,59.304,169.86
-0.783,0.401,-0.902,-10.01,-6.958,-52.612,176.71,60.48,171.87
-0.954,0.236,-1.009,19.287,-6.287,-75.867,179.39,60.87,176.254
-0.848,0.027,-1.064,20.935,36.011,-32.104,-177.687,60.315,179.874
-0.598,0.033,-1.072,18.005,56.213,7.935,-176.77,58.041,-179.566
-0.263,-0.062,-0.985,16.968,24.658,-0.793,-176.182,55.844,-179.901
-0.419,-0.062,-0.877,-0.244,-19.653,-4.089,-175.814,55.926,-179.841
-0.567,-0.02,-0.783,-6.714,-16.479,2.502,-176.028,56.816,-179.923
-0.443,0.049,-0.68,-7.324,-15.015,18.799,-176.852,57.469,179.313
-0.527,0.11,-0.687,-5.127,-20.752,31.006,-178.066,58.392,177.748
-0.472,0.159,-0.619,4.7,-14.954,40.039,-179.412,59.15,175.551
-0.555,0.195,-0.635,12.451,-10.62,48.645,179.253,59.782,172.804
-0.581,0.188,-0.668,22.095,-5.493,38.879,178.314,59.996,170.145
-0.408,0.1,-0.606,22.095,-0.61,22.705,178.237,60.002,168.569
-0.453,0.063,-0.631,12.939,-20.874,13.062,178.193,60.623,167.47
-0.603,0.048,-0.794,9.766,-22.522,-2.014,178.33,61.54,167.025
-0.899,0.006,-0.931,9.705,-18.494,-12.634,178.973,62.847,167.503
-0.907,-0.092,-1.225,7.385,-9.46,-18.555,-179.857,63.067,168.766
-0.927,-0.062,-1.007,7.507,6.531,-13.977,-179.028,64.094,169.98
-0.895,-0.071,-1.035,12.146,39.124,-6.042,-177.957,63.056,171.118
-0.495,-0.061,-0.953,7.935,53.894,33.203,-177.847,60.557,170.612
-0.289,-0.008,-0.843,5.127,15.442,39.856,-178.819,58.771,168.316
-0.483,0.051,-0.787,4.395,-8.545,31.189,-179.687,58.618,166.108
-0.458,-0.004,-0.702,10.498,-6.409,16.968,-179.989,58.777,164.52
-0.567,-0.042,-0.687,9.888,-12.512,-0.793,-179.637,59.282,164.031
-0.585,-0.087,-0.718,6.47,0.061,-5.798,-178.879,59.464,164.388
-0.583,-0.079,-0.739,6.958,4.333,-6.104,-178.275,59.403,164.778
-0.53,-0.104,-0.742,6.226,13.0,-1.648,-177.594,58.953,165.207
-0.425,-0.103,-0.688,-0.549,4.883,7.996,-177.446,58.53,164.987
-0.461,-0.102,-0.702,-6.348,-2.93,1.404,-177.621,58.596,164.652
-0.537,-0.068,-0.737,-10.986,-7.935,-4.517,-177.797,58.876,164.773
-0.467,-0.088,-0.718,-11.475,-11.78,-0.488,-177.946,59.2,164.998
-0.428,-0.056,-0.671,-9.521,-16.479,9.033,-178.418,59.958,164.674
-0.486,0.031,-0.658,-11.841,-38.208,18.738,-179.335,61.15,163.586
-0.795,0.062,-0.697,-8.24,-45.41,17.7,179.572,63.369,162.345
-0.795,0.178,-0.743,-11.963,-17.761,51.941,177.753,64.742,160.406
-1.094,0.348,-0.883,0.549,-4.15,75.012,174.304,65.479,156.165
-0.808,0.347,-0.938,18.066,58.594,56.641,172.062,63.545,152.578
-0.531,0.323,-0.998,29.541,54.26,41.26,171.617,60.386,150.551
-0.351,0.192,-0.923,34.363,19.714,33.264,172.123,58.25,148.87
-0.497,0.198,-0.844,36.682,-3.845,39.978,172.529,57.788,146.591
-0.439,0.162,-0.7,44.556,-1.648,55.481,172.864,57.464,143.536
-0.273,0.117,-0.593,46.021,-8.423,65.552,173.09,57.047,139.746
-0.458,0.182,-0.614,39.124,-33.386,81.848,172.474,57.607,134.819
-0.479,0.16,-0.601,40.222,-22.827,68.604,171.661,58.244,129.831
-0.508,0.121,-0.658,30.457,-19.165,45.471,171.447,58.738,126.326
-0.885,0.174,-0.875,18.555,-9.888,43.762,171.008,59.117,123.349
-0.645,0.1,-0.875,17.029,7.751,37.659,170.48,58.596,120.663
-0.833,0.165,-0.918,8.972,-14.832,42.847,169.942,58.53,117.894
-0.641,0.093,-0.867,32.532,10.742,42.786,169.684,58.167,114.747
-0.625,0.065,-0.932,38.147,14.465,63.538,170.156,57.123,111.259
-0.517,0.05,-0.857,40.405,17.273,87.036,170.063,55.497,106.073
-0.453,-0.007,-0.743,39.368,8.057,71.716,170.151,54.003,100.657
-0.538,-0.042,-0.719,28.381,-0.183,61.951,170.425,53.223,95.872
-0.471,-0.039,-0.771,17.456,-5.188,59.387,170.299,52.646,91.11
-0.65,0.042,-0.91,8.667,-15.747,49.377,169.799,52.745,86.594
-0.679,0.124,-1.002,11.23,4.211,47.729,169.371,52.493,82.535
-0.564,0.152,-0.993,12.756,9.094,48.889,169.113,51.718,78.69
-0.269,0.167,-0.905,10.01,19.653,52.917,168.794,50.334,74.987
-0.098,0.239,-0.771,6.836,-11.292,52.979,168.118,49.477,71.279
-0.45,0.316,-0.794,11.414,-33.691,59.326,167.217,49.999,67.28
-0.577,0.338,-0.855,22.705,-1.404,63.782,166.525,49.9,62.996
-0.394,0.328,-0.864,31.982,18.372,62.744,166.558,48.494,59.09
-0.17,0.267,-0.822,36.804,7.019,64.392,167.025,46.994,55.3
-0.211,0.255,-0.787,34.241,-20.63,68.97,167.36,46.494,51.262
-0.251,0.289,-0.812,33.447,-22.827,86.853,167.289,46.45,46.494
-0.449,0.376,-0.98,32.715,-21.851,100.647,166.756,46.302,40.693
-0.495,0.257,-1.102,40.955,-8.789,90.454,166.663,45.648,34.926
-0.346,0.118,-1.031,36.255,-17.273,85.144,166.965,44.879,29.57
-0.365,0.083,-0.84,38.147,-21.179,92.102,167.13,44.83,24.027
-0.39,0.111,-0.796,31.982,-40.527,108.032,167.201,44.835,17.875
-0.625,0.174,-0.86,50.659,-15.076,106.506,167.151,45.115,11.014
-0.37,0.073,-0.86,53.772,-2.441,97.778,168.234,44.132,4.96
-0.309,0.003,-0.806,48.95,-14.954,82.336,169.464,43.709,-0.428
-0.39,-0.012,-0.766,32.959,-32.593,68.176,170.37,44.275,-5.015
-0.534,0.059,-0.782,25.818,-29.846,58.96,170.728,45.357,-9.218
-0.62,0.084,-0.846,18.738,-23.193,52.49,170.997,46.28,-12.881
-0.648,0.123,-0.881,18.921,-17.883,36.682,171.134,47.065,-16.133
-0.516,-0.007,-0.818,18.86,-8.789,6.836,171.974,47.752,-17.809
-0.52,-0.09,-0.843,3.113,-15.747,-1.953,172.683,48.636,-18.49
-0.677,0.008,-0.959,-14.404,4.15,-5.31,172.612,49.279,-18.82
-0.422,0.164,-0.973,-23.499,11.963,8.545,171.958,48.955,-19.133
-0.214,0.267,-1.042,-7.324,55.298,21.057,171.118,47.362,-20.121
0.174,0.261,-0.968,-6.836,24.231,23.499,170.706,44.758,-21.094
-0.128,0.333,-1.021,-7.08,-22.827,17.395,169.893,44.495,-22.297
-0.267,0.278,-1.023,-4.517,-0.244,4.333,169.354,44.714,-23.06
-0.056,0.28,-0.899,-1.038,-7.812,-5.615,169.146,44.412,-23.071
-0.172,0.231,-0.815,7.629,-27.405,5.554,169.189,45.033,-23.286
-0.197,0.203,-0.719,9.888,-34.241,23.926,169.173,46.005,-24.478
-0.405,0.279,-0.964,14.465,-29.175,39.795,168.849,46.934,-26.741
-0.298,0.252,-0.88,23.315,-4.517,45.715,168.701,47.093,-29.702
-0.418,0.277,-0.969,16.174,-34.851,38.391,168.657,47.422,-32.415
-0.456,0.265,-0.783,27.1,-15.015,20.63,168.75,48.395,-34.832
-0.439,0.111,-0.78,14.282,-33.02,0.732,169.651,49.274,-35.711
-0.615,0.287,-0.806,2.258,-6.897,23.254,169.255,50.389,-37.249
-0.329,0.27,-0.745,8.484,2.014,19.287,169.091,49.993,-38.875
-0.244,0.31,-0.682,10.071,-11.23,22.095,168.904,50.142,-40.545
-0.14,0.29,-0.583,13.489,-26.855,29.114,168.574,50.691,-42.775
-0.299,0.305,-0.617,14.709,-38.574,35.217,167.893,52.042,-45.67
-0.467,0.351,-0.896,5.676,-69.092,37.781,166.888,53.624,-48.944
-1.073,0.377,-1.018,19.409,-59.326,32.959,165.454,56.618,-52.828
-1.201,0.251,-1.089,26.062,-39.856,13.428,165.591,58.167,-55.256
-0.91,0.073,-1.038,45.593,30.029,-13.611,167.184,58.661,-55.854
-0.603,-0.072,-1.02,35.217,44.617,-17.212,170.321,57.195,-54.322
-0.239,-0.067,-0.839,13.733,28.381,3.845,172.156,55.421,-53.553
-0.349,0.05,-0.783,4.944,-14.526,4.211,172.617,55.096,-53.707
-0.513,0.059,-0.71,4.333,-15.686,-2.197,173.002,55.865,-53.723
-0.472,0.014,-0.748,10.071,-2.075,-14.709,173.782,56.272,-53.229
-0.5,-0.04,-0.775,8.606,3.296,-23.56,175.1,56.387,-51.921
-0.619,-0.011,-0.8,1.038,-1.892,-16.479,176.089,56.574,-50.696
-0.567,0.005,-0.826,2.869,11.169,-6.287,176.863,56.31,-49.9
-0.553,0.095,-0.811,3.601,11.292,19.287,176.814,55.778,-50.477
-0.431,0.014,-0.872,12.939,18.677,0.488,177.182,54.91,-51.048
-0.366,-0.075,-0.769,3.052,-1.16,-17.212,178.022,54.602,-50.378
-0.469,-0.148,-0.682,-16.479,-30.334,-32.166,178.599,55.558,-48.834
-0.54,-0.047,-0.599,-25.879,-19.775,-16.907,178.484,57.041,-47.214
-0.511,0.007,-0.582,-15.503,-21.118,-6.348,177.99,58.063,-46.637
-0.387,0.001,-0.532,-7.812,-6.409,-9.46,177.874,58.843,-46.247
-0.872,0.095,-0.814,-12.573,-28.625,-8.545,177.77,59.963,-45.857
-0.598,0.011,-0.759,-0.061,23.315,-18.066,178.171,60.194,-45.181
-0.925,0.228,-0.932,-25.513,-17.456,11.292,177.924,59.991,-44.929
-0.764,0.208,-1.023,3.479,42.175,3.418,177.215,59.332,-45.67
-0.53,0.271,-1.056,7.263,57.922,24.414,176.896,57.014,-46.659
-0.235,0.132,-1.004,16.907,29.663,9.949,177.127,54.651,-47.747
-0.345,0.077,-0.951,7.69,4.822,0.427,177.517,53.954,-48.065
-0.445,0.107,-0.939,-1.282,-4.333,10.864,177.385,53.817,-48.505
-0.448,0.172,-0.869,-1.77,-2.075,19.775,176.71,53.767,-49.603
-0.428,0.182,-0.797,-3.784,-11.108,22.766,175.886,53.877,-51.048
-0.499,0.212,-0.768,-4.15,-11.658,13.0,174.979,54.305,-52.416
-0.495,0.196,-0.734,-4.089,-0.549,1.709,174.49,54.514,-53.058
-0.396,0.193,-0.725,-5.432,2.075,0.488,174.1,54.382,-53.41
-0.524,0.296,-0.789,-0.122,4.883,14.282,173.463,54.349,-54.272
-0.423,0.291,-0.767,7.996,5.005,18.005,173.018,53.948,-55.629
-0.424,0.215,-0.767,12.756,2.197,2.869,173.024,53.74,-56.706
-0.329,0.194,-0.742,11.169,4.15,-4.944,173.447,53.547,-56.981
-0.289,0.151,-0.71,14.893,-9.766,-5.432,174.012,53.624,-57.068
-0.31,0.13,-0.667,14.526,-24.353,1.099,174.556,54.366,-57.371
-0.364,0.108,-0.667,14.404,-31.799,4.7,174.858,55.618,-58.085
-0.811,0.138,-0.95,6.897,-47.363,3.54,174.996,57.387,-58.793
-0.706,0.015,-0.82,10.132,-14.648,-14.099,175.292,59.062,-59.084
-1.104,0.052,-1.001,-10.925,-34.851,-20.935,175.891,60.441,-58.063
-0.922,-0.024,-1.049,7.629,47.363,-36.926,177.023,59.919,-56.376
-0.447,-0.092,-0.979,-2.93,51.208,-26.062,178.539,57.612,-54.124
-0.273,-0.008,-0.896,-13.367,12.512,1.16,178.517,56.19,-53.427
-0.422,0.083,-0.806,-10.01,-3.784,9.888,177.836,56.146,-53.718
-0.489,0.128,-0.807,-0.366,-6.47,10.071,177.319,56.272,-54.327
-0.483,0.04,-0.777,7.935,2.686,-6.47,177.616,56.261,-54.382
-0.5,0.006,-0.789,5.737,-4.211,-17.517,178.385,56.316,-53.608
-0.445,-0.052,-0.718,5.737,1.587,-27.283,179.445,56.409,-52.267
-0.577,-0.063,-0.774,-0.549,-10.01,-22.522,-179.489,56.635,-50.696
-0.545,-0.094,-0.77,4.761,6.714,-24.963,-178.55,56.788,-49.307
-0.46,-0.117,-0.735,-1.587,2.014,-14.404,-177.621,56.541,-48.01
-0.464,-0.111,-0.735,-5.188,1.16,-16.235,-177.237,56.558,-47.131
-0.411,-0.126,-0.702,-11.353,-1.282,-18.494,-176.803,56.459,-45.879
-0.408,-0.12,-0.673,-20.081,-8.118,-18.005,-176.836,56.733,-44.698
-0.396,-0.091,-0.638,-28.625,-13.611,-14.404,-177.22,57.217,-43.445
-0.424,-0.014,-0.663,-29.907,-20.691,-3.845,-178.204,58.057,-42.764
-0.721,0.071,-0.78,-27.1,-29.785,0.244,-179.473,59.464,-42.72
-0.656,0.09,-0.757,-17.517,-11.353,-5.249,179.72,60.474,-42.627
-1.156,0.318,-1.105,-16.296,1.648,20.386,178.44,60.853,-43.478
-0.578,0.224,-1.008,16.663,64.697,15.686,178.077,58.508,-44.835
-0.357,0.187,-1.112,18.066,26.733,15.808,178.451,56.327,-45.895
-0.44,0.074,-0.944,20.874,0.854,-2.808,179.121,55.756,-46.467
-0.472,0.017,-0.848,7.69,-10.803,-2.686,179.797,55.997,-46.346
-0.619,0.061,-0.841,-4.211,-16.357,5.127,179.599,56.711,-46.67
-0.508,0.132,-0.757,-2.014,-0.061,8.545,179.132,56.865,-47.219
-0.443,0.123,-0.682,4.7,-3.723,14.343,178.748,56.953,-48.126
-0.493,0.154,-0.713,4.944,-9.521,22.339,178.242,57.228,-49.51
-0.444,0.125,-0.661,5.249,-2.686,25.574,177.594,57.431,-51.268
-0.35,0.179,-0.614,-0.916,-14.465,32.837,176.611,57.651,-53.262
-0.483,0.234,-0.658,6.531,-17.517,26.672,175.369,58.326,-55.607
-0.429,0.169,-0.679,17.639,-7.874,10.193,175.161,58.727,-57.068
-0.442,0.073,-0.716,20.142,-15.137,7.935,175.567,59.222,-57.997
-0.617,0.033,-0.856,8.789,-28.076,12.451,175.754,60.09,-58.898
-0.828,0.086,-0.916,-0.183,-28.32,8.667,175.276,61.463,-59.897
-0.883,0.039,-1.033,-1.465,-4.089,-11.658,175.375,62.221,-59.793
-0.928,0.072,-1.044,-2.502,27.466,-17.761,175.88,62.111,-58.755
-0.541,0.001,-0.933,1.343,45.044,-18.799,176.885,60.2,-57.272
-0.407,0.015,-0.963,-8.667,23.438,-2.441,177.231,58.607,-56.398
-0.414,0.109,-0.852,-10.315,4.395,4.822,176.666,58.002,-56.426
-0.431,0.1,-0.768,-2.686,-7.629,-2.502,176.424,58.013,-56.349
-0.604,0.055,-0.775,-4.761,-25.513,-9.705,176.468,58.738,-56.025
-0.726,0.045,-0.743,2.441,-2.136,-19.714,176.836,59.661,-55.234
-0.58,-0.006,-0.74,3.113,9.949,-16.663,177.841,59.354,-53.97
-0.573,0.017,-0.765,6.958,12.207,-6.836,178.434,59.024,-53.344
-0.513,-0.025,-0.757,7.263,14.648,-2.258,179.149,58.425,-52.921
-0.484,-0.055,-0.794,1.404,10.986,-1.77,179.489,57.827,-52.8
-0.556,-0.053,-0.812,-8.301,1.404,-11.963,179.698,57.574,-52.213
-0.593,-0.012,-0.817,-6.592,9.766,-12.817,179.835,57.448,-51.29
-0.497,-0.023,-0.764,-5.066,5.737,-1.282,179.973,57.047,-50.691
-0.395,-0.011,-0.67,-1.16,4.028,9.766,179.78,56.871,-50.905
-0.413,0.001,-0.635,-1.77,-17.944,12.329,179.423,57.233,-51.526
-0.466,-0.044,-0.62,0.977,-10.681,6.165,179.319,57.986,-51.899
-0.573,-0.08,-0.721,-10.559,-10.254,7.629,178.929,58.535,-52.251
-0.711,0.008,-0.866,-25.818,5.676,-0.549,177.995,58.733,-52.317
-0.523,0.198,-0.844,-29.48,13.062,6.592,176.715,58.271,-52.174
-0.717,0.332,-0.943,-9.094,-17.212,33.325,175.018,58.25,-53.69
-0.743,0.223,-1.004,12.695,37.72,26.55,174.282,57.684,-55.596
-0.341,0.266,-0.958,17.212,31.433,40.588,173.969,55.36,-57.448
-0.402,0.158,-0.977,24.841,5.554,14.221,174.216,54.256,-59.073
-0.486,0.136,-0.968,18.799,10.559,10.742,174.935,53.762,-59.606
-0.383,0.104,-0.913,10.254,1.038,17.09,175.215,53.185,-60.392
-0.457,0.126,-0.878,2.93,-6.836,11.841,175.084,53.19,-61.166
-0.422,0.16,-0.798,-1.16,-7.08,12.695,174.721,53.372,-61.853
-0.362,0.16,-0.705,-2.502,-12.024,10.986,174.221,53.663,-62.595
-0.375,0.198,-0.667,-4.028,-15.381,16.785,173.546,54.201,-63.479
-0.447,0.245,-0.709,-0.549,-10.864,23.682,172.65,54.613,-64.885
-0.446,0.275,-0.736,2.747,-8.423,21.484,171.826,54.833,-66.478
-0.375,0.245,-0.719,7.69,-12.756,8.057,171.48,55.091,-67.588
-0.518,0.223,-0.743,7.629,-20.691,-2.686,171.469,56.041,-68.148
-0.406,0.151,-0.681,8.423,-13.855,-15.015,171.936,56.805,-67.923
-0.591,0.144,-0.833,2.625,-33.997,-15.137,172.419,58.085,-67.385
-0.868,0.145,-0.937,4.089,-22.522,-16.296,172.804,59.766,-66.89
-0.656,0.037,-1.024,-0.488,-19.043,-19.348,173.606,60.381,-65.792
-1.065,0.162,-1.027,-5.493,-17.029,-6.836,173.348,62.364,-65.522
-0.775,0.101,-0.923,16.113,43.701,-20.874,174.556,61.512,-64.286
-0.409,-0.013,-0.865,20.874,46.082,-10.681,176.369,59.216,-62.935
-0.331,-0.047,-0.816,6.592,9.46,0.244,177.385,57.925,-62.38
-0.458,0.004,-0.8,0.427,-5.615,-3.845,177.621,57.849,-62.128
-0.547,-0.026,-0.778,-2.197,-0.122,-19.287,178.066,58.068,-61.232
-0.446,-0.042,-0.727,-4.028,7.08,-29.968,178.857,57.931,-59.507
-0.591,-0.042,-0.8,-5.737,-0.488,-31.86,179.786,57.876,-57.409
-0.518,-0.093,-0.769,-1.404,8.118,-33.02,-179.132,57.706,-55.245
-0.463,-0.091,-0.689,-3.967,0.427,-19.775,-178.264,57.552,-53.492
-0.478,-0.096,-0.666,-5.676,-0.732,-13.306,-177.869,57.656,-52.41
-0.463,-0.095,-0.662,-10.315,3.967,-11.658,-177.671,57.59,-51.449
-0.394,-0.103,-0.642,-17.273,1.77,-13.916,-177.764,57.437,-50.482
-0.438,-0.061,-0.687,-26.672,-3.174,-10.01,-178.248,57.541,-49.449
-0.379,-0.015,-0.715,-24.841,-1.77,-4.883,-179.116,57.601,-48.823
-0.65,0.095,-0.878,-20.02,-22.461,3.174,179.907,58.326,-48.664
-0.754,0.191,-0.977,-5.371,-9.277,17.517,179.028,59.046,-49.329
-0.941,0.271,-1.131,14.587,14.832,30.396,178.011,59.167,-51.328
-0.668,0.221,-1.134,19.287,56.458,38.269,177.907,57.327,-53.218
-0.213,0.194,-1.062,19.47,35.583,38.452,177.495,54.531,-55.684
-0.316,0.064,-0.934,7.629,-16.602,3.113,177.616,53.932,-56.805
-0.576,0.137,-0.863,-5.432,-23.315,-2.441,177.413,54.987,-56.86
-0.551,0.147,-0.798,-6.409,-3.723,-2.441,177.089,55.519,-56.794
-0.503,0.183,-0.745,-0.244,2.136,-1.77,176.847,55.525,-56.777
-0.406,0.171,-0.685,4.333,3.723,3.784,176.797,55.344,-56.997
-0.351,0.144,-0.644,5.127,2.014,5.92,176.743,55.19,-57.475
-0.262,0.17,-0.607,3.357,-0.122,10.376,176.473,55.052,-58.173
-0.329,0.221,-0.67,7.568,-13.428,13.123,176.127,55.311,-59.128
-0.298,0.199,-0.661,15.137,-22.4,13.489,175.963,55.975,-60.37
-0.396,0.122,-0.721,21.057,-33.997,1.831,176.243,57.31,-61.298
-0.698,0.057,-0.875,17.944,-49.622,-9.949,177.116,59.073,-61.315
-1.082,-0.013,-1.062,14.038,-24.963,-11.475,178.066,61.018,-60.936
-1.021,-0.064,-1.062,12.085,9.277,-27.893,179.456,61.227,-59.689
-0.642,-0.173,-0.99,13.367,44.495,-35.034,-178.5,59.826,-57.453
-0.269,-0.184,-0.945,-11.292,14.648,-0.366,-177.545,58.167,-56.069
-0.451,0.018,-0.854,-22.095,-21.118,15.869,-178.66,58.414,-56.387
-0.556,0.049,-0.761,-14.832,-14.282,-3.967,-179.681,59.211,-56.558
-0.563,0.02,-0.716,-11.292,-15.747,-18.494,-179.808,59.848,-55.668
-0.671,-0.016,-0.703,-6.653,-7.751,-22.949,-179.418,60.513,-54.272
-0.567,-0.052,-0.727,-1.16,7.568,-16.174,-178.764,60.485,-52.976
-0.664,-0.041,-0.793,2.563,2.808,-8.118,-178.297,60.37,-52.289
-0.576,-0.111,-0.753,7.08,14.404,-10.559,-177.534,60.007,-51.647
-0.516,-0.12,-0.726,-1.038,5.493,-0.671,-177.028,59.535,-51.213
-0.477,-0.113,-0.695,-5.127,7.08,-4.028,-176.957,59.315,-50.944
-0.49,-0.095,-0.709,-12.39,2.563,-4.944,-177.045,59.112,-50.449
-0.418,-0.098,-0.685,-16.296,6.592,-11.658,-177.286,58.876,-49.746
-0.322,-0.063,-0.629,-23.926,-8.179,-15.808,-177.578,58.881,-48.604
-0.373,0.009,-0.616,-22.522,-21.973,-19.775,-177.946,59.678,-47.269
-0.475,0.028,-0.682,-17.883,-28.687,-13.794,-178.198,60.864,-46.104
-0.785,0.124,-0.802,-13.916,-36.255,2.014,-178.841,62.589,-45.901
-0.905,0.172,-0.955,1.709,-15.015,15.625,-179.451,63.611,-46.725
-1.001,0.168,-1.081,21.912,24.048,18.005,-179.824,63.561,-48.378
-0.717,0.142,-1.105,23.743,45.837,27.954,-179.61,61.76,-49.993
-0.409,0.033,-1.01,21.118,17.151,18.127,-179.489,59.98,-51.773
-0.501,-0.034,-0.841,4.517,-22.339,-7.141,-179.072,60.101,-52.119
-0.619,0.03,-0.69,-7.507,-26.184,-0.061,-179.072,61.381,-51.839
-0.579,0.093,-0.624,-6.042,-13.977,14.587,-179.775,62.271,-52.427
-0.519,0.148,-0.572,0.854,-7.385,26.672,179.165,62.754,-53.948
-0.578,0.206,-0.624,11.169,-4.639,33.325,178.066,63.001,-56.184
-0.532,0.171,-0.635,23.315,5.493,29.114,177.528,62.847,-58.502
-0.511,0.127,-0.646,25.208,0.671,22.217,177.55,62.655,-60.441
-0.453,0.062,-0.617,21.79,-6.409,12.817,177.885,62.759,-61.754
-0.557,0.044,-0.658,13.184,-16.602,11.108,178.044,63.419,-62.726
-0.747,0.048,-0.851,6.836,-13.489,9.766,178.022,63.962,-63.495
-0.764,0.05,-0.938,2.502,-2.014,11.353,177.753,64.232,-64.232
-0.884,0.088,-0.971,1.343,-11.78,8.423,177.358,64.638,-64.913
-1.035,0.066,-1.019,18.677,22.888,-8.545,177.863,64.836,-64.869
-0.598,-0.094,-0.941,23.071,51.208,-12.878,179.736,62.606,-63.781
-0.361,-0.138,-0.869,-4.578,12.451,13.611,-179.758,61.068,-63.638
-0.463,0.035,-0.746,-14.587,-14.587,16.602,179.214,61.166,-64.336
-0.56,0.092,-0.7,-9.705,-17.883,11.292,178.193,61.809,-64.984
-0.606,0.11,-0.724,5.615,-13.611,-0.854,177.825,62.457,-65.281
-0.638,-0.046,-0.713,19.958,-1.343,-16.418,178.89,62.979,-64.688
-0.665,-0.114,-0.748,12.024,2.747,-15.259,-179.55,62.963,-63.506
-0.621,-0.142,-0.727,7.935,15.076,-17.151,-178.319,62.682,-62.292
-0.501,-0.139,-0.697,-2.869,14.038,-4.822,-177.451,61.891,-61.21
-0.544,-0.078,-0.697,-6.714,7.141,1.526,-177.578,61.501,-60.958
-0.464,-0.079,-0.638,-11.963,5.615,-2.869,-177.726,61.177,-60.524
-0.464,-0.073,-0.612,-18.921,-4.272,-3.784,-178.198,61.227,-60.051
-0.494,-0.012,-0.627,-22.705,-3.723,-2.93,-178.918,61.479,-59.513
-0.488,0.023,-0.703,-18.433,-3.052,4.211,-179.758,61.606,-59.359
-0.61,0.133,-0.782,-10.803,-8.301,17.151,179.055,62.04,-60.079
-0.669,0.178,-0.835,-0.61,-13.245,26.062,177.973,62.551,-61.54
-1.0,0.294,-1.02,9.644,-2.563,39.856,176.616,63.029,-64.001
-0.814,0.202,-1.037,26.55,32.043,33.447,176.287,61.902,-66.292
-0.583,0.115,-1.031,29.907,42.48,27.588,176.561,59.832,-68.143
-0.443,0.023,-0.95,18.066,20.386,20.935,177.012,58.112,-69.412
-0.437,0.034,-0.826,10.315,2.93,15.198,177.089,57.475,-70.34
-0.403,0.064,-0.691,5.859,-13.916,23.071,176.918,57.568,-71.263
-0.434,0.115,-0.593,11.108,-21.057,38.94,176.243,58.26,-73.098
-0.49,0.134,-0.597,18.005,-16.602,51.27,175.38,58.887,-75.833
-0.64,0.185,-0.675,23.743,-9.583,63.599,174.309,59.2,-79.387
-0.404,0.126,-0.589,28.442,-1.282,53.772,173.524,58.936,-82.985
-0.563,0.181,-0.693,22.949,-18.311,50.598,172.842,59.293,-86.138
-0.498,0.12,-0.757,33.386,-4.089,40.344,172.667,59.337,-88.846
-0.785,0.222,-1.011,36.926,-10.071,61.646,172.452,59.562,-91.917
-1.064,0.133,-1.233,43.03,-10.742,73.12,172.095,59.464,-96.086
-0.606,0.029,-0.906,31.616,6.042,60.73,171.793,58.777,-99.679
-0.414,0.042,-0.615,14.832,-32.166,55.725,171.013,59.035,-102.794
-0.805,0.206,-0.76,24.963,-11.78,65.43,169.766,59.947,-106.282
-0.604,0.179,-0.769,48.157,32.471,89.661,169.288,58.228,-110.352
-0.408,0.098,-0.852,65.979,40.466,91.98,169.667,55.371,-114.835
-0.288,-0.04,-0.839,64.087,10.681,70.923,170.975,53.306,-118.625
-0.413,-0.067,-0.794,40.955,-22.461,57.373,172.134,53.069,-121.586
-0.583,-0.012,-0.779,32.471,-18.188,47.974,172.568,53.839,-124.107
-0.58,-0.039,-0.832,26.489,-9.705,41.992,173.062,54.157,-125.969
-0.618,-0.011,-0.902,23.621,-6.104,39.246,173.282,54.388,-127.711
-0.499,-0.082,-0.843,17.578,-3.601,32.898,173.644,54.481,-128.985
-0.593,-0.024,-0.931,-4.395,-24.78,33.997,173.216,55.042,-130.303
-0.72,0.099,-0.93,-12.512,-3.662,23.132,172.046,55.931,-131.391
-0.322,0.132,-0.815,-14.587,20.813,25.085,171.096,55.091,-131.847
-0.317,0.316,-0.87,-18.433,-0.244,48.828,169.272,54.223,-133.511
-0.4,0.383,-0.892,5.188,-7.08,37.842,167.877,53.822,-135.758
-0.432,0.323,-0.838,26.001,-4.7,32.776,167.75,53.569,-137.626
-0.371,0.203,-0.748,33.875,-10.742,33.875,168.36,53.394,-139.422
-0.479,0.221,-0.742,35.95,-17.578,47.18,168.761,53.542,-141.833
-0.555,0.201,-0.751,42.969,-13.55,53.528,169.206,53.674,-144.701
-0.581,0.181,-0.793,43.823,-7.69,55.603,169.739,53.619,-147.618
-0.429,0.146,-0.806,42.175,-0.549,57.861,170.277,53.135,-150.474
-0.461,0.187,-0.884,36.682,-13.306,62.378,170.557,52.938,-153.523
-0.467,0.125,-0.947,40.588,-21.729,51.453,170.914,53.135,-156.55
-0.743,0.189,-0.96,31.86,-30.334,65.369,170.969,54.097,-159.681
-0.562,0.146,-0.842,33.508,-19.897,75.134,170.585,54.459,-163.477
-0.515,0.096,-0.836,41.748,-20.325,71.167,170.305,54.712,-167.393
-0.416,0.009,-0.717,50.903,-30.945,62.256,170.64,55.256,-170.969
-0.604,0.021,-0.658,53.406,-48.157,68.42,171.183,56.711,-174.573
-0.875,-0.007,-0.779,71.716,-10.01,78.857,171.964,57.667,-178.522
-0.648,-0.086,-0.734,79.651,32.471,90.637,173.364,56.327,177.534
-0.429,-0.154,-0.787,74.524,37.048,94.604,174.754,54.086,173.342
-0.312,-0.243,-0.778,57.19,4.944,68.909,176.254,52.899,169.871
-0.53,-0.142,-0.766,31.86,-16.968,61.157,176.968,53.339,167.003
-0.571,-0.127,-0.766,30.64,-0.244,49.133,177.396,53.657,164.641
-0.506,-0.161,-0.766,22.278,1.343,40.405,177.847,53.619,162.867
-0.496,-0.176,-0.809,10.071,0.0,31.25,178.143,53.58,161.603
-0.561,-0.036,-0.837,-7.385,-12.268,41.992,177.473,53.948,160.005
-0.895,0.188,-0.972,-9.46,-12.39,34.607,176.034,54.701,158.154
-0.667,0.15,-0.946,2.93,21.912,16.785,175.397,54.503,157.385
-0.265,0.131,-0.902,10.986,46.875,4.272,175.523,52.883,157.434
-0.004,0.071,-0.891,7.568,17.761,-0.977,176.27,51.037,157.852
-0.345,0.137,-0.946,-2.38,-15.076,-4.15,176.215,51.097,157.533
-0.508,0.048,-1.011,3.845,18.005,-34.485,176.808,50.977,158.489
-0.244,0.001,-0.981,1.587,24.658,-33.936,177.858,49.779,160.488
-0.235,-0.013,-0.914,-2.93,3.662,-20.386,178.544,48.983,161.856
-0.271,0.035,-0.816,-3.418,-5.554,-4.944,178.682,48.917,162.241
-0.33,0.067,-0.83,-2.258,-3.418,6.531,178.511,48.944,161.867
-0.27,0.097,-0.814,-0.366,6.592,13.916,178.259,48.598,161.158
-0.195,0.139,-0.815,1.526,-1.221,22.705,177.847,48.17,159.966
-0.22,0.158,-0.756,4.883,-17.029,25.818,177.38,48.417,158.379
-0.322,0.176,-0.747,7.507,-31.982,27.649,176.962,49.367,156.649
-0.414,0.177,-0.763,14.282,-28.625,26.489,176.633,50.576,154.869
-0.363,0.127,-0.716,13.367,-31.494,24.719,176.517,51.833,153.358
-0.426,0.161,-0.762,7.996,-46.875,26.978,176.023,53.448,151.622
-0.832,0.187,-0.949,12.329,-41.87,17.883,175.485,55.745,150.04
-0.619,0.091,-0.851,18.86,-9.827,5.737,175.71,56.981,149.425
-1.117,0.075,-1.169,23.926,-0.854,-3.357,176.611,57.623,149.562
-0.467,-0.173,-1.054,32.532,51.636,-22.644,178.748,55.926,150.864
-0.177,-0.215,-0.882,2.258,7.019,-0.549,-179.775,54.487,151.853
-0.361,-0.032,-0.717,-16.724,-30.334,10.437,179.742,55.08,151.21
-0.543,0.069,-0.672,-8.85,-28.564,2.38,178.945,56.464,150.507
-0.678,0.009,-0.761,2.686,-16.296,-6.592,178.995,57.546,150.579
-0.689,-0.099,-0.804,8.118,2.869,-15.808,179.846,57.881,151.458
-0.596,-0.149,-0.73,3.967,9.644,-18.188,-179.077,57.717,152.853
-0.538,-0.118,-0.718,-5.676,10.742,0.0,-178.643,57.316,153.655
-0.461,-0.049,-0.7,-2.075,22.766,10.498,-178.879,56.585,153.495
-0.334,-0.056,-0.665,-4.456,7.324,7.019,-179.055,55.876,153.16
-0.352,-0.07,-0.635,-8.423,-3.601,-6.897,-179.165,55.926,153.221
-0.368,-0.069,-0.557,-16.296,-12.878,-20.02,-179.171,56.547,154.089
-0.344,-0.062,-0.489,-26.489,-25.391,-19.653,-179.297,57.404,155.385
-0.949,0.079,-0.867,-20.325,-17.273,-11.902,-179.967,58.986,156.297
-0.56,0.026,-0.784,-7.08,4.639,-10.254,179.835,59.244,157.269
-1.011,0.153,-1.159,-12.695,4.272,14.465,179.451,59.42,157.571
-0.679,0.172,-1.187,-2.197,57.739,33.203,178.358,57.579,156.429
-0.27,0.285,-1.167,-10.315,47.791,48.645,176.852,54.613,154.363
-0.343,0.325,-1.045,1.77,-7.69,17.029,175.534,53.339,152.347
-0.588,0.236,-0.939,9.155,-8.667,3.418,175.479,53.811,151.76
-0.5,0.213,-0.823,10.803,-3.296,17.883,175.479,53.839,151.035
-0.521,0.205,-0.756,10.498,-4.395,19.592,175.27,53.91,149.892
-0.484,0.211,-0.73,11.658,2.808,14.221,175.128,53.811,148.986
-0.414,0.185,-0.688,11.292,6.653,9.094,175.21,53.531,148.491
-0.295,0.168,-0.65,6.592,1.343,8.911,175.221,53.245,148.101
-0.289,0.207,-0.666,7.507,-3.418,9.094,175.04,53.267,147.557
-0.356,0.229,-0.721,12.634,-10.071,11.353,174.968,53.509,146.832
-0.313,0.186,-0.726,16.724,-16.418,8.118,175.204,53.932,146.157
-0.458,0.176,-0.745,18.005,-25.757,8.85,175.435,54.97,145.355
-0.449,0.1,-0.781,12.451,-26.001,3.357,175.787,56.019,144.849
-0.684,0.092,-0.922,7.202,-23.071,7.935,175.77,57.239,144.261
-0.943,0.111,-1.035,3.113,-40.466,10.193,175.452,58.722,143.454
-0.826,0.0,-0.966,31.555,32.593,-11.841,176.105,59.398,143.399
-0.443,-0.162,-0.974,24.353,11.597,-10.803,178.467,57.892,144.767
-0.657,-0.097,-0.866,5.737,-19.897,10.498,179.033,58.464,144.404
-0.667,-0.102,-0.842,2.136,17.944,-5.615,179.451,58.601,144.36
-0.382,-0.054,-0.732,-8.423,17.09,8.24,179.484,57.563,144.327
-0.451,-0.044,-0.734,-7.446,-2.93,-8.24,179.22,57.299,144.119
-0.666,0.008,-0.804,-8.301,-2.869,-11.414,179.401,57.579,144.745
-0.526,-0.026,-0.841,1.404,5.127,-4.578,179.687,57.404,145.173
-0.674,-0.029,-0.875,5.798,7.08,-5.188,-179.945,57.442,145.404
-0.529,-0.083,-0.792,2.136,4.944,-5.859,-179.335,57.079,145.893
-0.501,-0.075,-0.759,-1.831,1.465,-6.714,-179.055,57.041,146.234
-0.448,-0.117,-0.652,-5.432,-10.681,-19.714,-178.605,57.371,147.074
-0.454,-0.147,-0.59,-13.611,-12.451,-29.541,-177.99,58.079,148.683
-0.336,-0.138,-0.523,-23.804,-5.249,-24.17,-177.748,58.508,150.392
-0.234,-0.029,-0.452,-41.138,-8.057,-1.221,-178.687,58.826,151.122
-0.572,0.174,-0.757,-46.387,-37.659,14.038,179.116,59.722,150.645
-0.939,0.349,-1.064,-18.066,7.385,5.859,176.891,60.936,149.941
-0.865,0.379,-1.064,0.916,23.315,26.489,175.897,60.315,149.376
-0.649,0.265,-1.117,15.137,34.851,22.156,175.441,58.491,148.134
-0.495,0.217,-1.105,20.142,35.706,2.625,175.809,56.678,147.706
-0.43,0.117,-1.0,15.808,8.24,-9.033,176.819,55.492,148.189
-0.541,0.073,-0.932,7.141,-1.16,-6.409,177.495,55.366,148.623
-0.582,0.15,-0.881,0.977,0.793,-0.732,177.605,55.393,148.782
-0.473,0.132,-0.771,6.042,8.667,-4.089,177.797,55.074,148.997
-0.407,0.125,-0.701,7.202,0.366,-1.221,178.05,54.871,149.172
-0.401,0.081,-0.669,8.362,5.249,-4.089,178.423,54.794,149.431
-0.284,0.08,-0.6,4.15,0.0,6.714,178.539,54.597,149.392
-0.387,0.149,-0.652,1.648,-13.977,17.761,178.061,54.954,148.563
-0.451,0.167,-0.667,7.568,-9.277,19.104,177.556,55.443,147.453
-0.383,0.154,-0.659,11.963,-10.254,14.099,177.358,55.756,146.541
-0.415,0.081,-0.691,14.526,-15.198,7.507,177.506,56.387,145.959
-0.751,0.078,-0.948,11.841,-14.404,8.789,177.687,57.25,145.514
-0.623,-0.003,-0.913,10.01,-1.16,5.249,177.946,57.651,145.234
-0.895,0.045,-1.008,7.263,-2.075,-1.404,178.16,58.035,145.206
-0.597,-0.085,-1.0,9.338,27.832,-20.813,179.182,57.112,146.228
-0.418,-0.1,-0.958,-6.47,9.827,-6.714,179.923,56.19,147.371
-0.521,0.015,-0.933,-9.888,0.122,4.456,179.517,56.08,147.321
-0.411,0.065,-0.862,-5.615,-0.61,10.986,179.088,55.844,146.948
-0.526,0.094,-0.793,0.0,-17.273,13.733,178.528,56.31,146.113
-0.561,0.035,-0.734,8.179,-9.583,-0.977,178.561,56.926,145.767
-0.601,-0.005,-0.72,8.911,-6.775,-8.545,179.176,57.393,146.25
-0.526,-0.081,-0.732,10.803,18.066,-13.611,-179.835,57.162,147.228
-0.489,-0.066,-0.792,5.066,19.348,-4.944,-179.099,56.316,147.991
-0.355,-0.091,-0.773,5.371,19.714,-9.033,-178.495,55.366,148.568
-0.361,-0.135,-0.758,-3.967,-6.592,-16.052,-177.88,55.069,149.387
-0.497,-0.117,-0.723,-10.925,-8.911,-24.841,-177.484,55.574,150.623
-0.443,-0.143,-0.696,-18.433,-8.24,-20.813,-177.226,55.854,152.111
-0.499,-0.052,-0.729,-25.452,-6.775,-9.521,-177.77,56.382,153.034
-0.354,-0.008,-0.664,-25.574,-18.677,-7.69,-178.511,56.849,153.704
-0.65,0.078,-0.842,-21.606,-27.954,-10.376,-179.28,58.03,154.336
-0.645,0.087,-0.814,-13.184,-15.442,-13.123,-179.687,59.178,155.248
-0.869,0.158,-1.036,-11.841,-22.461,4.15,179.929,59.919,155.885
-0.926,0.18,-1.053,7.446,23.743,11.047,179.236,60.37,155.594
-0.566,0.17,-1.05,3.662,45.593,29.968,178.874,58.392,154.957
-0.35,0.148,-0.997,9.338,17.944,11.292,178.275,56.667,153.814
-0.455,0.055,-0.851,0.854,-18.982,-14.282,178.649,56.678,154.254
-0.633,0.087,-0.764,-5.371,-19.165,-5.676,178.698,57.728,154.913
-0.538,0.11,-0.679,-5.981,-3.967,5.554,178.259,58.151,155.001
-0.527,0.174,-0.671,0.183,3.052,13.245,177.616,58.173,154.622
-0.467,0.16,-0.708,7.996,4.395,15.076,177.292,57.788,154.072
-0.467,0.132,-0.714,15.503,5.554,13.733,177.264,57.579,153.468
-0.466,0.095,-0.732,15.625,1.404,12.817,177.49,57.36,152.946
-0.426,0.071,-0.716,10.437,-4.15,9.155,177.649,57.365,152.518
-0.416,0.063,-0.696,4.272,-13.428,2.869,177.704,57.761,152.353
-0.574,0.081,-0.769,-2.136,-20.386,-3.662,177.632,58.656,152.474
-0.729,0.103,-0.864,-1.343,-12.817,-1.892,177.599,59.453,152.869
-0.669,0.05,-0.836,2.075,-6.348,0.732,177.55,59.936,153.105
-0.895,0.069,-1.001,-3.479,-30.029,3.784,177.495,60.502,153.298
-1.088,0.127,-1.08,12.39,29.053,3.479,177.336,61.128,153.325
-0.54,0.014,-0.968,25.574,59.143,-0.244,178.506,58.672,154.078
-0.262,-0.1,-0.857,16.846,22.949,12.329,179.544,56.64,154.259
-0.389,-0.001,-0.748,-1.831,-23.376,22.888,179.396,56.624,153.353
-0.607,0.065,-0.69,4.15,-12.817,18.005,178.726,57.645,152.106
-0.553,-0.025,-0.693,5.798,-5.676,-2.075,178.89,57.942,151.974
-0.595,-0.064,-0.763,7.202,13.916,-17.944,179.725,57.783,153.078
-0.517,-0.122,-0.776,0.977,8.728,-23.682,-179.214,57.261,154.781
-0.538,-0.129,-0.754,-3.723,3.662,-21.118,-178.401,57.2,156.511
-0.433,-0.089,-0.667,-9.949,5.493,-7.08,-178.143,57.041,157.659
-0.304,-0.045,-0.583,-14.526,-3.357,-6.897,-178.391,57.03,158.351
-0.314,-0.001,-0.5,-17.639,-16.357,-11.353,-178.731,57.706,159.23
-0.5,-0.02,-0.729,-17.273,-24.292,-23.499,-178.813,58.629,160.593
-0.886,0.003,-1.037,-9.399,2.441,-34.546,-178.407,59.502,162.79
-0.738,0.003,-1.093,-17.944,4.883,-23.071,-177.88,59.194,165.157
-0.929,0.205,-1.21,-19.836,24.292,-1.16,-178.649,58.986,166.273
-0.488,0.174,-1.143,-7.324,51.819,4.517,-179.385,56.799,166.613
-0.297,0.139,-1.043,0.854,15.442,-4.15,-179.681,55.036,166.866
-0.435,0.056,-0.91,-0.61,-10.681,-10.681,-179.517,54.904,167.454
-0.561,0.073,-0.815,-3.906,-10.254,-6.958,-179.511,55.448,168.085
-0.432,0.087,-0.706,-3.967,-1.892,4.456,-179.736,55.585,168.464
-0.453,0.111,-0.715,-5.371,-10.437,23.987,179.451,55.844,167.921
-0.413,0.111,-0.713,-3.845,0.0,37.598,178.187,55.882,166.41
-0.489,0.188,-0.751,-3.601,-10.01,46.875,176.528,55.937,164.169
-0.508,0.224,-0.72,-1.526,-4.7,42.664,174.891,56.107,161.895
-0.39,0.248,-0.667,0.0,-13.55,31.067,173.562,56.129,160.131
-0.516,0.253,-0.697,4.944,-14.587,19.104,172.678,56.799,158.939
-0.415,0.242,-0.677,8.24,-12.878,13.672,172.271,57.206,158.275
-0.507,0.23,-0.76,14.16,-13.55,11.169,172.145,57.739,157.692
-0.67,0.169,-0.895,13.916,-22.4,2.441,172.403,58.414,157.451
-0.502,0.055,-0.803,4.395,-27.954,-14.343,172.716,59.502,157.753
-1.337,0.123,-1.11,-3.418,-13.306,-25.513,173.309,61.249,159.203
-0.705,0.012,-0.991,6.348,49.805,-40.527,174.781,60.161,162.037
-0.415,-0.015,-0.954,-5.615,39.429,-22.217,176.314,58.129,164.96
-0.258,0.082,-0.793,-12.085,5.249,5.615,176.177,56.986,165.707
-0.45,0.138,-0.716,-10.62,-24.414,13.062,175.336,57.431,165.097
-0.653,0.168,-0.708,-3.601,-15.625,5.554,174.501,58.409,164.383
-0.648,0.089,-0.747,3.967,6.47,-7.751,174.633,58.546,164.839
-0.546,0.041,-0.691,7.263,17.029,-3.235,175.133,58.134,165.707
-0.516,0.028,-0.732,4.7,9.033,-0.366,175.523,57.585,166.328
-0.488,0.011,-0.734,4.7,21.179,-3.296,175.919,57.047,166.998
-0.424,-0.016,-0.812,-2.625,15.137,-3.052,176.254,56.162,167.701
-0.413,0.012,-0.782,-9.888,12.695,-4.395,176.144,55.618,168.217
-0.332,-0.0,-0.707,-16.357,-7.629,-7.996,175.864,55.492,168.745
-0.417,0.049,-0.667,-22.827,-7.69,-2.686,175.139,55.997,169.058
-0.455,0.128,-0.719,-21.79,-10.498,-1.709,174.106,56.442,169.135
-0.554,0.15,-0.819,-14.709,-17.029,-4.333,173.436,57.014,169.415
-0.698,0.189,-0.879,-13.184,-7.141,2.136,172.776,57.859,169.552
-0.493,0.354,-0.905,-15.442,7.568,32.959,171.464,57.513,168.816
-0.815,0.435,-1.01,11.841,-6.714,20.996,170.14,57.508,167.042
-0.538,0.275,-0.989,19.836,22.705,2.014,170.717,56.58,166.827
-0.542,0.153,-0.995,14.038,16.296,-11.902,171.634,55.794,167.311
-0.42,0.08,-0.868,0.305,3.784,-25.085,172.595,55.316,168.607
-0.537,0.112,-0.795,-8.301,-8.728,-16.907,172.925,55.712,169.75
-0.483,0.168,-0.722,-10.986,-1.77,0.488,172.667,56.014,170.222
-0.371,0.222,-0.671,-8.301,-5.554,16.724,171.854,56.03,169.678
-0.458,0.295,-0.698,-1.709,-3.845,27.222,170.728,56.157,168.228
-0.36,0.276,-0.701,6.042,-6.042,19.47,170.019,55.953,166.838
-0.402,0.221,-0.691,3.54,-18.677,12.512,169.552,56.442,165.712
-0.417,0.218,-0.627,-3.174,-33.02,9.277,168.832,57.513,164.603
-0.52,0.28,-0.615,3.052,-30.273,3.052,168.151,59.013,163.696
-0.686,0.341,-0.764,14.099,-27.344,2.502,168.173,60.178,163.262
-0.899,0.215,-0.875,33.813,-12.085,8.423,168.876,61.122,162.735
-0.946,0.103,-1.062,23.193,-15.137,13.611,169.849,61.111,162.296
-0.862,0.071,-0.959,32.288,46.631,8.545,170.59,60.645,161.938
-0.537,-0.018,-0.973,20.874,45.41,6.348,172.222,58.409,162.691
-0.409,0.072,-0.91,2.014,17.822,20.813,172.617,56.728,162.389
-0.462,0.15,-0.812,11.719,5.737,11.841,172.562,56.124,161.411
-0.435,0.079,-0.719,16.663,-4.883,7.629,173.112,55.975,160.697
-0.593,0.013,-0.757,11.108,-5.188,-6.897,173.903,56.294,160.499
-0.516,0.004,-0.693,8.423,15.381,-15.686,174.831,56.19,161.208
-0.542,-0.013,-0.794,3.418,13.733,-12.573,175.869,55.519,162.345
-0.452,-0.026,-0.778,10.925,29.846,-12.512,176.781,54.575,163.213
-0.383,-0.059,-0.763,4.517,9.583,-3.601,177.698,53.613,163.724
-0.441,-0.035,-0.678,1.709,5.92,-1.892,177.984,53.525,163.592
-0.42,0.019,-0.668,-6.165,7.874,2.93,178.077,53.141,163.586
-0.392,0.036,-0.697,-5.066,14.771,2.38,177.858,52.657,163.427
-0.331,0.02,-0.738,-10.376,10.864,3.845,177.556,52.053,163.268
-0.359,0.079,-0.867,-14.038,1.221,10.01,176.83,51.74,162.642
-0.444,0.157,-0.945,-11.597,-13.977,22.339,175.798,52.015,161.318
-0.448,0.247,-0.997,-9.216,-6.47,49.377,174.37,52.394,159.016
-0.843,0.458,-1.156,-1.099,-11.108,66.101,172.244,52.674,155.325
-0.528,0.387,-1.088,30.151,40.161,40.894,171.508,51.246,152.595
-0.384,0.275,-1.007,39.795,14.404,19.897,172.485,49.592,151.254
-0.417,0.076,-0.911,50.842,14.526,-12.268,174.556,48.955,151.068
-0.307,-0.112,-0.835,38.94,13.794,-3.845,177.061,48.29,151.589
-0.296,-0.095,-0.822,15.747,-4.761,22.156,178.204,47.999,150.595
-0.331,0.038,-0.772,3.906,-14.771,39.856,178.044,48.362,148.178
-0.36,0.151,-0.758,6.042,-17.029,52.612,177.215,48.889,144.926
-0.432,0.195,-0.763,18.799,-20.996,51.697,176.583,49.614,141.531
-0.455,0.113,-0.766,31.616,-6.592,45.227,176.759,50.026,138.702
-0.335,0.051,-0.75,29.48,-3.662,44.067,177.16,49.999,136.099
-0.366,0.036,-0.787,21.423,-11.597,41.138,177.347,50.279,133.358
-0.341,0.061,-0.804,19.226,-11.658,32.41,177.38,50.674,130.759
-0.402,0.014,-0.926,10.986,-28.015,17.212,177.567,51.422,128.677
-0.69,0.033,-1.045,-2.197,-26.855,-9.888,177.594,52.993,127.606
-0.782,-0.113,-1.165,-32.104,-31.128,-42.847,177.605,54.174,128.304
-0.589,-0.009,-1.092,-46.57,7.69,-59.082,177.116,54.915,130.419
-0.59,-0.007,-0.879,-44.983,-39.551,-43.457,176.506,55.959,132.49
-0.707,0.002,-0.761,-33.447,-25.085,-18.616,175.677,57.914,133.484
-0.663,0.13,-0.736,-17.273,3.479,28.259,174.359,58.453,132.72
-0.448,0.213,-0.677,18.982,4.028,65.613,172.947,57.832,130.128
-0.575,0.263,-0.726,76.904,-7.874,99.609,172.612,57.437,125.546
-0.644,0.031,-0.703,116.821,-7.874,137.268,173.727,56.948,118.889
-0.724,-0.008,-0.74,129.7,2.075,178.101,174.886,56.228,109.638
-0.629,-0.144,-0.764,136.719,4.639,190.979,176.347,55.047,97.119
-0.584,-0.195,-0.764,114.99,-9.277,185.425,177.451,54.426,84.089
-0.669,-0.206,-0.871,93.018,-2.563,139.038,178.33,54.278,72.911
-0.57,-0.21,-0.965,52.734,6.592,92.102,179.313,53.657,65.072
-0.565,-0.083,-1.003,26.611,16.235,54.138,179.511,53.075,59.568
-0.177,-0.107,-0.817,9.766,29.358,29.907,179.852,51.515,56.234
-0.216,0.032,-0.824,-12.207,0.793,38.208,179.05,50.663,53.234
-0.413,0.173,-0.916,-8.118,9.827,37.109,177.704,50.169,50.087
-0.359,0.166,-0.947,8.972,17.822,24.17,177.149,49.158,47.439
-0.289,0.081,-0.877,16.479,6.409,8.85,177.605,48.384,45.884
-0.352,0.033,-0.856,17.578,-2.075,18.311,178.143,48.192,44.335
-0.408,0.063,-0.845,10.315,-8.301,36.316,178.193,48.274,41.896
-0.442,0.089,-0.869,13.123,-4.272,45.593,177.869,48.433,38.677
-0.412,0.127,-0.876,14.954,-1.404,57.922,177.38,48.356,34.816
-0.357,0.167,-0.896,19.287,-4.456,75.256,176.748,48.17,30.251
-0.353,0.163,-0.92,21.667,-15.198,85.022,175.935,48.148,24.862
-0.57,0.198,-1.016,19.226,-29.175,77.759,175.029,48.785,19.501
-0.619,0.189,-0.946,22.095,-9.766,78.857,174.199,49.268,14.194
-0.489,0.135,-0.945,25.452,-2.686,78.308,173.568,48.972,8.899
-0.333,0.067,-0.87,34.912,9.521,77.942,173.386,48.208,3.851
-0.202,-0.021,-0.768,36.682,-20.264,80.811,173.677,47.774,-1.005
-0.578,0.087,-0.808,41.504,-41.016,89.6,173.562,49.032,-6.559
-0.674,-0.009,-0.869,59.753,2.686,82.214,174.435,49.213,-11.898
-0.436,-0.08,-0.846,57.495,23.621,78.674,175.836,48.005,-16.738
-0.263,-0.124,-0.823,40.955,4.456,75.806,176.896,47.005,-21.231
-0.488,-0.027,-0.814,25.94,-18.311,62.439,177.215,47.401,-25.296
-0.517,-0.013,-0.804,30.701,-7.751,52.917,177.632,47.889,-28.702
-0.51,-0.079,-0.842,29.968,3.906,44.006,178.308,48.005,-31.674
-0.304,-0.212,-0.818,23.071,7.202,25.513,179.209,47.67,-33.706
-0.303,-0.201,-0.836,-3.845,-21.24,22.461,179.566,47.972,-34.964
-0.774,-0.016,-1.0,-24.109,-45.715,22.034,178.621,49.658,-36.216
-0.745,0.053,-0.928,-13.794,8.606,14.832,177.38,51.037,-37.485
-0.452,0.154,-0.957,-17.639,31.128,19.775,176.44,50.059,-38.595
-0.148,0.148,-0.913,-5.798,33.997,-10.498,175.908,48.466,-39.04
-0.024,0.163,-0.871,-20.203,7.507,-15.015,175.754,47.45,-38.161
-0.396,0.312,-1.009,-12.207,-3.296,-15.503,174.963,47.604,-37.722
-0.328,0.182,-1.036,1.77,41.138,-31.982,175.391,46.434,-36.387
-0.064,0.128,-1.012,2.441,27.649,-25.391,176.017,44.61,-34.849
-0.172,0.081,-0.976,-2.747,1.648,-15.442,176.287,43.989,-33.838
-0.155,0.078,-0.863,-7.507,-0.427,-9.46,176.166,43.83,-33.201
-0.229,0.127,-0.839,-13.123,-13.916,-0.549,175.666,44.028,-32.937
-0.347,0.225,-0.91,-10.864,-2.808,7.446,174.935,44.286,-33.261
-0.185,0.261,-0.893,5.31,0.122,23.132,174.413,43.824,-34.31
-0.292,0.219,-0.914,5.859,-7.568,11.475,174.238,43.896,-35.563
-0.254,0.199,-0.91,5.493,-2.686,-0.977,174.304,43.901,-36.03
-0.283,0.211,-0.88,6.348,-11.475,2.014,174.413,44.182,-36.337
-0.262,0.236,-0.844,10.315,-17.395,9.46,174.496,44.692,-37.029
-0.328,0.219,-0.81,17.029,-32.532,15.259,174.721,45.775,-38.167
-0.418,0.263,-0.816,23.743,-30.64,41.626,174.853,47.153,-40.259
-0.379,0.263,-0.785,33.691,-31.25,45.288,174.952,48.301,-43.484
-0.352,0.243,-0.716,29.114,-36.011,13.489,175.452,49.763,-45.961
-0.39,0.193,-0.69,23.254,-38.635,-28.931,176.638,51.702,-46.038
-0.599,0.187,-0.834,16.724,-40.405,-45.471,178.176,53.86,-44.632
-0.737,0.068,-0.915,24.17,-14.343,-66.04,-179.539,55.547,-42.127
-0.608,-0.156,-1.111,12.634,-10.559,-75.256,-176.462,55.816,-38.271
-0.728,-0.268,-1.059,14.038,-0.122,-75.806,-173.721,56.283,-34.14
-0.495,-0.426,-0.931,14.587,16.724,-60.181,-170.832,55.377,-30.284
-0.358,-0.345,-0.81,-3.357,8.362,-10.071,-169.585,54.481,-28.499
-0.426,-0.217,-0.746,-3.784,0.366,1.16,-169.574,54.338,-28.317
-0.492,-0.219,-0.763,-1.648,-3.174,-10.559,-169.272,54.36,-27.746
-0.5,-0.308,-0.795,-3.174,7.69,-11.536,-168.75,54.174,-26.895
-0.454,-0.335,-0.815,-6.042,10.803,-6.531,-168.525,53.696,-26.279
-0.409,-0.294,-0.817,-15.686,3.601,15.808,-168.832,53.317,-26.268
-0.513,-0.187,-0.852,-11.963,0.732,29.602,-169.937,53.481,-27.378
-0.451,-0.168,-0.85,-8.423,13.489,39.124,-171.041,53.24,-29.086
-0.34,-0.143,-0.814,-8.667,1.404,37.598,-172.354,53.009,-31.229
-0.398,-0.187,-0.818,-13.123,-5.615,19.531,-173.287,53.196,-32.432
-0.331,-0.168,-0.709,-23.254,-17.09,21.179,-174.485,53.734,-33.206
-0.39,-0.161,-0.628,-32.288,-26.245,19.897,-176.078,54.871,-33.865
-0.445,-0.069,-0.548,-35.522,-26.184,40.222,-178.385,56.184,-35.266
-0.452,0.043,-0.54,-25.94,-22.522,62.012,178.753,57.211,-38.254
-0.817,0.22,-0.768,-19.043,-12.695,68.97,175.627,58.145,-42.286
-0.681,0.312,-0.885,-4.639,25.269,57.861,173.216,57.382,-46.088
-0.775,0.521,-1.138,-0.671,46.814,56.824,171.48,55.272,-49.202
-0.211,0.436,-1.162,18.738,61.584,33.447,171.107,51.773,-51.284
-0.1,0.321,-1.063,14.893,3.052,23.193,171.2,50.081,-52.63
-0.391,0.15,-0.91,5.066,-3.052,2.93,171.321,50.197,-53.273
-0.307,0.218,-0.842,-12.634,-1.953,5.676,170.953,49.938,-53.35
-0.391,0.345,-0.832,-17.517,-11.597,19.287,169.706,50.043,-54.146
-0.444,0.419,-0.793,-10.254,-7.935,10.315,168.431,50.213,-55.245
-0.417,0.442,-0.759,-4.639,-2.625,6.592,167.607,50.323,-56.124
-0.404,0.448,-0.786,0.977,4.15,-5.554,167.179,50.262,-56.662
-0.302,0.444,-0.807,2.197,3.967,-24.292,167.327,50.197,-56.343
-0.277,0.407,-0.816,7.08,-1.099,-37.415,167.871,50.422,-55.25
-0.334,0.373,-0.786,6.165,-10.62,-35.095,168.624,51.119,-53.932
-0.265,0.35,-0.709,11.475,-9.888,-34.912,169.464,51.779,-52.729
-0.353,0.336,-0.678,17.334,-26.306,-32.776,170.469,52.998,-51.751
-0.342,0.28,-0.616,20.569,-23.438,-39.734,171.777,54.415,-50.696
-0.377,0.173,-0.682,22.766,-30.151,-55.42,173.776,56.091,-48.697
-0.327,0.059,-0.869,17.09,-27.71,-39.612,175.693,57.585,-46.555
-0.632,-0.09,-0.984,7.507,-49.622,-36.194,177.182,59.81,-44.588
-1.027,-0.105,-0.938,-15.686,-63.965,-36.377,178.061,62.672,-42.396
-0.881,-0.107,-0.832,2.258,-6.104,-73.425,179.561,64.644,-39.144
-0.804,-0.24,-0.825,0.122,13.184,-76.66,-176.699,64.616,-33.75
-0.535,-0.176,-0.75,-0.183,27.039,-53.345,-174.056,63.452,-29.619
-0.422,-0.214,-0.731,4.395,20.203,-48.34,-171.782,62.034,-26.301
-0.404,-0.282,-0.68,5.005,4.883,-45.959,-169.733,61.194,-23.253
-0.476,-0.389,-0.715,1.099,4.883,-48.95,-167.585,60.513,-20.012
-0.554,-0.487,-0.798,-8.789,3.723,-39.673,-165.773,59.722,-16.848
-0.594,-0.425,-0.766,-17.09,5.676,-22.278,-165.092,59.189,-14.639
-0.461,-0.39,-0.764,-21.484,13.245,-0.549,-165.141,58.442,-13.53
-0.51,-0.227,-0.765,-20.325,15.442,25.635,-166.525,58.03,-14.288
-0.318,-0.285,-0.752,-14.648,13.977,18.677,-167.607,57.272,-15.287
-0.434,-0.22,-0.795,-16.296,3.845,23.071,-168.849,57.244,-16.144
-0.205,-0.285,-0.66,-24.658,-1.404,15.137,-169.937,56.838,-16.694
-0.188,-0.194,-0.498,-40.1,-48.218,20.386,-171.65,58.266,-16.875
-0.729,-0.054,-0.604,-45.715,-77.393,36.133,-174.172,61.562,-17.655
-0.92,0.121,-0.736,-24.109,-30.396,62.073,-177.523,64.188,-20.544
-1.097,0.437,-0.945,-3.784,-23.01,107.422,178.242,65.089,-26.411
-0.694,0.287,-0.928,35.522,43.579,124.756,174.282,63.677,-34.459
-0.434,0.289,-0.947,34.119,23.071,97.717,171.843,61.018,-41.226
-0.505,0.345,-0.922,24.231,6.714,70.801,170.338,59.502,-46.148
-0.532,0.318,-0.931,14.282,12.573,42.236,169.437,58.365,-49.241
-0.436,0.409,-0.896,-1.465,3.235,26.428,168.547,57.36,-51.064
-0.482,0.426,-0.826,-5.249,-5.371,3.479,167.662,57.118,-52.037
-0.505,0.429,-0.729,-8.301,-12.268,-17.151,167.217,57.513,-51.872
-0.494,0.391,-0.656,-4.639,-0.61,-34.363,167.289,58.112,-50.823
-0.45,0.361,-0.632,-1.587,5.676,-42.053,168.014,58.436,-48.939
-0.409,0.367,-0.628,3.662,8.911,-38.452,168.981,58.486,-47.016
-0.369,0.312,-0.621,11.536,0.305,-41.077,170.294,58.612,-45.17
-0.472,0.295,-0.625,16.296,-13.306,-40.405,171.766,59.381,-43.467
-0.496,0.209,-0.592,17.822,-9.216,-44.006,173.568,60.26,-41.567
-0.553,0.217,-0.615,15.198,-13.916,-36.255,175.259,61.133,-39.721
-0.673,0.141,-0.794,22.583,-5.432,-41.077,177.22,61.661,-37.848
-0.977,0.088,-1.063,21.606,-12.39,-43.03,179.539,62.287,-35.563
-0.61,-0.177,-0.89,30.396,32.104,-52.612,-177.292,61.754,-32.536
-0.734,-0.363,-1.076,25.33,34.607,-62.744,-173.749,60.634,-28.724
-0.449,-0.475,-1.004,12.573,44.617,-41.199,-170.98,58.239,-25.494
-0.373,-0.434,-0.91,-10.376,25.635,-23.438,-169.733,56.212,-23.357
-0.459,-0.289,-0.878,-11.108,19.531,-10.071,-169.607,55.047,-21.934
-0.308,-0.267,-0.796,-5.188,10.986,10.132,-169.717,54.053,-21.561
-0.453,-0.3,-0.797,-2.747,-0.549,14.893,-169.931,54.053,-21.698
-0.445,-0.308,-0.82,-5.493,10.315,14.954,-170.244,53.822,-22.05
-0.359,-0.287,-0.774,-12.695,9.888,24.902,-170.859,53.421,-22.632
-0.399,-0.151,-0.808,-16.846,2.014,36.194,-172.156,53.311,-23.901
-0.426,-0.123,-0.799,-7.812,6.531,34.119,-173.331,53.185,-25.367
-0.396,-0.11,-0.795,-5.676,11.414,37.781,-174.337,52.767,-26.96
-0.242,-0.164,-0.734,-2.747,9.766,32.166,-175.144,52.196,-28.482
-0.257,-0.134,-0.633,-12.878,-15.198,33.203,-176.111,52.471,-29.729
-0.334,-0.065,-0.589,-17.456,-26.367,37.72,-177.512,53.443,-31.212
-0.572,-0.094,-0.789,-11.292,-17.334,32.776,-178.857,54.492,-32.701
-0.747,-0.011,-0.87,-18.616,-10.132,44.067,179.401,55.316,-34.634
-0.499,0.108,-0.921,-17.456,33.936,74.89,177.05,54.833,-37.711
-0.516,0.393,-1.007,-10.681,28.931,88.074,173.93,52.905,-42.204
-0.369,0.366,-1.165,10.498,57.068,74.28,172.37,50.136,-45.895
0.053,0.337,-1.063,8.911,45.288,71.045,171.431,46.56,-49.087
-0.032,0.383,-1.017,5.432,-7.385,35.095,170.673,44.901,-51.432
-0.26,0.337,-0.989,1.892,-14.587,-1.892,170.442,45.099,-51.965
-0.3,0.36,-0.966,-1.587,-7.263,-6.714,170.381,45.39,-51.493
-0.289,0.403,-0.903,2.38,-9.705,-5.127,170.277,45.533,-51.163
-0.352,0.368,-0.818,9.766,-21.545,-18.616,170.469,46.225,-50.751
-0.466,0.339,-0.824,8.85,-18.555,-29.724,171.013,47.379,-49.856
-0.44,0.305,-0.809,9.827,0.366,-42.847,171.953,48.065,-48.153
-0.359,0.284,-0.797,10.62,2.441,-56.519,173.221,48.378,-45.659
-0.302,0.225,-0.748,9.949,-1.709,-63.354,174.76,48.796,-42.572
-0.312,0.177,-0.745,9.033,-8.606,-61.279,176.237,49.433,-39.435
-0.367,0.156,-0.739,3.601,-5.981,-47.18,177.446,50.048,-36.689
-0.291,0.184,-0.729,6.348,-3.235,-30.762,178.231,50.251,-34.854
-0.279,0.172,-0.692,14.16,-15.32,-23.315,179.077,50.801,-33.607
-0.32,0.136,-0.649,22.522,-25.146,-28.87,-179.83,51.801,-32.514
-0.651,0.058,-0.92,25.269,-38.391,-42.542,-178.0,53.229,-30.657
-0.868,-0.193,-1.174,27.1,-5.554,-50.781,-175.529,54.399,-28.12
-0.573,-0.365,-1.203,17.639,9.155,-51.147,-173.018,54.058,-25.17
-0.718,-0.446,-1.119,9.216,17.334,-51.575,-170.931,53.8,-22.203
-0.325,-0.449,-0.986,-5.859,36.377,-33.386,-169.508,51.927,-19.742
-0.196,-0.299,-0.877,-26.794,7.874,3.113,-169.75,50.598,-18.798
-0.333,-0.165,-0.811,-21.851,-2.075,14.16,-170.942,50.581,-18.984
-0.332,-0.156,-0.774,-16.113,-10.01,20.203,-171.942,50.735,-19.561
-0.49,-0.187,-0.849,-6.592,-2.136,9.705,-172.584,51.163,-20.05
-0.355,-0.3,-0.868,-3.601,14.343,0.732,-172.551,50.603,-19.979
-0.413,-0.282,-0.882,-15.015,0.244,16.785,-173.007,50.361,-20.248
-0.394,-0.273,-0.862,-17.395,7.69,25.696,-173.941,50.158,-21.16
-0.409,-0.141,-0.835,-26.367,-0.305,51.086,-175.671,50.109,-23.082
-0.395,-0.023,-0.865,-19.409,15.625,61.218,-177.88,49.719,-26.071
-0.225,0.093,-0.84,-10.62,9.155,49.316,-179.604,48.917,-28.872
-0.278,0.056,-0.738,5.737,-14.404,15.015,179.852,49.048,-30.234
-0.368,-0.088,-0.617,-4.578,-17.212,16.541,179.89,49.779,-30.652
-0.471,0.019,-0.678,-17.334,-13.977,31.25,178.748,50.526,-32.025
-0.365,0.038,-0.646,-15.259,0.854,27.161,177.413,50.768,-33.574
-0.473,0.14,-0.858,-22.217,-14.771,31.433,175.902,50.905,-35.167
-0.691,0.282,-1.038,-15.32,7.996,31.677,174.095,51.24,-37.051
-0.414,0.305,-1.038,-3.845,34.241,39.551,172.87,49.966,-38.925
-0.533,0.458,-1.211,1.831,13.733,53.772,171.661,48.56,-41.473
-0.274,0.418,-1.181,15.015,48.157,47.913,171.068,46.445,-44.077
0.039,0.315,-1.022,15.93,4.761,16.785,171.172,44.577,-45.676
-0.23,0.183,-0.938,-4.456,-25.024,-32.166,171.376,45.417,-45.297
-0.417,0.299,-0.941,-20.325,-15.808,-50.842,171.315,46.599,-43.044
-0.334,0.408,-0.891,-8.484,6.165,-36.438,171.216,46.956,-41.045
-0.278,0.344,-0.838,4.333,-17.7,-36.377,171.672,47.373,-39.507
-0.409,0.316,-0.798,10.681,-19.226,-31.616,172.408,48.68,-38.276
-0.366,0.237,-0.746,16.113,-14.709,-35.767,173.447,49.592,-37.106
-0.363,0.203,-0.722,10.803,-11.78,-36.011,174.617,50.515,-35.651
-0.284,0.169,-0.703,15.259,-14.709,-41.26,175.842,51.18,-34.036
-0.419,0.123,-0.701,15.442,-17.395,-31.372,177.248,52.355,-32.421
-0.458,0.09,-0.732,20.752,-24.658,-25.33,178.533,53.394,-31.399
-0.535,0.06,-0.731,18.25,-15.686,-17.517,179.923,54.602,-30.531
-0.421,0.06,-0.692,20.02,-17.09,-13.916,-178.956,55.349,-30.135
-0.575,0.021,-0.762,22.644,-16.724,-21.912,-177.528,56.387,-29.416
-0.803,-0.053,-0.979,26.367,-14.771,-27.893,-175.699,57.195,-28.301
-0.741,-0.29,-1.07,28.87,30.884,-48.645,-173.227,56.893,-26.444
-0.396,-0.5,-1.164,9.399,23.254,-62.012,-170.354,54.816,-23.34
-0.524,-0.443,-1.035,-21.545,-8.484,-54.382,-168.986,54.344,-20.028
-0.384,-0.38,-0.891,-37.659,12.024,-42.358,-168.816,53.58,-17.128
-0.26,-0.204,-0.739,-50.842,-9.338,-11.597,-170.25,53.251,-15.771
-0.457,-0.163,-0.742,-45.41,-12.756,-2.136,-172.051,53.778,-15.233
-0.523,-0.136,-0.775,-35.645,-2.197,1.16,-173.732,54.014,-15.189
-0.499,-0.151,-0.815,-34.119,1.587,12.573,-175.259,53.937,-15.54
-0.547,-0.089,-0.862,-24.963,7.996,26.978,-177.028,53.795,-16.82
-0.484,-0.05,-0.85,-15.259,10.193,45.288,-178.737,53.306,-19.023
-0.459,-0.021,-0.835,-6.287,5.798,60.913,179.555,52.811,-22.165
-0.474,-0.036,-0.824,-5.005,8.179,64.819,177.896,52.35,-25.741
-0.397,0.015,-0.765,-10.681,4.7,65.552,176.094,51.691,-29.366
-0.406,0.058,-0.747,-8.545,5.493,59.875,174.271,51.196,-32.844
-0.162,0.058,-0.562,-2.686,3.906,45.044,172.963,50.477,-35.706
-0.113,-0.023,-0.494,-13.245,-17.822,39.551,171.947,50.372,-37.925
-0.365,0.126,-0.66,-36.804,-24.414,51.331,169.766,50.933,-40.479
-0.661,0.373,-0.92,-26.855,-12.695,49.805,166.926,51.174,-43.55
-0.44,0.418,-1.044,-14.648,28.442,67.993,164.916,49.911,-46.516
-0.658,0.816,-1.357,-11.414,16.663,100.891,162.318,47.631,-51.136
-0.106,0.628,-1.152,20.813,56.885,64.148,161.581,44.077,-54.75
0.049,0.634,-1.02,7.751,16.357,23.682,161.494,41.704,-56.481
-0.061,0.502,-0.919,18.555,-14.343,-8.484,161.933,41.578,-57.008
-0.319,0.477,-0.901,16.724,-29.602,-9.949,162.499,42.764,-57.409
-0.279,0.518,-0.904,21.484,-11.169,-12.268,163.213,43.533,-57.684
-0.282,0.486,-0.837,29.724,-28.015,-21.729,164.366,44.709,-57.711
-0.302,0.386,-0.767,35.034,-22.766,-34.363,166.031,46.17,-57.189
-0.261,0.267,-0.664,33.142,-33.386,-40.466,167.975,47.867,-56.157
-0.366,0.25,-0.625,27.588,-43.457,-33.813,169.667,50.109,-55.3
-0.47,0.217,-0.593,32.349,-39.185,-41.199,171.42,52.454,-54.382
-0.564,0.215,-0.62,40.466,-20.264,-43.945,173.831,54.437,-52.828
-0.513,0.093,-0.609,47.485,-0.793,-43.091,176.968,55.278,-51.004
-0.533,0.079,-0.793,42.908,11.414,-54.382,-179.736,55.267,-48.757
-0.663,-0.007,-0.999,36.621,9.644,-68.848,-176.122,54.932,-45.544
-0.382,-0.165,-0.879,35.095,36.438,-90.454,-172.321,53.778,-41.429
-0.438,-0.365,-0.952,21.851,4.7,-104.187,-168.448,52.328,-36.26
-0.391,-0.5,-1.054,16.235,33.325,-106.873,-164.998,50.18,-30.657
-0.217,-0.531,-1.013,-5.005,26.978,-63.538,-162.971,47.593,-26.488
-0.174,-0.46,-0.98,-6.226,23.315,-35.767,-162.378,45.786,-24.318
-0.146,-0.425,-0.92,-8.728,5.92,-19.47,-162.147,44.566,-22.978
-0.178,-0.498,-0.924,-5.31,-0.366,-16.663,-161.84,44.099,-21.742
-0.157,-0.498,-0.902,-8.911,-14.343,0.977,-161.785,44.132,-21.028
-0.241,-0.463,-0.825,-16.724,-25.208,22.522,-162.164,45.038,-21.05
-0.317,-0.386,-0.842,-14.771,-13.855,39.307,-163.103,46.154,-22.198
-0.234,-0.337,-0.805,-20.325,-10.193,55.847,-164.421,46.961,-24.247
-0.271,-0.253,-0.748,-23.071,-22.949,56.946,-166.24,48.175,-26.79
-0.409,-0.194,-0.749,-24.475,-26.001,53.467,-168.179,49.741,-29.18
-0.426,-0.158,-0.714,-19.836,-14.16,52.979,-170.151,50.988,-31.668
-0.361,-0.293,-0.673,-27.832,-17.029,56.091,-172.183,51.932,-34.431
-0.397,-0.024,-0.674,-42.297,-16.113,70.74,-175.281,52.96,-37.59
-0.397,0.059,-0.682,-21.545,-16.785,70.374,-178.539,53.701,-41.561
-0.721,0.142,-0.83,-15.991,-16.235,59.937,178.929,54.613,-45.231
-0.575,0.229,-0.838,8.728,28.442,65.674,177.078,54.157,-48.818
-0.492,0.28,-1.116,8.972,9.46,82.153,175.633,52.537,-53.168
-0.539,0.32,-1.205,15.381,40.283,80.688,174.067,51.053,-57.832
-0.098,0.306,-1.158,-2.93,31.25,64.209,172.711,48.378,-61.644
-0.123,0.434,-0.986,-1.16,-13.794,29.907,171.409,47.615,-64.083
-0.337,0.35,-0.861,20.447,-32.593,30.762,171.079,48.455,-66.16
-0.427,0.266,-0.776,26.489,-30.884,54.138,170.986,49.373,-69.219
-0.417,0.303,-0.741,32.654,-23.56,63.721,170.607,49.9,-73.262
-0.42,0.267,-0.717,38.513,-20.935,59.692,170.689,50.284,-77.124
-0.468,0.287,-0.756,45.105,-10.62,61.462,170.903,50.455,-81.046
-0.398,0.233,-0.688,48.157,-12.573,53.772,171.552,50.477,-84.633
-0.398,0.154,-0.704,47.668,-15.503,41.26,172.518,50.762,-87.665
-0.422,0.101,-0.736,40.894,-10.559,24.109,173.666,51.262,-89.819
-0.329,0.088,-0.757,34.119,-11.902,17.883,174.913,51.652,-91.099
-0.268,0.104,-0.801,30.457,-32.288,23.193,175.765,52.476,-92.516
-0.697,0.122,-0.866,30.823,-54.199,27.283,176.27,54.706,-94.422
-0.987,0.027,-1.035,36.926,-33.936,25.452,177.045,56.58,-96.284
-0.898,-0.053,-1.095,35.278,-7.019,32.715,177.94,57.321,-98.146
-0.729,-0.117,-0.929,43.518,8.606,35.034,178.901,57.239,-100.344
-0.527,-0.197,-0.789,39.307,16.602,38.696,-179.934,56.585,-102.524
-0.413,-0.168,-0.744,26.55,23.682,60.974,-179.643,55.53,-105.606
-0.381,-0.12,-0.745,21.667,11.78,67.871,179.841,54.608,-109.594
-0.505,-0.061,-0.781,21.118,4.517,66.284,179.297,54.124,-113.544
-0.62,-0.095,-0.857,28.076,9.766,62.988,179.094,53.712,-117.323
-0.531,-0.127,-0.853,30.334,24.414,60.791,179.171,52.723,-120.267
-0.431,-0.157,-0.843,23.376,15.808,54.749,179.39,51.718,-122.866
-0.371,-0.146,-0.824,13.794,8.484,49.194,179.357,51.059,-125.145
-0.415,-0.117,-0.816,4.456,-5.188,43.213,179.05,50.966,-127.068
-0.526,-0.074,-0.868,1.526,-5.371,39.917,178.451,51.257,-128.848
-0.626,-0.034,-1.001,-7.263,-3.418,48.889,177.638,51.312,-130.693
-0.754,0.113,-1.176,-10.132,11.23,56.274,176.072,51.169,-133.204
-0.138,0.096,-0.975,0.732,54.932,49.194,174.941,49.087,-135.478
0.259,0.157,-0.858,-9.277,5.859,49.255,174.001,46.851,-137.675
-0.139,0.276,-0.768,-1.221,-63.232,45.288,172.645,47.719,-140.762
-0.572,0.298,-0.837,11.414,-48.645,50.964,171.562,49.807,-144.278
-0.636,0.265,-0.859,31.433,-0.854,59.387,171.178,50.18,-147.733
-0.335,0.172,-0.835,41.565,15.625,51.147,171.81,48.928,-150.579
-0.3,0.094,-0.797,35.706,-13.855,50.354,172.601,48.521,-153.265
-0.537,0.152,-0.84,28.931,-14.893,58.044,172.766,48.972,-156.385
-0.475,0.162,-0.868,32.593,7.08,62.927,172.908,48.549,-159.593
-0.344,0.167,-0.87,32.41,3.54,67.81,173.101,47.791,-162.922
-0.276,0.185,-0.877,32.837,-13.855,70.435,173.199,47.516,-166.652
-0.458,0.201,-0.923,37.781,-20.447,68.298,173.293,48.071,-170.623
-0.448,0.111,-1.021,34.546,-22.217,55.298,173.749,48.389,-174.067
-0.629,0.133,-1.002,21.851,-25.085,55.359,173.727,49.373,-177.259
-0.595,0.106,-0.912,11.658,-20.142,49.561,173.342,49.988,179.852
-0.479,0.088,-0.775,10.254,-16.174,46.204,172.705,50.559,177.27
-0.458,0.053,-0.704,21.24,-6.775,43.152,172.359,50.96,174.864
-0.39,0.033,-0.698,27.527,-7.263,55.603,172.535,50.872,172.414
-0.606,0.023,-0.875,46.143,4.578,69.946,172.892,50.735,169.008
-0.489,-0.046,-0.93,54.871,37.17,80.872,173.919,49.224,165.267
-0.23,-0.105,-0.922,49.866,32.288,88.684,175.073,46.945,160.999
-0.203,-0.046,-0.886,37.292,-2.502,85.083,175.693,45.835,156.105
-0.402,-0.01,-0.893,39.185,-13.489,68.726,176.364,45.95,151.622
-0.41,-0.059,-0.876,40.1,-5.798,60.242,177.319,46.06,147.761
-0.415,-0.087,-0.9,31.738,-6.714,49.5,178.231,46.165,144.377
-0.361,-0.161,-0.874,25.94,-8.789,29.419,179.16,46.379,141.773
-0.416,-0.179,-0.799,9.644,-20.874,18.433,179.808,47.159,139.878
-0.482,-0.136,-0.814,-0.671,-7.507,18.555,179.89,47.862,138.115
-0.391,-0.088,-0.948,-11.292,-1.343,12.39,179.637,47.785,136.505
-0.558,0.052,-0.992,-16.724,4.7,6.897,178.846,47.988,135.137
-0.165,0.027,-0.883,-20.203,21.484,-2.136,178.347,47.093,134.61
-0.32,0.228,-0.982,-34.546,-15.381,10.986,176.902,46.846,133.687
-0.48,0.31,-1.047,-14.587,14.038,2.93,175.457,47.016,132.731
-0.23,0.273,-1.0,-1.831,18.066,3.723,174.968,45.967,132.308
-0.233,0.185,-0.959,6.287,-4.639,-3.784,175.007,45.538,131.968
-0.278,0.151,-0.869,2.747,-7.935,-3.967,175.15,45.807,131.71
-0.308,0.142,-0.802,-0.793,-14.832,-4.089,175.144,46.269,131.429
-0.376,0.167,-0.793,0.0,-4.089,-3.418,174.99,46.741,131.111
-0.301,0.166,-0.818,0.793,2.502,0.427,174.99,46.609,130.913
-0.32,0.207,-0.821,3.174,-4.761,9.949,174.792,46.653,130.188
-0.3,0.218,-0.78,6.775,-12.695,16.785,174.617,46.956,129.073
-0.361,0.224,-0.738,10.681,-19.958,21.118,174.397,47.686,127.518
-0.412,0.212,-0.769,15.686,-16.846,13.245,174.435,48.417,126.161
-0.336,0.181,-0.805,16.724,-11.536,13.794,174.781,48.988,125.14
-0.25,0.158,-0.78,14.465,-30.518,16.785,174.908,49.872,123.712
-0.465,0.226,-0.88,4.333,-60.425,22.095,174.551,51.779,121.871
-0.826,0.245,-0.858,14.099,-60.913,9.216,173.985,54.794,119.872
-0.972,0.101,-1.056,18.921,-34.973,-9.705,174.765,56.849,119.268
-1.029,0.051,-1.095,42.419,37.17,-14.587,176.254,57.662,119.218
-0.291,-0.222,-0.951,40.466,70.19,-19.47,179.324,54.75,120.009
-0.026,-0.234,-0.921,4.028,10.681,8.362,-179.187,52.586,119.438
-0.392,-0.054,-0.904,-11.047,-24.17,6.104,-179.577,53.031,117.806
-0.554,0.075,-0.826,-5.249,-11.841,1.465,179.951,53.751,116.461
-0.436,-0.045,-0.777,10.315,1.282,-13.733,-179.528,53.811,115.823
-0.526,-0.067,-0.775,3.54,-11.719,-11.23,-178.72,54.119,115.565
-0.518,-0.122,-0.803,9.827,5.554,-14.038,-177.83,54.157,115.197
-0.463,-0.131,-0.803,3.845,-2.319,-1.77,-177.039,53.959,114.554
-0.548,-0.101,-0.795,6.042,2.136,4.089,-176.759,54.119,113.203
-0.509,-0.061,-0.814,0.977,5.554,13.55,-176.611,53.745,111.572
-0.51,-0.085,-0.838,2.991,14.099,7.568,-176.682,53.355,109.759
-0.396,-0.147,-0.842,-1.77,14.221,-10.01,-176.353,52.603,108.913
-0.388,-0.152,-0.746,-18.372,-16.113,-10.315,-176.468,52.619,108.342
-0.496,-0.105,-0.688,-22.644,-13.123,-11.536,-176.913,53.383,107.968
-0.339,-0.069,-0.55,-26.184,-22.522,-0.671,-177.698,54.08,107.221
-0.456,0.027,-0.529,-28.015,-32.471,9.583,-178.995,55.607,105.897
-0.645,0.126,-0.749,-20.935,-23.987,19.226,179.539,56.909,104.156
-0.782,0.21,-0.933,-2.991,-2.136,21.545,178.154,57.739,102.118
-0.823,0.223,-1.241,-0.732,8.301,34.607,177.391,57.294,100.217
-0.705,0.264,-1.139,14.832,37.476,38.696,176.226,56.525,97.542
-0.488,0.256,-1.183,15.015,28.198,27.832,175.974,54.575,95.543
-0.431,0.12,-1.057,23.01,20.02,-5.005,176.693,53.432,94.883
-0.468,0.05,-0.962,8.85,5.188,-13.184,177.682,52.938,95.262
-0.433,0.053,-0.891,0.0,14.954,-13.0,178.132,52.388,95.609
-0.394,0.104,-0.847,-8.728,6.226,-7.996,178.083,51.932,95.773
-0.458,0.135,-0.85,-8.728,2.747,-7.812,177.781,51.746,95.823
-0.428,0.161,-0.802,-7.874,6.409,-1.465,177.402,51.52,95.735
-0.428,0.146,-0.798,-6.104,8.484,-3.601,177.012,51.174,95.57
-0.338,0.139,-0.747,-8.24,10.864,-6.836,176.737,50.685,95.696
-0.389,0.194,-0.8,-3.723,10.132,-7.568,176.424,50.29,95.894
-0.365,0.204,-0.848,0.366,12.512,1.892,176.347,49.719,96.015
-0.255,0.22,-0.83,6.165,7.935,10.071,176.177,49.092,95.554
-0.294,0.213,-0.809,10.742,-17.395,4.211,176.188,49.197,94.999
-0.374,0.161,-0.766,13.855,-24.048,-5.432,176.55,50.12,94.796
-0.395,0.104,-0.73,12.024,-26.917,-17.944,177.198,51.35,95.142
-0.404,0.048,-0.663,8.484,-30.945,-25.513,178.05,52.833,95.993
-0.474,0.018,-0.678,3.113,-32.593,-28.748,178.896,54.509,97.004
-0.746,0.043,-0.901,-1.526,-26.917,-22.644,179.572,56.135,97.861
-1.0,0.061,-1.157,-2.441,-16.846,-19.653,-179.962,57.162,98.306
-0.782,-0.001,-1.046,6.958,33.325,-34.18,-178.962,56.86,99.135
-0.355,-0.126,-1.055,10.315,48.34,-48.401,-177.023,54.608,100.959
-0.272,-0.126,-1.021,-14.709,9.277,-15.564,-176.276,53.295,101.915
-0.349,0.039,-0.91,-11.353,-4.578,-1.099,-176.951,53.19,101.234
-0.424,0.035,-0.796,-1.038,-15.442,-5.188,-177.089,53.575,100.706
-0.572,-0.034,-0.784,8.972,-16.418,-17.151,-176.534,54.3,100.624
-0.583,-0.133,-0.781,11.841,3.54,-22.827,-175.325,54.492,100.992
-0.5,-0.189,-0.755,4.211,3.784,-15.808,-174.249,54.196,101.047
-0.583,-0.152,-0.8,2.747,16.541,-10.193,-173.65,53.899,100.497
-0.457,-0.144,-0.834,0.732,24.109,5.798,-173.265,52.806,99.338
-0.383,-0.131,-0.789,-0.549,13.916,11.78,-173.414,51.921,97.405
-0.413,-0.115,-0.79,-5.188,5.066,7.019,-173.6,51.548,95.724
-0.356,-0.113,-0.749,-8.545,-2.319,5.737,-173.936,51.416,94.213
-0.459,-0.081,-0.762,-15.198,-12.268,3.113,-174.479,51.861,92.911
-0.37,-0.088,-0.679,-19.653,-12.329,-1.16,-175.182,52.339,91.796
-0.361,-0.118,-0.624,-34.058,-28.748,-21.24,-176.034,53.372,91.373
-0.439,-0.02,-0.694,-52.917,-36.499,-30.273,-177.314,54.882,91.994
-0.842,0.117,-0.927,-58.289,-12.024,-11.902,-179.28,56.316,92.335
-0.836,0.338,-1.195,-41.138,29.602,16.968,178.0,55.591,91.313
-0.632,0.283,-1.229,-12.146,58.044,7.019,176.534,53.465,90.901
-0.3,0.308,-1.252,0.0,39.856,16.296,175.941,50.9,90.703
-0.225,0.159,-1.028,18.738,-0.793,6.531,176.182,49.955,90.319
-0.408,0.095,-0.875,13.062,-24.963,12.024,176.561,50.68,89.725
-0.462,0.04,-0.82,14.526,-3.052,9.399,176.874,51.262,88.896
-0.459,0.079,-0.846,11.169,0.793,13.611,177.122,51.24,87.935
-0.414,0.092,-0.824,7.141,-4.639,22.4,177.127,51.169,86.479
-0.438,0.125,-0.784,9.46,-7.019,17.029,176.935,51.35,84.82
-0.487,0.121,-0.797,14.587,-5.554,13.0,177.067,51.658,83.469
-0.464,0.082,-0.789,16.724,4.7,11.23,177.55,51.707,82.315
-0.418,0.114,-0.812,14.771,8.362,20.813,177.858,51.35,80.799
-0.322,0.129,-0.8,16.602,10.62,26.55,178.011,50.795,78.915
-0.285,0.164,-0.773,16.418,-13.977,29.053,177.984,50.685,76.838
-0.406,0.128,-0.701,16.418,-27.039,20.508,178.044,51.669,75.064
-0.495,0.164,-0.711,17.578,-21.667,19.775,178.072,52.844,73.356
-0.47,0.112,-0.729,21.057,-12.695,12.024,178.511,53.619,71.878
-0.404,0.064,-0.857,23.438,-16.785,13.916,179.099,54.113,70.406
-0.75,0.022,-0.988,22.949,-30.64,15.259,179.544,55.607,68.582
-0.683,-0.124,-0.962,22.278,-8.972,2.38,-179.511,56.437,66.934
-0.928,-0.096,-1.049,22.156,21.057,-1.099,-178.462,56.662,65.533
-0.272,-0.211,-0.97,19.958,38.208,5.249,-177.072,54.245,64.116
-0.563,-0.061,-0.881,0.366,-32.288,23.987,-177.198,54.651,61.853
-0.714,-0.078,-0.896,9.888,18.433,0.427,-177.122,55.124,59.985
-0.359,-0.124,-0.806,2.441,29.663,4.456,-176.671,53.69,58.541
-0.367,-0.101,-0.78,-8.362,-1.16,2.075,-176.759,52.976,57.123
-0.557,0.018,-0.795,-10.132,1.465,12.939,-177.27,53.047,55.646
-0.564,0.052,-0.85,2.258,7.141,19.47,-177.88,52.844,53.339
-0.543,0.001,-0.894,13.0,20.081,13.367,-177.786,52.245,51.13
-0.391,-0.06,-0.835,13.855,9.888,11.536,-177.347,51.498,49.065
-0.425,-0.12,-0.786,7.996,-2.258,1.892,-176.874,51.454,47.488
-0.475,-0.106,-0.799,3.052,1.099,-4.456,-176.484,51.515,46.412
-0.415,-0.131,-0.787,2.502,9.094,-13.794,-175.968,51.207,45.731
-0.194,-0.202,-0.55,1.404,-5.615,-28.625,-175.078,51.075,45.906
-0.24,-0.266,-0.522,-19.409,-30.457,-23.743,-174.501,51.894,46.626
-0.535,-0.083,-0.623,-38.574,-25.635,-5.371,-175.474,53.35,46.45
-0.538,0.025,-0.794,-32.715,-5.737,2.502,-176.891,53.778,45.401
-0.773,0.14,-0.934,-21.484,1.953,5.249,-178.226,54.218,43.819
-0.645,0.137,-1.19,-4.883,25.879,3.662,-178.759,53.168,42.253
-0.533,0.089,-1.173,7.874,67.261,14.404,-178.819,51.443,40.562
-0.137,0.146,-1.21,-8.301,37.72,35.461,-179.418,48.532,38.721
-0.206,0.183,-1.024,-4.456,-1.953,17.578,179.495,47.653,37.815
-0.348,0.168,-0.936,-11.108,-19.775,4.089,178.868,48.016,38.37
-0.518,0.208,-0.921,-10.559,-5.371,2.136,178.121,48.658,39.21
-0.294,0.226,-0.843,-7.141,3.235,7.08,177.479,48.334,40.144
-0.417,0.253,-0.844,-1.099,-9.46,3.845,176.951,48.477,41.314
-0.287,0.23,-0.75,4.7,1.709,2.197,176.776,48.4,42.984
-0.298,0.169,-0.714,6.653,-17.517,-3.235,176.913,48.604,44.923
-0.391,0.194,-0.726,5.493,-14.099,1.648,176.973,49.246,46.747
-0.391,0.182,-0.716,10.498,-14.038,3.357,177.105,49.757,48.549
-0.392,0.186,-0.729,12.207,-15.991,3.662,177.325,50.339,50.482
-0.397,0.13,-0.752,15.686,-17.517,-2.502,177.83,51.01,52.614
-0.369,0.063,-0.784,16.357,-16.357,-7.08,178.544,51.768,54.619
-0.588,0.053,-0.958,9.46,-29.846,-0.122,179.044,52.954,55.596
-0.667,0.0,-0.925,8.484,-24.597,-6.348,179.434,54.311,55.3
-0.9,-0.026,-1.082,2.075,-23.438,-17.761,-179.918,55.464,54.602
-0.672,-0.127,-1.052,5.371,38.757,-30.945,-178.731,54.855,54.053
-0.356,-0.157,-0.99,-11.536,21.362,-11.23,-177.973,53.262,53.602
-0.436,0.016,-0.903,-18.799,-9.46,6.226,-178.682,53.015,52.559
-0.496,0.093,-0.773,-10.559,-13.306,13.245,-179.604,53.569,51.114
-0.601,0.072,-0.764,-1.221,-10.498,7.568,179.824,54.218,49.257
-0.561,0.02,-0.741,5.066,4.639,-5.066,179.967,54.382,47.016
-0.473,-0.057,-0.705,3.357,4.211,-12.573,-179.379,54.163,45.181
-0.521,-0.07,-0.748,1.465,7.385,-18.127,-178.72,54.108,43.907
-0.478,-0.101,-0.781,-0.977,15.381,-16.479,-177.984,53.498,42.962
-0.397,-0.117,-0.73,-4.395,8.85,-14.709,-177.545,52.938,41.962
-0.458,-0.088,-0.717,-11.536,-7.385,-10.437,-177.413,52.998,41.067
-0.467,-0.06,-0.69,-13.733,5.249,-2.563,-177.704,53.053,39.611
-0.367,-0.037,-0.69,-17.212,6.592,4.028,-178.27,52.679,37.711
-0.335,0.013,-0.733,-18.311,1.282,12.146,-179.253,52.526,35.59
-0.53,0.118,-0.894,-16.602,-14.526,16.602,179.566,52.844,33.635
-0.551,0.181,-0.973,-1.77,14.771,23.865,178.649,52.817,30.075
-0.603,0.312,-1.122,1.038,-35.461,39.795,177.808,52.306,31.366
-0.718,0.181,-1.135,25.635,40.649,20.264,177.704,52.592,32.838
-0.251,0.177,-1.05,10.376,5.005,17.944,178.116,50.718,35.151
-0.529,0.087,-0.954,9.705,-18.127,-11.963,178.462,51.147,37.711
-0.57,0.056,-0.899,-6.226,-5.127,-21.545,179.039,51.641,41.743
-0.522,0.108,-0.833,-10.62,1.892,-12.451,178.934,51.729,45.868
-0.458,0.158,-0.781,-10.864,2.563,-1.831,178.456,51.586,49.521
-0.396,0.19,-0.722,-1.038,2.686,6.042,177.962,51.339,52.603
-0.331,0.184,-0.665,4.395,-3.601,15.442,177.638,51.174,55.074
-0.374,0.195,-0.654,10.62,-7.935,17.639,177.44,51.295,57.112
-0.422,0.202,-0.691,16.113,-5.676,20.508,177.451,51.356,58.969
-0.375,0.136,-0.692,16.174,-10.498,15.259,177.676,51.427,60.908
-0.461,0.157,-0.772,10.864,-9.644,12.573,177.687,51.855,62.941
-0.462,0.114,-0.863,9.766,-15.625,-6.348,178.028,52.202,65.654
-0.773,0.112,-1.039,7.751,-13.428,-13.489,178.539,53.036,69.033
-0.454,0.007,-0.859,11.169,8.301,-23.315,179.341,53.015,72.944
-0.892,-0.019,-1.005,2.441,-24.231,-29.236,-179.654,53.751,77.366
-0.506,-0.151,-0.979,11.23,53.345,-32.715,-178.473,52.57,82.266
-0.146,-0.189,-0.9,-13.733,10.254,-7.263,-177.935,50.828,86.303
-0.504,-0.003,-0.886,-25.757,-35.461,2.38,-178.923,51.823,87.281
-0.597,0.074,-0.789,-12.329,-11.719,-6.042,-179.703,53.015,89.324
-0.564,0.042,-0.738,-1.038,-9.46,-17.09,-179.786,53.685,92.642
-0.469,-0.058,-0.67,4.578,2.258,-26.794,-179.061,53.915,96.855
-0.51,-0.117,-0.672,1.831,0.732,-25.452,-178.292,54.124,101.305
-0.542,-0.183,-0.788,-2.747,16.174,-27.283,-177.616,53.833,105.947
-0.41,-0.189,-0.749,-10.986,25.635,-21.24,-177.451,53.004,110.522
-0.235,-0.204,-0.708,-21.545,7.446,-18.982,-177.748,52.383,115.032
-0.496,-0.074,-0.769,-33.691,-7.751,-3.784,-178.956,52.789,115.615
-0.323,0.006,-0.697,-31.494,5.127,7.874,179.456,52.822,118.427
-0.472,0.099,-0.844,-28.931,-19.409,10.376,177.863,53.355,119.883
-0.718,0.161,-0.946,-19.165,-13.489,5.493,176.506,54.382,121.328
-0.538,0.199,-0.941,-11.475,16.846,15.076,175.562,54.163,122.959
-0.81,0.338,-1.141,1.343,16.235,24.597,174.501,53.569,123.552
-0.361,0.214,-1.068,12.634,48.279,11.169,174.699,51.356,124.832
-0.249,0.177,-0.97,6.104,-5.31,3.601,174.825,50.268,125.859
-0.473,0.083,-0.896,0.0,-24.963,-18.433,175.139,51.114,127.332
-0.602,0.122,-0.817,-7.629,-12.329,-9.094,175.226,52.152,129.32
-0.486,0.165,-0.771,-4.395,-2.38,7.996,174.831,52.405,130.792
-0.451,0.208,-0.727,2.93,-3.967,20.142,174.293,52.509,131.534
-0.394,0.213,-0.68,11.169,-4.7,32.593,173.809,52.542,131.55
-0.417,0.23,-0.711,19.348,-6.348,33.752,173.452,52.526,130.99
-0.352,0.173,-0.749,22.888,1.892,33.447,173.557,52.322,130.567
-0.265,0.212,-0.674,20.325,-27.222,38.635,173.403,52.553,129.584
-0.442,0.172,-0.622,23.621,-48.767,25.269,173.337,54.283,128.518
-0.643,0.114,-0.737,25.696,-30.64,10.62,173.76,56.091,128.474
-0.839,0.09,-0.911,20.447,-11.963,6.226,174.457,56.981,129.419
-0.544,0.011,-0.793,18.25,11.414,1.831,175.161,56.953,130.781
-0.966,0.055,-1.043,11.169,-18.188,0.183,175.809,57.321,132.259
-0.78,-0.016,-1.075,29.236,53.528,-4.333,177.006,56.288,134.182
-0.264,-0.126,-0.937,29.358,47.302,8.118,178.66,53.707,135.851
-0.294,-0.116,-0.814,7.568,-15.625,32.532,179.171,52.877,135.099
-0.538,0.015,-0.798,1.16,-17.212,31.616,178.632,53.74,133.209
-0.548,0.06,-0.776,5.493,-8.301,26.917,178.072,54.24,131.957
-0.588,-0.015,-0.799,11.047,-3.906,3.296,178.176,54.564,132.017
-0.545,-0.076,-0.798,7.629,3.296,-5.127,178.89,54.635,133.33
-0.589,-0.063,-0.777,-0.183,-8.972,-1.343,179.231,54.904,134.533
-0.533,-0.079,-0.688,2.075,1.709,-6.531,179.544,55.366,136.181
-0.397,-0.066,-0.578,-2.075,-11.23,0.854,179.725,55.673,137.895
-0.494,-0.062,-0.608,-2.075,0.244,0.671,179.72,56.437,139.4
-0.347,-0.023,-0.633,-7.507,11.475,18.799,179.346,56.113,140.416
-0.262,0.039,-0.721,-6.409,8.179,32.898,178.336,55.569,139.334
-0.487,0.155,-0.925,3.113,-22.583,38.452,177.237,55.811,137.076
-0.7,0.121,-1.029,17.151,-7.935,42.114,176.699,56.486,134.934
-0.732,0.255,-1.062,15.808,-2.869,75.989,175.496,56.415,131.765
-0.658,0.347,-1.137,19.226,-4.883,90.21,173.688,55.778,127.299
-0.669,0.316,-1.059,33.936,8.484,61.035,172.733,55.256,123.635
-0.469,0.202,-0.877,36.865,7.263,40.283,173.084,54.371,121.641
-0.461,0.089,-0.75,37.109,-10.559,24.292,173.969,54.229,120.339
-0.446,0.079,-0.676,29.907,-4.944,34.851,174.688,54.503,118.922
-0.302,0.094,-0.596,21.667,-13.428,50.171,174.688,54.547,116.609
-0.421,0.176,-0.591,17.822,-27.222,55.481,173.903,55.322,113.368
-0.531,0.171,-0.666,22.949,-14.404,40.771,173.188,55.992,110.528
-0.436,0.056,-0.652,17.09,-9.705,19.836,173.26,56.288,109.16
-0.759,0.109,-0.971,1.709,-18.616,30.029,172.941,56.871,107.54
-0.819,0.137,-1.062,6.592,10.498,45.227,171.848,56.937,104.387
-0.684,0.106,-0.923,15.869,13.062,50.293,171.112,56.135,100.437
-0.679,0.047,-1.105,28.809,6.836,49.072,171.244,54.97,96.224
-0.75,0.087,-0.979,35.095,14.221,61.523,171.37,54.196,91.208
-0.537,-0.081,-0.837,43.579,18.372,37.964,172.573,52.927,86.786
-0.395,-0.098,-0.725,26.367,19.531,55.054,173.546,51.559,82.656
-0.444,-0.049,-0.69,15.991,-0.366,54.321,173.441,50.784,77.745
-0.552,0.045,-0.749,12.451,6.714,47.485,173.359,50.29,73.422
-0.636,0.045,-0.796,18.188,7.324,48.462,173.408,49.647,69.027
-0.522,-0.011,-0.903,15.808,15.381,46.692,173.82,48.653,64.995
-0.51,0.059,-0.988,17.7,13.0,48.34,173.798,47.845,60.699
-0.496,0.041,-1.153,14.648,13.733,37.048,174.155,46.912,57.178
-0.235,0.072,-0.993,10.864,11.353,28.076,174.26,46.187,54.179
-0.044,0.091,-0.859,6.897,14.099,17.273,174.551,45.264,52.372
-0.218,0.214,-0.925,-1.465,-12.878,36.499,174.199,44.989,50.504
-0.332,0.168,-0.994,12.146,4.211,23.499,173.875,44.824,48.422
-0.208,0.154,-0.91,12.451,-5.188,26.55,174.067,44.429,46.873
-0.315,0.106,-0.84,18.127,-20.691,30.823,174.276,44.786,44.901
-0.384,0.117,-0.774,16.113,-17.212,39.001,174.413,45.412,42.435
-0.421,0.149,-0.773,15.076,-11.841,50.171,174.238,45.78,39.194
-0.418,0.172,-0.799,14.221,-3.784,52.612,173.93,45.84,35.502
-0.374,0.217,-0.904,12.573,2.563,56.03,173.529,45.434,31.734
-0.286,0.244,-0.951,14.282,-3.784,57.495,173.068,45.027,27.971
-0.355,0.281,-1.016,18.066,-15.015,55.359,172.667,45.181,24.329
-0.549,0.277,-1.182,19.104,-27.466,62.378,172.348,45.742,20.544
-0.422,0.193,-1.084,24.109,-14.465,77.82,171.969,45.967,16.018
-0.327,0.181,-0.841,31.799,-27.649,96.68,171.321,46.324,10.311
-0.441,0.067,-0.751,47.241,-39.307,88.928,171.491,47.054,4.581
-0.582,-0.003,-0.78,58.838,-21.545,89.05,172.222,47.939,-1.082
-0.538,-0.07,-0.826,57.19,7.629,98.389,173.326,47.62,-6.757
-0.348,-0.092,-0.844,52.917,22.156,104.431,174.287,46.192,-12.607
-0.278,-0.092,-0.887,41.748,7.751,91.309,175.089,44.874,-18.062
-0.286,-0.113,-0.822,29.236,-10.193,67.2,175.803,44.533,-22.264
-0.438,-0.077,-0.832,17.761,-11.047,58.044,176.056,44.94,-25.67
-0.302,-0.112,-0.819,11.292,0.671,38.33,176.259,44.912,-28.246
-0.423,-0.019,-0.967,-2.136,-9.521,34.851,176.155,45.066,-30.053
-0.314,0.178,-1.004,7.263,-9.827,44.861,175.671,45.22,-32.25
-0.619,0.096,-1.078,14.343,-40.344,45.105,175.622,46.428,-34.882
-0.632,0.078,-0.917,7.568,-0.122,31.738,175.369,47.324,-37.266
-0.269,0.118,-0.873,1.16,36.743,20.752,175.161,46.115,-38.65
-0.038,0.115,-0.865,-15.808,14.709,11.353,174.683,44.583,-39.282
-0.349,0.242,-0.974,-20.508,5.249,-4.7,173.589,44.379,-39.353
-0.248,0.195,-1.026,-7.141,38.818,-14.221,173.249,43.066,-38.578
-0.018,0.118,-0.997,-1.831,26.55,-5.371,173.331,41.309,-37.678
-0.045,0.135,-0.9,-4.578,-0.732,8.972,173.221,40.43,-37.397
-0.123,0.179,-0.818,-2.441,-8.179,16.235,172.853,40.397,-37.76
-0.146,0.187,-0.816,-1.709,-10.254,17.822,172.529,40.446,-38.348
-0.119,0.233,-0.86,0.0,-2.625,22.095,172.145,40.375,-39.144
-0.051,0.225,-0.849,-1.221,-22.339,22.705,171.815,40.391,-40.007
-0.147,0.314,-0.87,-2.563,-30.212,29.968,171.161,41.221,-41.27
-0.204,0.341,-0.809,2.014,-48.645,25.146,170.458,42.523,-42.929
-0.31,0.292,-0.788,6.409,-52.917,10.498,170.019,44.583,-44.44
-0.317,0.222,-0.704,3.174,-53.528,1.526,169.717,46.934,-45.549
-0.654,0.321,-0.949,-8.057,-69.824,3.845,169.008,49.845,-46.659
-0.684,0.33,-0.793,8.911,-27.588,-5.188,168.508,52.229,-47.818
-0.909,0.318,-0.935,12.512,-35.645,-9.399,168.986,54.086,-48.137
-0.784,0.178,-1.006,44.312,33.447,-27.283,170.969,54.119,-47.549
-0.339,-0.068,-0.906,42.725,48.706,-30.457,174.304,52.361,-45.588
-0.057,-0.122,-0.763,15.076,12.939,-6.47,176.166,50.999,-44.484
-0.402,-0.033,-0.763,-0.916,-33.569,-12.634,176.616,51.899,-43.835
-0.574,-0.061,-0.822,8.606,7.874,-28.381,177.556,52.756,-42.33
-0.442,-0.076,-0.806,9.094,7.141,-20.447,178.797,52.438,-40.759
-0.326,-0.164,-0.707,8.545,2.136,-22.034,-179.929,52.256,-39.293
-0.443,-0.103,-0.751,-3.723,-6.042,-11.963,-179.105,52.476,-37.985
-0.368,-0.127,-0.707,1.404,4.639,-19.592,-178.533,52.498,-36.881
-0.298,-0.167,-0.661,-12.939,-11.902,-13.367,-177.924,52.619,-35.453
-0.353,-0.06,-0.691,-26.367,-23.56,0.854,-178.511,53.492,-34.783
-0.59,0.094,-0.835,-27.161,-33.142,-0.671,-179.731,54.981,-34.59
-0.758,0.182,-0.97,-16.541,-6.897,0.732,179.363,56.113,-34.453
-0.853,0.285,-1.192,-6.165,7.385,13.794,178.539,55.767,-35.14
-0.728,0.2,-1.183,10.132,45.837,9.583,178.434,54.531,-35.958
-0.398,0.248,-1.172,5.005,67.383,30.518,178.077,51.559,-37.321
-0.05,0.146,-0.986,9.888,37.537,7.69,178.011,48.79,-38.304
-0.216,0.132,-0.831,-0.488,-15.991,-5.798,178.061,48.422,-38.035
-0.438,0.146,-0.798,2.869,-23.499,0.366,178.017,49.482,-37.815
-0.458,0.143,-0.77,6.897,-6.897,15.747,177.891,50.021,-38.469
-0.376,0.178,-0.75,7.935,-7.568,23.56,177.567,50.202,-39.858
-0.392,0.215,-0.778,12.207,-6.897,27.222,177.242,50.46,-41.6
-0.401,0.241,-0.79,17.944,-8.118,25.513,177.056,50.707,-43.429
-0.363,0.186,-0.724,23.071,-20.996,23.499,177.215,51.235,-45.203
-0.447,0.179,-0.69,13.611,-31.921,16.602,177.226,52.608,-46.917
-0.385,0.109,-0.598,9.888,-27.344,-6.47,177.374,53.954,-47.692
-0.575,0.11,-0.759,6.47,-38.513,-12.756,177.682,55.657,-47.609
-0.84,0.028,-0.872,13.062,-26.245,-18.555,178.401,57.623,-47.131
-0.776,-0.026,-1.027,12.329,1.465,-15.076,179.561,58.2,-46.285
-0.905,-0.069,-1.107,19.714,26.672,-19.714,-179.22,58.041,-45.478
-0.57,-0.182,-1.1,18.311,70.007,-31.616,-177.27,55.432,-43.786
-0.053,-0.248,-0.95,0.0,45.898,-17.273,-176.028,52.306,-42.237
-0.173,-0.13,-0.796,-25.33,-17.212,-7.751,-176.375,51.916,-41.149
-0.481,0.019,-0.773,-26.245,-21.423,-11.475,-177.248,52.91,-39.985
-0.538,0.002,-0.771,-6.409,6.653,-24.17,-177.352,53.179,-38.628
-0.424,-0.084,-0.831,-1.831,9.094,-26.245,-176.66,52.482,-36.98
-0.448,-0.176,-0.899,-1.587,10.315,-27.283,-175.875,52.009,-35.255
-0.349,-0.173,-0.767,-12.512,-0.305,-13.123,-175.567,51.713,-33.876
-0.473,-0.065,-0.786,-17.883,-2.93,3.845,-176.155,51.987,-33.459
-0.305,-0.063,-0.789,-13.977,16.785,5.676,-176.83,51.471,-33.508
-0.164,-0.029,-0.762,-16.785,-4.333,4.395,-177.605,51.053,-33.585
-0.269,-0.025,-0.712,-23.132,-35.828,-0.061,-178.407,51.916,-33.223
-0.324,0.038,-0.657,-29.053,-44.434,6.897,-179.687,53.745,-33.074
-0.542,0.138,-0.776,-28.32,-58.655,13.428,178.627,56.036,-33.492
-0.841,0.289,-0.848,-10.071,-43.884,23.56,176.836,58.705,-34.843
-1.083,0.348,-1.03,7.385,-31.616,48.279,175.309,60.238,-37.656
-1.012,0.297,-0.986,19.897,26.001,43.396,174.232,60.167,-41.039
-0.63,0.337,-0.977,22.461,52.917,36.377,173.996,57.794,-43.522
-0.441,0.229,-0.984,30.457,29.175,7.446,174.71,55.887,-44.868
-0.435,0.108,-0.892,19.775,10.986,-9.644,175.99,55.102,-44.791
-0.414,0.09,-0.787,7.935,4.883,-5.31,176.655,54.794,-44.566
-0.405,0.13,-0.708,2.014,-1.892,-1.404,176.781,54.794,-44.577
-0.34,0.18,-0.65,3.357,1.038,7.69,176.649,54.734,-45.005
-0.376,0.238,-0.69,12.939,-9.46,11.353,176.523,54.849,-45.901
-0.38,0.212,-0.669,23.743,-13.611,12.329,176.836,55.261,-47.021
-0.358,0.166,-0.625,23.499,-26.367,14.343,177.237,56.14,-48.362
-0.471,0.141,-0.636,21.545,-31.738,10.742,177.49,57.607,-49.741
-0.747,0.107,-0.8,21.79,-22.766,9.705,177.94,58.799,-50.812
-0.82,-0.011,-1.003,26.367,-5.493,8.606,178.544,59.447,-51.812
-0.77,-0.173,-0.977,24.658,-5.981,-17.09,179.896,59.628,-51.762
-0.78,-0.266,-1.062,5.371,21.301,-26.184,-178.182,59.31,-49.999
-0.664,-0.152,-1.033,-9.644,43.762,-6.775,-177.792,58.002,-48.917
-0.234,-0.103,-0.9,-17.883,27.588,-8.789,-177.913,55.893,-48.137
-0.435,-0.009,-0.848,-5.493,-3.845,-7.69,-178.094,55.618,-47.318
-0.477,-0.061,-0.763,0.244,-4.883,-2.563,-177.764,55.723,-46.686
-0.519,-0.078,-0.783,9.827,3.296,-3.54,-177.297,55.756,-46.34
-0.408,-0.188,-0.765,10.437,10.437,-9.583,-176.309,55.267,-45.67
-0.478,-0.209,-0.812,1.953,-6.226,-11.78,-175.512,55.217,-44.736
-0.487,-0.225,-0.736,-4.883,0.244,-9.033,-174.957,55.393,-43.698
-0.479,-0.102,-0.711,-12.817,-7.202,8.972,-175.243,55.602,-43.484
-0.491,-0.081,-0.733,-8.24,6.226,8.728,-175.776,55.684,-43.813
-0.246,-0.066,-0.618,-16.174,-7.507,8.484,-176.375,55.618,-44.072
-0.357,-0.062,-0.636,-24.902,-33.691,-5.493,-177.242,56.656,-43.945
-0.58,-0.013,-0.728,-33.142,-38.086,-25.635,-177.99,58.332,-42.781
-0.842,0.085,-0.833,-36.011,-26.611,-29.541,-178.583,60.189,-40.963
-0.98,0.284,-1.029,-33.508,12.207,10.742,-179.835,60.48,-40.402
-0.866,0.391,-1.13,-2.258,61.829,27.039,178.292,58.892,-42.253
-0.413,0.404,-1.127,15.991,61.89,10.498,177.984,55.613,-43.693
-0.314,0.233,-1.002,30.823,27.283,-8.301,178.918,53.438,-44.242
-0.312,0.025,-0.854,27.527,-2.747,-35.4,-179.302,52.894,-43.511
-0.418,-0.045,-0.768,12.451,-21.24,-42.847,-177.523,53.624,-41.534
-0.359,-0.035,-0.666,-0.366,-15.076,-35.889,-176.369,54.393,-39.578
-0.387,0.024,-0.642,-12.451,-21.606,-20.325,-176.067,55.223,-38.194
-0.398,0.085,-0.654,-12.756,-17.517,-13.0,-176.396,56.041,-37.573
-0.523,0.13,-0.727,-8.057,-17.578,-13.306,-176.721,56.959,-37.222
-0.49,0.069,-0.696,-2.502,-14.954,-22.339,-176.528,57.695,-36.584
-0.459,0.039,-0.656,-4.822,-24.231,-20.447,-176.199,58.661,-35.733
-0.764,-0.004,-0.849,-1.221,-29.663,-18.677,-175.853,60.128,-34.991
-0.823,-0.113,-0.99,0.061,-1.282,-19.653,-175.276,60.831,-34.255
-0.999,-0.225,-1.127,8.301,2.869,-40.649,-174.062,60.991,-32.8
-0.566,-0.378,-0.985,1.404,44.922,-35.4,-172.161,59.551,-30.504
-0.037,-0.29,-0.739,-18.066,13.062,8.179,-172.007,57.733,-29.839
-0.534,-0.015,-0.646,-26.123,-82.092,29.297,-173.513,59.447,-30.608
-0.966,0.082,-0.712,0.549,-24.902,36.804,-175.21,62.798,-32.382
-0.961,-0.046,-0.823,20.264,33.02,23.254,-175.71,62.748,-34.574
-0.481,-0.142,-0.714,27.71,71.777,20.996,-175.232,59.969,-36.249
-0.26,-0.215,-0.739,18.372,36.255,35.339,-174.902,57.491,-38.161
-0.527,-0.088,-0.735,13.733,25.452,56.335,-175.567,56.448,-40.979
-0.449,-0.051,-0.762,23.254,47.668,64.27,-176.336,54.553,-44.632
-0.114,-0.096,-0.449,22.949,25.879,57.19,-176.605,52.872,-48.01
-0.176,-0.051,-0.611,-2.686,-10.559,58.411,-177.418,52.614,-51.048
-0.71,0.136,-0.886,-1.587,13.672,49.438,-179.143,52.828,-54.025
-0.141,-0.051,-0.896,13.306,34.485,6.836,-179.11,50.9,-55.256
-0.424,0.029,-1.005,2.93,-28.687,3.967,-178.846,51.202,-55.278
-0.758,0.114,-1.073,17.7,18.616,9.094,-178.5,51.548,-55.629
-0.442,-0.016,-1.418,30.029,86.487,6.836,-177.308,48.856,-56.074
0.128,0.032,-1.429,6.714,43.518,26.245,-176.825,45.104,-57.173
-0.152,0.128,-1.143,1.343,-31.555,9.033,-177.078,44.742,-58.008
-0.369,0.108,-0.911,1.16,-36.743,4.272,-177.286,46.384,-58.271
-0.328,0.068,-0.695,-5.005,-41.26,2.747,-177.523,47.95,-58.497
-0.408,0.128,-0.662,0.122,-23.071,3.174,-178.0,49.576,-58.903
-0.237,0.101,-0.645,8.545,-4.333,7.812,-178.006,50.004,-59.409
-0.228,0.103,-0.662,12.756,-16.174,22.156,-178.077,50.317,-60.601
-0.279,0.124,-0.644,7.751,-41.687,31.25,-178.489,51.619,-62.507
-0.458,0.196,-0.638,9.155,-47.913,28.137,-179.286,53.921,-64.698
-0.607,0.166,-0.797,16.174,-34.424,4.822,-179.429,55.849,-66.171
-0.83,0.005,-0.997,15.32,-19.226,-18.433,-178.572,57.283,-66.193
-0.773,-0.171,-1.012,3.296,-4.517,-31.982,-177.336,58.057,-65.061
-0.759,-0.209,-1.096,-8.972,-3.052,-37.476,-176.336,58.151,-63.474
-0.706,-0.284,-1.127,-14.709,26.672,-44.25,-175.331,57.448,-61.392
-0.357,-0.204,-0.925,-30.518,7.935,-22.461,-175.331,56.365,-59.628
-0.544,-0.059,-0.792,-26.489,-21.79,-12.085,-176.127,56.931,-58.552
-0.606,0.0,-0.714,-18.311,-14.832,-6.531,-176.765,57.821,-57.794
-0.651,-0.016,-0.701,-8.484,-2.38,-8.545,-177.078,58.348,-57.321
-0.533,-0.101,-0.663,-3.845,12.451,-17.09,-176.726,58.123,-56.508
-0.439,-0.121,-0.595,-7.996,12.878,-20.142,-176.342,57.645,-55.492
-0.387,-0.201,-0.657,-11.963,16.541,-35.706,-175.71,56.915,-53.806
-0.525,-0.184,-0.765,-21.606,19.836,-44.373,-175.117,56.261,-51.306
-0.262,-0.242,-0.681,-25.513,12.085,-50.11,-174.529,55.201,-48.4
-0.428,-0.15,-0.715,-38.94,-16.357,-32.41,-174.529,55.333,-45.588
-0.36,-0.074,-0.687,-35.4,-3.052,-11.841,-175.441,55.64,-44.203
-0.579,0.097,-0.941,-32.41,-14.648,8.179,-176.99,56.179,-44.099
-0.584,0.203,-0.968,-13.184,-7.568,15.625,-178.456,56.662,-45.016
-0.652,0.312,-1.217,-13.184,-17.883,32.837,-179.923,56.772,-46.686
-0.953,0.31,-1.243,13.428,26.367,31.311,178.868,57.239,-49.065
-0.424,0.321,-1.089,17.273,4.944,38.086,178.445,55.844,-51.4
-0.64,0.194,-0.986,34.851,-0.183,28.87,178.495,55.948,-53.899
-0.372,0.078,-0.753,27.649,-1.404,17.09,179.149,55.728,-55.508
-0.444,0.021,-0.652,17.029,-11.841,8.423,179.676,56.135,-56.486
-0.36,0.069,-0.596,8.24,1.404,17.944,179.736,56.327,-57.426
-0.299,0.153,-0.615,7.874,-0.793,34.79,179.182,56.162,-59.134
-0.34,0.226,-0.701,20.874,-10.681,43.03,178.38,56.179,-61.765
-0.429,0.19,-0.72,29.785,-28.564,39.001,178.077,56.964,-64.611
-0.489,0.127,-0.72,27.466,-31.555,31.372,178.044,58.178,-67.176
-0.681,0.084,-0.864,19.653,-31.311,27.893,177.891,59.551,-69.351
-0.838,0.025,-0.955,17.761,-12.756,13.672,177.808,60.76,-70.933
-0.705,-0.077,-0.954,11.414,-16.663,-0.732,178.347,61.117,-71.279
-0.979,-0.07,-1.064,9.583,-11.658,-4.822,178.951,62.095,-71.021
-0.734,-0.084,-0.855,6.226,-6.104,3.479,179.489,62.386,-70.812
-0.745,-0.039,-0.807,4.7,0.366,14.587,179.511,62.688,-71.213
-0.54,-0.006,-0.673,4.272,11.414,27.344,179.028,62.249,-72.4
-0.494,0.026,-0.616,4.272,-0.061,20.569,178.445,61.985,-73.702
-0.582,0.019,-0.66,7.324,2.258,11.78,178.303,62.056,-74.416
-0.585,-0.006,-0.68,9.583,10.376,2.136,178.577,61.798,-74.641
-0.619,-0.075,-0.8,9.399,14.282,-8.606,179.423,61.227,-74.086
-0.657,-0.119,-0.83,-2.502,-2.075,-19.775,-179.698,60.991,-72.867
-0.572,-0.113,-0.707,-12.39,0.0,-24.841,-179.039,61.205,-71.153
-0.437,-0.095,-0.616,-22.461,-18.921,-31.677,-178.583,61.65,-69.066
-0.312,-0.145,-0.563,-24.902,-11.047,-54.565,-177.885,62.479,-66.088
-0.214,-0.168,-0.514,-53.162,-30.64,-53.406,-177.138,63.298,-61.979
-0.539,-0.02,-0.669,-80.994,-56.641,-33.508,-178.363,65.231,-58.651
-1.019,0.213,-0.725,-78.247,-43.762,-34.729,179.242,68.214,-56.195
-0.98,0.421,-0.899,-72.571,-22.461,-2.625,176.462,69.28,-54.937
-1.131,0.366,-0.865,-48.95,-16.724,-4.639,173.156,70.917,-55.635
-0.849,0.542,-0.735,-30.518,-11.536,-21.179,171.524,71.351,-55.151
-0.926,0.275,-0.659,5.554,-15.991,-25.635,172.123,72.603,-54.146
-0.718,0.224,-0.53,13.428,11.475,-3.418,172.755,72.686,-53.981
-0.602,0.165,-0.52,25.818,9.888,8.911,173.414,72.235,-54.673
-0.482,0.18,-0.49,35.034,14.465,26.55,173.628,71.439,-56.481
-0.586,0.123,-0.542,38.269,-0.061,38.757,173.43,71.049,-59.31
-0.588,0.124,-0.607,37.72,-13.184,38.574,172.941,70.834,-62.49
-1.034,0.086,-0.797,32.776,-22.278,36.072,172.458,71.746,-65.495
-0.621,0.026,-0.548,38.147,-6.104,28.198,172.315,72.048,-67.972
-1.131,0.002,-0.726,34.607,-43.762,17.578,172.727,73.394,-69.829
-1.072,-0.021,-0.747,35.706,0.427,25.574,173.293,74.163,-71.323
-0.935,0.011,-0.707,34.668,17.334,55.786,173.167,73.378,-73.746
-0.753,0.09,-0.614,46.143,21.606,76.904,171.716,72.004,-78.162
-0.68,0.168,-0.554,70.129,19.958,95.886,170.574,70.296,-83.496
-0.627,0.12,-0.458,96.985,31.067,119.263,169.816,68.099,-90.286
-0.504,0.01,-0.406,109.314,26.367,113.403,170.151,65.671,-97.256
-0.598,-0.0,-0.517,99.426,14.343,104.37,171.107,63.99,-103.464
-0.709,0.012,-0.643,86.243,3.845,83.252,172.068,63.056,-108.77
-0.653,-0.126,-0.636,65.674,2.502,40.588,173.754,62.787,-111.703
-0.604,-0.178,-0.667,19.592,-11.047,19.104,175.001,63.133,-112.522
-0.92,0.041,-0.906,-5.92,-6.775,13.855,174.622,63.913,-112.901
-0.781,0.252,-0.829,-11.658,1.526,29.48,173.584,63.94,-113.423
-0.772,0.348,-0.999,18.738,43.03,47.241,172.43,62.424,-115.098
-0.37,0.221,-0.928,40.649,50.415,37.292,172.667,59.59,-116.873
-0.63,0.19,-1.12,45.959,22.4,31.86,173.875,57.903,-118.12
-0.271,-0.022,-0.855,46.143,17.7,25.574,175.474,56.415,-119.323
-0.413,0.07,-0.807,27.466,-21.179,39.429,176.353,56.217,-120.778
-0.393,0.071,-0.663,34.485,-17.395,47.241,176.534,56.783,-123.107
-0.553,0.132,-0.735,22.278,-31.738,68.909,176.105,57.563,-126.238
-0.795,0.196,-0.9,34.79,-2.136,77.148,174.727,58.052,-130.649
-0.801,0.128,-1.043,43.396,22.644,66.589,174.43,57.118,-134.346
-0.41,-0.099,-0.949,51.941,13.0,64.575,175.122,55.525,-137.401
-0.385,-0.21,-0.807,52.368,-5.981,74.89,175.759,55.074,-140.845
-0.566,-0.114,-0.717,45.715,-36.072,90.271,175.743,55.898,-145.256
-0.74,-0.148,-0.736,55.725,-9.399,72.693,176.144,56.744,-149.299
-0.622,-0.126,-0.731,45.288,14.709,50.72,177.023,56.393,-151.968
-0.491,-0.183,-0.762,30.09,16.174,45.105,177.979,55.591,-153.468
-0.485,-0.126,-0.763,26.917,10.681,51.636,178.165,55.025,-155.49
-0.464,-0.1,-0.75,31.982,4.456,57.312,178.467,54.673,-157.714
-0.503,-0.118,-0.764,32.593,-8.972,61.157,178.704,54.794,-160.444
-0.607,-0.1,-0.834,22.888,-14.221,54.077,178.66,55.377,-163.098
-0.691,-0.07,-0.89,9.705,-12.207,34.546,178.451,56.118,-164.921
-0.573,0.0,-0.836,1.16,0.793,18.005,178.11,56.536,-165.784
-0.381,-0.025,-0.817,-9.033,10.01,17.151,177.797,56.299,-166.102
-0.528,0.206,-0.882,-15.015,5.371,33.813,176.364,55.909,-167.261
-0.576,0.224,-0.988,6.226,34.912,17.761,175.562,54.904,-168.267
-0.213,0.109,-0.885,17.944,38.208,24.536,175.776,52.74,-168.964
-0.227,0.071,-0.824,11.353,-4.7,26.001,175.93,51.581,-170.211
-0.515,0.185,-0.803,12.695,-14.099,27.588,175.704,51.998,-171.744
-0.444,0.141,-0.789,24.475,1.404,28.259,175.875,51.987,-173.227
-0.333,0.115,-0.793,27.527,1.526,36.621,176.27,51.641,-174.913
-0.391,0.139,-0.853,30.151,-14.221,47.791,176.457,51.817,-177.319
-0.519,0.122,-0.905,28.992,-21.851,50.232,176.534,52.465,179.89
-0.819,0.109,-1.094,19.836,-26.062,47.363,176.413,53.35,177.259
-0.728,0.019,-1.14,23.315,-7.935,35.339,176.38,53.591,175.161
-0.496,0.021,-0.867,30.334,7.141,48.462,176.221,53.575,172.749
-0.355,-0.184,-0.712,33.325,-5.737,34.424,176.896,53.498,170.826
-0.509,-0.121,-0.689,16.724,-13.855,54.443,177.056,53.866,168.618
-0.644,-0.114,-0.814,34.912,21.606,49.255,177.149,53.591,165.981
-0.477,-0.125,-0.83,39.368,39.429,56.458,177.951,52.015,163.713
-0.294,-0.193,-0.864,35.095,23.01,58.167,178.808,50.279,161.049
-0.37,-0.179,-0.783,25.146,-2.563,45.715,179.407,49.763,158.346
-0.497,-0.165,-0.74,11.963,-11.536,39.368,179.83,50.087,156.242
-0.577,-0.121,-0.758,9.644,4.272,31.433,179.758,50.433,154.363
-0.404,-0.22,-0.733,0.977,11.78,10.681,-179.984,50.081,153.616
-0.553,-0.198,-0.922,-11.902,13.611,-4.272,-179.956,49.774,153.666
-0.357,-0.183,-1.019,-29.114,18.921,-9.644,179.725,48.961,154.385
-0.507,0.085,-1.099,-41.199,-0.061,-17.578,178.242,48.999,154.946
-0.327,0.117,-1.037,-38.452,10.254,-46.021,177.528,48.719,157.044
-0.19,0.138,-0.956,-53.04,5.554,-52.124,176.605,48.389,159.824
-0.345,0.282,-0.915,-66.956,-12.695,-55.542,174.644,48.944,162.411
-0.34,0.355,-0.869,-60.547,10.742,-86.243,173.062,49.257,166.185
-0.249,0.289,-0.818,-47.668,8.85,-116.76,172.749,49.471,171.81
-0.327,0.257,-0.841,-42.297,7.507,-108.459,172.98,49.927,177.841
-0.256,0.237,-0.823,-22.156,9.583,-56.274,173.199,49.905,-177.687
-0.242,0.339,-0.794,6.226,-10.559,15.869,172.925,49.801,-176.902
-0.433,0.31,-0.795,32.837,-28.931,64.636,172.595,50.334,-179.698
-0.546,0.341,-0.822,48.035,-21.973,84.045,172.337,50.784,175.732
-0.379,0.277,-0.715,57.007,-7.507,72.449,172.661,50.718,171.222
-0.5,0.277,-0.818,54.138,-10.803,59.265,173.447,50.751,167.591
-0.397,0.15,-0.793,60.913,7.202,40.222,174.869,50.4,164.932
-0.273,0.191,-0.85,59.082,5.432,44.617,176.512,49.818,162.751
-0.179,0.047,-0.783,52.063,-3.54,53.101,178.006,49.521,160.071
-0.044,0.076,-0.619,36.682,-42.969,47.18,178.632,50.29,156.962
-0.187,0.032,-0.492,18.982,-104.675,33.386,178.676,53.778,154.297
-0.881,0.137,-0.734,2.075,-149.414,39.49,177.468,60.018,151.359
-0.999,0.046,-0.774,16.663,-77.332,29.541,175.984,65.363,148.431
-1.321,0.062,-0.882,11.414,-73.425,7.874,175.336,69.357,146.92
-1.271,-0.141,-0.87,20.508,5.249,-23.376,176.962,70.637,147.997
-0.865,-0.146,-0.743,11.78,47.546,-10.742,178.879,69.241,149.826
-0.573,-0.131,-0.654,1.77,28.076,-0.61,179.632,67.538,150.524
-0.504,-0.057,-0.57,0.854,13.55,1.648,179.929,66.703,150.804
-0.559,-0.09,-0.549,7.935,16.479,-8.057,-179.5,66.253,151.172
-0.369,-0.2,-0.531,6.592,23.56,-13.062,-178.209,65.231,152.188
-0.542,-0.157,-0.612,0.0,15.808,-12.817,-177.314,64.495,152.996
-0.392,-0.242,-0.636,3.174,25.757,-9.766,-176.072,63.193,153.946
-0.406,-0.096,-0.646,-3.54,1.282,8.85,-175.93,62.628,153.682
-0.383,-0.079,-0.651,-2.93,-17.029,5.249,-175.875,62.798,153.105
-0.642,0.024,-0.77,0.854,-25.513,0.183,-175.88,63.847,152.726
-0.645,0.069,-0.798,7.69,-28.564,2.625,-175.512,65.061,152.65
-1.353,0.208,-1.078,12.024,-51.453,20.996,-175.677,67.429,151.666
-1.132,0.119,-1.059,27.039,26.245,22.156,-175.688,67.456,150.09
-0.725,0.111,-0.925,24.78,43.518,29.602,-176.006,65.66,148.046
-0.427,0.012,-0.765,24.292,9.827,7.141,-175.682,64.385,146.75
-0.48,-0.037,-0.611,11.353,-21.362,2.93,-175.073,64.891,146.398
-0.551,0.007,-0.537,0.977,-19.287,11.536,-175.314,66.022,145.657
-0.396,0.032,-0.44,-1.709,-6.47,13.123,-175.99,66.5,144.63
-0.453,0.116,-0.487,-2.258,-5.31,22.827,-177.16,66.89,143.102
-0.488,0.127,-0.586,6.287,-3.662,19.104,-178.099,66.896,141.493
-0.653,0.103,-0.73,13.184,-8.789,22.461,-178.934,67.33,139.691
-0.898,0.049,-0.85,10.803,-36.316,13.977,-179.374,68.362,138.137
-1.07,0.003,-0.856,18.25,-15.686,5.371,-179.434,70.038,137.082
-0.977,-0.175,-0.796,17.151,-10.132,-12.39,-178.204,70.565,137.181
-1.049,-0.124,-0.907,5.432,28.32,0.305,-177.336,70.285,137.384
-0.622,-0.218,-0.744,-0.366,30.884,-2.441,-176.836,68.588,137.214
-0.647,-0.088,-0.672,-16.113,-5.005,13.489,-177.297,68.071,136.505
-0.741,0.003,-0.631,-9.277,1.099,11.963,-178.429,68.269,135.137
-0.696,-0.056,-0.603,7.385,19.348,-5.859,-178.259,67.791,134.687
-0.573,-0.146,-0.579,15.381,31.494,-7.69,-176.935,66.588,134.978
-0.485,-0.217,-0.572,10.498,31.311,6.042,-176.056,65.034,134.473
-0.492,-0.225,-0.59,-3.723,32.471,13.672,-176.028,63.561,133.171
-0.503,-0.145,-0.631,-17.029,40.649,13.245,-176.852,61.661,131.545
-0.401,-0.106,-0.593,-41.077,30.762,-6.104,-177.984,59.87,130.825
-0.529,0.087,-0.683,-53.284,18.555,-21.118,-179.561,58.837,131.204
-0.391,0.216,-0.906,-44.617,16.785,-37.17,179.143,57.865,132.347
-0.642,0.405,-0.962,-36.011,16.785,-49.072,178.77,57.7,134.962
-0.771,0.256,-0.997,-4.395,15.686,-34.241,179.039,57.057,136.989
-0.584,0.157,-1.069,20.935,39.551,-20.508,-179.956,55.69,138.461
-0.466,-0.085,-1.093,-9.583,40.649,-34.668,-178.863,53.981,139.691
-0.215,0.059,-0.961,-25.452,21.912,-54.016,-178.748,52.251,141.932
-0.399,0.003,-0.877,-36.133,-18.311,-56.519,-178.852,52.229,144.613
-0.372,0.095,-0.769,-40.955,-15.686,-48.401,-179.588,53.004,146.838
-0.522,0.214,-0.743,-42.236,-24.109,-61.34,179.725,54.152,149.639
-0.476,0.299,-0.651,-7.935,14.16,-26.184,179.539,54.399,151.787
-0.392,0.317,-0.65,20.996,11.047,-0.366,179.962,53.707,152.21
-0.53,0.088,-0.642,42.114,5.798,38.147,-179.385,53.344,150.595
-0.59,0.068,-0.691,25.635,20.935,53.223,-179.302,52.91,148.052
-0.28,0.085,-0.69,50.903,19.104,56.152,-179.198,51.823,144.739
-0.458,-0.02,-0.877,32.471,-9.949,55.176,-178.517,51.877,141.779
-0.619,0.021,-1.061,37.109,6.287,69.275,-178.742,51.971,137.785
-0.319,-0.057,-1.003,32.043,-7.324,49.072,-178.605,51.877,134.225
-0.967,-0.201,-1.239,31.128,-15.503,20.813,-177.599,53.394,132.177
-0.398,-0.16,-0.99,34.18,38.147,23.926,-176.803,52.152,130.029
-0.255,-0.291,-0.922,12.451,-0.122,5.432,-175.534,51.136,128.71
-0.442,-0.072,-0.844,-8.545,-14.16,5.676,-175.666,51.619,127.507
-0.373,-0.05,-0.747,-5.798,-1.892,-1.709,-175.754,51.872,126.821
-0.464,-0.005,-0.751,-6.958,-8.484,8.606,-176.105,52.169,125.865
-0.405,-0.049,-0.797,-1.465,22.095,-6.775,-176.32,51.795,125.002
-0.311,-0.129,-0.847,-0.549,14.099,-29.419,-175.721,50.718,125.442
-0.224,-0.146,-0.722,-8.484,-13.0,-28.931,-175.182,50.504,126.315
-0.394,-0.213,-0.681,-15.747,-32.898,-34.851,-174.727,51.636,127.502
-0.395,-0.093,-0.623,-27.588,-27.161,-11.23,-175.095,52.866,128.007
-0.446,-0.049,-0.667,-23.376,-20.752,-1.16,-175.974,54.097,127.639
-0.462,0.017,-0.77,-21.606,-16.479,4.028,-176.979,54.789,126.98
-0.816,0.115,-1.056,-17.822,-8.24,2.319,-177.946,55.624,126.464
-0.56,0.158,-1.22,-18.066,-2.441,14.832,-178.923,55.338,125.826
-1.071,0.227,-1.241,-2.136,7.874,-5.066,-179.885,56.349,125.305
-0.494,0.162,-0.998,-6.348,25.574,-16.418,-179.786,54.871,126.167
-0.482,0.102,-0.992,-0.977,26.978,-36.255,-179.368,53.959,127.733
-0.297,0.033,-0.831,-0.366,-2.991,-46.936,-178.423,53.245,129.979
-0.566,-0.064,-0.733,-7.019,-5.981,-45.837,-177.347,53.767,132.534
-0.446,0.021,-0.67,-27.161,15.625,-27.039,-177.314,53.509,134.434
-0.299,0.064,-0.62,-32.593,12.024,-34.424,-178.033,52.751,136.049
-0.377,0.216,-0.679,-33.508,-4.761,-28.809,-179.039,52.762,137.78
-0.467,0.162,-0.751,-18.433,-0.916,-29.602,-179.643,53.026,139.488
-0.265,0.094,-0.693,-19.592,-12.085,-28.137,179.945,53.223,141.053
-0.347,0.083,-0.643,-13.123,-29.968,-35.156,179.775,54.454,142.751
-0.832,0.046,-0.92,-1.892,-40.466,-34.485,-179.742,56.508,144.619
-0.844,0.005,-0.985,5.798,-0.488,-23.071,-178.984,57.305,146.25
-0.835,-0.021,-1.262,7.019,11.047,-13.611,-178.028,56.865,147.552
-0.746,-0.123,-1.222,3.357,58.655,-12.756,-177.116,55.245,148.672
-0.196,-0.041,-1.043,-1.892,47.974,-4.028,-177.012,52.361,148.964
-0.209,-0.021,-0.81,-1.831,-0.366,-8.911,-176.808,51.356,149.222
-0.443,0.017,-0.75,1.282,-5.432,0.854,-176.786,51.63,149.057
-0.489,-0.04,-0.803,5.92,12.512,-5.859,-176.473,51.328,149.035
-0.291,-0.067,-0.835,6.531,25.085,-11.597,-175.963,50.098,149.474
-0.297,-0.169,-0.826,2.319,10.193,-18.372,-175.254,49.263,150.106
-0.285,-0.12,-0.884,-8.484,20.874,-13.855,-174.99,48.422,150.639
-0.367,-0.117,-0.949,-4.578,3.967,-20.752,-174.88,47.675,151.106
-0.274,-0.131,-0.856,-4.761,8.179,-18.677,-174.578,47.186,151.842
-0.348,-0.143,-0.82,-8.24,-10.62,-11.108,-174.364,47.148,152.347
-0.337,-0.057,-0.771,-16.296,4.211,-0.427,-174.825,47.219,152.276
-0.284,-0.04,-0.823,-15.564,-4.395,-4.15,-175.402,47.065,152.216
-0.275,0.019,-0.796,-12.512,-6.775,-1.404,-175.995,47.258,152.199
-0.315,-0.026,-0.759,-6.897,-18.677,-5.188,-176.237,47.939,152.347
-0.326,-0.01,-0.715,-2.441,-31.921,1.892,-176.446,49.098,152.32
-0.624,-0.057,-0.921,1.587,-37.109,7.568,-176.512,50.933,152.089
-0.615,-0.062,-0.999,-1.892,3.479,15.808,-176.699,51.669,151.765
-0.414,0.108,-1.209,-9.094,-23.682,28.748,-177.704,51.735,150.573
-1.275,-0.097,-1.275,-8.972,12.695,3.174,-177.88,53.234,150.628
-0.353,0.243,-1.045,-22.583,40.405,39.734,-179.863,51.108,149.464
-0.352,0.136,-0.885,-1.099,-1.465,4.211,179.182,50.213,148.678
-0.447,0.072,-0.78,0.671,-9.766,-3.662,179.121,50.565,148.975
-0.507,0.053,-0.763,-0.732,0.183,6.653,179.05,50.9,149.288
-0.429,0.116,-0.748,-0.549,11.169,21.362,178.577,50.559,148.903
-0.469,0.212,-0.798,1.526,7.874,30.579,177.797,50.131,147.865
-0.428,0.182,-0.816,13.489,23.315,17.456,177.451,49.351,147.019
-0.322,0.139,-0.807,17.029,18.799,12.451,177.753,48.257,146.816
-0.31,0.084,-0.767,18.127,-5.859,14.526,178.248,47.867,146.508
-0.505,0.098,-0.774,20.752,0.427,10.376,178.693,48.17,146.036
-0.408,0.063,-0.788,21.362,10.681,8.423,179.484,47.851,146.047
-0.359,0.017,-0.812,23.315,13.062,3.662,-179.648,47.384,146.146
-0.233,-0.017,-0.841,20.752,-3.113,-0.305,-178.671,47.054,146.382
-0.564,-0.058,-0.998,15.015,-16.602,-1.038,-177.775,47.917,146.651
-0.44,-0.084,-0.923,13.55,7.324,-2.075,-177.045,48.06,147.03
-0.64,-0.056,-1.167,13.184,-2.197,-8.789,-176.347,47.889,147.524
-0.424,-0.138,-1.097,1.526,47.058,-4.028,-175.715,46.538,148.403
-0.106,-0.056,-1.027,3.174,39.246,-0.671,-175.605,44.324,148.629
-0.162,-0.061,-0.946,2.808,1.16,9.399,-175.391,43.336,148.348
-0.322,-0.056,-0.922,5.31,-1.343,2.808,-175.281,43.352,147.849
-0.344,-0.083,-0.941,4.7,8.24,-0.61,-174.974,43.11,147.849
-0.214,-0.121,-0.929,3.052,15.198,-2.258,-174.716,42.407,147.991
-0.229,-0.123,-0.96,-1.099,-1.831,1.16,-174.584,41.968,148.035
-0.18,-0.122,-0.851,-9.155,-0.244,6.958,-174.76,41.962,147.717
-0.269,-0.047,-0.875,-9.399,-8.057,-7.69,-175.166,42.122,147.607
-0.271,-0.075,-0.877,-5.31,3.113,-9.583,-175.259,42.16,148.145
-0.128,-0.098,-0.804,-3.174,-0.122,-11.841,-175.243,41.885,148.694
-0.276,-0.118,-0.818,-6.592,-14.771,-8.484,-175.161,42.281,149.288
-0.243,-0.087,-0.763,-7.019,-4.761,-6.348,-175.331,42.616,149.678
-0.274,-0.104,-0.776,-9.766,-10.193,-0.366,-175.49,42.957,150.04
-0.192,-0.047,-0.7,-11.963,-13.489,10.559,-176.039,43.478,149.897
-0.4,0.012,-0.937,-11.963,-17.334,14.404,-176.721,44.319,149.485
-0.497,0.028,-1.02,-4.7,-2.014,13.245,-177.325,44.918,149.222
-0.252,0.1,-1.109,-10.437,-8.179,23.621,-178.028,44.967,148.744
-0.934,0.041,-1.26,0.305,11.292,-0.366,-178.347,46.0,148.854
-0.157,0.199,-1.119,-5.981,29.541,21.484,-179.121,44.083,148.744
-0.46,0.15,-1.111,15.991,13.55,25.574,-179.335,43.286,148.151
-0.319,0.059,-1.028,32.471,29.785,55.908,-178.929,42.083,146.629
-0.206,-0.038,-0.866,52.734,13.0,92.163,-178.0,40.875,143.218
-0.302,-0.03,-0.812,50.232,0.793,119.507,-177.045,40.743,138.12
-0.242,-0.071,-0.813,48.157,10.559,116.089,-176.309,40.556,132.314
-0.145,-0.026,-0.846,37.537,11.658,87.952,-175.682,40.139,127.266
-0.123,-0.055,-0.869,15.381,4.211,58.289,-175.314,39.842,123.602
-0.132,0.059,-0.863,-1.465,-5.981,33.264,-175.693,39.831,121.234
-0.185,0.042,-0.784,-13.977,-19.104,5.554,-176.342,40.501,120.46
-0.323,0.125,-0.86,-19.287,-16.357,-9.338,-177.319,41.276,120.641
-0.218,0.047,-0.899,-31.677,2.319,-42.664,-178.253,41.418,122.239
-0.219,0.113,-0.877,-58.655,-15.93,-73.486,-179.72,41.83,125.854
-0.546,0.241,-1.042,-46.753,-21.362,-70.496,178.583,42.957,129.644
-0.409,0.146,-1.037,-22.644,23.987,-92.651,178.253,43.149,134.44
-0.266,-0.02,-0.962,-3.235,-3.845,-88.318,179.275,42.88,139.818
-0.458,-0.041,-1.121,-1.282,20.996,-47.119,-179.885,42.682,143.289
-0.104,-0.089,-1.082,3.906,36.377,-39.368,-178.907,40.93,145.959
-0.062,-0.105,-0.976,1.038,1.709,-31.189,-178.231,39.919,147.766
-0.22,-0.107,-0.85,-0.244,-13.428,-32.227,-177.676,40.144,149.337
-0.279,-0.134,-0.829,-1.343,-7.812,-28.992,-177.116,40.644,150.941
-0.233,-0.115,-0.897,-5.432,0.61,-21.79,-176.781,40.715,152.331
-0.153,-0.162,-0.886,-8.972,2.441,-22.339,-176.528,40.556,153.671
-0.079,-0.069,-0.81,-18.005,-2.93,-11.963,-176.841,40.331,154.506
-0.241,-0.042,-0.821,-18.372,-24.719,-13.123,-177.347,40.913,155.176
-0.362,0.015,-0.812,-16.113,-15.015,-9.644,-177.935,41.825,155.836
-0.26,-0.0,-0.785,-9.399,-17.822,-8.24,-178.242,42.523,156.632
-0.342,0.059,-0.894,-4.822,-19.165,-0.427,-178.517,43.473,157.099
-0.539,0.001,-1.081,3.845,-14.771,-1.038,-178.396,44.462,157.571
-0.323,0.013,-1.024,-5.127,2.563,15.137,-178.599,44.61,157.604
-0.399,0.133,-1.089,-6.104,-15.32,14.648,-179.319,44.901,157.006
-0.521,0.086,-1.072,-5.981,8.972,5.676,-179.72,45.115,156.962
-0.264,0.155,-1.014,-7.812,11.963,4.883,179.709,44.368,157.011
-0.355,0.094,-0.96,-1.221,-0.244,-5.127,179.473,44.236,157.379
-0.43,0.092,-0.948,-3.174,0.0,-0.366,179.324,44.264,157.808
-0.369,0.109,-0.903,-1.343,11.597,2.93,179.077,43.995,158.049
-0.312,0.095,-0.883,2.136,5.432,-0.916,179.006,43.583,158.329
-0.288,0.083,-0.832,4.089,5.31,-4.883,179.154,43.369,158.862
-0.303,0.067,-0.83,7.141,3.723,0.549,179.407,43.209,159.28
-0.281,0.088,-0.847,5.859,6.592,9.766,179.555,42.99,159.28
-0.299,0.095,-0.862,8.85,-2.197,10.01,179.648,42.852,158.95
-0.298,0.099,-0.814,8.667,-2.991,12.146,179.802,43.0,158.604
-0.326,0.06,-0.832,15.625,-6.775,4.028,-179.813,43.22,158.428
-0.346,0.058,-0.83,11.719,-0.854,11.78,-179.363,43.478,158.291
-0.331,0.029,-0.834,18.433,-4.578,7.446,-178.83,43.66,158.044
-0.347,-0.006,-0.875,18.738,-9.644,4.089,-178.116,44.017,157.972
-0.57,-0.049,-1.041,13.123,-4.272,10.193,-177.44,44.511,157.939
-0.325,-0.053,-0.965,14.282,23.865,9.949,-177.061,43.989,157.604
-0.107,-0.121,-1.086,9.216,12.878,-2.502,-176.385,42.979,157.698
-0.424,-0.137,-1.109,-4.272,0.854,-2.991,-176.193,43.182,157.896
-0.144,0.001,-1.062,-7.935,6.897,4.272,-176.567,42.457,157.769
-0.284,0.013,-1.025,-2.93,-11.23,16.907,-176.929,42.567,157.094
-0.297,0.014,-0.958,3.662,-4.028,12.207,-177.177,42.808,156.121
-0.348,-0.013,-0.899,2.93,-9.155,6.47,-177.116,43.099,155.638
-0.375,-0.067,-0.833,4.761,-2.014,-4.517,-176.924,43.358,155.599
-0.388,-0.083,-0.827,-1.526,7.629,-7.446,-176.66,43.297,156.105
-0.276,-0.078,-0.814,-3.723,15.015,-4.333,-176.622,42.781,156.566
-0.218,-0.015,-0.826,-3.174,8.85,-0.977,-176.737,42.22,156.764
-0.172,-0.079,-0.801,1.892,5.371,-11.841,-176.561,41.88,157.094
-0.256,-0.066,-0.894,-0.183,4.272,-11.353,-176.303,41.655,157.632
-0.178,-0.163,-0.811,3.235,-13.794,-21.118,-175.781,41.776,158.45
-0.399,-0.121,-0.869,-13.916,-11.536,2.136,-175.759,42.561,158.884
-0.255,0.038,-0.959,-17.273,0.671,18.738,-176.759,42.534,158.038
-0.217,0.128,-1.047,-9.155,-13.489,6.348,-177.512,42.825,157.44
-0.428,0.105,-1.093,-3.357,-22.156,10.864,-177.863,43.846,157.033
-0.274,0.165,-0.917,6.226,-18.616,16.785,-178.27,44.583,156.105
-0.743,0.103,-1.128,12.512,-27.405,6.836,-178.044,46.011,155.583
-0.403,0.067,-0.997,9.46,34.363,11.719,-177.847,45.385,155.391
-0.184,0.046,-0.937,6.104,10.559,13.733,-177.836,44.203,154.896
-0.308,0.074,-0.922,0.061,7.263,13.794,-178.05,43.94,154.27
-0.285,0.069,-0.888,6.836,0.122,8.423,-178.193,43.698,153.726
-0.291,0.043,-0.871,4.089,3.296,19.958,-178.209,43.638,153.067
-0.31,0.074,-0.945,3.906,-1.404,29.419,-178.572,43.467,151.699
-0.354,0.119,-1.0,4.028,7.629,33.875,-179.039,43.303,150.046
-0.331,0.063,-1.059,8.545,8.545,24.17,-179.269,42.869,148.513
-0.168,0.001,-0.956,10.132,18.677,13.184,-179.143,42.105,147.607
-0.156,-0.067,-0.888,8.606,-5.432,8.423,-178.813,41.792,146.942
-0.261,-0.028,-0.9,3.418,-1.404,10.376,-178.737,41.891,146.113
-0.286,-0.019,-0.931,3.235,1.16,10.925,-178.671,41.792,145.322
-0.258,-0.009,-0.951,4.517,7.69,12.329,-178.594,41.451,144.432
-0.234,-0.036,-0.959,7.324,8.301,6.714,-178.341,41.017,143.729
-0.188,-0.049,-0.962,3.845,7.812,5.981,-178.138,40.529,143.042
-0.196,-0.052,-0.95,1.892,-2.991,2.136,-177.979,40.342,142.498
-0.252,-0.025,-0.945,0.977,-0.122,6.775,-177.924,40.353,141.883
-0.246,-0.014,-0.944,1.221,-5.981,11.475,-177.924,40.391,141.015
-0.289,-0.0,-0.953,2.136,-1.648,11.23,-177.962,40.545,140.098
-0.258,0.004,-0.939,2.808,-1.709,7.324,-177.929,40.562,139.389
-0.273,-0.002,-0.93,3.296,-0.793,6.592,-177.836,40.611,138.829
-0.282,-0.008,-0.933,4.639,-0.732,4.272,-177.726,40.622,138.29
-0.261,-0.005,-0.934,2.136,0.671,5.859,-177.594,40.589,137.851
-0.283,-0.008,-0.933,5.676,-1.099,4.456,-177.457,40.605,137.373
-0.283,-0.005,-0.931,5.371,3.845,5.615,-177.27,40.562,136.901
-0.25,-0.036,-0.937,5.737,1.709,3.723,-177.028,40.408,136.428
-0.275,-0.032,-0.946,4.822,1.587,4.15,-176.803,40.358,136.0
-0.266,-0.036,-0.946,5.737,1.831,3.357,-176.567,40.248,135.566
-0.263,-0.038,-0.953,4.944,1.526,4.089,-176.331,40.193,135.132
-0.255,-0.041,-0.931,5.127,-1.404,3.479,-176.105,40.182,134.676
-0.299,-0.047,-0.935,3.784,0.0,2.869,-175.908,40.248,134.242
-0.268,-0.035,-0.93,3.296,0.977,3.235,-175.765,40.188,133.852
-0.301,-0.045,-0.941,2.625,1.953,3.052,-175.627,40.188,133.484
-0.239,-0.039,-0.934,2.747,1.038,3.906,-175.54,40.051,133.05
-0.302,-0.046,-0.939,0.854,0.61,5.249,-175.463,40.106,132.605
-0.247,-0.018,-0.923,2.563,-0.366,6.348,-175.496,40.062,132.067
-0.313,-0.025,-0.944,3.113,1.648,9.216,-175.435,40.139,131.534
-0.241,-0.028,-0.934,5.92,0.488,12.268,-175.375,40.062,130.798
-0.299,-0.038,-0.946,4.211,-0.305,14.221,-175.292,40.172,129.974
-0.245,-0.04,-0.933,4.7,-1.587,14.038,-175.281,40.204,129.062
-0.326,-0.025,-0.941,2.93,-4.028,14.954,-175.314,40.474,128.134
-0.266,-0.017,-0.92,4.7,1.709,15.503,-175.347,40.512,127.183
-0.306,-0.035,-0.933,8.24,-2.075,15.32,-175.232,40.633,126.222
-0.277,-0.041,-0.928,5.737,2.197,17.029,-175.15,40.638,125.189
-0.292,-0.051,-0.938,7.446,0.183,16.235,-175.045,40.66,124.135
-0.256,-0.038,-0.938,5.127,3.601,18.188,-175.023,40.583,122.975
-0.26,-0.037,-0.937,8.118,-3.296,17.456,-174.941,40.655,121.805
-0.286,-0.037,-0.943,8.362,-1.282,21.606,-174.814,40.831,120.526
-0.273,-0.012,-0.932,13.733,-2.625,23.56,-174.589,40.957,119.136
-0.275,-0.022,-0.943,23.621,-2.93,35.217,-174.144,41.193,117.29
-0.288,-0.082,-0.932,24.719,-8.179,31.738,-173.441,41.572,115.351
-0.316,-0.131,-0.916,20.569,-7.568,31.128,-172.787,42.078,113.417
-0.342,-0.123,-0.908,13.733,-6.348,29.968,-172.436,42.55,111.445
-0.343,-0.121,-0.913,5.371,0.183,28.87,-172.392,42.841,109.473
-0.332,-0.096,-0.918,3.662,1.038,23.987,-172.573,42.918,107.589
-0.322,-0.082,-0.92,0.671,4.578,21.667,-172.798,42.902,105.903
-0.311,-0.064,-0.919,1.282,0.793,24.536,-173.101,42.852,104.189
