-0.304,0.074,-0.926,2.625,1.16,2.136,178.281,42.451,66.105
-0.319,0.072,-0.933,1.709,2.197,2.075,178.319,42.402,65.786
-0.282,0.075,-0.925,0.61,0.305,0.305,178.336,42.33,65.533
-0.307,0.072,-0.926,1.16,-0.732,0.854,178.363,42.374,65.319
-0.316,0.067,-0.926,1.526,-0.854,0.61,178.407,42.418,65.099
-0.31,0.055,-0.926,-0.854,1.892,0.122,178.423,42.396,64.907
-0.312,0.072,-0.923,-0.732,-0.122,0.244,178.363,42.385,64.698
-0.302,0.068,-0.926,-0.061,1.038,-0.061,178.341,42.352,64.528
-0.311,0.076,-0.93,-1.709,-0.488,1.892,178.292,42.352,64.308
-0.301,0.072,-0.922,-1.465,1.587,0.916,178.215,42.325,64.067
-0.29,0.077,-0.922,-0.977,-1.038,-0.549,178.138,42.297,63.896
-0.323,0.08,-0.935,-1.099,-0.671,-0.671,178.099,42.363,63.787
-0.317,0.082,-0.925,0.122,0.366,0.427,178.077,42.391,63.66
-0.306,0.078,-0.915,0.549,0.732,0.122,178.072,42.369,63.495
-0.325,0.086,-0.923,1.526,1.953,-1.77,178.116,42.33,63.419
-0.287,0.068,-0.936,2.014,6.836,-3.967,178.248,42.127,63.435
-0.272,0.071,-0.934,2.441,1.77,-4.944,178.412,41.968,63.556
-0.284,0.058,-0.926,1.953,1.465,-4.517,178.583,41.913,63.666
-0.285,0.052,-0.933,2.686,1.587,-7.019,178.786,41.841,63.847
-0.301,0.048,-0.937,1.343,1.77,-5.31,178.973,41.786,64.017
-0.282,0.042,-0.935,0.732,1.709,-4.456,179.116,41.704,64.122
-0.288,0.041,-0.931,0.183,0.793,-3.418,179.198,41.66,64.171
-0.275,0.041,-0.934,0.244,1.648,-3.113,179.258,41.594,64.182
-0.293,0.042,-0.941,-0.488,1.587,-1.16,179.286,41.567,64.149
-0.264,0.031,-0.926,-2.197,1.038,-1.221,179.269,41.484,64.1
-0.287,0.042,-0.932,-3.174,0.244,-1.709,179.176,41.457,64.056
-0.294,0.056,-0.925,-3.174,1.648,-0.977,179.055,41.424,64.006
-0.278,0.067,-0.932,-2.869,1.831,1.221,178.923,41.32,63.891
-0.301,0.073,-0.93,-2.075,1.526,3.418,178.781,41.265,63.693
-0.282,0.08,-0.928,-0.488,2.441,3.357,178.654,41.138,63.435
-0.299,0.068,-0.938,-1.404,3.418,4.639,178.561,41.006,63.177
-0.256,0.073,-0.941,-2.197,3.357,5.737,178.391,40.798,62.825
-0.268,0.077,-0.939,-1.465,0.305,6.287,178.215,40.721,62.474
-0.261,0.082,-0.936,-1.526,-1.709,8.972,178.028,40.715,62.04
-0.278,0.079,-0.938,0.183,-1.953,11.23,177.852,40.776,61.469
-0.282,0.085,-0.93,-1.099,-2.747,11.597,177.638,40.853,60.809
-0.29,0.089,-0.939,-1.465,-1.526,8.179,177.44,40.902,60.287
-0.274,0.082,-0.927,-2.441,-2.441,7.812,177.259,40.946,59.848
-0.271,0.09,-0.933,-1.343,-0.671,8.911,177.045,40.99,59.348
-0.292,0.099,-0.938,-1.282,-4.089,11.169,176.83,41.089,58.766
-0.279,0.084,-0.937,-0.305,-2.747,12.451,176.638,41.155,58.074
-0.284,0.089,-0.921,-0.549,-7.141,13.733,176.424,41.325,57.288
-0.319,0.082,-0.928,-0.732,-4.15,14.771,176.188,41.572,56.42
-0.301,0.104,-0.924,-3.418,-2.502,14.648,175.869,41.644,55.525
-0.291,0.099,-0.929,-4.7,-2.991,13.489,175.54,41.704,54.717
-0.296,0.113,-0.923,-4.761,-2.075,14.648,175.111,41.759,53.849
-0.298,0.143,-0.916,-5.371,-5.493,15.991,174.617,41.841,52.927
-0.323,0.154,-0.912,-3.357,-3.54,18.311,174.15,41.979,51.921
-0.317,0.157,-0.913,-0.793,-4.883,21.24,173.749,42.039,50.762
-0.327,0.148,-0.899,0.732,-3.967,22.522,173.403,42.116,49.477
-0.325,0.152,-0.906,1.343,-1.953,22.705,173.09,42.122,48.17
-0.318,0.148,-0.915,2.625,-3.418,23.499,172.837,42.105,46.824
-0.308,0.154,-0.919,4.395,-1.953,24.17,172.639,42.083,45.406
-0.291,0.142,-0.926,5.371,-4.028,18.921,172.557,42.072,44.176
-0.287,0.136,-0.912,3.784,-10.864,17.395,172.502,42.308,43.094
-0.345,0.157,-0.916,4.333,-11.475,18.86,172.397,42.742,41.946
-0.371,0.166,-0.932,6.226,-13.245,19.409,172.348,43.187,40.732
-0.342,0.158,-0.905,7.935,-9.46,18.433,172.392,43.577,39.474
-0.33,0.155,-0.897,7.812,-11.963,16.724,172.447,44.006,38.249
-0.335,0.173,-0.875,8.606,-17.212,14.099,172.502,44.594,37.123
-0.378,0.143,-0.863,12.512,-16.541,11.292,172.733,45.352,36.129
-0.317,0.088,-0.839,12.634,-12.146,10.254,173.139,45.934,35.272
-0.375,0.114,-0.862,7.08,-13.184,15.564,173.348,46.489,34.294
-0.427,0.173,-0.924,4.517,3.052,19.287,173.309,46.631,33.179
-0.267,0.214,-0.885,6.47,5.737,27.039,173.117,46.082,31.822
-0.349,0.229,-0.856,13.367,-12.024,29.663,172.996,46.055,30.212
-0.517,0.221,-0.91,14.587,-5.249,38.452,172.936,46.285,28.202
-0.39,0.224,-0.917,16.724,11.902,50.049,172.76,45.654,25.62
-0.295,0.237,-0.928,19.409,6.348,49.927,172.612,44.824,22.775
-0.281,0.202,-0.898,19.531,-3.845,44.678,172.683,44.412,20.297
-0.341,0.17,-0.872,18.921,-8.972,45.898,172.722,44.374,17.765
-0.386,0.214,-0.902,15.259,-8.118,51.88,172.551,44.407,14.98
-0.452,0.21,-0.91,20.508,-2.686,52.795,172.408,44.291,11.904
-0.29,0.177,-0.974,23.254,14.038,51.208,172.529,43.484,8.976
-0.174,0.112,-0.927,22.278,2.625,47.668,172.87,42.578,6.35
-0.315,0.087,-0.905,17.212,-9.827,40.344,173.139,42.523,3.999
-0.282,0.092,-0.897,10.559,2.625,38.696,173.216,42.325,1.857
-0.249,0.108,-0.93,9.949,1.953,34.729,173.21,41.885,-0.055
-0.227,0.106,-0.936,9.399,0.305,39.795,173.199,41.501,-1.972
-0.239,0.123,-0.927,10.193,-4.7,40.649,173.123,41.248,-4.07
-0.254,0.136,-0.928,10.193,-4.395,42.908,173.062,41.094,-6.218
-0.232,0.125,-0.923,10.559,-4.028,36.194,173.068,40.897,-8.245
-0.261,0.128,-0.93,12.512,-1.892,33.02,173.199,40.748,-9.987
-0.215,0.109,-0.938,12.39,0.122,28.198,173.441,40.446,-11.519
-0.227,0.102,-0.928,10.071,-3.967,26.062,173.683,40.314,-12.838
-0.242,0.119,-0.895,8.789,-6.165,26.855,173.804,40.325,-14.178
-0.274,0.164,-0.906,13.184,-4.761,26.489,173.958,40.331,-15.617
-0.312,0.118,-0.936,14.954,-5.554,25.635,174.375,40.419,-16.946
-0.336,0.09,-0.962,13.733,0.366,19.47,174.792,40.375,-18.193
-0.288,0.103,-0.95,12.207,5.005,17.7,175.155,40.133,-19.226
-0.244,0.05,-0.939,11.963,4.883,12.756,175.627,39.853,-19.99
-0.21,0.037,-0.941,8.484,2.441,15.93,176.023,39.562,-20.687
-0.261,0.057,-0.941,4.272,-3.113,15.808,176.182,39.518,-21.478
-0.288,0.063,-0.938,3.723,0.183,9.216,176.27,39.534,-22.11
-0.267,0.065,-0.952,-0.122,4.761,7.08,176.336,39.408,-22.484
-0.204,0.088,-0.949,-1.099,2.563,6.226,176.292,39.15,-22.758
-0.242,0.099,-0.932,-0.183,-4.211,6.653,176.215,39.166,-23.066
-0.279,0.108,-0.932,0.0,-2.747,3.784,176.166,39.309,-23.34
-0.266,0.118,-0.933,0.366,0.549,6.775,176.133,39.326,-23.61
-0.261,0.123,-0.933,3.601,-1.648,5.31,176.16,39.353,-23.994
-0.276,0.104,-0.931,4.7,0.0,2.625,176.309,39.391,-24.263
-0.262,0.089,-0.931,1.77,0.0,-1.099,176.468,39.402,-24.307
-0.272,0.104,-0.932,1.648,1.465,0.366,176.55,39.397,-24.34
-0.258,0.101,-0.933,4.089,3.54,-1.221,176.682,39.293,-24.395
-0.258,0.076,-0.94,2.441,3.052,-1.892,176.891,39.183,-24.318
-0.245,0.075,-0.943,1.16,3.845,-3.113,177.023,39.029,-24.197
-0.245,0.086,-0.939,1.587,2.808,0.977,177.094,38.903,-24.192
-0.221,0.082,-0.946,2.197,3.235,-2.686,177.193,38.721,-24.175
-0.255,0.08,-0.947,0.427,2.014,-0.183,177.292,38.661,-24.06
-0.206,0.088,-0.938,0.854,3.113,-2.38,177.336,38.474,-24.005
-0.234,0.088,-0.942,2.991,2.441,-2.197,177.446,38.375,-23.884
-0.243,0.062,-0.953,1.526,2.38,0.183,177.61,38.276,-23.802
-0.219,0.084,-0.94,1.16,1.892,0.244,177.654,38.123,-23.829
-0.25,0.079,-0.938,0.122,4.578,-1.16,177.715,38.018,-23.791
-0.221,0.074,-0.947,0.122,2.625,-7.874,177.748,37.837,-23.593
-0.203,0.061,-0.959,-2.136,4.456,-8.85,177.797,37.716,-23.11
-0.186,0.082,-0.974,-4.578,1.404,-2.625,177.693,37.573,-22.791
-0.181,0.093,-0.953,-1.831,-3.784,-3.601,177.589,37.617,-22.588
-0.252,0.092,-0.947,0.977,-5.188,-4.517,177.61,37.87,-22.357
-0.22,0.075,-0.936,0.793,-1.892,-0.305,177.698,37.98,-22.209
-0.257,0.075,-0.938,0.977,-4.028,-1.343,177.737,38.156,-22.192
-0.266,0.068,-0.947,0.0,0.61,-1.221,177.781,38.254,-22.121
-0.232,0.077,-0.933,-0.427,1.282,-3.174,177.759,38.205,-22.088
-0.23,0.086,-0.938,-1.099,1.831,-4.822,177.781,38.167,-21.824
-0.244,0.072,-0.948,1.831,0.0,-3.357,177.874,38.161,-21.621
-0.25,0.078,-0.942,5.127,2.93,1.526,178.033,38.123,-21.605
-0.214,0.052,-0.943,5.371,0.977,3.418,178.281,38.002,-21.769
-0.239,0.055,-0.949,2.075,0.916,2.625,178.462,37.98,-21.896
-0.217,0.061,-0.95,1.953,2.197,0.854,178.533,37.892,-22.006
-0.227,0.053,-0.957,1.526,2.93,-3.845,178.638,37.809,-21.907
-0.199,0.056,-0.954,1.099,1.526,-3.113,178.742,37.672,-21.687
-0.216,0.036,-0.954,2.014,1.404,-2.563,178.885,37.617,-21.478
-0.196,0.048,-0.96,1.648,2.441,1.343,178.973,37.485,-21.445
-0.217,0.042,-0.95,0.916,-3.357,4.028,179.039,37.529,-21.511
-0.224,0.05,-0.952,-1.221,-0.488,3.479,178.984,37.568,-21.703
-0.218,0.053,-0.945,-2.808,-0.854,0.122,178.907,37.584,-21.703
-0.233,0.075,-0.949,-1.587,0.854,1.892,178.775,37.606,-21.786
-0.209,0.072,-0.947,0.916,-0.427,-1.709,178.775,37.579,-21.742
-0.225,0.037,-0.952,-1.831,1.038,-1.648,178.802,37.573,-21.638
-0.215,0.056,-0.954,-3.662,1.16,-4.944,178.693,37.529,-21.434
-0.202,0.06,-0.944,-2.258,-0.427,-2.747,178.566,37.513,-21.248
-0.231,0.075,-0.967,-0.977,0.854,2.686,178.5,37.524,-21.204
-0.194,0.057,-0.949,-0.183,-3.296,5.981,178.462,37.485,-21.418
-0.246,0.077,-0.937,0.854,-5.249,6.348,178.396,37.689,-21.731
-0.261,0.092,-0.94,0.61,-1.099,6.47,178.336,37.853,-22.11
-0.244,0.058,-0.94,0.305,-2.075,5.249,178.336,37.919,-22.379
-0.226,0.079,-0.936,-0.244,0.183,10.681,178.198,37.925,-22.835
-0.23,0.073,-0.942,0.183,-1.953,16.479,178.044,37.952,-23.538
-0.253,0.067,-0.944,1.831,-0.488,20.996,177.863,37.969,-24.527
-0.237,0.051,-0.94,0.244,-0.732,26.917,177.649,37.881,-25.774
-0.232,0.079,-0.94,0.122,3.113,34.729,177.319,37.7,-27.334
-0.224,0.087,-0.951,4.211,-0.488,38.94,177.028,37.491,-29.257
-0.235,0.079,-0.953,5.554,-2.441,39.246,176.891,37.403,-31.168
-0.231,0.088,-0.941,6.104,-2.197,38.94,176.737,37.337,-33.168
-0.226,0.121,-0.935,7.874,-5.066,41.809,176.627,37.348,-35.184
-0.252,0.135,-0.947,17.944,-4.395,44.8,176.808,37.425,-37.386
-0.197,0.065,-0.939,28.015,-7.385,50.598,177.462,37.458,-39.88
-0.202,-0.013,-0.965,26.672,-3.357,40.894,178.319,37.557,-42.193
-0.209,-0.052,-0.994,18.738,-3.54,32.471,179.099,37.612,-43.879
-0.212,-0.032,-0.982,7.263,-8.362,32.715,179.429,37.76,-45.335
-0.203,-0.014,-0.931,-2.686,-11.414,31.86,179.291,38.117,-46.719
-0.283,0.045,-0.918,-7.263,-15.991,26.184,178.737,38.732,-48.027
-0.297,0.06,-0.925,-7.324,-10.803,18.982,178.16,39.293,-49.021
-0.317,0.069,-0.946,-8.118,-10.62,16.846,177.594,39.803,-49.839
-0.274,0.061,-0.922,-8.85,-9.766,15.137,177.034,40.204,-50.587
-0.331,0.086,-0.924,-8.301,-12.512,15.442,176.435,40.776,-51.328
-0.294,0.098,-0.898,-7.996,-10.864,14.771,175.842,41.221,-52.108
-0.339,0.097,-0.917,-4.883,-9.033,10.864,175.402,41.721,-52.718
-0.304,0.102,-0.916,-6.226,-4.15,10.376,175.001,41.979,-53.245
-0.324,0.123,-0.92,-3.418,-4.761,7.874,174.666,42.182,-53.674
-0.256,0.123,-0.897,-5.127,0.366,12.085,174.331,42.198,-54.179
-0.322,0.177,-0.918,-8.179,-10.62,12.756,173.809,42.391,-54.816
-0.374,0.24,-0.921,-7.935,4.15,19.226,173.095,42.484,-55.75
-0.23,0.233,-0.851,-4.944,0.0,10.376,172.546,42.16,-56.563
-0.388,0.302,-0.958,-5.249,1.953,13.367,171.985,42.209,-57.299
-0.285,0.321,-0.913,2.441,6.348,20.386,171.524,41.841,-58.315
-0.218,0.284,-0.886,14.099,-4.272,37.598,171.359,41.523,-59.991
-0.302,0.311,-0.875,18.372,-18.433,53.65,171.205,41.688,-62.787
-0.282,0.255,-0.886,25.513,-11.719,47.729,171.326,41.946,-65.841
-0.188,0.235,-0.878,19.958,-13.916,44.678,171.524,42.072,-68.511
-0.258,0.245,-0.85,11.536,-16.968,42.786,171.359,42.418,-71.12
-0.319,0.243,-0.92,6.104,-23.56,33.875,171.041,42.847,-73.367
-0.335,0.224,-0.936,9.644,-6.897,29.48,170.684,43.27,-75.317
-0.312,0.188,-0.965,9.094,-12.268,19.958,170.673,43.33,-76.624
-0.241,0.074,-0.905,12.573,-2.197,10.742,170.991,43.462,-77.366
-0.296,0.101,-0.901,-0.732,-24.109,12.512,171.057,43.934,-77.855
-0.515,0.157,-0.936,4.883,-13.184,11.047,170.903,44.857,-78.53
-0.375,0.125,-0.905,2.38,-0.427,4.822,171.041,44.94,-78.777
-0.342,0.11,-0.882,1.526,-7.568,2.014,171.156,45.176,-78.799
-0.359,0.1,-0.852,-0.977,-11.719,2.258,171.2,45.692,-78.788
-0.435,0.111,-0.797,-4.639,-17.395,4.822,171.041,46.45,-78.948
-0.464,0.123,-0.84,-5.432,-2.991,-0.793,170.793,46.983,-79.036
-0.39,0.097,-0.809,-4.15,-0.122,-14.16,170.788,47.203,-78.486
-0.39,0.072,-0.798,-3.418,-5.371,-15.869,171.079,47.593,-77.437
-0.364,0.057,-0.755,-0.916,0.305,-4.15,171.271,47.944,-76.8
-0.366,0.043,-0.692,-9.705,-12.939,-5.859,171.31,48.29,-76.36
-0.44,0.129,-0.656,-15.503,-14.343,-0.427,170.815,49.153,-76.102
-0.525,0.152,-0.709,-11.292,-8.85,-5.188,170.195,49.955,-76.036
-0.41,0.112,-0.819,-11.23,4.456,-8.545,170.024,50.153,-75.471
-0.521,0.144,-0.942,-8.423,-10.193,-6.348,169.794,50.609,-75.042
-0.672,0.303,-1.091,-13.611,-12.939,-1.831,169.244,51.411,-74.949
-0.615,0.318,-1.07,-6.775,26.672,-3.845,168.931,51.235,-74.685
-0.302,0.399,-1.076,-15.381,41.748,5.737,168.47,49.345,-74.355
-0.166,0.455,-1.04,-11.841,10.681,0.488,167.761,47.944,-74.333
-0.397,0.375,-0.948,-7.08,-4.578,-21.912,167.492,48.159,-73.883
-0.33,0.335,-0.813,-8.606,7.568,-23.682,167.366,48.153,-72.878
-0.379,0.332,-0.802,-5.615,1.526,-26.367,167.382,48.274,-71.801
-0.225,0.249,-0.752,-2.502,7.996,-24.109,167.651,48.104,-70.681
-0.336,0.304,-0.783,1.465,5.493,-13.062,167.75,48.087,-69.939
-0.206,0.247,-0.754,0.916,-1.953,-2.38,167.921,47.791,-69.703
-0.326,0.282,-0.728,0.366,-13.916,6.104,167.668,48.192,-70.181
-0.341,0.319,-0.71,0.427,-19.409,15.625,167.13,48.686,-71.323
-0.42,0.346,-0.736,4.028,-17.09,8.606,166.597,49.367,-72.642
-0.348,0.285,-0.687,5.676,-18.677,1.343,166.459,50.092,-73.466
-0.472,0.285,-0.78,1.404,-28.564,2.502,166.229,51.196,-74.257
-0.757,0.314,-0.997,0.793,-24.536,7.751,165.8,52.443,-75.201
-0.656,0.217,-1.014,9.705,4.883,2.747,165.767,52.938,-75.855
-0.514,0.126,-1.026,1.77,2.686,-4.272,166.322,52.559,-75.487
-0.64,0.228,-1.112,3.906,24.17,4.211,166.426,52.097,-75.339
-0.304,0.14,-1.104,5.371,37.476,-2.93,167.157,50.378,-74.564
-0.156,0.154,-0.923,-2.502,-2.441,3.174,167.41,49.57,-74.075
-0.294,0.165,-0.743,4.395,-21.912,2.686,167.437,50.191,-74.202
-0.469,0.197,-0.737,6.409,-31.494,5.005,167.607,51.323,-74.515
-0.457,0.092,-0.752,18.616,-8.728,-4.639,168.283,52.185,-74.707
-0.543,0.103,-0.826,11.353,-15.808,-15.991,169.316,52.872,-74.004
-0.472,-0.021,-0.782,12.939,6.958,-23.865,170.689,53.306,-72.713
-0.439,0.068,-0.76,-4.517,-6.47,-7.568,171.513,53.399,-71.461
-0.48,0.111,-0.708,2.38,-0.732,-5.432,171.672,53.74,-71.087
-0.439,0.059,-0.657,4.761,-2.38,-21.362,172.37,53.948,-70.197
-0.493,0.017,-0.692,0.732,-0.305,-27.649,173.304,54.371,-68.703
-0.372,-0.041,-0.646,-10.01,2.38,-27.832,174.106,54.558,-66.901
-0.25,-0.019,-0.55,-23.56,-19.714,-23.01,174.194,55.102,-65.248
-0.754,0.193,-0.763,-24.414,-53.711,-19.043,173.485,57.343,-64.204
-1.011,0.277,-0.967,-0.916,1.892,-13.489,173.403,58.903,-63.528
-0.718,0.297,-1.072,-1.465,17.395,3.723,173.65,57.997,-63.204
-0.574,0.191,-1.135,10.376,30.457,5.493,173.897,56.854,-63.463
-0.395,0.208,-1.051,-0.244,3.418,13.184,173.727,55.937,-64.006
-0.548,0.189,-0.87,-4.578,-14.038,7.996,173.188,56.272,-64.693
-0.545,0.22,-0.765,-8.972,-5.432,6.165,172.485,56.552,-65.204
-0.555,0.249,-0.751,-4.639,-3.479,4.883,171.848,56.722,-65.698
-0.471,0.226,-0.686,1.221,0.61,6.226,171.469,56.728,-66.237
-0.415,0.225,-0.65,1.343,-6.775,15.503,171.03,56.7,-67.154
-0.451,0.22,-0.636,0.671,-8.972,18.127,170.349,57.036,-68.467
-0.484,0.296,-0.66,0.732,-15.076,23.56,169.442,57.299,-70.06
-0.501,0.268,-0.676,7.751,-6.653,23.376,168.613,57.673,-71.927
-0.46,0.272,-0.692,6.897,-12.146,19.897,168.036,57.827,-73.564
-0.407,0.206,-0.728,5.92,-11.841,16.235,167.52,58.156,-75.075
-0.446,0.284,-0.956,-7.507,-26.733,18.738,166.679,58.629,-76.399
-0.735,0.358,-0.913,-1.953,-43.823,4.578,165.339,60.227,-77.992
-0.628,0.167,-0.772,-2.502,-34.485,-18.799,165.19,61.952,-78.085
-1.139,0.242,-0.859,-4.761,-46.387,-18.127,164.927,64.649,-77.888
-0.921,0.144,-0.805,1.77,25.757,-16.907,165.817,64.924,-76.641
-0.612,0.131,-0.736,-1.892,20.752,-2.075,166.558,63.918,-75.52
-0.574,0.164,-0.706,-4.089,8.301,1.282,166.52,63.479,-75.284
-0.571,0.191,-0.68,-3.174,7.812,-0.488,166.514,63.122,-75.009
-0.599,0.131,-0.705,1.526,9.705,-6.47,166.794,62.864,-74.542
-0.576,0.101,-0.723,1.892,9.46,-13.428,167.525,62.529,-73.548
-0.609,0.05,-0.739,0.916,11.108,-17.883,168.393,62.369,-72.274
-0.577,0.043,-0.742,-6.897,8.423,-10.254,169.233,61.985,-70.812
-0.604,0.09,-0.707,-4.517,7.507,-2.747,169.288,61.826,-70.192
-0.552,0.073,-0.709,-4.822,8.728,-0.427,169.514,61.403,-69.604
-0.514,0.11,-0.64,-4.883,6.653,6.348,169.228,61.177,-69.582
-0.45,0.072,-0.583,-9.277,-2.197,-0.671,169.052,60.969,-69.445
-0.532,0.077,-0.555,-14.099,-7.446,-4.883,168.651,61.458,-69.153
-0.543,0.085,-0.544,-22.217,-7.69,-6.836,168.085,61.957,-68.676
-0.487,0.093,-0.548,-24.963,-3.967,-10.437,167.393,62.468,-68.005
-0.665,0.252,-0.7,-30.029,-18.188,-0.854,166.174,63.199,-67.725
-0.82,0.424,-0.925,-21.24,-4.578,3.235,164.866,63.847,-67.912
-1.064,0.62,-1.048,-11.108,-21.973,24.414,163.488,64.067,-69.0
-0.77,0.534,-1.004,16.968,45.105,32.104,162.801,62.704,-70.653
-0.363,0.515,-0.949,30.579,20.142,13.245,163.378,60.688,-71.526
-0.448,0.265,-0.769,32.898,-14.526,-7.812,164.91,60.694,-71.724
-0.643,0.17,-0.733,12.756,-7.751,-14.954,166.042,61.326,-71.4
-0.62,0.275,-0.709,-2.441,3.418,-20.935,166.734,61.512,-70.247
-0.575,0.301,-0.702,5.615,12.512,-9.583,167.305,61.177,-69.307
-0.531,0.285,-0.672,11.108,7.568,-1.77,167.849,60.82,-68.994
-0.452,0.272,-0.626,17.822,4.456,6.042,168.294,60.474,-69.307
-0.374,0.182,-0.519,19.104,-4.517,3.662,168.838,60.447,-69.851
-0.506,0.239,-0.58,12.268,-15.015,9.583,169.047,60.831,-70.609
-0.549,0.248,-0.599,18.127,-0.061,3.235,169.228,61.221,-71.384
-0.485,0.248,-0.636,21.973,1.587,0.122,169.876,61.161,-71.746
-0.535,0.197,-0.687,18.494,-9.155,-10.925,170.788,61.425,-71.719
-0.89,0.193,-0.89,12.024,-16.846,-13.306,171.733,62.199,-71.175
-0.714,0.064,-0.837,6.592,9.033,-18.066,172.606,62.479,-70.302
-0.889,0.114,-0.95,1.038,-3.54,-25.879,173.535,62.573,-68.763
-0.696,-0.062,-0.988,16.235,38.879,-34.485,175.556,61.705,-66.379
-0.533,-0.169,-1.072,2.991,18.677,-16.113,177.215,60.436,-64.319
-0.551,-0.034,-0.917,-7.935,4.395,5.554,177.204,59.98,-63.748
-0.53,-0.002,-0.763,-7.69,5.005,7.751,176.83,59.689,-63.721
-0.62,0.083,-0.7,-3.784,10.864,7.019,176.451,59.288,-63.759
-0.579,0.042,-0.67,5.066,33.325,2.258,176.627,58.145,-63.622
-0.484,-0.059,-0.721,10.681,55.481,-7.019,177.457,55.97,-62.968
-0.437,-0.135,-0.833,5.249,45.715,-24.17,178.583,53.575,-61.65
-0.268,-0.21,-0.763,-8.301,31.982,-31.921,179.599,51.927,-59.442
-0.284,-0.079,-0.765,-20.081,10.681,-5.798,179.681,50.982,-57.772
-0.338,-0.003,-0.734,-13.55,7.812,2.625,179.094,50.669,-57.299
-0.118,-0.079,-0.666,-13.977,8.24,6.592,178.709,50.043,-57.003
-0.149,0.0,-0.669,-27.283,-33.264,6.897,177.748,50.433,-56.926
-0.568,0.181,-0.977,-21.851,-58.594,1.404,176.528,52.592,-56.821
-0.804,0.243,-1.1,-6.592,-26.306,13.062,175.655,54.717,-57.211
-0.861,0.39,-1.208,4.272,-2.319,31.738,174.639,55.289,-58.815
-0.56,0.334,-1.176,18.127,20.386,43.762,174.073,54.135,-61.084
-0.372,0.244,-1.098,21.79,10.62,38.025,173.947,53.102,-63.276
-0.312,0.141,-0.93,12.756,-13.55,21.118,173.848,52.861,-64.924
-0.499,0.104,-0.824,-1.831,-21.851,-8.118,173.842,53.729,-65.094
-0.545,0.195,-0.749,-11.414,-18.311,-2.625,173.408,54.651,-64.814
-0.582,0.197,-0.722,-8.667,-9.216,0.0,172.837,55.311,-64.891
-0.567,0.248,-0.733,-6.531,3.479,5.066,172.244,55.459,-65.127
-0.461,0.269,-0.708,-3.479,13.367,7.019,171.689,55.031,-65.566
-0.383,0.258,-0.683,4.883,6.836,1.099,171.486,54.575,-65.874
-0.333,0.217,-0.654,5.859,3.418,4.395,171.524,54.36,-66.187
-0.346,0.252,-0.706,9.338,12.817,8.179,171.464,54.014,-66.725
-0.145,0.179,-0.675,7.935,11.658,12.268,171.562,53.08,-67.297
-0.211,0.231,-0.662,2.258,-28.992,13.855,171.118,53.113,-68.297
-0.447,0.179,-0.693,1.953,-38.391,3.967,170.601,54.602,-69.296
-0.886,0.241,-0.906,-3.052,-36.011,7.446,170.008,56.277,-70.054
-0.764,0.141,-0.955,3.54,4.15,3.479,169.706,56.893,-70.637
-0.753,0.146,-0.985,-3.418,-13.672,-6.348,169.871,56.942,-70.329
-0.808,0.102,-1.058,7.996,19.47,-12.329,170.414,57.129,-69.626
-0.461,0.026,-0.925,5.798,32.166,-5.798,171.392,55.854,-68.511
-0.425,0.111,-0.912,-0.732,0.977,7.263,171.53,55.195,-68.297
-0.458,0.092,-0.867,6.47,2.686,10.437,171.694,55.025,-68.489
-0.499,0.125,-0.815,6.714,-13.062,12.573,171.667,55.234,-69.055
-0.391,-0.014,-0.652,7.263,-12.634,-2.747,172.057,55.761,-69.131
-0.609,0.041,-0.72,2.319,-20.447,-13.428,172.507,56.843,-68.511
-0.517,-0.057,-0.668,5.066,0.732,-15.686,173.414,57.42,-67.429
-0.524,-0.037,-0.698,0.244,0.549,-7.324,174.166,57.59,-66.385
-0.443,-0.049,-0.718,0.0,10.071,0.0,174.611,57.365,-65.797
-0.307,-0.037,-0.682,-3.662,8.179,6.165,174.732,56.964,-65.539
-0.136,-0.04,-0.571,-18.677,-21.729,7.69,174.287,57.047,-65.539
-0.662,0.194,-0.745,-31.372,-76.66,1.892,172.925,59.315,-65.715
-0.975,0.338,-0.882,-4.15,-20.081,-1.099,171.661,62.271,-66.171
-1.017,0.506,-0.969,4.272,-13.184,17.395,171.167,62.529,-66.863
-0.859,0.239,-1.068,22.278,36.56,11.719,171.573,61.633,-67.791
-0.547,0.186,-1.042,6.042,30.64,3.662,172.057,59.897,-67.901
-0.486,0.168,-0.88,-10.071,2.625,-3.601,171.942,59.178,-67.725
-0.565,0.241,-0.778,-12.634,-2.197,-4.761,171.409,59.282,-67.451
-0.502,0.298,-0.666,-1.038,-4.15,7.446,170.843,59.376,-67.736
-0.48,0.231,-0.612,12.268,-4.639,18.86,170.535,59.453,-68.884
-0.467,0.2,-0.608,11.658,-4.15,23.621,170.173,59.381,-70.494
-0.46,0.229,-0.634,9.827,-0.244,26.123,169.64,59.282,-72.213
-0.491,0.275,-0.644,7.629,-2.014,25.757,168.953,59.084,-74.015
-0.432,0.27,-0.614,8.24,2.075,18.494,168.404,58.738,-75.569
-0.566,0.264,-0.675,4.272,3.723,-0.305,168.212,58.601,-76.344
-0.462,0.223,-0.685,6.531,22.766,-11.536,168.624,58.041,-75.948
-0.575,0.242,-0.934,1.038,1.526,-6.653,169.063,57.437,-75.344
-0.695,0.18,-0.987,5.127,1.038,-11.841,169.327,57.634,-75.042
-0.778,0.13,-1.069,-0.122,-2.136,-17.639,169.975,57.678,-74.103
-0.835,0.118,-1.055,1.465,24.597,-15.198,170.563,57.783,-73.004
-0.431,0.075,-0.949,2.563,39.795,-5.676,171.321,56.074,-71.845
-0.317,0.056,-0.859,-3.845,4.15,0.854,171.53,55.168,-71.406
-0.457,0.154,-0.737,-9.399,-13.733,7.812,171.107,55.541,-71.505
-0.534,0.188,-0.696,2.625,-7.141,11.169,170.667,55.871,-72.12
-0.508,0.12,-0.743,15.381,2.747,2.93,171.046,55.849,-72.422
-0.515,0.039,-0.819,16.785,5.188,-0.549,172.04,55.624,-72.224
-0.554,0.021,-0.898,18.433,16.968,-3.601,173.068,55.135,-71.9
-0.311,-0.07,-0.829,12.39,15.137,-8.179,174.348,54.24,-71.06
-0.517,0.004,-0.806,2.991,-14.526,-9.338,175.007,54.668,-70.307
-0.237,-0.067,-0.577,-3.418,-2.747,-4.272,175.452,54.723,-69.615
-0.481,0.056,-0.655,-18.188,-26.001,6.287,175.051,55.668,-69.368
-0.445,0.091,-0.64,-16.418,-3.784,7.324,174.1,56.266,-69.675
-0.437,0.185,-0.798,-15.442,-12.817,5.188,173.194,56.437,-69.884
-0.818,0.261,-1.048,0.0,-19.714,1.709,172.645,57.497,-70.181
-0.938,0.345,-1.239,3.601,-6.897,15.93,172.436,57.87,-70.801
-0.746,0.183,-1.1,9.949,21.423,10.01,172.419,57.772,-71.664
-0.424,0.257,-0.892,-6.348,4.761,15.503,171.991,56.739,-72.334
-0.631,0.251,-0.869,0.61,-2.563,-0.488,171.508,56.854,-72.9
-0.438,0.232,-0.736,2.747,11.047,-0.793,171.557,56.47,-72.812
-0.434,0.213,-0.709,8.179,3.357,8.85,171.656,56.118,-73.163
-0.432,0.216,-0.684,12.268,-1.648,16.541,171.634,55.931,-74.119
-0.519,0.224,-0.707,15.686,2.93,23.438,171.546,55.794,-75.52
-0.477,0.221,-0.732,13.855,3.723,25.269,171.392,55.36,-77.08
-0.426,0.216,-0.72,12.024,2.93,25.085,171.151,54.97,-78.662
-0.348,0.206,-0.678,10.986,-3.296,19.104,170.931,54.794,-80.03
-0.455,0.177,-0.708,13.672,-14.221,15.076,170.815,55.168,-81.244
-0.297,0.176,-0.664,11.597,-16.968,26.489,170.607,55.53,-82.656
-0.22,0.138,-0.577,13.0,-46.387,37.72,169.997,56.602,-84.886
-0.689,0.267,-0.761,9.888,-74.28,56.396,168.475,58.782,-88.467
-1.023,0.242,-0.806,14.771,-50.415,55.298,166.58,61.062,-92.785
-1.228,0.258,-0.875,17.334,-36.316,31.189,165.3,62.221,-96.031
-1.173,0.204,-0.966,23.376,37.292,23.01,165.449,62.364,-97.333
-0.52,0.105,-0.767,28.137,44.8,29.419,166.481,59.826,-97.74
-0.418,0.062,-0.687,23.682,10.315,33.63,167.097,58.343,-98.882
-0.46,0.129,-0.632,16.541,4.7,40.283,167.025,57.816,-100.591
-0.479,0.119,-0.654,19.836,-3.479,29.907,166.959,57.398,-102.283
-0.465,0.046,-0.716,18.677,3.296,17.517,167.487,57.255,-103.074
-0.71,0.121,-0.933,12.573,-1.648,25.879,167.723,57.206,-103.887
-0.338,0.07,-0.798,11.963,24.902,29.663,167.783,56.129,-104.859
-0.624,0.164,-0.99,1.648,-15.381,25.513,167.481,55.69,-105.864
-0.496,0.243,-1.012,-9.338,21.484,51.636,166.525,54.745,-107.369
-0.456,0.335,-0.981,15.137,11.658,49.744,165.449,53.333,-109.781
-0.338,0.192,-0.897,30.396,12.39,36.377,165.921,52.092,-111.368
-0.349,0.139,-0.795,35.95,-6.47,53.589,166.674,51.191,-113.346
-0.447,0.174,-0.714,39.795,-16.235,67.749,167.086,50.944,-116.455
-0.522,0.212,-0.708,48.889,-9.094,83.008,167.498,50.674,-120.339
-0.444,0.174,-0.728,52.979,-5.737,80.75,168.096,49.982,-124.552
-0.434,0.212,-0.796,49.255,-6.226,80.139,168.755,49.493,-128.524
-0.443,0.211,-0.892,47.607,-5.676,74.768,169.404,49.026,-132.352
-0.416,0.223,-0.961,44.8,-10.437,77.759,169.915,48.554,-136.159
-0.519,0.219,-1.03,38.391,-26.733,74.524,170.189,48.779,-140.087
-0.672,0.205,-1.059,42.297,-19.531,68.237,170.436,49.323,-143.773
-0.356,0.025,-0.883,41.87,-5.31,64.331,171.101,49.114,-146.86
-0.248,-0.083,-0.77,35.339,-29.114,65.491,171.541,49.427,-149.996
-0.531,-0.016,-0.734,31.372,-50.537,65.43,171.595,51.048,-153.309
-0.71,-0.016,-0.852,39.856,-18.25,73.059,171.799,52.185,-156.605
-0.564,-0.029,-0.872,46.204,13.184,81.787,172.183,51.608,-160.032
-0.332,-0.092,-0.849,41.321,13.0,79.529,172.744,50.306,-163.356
-0.345,-0.108,-0.788,25.208,-24.109,61.035,173.013,50.356,-166.229
-0.538,-0.022,-0.765,18.799,-10.681,47.974,173.024,51.136,-168.261
-0.484,-0.1,-0.823,17.09,-13.855,33.752,173.232,51.449,-169.634
-0.552,-0.116,-0.855,4.7,-17.395,25.696,173.392,52.251,-170.283
-0.573,-0.016,-0.926,-8.606,-11.169,31.982,172.809,52.971,-170.975
-0.766,0.137,-1.12,-15.381,-19.409,21.729,171.771,53.591,-171.672
-0.449,0.141,-0.949,-10.193,17.639,13.428,170.958,53.762,-171.782
-0.087,0.217,-0.895,-17.883,14.282,20.935,170.151,52.553,-171.881
-0.322,0.353,-0.838,-13.489,-34.241,26.184,168.684,52.745,-173.205
-0.534,0.358,-0.868,1.953,-3.845,20.752,167.629,53.295,-174.76
-0.378,0.317,-0.856,15.015,3.662,13.977,167.613,52.778,-175.474
-0.345,0.172,-0.811,24.536,0.122,9.644,168.365,52.405,-175.941
-0.396,0.119,-0.782,16.357,-10.193,14.221,168.975,52.449,-176.539
-0.39,0.136,-0.724,9.583,-8.179,21.24,169.08,52.597,-177.396
-0.455,0.209,-0.729,4.272,-18.188,33.691,168.58,52.844,-178.852
-0.534,0.285,-0.744,9.155,-12.634,41.138,167.745,53.212,179.121
-0.452,0.299,-0.763,14.709,-11.169,43.213,167.135,53.13,177.017
-0.567,0.398,-0.858,15.076,-23.743,47.302,166.377,53.564,174.578
-0.502,0.395,-0.867,21.973,-29.663,43.335,165.85,53.959,172.035
-0.726,0.433,-0.908,34.241,-35.461,47.852,165.399,55.069,169.189
-0.63,0.312,-0.882,39.551,-26.611,50.171,165.493,55.69,166.382
-0.389,0.09,-0.785,55.054,-19.348,40.405,166.168,56.036,163.762
-0.531,-0.042,-0.797,52.734,-25.269,26.367,167.8,56.739,161.971
-0.5,-0.081,-0.852,46.997,-0.61,35.461,169.42,56.992,160.494
-0.479,-0.059,-0.881,38.513,9.338,47.791,170.618,56.393,158.692
-0.388,0.015,-0.949,29.663,19.104,64.636,171.024,55.014,155.967
-0.202,0.0,-0.9,26.978,12.207,53.162,171.216,53.509,152.935
-0.168,0.005,-0.823,12.39,-17.029,34.912,171.381,53.042,150.43
-0.49,0.072,-0.823,9.338,-17.883,19.958,171.2,53.69,148.414
-0.319,-0.006,-0.795,-1.892,-5.737,4.333,171.469,53.63,147.755
-0.523,0.119,-0.762,-9.888,-19.043,1.709,171.068,54.355,147.31
-0.445,0.078,-0.684,-7.996,-8.545,-11.597,171.057,54.822,147.706
-0.579,0.125,-0.739,-2.991,-2.197,-13.367,171.249,55.338,148.629
-0.421,0.026,-0.684,-6.592,-7.141,-10.925,171.639,55.519,149.733
-0.491,0.039,-0.655,-12.39,-14.282,-6.531,171.502,56.338,150.425
-0.529,0.086,-0.658,-18.311,-13.428,-9.46,170.975,57.288,151.095
-0.438,0.09,-0.65,-26.062,-13.0,-11.292,170.42,57.997,152.1
-0.698,0.281,-0.815,-25.33,-24.902,-10.498,169.31,59.189,152.776
-0.791,0.292,-0.955,-11.169,-3.601,-20.447,168.898,60.266,153.946
-0.868,0.48,-1.066,-5.615,17.517,7.996,168.596,60.178,154.885
-0.46,0.309,-1.014,8.179,41.199,9.827,168.629,58.365,155.039
-0.363,0.317,-0.998,5.981,3.54,-4.883,168.887,57.074,155.314
-0.554,0.269,-0.891,5.249,-9.949,-14.465,169.332,57.42,155.83
-0.557,0.195,-0.811,-2.869,-4.395,-14.526,169.695,57.722,156.649
-0.567,0.235,-0.763,-11.841,-11.597,-10.925,169.47,58.206,157.363
-0.611,0.27,-0.725,-13.306,-6.958,-4.7,168.865,58.771,157.813
-0.55,0.275,-0.682,-12.268,-2.686,-4.639,168.212,58.969,158.258
-0.552,0.294,-0.677,-10.986,-3.235,-4.944,167.64,59.189,158.791
-0.442,0.281,-0.582,-9.338,-9.705,-4.089,167.025,59.546,159.159
-0.566,0.299,-0.637,-6.042,-14.771,-6.042,166.531,60.337,159.494
-0.51,0.323,-0.634,0.122,-0.183,3.296,166.102,60.584,159.582
-0.482,0.306,-0.682,9.46,7.874,5.493,165.987,60.32,159.5
-0.297,0.221,-0.628,5.92,-8.911,1.282,166.13,60.051,159.494
-0.445,0.273,-0.602,-2.991,-35.217,2.93,165.58,61.122,158.917
-0.434,0.239,-0.528,-4.028,-43.335,-7.08,164.877,62.787,158.346
-0.903,0.312,-0.712,-5.31,-66.528,-9.094,164.031,65.495,157.841
-0.97,0.18,-0.741,3.174,-43.701,-12.756,163.592,68.231,157.621
-1.349,0.292,-0.954,0.916,-43.457,-7.568,163.312,70.477,157.698
-1.041,0.169,-0.849,26.55,46.875,-17.7,164.669,70.856,159.033
-0.427,-0.064,-0.641,22.095,57.129,-14.221,167.855,68.22,161.999
-0.541,0.032,-0.77,-10.376,12.146,7.69,168.426,67.039,162.938
-0.63,0.21,-0.783,-1.892,22.766,10.986,167.937,66.11,162.85
-0.507,0.136,-0.695,9.705,10.071,-3.784,168.442,65.198,163.224
-0.624,0.101,-0.693,6.409,-6.409,-6.409,169.316,65.215,163.916
-0.736,0.07,-0.676,7.996,-0.488,-9.033,169.997,65.583,164.559
-0.667,0.079,-0.695,0.305,5.615,-6.104,170.821,65.325,165.619
-0.731,0.115,-0.766,3.662,21.057,2.258,171.227,64.83,166.273
-0.525,0.129,-0.779,8.85,37.964,12.878,171.584,63.155,166.531
-0.526,0.077,-0.747,4.761,0.854,3.967,171.755,62.221,166.344
-0.66,0.038,-0.713,-1.099,0.0,-10.498,172.079,62.413,166.794
-0.674,0.032,-0.684,-5.127,10.254,-19.47,172.595,62.336,168.085
-0.542,-0.026,-0.598,-5.188,20.813,-22.583,173.458,61.831,170.068
-0.476,-0.043,-0.604,-8.362,13.855,-15.015,174.122,61.238,171.898
-0.364,-0.046,-0.53,-9.949,6.836,-8.301,174.359,60.941,173.15
-0.251,-0.035,-0.425,-14.587,-10.254,-3.113,174.265,61.122,173.908
-0.762,0.144,-0.721,-23.132,-38.818,2.686,173.529,62.292,174.012
-0.838,0.23,-0.884,-11.963,2.93,-3.235,172.645,63.468,174.117
-1.053,0.491,-1.031,-22.4,-13.184,7.263,171.876,63.177,174.386
-0.965,0.368,-1.158,12.024,47.485,-3.662,171.837,62.166,174.595
-0.491,0.325,-1.039,15.442,62.561,8.179,172.458,59.431,175.056
-0.311,0.177,-0.915,16.602,21.301,-2.38,173.26,57.305,175.172
-0.445,0.102,-0.811,7.202,5.737,-6.958,173.908,56.904,175.446
-0.379,0.097,-0.719,-7.874,-7.996,-4.944,173.886,56.865,175.589
-0.509,0.205,-0.723,-11.597,-16.846,-1.465,173.221,57.502,175.452
-0.551,0.244,-0.717,-7.141,-10.864,-0.671,172.645,58.129,175.292
-0.521,0.238,-0.693,-0.122,-8.057,2.747,172.216,58.508,175.007
-0.66,0.269,-0.75,-0.977,-1.892,9.949,171.771,58.848,174.584
-0.575,0.296,-0.746,3.418,14.832,16.113,171.145,58.343,173.864
-0.492,0.271,-0.746,9.216,17.578,11.963,170.898,57.448,173.271
-0.427,0.238,-0.737,12.756,8.362,8.972,171.019,56.695,172.864
-0.432,0.185,-0.692,17.212,2.197,8.545,171.304,56.442,172.365
-0.366,0.193,-0.624,14.343,-10.803,15.198,171.508,56.459,171.639
-0.482,0.193,-0.657,20.386,-15.198,15.564,171.557,57.014,170.469
-0.4,0.116,-0.61,19.043,-18.982,10.498,171.931,57.645,169.557
-0.69,0.2,-0.839,10.681,-26.123,18.005,171.865,58.738,168.47
-0.745,0.176,-0.969,14.038,-15.869,15.808,171.705,59.54,167.289
-0.658,0.103,-0.934,17.883,-10.193,9.155,171.903,60.304,166.564
-0.895,0.075,-0.952,24.17,-0.183,-5.249,172.76,60.87,166.498
-0.702,-0.008,-0.98,18.799,41.382,-13.794,174.507,59.546,167.734
-0.444,-0.027,-1.028,8.789,40.833,-3.174,175.677,57.601,168.684
-0.318,0.024,-0.914,-0.061,16.113,1.038,176.1,56.206,168.904
-0.484,0.107,-0.852,6.714,-5.92,4.15,176.155,55.986,168.464
-0.505,0.03,-0.792,9.521,-3.54,-0.061,176.655,56.124,168.234
-0.539,-0.003,-0.77,7.385,-9.521,-4.944,177.193,56.36,168.223
-0.599,-0.014,-0.782,5.188,1.099,-6.592,177.797,56.673,168.602
-0.471,-0.035,-0.784,6.042,12.268,-1.831,178.412,56.294,169.074
-0.472,-0.056,-0.77,7.874,5.127,-0.488,178.879,55.964,169.2
-0.487,-0.05,-0.825,2.686,10.132,6.592,179.247,55.602,169.167
-0.404,-0.062,-0.8,-1.77,10.559,8.85,179.231,55.036,168.755
-0.384,-0.009,-0.775,-7.812,-6.897,6.836,178.945,54.822,168.256
-0.441,0.028,-0.727,-9.949,-12.146,5.615,178.473,55.289,167.772
-0.44,0.044,-0.676,-3.174,-17.09,3.479,178.149,55.964,167.41
-0.515,0.038,-0.62,-7.629,-19.043,4.089,177.803,56.909,167.097
-0.487,0.049,-0.609,-5.371,-12.024,1.526,177.413,57.651,166.987
-0.673,0.085,-0.903,-3.479,-13.55,-0.732,177.248,58.293,167.091
-0.635,0.094,-0.932,-3.479,-11.108,3.052,177.116,58.909,167.13
-0.612,0.102,-0.949,-1.465,-6.836,7.446,176.869,59.304,166.822
-0.775,0.167,-0.997,6.653,1.221,8.423,176.561,59.59,166.245
-0.562,0.137,-0.951,4.028,17.578,19.104,176.462,58.859,165.646
-0.523,0.171,-0.934,4.944,4.761,17.883,175.913,58.101,164.421
-0.568,0.108,-0.887,6.287,4.15,3.113,175.875,57.854,163.812
-0.543,0.088,-0.853,-0.977,8.362,2.563,175.941,57.486,163.663
-0.539,0.131,-0.848,-2.625,4.761,-1.465,175.77,57.101,163.603
-0.546,0.147,-0.855,-2.563,7.08,1.221,175.666,56.832,163.63
-0.477,0.125,-0.819,-1.099,5.615,1.831,175.534,56.437,163.499
-0.437,0.113,-0.744,-2.258,-1.648,-0.061,175.375,56.316,163.361
-0.48,0.109,-0.702,-5.676,-7.996,0.305,175.144,56.558,163.262
-0.451,0.127,-0.667,-7.568,0.061,4.517,174.639,56.7,163.021
-0.527,0.191,-0.707,-7.629,-5.249,11.597,173.925,56.799,162.515
-0.497,0.216,-0.72,-1.282,6.47,20.63,173.079,56.624,161.499
-0.408,0.214,-0.703,2.625,0.122,21.301,172.403,56.217,160.334
-0.43,0.22,-0.712,5.737,-11.658,25.635,171.744,56.415,158.868
-0.383,0.206,-0.717,10.315,-21.545,22.949,171.183,56.937,157.203
-0.582,0.208,-0.805,13.489,-36.926,23.865,170.755,58.134,155.396
-0.867,0.202,-0.934,14.709,-26.306,22.4,170.381,59.464,153.594
-0.768,0.1,-1.003,6.592,-13.306,11.292,170.327,59.865,152.556
-0.9,0.18,-0.999,8.118,10.681,6.348,170.052,60.612,151.952
-0.515,0.098,-0.806,10.071,30.457,3.723,170.684,59.332,152.281
-0.525,0.13,-0.898,1.343,14.16,17.7,170.898,58.2,152.029
-0.51,0.188,-0.862,4.028,13.367,22.095,170.486,57.393,150.903
-0.44,0.157,-0.842,12.939,10.681,12.146,170.497,56.591,149.947
-0.476,0.094,-0.827,9.644,-4.517,2.441,170.969,56.294,149.42
-0.492,0.059,-0.754,5.432,-3.967,-2.197,171.392,56.536,149.167
-0.543,0.083,-0.756,-0.549,-8.179,-2.747,171.65,56.794,149.095
-0.567,0.073,-0.744,2.808,3.418,-9.033,172.013,57.036,149.343
-0.566,0.087,-0.805,4.7,11.292,-9.644,172.645,56.75,149.919
-0.407,-0.014,-0.728,6.531,10.864,-18.25,173.622,56.283,150.826
-0.426,-0.043,-0.669,-6.653,-9.216,-17.151,174.337,56.558,151.754
-0.379,-0.038,-0.561,-17.578,-14.771,-15.259,174.309,57.239,152.331
-0.423,0.026,-0.532,-25.696,-18.738,-17.029,173.859,58.326,152.979
-0.433,0.088,-0.523,-27.466,-21.606,-20.02,173.249,59.469,153.82
-0.768,0.171,-0.82,-22.034,-15.015,-18.066,172.815,60.513,154.891
-0.757,0.21,-1.086,-13.489,3.418,-13.916,172.513,60.98,155.874
-0.994,0.362,-1.115,-1.16,2.93,1.16,171.925,61.562,156.094
-0.759,0.377,-1.108,9.277,34.912,10.071,171.991,60.227,156.088
-0.511,0.21,-1.083,15.93,45.471,-2.136,172.711,58.189,156.281
-0.365,0.169,-0.949,1.343,15.198,-10.193,173.37,56.689,156.846
-0.46,0.115,-0.788,-11.292,-5.31,-19.775,173.496,56.508,157.456
-0.588,0.184,-0.737,-18.799,-6.287,-17.7,173.183,57.025,158.297
-0.49,0.209,-0.689,-13.489,7.874,-10.437,172.705,57.014,158.972
-0.434,0.206,-0.67,-8.423,9.46,-6.104,172.386,56.684,159.494
-0.34,0.243,-0.685,-4.578,10.01,6.592,171.92,56.113,159.401
-0.392,0.234,-0.723,2.686,-2.563,8.179,171.535,55.865,158.818
-0.337,0.2,-0.656,3.174,-7.141,11.475,171.2,55.92,158.027
-0.441,0.281,-0.657,1.587,-23.682,23.621,170.376,56.497,156.539
-0.539,0.261,-0.68,8.118,-19.043,21.667,169.574,57.25,154.775
-0.463,0.211,-0.658,7.507,-14.099,16.418,169.08,57.783,153.463
-0.709,0.283,-0.855,3.784,-25.818,17.517,168.481,58.519,152.199
-0.787,0.187,-0.912,10.498,-14.587,13.977,168.008,59.436,150.93
-0.902,0.215,-1.031,14.954,-6.531,5.493,168.118,59.886,150.276
-0.701,0.073,-1.01,25.33,37.781,-2.93,169.294,59.277,150.524
-0.37,-0.004,-0.982,9.277,26.733,9.033,170.53,57.596,150.936
-0.44,0.102,-0.908,-5.737,-1.526,19.836,170.299,56.761,149.859
-0.494,0.188,-0.781,-3.906,-9.949,15.442,169.601,56.816,148.425
-0.542,0.206,-0.719,2.686,-15.625,13.306,169.151,57.189,147.217
-0.616,0.162,-0.706,9.033,-8.301,3.113,169.113,57.755,146.404
-0.552,0.096,-0.698,9.521,8.179,-4.639,169.717,57.799,146.497
-0.5,0.092,-0.725,6.165,8.911,-3.845,170.316,57.497,146.849
-0.496,0.053,-0.751,8.423,7.141,-13.916,171.123,57.266,147.426
-0.503,-0.001,-0.725,5.615,1.221,-17.822,172.2,57.376,148.431
-0.414,-0.012,-0.651,-2.625,1.465,-6.409,172.771,57.409,148.947
-0.409,0.027,-0.637,-8.85,-4.7,-7.996,172.881,57.557,149.128
-0.464,0.044,-0.667,-6.714,3.174,-13.062,173.024,57.783,149.568
-0.35,0.002,-0.638,-18.25,-6.592,-17.395,173.068,57.887,150.266
-0.648,0.138,-0.774,-27.771,-27.527,-16.418,172.524,58.98,150.897
-0.691,0.253,-0.786,-16.113,-8.789,-13.977,171.788,60.172,151.452
-0.944,0.456,-0.945,-8.972,-8.24,3.479,171.244,60.634,151.771
-0.737,0.249,-0.975,13.489,30.64,0.244,171.579,59.991,152.007
-0.561,0.308,-1.056,7.996,35.339,19.958,171.661,58.266,151.765
-0.414,0.217,-0.953,2.869,13.855,2.869,171.623,56.821,151.249
-0.548,0.224,-0.865,-6.104,-6.653,-5.432,171.48,56.711,151.249
-0.578,0.257,-0.785,-10.681,-6.104,-1.343,171.002,57.03,151.254
-0.52,0.274,-0.698,-6.348,-2.319,3.113,170.376,57.222,151.073
-0.364,0.248,-0.568,0.427,-1.038,6.104,169.898,57.228,150.765
-0.431,0.255,-0.597,7.141,-5.92,11.719,169.59,57.338,150.161
-0.336,0.195,-0.565,7.202,-8.484,18.86,169.233,57.398,149.112
-0.49,0.264,-0.641,5.066,-12.39,28.748,168.354,57.739,147.431
-0.364,0.254,-0.604,4.944,-7.141,29.114,167.465,57.689,145.651
-0.458,0.305,-0.713,6.226,-21.484,29.602,166.459,57.991,143.641
-0.81,0.35,-0.938,13.062,-23.193,30.212,165.432,58.821,141.383
-0.617,0.206,-0.83,16.846,0.427,21.79,165.157,59.041,139.812
-1.023,0.287,-1.074,13.0,-0.854,20.081,165.19,58.716,138.73
-0.541,0.112,-1.026,16.357,31.86,15.442,166.064,56.981,138.378
-0.465,0.111,-0.92,13.306,13.367,28.198,166.465,55.805,137.357
-0.405,0.168,-0.769,8.85,-4.578,41.687,166.19,55.063,135.198
-0.477,0.219,-0.718,13.245,-10.071,47.119,165.553,54.794,132.297
-0.546,0.253,-0.729,19.409,-13.245,39.307,165.152,54.695,129.49
-0.51,0.176,-0.707,24.841,-1.587,26.245,165.405,54.646,127.507
-0.515,0.149,-0.708,21.667,-2.441,14.954,166.014,54.58,126.293
-0.531,0.123,-0.719,17.334,4.272,5.676,166.767,54.52,125.623
-0.578,0.104,-0.767,14.587,8.423,-6.348,167.778,54.393,125.695
-0.414,0.051,-0.706,9.888,16.357,-8.911,168.827,53.948,126.172
-0.359,0.083,-0.674,1.831,1.099,-5.066,169.426,53.778,126.332
-0.401,0.118,-0.689,-1.953,-9.766,-4.578,169.689,54.124,126.178
-0.384,0.146,-0.652,2.319,-11.353,5.066,169.722,54.706,125.673
-0.46,0.181,-0.745,-3.845,-23.987,12.39,169.349,55.415,124.607
-0.76,0.286,-0.929,3.906,-12.878,8.606,168.772,56.486,123.541
-0.599,0.266,-1.079,-3.784,-12.39,15.442,168.569,56.585,122.893
-0.659,0.28,-1.019,13.367,11.963,20.081,167.624,57.079,121.207
-0.701,0.421,-1.126,16.418,22.217,16.907,167.657,56.118,120.476
-0.398,0.176,-1.063,21.484,23.376,-2.014,168.684,54.63,120.432
-0.493,0.172,-1.0,7.141,-3.113,-4.395,169.525,54.289,120.613
-0.43,0.173,-0.85,-1.221,-3.54,-1.343,169.755,54.344,120.493
-0.387,0.208,-0.738,-2.502,-9.949,3.479,169.525,54.613,120.059
-0.277,0.175,-0.61,-2.136,-11.841,0.916,169.288,54.981,119.586
-0.188,0.158,-0.516,-3.357,-21.79,-2.502,168.986,55.607,119.136
-0.416,0.227,-0.603,-5.005,-32.654,-7.202,168.624,56.926,118.828
-0.497,0.245,-0.632,-3.235,-30.396,-4.089,168.256,58.332,118.625
-0.594,0.292,-0.655,-2.258,-19.043,4.822,167.662,59.502,118.202
-0.714,0.322,-0.802,0.977,-16.113,12.207,167.13,60.035,117.636
-0.782,0.275,-0.949,7.202,1.099,17.273,166.679,60.145,116.84
-0.957,0.326,-1.099,11.902,15.076,21.362,166.328,59.656,115.895
-0.665,0.095,-1.095,25.269,50.415,-0.671,167.481,57.722,116.12
-0.413,-0.037,-0.936,5.615,29.968,0.183,168.75,55.931,116.713
-0.337,0.042,-0.755,-17.395,-2.014,17.517,168.234,55.201,115.73
-0.551,0.245,-0.711,-18.311,-29.358,16.113,166.767,55.937,113.956
-0.662,0.3,-0.732,-3.967,-15.991,16.418,165.635,56.882,112.385
-0.651,0.247,-0.729,8.606,-3.296,14.038,165.311,57.129,111.335
-0.601,0.175,-0.684,14.893,1.038,8.301,165.575,57.167,110.786
-0.581,0.151,-0.688,12.939,2.808,11.23,166.097,57.063,110.424
-0.584,0.145,-0.673,14.771,5.554,6.287,166.492,56.986,109.896
-0.454,0.072,-0.61,12.146,12.085,1.648,167.283,56.662,109.869
-0.404,0.062,-0.613,2.441,-3.662,-0.549,167.761,56.613,109.666
-0.518,0.124,-0.685,-0.061,-5.554,3.601,167.91,57.041,109.254
-0.447,0.164,-0.692,4.883,4.395,18.677,167.717,57.003,108.193
-0.338,0.17,-0.764,4.7,-15.686,21.667,167.52,56.871,106.765
-0.803,0.359,-1.016,10.559,-36.438,30.945,166.805,58.057,104.502
-0.934,0.33,-1.157,33.142,-3.662,22.766,166.882,58.612,102.563
-0.62,0.16,-0.986,20.386,-9.277,28.687,167.536,58.469,101.135
-0.838,0.362,-1.007,0.854,-19.226,50.293,166.218,58.87,98.135
-0.621,0.361,-0.88,13.855,6.226,38.757,165.196,58.299,95.466
-0.48,0.256,-0.747,23.621,-1.831,27.1,165.201,57.794,93.691
-0.416,0.199,-0.623,29.785,-13.672,36.255,165.531,57.739,91.774
-0.486,0.205,-0.582,40.466,-24.841,58.105,165.58,58.019,88.616
-0.583,0.244,-0.63,47.119,-20.264,80.688,165.278,58.162,84.012
-0.586,0.261,-0.725,50.659,-9.094,88.379,164.861,57.667,78.624
-0.631,0.316,-0.839,48.706,-7.935,85.754,164.465,56.904,73.026
-0.55,0.272,-0.886,41.565,-8.423,76.477,164.323,56.069,67.874
-0.768,0.388,-1.026,33.508,-12.329,80.444,163.735,55.563,62.71
-0.459,0.241,-0.896,37.048,-7.08,75.195,163.35,54.536,57.645
-0.516,0.2,-0.82,37.354,-19.531,76.538,162.993,54.201,52.57
-0.401,0.073,-0.711,43.457,-17.456,79.224,163.065,53.63,47.335
-0.564,0.111,-0.753,45.898,-24.719,84.595,163.015,53.481,41.567
-0.602,0.111,-0.828,47.424,-6.897,85.449,163.356,52.767,35.859
-0.464,0.098,-0.832,47.852,-2.136,87.524,163.867,51.57,30.273
-0.407,0.097,-0.806,40.405,-18.616,81.482,164.295,50.883,24.879
-0.486,0.134,-0.766,39.307,-27.527,77.209,164.493,50.911,19.578
-0.522,0.133,-0.763,40.527,-25.818,73.853,164.745,51.141,14.431
-0.507,0.058,-0.787,37.72,-27.771,61.523,165.207,51.454,9.756
-0.57,0.003,-0.887,27.832,-22.583,50.11,165.795,51.976,5.971
-0.535,0.125,-0.885,11.597,-31.555,51.27,165.569,52.575,2.197
-0.751,0.341,-0.857,7.568,-36.011,49.133,164.614,53.778,-1.681
-0.317,0.207,-0.732,13.611,5.066,48.706,164.213,53.657,-5.059
-0.538,0.452,-0.883,9.949,-15.381,60.669,163.092,53.234,-8.817
-0.412,0.312,-0.885,22.522,5.249,36.072,162.927,52.443,-11.959
-0.432,0.298,-0.894,27.771,3.357,32.41,163.317,51.762,-14.161
-0.362,0.251,-0.829,24.231,-7.996,32.776,163.889,51.268,-16.254
-0.389,0.287,-0.757,28.442,-13.855,43.579,164.141,51.174,-18.913
-0.357,0.266,-0.696,28.87,-22.888,46.143,164.328,51.29,-22.05
-0.432,0.279,-0.691,26.367,-30.09,44.25,164.317,51.894,-25.351
-0.517,0.302,-0.791,22.034,-24.902,42.236,164.136,52.515,-28.614
-0.51,0.323,-0.836,21.912,-15.503,37.903,163.982,52.833,-31.575
-0.396,0.293,-0.863,18.311,-20.935,37.72,163.839,53.02,-34.321
-0.721,0.396,-0.982,11.292,-45.837,46.631,163.076,54.047,-37.579
-0.647,0.261,-0.848,13.306,-30.396,47.058,162.246,54.822,-41.122
-0.485,0.118,-0.801,26.001,-15.015,35.645,161.812,55.025,-44.16
-0.573,0.158,-0.751,23.193,-36.621,32.41,161.917,55.811,-46.593
-0.62,0.137,-0.779,34.058,-13.489,38.452,162.323,56.426,-49.076
-0.587,0.134,-0.835,37.476,10.437,41.992,163.092,55.964,-51.416
-0.345,0.076,-0.784,32.41,18.188,35.95,164.18,54.63,-53.212
-0.345,0.109,-0.806,18.86,1.526,24.597,164.927,53.723,-54.569
-0.276,0.051,-0.699,13.977,-3.113,2.502,165.696,53.52,-55.031
-0.481,0.097,-0.746,8.545,0.916,-9.399,166.487,53.767,-54.657
-0.315,0.005,-0.687,-0.916,-0.305,-18.555,167.569,53.652,-53.465
-0.394,0.054,-0.586,-5.859,-7.324,-21.729,168.014,54.278,-52.317
-0.457,0.083,-0.595,-16.907,-18.188,-21.912,168.294,55.19,-50.988
-0.56,0.108,-0.775,-13.977,-8.118,-16.296,168.278,56.014,-50.015
-0.783,0.277,-1.041,-10.864,-4.333,-4.761,167.888,56.673,-49.73
-0.633,0.253,-1.152,-0.916,7.324,2.075,167.893,56.475,-49.735
-0.604,0.344,-1.129,9.46,17.883,10.742,167.767,56.003,-50.339
-0.464,0.32,-1.125,4.028,9.155,10.315,168.003,55.02,-50.801
-0.528,0.302,-1.061,2.197,7.202,-1.77,168.036,54.619,-51.075
-0.476,0.27,-0.903,-5.798,4.883,-17.151,168.245,54.278,-50.466
-0.504,0.299,-0.823,-8.179,6.653,-13.672,168.25,54.201,-49.708
-0.313,0.264,-0.668,-4.7,10.254,-5.31,168.157,53.773,-49.318
-0.305,0.309,-0.623,-2.014,-3.479,0.0,167.893,53.553,-49.444
-0.313,0.255,-0.583,4.211,1.404,0.183,167.75,53.591,-49.889
-0.341,0.306,-0.65,2.136,-1.099,4.272,167.618,53.399,-50.328
-0.32,0.281,-0.635,4.639,-4.456,11.658,167.344,53.372,-51.24
-0.443,0.343,-0.723,4.395,-13.184,15.93,166.811,53.553,-52.614
-0.371,0.296,-0.702,4.578,-10.315,14.282,166.306,53.839,-54.102
-0.394,0.327,-0.724,3.235,-24.414,16.663,165.652,54.443,-55.668
-0.68,0.34,-0.933,5.493,-27.588,18.738,164.938,55.432,-57.502
-0.709,0.266,-0.961,7.385,-10.925,17.578,164.405,56.135,-59.194
-0.778,0.27,-1.013,-2.075,-18.433,7.324,164.152,56.398,-60.095
-0.779,0.238,-1.011,3.479,5.737,-5.554,164.196,56.761,-60.315
-0.495,0.161,-0.896,1.831,17.334,-4.15,164.789,56.223,-59.689
-0.364,0.191,-0.807,-7.751,-3.479,7.69,164.68,55.882,-59.7
-0.416,0.244,-0.705,-7.141,-14.038,13.489,163.932,56.201,-60.496
-0.559,0.288,-0.716,0.488,-12.268,8.667,163.317,56.662,-61.408
-0.517,0.226,-0.722,6.714,-0.061,-4.7,163.482,56.832,-61.639
-0.575,0.175,-0.745,9.644,-2.197,-13.855,164.202,57.085,-61.194
-0.581,0.127,-0.717,11.414,8.362,-19.592,165.289,57.343,-60.276
-0.471,0.076,-0.643,6.348,7.141,-11.902,166.509,57.2,-59.139
-0.413,0.107,-0.604,0.854,7.263,-2.502,166.998,57.052,-58.705
-0.475,0.113,-0.671,-2.258,4.456,-6.653,167.404,56.849,-58.217
-0.375,0.118,-0.636,-4.028,16.357,-4.822,167.547,56.563,-57.777
-0.319,0.145,-0.645,-15.076,-3.235,-7.812,167.454,56.316,-57.222
-0.538,0.221,-0.866,-12.512,-9.827,-12.756,167.157,56.75,-56.651
-0.563,0.256,-0.862,-9.705,-18.433,-17.334,166.899,57.744,-56.162
-0.952,0.423,-1.08,-11.353,-12.634,0.305,166.58,58.623,-55.931
-0.718,0.394,-1.099,5.31,29.358,10.864,166.443,57.733,-56.376
-0.537,0.432,-1.139,6.226,20.386,16.541,166.382,56.277,-57.057
-0.467,0.331,-0.938,6.226,-4.028,-0.427,166.487,55.805,-57.557
-0.585,0.3,-0.823,0.732,-10.681,-7.996,166.575,56.321,-57.634
-0.606,0.262,-0.743,-1.404,-3.052,-10.62,166.707,56.717,-57.415
-0.51,0.266,-0.695,-2.075,13.184,-8.362,166.778,56.503,-57.112
-0.358,0.274,-0.63,-2.869,13.55,0.427,166.772,55.942,-56.959
-0.27,0.278,-0.572,-0.061,-1.221,6.958,166.47,55.541,-57.442
-0.335,0.294,-0.559,2.258,-10.437,15.381,165.927,55.668,-58.596
-0.489,0.341,-0.668,5.371,-6.104,19.775,165.267,55.827,-60.238
-0.362,0.325,-0.666,8.24,2.258,21.79,164.806,55.459,-61.859
-0.338,0.326,-0.655,8.667,-14.099,24.78,164.24,55.355,-63.726
-0.466,0.355,-0.745,9.033,-30.884,26.672,163.471,55.871,-65.973
-0.857,0.395,-0.936,14.771,-29.602,30.518,162.647,56.92,-68.604
-0.647,0.178,-0.915,20.264,-5.737,16.174,162.724,57.118,-70.367
-0.968,0.279,-1.006,13.672,-10.071,11.841,162.988,57.689,-71.334
-0.738,0.173,-1.018,21.057,36.987,2.014,164.097,56.563,-71.274
-0.41,0.11,-0.946,12.207,28.992,3.052,165.333,55.042,-70.615
-0.374,0.159,-0.825,2.93,5.066,17.456,165.63,54.234,-70.801
-0.443,0.206,-0.754,3.723,-6.531,23.865,165.289,54.064,-71.9
-0.413,0.19,-0.686,7.019,-12.146,15.381,165.119,54.19,-72.966
-0.5,0.137,-0.669,6.897,-12.207,3.845,165.251,54.75,-73.57
-0.567,0.147,-0.719,5.31,-3.418,-4.761,165.569,55.217,-73.614
-0.484,0.094,-0.7,3.662,7.629,-15.198,166.278,55.316,-72.894
-0.422,0.085,-0.648,-2.808,-0.183,-13.0,166.965,55.415,-71.818
-0.451,0.127,-0.63,-6.165,-4.272,-7.751,167.146,55.767,-71.175
-0.469,0.137,-0.663,-3.845,4.639,-10.193,167.272,56.019,-70.615
-0.44,0.126,-0.71,-7.08,7.446,-12.329,167.481,55.981,-69.862
-0.589,0.202,-0.884,-13.245,-9.949,-18.005,167.585,56.162,-68.884
-0.622,0.197,-0.943,-11.108,3.723,-22.278,167.679,56.761,-67.747
-0.79,0.414,-1.11,-27.832,-18.433,-7.263,167.135,57.255,-66.995
-0.837,0.438,-1.134,3.418,36.072,-18.311,166.948,57.096,-66.478
-0.497,0.374,-1.144,2.808,45.105,-13.306,167.932,55.096,-65.094
-0.372,0.272,-0.951,4.944,27.161,-23.193,168.717,53.63,-63.962
-0.478,0.243,-0.85,-3.113,10.498,-32.898,169.497,53.218,-62.331
-0.391,0.201,-0.731,-3.784,17.273,-27.832,170.101,52.756,-60.721
-0.355,0.203,-0.674,-4.639,6.958,-16.602,170.365,52.432,-59.656
-0.172,0.147,-0.599,-5.127,-3.174,-10.742,170.332,52.372,-59.216
-0.366,0.264,-0.615,-7.324,-36.987,0.61,169.783,53.547,-59.387
-0.459,0.274,-0.618,-1.16,-26.55,16.113,169.008,54.866,-60.551
-0.53,0.332,-0.65,8.301,-12.329,27.771,168.107,55.558,-62.545
-0.475,0.279,-0.697,13.55,-6.226,26.489,167.618,55.613,-64.655
-0.542,0.258,-0.87,13.428,-4.089,23.071,167.311,55.585,-66.577
-0.65,0.229,-1.022,10.925,-5.859,20.935,166.992,55.701,-68.28
-0.529,0.137,-0.958,6.348,2.441,12.756,166.871,55.739,-69.39
-0.733,0.26,-0.97,6.653,-18.311,2.502,166.69,56.217,-70.043
-0.767,0.119,-1.074,18.982,37.415,-4.822,167.816,55.706,-69.604
-0.363,0.058,-1.017,6.226,38.757,12.268,168.761,53.663,-69.137
-0.373,0.181,-0.897,-7.324,8.545,24.658,168.289,52.46,-69.846
-0.347,0.232,-0.784,-1.282,4.517,15.076,167.789,51.91,-70.582
-0.382,0.175,-0.718,7.568,-5.92,10.193,167.75,51.872,-71.158
-0.451,0.133,-0.757,5.31,-1.953,4.456,167.992,51.877,-71.439
-0.416,0.077,-0.749,4.761,-0.793,-4.639,168.371,51.943,-71.285
-0.45,0.113,-0.687,-1.099,-13.611,-12.756,168.728,52.537,-70.681
-0.458,0.089,-0.699,1.526,-3.418,-12.085,169.189,53.157,-69.922
-0.367,0.1,-0.653,-3.113,-3.418,-1.831,169.409,53.405,-69.489
-0.39,0.145,-0.657,-5.432,-11.23,1.648,169.222,53.806,-69.5
-0.486,0.185,-0.747,-7.019,-16.235,-7.141,169.014,54.47,-69.406
-0.632,0.197,-0.854,-2.869,-17.578,-16.724,169.025,55.486,-68.945
-0.718,0.236,-0.99,-7.507,-18.555,-18.799,169.255,56.607,-68.126
-0.798,0.285,-1.134,0.305,13.55,-9.277,169.536,56.992,-67.357
-0.648,0.316,-1.091,1.404,26.001,6.531,169.684,56.184,-67.17
-0.439,0.345,-1.045,4.15,29.48,9.949,169.64,54.608,-67.478
-0.416,0.268,-0.938,11.169,9.277,-10.376,170.09,53.641,-67.368
-0.453,0.167,-0.884,9.155,10.864,-17.09,170.969,53.366,-66.517
-0.316,0.115,-0.732,-0.671,0.61,-9.583,171.458,53.108,-65.786
-0.341,0.173,-0.666,-6.104,-7.69,1.892,171.244,53.322,-65.715
-0.252,0.179,-0.568,-2.808,-3.052,13.123,170.7,53.344,-66.319
-0.302,0.255,-0.584,-1.709,-23.438,24.414,169.86,53.74,-67.687
-0.393,0.291,-0.699,6.836,-27.527,28.687,168.871,54.531,-69.906
-0.478,0.236,-0.72,7.874,-26.733,18.127,168.354,55.602,-71.708
-0.528,0.293,-0.758,4.944,-26.978,21.545,167.569,56.514,-73.548
-0.762,0.314,-0.947,7.202,-19.348,21.118,166.899,57.387,-75.311
-0.633,0.227,-0.882,8.545,-9.216,17.029,166.487,57.777,-76.783
-0.908,0.265,-1.023,0.732,-25.33,12.939,166.168,58.288,-77.833
-0.723,0.148,-0.976,10.986,23.56,2.014,166.295,58.211,-78.283
-0.486,0.151,-0.94,6.104,19.592,10.62,166.827,57.118,-78.052
-0.444,0.17,-0.83,4.211,2.014,23.804,166.756,56.382,-78.717
-0.427,0.195,-0.702,4.15,-8.057,26.428,166.3,56.195,-80.002
-0.596,0.264,-0.735,5.066,-14.343,22.644,165.701,56.453,-81.502
-0.495,0.146,-0.66,8.972,1.038,3.296,165.795,56.552,-82.167
-0.565,0.179,-0.72,6.775,2.747,-3.418,166.185,56.596,-82.013
-0.406,0.074,-0.66,7.202,12.817,-17.09,167.102,56.321,-81.096
-0.505,0.097,-0.738,-1.526,3.723,-21.729,168.025,56.299,-79.59
-0.463,0.105,-0.697,-1.282,9.827,-23.01,168.766,56.283,-78.091
-0.455,0.096,-0.663,-5.371,-1.404,-25.208,169.53,56.442,-76.432
-0.475,0.134,-0.683,-8.362,4.272,-22.644,169.92,56.783,-75.009
-0.346,0.11,-0.625,-15.015,-4.517,-19.531,170.107,57.019,-73.674
-0.733,0.296,-0.955,-10.864,-7.08,-9.949,169.629,57.64,-73.065
-0.479,0.201,-0.828,-8.057,-3.906,-11.475,169.717,57.898,-72.367
-0.996,0.461,-1.027,-11.658,-25.94,12.695,168.959,58.596,-72.669
-0.684,0.279,-1.013,15.381,44.128,-1.099,169.047,57.925,-73.109
-0.488,0.239,-1.062,7.385,16.785,1.282,169.788,56.327,-72.79
-0.458,0.146,-0.894,-1.526,4.333,-5.798,170.035,55.772,-72.691
-0.511,0.175,-0.772,-9.766,-9.766,-8.362,169.937,55.986,-72.279
-0.474,0.188,-0.659,-8.667,-4.333,-2.258,169.574,56.387,-72.092
-0.355,0.215,-0.554,-6.287,-7.69,11.169,169.036,56.541,-72.449
-0.333,0.262,-0.535,0.671,-13.489,26.184,168.091,56.876,-74.009
-0.415,0.29,-0.623,13.794,-13.428,27.71,167.404,57.107,-76.064
-0.39,0.221,-0.628,18.799,-12.207,29.297,167.113,57.272,-78.228
-0.479,0.244,-0.725,12.024,-17.212,28.198,166.652,57.607,-80.392
-0.692,0.3,-0.947,4.517,-19.287,18.677,166.113,57.997,-82.106
-0.918,0.314,-1.103,3.967,-15.503,14.282,165.465,58.738,-83.529
-0.532,0.161,-0.842,9.277,13.794,-1.404,165.564,58.629,-83.925
-0.789,0.277,-1.011,-1.831,-10.254,6.531,165.712,58.738,-83.859
-0.642,0.165,-0.917,7.446,3.845,7.629,165.828,58.651,-84.276
-0.525,0.171,-0.819,3.967,0.549,19.897,165.91,58.255,-84.754
-0.53,0.187,-0.74,5.554,-4.639,21.851,165.493,58.123,-85.924
-0.564,0.232,-0.723,7.874,-6.226,21.912,165.185,58.085,-87.061
-0.488,0.159,-0.644,10.986,0.549,13.062,165.152,57.98,-88.05
-0.362,0.073,-0.589,6.592,-0.977,-1.16,165.586,57.876,-88.149
-0.508,0.137,-0.554,-4.395,-17.212,-3.662,165.641,58.568,-87.995
-0.426,0.104,-0.592,3.845,9.705,-15.93,166.069,58.854,-87.226
-0.67,0.204,-0.728,3.357,-6.409,-4.944,166.641,59.183,-86.385
-0.425,0.042,-0.639,4.944,10.254,-16.052,167.618,58.92,-85.402
-0.577,0.13,-0.715,-3.357,0.732,-15.259,168.157,59.26,-84.26
-0.533,0.143,-0.785,-8.24,0.0,-20.264,168.706,59.337,-82.875
-0.64,0.218,-0.875,-4.395,-1.221,-24.414,169.102,59.777,-81.546
-0.874,0.303,-1.151,-10.498,-13.123,-13.916,169.514,60.337,-80.288
-0.916,0.322,-1.102,7.019,14.343,-2.014,169.338,60.672,-80.294
-0.675,0.313,-1.013,1.465,24.353,6.287,169.574,59.535,-80.178
-0.488,0.278,-0.925,5.615,17.7,4.517,169.585,58.403,-80.469
-0.451,0.177,-0.754,0.854,1.404,-5.493,169.838,58.112,-80.321
-0.453,0.174,-0.678,-7.324,-0.671,-3.418,169.75,58.129,-80.123
-0.358,0.19,-0.601,-8.24,6.165,0.061,169.376,57.953,-80.013
-0.32,0.275,-0.588,-3.113,2.136,14.954,168.761,57.563,-80.458
-0.329,0.298,-0.584,6.714,-12.207,29.724,167.97,57.42,-82.046
-0.416,0.288,-0.591,14.526,-12.817,38.757,166.965,57.546,-84.716
-0.432,0.275,-0.587,14.16,-25.513,30.579,166.267,57.843,-87.275
-0.639,0.257,-0.806,19.653,-10.925,27.405,165.751,58.348,-89.604
-0.75,0.248,-0.983,14.771,-10.315,24.597,165.504,58.524,-91.406
-0.576,0.176,-0.848,9.277,-9.399,23.621,165.108,58.76,-92.966
-1.054,0.331,-1.056,4.272,-24.414,21.79,164.449,59.464,-94.406
-0.739,0.208,-0.96,15.808,25.696,21.729,164.603,58.766,-95.224
-0.519,0.191,-0.886,9.46,4.822,35.4,164.597,57.623,-96.273
-0.532,0.204,-0.763,10.803,-9.827,36.316,163.987,57.376,-98.179
-0.575,0.215,-0.693,14.893,-10.986,31.921,163.619,57.469,-99.926
-0.523,0.146,-0.618,20.02,-2.625,27.405,163.696,57.338,-101.349
-0.42,0.083,-0.509,21.729,3.723,14.282,164.103,57.195,-102.255
-0.337,0.013,-0.53,12.146,-3.052,8.24,165.004,56.986,-102.222
-0.507,0.167,-0.563,7.568,-3.662,19.043,164.921,57.426,-102.75
-0.383,0.121,-0.584,7.446,-9.827,15.015,165.146,57.272,-103.195
-0.695,0.23,-0.753,12.695,-18.616,17.029,164.85,58.217,-104.172
-0.699,0.137,-0.924,12.512,-12.878,6.348,165.333,58.694,-104.535
-0.688,0.195,-1.05,10.864,-8.85,25.085,165.289,59.343,-105.287
-0.872,0.486,-1.089,8.484,-14.404,50.598,163.987,59.678,-107.584
-0.617,0.487,-1.022,16.113,11.353,70.923,162.812,58.585,-110.709
-0.621,0.496,-1.045,30.457,-3.967,62.744,161.774,57.36,-114.423
-0.57,0.34,-0.904,40.039,-1.892,45.837,161.949,56.596,-117.235
-0.381,0.171,-0.695,43.03,-6.104,36.194,162.856,56.052,-119.273
-0.361,0.142,-0.629,33.081,-25.879,41.138,163.482,56.201,-121.377
-0.43,0.217,-0.618,29.663,-30.579,56.152,163.257,56.761,-124.371
-0.52,0.307,-0.712,27.466,-37.598,67.2,162.471,57.266,-128.145
-0.714,0.434,-0.876,33.691,-24.353,81.909,161.252,57.409,-132.742
-0.692,0.384,-0.977,38.574,-15.808,78.247,160.549,56.717,-137.153
-0.605,0.316,-0.882,39.307,-24.78,79.956,159.769,56.305,-141.619
-0.461,0.1,-0.747,49.011,-28.198,61.218,159.736,56.118,-145.492
-0.605,0.094,-0.728,43.457,-37.598,66.65,159.994,56.662,-148.909
-0.638,0.108,-0.731,47.241,-28.381,79.712,159.983,56.887,-152.737
-0.625,0.165,-0.777,51.453,-7.507,90.393,159.944,56.376,-156.857
-0.445,0.133,-0.759,51.086,-4.822,86.06,160.258,55.085,-160.73
-0.515,0.123,-0.799,50.049,-22.217,70.801,160.686,54.487,-164.306
-0.491,0.038,-0.771,44.922,-20.325,57.983,161.488,54.525,-167.102
-0.503,0.039,-0.776,36.56,-28.198,54.932,162.043,54.844,-169.568
-0.635,0.043,-0.903,30.334,-23.315,49.316,162.46,55.399,-171.689
-0.517,0.113,-0.902,20.447,-17.273,44.739,162.57,55.585,-173.496
-0.76,0.338,-0.916,7.996,-37.659,37.048,161.977,56.585,-175.369
-0.439,0.293,-0.719,8.484,-2.563,33.447,161.614,56.728,-176.644
-0.395,0.429,-0.774,7.629,-13.428,38.757,160.928,56.343,-178.187
-0.517,0.325,-0.8,27.1,-10.071,24.292,160.944,56.431,-179.72
-0.51,0.269,-0.78,29.175,-3.174,29.175,161.537,56.146,179.16
-0.456,0.233,-0.784,29.541,2.075,36.804,162.147,55.519,177.83
-0.405,0.281,-0.767,29.358,-9.827,42.542,162.493,54.954,176.056
-0.481,0.312,-0.768,30.762,-15.93,45.654,162.598,54.805,173.793
-0.475,0.273,-0.749,28.87,-19.714,42.725,162.746,54.86,171.53
-0.506,0.278,-0.766,22.827,-22.705,45.105,162.62,55.096,169.211
-0.477,0.303,-0.788,20.386,-23.193,49.561,162.147,55.311,166.679
-0.496,0.346,-0.819,19.348,-32.776,53.894,161.4,55.624,163.768
-0.705,0.424,-0.87,20.081,-36.926,63.293,160.241,56.277,160.225
-0.672,0.374,-0.865,30.945,-21.362,58.167,159.274,56.492,156.709
-0.411,0.189,-0.77,41.321,-9.338,37.048,159.686,56.129,154.479
-0.547,0.18,-0.759,40.894,-36.926,34.729,160.472,56.777,152.567
-0.682,0.118,-0.805,45.105,-14.771,40.039,161.406,57.294,150.524
-0.583,0.101,-0.844,43.518,18.311,43.335,162.603,56.459,148.997
-0.271,0.084,-0.809,31.372,18.005,46.387,163.603,54.783,147.53
-0.321,0.121,-0.807,24.231,-10.437,31.738,164.103,54.152,145.706
-0.349,0.061,-0.701,16.663,-16.541,11.047,164.795,54.426,144.646
-0.466,0.066,-0.703,10.254,-14.038,-2.808,165.482,55.124,144.388
-0.345,-0.005,-0.616,2.38,-8.484,-20.203,166.41,55.706,145.228
-0.435,0.053,-0.63,-11.719,-23.743,-31.25,167.086,56.898,146.722
-0.38,0.069,-0.557,-6.836,-28.748,-46.57,167.932,58.661,148.881
-0.495,0.049,-0.635,-8.667,-43.762,-31.86,168.986,60.809,151.111
-0.874,0.162,-0.844,-10.01,-38.94,-17.944,169.288,63.232,152.38
-0.966,0.295,-1.068,-8.545,-6.165,-3.784,169.217,64.462,153.309
-0.974,0.395,-1.096,-1.77,18.921,0.122,168.849,64.479,153.803
-0.727,0.383,-1.04,-1.465,37.17,-6.042,169.124,63.094,154.891
-0.567,0.348,-0.936,5.127,18.311,-21.057,169.728,61.743,156.313
-0.59,0.181,-0.805,3.235,12.39,-45.532,171.189,61.364,158.802
-0.612,0.155,-0.757,-8.484,10.742,-60.425,172.963,61.304,162.581
-0.541,0.116,-0.674,-16.541,13.0,-57.983,174.37,61.095,166.564
-0.497,0.206,-0.645,-15.076,14.16,-53.162,175.424,60.837,170.31
-0.425,0.149,-0.599,-2.869,8.057,-29.236,176.391,60.529,173.095
-0.443,0.231,-0.65,11.475,4.944,20.325,176.347,60.183,173.227
-0.479,0.074,-0.643,18.005,4.15,33.264,175.979,59.843,171.557
-0.406,0.173,-0.643,4.333,2.808,33.569,174.996,59.354,169.678
-0.475,0.156,-0.661,-2.502,-18.25,19.714,173.974,59.678,168.278
-0.454,0.208,-0.704,-0.549,-23.621,29.053,172.716,60.386,166.74
-0.77,0.223,-0.92,4.395,-38.269,20.935,171.535,61.699,164.954
-1.027,0.185,-1.007,6.897,-22.339,15.198,170.678,63.21,163.586
-0.761,0.015,-0.844,7.019,-6.287,-8.301,170.837,63.567,163.608
-0.94,0.12,-0.992,-0.977,7.324,5.859,171.233,63.787,164.339
-0.606,0.062,-0.886,11.047,42.664,17.639,171.277,62.408,164.207
-0.298,0.027,-0.764,5.066,21.179,16.296,171.502,60.485,163.954
-0.402,0.076,-0.685,-0.549,-18.555,13.855,171.233,60.304,163.191
-0.58,0.065,-0.668,5.798,-14.099,4.028,171.068,61.089,162.554
-0.514,-0.036,-0.673,6.653,-6.775,-9.46,171.837,61.348,163.087
-0.706,-0.034,-0.778,-0.793,-15.869,-6.653,172.491,62.117,163.867
-0.552,-0.033,-0.692,-1.16,-1.77,1.831,172.744,62.523,164.35
-0.619,0.052,-0.715,2.869,4.456,13.733,172.595,62.622,164.163
-0.524,0.021,-0.683,0.854,5.798,7.263,172.628,62.177,163.998
-0.409,-0.005,-0.627,-4.7,7.202,0.244,172.733,61.87,164.301
-0.297,-0.01,-0.49,-16.113,-12.939,-5.127,172.513,62.117,164.729
-0.677,0.175,-0.667,-23.01,-43.152,-10.742,171.821,63.682,165.135
-0.965,0.275,-0.824,-3.54,-12.207,-9.094,171.343,65.435,165.685
-1.063,0.33,-0.992,-6.592,-13.489,3.967,171.409,65.759,166.311
-0.889,0.302,-0.94,4.761,31.982,13.367,170.722,65.577,165.905
-0.716,0.328,-0.952,0.0,22.522,1.953,170.678,63.979,166.13
-0.653,0.293,-0.91,-4.028,20.935,1.648,170.513,62.974,166.388
-0.61,0.274,-0.832,-12.024,7.141,-5.249,170.178,62.298,166.789
-0.611,0.302,-0.751,-15.808,4.578,-1.709,169.475,62.073,167.135
-0.479,0.302,-0.607,-14.832,-0.244,2.625,168.525,61.913,167.173
-0.486,0.334,-0.561,-10.01,-8.362,8.057,167.388,62.095,166.696
-0.471,0.347,-0.557,-2.441,5.066,9.827,166.448,62.018,166.075
-0.347,0.295,-0.524,7.629,11.719,10.254,166.08,61.304,165.624
-0.373,0.328,-0.574,10.559,-6.775,15.808,165.696,60.98,164.745
-0.395,0.271,-0.566,11.475,-17.639,21.484,165.135,61.232,163.251
-0.623,0.356,-0.781,6.042,-32.104,30.09,163.954,61.897,161.065
-0.992,0.362,-1.051,8.728,-24.17,32.41,162.548,62.803,158.527
-0.907,0.279,-0.949,15.381,7.996,30.762,161.592,62.88,156.517
-0.777,0.219,-0.864,3.662,-10.254,2.808,161.829,62.177,156.198
-0.769,0.217,-0.879,4.15,12.024,-6.042,162.153,62.336,156.555
-0.58,0.18,-0.838,6.897,25.574,-5.615,163.059,61.644,157.615
-0.394,0.209,-0.721,-1.16,6.165,12.024,163.466,60.71,157.978
-0.507,0.243,-0.673,4.883,-12.939,9.583,163.098,60.738,157.115
-0.571,0.157,-0.658,7.874,-11.23,-5.127,163.378,61.205,156.83
-0.656,0.08,-0.711,7.812,-3.601,-16.174,164.097,61.826,157.346
-0.665,0.017,-0.75,-4.456,8.728,-20.081,165.223,61.99,158.818
-0.665,0.104,-0.791,-8.301,16.357,-15.259,165.789,61.749,160.318
-0.427,0.034,-0.666,-7.446,15.808,-20.752,166.624,61.243,162.087
-0.499,0.119,-0.629,-16.968,-13.245,-10.742,166.712,61.6,163.12
-0.524,0.127,-0.597,-8.24,2.258,-12.756,166.701,62.089,163.9
-0.463,0.176,-0.586,-6.531,0.0,-4.517,166.838,62.106,164.669
-0.393,0.164,-0.558,2.38,-0.977,1.526,166.888,62.111,164.817
-0.411,0.149,-0.611,0.854,-21.912,4.395,166.866,62.589,164.504
-0.908,0.296,-0.813,-0.488,-24.78,1.648,166.212,64.006,163.696
-0.773,0.276,-0.898,0.183,11.78,-1.953,166.454,63.968,164.163
-0.994,0.35,-1.073,5.493,16.357,0.061,166.306,63.743,164.251
-0.718,0.344,-1.001,-0.671,35.889,1.892,166.729,62.353,165.026
-0.546,0.309,-0.909,1.16,19.775,2.991,166.805,60.919,165.366
-0.56,0.291,-0.827,-2.991,1.099,0.305,166.734,60.463,165.438
-0.548,0.259,-0.73,-5.554,-4.333,-2.319,166.481,60.485,165.416
-0.524,0.285,-0.654,-7.263,-6.531,1.099,166.014,60.694,165.372
-0.539,0.287,-0.619,-2.136,-5.31,3.235,165.498,60.952,165.119
-0.475,0.282,-0.59,4.333,0.244,7.812,165.163,60.963,164.767
-0.478,0.274,-0.584,7.019,-7.141,14.221,164.883,60.98,164.042
-0.495,0.32,-0.609,7.69,-3.357,24.841,164.251,60.875,162.724
-0.465,0.336,-0.602,10.803,-6.47,24.231,163.592,60.634,161.153
-0.45,0.282,-0.543,14.221,-19.958,15.808,163.185,60.969,159.747
-0.598,0.259,-0.613,12.573,-19.348,14.832,162.823,61.738,158.461
-0.745,0.274,-0.817,7.69,-7.141,8.301,162.642,62.018,157.692
-0.784,0.255,-0.918,1.831,-3.906,6.836,162.449,62.276,157.313
-0.74,0.218,-0.928,-4.395,-3.54,-2.563,162.186,62.589,157.297
-0.898,0.276,-0.961,4.761,21.301,-0.854,161.977,63.001,157.544
-0.625,0.198,-0.884,6.165,29.48,-1.404,162.999,61.628,158.741
-0.526,0.204,-0.831,3.296,21.362,13.428,163.471,60.381,159.131
-0.55,0.258,-0.805,6.653,13.55,16.479,163.383,59.409,158.599
-0.389,0.186,-0.673,7.507,5.432,5.432,163.685,58.656,158.302
-0.528,0.182,-0.666,5.371,-12.939,0.366,163.965,58.837,158.099
-0.652,0.155,-0.721,7.446,10.071,-0.549,164.306,59.079,158.126
-0.485,0.108,-0.688,2.747,16.479,-4.333,164.998,58.387,158.879
-0.463,0.087,-0.671,-1.465,16.785,-6.958,165.443,57.838,159.62
-0.41,0.086,-0.634,-9.338,7.141,-12.085,165.795,57.469,160.62
-0.466,0.129,-0.651,-14.832,4.822,-7.935,165.718,57.442,161.4
-0.409,0.154,-0.645,-13.367,10.681,-13.489,165.591,57.239,162.263
-0.302,0.186,-0.647,-15.808,1.343,-18.555,165.608,57.184,163.405
-0.598,0.348,-0.819,-16.541,-25.269,-13.245,165.234,58.024,164.07
-0.747,0.36,-0.951,-1.587,-4.639,-15.442,165.146,58.947,164.603
-0.843,0.461,-1.09,3.296,7.446,-0.427,165.322,58.865,165.097
-0.775,0.369,-1.13,10.742,33.142,-7.935,166.069,57.876,165.877
-0.384,0.307,-1.015,3.479,22.217,-2.441,166.729,56.239,166.679
-0.452,0.267,-0.893,-2.991,-4.578,-9.644,166.877,55.931,167.042
-0.5,0.253,-0.773,-7.507,-16.907,-3.845,166.685,56.437,167.19
-0.521,0.263,-0.685,-5.188,-5.981,3.723,166.13,56.997,166.893
-0.454,0.302,-0.639,-3.357,-8.301,10.681,165.569,57.096,166.432
-0.49,0.312,-0.642,4.395,4.7,22.156,164.91,57.052,165.443
-0.306,0.301,-0.568,10.01,3.235,26.978,164.454,56.343,164.273
-0.458,0.367,-0.633,16.541,-12.878,37.048,163.828,56.151,162.318
-0.296,0.312,-0.623,20.081,-11.414,29.48,163.499,56.014,160.263
-0.401,0.287,-0.649,18.494,-28.442,17.334,163.273,56.684,158.467
-0.691,0.278,-0.85,10.071,-26.001,2.869,163.328,57.733,157.544
-0.839,0.345,-1.02,7.324,-6.165,10.315,163.18,58.299,156.956
-0.573,0.196,-0.952,12.146,18.066,-2.625,163.636,58.008,157.099
-0.841,0.293,-1.081,2.747,0.427,0.183,163.965,58.002,157.473
-0.604,0.183,-1.015,9.583,30.273,-2.075,164.762,56.964,158.203
-0.327,0.114,-0.904,1.282,11.108,5.493,165.394,55.871,158.67
-0.461,0.231,-0.771,-6.592,-22.766,17.822,164.734,56.195,157.577
-0.497,0.248,-0.664,0.732,-12.39,10.132,164.18,56.739,156.473
-0.607,0.257,-0.672,5.371,-16.296,4.456,163.998,57.321,155.869
-0.622,0.151,-0.749,12.207,10.559,-10.01,164.553,57.601,156.165
-0.596,0.134,-0.773,8.972,20.569,-17.944,165.69,57.244,157.582
-0.456,0.046,-0.814,7.08,31.738,-23.865,167.102,56.321,159.549
-0.325,0.037,-0.73,-8.179,5.066,-16.174,168.085,55.607,161.252
-0.517,0.121,-0.718,-10.254,-4.211,-8.789,168.058,55.992,161.823
-0.345,0.088,-0.622,-13.367,2.38,-8.484,168.047,55.959,162.499
-0.453,0.15,-0.626,-14.709,-9.583,-10.559,167.662,56.387,162.944
-0.475,0.144,-0.647,-15.808,-4.395,-16.113,167.459,56.898,163.872
-0.554,0.172,-0.78,-23.438,-14.648,-13.062,167.064,57.453,164.8
-0.67,0.322,-0.824,-21.179,-20.752,-10.071,166.086,58.656,165.207
-0.687,0.412,-0.932,-17.456,-5.005,-1.16,165.317,59.299,165.635
-0.918,0.539,-1.077,5.066,12.512,7.507,164.625,59.244,165.383
-0.603,0.418,-1.056,9.46,41.626,14.343,165.086,57.508,165.63
-0.379,0.396,-0.984,8.789,20.386,15.015,165.075,55.778,165.157
-0.325,0.257,-0.784,0.977,-10.132,-8.667,165.229,55.421,165.015
-0.468,0.24,-0.689,-2.869,-20.508,-10.071,165.168,56.332,165.097
-0.414,0.276,-0.633,-4.028,-7.446,3.845,164.855,56.909,164.938
-0.386,0.314,-0.585,4.883,-14.954,12.939,164.35,57.162,164.152
-0.419,0.276,-0.568,15.076,-20.264,11.597,164.103,57.717,162.993
-0.478,0.245,-0.574,12.634,-29.419,10.864,164.042,58.629,161.878
-0.643,0.279,-0.68,10.376,-24.902,12.268,163.674,59.865,160.659
-0.715,0.32,-0.817,7.08,-20.325,11.047,163.422,60.677,159.829
-0.765,0.439,-0.898,11.23,-25.696,24.048,162.828,61.49,158.56
-0.653,0.297,-0.923,25.757,-25.574,23.56,162.499,62.155,156.693
-0.947,0.251,-0.832,21.118,-29.785,18.799,162.12,63.847,154.655
-0.864,0.185,-0.797,20.447,3.479,-2.686,162.834,64.149,154.457
-0.742,0.201,-0.873,18.86,35.828,17.883,163.916,62.99,154.913
-0.404,0.203,-0.802,18.25,26.978,36.011,164.202,60.991,153.984
-0.443,0.265,-0.781,24.048,-8.606,29.968,164.251,60.216,152.183
-0.626,0.187,-0.728,28.259,-9.644,21.301,164.625,60.403,150.397
-0.547,0.107,-0.645,23.315,-2.38,7.019,165.515,60.403,149.678
-0.578,0.11,-0.682,15.503,5.432,3.662,166.344,60.425,149.518
-0.365,0.015,-0.65,11.475,7.446,-9.277,167.399,59.991,149.958
-0.589,0.099,-0.669,3.784,-5.249,-15.442,168.19,60.419,150.546
-0.471,-0.013,-0.617,3.601,5.493,-26.855,169.442,60.595,151.935
-0.616,0.05,-0.667,-5.249,5.127,-17.273,170.387,60.787,153.353
-0.548,0.046,-0.695,-7.263,13.55,-18.066,171.03,60.54,154.627
-0.502,0.115,-0.718,-11.963,1.709,-21.057,171.491,60.364,156.0
-0.615,0.14,-0.77,-13.245,-20.569,-22.705,171.766,61.046,157.286
-0.906,0.27,-0.91,-8.911,-10.803,-16.052,171.716,62.43,158.275
-0.82,0.353,-0.951,5.188,10.254,4.395,171.892,62.205,158.824
-0.797,0.363,-0.998,24.658,29.053,23.438,172.057,61.199,158.104
-0.618,0.234,-0.954,31.067,32.898,16.968,172.782,59.436,157.203
-0.505,0.089,-0.905,6.897,33.63,-9.583,173.661,57.81,157.44
-0.293,0.055,-0.709,-21.79,21.301,-35.767,173.969,56.646,159.109
-0.363,0.203,-0.676,-35.156,-6.958,-34.302,173.485,56.722,161.104
-0.365,0.312,-0.651,-9.155,0.61,-2.808,172.798,56.964,161.823
-0.322,0.275,-0.666,16.907,-16.602,34.79,172.26,57.008,160.274
-0.423,0.216,-0.634,36.926,-38.757,61.401,171.579,57.843,156.616
-0.519,0.146,-0.642,36.316,-47.119,56.519,170.903,59.293,152.303
-0.791,0.059,-0.744,20.203,-41.504,27.649,170.409,61.046,149.101
-0.895,0.047,-0.813,-10.803,-20.508,8.789,169.728,62.38,147.816
-0.907,-0.002,-0.961,-30.151,-13.611,-10.681,169.063,62.891,148.14
-1.088,0.278,-1.03,-23.01,3.784,4.456,167.811,63.814,148.453
-0.749,0.227,-0.909,12.268,49.988,31.311,167.267,62.331,147.986
-0.415,0.135,-0.865,21.057,27.527,34.119,167.531,59.886,146.805
-0.459,0.122,-0.762,23.621,2.197,34.912,167.706,58.991,144.8
-0.355,0.058,-0.611,19.653,-9.094,30.823,167.838,58.705,142.57
-0.535,0.092,-0.61,15.869,-18.25,22.705,167.816,59.227,140.438
-0.413,0.033,-0.545,18.066,-1.038,18.677,168.179,59.31,138.933
-0.546,0.08,-0.617,14.832,-17.212,30.701,168.239,59.557,136.989
-0.571,0.053,-0.646,19.226,-9.155,27.954,168.212,59.892,134.753
-0.641,0.113,-0.71,14.221,-13.184,30.396,168.162,60.271,132.616
-0.626,0.147,-0.825,13.733,-9.705,35.034,167.871,60.342,130.177
-0.717,0.276,-0.95,20.386,-12.451,43.64,167.217,60.732,127.211
-1.0,0.407,-1.094,18.494,-32.288,66.345,165.916,61.309,123.052
-0.588,0.324,-0.875,23.621,10.498,78.247,164.509,60.524,118.433
-0.389,0.369,-0.729,20.081,-21.545,81.421,162.735,59.474,113.269
-0.609,0.424,-0.726,31.311,-30.212,63.721,161.18,59.447,108.193
-0.6,0.341,-0.705,51.819,-11.414,50.293,161.147,59.343,104.37
-0.584,0.237,-0.692,63.11,-7.08,54.871,162.153,58.859,100.948
-0.616,0.197,-0.751,57.007,-6.165,64.087,163.114,58.288,96.949
-0.505,0.167,-0.751,48.279,0.0,65.125,163.751,57.453,92.521
-0.452,0.204,-0.775,31.372,-17.639,60.059,163.801,56.882,87.973
-0.666,0.272,-0.885,32.715,-4.944,53.711,163.499,56.849,83.606
-0.42,0.193,-0.889,26.062,-8.362,51.025,163.696,55.997,79.926
-0.643,0.297,-0.887,18.799,-28.381,79.956,162.51,56.135,74.751
-0.429,0.254,-0.781,28.381,-21.667,82.092,161.219,55.58,68.84
-0.591,0.235,-0.767,40.1,-43.152,68.542,160.768,55.827,63.32
-0.715,0.172,-0.752,53.345,-32.898,67.444,160.922,56.42,57.755
-0.667,0.124,-0.759,60.73,5.859,81.97,161.807,55.706,52.306
-0.386,0.095,-0.754,55.054,8.667,103.699,162.598,53.498,46.181
-0.38,0.114,-0.786,49.927,-18.005,88.013,163.021,52.163,39.842
-0.523,0.129,-0.776,45.898,-29.663,68.481,163.537,52.169,34.294
-0.512,0.064,-0.775,42.175,-24.048,54.504,164.328,52.504,29.658
-0.553,0.053,-0.825,32.654,-25.452,45.166,165.075,52.987,25.692
-0.55,0.043,-0.87,23.193,-14.648,41.199,165.558,53.377,22.192
-0.559,0.125,-0.936,6.042,-29.602,36.987,165.465,53.767,18.94
-0.781,0.276,-0.992,2.808,-20.63,31.006,164.663,54.794,15.771
-0.365,0.203,-0.785,-1.404,-4.761,25.94,164.262,54.772,13.37
-0.301,0.31,-0.769,-1.526,-14.404,28.687,163.372,54.783,10.909
-0.518,0.35,-0.807,2.93,-25.391,17.09,162.647,55.519,8.624
-0.555,0.437,-0.867,9.766,6.47,23.132,162.444,55.366,6.85
-0.36,0.386,-0.841,30.396,19.348,33.081,162.746,54.047,4.719
-0.267,0.265,-0.807,35.645,-8.301,32.043,163.608,53.146,2.516
-0.463,0.229,-0.785,34.546,-21.484,37.659,164.18,53.399,-0.225
-0.45,0.197,-0.733,26.855,-22.644,41.382,164.421,53.624,-3.296
-0.556,0.254,-0.768,21.118,-18.738,39.307,164.279,54.064,-6.471
-0.473,0.251,-0.834,19.531,-2.258,28.687,164.383,53.893,-9.053
-0.388,0.284,-0.798,13.062,-21.118,27.771,164.35,53.976,-11.332
-0.519,0.331,-0.812,13.428,-32.349,33.508,163.911,54.789,-14.013
-0.64,0.393,-0.788,17.883,-37.109,38.757,163.174,55.854,-17.325
-0.625,0.33,-0.859,28.32,-13.062,33.142,162.982,56.442,-20.468
-0.377,0.233,-0.753,35.95,-7.507,28.809,163.438,56.354,-23.049
-0.427,0.125,-0.719,33.752,-48.096,18.616,164.361,56.97,-25.192
-0.821,0.093,-0.811,41.687,-26.672,20.081,165.207,58.854,-27.444
-0.794,0.1,-0.888,38.269,18.127,31.067,166.322,58.793,-29.454
-0.375,0.006,-0.822,28.381,36.865,32.654,167.52,56.744,-31.058
-0.284,0.069,-0.773,9.949,-7.385,23.865,167.811,55.898,-32.613
-0.454,0.084,-0.687,6.592,-11.353,10.071,167.953,56.261,-33.607
-0.404,0.068,-0.649,6.531,0.854,2.319,168.267,56.36,-34.085
-0.431,0.052,-0.725,0.244,2.014,-8.362,168.882,56.25,-33.805
-0.286,0.01,-0.668,-1.038,5.798,-17.944,169.514,56.102,-33.03
-0.406,0.062,-0.646,-10.01,-20.874,-19.714,169.958,56.799,-31.97
-0.341,0.026,-0.665,-8.484,-23.682,-19.043,170.392,57.662,-31.009
-0.94,0.233,-0.912,-7.751,-46.326,-10.01,170.239,60.002,-30.8
-0.947,0.262,-1.042,-3.784,-3.784,-5.676,170.244,61.304,-30.948
-0.847,0.32,-1.077,1.831,33.936,12.146,170.25,60.749,-31.333
-0.475,0.35,-1.1,-1.404,40.894,19.043,169.926,58.601,-32.355
-0.4,0.372,-0.989,-4.028,1.343,7.446,169.393,57.349,-33.245
-0.541,0.298,-0.836,0.977,-10.315,-10.01,169.107,57.574,-33.673
-0.607,0.262,-0.752,-2.625,-13.672,-11.597,169.261,58.26,-33.492
-0.605,0.291,-0.718,-2.075,-2.686,-0.854,169.014,58.689,-33.843
-0.494,0.279,-0.637,-1.587,-0.061,-2.441,168.772,58.793,-34.36
-0.415,0.278,-0.574,-1.282,-8.423,-2.197,168.525,59.046,-34.882
-0.462,0.265,-0.569,0.0,-4.028,0.61,168.201,59.474,-35.651
-0.423,0.268,-0.553,-0.061,-11.23,0.793,167.86,59.826,-36.453
-0.574,0.294,-0.583,3.784,-8.362,11.108,167.272,60.447,-37.831
-0.57,0.342,-0.643,4.089,-5.432,12.817,166.712,60.54,-39.413
-0.413,0.228,-0.572,9.155,1.099,7.019,166.476,60.595,-40.776
-0.758,0.333,-0.86,-0.244,-27.832,15.32,165.948,61.139,-42.193
-0.843,0.265,-1.002,9.399,6.165,21.667,165.168,61.348,-44.231
-0.892,0.263,-1.06,12.329,5.493,12.146,165.059,61.243,-45.45
-0.718,0.201,-1.06,9.277,21.667,14.221,165.394,60.304,-46.187
-0.598,0.172,-0.979,12.817,23.743,11.23,165.773,59.156,-46.708
-0.442,0.164,-0.869,6.287,12.39,17.639,166.179,58.002,-47.126
-0.417,0.184,-0.73,10.62,1.465,17.09,166.113,57.415,-48.137
-0.409,0.156,-0.663,9.949,-6.409,10.193,166.344,57.272,-48.856
-0.553,0.125,-0.709,10.742,-1.16,3.418,166.668,57.387,-49.378
-0.426,0.05,-0.652,10.254,7.996,-10.742,167.47,57.211,-49.109
-0.486,0.059,-0.731,6.836,5.737,-13.916,168.508,57.14,-48.208
-0.325,-0.024,-0.611,3.174,2.93,-13.123,169.448,57.008,-47.274
-0.469,0.051,-0.62,-10.62,-17.456,-6.592,169.678,57.634,-46.626
-0.476,0.084,-0.652,-6.836,0.916,-4.028,169.596,57.975,-46.324
-0.417,0.074,-0.72,-6.47,1.77,-6.775,169.706,58.013,-45.862
-0.675,0.181,-0.866,-11.78,-12.878,-5.005,169.481,58.453,-45.555
-0.683,0.209,-0.934,-15.686,-0.488,-5.92,169.244,58.683,-45.187
-0.884,0.485,-1.225,-20.325,9.277,15.747,168.184,58.184,-45.516
-0.467,0.339,-1.081,4.333,38.391,3.662,167.932,56.7,-45.934
-0.496,0.338,-1.027,2.563,3.113,-2.686,168.14,55.695,-45.851
-0.515,0.228,-0.875,-0.427,13.184,-11.414,168.415,55.399,-45.538
-0.382,0.183,-0.744,-7.019,1.099,-10.742,168.563,54.954,-44.89
-0.431,0.185,-0.657,-13.245,-12.451,-5.005,168.173,55.36,-44.681
-0.488,0.247,-0.646,-15.625,-15.32,8.362,167.294,55.953,-45.088
-0.49,0.329,-0.617,-9.399,-3.784,20.081,165.998,56.272,-46.373
-0.479,0.385,-0.659,4.883,7.385,28.137,165.053,55.822,-48.076
-0.445,0.324,-0.643,22.156,7.08,28.503,164.773,55.113,-50.092
-0.333,0.258,-0.619,22.339,4.028,31.311,164.932,54.443,-52.13
-0.357,0.292,-0.712,20.935,-10.925,27.222,164.866,54.245,-54.316
-0.356,0.223,-0.739,16.174,-19.714,14.587,165.004,54.706,-55.942
-0.679,0.337,-0.953,6.897,-37.354,17.761,164.674,55.827,-57.502
-0.77,0.296,-0.983,12.817,-16.174,18.616,164.251,56.915,-59.293
-0.807,0.269,-1.118,9.521,-18.005,3.784,164.454,57.266,-60.128
-0.858,0.197,-1.026,20.996,0.122,-8.24,165.157,58.046,-60.282
-0.515,0.018,-0.907,21.24,34.058,-9.705,167.053,57.129,-59.167
-0.321,0.151,-0.824,-9.216,3.54,37.72,167.086,56.102,-59.595
-0.35,0.278,-0.804,-2.93,-5.432,31.433,165.773,55.574,-61.551
-0.48,0.302,-0.769,3.113,-14.099,13.611,165.07,55.8,-62.858
-0.41,0.151,-0.688,11.23,-2.686,-10.376,165.416,56.058,-63.045
-0.557,0.138,-0.729,-0.122,-15.198,-14.832,166.196,56.58,-62.227
-0.527,0.079,-0.713,0.244,8.24,-25.208,166.778,56.986,-61.221
-0.49,0.056,-0.729,-11.963,4.333,-35.095,167.794,56.953,-59.041
-0.511,0.085,-0.663,-13.916,13.916,-31.616,168.283,57.151,-56.981
-0.444,0.075,-0.572,-17.517,21.362,-35.339,168.887,56.761,-54.641
-0.432,0.13,-0.595,-21.057,30.334,-25.513,169.091,56.03,-52.603
-0.308,0.177,-0.726,-24.963,15.93,-24.536,168.997,55.135,-50.845
-0.566,0.35,-0.991,-18.433,-0.977,-22.644,168.547,55.36,-49.581
-0.662,0.393,-1.145,-19.836,-9.216,-11.902,168.19,55.486,-48.598
-0.676,0.447,-1.074,-4.15,14.648,11.963,167.311,55.607,-49.048
-0.528,0.519,-1.079,3.235,20.142,21.057,166.69,54.283,-50.081
-0.327,0.333,-0.944,14.587,9.644,-3.601,167.064,53.306,-50.422
-0.476,0.235,-0.875,7.446,-9.338,-17.212,167.717,53.586,-49.905
-0.513,0.194,-0.811,-9.705,-9.094,-10.437,167.866,54.141,-49.274
-0.438,0.23,-0.707,-15.991,-12.39,-0.427,167.195,54.619,-49.186
-0.409,0.338,-0.627,-17.822,-21.729,13.55,165.883,55.349,-49.938
-0.479,0.418,-0.633,-3.296,-26.794,19.653,164.465,56.157,-51.548
-0.463,0.351,-0.592,14.404,-14.893,18.494,163.79,56.843,-53.459
-0.537,0.344,-0.63,23.01,-8.789,20.569,163.713,57.2,-55.322
-0.392,0.226,-0.589,21.729,-2.93,11.841,164.125,57.09,-56.805
-0.443,0.195,-0.662,7.324,-12.024,-0.793,164.372,57.508,-57.706
-0.7,0.258,-0.83,-2.625,-13.306,-8.545,164.394,58.222,-57.788
-0.679,0.227,-0.87,-6.592,-4.944,-14.587,164.41,58.711,-57.393
-0.985,0.318,-1.018,-14.038,-24.963,-12.329,164.279,59.601,-56.772
-0.741,0.24,-0.937,3.723,32.166,-10.254,164.592,59.502,-56.129
-0.552,0.217,-0.956,5.615,28.32,0.061,165.443,58.156,-55.217
-0.468,0.208,-0.903,0.549,15.137,16.907,165.487,57.036,-55.481
-0.413,0.188,-0.817,-5.493,8.057,10.01,165.146,56.332,-55.953
-0.47,0.234,-0.774,-10.803,5.554,-2.441,164.713,55.953,-55.909
-0.423,0.166,-0.674,-16.357,4.883,-25.513,164.702,55.882,-54.767
-0.563,0.099,-0.656,-31.006,15.808,-52.429,164.767,56.228,-52.449
-0.595,0.155,-0.735,-48.95,47.058,-80.994,165.119,55.844,-48.186
-0.459,0.182,-0.726,-58.167,57.373,-95.093,165.58,54.745,-42.413
-0.354,0.128,-0.76,-62.805,49.683,-97.29,165.828,53.613,-36.359
-0.27,0.125,-0.793,-74.951,30.701,-80.017,165.256,53.026,-30.844
-0.25,0.299,-0.744,-60.425,1.953,-45.41,163.702,53.119,-27.07
-0.319,0.378,-0.725,-30.151,-17.456,-1.404,162.114,53.734,-25.845
-0.32,0.454,-0.665,1.953,-24.475,30.334,160.763,54.201,-27.087
-0.596,0.41,-0.713,30.151,-38.33,26.123,160.384,55.042,-29.559
-0.643,0.305,-0.817,27.161,-22.583,27.344,160.73,55.849,-31.937
-0.703,0.531,-0.902,17.029,-34.668,42.419,160.269,56.453,-34.849
-0.898,0.528,-0.974,22.278,-4.211,51.27,159.505,56.613,-38.48
-0.574,0.568,-0.923,21.606,29.48,40.955,159.395,54.888,-40.935
-0.406,0.448,-0.904,27.1,16.235,21.729,159.977,53.278,-42.457
-0.438,0.351,-0.816,23.193,-6.409,13.733,160.724,52.932,-43.61
-0.469,0.326,-0.74,19.592,-7.69,22.827,161.06,52.976,-45.115
-0.368,0.301,-0.601,15.015,-20.813,25.085,161.027,53.108,-47.032
-0.341,0.302,-0.533,14.648,-24.658,24.78,160.714,53.762,-49.252
-0.382,0.33,-0.523,12.756,-34.302,29.053,160.236,54.641,-51.691
-0.418,0.395,-0.555,18.188,-27.954,35.339,159.521,55.486,-54.657
-0.349,0.355,-0.532,25.33,-27.588,27.954,159.153,56.063,-57.612
-0.713,0.439,-0.812,22.095,-49.988,25.146,158.939,57.244,-60.37
-0.868,0.379,-0.957,32.166,-21.729,19.165,158.89,58.574,-63.067
-0.756,0.221,-1.102,32.166,-14.343,2.686,160.065,59.068,-64.155
-0.884,0.21,-1.058,32.227,6.104,13.428,161.016,59.892,-65.094
-0.694,0.156,-1.015,22.034,35.767,15.137,162.477,58.354,-65.138
-0.361,0.16,-0.947,9.949,43.396,30.151,163.12,56.025,-65.479
-0.223,0.243,-0.83,0.977,0.366,19.958,162.944,54.662,-66.209
-0.45,0.216,-0.741,9.155,-14.709,2.319,163.043,55.042,-66.605
-0.466,0.176,-0.688,10.803,-8.179,-1.16,163.636,55.421,-66.517
-0.552,0.125,-0.744,16.235,6.287,-5.615,164.52,55.53,-66.226
-0.379,0.018,-0.701,7.751,13.123,-13.367,165.773,55.031,-65.171
-0.414,0.059,-0.698,-5.615,-5.005,-12.207,166.322,55.223,-64.144
-0.461,0.131,-0.675,-9.155,-1.038,-8.179,166.487,55.552,-63.254
-0.397,0.158,-0.632,-6.836,-4.578,-3.418,166.393,55.745,-62.831
-0.438,0.157,-0.662,-4.211,-7.751,-5.249,166.399,56.162,-62.523
-0.448,0.159,-0.78,-4.761,-8.911,-3.479,166.443,56.481,-62.26
-0.674,0.243,-0.908,-6.287,-15.381,-7.141,166.207,57.36,-62.21
-0.532,0.301,-0.954,-15.625,-2.319,2.747,165.97,57.634,-61.963
-1.108,0.539,-1.177,-3.479,-2.563,14.893,164.729,58.189,-62.974
-0.505,0.479,-0.982,-0.61,46.326,25.94,164.498,56.234,-63.66
-0.525,0.457,-0.947,13.794,14.526,16.479,164.174,54.651,-64.836
-0.469,0.264,-0.812,5.066,7.385,-12.634,164.685,54.168,-64.94
-0.487,0.243,-0.713,-16.663,-1.282,-27.588,164.817,54.448,-63.853
-0.447,0.319,-0.639,-19.226,3.174,-10.315,164.284,54.778,-63.051
-0.35,0.43,-0.625,-8.667,-1.16,16.846,163.29,54.58,-63.765
-0.25,0.366,-0.563,11.23,-0.305,26.001,162.592,54.185,-65.665
-0.353,0.4,-0.688,17.517,-19.043,24.78,162.23,54.25,-67.885
-0.331,0.297,-0.712,24.109,-9.399,19.47,162.339,54.36,-69.955
-0.216,0.227,-0.661,17.761,-26.245,10.681,162.636,54.767,-71.384
-0.625,0.293,-0.821,4.761,-57.007,3.54,162.4,56.514,-72.746
-0.898,0.292,-0.988,5.493,-27.161,0.244,162.054,58.442,-73.878
-0.587,0.138,-0.887,1.77,-13.611,-15.991,162.356,59.425,-73.823
-1.123,0.345,-1.085,-5.005,-20.752,-4.333,161.993,61.221,-73.806
-0.714,0.232,-0.888,5.31,34.302,-0.549,162.515,60.634,-73.268
-0.504,0.253,-0.886,1.16,16.296,17.456,162.856,59.299,-73.07
-0.487,0.263,-0.788,2.441,0.0,16.052,162.493,58.727,-73.894
-0.501,0.242,-0.692,4.211,-14.038,2.441,162.4,58.859,-74.388
-0.583,0.175,-0.667,8.606,-8.972,-4.883,162.713,59.496,-74.471
-0.546,0.122,-0.641,6.104,-2.014,-9.949,163.411,59.843,-73.954
-0.516,0.092,-0.613,3.662,1.465,-12.817,164.174,60.095,-73.12
-0.553,0.073,-0.667,1.404,7.996,-18.066,165.081,60.183,-71.895
-0.442,0.045,-0.62,-2.075,10.315,-16.479,165.954,60.068,-70.428
-0.47,0.081,-0.636,-9.888,-6.958,-9.949,166.278,60.326,-69.362
-0.472,0.134,-0.628,-9.644,-1.77,-5.493,166.24,60.727,-68.659
-0.5,0.218,-0.713,-9.216,-10.376,0.793,165.943,61.024,-68.423
-0.694,0.347,-0.845,7.263,-9.399,10.376,165.427,61.595,-69.016
-0.816,0.361,-0.953,3.601,-26.55,13.184,165.3,62.062,-69.89
-1.114,0.456,-1.045,15.686,7.446,19.897,164.773,62.715,-71.389
-0.666,0.393,-0.942,21.423,43.335,22.827,165.245,60.864,-72.246
-0.458,0.294,-0.898,21.912,24.719,9.338,165.965,59.041,-72.867
-0.472,0.204,-0.806,11.169,2.93,-4.883,166.8,58.376,-72.795
-0.528,0.189,-0.766,2.075,5.92,-2.075,167.201,58.266,-72.532
-0.419,0.223,-0.683,-1.404,5.371,6.775,167.157,57.887,-72.504
-0.348,0.274,-0.63,2.441,-2.502,21.057,166.663,57.541,-73.312
-0.308,0.269,-0.554,11.169,-10.376,30.457,166.014,57.448,-75.042
-0.388,0.292,-0.596,15.686,-21.24,34.241,165.383,57.612,-77.366
-0.542,0.306,-0.675,20.325,-16.541,32.959,164.855,58.002,-79.882
-0.438,0.257,-0.658,22.4,-14.099,22.522,164.767,58.151,-81.854
-0.651,0.216,-0.843,20.447,-22.461,11.841,165.048,58.804,-83.15
-0.854,0.214,-0.944,16.418,-16.968,17.029,165.212,59.617,-84.271
-0.674,0.114,-0.822,13.977,-10.803,16.235,165.311,60.035,-85.248
-0.939,0.212,-0.96,12.634,-3.845,22.217,165.108,60.535,-86.309
-0.682,0.206,-0.936,15.93,25.208,33.569,165.196,59.348,-87.237
-0.557,0.191,-0.936,20.813,22.949,35.645,165.328,57.799,-88.423
-0.397,0.143,-0.813,19.165,6.104,36.133,165.564,56.585,-89.687
-0.51,0.177,-0.765,16.602,-13.367,35.95,165.443,56.387,-91.296
-0.511,0.164,-0.683,17.944,-11.902,32.776,165.306,56.508,-92.95
-0.525,0.14,-0.639,19.165,-12.939,26.428,165.361,56.766,-94.351
-0.564,0.123,-0.642,23.987,-0.122,19.714,165.701,56.926,-95.378
-0.407,0.019,-0.619,20.874,9.155,13.794,166.657,56.53,-95.614
-0.397,0.09,-0.611,4.822,-11.047,27.832,166.816,56.459,-96.185
-0.494,0.161,-0.625,6.592,-17.151,23.438,166.333,56.975,-97.311
-0.518,0.188,-0.688,14.16,-14.771,23.56,166.19,57.475,-98.333
-0.577,0.143,-0.833,24.597,-12.939,20.813,166.503,57.925,-99.355
-0.658,0.145,-1.003,19.409,-17.7,31.799,166.619,58.524,-100.712
-0.881,0.361,-0.977,17.578,-18.738,40.1,165.828,59.299,-102.931
-0.624,0.294,-0.888,9.888,-4.761,53.65,165.218,58.969,-105.134
-0.584,0.455,-0.827,5.981,-24.292,67.749,163.317,58.651,-108.715
-0.775,0.409,-0.894,34.119,-1.709,39.612,162.592,58.48,-111.698
-0.372,0.188,-0.711,39.001,13.55,39.673,163.482,57.354,-113.231
-0.372,0.213,-0.711,30.334,-5.92,55.176,163.724,56.431,-115.527
-0.338,0.246,-0.671,30.579,-17.029,62.012,163.444,55.931,-118.592
-0.439,0.303,-0.671,25.391,-39.429,67.993,162.724,56.113,-122.316
-0.752,0.436,-0.811,25.879,-39.246,68.97,161.356,56.893,-126.76
-0.667,0.381,-0.875,34.729,9.521,56.519,160.834,56.453,-130.177
-0.519,0.409,-0.918,32.959,2.441,76.355,160.653,54.97,-133.132
-0.484,0.34,-0.907,33.142,-20.874,83.252,160.065,53.773,-137.274
-0.387,0.221,-0.799,44.006,-24.841,63.049,159.857,53.432,-141.257
-0.435,0.163,-0.693,38.025,-51.941,55.969,160.197,54.152,-144.509
-0.695,0.187,-0.748,47.302,-37.842,62.988,160.236,55.283,-148.189
-0.677,0.137,-0.816,57.434,3.784,63.11,161.131,54.844,-151.095
-0.373,0.046,-0.766,51.758,9.949,69.214,162.438,53.339,-153.474
-0.41,0.042,-0.753,37.537,-28.259,65.125,162.938,52.971,-156.418
-0.576,0.062,-0.736,32.41,-30.151,51.758,163.185,53.778,-158.978
-0.582,0.033,-0.765,30.884,-22.522,48.34,163.504,54.382,-160.966
-0.568,-0.01,-0.82,25.879,-17.151,45.166,163.779,54.789,-162.642
-0.526,0.088,-0.805,3.418,-25.635,56.213,163.213,55.173,-164.515
-0.822,0.292,-0.944,3.784,-21.729,39.673,161.834,55.97,-166.729
-0.685,0.405,-0.991,5.066,10.437,26.306,161.581,55.728,-167.294
-0.289,0.367,-0.759,23.315,18.738,32.715,161.68,54.619,-167.964
-0.205,0.196,-0.815,24.292,-4.089,29.907,162.427,53.525,-168.893
-0.472,0.26,-0.822,16.052,-32.715,41.626,162.18,53.855,-171.134
-0.563,0.3,-0.791,20.325,-6.409,44.8,161.862,53.992,-173.447
-0.452,0.315,-0.782,25.757,3.906,49.683,161.796,53.157,-175.578
-0.37,0.314,-0.773,28.259,-5.188,49.011,161.949,52.273,-177.748
-0.423,0.341,-0.749,30.945,-22.705,56.458,161.938,52.081,179.473
-0.47,0.354,-0.716,32.593,-30.945,61.768,161.768,52.339,176.138
-0.519,0.387,-0.72,34.79,-33.447,67.81,161.422,52.729,172.419
-0.493,0.418,-0.767,41.077,-22.522,67.017,161.175,52.767,168.668
-0.493,0.373,-0.803,49.255,-23.01,53.528,161.543,52.844,165.482
-0.665,0.348,-0.956,41.748,-38.086,55.481,162.12,53.306,162.592
-0.769,0.319,-0.967,39.246,-38.025,59.326,162.158,54.053,159.192
-0.549,0.085,-0.865,53.345,3.662,45.532,163.037,53.992,156.72
-0.279,-0.034,-0.777,45.105,-18.433,44.128,164.427,53.52,154.924
-0.668,-0.001,-0.872,45.715,-20.02,41.382,165.432,54.305,152.562
-0.524,-0.04,-0.905,41.26,17.883,48.279,166.783,53.696,150.765
-0.333,-0.024,-0.935,29.053,23.193,58.838,167.734,52.015,148.612
-0.171,0.052,-0.864,17.456,1.099,52.368,167.921,50.587,145.519
-0.318,0.081,-0.793,10.742,-27.893,28.687,167.948,50.598,142.641
-0.433,0.062,-0.759,9.827,-17.09,8.118,168.19,51.372,140.9
-0.381,0.021,-0.701,2.625,-15.808,-8.728,168.745,52.009,140.405
-0.412,-0.014,-0.667,-3.113,-15.93,-26.917,169.415,52.927,140.988
-0.498,-0.008,-0.688,-11.047,-13.855,-33.813,170.145,54.047,142.454
-0.416,-0.008,-0.685,-14.099,-3.052,-28.137,170.689,54.668,144.223
-0.318,0.024,-0.599,-20.447,-14.038,-24.17,170.777,55.399,145.607
-0.39,0.062,-0.657,-25.391,-42.725,-24.841,170.596,56.909,146.662
-0.989,0.258,-0.957,-18.982,-38.452,-20.142,169.948,59.568,147.508
-0.728,0.228,-0.952,-20.691,-0.916,-14.16,169.744,60.43,149.244
-1.026,0.531,-1.212,-13.733,25.635,12.268,168.508,60.172,149.749
-0.34,0.409,-1.084,-0.854,47.729,-2.808,168.42,57.634,150.661
-0.438,0.292,-0.977,7.019,1.282,-25.085,169.069,56.635,152.001
-0.524,0.167,-0.89,0.366,7.202,-31.128,170.101,56.783,153.809
-0.487,0.182,-0.805,-9.094,-6.287,-22.888,170.585,56.827,155.484
-0.509,0.189,-0.714,-13.367,-9.888,-14.16,170.464,57.354,156.561
-0.482,0.239,-0.633,-13.428,-9.827,-2.625,169.898,57.903,157.154
-0.484,0.277,-0.613,-8.24,-7.08,4.578,169.096,58.266,157.269
-0.383,0.272,-0.576,-4.272,-2.93,12.085,168.322,58.332,157.072
-0.473,0.306,-0.62,0.916,-16.357,12.085,167.542,58.618,156.511
-0.479,0.287,-0.618,9.46,-8.362,13.489,167.086,58.98,155.874
-0.548,0.331,-0.699,12.878,-17.029,18.677,166.712,59.337,154.979
-0.453,0.26,-0.645,16.357,-21.24,11.597,166.624,59.914,154.144
-0.695,0.303,-0.769,15.137,-36.499,13.123,166.366,61.309,153.094
-0.813,0.231,-0.844,17.883,-15.93,13.123,166.371,62.271,152.303
-0.733,0.209,-0.843,18.982,-1.953,17.151,166.377,62.595,151.655
-0.895,0.166,-0.927,16.602,-18.188,9.521,166.723,62.836,151.26
-0.825,0.098,-0.892,13.733,6.531,3.967,167.245,63.089,151.419
-0.712,0.087,-0.816,10.681,13.0,-3.113,167.992,62.82,152.221
-0.522,0.054,-0.746,8.545,21.667,1.404,168.887,61.996,153.193
-0.469,0.088,-0.708,3.967,6.409,13.123,169.206,61.254,153.292
-0.604,0.125,-0.734,6.165,-1.404,13.306,169.102,61.084,152.699
-0.63,0.07,-0.746,9.399,6.531,4.028,169.365,60.963,152.567
-0.599,0.037,-0.75,3.418,5.859,-4.211,169.92,60.672,153.078
-0.628,0.028,-0.792,-0.793,13.0,-12.39,170.53,60.469,154.111
-0.584,0.035,-0.787,-5.859,13.672,-18.982,171.194,60.018,155.605
-0.349,-0.027,-0.593,-6.165,16.846,-30.64,172.079,59.59,157.615
-0.048,-0.143,-0.353,-13.794,4.333,-33.813,173.15,59.315,159.747
-0.341,0.042,-0.49,-42.114,-44.8,-10.193,172.474,60.48,159.89
-0.585,0.169,-0.608,-22.4,-10.681,-8.972,171.167,61.859,159.774
-0.76,0.163,-0.806,-18.494,-15.259,-21.912,170.876,62.65,161.021
-1.06,0.327,-1.094,-15.137,7.263,-13.123,170.662,63.16,162.625
-0.811,0.375,-1.032,-6.958,26.428,10.986,170.167,62.276,163.29
-0.745,0.477,-1.102,0.427,27.71,27.832,169.233,60.727,162.598
-0.53,0.393,-0.966,10.315,18.25,14.282,168.832,59.348,161.779
-0.653,0.269,-0.88,4.944,-0.366,-9.46,169.03,59.095,161.884
-0.548,0.183,-0.765,-4.456,7.69,-17.212,169.42,58.986,162.922
-0.519,0.241,-0.707,-10.681,1.648,-7.996,169.354,58.931,163.916
-0.432,0.238,-0.617,-4.333,3.418,-1.831,169.047,58.804,164.388
-0.39,0.282,-0.609,-1.77,-1.77,10.376,168.585,58.705,164.262
-0.379,0.244,-0.58,4.578,-5.554,13.855,168.047,58.678,163.526
-0.398,0.292,-0.585,3.418,-15.503,20.508,167.316,58.892,162.367
-0.443,0.292,-0.598,9.399,-15.686,18.066,166.569,59.321,160.961
-0.411,0.258,-0.588,11.719,-23.071,12.939,166.157,59.958,159.78
-0.628,0.258,-0.79,10.498,-28.442,8.972,165.877,61.002,158.736
-0.814,0.237,-0.955,10.071,-18.188,9.949,165.591,62.051,157.841
-0.755,0.144,-0.882,3.174,-13.428,4.944,165.383,62.82,157.346
-1.058,0.269,-1.014,-1.831,-13.733,3.662,164.943,63.583,157.115
-0.822,0.169,-0.937,8.179,29.724,-7.141,165.575,63.023,158.049
-0.504,0.097,-0.803,2.747,26.428,-1.648,166.498,61.754,159.274
-0.448,0.133,-0.725,-11.108,2.808,13.245,166.284,61.018,159.208
-0.514,0.197,-0.644,-10.864,-6.226,13.245,165.24,61.04,158.247
-0.606,0.208,-0.639,-10.01,-5.005,4.272,164.482,61.232,157.808
-0.567,0.157,-0.617,-8.118,8.667,-5.371,164.18,61.205,158.209
-0.634,0.171,-0.714,-6.653,11.169,-23.804,164.597,60.963,159.725
-0.539,0.106,-0.659,-4.639,12.085,-31.616,165.564,60.952,162.081
-0.422,0.048,-0.602,-7.446,6.104,-28.137,166.657,61.013,164.515
-0.462,0.128,-0.596,-7.263,5.249,-10.742,167.031,61.194,165.91
-0.286,0.095,-0.504,-5.859,4.211,-4.517,167.234,60.963,166.635
-0.59,0.214,-0.766,-10.376,-22.888,-1.953,167.014,61.392,166.635
-0.674,0.246,-0.804,-2.136,-3.357,-5.798,166.69,62.051,166.509
-0.851,0.322,-0.96,-7.751,-15.198,-5.676,166.674,62.633,166.943
-0.97,0.399,-1.044,-2.686,19.104,7.202,166.245,62.611,166.932
-0.741,0.434,-1.128,8.85,65.613,9.46,166.509,60.205,167.371
-0.4,0.316,-1.062,13.611,39.673,-5.615,167.514,57.557,168.124
-0.516,0.233,-1.03,5.249,11.047,-15.625,168.349,56.711,168.739
-0.482,0.192,-0.886,-9.399,-1.587,-20.508,168.799,56.64,169.568
-0.502,0.234,-0.755,-16.479,-12.146,-15.991,168.453,57.189,170.052
-0.496,0.242,-0.635,-16.846,-16.724,-21.545,168.003,58.057,170.64
-0.527,0.236,-0.591,-11.536,-13.977,-20.569,167.767,59.068,171.497
-0.454,0.219,-0.528,-9.949,-13.062,-14.282,167.613,59.881,172.354
-0.47,0.231,-0.498,-9.521,-19.348,-5.127,167.162,60.82,172.694
-0.575,0.302,-0.549,-8.423,-9.216,5.92,166.344,61.617,172.485
-0.513,0.342,-0.581,-0.854,9.277,11.78,165.509,61.452,172.084
-0.42,0.324,-0.612,9.094,5.249,7.08,165.146,60.985,171.661
-0.484,0.26,-0.731,13.367,-17.029,-1.892,165.322,61.1,171.321
-0.955,0.249,-0.958,14.16,-16.785,-1.648,165.641,62.249,170.942
-0.488,0.1,-0.727,8.789,5.798,-8.179,166.344,62.238,171.348
-1.146,0.209,-0.99,8.545,-16.235,-13.245,166.915,63.408,171.876
-0.723,0.104,-0.932,11.23,53.04,-8.789,168.294,61.76,173.353
-0.506,0.097,-0.92,1.892,34.424,7.69,169.069,59.886,174.238
-0.424,0.182,-0.822,-4.15,2.869,16.357,168.684,58.876,173.546
-0.501,0.153,-0.716,2.502,-7.629,6.287,168.409,59.008,172.722
-0.53,0.114,-0.688,3.906,-4.7,-1.77,168.585,59.26,172.474
-0.607,0.061,-0.75,6.836,11.597,-9.277,169.2,59.222,172.985
-0.433,0.013,-0.735,0.671,21.606,-11.353,170.101,58.436,174.166
-0.385,0.034,-0.717,-6.042,7.935,-6.47,170.508,57.772,174.891
-0.411,0.042,-0.686,-8.728,-4.395,-8.545,170.651,57.766,175.276
-0.405,0.061,-0.611,-11.536,-13.367,-4.211,170.497,58.206,175.386
-0.436,0.085,-0.563,-10.01,-15.015,-3.479,170.184,58.98,175.413
-0.471,0.133,-0.614,-8.179,-22.278,2.258,169.832,59.716,175.314
-0.773,0.17,-0.867,2.502,-12.329,2.197,169.519,60.804,174.996
-0.614,0.225,-0.917,5.31,-10.315,11.169,169.563,61.128,174.82
-1.153,0.347,-1.18,18.799,10.193,27.1,169.167,61.496,173.469
-0.597,0.344,-1.076,5.859,45.349,45.593,168.86,59.084,172.117
-0.365,0.42,-1.029,10.193,4.517,44.495,167.673,57.321,169.437
-0.607,0.305,-0.908,11.902,-20.935,6.287,167.426,57.7,167.706
-0.639,0.253,-0.803,6.104,-4.211,1.282,167.629,58.145,167.3
-0.552,0.253,-0.725,0.977,-2.136,6.897,167.47,58.107,166.893
-0.482,0.271,-0.666,1.77,4.395,10.986,167.113,57.958,166.344
-0.418,0.284,-0.632,4.517,0.305,15.137,166.778,57.645,165.641
-0.367,0.277,-0.59,9.094,1.038,22.034,166.339,57.321,164.443
-0.41,0.281,-0.583,11.23,-15.381,21.484,165.938,57.349,163.043
-0.48,0.278,-0.573,11.78,-14.221,23.987,165.421,57.761,161.406
-0.39,0.28,-0.569,12.573,-7.812,19.287,165.02,57.87,160.027
-0.391,0.234,-0.595,15.625,-7.874,13.306,164.932,58.068,158.978
-0.695,0.301,-0.86,13.428,-22.766,14.771,164.954,58.376,158.011
-0.786,0.202,-1.082,17.517,-16.785,12.573,165.026,58.87,156.852
-1.102,0.262,-1.08,11.841,-23.743,13.062,165.119,59.963,155.841
-0.813,0.155,-1.084,22.583,48.828,9.521,165.91,59.079,155.726
-0.335,0.137,-0.966,5.554,37.292,23.499,166.657,56.766,155.847
-0.223,0.225,-0.755,-8.118,-8.667,32.104,165.784,55.761,154.122
-0.544,0.293,-0.717,-3.601,-32.104,11.78,164.707,56.64,152.199
-0.595,0.249,-0.693,5.066,-8.545,-4.028,164.674,57.453,151.831
-0.607,0.196,-0.719,10.986,0.854,-8.484,165.284,57.722,152.364
-0.508,0.118,-0.735,8.789,9.399,-11.719,166.201,57.601,153.325
-0.596,0.119,-0.82,4.456,6.775,-10.925,167.009,57.519,154.325
-0.569,0.115,-0.835,3.906,8.606,-9.033,167.684,57.294,155.193
-0.502,0.064,-0.772,-0.183,4.578,-3.113,168.261,57.096,155.863
-0.452,0.091,-0.718,-2.93,7.385,0.732,168.338,56.942,156.006
-0.447,0.103,-0.718,-9.644,3.418,-5.615,168.354,56.706,156.363
-0.369,0.08,-0.647,-13.489,4.089,-17.029,168.338,56.667,157.088
-0.3,0.076,-0.574,-22.034,-11.292,-21.667,168.289,56.953,158.192
-0.358,0.094,-0.512,-23.01,-24.841,-18.982,167.822,58.123,158.956
-0.464,0.176,-0.594,-26.123,-34.851,-6.653,166.97,59.551,159.241
-0.842,0.319,-0.837,-22.522,-39.124,-7.812,165.58,61.562,158.928
-1.024,0.453,-1.1,-25.391,-20.386,-4.456,164.548,63.023,159.329
-0.961,0.487,-1.038,-5.493,15.93,10.62,163.455,63.232,159.159
-0.762,0.45,-1.054,5.371,43.823,10.01,163.482,61.436,159.538
-0.406,0.339,-0.918,7.812,30.762,4.578,164.004,59.42,160.032
-0.555,0.302,-0.874,3.967,-2.258,-2.991,164.218,58.953,160.082
-0.586,0.275,-0.794,-1.343,1.892,-3.906,164.394,59.002,160.356
-0.551,0.307,-0.732,-1.16,-1.282,5.92,164.108,58.936,160.186
-0.521,0.291,-0.692,1.831,0.0,-1.831,164.004,58.865,160.115
-0.5,0.275,-0.68,2.075,5.188,-0.549,164.103,58.793,160.329
-0.371,0.243,-0.601,-0.793,-1.587,4.028,164.048,58.541,160.373
-0.471,0.306,-0.622,-3.723,-13.062,14.282,163.422,58.793,159.697
-0.498,0.345,-0.628,-0.366,-9.949,19.226,162.515,58.958,158.549
-0.571,0.385,-0.657,6.042,-12.939,16.541,161.713,59.2,157.324
-0.563,0.355,-0.663,16.296,-1.099,6.226,161.592,59.337,156.665
-0.473,0.288,-0.65,18.433,-2.869,3.113,162.169,59.299,156.621
-0.516,0.251,-0.656,17.273,-2.93,1.831,162.697,59.474,156.451
-0.516,0.202,-0.672,12.573,-5.371,-3.662,163.383,59.584,156.649
-0.72,0.24,-0.844,6.165,-14.099,4.089,163.619,60.073,156.555
-0.708,0.204,-0.853,3.357,-3.967,-0.366,163.685,60.535,156.473
-0.902,0.291,-0.915,-6.897,-17.7,5.005,163.51,60.804,156.462
-0.742,0.273,-0.824,-0.549,1.221,1.16,163.169,61.046,156.292
-0.7,0.272,-0.854,5.005,15.625,3.296,163.531,60.716,156.775
-0.565,0.299,-0.828,10.315,18.616,18.799,163.652,59.76,156.517
-0.398,0.241,-0.774,16.357,15.747,14.893,164.059,58.568,156.044
-0.454,0.188,-0.744,13.977,-6.165,6.165,164.52,58.304,155.517
-0.51,0.116,-0.734,10.62,-6.409,-5.92,165.185,58.579,155.484
-0.543,0.074,-0.678,6.348,2.625,-13.245,165.954,59.035,156.061
-0.483,0.071,-0.729,-2.869,1.526,-15.686,166.816,58.859,157.165
-0.635,0.097,-0.739,-3.601,-1.404,-18.311,167.294,59.381,158.17
-0.503,0.067,-0.662,-3.418,9.583,-16.418,168.008,59.403,159.609
-0.499,0.086,-0.636,-7.141,0.183,-5.432,168.333,59.425,160.576
-0.41,0.098,-0.584,-10.254,-1.77,1.465,168.168,59.485,160.939
-0.454,0.159,-0.641,-13.306,-2.075,10.071,167.547,59.623,160.719
-0.653,0.262,-0.82,-13.306,-11.353,7.263,166.591,59.793,160.159
-0.75,0.293,-0.876,-4.395,3.479,-1.16,166.069,60.128,160.12
-0.764,0.438,-1.116,-4.883,4.211,13.55,165.789,59.496,160.131
-0.759,0.363,-1.1,15.198,25.391,20.02,165.657,58.848,159.307
-0.465,0.432,-1.025,11.78,24.902,29.663,165.586,57.008,158.329
-0.445,0.298,-0.877,13.0,9.46,13.184,165.674,55.893,157.302
-0.534,0.258,-0.834,7.751,-3.418,-3.967,166.025,55.783,157.121
-0.513,0.229,-0.76,3.235,4.578,-2.136,166.3,55.739,157.225
-0.425,0.228,-0.663,-0.671,-2.136,1.648,166.306,55.679,157.242
-0.511,0.289,-0.682,1.038,-2.502,6.897,166.003,55.805,156.885
-0.373,0.272,-0.637,3.601,7.874,15.015,165.773,55.47,156.385
-0.446,0.324,-0.695,5.066,-3.052,22.095,165.295,55.102,155.385
-0.41,0.338,-0.687,8.057,2.93,25.085,164.795,54.739,154.045
-0.384,0.333,-0.672,10.376,-7.996,17.395,164.449,54.476,152.776
-0.402,0.306,-0.656,6.836,-12.939,7.812,164.257,54.728,151.831
-0.418,0.267,-0.651,7.69,-11.597,-12.207,164.312,55.338,151.628
-0.714,0.287,-0.915,-4.211,-22.461,-26.55,164.784,56.272,152.545
-0.767,0.257,-1.035,-0.488,3.357,-24.719,165.196,57.233,153.803
-0.706,0.237,-0.991,-0.366,7.874,-13.123,165.679,57.502,155.006
-0.694,0.171,-0.995,8.728,20.874,-21.362,166.514,57.156,156.281
-0.572,0.099,-1.002,7.751,31.555,-20.569,167.953,56.151,158.159
-0.376,0.073,-0.966,-0.793,22.522,2.136,168.728,54.871,159.0
-0.397,0.206,-0.908,-0.549,3.784,21.362,168.404,54.146,158.104
-0.46,0.219,-0.823,9.46,-8.24,19.409,168.162,53.976,156.649
-0.496,0.144,-0.753,15.198,-10.559,12.512,168.431,54.234,155.544
-0.512,0.059,-0.745,13.367,-8.545,9.033,168.937,54.558,154.825
-0.523,0.048,-0.75,12.878,-3.113,15.503,169.349,54.745,154.083
-0.498,0.063,-0.746,12.39,-4.578,23.56,169.557,54.761,152.941
-0.456,0.072,-0.677,10.803,-10.62,29.419,169.514,54.915,151.353
-0.484,0.104,-0.651,11.719,-12.085,27.832,169.327,55.283,149.59
-0.437,0.071,-0.651,11.719,-8.362,26.855,169.288,55.563,147.997
-0.433,0.085,-0.676,7.935,-10.559,28.87,169.025,55.767,146.223
-0.31,0.067,-0.645,2.747,-17.639,30.09,168.596,56.113,144.327
-0.56,0.252,-0.759,-5.127,-52.246,41.626,167.322,57.228,141.498
-0.761,0.368,-0.853,5.249,-38.635,49.5,165.641,58.854,138.054
-0.955,0.544,-1.01,20.02,-27.954,79.285,163.872,59.381,133.775
-0.723,0.525,-0.997,41.87,5.249,110.107,162.241,58.013,128.139
-0.613,0.497,-1.003,57.19,-6.47,100.281,161.417,56.261,122.267
-0.508,0.342,-0.923,64.026,1.709,71.533,162.081,54.855,117.757
-0.366,0.189,-0.795,55.908,-13.367,53.528,163.389,54.102,114.357
-0.507,0.199,-0.733,40.649,-27.832,57.434,163.943,54.366,110.627
-0.506,0.224,-0.688,37.659,-21.057,58.96,164.042,54.558,106.584
-0.478,0.238,-0.68,38.452,-19.043,60.608,164.136,54.608,102.596
-0.455,0.253,-0.756,38.757,-22.339,65.063,164.185,54.597,98.311
-0.568,0.278,-0.836,42.908,-19.653,66.833,164.13,54.701,93.702
-0.679,0.308,-0.962,40.039,-20.02,72.51,164.163,54.597,88.995
-0.51,0.243,-0.852,39.246,-18.188,81.421,163.817,54.355,83.617
-0.614,0.238,-0.852,40.527,-25.146,78.308,163.339,54.283,77.915
-0.43,0.072,-0.729,47.424,-13.977,71.594,163.575,53.954,72.548
-0.534,0.103,-0.73,44.922,-31.86,75.256,163.911,53.882,67.104
-0.653,0.049,-0.785,53.467,-17.273,75.928,164.399,54.025,61.342
-0.575,0.069,-0.809,51.086,-2.686,82.336,165.13,53.366,55.629
-0.479,0.042,-0.849,48.645,-1.343,84.778,165.866,52.245,49.883
-0.435,0.063,-0.828,43.274,-15.503,82.947,166.306,51.537,44.105
-0.517,0.071,-0.784,36.072,-29.236,80.566,166.465,51.669,38.386
-0.563,0.086,-0.815,33.569,-23.804,75.745,166.36,51.899,32.723
-0.439,0.016,-0.829,29.785,-17.578,58.228,166.564,51.965,27.971
-0.444,0.013,-0.906,18.372,-18.066,44.067,166.729,52.196,24.219
-0.52,0.139,-1.081,1.16,-23.438,36.316,166.432,52.504,21.154
-0.427,0.177,-0.847,-5.493,-31.555,25.94,165.542,53.438,18.38
-0.591,0.397,-0.818,-15.808,-25.635,40.466,163.889,54.201,15.408
-0.589,0.424,-0.836,-2.38,-6.226,43.64,162.224,54.289,11.964
-0.433,0.409,-0.793,9.216,0.916,49.744,161.186,53.514,8.608
-0.361,0.359,-0.728,16.602,-13.794,50.049,160.505,52.822,5.048
-0.467,0.384,-0.701,21.484,-18.86,49.927,159.939,52.745,1.285
-0.455,0.381,-0.675,26.123,-18.616,48.706,159.642,52.608,-2.488
-0.506,0.385,-0.731,28.625,-14.893,48.34,159.521,52.559,-6.295
-0.412,0.387,-0.782,28.015,-7.141,46.021,159.571,52.191,-9.855
-0.401,0.423,-0.812,26.367,-16.663,41.26,159.631,51.938,-13.167
-0.399,0.437,-0.834,27.466,-16.418,38.452,159.703,51.938,-16.353
-0.502,0.49,-0.906,22.278,-39.124,37.231,159.609,52.46,-19.534
-0.654,0.48,-0.858,33.447,-33.997,35.95,159.346,53.602,-23.269
-0.613,0.373,-0.843,39.246,-21.423,29.541,159.95,54.278,-26.235
-0.335,0.173,-0.711,52.307,-16.846,30.762,161.197,54.432,-28.965
-0.533,0.094,-0.729,46.631,-47.546,29.236,162.532,55.591,-31.707
-0.658,0.05,-0.844,46.326,-12.268,38.513,163.669,56.343,-34.525
-0.573,0.079,-0.888,35.339,17.822,40.649,164.685,55.723,-36.958
-0.255,0.055,-0.802,28.687,16.724,34.241,165.701,54.223,-38.793
-0.387,0.118,-0.794,22.461,-11.719,25.208,166.41,53.762,-40.402
-0.369,0.037,-0.716,19.897,-4.578,12.878,167.228,53.833,-41.539
-0.456,0.07,-0.737,12.634,-3.54,3.54,167.975,53.981,-42.056
-0.31,0.011,-0.695,6.836,5.737,-10.071,168.86,53.839,-41.83
-0.335,0.01,-0.672,-4.15,-9.766,-21.362,169.678,54.053,-40.847
-0.362,0.006,-0.603,-9.094,-13.55,-30.701,170.266,54.833,-39.457
-0.413,0.036,-0.577,-12.939,-16.541,-34.79,170.837,55.937,-37.76
-0.552,0.077,-0.725,-20.386,-27.466,-32.227,171.238,57.222,-36.041
-0.843,0.259,-0.934,-19.714,-18.982,-23.193,170.958,58.953,-35.052
-0.935,0.468,-1.132,-11.169,23.743,-2.686,170.711,58.716,-34.629
-0.513,0.344,-1.088,1.709,41.321,3.113,170.832,56.843,-34.794
-0.508,0.377,-1.146,5.249,11.963,-3.052,170.953,55.734,-35.013
-0.486,0.269,-1.027,4.639,15.808,-7.202,171.321,55.058,-34.969
-0.494,0.209,-0.916,0.0,0.549,-15.259,171.639,54.739,-34.585
-0.499,0.202,-0.774,-10.01,-15.015,-13.733,171.601,55.19,-34.162
-0.582,0.218,-0.674,-7.507,-10.681,-12.878,171.31,56.124,-34.003
-0.57,0.249,-0.649,-5.066,-4.883,-7.629,171.101,56.596,-33.981
-0.454,0.209,-0.62,-0.671,11.658,-2.502,170.991,56.607,-34.261
-0.326,0.219,-0.574,-2.563,0.854,2.747,170.81,56.316,-34.739
-0.373,0.295,-0.61,-1.77,-1.343,14.16,170.134,56.404,-35.859
-0.358,0.296,-0.664,8.301,4.7,16.602,169.585,56.146,-37.337
-0.281,0.27,-0.674,9.583,-12.024,20.813,169.167,55.942,-39.056
-0.499,0.244,-0.847,11.902,-26.245,13.611,168.772,56.662,-40.809
-0.869,0.256,-1.059,8.606,-27.161,18.25,168.36,57.843,-42.556
-0.677,0.185,-0.914,4.211,-13.672,12.695,167.866,58.541,-44.127
-0.828,0.186,-0.984,-2.197,-27.344,0.977,167.668,59.271,-44.885
-0.707,0.134,-0.859,-0.671,-1.77,-4.578,167.613,60.062,-45.159
-0.819,0.188,-0.964,2.625,20.935,-4.7,168.069,59.788,-44.769
-0.457,0.147,-0.875,5.92,38.757,10.681,168.558,58.074,-44.703
-0.283,0.166,-0.807,5.798,4.761,13.977,168.651,56.942,-45.269
-0.521,0.158,-0.754,12.512,-16.602,5.371,168.81,57.343,-45.994
-0.514,0.05,-0.701,15.259,-1.404,-8.179,169.684,57.634,-45.967
-0.428,-0.047,-0.631,0.427,1.038,-12.695,170.717,57.689,-45.143
-0.499,-0.002,-0.66,-5.31,6.409,-21.057,171.205,57.777,-44.165
-0.461,-0.013,-0.669,-10.925,14.526,-21.057,171.996,57.393,-42.501
-0.375,0.019,-0.647,-13.184,3.479,-9.827,172.161,57.074,-41.468
-0.386,0.042,-0.67,-12.695,-5.188,-7.874,172.095,57.2,-40.809
-0.69,0.16,-0.904,-12.878,-10.864,-2.38,171.777,57.689,-40.534
-0.701,0.191,-0.945,-9.277,-3.723,-3.296,171.502,58.041,-40.463
-0.819,0.305,-1.143,-10.315,5.249,8.911,171.09,58.024,-40.649
-0.764,0.336,-1.163,0.122,30.029,19.47,170.403,57.217,-41.655
-0.364,0.355,-1.023,-5.798,28.748,24.841,169.673,55.322,-42.863
-0.414,0.292,-0.899,-1.404,-3.784,5.554,169.036,54.734,-43.874
-0.424,0.27,-0.766,-7.568,-3.418,-1.526,168.679,54.904,-44.121
-0.441,0.295,-0.692,-5.798,-10.071,-0.427,168.074,55.063,-44.561
-0.434,0.253,-0.62,-3.845,-4.333,1.953,167.75,55.453,-44.929
-0.333,0.346,-0.597,-2.38,-9.277,24.963,166.811,55.377,-46.384
-0.4,0.341,-0.608,9.216,-6.592,24.78,165.981,55.536,-48.543
-0.353,0.344,-0.655,15.808,-12.634,19.531,165.652,55.492,-50.499
-0.555,0.292,-0.707,15.32,-21.851,9.46,165.69,56.42,-52.136
-0.429,0.249,-0.665,13.611,-12.756,2.319,165.828,57.019,-53.289
-0.594,0.292,-0.807,5.92,-28.503,-1.404,165.943,58.024,-54.025
-0.946,0.32,-1.019,3.54,-18.433,3.601,165.784,59.26,-54.855
-0.534,0.287,-0.841,5.066,0.671,6.531,165.536,59.464,-55.668
-0.778,0.221,-0.843,11.047,-45.227,-17.578,165.959,60.43,-55.865
-0.938,0.083,-0.914,22.095,-8.484,-29.114,167.421,62.194,-55.069
-0.805,0.021,-0.922,16.724,30.334,-9.155,169.448,61.985,-53.608
-0.399,0.012,-0.767,5.31,36.682,14.771,170.14,60.238,-53.525
-0.291,0.083,-0.693,-4.15,2.991,6.042,170.074,59.271,-53.762
-0.585,0.146,-0.702,-4.456,-6.897,0.061,169.843,59.606,-53.839
-0.529,0.077,-0.703,-2.869,18.005,-11.719,170.134,59.233,-53.278
-0.544,0.067,-0.766,-5.615,20.203,-22.278,170.755,58.601,-51.916
-0.346,-0.031,-0.726,-9.705,25.635,-30.273,171.656,57.634,-49.911
-0.331,0.0,-0.671,-24.902,-9.033,-24.048,171.854,57.502,-48.043
-0.475,0.054,-0.652,-23.865,-16.602,-29.785,171.617,58.502,-46.456
-0.425,0.039,-0.607,-30.64,-17.578,-30.09,171.59,59.48,-44.506
-0.625,0.215,-0.789,-33.081,-17.395,-16.541,170.782,60.425,-43.281
-0.808,0.327,-0.893,-16.663,-5.31,-17.212,170.096,61.309,-42.523
-0.718,0.336,-0.997,-11.841,-15.381,7.874,169.689,61.567,-42.49
-1.044,0.467,-1.031,6.592,-7.996,20.02,168.311,62.71,-44.385
-0.717,0.387,-0.964,18.433,44.25,24.719,168.349,61.227,-45.742
-0.446,0.28,-0.918,16.724,23.926,20.264,168.558,59.205,-47.098
-0.53,0.28,-0.869,4.456,9.216,0.671,168.585,58.447,-47.9
-0.488,0.228,-0.726,-7.202,-5.188,-10.681,168.657,58.277,-47.686
-0.55,0.298,-0.66,-11.108,-2.38,3.54,168.025,58.601,-47.884
-0.456,0.335,-0.583,-3.784,-3.174,12.878,167.184,58.552,-48.823
-0.393,0.333,-0.541,8.484,2.747,21.606,166.514,58.332,-50.356
-0.333,0.36,-0.579,12.695,2.197,36.987,165.822,57.766,-52.592
-0.333,0.34,-0.574,19.409,-12.146,39.185,165.015,57.448,-55.558
-0.359,0.333,-0.595,18.25,-18.738,33.325,164.306,57.563,-58.414
-0.409,0.285,-0.619,16.418,-15.625,24.292,163.74,57.958,-60.831
-0.721,0.379,-0.94,11.597,-35.706,22.949,163.18,58.596,-62.875
-0.701,0.201,-0.829,20.813,-6.042,17.395,162.812,59.628,-64.935
-1.112,0.272,-1.216,15.137,-25.33,4.761,163.367,59.771,-65.594
-0.852,0.135,-1.107,24.719,49.072,10.437,164.18,59.529,-65.912
-0.363,0.057,-0.933,12.634,26.794,3.113,165.553,57.437,-65.231
-0.465,0.12,-0.799,-2.258,-8.545,6.653,165.888,57.074,-65.078
-0.529,0.134,-0.719,-2.075,-2.441,-5.92,165.883,57.458,-64.902
-0.501,0.131,-0.66,-8.179,-6.714,-13.55,166.108,57.783,-64.067
-0.555,0.107,-0.715,-7.08,3.723,-20.996,166.454,58.217,-62.842
-0.586,0.123,-0.768,-3.235,7.874,-25.696,167.157,58.31,-61.15
-0.446,0.012,-0.736,-0.305,16.541,-29.846,168.349,58.035,-59.073
-0.546,0.06,-0.736,-12.39,-9.46,-22.766,169.058,58.326,-57.184
-0.461,0.039,-0.626,-10.437,3.052,-24.536,169.453,58.738,-55.624
-0.333,0.018,-0.528,-16.602,-8.667,-28.137,169.942,59.183,-53.707
-0.47,0.016,-0.53,-21.606,-22.827,-29.358,169.986,60.496,-52.015
-0.556,-0.03,-0.605,-32.043,-8.423,-36.682,170.074,61.617,-49.839
-0.768,0.11,-0.868,-41.321,-9.766,-37.598,169.761,62.54,-47.395
-0.692,0.297,-0.965,-51.636,11.475,-11.414,168.558,62.88,-45.725
-0.9,0.459,-1.098,-30.762,9.094,1.404,166.498,62.82,-45.769
-0.683,0.543,-1.042,-34.119,27.588,6.714,164.921,61.639,-45.692
-0.487,0.48,-0.871,-24.597,5.005,-7.446,163.46,60.656,-45.659
-0.635,0.357,-0.756,-19.958,-2.075,-25.757,162.795,60.958,-44.857
-0.595,0.325,-0.667,-20.996,2.93,-15.625,162.07,61.447,-42.402
-0.606,0.351,-0.638,-15.259,-1.892,-8.911,161.472,61.655,-41.924
-0.566,0.359,-0.58,-6.714,0.916,-0.854,160.922,61.798,-41.973
-0.518,0.35,-0.546,3.418,-2.319,-2.014,160.703,61.853,-42.281
-0.585,0.341,-0.583,7.507,1.709,2.014,160.785,62.034,-42.737
-0.55,0.358,-0.599,5.981,-3.662,6.836,160.708,61.93,-43.423
-0.628,0.39,-0.627,5.127,1.038,15.137,160.274,61.935,-44.61
-0.538,0.393,-0.611,11.292,3.052,11.23,160.038,61.595,-45.758
-0.541,0.36,-0.643,18.799,-2.258,6.836,160.258,61.523,-46.708
-0.456,0.288,-0.581,19.958,-9.949,5.554,160.741,61.754,-47.532
-0.571,0.268,-0.65,24.78,-13.489,7.751,161.202,62.249,-48.532
-0.854,0.293,-0.796,39.49,-22.766,15.93,161.966,62.952,-49.922
-0.721,0.143,-0.799,55.481,10.864,34.363,163.218,62.913,-51.894
-0.831,0.076,-0.858,53.772,4.883,32.41,164.745,62.375,-53.915
-0.603,0.138,-0.905,34.424,34.79,48.584,165.806,60.716,-55.75
-0.46,0.175,-1.008,23.254,36.438,59.265,165.998,58.304,-58.024
-0.26,0.278,-0.894,14.832,5.432,50.781,165.509,56.376,-60.513
-0.453,0.245,-0.792,17.029,-24.353,37.598,165.086,56.179,-62.732
-0.606,0.221,-0.741,21.851,-16.602,31.738,164.866,56.64,-64.781
-0.581,0.166,-0.712,22.278,-8.057,26.062,165.092,56.766,-66.39
-0.531,0.138,-0.7,20.508,2.563,17.029,165.553,56.596,-67.467
-0.542,0.078,-0.753,20.691,14.771,-0.793,166.597,56.173,-67.456
-0.394,-0.022,-0.723,13.062,21.423,-13.0,168.008,55.415,-66.374
-0.389,-0.039,-0.693,-7.751,5.31,-12.756,168.794,55.107,-65.017
-0.393,0.06,-0.679,-15.869,5.737,-9.033,168.788,55.02,-63.842
-0.484,0.156,-0.685,-17.212,2.869,-1.587,168.305,55.069,-63.182
-0.379,0.154,-0.707,-17.578,-1.16,-2.563,167.855,54.844,-62.644
-0.457,0.206,-0.77,-15.381,-11.292,-6.287,167.223,55.399,-62.298
-0.719,0.32,-0.886,-15.32,-29.663,-16.663,166.619,56.607,-61.87
-0.637,0.303,-0.887,-9.094,3.479,-18.005,166.514,57.656,-61.002
-0.732,0.456,-0.974,-11.108,-14.709,-4.395,166.207,57.98,-60.485
-0.799,0.467,-1.095,6.836,40.161,4.883,166.053,57.634,-60.579
-0.3,0.368,-1.012,8.301,42.114,2.014,166.619,55.201,-60.249
-0.214,0.249,-0.815,-0.366,-2.808,-10.62,166.97,54.261,-59.815
-0.455,0.252,-0.74,-8.24,-25.696,-18.433,166.904,55.085,-59.205
-0.531,0.263,-0.689,-6.409,-2.686,-8.789,166.723,55.937,-58.672
-0.392,0.318,-0.672,-4.211,1.099,9.277,166.311,55.723,-58.799
-0.421,0.344,-0.67,4.578,-3.418,19.958,165.696,55.585,-59.925
-0.326,0.33,-0.6,8.24,-18.677,20.813,165.152,55.646,-61.512
-0.492,0.3,-0.568,14.893,-30.701,14.282,164.691,56.766,-63.353
-0.426,0.254,-0.522,17.944,-21.545,4.639,164.789,57.717,-64.561
-0.568,0.245,-0.681,24.231,-19.592,0.977,165.35,58.727,-65.391
-0.88,0.202,-0.947,26.733,-10.376,3.845,166.218,59.562,-66.088
-0.561,0.082,-0.799,20.02,5.92,0.427,167.195,59.656,-66.341
-1.152,0.267,-0.997,7.263,-21.057,-1.465,167.772,60.282,-66.33
-0.515,0.051,-0.943,16.541,60.913,-5.737,169.299,58.469,-65.363
-0.337,0.081,-0.992,-1.038,20.752,14.893,170.096,56.442,-64.677
-0.413,0.164,-0.853,-3.54,-2.808,22.095,169.47,55.805,-65.517
-0.41,0.172,-0.735,-2.075,-14.221,12.939,168.975,55.871,-66.242
-0.556,0.176,-0.718,4.578,-11.169,8.728,168.646,56.464,-66.879
-0.509,0.102,-0.715,5.615,2.93,-1.709,168.937,56.47,-66.945
-0.465,0.048,-0.713,4.272,16.663,-13.489,169.552,56.206,-66.27
-0.272,-0.036,-0.624,-7.324,8.545,-27.1,170.414,55.69,-64.644
-0.506,0.043,-0.663,-22.095,-15.503,-29.846,170.695,56.316,-62.693
-0.478,0.037,-0.659,-21.057,-0.305,-28.259,170.777,56.865,-60.765
-0.426,0.125,-0.653,-23.743,1.343,-7.629,170.409,57.057,-59.524
-0.517,0.235,-0.748,-15.32,-11.047,4.089,169.486,57.387,-59.54
-0.747,0.317,-0.929,-3.723,-4.578,7.019,168.838,57.788,-60.018
-0.464,0.252,-0.993,1.587,17.151,11.841,168.761,57.014,-60.397
-0.938,0.425,-1.189,8.85,-0.122,14.221,168.25,57.151,-61.469
-0.413,0.305,-1.014,4.761,30.701,17.456,168.42,55.475,-62.018
-0.428,0.328,-0.907,2.075,-9.521,14.221,167.899,54.976,-63.073
-0.587,0.251,-0.804,-3.967,-18.494,-12.695,167.789,55.794,-63.171
-0.559,0.23,-0.72,-3.662,-3.54,-5.31,167.706,56.404,-62.897
-0.392,0.228,-0.615,-4.456,5.066,7.324,167.404,56.332,-63.034
-0.422,0.331,-0.633,0.366,-5.066,25.513,166.646,56.107,-64.122
-0.292,0.274,-0.56,11.475,6.47,38.33,165.866,55.607,-66.215
-0.351,0.358,-0.643,12.39,-16.541,36.255,165.108,55.058,-68.615
-0.354,0.252,-0.614,16.846,-12.817,26.184,164.707,55.338,-70.889
-0.482,0.322,-0.692,16.174,-20.935,25.635,164.333,55.756,-72.889
-0.633,0.343,-0.935,16.235,-20.325,20.569,164.196,56.102,-74.68
-0.893,0.288,-1.133,21.545,-17.273,14.099,164.306,56.937,-76.212
-0.5,0.103,-0.785,14.404,-6.287,4.395,164.822,57.398,-76.849
-1.003,0.296,-1.047,8.972,-7.385,14.282,164.833,58.118,-77.492
-0.537,0.161,-0.95,16.663,47.363,23.682,165.465,56.277,-77.888
-0.284,0.173,-0.93,9.155,10.254,31.555,165.657,54.525,-78.723
-0.437,0.187,-0.811,9.338,-25.391,25.269,165.322,54.723,-80.233
-0.571,0.198,-0.733,12.146,-29.297,23.071,165.141,55.695,-81.645
-0.637,0.16,-0.721,22.095,-12.939,20.081,165.278,56.42,-83.018
-0.419,0.019,-0.617,21.057,1.953,5.981,166.223,56.382,-83.425
-0.463,0.038,-0.618,5.127,-8.911,8.484,166.855,56.618,-83.485
-0.305,0.025,-0.523,4.639,-6.47,4.089,167.031,56.92,-83.606
-0.559,0.114,-0.586,1.404,-26.001,7.263,167.047,57.975,-83.754
-0.465,0.109,-0.632,5.432,-6.226,21.179,166.899,58.519,-84.435
-0.765,0.222,-0.984,1.221,-19.714,32.837,166.306,58.898,-85.853
-0.76,0.322,-1.053,11.414,0.977,46.814,165.267,58.98,-88.11
-0.588,0.435,-1.072,15.991,-5.859,72.754,164.042,58.112,-91.362
-0.788,0.514,-1.116,31.982,-10.62,76.782,162.658,57.519,-95.894
-0.568,0.375,-1.022,41.809,-6.714,61.401,162.603,56.448,-99.531
-0.543,0.253,-0.884,41.992,-13.916,59.814,162.768,56.074,-102.98
-0.456,0.196,-0.75,41.748,-14.404,56.152,163.081,55.728,-106.161
-0.438,0.182,-0.684,38.757,-18.86,61.34,163.317,55.547,-109.402
-0.469,0.241,-0.66,32.471,-30.273,67.932,162.988,55.673,-113.176
-0.523,0.299,-0.693,30.334,-26.55,72.571,162.257,55.876,-117.312
-0.581,0.388,-0.784,36.072,-15.442,72.998,161.537,55.607,-121.498
-0.485,0.332,-0.867,41.26,-13.55,62.622,161.598,54.932,-125.057
-0.587,0.337,-0.903,36.377,-30.212,72.327,161.439,54.805,-128.853
-0.642,0.336,-0.838,36.804,-33.264,77.209,160.763,55.014,-133.336
-0.586,0.282,-0.795,43.518,-19.836,72.205,160.411,54.948,-137.593
-0.428,0.163,-0.715,47.729,-18.433,62.988,160.746,54.553,-141.108
-0.496,0.139,-0.722,43.823,-30.518,66.895,161.175,54.613,-144.52
-0.604,0.164,-0.741,47.913,-25.024,75.928,161.323,54.838,-148.354
-0.623,0.196,-0.803,55.481,-14.954,85.632,161.603,54.454,-152.463
-0.523,0.106,-0.793,63.66,-5.127,81.36,162.433,53.657,-156.451
-0.492,0.07,-0.832,58.716,-11.902,80.627,163.51,52.954,-160.131
-0.46,0.021,-0.823,51.575,-18.311,77.515,164.344,52.625,-163.806
-0.463,0.039,-0.811,35.828,-29.48,79.468,164.614,52.773,-167.509
-0.525,0.09,-0.816,32.349,-24.902,69.031,164.394,53.196,-171.134
-0.491,0.101,-0.892,26.917,-17.883,58.044,164.498,53.267,-173.864
-0.55,0.161,-1.0,21.79,-14.893,47.668,164.515,53.344,-176.133
-0.388,0.166,-0.847,15.076,-16.357,37.17,164.52,53.487,-177.874
-0.461,0.238,-0.803,2.686,-23.621,41.26,163.954,53.91,-179.72
-0.605,0.373,-0.814,0.427,-14.038,52.124,162.642,54.152,177.841
-0.523,0.414,-0.825,13.977,9.033,57.739,161.559,53.295,175.331
-0.329,0.354,-0.794,21.912,6.897,53.284,161.241,51.866,173.046
-0.354,0.365,-0.752,22.217,-16.541,47.668,161.076,51.152,170.656
-0.451,0.365,-0.7,21.79,-17.822,46.143,160.873,51.147,168.168
-0.464,0.397,-0.707,21.118,-12.939,45.593,160.642,50.993,165.844
-0.429,0.433,-0.734,22.644,-6.531,41.687,160.433,50.625,163.68
-0.404,0.449,-0.778,24.536,-8.484,32.898,160.499,50.339,161.966
-0.425,0.457,-0.873,28.687,-3.845,31.921,160.823,50.054,160.461
-0.39,0.376,-1.044,31.494,-7.812,23.132,161.636,49.647,159.296
-0.457,0.321,-0.968,20.935,-26.489,23.315,162.021,50.208,157.824
-0.561,0.265,-0.886,16.846,-23.438,9.644,162.224,51.213,156.725
-0.353,0.147,-0.78,18.799,-15.198,3.052,162.938,51.773,156.506
-0.438,0.084,-0.768,21.545,-36.926,9.277,163.74,52.916,155.951
-0.633,0.087,-0.829,30.09,-16.174,20.813,164.526,54.031,154.863
-0.577,0.125,-0.894,32.227,8.667,36.499,165.465,53.652,153.671
-0.366,0.068,-0.854,31.372,18.311,43.03,166.388,52.355,152.111
-0.299,0.113,-0.847,22.583,-6.531,28.931,167.02,51.597,150.463
-0.389,0.082,-0.808,22.949,-12.634,16.113,167.816,51.801,149.31
-0.444,0.069,-0.793,21.667,-11.597,12.146,168.684,52.213,148.491
-0.419,0.005,-0.783,16.846,-7.629,3.113,169.684,52.498,148.129
-0.48,-0.005,-0.781,7.935,-3.601,-4.089,170.513,52.866,148.222
-0.352,-0.054,-0.697,-5.493,-4.333,-14.099,171.156,53.009,148.87
-0.426,0.004,-0.667,-15.686,-11.78,-22.034,171.381,53.668,149.892
-0.439,0.072,-0.639,-16.235,-7.629,-24.292,171.436,54.426,151.254
-0.324,0.087,-0.611,-14.038,-6.775,-25.818,171.634,55.003,152.847
-0.413,0.182,-0.785,-13.916,-23.682,-25.33,171.782,55.948,154.325
-0.718,0.22,-0.957,-3.967,-23.193,-19.775,171.936,57.469,155.391
-0.714,0.265,-1.043,-11.597,-19.226,-9.338,172.024,58.414,156.308
-0.985,0.373,-1.169,0.244,6.836,-2.686,171.584,58.975,156.528
-0.626,0.335,-1.084,1.282,35.339,1.831,171.821,57.673,157.264
-0.327,0.283,-0.926,6.653,3.296,6.775,171.727,56.53,157.143
-0.591,0.205,-0.854,6.897,-17.578,-12.085,172.046,57.222,157.352
-0.476,0.155,-0.713,0.61,-1.282,-4.578,172.436,57.53,157.967
-0.404,0.209,-0.665,-2.991,-6.165,2.93,172.227,57.623,158.071
-0.433,0.222,-0.618,4.822,-2.014,5.432,171.92,57.876,157.857
-0.371,0.259,-0.61,7.874,-9.827,10.864,171.711,57.898,157.418
-0.5,0.203,-0.64,16.357,-13.916,10.193,171.683,58.414,156.693
-0.501,0.188,-0.631,15.503,-15.747,13.0,171.771,59.008,155.923
-0.507,0.163,-0.628,10.071,-19.47,11.963,171.683,59.782,155.078
-0.605,0.244,-0.788,8.728,-20.02,7.812,171.403,60.601,154.363
-0.919,0.23,-0.973,17.334,-17.761,-3.845,171.667,61.721,154.16
-0.783,0.021,-0.943,16.174,-12.39,-11.963,172.716,62.336,154.797
-0.995,-0.011,-1.074,18.066,17.212,-10.193,173.979,62.886,155.786
-0.598,-0.061,-1.011,14.587,38.94,2.625,175.172,61.002,156.522
-0.388,-0.057,-0.922,-3.113,13.733,18.311,175.276,59.656,156.099
-0.468,0.044,-0.787,-9.888,-12.207,14.038,174.441,59.672,154.984
-0.521,0.034,-0.677,-10.193,-15.503,3.479,173.842,60.216,154.38
-0.585,0.05,-0.64,-9.827,-13.672,0.61,173.397,60.974,154.226
-0.614,0.064,-0.678,-4.944,2.502,2.38,173.106,61.15,154.21
-0.558,0.048,-0.724,-1.648,15.259,0.671,173.188,60.667,154.495
-0.48,0.02,-0.728,-0.061,13.367,-2.686,173.419,59.969,154.852
-0.411,-0.029,-0.636,-5.676,-1.709,-7.385,173.754,59.755,155.424
-0.451,-0.007,-0.558,-14.404,-17.395,-8.057,173.644,60.32,155.869
-0.597,0.083,-0.634,-13.611,-7.996,-4.761,173.32,61.078,156.352
-0.443,0.021,-0.644,-8.545,4.883,-2.38,173.205,61.139,156.874
-0.653,0.125,-0.798,-10.864,-9.338,1.648,172.82,61.32,157.006
-0.632,0.154,-0.812,-13.855,-14.16,-0.366,172.386,61.749,157.094
-1.021,0.35,-1.022,-14.282,-10.254,9.644,171.403,62.424,156.764
-0.886,0.353,-1.08,-4.333,39.856,15.198,170.706,61.282,156.418
-0.491,0.344,-1.046,-1.465,41.809,17.029,170.233,58.848,156.077
-0.433,0.251,-0.953,1.526,11.047,-0.549,170.14,57.656,155.973
-0.473,0.21,-0.837,-4.272,-7.324,-7.874,170.145,57.64,156.248
-0.553,0.217,-0.745,-6.958,-11.536,-2.075,169.849,58.178,156.346
-0.462,0.243,-0.647,-6.165,-7.324,8.545,169.206,58.431,155.962
-0.448,0.255,-0.604,-1.526,-8.484,13.245,168.459,58.661,155.187
-0.457,0.287,-0.593,3.357,-11.292,18.066,167.756,58.931,154.149
-0.503,0.309,-0.644,13.367,-4.456,24.414,167.184,58.98,152.77
-0.47,0.302,-0.656,16.907,-8.85,22.705,166.871,58.892,151.337
-0.553,0.269,-0.665,15.015,-18.616,13.855,166.679,59.332,150.024
-0.517,0.203,-0.646,12.878,-12.756,1.343,166.822,59.963,149.436
-0.714,0.251,-0.831,10.376,-14.526,0.549,167.091,60.639,149.31
-0.754,0.247,-0.915,12.024,-2.014,2.502,167.344,61.068,149.112
-0.652,0.167,-0.941,12.329,-4.028,-2.686,167.997,61.106,149.293
-0.896,0.127,-0.988,14.221,0.61,-3.235,168.684,61.699,149.496
-0.678,0.074,-0.928,12.817,29.175,-3.906,169.722,60.897,150.178
-0.502,0.037,-0.913,3.784,26.733,7.324,170.414,59.453,150.595
-0.472,0.103,-0.809,-2.502,5.127,14.832,170.206,58.678,150.068
-0.491,0.148,-0.726,-1.465,-7.69,15.991,169.695,58.612,149.079
-0.552,0.14,-0.704,3.052,-1.526,4.272,169.514,58.81,148.508
-0.471,0.083,-0.642,3.662,1.526,-14.099,170.063,58.766,149.041
-0.44,0.02,-0.608,-1.953,2.38,-25.635,170.969,58.903,150.458
-0.57,0.033,-0.646,-8.301,0.854,-30.945,171.766,59.255,152.303
-0.571,-0.001,-0.685,-10.315,7.874,-28.931,172.573,59.249,154.407
-0.494,-0.002,-0.687,-12.756,10.071,-16.296,173.057,59.145,156.116
-0.464,0.094,-0.754,-17.517,-2.991,-1.221,172.826,59.035,156.879
-0.706,0.198,-0.875,-9.644,-17.761,-6.653,172.238,59.661,157.011
-0.68,0.204,-0.873,-10.315,0.0,-2.014,172.123,60.26,157.527
-0.921,0.409,-1.046,-4.395,10.559,16.052,171.299,59.859,157.159
-0.507,0.277,-0.994,3.662,53.223,15.686,171.151,58.002,156.912
-0.306,0.323,-0.988,0.061,15.076,19.043,170.706,55.959,156.308
-0.394,0.202,-0.85,-5.066,-7.385,-1.831,170.294,55.64,155.781
-0.534,0.218,-0.769,-11.597,-18.433,-12.512,169.893,56.255,156.061
-0.511,0.2,-0.694,-11.963,-2.136,-5.371,169.475,56.794,156.517
-0.342,0.263,-0.606,-10.498,-5.554,10.864,168.679,56.733,156.335
-0.423,0.316,-0.606,2.075,-9.033,26.733,167.64,56.948,155.067
-0.332,0.347,-0.598,10.193,-11.23,37.598,166.668,56.766,153.078
-0.447,0.307,-0.625,18.616,-25.269,31.128,165.976,57.211,150.82
-0.644,0.348,-0.737,17.09,-22.156,25.452,165.498,57.936,148.942
-0.498,0.282,-0.726,15.381,-4.395,14.587,165.405,58.09,147.843
-0.787,0.357,-0.952,9.766,-11.719,13.184,165.223,58.552,147.09
-0.624,0.263,-0.852,7.324,-7.141,9.094,165.163,58.634,146.563
-0.873,0.314,-1.015,5.371,-17.273,6.287,165.026,59.019,146.124
-0.713,0.183,-0.913,12.268,13.855,-3.723,165.449,59.222,146.277
-0.633,0.146,-0.931,11.414,12.939,-2.808,166.377,58.694,147.09
-0.516,0.124,-0.901,6.836,17.639,4.822,167.047,57.969,147.552
-0.363,0.146,-0.79,3.418,2.808,11.719,167.234,57.261,147.393
-0.464,0.147,-0.687,0.122,-20.325,4.089,167.08,57.59,146.827
-0.549,0.112,-0.666,2.197,-8.728,-10.62,167.239,58.37,146.909
-0.549,0.081,-0.673,1.77,5.92,-21.057,167.981,58.689,148.107
-0.457,-0.006,-0.715,-0.732,19.47,-33.264,169.239,58.299,150.216
-0.427,-0.026,-0.726,-13.062,9.583,-36.377,170.381,58.024,152.743
-0.463,0.04,-0.684,-22.034,-15.564,-33.203,170.799,58.618,154.869
-0.552,0.135,-0.666,-11.047,-16.846,-20.081,170.997,59.749,156.456
-0.554,0.079,-0.666,-5.676,-12.634,-7.629,171.112,60.617,157.22
-0.698,0.118,-0.788,-15.93,-17.761,-5.554,170.793,61.452,157.775
-0.781,0.203,-0.809,-17.822,-8.301,-4.822,170.09,62.271,158.302
-0.831,0.384,-0.934,-18.066,-12.268,9.338,169.184,62.435,158.61
-0.834,0.349,-0.941,0.671,17.883,14.526,168.338,62.474,158.198
-0.676,0.378,-0.933,6.104,22.766,21.729,167.877,61.139,157.709
-0.569,0.287,-0.911,7.202,21.179,5.615,167.827,59.875,157.456
-0.5,0.24,-0.844,-0.244,10.559,-4.211,168.03,59.095,157.956
-0.545,0.216,-0.775,-6.775,0.549,-3.479,167.948,58.92,158.483
-0.473,0.243,-0.703,-10.498,3.967,4.517,167.437,58.711,158.73
-0.483,0.309,-0.664,-7.202,-3.906,12.329,166.624,58.623,158.494
-0.386,0.314,-0.602,0.061,5.798,20.935,165.767,58.293,157.764
-0.293,0.334,-0.585,5.737,-6.531,18.982,165.152,57.87,156.835
-0.446,0.316,-0.634,15.625,-9.277,16.357,164.806,58.008,155.704
-0.395,0.228,-0.587,11.658,-19.409,6.226,164.872,58.354,155.083
-0.541,0.283,-0.604,2.625,-35.034,8.85,164.399,59.562,154.276
-0.705,0.31,-0.761,8.484,-12.512,-0.793,164.081,60.634,153.853
-0.787,0.33,-0.861,14.16,-9.155,-0.977,164.41,61.221,154.111
-0.841,0.236,-1.107,19.104,-2.869,-6.409,165.366,61.315,154.671
-0.829,0.138,-1.009,25.33,30.334,-10.559,166.679,61.397,155.572
-0.497,0.047,-0.99,0.366,17.883,-7.324,168.294,59.974,157.396
-0.493,0.197,-0.874,-9.583,-1.77,18.311,167.838,59.458,157.247
-0.585,0.222,-0.802,-1.16,-9.216,6.775,167.212,59.612,156.572
-0.569,0.222,-0.752,2.197,-7.935,8.484,167.025,59.832,156.248
-0.594,0.189,-0.697,5.92,-11.169,0.0,167.009,60.211,156.022
-0.589,0.115,-0.667,8.423,2.136,-13.611,167.607,60.612,156.66
-0.525,0.055,-0.651,6.348,13.184,-23.865,168.761,60.491,158.247
-0.424,-0.053,-0.647,-2.991,15.259,-32.715,170.184,60.117,160.609
-0.492,-0.025,-0.667,-20.203,4.089,-29.419,170.936,60.062,162.982
-0.493,0.012,-0.601,-26.245,-2.808,-22.278,170.936,60.386,164.998
-0.554,0.106,-0.605,-26.001,-3.479,-1.892,170.217,60.765,166.058
-0.603,0.206,-0.672,-16.602,1.099,6.531,169.14,60.897,166.273
-0.624,0.229,-0.813,-8.423,8.362,6.531,168.497,60.628,166.459
-0.738,0.289,-0.943,-9.338,-3.418,5.188,167.893,60.551,166.498
-0.578,0.292,-0.97,-5.92,17.761,10.01,167.426,60.002,166.547
-0.774,0.354,-1.062,1.709,5.615,10.01,166.833,59.7,166.119
-0.474,0.363,-0.924,-2.747,22.461,13.55,166.487,58.436,165.927
-0.451,0.274,-0.809,-5.066,-13.916,-9.888,166.185,58.25,165.877
-0.56,0.245,-0.812,-9.888,-8.24,-22.156,166.207,59.024,166.756
-0.545,0.226,-0.766,-15.503,-7.08,-19.409,166.152,59.623,167.937
-0.378,0.265,-0.62,-22.888,-7.69,-5.432,165.493,59.985,168.695
-0.49,0.367,-0.617,-17.944,-29.968,3.54,164.147,60.705,168.404
-0.583,0.375,-0.593,-6.836,-12.207,11.841,162.872,61.65,167.542
-0.415,0.397,-0.516,0.0,-6.714,23.499,161.73,61.501,166.399
-0.409,0.374,-0.507,9.033,-18.25,19.165,160.719,61.628,164.855
-0.409,0.314,-0.505,13.794,-32.166,8.484,160.17,62.408,163.482
-0.594,0.304,-0.619,14.954,-21.545,1.099,159.977,63.655,162.554
-0.89,0.354,-0.763,14.587,-23.499,-0.122,160.104,64.622,162.164
-0.827,0.265,-0.773,15.259,9.399,-8.85,160.752,64.946,162.493
-0.973,0.274,-0.955,3.601,7.141,-15.442,162.07,64.49,164.147
-0.876,0.249,-1.0,10.132,33.936,-9.216,163.114,63.704,165.536
-0.562,0.157,-0.837,11.108,34.485,-6.531,164.559,62.221,167.086
-0.473,0.178,-0.781,4.028,7.996,9.399,165.119,61.249,167.459
-0.497,0.179,-0.688,7.629,-7.08,5.066,165.141,61.172,166.943
-0.599,0.168,-0.685,6.287,-14.099,-0.549,165.421,61.661,166.734
-0.587,0.102,-0.692,7.202,-0.977,-8.057,165.905,62.111,166.965
-0.58,0.08,-0.736,3.662,-0.488,-12.512,166.718,62.287,167.827
-0.632,0.047,-0.768,1.831,1.282,-19.47,167.596,62.529,168.975
-0.579,0.021,-0.673,-6.897,-8.789,-21.423,168.503,62.941,170.524
-0.585,0.045,-0.589,-10.925,-13.245,-15.686,168.887,63.82,171.826
-0.656,0.082,-0.612,-10.559,-2.808,-8.789,169.019,64.473,172.897
-0.516,0.062,-0.569,-13.672,15.015,2.075,168.865,64.297,173.699
-0.409,0.08,-0.542,-21.973,-2.136,-2.136,168.14,64.045,174.122
-0.64,0.145,-0.632,-25.513,-14.404,-15.32,167.426,64.88,174.941
-0.786,0.257,-0.746,-18.921,-3.967,-16.663,166.965,65.517,176.138
-0.744,0.312,-0.838,-9.827,11.23,-1.953,166.926,65.55,177.198
-0.774,0.462,-0.927,6.714,24.902,36.743,165.965,64.55,176.127
-0.559,0.447,-0.979,16.663,28.687,33.569,165.366,62.26,174.282
-0.609,0.339,-0.955,17.578,0.61,1.038,165.767,61.567,173.546
-0.637,0.232,-0.808,7.812,-6.775,-9.644,166.366,61.782,173.666
-0.697,0.238,-0.73,4.028,-1.343,-8.972,166.822,62.111,174.139
-0.597,0.245,-0.682,10.559,10.742,1.587,167.256,61.919,174.507
-0.468,0.187,-0.587,12.939,3.784,11.292,167.569,61.49,174.304
-0.542,0.25,-0.607,13.367,-7.08,19.165,167.459,61.463,173.403
-0.475,0.229,-0.566,18.799,-1.404,25.391,167.311,61.364,172.09
-0.524,0.244,-0.601,23.193,-7.263,26.611,167.151,61.287,170.491
-0.491,0.206,-0.637,24.536,-8.484,22.888,167.234,61.375,169.003
-0.422,0.188,-0.635,24.414,-15.991,17.212,167.415,61.661,167.607
-0.519,0.198,-0.688,18.433,-37.903,8.423,167.668,62.748,166.415
-0.955,0.258,-0.869,21.729,-29.907,0.122,167.981,64.484,165.575
-0.766,0.105,-0.834,20.691,-1.221,-15.747,169.332,65.039,166.234
-0.796,0.055,-0.893,11.108,-13.794,-20.996,170.832,65.715,167.624
-0.865,0.07,-0.884,4.272,-18.677,-22.644,172.057,66.687,169.074
-0.916,0.048,-0.86,12.024,3.967,-14.893,173.392,67.247,170.524
-0.672,-0.026,-0.745,9.46,20.325,7.935,174.342,66.511,171.194
-0.491,0.042,-0.688,4.517,11.414,31.128,173.875,65.55,170.112
-0.51,0.112,-0.652,8.118,-3.479,34.973,172.848,65.215,168.008
-0.62,0.093,-0.67,14.099,-6.226,22.461,172.304,65.253,166.207
-0.693,0.062,-0.708,17.334,1.831,9.888,172.502,65.22,165.355
-0.582,-0.017,-0.69,14.832,10.864,7.324,173.254,64.803,165.256
-0.517,-0.047,-0.634,6.165,-2.991,9.705,173.595,64.572,164.921
-0.546,-0.03,-0.609,-5.005,-9.46,11.292,173.458,64.88,164.344
-0.517,0.026,-0.558,-11.108,-18.372,16.235,172.639,65.38,163.438
-0.536,0.142,-0.553,-5.188,-21.301,23.987,171.458,66.286,162.246
-0.428,0.247,-0.503,28.015,-29.724,48.401,170.283,67.088,159.862
-0.772,0.163,-0.618,51.514,-47.058,69.946,169.195,68.395,155.336
-0.925,0.195,-0.726,38.879,-45.532,81.299,167.377,69.516,149.76
-1.054,0.303,-0.769,28.87,-34.729,88.135,164.394,70.258,143.668
-0.98,0.368,-0.8,22.4,-19.714,78.491,161.362,70.021,138.115
-1.015,0.467,-0.885,27.893,6.653,74.219,159.016,68.989,133.544
-0.712,0.415,-0.743,42.542,28.381,78.979,157.934,66.572,129.825
-0.527,0.403,-0.702,55.115,14.709,81.787,157.588,63.885,125.859
-0.513,0.346,-0.688,67.017,7.324,82.397,157.906,61.886,121.531
-0.411,0.303,-0.65,67.566,-10.986,81.421,158.368,60.293,116.708
-0.56,0.291,-0.674,58.594,-21.667,73.547,158.703,59.711,111.555
-0.63,0.346,-0.739,61.035,-11.23,65.308,159.049,59.167,106.573
-0.514,0.277,-0.751,63.843,-4.028,60.791,160.164,58.315,102.085
-0.511,0.243,-0.812,54.688,-20.996,72.266,161.065,57.656,96.954
-0.62,0.31,-0.803,45.593,-30.151,88.257,160.67,57.508,90.297
-0.713,0.371,-0.785,41.382,-41.809,82.581,159.868,57.546,83.128
-0.677,0.324,-0.684,51.147,-27.222,81.36,159.406,57.623,75.981
-0.573,0.214,-0.651,66.956,-15.869,84.167,159.708,57.096,68.895
-0.639,0.139,-0.704,71.716,-20.569,80.688,160.768,56.552,61.924
-0.615,0.065,-0.786,75.745,-3.357,82.703,162.29,55.717,55.223
-0.525,-0.003,-0.808,64.148,-5.371,71.045,163.894,54.728,49.109
-0.462,-0.002,-0.82,46.814,-4.761,45.044,165.443,54.124,44.456
-0.463,0.04,-0.809,33.936,-12.39,41.626,166.591,53.959,40.704
-0.548,0.096,-0.809,33.081,-19.104,50.537,167.157,54.113,36.546
-0.515,0.065,-0.768,41.748,-15.503,57.922,167.761,54.201,31.932
-0.586,0.069,-0.805,41.138,-20.752,61.707,168.294,54.388,26.955
-0.443,-0.049,-0.74,34.119,-13.672,45.044,168.986,54.481,22.522
-0.553,0.006,-0.785,15.198,-27.588,34.851,169.316,55.085,18.951
-0.813,0.103,-0.985,9.827,-10.742,24.231,169.294,55.739,15.952
-0.601,0.146,-0.87,0.793,-13.0,27.344,169.107,56.008,13.348
-0.547,0.309,-0.857,8.362,-10.254,43.884,168.316,56.201,10.058
-0.416,0.242,-0.759,17.456,-21.118,37.903,167.838,56.332,6.361
-0.455,0.24,-0.723,15.869,-11.047,33.081,167.421,56.794,2.933
-0.562,0.329,-0.826,6.348,-5.188,29.419,166.877,56.827,-0.066
-0.534,0.337,-0.869,17.395,17.395,11.047,166.761,56.245,-2.285
-0.361,0.223,-0.867,20.386,21.362,8.423,167.635,55.08,-3.439
-0.305,0.19,-0.789,12.512,-1.16,18.616,167.981,54.382,-5.048
-0.47,0.287,-0.762,6.287,-12.756,29.907,167.525,54.47,-7.394
-0.42,0.308,-0.719,9.705,-2.075,35.278,166.844,54.229,-10.294
-0.465,0.39,-0.778,13.977,-7.446,35.889,166.251,53.954,-13.337
-0.576,0.453,-0.84,29.663,-12.207,38.94,166.097,54.058,-16.606
-0.479,0.388,-0.895,46.143,9.277,61.707,166.448,53.311,-20.654
-0.28,0.251,-0.927,46.814,-5.615,57.312,167.113,52.317,-24.84
-0.406,0.221,-0.87,35.156,-30.151,48.218,167.322,52.646,-28.828
-0.611,0.172,-0.888,23.987,-37.964,31.555,167.437,53.707,-32.053
-0.63,0.153,-0.819,21.606,-13.672,26.123,167.476,54.673,-34.656
-0.304,0.022,-0.625,14.648,-19.47,20.996,167.833,54.943,-36.53
-0.747,0.205,-0.783,9.705,-43.03,28.87,167.3,56.448,-38.919
-0.719,0.108,-0.822,21.79,-5.127,19.409,167.492,57.25,-40.99
-0.568,0.084,-0.808,24.841,15.808,25.024,168.195,56.81,-42.534
-0.387,0.071,-0.736,14.282,1.526,26.489,168.651,56.036,-44.176
-0.494,0.099,-0.742,17.273,-4.395,15.991,168.937,56.052,-45.621
-0.503,0.069,-0.739,14.038,-1.404,9.216,169.563,56.069,-46.461
-0.49,0.04,-0.745,10.498,5.31,-0.061,170.233,55.964,-46.818
-0.423,-0.02,-0.718,1.343,3.235,-13.428,171.046,55.794,-46.34
-0.41,-0.042,-0.623,-10.986,-5.859,-24.597,171.579,56.162,-45.231
-0.469,-0.007,-0.605,-23.254,-20.508,-24.78,171.749,57.063,-43.797
-0.493,0.071,-0.596,-17.883,-2.014,-17.09,171.557,57.969,-42.786
-0.48,0.109,-0.694,-18.127,-12.939,-8.728,171.282,58.354,-42.242
-0.763,0.213,-0.935,-9.949,-7.385,-2.38,170.81,59.073,-42.358
-0.881,0.347,-1.083,-1.526,6.165,3.662,170.739,59.216,-42.599
-0.615,0.274,-1.045,1.709,23.682,20.02,170.684,58.266,-43.407
-0.572,0.398,-1.121,2.075,24.109,29.541,169.827,56.854,-45.198
-0.454,0.298,-1.012,3.113,9.766,2.38,169.563,55.75,-46.241
-0.513,0.25,-0.884,-4.395,4.211,-6.897,169.536,55.47,-46.318
-0.512,0.271,-0.803,-10.864,0.793,-4.944,169.25,55.316,-46.247
-0.458,0.281,-0.717,-7.69,0.305,3.235,168.668,55.245,-46.642
-0.437,0.293,-0.672,-6.836,-0.916,4.456,168.063,55.239,-47.329
-0.377,0.288,-0.601,-4.517,-6.104,2.075,167.459,55.338,-48.12
-0.383,0.259,-0.595,-2.808,-7.751,0.061,167.047,55.706,-48.801
-0.383,0.29,-0.619,0.732,-5.127,6.775,166.613,55.97,-49.713
-0.378,0.351,-0.669,5.31,-6.592,20.142,166.042,56.014,-51.229
-0.328,0.347,-0.676,10.315,-12.085,25.513,165.399,56.03,-53.41
-0.296,0.289,-0.64,11.597,-30.334,12.207,164.921,56.678,-55.426
-0.696,0.306,-0.901,5.432,-47.607,0.305,164.586,58.376,-56.821
-0.995,0.286,-1.087,-1.77,-35.95,-0.671,164.158,60.167,-57.903
-0.518,0.103,-0.686,-1.282,-4.211,-25.146,164.13,61.447,-57.947
-1.207,0.316,-1.082,-12.817,-12.878,-20.264,164.597,62.776,-56.651
-0.643,0.171,-0.921,6.165,53.284,-7.507,165.493,61.567,-55.443
-0.336,0.202,-0.942,0.61,22.827,6.775,166.251,59.54,-54.619
-0.477,0.207,-0.796,7.263,-15.259,5.005,166.234,59.392,-54.965
-0.56,0.184,-0.692,10.315,-18.677,-0.244,166.547,60.073,-55.195
-0.671,0.112,-0.679,16.541,-10.376,-3.784,167.162,60.881,-55.327
-0.484,0.018,-0.6,10.681,5.615,-5.371,168.162,60.969,-54.959
-0.567,0.066,-0.672,4.761,8.911,-1.404,168.766,60.837,-54.597
-0.447,0.014,-0.705,3.845,19.775,-10.681,169.568,60.2,-53.773
-0.482,0.038,-0.723,-4.211,5.554,-12.329,170.151,59.892,-52.718
-0.424,-0.017,-0.622,-9.705,-5.31,-22.461,170.717,60.134,-51.29
-0.5,0.028,-0.599,-17.395,-16.724,-15.991,170.876,60.892,-49.927
-0.464,0.039,-0.56,-15.198,-5.798,-13.611,170.744,61.683,-48.955
-0.637,0.132,-0.706,-21.79,-26.367,-11.475,170.414,62.54,-48.164
-0.827,0.222,-0.848,-19.348,-10.071,-9.644,169.827,63.666,-47.692
-1.131,0.458,-1.119,-24.658,-3.845,11.475,168.755,63.836,-47.867
-0.771,0.437,-0.996,-3.845,41.748,14.526,167.761,62.512,-48.752
-0.521,0.456,-1.035,8.057,44.067,14.038,167.58,60.112,-49.268
-0.453,0.279,-0.919,12.939,17.639,-3.662,168.124,58.513,-49.351
-0.516,0.195,-0.815,3.601,8.606,-6.348,168.684,58.002,-48.988
-0.46,0.252,-0.742,-6.287,6.897,2.869,168.552,57.59,-48.906
-0.356,0.277,-0.674,-5.066,-4.211,9.644,168.008,57.288,-49.334
-0.465,0.32,-0.667,0.793,-8.789,17.395,167.184,57.469,-50.493
-0.409,0.298,-0.611,6.653,-7.69,16.541,166.591,57.513,-51.855
-0.494,0.313,-0.644,10.62,-18.677,18.311,166.097,57.827,-53.448
-0.459,0.245,-0.603,11.536,-19.104,15.137,165.806,58.502,-55.063
-0.472,0.271,-0.585,6.47,-27.832,12.817,165.223,59.469,-56.711
-0.484,0.219,-0.56,7.446,-22.888,-3.418,164.949,60.661,-57.717
-0.692,0.246,-0.761,-0.977,-31.738,-11.475,165.031,62.029,-57.816
-0.908,0.259,-0.967,-0.366,-18.311,-5.249,164.894,63.375,-58.035
-0.572,0.119,-0.749,3.845,-1.648,-11.597,165.114,64.105,-57.865
-1.171,0.299,-1.07,3.906,8.85,-0.305,165.135,64.775,-57.711
-0.639,0.187,-0.875,6.592,41.016,-1.465,166.031,62.968,-56.915
-0.575,0.171,-0.886,7.019,20.691,3.601,166.723,61.661,-56.316
-0.436,0.133,-0.747,6.897,13.916,7.019,167.217,60.732,-56.08
-0.452,0.148,-0.667,4.211,-4.395,13.306,167.239,60.304,-56.398
-0.528,0.112,-0.638,6.714,0.488,5.92,167.234,60.386,-56.805
-0.567,0.111,-0.7,4.211,12.451,-0.977,167.58,60.051,-56.585
-0.432,0.05,-0.687,2.869,25.146,-13.428,168.305,59.266,-55.646
-0.462,0.04,-0.742,-5.737,9.705,-20.935,169.2,58.53,-53.992
-0.438,0.049,-0.668,-9.521,8.362,-20.569,169.75,58.442,-52.289
-0.461,0.087,-0.654,-13.245,-6.348,-11.169,169.953,58.508,-50.96
-0.403,0.084,-0.602,-10.925,-2.258,-4.517,169.75,58.843,-50.334
-0.37,0.129,-0.618,-17.273,-19.531,2.258,169.173,59.337,-50.125
-0.806,0.263,-0.837,-18.005,-30.701,5.859,167.893,60.732,-50.707
-0.679,0.285,-0.807,-12.512,-2.319,-1.099,167.091,61.386,-50.911
-1.06,0.58,-1.056,-9.216,-2.197,20.691,165.866,61.485,-51.757
-0.716,0.398,-1.05,17.029,56.824,8.972,166.168,59.524,-52.114
-0.444,0.355,-1.086,17.578,46.326,9.949,167.036,56.871,-51.932
-0.29,0.208,-0.905,3.967,14.099,0.916,167.563,55.355,-51.74
-0.45,0.252,-0.8,-8.972,-9.705,-10.315,167.322,55.497,-51.367
-0.401,0.253,-0.648,-11.536,-12.39,-8.423,166.948,56.025,-50.834
-0.454,0.287,-0.622,-8.118,-15.869,-0.793,166.349,56.667,-50.795
-0.492,0.329,-0.629,-1.831,-4.761,11.902,165.701,57.096,-51.356
-0.396,0.357,-0.629,7.263,-2.625,25.085,165.037,56.843,-52.69
-0.448,0.323,-0.648,17.273,-9.705,18.372,164.636,56.81,-54.377
-0.449,0.265,-0.624,10.559,-17.578,11.658,164.603,57.189,-55.624
-0.542,0.284,-0.647,10.986,-16.846,1.16,164.46,57.925,-56.591
-0.527,0.27,-0.689,9.46,-7.507,-3.601,164.778,58.519,-56.799
-0.681,0.306,-0.812,8.545,-13.672,0.549,164.993,59.019,-57.057
-0.737,0.252,-0.933,7.996,-11.902,-1.16,165.311,59.513,-57.211
-0.937,0.276,-0.999,6.165,-20.752,-1.953,165.421,60.408,-57.448
-0.853,0.159,-0.99,17.395,24.536,-7.446,166.355,60.447,-56.986
-0.535,0.048,-0.916,15.381,37.659,-2.686,167.849,58.909,-55.893
-0.355,0.085,-0.882,-6.042,21.24,19.165,168.058,57.415,-55.745
-0.423,0.261,-0.826,-6.226,1.648,23.926,167.102,56.717,-56.646
-0.438,0.19,-0.747,4.7,-3.54,5.31,166.822,56.475,-57.151
-0.506,0.154,-0.725,6.958,-1.892,0.061,167.053,56.646,-57.107
-0.499,0.096,-0.781,6.348,9.644,-9.705,167.668,56.431,-56.569
-0.471,0.065,-0.784,-1.648,5.859,-17.09,168.431,56.212,-55.371
-0.445,0.039,-0.717,-8.728,-1.648,-26.794,168.986,56.371,-53.811
-0.492,0.063,-0.646,-14.343,-8.301,-28.809,169.453,57.003,-51.927
-0.454,0.067,-0.59,-19.043,-8.484,-20.508,169.596,57.717,-50.301
-0.513,0.14,-0.641,-19.226,-1.892,-10.742,169.228,58.239,-49.29
-0.431,0.145,-0.69,-15.808,3.357,-5.493,168.805,58.271,-48.642
-0.674,0.244,-0.888,-14.648,-7.385,-2.441,168.195,58.574,-48.378
-0.503,0.251,-0.819,-11.292,6.531,6.348,167.629,58.508,-48.351
-0.869,0.559,-1.172,-18.555,-21.912,29.053,166.146,58.409,-49.521
-0.742,0.358,-1.008,16.907,38.94,7.751,165.85,57.777,-50.521
-0.462,0.399,-1.051,6.042,23.499,21.057,166.163,55.887,-50.762
-0.438,0.261,-0.938,7.996,13.184,6.592,166.152,54.855,-51.465
-0.459,0.285,-0.84,-3.174,-3.54,-0.061,166.13,54.69,-51.394
-0.455,0.273,-0.748,-3.052,-5.493,6.104,165.756,54.789,-51.696
-0.416,0.289,-0.662,0.183,-7.019,16.235,165.256,54.91,-52.421
-0.388,0.328,-0.646,3.235,-1.587,25.269,164.531,54.783,-53.8
-0.251,0.318,-0.602,7.629,-6.531,20.386,163.976,54.481,-55.283
-0.347,0.28,-0.643,11.719,-21.362,17.273,163.674,54.778,-56.7
-0.417,0.317,-0.644,7.324,-25.513,21.423,163.169,55.453,-58.398
-0.564,0.373,-0.705,9.888,-20.02,14.954,162.532,56.272,-60.15
-0.456,0.331,-0.742,10.193,-5.676,2.075,162.543,56.58,-61.018
-0.688,0.38,-0.951,12.268,-5.737,-1.099,162.724,57.036,-61.414
-0.55,0.234,-0.908,8.179,-6.348,-5.92,163.301,57.09,-61.298
-0.726,0.221,-0.976,-6.042,-40.405,-9.094,163.339,58.255,-61.249
-0.834,0.238,-0.87,-0.488,-18.25,-9.46,163.048,60.073,-61.397
-0.691,0.206,-0.786,5.981,-3.052,-11.23,163.614,60.661,-60.809
-0.677,0.218,-0.831,11.78,17.395,6.104,164.279,60.364,-60.551
-0.429,0.17,-0.767,14.404,23.743,12.329,164.938,59.139,-60.716
-0.389,0.138,-0.691,6.775,-12.695,5.798,165.306,58.821,-61.04
-0.566,0.113,-0.641,5.005,-20.508,-12.024,165.564,59.897,-61.062
-0.675,0.068,-0.674,-0.305,-10.803,-23.438,166.459,60.875,-59.914
-0.641,0.037,-0.702,-4.15,22.156,-25.024,167.382,61.018,-58.293
-0.41,-0.015,-0.629,-13.55,20.813,-29.114,168.448,60.255,-56.08
-0.479,0.057,-0.652,-23.193,-0.793,-26.001,168.799,60.309,-54.086
-0.502,0.121,-0.652,-20.813,1.648,-13.428,168.673,60.59,-52.663
-0.365,0.133,-0.611,-17.944,2.197,-2.747,168.223,60.601,-52.042
-0.505,0.258,-0.726,-18.127,-22.644,15.259,167.141,60.908,-52.454
-0.798,0.336,-0.824,-9.705,-23.01,20.02,165.498,61.902,-54.113
-0.929,0.396,-1.045,-11.658,-13.855,26.917,164.125,62.243,-55.772
-0.926,0.383,-1.009,-17.7,15.198,13.977,162.521,62.1,-57.338
-0.694,0.58,-1.025,-12.268,56.03,27.222,161.461,59.892,-57.772
-0.329,0.433,-0.88,3.418,37.354,18.799,161.164,57.2,-58.293
-0.388,0.373,-0.773,8.484,5.676,16.724,161.071,56.08,-59.057
-0.473,0.317,-0.74,13.55,4.517,20.874,161.098,55.519,-60.172
-0.28,0.333,-0.653,14.954,-2.502,30.457,160.983,54.789,-61.771
-0.378,0.367,-0.677,15.747,-25.024,35.339,160.521,54.822,-64.171
-0.423,0.406,-0.643,15.442,-28.992,36.804,159.857,55.322,-66.94
-0.57,0.447,-0.699,23.193,-18.86,33.875,159.302,55.69,-69.763
-0.381,0.377,-0.631,22.461,-13.0,26.245,159.357,55.706,-71.862
-0.325,0.33,-0.57,17.029,-27.466,17.517,159.252,56.102,-73.861
-0.418,0.315,-0.601,15.259,-34.241,2.441,159.142,57.283,-75.427
-0.581,0.328,-0.778,6.775,-36.133,-1.038,159.164,58.722,-76.426
-0.935,0.422,-0.97,8.057,-24.048,-1.221,158.835,60.337,-77.498
-0.55,0.243,-0.69,15.503,-1.465,-27.1,159.587,61.139,-77.184
-1.009,0.293,-0.829,8.179,-30.396,-32.532,161.038,62.639,-75.69
-0.804,0.168,-0.811,15.991,18.311,-27.161,162.883,63.232,-73.938
-0.636,0.094,-0.827,12.329,26.184,-8.911,164.68,62.529,-72.345
-0.503,0.127,-0.8,1.77,14.893,4.395,165.306,61.6,-71.867
-0.468,0.161,-0.731,-1.648,-1.404,5.615,165.317,61.287,-71.927
-0.542,0.148,-0.682,-1.282,-9.644,-1.831,165.207,61.606,-72.054
-0.605,0.137,-0.673,-2.991,-9.277,-13.0,165.482,62.183,-71.537
-0.682,0.084,-0.728,0.061,7.019,-19.043,166.223,62.523,-70.406
-0.594,0.05,-0.714,-9.033,7.263,-16.174,166.97,62.375,-68.967
-0.594,0.094,-0.667,-15.137,-3.845,-8.911,166.921,62.606,-68.137
-0.514,0.106,-0.562,-14.709,-6.653,-7.568,166.63,63.094,-67.588
-0.542,0.121,-0.537,-16.907,-8.667,-4.272,166.157,63.704,-67.269
-0.585,0.161,-0.582,-17.822,-3.113,-2.93,165.504,64.144,-67.11
-0.655,0.225,-0.693,-18.127,2.38,-0.549,164.833,64.226,-66.978
-0.766,0.3,-0.818,-13.794,0.183,-1.038,164.163,64.27,-66.929
-0.598,0.313,-0.705,-14.404,-3.723,10.803,163.394,64.297,-67.258
-0.811,0.502,-0.852,-11.902,-19.775,26.306,161.724,64.506,-68.851
-0.866,0.551,-0.905,-0.305,17.395,35.889,160.071,64.259,-71.115
-0.617,0.552,-0.868,14.648,35.278,40.405,159.17,62.111,-73.087
-0.44,0.368,-0.753,18.738,22.522,30.396,159.175,60.123,-74.658
-0.407,0.339,-0.674,18.25,9.216,30.457,159.148,58.793,-76.284
-0.412,0.294,-0.611,22.034,-4.15,30.701,159.153,58.14,-78.168
-0.333,0.3,-0.563,25.146,2.319,42.297,158.989,57.404,-80.552
-0.464,0.367,-0.646,29.785,-8.484,44.861,158.851,56.728,-83.26
-0.296,0.312,-0.6,28.137,-4.089,47.668,158.846,55.844,-86.078
-0.354,0.331,-0.625,21.606,-25.208,36.865,158.527,55.701,-88.934
-0.539,0.338,-0.739,14.404,-31.738,16.357,158.258,56.42,-91.088
-0.747,0.39,-0.808,8.728,-11.414,9.46,158.005,57.332,-92.428
-0.601,0.224,-0.874,3.235,-14.282,-9.216,158.577,57.48,-92.379
-1.089,0.519,-1.062,11.292,-9.583,17.517,158.044,58.738,-93.318
-0.719,0.29,-0.957,33.813,36.377,16.052,159.247,57.563,-93.653
-0.496,0.247,-0.968,29.907,27.832,38.513,160.549,55.684,-94.29
-0.369,0.231,-0.823,21.606,1.099,41.138,160.961,54.245,-96.103
-0.459,0.213,-0.775,18.677,-5.31,30.579,161.093,53.866,-97.965
-0.41,0.169,-0.691,12.878,-11.414,17.09,161.351,53.8,-99.207
-0.388,0.14,-0.598,9.888,-14.221,2.258,161.664,54.267,-99.816
-0.363,0.089,-0.558,5.371,-12.878,-5.981,162.23,54.965,-99.641
-0.49,0.184,-0.592,-3.784,-19.104,4.272,162.186,55.86,-99.772
-0.522,0.227,-0.63,-1.099,-16.418,10.132,161.851,56.541,-100.36
-0.676,0.322,-0.688,3.845,-23.987,10.376,161.318,57.546,-101.404
-0.446,0.176,-0.624,13.489,-2.136,1.404,161.664,57.997,-101.794
-0.699,0.308,-0.833,3.784,-21.179,14.099,161.516,58.848,-102.552
-0.636,0.3,-0.825,0.61,-24.963,22.583,160.961,59.469,-103.925
-0.896,0.505,-0.976,7.751,-14.404,52.307,159.549,59.865,-106.65
-0.689,0.532,-0.904,19.104,-10.986,77.881,158.022,58.969,-110.632
-0.672,0.527,-0.914,36.255,0.488,70.374,156.94,57.645,-114.911
-0.464,0.379,-0.781,44.617,0.61,54.749,157.203,56.277,-118.098
-0.443,0.298,-0.718,42.542,-11.536,49.988,157.879,55.459,-120.888
-0.413,0.285,-0.675,43.396,-14.16,54.077,158.401,54.981,-123.915
-0.403,0.284,-0.673,40.344,-23.682,59.021,158.791,54.701,-127.266
-0.476,0.317,-0.704,36.987,-28.137,59.998,158.802,54.69,-131.017
-0.568,0.379,-0.798,37.537,-23.376,58.838,158.714,54.739,-134.736
-0.638,0.415,-0.927,38.94,-22.095,62.866,158.769,54.58,-138.373
-0.578,0.411,-0.899,45.776,-16.479,72.876,158.621,54.168,-142.619
-0.587,0.342,-0.863,48.889,-21.851,68.42,158.857,53.904,-146.755
-0.381,0.138,-0.713,54.077,-27.283,67.505,159.62,53.63,-150.727
-0.538,0.236,-0.662,58.838,-51.941,79.773,160.049,54.25,-155.533
-0.732,0.205,-0.671,87.646,-35.217,96.802,161.049,54.772,-161.027
-0.757,0.088,-0.777,100.342,3.845,103.027,163.026,53.844,-166.333
-0.444,-0.122,-0.798,88.867,18.188,92.59,165.591,51.899,-170.667
-0.347,-0.146,-0.821,50.476,-11.841,83.679,167.086,50.949,-174.639
-0.512,0.004,-0.812,27.283,-18.494,67.993,167.355,51.191,-178.149
-0.541,0.059,-0.835,24.353,-14.893,61.584,167.294,51.389,178.671
-0.41,-0.042,-0.808,21.912,-8.545,45.044,167.542,51.394,176.188
-0.477,-0.023,-0.881,4.639,-21.973,36.011,167.574,51.762,174.205
-0.614,0.066,-1.056,-6.042,-14.954,22.095,167.19,52.333,172.727
-0.661,0.23,-0.959,-16.357,-14.038,25.269,166.113,52.982,171.42
-0.396,0.3,-0.893,-11.841,16.113,25.94,165.037,52.625,170.299
-0.043,0.344,-0.739,5.005,-14.221,27.649,164.416,51.812,169.052
-0.548,0.394,-0.779,17.7,-63.782,56.213,163.575,53.3,165.657
-0.738,0.272,-0.826,22.888,8.484,57.373,162.905,53.361,161.933
-0.368,0.286,-0.816,15.991,21.729,30.884,162.982,51.735,160.334
-0.28,0.276,-0.794,8.179,2.38,30.579,162.927,50.806,158.939
-0.339,0.355,-0.745,5.127,-14.221,32.104,162.411,50.62,157.044
-0.42,0.374,-0.725,7.324,-20.02,36.133,161.735,50.795,154.726
-0.455,0.433,-0.779,6.165,-15.076,39.124,160.944,50.922,152.314
-0.414,0.504,-0.812,11.658,-16.663,42.603,160.126,50.779,149.733
-0.355,0.412,-0.811,26.672,-5.554,32.349,159.933,50.658,147.415
-0.345,0.402,-0.938,22.4,-31.067,27.1,160.23,50.707,145.459
-0.625,0.398,-1.018,30.334,-31.738,29.724,160.318,51.757,142.927
-0.514,0.27,-0.869,32.959,-23.376,25.818,160.796,52.476,140.658
-0.42,0.109,-0.748,36.255,-24.17,19.836,161.757,53.113,138.818
-0.642,0.153,-0.799,28.015,-40.466,30.151,162.383,54.344,136.527
-0.537,0.052,-0.795,29.785,-21.667,28.809,163.037,55.168,134.039
-0.584,0.089,-0.825,23.682,-7.263,28.809,163.608,55.607,131.721
-0.429,0.125,-0.788,15.503,-0.244,30.457,164.037,55.228,129.589
-0.431,0.179,-0.759,15.686,-7.019,24.78,164.235,54.976,127.419
-0.415,0.119,-0.733,13.0,-10.986,14.16,164.663,55.085,125.711
-0.485,0.112,-0.734,8.301,-10.254,3.296,165.031,55.459,124.415
-0.531,0.088,-0.723,2.197,-6.226,-9.155,165.547,55.876,123.86
-0.381,0.017,-0.579,-7.08,-5.859,-16.968,166.075,56.31,123.931
-0.492,0.118,-0.623,-14.587,-6.714,-13.977,166.08,56.986,123.915
-0.491,0.163,-0.656,-13.855,-5.981,-11.169,165.981,57.365,123.893
-0.382,0.122,-0.672,-6.531,-0.244,-11.597,166.097,57.623,123.942
-0.548,0.184,-0.781,-11.719,-26.978,-6.409,165.916,58.442,123.563
-0.916,0.33,-0.939,-11.23,-17.517,-6.042,165.339,59.848,122.893
-0.855,0.466,-1.143,-14.16,21.179,19.47,164.91,59.321,122.542
-0.653,0.522,-1.159,8.362,41.26,40.649,163.85,57.673,120.778
-0.282,0.443,-1.007,15.686,16.113,12.207,163.878,55.563,119.537
-0.415,0.265,-0.768,9.705,-22.156,-8.423,164.394,55.772,119.075
-0.568,0.244,-0.686,-5.371,-27.222,-14.221,164.482,57.025,118.932
-0.718,0.299,-0.706,-6.409,-8.24,-11.719,164.235,58.178,118.976
-0.577,0.33,-0.671,-5.554,8.118,-3.418,164.141,58.26,119.323
-0.528,0.364,-0.689,3.296,13.0,5.127,163.96,57.744,119.213
-0.399,0.307,-0.645,11.963,10.925,3.113,164.202,57.195,119.07
-0.374,0.261,-0.636,8.911,-7.446,6.042,164.416,57.101,118.608
-0.44,0.283,-0.653,5.859,0.0,9.277,164.251,57.217,117.795
-0.427,0.375,-0.705,4.7,-1.282,13.55,163.894,57.025,116.895
-0.339,0.297,-0.658,8.484,-12.939,1.892,163.762,57.112,116.065
-0.442,0.235,-0.628,2.563,-31.494,-9.766,163.735,58.332,115.576
-0.672,0.302,-0.795,-6.287,-31.982,-6.348,163.389,59.826,115.098
-0.931,0.326,-0.952,-1.221,-13.916,-8.911,162.96,61.139,114.5
-1.025,0.288,-1.115,-7.812,-19.348,-17.517,163.24,61.935,114.752
-0.981,0.281,-0.999,8.606,22.644,-12.329,163.488,62.765,114.802
-0.49,0.117,-0.744,17.151,37.476,-16.785,165.251,61.479,115.845
-0.383,0.042,-0.836,3.296,11.169,-5.432,166.679,60.309,116.312
-0.603,0.143,-0.822,-4.333,5.676,4.822,166.718,60.205,115.45
-0.52,0.186,-0.782,-4.517,7.568,2.441,166.459,59.623,114.346
-0.531,0.093,-0.727,-5.798,-1.221,-17.517,166.756,59.518,114.06
-0.571,0.118,-0.68,-10.986,-0.427,-15.686,166.987,59.843,114.109
-0.534,0.083,-0.669,-11.963,4.028,-18.616,167.256,59.854,114.269
-0.525,0.071,-0.66,-11.841,6.042,-20.142,167.607,59.914,114.587
-0.593,0.146,-0.692,-8.118,7.385,-11.108,167.789,59.908,114.604
-0.444,0.103,-0.62,0.549,4.211,-6.042,168.157,59.683,114.324
-0.404,0.067,-0.581,-2.502,-14.587,-3.418,168.431,60.057,113.736
-0.471,0.07,-0.627,-0.488,-5.188,-6.714,168.558,60.732,113.049
-0.691,0.184,-0.761,-11.475,-23.499,-4.089,168.459,61.452,112.467
-0.713,0.208,-0.844,-3.052,10.437,-9.033,168.382,62.001,112.176
-0.921,0.441,-1.055,-2.136,5.981,11.475,167.866,61.699,111.654
-0.735,0.388,-1.065,4.944,42.725,20.325,167.849,60.309,111.193
-0.469,0.445,-1.056,12.024,33.264,39.307,167.377,57.876,109.841
-0.414,0.315,-0.905,17.7,2.869,16.418,167.316,56.541,108.441
-0.504,0.251,-0.805,12.268,-9.827,11.169,167.487,56.569,107.578
-0.514,0.235,-0.707,2.747,-18.25,11.78,167.283,56.997,106.622
-0.483,0.256,-0.622,4.639,-10.864,13.367,166.811,57.535,105.562
-0.395,0.269,-0.543,6.531,-15.442,17.334,166.382,57.881,104.518
-0.467,0.306,-0.556,11.23,-15.137,24.963,165.778,58.348,103.063
-0.482,0.304,-0.589,15.991,-9.033,22.827,165.399,58.508,101.689
-0.459,0.255,-0.605,15.076,-6.775,18.188,165.229,58.546,100.574
-0.469,0.254,-0.648,9.033,-10.498,5.981,165.157,58.81,99.888
-0.376,0.191,-0.64,9.277,-8.24,-6.348,165.41,59.211,99.816
-0.833,0.288,-0.847,0.488,-32.532,-4.639,165.454,60.529,99.641
-0.812,0.18,-0.92,1.892,-2.563,-10.742,165.69,61.111,99.509
-1.246,0.335,-1.146,-8.667,-23.804,-16.235,166.13,61.749,99.921
-0.599,0.137,-0.855,16.418,53.162,-11.597,167.245,60.87,100.47
-0.308,0.062,-0.81,5.249,14.038,-1.831,168.508,59.387,100.893
-0.466,0.158,-0.732,-7.812,-14.099,15.32,168.19,59.321,99.662
-0.579,0.173,-0.714,0.732,0.61,6.226,167.58,59.513,98.152
-0.581,0.152,-0.718,-0.793,1.892,-2.441,167.756,59.332,97.564
-0.548,0.096,-0.722,1.953,12.207,-6.409,168.08,59.057,97.147
-0.502,0.049,-0.729,0.977,16.479,-15.686,168.816,58.524,97.224
-0.405,0.032,-0.666,-10.681,10.132,-12.451,169.349,58.03,97.3
-0.375,0.062,-0.586,-16.541,0.427,-20.02,169.404,57.953,97.344
-0.524,0.152,-0.607,-16.479,-6.958,-19.653,169.294,58.431,97.614
-0.523,0.092,-0.636,-6.47,9.766,-24.597,169.722,58.596,98.421
-0.449,0.113,-0.734,-13.123,1.831,-11.23,170.101,58.387,99.245
-0.73,0.228,-0.922,-11.658,-12.573,-7.507,169.711,58.975,99.388
-0.577,0.246,-0.801,-8.545,8.24,-5.737,169.508,59.211,100.25
-0.938,0.558,-1.054,-2.136,-5.615,15.076,168.712,58.92,100.47
-0.685,0.336,-1.065,21.423,52.368,7.996,169.371,57.261,101.387
-0.417,0.32,-1.054,17.151,31.921,15.137,170.057,55.031,102.14
-0.392,0.196,-0.906,7.385,5.127,5.066,170.294,54.025,102.365
-0.459,0.177,-0.8,-1.404,-10.803,-5.432,170.359,54.146,103.008
-0.463,0.206,-0.705,-7.324,-7.812,1.038,170.074,54.608,103.667
-0.35,0.242,-0.595,-7.08,-13.245,13.306,169.393,54.926,103.876
-0.432,0.294,-0.598,1.526,-16.113,20.996,168.459,55.448,103.442
-0.38,0.318,-0.584,5.798,-14.526,29.419,167.646,55.739,102.81
-0.501,0.285,-0.641,13.611,-16.113,26.917,166.926,56.069,101.953
-0.418,0.256,-0.637,8.545,-7.751,19.104,166.498,56.223,101.64
-0.389,0.249,-0.633,4.517,-18.372,12.573,166.053,56.58,101.613
-0.692,0.296,-0.846,4.272,-29.48,9.399,165.547,57.557,101.53
-0.778,0.228,-0.939,2.502,-17.822,11.475,165.13,58.436,101.519
-0.834,0.22,-1.132,3.906,-10.498,-2.319,165.075,58.859,101.893
-0.864,0.188,-1.124,14.526,39.612,-3.845,165.668,58.777,103.085
-0.498,0.125,-1.025,4.272,25.146,-11.169,166.822,57.206,104.804
-0.493,0.105,-0.953,-4.211,13.0,-5.737,167.355,56.508,105.425
-0.391,0.132,-0.765,-10.498,-5.981,-0.122,167.206,56.387,105.304
-0.501,0.18,-0.667,-10.376,-23.804,5.005,166.575,57.118,104.546
-0.558,0.151,-0.623,0.0,-2.38,-1.221,166.273,57.805,104.227
-0.491,0.086,-0.649,-0.977,5.005,-9.949,166.63,57.805,105.101
-0.46,0.057,-0.651,-5.127,17.029,-16.602,167.086,57.607,106.529
-0.377,0.01,-0.619,-14.648,0.793,-29.663,167.662,57.431,107.814
-0.574,0.091,-0.668,-22.522,-2.869,-32.043,167.888,58.074,108.611
-0.404,0.099,-0.631,-21.484,3.906,-27.466,168.102,58.299,110.495
-0.592,0.237,-0.808,-20.325,-13.611,-11.353,167.723,58.92,112.253
-0.721,0.305,-0.843,-11.658,-12.39,-4.578,167.141,59.804,113.741
-0.776,0.443,-1.119,-11.658,-0.061,21.729,166.349,59.76,114.725
-0.747,0.352,-1.001,15.442,25.879,16.174,165.734,59.255,114.961
-0.645,0.43,-1.104,7.446,29.358,14.954,165.948,57.519,116.153
-0.479,0.285,-0.985,6.47,33.63,-7.996,166.465,55.898,117.817
-0.432,0.271,-0.885,-5.188,8.667,-11.047,166.844,55.124,119.927
-0.5,0.249,-0.787,-8.911,-5.432,-2.625,166.602,55.129,121.295
-0.535,0.338,-0.744,-5.249,-5.737,16.479,165.866,55.3,121.849
-0.42,0.329,-0.658,1.587,1.526,25.146,165.048,54.97,121.794
-0.313,0.343,-0.608,9.399,-7.324,20.02,164.537,54.624,121.772
-0.297,0.284,-0.584,14.16,-7.751,18.127,164.399,54.591,121.712
-0.402,0.272,-0.634,11.536,-17.7,17.09,164.268,54.805,121.525
-0.457,0.249,-0.634,-1.404,-19.653,6.165,163.916,55.399,121.613
-0.49,0.337,-0.682,0.122,-12.756,-1.953,163.438,56.085,122.371
-0.499,0.301,-0.747,5.859,-18.616,-7.751,163.531,56.75,123.624
-0.93,0.325,-0.963,8.545,-32.288,-1.831,163.641,58.112,124.552
-0.565,0.13,-0.667,7.446,-5.615,-7.874,163.905,59.079,125.859
-1.193,0.348,-0.952,-1.038,-25.208,-5.371,164.064,60.178,127.689
-0.701,0.178,-0.909,14.404,60.181,1.221,164.888,58.854,130.155
-0.355,0.16,-0.986,5.066,38.147,10.986,165.63,56.629,132.27
-0.32,0.173,-0.858,-0.244,4.517,15.259,165.526,55.585,132.495
-0.343,0.172,-0.697,-4.15,-12.024,5.737,165.251,55.695,132.281
-0.558,0.226,-0.711,-2.686,-16.663,2.686,164.899,56.371,132.248
-0.458,0.118,-0.649,2.136,1.16,-14.038,165.218,56.667,133.489
-0.517,0.081,-0.659,-1.77,3.723,-27.161,166.003,57.008,135.989
-0.41,0.004,-0.605,-10.803,-0.61,-36.865,166.882,57.365,139.334
-0.568,0.091,-0.671,-16.174,-1.709,-29.663,167.344,58.31,142.795
-0.428,0.111,-0.627,-12.207,5.737,-13.367,167.525,58.568,145.849
-0.384,0.167,-0.681,-11.292,-8.362,-1.526,167.333,58.716,147.524
-0.626,0.275,-0.818,-9.033,-27.161,-0.793,166.855,59.617,148.112
-0.773,0.329,-0.915,1.831,-10.986,-7.568,166.69,60.688,148.898
-0.836,0.394,-1.042,4.395,-8.85,3.174,166.783,60.958,149.832
-0.894,0.349,-1.041,4.639,15.381,7.935,166.789,61.013,150.419
-0.568,0.395,-0.942,-0.183,21.118,18.311,166.47,59.65,150.886
-0.552,0.306,-0.871,4.517,3.052,-3.235,166.317,58.975,151.271
-0.565,0.251,-0.78,-0.793,-3.479,-11.292,166.63,59.112,152.507
-0.572,0.238,-0.714,-4.272,-1.709,-5.554,166.619,59.359,153.611
-0.445,0.267,-0.606,-6.287,-7.263,5.249,166.179,59.491,154.237
-0.521,0.315,-0.617,-3.479,-9.705,12.573,165.35,59.826,154.171
-0.33,0.293,-0.512,0.488,-3.235,15.137,164.641,59.733,153.979
-0.516,0.383,-0.629,7.935,-15.137,16.479,163.889,59.969,153.342
-0.449,0.286,-0.595,14.221,-6.042,6.836,163.85,60.112,153.105
-0.531,0.282,-0.626,10.864,-22.278,1.709,163.883,60.749,153.083
-0.58,0.196,-0.673,5.249,-18.188,-16.174,164.229,61.677,153.858
-1.073,0.305,-1.069,0.061,-18.188,-10.071,164.482,63.012,155.05
-0.493,0.14,-0.723,-0.061,22.4,-4.7,164.778,62.853,156.418
-1.031,0.396,-0.906,-12.878,-39.124,5.066,164.361,63.221,157.072
-0.676,0.242,-0.8,14.038,25.33,-2.808,164.301,63.138,157.511
-0.553,0.121,-0.787,15.381,6.165,-10.315,165.729,62.644,159.17
-0.637,0.159,-0.756,11.475,-0.793,14.404,166.24,62.584,159.576
-0.514,0.114,-0.66,14.771,4.7,14.465,166.487,62.26,159.428
-0.57,0.104,-0.663,11.414,-8.118,11.719,166.74,62.227,159.296
-0.524,0.045,-0.608,9.033,-2.808,-0.427,167.135,62.452,159.714
-0.505,0.017,-0.539,2.075,-12.878,-14.343,167.844,63.083,161.125
-0.526,-0.036,-0.549,0.854,-3.723,-27.222,168.909,63.869,163.526
-0.697,-0.002,-0.696,-7.996,8.789,-22.278,170.03,64.221,166.597
-0.497,-0.016,-0.657,-13.428,18.372,-14.16,170.563,63.677,169.321
-0.469,0.081,-0.605,-15.93,8.667,-11.047,170.524,63.539,171.365
-0.645,0.218,-0.759,-18.066,-12.695,2.136,169.986,63.622,172.282
-0.717,0.22,-0.837,-5.737,-3.113,0.427,169.459,64.056,172.639
-0.788,0.318,-0.987,-7.629,2.136,9.155,168.948,64.138,172.793
-0.948,0.312,-1.064,6.958,8.728,0.366,168.651,64.105,172.787
-0.659,0.322,-0.963,-0.488,16.174,15.32,168.596,63.089,172.892
-0.717,0.286,-0.916,-0.977,-1.465,3.113,168.074,62.682,172.397
-0.709,0.253,-0.833,-2.686,1.709,-11.108,168.085,62.737,172.87
-0.575,0.151,-0.703,-7.202,7.874,-11.475,168.354,62.617,173.952
-0.46,0.203,-0.615,-14.587,3.479,1.831,167.964,62.358,174.595
-0.403,0.237,-0.546,-14.465,3.54,15.381,166.91,62.111,174.326
-0.286,0.304,-0.505,-8.362,1.953,22.888,165.531,61.556,173.249
-0.364,0.298,-0.484,6.958,-21.301,16.296,164.487,61.798,171.716
-0.456,0.267,-0.52,9.094,-31.799,19.958,163.762,62.644,170.052
-0.657,0.324,-0.58,13.733,-32.715,32.41,162.587,63.781,167.679
-0.69,0.368,-0.7,17.944,-17.029,39.917,161.477,64.078,165.201
-0.841,0.363,-0.835,29.114,-16.907,33.203,160.653,64.347,162.708
-0.747,0.208,-0.809,30.945,0.61,20.447,160.983,64.369,161.461
-0.957,0.26,-0.95,24.231,-8.24,28.809,161.065,64.429,160.258
-0.814,0.237,-0.985,26.489,31.555,45.044,161.153,63.094,159.038
-0.532,0.188,-0.87,20.813,15.503,50.354,161.142,61.128,157.39
-0.528,0.24,-0.759,17.029,-0.916,47.852,160.62,60.002,154.902
-0.431,0.223,-0.591,15.747,-16.235,40.588,160.071,59.568,152.271
-0.549,0.23,-0.586,16.907,-23.621,31.738,159.565,59.892,149.826
-0.486,0.175,-0.5,21.729,-9.46,25.94,159.45,60.194,148.118
-0.537,0.162,-0.54,15.198,-11.047,23.315,159.631,60.26,147.14
-0.581,0.204,-0.57,14.893,-5.31,20.691,159.51,60.386,146.316
-0.577,0.197,-0.643,18.433,-4.272,21.179,159.697,60.386,145.898
-0.519,0.152,-0.684,18.616,-11.719,22.766,159.917,60.496,144.998
-0.673,0.262,-0.784,10.864,-23.926,36.499,159.494,60.969,142.877
-0.85,0.452,-1.008,12.146,-16.846,51.208,158.335,61.002,139.669
-0.607,0.393,-0.861,26.855,-2.502,62.317,157.489,60.304,136.187
-0.62,0.608,-0.883,21.423,-22.522,98.755,155.737,59.095,131.045
-0.646,0.534,-0.89,48.401,-9.216,80.322,154.682,57.563,125.623
-0.571,0.425,-0.78,55.115,-13.123,63.782,155.138,56.596,121.734
-0.454,0.258,-0.648,55.603,-11.292,64.148,156.017,55.701,117.982
-0.515,0.364,-0.699,56.519,-16.785,76.355,156.561,54.948,113.39
-0.407,0.283,-0.671,60.181,-21.912,78.857,157.407,54.135,108.331
-0.53,0.363,-0.754,54.443,-28.625,86.243,157.764,53.674,102.338
-0.579,0.368,-0.847,55.054,-15.991,73.303,158.209,53.141,96.4
-0.439,0.293,-0.85,50.72,-17.151,61.096,159.137,52.537,91.143
-0.612,0.317,-0.878,40.527,-33.142,72.388,159.554,52.575,85.512
-0.63,0.325,-0.842,35.767,-29.968,86.914,159.175,52.531,78.739
-0.522,0.235,-0.81,39.246,-23.254,87.402,158.84,52.015,71.642
-0.438,0.126,-0.749,44.373,-27.588,81.36,158.901,51.476,64.792
-0.519,0.161,-0.713,41.504,-45.41,85.754,158.95,51.658,57.859
-0.699,0.214,-0.808,52.795,-30.64,99.854,159.055,51.575,50.345
-0.555,0.163,-0.828,66.772,0.061,104.797,160.01,50.191,42.951
-0.343,0.084,-0.835,62.866,-10.376,103.882,161.389,48.494,35.876
-0.387,0.065,-0.787,49.5,-33.63,87.952,162.372,48.098,29.152
-0.553,0.196,-0.816,38.94,-32.654,85.266,162.768,48.334,22.797
-0.426,0.103,-0.828,41.809,-18.616,61.523,163.526,48.246,17.342
-0.408,0.085,-0.892,33.142,-21.118,33.63,164.592,48.56,13.541
-0.591,0.114,-1.047,17.395,-30.823,4.456,165.679,49.526,11.261
-0.43,0.138,-0.84,6.714,-17.273,1.953,166.306,50.768,9.717
-0.387,0.282,-0.854,-3.235,-9.277,28.015,166.179,51.053,7.795
-0.526,0.388,-0.877,4.089,-19.043,42.297,165.19,51.35,4.466
-0.483,0.354,-0.864,16.418,0.854,43.335,164.669,51.07,0.934
-0.371,0.322,-0.821,21.362,-0.488,46.631,164.531,50.328,-2.615
-0.377,0.311,-0.791,25.818,-8.362,45.105,164.581,49.9,-6.169
-0.34,0.286,-0.759,27.344,-10.071,44.617,164.756,49.609,-9.767
-0.385,0.305,-0.788,24.597,-15.015,37.781,164.921,49.62,-13.184
-0.333,0.282,-0.794,18.005,-10.132,28.931,165.092,49.697,-16.04
-0.397,0.371,-0.843,8.606,-21.79,26.917,164.778,50.004,-18.682
-0.547,0.389,-0.884,9.949,-27.283,20.386,164.41,50.889,-21.253
-0.515,0.373,-0.868,16.357,-15.625,27.588,164.202,51.482,-23.917
-0.509,0.361,-0.891,19.592,-25.452,30.029,164.103,51.987,-26.785
-0.527,0.241,-0.916,32.898,-11.475,24.719,164.575,52.432,-29.493
-0.321,0.107,-0.749,33.569,-14.893,22.217,165.504,52.745,-31.646
-0.48,0.065,-0.741,22.766,-50.415,23.987,166.113,53.987,-33.887
-0.744,0.111,-0.887,29.663,-5.005,31.982,166.454,55.124,-36.414
-0.546,0.082,-0.864,29.053,20.508,32.227,167.25,54.371,-38.48
-0.315,0.061,-0.819,19.836,12.207,28.015,167.986,53.13,-40.177
-0.324,0.037,-0.787,13.794,-4.944,8.789,168.58,52.822,-41.276
-0.413,0.062,-0.749,4.639,-13.428,0.0,169.173,53.141,-41.512
-0.476,0.051,-0.758,4.883,-3.54,-6.226,169.651,53.597,-41.517
-0.378,-0.006,-0.702,-0.854,-7.629,-21.24,170.392,53.921,-40.792
-0.47,-0.005,-0.708,-10.681,-11.475,-27.161,170.969,54.712,-39.54
-0.37,-0.045,-0.6,-20.813,-9.949,-33.508,171.337,55.492,-37.881
-0.429,0.06,-0.564,-29.358,-20.081,-31.311,171.151,56.64,-36.238
-0.576,0.139,-0.675,-24.597,-25.208,-33.63,171.019,58.118,-34.662
-0.687,0.263,-0.868,-12.39,-5.859,-17.517,170.991,59.052,-33.679
-0.619,0.265,-0.872,-6.104,-14.282,-8.301,170.903,59.843,-33.646
-1.089,0.478,-1.106,-3.662,-10.742,6.287,170.316,60.54,-34.481
-0.687,0.362,-1.035,8.484,49.561,6.165,170.392,59.057,-35.288
-0.446,0.306,-1.008,11.169,16.785,-10.498,171.079,57.519,-35.316
-0.48,0.176,-0.792,4.7,-6.47,-12.939,171.678,57.475,-35.184
-0.667,0.206,-0.782,-3.052,-1.404,-3.662,171.815,57.936,-35.211
-0.45,0.235,-0.689,-3.113,9.338,8.972,171.381,57.535,-35.931
-0.485,0.256,-0.707,0.0,3.357,9.155,170.887,57.239,-36.958
-0.368,0.214,-0.625,3.845,2.197,10.132,170.574,56.981,-38.018
-0.407,0.252,-0.631,6.531,-12.756,16.174,170.14,57.068,-39.408
-0.438,0.235,-0.598,7.446,-20.325,21.729,169.662,57.695,-41.237
-0.506,0.328,-0.64,10.315,-21.118,31.555,168.734,58.425,-43.786
-0.427,0.281,-0.647,16.846,-26.489,19.287,168.173,59.205,-46.274
-0.757,0.325,-0.886,20.142,-38.635,16.479,167.888,60.617,-48.494
-0.739,0.22,-0.874,17.517,-24.719,12.878,167.877,61.842,-50.378
-0.608,0.061,-0.892,16.541,-28.015,-6.226,168.349,63.007,-51.246
-1.401,0.231,-1.153,13.977,-38.147,-14.282,168.794,65.797,-51.482
-0.955,0.047,-0.995,32.959,76.477,-16.479,171.26,64.254,-50.169
-0.127,-0.136,-0.681,13.977,60.12,-2.808,173.485,60.688,-48.812
-0.08,-0.015,-0.587,-24.963,-24.963,12.817,172.974,60.073,-48.911
-0.709,0.224,-0.617,-27.222,-59.448,1.526,171.063,62.622,-49.603
-0.814,0.119,-0.671,-10.62,4.395,-27.405,170.804,63.765,-49.005
-0.808,0.035,-0.731,-4.272,37.17,-41.687,172.073,63.292,-46.703
-0.56,-0.083,-0.766,-12.146,56.946,-39.978,173.848,61.408,-43.638
-0.418,-0.024,-0.733,-28.809,28.32,-30.457,174.419,59.617,-41.144
-0.531,0.037,-0.717,-32.776,18.555,-29.724,174.194,58.969,-39.089
-0.324,0.042,-0.601,-36.194,20.63,-26.428,173.793,58.233,-37.139
-0.142,0.09,-0.527,-41.931,16.724,-12.756,172.853,57.469,-35.634
-0.21,0.283,-0.598,-44.556,-14.954,10.498,170.788,57.266,-35.349
-0.9,0.492,-0.934,-18.799,-42.48,10.62,168.333,58.409,-36.573
-0.663,0.349,-0.907,-9.094,19.226,11.536,167.64,58.59,-37.403
-0.936,0.623,-1.062,2.197,0.916,42.236,165.976,57.969,-39.803
-0.439,0.47,-0.899,10.193,47.485,23.132,165.547,55.8,-41.743
-0.494,0.415,-0.958,17.029,8.057,-7.507,166.031,54.662,-42.116
-0.506,0.27,-0.83,8.24,16.235,-16.052,166.882,54.311,-41.688
-0.476,0.26,-0.79,1.77,13.062,-18.86,167.492,53.822,-40.875
-0.432,0.252,-0.72,1.404,8.789,-14.465,167.921,53.553,-40.199
-0.322,0.255,-0.638,2.747,1.16,4.456,168.014,53.35,-40.281
-0.383,0.313,-0.615,3.662,-13.428,20.752,167.492,53.591,-41.671
-0.401,0.366,-0.646,7.263,-5.737,22.888,166.86,53.712,-43.506
-0.397,0.371,-0.699,16.357,-5.92,23.315,166.465,53.663,-45.511
-0.279,0.297,-0.631,17.944,-17.578,16.052,166.432,53.948,-47.368
-0.381,0.307,-0.628,13.855,-45.593,13.855,166.196,55.151,-49.257
-0.785,0.323,-0.822,18.127,-34.241,15.503,165.811,57.003,-51.334
-0.969,0.221,-1.026,20.081,-22.034,4.822,166.031,58.156,-52.795
-0.827,0.124,-1.073,11.414,4.578,-3.113,166.756,58.277,-53.141
-0.731,0.1,-1.067,7.202,17.334,-13.062,167.739,58.085,-52.35
-0.496,0.076,-0.952,9.46,22.339,-13.977,168.893,57.228,-51.141
-0.446,0.06,-0.831,7.507,13.0,-19.226,170.123,56.706,-49.697
-0.408,0.035,-0.763,5.31,9.399,-18.372,171.271,56.255,-48.175
-0.473,-0.001,-0.742,1.526,-8.24,-21.423,172.211,56.53,-46.714
-0.482,-0.041,-0.732,-3.357,1.831,-20.752,173.04,56.838,-45.159
-0.531,-0.044,-0.796,-7.202,8.545,-22.339,173.677,56.843,-43.533
-0.405,-0.083,-0.771,-14.526,13.672,-25.452,174.205,56.327,-41.682
-0.452,-0.031,-0.725,-23.987,0.305,-25.269,174.331,56.332,-39.716
-0.317,0.034,-0.615,-23.56,-1.77,-15.808,174.023,56.398,-38.254
-0.39,0.047,-0.585,-19.348,-24.109,-17.883,173.71,57.162,-37.04
-0.367,0.029,-0.586,-20.447,-17.334,-14.038,173.37,58.332,-36.09
-0.459,-0.009,-0.793,-21.729,-43.091,-39.734,173.21,59.788,-34.695
-0.902,0.081,-0.873,-49.988,-36.682,-42.175,173.079,62.314,-32.091
-1.042,0.515,-1.05,-47.607,-13.489,-2.808,171.403,63.336,-30.85
-0.88,0.533,-1.05,-12.756,28.076,24.475,169.486,62.913,-31.915
-0.664,0.561,-1.032,12.695,19.653,24.597,168.525,61.43,-33.613
-0.521,0.351,-0.867,28.809,8.24,15.076,168.821,60.496,-35.162
-0.549,0.2,-0.775,29.114,0.793,3.906,169.783,60.276,-36.085
-0.547,0.193,-0.705,24.109,-7.812,8.972,170.585,60.342,-36.876
-0.562,0.333,-0.65,36.621,-14.526,34.729,170.958,60.727,-38.787
-0.528,0.43,-0.593,84.656,-22.217,94.238,171.167,60.98,-43.797
-0.602,0.301,-0.536,122.925,-37.537,156.555,171.107,61.326,-53.119
-0.654,0.132,-0.525,135.071,-26.978,177.551,170.75,61.337,-64.688
-0.647,0.087,-0.562,122.07,-21.667,177.429,170.178,60.831,-76.168
-0.636,0.136,-0.634,104.614,0.732,141.602,169.838,59.865,-86.078
-0.516,0.079,-0.681,88.44,12.268,80.688,170.865,58.618,-92.538
-0.424,-0.002,-0.744,38.452,21.545,35.461,172.343,57.475,-95.411
-0.309,-0.044,-0.777,-13.184,6.287,-19.226,172.941,56.689,-95.499
-0.802,0.258,-0.977,-47.852,-7.629,-51.636,172.557,57.305,-92.933
-0.425,0.066,-0.786,-38.574,16.663,-78.674,172.573,57.519,-88.819
-0.952,0.051,-1.118,-72.327,-17.761,-104.98,173.172,58.222,-82.875
-0.812,-0.047,-1.106,-66.589,50.537,-144.348,173.996,58.271,-75.35
-0.532,-0.139,-1.071,-96.802,62.073,-180.115,175.77,56.585,-64.902
-0.347,0.003,-0.884,-129.333,36.255,-179.749,175.765,55.278,-53.899
-0.393,0.077,-0.666,-128.601,6.47,-182.983,174.886,55.525,-43.231
-0.572,0.035,-0.631,-126.221,-0.183,-188.232,174.512,56.722,-32.338
-0.615,0.079,-0.656,-119.812,21.24,-172.729,174.304,57.519,-21.978
-0.517,0.133,-0.679,-104.614,28.992,-141.785,174.012,57.42,-13.019
-0.447,0.138,-0.753,-84.412,49.744,-111.755,173.584,56.437,-5.982
-0.28,0.169,-0.73,-68.42,37.781,-89.478,173.002,55.124,-0.423
-0.225,0.178,-0.714,-44.922,18.921,-68.176,172.639,54.41,4.005
-0.265,0.161,-0.695,-19.287,2.075,-22.339,172.332,54.229,6.405
-0.264,0.26,-0.739,8.911,-19.47,21.729,171.898,54.338,6.361
-0.619,0.271,-0.95,42.786,-33.569,53.406,171.892,55.239,4.043
-0.627,0.285,-1.001,73.303,-24.658,104.98,172.183,55.833,-0.873
-0.78,0.474,-1.084,101.318,-29.236,183.777,171.788,56.135,-9.679
-0.633,0.554,-1.011,134.094,-31.921,253.418,170.414,55.283,-23.379
-0.647,0.228,-1.003,131.531,-46.021,238.037,169.7,54.575,-38.359
-0.54,0.276,-0.868,107.849,-28.931,200.134,168.915,53.965,-51.46
-0.538,0.291,-0.824,94.727,-26.001,142.883,168.904,53.333,-61.699
-0.458,0.102,-0.764,63.782,-13.733,84.473,169.816,53.124,-67.868
-0.347,0.162,-0.694,34.79,-11.841,48.889,170.244,53.015,-71.477
-0.365,0.182,-0.628,17.578,-7.019,33.569,170.228,53.163,-73.867
-0.409,0.242,-0.68,1.282,-5.066,19.165,169.882,53.229,-75.311
-0.365,0.255,-0.683,0.854,5.676,9.521,169.453,52.954,-76.196
-0.365,0.309,-0.732,-2.075,-1.099,17.639,168.909,52.696,-77.113
-0.391,0.309,-0.782,8.728,2.197,11.536,168.448,52.427,-78.349
-0.367,0.238,-0.796,13.245,-6.836,4.089,168.706,52.438,-79.014
-0.391,0.103,-0.806,6.958,-13.916,-2.93,169.041,52.778,-79.431
-0.619,0.201,-0.954,-5.371,-17.09,-4.395,168.97,53.646,-79.47
-0.394,0.01,-1.005,-2.93,-4.333,-29.724,169.327,54.097,-78.618
-0.714,0.229,-1.075,-9.521,-0.427,-17.517,169.42,54.987,-77.195
-0.485,0.113,-1.092,-2.991,-5.432,-23.315,169.991,55.047,-75.828
-0.561,0.119,-0.993,0.244,-8.728,-8.545,170.491,55.558,-74.778
-0.582,0.091,-0.859,2.747,-6.653,-0.244,170.771,55.898,-74.509
-0.558,0.092,-0.752,2.869,1.709,-0.122,171.002,56.036,-74.399
-0.573,0.085,-0.707,2.319,9.399,-4.211,171.359,55.827,-74.075
-0.53,0.054,-0.68,0.549,26.062,-12.695,171.903,55.096,-73.273
-0.354,-0.005,-0.642,-1.404,36.072,-25.085,172.766,53.784,-71.686
-0.372,0.043,-0.778,-6.897,10.742,-27.283,173.485,53.064,-69.824
-0.28,-0.075,-0.75,-9.644,-6.775,-31.677,174.128,53.201,-67.994
-0.45,-0.012,-0.725,-22.034,-21.973,-30.579,174.271,54.344,-66.072
-0.393,-0.008,-0.626,-26.001,-29.541,-31.86,174.161,55.728,-64.226
-0.694,0.131,-0.744,-20.508,-16.174,-35.583,174.04,57.354,-62.353
-0.713,0.171,-0.896,-12.756,1.16,-43.701,174.716,57.931,-60.007
-0.813,0.331,-1.25,-20.569,-7.874,-23.193,175.435,57.744,-57.722
-0.664,0.111,-1.077,13.367,29.724,-33.447,176.16,57.508,-56.574
-0.661,0.2,-1.123,-5.249,39.062,-23.01,177.286,56.184,-54.728
-0.229,0.139,-0.969,-13.611,32.837,-3.967,177.138,54.075,-54.212
-0.26,0.108,-0.825,-20.508,-13.123,-26.123,176.567,53.602,-53.575
-0.504,0.182,-0.767,-23.743,-23.499,-28.015,176.061,54.706,-52.185
-0.459,0.208,-0.7,-22.4,-20.569,-10.254,175.336,55.695,-51.411
-0.5,0.264,-0.677,-13.367,-17.944,7.751,174.161,56.602,-51.91
-0.56,0.306,-0.691,-5.493,-14.465,16.907,172.958,57.327,-53.35
-0.567,0.343,-0.717,4.272,-0.549,22.461,172.057,57.458,-55.096
-0.468,0.316,-0.712,13.855,-0.671,25.269,171.475,57.206,-57.167
-0.456,0.203,-0.679,20.63,-3.845,11.108,171.59,57.244,-58.749
-0.469,0.244,-0.727,18.066,-12.451,7.69,171.815,57.645,-59.919
-0.301,0.138,-0.646,20.386,-20.874,-3.662,172.507,58.376,-60.502
-0.683,0.165,-0.842,14.893,-57.495,8.85,172.804,60.419,-61.386
-0.878,0.07,-0.898,13.062,-39.917,14.709,172.579,62.655,-63.018
-0.662,0.038,-0.73,1.587,-29.419,12.451,172.123,64.215,-64.303
-0.95,0.13,-0.775,-0.549,-26.428,13.428,171.337,65.693,-65.55
-0.836,0.066,-0.781,4.272,7.996,6.226,171.101,66.072,-66.275
-0.737,0.082,-0.865,9.338,51.086,9.338,171.579,64.633,-66.237
-0.442,0.105,-0.896,7.446,51.453,28.564,171.793,61.837,-66.687
-0.344,0.116,-0.811,7.874,13.245,31.433,171.409,59.897,-68.077
-0.546,0.142,-0.716,8.667,-9.277,23.987,170.964,59.595,-69.576
-0.657,0.11,-0.667,11.658,1.282,8.301,170.969,59.678,-70.527
-0.585,0.055,-0.663,11.536,25.635,-7.385,171.716,59.09,-70.307
-0.479,-0.008,-0.683,6.836,37.476,-20.935,173.007,57.695,-68.923
-0.504,-0.005,-0.688,-2.686,41.321,-24.536,174.095,56.168,-67.088
-0.31,-0.059,-0.606,-11.658,37.354,-35.217,174.974,54.531,-64.852
-0.293,0.043,-0.647,-24.719,11.902,-29.907,175.204,53.751,-62.545
-0.202,0.087,-0.738,-19.226,-2.502,-18.188,174.957,53.685,-61.024
-0.395,0.212,-0.927,-19.348,-38.452,-9.583,174.287,54.827,-60.386
-0.531,0.226,-0.943,-11.475,-29.236,-12.329,173.787,56.646,-59.941
-0.964,0.508,-1.222,-7.996,-42.664,-4.333,172.98,58.134,-60.04
-0.616,0.224,-1.08,12.39,13.062,-28.564,173.963,58.332,-59.161
-0.675,0.186,-1.003,5.981,-13.489,-14.893,174.886,58.508,-58.118
-0.552,0.084,-0.794,-2.014,-3.54,-18.982,175.391,58.925,-57.382
-0.449,0.064,-0.62,-10.071,-14.038,-16.174,175.589,59.414,-56.442
-0.515,0.132,-0.587,-10.986,-6.714,-4.883,175.21,60.101,-56.019
-0.255,0.125,-0.418,-4.944,10.376,15.808,174.584,59.958,-56.42
-0.431,0.234,-0.556,4.15,-6.836,34.546,173.436,59.518,-58.195
-0.334,0.127,-0.53,12.39,0.732,38.513,172.612,59.37,-60.557
-0.426,0.217,-0.655,13.672,-17.761,45.349,171.475,59.414,-63.441
-0.797,0.192,-0.986,19.287,-22.766,35.034,170.596,60.117,-66.313
-0.587,0.088,-0.803,19.348,-18.86,21.423,170.25,61.161,-68.291
-1.156,0.193,-1.143,8.24,-42.847,17.639,170.255,62.067,-69.51
-0.924,0.073,-1.076,28.015,27.771,23.071,170.651,62.078,-70.626
-0.727,0.019,-1.052,24.658,23.621,26.062,171.392,60.656,-71.565
-0.506,0.003,-0.85,12.329,11.414,34.546,171.519,59.507,-72.911
-0.462,0.062,-0.681,7.263,0.122,31.433,171.019,59.095,-74.526
-0.503,0.073,-0.631,7.263,-3.967,17.761,170.799,59.052,-75.558
-0.437,0.035,-0.573,5.737,6.531,7.385,170.942,58.892,-75.894
-0.343,-0.013,-0.552,2.319,8.057,4.456,171.277,58.486,-75.745
-0.496,0.085,-0.596,-5.737,-12.756,6.836,171.101,58.733,-75.784
-0.439,0.064,-0.608,3.54,-1.404,2.93,171.107,59.046,-75.767
-0.482,0.079,-0.756,8.484,-6.348,9.949,171.321,59.31,-75.877
-0.608,0.187,-0.898,11.841,-9.094,29.724,171.189,59.584,-76.855
-0.59,0.214,-0.959,19.714,-10.376,31.799,170.865,59.645,-78.706
-0.854,0.347,-1.043,26.855,-10.01,37.17,170.64,60.002,-80.766
-0.695,0.299,-1.031,26.062,11.108,46.814,170.59,59.37,-83.106
-0.508,0.241,-0.914,19.836,-5.432,44.495,170.079,58.667,-85.792
-0.571,0.233,-0.793,13.855,-30.701,28.076,169.448,59.365,-88.033
-0.588,0.243,-0.69,11.963,-36.377,30.151,168.788,60.612,-90.038
-0.599,0.259,-0.611,21.606,-36.926,46.631,167.75,61.891,-92.972
-0.416,0.179,-0.424,24.902,-40.527,59.937,166.432,62.974,-96.872
-0.626,0.307,-0.456,20.081,-60.73,70.312,164.031,64.605,-102.003
-0.59,0.258,-0.406,26.306,-33.508,62.805,161.746,65.715,-107.062
-0.493,0.254,-0.362,16.479,-53.101,56.152,159.51,66.522,-111.665
-0.897,0.334,-0.796,12.39,-52.856,68.115,156.709,67.78,-116.785
-1.157,0.5,-0.857,27.71,-43.03,75.623,152.935,68.593,-123.272
-1.46,0.574,-1.151,39.368,-13.062,89.783,150.754,67.917,-128.947
-0.965,0.464,-0.877,66.467,5.798,110.901,149.453,65.352,-134.967
-0.811,0.357,-0.776,83.74,-9.094,103.149,149.661,62.71,-140.927
-0.646,0.239,-0.659,91.675,-2.197,97.839,150.897,60.612,-146.596
-0.48,0.164,-0.584,85.876,-4.822,93.933,152.534,58.513,-151.897
-0.379,0.071,-0.522,75.378,-18.921,75.378,154.232,57.162,-156.835
-0.499,0.088,-0.551,62.744,-42.236,54.077,155.61,57.415,-161.268
-0.692,0.057,-0.659,54.321,-34.058,44.128,156.907,58.392,-164.63
-0.776,0.094,-0.769,34.973,-32.471,46.692,157.484,59.205,-166.877
-0.837,0.147,-0.853,26.367,-23.804,35.828,157.473,60.04,-168.794
-0.857,0.389,-0.82,12.085,-28.992,44.189,156.632,60.919,-170.744
-0.418,0.257,-0.618,25.635,13.245,43.579,156.484,60.326,-172.293
-0.51,0.48,-0.83,15.198,-11.292,59.326,155.94,59.233,-174.276
-0.489,0.348,-0.845,38.818,9.766,42.114,156.193,58.002,-176.342
-0.56,0.365,-0.878,39.062,8.362,37.903,156.989,56.871,-177.72
-0.338,0.214,-0.758,37.598,4.944,23.254,158.428,55.756,-178.434
-0.422,0.268,-0.731,27.71,-23.499,47.241,159.066,55.486,-179.956
-0.495,0.297,-0.688,28.32,-19.043,56.519,158.802,55.437,177.155
-0.468,0.359,-0.688,28.809,-26.855,59.021,158.456,55.223,174.139
-0.557,0.401,-0.753,35.4,-24.597,61.34,158.044,55.261,170.76
-0.469,0.371,-0.752,40.771,-18.188,59.326,158.077,54.943,167.618
-0.641,0.417,-0.946,42.175,-25.818,63.599,158.176,54.717,164.344
-0.58,0.37,-0.908,40.466,-22.4,70.068,158.242,54.415,160.807
-0.548,0.272,-0.825,50.659,-21.729,56.335,158.549,54.185,157.412
-0.438,0.016,-0.783,49.5,-31.982,32.166,160.038,54.52,155.369
-0.639,0.1,-0.735,36.56,-54.871,54.199,160.389,56.074,152.479
-0.8,0.067,-0.792,46.326,-22.461,62.256,160.637,56.893,149.101
-0.525,0.088,-0.727,47.852,8.301,76.66,161.213,55.937,146.03
-0.408,0.126,-0.749,43.884,-5.554,81.421,161.532,54.641,142.344
-0.429,0.124,-0.712,41.016,-25.208,62.439,161.889,54.377,138.752
-0.607,0.157,-0.714,35.339,-31.006,53.528,162.147,55.025,135.533
-0.527,0.015,-0.745,35.156,-4.333,23.621,163.037,55.272,133.665
-0.474,-0.021,-0.829,15.686,-8.118,15.015,164.251,55.311,133.116
-0.628,0.126,-0.958,-8.484,-26.184,11.047,164.262,56.003,132.286
-0.814,0.289,-0.983,-9.827,-7.935,-10.01,163.702,57.123,131.984
-0.499,0.291,-0.856,-15.869,27.832,-20.203,163.971,57.052,133.489
-0.116,0.284,-0.776,-22.278,28.931,-28.809,164.279,55.684,135.698
-0.412,0.439,-0.823,-26.855,-23.56,-37.231,163.911,56.124,137.549
-0.638,0.395,-0.88,-13.123,17.7,-44.861,164.064,56.898,139.779
-0.467,0.329,-0.856,-9.46,18.555,-50.049,165.075,56.475,143.031
-0.415,0.326,-0.874,-12.939,18.066,-26.978,165.542,56.036,145.393
-0.333,0.329,-0.775,-9.644,-4.089,-30.945,165.745,56.025,147.129
-0.441,0.268,-0.709,5.615,-9.949,-30.457,166.306,56.755,148.634
-0.401,0.178,-0.668,10.315,-4.944,-21.667,167.437,57.151,150.15
-0.454,0.178,-0.655,10.498,-14.343,6.47,167.932,57.673,150.342
-0.385,0.241,-0.602,8.911,-11.047,31.128,167.476,57.859,148.969
-0.417,0.317,-0.585,17.334,-20.813,37.964,166.657,58.123,146.7
-0.481,0.29,-0.594,28.137,-18.799,25.513,166.415,58.568,144.646
-0.326,0.154,-0.53,32.593,-29.785,1.709,167.239,59.304,143.811
-0.838,0.155,-0.752,17.639,-71.472,-8.301,168.025,61.93,143.377
-1.057,0.179,-0.887,23.865,-37.659,-20.996,168.788,64.556,143.487
-1.145,-0.047,-0.984,35.156,12.695,-39.612,171.535,66.006,145.64
-1.128,-0.042,-1.18,12.878,71.533,-14.343,174.463,64.21,148.398
-0.382,-0.104,-0.902,4.517,86.731,-6.165,175.765,59.93,149.804
-0.115,-0.158,-0.741,-16.968,23.132,-12.146,176.265,57.48,150.919
-0.355,-0.005,-0.673,-23.071,-12.878,-14.343,175.886,57.332,151.567
-0.453,0.062,-0.649,-17.456,7.507,-15.991,175.578,57.656,152.303
-0.411,0.019,-0.693,-8.484,7.751,-33.508,176.105,57.145,153.875
-0.379,-0.038,-0.672,-12.939,3.967,-27.283,176.748,56.986,155.676
-0.417,-0.055,-0.673,-12.39,0.488,-30.212,177.231,56.986,157.302
-0.343,-0.051,-0.61,-19.958,-5.432,-24.353,177.495,57.129,158.84
-0.413,0.024,-0.664,-24.597,-10.071,-16.846,177.188,57.667,159.917
-0.669,0.151,-0.866,-27.222,-15.93,-10.498,176.385,58.282,160.538
-0.753,0.244,-0.889,-17.09,-0.854,-3.235,175.441,58.931,160.867
-1.082,0.312,-1.088,3.052,-18.555,-4.456,174.825,59.321,160.768
-0.835,0.268,-1.06,0.061,57.8,13.184,174.842,58.442,160.862
-0.499,0.328,-1.027,2.075,38.879,15.686,174.337,55.767,160.274
-0.399,0.229,-0.832,4.15,22.034,-7.69,174.419,54.432,160.312
-0.333,0.12,-0.655,8.911,6.287,-29.053,175.155,53.91,161.384
-0.432,0.126,-0.655,0.122,4.944,-24.109,175.979,53.888,162.889
-0.344,0.021,-0.613,-7.446,10.559,-20.813,176.407,53.547,164.103
-0.324,0.115,-0.604,-21.729,10.925,-9.521,175.952,53.097,164.866
-0.408,0.197,-0.645,-16.052,8.301,-18.311,175.248,52.839,165.569
-0.402,0.189,-0.723,-6.47,3.723,-9.888,175.007,52.559,166.267
-0.463,0.16,-0.863,-4.211,13.977,2.686,174.76,52.24,166.339
-0.522,0.144,-1.063,-0.305,17.029,-1.16,174.573,51.685,166.234
-0.457,0.11,-1.143,-3.052,37.72,2.38,174.523,50.46,166.278
-0.312,0.157,-1.23,-2.014,36.743,4.272,174.287,48.373,165.965
-0.274,0.147,-1.277,2.38,22.339,-1.221,174.337,46.818,165.729
-0.125,0.103,-1.037,4.333,-9.216,-3.906,174.606,46.335,165.46
-0.394,0.038,-0.833,6.165,-44.312,-18.188,175.1,47.944,165.41
-0.454,-0.031,-0.705,2.197,-29.846,-20.63,175.721,49.675,165.833
-0.573,-0.025,-0.745,-1.831,-7.446,-19.531,176.254,50.801,166.542
-0.374,-0.031,-0.767,-7.812,20.691,-9.888,176.561,50.438,167.245
-0.354,0.024,-0.843,-14.099,22.888,-5.615,176.446,49.51,167.618
-0.153,0.042,-0.8,-12.268,14.526,-8.484,176.133,48.395,167.778
-0.228,0.032,-0.713,-11.902,-12.817,-18.921,175.995,48.417,168.129
-0.361,0.027,-0.677,-8.911,-14.954,-24.719,176.056,49.202,168.81
-0.333,0.05,-0.706,-9.216,0.0,-18.188,176.237,49.68,169.695
-0.293,0.044,-0.828,-1.892,-17.151,-12.451,176.336,49.85,170.068
-0.57,0.042,-0.956,-4.333,-15.93,-4.944,176.495,50.872,170.222
-0.683,0.238,-1.154,-13.733,-17.212,25.574,175.66,51.279,169.124
-0.783,0.3,-1.172,-6.165,12.024,38.818,174.551,51.416,167.283
-0.654,0.451,-1.174,7.019,18.188,38.208,173.392,50.295,164.921
-0.519,0.308,-1.093,12.268,22.461,13.184,173.414,49.153,163.823
-0.42,0.166,-0.933,12.146,14.893,-1.038,173.881,48.351,163.63
-0.358,0.139,-0.767,6.226,-1.77,-1.343,174.172,48.137,163.553
-0.403,0.137,-0.674,1.648,1.77,3.906,174.254,48.329,163.339
-0.311,0.143,-0.624,6.042,6.226,2.869,174.166,48.065,162.9
-0.33,0.184,-0.71,1.648,12.085,11.841,174.133,47.681,162.471
-0.264,0.115,-0.719,5.676,1.221,7.69,174.056,47.236,161.752
-0.373,0.219,-0.729,-2.014,-7.812,16.113,173.743,47.494,160.884
-0.336,0.229,-0.757,3.601,2.93,14.404,173.309,47.565,159.752
-0.344,0.261,-0.925,12.268,-17.822,3.479,173.227,47.604,158.901
-0.665,0.134,-1.164,9.094,-1.099,5.554,173.699,48.543,158.461
-0.399,0.147,-1.128,9.46,-7.019,2.502,173.886,48.483,157.874
-0.708,0.078,-1.212,5.005,44.373,4.028,174.37,48.362,157.692
-0.062,0.198,-1.066,12.085,33.752,-0.488,174.49,45.829,157.308
-0.298,0.048,-1.02,6.348,-3.296,-9.766,175.281,45.505,157.412
-0.305,0.045,-0.892,9.583,6.653,-7.019,175.776,45.341,157.291
-0.314,0.08,-0.886,4.944,7.446,1.892,176.177,44.896,156.896
-0.246,0.022,-0.859,11.047,10.62,-6.104,176.721,44.352,156.544
-0.24,-0.022,-0.879,8.484,2.93,-9.888,177.446,43.934,156.506
-0.314,-0.034,-0.87,-0.061,10.925,-4.517,177.874,43.709,156.357
-0.192,0.014,-0.91,-1.831,13.367,-5.31,177.968,42.863,155.989
-0.215,-0.0,-0.917,-4.883,8.301,-6.165,178.094,42.352,155.83
-0.175,0.006,-0.811,-1.709,-9.521,-12.634,178.094,42.209,155.577
-0.347,0.001,-0.82,-6.47,-13.855,-9.216,178.259,42.847,155.605
-0.294,0.015,-0.785,-2.747,-4.883,-0.366,178.154,43.275,155.259
-0.353,0.063,-0.854,-2.502,-6.042,11.475,177.995,43.511,154.49
-0.205,0.057,-0.828,1.221,-2.136,16.724,177.781,43.511,153.254
-0.15,-0.023,-0.761,0.977,-27.771,-2.319,177.797,44.149,152.364
-0.547,0.023,-0.881,-4.395,-45.227,-9.888,177.786,46.016,152.04
-0.549,0.082,-0.921,-17.639,-18.677,12.329,177.281,47.461,151.584
-0.767,0.227,-1.068,-3.845,-19.958,8.728,176.303,48.516,150.436
-0.62,0.198,-1.175,-19.653,29.419,19.592,175.644,47.95,150.013
-0.298,0.314,-1.128,-12.146,33.997,28.259,174.271,46.176,148.672
-0.261,0.269,-1.003,1.831,-0.793,2.625,173.793,45.39,147.914
-0.385,0.153,-0.88,2.075,1.038,-4.639,173.892,45.522,147.838
-0.374,0.126,-0.826,0.916,4.028,-8.789,174.045,45.445,148.09
-0.276,0.138,-0.757,2.258,10.498,-0.977,174.106,45.066,148.162
-0.308,0.099,-0.747,3.601,-0.854,3.906,174.32,44.94,148.002
-0.226,0.149,-0.737,6.409,7.019,15.625,174.26,44.648,147.206
-0.258,0.155,-0.797,11.597,-17.334,36.926,174.26,44.758,145.723
-0.205,0.255,-0.813,33.997,-16.235,84.595,173.974,45.049,142.114
-0.171,0.093,-0.698,43.823,-58.777,111.755,174.056,45.983,136.395
-0.321,0.253,-0.642,43.213,-73.669,136.658,173.095,48.252,128.804
-0.641,0.249,-0.867,48.645,-74.585,112.305,172.117,50.652,121.108
-0.899,0.18,-0.987,39.246,-32.593,88.257,171.469,52.663,115.06
-0.76,0.247,-1.132,24.17,-31.189,59.814,170.991,52.773,110.599
-0.754,0.143,-1.169,38.94,25.024,39.795,171.458,52.855,107.82
-0.322,0.057,-1.003,34.363,16.846,30.518,172.546,51.438,105.82
-0.303,0.02,-0.878,14.709,-19.226,31.25,173.051,51.295,103.568
-0.542,0.078,-0.811,10.01,-23.56,19.104,172.903,52.383,101.316
-0.442,0.062,-0.697,5.249,-18.066,9.644,172.98,53.113,99.805
-0.56,0.057,-0.74,8.728,-7.69,4.333,173.21,53.806,98.635
-0.527,0.021,-0.768,10.681,8.545,-2.869,173.875,53.701,97.938
-0.438,-0.03,-0.753,12.268,20.508,-5.737,174.831,53.026,97.531
-0.333,-0.085,-0.686,0.183,2.991,1.099,175.627,52.366,97.031
-0.341,-0.042,-0.575,-7.629,-8.057,2.38,175.556,52.542,95.922
-0.438,0.024,-0.624,-19.165,-12.207,0.488,175.144,53.097,94.982
-0.36,0.068,-0.713,-23.499,-3.723,0.61,174.331,53.361,94.125
-0.808,0.282,-1.042,-31.372,-11.902,-3.174,172.974,54.108,93.527
-0.388,0.217,-0.911,-19.409,21.118,-6.287,172.013,53.784,93.697
-0.854,0.59,-1.167,-14.709,-11.353,12.634,170.596,53.833,93.301
-0.448,0.179,-1.073,13.672,32.715,-14.16,171.079,52.877,93.79
-0.446,0.197,-0.993,-8.85,-7.935,-6.226,171.469,52.399,94.647
-0.561,0.179,-0.887,-17.578,4.578,-18.372,170.975,52.685,95.175
-0.532,0.218,-0.801,-35.278,6.958,-52.368,170.59,52.657,97.421
-0.548,0.229,-0.777,-47.363,29.541,-81.299,170.349,52.537,101.596
-0.477,0.243,-0.721,-56.396,33.63,-113.708,170.42,52.059,107.82
-0.437,0.271,-0.699,-51.392,45.166,-114.197,170.733,51.46,115.071
-0.266,0.281,-0.696,-36.987,41.26,-81.36,170.931,50.312,121.333
-0.219,0.249,-0.658,-10.376,17.883,-47.424,171.129,49.537,125.244
-0.46,0.269,-0.747,-0.061,3.357,-25.513,171.491,49.521,127.557
-0.315,0.163,-0.711,7.935,25.94,-22.949,172.145,48.708,129.474
-0.345,0.193,-0.829,11.047,12.756,-13.428,172.837,48.01,131.171
-0.302,0.111,-0.909,16.235,0.916,-7.751,173.639,47.62,132.215
-0.569,0.072,-1.049,10.742,-7.751,-8.24,174.43,48.054,132.995
-0.361,0.068,-0.899,9.46,13.062,-1.77,174.946,48.054,133.682
-0.522,0.075,-1.205,11.414,-19.226,-19.775,175.638,47.763,134.434
-0.682,0.036,-1.204,-3.357,30.64,-3.601,176.375,48.241,135.873
-0.212,0.041,-1.056,7.263,24.78,-2.258,176.644,46.566,136.615
-0.337,0.045,-0.991,3.235,-4.028,1.892,177.001,46.115,136.906
-0.271,0.032,-0.834,3.723,-2.625,-0.366,177.248,46.159,137.104
-0.45,0.064,-0.857,2.808,-8.789,1.404,177.446,46.631,137.357
-0.29,0.043,-0.771,5.493,10.681,1.404,177.671,46.335,137.719
-0.292,-0.011,-0.799,8.423,0.244,-3.662,178.165,46.165,138.241
-0.257,-0.058,-0.785,3.418,5.92,-9.094,178.682,46.0,138.961
-0.294,-0.056,-0.827,-3.906,2.441,-10.864,178.978,45.857,139.779
-0.278,-0.005,-0.824,-4.883,-5.554,-8.362,179.028,45.846,140.471
-0.294,-0.046,-0.815,-4.517,-9.705,-9.521,179.182,46.23,141.191
-0.365,-0.002,-0.877,-12.634,-6.653,0.305,179.044,46.791,141.746
-0.415,0.088,-0.965,-3.418,-20.691,-7.935,178.715,47.258,142.136
-0.529,0.051,-0.96,-7.019,-14.038,-0.793,178.759,48.329,142.976
-0.452,0.125,-0.934,-6.958,-29.785,3.784,178.319,49.054,143.229
-0.749,0.128,-0.979,-10.62,1.282,2.075,177.935,50.361,143.822
-0.547,0.206,-1.017,-5.31,15.747,2.747,177.259,49.642,144.333
-0.454,0.179,-0.997,-6.409,30.579,2.38,176.924,48.62,145.201
-0.309,0.128,-0.986,-2.747,19.226,-3.601,176.682,47.357,146.019
-0.308,0.178,-0.917,-4.822,11.658,2.197,176.396,46.67,146.673
-0.392,0.138,-0.876,0.061,-3.967,0.244,176.265,46.599,147.107
-0.343,0.15,-0.808,1.648,9.949,4.517,176.133,46.307,147.469
-0.36,0.132,-0.831,2.747,3.174,6.409,176.072,46.033,147.728
-0.272,0.137,-0.783,5.249,3.906,13.428,175.979,45.725,147.711
-0.366,0.13,-0.81,5.92,-5.432,17.151,175.88,45.791,147.349
-0.315,0.097,-0.758,6.165,-5.005,10.437,175.88,45.928,147.173
-0.345,0.163,-0.805,7.019,0.732,16.785,175.765,46.016,146.882
-0.279,0.11,-0.759,7.996,-18.738,9.46,175.875,46.313,146.689
-0.373,0.094,-0.788,8.85,-13.306,11.902,175.963,47.159,146.486
-0.503,0.099,-0.929,12.817,-24.78,12.939,176.078,47.994,146.162
-0.562,0.014,-0.968,11.902,-9.216,22.522,176.237,48.862,145.618
-0.5,-0.001,-1.184,12.695,-25.391,25.208,176.276,49.202,144.75
-0.82,-0.049,-1.223,2.075,23.56,57.495,176.111,49.988,143.448
-0.298,0.194,-1.091,21.484,25.269,103.088,174.803,47.906,139.702
-0.258,0.146,-1.016,43.823,2.686,133.545,174.249,46.511,133.852
-0.257,0.088,-0.861,42.358,-26.733,116.272,173.99,46.093,127.161
-0.393,0.1,-0.803,27.893,-23.682,80.505,173.804,46.741,122.173
-0.353,0.1,-0.745,17.09,-13.245,48.828,173.633,47.005,118.993
-0.355,0.057,-0.731,12.939,-2.563,10.681,173.853,47.247,117.724
-0.312,0.013,-0.753,-3.174,5.188,-19.165,174.342,47.093,118.35
-0.336,-0.029,-0.772,-11.902,3.601,-39.368,174.65,47.208,120.081
-0.354,-0.036,-0.755,-30.334,-7.08,-46.387,174.589,47.648,122.278
-0.362,-0.048,-0.722,-53.101,-9.46,-75.256,174.089,48.483,125.497
-0.417,0.104,-0.761,-60.242,-3.357,-93.811,173.364,49.587,130.27
-0.564,0.352,-0.954,-43.274,-16.296,-73.608,172.733,50.729,134.89
-0.391,0.41,-1.033,-15.503,-0.854,-45.227,172.634,51.52,138.345
-0.899,0.223,-1.13,6.348,-11.353,-41.382,173.447,52.883,141.037
-0.572,0.367,-0.982,1.77,29.785,-10.925,173.771,52.097,142.905
-0.513,0.237,-0.963,11.23,20.447,-5.737,174.243,51.004,143.959
-0.364,0.203,-0.82,15.015,19.47,-3.54,174.798,50.098,144.778
-0.464,0.146,-0.831,14.893,7.446,-3.845,175.512,49.559,145.421
-0.313,0.15,-0.771,11.108,21.301,2.38,176.023,48.73,145.909
-0.332,0.138,-0.745,11.23,8.728,6.836,176.358,48.131,146.08
-0.288,0.173,-0.727,12.39,6.592,6.897,176.545,47.604,145.986
-0.322,0.113,-0.716,13.611,-4.211,2.991,176.995,47.648,146.08
-0.359,0.074,-0.725,13.916,-2.991,6.042,177.402,47.829,146.074
-0.268,0.073,-0.756,6.836,-9.46,12.207,177.528,48.049,145.745
-0.545,0.062,-0.993,6.47,-10.986,6.653,177.594,48.84,145.399
-0.585,0.105,-1.012,11.902,-0.793,5.676,177.709,48.939,145.212
-0.569,0.036,-1.264,10.803,14.832,10.193,178.187,48.082,144.987
-0.347,-0.052,-1.177,3.479,35.828,9.277,178.572,46.829,144.943
-0.178,-0.028,-0.951,-0.366,3.296,12.207,178.594,45.939,144.465
-0.466,0.021,-0.952,-3.845,-16.235,8.545,178.369,46.335,143.745
-0.309,0.056,-0.812,-5.005,10.986,11.047,178.0,46.225,143.152
-0.342,0.056,-0.842,-2.014,-8.118,-1.526,177.836,46.104,142.932
-0.341,0.019,-0.823,-1.099,10.132,-2.563,177.885,46.137,143.075
-0.3,-0.004,-0.827,-0.122,-2.625,-6.836,178.061,45.928,143.394
-0.32,-0.001,-0.804,-5.005,0.671,-1.953,178.094,46.011,143.602
-0.312,0.001,-0.799,-3.54,-1.892,-7.019,178.061,46.088,143.855
-0.38,0.0,-0.821,-2.808,-10.315,-4.944,178.143,46.417,144.19
-0.387,0.035,-0.817,-5.188,-6.409,7.263,177.973,46.835,144.053
-0.38,0.051,-0.866,-4.333,-7.69,13.062,177.66,47.241,143.569
-0.391,0.134,-0.98,-0.488,-0.732,23.193,177.133,47.28,142.553
-0.429,0.055,-0.93,3.357,-20.752,6.165,177.034,47.928,141.921
-0.458,0.139,-1.003,-4.761,-15.93,23.438,176.611,48.631,141.119
-0.696,0.162,-1.047,2.686,-4.822,18.494,176.067,49.444,140.026
-0.424,0.206,-0.992,2.38,7.08,20.142,175.688,48.878,139.241
-0.515,0.16,-1.023,5.737,20.325,14.099,175.496,48.323,138.554
-0.375,0.163,-1.035,4.089,28.32,7.629,175.578,47.016,138.483
-0.245,0.14,-0.976,5.676,21.606,6.592,175.633,45.676,138.274
-0.258,0.127,-0.941,2.441,12.024,6.836,175.737,44.857,138.065
-0.212,0.117,-0.887,3.967,1.16,10.132,175.737,44.352,137.604
-0.312,0.164,-0.916,5.554,-0.427,19.043,175.627,44.247,136.741
-0.333,0.133,-0.937,11.597,4.7,21.729,175.655,44.028,135.61
-0.247,0.078,-0.912,13.672,4.395,15.93,175.902,43.572,134.594
-0.25,0.023,-0.938,6.592,2.502,13.977,176.193,43.237,133.764
-0.27,0.062,-0.916,-1.648,-6.348,24.292,176.001,43.171,132.583
-0.287,0.152,-0.909,-0.671,0.793,30.212,175.413,43.072,130.853
-0.242,0.132,-0.925,5.249,0.671,22.705,175.182,42.781,129.408
-0.229,0.107,-0.906,5.92,-3.906,18.982,175.139,42.643,128.177
-0.306,0.096,-0.893,6.592,-4.883,19.592,175.155,42.759,126.996
-0.29,0.114,-0.919,6.409,1.465,24.475,175.106,42.594,125.651
-0.246,0.097,-0.935,7.69,5.127,21.057,175.133,42.242,124.343
-0.189,0.095,-0.916,6.165,-5.493,22.705,175.155,42.039,122.981
-0.405,0.105,-0.953,6.592,-3.967,20.874,175.139,42.33,121.586
-0.275,0.141,-0.944,8.057,0.0,20.081,175.139,42.083,120.306
-0.368,0.061,-0.943,10.071,-0.427,13.062,175.413,42.149,119.333
