-0.372,-0.041,-0.907,26.001,3.601,64.697,-177.336,47.659,30.894
-0.344,-0.057,-0.905,25.513,2.869,58.716,-177.231,47.384,27.026
-0.357,-0.029,-0.875,20.813,-5.737,54.749,-177.209,47.39,23.467
-0.491,-0.009,-0.858,19.531,-11.292,46.204,-177.193,47.862,20.275
-0.524,-0.017,-0.878,19.409,4.089,40.161,-177.105,48.087,17.358
-0.395,-0.025,-0.908,18.433,15.93,32.654,-176.885,47.549,14.81
-0.3,-0.069,-0.92,16.479,10.132,25.94,-176.534,46.972,12.722
-0.35,-0.042,-0.901,10.437,-5.066,23.621,-176.358,46.961,10.986
-0.433,-0.036,-0.917,12.146,0.183,20.386,-176.226,47.142,9.393
-0.361,-0.05,-0.899,10.132,3.418,17.578,-176.034,47.027,7.954
-0.344,-0.045,-0.901,6.409,2.075,17.09,-175.957,46.923,6.652
-0.38,-0.042,-0.914,5.005,0.122,10.132,-175.902,46.895,5.609
-0.358,-0.038,-0.913,2.808,-0.122,7.202,-175.853,46.846,4.796
-0.372,-0.031,-0.902,-0.061,2.747,6.531,-175.891,46.824,4.087
-0.339,-0.012,-0.899,-2.197,-0.305,3.662,-176.039,46.73,3.461
-0.39,-0.012,-0.902,-0.732,-2.136,-1.953,-176.133,46.818,3.087
-0.397,0.003,-0.904,-1.16,-0.305,-2.075,-176.166,46.873,2.84
-0.375,-0.006,-0.886,-0.549,0.854,-5.676,-176.138,46.851,2.659
-0.407,0.005,-0.887,-1.404,0.61,-7.812,-176.061,46.857,2.681
-0.376,0.0,-0.912,0.549,5.554,-8.606,-175.952,46.681,2.725
-0.39,0.003,-0.912,1.16,1.221,-7.935,-175.792,46.555,2.791
-0.378,-0.01,-0.888,2.93,1.526,-7.202,-175.562,46.5,2.834
-0.396,-0.019,-0.887,5.31,2.502,-6.348,-175.281,46.461,2.812
-0.382,-0.031,-0.903,4.639,5.066,-6.653,-174.963,46.28,2.791
-0.362,-0.051,-0.899,3.601,6.226,-7.019,-174.633,46.027,2.84
-0.354,-0.053,-0.914,2.38,4.211,-4.761,-174.419,45.791,2.812
-0.353,-0.055,-0.909,2.441,5.005,-2.136,-174.26,45.577,2.67
-0.348,-0.055,-0.913,2.808,5.188,-1.16,-174.111,45.335,2.466
-0.327,-0.06,-0.918,3.235,5.432,-0.671,-173.947,45.077,2.258
-0.33,-0.069,-0.913,3.052,2.563,-2.258,-173.776,44.89,2.087
-0.356,-0.058,-0.918,0.732,1.953,-0.244,-173.683,44.802,1.934
-0.324,-0.048,-0.909,1.587,4.7,-0.305,-173.633,44.604,1.73
-0.332,-0.059,-0.925,3.418,2.869,0.427,-173.524,44.434,1.511
-0.311,-0.074,-0.932,1.953,-0.061,0.244,-173.397,44.341,1.296
-0.312,-0.061,-0.914,1.221,-3.052,0.0,-173.337,44.396,1.132
-0.361,-0.065,-0.909,1.831,-4.211,0.183,-173.265,44.599,0.989
-0.345,-0.073,-0.903,3.052,2.014,-3.052,-173.134,44.626,0.884
-0.341,-0.073,-0.912,1.648,-0.305,0.305,-172.991,44.577,0.802
-0.334,-0.078,-0.909,1.587,1.648,1.648,-172.93,44.539,0.549
-0.345,-0.081,-0.916,2.502,-0.061,0.671,-172.837,44.528,0.341
-0.341,-0.085,-0.911,0.305,0.916,0.244,-172.793,44.511,0.121
-0.35,-0.083,-0.917,-0.183,1.099,0.122,-172.771,44.495,-0.011
-0.341,-0.079,-0.911,0.0,0.305,0.0,-172.782,44.462,-0.203
-0.324,-0.079,-0.91,0.061,2.625,0.0,-172.776,44.374,-0.379
-0.356,-0.078,-0.92,-1.77,-0.183,1.221,-172.826,44.368,-0.555
-0.3,-0.069,-0.911,-0.488,3.113,1.038,-172.886,44.225,-0.742
-0.349,-0.069,-0.917,1.099,-1.221,2.563,-172.919,44.275,-0.978
-0.324,-0.07,-0.921,-0.183,2.014,2.93,-172.941,44.242,-1.241
-0.323,-0.066,-0.917,-0.305,-0.061,1.648,-172.996,44.203,-1.472
-0.315,-0.067,-0.916,1.282,-1.282,1.038,-173.007,44.225,-1.637
-0.345,-0.084,-0.909,0.793,-1.587,-0.183,-172.963,44.324,-1.741
-0.339,-0.07,-0.922,-2.136,0.061,3.845,-173.029,44.374,-1.917
-0.32,-0.053,-0.909,0.305,-0.183,2.502,-173.139,44.352,-2.197
-0.322,-0.069,-0.916,1.953,-0.549,0.977,-173.123,44.374,-2.401
-0.347,-0.073,-0.922,-0.183,1.099,0.916,-173.095,44.374,-2.527
-0.303,-0.072,-0.917,-0.061,0.732,0.732,-173.106,44.28,-2.653
-0.346,-0.062,-0.916,0.122,-0.793,-0.427,-173.128,44.33,-2.741
-0.328,-0.07,-0.911,1.038,0.305,-2.991,-173.057,44.297,-2.719
-0.348,-0.068,-0.925,0.0,1.099,-2.319,-172.996,44.269,-2.681
-0.311,-0.07,-0.904,0.977,1.404,-5.676,-172.892,44.154,-2.554
-0.344,-0.082,-0.921,0.427,0.671,-6.47,-172.755,44.116,-2.302
-0.333,-0.079,-0.915,0.427,2.747,-6.775,-172.628,43.973,-2.054
-0.324,-0.093,-0.917,-1.221,4.15,-9.094,-172.513,43.786,-1.747
-0.325,-0.077,-0.916,-1.465,1.77,-8.118,-172.452,43.632,-1.357
-0.326,-0.092,-0.922,-0.671,2.197,-7.69,-172.37,43.517,-1.044
-0.315,-0.083,-0.921,-1.831,2.441,-4.822,-172.348,43.385,-0.84
-0.303,-0.086,-0.917,-2.563,2.808,-6.47,-172.348,43.226,-0.615
-0.317,-0.072,-0.92,-1.526,1.038,-4.395,-172.37,43.121,-0.412
-0.306,-0.078,-0.918,0.0,2.502,-4.272,-172.348,43.0,-0.28
-0.315,-0.074,-0.919,0.916,2.136,-2.258,-172.277,42.896,-0.181
-0.318,-0.076,-0.92,1.221,2.319,-1.77,-172.2,42.792,-0.165
-0.319,-0.069,-0.914,3.601,2.869,-3.662,-172.068,42.654,-0.115
-0.328,-0.076,-0.917,0.977,5.249,-0.427,-171.958,42.484,-0.137
-0.313,-0.06,-0.911,1.648,7.751,-7.812,-171.859,42.138,-0.038
-0.287,-0.093,-0.921,0.122,9.766,-15.381,-171.667,41.666,0.428
-0.274,-0.121,-0.95,-3.54,6.714,-19.287,-171.535,41.232,1.236
-0.225,-0.132,-0.956,-6.226,4.883,-14.221,-171.535,40.847,2.043
-0.212,-0.106,-0.947,-6.897,0.0,-5.127,-171.755,40.682,2.45
-0.266,-0.092,-0.937,-5.737,-3.113,-3.052,-171.958,40.743,2.708
-0.289,-0.071,-0.938,-2.136,-3.967,1.038,-172.139,40.891,2.736
-0.293,-0.082,-0.918,-0.122,-3.967,-0.916,-172.15,41.045,2.774
-0.315,-0.084,-0.92,-0.916,-2.319,-2.197,-172.178,41.221,2.774
-0.308,-0.099,-0.922,-2.197,1.404,-4.883,-172.178,41.248,2.911
-0.281,-0.079,-0.937,-2.502,4.395,-1.77,-172.249,41.116,3.016
-0.249,-0.077,-0.931,2.625,0.549,4.333,-172.288,40.974,2.856
-0.291,-0.095,-0.935,5.005,0.732,10.376,-172.194,41.023,2.439
-0.279,-0.093,-0.929,3.113,1.099,13.0,-172.183,41.028,1.752
-0.274,-0.075,-0.928,0.305,0.183,12.878,-172.26,41.05,1.082
-0.278,-0.064,-0.925,2.563,-0.122,8.24,-172.365,41.1,0.483
-0.276,-0.084,-0.939,2.869,3.723,4.089,-172.315,41.028,0.187
-0.25,-0.091,-0.947,0.0,5.249,5.127,-172.304,40.803,-0.049
-0.238,-0.071,-0.943,1.587,0.061,5.249,-172.37,40.688,-0.346
-0.268,-0.087,-0.938,2.441,-0.427,2.258,-172.332,40.71,-0.511
-0.289,-0.083,-0.939,-0.244,0.854,2.014,-172.343,40.721,-0.626
-0.255,-0.089,-0.926,-0.61,-0.549,-1.892,-172.337,40.66,-0.549
-0.292,-0.078,-0.948,0.183,1.221,0.671,-172.359,40.677,-0.538
-0.227,-0.069,-0.929,-0.122,-1.953,2.808,-172.403,40.583,-0.659
-0.296,-0.088,-0.937,0.854,-2.075,0.061,-172.392,40.759,-0.687
-0.254,-0.092,-0.929,-0.488,-0.732,0.427,-172.37,40.776,-0.67
-0.285,-0.1,-0.932,-1.16,-2.502,-3.967,-172.386,40.875,-0.593
-0.273,-0.071,-0.945,-2.686,1.16,-1.953,-172.474,40.891,-0.478
-0.251,-0.093,-0.935,-0.427,-4.395,-0.671,-172.485,40.919,-0.357
-0.292,-0.108,-0.937,0.0,-3.723,6.714,-172.513,41.16,-0.489
-0.271,-0.082,-0.925,-0.488,-3.357,10.62,-172.656,41.325,-0.967
-0.311,-0.083,-0.916,-2.075,-4.7,7.812,-172.82,41.561,-1.417
-0.311,-0.069,-0.923,-4.578,1.16,4.578,-173.073,41.655,-1.719
-0.284,-0.06,-0.925,-2.747,1.282,4.272,-173.293,41.616,-1.956
-0.29,-0.051,-0.944,-2.258,2.136,5.615,-173.518,41.589,-2.274
-0.263,-0.061,-0.944,-1.221,-0.671,6.897,-173.694,41.539,-2.604
-0.275,-0.048,-0.943,-2.197,-3.601,12.207,-173.925,41.693,-3.049
-0.293,-0.028,-0.923,1.099,-7.446,16.724,-174.199,42.006,-3.818
-0.328,-0.051,-0.918,4.395,-3.174,15.442,-174.293,42.308,-4.614
-0.311,-0.062,-0.918,2.258,0.244,17.273,-174.391,42.385,-5.477
-0.298,-0.06,-0.928,1.282,0.671,15.564,-174.523,42.374,-6.279
-0.328,-0.021,-0.926,2.441,-1.16,20.325,-174.754,42.473,-7.267
-0.331,-0.004,-0.911,6.287,0.366,23.315,-174.908,42.556,-8.432
-0.344,-0.025,-0.919,11.963,3.174,28.137,-174.853,42.561,-9.783
-0.333,-0.044,-0.914,13.062,3.601,32.349,-174.771,42.501,-11.486
-0.329,-0.008,-0.91,15.808,6.104,39.49,-174.666,42.391,-13.332
-0.309,-0.065,-0.91,24.475,6.531,47.913,-174.402,42.253,-15.749
-0.286,-0.148,-0.919,21.545,3.052,35.156,-173.886,42.16,-17.913
-0.293,-0.144,-0.924,10.925,5.188,34.058,-173.6,42.116,-19.572
-0.297,-0.128,-0.926,6.836,5.127,31.433,-173.628,42.006,-21.149
-0.285,-0.115,-0.956,3.174,5.859,31.311,-173.804,41.814,-22.626
-0.279,-0.092,-0.962,-1.77,3.601,29.48,-174.177,41.666,-24.016
-0.296,-0.057,-0.935,-0.793,-0.61,33.875,-174.644,41.732,-25.45
-0.303,-0.07,-0.932,-2.441,-1.892,38.635,-175.204,41.869,-27.224
-0.292,-0.057,-0.915,-7.874,-3.54,34.119,-175.957,42.072,-28.905
-0.344,0.003,-0.928,-10.315,-2.747,28.198,-176.869,42.308,-30.339
-0.336,0.021,-0.909,-3.113,-2.38,23.438,-177.572,42.435,-31.536
-0.37,-0.001,-0.9,0.122,0.916,24.719,-177.984,42.545,-32.673
-0.344,-0.031,-0.891,4.7,4.211,27.954,-178.248,42.446,-33.981
-0.371,-0.018,-0.865,9.216,5.859,42.419,-178.412,42.275,-35.689
-0.369,-0.038,-0.909,13.855,15.137,50.72,-178.517,41.841,-38.117
-0.324,0.072,-0.956,19.775,16.602,53.528,-178.473,41.105,-40.655
-0.34,-0.032,-0.933,33.691,16.907,57.373,-177.836,40.38,-43.462
-0.258,-0.017,-0.857,33.386,20.508,52.917,-176.94,39.567,-46.137
-0.274,0.055,-0.959,41.626,25.33,82.52,-175.968,38.617,-49.378
-0.225,-0.028,-0.964,56.702,33.813,91.492,-174.666,37.447,-54.02
0.058,-0.242,-0.932,39.551,20.813,63.721,-173.051,36.255,-57.684
-0.194,-0.162,-1.011,-3.357,3.296,36.072,-172.842,36.074,-59.573
-0.124,0.025,-1.023,-12.634,22.278,18.25,-173.584,35.255,-60.249
-0.075,0.011,-0.994,-2.747,11.658,21.851,-174.084,34.415,-60.903
-0.093,-0.007,-1.023,-0.122,11.719,20.874,-174.37,33.849,-61.666
0.025,-0.034,-0.965,-13.0,2.197,11.658,-174.831,33.371,-61.979
-0.164,0.054,-0.953,-17.944,-12.146,18.005,-175.82,33.69,-62.353
-0.176,0.188,-0.95,-7.08,5.066,12.817,-176.776,33.761,-62.935
-0.073,0.072,-0.983,6.165,-5.676,11.658,-176.979,33.64,-63.452
-0.116,0.082,-0.93,1.099,-13.062,16.235,-177.072,34.069,-64.001
-0.16,0.098,-0.907,0.61,-16.235,21.851,-177.407,34.772,-64.891
-0.143,-0.066,-0.928,8.728,-15.747,8.484,-177.435,35.458,-65.632
-0.211,-0.134,-0.929,0.0,-16.724,11.414,-177.319,36.271,-65.748
-0.152,-0.124,-0.844,-4.822,-34.424,27.466,-177.495,37.194,-66.335
-0.616,0.014,-1.143,0.488,-10.681,33.081,-177.995,38.809,-67.577
-0.214,-0.124,-1.06,7.751,27.588,16.357,-177.863,38.101,-68.588
-0.104,-0.053,-0.92,-6.836,-6.287,15.076,-178.006,37.733,-68.956
-0.255,0.004,-0.843,-2.563,-10.681,17.456,-178.358,38.293,-69.456
-0.158,-0.053,-0.783,4.395,-7.385,6.775,-178.275,38.655,-69.708
-0.222,-0.089,-0.783,0.61,-13.855,2.075,-178.094,39.287,-69.549
-0.191,-0.107,-0.775,-6.409,-11.475,-7.874,-178.033,39.82,-68.923
-0.26,-0.078,-0.808,-12.329,-22.644,-12.695,-178.22,40.688,-67.961
-0.3,-0.111,-0.776,-9.583,-21.118,-21.973,-178.297,41.858,-66.61
-0.34,-0.109,-0.785,-13.367,-36.255,-18.677,-178.319,43.341,-65.105
-0.496,-0.082,-0.876,-11.414,-31.616,-4.822,-178.401,45.033,-64.116
-0.715,0.045,-1.057,-12.817,-22.949,9.949,-178.885,46.555,-64.05
-0.76,0.145,-1.148,3.479,10.071,-5.676,-179.495,47.494,-64.473
-0.193,-0.055,-1.119,1.343,50.659,-21.606,-178.522,45.775,-63.182
-0.1,0.133,-1.146,-13.916,14.832,17.029,-179.061,44.203,-63.16
-0.171,0.082,-1.053,-12.085,2.197,1.099,-179.764,43.742,-63.506
-0.216,0.165,-0.918,-16.113,-6.165,-2.136,179.445,43.616,-63.309
-0.376,0.204,-0.852,-14.282,-17.639,1.465,178.555,44.138,-63.298
-0.451,0.189,-0.87,-4.15,7.202,-3.113,178.0,44.407,-63.358
-0.239,0.149,-0.866,-0.366,13.245,-5.005,177.863,43.665,-63.259
-0.262,0.112,-0.873,-1.587,6.47,-4.517,177.808,43.352,-63.062
-0.176,0.118,-0.826,-1.404,7.629,1.282,177.627,42.88,-63.089
-0.114,0.149,-0.754,-9.033,-1.953,16.113,177.1,42.649,-63.605
-0.214,0.223,-0.858,-4.578,4.333,19.592,176.204,42.418,-64.748
-0.066,0.219,-0.811,-6.104,-4.822,22.461,175.562,41.94,-65.808
-0.247,0.234,-0.805,2.991,-29.236,13.489,174.891,42.726,-67.126
-0.357,0.218,-0.785,4.272,-28.625,16.296,174.666,43.918,-68.148
-0.262,0.126,-0.827,14.221,-27.039,15.076,174.545,44.918,-69.653
-0.593,0.214,-1.044,5.371,-45.654,22.278,174.342,46.747,-71.016
-0.531,0.081,-0.991,19.958,0.427,7.69,174.419,47.758,-72.323
-0.667,-0.011,-1.199,3.723,-12.024,-5.127,175.182,48.093,-72.087
-0.562,-0.046,-1.208,4.639,26.794,-2.014,175.523,47.73,-71.774
-0.278,0.022,-1.043,-14.526,-2.93,10.498,175.408,47.016,-71.57
-0.415,0.133,-0.854,-8.667,-22.583,12.329,174.584,47.747,-72.114
-0.462,0.12,-0.729,-2.319,-20.813,6.592,174.161,48.807,-72.592
-0.474,0.077,-0.716,0.854,-11.78,5.493,174.062,49.57,-72.9
-0.433,0.022,-0.692,0.671,-6.287,-4.028,174.177,50.059,-72.872
-0.499,0.021,-0.787,3.052,5.249,-10.193,174.518,50.279,-72.356
-0.412,-0.023,-0.844,3.54,23.56,-17.334,175.254,49.664,-71.274
-0.198,-0.062,-0.794,-3.174,7.141,-17.944,175.952,49.005,-69.895
-0.372,-0.001,-0.729,-13.977,-25.452,-12.634,175.886,49.828,-68.928
-0.487,0.001,-0.699,-17.395,-18.86,-26.978,175.792,51.092,-67.632
-0.396,0.06,-0.689,-24.597,-8.118,-36.987,175.71,51.916,-65.588
-0.556,0.169,-0.88,-23.132,-44.678,-21.362,175.309,53.223,-63.935
-0.872,0.189,-1.04,-3.113,-24.78,-18.982,175.089,55.377,-63.16
-0.755,0.207,-0.988,-8.179,-25.208,-0.732,175.237,56.519,-62.65
-0.87,0.279,-1.082,-5.127,16.541,8.362,174.606,56.986,-63.215
-0.478,0.285,-0.975,-3.052,40.649,8.057,174.161,55.393,-63.682
-0.344,0.285,-0.918,-0.977,20.203,-4.639,173.963,53.855,-63.776
-0.4,0.218,-0.824,4.089,10.681,-13.611,174.188,53.207,-63.364
-0.427,0.199,-0.795,1.648,9.949,-7.202,174.485,52.767,-62.908
-0.336,0.198,-0.752,3.113,11.78,-2.747,174.54,52.185,-62.88
-0.299,0.191,-0.705,2.014,-4.15,-0.305,174.529,51.976,-63.012
-0.272,0.157,-0.607,3.418,-0.183,4.639,174.353,52.169,-63.49
-0.202,0.2,-0.648,2.197,-11.047,11.597,174.084,51.96,-64.144
-0.341,0.216,-0.644,9.583,-18.372,22.827,173.562,52.734,-65.682
-0.449,0.235,-0.691,6.897,-36.926,22.888,173.002,53.707,-67.516
-0.595,0.23,-0.733,4.089,-13.428,14.587,172.348,54.871,-69.175
-0.589,0.334,-0.84,5.432,-16.113,16.541,171.887,55.223,-70.329
-0.875,0.206,-1.148,24.231,-33.264,16.907,171.848,56.321,-71.922
-0.859,0.002,-1.108,44.556,40.833,2.625,172.996,56.673,-72.817
-0.416,-0.288,-1.206,35.278,27.222,-9.705,175.754,54.608,-71.829
-0.485,-0.146,-1.061,-2.014,2.014,24.109,176.413,54.141,-71.845
-0.461,-0.008,-0.852,-6.714,-9.094,25.146,175.77,54.141,-72.746
-0.526,0.099,-0.778,0.732,-10.62,19.897,175.095,54.52,-73.713
-0.515,0.042,-0.718,11.719,-4.211,2.38,175.342,54.877,-73.982
-0.454,-0.055,-0.661,10.315,-7.446,-8.179,176.083,55.217,-73.608
-0.527,-0.09,-0.712,2.197,1.343,-19.226,177.056,55.596,-72.411
-0.414,-0.111,-0.693,-0.916,11.169,-21.79,177.935,55.437,-70.829
-0.389,-0.1,-0.702,-10.62,2.869,-21.79,178.572,55.245,-69.088
-0.491,-0.073,-0.685,-12.756,-15.564,-25.696,178.896,55.805,-67.407
-0.493,-0.112,-0.614,-16.113,-15.198,-26.733,179.33,56.799,-65.424
-0.417,-0.083,-0.527,-24.231,-21.912,-13.916,179.16,57.887,-64.006
-0.666,0.039,-0.724,-26.672,-27.954,-12.878,178.528,59.343,-62.985
-0.874,0.173,-1.015,-19.47,2.075,-8.606,177.891,60.073,-62.205
-1.014,0.279,-1.278,-18.066,4.883,-0.61,177.314,59.661,-61.798
-0.662,0.264,-1.194,1.404,60.852,-0.488,177.05,57.881,-61.694
-0.274,0.252,-1.084,-0.732,9.094,5.005,176.808,56.041,-61.897
-0.444,0.16,-0.875,1.831,-10.742,-6.226,176.765,56.195,-61.913
-0.361,0.096,-0.676,-4.517,-8.728,-7.019,176.743,56.47,-61.65
-0.528,0.15,-0.709,-7.568,-17.944,-7.812,176.446,57.156,-61.364
-0.494,0.156,-0.688,-5.188,8.362,1.099,176.122,57.316,-61.271
-0.399,0.216,-0.7,-5.493,10.01,13.123,175.463,56.777,-61.82
-0.456,0.269,-0.772,0.671,8.972,16.052,174.666,56.234,-62.875
-0.373,0.208,-0.758,9.644,3.601,4.272,174.452,55.668,-63.66
-0.53,0.164,-0.806,9.705,-7.385,-1.587,174.622,55.871,-64.006
-0.464,0.128,-0.774,1.709,8.545,7.874,174.705,55.739,-64.248
-0.294,0.201,-0.703,-1.77,-8.606,19.653,173.996,55.591,-65.286
-0.401,0.217,-0.657,1.709,-34.363,23.682,173.057,56.525,-66.907
-0.548,0.176,-0.668,5.005,-36.987,18.25,172.249,58.03,-68.615
-0.949,0.209,-0.852,1.221,-44.617,20.691,171.326,59.919,-70.329
-0.758,0.109,-0.818,8.301,-2.441,9.033,170.832,60.76,-71.587
-0.955,0.151,-0.947,-0.366,-23.804,3.845,170.771,61.556,-71.927
-0.938,0.09,-1.039,23.865,39.917,-8.484,171.497,61.342,-71.73
-0.505,-0.018,-1.032,21.301,57.495,2.197,173.309,58.887,-70.686
-0.249,-0.037,-0.851,1.648,13.0,15.625,173.881,57.047,-70.708
-0.461,0.057,-0.703,-12.573,-18.127,11.353,173.304,57.239,-71.153
-0.523,0.136,-0.581,-11.719,-15.503,7.751,172.408,57.997,-71.559
-0.537,0.098,-0.543,-8.362,-4.822,-4.7,171.953,58.557,-71.548
-0.547,0.075,-0.638,-5.127,31.128,-16.052,172.101,58.206,-70.659
-0.397,0.051,-0.71,-5.371,25.513,-23.315,172.733,56.953,-69.027
-0.36,-0.016,-0.694,-4.456,4.639,-28.564,173.54,56.563,-67.148
-0.37,0.008,-0.612,-10.315,-16.541,-18.127,173.996,57.118,-65.61
-0.509,0.063,-0.677,-10.62,-19.592,-5.066,173.93,58.145,-64.869
-0.785,0.161,-0.912,-7.202,-7.019,7.324,173.403,58.859,-65.023
-0.618,0.176,-0.936,-7.507,16.174,4.028,173.029,58.557,-65.165
-0.89,0.427,-1.131,-12.756,16.052,23.926,171.876,57.838,-65.945
-0.404,0.273,-1.149,3.235,50.659,-2.258,171.87,55.437,-66.033
-0.392,0.294,-1.148,-8.362,0.366,-16.235,171.936,54.492,-65.22
-0.508,0.189,-0.911,-10.559,-10.01,-34.058,172.145,55.036,-63.743
-0.51,0.188,-0.721,-20.508,-14.893,-32.166,172.216,55.778,-61.875
-0.58,0.271,-0.69,-13.855,0.0,-19.104,171.925,56.398,-60.584
-0.459,0.269,-0.627,-0.793,4.517,-4.639,171.777,56.299,-60.112
-0.459,0.236,-0.629,6.958,4.7,1.526,171.766,56.217,-60.337
-0.333,0.193,-0.571,11.658,10.315,7.568,171.92,55.876,-60.842
-0.26,0.178,-0.609,10.803,4.395,13.428,171.996,55.3,-61.622
-0.283,0.191,-0.645,9.033,-8.545,17.7,171.777,55.201,-62.787
-0.407,0.163,-0.744,9.399,-16.846,5.31,171.584,55.64,-63.831
-0.822,0.159,-1.025,2.319,-24.536,2.014,171.562,56.635,-64.259
-0.61,0.038,-0.912,8.85,13.55,-12.085,171.953,56.854,-64.056
-0.935,0.035,-1.156,-11.841,-27.71,-2.747,172.381,57.261,-63.204
-0.86,0.082,-1.22,14.587,70.435,2.686,172.507,56.091,-63.111
-0.055,0.011,-1.031,1.831,45.105,21.973,173.227,52.701,-62.836
-0.204,0.157,-0.852,-7.141,-27.283,38.025,172.128,52.394,-64.517
-0.468,0.163,-0.722,-3.113,-42.725,20.325,171.161,53.893,-66.083
-0.65,0.169,-0.65,3.418,-23.926,11.78,170.596,55.36,-67.165
-0.519,0.063,-0.609,10.315,1.526,-7.568,171.079,55.701,-67.11
-0.448,0.044,-0.646,10.01,12.329,-11.292,171.947,55.563,-66.363
-0.535,-0.021,-0.793,8.118,13.245,-18.738,173.128,55.107,-65.149
-0.39,-0.001,-0.71,5.249,25.391,-16.357,174.051,54.542,-63.896
-0.215,-0.061,-0.668,-1.587,5.981,-17.334,175.023,53.822,-62.435
-0.315,0.025,-0.657,-16.296,-16.907,-2.625,174.946,54.289,-61.683
-0.404,0.093,-0.716,-21.362,-22.4,1.587,174.216,55.184,-61.436
-0.644,0.198,-0.883,-16.968,-18.921,2.319,173.112,56.179,-61.639
-0.751,0.243,-1.034,-8.179,-11.169,-2.747,172.48,56.986,-61.721
-1.1,0.379,-1.369,3.418,48.584,12.39,172.26,56.536,-61.864
-0.088,0.271,-1.193,2.014,52.185,18.982,172.31,52.982,-62.292
-0.322,0.305,-1.099,-4.761,-33.264,-7.324,171.848,52.888,-62.65
-0.614,0.209,-0.911,-10.132,-35.522,-27.771,171.848,54.855,-61.782
-0.584,0.183,-0.751,-17.334,-22.766,-27.222,171.694,56.261,-60.54
-0.56,0.2,-0.629,-17.212,-19.714,-19.348,171.315,57.437,-59.54
-0.579,0.252,-0.589,-7.69,-14.648,-5.127,170.826,58.398,-59.321
-0.477,0.224,-0.521,3.479,-11.169,5.005,170.513,59.035,-59.854
-0.517,0.207,-0.533,9.521,-0.427,12.39,170.25,59.436,-60.936
-0.459,0.213,-0.572,6.531,6.104,11.353,170.09,59.101,-61.913
-0.495,0.208,-0.599,4.822,8.545,2.93,169.92,58.898,-62.688
-0.391,0.154,-0.667,-7.507,6.531,-15.625,170.068,58.513,-62.435
-0.701,0.235,-0.904,-11.963,-2.319,-24.109,169.964,58.865,-61.534
-0.553,0.152,-0.867,-7.263,-0.183,-31.738,170.431,59.095,-59.985
-0.938,0.115,-1.06,-4.028,-30.579,-21.301,171.085,60.024,-58.502
-0.975,0.112,-1.142,11.719,44.8,-1.099,171.48,60.189,-58.074
-0.5,0.072,-1.109,9.766,59.875,15.198,172.43,57.316,-57.7
-0.205,0.12,-0.984,5.371,21.484,26.489,172.397,55.118,-58.519
-0.357,0.141,-0.848,5.005,-9.338,14.221,172.172,54.86,-59.447
-0.3,0.07,-0.656,9.583,-5.92,-3.845,172.524,55.014,-59.535
-0.335,0.023,-0.609,4.333,-25.574,-12.695,173.221,55.679,-58.87
-0.587,0.024,-0.607,4.517,-32.715,-15.869,173.776,57.316,-58.189
-0.535,-0.024,-0.582,4.456,-11.536,-16.418,174.727,58.326,-57.151
-0.549,0.01,-0.647,8.179,16.602,-4.395,175.435,58.398,-56.552
-0.333,-0.018,-0.716,8.545,28.381,1.831,176.215,57.173,-56.223
-0.286,0.065,-0.962,5.432,-22.522,13.062,176.534,56.596,-56.36
-0.713,0.115,-0.988,4.211,-52.429,18.25,176.232,58.403,-57.36
-0.831,0.098,-0.979,-1.099,-32.837,16.968,175.77,60.287,-58.48
-1.101,0.278,-1.089,-11.108,-16.418,38.818,174.276,61.611,-60.381
-0.754,0.31,-1.016,-1.77,31.494,34.302,172.529,60.754,-62.792
-0.472,0.286,-0.877,4.944,13.977,16.968,171.81,59.37,-64.144
-0.447,0.196,-0.708,15.259,-7.263,9.949,171.788,59.101,-65.039
-0.435,0.123,-0.583,19.165,-19.836,13.55,172.106,59.678,-65.978
-0.472,0.151,-0.52,16.113,-26.855,30.884,171.909,60.672,-67.72
-0.559,0.2,-0.547,15.808,-33.325,42.603,171.002,61.727,-70.532
-0.494,0.224,-0.448,15.625,-18.677,44.983,169.684,62.639,-73.872
-0.536,0.247,-0.443,16.479,-36.987,32.898,168.492,63.666,-76.948
-0.498,0.187,-0.441,18.799,-23.621,13.794,168.014,64.891,-79.036
-0.658,0.135,-0.568,23.376,-12.573,-0.305,168.47,65.94,-79.882
-0.506,0.033,-0.73,16.357,-3.174,2.747,169.393,66.083,-79.986
-0.771,0.074,-0.957,7.812,-19.775,20.508,168.876,67.434,-81.31
-1.484,0.138,-1.15,5.432,-43.213,20.935,167.767,69.285,-83.243
-1.267,0.15,-1.127,20.63,31.311,23.01,167.322,69.329,-84.622
-0.835,0.104,-1.031,31.067,61.279,39.49,168.058,66.725,-85.435
-0.467,0.017,-0.89,30.701,34.912,44.128,168.657,63.798,-86.962
-0.445,0.089,-0.708,23.499,16.174,52.856,168.569,62.117,-89.116
-0.463,0.099,-0.588,25.879,-7.446,50.598,168.135,61.287,-91.78
-0.568,0.068,-0.565,30.884,-8.606,36.011,168.107,61.287,-94.081
-0.49,0.009,-0.535,32.837,4.517,30.762,168.734,61.057,-95.598
-0.531,-0.045,-0.604,30.945,4.517,27.344,169.552,60.699,-96.817
-0.552,-0.083,-0.738,30.151,3.723,24.292,170.546,60.326,-97.625
-0.579,-0.08,-0.875,20.447,-7.08,39.856,171.008,60.227,-98.888
-0.989,0.07,-1.025,6.226,-30.334,42.236,170.305,61.057,-100.981
-0.751,0.177,-0.941,2.441,17.761,44.189,169.305,60.831,-102.849
-0.14,0.267,-0.797,-3.052,53.955,49.927,168.179,58.184,-104.54
-0.056,0.378,-0.8,8.606,-21.667,28.748,167.36,56.942,-106.128
-0.546,0.333,-0.834,19.104,-44.617,31.555,166.877,58.277,-108.292
-0.78,0.479,-0.873,38.94,-4.028,56.458,166.47,58.568,-111.264
-0.492,0.362,-0.734,84.717,16.174,78.613,167.498,56.904,-115.093
-0.422,0.125,-0.705,103.149,-0.854,96.191,169.547,55.399,-120.048
-0.484,0.055,-0.714,87.83,-20.508,101.746,171.233,54.932,-125.612
-0.561,0.068,-0.74,72.388,-14.526,89.355,172.238,55.025,-130.831
-0.55,0.09,-0.809,56.091,-10.376,76.843,172.947,55.014,-135.11
-0.512,0.112,-0.86,44.495,-0.671,67.444,173.331,54.761,-138.647
-0.445,0.111,-0.882,36.743,-10.437,59.082,173.562,54.536,-141.641
-0.539,0.113,-0.96,29.602,-24.597,65.186,173.386,54.976,-144.701
-0.685,0.161,-0.908,32.471,-33.142,77.148,172.628,55.915,-148.491
-0.548,0.048,-0.775,47.302,-27.527,76.355,172.172,56.673,-152.628
-0.735,-0.002,-0.754,61.89,-34.851,68.542,172.557,57.799,-156.385
-0.777,-0.185,-0.777,63.232,-7.507,77.881,173.54,58.337,-159.868
-0.625,-0.093,-0.768,57.007,27.283,96.619,173.716,57.305,-163.943
-0.362,-0.106,-0.736,52.002,22.949,97.351,173.875,55.415,-168.124
-0.433,-0.059,-0.715,44.373,-5.005,83.801,173.903,54.789,-172.029
-0.484,-0.122,-0.693,38.94,-5.371,64.453,174.293,54.778,-174.924
-0.571,-0.089,-0.746,30.212,-9.766,50.232,174.518,55.107,-177.012
-0.563,-0.204,-0.793,21.301,-5.92,29.907,175.182,55.399,-177.819
-0.694,-0.081,-0.83,-1.16,-8.606,37.048,174.721,55.992,-178.616
-0.727,0.005,-0.897,-12.512,4.822,19.958,173.776,56.261,-179.072
-0.748,0.116,-0.974,-13.306,11.536,-4.15,173.167,56.129,-178.286
-0.346,0.072,-0.9,-7.446,30.396,-7.996,173.375,55.168,-176.6
-0.15,0.128,-0.848,-14.221,7.141,9.766,173.073,54.261,-175.869
-0.459,0.295,-0.889,-18.86,-23.926,29.419,171.7,54.503,-176.863
-0.627,0.353,-0.96,5.92,20.63,27.039,170.486,54.322,-178.352
-0.354,0.281,-0.949,19.836,30.334,29.602,170.513,52.548,-179.269
-0.19,0.151,-0.84,30.334,11.902,21.545,171.233,51.136,179.736
-0.265,0.125,-0.754,20.142,-16.113,20.325,171.909,51.064,178.643
-0.395,0.154,-0.695,14.099,-20.691,17.273,172.117,51.74,177.495
-0.463,0.24,-0.719,13.184,-10.498,24.292,172.062,52.213,176.38
-0.458,0.271,-0.787,23.132,-0.916,32.654,172.117,52.097,174.974
-0.414,0.255,-0.879,34.058,2.502,35.583,172.546,51.625,173.293
-0.395,0.198,-0.923,35.034,-11.108,31.921,173.26,51.515,171.601
-0.476,0.165,-0.961,29.297,-33.63,27.954,173.881,52.377,169.975
-0.797,0.173,-1.055,33.386,-24.353,32.349,174.161,53.921,168.124
-0.565,0.028,-0.928,38.757,-7.141,25.94,175.034,54.448,166.783
-0.316,-0.159,-0.801,44.25,-7.812,19.714,176.528,54.536,165.965
-0.578,-0.141,-0.782,32.41,-35.339,29.114,177.77,55.712,164.872
-0.63,-0.128,-0.866,36.255,7.507,42.969,178.649,56.255,163.317
-0.437,-0.099,-0.843,34.729,35.339,56.274,179.127,55.173,161.027
-0.167,-0.098,-0.858,26.672,24.475,49.622,179.495,53.322,158.39
-0.237,-0.086,-0.856,18.188,-5.981,27.222,179.797,52.668,156.028
-0.35,-0.106,-0.812,9.705,-14.587,7.263,-179.692,52.916,154.742
-0.43,-0.109,-0.767,5.859,-13.489,-4.333,-179.165,53.454,154.314
-0.498,-0.164,-0.782,-0.671,-15.747,-16.479,-178.374,53.987,154.869
-0.462,-0.17,-0.703,-3.479,-4.272,-20.63,-177.72,54.459,155.923
-0.455,-0.169,-0.668,-15.137,-17.029,-19.348,-177.248,54.937,157.22
-0.465,-0.102,-0.684,-17.151,-4.028,-15.198,-177.275,55.464,158.423
-0.436,-0.081,-0.658,-19.104,-5.554,-7.812,-177.61,55.844,159.362
-0.403,-0.069,-0.681,-25.574,-17.944,-3.784,-178.237,56.349,160.082
-0.39,-0.028,-0.668,-27.771,-21.973,-0.305,-179.313,57.453,160.417
-0.794,0.143,-0.897,-30.09,-30.09,3.906,179.138,59.216,160.455
-0.765,0.191,-1.121,-15.808,-6.226,4.517,178.094,59.639,160.763
-0.85,0.249,-1.14,-3.845,12.756,3.784,176.99,60.073,160.554
-0.565,0.244,-1.045,-8.423,9.705,11.353,176.616,59.332,160.801
-0.64,0.263,-1.001,0.916,-8.972,-0.305,175.814,59.299,160.318
-0.622,0.117,-0.923,1.77,4.883,-25.208,176.353,59.447,161.4
-0.553,0.085,-0.827,-9.521,-6.653,-23.621,176.891,59.474,163.092
-0.595,0.141,-0.761,-14.771,-2.441,-16.907,176.836,59.892,164.449
-0.434,0.178,-0.661,-10.803,2.869,-7.812,176.528,59.821,165.383
-0.435,0.211,-0.634,-3.113,-0.977,4.456,176.039,59.793,165.531
-0.41,0.209,-0.623,1.77,-4.272,10.925,175.523,59.788,165.114
-0.414,0.222,-0.623,9.033,-13.611,17.883,175.007,60.062,164.24
-0.438,0.246,-0.608,15.747,-26.245,31.006,174.304,60.881,162.548
-0.45,0.19,-0.55,18.066,-43.152,36.743,173.408,62.281,160.131
-0.621,0.233,-0.562,14.038,-41.382,35.217,172.035,64.105,157.429
-0.777,0.199,-0.737,11.475,-38.452,14.771,171.249,65.539,155.803
-1.202,0.178,-0.899,7.263,-17.151,2.319,170.717,67.291,155.094
-0.831,0.005,-0.899,5.432,2.869,-21.912,171.689,67.192,156.478
-0.957,0.075,-0.841,1.831,-8.362,-13.306,172.326,68.0,157.983
-0.879,-0.009,-0.824,7.141,16.724,-14.221,173.502,68.038,159.703
-0.779,0.05,-0.843,3.906,37.72,10.925,174.144,66.841,160.686
-0.447,0.034,-0.705,2.258,35.645,11.536,174.106,64.885,160.686
-0.45,0.033,-0.63,-7.141,12.207,-4.028,174.139,63.748,161.049
-0.559,0.056,-0.61,-15.564,8.057,-15.137,174.078,63.484,162.032
-0.639,0.032,-0.711,-12.146,13.123,-32.654,174.518,63.133,164.02
-0.746,0.034,-0.793,-10.986,16.357,-32.837,175.413,62.781,166.635
-0.588,-0.028,-0.725,1.953,31.067,-30.334,176.721,61.848,169.277
-0.526,-0.02,-0.744,-3.296,15.625,-1.709,177.495,60.853,170.771
-0.542,0.058,-0.778,5.188,28.015,17.395,177.248,59.832,170.491
-0.509,0.057,-0.771,6.897,20.264,23.499,177.094,58.64,169.711
-0.412,0.079,-0.716,5.371,20.569,13.977,176.858,57.508,168.854
-0.463,0.067,-0.691,-1.526,0.671,-11.719,177.072,57.134,169.178
-0.492,0.034,-0.686,-6.287,-0.61,-23.193,177.49,57.288,170.546
-0.476,0.01,-0.669,-14.404,-8.85,-20.203,177.731,57.7,172.112
-0.341,0.012,-0.611,-18.494,-20.142,-12.268,177.501,58.359,173.243
-0.695,0.118,-0.756,-26.55,-48.401,-1.038,176.528,60.276,173.617
-0.901,0.186,-0.968,-15.564,-9.583,2.808,175.314,61.776,173.628
-1.009,0.325,-1.103,-7.996,25.024,11.108,174.166,61.776,173.386
-0.587,0.237,-1.085,4.15,56.946,2.014,174.144,59.535,173.76
-0.353,0.201,-1.078,4.15,14.954,-9.644,174.441,57.618,174.276
-0.553,0.066,-0.962,2.686,-5.249,-28.748,175.281,57.662,175.419
-0.498,0.033,-0.8,-12.695,-13.977,-23.01,175.82,58.046,176.836
-0.609,0.097,-0.721,-17.578,-20.081,-20.447,175.633,59.057,177.946
-0.586,0.139,-0.676,-7.568,-6.531,-21.484,175.699,59.711,179.258
-0.577,0.119,-0.68,1.648,2.93,-12.146,176.122,59.892,-179.61
-0.497,0.082,-0.651,2.747,6.775,0.305,176.451,59.683,-179.011
-0.481,0.161,-0.681,5.188,5.676,20.996,176.056,59.365,-179.632
-0.455,0.197,-0.709,10.742,3.54,32.227,175.43,59.002,178.808
-0.395,0.183,-0.678,15.076,-14.893,33.447,174.842,59.041,176.797
-0.442,0.18,-0.609,10.315,-26.001,31.006,173.996,59.93,174.551
-0.58,0.191,-0.622,4.944,-43.274,14.404,173.194,61.408,172.87
-0.615,0.142,-0.742,13.0,-22.705,2.136,173.046,62.814,172.194
-1.073,0.197,-0.971,18.066,-30.945,17.517,173.029,64.396,171.409
-0.979,0.034,-1.044,23.743,-16.235,15.869,173.375,64.902,170.431
-0.881,0.068,-0.834,24.658,-4.822,12.756,173.6,65.775,169.497
-0.734,-0.026,-0.772,29.419,15.015,7.263,174.88,65.544,169.53
-0.68,0.072,-0.82,15.564,31.433,44.739,175.133,64.276,168.453
-0.475,0.085,-0.793,20.203,37.354,34.851,174.529,62.281,166.24
-0.382,0.059,-0.735,19.409,18.25,17.334,174.913,60.699,165.19
-0.539,0.025,-0.752,20.569,1.343,11.963,175.413,60.331,164.279
-0.449,-0.081,-0.73,20.325,8.118,-8.057,176.655,59.936,164.355
-0.688,-0.076,-0.802,12.39,-12.268,-11.108,177.858,60.309,164.91
-0.666,-0.123,-0.753,12.024,5.981,-15.747,179.302,60.419,165.992
-0.61,-0.07,-0.751,11.78,17.273,4.883,-179.78,59.952,166.377
-0.448,-0.087,-0.73,11.108,29.602,15.686,-179.335,58.727,165.855
-0.416,-0.046,-0.753,0.427,13.672,18.372,-179.478,57.728,164.806
-0.279,-0.09,-0.637,-6.409,4.639,-0.549,-179.67,57.239,164.191
-0.37,-0.059,-0.536,-29.236,-26.245,-17.151,179.94,57.975,164.504
-0.37,-0.027,-0.442,-37.537,-39.49,-21.667,179.203,59.529,165.454
-0.514,0.092,-0.586,-40.405,-43.762,-8.85,177.907,61.628,166.212
-0.932,0.247,-0.868,-28.015,-32.532,2.808,176.094,63.951,166.168
-1.081,0.284,-1.134,-5.493,4.333,10.071,174.941,64.644,165.91
-0.962,0.288,-1.173,12.756,47.546,20.325,174.337,63.556,165.179
-0.591,0.27,-1.285,9.277,52.979,22.461,174.282,60.787,164.421
-0.34,0.212,-1.057,8.667,7.568,0.488,174.304,59.046,163.757
-0.504,0.119,-0.818,-4.272,-35.95,-15.808,174.518,59.821,163.817
-0.769,0.116,-0.721,-17.273,-41.748,-19.043,174.254,61.913,164.306
-0.671,0.182,-0.617,-15.991,-11.841,-15.808,173.815,63.105,165.097
-0.603,0.219,-0.574,-5.493,-1.709,-10.315,173.655,63.523,165.91
-0.504,0.183,-0.538,8.24,11.047,-1.892,173.881,63.342,166.382
-0.476,0.172,-0.562,9.827,6.531,11.719,173.947,62.897,166.13
-0.495,0.179,-0.562,6.104,-3.357,23.804,173.425,62.77,164.971
-0.591,0.26,-0.583,3.479,-5.92,26.855,172.238,62.935,163.207
-0.484,0.24,-0.597,10.132,4.028,6.958,171.7,62.77,162.268
-0.513,0.158,-0.662,17.639,-16.174,-5.859,172.293,63.358,162.416
-0.717,0.122,-0.736,12.146,-30.212,1.648,172.766,64.429,162.186
-0.951,0.167,-0.842,8.85,-23.132,2.991,172.76,65.737,161.614
-1.078,0.074,-0.947,15.442,-12.634,-8.789,173.326,66.687,161.763
-0.824,-0.016,-0.895,17.822,27.649,-14.343,174.765,66.396,162.823
-0.812,-0.095,-0.974,10.742,28.076,-10.193,176.303,65.385,164.048
-0.555,-0.003,-0.83,-0.366,29.663,9.46,176.836,63.847,164.366
-0.505,0.001,-0.767,6.653,21.851,10.132,176.743,62.622,163.691
-0.408,-0.009,-0.722,4.272,2.808,3.906,177.045,61.853,163.273
-0.541,-0.025,-0.698,2.869,-4.7,5.127,177.149,62.084,162.686
-0.55,-0.01,-0.655,-0.732,-11.78,1.099,177.204,62.402,162.235
-0.72,-0.067,-0.779,5.249,11.78,-10.315,177.742,62.446,162.449
-0.563,-0.094,-0.77,0.427,21.729,-13.428,178.66,61.496,163.345
-0.379,-0.101,-0.633,-5.493,8.85,-5.981,179.154,60.82,163.856
-0.479,-0.053,-0.584,-15.747,-20.447,0.122,178.901,61.177,163.658
-0.473,-0.024,-0.483,-14.282,-2.869,-7.629,178.5,61.864,163.713
-0.462,-0.004,-0.49,-31.006,-24.048,-6.47,178.033,62.325,164.202
-0.683,0.07,-0.727,-32.471,3.54,-17.212,177.034,63.094,164.905
-0.733,0.181,-0.911,-31.006,6.531,-18.738,176.347,63.111,166.262
-0.868,0.317,-1.217,-23.132,6.165,-2.502,175.589,62.611,167.141
-0.84,0.329,-1.201,2.808,31.677,3.601,174.787,62.078,166.855
-0.673,0.357,-1.188,3.479,23.804,13.123,174.694,60.551,166.58
-0.536,0.273,-0.997,14.099,5.554,7.141,174.556,59.634,165.652
-0.611,0.132,-0.803,12.695,-10.559,-8.301,175.067,59.848,165.405
-0.573,0.108,-0.684,1.221,-6.958,-4.15,175.457,60.249,165.558
-0.534,0.159,-0.602,0.0,2.319,8.057,175.166,60.37,165.196
-0.488,0.206,-0.545,5.92,8.179,16.113,174.705,60.024,164.361
-0.495,0.252,-0.547,14.282,17.822,28.198,174.293,59.249,163.076
-0.452,0.324,-0.609,28.259,14.954,19.531,174.238,58.31,161.614
-0.478,0.197,-0.647,32.41,15.442,5.981,175.408,57.662,161.208
-0.439,0.191,-0.689,25.269,12.451,-5.493,176.259,57.008,161.043
-0.599,0.078,-0.89,23.56,3.113,-11.597,177.638,56.733,161.691
-0.748,-0.015,-1.083,22.949,18.372,-5.676,178.737,56.448,161.971
-0.509,-0.201,-1.248,11.047,6.47,-10.742,-179.995,55.508,162.46
-0.594,-0.127,-1.108,-0.916,6.653,-4.456,-179.528,55.904,162.559
-0.261,-0.163,-0.998,1.587,11.169,13.245,-179.313,54.926,161.944
-0.496,0.008,-1.037,-6.653,-13.977,46.082,179.736,54.959,159.406
-0.38,0.074,-0.874,8.057,-6.958,44.128,178.5,54.987,155.945
-0.527,0.079,-0.807,16.663,-28.32,25.146,178.165,55.602,153.292
-0.578,-0.002,-0.708,20.203,-12.146,10.681,178.61,56.536,151.749
-0.575,-0.054,-0.712,15.625,-5.127,6.531,179.341,56.871,150.936
-0.499,-0.092,-0.725,14.832,4.517,-4.944,-179.857,56.86,150.518
-0.62,-0.142,-0.789,6.958,-4.333,-13.733,-178.748,56.997,150.881
-0.454,-0.147,-0.698,4.883,9.766,-13.733,-177.841,56.838,151.375
-0.512,-0.113,-0.694,-5.005,-8.301,-3.723,-177.33,56.926,151.469
-0.428,-0.091,-0.663,-4.456,9.033,-1.526,-177.308,56.86,151.117
-0.399,-0.089,-0.673,-13.916,-4.7,-3.357,-177.413,56.772,150.881
-0.418,-0.078,-0.644,-19.47,-9.399,-10.315,-177.863,57.211,150.776
-0.376,-0.09,-0.632,-25.757,-12.695,-18.494,-178.204,57.739,151.309
-0.579,0.012,-0.816,-31.799,-37.415,-6.714,-179.088,58.986,151.556
-0.929,0.194,-1.008,-12.146,-3.906,3.235,179.802,60.447,151.375
-0.924,0.26,-1.159,-7.507,0.671,32.471,178.786,60.309,150.436
-0.761,0.262,-1.212,12.512,51.88,28.625,177.61,59.068,148.502
-0.171,0.185,-0.981,13.062,26.855,17.273,177.594,56.629,147.442
-0.353,0.146,-0.786,5.493,-44.922,19.714,177.237,56.926,145.942
-0.742,0.125,-0.689,5.432,-46.814,11.353,176.688,59.343,144.443
-0.572,0.16,-0.624,9.216,-5.432,15.564,176.347,60.309,143.432
-0.476,0.164,-0.597,17.212,3.052,23.132,176.155,60.244,142.278
-0.532,0.167,-0.667,22.4,10.437,31.86,176.034,59.886,140.707
-0.372,0.194,-0.699,17.944,13.55,39.062,175.583,58.909,138.565
-0.417,0.234,-0.691,13.733,-22.278,28.748,174.93,59.035,136.39
-0.541,0.165,-0.665,20.386,-17.395,10.01,174.781,59.969,134.967
-0.491,0.071,-0.658,18.555,-11.78,-5.554,175.529,60.573,134.797
-0.562,-0.008,-0.77,5.92,-23.254,-3.235,176.188,61.353,134.846
-0.958,0.088,-0.925,-4.822,-18.494,5.554,175.77,62.661,134.198
-0.681,0.008,-0.757,1.038,-17.822,-8.24,175.842,63.375,134.143
-1.291,0.119,-1.04,-0.793,-21.606,-8.057,175.941,65.171,134.379
-0.592,-0.062,-0.815,14.099,69.397,-14.343,177.424,63.177,135.67
-0.245,-0.081,-0.856,-9.033,34.241,6.104,178.094,60.507,136.099
-0.345,0.062,-0.783,-22.339,-9.949,8.057,177.023,59.886,135.011
-0.574,0.086,-0.722,-15.808,-14.343,-8.179,176.094,60.491,134.374
-0.585,0.032,-0.689,-10.803,-8.667,-21.545,176.083,60.991,134.907
-0.658,-0.022,-0.776,-9.399,1.892,-20.447,176.512,61.276,135.967
-0.679,-0.05,-0.815,-5.554,9.888,-27.71,177.1,61.205,137.192
-0.582,-0.077,-0.733,-8.362,3.296,-22.644,177.99,61.018,138.719
-0.552,-0.053,-0.72,-9.521,7.263,-12.756,178.385,60.875,139.554
-0.487,-0.006,-0.691,-15.015,5.371,0.916,178.209,60.524,139.708
-0.494,0.012,-0.669,-17.822,10.376,4.333,177.385,60.271,139.252
-0.295,-0.013,-0.593,-24.048,-0.305,-10.559,176.732,59.865,139.4
-0.448,0.012,-0.558,-33.386,-25.024,-19.348,175.864,60.848,139.944
-0.402,0.028,-0.489,-36.926,-28.015,-26.978,175.182,62.199,141.191
-0.651,0.172,-0.638,-37.659,-43.518,-9.521,173.914,64.116,141.943
-0.926,0.276,-0.859,-22.4,-33.325,-0.366,172.375,66.039,142.004
-1.098,0.468,-1.016,-15.747,-13.55,32.715,170.431,66.984,141.01
-0.921,0.463,-0.968,4.333,12.756,23.254,168.717,66.561,139.438
-0.836,0.457,-0.962,18.188,17.578,13.062,168.382,65.599,138.829
-0.619,0.22,-0.772,26.794,13.062,-3.296,169.294,64.731,139.065
-0.558,0.138,-0.665,18.86,3.418,-4.211,170.486,64.418,139.719
-0.485,0.126,-0.574,14.099,2.808,3.174,171.151,64.259,139.977
-0.459,0.139,-0.544,15.869,-0.488,7.263,171.508,64.171,139.801
-0.45,0.136,-0.541,19.409,-1.526,14.038,171.843,64.072,139.307
-0.479,0.146,-0.536,18.86,-13.428,24.658,171.854,64.27,138.153
-0.494,0.174,-0.515,14.954,-27.893,35.095,171.068,64.99,136.038
-0.656,0.216,-0.577,16.418,-23.254,26.306,170.074,66.022,133.857
-0.843,0.189,-0.76,19.836,-10.437,19.226,169.937,66.528,132.748
-0.977,0.201,-0.917,19.043,-13.611,36.987,169.36,66.632,130.957
-0.926,0.137,-0.881,25.818,-7.019,25.33,169.063,66.671,129.095
-1.085,0.131,-0.946,29.968,12.512,18.616,169.541,66.676,128.046
-0.887,0.065,-0.979,33.569,50.232,25.635,170.695,64.808,127.458
-0.449,0.032,-0.832,30.823,40.649,38.452,171.508,62.221,125.936
-0.396,0.13,-0.67,26.978,4.944,59.143,171.343,60.848,122.767
-0.496,0.115,-0.628,34.363,-7.141,58.105,170.821,60.342,118.652
-0.557,0.051,-0.611,30.762,-5.859,41.443,170.804,60.2,115.159
-0.602,0.025,-0.687,29.968,10.254,23.01,171.343,59.93,112.775
-0.571,-0.008,-0.735,23.743,4.7,17.7,172.304,59.343,110.962
-0.518,-0.007,-0.646,18.494,-2.625,14.038,173.007,59.293,109.045
-0.418,-0.021,-0.545,10.254,-8.545,11.78,173.557,59.529,107.249
-0.522,0.037,-0.613,4.15,-21.667,14.709,173.617,60.205,105.255
-0.517,0.077,-0.614,10.01,-4.517,10.803,173.578,60.881,103.332
-0.65,0.178,-0.8,3.418,-31.25,14.099,173.595,61.633,101.783
-0.925,0.221,-0.963,18.372,-21.79,18.372,173.392,62.952,99.987
-1.063,0.343,-1.064,22.095,9.705,45.166,172.793,63.287,97.465
-0.726,0.257,-1.03,25.452,25.024,54.138,172.266,61.699,94.373
-0.677,0.271,-1.041,31.433,26.184,47.791,171.804,60.101,91.203
-0.496,0.206,-0.879,37.842,28.931,38.452,172.167,58.37,88.638
-0.351,0.074,-0.736,38.818,13.916,26.611,173.249,57.03,86.743
-0.418,0.082,-0.695,29.175,5.127,41.26,173.754,56.431,84.271
-0.366,0.142,-0.662,20.386,0.732,60.486,173.386,55.822,80.739
-0.459,0.221,-0.713,17.761,-5.615,69.824,172.343,55.432,76.443
-0.581,0.367,-0.887,28.076,-1.038,73.608,171.085,54.882,71.752
-0.489,0.238,-0.913,43.03,7.141,68.909,170.898,53.998,67.473
-0.669,0.199,-0.992,36.377,-2.38,88.501,170.706,53.234,62.611
-0.457,0.234,-1.02,36.682,-3.418,89.844,170.09,52.13,56.898
-0.502,0.2,-0.906,50.72,-2.075,81.055,170.002,51.52,51.405
-0.363,0.021,-0.743,66.956,-8.606,58.716,171.222,50.933,46.785
-0.543,-0.172,-0.731,65.002,-24.536,53.65,173.282,51.427,42.88
-0.625,-0.194,-0.804,54.138,5.554,75.317,174.677,51.443,38.106
-0.48,-0.187,-0.857,39.795,22.217,86.121,175.413,50.164,32.767
-0.273,-0.115,-0.822,26.001,15.564,85.938,175.523,48.675,27.433
-0.356,0.024,-0.811,21.179,-13.428,77.881,175.21,48.285,22.401
-0.532,0.044,-0.8,30.273,-14.771,70.923,175.204,48.669,17.776
-0.514,-0.028,-0.788,33.447,-9.155,59.814,175.622,48.884,13.48
-0.447,-0.118,-0.759,23.865,-6.47,43.274,176.215,49.109,10.113
-0.556,-0.104,-0.78,-2.075,-18.372,35.767,176.281,49.642,7.476
-0.706,0.019,-0.881,-12.024,-12.146,29.846,175.314,50.427,4.894
-0.675,0.027,-1.015,-19.592,7.263,16.418,174.419,50.488,3.087
-0.677,0.237,-1.084,-24.841,19.897,22.949,172.947,50.186,1.395
-0.208,0.218,-1.031,-10.315,52.185,21.912,171.969,48.241,-0.027
0.197,0.228,-0.885,-4.089,18.616,21.423,171.42,45.989,-1.192
-0.197,0.309,-0.895,-1.831,-41.199,28.625,170.766,46.329,-2.516
-0.474,0.365,-0.96,13.977,-11.047,33.569,170.167,47.115,-4.543
-0.249,0.212,-0.896,26.489,2.136,9.216,170.645,46.758,-5.96
-0.289,0.155,-0.833,20.325,-17.883,3.662,171.568,47.021,-6.416
-0.42,0.191,-0.817,17.09,-14.771,23.865,172.007,47.587,-7.608
-0.348,0.196,-0.765,20.569,-15.076,31.555,172.178,47.933,-9.679
-0.344,0.219,-0.739,21.667,-16.907,36.011,172.31,48.444,-12.041
-0.32,0.252,-0.79,19.287,-18.982,42.786,172.244,48.917,-14.716
-0.461,0.303,-0.912,22.034,-26.917,44.983,171.947,49.653,-17.765
-0.459,0.249,-0.937,25.818,-28.87,39.795,171.892,50.521,-20.709
-0.707,0.298,-0.918,24.658,-44.128,56.763,171.524,52.13,-24.203
-0.71,0.178,-0.908,42.725,-18.555,58.533,171.365,53.069,-28.367
-0.427,0.008,-0.801,56.702,6.287,44.922,172.43,52.85,-31.701
-0.368,-0.12,-0.768,50.781,-16.663,49.377,174.062,52.751,-34.409
-0.556,-0.092,-0.882,43.396,-8.179,57.922,174.963,53.163,-37.617
-0.383,-0.12,-0.892,39.368,4.15,49.805,175.847,52.883,-40.507
-0.295,-0.079,-0.811,29.236,-13.672,46.814,176.6,52.756,-42.885
-0.48,-0.027,-0.756,22.522,-20.63,44.922,176.836,53.454,-45.247
-0.53,-0.019,-0.768,19.043,-9.766,35.156,177.012,53.97,-47.263
-0.492,-0.051,-0.748,19.958,3.357,22.949,177.352,54.069,-48.752
-0.458,-0.118,-0.782,12.939,1.953,5.432,178.132,53.855,-49.131
-0.515,-0.101,-0.774,7.935,4.395,2.991,178.753,53.866,-49.07
-0.394,-0.097,-0.695,0.122,6.042,4.883,179.182,53.503,-48.972
-0.413,-0.015,-0.683,-5.737,-3.357,6.714,179.022,53.608,-49.136
-0.382,-0.044,-0.707,-6.287,-5.432,-5.981,179.05,53.839,-48.834
-0.43,0.008,-0.729,-13.367,-7.08,-2.075,178.77,54.316,-48.461
-0.427,0.011,-0.782,-16.968,-10.498,-5.188,178.314,54.734,-48.087
-0.635,0.113,-0.947,-16.052,-11.292,-6.165,177.66,55.426,-47.769
-0.582,0.137,-1.016,-11.78,-3.296,-6.409,177.363,55.805,-47.291
-0.897,0.285,-1.07,-17.7,-8.85,16.235,176.336,56.514,-47.774
-0.639,0.297,-1.044,-8.911,31.616,11.719,175.188,55.734,-48.812
-0.441,0.292,-0.985,3.296,31.677,0.61,174.798,54.036,-49.208
-0.352,0.153,-0.913,7.935,12.085,-15.076,175.276,52.982,-48.851
-0.361,0.119,-0.803,-0.183,6.897,-12.024,175.754,52.63,-48.109
-0.298,0.147,-0.679,-4.639,-2.014,-1.526,175.655,52.471,-47.867
-0.316,0.215,-0.675,-4.028,-8.057,9.338,175.15,52.581,-48.257
-0.158,0.221,-0.65,2.014,-31.921,13.489,174.534,53.24,-49.279
-0.292,0.264,-0.631,2.686,-82.703,11.963,173.738,56.063,-50.707
-0.757,0.232,-0.64,10.315,-65.002,10.01,173.046,59.579,-52.399
-0.647,0.156,-0.625,9.583,-16.907,2.38,172.892,61.271,-53.503
-0.483,0.131,-0.731,8.179,-21.362,-0.732,172.996,61.985,-54.036
-0.977,0.131,-0.951,5.92,-26.062,4.395,172.947,63.468,-54.673
-0.8,0.094,-0.906,8.789,-0.854,13.916,172.755,63.918,-55.591
-1.203,0.119,-1.03,19.836,3.784,12.573,172.864,64.358,-56.635
-0.72,0.021,-0.977,23.01,47.546,2.625,174.034,62.639,-56.722
-0.386,-0.002,-0.831,7.935,20.691,8.24,174.968,60.969,-56.558
-0.452,0.069,-0.727,-0.305,1.953,7.202,174.93,60.403,-56.865
-0.586,0.076,-0.709,-2.014,-1.831,1.221,174.864,60.403,-56.931
-0.603,0.057,-0.709,2.747,17.212,-7.019,175.1,60.084,-56.624
-0.509,0.017,-0.725,4.578,27.405,-9.705,175.798,59.057,-55.871
-0.548,0.014,-0.823,5.493,26.306,-11.108,176.506,57.898,-55.091
-0.557,-0.033,-0.854,8.667,18.555,-17.7,177.605,56.86,-53.921
-0.487,-0.044,-0.821,8.667,26.855,-3.967,178.577,55.844,-53.042
-0.459,-0.018,-0.861,8.484,28.809,7.385,179.072,54.525,-53.004
-0.313,-0.039,-0.807,6.653,25.452,0.793,179.561,53.13,-52.971
-0.209,-0.043,-0.767,-4.517,4.639,-4.822,179.775,52.361,-52.586
-0.345,-0.047,-0.704,-19.653,-26.672,-14.221,179.544,53.004,-51.724
-0.356,-0.042,-0.57,-26.794,-33.752,-27.344,179.094,54.514,-50.262
-0.414,-0.001,-0.486,-35.889,-45.349,-23.132,178.391,56.629,-48.658
-0.662,0.096,-0.682,-35.706,-42.969,-13.977,177.237,58.821,-47.736
-0.951,0.252,-0.939,-26.123,-21.545,-8.423,175.968,60.639,-47.45
-1.076,0.415,-1.142,-15.076,6.531,28.503,174.886,60.485,-48.038
-0.729,0.379,-1.14,16.724,62.439,21.118,173.859,58.601,-50.015
-0.251,0.284,-1.06,21.667,46.326,2.686,174.628,55.679,-50.493
-0.344,0.15,-0.915,19.165,-12.512,-9.399,175.567,54.805,-50.51
-0.607,0.05,-0.834,9.277,-16.785,-17.029,176.512,55.794,-49.96
-0.544,0.128,-0.796,-3.601,-0.183,1.099,176.688,56.107,-49.691
-0.424,0.171,-0.711,1.221,5.859,10.071,176.292,55.909,-50.257
-0.281,0.183,-0.625,2.93,-4.211,20.569,175.853,55.673,-51.312
-0.355,0.216,-0.61,7.141,-18.982,27.71,175.056,56.102,-53.157
-0.46,0.236,-0.652,12.573,-20.691,25.391,174.43,56.816,-55.173
-0.491,0.193,-0.638,17.273,-21.729,22.095,174.1,57.662,-57.129
-0.556,0.189,-0.692,15.076,-19.043,17.212,173.87,58.585,-58.87
-0.522,0.128,-0.752,15.869,-9.644,-1.099,174.15,59.172,-59.738
-0.833,0.101,-0.992,8.057,-13.977,-6.836,174.732,59.98,-59.7
-0.635,0.008,-0.95,1.343,-2.686,-8.911,175.122,60.227,-59.458
-1.198,0.097,-1.156,0.61,3.784,-12.329,175.424,60.892,-58.881
-0.47,-0.106,-0.98,16.907,50.842,-29.236,177.237,58.958,-57.096
-0.188,-0.061,-0.802,-17.151,-12.695,17.151,177.709,57.942,-56.387
-0.679,0.134,-0.825,-20.081,-35.4,27.832,175.814,59.31,-57.898
-0.513,0.089,-0.755,-4.639,1.099,8.789,174.727,59.76,-58.98
-0.504,0.12,-0.696,-2.747,-22.949,4.883,174.391,60.139,-59.321
-0.668,0.076,-0.655,5.737,-10.864,2.441,174.26,61.073,-59.782
-0.567,0.019,-0.665,5.31,0.305,-4.883,174.727,61.238,-59.711
-0.634,0.02,-0.716,6.409,18.066,-8.85,175.254,60.996,-59.376
-0.422,-0.084,-0.703,6.653,5.615,-24.231,176.523,60.342,-58.123
-0.539,-0.054,-0.689,0.366,3.357,-14.526,177.567,60.452,-56.755
-0.51,-0.041,-0.728,-5.676,9.399,-2.686,177.891,60.095,-56.184
-0.395,-0.011,-0.701,-7.69,16.479,-3.113,177.885,59.442,-55.805
-0.287,0.008,-0.704,-11.108,-6.958,-6.165,177.764,59.183,-55.338
-0.548,0.02,-0.763,-20.447,-36.499,-11.108,177.424,60.244,-54.695
-0.964,0.166,-0.875,-21.301,-30.273,-16.541,176.83,62.012,-53.97
-1.125,0.261,-0.995,-15.747,4.517,-6.409,176.473,62.6,-53.383
-0.888,0.308,-1.062,-5.798,69.031,9.033,175.963,60.601,-53.635
-0.334,0.366,-1.084,4.639,68.848,9.338,175.699,56.783,-54.179
-0.265,0.167,-0.887,16.357,9.827,-7.385,176.303,55.069,-54.316
-0.37,0.072,-0.774,6.592,-20.02,-9.644,176.957,55.349,-54.13
-0.475,0.127,-0.711,-4.089,-19.409,6.714,176.781,56.338,-54.421
-0.386,0.153,-0.636,-6.592,-7.812,13.428,176.006,56.783,-55.36
-0.352,0.246,-0.625,-6.104,-13.611,23.315,174.864,57.09,-56.805
-0.439,0.295,-0.659,3.235,-16.968,28.503,173.617,57.596,-58.898
-0.459,0.259,-0.661,9.705,-24.475,19.104,172.766,58.293,-61.051
-0.463,0.187,-0.638,5.554,-27.222,6.714,172.299,59.42,-62.606
-0.577,0.153,-0.724,-4.456,-40.527,-7.751,171.909,60.991,-63.325
-0.997,0.198,-0.969,-7.446,-25.452,-7.019,171.409,62.908,-63.6
-0.753,0.139,-0.784,2.014,-9.46,-9.521,171.376,63.759,-63.633
-1.249,0.099,-1.012,-0.793,-19.958,-13.489,172.095,64.633,-62.963
-0.875,0.049,-0.992,19.104,64.087,-13.733,173.348,63.166,-61.996
-0.334,-0.058,-0.861,11.719,58.105,3.662,174.803,60.095,-61.144
-0.211,0.038,-0.739,-5.371,-1.099,23.987,174.551,58.727,-61.842
-0.574,0.131,-0.729,-2.747,-23.193,24.536,173.458,59.535,-63.419
-0.553,0.068,-0.698,6.714,-0.732,4.395,173.287,59.727,-64.182
-0.521,0.02,-0.671,8.911,6.897,-5.615,173.776,59.749,-64.067
-0.597,0.007,-0.78,5.432,3.845,-11.292,174.595,59.551,-63.424
-0.573,-0.033,-0.695,6.287,4.883,-18.372,175.589,59.551,-62.386
-0.501,-0.052,-0.711,5.371,-0.244,-16.785,176.803,59.513,-61.062
-0.543,-0.026,-0.709,6.531,17.151,-1.648,177.545,59.337,-60.414
-0.36,-0.062,-0.687,-0.61,12.817,-2.441,178.044,58.519,-60.112
-0.325,-0.04,-0.639,-9.094,4.639,-7.019,178.171,58.145,-59.601
-0.323,-0.041,-0.607,-19.409,-24.109,-17.883,178.088,58.513,-58.64
-0.785,0.033,-0.836,-23.621,-32.959,-21.667,177.896,60.073,-57.211
-0.744,0.143,-0.889,-14.343,-13.306,-13.855,177.649,61.117,-56.239
-1.01,0.291,-1.04,-10.986,-9.583,15.93,176.935,61.776,-56.574
-0.784,0.263,-1.029,4.028,26.855,21.973,176.034,60.974,-58.145
-0.59,0.299,-1.075,10.864,38.025,11.902,175.737,59.172,-59.271
-0.474,0.106,-0.966,13.855,7.568,-13.489,176.561,58.112,-59.134
-0.58,0.064,-0.849,-1.343,-4.272,-12.817,177.116,58.266,-58.486
-0.518,0.086,-0.712,-10.925,-3.418,-3.845,176.918,58.453,-58.173
-0.395,0.155,-0.583,-10.498,-0.732,11.475,176.111,58.475,-58.557
-0.327,0.209,-0.545,-7.874,-3.662,26.855,174.864,58.436,-59.947
-0.478,0.259,-0.628,1.16,-10.315,30.029,173.535,58.574,-61.979
-0.433,0.254,-0.642,8.484,-8.301,33.02,172.469,58.585,-64.314
-0.475,0.263,-0.663,7.935,-18.188,31.006,171.442,59.035,-66.819
-0.445,0.257,-0.636,9.46,-24.109,19.714,170.568,59.683,-69.0
-0.835,0.238,-0.896,14.832,-23.193,6.226,170.316,60.749,-70.417
-0.875,0.153,-0.933,19.592,5.005,3.967,170.75,61.216,-71.098
-0.495,0.0,-0.748,21.484,6.287,-6.165,171.887,60.804,-71.054
-1.153,0.068,-1.04,10.437,-20.203,-0.366,172.645,61.831,-70.944
-0.788,-0.055,-1.003,22.705,54.199,-2.808,174.029,60.447,-70.406
-0.386,-0.027,-0.947,2.747,40.466,19.897,174.661,58.024,-70.345
-0.309,0.052,-0.848,-2.747,6.042,21.973,174.128,56.931,-71.252
-0.341,0.08,-0.675,-3.357,-13.611,12.329,173.639,57.057,-71.867
-0.449,0.077,-0.596,-5.432,-25.146,6.47,173.194,57.98,-72.252
-0.573,0.064,-0.669,-4.395,-11.536,-3.357,172.98,58.793,-72.235
-0.558,-0.01,-0.703,4.089,5.92,-23.865,173.611,59.035,-71.208
-0.338,-0.066,-0.588,-11.658,-16.968,-24.597,174.644,59.37,-69.252
-0.613,0.029,-0.699,-13.794,-5.066,-14.16,174.727,60.298,-67.934
-0.388,0.039,-0.655,-10.376,-1.587,-10.559,174.82,60.37,-66.896
-0.497,0.067,-0.758,-7.996,-15.869,-10.376,174.836,60.947,-66.132
-0.894,0.164,-0.978,-12.085,-19.836,-8.118,174.71,61.93,-65.533
-0.651,0.149,-0.975,-6.836,15.503,-18.982,174.853,62.023,-64.644
-1.07,0.338,-1.211,-13.733,1.221,0.854,174.54,62.045,-64.1
-0.554,0.229,-1.002,-1.709,31.86,-12.756,174.551,60.749,-63.715
-0.571,0.252,-0.899,-6.042,-6.104,-10.437,174.683,60.26,-63.056
-0.577,0.137,-0.755,-3.54,-3.845,-20.752,174.897,60.628,-62.369
-0.503,0.144,-0.658,-9.888,-3.906,-14.526,175.04,60.848,-61.447
-0.499,0.164,-0.61,-10.498,-5.432,-2.502,174.578,61.21,-61.298
-0.329,0.194,-0.512,-7.629,8.728,9.216,173.853,61.002,-61.776
-0.27,0.254,-0.542,-1.77,-3.906,20.996,172.798,60.562,-63.127
-0.485,0.283,-0.577,8.85,-18.25,27.954,171.683,61.117,-65.314
-0.335,0.234,-0.518,16.174,-20.874,28.503,170.848,61.463,-67.83
-0.566,0.185,-0.64,16.968,-38.025,18.188,170.217,62.864,-70.142
-1.027,0.237,-0.933,9.46,-19.714,18.616,169.667,64.111,-71.927
-0.794,0.122,-0.879,12.329,5.92,0.549,169.673,64.259,-72.834
-0.479,-0.002,-0.735,1.831,-15.564,-19.592,170.574,64.341,-72.098
-1.103,0.094,-0.985,-13.367,-30.09,-13.977,170.788,65.995,-71.197
-0.839,0.057,-0.911,-8.728,11.047,-12.085,171.024,66.292,-70.186
-0.84,0.101,-0.935,-8.179,25.146,-2.197,171.134,65.676,-69.362
-0.66,0.146,-0.857,-4.578,13.611,9.949,171.019,64.567,-69.109
-0.58,0.138,-0.697,7.629,2.808,18.311,170.667,64.039,-69.835
-0.677,0.109,-0.652,6.836,-16.907,21.851,170.233,64.303,-71.153
-0.726,0.077,-0.631,11.963,-0.244,14.221,170.019,64.622,-72.307
-0.651,0.049,-0.618,9.399,13.245,10.864,170.31,64.232,-72.784
-0.492,0.037,-0.593,9.033,27.771,8.484,170.684,63.204,-72.977
-0.201,-0.018,-0.513,6.287,18.127,-0.549,171.37,62.023,-72.592
-0.414,0.037,-0.552,-8.545,-27.588,2.38,171.315,62.584,-72.405
-0.677,0.093,-0.587,2.197,-13.794,-12.024,171.354,63.885,-72.076
-0.469,0.047,-0.589,8.423,-5.432,-11.414,172.463,64.182,-70.988
-0.662,0.05,-0.821,9.827,-9.277,-9.399,173.232,64.94,-70.439
-0.971,0.18,-0.99,-0.854,-23.315,-2.991,173.633,66.055,-70.082
-0.771,0.178,-0.957,4.944,14.343,-2.502,173.996,66.127,-69.752
-0.917,0.283,-1.079,-2.014,7.08,16.113,173.584,65.759,-70.291
-0.677,0.241,-0.971,3.479,6.958,-0.61,173.381,65.039,-70.692
-0.731,0.174,-0.885,2.136,-5.371,-3.479,173.496,65.067,-70.675
-0.629,0.114,-0.723,-2.197,-4.822,-13.611,173.809,65.259,-70.148
-0.617,0.145,-0.656,-5.493,-2.075,-7.263,173.941,65.511,-69.51
-0.53,0.138,-0.587,-4.883,5.31,1.221,173.738,65.451,-69.39
-0.437,0.155,-0.535,-5.188,13.123,8.789,173.188,64.929,-69.774
-0.417,0.184,-0.561,-1.526,6.348,11.658,172.524,64.259,-70.499
-0.495,0.196,-0.587,-0.183,-11.169,17.944,171.738,64.292,-71.647
-0.565,0.233,-0.584,-2.197,-16.052,28.931,170.338,64.731,-73.636
-0.612,0.268,-0.595,0.488,-13.916,24.048,168.832,65.182,-75.839
-0.585,0.245,-0.609,6.042,-11.475,13.855,167.981,65.506,-77.415
-0.833,0.266,-0.897,8.545,-7.141,13.184,167.52,65.792,-78.624
-0.706,0.18,-0.864,10.132,-16.968,15.381,167.272,66.011,-79.75
-0.986,0.232,-0.885,1.587,-52.307,25.452,166.185,67.302,-81.65
-1.159,0.258,-0.871,15.93,-22.278,23.56,164.844,68.89,-84.073
-1.034,0.187,-0.817,29.541,20.813,21.606,165.125,68.659,-85.309
-0.627,0.099,-0.632,31.738,33.508,32.166,166.009,66.984,-86.243
-0.468,0.11,-0.544,24.475,13.733,42.053,166.152,65.424,-87.973
-0.521,0.122,-0.523,23.682,-0.732,31.128,165.965,64.781,-89.94
-0.501,0.071,-0.511,25.391,10.01,12.451,166.448,64.424,-90.917
-0.574,0.047,-0.592,18.616,12.024,3.967,167.547,63.968,-90.775
-0.375,0.001,-0.536,15.686,18.982,-4.517,168.668,63.303,-90.154
-0.519,0.033,-0.641,-0.732,-12.695,4.944,169.327,63.375,-89.478
-0.618,0.141,-0.792,3.418,1.465,15.381,168.964,63.655,-89.863
-0.249,0.112,-0.594,12.451,-19.47,18.494,168.937,63.622,-90.516
-0.731,0.213,-0.772,11.475,-80.139,37.537,168.069,65.88,-92.637
-1.227,0.368,-1.046,22.644,-37.109,62.439,166.064,67.797,-96.702
-0.953,0.361,-0.9,32.043,-7.751,76.721,164.169,67.451,-101.393
-0.899,0.452,-0.894,28.87,-4.028,81.421,162.043,66.357,-106.43
-0.951,0.458,-0.917,45.715,4.639,51.575,161.164,65.27,-110.286
-0.631,0.238,-0.754,53.162,25.085,38.696,162.372,63.743,-112.099
-0.449,0.17,-0.676,46.814,5.554,43.091,163.575,62.303,-113.846
-0.432,0.189,-0.583,47.363,-19.409,46.448,164.119,61.963,-116.323
-0.487,0.166,-0.51,47.241,-37.537,53.528,164.333,62.584,-119.465
-0.629,0.208,-0.524,41.382,-42.419,59.998,163.85,63.671,-123.311
-0.845,0.307,-0.643,44.189,-16.235,61.096,162.988,64.297,-127.343
-0.745,0.263,-0.714,48.218,2.075,46.936,163.207,63.759,-130.166
-0.719,0.284,-0.849,47.302,6.958,48.34,163.718,62.886,-132.479
-0.688,0.297,-0.86,46.875,0.366,50.049,164.064,62.177,-134.978
-0.708,0.216,-0.825,44.25,-12.939,48.035,164.542,61.941,-137.39
-0.542,0.2,-0.654,41.809,-20.63,56.274,164.531,61.935,-140.295
-0.59,0.122,-0.646,60.486,-21.667,45.288,164.894,62.298,-143.256
-0.744,0.056,-0.669,70.129,-17.456,50.11,166.344,62.803,-145.657
-0.783,-0.077,-0.739,76.05,5.371,67.505,167.866,62.386,-148.541
-0.668,-0.079,-0.767,69.153,26.733,81.787,168.981,60.853,-151.831
-0.462,-0.1,-0.765,61.646,24.109,82.581,169.81,58.876,-155.198
-0.413,-0.093,-0.747,47.668,0.916,71.167,170.497,57.816,-158.126
-0.559,-0.029,-0.717,35.522,-10.803,62.5,170.519,57.827,-160.933
-0.582,-0.051,-0.72,30.518,-7.629,44.983,170.788,57.953,-162.817
-0.591,-0.095,-0.779,28.687,-1.16,35.767,171.337,58.041,-163.883
-0.605,-0.048,-0.894,19.043,8.362,44.067,171.65,57.733,-164.828
-0.559,0.014,-0.966,13.306,1.16,45.227,171.403,57.211,-166.207
-0.75,0.135,-0.949,4.456,-11.414,41.321,170.7,57.354,-167.734
-0.391,0.085,-0.759,7.385,20.264,26.489,170.343,56.838,-168.569
-0.233,0.151,-0.786,-4.333,4.211,32.41,169.969,55.734,-169.107
-0.58,0.313,-0.88,-5.005,-19.897,44.556,168.514,55.898,-171.046
-0.593,0.293,-0.89,11.047,10.254,37.476,167.706,55.432,-172.793
-0.491,0.31,-0.92,22.827,24.17,42.908,167.503,53.992,-174.359
-0.292,0.212,-0.873,30.823,19.226,38.025,168.041,52.311,-175.798
-0.312,0.184,-0.799,26.611,-1.404,30.945,168.629,51.493,-177.259
-0.327,0.196,-0.746,21.179,-7.507,35.156,168.953,51.279,-178.792
-0.431,0.229,-0.786,19.409,-12.39,40.588,168.893,51.323,179.22
-0.436,0.268,-0.874,22.522,4.028,43.884,168.838,50.872,177.237
-0.319,0.286,-0.957,27.893,-2.319,43.152,168.981,50.131,175.21
-0.447,0.277,-0.986,27.344,-33.875,47.852,169.156,50.383,172.831
-0.727,0.297,-0.991,31.128,-34.485,57.556,168.915,51.63,169.684
-0.425,0.17,-0.845,44.006,-1.892,56.702,169.222,51.79,166.816
-0.199,0.041,-0.794,53.406,-18.921,49.194,170.316,51.427,164.268
-0.523,-0.008,-0.8,49.683,-52.002,43.945,171.475,52.899,161.521
-0.764,-0.063,-0.906,45.776,-9.277,41.87,172.733,54.168,159.324
-0.498,-0.1,-0.88,40.894,27.954,37.048,174.007,53.432,157.896
-0.206,-0.112,-0.833,23.315,20.874,39.612,175.062,51.861,156.643
-0.233,-0.004,-0.816,13.489,-6.165,32.715,175.215,51.427,154.726
-0.34,0.008,-0.777,12.451,-16.602,20.02,175.534,51.713,153.292
-0.529,-0.017,-0.906,17.029,-12.451,1.465,176.127,52.295,152.611
-0.457,-0.166,-0.836,12.39,-12.573,-22.766,177.638,52.718,153.583
-0.562,-0.119,-0.82,2.197,-26.55,-13.733,178.638,53.921,154.644
-0.471,-0.132,-0.786,5.066,17.639,-12.268,179.484,54.053,155.687
-0.268,-0.118,-0.719,-13.855,-1.465,-3.784,179.753,53.619,156.456
-0.326,-0.118,-0.699,-21.179,-13.977,-23.743,179.5,54.119,157.192
-0.305,-0.109,-0.562,-35.522,-26.733,-51.819,179.583,55.124,159.505
-0.334,-0.087,-0.551,-44.983,-49.194,-57.556,179.676,56.843,162.751
-1.006,0.097,-0.787,-47.546,-54.26,-41.016,179.121,60.002,165.85
-1.094,0.176,-1.074,-32.654,7.324,-19.775,178.44,61.408,168.574
-1.044,0.418,-1.198,-26.428,58.533,19.226,176.622,60.485,169.277
-0.388,0.429,-1.137,-8.362,67.2,16.785,175.237,56.926,169.124
-0.238,0.308,-0.992,12.39,9.949,-5.005,175.062,55.003,169.25
-0.475,0.144,-0.877,10.742,-18.677,-9.521,175.66,55.377,169.7
-0.452,0.1,-0.738,-3.418,-10.681,2.441,175.721,56.014,169.854
-0.344,0.219,-0.627,-8.423,-11.658,17.639,174.754,56.338,169.178
-0.422,0.298,-0.634,-1.465,-26.672,30.029,173.419,57.014,167.591
-0.518,0.339,-0.667,6.348,-29.114,34.363,172.073,57.991,165.449
-0.375,0.265,-0.554,15.564,-30.762,21.484,171.266,59.15,163.597
-0.503,0.226,-0.584,21.545,-42.053,10.864,171.107,60.765,162.4
-0.642,0.147,-0.7,24.048,-21.362,11.047,171.321,62.199,161.554
-0.521,0.119,-0.739,12.756,-16.907,13.489,171.469,62.754,160.922
-0.872,0.177,-0.842,6.47,-35.4,14.832,170.854,64.171,159.813
-0.628,0.001,-0.783,8.972,-20.325,-15.259,171.288,65.05,160.12
-1.334,0.101,-1.055,2.136,-14.954,-7.019,171.788,66.824,161.021
-0.836,-0.04,-0.953,9.155,34.668,-11.78,172.853,66.066,162.471
-0.627,-0.0,-0.915,-2.869,29.785,9.766,173.447,64.589,163.548
-0.519,0.074,-0.75,-5.005,13.123,16.724,172.974,63.452,163.257
-0.568,0.144,-0.664,-2.93,-1.953,13.855,172.343,63.094,162.686
-0.606,0.103,-0.633,7.385,4.7,-0.244,172.299,63.067,162.62
-0.568,0.047,-0.609,12.39,10.437,-8.24,173.095,62.814,163.383
-0.549,-0.05,-0.651,11.78,14.954,-19.165,174.435,62.325,164.811
-0.618,-0.099,-0.704,4.517,4.761,-28.748,175.99,62.194,166.97
-0.446,-0.096,-0.575,-1.831,-1.587,-22.522,177.231,62.413,169.206
-0.635,-0.045,-0.652,-3.845,6.226,-4.272,177.726,62.699,170.508
-0.493,-0.036,-0.671,-1.953,24.17,4.272,177.841,61.842,171.085
-0.315,-0.019,-0.636,-4.578,26.733,3.723,177.792,60.557,171.337
-0.238,-0.034,-0.714,-10.254,-17.334,-8.789,177.841,60.139,171.628
-0.965,0.059,-0.844,-20.203,-65.918,-11.23,177.374,62.825,171.881
-1.324,0.181,-1.145,-20.691,-15.259,-8.118,177.198,64.314,173.04
-0.949,0.278,-1.068,-6.409,71.899,16.846,176.32,63.105,173.304
-0.368,0.346,-1.103,0.977,64.392,20.081,175.622,59.348,172.87
-0.275,0.299,-0.933,20.386,5.432,7.202,175.649,57.486,172.249
-0.599,0.1,-0.834,20.874,-14.343,6.47,176.336,57.843,171.59
-0.533,0.084,-0.741,1.16,3.418,12.451,176.391,57.887,170.876
-0.552,0.17,-0.713,-6.714,3.113,11.536,175.649,57.7,170.129
-0.478,0.183,-0.691,-6.897,12.817,4.028,174.979,57.25,169.843
-0.38,0.208,-0.651,-4.944,8.667,8.484,174.391,56.673,169.678
-0.485,0.244,-0.74,-0.549,-0.427,16.479,173.677,56.426,168.937
-0.489,0.28,-0.737,1.831,-6.836,28.748,172.793,56.404,167.514
-0.553,0.292,-0.732,6.47,-9.583,27.649,171.799,56.624,165.668
-0.43,0.217,-0.652,11.475,-2.502,13.672,171.447,56.7,164.581
-0.482,0.23,-0.659,11.963,-15.869,16.602,171.216,57.101,163.636
-0.486,0.181,-0.676,15.442,-2.136,14.038,171.194,57.365,162.702
-0.353,0.182,-0.662,11.963,-17.578,9.399,171.31,57.717,162.043
-0.935,0.285,-0.931,10.986,-25.513,17.09,170.947,59.024,160.884
-0.782,0.111,-1.13,18.677,-11.108,1.709,171.519,58.969,160.527
-0.897,0.099,-1.075,25.33,26.855,6.226,172.139,59.189,160.291
-0.69,-0.026,-1.157,23.193,42.114,-8.362,173.809,57.486,161.125
-0.249,-0.093,-0.951,15.869,43.823,-10.925,175.468,55.239,162.158
-0.16,-0.039,-0.758,-9.155,-8.484,6.104,175.974,54.207,162.081
-0.464,0.068,-0.729,-10.01,-25.269,-0.61,175.347,55.052,161.065
-0.55,0.082,-0.742,0.916,-4.15,-10.803,175.413,55.712,161.005
-0.437,-0.01,-0.751,11.658,4.028,-13.367,176.248,55.668,161.603
-0.633,-0.046,-0.877,7.08,0.366,-13.733,177.259,55.723,162.345
-0.479,-0.119,-0.821,5.31,9.216,-17.822,178.275,55.432,163.312
-0.475,-0.067,-0.797,-7.202,1.892,-2.38,178.709,55.278,163.806
-0.386,-0.013,-0.736,-7.324,7.507,6.836,178.407,54.959,163.411
-0.4,-0.004,-0.748,-7.751,1.709,-0.305,178.176,54.701,163.12
-0.376,-0.03,-0.721,-14.832,-8.911,-8.423,177.918,54.855,163.174
-0.393,-0.054,-0.666,-25.33,-18.188,-22.095,177.578,55.563,163.889
-0.357,-0.014,-0.575,-33.997,-23.193,-22.522,176.874,56.684,164.91
-0.499,0.029,-0.666,-38.513,-38.391,-17.517,175.88,58.233,165.833
-0.785,0.164,-0.813,-32.288,-34.668,-18.005,174.606,60.287,166.608
-1.236,0.312,-1.12,-29.358,-19.287,0.305,173.48,61.787,167.487
-1.007,0.33,-1.116,-6.897,56.03,13.977,172.238,60.925,167.552
-0.488,0.342,-1.078,-6.104,70.374,29.724,171.562,57.48,167.432
-0.176,0.284,-0.927,-0.549,27.466,19.409,170.75,54.734,166.525
-0.331,0.211,-0.807,-8.057,-25.208,-2.502,170.239,54.673,165.883
-0.539,0.229,-0.731,-11.414,-28.931,-3.723,169.574,56.03,165.531
-0.533,0.274,-0.692,-8.423,-10.193,4.639,168.772,56.876,165.097
-0.461,0.279,-0.656,-1.465,-3.235,3.174,168.228,57.074,164.745
-0.473,0.268,-0.676,4.456,-5.554,4.089,168.047,57.211,164.493
-0.497,0.268,-0.69,5.981,-1.526,11.597,167.805,57.299,163.927
-0.453,0.274,-0.675,5.737,-8.24,13.733,167.531,57.299,163.18
-0.472,0.312,-0.658,9.216,-6.531,15.32,167.086,57.541,162.114
-0.377,0.268,-0.635,7.874,-18.982,6.897,166.959,57.898,161.4
-0.537,0.264,-0.683,7.874,-26.123,-4.944,166.794,59.095,160.895
-0.513,0.195,-0.752,2.319,-30.579,-12.146,167.091,60.337,161.169
-0.902,0.26,-0.878,0.366,-37.842,-12.817,166.871,62.468,161.131
-0.676,0.103,-0.842,3.906,-0.427,-43.396,168.157,63.32,163.174
-1.042,0.226,-0.894,-0.732,-22.156,-21.118,169.189,64.918,165.267
-0.962,0.046,-0.932,18.921,21.79,-34.79,170.892,65.187,167.393
-0.614,0.011,-0.847,13.489,46.814,-22.217,173.315,63.748,170.299
-0.392,-0.005,-0.783,3.479,24.719,-0.793,174.419,62.023,171.617
-0.418,0.018,-0.714,-3.174,-3.662,-5.92,174.716,61.523,171.996
-0.572,0.05,-0.686,-3.113,-14.771,-6.958,174.875,62.073,172.375
-0.478,-0.002,-0.585,0.549,-7.08,-10.681,175.177,62.617,172.897
-0.742,-0.06,-0.723,1.221,-13.123,-22.461,176.023,63.325,174.122
-0.609,-0.123,-0.681,0.0,12.146,-23.254,177.27,63.243,176.105
-0.49,-0.152,-0.667,-6.104,13.306,-14.709,178.209,62.759,177.88
-0.489,-0.05,-0.679,-13.55,3.784,-0.183,178.16,62.512,178.643
-0.485,0.015,-0.69,-5.859,0.916,-11.902,178.22,62.397,179.368
-0.494,-0.084,-0.657,-5.737,2.747,-14.404,178.835,62.408,-179.445
-0.345,-0.109,-0.548,-23.987,-14.404,-4.7,178.621,62.715,-178.665
-0.727,-0.021,-0.711,-39.612,-58.167,-3.235,177.297,64.605,-178.445
-0.874,0.274,-0.804,-36.865,-11.719,19.897,174.913,66.577,-178.748
-1.076,0.432,-0.896,-20.752,-15.808,40.771,171.964,67.297,179.264
-0.876,0.521,-0.869,3.845,44.495,43.884,169.601,66.105,176.852
-0.66,0.411,-0.917,30.945,42.847,23.926,169.206,63.484,175.391
-0.577,0.225,-0.845,27.893,36.804,16.602,170.173,61.463,174.847
-0.469,0.156,-0.754,12.817,26.062,13.184,170.706,59.722,174.364
-0.392,0.209,-0.68,-2.441,22.4,15.076,170.458,58.458,173.842
-0.407,0.27,-0.703,-7.446,2.014,10.498,169.645,57.706,173.09
-0.506,0.354,-0.717,-1.526,11.78,17.395,168.942,57.327,172.397
-0.312,0.386,-0.709,10.925,14.221,27.954,168.289,56.201,171.03
-0.33,0.261,-0.672,23.682,-7.751,15.259,168.354,55.854,169.612
-0.47,0.165,-0.671,14.832,-23.987,10.254,168.624,56.442,168.541
-0.552,0.227,-0.651,6.531,-16.602,19.348,168.206,57.266,167.223
-0.619,0.298,-0.71,4.7,-6.958,16.235,167.662,57.64,166.119
-0.457,0.32,-0.718,8.057,-1.221,3.357,167.52,57.579,165.745
-0.694,0.319,-0.878,13.977,-28.687,1.465,167.684,58.42,165.465
-0.818,0.15,-0.867,21.362,4.395,5.676,168.151,59.249,165.119
-0.573,0.023,-0.853,7.507,-7.935,3.174,168.876,58.722,165.328
-0.913,0.101,-0.978,2.136,-8.85,-6.226,168.964,59.54,165.454
-0.748,0.089,-0.929,3.845,31.433,-3.906,169.629,59.046,166.531
-0.442,0.088,-0.804,1.282,29.785,5.127,170.09,57.574,167.289
-0.372,0.104,-0.769,-1.282,13.306,3.479,170.255,56.607,167.542
-0.425,0.137,-0.744,-1.892,12.634,4.211,170.228,56.036,167.503
-0.333,0.094,-0.754,4.211,34.302,-11.169,170.623,54.948,167.948
-0.258,0.039,-0.789,-3.479,10.376,-14.282,171.398,53.718,168.997
-0.273,0.035,-0.729,-9.583,-12.939,-22.461,171.579,53.817,169.607
-0.489,0.022,-0.701,-14.038,-28.564,-22.461,171.733,55.096,170.486
-0.534,0.024,-0.671,-17.822,-21.301,-14.648,171.48,56.36,171.194
-0.563,0.083,-0.743,-22.156,-0.671,-4.883,170.98,57.008,171.98
-0.507,0.214,-0.818,-22.156,-11.047,7.446,169.882,57.145,171.985
-0.742,0.337,-0.942,-13.672,-2.869,8.545,168.832,57.662,171.667
-0.605,0.389,-0.929,-7.263,-13.123,15.869,167.888,57.513,171.008
-1.084,0.527,-1.098,-10.986,7.935,32.41,166.421,57.969,169.557
-0.49,0.505,-0.95,8.423,52.368,14.16,165.839,55.58,169.058
-0.311,0.268,-0.865,16.663,6.714,-13.916,166.8,54.201,169.882
-0.46,0.152,-0.775,6.042,6.958,-17.273,167.607,54.283,170.684
-0.384,0.144,-0.728,-3.906,7.751,-14.648,168.118,53.954,171.722
-0.374,0.137,-0.698,-9.644,8.667,-10.681,168.14,53.718,172.485
-0.323,0.27,-0.716,-13.428,2.747,7.69,167.602,53.377,172.683
-0.318,0.299,-0.712,-1.038,-9.338,13.0,166.849,53.306,171.892
-0.412,0.23,-0.719,-2.563,-16.968,4.15,166.448,53.729,171.085
-0.466,0.331,-0.67,-9.583,-16.663,13.245,165.63,54.355,170.266
-0.426,0.375,-0.656,-2.441,-17.944,7.263,164.74,54.954,169.393
-0.56,0.342,-0.747,11.23,-22.339,8.728,164.454,55.778,168.618
-1.034,0.201,-0.924,10.742,-16.418,3.113,164.597,56.777,168.096
-0.527,0.092,-0.825,7.324,31.921,-7.812,165.24,56.096,169.085
-0.806,0.146,-1.044,-8.972,23.01,12.451,165.157,55.437,169.612
-0.43,0.155,-1.032,-16.846,26.367,18.433,164.581,53.893,169.761
-0.397,0.319,-0.953,-17.09,8.362,25.696,163.405,52.894,168.981
-0.454,0.373,-0.899,-3.54,1.038,20.874,162.449,52.344,167.69
-0.378,0.332,-0.761,13.611,-2.93,16.174,162.444,52.037,166.701
-0.495,0.183,-0.738,13.977,-2.869,4.578,163.004,52.07,166.064
-0.387,0.204,-0.697,16.052,12.878,1.709,163.685,51.784,166.124
-0.377,0.115,-0.797,10.864,13.123,6.897,164.471,51.152,166.124
-0.244,0.154,-0.76,17.334,2.197,-9.46,165.427,50.641,166.498
-0.339,0.102,-0.709,14.038,-20.874,5.493,166.311,51.125,166.223
-0.403,0.116,-0.688,6.042,-23.926,5.005,166.69,52.064,165.416
-0.43,0.156,-0.758,1.404,-10.315,2.991,166.718,52.877,164.822
-0.375,0.264,-0.819,-3.357,-29.785,6.836,166.613,53.553,164.323
-0.686,0.336,-0.915,2.197,-29.48,5.92,166.185,55.031,163.306
-0.689,0.403,-0.974,3.174,-34.302,14.038,165.756,55.92,162.235
-0.794,0.473,-0.972,10.864,0.0,25.574,165.196,56.64,160.873
-0.656,0.407,-0.981,20.02,7.874,11.841,165.3,56.069,159.933
-0.591,0.25,-0.975,22.339,21.912,-15.625,166.74,55.393,160.785
-0.366,0.202,-0.827,10.681,4.944,-1.099,167.717,54.838,161.422
-0.513,0.181,-0.785,1.343,-6.409,-6.409,167.943,55.063,161.417
-0.356,0.242,-0.664,-4.517,7.69,-0.549,167.915,54.943,161.653
-0.363,0.336,-0.626,2.991,-14.038,10.437,167.492,55.047,161.131
-0.332,0.318,-0.587,11.719,-20.508,15.076,167.206,55.53,160.027
-0.493,0.298,-0.659,17.578,-26.001,12.451,167.031,56.404,158.659
-0.511,0.208,-0.66,17.822,-13.733,5.493,167.239,57.321,157.742
-0.509,0.18,-0.752,7.385,-30.151,4.15,167.492,58.024,157.286
-0.862,0.23,-0.905,6.348,-17.273,-0.366,167.239,59.42,156.616
-0.508,0.106,-0.78,10.681,-9.949,-8.362,167.761,59.947,156.973
-1.145,0.15,-1.037,9.338,-36.194,10.071,168.096,61.326,156.714
-1.094,0.132,-1.133,38.879,45.41,27.344,168.591,61.068,155.858
-0.404,-0.081,-0.939,47.119,50.476,44.006,170.299,58.035,154.781
-0.299,-0.048,-0.74,23.621,-3.662,59.631,170.607,56.656,151.611
-0.5,0.062,-0.607,14.954,-26.55,50.72,169.964,57.09,147.678
-0.648,0.175,-0.599,19.592,-5.066,46.753,169.42,57.426,144.448
-0.459,0.125,-0.587,32.288,19.165,38.696,169.689,56.585,142.262
-0.417,-0.016,-0.66,35.095,23.987,29.053,170.837,55.294,140.751
-0.137,-0.034,-0.538,21.057,15.808,25.024,171.667,54.146,138.972
-0.465,0.061,-0.648,1.099,-40.405,24.597,171.672,54.728,136.604
-0.431,0.017,-0.708,24.414,5.188,8.728,171.958,55.355,134.72
-0.653,0.1,-1.099,14.343,-31.25,28.687,172.485,55.854,132.808
-0.586,0.053,-1.149,21.179,-24.231,29.846,172.59,56.816,130.023
-0.794,0.299,-1.08,22.888,-29.297,57.678,171.81,58.409,126.205
-0.632,0.334,-1.0,19.592,-27.039,84.351,170.607,58.667,121.229
-0.839,0.428,-1.057,36.987,-13.55,76.233,168.865,58.909,115.472
-0.706,0.256,-0.956,42.542,-4.944,54.077,168.739,58.568,111.286
-0.588,0.148,-0.842,42.908,-2.014,43.396,169.173,58.184,107.902
-0.495,0.114,-0.717,39.368,-4.211,46.997,169.794,57.892,104.689
-0.374,0.126,-0.591,40.894,-10.132,62.927,169.953,57.64,100.503
-0.425,0.182,-0.589,37.598,-23.315,77.698,169.475,57.777,95.268
-0.515,0.221,-0.632,39.978,-19.226,82.764,168.662,57.843,89.456
-0.632,0.27,-0.805,42.847,-16.113,79.59,167.871,57.788,83.562
-0.601,0.19,-0.881,43.335,-2.38,65.125,167.816,57.321,78.415
-0.592,0.23,-0.904,31.006,-9.827,81.299,167.377,56.777,73.141
-0.654,0.261,-0.845,32.532,-25.024,93.14,165.976,56.585,66.555
-0.546,0.125,-0.763,51.392,-12.939,66.65,165.778,56.31,60.699
-0.591,0.057,-0.687,52.49,-28.809,67.078,166.481,56.596,55.613
-0.75,0.02,-0.783,57.556,-3.784,80.444,167.08,56.618,49.872
-0.607,0.002,-0.828,60.669,30.945,97.717,167.866,54.899,43.802
-0.265,-0.028,-0.826,52.429,19.409,107.544,168.585,52.284,37.408
-0.378,0.102,-0.848,41.809,-22.949,102.112,168.503,51.224,30.652
-0.442,0.073,-0.795,48.035,-18.494,80.2,168.723,51.191,24.659
-0.537,0.066,-0.798,41.687,-30.945,64.026,169.294,51.608,19.655
-0.532,-0.059,-0.784,38.33,-14.587,42.786,170.173,52.147,15.683
-0.577,-0.082,-0.816,19.836,-18.372,33.081,170.931,52.657,12.794
-0.56,-0.003,-0.862,2.319,-3.235,30.09,170.826,52.905,10.179
-0.651,0.118,-0.994,-14.038,-6.653,21.545,170.25,52.921,8.223
-0.473,0.223,-0.951,-13.916,17.578,13.306,169.266,52.515,6.586
-0.181,0.293,-0.887,-13.794,9.399,6.104,168.69,51.586,5.779
-0.334,0.425,-0.836,-7.507,-36.682,20.203,167.717,52.262,4.345
-0.668,0.4,-0.876,14.709,-13.855,33.569,166.877,53.097,1.692
-0.441,0.308,-0.791,28.931,8.484,28.137,167.108,52.52,-0.72
-0.458,0.223,-0.827,33.02,-1.099,32.715,167.915,52.026,-2.972
-0.399,0.212,-0.795,30.029,2.625,36.072,168.503,51.553,-5.559
-0.341,0.246,-0.748,24.048,-10.01,39.062,168.81,51.246,-8.256
-0.46,0.299,-0.797,21.545,-16.296,40.833,168.701,51.504,-11.277
-0.436,0.333,-0.819,26.55,-4.7,34.912,168.728,51.548,-14.128
-0.389,0.326,-0.842,30.823,-13.0,33.936,169.091,51.504,-16.754
-0.494,0.274,-0.912,39.307,-14.709,26.611,169.706,51.905,-19.325
-0.495,0.182,-0.876,36.987,-21.729,28.931,170.717,52.46,-21.566
-0.596,0.042,-0.985,33.752,-28.992,27.527,171.447,53.438,-23.956
-0.477,-0.04,-0.94,10.315,-14.526,38.269,171.568,54.053,-26.312
-0.27,0.094,-0.742,12.756,-31.372,32.654,170.969,54.739,-28.795
-0.698,0.087,-0.771,25.635,-53.101,24.17,171.085,56.838,-30.943
-0.739,0.014,-0.831,38.574,5.432,25.391,172.068,57.448,-32.789
-0.539,-0.037,-0.864,37.537,33.63,34.363,173.353,56.151,-34.508
-0.237,-0.059,-0.848,25.452,23.193,43.945,174.1,54.355,-36.584
-0.273,0.015,-0.795,15.015,-13.733,37.659,174.084,53.992,-38.82
-0.479,0.031,-0.776,11.78,-21.362,21.912,174.133,54.717,-40.358
-0.398,-0.005,-0.691,12.085,-15.259,3.784,174.534,55.305,-41.105
-0.578,-0.006,-0.731,6.165,-27.1,-4.333,175.1,56.404,-41.171
-0.492,-0.088,-0.681,9.033,-5.859,-20.264,176.056,57.31,-40.545
-0.447,-0.087,-0.674,-4.333,-12.634,-10.742,177.028,57.816,-39.496
-0.408,-0.042,-0.635,-10.559,-11.047,-6.714,177.1,58.442,-39.062
-0.43,0.025,-0.612,-17.395,-24.841,-6.165,176.797,59.343,-38.71
-0.469,0.026,-0.663,-10.254,-14.893,-25.024,176.819,60.337,-37.881
-0.77,0.182,-0.827,-11.536,-32.837,-28.198,177.264,61.716,-36.409
-2.192,0.249,-2.306,-2.075,-7.812,-26.001,178.176,62.82,-34.931
-0.99,0.2,-1.187,-4.333,33.997,-5.249,178.391,62.106,-34.486
-0.671,0.285,-1.136,-5.737,39.429,7.08,178.033,60.2,-34.904
-0.521,0.234,-0.94,5.493,12.085,-4.7,177.913,59.062,-35.376
-0.529,0.094,-0.781,-1.953,1.099,-19.287,178.347,58.931,-34.931
-0.457,0.101,-0.637,-13.916,-9.46,-15.686,178.303,59.194,-34.277
-0.495,0.167,-0.597,-16.907,-9.216,-8.301,177.605,59.832,-34.156
-0.446,0.202,-0.581,-8.789,-0.244,-0.305,176.984,60.04,-34.398
-0.461,0.267,-0.63,-3.052,-2.197,19.226,175.995,60.046,-35.744
-0.494,0.266,-0.673,7.935,-1.587,27.344,174.968,59.996,-37.952
-0.423,0.233,-0.608,9.216,-18.494,20.264,174.15,60.337,-40.21
-0.503,0.202,-0.584,4.822,-27.161,13.672,173.447,61.359,-42.072
-0.528,0.189,-0.64,2.686,-20.203,10.071,172.722,62.529,-43.665
-0.806,0.217,-0.879,0.916,-22.644,12.085,172.04,63.402,-45.044
-0.812,0.121,-0.884,6.104,-6.531,12.39,171.359,64.083,-46.538
-0.917,0.07,-1.088,-3.784,-47.119,6.042,171.134,64.616,-47.384
-1.12,0.17,-0.994,4.395,17.151,17.883,170.134,66.05,-48.834
-0.786,0.084,-0.921,15.93,40.466,11.902,170.585,64.402,-49.384
-0.5,0.064,-0.862,15.442,49.622,19.653,171.244,61.974,-49.872
-0.314,0.075,-0.741,9.399,17.029,23.987,171.37,60.194,-50.834
-0.509,0.078,-0.722,9.338,-3.54,17.151,171.277,59.886,-51.921
-0.51,0.063,-0.667,11.353,5.92,7.263,171.508,59.705,-52.57
-0.536,0.006,-0.721,9.949,3.784,-7.935,172.408,59.425,-52.234
-0.588,-0.003,-0.785,5.493,-0.122,-13.0,173.348,59.431,-51.427
-0.448,-0.024,-0.669,3.54,4.456,-15.076,174.238,59.496,-50.46
-0.537,0.053,-0.683,-5.859,-7.324,-3.296,174.677,59.843,-49.752
-0.52,0.065,-0.693,-0.427,-0.366,-2.93,174.677,59.908,-49.724
-0.455,0.046,-0.69,-2.991,10.071,-4.211,174.957,59.683,-49.362
-0.323,0.006,-0.641,-8.667,-6.104,-6.226,175.001,59.474,-48.994
-0.414,0.045,-0.635,-17.334,-25.146,-4.944,174.611,60.315,-48.615
-0.649,0.164,-0.739,-18.372,-42.786,7.69,173.633,61.897,-48.862
-0.903,0.271,-0.916,-0.183,-16.113,10.925,172.458,63.452,-50.01
-1.111,0.37,-1.085,5.31,-0.427,22.217,171.595,64.138,-51.63
-1.052,0.349,-1.204,15.991,48.523,16.724,171.562,62.809,-52.833
-0.46,0.259,-1.057,19.653,54.321,0.671,172.315,59.985,-53.179
-0.377,0.146,-0.88,3.174,-2.502,-16.602,173.309,59.03,-52.427
-0.595,0.162,-0.809,-1.038,0.488,-10.559,173.507,59.398,-51.921
-0.382,0.15,-0.666,-2.686,-3.723,-8.179,173.639,59.293,-51.553
-0.492,0.171,-0.648,1.648,-7.263,-4.761,173.622,59.7,-51.526
-0.424,0.12,-0.62,5.615,1.526,-7.751,173.952,59.722,-51.4
-0.355,0.138,-0.582,4.578,2.93,0.793,174.183,59.601,-51.432
-0.339,0.197,-0.601,5.188,-15.808,14.954,173.952,59.744,-52.278
-0.553,0.243,-0.691,13.123,-11.475,27.283,173.232,60.37,-54.218
-0.39,0.205,-0.618,13.55,-18.494,18.616,172.82,60.721,-56.157
-0.512,0.19,-0.65,8.972,-38.94,11.78,172.365,61.996,-57.838
-0.78,0.147,-0.761,2.563,-44.434,1.77,171.925,63.885,-59.041
-0.91,0.092,-0.832,-1.526,-31.738,-5.249,171.508,65.962,-59.744
-1.325,0.054,-1.035,-7.08,-12.329,-25.024,171.914,67.297,-59.084
-0.938,-0.022,-0.989,-1.831,52.307,-37.231,173.611,66.281,-56.591
-0.534,-0.015,-0.938,-12.268,51.636,-13.733,174.803,63.847,-54.393
-0.311,0.049,-0.735,-16.785,17.212,-3.906,174.776,62.139,-53.476
-0.453,0.119,-0.651,-16.418,-20.203,0.183,174.062,62.391,-53.383
-0.678,0.093,-0.65,-10.193,-19.348,-13.489,173.688,63.452,-53.124
-0.655,0.025,-0.648,-3.662,3.296,-24.597,174.282,63.885,-51.932
-0.619,-0.029,-0.695,-1.648,12.573,-26.917,175.419,63.627,-50.24
-0.57,-0.058,-0.711,-1.892,6.592,-25.269,176.556,63.32,-48.554
-0.462,-0.104,-0.642,1.526,4.822,-22.461,177.814,63.188,-46.917
-0.492,-0.08,-0.587,-9.766,-12.512,-3.052,178.27,63.594,-46.099
-0.497,-0.008,-0.565,-11.719,-6.653,6.042,177.759,64.072,-46.247
-0.502,0.038,-0.598,-17.395,-5.676,12.878,176.819,64.352,-46.846
-0.503,0.078,-0.638,-20.142,-14.282,9.888,175.622,64.633,-47.527
-0.776,0.187,-0.771,-18.555,-24.841,2.441,174.238,65.671,-48.219
-0.775,0.226,-0.848,-4.883,0.183,-4.15,173.754,66.451,-48.307
-1.128,0.362,-1.053,0.916,-2.686,18.799,173.271,66.583,-49.016
-0.773,0.274,-1.002,17.7,39.307,14.282,173.106,65.231,-50.334
-0.724,0.302,-1.016,18.677,15.808,19.836,173.293,63.82,-51.449
-0.605,0.156,-0.842,18.921,16.724,10.803,173.562,62.836,-52.646
-0.641,0.137,-0.763,11.047,5.737,8.179,173.892,62.271,-53.317
-0.521,0.153,-0.665,8.179,11.23,12.634,173.837,61.749,-54.152
-0.432,0.138,-0.581,6.104,2.747,13.855,173.661,61.326,-55.091
-0.409,0.211,-0.558,5.676,6.531,20.386,173.123,61.035,-56.398
-0.279,0.228,-0.538,11.353,4.089,24.536,172.672,60.408,-57.969
-0.436,0.268,-0.592,20.569,-11.292,27.161,172.095,60.502,-60.194
-0.482,0.188,-0.608,22.217,-15.259,15.869,172.167,60.859,-61.974
-0.582,0.162,-0.667,18.616,-14.16,11.23,172.244,61.556,-63.419
-0.765,0.147,-0.796,9.888,-19.287,6.042,172.408,62.292,-64.248
-0.879,0.062,-0.964,-3.113,-31.006,4.15,172.326,63.386,-64.792
-1.181,0.197,-1.083,5.493,2.869,3.906,171.453,64.753,-65.731
-0.662,-0.056,-1.041,22.583,72.266,-30.151,173.535,62.65,-64.061
-0.229,-0.011,-1.037,-2.014,40.344,15.442,174.869,59.711,-62.699
-0.321,0.062,-0.839,-4.883,-24.231,15.93,174.078,59.095,-63.589
-0.666,0.098,-0.73,-2.686,-29.785,-6.775,173.842,60.507,-63.583
-0.636,0.083,-0.656,-0.183,-10.742,-3.479,174.018,61.331,-63.171
-0.578,0.013,-0.601,0.671,-5.188,-10.986,174.359,61.804,-62.721
-0.497,-0.015,-0.568,-9.216,-10.986,-13.123,174.738,62.238,-61.87
-0.73,0.049,-0.68,-10.071,1.831,-18.433,174.771,62.93,-60.958
-0.522,-0.034,-0.631,-6.836,16.235,-32.471,175.781,62.501,-58.969
-0.551,-0.012,-0.658,-15.015,6.958,-19.836,176.396,62.364,-57.167
-0.457,0.032,-0.628,-16.235,14.832,-6.653,176.232,61.886,-56.299
-0.417,0.1,-0.643,-15.137,8.728,0.916,175.748,61.37,-55.953
-0.468,0.126,-0.782,-10.071,7.568,3.052,175.111,60.958,-56.096
-0.558,0.132,-0.923,-13.611,3.845,-12.024,174.71,60.71,-55.783
-0.628,0.127,-0.983,-25.33,-16.479,-31.372,174.754,61.051,-54.13
-1.136,0.31,-1.212,-11.23,25.635,-26.245,174.337,61.804,-52.822
-0.611,0.251,-1.038,-10.132,47.18,-6.775,174.792,59.848,-51.515
-0.568,0.357,-1.027,0.122,20.386,4.028,174.326,58.189,-51.718
-0.453,0.177,-0.822,10.62,10.559,-8.728,174.738,57.426,-51.691
-0.387,0.099,-0.705,6.409,-7.263,-6.47,175.204,57.338,-51.548
-0.479,0.105,-0.646,-1.892,-14.16,-0.549,175.237,57.947,-51.625
-0.386,0.158,-0.561,-3.479,-6.897,11.475,174.732,58.376,-52.251
-0.407,0.237,-0.593,1.587,-7.202,24.658,173.853,58.53,-53.663
-0.435,0.293,-0.645,19.653,-4.028,40.894,173.04,58.524,-56.118
-0.371,0.236,-0.607,29.419,-24.963,47.729,172.441,58.804,-59.579
-0.495,0.174,-0.607,29.541,-35.278,30.945,172.128,60.029,-62.688
-0.708,0.136,-0.769,21.24,-32.593,21.179,172.084,61.337,-64.819
-0.894,0.089,-0.943,11.414,-32.349,15.625,171.931,62.595,-66.374
-0.93,0.064,-1.0,6.592,-6.592,4.089,171.766,63.413,-67.247
-0.994,0.083,-1.065,7.141,37.17,-6.165,172.293,63.018,-66.846
-0.617,0.0,-1.015,4.089,53.162,-4.211,173.304,60.683,-65.803
-0.406,0.072,-0.914,-8.667,13.794,9.827,173.359,59.057,-65.462
-0.477,0.121,-0.783,-1.16,-1.77,10.62,172.908,58.76,-65.792
-0.567,0.11,-0.762,4.211,-6.653,11.719,172.733,58.854,-66.286
-0.549,0.096,-0.703,9.155,-1.221,6.958,172.804,58.936,-66.775
-0.461,0.038,-0.612,12.878,-3.113,0.732,173.298,59.03,-66.94
-0.524,-0.0,-0.663,7.751,-4.944,-6.165,174.012,59.304,-66.693
-0.513,-0.051,-0.681,8.85,13.55,-17.212,174.985,59.271,-65.825
-0.408,-0.089,-0.661,-3.235,5.432,-17.09,176.039,58.892,-64.385
-0.455,-0.039,-0.639,-10.925,-11.719,-12.146,176.353,59.26,-63.237
-0.493,0.025,-0.641,-11.414,-10.681,-8.484,176.336,59.903,-62.386
-0.472,0.07,-0.713,-1.831,-11.292,-9.827,176.512,60.436,-61.666
-0.724,0.124,-0.886,-1.221,-21.423,2.625,176.578,61.43,-61.507
-0.646,0.107,-0.86,6.165,-1.709,5.31,176.616,62.012,-61.82
-1.013,0.222,-1.059,-1.526,-31.189,23.682,176.023,62.6,-62.908
-0.936,0.255,-1.019,6.47,26.062,39.673,174.792,62.413,-65.182
-0.6,0.256,-0.942,13.367,38.574,32.41,174.029,60.287,-67.341
-0.495,0.144,-0.869,12.573,15.564,12.268,174.029,59.008,-68.511
-0.437,0.098,-0.766,0.977,0.977,-10.254,174.342,58.59,-68.461
-0.535,0.109,-0.732,-4.333,-2.686,-6.653,174.529,58.81,-67.912
-0.419,0.152,-0.641,-4.578,10.071,8.85,174.232,58.513,-67.983
-0.314,0.196,-0.573,-1.892,-2.38,22.339,173.507,58.134,-68.972
-0.356,0.269,-0.631,0.488,-13.611,31.128,172.365,58.228,-70.878
-0.546,0.318,-0.732,11.108,-3.662,28.442,171.31,58.513,-73.18
-0.289,0.229,-0.623,12.085,-11.108,18.555,170.958,58.31,-74.938
-0.484,0.221,-0.618,9.521,-35.217,11.536,170.403,59.381,-76.635
-0.852,0.208,-0.847,6.958,-33.02,3.418,170.244,60.76,-77.64
-0.982,0.207,-1.016,14.526,-1.221,4.761,170.178,61.611,-78.492
-0.942,0.009,-1.159,11.719,3.845,-21.729,171.546,61.298,-77.574
-0.745,0.053,-1.122,15.625,49.866,-23.132,172.886,60.447,-75.992
-0.369,-0.102,-1.04,2.808,29.602,-18.494,174.738,58.579,-73.79
-0.387,0.073,-0.894,-13.306,-13.794,23.254,174.221,58.277,-73.79
-0.57,0.113,-0.789,-6.592,-21.79,22.095,172.936,59.079,-75.108
-0.528,0.109,-0.674,-2.258,-14.221,0.854,172.557,59.678,-75.394
-0.564,0.094,-0.624,5.31,-11.719,-10.986,172.881,60.364,-74.938
-0.523,-0.004,-0.579,8.606,-4.15,-21.851,174.062,60.864,-73.652
-0.614,0.007,-0.65,4.272,-2.38,-15.381,175.111,61.32,-72.383
-0.398,-0.113,-0.611,12.573,24.292,-33.203,176.567,60.996,-70.692
-0.542,-0.125,-0.673,-12.39,-2.014,-27.588,178.11,60.738,-68.214
-0.405,-0.082,-0.605,-3.357,5.432,-40.1,179.105,60.76,-65.83
-0.51,-0.06,-0.63,-11.963,-13.916,-28.259,-179.566,61.128,-63.111
-0.428,-0.006,-0.604,-9.399,-1.953,-15.625,-179.16,61.501,-61.529
-0.539,0.069,-0.772,-7.935,-12.146,-14.343,-178.912,61.826,-60.364
-0.875,0.089,-1.059,4.15,-14.526,-20.081,-178.341,62.573,-59.233
-1.039,-0.011,-1.092,1.404,-11.78,-25.757,-177.133,63.007,-57.706
-0.878,0.087,-1.122,-17.334,16.785,0.854,-177.039,62.584,-56.86
-0.684,0.208,-1.083,-8.179,26.001,20.996,-178.594,61.458,-58.167
-0.435,0.17,-0.936,1.038,2.808,-3.296,-179.033,60.672,-58.683
-0.502,0.054,-0.778,4.761,-14.282,-14.587,-178.654,61.057,-58.233
-0.535,0.01,-0.667,-10.01,-22.034,-11.047,-178.418,61.919,-57.458
-0.584,0.105,-0.651,-12.878,-5.676,0.122,-179.088,62.551,-57.36
-0.498,0.161,-0.627,-11.108,-6.348,12.268,179.995,62.666,-57.898
-0.529,0.203,-0.625,0.671,-8.789,21.606,178.786,63.001,-59.381
-0.579,0.206,-0.629,5.493,-13.977,24.109,177.709,63.506,-61.386
-0.478,0.15,-0.552,9.521,-9.155,12.329,177.067,63.968,-63.056
-0.58,0.159,-0.634,11.536,-9.949,12.756,176.721,64.435,-64.352
-0.554,0.097,-0.652,14.832,-0.122,10.742,176.699,64.605,-65.451
-0.522,0.071,-0.721,13.489,-7.385,18.005,176.655,64.605,-66.566
-0.877,0.112,-0.861,10.559,-32.776,25.574,176.083,65.517,-68.209
-0.645,0.009,-0.729,14.16,-22.156,19.409,175.589,66.533,-69.868
-1.225,0.079,-0.896,8.911,-30.151,23.926,174.853,68.291,-71.543
-1.073,0.011,-0.94,18.311,31.311,14.404,174.853,67.824,-72.592
-0.69,-0.054,-0.848,15.686,49.011,12.451,175.578,65.555,-72.74
-0.442,-0.071,-0.733,0.122,24.292,16.907,175.671,63.798,-73.01
-0.472,0.047,-0.646,-5.981,-0.122,20.996,174.908,63.342,-73.658
-0.54,0.073,-0.595,-0.183,-14.038,15.747,174.166,63.688,-74.465
-0.62,0.062,-0.6,5.432,-16.418,7.141,174.034,64.413,-74.822
-0.699,0.043,-0.627,10.681,-0.61,6.897,174.227,64.885,-75.064
-0.656,0.003,-0.661,12.329,-0.488,0.0,174.825,64.841,-74.954
-0.58,-0.037,-0.606,11.475,-6.042,-2.93,175.655,65.127,-74.504
-0.556,-0.039,-0.542,7.751,-20.02,5.493,176.166,65.918,-74.279
-0.65,0.002,-0.62,5.615,-8.606,18.066,176.127,66.797,-74.691
-0.485,0.057,-0.611,7.324,1.038,37.354,175.353,66.775,-76.179
-0.779,0.157,-0.866,9.888,-14.404,40.344,174.106,66.945,-78.448
-0.721,0.216,-0.817,25.024,-10.681,46.204,172.941,67.198,-81.189
-1.024,0.26,-0.927,32.776,-17.517,54.26,171.92,67.692,-84.545
-0.806,0.226,-0.812,31.677,-12.878,64.941,170.766,67.659,-88.484
-0.951,0.357,-0.845,30.64,-8.606,70.374,168.816,67.604,-93.159
-0.766,0.293,-0.738,49.866,8.057,50.903,168.212,66.736,-96.844
-0.614,0.165,-0.647,58.35,8.972,47.119,168.959,65.77,-99.591
-0.569,0.138,-0.631,56.335,4.028,53.467,169.601,64.962,-102.563
-0.522,0.133,-0.592,50.11,-5.615,58.716,169.827,64.484,-105.892
-0.545,0.148,-0.608,43.213,-12.512,57.678,169.574,64.38,-109.396
-0.849,0.278,-0.804,36.621,-14.954,65.247,168.86,64.418,-113.044
-0.788,0.207,-0.838,55.42,6.958,57.495,168.679,63.754,-116.598
-0.698,0.171,-0.864,61.157,10.925,69.885,169.2,62.644,-119.844
-0.531,0.022,-0.734,68.237,7.141,77.698,169.711,61.469,-123.81
-0.39,-0.144,-0.634,58.472,-18.372,69.946,170.343,60.892,-127.606
-0.785,-0.058,-0.704,38.208,-31.128,64.148,170.217,61.848,-131.061
-0.746,-0.011,-0.737,45.288,2.38,65.186,170.156,61.952,-133.956
-0.654,-0.003,-0.758,54.077,20.813,71.533,170.387,60.952,-136.939
-0.469,-0.041,-0.766,51.636,9.888,75.623,170.942,59.579,-139.949
-0.477,-0.034,-0.738,47.241,-6.165,71.472,171.129,59.008,-143.24
-0.477,-0.035,-0.715,39.551,-17.822,63.843,171.326,59.09,-146.118
-0.7,0.016,-0.813,33.813,-25.513,61.096,171.145,59.826,-148.92
-0.742,0.026,-0.84,27.893,-21.79,52.612,170.848,60.54,-151.419
-0.888,0.102,-0.944,21.667,-13.367,37.537,170.568,61.144,-153.177
-0.58,0.087,-0.797,23.743,11.963,16.174,170.964,61.013,-153.704
-0.316,0.103,-0.721,15.869,3.479,11.047,171.887,60.408,-153.221
-0.6,0.203,-0.754,13.794,-23.987,32.288,171.639,61.024,-154.265
-0.691,0.216,-0.808,27.344,4.883,34.424,171.535,61.013,-155.792
-0.58,0.173,-0.812,38.147,23.132,39.246,171.953,59.87,-157.385
-0.371,0.12,-0.782,36.194,7.568,50.232,172.436,58.612,-159.346
-0.406,0.158,-0.71,32.532,-18.311,65.43,172.161,58.337,-162.46
-0.532,0.192,-0.679,29.541,-28.259,69.031,171.266,58.854,-166.399
-0.615,0.246,-0.764,27.71,-18.555,72.388,170.145,59.222,-170.403
-0.764,0.348,-0.9,34.424,-3.052,73.12,168.904,59.068,-174.507
-0.619,0.216,-0.961,43.701,-2.502,58.96,168.728,58.211,-177.786
-0.699,0.158,-0.917,41.443,-12.756,61.157,168.772,58.013,179.121
-0.583,0.079,-0.849,48.401,3.967,58.105,169.008,57.585,176.144
-0.316,-0.005,-0.662,48.157,-4.761,56.58,169.772,56.986,173.595
-0.574,0.038,-0.696,45.105,-39.612,59.326,170.151,57.717,170.436
-0.765,-0.057,-0.758,59.082,5.493,46.448,171.211,58.096,168.047
-0.604,-0.141,-0.783,50.354,23.56,45.715,172.798,57.096,166.794
-0.411,-0.143,-0.808,35.828,18.555,55.237,173.661,55.811,165.229
-0.391,-0.096,-0.76,26.489,-10.01,51.819,173.963,55.481,163.021
-0.673,-0.04,-0.776,26.672,-23.315,48.95,174.018,56.25,160.444
-0.547,-0.15,-0.779,27.283,-2.38,31.433,174.622,56.602,159.0
-0.47,-0.143,-0.776,4.761,-16.907,19.714,175.073,56.931,157.95
-0.65,-0.095,-0.912,-6.104,-13.916,-1.587,175.111,57.7,157.286
-0.806,0.021,-0.928,-19.653,-3.54,-10.803,175.001,58.491,158.148
-0.487,0.054,-0.899,-20.264,31.311,-21.912,175.034,57.903,160.087
-0.114,0.133,-0.81,-21.973,7.874,-22.644,174.99,56.722,161.757
-0.544,0.255,-0.859,-30.884,-36.438,10.498,173.903,57.711,161.587
-0.643,0.254,-0.894,-9.033,8.362,-0.305,172.491,58.167,160.752
-0.461,0.22,-0.861,-2.808,17.761,-17.822,172.623,57.475,161.68
-0.307,0.173,-0.828,2.563,9.155,-19.165,173.145,56.799,162.801
-0.333,0.118,-0.781,-4.883,-19.409,-21.79,173.639,57.129,163.757
-0.477,0.139,-0.698,-9.888,-20.752,-12.878,173.589,58.156,164.29
-0.549,0.205,-0.743,-7.08,-3.113,-0.977,173.128,58.612,164.405
-0.475,0.221,-0.736,1.77,0.732,4.822,172.919,58.469,164.416
-0.503,0.214,-0.741,8.362,-6.042,15.991,172.667,58.453,163.801
-0.521,0.204,-0.713,11.353,-15.076,17.029,172.365,58.755,162.828
-0.661,0.19,-0.717,8.606,-17.395,13.0,172.112,59.535,162.015
-0.528,0.185,-0.681,5.859,-8.118,3.784,172.002,59.903,161.856
-0.493,0.173,-0.685,5.798,-17.517,-4.089,172.084,60.623,162.114
-0.671,0.184,-0.792,3.906,-25.94,1.404,172.101,61.793,162.279
-0.827,0.222,-0.863,6.47,-15.076,5.615,171.87,62.858,162.114
-0.692,0.15,-0.893,15.442,-5.371,-0.671,172.233,63.149,162.301
-0.826,0.095,-0.897,19.47,-11.719,-1.038,172.963,63.853,162.598
-0.788,0.019,-0.823,21.484,-5.615,-4.15,174.067,64.33,163.18
-0.71,0.015,-0.837,14.954,20.02,3.418,175.122,63.973,163.878
-0.495,0.014,-0.765,13.794,23.865,4.395,175.77,62.897,164.202
-0.362,-0.045,-0.718,9.827,7.08,-4.028,176.589,62.023,164.592
-0.553,-0.037,-0.768,0.122,-11.475,-1.343,176.995,62.32,164.691
-0.473,-0.086,-0.706,4.028,-0.305,-12.512,177.578,62.518,165.179
-0.599,-0.084,-0.775,-3.418,-14.404,-8.667,178.275,62.748,165.789
-0.672,-0.107,-0.762,1.892,-1.282,-11.23,178.879,63.177,166.514
-0.455,-0.116,-0.625,-7.08,-5.737,-0.916,179.313,63.232,167.25
-0.606,-0.009,-0.617,-13.794,-4.883,8.789,178.687,63.699,167.151
-0.456,0.013,-0.539,-14.282,1.221,3.235,178.022,63.677,167.465
-0.6,0.046,-0.624,-16.846,7.324,-3.784,177.407,63.655,168.162
-0.373,-0.004,-0.59,-23.071,10.071,-16.785,177.27,63.04,169.81
-0.612,0.121,-0.746,-27.71,-16.418,-10.132,176.512,63.474,170.942
-0.817,0.231,-0.887,-19.287,-0.671,1.526,175.573,64.05,171.562
-1.009,0.353,-1.067,-2.258,8.423,14.771,174.617,63.616,171.37
-0.648,0.259,-1.048,6.226,42.908,18.799,174.287,62.018,170.914
-0.633,0.307,-1.107,10.864,16.235,10.437,173.985,60.436,170.206
-0.508,0.127,-0.89,7.141,-1.16,-11.414,174.479,59.865,170.283
-0.593,0.123,-0.77,-9.399,-28.442,-14.282,174.721,60.71,170.876
-0.66,0.181,-0.683,-12.878,-13.855,-11.169,174.331,61.853,171.414
-0.523,0.23,-0.589,-6.836,2.258,-2.93,173.974,62.007,172.007
-0.483,0.243,-0.576,4.333,9.155,10.132,173.546,61.672,171.892
-0.469,0.222,-0.584,11.963,4.089,14.893,173.326,61.216,171.337
-0.486,0.208,-0.597,17.517,3.601,19.104,173.134,60.936,170.403
-0.569,0.201,-0.634,18.005,-4.15,15.869,173.084,60.925,169.519
-0.48,0.172,-0.627,16.785,5.859,14.099,173.205,60.688,168.942
-0.349,0.118,-0.597,14.526,-9.094,7.263,173.359,60.716,168.47
-0.707,0.11,-0.845,6.897,-30.151,0.793,173.485,61.776,168.162
-0.816,0.104,-0.939,0.183,-19.348,5.493,173.342,62.732,167.975
-0.806,0.056,-1.012,-1.099,-15.198,-2.319,173.134,63.561,167.953
-1.0,0.093,-1.073,5.127,11.475,-11.108,173.441,64.138,168.651
-0.723,0.023,-0.995,9.583,33.936,-8.789,174.578,62.99,170.046
-0.531,0.042,-0.961,4.883,25.452,9.216,175.193,61.463,170.513
-0.432,0.08,-0.821,7.324,8.179,17.09,175.155,60.502,169.689
-0.489,0.089,-0.739,9.338,-11.963,16.418,175.007,60.392,168.316
-0.572,0.054,-0.697,11.414,-9.949,6.653,175.111,60.848,167.278
-0.506,-0.001,-0.654,11.536,-6.592,-3.723,175.721,61.128,167.124
-0.714,-0.016,-0.755,12.329,-5.676,-11.597,176.666,61.606,167.728
-0.623,-0.063,-0.721,14.038,-0.305,-14.404,178.061,61.677,169.091
-0.631,-0.086,-0.711,11.658,0.122,-3.601,179.143,61.941,170.107
-0.573,-0.061,-0.687,7.202,3.601,10.01,179.621,61.842,170.321
-0.556,-0.002,-0.685,6.104,5.798,10.437,179.615,61.716,170.134
-0.494,-0.049,-0.639,6.165,11.353,4.761,179.94,61.238,170.272
-0.586,-0.082,-0.629,-9.766,25.269,-5.127,179.912,60.623,170.865
-0.604,0.025,-0.702,-16.113,8.667,-10.803,179.709,59.881,172.299
-0.422,-0.01,-0.748,1.343,26.367,-5.737,179.874,59.062,173.622
-0.222,-0.028,-0.684,-4.639,-10.742,19.714,179.714,58.568,173.243
-0.708,0.096,-0.785,-9.766,-37.292,24.353,178.539,59.892,171.156
-0.662,0.06,-0.724,-10.193,-8.057,4.272,177.517,60.985,170.162
-0.984,0.343,-0.913,-9.216,-23.499,19.104,176.506,61.705,169.772
-0.963,0.226,-1.11,25.391,50.537,18.005,176.204,61.117,169.074
-0.365,0.165,-1.154,24.719,47.791,24.841,176.754,58.184,168.387
-0.341,0.046,-1.035,18.738,-0.854,5.31,177.308,56.959,167.228
-0.495,0.022,-0.89,4.15,-23.987,-6.958,177.819,57.629,166.685
-0.541,0.036,-0.78,-4.15,-20.508,-6.653,177.83,58.656,166.278
-0.539,0.046,-0.681,-10.376,-16.785,-7.263,177.665,59.491,166.185
-0.482,0.126,-0.609,-11.047,-9.338,5.249,177.028,60.013,165.855
-0.51,0.13,-0.6,-2.991,-7.568,10.498,176.347,60.375,165.212
-0.522,0.179,-0.618,1.16,-3.54,18.616,175.655,60.551,164.35
-0.509,0.219,-0.634,7.874,-2.197,29.297,174.853,60.546,162.96
-0.463,0.208,-0.627,14.893,-8.972,27.283,174.183,60.656,161.318
-0.513,0.225,-0.631,15.015,-21.057,22.888,173.661,61.287,159.73
-0.631,0.162,-0.705,13.916,-17.273,2.136,173.535,62.205,158.769
-0.904,0.156,-0.888,8.362,-7.874,-13.916,174.056,62.996,159.236
-0.669,0.017,-0.914,10.132,21.24,-35.156,175.397,62.809,161.087
-0.979,0.085,-1.034,5.92,25.574,-40.955,177.089,62.721,163.757
-0.447,-0.149,-0.896,18.005,41.443,-60.303,179.956,60.628,167.454
-0.456,-0.213,-0.958,-7.385,21.912,-31.921,-177.852,59.183,170.112
-0.447,-0.039,-0.87,-18.494,12.817,-6.653,-177.979,58.26,170.162
-0.372,0.001,-0.741,-13.977,-4.333,-7.08,-178.434,57.838,169.601
-0.629,0.043,-0.743,-7.141,-12.085,-9.521,-178.621,58.398,169.371
-0.562,-0.02,-0.75,2.075,17.334,-14.404,-178.193,58.079,170.024
-0.481,-0.102,-0.723,0.732,6.348,-25.146,-177.391,57.541,171.277
-0.495,-0.144,-0.752,-4.456,15.686,-28.87,-176.495,57.036,173.018
-0.539,-0.178,-0.8,-10.254,14.16,-27.954,-175.825,56.294,174.814
-0.38,-0.189,-0.723,-16.968,20.142,-26.123,-175.501,55.371,176.534
-0.446,-0.15,-0.76,-24.597,2.258,-18.005,-175.677,54.816,177.589
-0.398,-0.09,-0.722,-22.583,18.372,-14.221,-176.182,54.283,178.528
-0.29,-0.072,-0.635,-21.423,2.502,-6.592,-176.765,53.806,179.105
-0.343,-0.066,-0.547,-26.245,-18.188,-6.165,-177.534,54.179,179.225
-0.727,0.018,-0.732,-29.541,-19.653,3.723,-178.621,55.179,179.626
-0.672,0.087,-0.895,-19.592,16.357,7.568,-179.967,55.272,-179.989
-1.053,0.299,-1.325,-24.841,48.828,34.851,178.412,53.828,179.572
-0.209,0.263,-1.219,-7.935,85.754,38.635,176.929,49.752,178.253
-0.086,0.39,-1.18,-6.592,15.686,32.349,175.688,47.054,176.166
-0.402,0.23,-1.052,11.353,3.296,-0.61,175.419,46.708,174.749
-0.295,0.083,-0.864,2.258,3.235,-2.563,175.71,46.346,174.38
-0.458,0.137,-0.852,-9.399,1.892,4.761,175.226,46.291,173.721
-0.34,0.155,-0.833,-9.338,24.109,6.409,174.633,45.494,173.326
-0.215,0.192,-0.808,-7.08,4.395,11.292,174.045,44.753,172.705
-0.226,0.235,-0.804,-2.075,2.502,20.813,173.408,44.456,171.42
-0.235,0.265,-0.803,2.563,-3.845,24.841,172.87,44.308,169.733
-0.222,0.257,-0.802,11.169,-7.568,29.663,172.59,44.258,167.827
-0.268,0.227,-0.795,13.0,-11.292,30.64,172.408,44.429,165.652
-0.274,0.195,-0.721,9.094,-17.883,29.419,172.194,44.819,163.597
-0.301,0.201,-0.702,7.69,-20.569,15.869,171.909,45.478,161.834
-0.286,0.165,-0.701,9.216,-20.02,5.859,171.942,46.324,160.884
-0.605,0.21,-1.005,8.301,-28.992,2.747,172.057,47.466,160.197
-0.613,0.192,-1.074,17.822,17.822,7.019,172.397,48.005,159.901
-0.301,0.06,-1.239,14.893,-7.874,-4.944,173.375,47.241,160.126
-0.863,0.137,-1.317,16.235,5.005,-1.953,173.864,48.29,159.802
-0.326,-0.033,-1.165,18.188,38.757,-11.292,175.237,46.868,160.598
-0.128,-0.017,-1.017,2.136,4.456,6.042,175.968,45.665,160.472
-0.291,0.054,-0.848,-6.348,-26.123,11.658,175.677,46.241,159.0
-0.464,0.127,-0.793,-3.54,-17.273,6.531,175.226,47.219,157.676
-0.493,0.123,-0.797,6.226,4.15,-1.709,175.391,47.428,157.385
-0.392,0.064,-0.794,13.611,16.113,-7.446,176.094,46.923,157.791
-0.254,-0.001,-0.738,15.564,-1.404,-5.127,177.045,46.631,158.242
-0.544,-0.056,-0.836,18.677,2.014,-20.691,178.198,47.032,158.912
-0.309,-0.144,-0.738,6.958,26.917,-25.33,179.506,46.208,160.604
-0.355,-0.099,-0.754,-6.409,17.578,-25.513,-179.89,45.417,162.037
-0.242,-0.085,-0.681,-15.137,17.578,-24.231,-179.676,44.506,163.553
-0.331,-0.071,-0.688,-22.461,15.747,-24.841,-179.923,44.0,164.817
-0.374,0.023,-0.73,-22.4,35.767,-13.977,179.467,43.006,166.157
-0.056,0.0,-1.061,-12.756,36.194,-15.503,179.055,41.111,167.234
-0.15,0.104,-1.109,-23.56,-17.456,-10.132,178.473,40.765,167.465
-0.675,0.333,-1.316,-22.278,12.451,16.968,177.171,41.309,166.761
-0.062,0.264,-1.348,0.305,74.524,10.559,176.545,38.507,166.223
0.233,0.271,-1.32,-8.728,28.015,4.211,176.21,35.656,165.767
0.112,0.209,-1.027,-6.104,-25.452,-9.277,175.726,35.425,165.284
-0.155,0.157,-0.834,-8.179,-52.124,-10.315,175.204,37.381,164.762
-0.379,0.153,-0.787,-8.972,-38.696,-7.446,174.661,39.512,164.339
-0.343,0.169,-0.727,-7.996,-6.409,3.906,174.144,40.336,164.059
-0.31,0.207,-0.755,-5.249,0.549,14.282,173.529,40.309,163.46
-0.229,0.212,-0.774,-0.732,12.085,17.578,173.117,39.875,162.85
-0.21,0.262,-0.788,-0.122,-6.104,31.799,172.579,39.6,161.576
-0.243,0.285,-0.773,4.517,-5.493,38.879,172.073,39.628,159.785
-0.177,0.297,-0.752,9.949,-14.038,36.133,171.656,39.76,157.78
-0.415,0.291,-0.852,16.724,1.709,29.968,171.645,40.139,156.116
0.005,0.188,-0.803,23.376,12.695,2.747,172.315,39.221,155.638
-0.202,0.178,-1.025,8.606,-25.818,-0.122,172.864,39.611,155.352
-0.336,0.149,-1.077,10.559,-10.925,-11.719,173.221,40.655,155.264
-0.592,0.103,-1.353,4.822,-42.725,-16.174,173.848,41.523,155.792
-0.557,0.042,-1.337,19.836,41.748,-18.738,174.578,42.034,156.434
0.058,-0.143,-1.218,15.991,27.771,-18.86,176.166,40.067,157.994
-0.061,-0.012,-0.985,-13.916,-34.912,21.179,176.276,40.073,157.341
-0.338,0.138,-0.771,-13.489,-51.514,21.912,175.215,42.045,155.16
-0.509,0.169,-0.752,0.977,-31.555,5.371,174.771,43.896,154.023
-0.553,0.134,-0.772,12.146,2.991,4.028,175.122,44.495,154.045
-0.296,0.025,-0.735,17.761,19.836,5.31,175.891,43.83,154.44
-0.336,0.03,-0.847,14.221,13.0,5.005,176.561,43.22,154.616
-0.247,-0.037,-0.884,18.616,25.024,-9.644,177.583,42.363,155.215
-0.127,-0.097,-0.82,8.972,4.456,-15.869,178.632,41.649,156.05
-0.343,-0.069,-0.77,-0.061,-12.573,-19.47,179.171,42.198,156.687
-0.293,-0.079,-0.688,-4.333,4.211,-12.939,179.572,42.341,157.566
-0.301,0.033,-0.775,-7.996,0.061,-2.441,179.302,42.506,157.874
-0.175,-0.023,-0.769,-8.179,0.488,-0.488,179.247,42.429,158.203
-0.324,0.057,-1.021,-9.155,-10.559,-0.549,178.824,42.737,158.022
-0.394,0.089,-1.16,0.366,3.174,-5.737,178.605,43.132,158.071
-0.411,0.142,-1.177,-4.761,-11.353,20.264,178.715,42.907,158.0
-0.406,0.142,-1.353,10.681,33.142,14.832,178.489,42.484,156.846
0.044,0.12,-1.23,3.906,13.733,13.0,178.72,40.798,156.198
-0.203,0.061,-1.057,-2.319,-28.687,-7.019,178.632,41.237,155.594
-0.249,0.074,-0.869,-15.076,-29.724,-6.897,178.248,42.479,155.594
-0.397,0.153,-0.833,-18.616,-32.898,-2.319,177.303,43.989,155.369
-0.396,0.217,-0.769,-13.428,-13.794,10.437,176.369,44.951,155.078
-0.292,0.239,-0.681,-3.357,-10.62,19.409,175.518,45.346,154.254
-0.31,0.238,-0.656,7.385,-6.958,22.217,175.04,45.725,153.292
-0.269,0.203,-0.673,14.282,2.625,27.771,174.924,45.582,152.21
-0.223,0.218,-0.656,13.184,-6.592,34.973,174.738,45.423,150.672
-0.35,0.247,-0.718,16.418,-12.329,31.616,174.54,45.747,149.008
-0.359,0.19,-0.832,20.996,-8.911,32.227,174.562,46.011,147.508
-0.379,0.084,-1.061,21.729,-2.075,14.771,174.979,46.005,146.382
-0.555,0.057,-1.229,4.639,-16.541,9.705,175.243,46.456,145.728
-0.568,0.008,-1.137,-1.709,-6.348,-5.371,175.254,47.065,145.536
-0.568,0.016,-1.13,-3.235,16.357,-15.198,175.358,47.181,146.19
-0.338,0.018,-1.091,-2.808,12.39,-7.446,175.627,46.406,147.003
-0.314,-0.022,-1.004,-1.892,-1.587,7.874,175.776,46.137,146.926
-0.383,0.09,-0.949,-1.099,-12.695,24.597,175.408,46.406,145.673
-0.35,0.087,-0.847,4.517,-11.047,27.588,175.128,46.719,143.998
-0.48,0.112,-0.828,8.728,-18.616,15.198,175.018,47.439,142.614
-0.472,0.02,-0.766,15.015,-2.686,-2.747,175.704,47.911,142.509
-0.41,-0.035,-0.733,8.179,2.075,1.77,176.353,48.005,142.69
-0.343,-0.047,-0.716,4.822,5.066,-1.099,176.814,47.944,142.844
-0.36,-0.005,-0.708,-1.648,-3.357,7.629,176.957,47.977,142.597
-0.404,-0.016,-0.744,5.188,2.38,-7.69,177.204,48.12,142.548
-0.34,-0.053,-0.691,-1.038,-8.911,-7.385,177.742,48.373,143.031
-0.417,-0.052,-0.741,-0.732,-13.916,-11.414,178.022,49.169,143.339
-0.314,-0.045,-0.708,-4.883,-11.108,-1.648,178.297,49.807,143.674
-0.47,0.024,-0.876,-7.69,-20.508,1.404,178.176,50.543,143.399
-0.652,0.088,-1.083,1.099,-6.531,-0.305,178.099,51.345,143.256
-0.589,0.17,-1.214,-0.488,-3.784,17.517,178.006,51.465,142.872
-0.596,0.18,-1.154,8.362,-3.357,27.344,177.638,51.636,141.636
-0.539,0.209,-1.151,8.972,-1.831,37.048,177.171,51.597,139.839
-0.401,0.166,-1.015,12.207,-3.357,29.48,176.77,51.46,137.895
-0.448,0.148,-0.892,10.925,-21.057,23.926,176.534,51.921,136.313
-0.512,0.162,-0.792,17.578,-13.062,31.494,176.396,52.63,134.731
-0.454,0.197,-0.667,34.851,-7.141,61.707,176.292,52.784,131.99
-0.421,0.281,-0.646,55.603,-6.165,87.708,176.331,52.674,127.787
-0.499,0.176,-0.664,83.557,-0.488,103.821,177.05,52.471,122.454
-0.359,-0.005,-0.642,73.364,10.254,90.82,178.198,51.768,117.29
-0.353,-0.025,-0.648,39.734,-11.719,74.829,178.731,51.663,112.709
-0.423,0.082,-0.67,23.56,-4.456,53.223,178.429,52.07,108.649
-0.368,0.239,-0.807,36.194,-5.188,26.611,178.824,52.207,106.155
-0.608,0.03,-1.173,47.913,-16.479,44.983,-179.863,52.421,103.859
-0.863,-0.155,-1.287,27.832,-23.01,41.504,-179.489,53.201,100.289
-0.625,-0.209,-1.052,13.977,12.207,29.114,-179.407,53.586,97.185
-0.688,-0.086,-1.04,0.977,-2.93,40.344,-179.984,53.41,94.037
-0.662,-0.165,-1.019,14.587,35.461,34.424,179.758,52.603,90.758
-0.326,-0.149,-0.856,9.583,35.278,59.204,179.594,50.581,87.034
-0.215,-0.061,-0.715,0.427,0.061,75.806,178.555,49.384,82.128
-0.413,0.075,-0.68,4.7,-39.612,75.623,177.116,50.092,76.866
-0.595,0.099,-0.636,22.034,-27.039,67.688,176.078,51.515,71.614
-0.675,0.059,-0.717,36.255,-13.184,52.002,176.27,52.213,67.072
-0.784,-0.018,-0.854,42.847,11.841,52.063,177.188,52.18,62.82
-0.539,-0.103,-0.886,32.288,12.695,43.823,178.127,51.438,58.826
-0.7,-0.067,-0.979,16.541,0.122,41.199,178.544,51.367,55.377
-0.435,-0.043,-0.988,20.508,39.612,44.556,178.693,50.224,51.866
-0.077,0.037,-0.936,25.818,34.668,60.425,178.885,48.038,48.17
-0.104,0.028,-0.837,25.574,-19.653,75.928,178.978,47.428,43.901
-0.562,0.136,-0.937,23.376,-27.832,80.261,178.264,48.647,38.892
-0.519,0.043,-0.98,39.307,19.653,51.819,178.539,48.252,34.805
-0.232,-0.054,-0.901,31.982,11.353,54.932,179.445,47.12,31.613
-0.328,0.025,-0.846,19.348,-14.16,71.899,179.385,47.005,27.559
-0.422,0.12,-0.779,20.386,-14.099,71.472,178.824,47.532,23.082
-0.457,0.097,-0.832,26.001,-6.226,66.772,178.555,47.823,18.754
-0.375,0.098,-0.85,26.367,2.075,70.312,178.363,47.697,14.409
-0.335,0.09,-0.937,21.79,-4.395,73.242,178.061,47.483,9.992
-0.351,0.12,-0.965,22.4,-10.681,75.134,177.457,47.587,5.394
-0.465,0.125,-0.998,12.878,-23.865,78.857,176.726,48.021,0.873
-0.585,0.168,-1.015,12.756,-21.484,74.402,175.485,48.735,-3.928
-0.526,0.084,-0.934,22.583,-0.183,57.007,174.968,48.867,-7.927
-0.331,0.036,-0.801,24.719,-2.441,59.692,174.88,48.571,-11.53
-0.367,-0.028,-0.759,24.841,-23.621,58.899,174.935,48.878,-15.106
-0.592,0.024,-0.855,30.701,-8.606,64.453,174.869,49.477,-18.957
-0.505,-0.035,-0.886,34.424,12.634,60.303,175.408,48.917,-22.484
-0.392,-0.037,-0.893,33.752,17.761,58.838,176.006,47.862,-25.807
-0.257,-0.07,-0.844,26.306,-0.488,49.805,176.638,47.219,-28.68
-0.476,-0.006,-0.861,21.118,-13.855,42.542,176.902,47.703,-31.256
-0.365,-0.038,-0.823,18.433,-7.935,35.461,177.308,47.994,-33.371
-0.415,-0.042,-0.825,15.564,-19.165,21.362,177.649,48.642,-35.041
-0.385,-0.093,-0.815,10.315,-17.883,-4.333,178.336,49.504,-35.541
-0.669,-0.062,-1.033,-2.502,-30.701,-21.301,179.099,50.784,-34.766
-0.507,-0.05,-0.939,-0.488,11.902,-48.34,179.989,51.548,-33.014
-0.155,0.014,-0.833,-17.334,8.667,-46.387,-179.0,50.916,-30.218
-0.388,0.087,-0.89,-25.696,-36.133,-32.837,-179.066,51.592,-28.092
-0.651,0.104,-0.998,-17.09,1.221,-41.016,-179.209,52.625,-26.175
-0.454,0.094,-1.018,-8.667,20.691,-31.677,-178.896,51.855,-24.329
-0.312,0.079,-0.947,-5.493,12.451,-13.123,-178.737,50.938,-23.379
-0.335,0.131,-0.848,0.0,0.061,-0.427,-178.907,50.685,-23.373
-0.319,0.093,-0.755,8.484,-3.113,-1.587,-178.759,50.647,-23.544
-0.351,0.044,-0.743,7.629,-2.563,-2.197,-178.434,50.746,-23.681
-0.325,0.057,-0.752,7.446,2.319,0.488,-178.16,50.603,-23.813
-0.257,0.066,-0.717,9.094,-11.963,16.663,-178.132,50.751,-24.593
-0.446,0.085,-0.762,8.057,-26.001,27.1,-178.44,51.713,-26.098
-0.433,0.102,-0.7,9.705,-18.127,27.588,-178.901,52.696,-28.01
-0.507,0.108,-0.713,11.23,-21.423,18.433,-179.182,53.69,-29.685
-0.693,0.11,-0.914,14.404,-16.479,13.184,-179.16,54.641,-30.981
-0.682,0.013,-0.966,17.578,-3.296,10.986,-178.781,55.074,-32.047
-0.895,-0.011,-1.202,19.287,11.536,15.198,-178.369,55.184,-33.157
-0.525,-0.117,-1.119,25.391,42.664,3.174,-177.512,53.806,-33.959
-0.38,-0.182,-1.002,16.724,16.907,7.08,-176.451,52.383,-34.25
-0.304,-0.158,-0.884,1.099,12.024,18.25,-176.254,51.685,-34.964
-0.407,-0.024,-0.861,-8.118,-1.587,21.912,-176.869,51.487,-35.947
-0.346,-0.024,-0.795,-1.465,6.104,9.888,-177.319,51.218,-36.65
-0.404,-0.023,-0.78,-0.977,-6.104,6.714,-177.457,51.207,-36.953
-0.452,-0.054,-0.786,3.601,4.639,-0.366,-177.38,51.268,-37.079
-0.357,-0.095,-0.792,5.737,10.376,-6.47,-176.88,50.757,-36.782
-0.294,-0.136,-0.72,1.221,0.488,-12.39,-176.353,50.559,-36.161
-0.348,-0.121,-0.706,-7.935,-8.179,-13.428,-176.05,50.79,-35.239
-0.385,-0.104,-0.742,-8.667,-0.61,-17.822,-175.913,50.966,-34.233
-0.342,-0.109,-0.759,-9.277,1.16,-20.569,-175.655,50.817,-32.997
-0.174,-0.116,-0.723,-7.202,0.122,-21.545,-175.397,50.718,-31.772
-0.509,-0.042,-0.904,-16.418,-36.316,-16.846,-175.287,51.548,-30.427
-0.633,0.039,-1.058,-4.395,-0.244,-27.283,-175.298,52.454,-29.257
-0.835,0.113,-1.254,-3.845,14.709,-26.123,-174.908,52.564,-27.955
-0.493,0.064,-1.251,2.258,32.41,-21.606,-174.315,50.966,-26.862
-0.245,0.004,-1.061,1.038,11.353,-13.062,-174.018,49.719,-26.362
-0.411,-0.004,-0.904,-6.042,-19.47,-14.465,-173.974,49.971,-25.741
-0.506,0.007,-0.813,-11.292,0.244,-11.841,-174.205,50.46,-25.148
-0.461,0.026,-0.805,-15.076,2.502,-13.733,-174.644,50.273,-24.681
-0.344,0.049,-0.75,-15.93,6.714,-2.93,-175.331,49.971,-24.538
-0.44,0.135,-0.816,-13.977,-2.319,9.277,-176.391,50.026,-25.17
-0.409,0.125,-0.796,-3.418,6.104,10.559,-177.149,49.927,-26.087
-0.425,0.117,-0.849,3.418,2.258,13.367,-177.627,49.785,-27.169
-0.416,0.087,-0.826,5.676,6.042,17.883,-177.918,49.62,-28.411
-0.396,0.086,-0.82,4.944,-0.183,19.775,-178.253,49.526,-29.8
-0.42,0.104,-0.801,7.629,0.671,15.32,-178.533,49.625,-31.108
-0.384,0.08,-0.784,5.92,-6.042,12.695,-178.66,49.724,-32.168
-0.344,0.059,-0.772,7.69,0.488,6.042,-178.72,49.9,-32.997
-0.254,0.014,-0.717,4.822,-17.456,7.507,-178.638,50.197,-33.525
-0.607,0.084,-0.946,-1.343,-26.062,18.921,-179.066,51.432,-34.503
-0.747,0.042,-1.082,4.333,-3.052,12.451,-179.478,52.245,-35.673
-0.634,0.006,-1.112,5.493,8.484,4.7,-179.451,52.119,-36.304
-0.523,-0.026,-1.138,9.583,27.527,3.479,-179.193,51.262,-36.661
-0.295,-0.084,-1.047,7.385,23.987,6.042,-178.748,49.911,-36.87
-0.251,-0.022,-0.902,-4.089,-3.052,16.968,-178.83,49.285,-37.365
-0.446,0.071,-0.845,-1.77,-8.606,17.578,-179.396,49.603,-38.287
-0.414,0.023,-0.814,5.31,-2.808,8.728,-179.478,49.713,-38.903
-0.498,0.019,-0.867,6.836,4.333,5.188,-179.324,49.757,-39.298
-0.326,-0.015,-0.824,7.385,7.141,1.892,-178.978,49.312,-39.474
-0.408,-0.018,-0.835,6.531,-4.944,2.014,-178.66,49.395,-39.573
-0.411,-0.042,-0.849,7.935,2.441,-1.709,-178.231,49.373,-39.562
-0.407,-0.093,-0.82,6.958,-2.197,-8.301,-177.66,49.4,-39.232
-0.455,-0.111,-0.817,0.488,-0.671,-9.644,-177.138,49.526,-38.628
-0.338,-0.098,-0.724,-4.15,5.371,-4.517,-176.913,49.389,-38.156
-0.272,-0.049,-0.669,-8.301,-4.883,-0.793,-177.028,49.329,-37.925
-0.395,-0.029,-0.707,-7.141,-3.052,-3.784,-177.226,49.708,-37.694
-0.256,-0.052,-0.692,-8.789,-1.709,-5.066,-177.363,49.686,-37.381
-0.294,-0.013,-0.757,-11.597,-16.602,-5.432,-177.632,50.081,-36.969
-0.605,0.061,-0.968,-7.996,-21.24,-1.587,-178.028,51.152,-36.749
-0.47,0.033,-0.951,0.488,-4.15,-2.197,-178.061,51.707,-36.661
-0.775,0.143,-1.105,-1.77,-14.893,11.841,-178.33,52.372,-37.095
-0.535,0.088,-1.121,7.446,23.376,5.554,-178.434,51.938,-37.837
-0.473,0.084,-1.162,10.071,24.292,5.798,-178.242,50.85,-38.326
-0.263,-0.007,-1.079,6.531,6.104,-1.526,-177.913,49.977,-38.524
-0.464,0.008,-0.995,-6.531,-15.381,-4.028,-177.946,50.35,-38.293
-0.529,0.073,-0.937,-7.996,2.502,-2.136,-178.369,50.548,-38.21
-0.422,0.065,-0.863,-6.165,3.418,-1.709,-178.649,50.279,-38.145
-0.432,0.11,-0.82,-3.174,2.869,5.737,-179.072,50.18,-38.496
-0.365,0.108,-0.783,0.427,6.226,8.362,-179.357,49.911,-39.073
-0.314,0.068,-0.719,1.587,2.075,8.484,-179.594,49.741,-39.743
-0.344,0.128,-0.708,-0.183,-3.967,13.55,179.962,49.785,-40.573
-0.347,0.125,-0.671,1.038,-0.366,18.066,179.489,49.889,-41.66
-0.385,0.165,-0.697,4.7,-1.648,23.804,178.934,49.966,-43.077
-0.356,0.167,-0.739,10.498,-2.075,24.353,178.55,49.955,-44.731
-0.321,0.129,-0.791,16.846,1.038,21.484,178.423,49.938,-46.362
-0.497,0.083,-0.982,11.292,-26.123,17.334,178.55,50.268,-47.593
-0.745,0.028,-1.181,12.329,-5.188,16.907,178.511,51.081,-48.796
-0.376,-0.052,-1.092,6.653,-0.305,8.423,178.726,50.927,-49.477
-0.808,0.013,-1.109,5.432,9.46,5.188,178.715,51.504,-49.878
-0.4,-0.088,-1.082,6.775,30.029,-9.583,179.407,50.131,-49.367
-0.162,-0.074,-0.962,-3.052,11.902,2.258,179.714,48.966,-48.889
-0.408,0.046,-0.899,-9.094,-21.545,16.907,179.16,49.449,-49.296
-0.479,0.059,-0.85,2.258,0.671,10.681,178.83,49.807,-49.845
-0.375,0.028,-0.823,7.202,-4.15,9.949,178.94,49.702,-50.257
-0.469,-0.02,-0.83,8.057,0.244,7.935,179.193,49.878,-50.63
-0.415,-0.027,-0.806,4.761,0.427,6.226,179.434,49.779,-50.861
-0.407,-0.04,-0.833,3.113,6.104,0.916,179.648,49.631,-50.905
-0.268,-0.067,-0.795,-0.122,4.578,-6.042,179.989,49.279,-50.455
-0.341,-0.069,-0.738,-4.639,-17.822,-12.817,-179.819,49.669,-49.79
-0.405,-0.104,-0.695,-7.202,-11.23,-22.034,-179.451,50.422,-48.527
-0.384,-0.083,-0.697,-12.512,-3.235,-18.188,-179.308,50.9,-47.219
-0.275,-0.06,-0.683,-18.738,-10.864,-13.55,-179.368,51.119,-46.005
-0.313,0.01,-0.729,-16.846,-16.846,-6.531,-179.885,51.894,-45.302
-0.693,0.104,-0.99,-18.066,-32.41,-4.456,179.522,53.256,-44.857
-0.603,0.116,-0.98,-3.906,5.859,-4.944,179.253,53.932,-44.489
-0.76,0.265,-1.215,-0.61,-0.427,0.488,178.901,53.866,-44.714
-0.447,0.106,-1.15,8.057,20.325,-12.39,179.566,53.015,-44.171
-0.471,0.129,-1.079,-3.418,-17.334,3.662,179.489,53.058,-44.193
-0.625,0.104,-0.96,-7.751,-3.784,-7.996,179.171,53.641,-44.127
-0.533,0.117,-0.862,-12.146,-6.165,-14.221,178.901,53.773,-43.533
-0.544,0.156,-0.813,-11.902,10.376,-10.559,178.506,53.762,-43.0
-0.383,0.166,-0.735,-5.676,5.249,-6.47,178.237,53.355,-42.698
-0.437,0.168,-0.739,-0.793,4.272,-2.502,178.022,53.251,-42.731
-0.364,0.146,-0.707,2.014,11.536,1.709,177.918,52.883,-42.929
-0.346,0.129,-0.701,3.235,4.333,5.432,177.775,52.476,-43.358
-0.318,0.15,-0.703,3.418,5.981,12.573,177.528,52.152,-44.017
-0.334,0.16,-0.699,7.507,-10.62,21.179,177.177,52.103,-45.148
-0.453,0.169,-0.707,11.475,-10.803,23.071,176.786,52.597,-46.73
-0.417,0.139,-0.702,11.78,-12.878,18.982,176.622,53.015,-48.175
-0.374,0.085,-0.774,11.108,-12.024,18.311,176.484,53.514,-49.493
-0.806,0.118,-1.019,9.399,-24.536,18.25,176.226,54.679,-50.768
-0.532,0.031,-0.907,8.545,7.446,12.512,176.193,55.036,-51.806
-0.767,0.085,-1.02,1.526,-6.775,12.39,176.039,55.311,-52.476
-0.566,0.022,-1.05,4.211,11.963,-2.38,176.237,54.673,-52.559
-0.483,0.015,-0.995,0.61,15.198,1.709,176.484,54.031,-52.295
-0.516,0.07,-0.986,-1.221,1.099,11.108,176.347,53.718,-52.509
-0.381,0.084,-0.863,5.31,2.38,14.832,176.248,53.361,-53.064
-0.566,0.1,-0.865,11.658,-7.202,15.015,176.243,53.591,-53.888
-0.439,-0.006,-0.767,13.123,5.249,4.761,176.808,53.405,-54.201
-0.496,0.016,-0.759,4.944,-2.319,5.127,177.133,53.454,-54.36
-0.397,0.001,-0.718,5.554,13.062,-4.944,177.528,53.146,-54.152
-0.318,-0.027,-0.688,3.479,1.526,-11.047,178.072,52.817,-53.514
-0.405,-0.081,-0.71,-0.854,0.732,-18.677,178.72,52.905,-52.405
-0.352,-0.074,-0.665,-11.475,-5.92,-19.409,179.077,53.053,-51.086
-0.402,-0.032,-0.7,-15.503,-5.066,-21.973,179.176,53.427,-49.642
-0.468,0.011,-0.79,-12.756,-7.69,-21.912,179.225,53.866,-48.203
-0.397,0.001,-0.845,-12.634,-13.672,-16.113,179.407,54.245,-46.862
-0.7,0.088,-1.034,-11.658,-18.982,-7.446,179.154,55.245,-46.154
-0.407,0.089,-0.902,-7.507,0.977,-1.953,178.923,55.558,-45.84
-0.938,0.265,-1.081,-7.629,-32.349,3.113,178.121,56.821,-46.241
-0.615,0.125,-1.111,4.7,31.128,-14.099,178.616,56.102,-45.698
-0.339,0.161,-1.076,-0.671,2.93,3.723,178.649,55.118,-45.61
-0.439,0.104,-0.629,-4.517,5.249,-2.625,178.583,57.327,-44.412
-0.396,0.119,-0.603,-2.136,-0.061,5.127,178.253,57.272,-44.731
-0.387,0.165,-0.601,2.319,-4.333,16.602,177.753,57.354,-45.626
-0.478,0.182,-0.623,10.986,-9.705,23.682,177.166,57.711,-47.197
-0.43,0.171,-0.637,16.113,-5.432,23.254,176.814,57.942,-48.983
-0.536,0.176,-0.758,17.761,-14.648,23.926,176.578,58.409,-50.779
-0.462,0.098,-0.831,17.761,-18.677,13.794,176.66,58.865,-52.229
-0.805,0.097,-0.957,13.977,-27.344,18.982,176.572,60.271,-53.536
-0.705,-0.001,-0.887,14.16,-13.733,6.653,176.616,61.293,-54.619
-0.95,0.027,-0.945,7.141,-18.677,7.812,176.88,62.04,-55.063
-0.741,-0.04,-0.938,10.864,19.47,4.395,177.275,61.754,-55.349
-0.628,-0.004,-0.931,9.155,16.541,13.0,177.567,60.837,-55.695
-0.517,-0.023,-0.8,10.742,7.08,18.311,177.682,60.26,-56.459
-0.517,0.014,-0.708,10.254,-4.211,27.771,177.468,60.194,-57.75
-0.593,0.007,-0.71,11.108,-7.874,22.766,177.166,60.474,-59.222
-0.523,-0.036,-0.657,11.353,5.493,8.057,177.44,60.43,-59.843
-0.441,-0.053,-0.621,5.432,4.456,1.648,177.863,60.172,-59.87
-0.53,-0.07,-0.665,1.587,8.606,-11.108,178.429,60.018,-59.249
-0.498,-0.1,-0.709,-7.935,11.536,-13.794,179.061,59.48,-58.035
-0.451,-0.022,-0.671,-17.639,4.395,-4.7,178.83,59.233,-57.283
-0.514,0.062,-0.674,-17.761,-10.62,-1.282,178.226,59.474,-56.882
-0.557,0.088,-0.737,-8.667,-3.54,-2.136,177.742,59.865,-56.706
-0.632,0.112,-0.838,-5.737,-3.601,-4.517,177.594,60.101,-56.481
-0.633,0.14,-0.874,-3.967,-6.531,-8.667,177.523,60.485,-56.201
-0.925,0.277,-1.107,1.526,4.456,-1.587,177.479,60.606,-56.025
-0.554,0.167,-1.093,10.071,29.968,7.751,177.808,59.453,-56.217
-0.528,0.188,-1.054,3.967,-8.057,9.644,177.561,58.903,-57.074
-0.566,0.121,-0.854,0.122,-23.254,-13.733,177.616,59.612,-57.063
-0.698,0.104,-0.771,-3.418,-14.893,-19.47,177.968,60.639,-56.179
-0.573,0.114,-0.664,-0.916,-3.479,-14.893,178.325,61.013,-55.327
-0.516,0.114,-0.583,4.089,-1.587,-3.723,178.588,61.194,-55.036
-0.429,0.108,-0.52,9.033,4.15,8.423,178.654,61.139,-55.503
-0.425,0.134,-0.58,13.184,9.46,19.775,178.451,60.82,-56.772
-0.459,0.15,-0.64,17.212,7.202,25.146,178.198,60.425,-58.453
-0.406,0.112,-0.685,18.188,-4.395,20.203,178.072,60.194,-60.139
-0.556,0.058,-0.902,13.733,-11.169,12.573,178.072,60.463,-61.359
-0.816,-0.004,-0.981,9.216,-17.09,11.719,178.011,61.386,-62.254
-0.495,-0.102,-0.768,6.592,-8.606,-0.916,178.182,61.913,-62.6
-1.104,0.073,-1.045,-0.366,3.052,9.583,178.088,62.633,-62.715
-0.486,-0.117,-0.902,6.836,18.86,-2.319,178.616,61.298,-62.595
-0.62,0.056,-0.91,-5.371,-7.874,22.766,178.303,61.155,-62.941
-0.561,0.065,-0.786,10.742,-10.62,22.156,177.726,61.414,-64.182
-0.604,0.062,-0.721,18.799,-14.099,24.78,177.632,61.891,-65.49
-0.656,0.01,-0.669,22.766,-12.573,21.484,177.814,62.49,-66.885
-0.618,-0.022,-0.608,23.376,-2.502,17.029,178.314,62.825,-67.917
-0.638,-0.042,-0.628,19.531,1.77,14.587,178.83,62.809,-68.763
-0.594,-0.093,-0.625,23.438,24.536,0.488,179.83,62.221,-68.901
-0.424,-0.16,-0.613,13.733,19.897,-1.343,-178.912,61.111,-68.39
-0.49,-0.157,-0.62,-0.305,0.244,0.549,-178.451,60.936,-68.016
-0.511,-0.118,-0.596,-8.606,-3.235,-0.793,-178.38,61.183,-67.489
-0.635,-0.026,-0.669,-12.207,-6.348,9.155,-178.846,61.617,-67.368
-0.621,-0.003,-0.766,-4.089,1.77,17.273,-179.473,61.639,-67.89
-0.935,0.132,-1.047,3.845,2.014,21.484,179.83,61.913,-68.939
-0.604,0.058,-0.999,16.663,13.855,23.682,179.786,61.216,-70.065
-0.714,0.192,-1.084,13.977,15.503,43.152,179.022,60.771,-72.208
-0.433,0.189,-0.921,14.893,12.268,35.95,178.297,59.672,-74.581
-0.627,0.135,-0.91,22.156,-16.724,12.085,178.198,59.656,-76.097
-0.664,0.004,-0.795,19.409,4.15,7.69,178.934,59.98,-76.509
-0.428,-0.009,-0.603,7.202,2.625,26.611,178.978,59.628,-77.41
-0.44,0.115,-0.551,3.235,-4.822,41.626,177.907,59.645,-79.393
-0.406,0.195,-0.503,12.756,-9.338,50.537,176.583,59.777,-82.183
-0.572,0.197,-0.61,23.193,-12.634,44.739,175.671,60.2,-85.188
-0.642,0.149,-0.708,32.41,3.052,40.833,175.397,60.227,-87.869
-0.553,0.05,-0.836,31.25,13.245,29.968,175.671,59.617,-89.901
-0.693,0.047,-1.142,13.184,-9.46,35.4,175.721,59.249,-91.5
-0.775,0.091,-1.076,14.771,-5.737,38.452,174.781,59.579,-93.84
-0.842,0.097,-0.963,10.315,-7.507,40.894,173.952,60.062,-95.971
-0.707,0.049,-0.907,14.893,7.263,48.035,173.145,59.661,-98.328
-0.6,0.05,-0.852,22.339,10.803,50.903,172.628,58.892,-100.745
-0.519,0.058,-0.814,33.386,18.982,69.519,172.249,57.689,-103.771
-0.378,0.007,-0.785,39.795,15.625,71.594,172.172,56.184,-107.194
-0.447,0.023,-0.769,36.743,-5.615,72.51,172.167,55.355,-110.726
-0.513,0.001,-0.725,38.513,-4.15,66.895,172.227,55.096,-114.131
-0.5,-0.019,-0.719,38.696,-3.296,62.317,172.496,54.816,-117.175
-0.529,-0.014,-0.761,39.734,-0.977,59.998,172.897,54.58,-119.987
-0.458,-0.057,-0.802,34.302,-6.592,61.523,173.375,54.338,-122.646
-0.526,-0.007,-0.829,30.762,-21.118,54.993,173.452,54.673,-125.414
-0.787,-0.025,-1.07,26.123,-22.827,44.983,173.776,55.448,-127.529
-0.689,0.087,-1.025,21.423,15.564,56.091,173.535,55.486,-129.809
-0.112,0.086,-0.918,22.034,45.166,62.927,173.364,53.185,-132.188
-0.116,0.213,-0.875,14.343,-22.034,73.975,172.601,52.075,-135.522
-0.539,0.238,-0.963,30.09,-17.639,56.458,172.002,52.581,-139.136
-0.409,0.132,-0.921,36.987,5.981,49.133,172.48,52.009,-141.652
-0.385,0.079,-0.868,39.124,-7.019,54.26,173.183,51.498,-144.113
-0.415,0.107,-0.799,35.583,-13.489,73.975,173.392,51.416,-147.475
-0.434,0.139,-0.743,36.682,-16.785,81.604,173.21,51.498,-151.523
-0.455,0.193,-0.746,35.95,-17.639,83.801,172.82,51.707,-155.858
-0.398,0.211,-0.829,39.429,-10.437,86.609,172.485,51.614,-160.214
-0.583,0.27,-0.972,48.706,-10.559,88.135,172.216,51.493,-164.894
-0.439,0.095,-1.028,54.321,-4.822,75.134,172.793,50.96,-169.003
-0.482,0.041,-0.941,44.617,-20.508,77.515,173.271,51.125,-172.908
-0.354,-0.079,-0.709,46.021,-29.602,70.618,173.71,51.68,-176.677
-0.712,0.011,-0.747,41.931,-43.335,75.5,173.842,53.262,179.451
-0.715,-0.106,-0.804,52.246,2.93,69.763,174.408,53.795,176.034
-0.539,-0.105,-0.823,46.997,19.348,71.228,175.161,52.916,173.095
-0.342,-0.114,-0.755,39.612,3.174,69.641,175.754,52.13,170.123
-0.568,-0.037,-0.778,31.006,-16.541,65.369,175.919,52.553,167.036
-0.49,-0.107,-0.753,33.325,-1.831,51.453,176.32,52.729,164.542
-0.477,-0.116,-0.783,24.292,-6.592,40.466,176.737,52.993,162.653
-0.469,-0.163,-0.896,16.174,0.793,27.466,177.231,53.124,161.439
-0.508,-0.077,-1.008,-2.075,-10.437,25.33,177.22,53.218,160.351
-0.502,0.043,-1.031,0.854,1.404,4.089,176.968,53.476,159.659
-0.233,0.07,-0.818,-14.587,-18.982,2.014,177.056,53.619,159.868
-0.732,0.27,-0.888,-23.438,-42.542,16.541,175.688,55.377,159.022
-0.728,0.25,-0.95,1.465,20.203,-0.488,174.869,55.695,158.67
-0.478,0.158,-0.927,8.667,40.283,0.488,175.248,54.256,159.368
-0.119,0.101,-0.794,5.92,15.869,6.653,175.573,52.635,159.587
-0.24,0.141,-0.661,1.404,-22.583,12.878,175.38,52.756,158.945
-0.328,0.123,-0.598,3.967,-13.245,12.573,175.001,53.52,157.961
-0.241,0.189,-0.622,-0.366,-5.127,20.935,174.529,53.613,156.978
-0.333,0.241,-0.726,9.949,-9.705,23.438,173.815,53.635,155.446
-0.251,0.219,-0.696,8.728,-24.963,24.414,173.419,54.075,153.885
-0.506,0.225,-0.755,12.634,-39.368,15.808,172.952,55.585,152.281
-0.646,0.152,-0.882,8.667,-40.1,9.216,172.93,57.008,151.414
-0.746,0.127,-0.89,4.822,-27.954,15.442,172.458,58.513,150.392
-0.946,0.151,-0.979,0.427,-44.128,16.541,171.788,60.211,149.304
-0.922,0.022,-1.124,16.663,22.339,-9.094,172.277,60.414,149.458
-0.584,0.029,-1.054,6.531,22.339,0.366,173.177,59.431,150.348
-0.579,0.076,-0.94,1.404,-8.911,10.071,173.254,59.271,150.046
-0.509,0.062,-0.763,10.376,-4.211,1.465,173.535,59.464,149.733
-0.607,0.046,-0.721,12.695,-7.385,0.854,174.067,59.886,149.595
-0.457,-0.059,-0.621,9.338,-4.395,-4.639,174.924,60.068,149.886
-0.468,-0.051,-0.579,1.221,-7.568,-6.531,175.435,60.546,150.222
-0.499,-0.062,-0.586,-3.906,-3.906,-15.381,176.028,60.952,151.051
-0.535,-0.03,-0.597,-8.545,-6.47,-17.029,176.578,61.254,152.227
-0.481,-0.023,-0.578,-8.911,1.77,-15.442,177.056,61.496,153.528
-0.479,0.014,-0.607,-7.629,3.723,-8.484,177.16,61.765,154.429
-0.498,-0.006,-0.719,-9.338,-21.851,-12.451,177.435,62.051,155.286
-0.872,0.052,-0.95,-3.479,-1.77,-11.719,177.643,62.93,156.11
-0.786,0.11,-1.1,-7.324,14.648,-1.77,177.786,62.556,156.764
-0.82,0.174,-1.115,0.488,22.095,-0.122,177.594,61.897,156.885
-0.647,0.199,-1.159,0.122,29.114,-2.747,177.764,60.518,157.236
-0.576,0.17,-1.077,4.089,21.24,-7.935,177.984,59.249,157.549
-0.452,0.057,-0.852,3.54,7.874,-24.109,178.742,58.513,158.593
-0.566,0.042,-0.783,-5.127,-2.93,-16.052,179.291,58.491,159.769
-0.528,0.061,-0.701,-5.493,5.249,-7.324,179.253,58.392,160.329
-0.417,0.09,-0.621,-6.226,1.648,2.502,179.028,58.129,160.565
-0.453,0.119,-0.618,-1.343,-0.916,11.78,178.489,58.173,160.137
-0.426,0.165,-0.644,1.831,-1.16,19.348,177.863,58.046,159.247
-0.518,0.166,-0.703,9.521,2.441,23.438,177.275,58.057,158.005
-0.357,0.145,-0.668,12.512,1.343,21.057,176.946,57.717,156.753
-0.489,0.169,-0.682,9.46,-19.165,21.118,176.545,58.118,155.402
-0.443,0.104,-0.709,13.611,-11.902,6.104,176.446,58.683,154.484
-0.809,0.172,-0.952,8.118,-33.752,14.343,176.429,59.766,153.82
-0.764,0.058,-0.931,17.395,-4.944,11.23,176.446,60.59,152.886
-0.719,0.041,-1.037,12.329,-24.78,10.864,176.836,60.815,152.358
-1.013,-0.008,-1.087,25.574,23.987,2.991,177.363,61.447,151.897
-0.557,-0.088,-1.057,19.226,36.926,5.92,178.627,59.579,152.1
-0.368,-0.083,-0.91,4.333,8.606,17.456,178.879,58.491,151.304
-0.42,0.051,-0.712,-7.874,-23.071,19.836,178.16,58.821,149.914
-0.681,0.132,-0.713,-1.282,-16.663,14.893,177.308,59.87,148.596
-0.562,0.069,-0.674,10.193,3.357,1.099,177.446,59.93,148.222
-0.442,-0.049,-0.678,8.24,9.644,-3.54,178.116,59.623,148.414
-0.445,-0.054,-0.676,-1.709,-10.132,-7.874,178.588,59.59,148.771
-0.564,-0.067,-0.63,-5.31,-15.564,-14.465,178.879,60.337,149.321
-0.568,-0.068,-0.594,-11.963,-11.902,-11.475,179.165,61.089,150.194
-0.587,-0.027,-0.616,-14.771,-2.441,-5.432,178.962,61.694,150.782
-0.416,-0.003,-0.583,-17.273,-3.906,-2.747,178.555,61.804,151.243
-0.575,0.055,-0.783,-17.517,-10.193,-2.258,177.869,62.232,151.397
-0.685,0.103,-0.878,-12.878,-6.042,-11.963,177.38,62.864,151.804
-0.736,0.089,-0.927,-20.691,-19.897,-11.047,177.259,63.441,152.743
-1.195,0.27,-1.144,-15.747,12.695,-9.827,176.402,64.056,153.232
-0.57,0.17,-0.966,-12.024,44.556,-13.977,176.622,62.084,154.638
-0.521,0.228,-0.941,-13.794,3.845,-11.902,176.248,61.013,155.44
-0.664,0.207,-0.788,-10.498,6.592,-19.47,176.16,60.969,156.467
-0.603,0.168,-0.696,-10.01,8.24,-20.325,176.292,60.623,157.83
-0.445,0.145,-0.667,-7.08,19.653,-16.357,176.396,59.93,159.12
-0.338,0.155,-0.641,-9.094,4.883,-3.052,176.193,59.365,159.802
-0.451,0.193,-0.612,-5.066,-8.362,7.751,175.457,59.617,159.472
-0.488,0.235,-0.642,1.953,-8.362,15.564,174.683,59.815,158.665
-0.568,0.232,-0.687,11.963,-5.371,15.198,174.117,60.084,157.626
-0.515,0.179,-0.673,15.442,-7.08,12.268,174.111,60.249,156.852
-0.56,0.151,-0.722,15.076,-12.085,8.118,174.199,60.667,156.165
-0.802,0.164,-0.896,16.174,-8.972,7.263,174.435,61.188,155.693
-0.725,0.055,-0.896,15.747,-3.174,6.104,174.919,61.342,155.44
-0.771,0.021,-1.012,7.935,-4.028,4.944,175.243,61.353,155.215
-0.678,0.0,-0.926,4.883,10.315,0.366,175.562,61.26,155.303
-0.66,0.008,-0.932,5.737,13.428,5.432,175.886,60.765,155.44
-0.623,0.046,-0.955,5.066,15.381,15.198,175.924,59.996,154.995
-0.43,0.05,-0.832,8.301,7.202,14.16,175.935,59.238,154.276
-0.427,0.029,-0.67,6.897,-18.066,7.69,176.067,59.496,153.682
-0.62,0.01,-0.645,3.906,-18.555,2.686,176.193,60.496,153.353
-0.565,-0.028,-0.628,3.662,5.615,-5.127,176.539,60.727,153.622
-0.492,-0.056,-0.634,-2.014,9.46,-13.123,177.127,60.419,154.567
-0.567,-0.039,-0.703,-4.578,8.057,-16.907,177.731,60.211,155.88
-0.458,-0.043,-0.634,-7.263,0.122,-11.047,178.138,60.046,157.006
-0.571,-0.001,-0.689,-7.202,5.371,-2.014,178.165,60.139,157.621
-0.521,0.006,-0.724,-2.93,13.55,3.235,178.055,59.777,157.906
-0.469,-0.003,-0.778,-3.479,7.812,8.667,177.88,59.266,157.846
-0.581,0.033,-0.861,-6.165,-11.536,6.409,177.479,59.304,157.549
-0.707,0.1,-0.981,-11.719,3.418,11.719,176.891,59.738,157.28
-0.839,0.276,-1.052,-11.963,2.075,30.151,175.534,59.425,156.16
-0.489,0.239,-1.011,0.183,30.212,11.963,174.754,58.057,155.314
-0.549,0.186,-1.076,5.371,12.878,-0.854,174.677,57.068,155.198
-0.381,0.098,-0.932,-5.737,2.075,-4.822,174.798,56.58,155.583
-0.493,0.129,-0.848,-17.334,-21.423,1.282,174.1,57.096,155.544
-0.612,0.228,-0.785,-18.005,-13.55,5.554,172.936,57.87,155.209
-0.546,0.272,-0.701,-8.85,-9.338,9.399,171.936,58.2,154.814
-0.568,0.248,-0.668,0.0,0.244,8.362,171.293,58.332,154.396
-0.501,0.26,-0.638,3.418,10.864,9.216,170.947,57.991,154.199
-0.45,0.253,-0.635,9.033,15.503,9.827,170.876,57.239,154.072
-0.496,0.248,-0.705,15.625,24.414,13.428,171.041,56.212,153.842
-0.353,0.239,-0.724,19.897,19.043,18.25,171.376,54.943,153.424
-0.346,0.208,-0.683,16.235,-17.273,23.621,171.431,54.783,152.276
-0.574,0.255,-0.752,19.531,-17.395,18.372,171.26,55.591,150.903
-0.438,0.186,-0.768,19.287,-5.432,11.108,171.639,55.827,150.2
-0.667,0.198,-0.938,17.212,-7.141,13.794,171.876,56.25,149.502
-0.528,0.142,-0.8,14.404,-15.564,14.038,172.134,56.486,148.876
-0.762,0.05,-1.055,16.846,-29.541,5.127,172.496,57.255,148.304
-0.874,0.051,-1.045,22.217,30.823,0.366,173.134,57.991,148.222
-0.562,-0.038,-1.028,18.25,26.733,-0.244,174.578,56.47,149.084
-0.43,-0.05,-0.947,9.216,14.832,9.094,175.32,55.453,149.139
-0.41,0.005,-0.778,2.502,-7.08,13.123,175.375,55.333,148.497
-0.513,0.04,-0.704,-2.869,-14.16,11.23,175.128,55.854,147.783
-0.556,0.062,-0.668,-2.686,-6.104,5.066,174.847,56.349,147.404
-0.539,0.056,-0.691,0.305,10.132,-5.371,174.957,56.31,147.766
-0.413,-0.016,-0.685,-0.488,17.944,-14.648,175.54,55.701,148.887
-0.375,-0.007,-0.711,-5.188,8.423,-17.395,176.034,55.239,150.156
-0.327,-0.018,-0.601,-11.475,-18.311,-17.761,176.281,55.624,151.265
-0.614,0.05,-0.73,-14.587,-7.996,-21.973,176.314,56.865,152.485
-0.384,0.042,-0.799,-11.658,-6.531,-20.813,176.512,57.101,154.094
-0.667,0.056,-0.972,-12.146,-16.602,-16.418,176.517,58.024,155.259
-0.691,0.091,-0.988,-10.925,-7.019,-8.484,176.484,58.716,156.313
-0.874,0.301,-1.13,-13.245,18.921,12.329,175.54,58.843,156.352
-0.614,0.291,-1.159,2.258,42.908,2.563,175.133,57.085,156.566
-0.342,0.191,-1.0,5.005,12.39,-6.714,175.496,55.508,157.22
-0.508,0.14,-0.873,1.648,-9.583,-7.568,175.693,55.624,157.643
-0.44,0.111,-0.711,-4.883,-9.094,-5.371,175.743,55.942,158.181
-0.509,0.154,-0.712,-5.188,-1.648,1.77,175.342,56.217,158.34
-0.381,0.164,-0.63,-3.418,2.075,7.507,174.93,56.063,158.362
-0.274,0.196,-0.562,-0.122,-8.301,18.982,174.249,56.052,157.692
-0.43,0.246,-0.639,6.531,-12.024,31.494,173.353,56.448,156.171
-0.341,0.231,-0.65,13.55,-1.282,30.945,172.705,56.255,154.501
-0.306,0.263,-0.649,14.404,-21.301,32.593,172.062,56.453,152.6
-0.604,0.197,-0.869,15.625,-39.856,20.752,171.7,57.634,150.892
-0.904,0.157,-1.062,19.165,-22.4,21.973,171.387,59.046,149.359
-0.758,0.091,-1.05,15.198,1.709,15.076,171.447,59.337,148.42
-0.798,0.027,-1.132,24.414,42.542,-5.31,172.365,58.623,148.634
-0.36,-0.075,-1.027,15.686,26.001,0.427,173.996,56.7,149.54
-0.492,0.01,-0.93,-1.77,-19.104,20.203,174.084,56.453,148.557
-0.658,0.079,-0.838,0.0,-10.071,15.625,173.557,57.156,147.041
-0.558,0.098,-0.733,-1.404,-16.846,14.404,173.221,57.513,146.03
-0.626,0.08,-0.702,4.272,-3.601,0.854,173.024,58.14,145.47
-0.444,0.034,-0.614,1.465,6.042,-9.644,173.524,58.101,146.069
-0.407,-0.032,-0.581,-0.244,4.761,-21.729,174.232,58.068,147.195
-0.476,-0.024,-0.628,-8.85,4.944,-22.766,174.952,58.041,148.793
-0.429,-0.029,-0.593,-12.146,1.526,-22.522,175.347,58.112,150.287
-0.57,0.001,-0.699,-18.433,-4.761,-15.198,175.424,58.486,151.556
-0.427,0.047,-0.663,-11.78,-2.38,-9.094,175.193,58.749,152.43
-0.524,0.062,-0.751,-13.733,-31.067,-2.502,174.88,59.749,152.743
-0.906,0.197,-0.905,-8.789,-19.348,6.653,174.122,61.216,152.534
-0.714,0.218,-0.969,-0.122,0.0,12.512,173.749,61.144,152.397
-1.044,0.315,-1.113,12.146,11.597,12.024,173.282,61.271,151.809
-0.733,0.281,-1.188,19.104,75.073,14.038,173.974,58.848,152.188
-0.266,0.161,-1.046,19.043,50.72,-8.728,174.902,55.53,152.562
-0.263,0.008,-0.824,-10.803,0.305,-44.8,176.061,54.41,154.319
-0.557,0.151,-0.731,-29.053,-14.404,-43.152,176.105,55.157,156.544
-0.463,0.198,-0.67,-13.367,15.686,-29.846,176.001,55.256,158.621
-0.328,0.167,-0.616,-3.296,9.888,-15.747,176.21,54.684,160.164
-0.354,0.217,-0.667,3.113,4.639,5.493,176.144,54.311,160.505
-0.352,0.184,-0.69,11.841,6.592,12.817,176.05,53.959,160.01
-0.349,0.242,-0.708,17.517,-18.616,25.085,175.93,54.031,158.862
-0.452,0.148,-0.718,30.273,-7.996,25.513,176.094,54.668,157.225
-0.341,0.12,-0.677,29.663,-22.156,23.438,176.644,55.124,155.863
-0.682,0.07,-0.915,32.959,-36.499,25.269,177.182,56.409,154.193
-0.881,0.001,-0.997,33.691,-2.014,31.555,177.726,57.475,152.556
-0.828,-0.026,-0.99,30.457,3.296,34.668,178.297,57.206,150.996
-0.709,-0.085,-1.068,38.513,38.879,29.602,179.11,56.003,149.436
-0.492,-0.153,-1.093,31.25,41.321,27.954,-179.769,53.998,147.92
-0.329,-0.139,-0.89,10.254,8.057,33.997,-179.313,52.559,145.36
-0.439,-0.019,-0.8,3.784,2.625,27.771,-179.714,52.344,142.388
-0.408,-0.012,-0.72,1.831,-6.592,18.188,-179.923,52.234,140.043
-0.551,0.009,-0.747,4.944,2.441,10.071,179.918,52.454,138.214
-0.346,-0.098,-0.684,6.897,15.259,-3.601,-179.566,51.938,137.428
-0.427,-0.115,-0.761,-2.625,3.174,-5.188,-179.143,51.52,136.527
-0.348,-0.121,-0.698,-6.47,10.986,-9.338,-178.945,51.136,135.582
-0.323,-0.101,-0.64,-16.052,-17.761,-3.662,-179.044,51.114,134.522
-0.466,-0.09,-0.644,-14.038,-15.381,-5.432,-179.511,52.163,133.231
-0.323,-0.109,-0.658,-25.696,-15.747,1.343,179.929,52.718,131.896
-0.544,0.049,-0.913,-39.185,-26.55,16.296,178.187,53.718,129.842
-1.002,0.273,-1.229,-31.189,-1.831,16.724,175.979,54.597,128.139
-0.502,0.323,-1.012,-19.958,30.151,38.208,174.15,53.509,127.101
-0.769,0.614,-1.314,-4.272,22.339,53.101,172.024,52.026,124.843
-0.245,0.284,-1.061,33.691,43.945,21.606,172.59,49.455,124.156
-0.243,0.214,-0.911,25.574,-3.235,58.289,172.908,48.444,121.992
-0.288,0.155,-0.755,30.09,-18.433,53.772,172.919,48.433,118.773
-0.308,0.197,-0.646,28.687,-24.658,61.279,172.793,49.048,115.302
-0.346,0.246,-0.616,27.527,-26.001,75.012,172.381,49.669,111.407
-0.284,0.291,-0.603,33.081,-30.09,90.515,171.738,50.076,106.848
-0.386,0.345,-0.665,45.532,-23.926,105.957,170.744,50.576,101.266
-0.27,0.212,-0.669,47.913,-21.973,94.36,170.392,50.427,95.9
-0.364,0.236,-0.914,40.955,-29.053,99.67,169.969,50.504,90.494
-0.634,0.367,-0.941,63.843,-30.151,119.568,168.893,51.24,83.342
-1.229,0.327,-1.269,61.646,-59.631,122.192,169.129,51.894,75.58
-0.901,-0.016,-1.125,105.103,38.513,65.857,170.771,51.378,67.753
-0.49,-0.293,-1.087,63.354,18.799,44.495,174.221,49.796,63.561
-0.395,-0.172,-0.838,19.653,4.272,50.598,175.226,49.065,59.299
-0.329,0.024,-0.649,-6.348,-9.644,46.326,174.661,48.944,55.168
-0.532,0.203,-0.685,-12.207,-26.245,35.339,173.375,49.73,51.361
-0.596,0.243,-0.717,3.845,-11.353,28.564,172.645,50.515,47.944
-0.602,0.175,-0.758,22.156,0.0,18.86,172.881,50.839,44.824
-0.535,0.062,-0.793,18.372,5.981,14.221,173.831,50.707,42.44
-0.524,0.07,-0.804,11.23,7.324,12.878,174.32,50.466,40.111
-0.668,0.148,-0.869,0.854,-4.456,16.541,174.265,50.641,37.722
-0.553,0.044,-0.866,-0.916,5.676,-0.366,174.282,50.724,35.76
-0.757,0.115,-1.094,-18.127,8.545,-7.202,174.084,50.729,34.717
-0.208,0.073,-0.881,-14.099,24.536,-22.949,173.958,49.889,34.508
-0.136,0.113,-0.884,-22.522,-7.385,-7.507,173.699,49.455,34.728
-0.605,0.345,-0.958,-13.428,-13.123,29.297,172.205,50.125,33.118
-0.397,0.206,-0.884,13.733,17.456,22.339,171.821,49.526,30.959
-0.221,0.219,-0.749,21.301,1.465,33.508,171.985,48.719,28.762
-0.396,0.153,-0.747,23.987,-19.714,35.095,172.271,48.933,26.131
-0.503,0.21,-0.741,28.809,-9.766,36.072,172.595,49.378,23.253
-0.54,0.204,-0.794,34.302,-1.526,44.861,173.167,49.427,20.05
-0.545,0.182,-0.881,38.757,16.479,48.035,173.875,48.812,16.458
-0.268,0.137,-0.862,42.297,25.33,55.786,174.82,47.433,12.865
-0.287,0.156,-0.957,34.851,-4.395,73.486,175.259,46.725,8.635
-0.59,0.179,-1.142,46.082,-13.245,71.716,175.638,46.835,4.026
-0.475,-0.034,-1.062,45.715,-3.723,63.599,176.578,46.934,-0.209
-0.464,-0.121,-1.0,48.462,-3.357,59.509,177.523,47.027,-4.065
-0.199,-0.309,-0.727,37.109,-19.897,71.411,178.682,47.109,-7.811
-0.564,-0.167,-0.799,28.931,-27.466,77.454,178.819,48.45,-12.096
-0.554,-0.178,-0.873,31.128,15.259,79.041,179.05,48.433,-16.43
-0.306,-0.145,-0.868,31.128,35.278,71.106,179.379,46.983,-20.544
-0.191,-0.073,-0.84,22.644,2.808,68.115,179.802,45.736,-24.055
-0.442,-0.162,-0.845,28.32,-5.859,55.969,-179.868,45.972,-27.318
-0.401,-0.136,-0.806,7.996,-3.662,57.983,-179.681,45.983,-30.146
-0.483,-0.035,-0.819,9.705,3.357,48.401,179.912,46.132,-32.981
-0.393,-0.058,-0.83,12.024,1.709,34.058,-179.978,45.939,-35.013
-0.409,-0.03,-0.828,20.813,0.244,35.706,-179.643,46.055,-36.766
-0.39,-0.15,-0.856,21.484,-7.507,44.25,-179.099,46.285,-38.969
-0.477,-0.186,-0.957,3.113,-3.54,27.588,-179.022,46.714,-40.743
-0.509,-0.085,-1.092,-21.057,-12.695,13.611,-179.626,47.021,-41.506
-0.537,0.085,-1.047,-33.936,1.282,3.357,178.912,47.51,-41.814
-0.13,0.228,-0.988,-33.142,22.583,6.104,177.418,46.56,-41.759
-0.194,0.366,-0.962,-21.606,-12.146,18.005,175.682,46.373,-42.55
-0.334,0.217,-0.975,-5.249,13.184,-9.827,174.974,46.274,-42.808
-0.173,0.138,-0.964,-2.014,22.4,-24.78,175.051,45.22,-41.748
-0.097,0.076,-0.917,-6.042,11.475,-21.79,175.325,44.313,-40.226
-0.167,0.154,-0.861,-8.789,-10.132,-7.141,175.133,44.11,-39.232
-0.237,0.162,-0.814,-5.798,-8.85,2.319,174.825,44.423,-38.919
-0.247,0.246,-0.832,-3.052,-8.423,12.756,174.315,44.55,-39.304
-0.284,0.304,-0.878,4.15,-7.629,22.278,173.853,44.637,-40.298
-0.258,0.275,-0.898,15.869,-1.16,21.667,173.732,44.533,-41.715
-0.166,0.206,-0.809,18.86,-17.7,14.099,174.095,44.583,-42.814
-0.309,0.187,-0.741,21.301,-26.855,15.625,174.485,45.571,-43.962
-0.324,0.111,-0.686,17.639,-31.433,13.672,174.935,46.774,-45.077
-0.249,0.083,-0.604,10.498,-32.288,17.212,175.029,48.214,-46.302
-0.444,0.177,-0.696,-1.282,-57.19,25.94,174.38,50.323,-47.966
-0.757,0.171,-0.913,9.338,-31.494,15.32,173.892,52.229,-49.631
-0.72,0.129,-1.033,8.484,-18.677,19.104,173.727,53.289,-50.993
-0.793,0.107,-1.255,14.099,5.188,12.756,173.859,53.416,-52.059
-0.535,0.026,-1.235,23.926,49.316,-0.427,174.869,51.96,-52.136
-0.243,-0.035,-1.087,6.165,-3.845,8.972,175.836,50.773,-51.817
-0.522,0.0,-0.982,4.822,-10.193,8.057,175.891,51.251,-52.136
-0.437,0.023,-0.894,2.991,-0.366,8.118,176.094,51.35,-52.158
-0.45,0.075,-0.887,8.667,0.366,20.386,176.127,51.251,-52.674
-0.39,0.035,-0.844,13.123,5.31,20.142,176.314,50.922,-53.542
-0.374,0.025,-0.785,8.911,-10.254,17.944,176.534,50.845,-54.311
-0.466,0.021,-0.733,9.338,-8.118,6.592,176.726,51.312,-54.822
-0.39,-0.014,-0.66,7.202,-5.005,-1.953,177.198,51.614,-54.734
-0.471,-0.038,-0.727,5.676,-5.554,-10.742,177.803,52.004,-54.185
-0.392,-0.09,-0.722,3.54,2.686,-22.278,178.665,52.136,-52.954
-0.386,-0.102,-0.712,-3.296,-7.996,-26.245,179.506,52.454,-51.235
-0.334,-0.098,-0.66,-9.155,-13.245,-27.71,-179.918,53.097,-49.438
-0.403,-0.045,-0.708,-10.376,-28.992,-42.847,-179.193,54.355,-47.049
-0.351,-0.067,-0.705,-14.771,-33.02,-41.016,-178.275,55.761,-44.214
-0.779,-0.046,-0.904,-17.456,-51.392,-37.17,-177.786,58.222,-41.77
-1.025,0.017,-1.08,-16.235,-17.334,-31.372,-177.352,59.76,-39.705
-0.902,0.113,-1.132,-19.531,34.912,-8.24,-177.643,59.365,-38.793
-0.34,0.234,-1.119,-17.334,49.683,7.812,-178.737,56.788,-39.15
-0.34,0.199,-1.037,-3.662,-2.136,-8.24,-179.374,55.662,-39.342
-0.47,0.123,-0.881,-3.723,-11.353,-16.113,-179.335,55.981,-38.71
-0.513,0.092,-0.788,-10.071,-21.545,-11.414,-179.44,56.673,-38.079
-0.602,0.114,-0.761,-11.047,-8.789,-9.949,-179.852,57.453,-37.716
-0.495,0.119,-0.709,-9.277,-4.395,-6.287,179.747,57.656,-37.529
-0.591,0.166,-0.742,-9.766,-9.521,4.456,179.116,58.112,-37.831
-0.54,0.195,-0.709,-5.066,6.226,8.972,178.297,58.211,-38.672
-0.396,0.194,-0.676,1.526,-0.549,6.348,177.737,58.002,-39.589
-0.541,0.149,-0.715,6.165,0.183,7.812,177.506,58.217,-40.457
-0.347,0.151,-0.622,3.479,2.38,17.883,177.067,58.008,-41.677
-0.418,0.188,-0.684,4.517,-15.198,21.362,176.281,58.277,-43.352
-0.463,0.169,-0.715,9.705,-13.794,10.193,175.853,58.854,-44.698
-0.441,0.114,-0.682,8.057,-23.926,5.92,175.792,59.7,-45.5
-0.588,0.083,-0.803,4.7,-32.654,3.113,175.644,61.013,-46.148
-0.975,0.095,-0.965,0.671,-36.865,1.892,175.397,62.798,-46.686
-0.627,-0.047,-0.742,3.723,1.77,-17.029,175.858,63.583,-46.351
-1.101,0.056,-0.838,-22.156,-50.842,-0.549,175.644,65.253,-45.846
-1.053,0.061,-0.939,0.305,33.203,-12.939,175.501,65.66,-45.527
-0.524,0.046,-0.819,-0.793,48.462,5.798,176.116,63.435,-44.852
-0.531,0.097,-0.83,-1.282,14.526,14.282,175.688,62.051,-45.467
-0.432,0.081,-0.71,3.784,15.686,4.761,175.583,61.238,-45.835
-0.525,0.05,-0.717,4.456,-3.967,4.639,175.682,60.941,-46.005
-0.512,-0.005,-0.66,3.235,5.554,-0.671,175.891,60.914,-46.016
-0.592,0.041,-0.744,0.854,13.123,2.563,176.023,60.535,-45.906
-0.469,-0.001,-0.769,2.686,23.804,-3.296,176.369,59.535,-45.599
-0.378,-0.023,-0.728,-0.549,6.531,-5.615,176.77,58.804,-45.011
-0.404,-0.052,-0.627,-8.24,-15.869,-9.827,176.946,59.178,-44.28
-0.576,-0.013,-0.613,-16.724,-19.531,-7.751,176.765,60.211,-43.484
-0.562,0.069,-0.625,-13.55,0.244,2.563,176.155,60.672,-43.308
-0.521,0.101,-0.701,-8.606,1.709,8.362,175.573,60.568,-43.577
-0.709,0.234,-0.92,2.441,6.775,14.771,174.974,60.408,-44.324
-0.569,0.151,-0.979,17.883,8.85,7.507,175.347,59.821,-44.879
-0.691,0.198,-1.097,9.644,10.071,27.527,175.375,59.37,-45.884
-0.646,0.219,-1.11,8.179,12.207,14.099,174.979,58.475,-47.181
-0.553,0.099,-0.962,0.549,5.737,-5.615,175.215,57.958,-47.175
-0.591,0.145,-0.898,-13.245,-0.793,-9.949,175.04,57.892,-46.615
-0.579,0.175,-0.833,-10.559,9.46,-13.733,174.787,57.755,-45.807
-0.457,0.165,-0.744,-5.676,4.456,-4.089,174.672,57.404,-45.17
-0.479,0.172,-0.717,-2.625,-1.038,7.08,174.32,57.354,-45.319
-0.372,0.194,-0.65,-0.488,1.282,15.381,173.782,57.222,-46.044
-0.403,0.239,-0.652,2.441,-10.254,23.254,173.002,57.25,-47.346
-0.394,0.247,-0.628,5.92,-9.888,23.499,172.2,57.502,-48.988
-0.422,0.27,-0.625,10.376,-19.348,23.621,171.552,57.936,-50.702
-0.488,0.23,-0.625,15.991,-22.583,16.907,171.167,58.788,-52.383
-0.546,0.18,-0.695,18.738,-8.911,9.033,171.211,59.431,-53.542
-0.829,0.12,-0.919,10.071,-20.508,10.315,171.469,60.057,-54.168
-0.947,0.115,-1.038,9.399,9.888,11.353,171.244,60.244,-55.08
-0.473,0.012,-0.888,6.226,15.442,-8.057,172.046,59.271,-54.443
-0.828,0.174,-0.974,-0.488,3.784,10.681,171.931,59.359,-54.404
-0.488,0.06,-0.947,15.686,43.884,-5.371,172.782,57.865,-53.817
-0.327,0.108,-0.876,10.071,22.461,17.09,173.485,56.168,-53.459
-0.372,0.085,-0.843,11.719,4.333,17.212,173.644,55.338,-54.014
-0.527,0.139,-0.835,12.756,-1.16,18.982,173.721,55.151,-54.662
-0.501,0.049,-0.831,14.771,6.592,5.798,174.144,54.882,-55.014
-0.485,0.042,-0.853,9.46,3.906,-1.465,174.82,54.531,-54.63
-0.483,0.018,-0.836,7.019,-0.854,-4.639,175.353,54.487,-54.119
-0.417,-0.003,-0.758,3.357,-4.761,-9.521,175.984,54.646,-53.223
-0.483,-0.005,-0.783,1.099,-1.16,-12.024,176.429,54.943,-52.295
-0.408,-0.083,-0.78,-2.197,0.305,-28.748,177.292,54.97,-50.521
-0.421,-0.086,-0.688,-12.573,-13.733,-30.701,177.924,55.497,-48.345
-0.521,-0.057,-0.65,-18.005,-15.503,-31.128,178.281,56.475,-46.11
-0.468,-0.011,-0.647,-18.372,-14.587,-18.677,178.314,57.266,-44.346
-0.433,0.004,-0.626,-16.296,-14.526,-9.949,178.061,58.156,-43.292
-0.401,0.009,-0.621,-18.066,-27.649,-6.531,177.578,59.238,-42.632
-0.765,0.068,-0.784,-22.949,-43.823,-13.245,176.891,61.282,-41.929
-0.819,0.064,-0.88,-22.827,-17.151,-23.804,176.561,62.924,-40.616
-1.151,0.271,-1.003,-30.212,-12.451,-1.892,175.331,64.072,-40.056
-0.816,0.349,-1.025,-23.499,59.021,13.733,174.117,62.82,-39.968
-0.226,0.458,-0.952,-4.028,38.208,20.752,172.683,59.843,-40.836
-0.419,0.238,-0.824,14.465,-14.587,-2.075,172.656,59.277,-41.226
-0.608,0.125,-0.72,5.432,-9.216,-5.432,173.035,59.875,-41.056
-0.562,0.164,-0.683,-12.207,2.747,-3.357,172.787,59.963,-40.787
-0.451,0.243,-0.648,-15.32,11.23,-0.244,172.068,59.601,-40.523
-0.427,0.325,-0.643,-4.517,-6.958,8.911,171.194,59.414,-40.82
-0.587,0.273,-0.697,9.949,-1.953,6.287,170.777,59.584,-41.534
-0.492,0.27,-0.671,14.587,0.671,13.672,170.854,59.409,-42.177
-0.527,0.251,-0.673,15.808,-21.24,24.17,170.585,59.815,-43.704
-0.555,0.203,-0.615,19.348,-20.508,12.634,170.381,60.705,-45.242
-0.519,0.111,-0.607,13.184,-14.16,5.859,170.717,61.534,-45.89
-0.701,0.175,-0.765,3.479,-24.231,10.193,170.349,62.347,-46.758
-0.888,0.185,-0.907,5.798,-5.188,0.854,170.173,63.056,-47.208
-0.729,0.056,-1.042,10.376,1.77,-13.611,171.151,62.792,-46.406
-0.895,0.096,-1.012,16.174,27.954,0.305,171.859,63.062,-45.912
-0.661,-0.031,-0.951,18.738,33.936,-3.723,173.276,61.672,-45.143
-0.547,0.046,-0.857,5.615,29.968,21.362,173.837,60.172,-45.093
-0.391,0.086,-0.717,2.136,18.372,30.64,173.359,58.76,-46.236
-0.502,0.118,-0.751,5.249,5.432,23.376,172.798,57.964,-47.45
-0.498,0.078,-0.751,9.827,14.893,12.695,172.749,57.415,-48.175
-0.475,0.038,-0.744,8.606,5.005,1.709,173.183,56.788,-48.208
-0.493,-0.01,-0.722,5.737,9.705,-12.329,173.826,56.596,-47.631
-0.406,-0.071,-0.742,-1.404,22.583,-25.391,174.864,55.865,-46.022
-0.371,-0.044,-0.703,-19.409,4.15,-19.714,175.243,55.448,-44.324
-0.452,-0.004,-0.697,-26.001,0.488,-28.564,175.034,55.591,-42.605
-0.418,0.045,-0.674,-28.687,7.446,-26.428,174.76,55.591,-40.666
-0.381,0.101,-0.708,-28.442,-2.991,-16.846,174.155,55.668,-39.271
-0.532,0.188,-0.825,-27.71,-15.93,-6.714,173.194,56.151,-38.584
-0.618,0.305,-0.968,-17.822,-0.305,-4.822,172.145,56.596,-38.436
-0.59,0.342,-1.037,-12.695,-1.709,-1.404,171.502,56.563,-38.342
-0.979,0.382,-1.226,2.93,25.94,-6.836,171.277,56.382,-38.282
-0.244,0.276,-1.057,-3.54,28.564,-5.981,171.749,54.212,-37.584
-0.439,0.233,-0.972,-6.775,-13.672,-21.423,171.639,54.119,-37.024
-0.492,0.194,-0.811,-11.108,-16.174,-27.71,171.711,54.948,-35.826
-0.558,0.164,-0.742,-13.55,-11.841,-19.47,171.65,55.887,-34.739
-0.4,0.23,-0.649,-13.916,2.075,-0.061,171.085,56.096,-34.437
-0.385,0.295,-0.647,-8.484,-3.357,18.738,170.085,56.003,-35.261
-0.348,0.351,-0.638,3.784,-4.15,27.283,169.019,55.86,-37.013
-0.497,0.324,-0.704,17.029,-15.686,30.457,168.344,56.003,-39.194
-0.439,0.242,-0.643,14.099,-16.235,44.495,167.723,56.19,-41.863
-0.423,0.384,-0.586,12.024,-24.841,53.589,166.212,56.574,-45.626
-0.499,0.352,-0.652,27.71,-26.55,28.687,165.515,57.272,-48.818
-0.738,0.338,-0.859,30.029,-25.33,7.324,165.992,58.31,-50.62
-0.708,0.114,-0.833,36.438,-18.188,-18.616,167.514,59.535,-50.905
-0.871,-0.055,-0.879,20.264,-46.57,-25.757,169.59,61.447,-49.938
-0.867,-0.051,-0.903,25.146,12.634,-23.376,171.431,62.6,-48.823
-0.779,-0.101,-0.978,3.906,33.081,6.531,172.985,61.485,-47.845
-0.521,0.093,-0.936,-5.066,47.729,27.039,172.425,59.244,-48.763
-0.3,0.11,-0.859,-2.319,12.756,7.141,172.222,57.585,-49.158
-0.462,0.108,-0.799,0.671,-4.517,3.113,172.156,57.426,-49.334
-0.41,0.059,-0.705,5.676,-1.099,-2.502,172.425,57.513,-49.312
-0.43,-0.002,-0.709,6.287,0.916,-12.085,173.161,57.409,-48.774
-0.403,-0.048,-0.662,-1.587,-11.292,-16.418,173.947,57.612,-47.834
-0.529,0.049,-0.681,-0.122,-19.409,-17.761,174.529,58.513,-46.813
-0.535,-0.023,-0.665,7.446,-1.831,-6.897,175.364,59.167,-46.088
-0.44,-0.033,-0.637,-3.235,-3.784,4.822,175.721,59.249,-46.0
-0.425,0.031,-0.682,-14.099,-6.165,13.428,175.182,59.414,-46.511
-0.65,0.167,-0.799,-20.264,-19.531,9.888,173.881,60.062,-47.439
-0.612,0.208,-0.752,-19.348,-3.845,-23.499,173.156,60.771,-47.142
-1.154,0.415,-1.243,-19.714,13.245,-6.531,172.787,60.881,-46.192
-0.659,0.381,-1.122,6.592,66.101,24.17,172.26,58.574,-47.005
-0.241,0.378,-1.018,10.193,25.33,16.602,172.073,56.091,-48.203
-0.448,0.226,-0.868,19.592,-19.47,-10.315,172.601,56.283,-48.68
-0.553,0.096,-0.783,11.475,-8.301,-22.4,173.677,57.047,-48.076
-0.426,0.111,-0.672,0.244,-7.751,-16.968,174.326,57.469,-47.258
-0.404,0.218,-0.611,-2.747,-10.62,10.681,174.106,57.876,-47.505
-0.393,0.253,-0.586,11.169,-12.573,24.353,173.43,58.211,-49.098
-0.489,0.275,-0.612,22.095,-9.888,21.179,173.051,58.618,-51.174
-0.446,0.134,-0.608,20.386,-12.573,4.944,173.485,59.019,-52.471
-0.537,0.081,-0.683,3.235,-33.691,-4.944,173.694,60.145,-53.108
-1.03,0.122,-0.943,-3.235,-8.057,-16.785,173.655,61.743,-53.064
-0.675,0.109,-0.816,-5.005,13.062,-22.644,174.309,61.556,-51.812
-0.691,-0.005,-1.058,12.146,-2.075,-30.762,175.529,61.221,-50.295
-0.842,-0.068,-1.13,15.076,42.847,-17.395,177.193,60.771,-48.801
-0.381,-0.119,-1.016,7.324,35.156,5.493,178.259,58.585,-48.268
-0.521,-0.007,-0.942,-2.319,-3.052,15.686,177.913,58.008,-49.07
-0.44,0.048,-0.793,5.737,5.798,1.282,178.017,57.75,-49.279
-0.465,-0.014,-0.752,10.498,-10.925,-2.441,178.605,57.859,-49.186
-0.498,-0.072,-0.716,13.489,2.38,-7.812,179.522,58.079,-48.801
-0.418,-0.146,-0.69,9.583,3.357,-6.104,-179.456,57.881,-48.274
-0.491,-0.118,-0.723,-0.854,-5.127,-1.892,-178.978,57.942,-47.933
-0.489,-0.12,-0.683,-7.019,-1.526,-4.456,-178.742,58.013,-47.549
-0.637,-0.076,-0.703,-15.198,-6.165,-0.549,-179.006,58.365,-47.296
-0.508,-0.069,-0.701,-13.062,9.216,-3.479,-179.374,58.288,-47.087
-0.461,-0.021,-0.73,-14.954,10.864,9.155,-179.879,57.936,-47.109
-0.515,0.041,-0.878,-10.01,6.409,14.771,179.242,57.563,-47.851
-0.59,0.094,-1.016,-1.16,4.395,16.663,178.599,57.211,-48.757
-0.424,0.119,-0.942,7.629,10.498,20.813,178.204,56.81,-49.911
-0.351,0.169,-0.909,2.93,-31.067,40.527,177.671,56.728,-51.68
-0.86,0.286,-1.055,14.221,-5.676,40.039,176.353,57.87,-54.58
-0.501,0.194,-0.949,19.47,-5.188,33.936,176.072,57.448,-56.838
-0.644,0.187,-0.908,14.709,-5.371,39.551,175.518,57.596,-59.332
-0.5,0.174,-0.778,18.005,-1.953,38.757,174.941,57.316,-61.891
-0.515,0.16,-0.736,17.944,-7.263,40.588,174.446,57.393,-64.473
-0.43,0.153,-0.664,19.226,-2.563,42.908,173.903,57.277,-67.187
-0.431,0.212,-0.652,21.301,-7.202,49.561,173.243,57.2,-70.192
-0.334,0.191,-0.618,28.809,-11.475,51.392,172.766,57.173,-73.46
-0.635,0.248,-0.706,36.682,-29.297,53.65,172.31,58.013,-77.151
-0.577,0.174,-0.708,45.654,3.174,49.316,172.573,58.118,-80.442
-0.493,0.145,-0.722,45.166,-6.104,56.458,172.952,57.739,-83.853
-0.539,0.082,-0.787,42.725,-6.042,46.631,173.326,57.81,-87.22
-0.604,0.057,-0.94,28.748,-23.071,54.81,173.529,57.936,-90.379
-0.708,0.087,-0.958,20.569,-29.053,61.768,172.612,58.799,-94.482
-1.093,0.171,-1.075,23.621,-34.607,59.937,171.453,60.057,-98.729
-0.85,0.123,-0.878,42.114,8.972,59.814,170.942,60.276,-102.766
-0.678,0.042,-0.818,44.861,11.414,68.237,171.26,59.293,-106.562
-0.508,0.068,-0.769,44.678,23.01,85.876,171.145,57.859,-111.226
-0.403,0.08,-0.762,42.419,9.888,88.623,170.848,56.277,-116.406
-0.458,0.045,-0.759,41.504,-4.517,75.623,170.7,55.519,-121.349
-0.551,0.006,-0.768,36.804,-11.902,61.218,170.832,55.426,-125.502
-0.544,-0.006,-0.751,31.677,-7.08,54.749,171.013,55.366,-129.139
-0.613,-0.018,-0.819,28.809,-2.075,45.105,171.348,55.289,-132.226
-0.477,0.004,-0.869,26.855,3.662,37.964,171.892,54.811,-134.742
-0.46,0.023,-0.836,20.508,-23.865,37.17,172.271,55.058,-137.164
-0.781,0.037,-0.94,11.536,-25.879,37.17,172.013,56.201,-139.872
-0.685,0.101,-0.931,6.775,5.798,34.912,171.557,56.305,-142.213
-0.289,0.083,-0.768,6.775,29.419,34.302,171.205,55.151,-144.207
-0.191,0.134,-0.78,-9.338,-14.282,48.462,170.42,54.036,-145.783
-0.7,0.342,-0.849,-8.484,-30.273,58.716,168.151,54.866,-148.804
-0.527,0.344,-0.831,17.7,18.799,49.805,166.954,54.25,-151.243
-0.339,0.361,-0.841,41.26,12.024,51.025,167.168,52.756,-153.105
-0.35,0.285,-0.812,66.162,-10.254,69.519,168.25,51.905,-155.792
-0.467,0.12,-0.752,71.228,-16.785,72.815,169.678,51.724,-159.73
-0.501,0.097,-0.764,54.504,-13.794,72.205,170.799,51.724,-163.614
-0.491,0.101,-0.806,44.983,-1.953,62.988,171.497,51.482,-166.987
-0.436,0.169,-0.872,32.837,0.061,64.27,171.744,50.949,-170.096
-0.365,0.154,-0.907,30.945,-3.418,57.068,171.903,50.482,-173.046
-0.322,0.184,-0.89,22.705,-24.658,61.646,171.716,50.647,-176.188
-0.54,0.247,-0.981,20.264,-39.429,76.721,170.87,51.603,179.731
-0.732,0.345,-1.009,28.259,-28.931,88.562,169.579,52.471,174.76
-0.559,0.241,-0.821,41.504,-21.79,80.933,168.981,52.806,170.052
-0.514,0.109,-0.754,55.725,-10.803,74.89,169.36,52.762,165.965
-0.562,0.042,-0.743,65.796,-29.358,87.158,170.079,53.02,161.417
-0.645,-0.029,-0.783,72.266,0.61,92.407,171.183,53.075,156.66
-0.467,-0.061,-0.765,71.35,10.925,94.543,172.485,52.081,151.963
-0.412,-0.076,-0.789,60.547,0.0,90.454,173.688,51.224,147.123
-0.506,-0.065,-0.802,54.443,-11.963,74.89,174.749,51.108,142.438
-0.519,-0.127,-0.786,46.509,-7.812,58.289,175.875,51.389,138.422
-0.486,-0.178,-0.785,30.273,-11.169,41.443,176.94,51.663,135.214
-0.51,-0.188,-0.795,16.907,-11.963,22.4,177.589,52.196,132.621
-0.441,-0.258,-0.812,-1.282,-6.775,4.333,178.187,52.553,131.149
-0.778,-0.082,-1.006,-32.837,-33.63,8.362,177.479,53.465,129.771
-0.74,0.12,-0.95,-26.978,10.742,-3.479,176.078,54.294,128.738
-0.359,0.166,-0.9,-17.456,33.936,-0.977,175.485,52.993,128.694
-0.187,0.11,-0.839,-28.87,0.488,-1.77,174.683,52.191,128.441
-0.518,0.321,-0.909,-41.199,-8.423,-1.526,172.689,52.635,127.815
-0.534,0.354,-0.951,-15.564,22.4,-26.062,171.815,52.218,128.573
-0.299,0.262,-0.939,0.366,31.982,-22.034,172.2,50.944,130.045
-0.144,0.166,-0.836,3.723,-2.319,-8.362,172.656,50.114,130.693
-0.273,0.171,-0.728,2.38,-22.461,-1.038,172.672,50.713,130.358
-0.358,0.176,-0.718,0.549,-18.127,5.859,172.491,51.531,129.672
-0.347,0.258,-0.742,3.723,-10.376,14.954,172.084,51.932,128.633
-0.241,0.243,-0.675,12.573,-9.399,21.545,171.782,52.059,127.211
-0.343,0.24,-0.702,13.733,-36.011,17.822,171.579,52.773,125.546
-0.625,0.231,-0.809,18.372,-25.452,15.076,171.579,54.179,124.052
-0.378,0.222,-0.763,15.747,-10.681,26.062,171.612,54.602,122.536
-0.385,0.231,-0.821,17.273,-37.781,29.175,171.271,55.311,120.355
-0.835,0.122,-0.965,31.433,-47.852,38.391,171.145,57.217,117.532
-0.642,0.089,-0.795,17.212,-18.25,57.068,170.332,58.195,113.505
-1.024,0.157,-0.908,2.014,-39.062,24.963,169.376,59.485,110.253
-0.83,0.117,-0.894,11.902,19.47,-1.526,169.618,59.518,109.006
-0.529,0.063,-0.875,8.911,26.733,1.099,170.601,58.354,108.611
-0.387,0.083,-0.796,1.526,-2.563,15.32,170.684,57.816,107.183
-0.454,0.076,-0.644,-1.709,-29.846,11.047,170.25,58.623,105.238
-0.615,0.088,-0.596,-8.118,-33.264,1.343,169.695,60.189,103.535
-0.712,0.07,-0.644,-9.583,-18.25,-18.799,169.629,61.425,102.827
-0.771,0.047,-0.676,-9.277,3.113,-31.494,170.178,62.281,103.145
-0.535,-0.002,-0.623,-11.108,17.151,-29.907,171.266,62.177,104.167
-0.472,0.037,-0.601,-16.602,14.648,-14.832,171.782,61.738,104.656
-0.43,0.074,-0.624,-14.16,7.751,-11.292,171.793,61.331,104.529
-0.523,0.1,-0.648,-15.381,2.38,-10.315,171.639,61.37,104.299
-0.486,0.112,-0.719,-17.822,1.587,-19.226,171.557,61.287,104.453
-0.68,0.196,-0.89,-14.343,-2.441,-28.992,171.65,61.584,105.249
-0.795,0.306,-0.989,-18.982,-7.629,-19.409,171.76,62.177,106.205
-1.131,0.504,-1.06,-14.893,4.639,0.977,170.876,62.798,106.21
-0.765,0.425,-1.018,3.357,44.983,-6.409,170.986,61.117,106.804
-0.394,0.333,-0.888,18.311,35.95,-19.287,171.996,59.15,108.029
-0.376,0.105,-0.755,13.0,-4.761,-31.921,173.6,58.777,109.775
-0.595,0.083,-0.69,0.244,-13.489,-24.597,174.485,59.617,111.116
-0.561,0.104,-0.68,-0.61,12.024,-19.47,175.045,59.639,112.209
-0.438,0.147,-0.658,5.737,20.691,-3.052,175.49,58.843,112.824
-0.332,0.17,-0.663,13.428,9.216,16.785,175.633,58.057,112.253
-0.268,0.172,-0.553,16.846,-19.592,35.095,175.303,58.145,110.325
-0.559,0.26,-0.652,16.479,-39.246,40.222,174.43,59.288,107.573
-0.689,0.198,-0.699,23.071,-13.916,25.269,173.826,60.43,105.145
-0.589,0.197,-0.722,18.372,0.427,12.329,173.974,60.623,103.947
-0.557,0.164,-0.846,15.198,-1.892,11.536,174.221,60.381,102.975
-0.807,0.145,-0.919,15.503,-19.592,11.963,174.26,61.051,101.613
-1.247,0.126,-1.132,17.212,-19.958,-0.244,174.716,61.919,100.421
-0.795,-0.015,-1.027,37.048,61.646,-15.137,176.462,60.914,100.003
-0.153,-0.215,-0.879,25.757,36.743,-10.376,178.912,58.398,99.998
-0.351,-0.113,-0.866,-13.55,-22.827,17.273,178.885,58.381,98.372
-0.581,0.095,-0.743,-15.442,-18.982,13.367,177.479,59.293,96.01
-0.535,0.048,-0.685,-0.366,-17.334,-7.751,177.314,59.963,94.801
-0.64,0.01,-0.689,7.08,-5.005,-11.169,177.918,60.601,94.142
-0.611,-0.049,-0.763,8.057,0.916,-6.104,178.781,60.529,93.373
-0.636,-0.102,-0.801,8.118,0.61,-8.484,179.654,60.474,92.505
-0.583,-0.083,-0.761,2.441,0.183,2.319,-179.758,60.447,91.357
-0.558,-0.038,-0.762,0.977,3.113,12.39,-179.846,60.205,89.374
-0.539,-0.016,-0.755,-2.747,6.165,7.263,179.918,60.013,87.391
-0.482,-0.065,-0.725,-9.399,-6.287,-9.827,179.852,59.892,86.199
-0.527,-0.096,-0.656,-22.888,-17.517,-23.499,179.83,60.535,86.017
-0.557,-0.079,-0.596,-35.522,-19.287,-25.574,179.506,61.518,86.32
-0.533,0.038,-0.556,-34.18,-16.968,-12.207,178.709,62.408,86.248
-0.405,0.083,-0.487,-23.01,-15.503,1.831,177.632,63.21,85.281
-0.668,0.196,-0.647,-18.005,-34.79,20.874,176.16,64.429,83.54
-0.922,0.272,-0.81,2.014,-15.93,18.677,174.567,65.704,81.348
-0.984,0.254,-0.951,10.193,-17.151,15.259,174.144,66.204,80.068
-1.229,0.206,-1.081,22.034,35.034,7.263,174.309,66.149,79.189
-0.632,0.167,-0.963,12.329,62.012,10.315,175.084,63.292,79.041
-0.454,0.08,-0.884,5.859,15.076,-4.15,175.402,61.622,78.893
-0.621,0.045,-0.784,-15.198,-15.686,-16.602,175.556,62.04,79.514
-0.702,0.149,-0.743,-19.043,4.456,-12.085,175.1,62.43,80.057
-0.517,0.197,-0.659,-14.343,13.794,4.333,174.441,61.891,80.145
-0.456,0.253,-0.648,-5.737,2.808,22.156,173.298,61.403,79.277
-0.4,0.254,-0.603,5.615,7.324,26.978,172.216,60.985,78.107
-0.473,0.306,-0.664,11.414,-6.47,27.283,171.497,60.612,77.108
-0.488,0.27,-0.669,23.01,5.432,23.132,171.09,60.32,76.146
-0.475,0.191,-0.665,24.17,-8.24,15.93,171.425,60.051,75.756
-0.524,0.135,-0.678,21.118,-5.615,12.146,171.689,60.276,75.141
-0.551,0.094,-0.774,12.39,-11.23,0.0,172.189,60.496,74.916
-0.875,0.121,-0.972,5.554,-8.057,5.615,172.365,61.188,74.251
-0.592,0.059,-0.859,4.456,5.737,-11.597,172.694,61.282,73.526
-0.828,0.111,-0.91,-5.249,-7.996,-6.47,173.188,61.639,73.361
-0.752,0.129,-0.897,2.686,11.169,-4.7,173.337,61.496,72.576
-0.471,0.098,-0.812,3.967,16.907,0.366,173.897,60.562,72.065
-0.613,0.16,-0.852,5.432,0.671,12.451,173.765,60.266,70.796
-0.497,0.136,-0.785,14.587,6.775,3.296,174.106,59.892,69.725
-0.583,0.059,-0.778,16.968,-7.08,-5.188,174.968,59.947,69.12
-0.597,-0.018,-0.762,13.55,5.249,-14.893,176.116,60.073,68.78
-0.504,-0.112,-0.749,1.892,-0.977,-11.047,177.16,59.919,68.527
-0.603,-0.054,-0.771,-4.944,9.338,-2.625,177.242,59.793,67.478
-0.55,-0.033,-0.783,-3.906,12.329,-1.953,177.484,59.112,66.462
-0.571,-0.004,-0.795,-1.099,4.456,-1.404,177.599,58.629,65.248
-0.554,-0.042,-0.769,0.488,5.127,-6.531,177.973,58.425,64.27
-0.53,-0.022,-0.734,-7.385,-2.319,-1.404,178.193,58.387,63.287
-0.544,0.015,-0.691,-14.587,-10.254,0.183,177.836,58.64,61.99
-0.693,0.059,-0.721,-17.822,-3.235,-5.615,177.166,59.15,60.721
-0.527,0.028,-0.649,-19.409,13.062,-15.32,176.896,58.92,59.952
-0.486,0.088,-0.629,-22.095,-0.183,-14.954,176.545,58.766,59.447
-0.433,0.082,-0.576,-13.428,-5.371,-8.423,176.21,59.03,58.815
-0.475,0.102,-0.577,-8.423,-15.32,0.183,175.748,59.738,57.722
-0.674,0.152,-0.697,-3.418,-6.592,3.357,175.281,60.617,56.118
-0.664,0.185,-0.786,0.061,3.418,8.24,175.012,60.782,55.646
-1.041,0.337,-1.014,-1.16,13.245,23.315,174.106,60.425,56.937
-0.589,0.162,-1.047,17.944,61.951,-3.601,174.622,57.887,59.65
-0.227,0.18,-1.07,-1.77,26.184,12.451,174.836,55.437,61.501
-0.476,0.177,-0.998,-2.991,-12.573,-1.465,174.446,55.421,62.435
-0.533,0.165,-0.873,-5.737,-10.071,-8.606,174.402,55.86,64.105
-0.502,0.185,-0.781,-5.737,-5.981,2.258,174.1,56.184,65.594
-0.469,0.212,-0.738,-4.7,-14.587,10.925,173.54,56.508,66.742
-0.412,0.224,-0.642,0.122,-20.447,13.916,172.87,57.123,67.588
-0.478,0.257,-0.624,1.831,-34.485,18.372,172.15,58.222,68.247
-0.65,0.271,-0.68,6.409,-21.179,15.503,171.42,59.381,68.972
-0.541,0.284,-0.66,10.437,-3.052,7.324,171.189,59.678,70.598
-0.469,0.243,-0.643,15.869,-9.094,1.16,171.42,59.7,72.647
-0.424,0.15,-0.623,16.479,-14.465,-6.104,172.029,60.189,74.894
-0.457,0.089,-0.654,5.493,-37.903,-3.296,172.502,61.375,76.893
-0.869,0.204,-0.763,-6.348,-42.969,2.869,171.782,63.567,78.036
-0.612,0.075,-0.667,0.244,-2.686,-34.912,172.101,64.671,81.321
-1.274,0.109,-0.975,-11.719,-29.358,-54.077,174.007,65.841,86.616
-0.847,-0.028,-1.015,8.118,35.95,-69.214,176.578,65.078,93.389
-0.647,-0.127,-0.988,-4.517,27.466,-64.087,179.747,63.737,99.745
-0.49,-0.078,-0.766,-11.292,-4.333,-37.537,-178.72,63.336,102.788
-0.681,-0.041,-0.685,-12.268,-18.494,-15.686,-178.281,64.166,104.277
-0.643,0.0,-0.617,-2.808,-4.822,-5.737,-178.193,64.666,106.996
-0.685,-0.038,-0.627,4.578,-1.709,-8.423,-177.913,64.973,110.336
-0.668,-0.097,-0.651,6.592,12.024,-10.681,-177.314,64.852,114.049
-0.536,-0.16,-0.646,4.089,26.184,-4.7,-176.765,63.962,117.839
-0.445,-0.172,-0.664,-1.038,16.174,14.282,-176.979,62.875,118.823
-0.482,-0.184,-0.609,-5.676,-0.305,12.756,-177.539,62.249,114.708
-0.661,-0.135,-0.637,-14.282,-1.465,8.118,-178.231,62.161,111.022
-0.637,-0.098,-0.631,-16.846,15.564,5.615,-179.028,61.512,107.402
-0.514,-0.058,-0.608,-17.395,15.015,11.292,179.907,60.606,106.331
-0.542,0.019,-0.69,-17.029,-4.578,26.55,178.132,60.535,108.413
-0.952,0.127,-0.938,0.183,-4.578,17.151,176.666,61.183,109.946
-0.556,0.05,-0.792,12.085,30.884,5.737,176.808,60.397,112.385
-1.031,0.24,-1.195,-1.648,15.503,34.058,176.237,59.469,113.769
-0.509,0.188,-1.107,9.521,79.041,29.602,175.627,56.31,114.456
-0.055,0.237,-0.944,2.319,38.513,15.381,175.309,53.372,115.269
-0.256,0.137,-0.792,2.136,-26.794,-13.794,175.485,53.174,116.351
-0.791,0.072,-0.78,-4.15,-16.785,-30.212,176.045,54.712,118.647
-0.394,0.138,-0.746,-14.893,21.851,-3.723,175.913,53.926,121.339
-0.389,0.237,-0.771,-12.146,-0.366,10.925,175.001,53.377,122.69
-0.375,0.277,-0.781,-3.479,-2.319,22.644,174.095,53.273,123.179
-0.419,0.348,-0.791,7.69,-15.991,28.076,173.232,53.443,122.915
-0.455,0.32,-0.822,16.479,-12.512,30.334,172.793,53.712,122.443
-0.505,0.247,-0.754,18.005,-27.222,16.785,172.562,54.349,122.075
-0.61,0.15,-0.737,8.728,-26.001,-5.249,172.804,55.525,122.943
-0.605,0.137,-0.724,3.967,0.183,-13.428,173.117,56.234,124.969
-0.44,0.144,-0.683,4.395,7.996,-21.057,173.666,56.129,127.733
-0.386,0.143,-0.709,12.695,5.188,-13.367,174.501,55.97,130.347
-0.227,0.078,-0.665,14.771,-21.362,1.587,175.27,56.261,131.737
-0.785,0.127,-0.827,6.592,-71.716,7.324,175.287,58.738,131.841
-0.795,0.036,-0.77,9.216,-38.208,-18.677,175.633,61.227,133.259
-1.145,-0.024,-0.92,-2.869,-45.166,-48.706,176.995,63.649,137.197
-0.884,-0.163,-0.864,3.784,23.438,-71.96,179.511,64.182,143.322
-0.785,-0.223,-0.972,-4.7,47.424,-43.152,-178.099,62.622,149.436
-0.377,-0.191,-0.866,-9.46,34.79,-6.409,-177.638,60.568,152.803
-0.447,-0.01,-0.759,-13.489,-12.634,25.391,-178.55,60.37,153.671
-0.704,0.025,-0.763,-0.854,-14.221,22.705,-179.681,61.183,153.221
-0.663,-0.015,-0.778,1.77,6.348,14.893,179.874,61.392,153.671
-0.552,-0.028,-0.754,0.732,5.432,10.01,179.604,61.035,154.572
-0.551,-0.029,-0.708,-2.808,-3.174,5.066,179.374,61.095,155.737
-0.545,-0.027,-0.666,-2.38,-2.991,-2.686,179.302,61.403,157.308
-0.562,-0.036,-0.683,-3.235,-0.549,-5.066,179.412,61.6,159.23
-0.705,-0.07,-0.771,2.625,1.587,-21.24,179.945,61.732,161.763
-0.521,-0.161,-0.629,5.92,3.296,-31.25,-178.638,61.732,165.427
-0.517,-0.17,-0.589,-2.075,-14.282,-15.076,-177.473,62.292,169.025
-0.569,-0.152,-0.623,-8.179,-2.991,-2.136,-177.33,62.908,171.683
-0.53,-0.154,-0.65,-16.052,10.986,-3.418,-177.671,62.902,174.139
-0.31,-0.142,-0.577,-29.297,2.686,-3.54,-178.385,62.545,176.77
-0.479,-0.059,-0.665,-38.757,-40.588,-6.409,-179.599,63.842,179.247
-1.021,0.127,-0.864,-30.579,-27.527,-4.517,178.995,66.077,-179.028
-0.776,0.209,-0.867,-15.991,10.864,26.245,177.638,66.017,-178.544
-0.882,0.355,-0.984,-1.709,17.7,53.833,175.089,65.479,179.16
-0.646,0.334,-1.018,17.883,19.653,31.067,173.809,63.825,177.012
-0.611,0.19,-0.966,18.311,13.428,5.981,174.007,62.864,176.276
-0.635,0.112,-0.898,4.272,-3.723,-6.042,174.479,62.589,176.55
-0.694,0.12,-0.847,-7.08,-3.662,-12.878,174.666,62.765,177.38
-0.607,0.162,-0.745,-6.653,2.38,-8.423,174.639,62.82,178.434
-0.549,0.163,-0.689,-0.732,-0.854,-4.333,174.617,62.759,179.214
-0.505,0.155,-0.645,3.418,1.465,1.709,174.644,62.748,179.621
-0.441,0.139,-0.608,4.822,-2.869,7.202,174.584,62.633,179.643
-0.386,0.157,-0.547,1.526,-5.127,14.404,174.095,62.715,179.094
-0.5,0.208,-0.587,2.319,-21.484,15.076,173.37,63.276,178.22
-0.596,0.251,-0.616,5.737,-18.188,12.878,172.601,64.083,177.215
-0.583,0.254,-0.59,18.555,-17.7,-1.404,172.683,64.852,177.012
-0.718,0.087,-0.733,27.161,-4.395,-9.338,173.87,65.468,177.643
-0.834,0.008,-0.845,14.648,-3.845,5.554,174.776,65.709,178.231
-0.61,-0.051,-0.698,10.193,9.46,2.014,175.007,65.748,178.561
-1.114,-0.052,-0.962,-5.981,-19.653,-1.953,175.446,65.995,179.55
-0.636,-0.009,-0.95,2.686,45.654,10.315,175.523,64.495,-179.478
-0.524,0.095,-0.929,3.601,13.55,25.452,175.303,62.875,-179.621
-0.64,0.168,-0.864,21.606,2.502,41.87,174.705,62.347,178.5
-0.565,0.127,-0.759,37.964,3.235,50.842,174.578,61.793,175.891
-0.612,0.035,-0.758,48.828,0.977,46.936,174.93,61.386,173.057
-0.548,-0.066,-0.715,46.204,5.737,32.837,175.946,60.958,171.063
-0.557,-0.119,-0.709,33.264,-0.244,22.766,177.111,60.743,170.134
-0.542,-0.129,-0.705,21.973,1.587,12.146,178.017,60.727,170.101
-0.58,-0.119,-0.718,14.099,7.935,3.906,178.852,60.71,170.975
-0.507,-0.146,-0.705,5.737,8.24,-1.526,179.533,60.425,172.738
-0.6,-0.081,-0.717,-3.479,5.92,-1.465,179.808,60.397,175.007
-0.479,-0.125,-0.67,-1.77,14.343,-2.869,-179.934,60.013,177.006
-0.518,-0.062,-0.707,-11.719,1.831,3.906,179.912,59.815,178.616
-0.443,-0.034,-0.717,-11.414,-0.366,8.057,179.423,59.793,179.088
-0.413,0.029,-0.734,-12.207,-12.634,9.583,178.676,60.095,178.088
-0.34,0.038,-0.694,-9.888,-22.644,11.414,177.852,60.809,176.462
-0.671,0.121,-0.76,-15.137,-59.082,20.02,176.528,62.809,174.172
-0.801,0.185,-0.88,1.221,4.822,19.592,175.265,64.039,172.485
-0.539,0.242,-0.786,0.549,-13.428,41.382,174.078,63.869,170.557
-1.035,0.367,-0.978,12.512,-19.348,44.495,172.238,64.495,167.217
-0.721,0.263,-0.892,29.236,21.423,27.039,171.854,63.853,165.168
-0.664,0.192,-0.91,28.381,5.676,21.484,172.227,62.946,163.762
-0.614,0.1,-0.823,26.917,7.202,5.249,173.106,62.512,162.96
-0.532,0.065,-0.689,19.653,-5.371,14.221,173.952,62.347,162.274
-0.536,0.115,-0.61,12.756,-8.24,25.696,173.771,62.6,160.637
-0.468,0.157,-0.546,12.817,-4.517,31.616,173.249,62.71,158.719
-0.5,0.216,-0.582,15.503,-7.446,39.246,172.436,62.672,156.484
-0.65,0.259,-0.682,22.766,-2.258,41.199,171.562,62.644,154.012
-0.553,0.207,-0.658,26.855,-1.404,30.64,171.315,62.386,152.144
-0.561,0.155,-0.702,27.161,-6.958,24.414,171.447,62.386,150.573
-0.64,0.132,-0.794,27.832,-6.897,24.658,171.749,62.534,148.947
-0.867,0.159,-0.957,26.917,-7.874,36.316,171.76,62.666,146.481
-0.817,0.095,-1.029,32.715,20.996,33.325,171.969,62.023,143.817
-0.491,0.03,-0.853,30.457,17.212,37.72,172.458,60.793,140.499
-0.532,0.012,-0.696,14.343,-45.532,38.818,172.161,61.161,135.956
-1.005,0.113,-0.805,16.174,-22.4,34.668,171.222,62.897,130.935
-0.875,0.105,-0.846,28.564,34.546,37.903,171.332,62.089,126.161
-0.455,0.028,-0.778,39.246,48.523,41.321,172.238,59.414,121.476
-0.32,0.045,-0.737,36.133,0.61,43.579,173.106,57.733,116.845
-0.694,-0.024,-0.74,30.884,-14.771,37.72,173.589,58.024,112.154
-0.619,0.013,-0.72,27.71,6.042,27.344,174.144,57.838,107.842
-0.599,-0.053,-0.741,28.442,10.193,23.315,175.084,57.305,103.975
-0.601,-0.089,-0.771,19.47,3.845,21.423,175.919,56.81,100.294
-0.579,-0.094,-0.785,12.695,6.836,20.264,176.413,56.36,96.817
-0.61,-0.075,-0.822,5.066,5.31,20.02,176.605,55.97,93.527
-0.582,-0.035,-0.93,-2.991,5.249,26.917,176.292,55.448,90.093
-0.495,0.069,-0.907,-3.723,-7.874,26.123,175.474,55.47,86.495
-0.577,0.218,-0.905,4.456,-19.165,41.748,174.551,56.041,82.672
-0.538,0.129,-0.876,26.306,6.287,41.138,174.227,55.997,78.514
-0.226,0.062,-0.752,26.489,7.202,39.734,174.556,55.118,74.96
-0.521,0.157,-0.825,8.057,-28.625,60.303,173.831,55.475,70.768
-0.604,0.235,-0.855,14.954,-0.488,56.03,172.54,55.624,66.033
-0.489,0.275,-0.839,23.682,3.967,58.35,171.76,54.987,61.463
-0.493,0.215,-0.802,32.043,-4.7,61.096,171.442,54.459,56.865
-0.541,0.223,-0.753,33.691,-12.268,66.956,171.123,54.322,51.79
-0.534,0.228,-0.744,37.048,-9.338,65.491,170.898,54.322,46.5
-0.505,0.262,-0.772,42.969,-9.46,65.674,170.92,54.256,41.237
-0.463,0.246,-0.814,48.218,-9.399,69.092,171.183,54.102,35.903
-0.446,0.259,-0.815,46.753,-13.306,72.388,171.37,54.042,30.482
-0.503,0.242,-0.843,47.302,-19.775,72.449,171.42,54.272,24.977
-0.776,0.281,-0.967,42.114,-25.452,77.942,171.271,54.772,19.314
-0.65,0.197,-0.971,43.091,-13.794,68.542,171.172,54.761,13.766
-0.543,0.168,-0.854,45.227,-1.648,65.002,171.348,54.602,8.767
-0.377,0.06,-0.696,52.307,-14.648,59.204,171.964,54.525,4.142
-0.534,0.009,-0.673,53.406,-32.288,61.279,172.853,55.294,-0.308
-0.788,-0.044,-0.792,63.721,-2.808,64.941,173.897,55.844,-4.982
-0.599,-0.093,-0.807,68.298,26.733,68.604,175.54,54.717,-9.366
-0.31,-0.202,-0.842,58.044,18.25,72.51,177.182,53.141,-13.727
-0.418,-0.129,-0.803,37.292,-18.005,64.392,177.946,52.976,-17.924
-0.593,-0.087,-0.766,31.311,-14.099,49.133,178.429,53.707,-21.275
-0.583,-0.091,-0.763,27.344,-5.005,44.495,178.824,54.141,-24.197
-0.472,-0.175,-0.754,22.827,2.991,30.273,179.401,54.157,-26.488
-0.473,-0.187,-0.802,7.08,-5.737,28.992,179.758,54.174,-28.163
-0.579,-0.103,-0.839,-7.874,-13.306,32.532,179.187,54.646,-29.993
-0.669,-0.063,-0.866,-25.146,-11.475,21.179,177.935,55.349,-31.652
-0.651,0.127,-0.88,-32.837,0.854,10.315,176.276,55.739,-32.558
-0.452,0.238,-0.896,-23.438,11.23,18.555,174.71,55.333,-33.541
-0.292,0.255,-0.89,-2.625,17.395,11.536,173.771,54.454,-34.645
-0.223,0.221,-0.81,-5.859,-26.184,9.338,173.469,54.41,-35.206
-0.803,0.33,-0.958,3.052,-15.991,8.606,172.623,55.629,-36.42
-0.512,0.207,-0.955,14.404,34.546,-7.629,173.304,54.63,-36.486
-0.3,0.169,-0.951,16.602,23.56,-2.747,174.227,53.157,-36.282
-0.266,0.117,-0.856,9.399,-1.038,4.456,174.727,52.575,-36.524
-0.296,0.149,-0.746,5.676,-14.709,8.118,174.754,52.861,-37.024
-0.373,0.165,-0.699,8.362,-15.747,11.536,174.661,53.47,-37.782
-0.37,0.206,-0.723,12.39,-9.583,20.508,174.545,53.784,-38.925
-0.426,0.238,-0.765,13.123,-18.25,34.058,174.21,54.113,-40.809
-0.426,0.265,-0.706,17.273,-23.132,38.33,173.551,54.794,-43.484
-0.515,0.25,-0.733,22.583,-23.438,28.198,173.21,55.69,-46.005
-0.479,0.202,-0.751,24.353,-12.817,22.095,173.26,56.332,-48.115
-0.312,0.132,-0.686,24.841,-14.099,15.198,173.661,56.777,-49.642
-0.413,0.129,-0.77,17.883,-47.607,22.4,173.892,57.865,-51.092
-2.088,0.394,-2.113,20.142,-55.237,31.494,173.353,60.293,-53.438
-0.855,-0.025,-0.874,26.733,-33.875,12.512,173.507,62.232,-55.322
-1.226,-0.004,-1.0,19.47,-19.226,-4.7,174.199,64.21,-55.838
-0.779,-0.147,-0.855,21.851,52.917,-13.794,176.243,63.029,-54.651
-0.349,-0.156,-0.796,1.465,53.406,3.54,177.297,60.337,-53.855
-0.24,-0.044,-0.744,-11.23,12.39,3.113,177.122,58.925,-53.553
-0.513,0.032,-0.768,-9.644,-16.296,2.197,176.836,59.211,-53.141
-0.643,0.015,-0.761,1.77,-1.953,-3.418,176.819,59.716,-52.861
-0.556,-0.061,-0.738,2.625,5.676,-11.475,177.561,59.557,-51.921
-0.511,-0.07,-0.711,-3.845,6.348,-5.737,177.929,59.37,-51.202
-0.441,-0.045,-0.63,-11.78,-8.301,-11.047,178.099,59.409,-50.323
-0.575,-0.007,-0.655,-11.658,-8.179,-14.648,178.099,60.046,-49.301
-0.47,-0.053,-0.615,-13.611,-1.953,-21.851,178.385,60.293,-47.939
-0.553,-0.041,-0.673,-17.517,-6.226,-23.804,178.627,60.727,-46.324
-0.503,-0.046,-0.714,-17.944,1.648,-27.1,178.824,60.974,-44.632
-0.643,-0.029,-0.772,-27.405,-27.588,-29.419,179.006,61.721,-42.66
-0.912,0.123,-0.964,-23.743,3.967,-30.151,178.841,62.743,-40.825
-0.937,0.275,-1.048,-20.935,21.301,-8.789,178.522,62.38,-39.655
-0.796,0.32,-1.125,-6.226,53.162,3.113,178.022,60.271,-39.705
-0.367,0.259,-0.989,7.08,54.993,-1.648,178.011,57.404,-39.93
-0.259,0.122,-0.852,6.958,4.761,-13.0,178.544,56.091,-39.518
-0.444,0.078,-0.75,-7.446,-15.808,-6.531,178.561,56.585,-39.111
-0.496,0.147,-0.734,-15.137,-13.489,1.709,177.759,57.189,-39.221
-0.486,0.224,-0.7,-12.451,-6.836,13.733,176.572,57.612,-39.985
-0.446,0.264,-0.707,-6.775,-9.888,25.085,175.232,57.783,-41.567
-0.51,0.35,-0.74,3.479,0.854,33.997,173.787,57.881,-43.852
-0.399,0.298,-0.704,15.503,-6.836,28.992,173.002,57.585,-46.159
-0.499,0.298,-0.677,19.531,-18.555,31.311,172.375,58.123,-48.708
-0.443,0.204,-0.618,23.865,-22.4,13.062,172.315,58.777,-50.729
-0.622,0.182,-0.724,25.024,-7.263,8.057,172.694,59.623,-52.015
-0.515,0.163,-0.825,18.86,2.075,6.592,173.375,59.485,-52.718
-0.667,0.111,-0.989,22.339,0.61,0.671,173.996,59.458,-53.234
-0.348,-0.037,-0.709,15.259,-7.141,-10.132,175.133,59.557,-52.894
-1.153,0.012,-0.989,-2.625,-57.495,-4.333,175.693,61.013,-52.35
-0.871,-0.029,-0.977,4.089,33.264,-9.399,176.067,60.974,-51.877
-0.556,-0.027,-0.936,-2.808,38.696,-1.038,176.622,59.299,-51.015
-0.344,0.044,-0.813,-7.568,6.775,10.071,176.32,58.189,-51.037
-0.517,0.098,-0.696,-0.732,-14.404,4.761,175.974,58.623,-51.235
-0.644,0.039,-0.726,4.639,-3.052,-3.357,176.188,59.046,-51.097
-0.579,-0.014,-0.721,1.343,12.451,-8.057,176.666,58.815,-50.554
-0.394,-0.063,-0.73,-1.953,16.663,-14.16,177.242,58.085,-49.554
-0.535,-0.022,-0.833,-11.719,-1.465,-12.695,177.435,57.964,-48.483
-0.356,-0.035,-0.716,-11.047,6.348,-19.409,177.693,57.81,-47.098
-0.542,0.03,-0.742,-10.803,-19.836,-15.259,177.786,58.255,-45.829
-0.456,-0.016,-0.678,-1.831,0.61,-21.057,178.27,58.7,-44.522
-0.471,-0.023,-0.608,-1.465,-2.502,-10.681,178.896,58.931,-43.319
-0.477,-0.026,-0.624,-2.625,-6.104,-4.272,179.198,59.041,-42.753
-0.585,0.038,-0.823,-5.188,-0.977,-0.732,179.165,59.244,-42.506
-0.758,0.07,-0.947,-6.104,-10.132,-10.376,179.116,59.628,-42.188
-0.896,0.182,-1.092,-11.536,-11.292,-2.441,179.105,59.947,-41.589
-0.739,0.2,-1.012,5.31,23.315,-2.075,178.863,59.908,-41.754
-0.565,0.179,-1.032,7.568,27.1,0.0,179.242,58.623,-41.754
-0.409,0.094,-0.988,8.057,8.545,-11.169,179.665,57.75,-41.649
-0.5,0.013,-0.883,-7.263,-18.311,-22.705,-179.819,58.085,-40.49
-0.655,0.04,-0.805,-16.602,-14.954,-16.052,-179.934,58.931,-39.37
-0.531,0.109,-0.735,-15.442,0.977,-5.798,179.473,59.112,-38.897
-0.434,0.146,-0.655,-10.193,-4.944,4.761,178.764,59.2,-39.078
-0.482,0.179,-0.637,-4.15,-11.047,16.052,177.863,59.612,-40.067
-0.493,0.214,-0.656,2.014,-5.859,23.865,176.858,59.875,-41.77
-0.577,0.189,-0.73,7.751,-4.089,20.508,176.072,60.106,-43.709
-0.471,0.158,-0.653,3.479,-12.817,9.277,175.638,60.32,-45.0
-0.62,0.147,-0.686,4.089,-17.578,2.625,175.276,61.194,-45.901
-0.543,0.143,-0.648,3.662,-6.775,2.014,175.166,61.815,-46.423
-0.453,0.117,-0.665,6.775,-2.93,8.606,175.073,62.001,-47.06
-0.722,0.148,-0.867,8.24,-21.362,12.329,174.814,62.529,-48.054
-0.69,0.081,-0.824,12.329,-2.625,11.475,174.694,63.133,-49.125
-1.034,0.076,-1.094,6.042,-36.316,5.066,174.831,63.66,-49.752
-0.924,0.074,-1.007,12.939,32.959,3.479,175.023,63.781,-50.18
-0.58,-0.01,-0.958,15.503,37.231,-3.967,176.215,62.029,-49.642
-0.449,0.013,-0.903,5.798,12.207,14.832,176.605,60.859,-49.828
-0.439,0.024,-0.742,2.991,-10.742,11.23,176.385,60.864,-50.51
-0.637,0.047,-0.736,-0.854,-21.118,0.488,176.243,61.688,-50.718
-0.627,-0.002,-0.696,0.427,-1.099,-10.925,176.622,62.161,-50.18
-0.613,0.009,-0.708,0.0,0.671,-8.728,177.105,62.221,-49.433
-0.49,-0.048,-0.661,-1.465,2.991,-7.385,177.567,62.144,-48.801
-0.499,-0.013,-0.663,-5.737,0.916,-6.104,177.665,62.177,-48.329
-0.53,-0.036,-0.636,-7.324,-6.531,-16.785,177.995,62.54,-47.401
-0.558,-0.033,-0.628,-8.423,-4.028,-20.691,178.478,62.908,-46.099
-0.491,-0.031,-0.613,-10.254,-3.418,-19.226,179.039,63.111,-44.659
-0.477,-0.04,-0.587,-12.512,-4.822,-18.188,179.385,63.479,-43.385
-0.683,0.044,-0.753,-15.259,-14.771,-12.512,179.379,64.023,-42.369
-1.004,0.093,-1.013,-8.667,2.625,-12.634,179.385,64.534,-41.611
-0.537,0.103,-0.912,-6.104,30.09,3.967,179.429,63.55,-41.276
-0.889,0.148,-1.086,4.395,-16.479,2.747,178.973,63.479,-41.891
-0.637,0.143,-0.938,-2.93,12.878,11.414,178.726,63.204,-42.462
-0.733,0.144,-0.901,-1.404,-0.488,5.493,178.033,63.078,-43.391
-0.586,0.096,-0.761,-7.69,2.747,-16.541,178.05,62.924,-43.033
-0.644,0.096,-0.733,-8.85,-1.892,-19.226,178.27,62.996,-42.061
-0.589,0.083,-0.695,-8.362,8.484,-11.597,178.396,62.864,-41.331
-0.504,0.144,-0.666,-7.69,7.446,6.714,177.929,62.43,-41.55
-0.466,0.171,-0.648,-1.892,5.615,13.855,177.138,62.1,-42.621
-0.425,0.208,-0.68,3.784,5.493,16.113,176.468,61.688,-43.918
-0.454,0.167,-0.656,10.62,-1.526,13.062,176.067,61.595,-45.286
-0.437,0.146,-0.637,12.817,-13.855,7.629,175.995,61.694,-46.373
-0.585,0.085,-0.646,11.169,-21.301,2.869,176.116,62.589,-47.192
-0.587,0.014,-0.66,2.991,-19.226,-0.732,176.237,63.506,-47.703
-0.901,0.092,-0.812,-10.254,-14.038,-3.662,175.979,64.567,-47.851
-0.908,0.114,-0.92,-9.583,7.568,-2.563,175.71,64.77,-47.752
-0.703,0.172,-0.993,-4.333,-1.831,1.831,175.347,64.105,-47.911
-0.834,0.065,-0.932,8.24,11.658,-6.47,175.54,64.369,-48.005
-0.681,-0.002,-0.875,11.597,19.409,-11.719,176.6,63.682,-47.313
-0.589,-0.031,-0.868,3.967,17.944,7.812,177.16,62.759,-47.181
-0.511,0.042,-0.781,3.418,9.033,18.86,176.836,62.034,-48.049
-0.541,0.064,-0.726,2.258,-9.583,21.484,176.292,61.99,-49.318
-0.64,0.075,-0.695,4.15,-6.287,10.254,175.897,62.38,-50.345
-0.535,0.015,-0.633,4.639,-1.282,-3.906,176.16,62.452,-50.471
-0.564,-0.016,-0.647,-0.61,4.7,-11.536,176.671,62.573,-49.927
-0.535,-0.011,-0.712,0.854,12.207,-14.526,177.374,62.089,-48.972
-0.475,-0.068,-0.696,3.601,10.376,-15.625,178.281,61.595,-47.911
-0.522,-0.088,-0.66,-1.404,-14.465,-8.85,178.978,61.793,-47.038
-0.558,-0.047,-0.649,-8.24,-6.775,0.854,179.154,62.386,-46.604
-0.509,0.035,-0.655,-11.597,-11.78,12.756,178.533,62.836,-47.01
-0.692,0.136,-0.794,-6.775,-13.367,10.986,177.599,63.441,-47.895
-0.846,0.134,-0.88,4.333,-6.287,0.244,177.347,64.001,-48.4
-0.611,0.139,-0.914,-3.784,7.751,15.686,177.264,63.776,-48.878
-0.905,0.202,-1.02,7.202,6.042,8.24,176.342,63.918,-50.323
-0.657,0.135,-0.895,5.554,18.066,-7.812,176.94,63.204,-50.186
-0.709,0.101,-0.912,3.052,16.052,-2.197,177.122,62.496,-50.279
-0.55,0.081,-0.853,-5.432,24.292,-12.573,177.468,61.436,-49.713
-0.47,0.114,-0.815,-6.47,10.254,0.0,177.281,60.54,-49.537
-0.492,0.13,-0.756,-5.859,-0.732,8.484,176.781,60.337,-49.982
-0.42,0.169,-0.644,-3.479,-10.01,21.973,175.847,60.447,-51.257
-0.408,0.219,-0.563,0.793,-22.217,26.001,174.633,61.084,-53.234
-0.497,0.205,-0.614,9.399,-26.855,19.836,173.76,62.073,-55.212
-0.601,0.219,-0.627,7.019,-31.921,26.733,172.875,63.276,-57.365
-0.731,0.275,-0.651,9.338,-13.0,27.649,171.705,64.188,-59.897
-0.591,0.195,-0.676,18.738,10.376,1.831,171.716,64.05,-61.177
-0.632,0.127,-0.834,18.066,-1.221,0.732,172.502,63.803,-61.496
-0.796,0.021,-0.864,13.794,0.61,3.845,173.04,64.16,-62.012
-0.518,-0.044,-0.883,3.906,-0.305,-0.61,173.584,63.842,-62.045
-0.954,0.138,-0.89,-7.69,-12.512,17.151,172.914,64.715,-62.776
-0.796,0.053,-0.943,9.338,23.376,-9.705,173.035,64.352,-62.952
-0.594,0.031,-0.938,6.165,36.682,5.798,174.001,62.935,-62.221
-0.365,0.027,-0.84,3.723,6.409,12.817,174.04,61.644,-62.644
-0.434,0.062,-0.669,0.549,-27.405,16.846,173.771,62.04,-63.358
-0.653,0.099,-0.605,2.014,-34.729,16.907,172.985,63.539,-64.742
-0.637,0.082,-0.55,7.08,-18.127,-1.282,172.985,64.611,-65.264
-0.599,0.044,-0.498,10.315,-7.019,-15.137,173.826,65.369,-64.764
-0.588,-0.047,-0.557,6.47,10.559,-33.264,175.474,65.49,-63.062
-0.589,-0.091,-0.601,-4.456,17.761,-37.292,177.297,65.083,-60.469
-0.421,-0.142,-0.607,-11.597,10.132,-37.354,178.748,64.556,-57.799
-0.617,-0.064,-0.765,-25.635,-3.479,-20.691,179.275,64.704,-55.646
-0.952,0.131,-1.044,-20.935,7.568,2.441,178.583,64.753,-54.992
-0.432,0.177,-0.819,-13.062,41.077,24.414,177.55,63.358,-55.591
-0.958,0.427,-1.101,1.648,-20.325,24.414,175.688,62.919,-57.717
-0.609,0.199,-1.0,18.738,36.743,-9.46,176.292,61.859,-58.101
-0.535,0.084,-0.942,10.254,8.24,-17.456,177.369,60.82,-57.448
-0.514,-0.052,-0.821,-12.878,-3.418,-37.842,178.253,60.716,-55.898
-0.583,-0.002,-0.714,-35.522,-9.705,-39.185,178.462,61.199,-53.459
-0.601,0.133,-0.683,-38.818,-1.77,-25.085,177.709,61.545,-51.548
-0.524,0.208,-0.629,-26.245,0.916,-5.737,176.649,61.633,-50.724
-0.418,0.239,-0.571,-11.353,-5.31,11.658,175.446,61.705,-51.334
-0.44,0.289,-0.547,3.174,-14.526,22.095,174.331,62.15,-52.965
-0.684,0.353,-0.662,17.822,-23.438,30.029,173.359,62.968,-55.459
-0.726,0.25,-0.708,33.325,8.362,17.456,173.43,63.127,-57.612
-0.537,0.157,-0.677,34.79,7.996,3.967,174.501,62.693,-58.596
-0.43,0.021,-0.644,31.799,-9.766,-2.747,175.941,62.847,-58.936
-0.813,0.032,-0.883,21.484,-22.644,1.404,176.951,63.924,-59.255
-0.643,-0.072,-0.774,21.851,4.089,-2.197,177.979,64.468,-59.376
-1.056,-0.018,-0.958,14.343,-10.193,-3.601,178.907,64.852,-59.183
-0.712,-0.104,-0.978,20.752,37.781,-3.54,-179.791,63.765,-58.7
-0.585,-0.159,-0.965,10.864,24.17,7.629,-178.813,62.298,-58.541
-0.563,-0.061,-0.885,-3.967,4.578,20.264,-179.055,61.551,-59.194
-0.519,0.036,-0.731,-4.578,-1.709,16.479,-179.802,61.386,-60.068
-0.628,0.111,-0.71,6.409,-3.601,10.193,179.808,61.534,-60.705
-0.543,0.013,-0.67,17.7,8.301,0.305,-179.703,61.353,-60.98
-0.472,-0.084,-0.694,18.066,16.235,-11.169,-178.555,60.782,-60.551
-0.458,-0.18,-0.789,9.827,3.906,-19.775,-177.155,60.161,-59.414
-0.536,-0.239,-0.783,-1.404,-8.911,-31.006,-175.814,60.293,-57.448
-0.524,-0.174,-0.651,-14.832,-15.564,-20.996,-175.023,60.963,-55.377
-0.624,-0.115,-0.658,-11.963,-6.531,-18.188,-174.792,61.567,-53.932
-0.439,-0.135,-0.627,-14.343,6.836,-10.315,-174.578,61.32,-52.718
-0.334,-0.116,-0.597,-23.071,-5.005,2.38,-175.221,61.364,-52.317
-0.333,-0.07,-0.588,-27.649,-18.799,-2.991,-176.248,61.979,-51.982
-0.702,-0.011,-0.724,-28.32,-45.288,-11.78,-177.067,63.611,-51.108
-0.892,0.089,-0.876,-21.606,-18.677,-5.371,-177.731,65.099,-50.323
-1.046,0.232,-0.988,-17.029,-7.263,33.813,-179.297,66.028,-51.394
-1.186,0.367,-1.207,0.0,54.626,34.546,178.401,65.034,-54.108
-0.438,0.207,-0.995,12.512,63.965,6.775,178.099,61.551,-55.234
-0.37,0.036,-0.876,-0.305,-2.38,-5.005,178.286,59.974,-55.393
-0.676,0.047,-0.764,-14.954,-15.686,-19.165,178.231,60.738,-54.635
-0.508,0.114,-0.636,-14.526,-4.089,-1.892,177.759,61.111,-54.042
-0.498,0.156,-0.581,-9.033,-5.005,15.381,176.83,61.359,-54.58
-0.422,0.228,-0.521,-2.258,-4.7,37.72,175.413,61.425,-56.398
-0.567,0.322,-0.613,11.169,-9.521,59.753,173.524,61.452,-59.793
-0.594,0.288,-0.613,27.832,-0.305,66.711,171.832,61.205,-64.254
-0.419,0.168,-0.616,27.771,-15.137,51.086,170.887,60.919,-68.154
-0.666,0.206,-0.702,8.972,-13.794,47.241,169.629,61.501,-71.455
-0.589,0.327,-0.819,18.25,4.333,40.1,168.464,61.029,-74.262
-0.794,0.277,-1.034,27.71,6.775,42.358,168.245,60.282,-76.586
-0.328,0.147,-0.761,39.246,15.015,32.654,168.541,59.09,-78.86
-0.753,0.044,-0.932,11.902,-70.801,15.259,169.096,60.216,-80.079
-1.069,0.165,-1.018,27.832,10.071,12.451,168.871,61.859,-81.502
-0.64,0.003,-0.889,19.775,21.606,16.113,170.261,60.941,-81.381
-0.417,0.126,-0.847,6.775,13.55,52.124,169.937,59.634,-82.892
-0.35,0.194,-0.717,14.038,-12.817,44.189,168.876,59.046,-85.507
-0.521,0.178,-0.664,19.775,-37.292,39.429,168.256,59.782,-87.94
-0.62,0.106,-0.604,25.635,-21.545,27.893,167.97,60.886,-90.22
-0.637,0.103,-0.637,23.499,-9.399,17.395,168.415,61.353,-91.39
-0.686,0.065,-0.695,26.428,7.935,12.268,169.206,61.331,-91.983
-0.511,0.077,-0.612,23.499,4.944,11.169,170.173,60.947,-92.225
-0.447,0.054,-0.564,27.039,-21.24,7.69,171.178,61.375,-92.51
-0.653,0.053,-0.592,32.349,-24.658,11.536,172.117,62.831,-93.142
-0.58,0.007,-0.629,32.227,-3.906,22.339,173.156,63.32,-93.955
-0.748,0.092,-0.857,31.189,4.211,49.316,173.287,63.149,-96.042
-0.638,0.158,-0.875,37.354,11.719,65.796,172.749,62.375,-99.47
-0.964,0.313,-1.063,38.391,-3.296,78.613,171.733,61.897,-103.821
-0.681,0.174,-0.966,43.335,5.615,59.998,171.486,60.936,-107.611
-0.852,0.244,-0.985,35.767,-5.859,53.772,171.293,60.683,-110.748
-0.537,0.051,-0.827,50.842,25.513,29.419,172.222,59.612,-112.802
-0.385,-0.005,-0.742,38.696,5.554,39.062,173.568,58.541,-114.219
-0.476,0.038,-0.666,28.992,-14.893,57.739,173.644,58.486,-116.949
-0.556,0.135,-0.658,30.09,-8.667,65.674,172.985,58.711,-120.564
-0.523,0.129,-0.741,36.377,2.38,63.171,172.579,58.25,-124.189
-0.548,0.111,-0.868,39.062,5.92,59.143,172.507,57.607,-127.551
-0.615,0.101,-1.016,33.203,-7.141,62.866,172.595,57.03,-130.529
-0.619,0.121,-0.93,42.48,-0.732,71.594,172.172,56.854,-134.203
-0.333,-0.034,-0.686,44.067,-14.893,64.453,172.386,56.552,-137.604
-0.581,-0.013,-0.746,41.931,-35.339,70.251,172.458,57.343,-141.119
-0.736,0.047,-0.763,54.626,-15.625,85.815,172.282,58.063,-145.404
-0.764,-0.081,-0.839,74.158,17.517,82.642,173.101,57.332,-149.568
-0.452,-0.203,-0.793,69.092,29.602,87.646,174.551,55.574,-153.27
-0.379,-0.115,-0.753,47.974,-2.563,107.117,174.71,54.569,-158.027
-0.49,-0.087,-0.737,49.683,-12.939,92.712,174.688,54.63,-162.729
-0.552,-0.052,-0.771,47.729,-16.235,89.478,174.787,54.932,-167.064
-0.629,-0.101,-0.882,43.64,-9.766,75.012,174.979,55.267,-170.903
-0.598,-0.12,-1.072,26.062,-2.258,50.049,175.133,55.36,-173.705
-0.417,-0.111,-0.946,2.258,-9.46,21.362,175.221,55.338,-174.886
-0.456,0.025,-0.809,-20.752,-30.273,20.203,174.562,56.266,-175.364
-0.615,0.231,-0.794,-21.179,-14.893,37.903,172.694,57.239,-176.71
-0.574,0.342,-0.793,0.0,-4.333,44.861,170.914,57.244,-178.781
-0.648,0.375,-0.836,36.133,6.775,51.025,170.239,56.794,178.764
-0.493,0.144,-0.78,51.147,19.897,44.678,171.09,55.651,176.501
-0.384,0.09,-0.761,39.612,12.39,50.293,172.062,54.399,174.402
-0.39,0.116,-0.715,24.17,-5.737,55.908,172.117,53.795,171.727
-0.489,0.204,-0.743,18.005,-6.958,53.528,171.53,53.718,168.898
-0.477,0.269,-0.806,21.912,6.226,52.673,170.986,53.256,166.24
-0.362,0.256,-0.896,27.832,7.08,45.044,170.953,52.311,163.927
-0.322,0.218,-0.929,27.954,-11.78,37.354,171.183,52.07,161.807
-0.605,0.177,-1.05,21.667,-35.706,32.654,171.365,52.888,159.763
-0.712,0.146,-1.016,16.846,-26.123,34.729,171.151,53.937,157.648
-0.515,0.042,-0.908,19.714,-8.301,23.315,171.293,54.305,156.165
-0.321,-0.008,-0.754,15.869,-18.921,26.489,171.535,54.695,154.874
-0.643,0.042,-0.731,16.296,-39.185,32.654,171.315,56.184,152.836
-0.677,-0.002,-0.824,21.301,2.686,38.025,171.398,56.684,150.925
-0.495,0.021,-0.818,22.522,28.625,43.884,171.524,55.607,149.024
-0.324,0.026,-0.853,18.066,16.724,41.992,171.711,54.047,147.09
-0.352,0.031,-0.826,16.052,0.61,28.137,171.859,53.377,145.195
-0.455,0.047,-0.836,11.658,-4.028,19.897,172.2,53.218,143.871
-0.383,0.021,-0.793,15.32,6.348,8.179,172.645,52.982,142.943
-0.479,-0.014,-0.828,9.277,-7.263,-4.639,173.518,52.938,142.822
-0.429,-0.06,-0.775,9.277,4.333,-15.686,174.463,53.097,143.273
-0.332,-0.101,-0.694,-1.343,-14.343,-18.25,175.452,53.361,144.196
-0.424,-0.042,-0.619,-11.169,-20.203,-9.521,175.611,54.448,144.591
-0.489,-0.011,-0.614,-14.343,-17.151,-9.338,175.457,55.404,144.915
-0.602,0.023,-0.67,-13.489,2.991,-15.198,175.325,55.964,145.679
-0.479,-0.013,-0.762,-19.165,7.324,-23.193,175.446,55.86,147.107
-0.562,0.114,-0.964,-21.301,0.854,-20.996,175.298,55.882,148.596
-0.739,0.224,-1.04,-15.381,1.77,-8.24,174.902,56.228,149.442
-0.698,0.365,-1.1,-9.705,13.794,21.729,174.056,55.624,149.112
-0.449,0.35,-1.125,1.099,20.02,16.052,173.337,54.25,148.074
-0.321,0.319,-1.024,8.24,7.874,-0.549,173.183,53.344,147.634
-0.392,0.146,-0.896,4.456,-13.733,-26.123,173.749,53.503,148.233
-0.483,0.115,-0.788,-8.606,-15.503,-34.424,174.331,54.311,149.744
-0.609,0.158,-0.792,-15.259,-8.484,-27.161,174.408,55.102,151.265
-0.487,0.19,-0.703,-18.799,-3.601,-18.127,174.117,55.437,152.507
-0.625,0.204,-0.725,-20.386,-6.104,-18.738,173.568,55.959,153.572
-0.502,0.202,-0.668,-25.085,17.578,-17.639,172.881,55.86,154.797
-0.411,0.242,-0.649,-30.884,19.592,-20.813,171.953,55.14,156.204
-0.406,0.252,-0.7,-36.499,25.757,-20.081,170.815,54.344,157.67
-0.15,0.247,-0.691,-50.354,21.179,-26.672,169.321,53.196,159.368
-0.295,0.468,-0.66,-43.457,-20.203,-27.832,167.333,53.784,160.686
-0.419,0.459,-0.646,-3.113,-38.574,-13.428,166.339,55.305,161.093
-0.575,0.435,-0.648,27.893,-26.611,19.165,166.19,56.827,160.043
-0.735,0.37,-0.877,53.894,-38.147,41.809,166.674,57.557,157.505
-0.892,0.111,-1.03,61.157,-18.555,26.55,168.03,58.48,155.067
-0.603,-0.02,-0.901,25.33,-6.409,5.066,169.53,59.095,154.303
-1.12,0.073,-1.188,11.841,-2.991,10.864,170.184,59.854,153.968
-0.533,0.046,-1.025,23.621,73.914,14.771,171.013,57.876,153.809
-0.137,0.019,-0.934,17.883,15.991,17.334,172.117,55.289,153.501
-0.409,0.037,-0.79,15.198,-20.935,18.372,172.474,55.508,152.078
-0.479,0.051,-0.706,12.085,-17.883,13.733,172.755,56.102,150.705
-0.511,0.012,-0.711,11.841,6.348,0.305,173.249,56.415,149.985
-0.315,0.016,-0.693,-0.183,1.282,-1.709,173.886,55.964,150.029
-0.453,0.07,-0.672,-3.357,-11.902,-3.052,173.875,56.371,149.766
-0.543,0.099,-0.707,-0.854,-10.62,-4.15,173.985,56.893,149.711
-0.599,0.021,-0.773,16.418,15.686,-26.245,174.996,56.981,150.491
-0.413,-0.124,-0.785,10.498,11.78,-44.128,177.182,56.371,152.836
-0.279,-0.159,-0.727,-6.775,-8.667,-35.034,178.638,56.431,154.885
-0.726,-0.052,-0.841,-21.118,-42.48,-31.921,179.05,58.151,156.357
-0.686,0.071,-0.87,-13.489,26.367,-19.592,179.236,58.381,157.775
-0.627,0.188,-1.094,-9.094,-2.38,-4.517,179.094,57.491,158.275
-0.941,0.132,-1.216,-1.404,25.146,1.465,179.127,57.574,158.439
-0.213,0.208,-1.015,-8.484,20.813,16.663,178.489,55.536,157.742
-0.393,0.217,-0.919,-4.7,-34.241,2.258,177.676,55.904,156.797
-0.558,0.243,-0.788,-1.587,-30.701,1.282,177.226,57.502,156.324
-0.444,0.181,-0.612,10.986,-33.569,0.0,177.1,58.804,155.792
-0.539,0.185,-0.514,11.536,-48.096,7.568,177.182,60.798,155.193
-0.851,0.22,-0.646,16.968,-21.362,18.555,176.836,62.661,153.929
-0.595,0.17,-0.56,25.208,20.386,16.174,176.984,62.518,152.941
-0.484,0.135,-0.583,32.593,15.808,20.691,177.413,61.611,151.902
-0.471,0.112,-0.632,31.555,7.69,24.109,177.907,61.128,150.551
-0.516,0.067,-0.684,34.058,3.662,19.043,178.627,60.897,149.249
-0.451,0.062,-0.695,31.25,5.31,15.991,179.352,60.551,148.002
-0.639,-0.04,-0.913,26.733,-19.531,9.766,-179.583,60.864,147.14
-0.979,-0.053,-1.15,13.306,-8.545,9.949,-179.176,61.716,146.124
-0.648,-0.168,-1.011,12.695,10.071,-25.391,-178.11,61.501,146.508
-0.818,-0.17,-0.991,-12.451,-11.353,-28.748,-176.83,61.935,148.222
-0.731,-0.058,-0.925,-4.089,13.489,-6.042,-176.666,61.694,148.793
-0.511,-0.127,-0.792,5.737,17.639,9.521,-176.479,60.815,148.277
-0.54,-0.094,-0.73,6.653,-15.93,28.381,-176.874,60.914,146.525
-0.596,-0.1,-0.685,7.874,-10.742,24.048,-177.286,61.573,144.52
-0.646,-0.124,-0.686,9.277,-3.235,14.038,-177.385,62.007,142.976
-0.633,-0.196,-0.727,4.395,19.958,1.587,-177.006,61.639,142.224
-0.525,-0.21,-0.711,-11.23,12.512,4.15,-176.885,60.76,141.724
-0.385,-0.139,-0.64,-17.029,-3.113,5.188,-177.484,60.436,140.933
-0.546,-0.062,-0.672,-17.822,2.991,13.0,-178.286,60.661,139.938
-0.467,-0.036,-0.675,-13.977,5.615,10.742,-179.16,60.255,138.741
-0.351,0.023,-0.657,-14.404,9.46,11.475,179.967,59.76,137.642
-0.232,0.022,-0.577,-18.433,-22.522,0.732,179.132,60.024,136.862
-0.764,0.11,-0.814,-22.4,-51.392,-5.005,178.204,62.007,136.461
-0.929,0.246,-0.967,-12.695,-8.362,-1.587,177.369,63.353,136.362
-1.05,0.321,-1.052,-16.785,-25.757,14.404,176.331,63.995,135.747
-0.915,0.39,-1.009,-6.958,27.893,12.329,174.902,63.693,134.67
-0.549,0.321,-0.899,2.075,31.677,-19.226,175.04,61.957,135.385
-0.556,0.219,-0.802,2.075,7.629,-23.071,175.919,61.32,136.956
-0.403,0.157,-0.647,2.808,0.61,-17.273,176.451,60.98,138.043
-0.524,0.217,-0.615,1.953,-12.817,-11.108,176.721,61.501,138.724
-0.456,0.13,-0.551,11.047,-11.78,-7.263,177.039,62.023,139.103
-0.599,0.133,-0.63,11.719,0.916,6.897,177.325,62.463,139.092
-0.489,0.165,-0.64,13.733,-4.211,23.987,177.061,62.292,138.049
-0.618,0.19,-0.672,18.311,-6.531,27.527,176.495,62.633,136.274
-0.575,0.19,-0.669,18.494,-9.216,23.621,176.089,62.809,134.577
-0.556,0.156,-0.706,15.808,-4.7,21.851,175.803,63.012,133.088
-0.78,0.13,-0.877,18.433,-16.052,11.963,175.655,63.49,131.803
-0.701,0.075,-0.792,20.02,-7.324,5.493,176.094,64.133,131.122
-1.034,-0.029,-0.983,30.762,-14.343,-13.306,177.446,64.682,131.105
-0.83,-0.158,-1.002,19.409,34.302,-10.62,179.462,63.798,131.918
-0.639,-0.144,-0.958,5.31,42.725,0.305,-179.632,61.952,131.869
-0.409,-0.051,-0.793,-3.845,12.634,-7.324,-179.374,60.557,131.589
-0.54,-0.048,-0.689,-5.676,-6.958,-23.865,-178.786,60.667,132.16
-0.631,-0.044,-0.696,-5.432,0.244,-26.672,-178.0,60.82,133.259
-0.556,-0.113,-0.674,-2.258,18.677,-31.189,-176.869,60.298,134.714
-0.543,-0.128,-0.736,-2.075,15.686,-24.597,-175.919,59.469,135.895
-0.437,-0.14,-0.704,-5.615,28.992,-24.353,-175.056,58.337,136.939
-0.421,-0.196,-0.778,-11.169,15.564,-26.428,-174.446,57.2,137.878
-0.415,-0.104,-0.757,-20.752,9.766,-27.1,-174.309,56.376,138.818
-0.518,-0.135,-0.785,-21.362,5.005,-39.246,-174.111,55.992,140.219
-0.396,-0.093,-0.719,-22.461,2.563,-34.18,-173.925,55.558,141.971
-0.322,-0.069,-0.642,-20.081,-10.376,-25.024,-173.93,55.519,143.311
-0.489,-0.038,-0.717,-13.672,-23.804,-17.578,-174.018,56.393,144.278
-0.791,-0.053,-0.931,-7.324,-7.935,-12.817,-173.974,57.266,145.107
-0.581,-0.132,-0.892,-8.789,5.798,-5.371,-173.859,57.195,145.772
-0.887,0.165,-1.144,-17.578,-8.057,32.043,-175.441,57.272,144.536
-0.591,0.116,-1.095,2.38,31.311,39.551,-176.644,56.179,142.767
-0.551,0.065,-1.081,14.587,11.963,53.65,-177.737,55.355,139.993
-0.41,0.135,-0.9,22.827,3.174,71.045,-178.846,54.888,136.291
-0.451,0.124,-0.783,36.438,-22.888,72.51,-179.478,55.327,132.061
-0.558,0.107,-0.786,38.391,-11.108,60.547,-179.791,56.124,128.161
-0.332,0.075,-0.676,35.034,-19.531,36.56,-179.572,56.585,125.414
-0.554,0.036,-0.643,13.489,-29.785,26.306,-179.407,57.975,123.624
-0.521,0.071,-0.6,7.385,-4.211,14.893,-179.813,58.76,122.239
-0.478,0.067,-0.598,-4.883,2.136,5.432,179.868,58.826,121.668
-0.521,0.157,-0.643,-10.254,5.493,-6.775,179.379,58.661,121.74
-0.514,0.198,-0.715,2.808,22.583,-6.958,179.209,58.156,122.36
-0.402,0.101,-0.825,17.578,6.775,6.775,179.594,57.294,122.574
-0.741,0.023,-1.047,19.043,-15.381,12.939,179.945,57.524,121.811
-0.498,-0.104,-0.899,12.512,24.475,-6.47,-179.473,57.557,121.41
-0.955,-0.11,-1.111,-4.944,2.441,-34.729,-178.577,57.217,122.388
-0.487,-0.104,-1.006,-11.292,48.523,-39.551,-177.797,55.003,124.255
-0.406,-0.116,-1.034,-20.752,27.283,-32.41,-177.462,53.3,125.964
-0.382,-0.023,-0.889,-20.081,7.263,-20.813,-177.797,52.575,126.843
-0.344,-0.008,-0.784,-9.521,6.47,-20.142,-177.825,52.18,127.606
-0.4,-0.021,-0.75,7.812,-10.559,-8.423,-177.369,52.284,128.007
-0.47,-0.127,-0.786,18.799,0.0,4.761,-176.539,52.542,127.694
-0.52,-0.193,-0.865,20.447,2.991,15.381,-175.655,52.421,126.771
-0.378,-0.188,-0.852,16.174,22.461,24.963,-175.193,51.674,125.03
-0.248,-0.219,-0.79,5.249,-4.272,18.311,-174.847,51.108,123.223
-0.498,-0.08,-0.785,-8.484,-9.399,19.531,-175.27,51.608,121.382
-0.418,-0.093,-0.777,-11.719,2.38,6.531,-175.787,51.542,120.092
-0.401,-0.029,-0.758,-18.677,-3.052,2.075,-176.484,51.608,119.377
-0.387,-0.075,-0.747,-25.024,-2.319,-13.489,-177.22,51.812,119.328
-0.307,0.011,-0.673,-34.973,-16.968,-17.822,-178.193,52.174,119.905
-0.448,0.049,-0.783,-31.799,-27.527,-10.681,-179.33,53.295,120.646
-0.677,0.144,-0.923,-7.751,-20.569,25.574,179.39,54.514,120.19
-0.554,0.109,-0.874,0.977,-16.113,38.269,178.385,55.322,118.504
-0.611,0.288,-0.949,2.563,-23.438,36.133,177.105,56.025,116.537
-0.914,0.247,-0.988,13.916,-2.319,9.827,176.786,57.03,115.862
-0.556,0.185,-0.936,18.86,10.742,0.061,177.352,56.305,116.351
-0.682,0.071,-1.021,12.695,24.841,-13.794,178.209,55.767,117.345
-0.372,0.024,-0.896,-3.906,22.888,-37.109,179.132,54.415,119.493
-0.464,-0.049,-0.807,-30.212,4.456,-60.425,179.643,54.102,122.75
-0.47,0.073,-0.703,-52.734,5.188,-73.486,179.308,54.086,126.953
-0.465,0.194,-0.718,-49.988,22.339,-62.195,178.632,53.712,131.495
-0.314,0.23,-0.712,-30.518,16.541,-40.466,177.918,52.899,135.005
-0.387,0.21,-0.741,-9.033,1.404,-16.235,177.49,52.586,137.12
-0.451,0.191,-0.741,2.808,-6.409,-2.747,177.347,52.74,138.098
-0.534,0.117,-0.758,12.817,-3.967,-6.836,177.61,53.086,138.845
-0.488,0.107,-0.802,9.827,2.38,-7.019,178.138,53.141,139.911
-0.674,0.047,-0.993,7.874,8.118,-8.24,178.704,53.091,141.07
-0.453,0.067,-0.907,6.775,20.935,-9.644,179.121,52.471,142.295
-0.465,-0.073,-1.053,12.878,-0.61,-21.912,179.945,51.916,143.69
-0.591,-0.118,-1.003,0.061,9.46,-18.188,-179.176,51.938,145.399
-0.462,-0.107,-0.999,-6.653,28.015,-10.437,-178.857,50.955,146.7
-0.3,0.018,-0.968,-13.123,17.273,4.211,-179.297,49.713,147.123
-0.47,0.072,-0.992,-6.897,14.465,8.972,-179.835,49.098,147.036
-0.267,0.05,-0.874,2.808,9.888,-1.77,-179.907,48.214,147.217
-0.433,-0.024,-0.821,4.822,-6.592,-6.714,-179.467,48.428,147.87
-0.354,-0.016,-0.75,1.709,9.46,2.625,-179.225,48.274,148.37
-0.289,0.03,-0.76,5.31,4.211,0.366,-179.165,47.928,148.552
-0.271,-0.149,-0.805,9.399,5.005,-20.569,-178.341,47.648,149.529
-0.319,-0.143,-0.812,-8.301,12.634,-10.376,-177.792,47.23,150.672
-0.275,-0.063,-0.881,-18.738,7.263,0.549,-178.171,46.593,151.051
-0.286,0.054,-0.89,-16.479,9.033,8.179,-179.05,46.132,150.881
-0.281,0.02,-0.895,-6.775,-3.235,-2.869,-179.517,45.983,150.908
-0.216,0.087,-0.856,-3.845,-22.949,4.15,-179.797,46.34,150.941
-0.568,0.019,-0.985,1.77,-25.208,-2.38,-179.764,47.686,151.002
-0.382,0.098,-0.89,-3.235,-18.982,12.878,-179.901,48.527,151.078
-0.872,0.152,-1.112,3.174,-11.902,16.052,179.555,49.642,150.414
-0.43,0.163,-1.011,5.615,31.555,15.869,179.352,48.587,150.222
-0.471,0.117,-1.097,7.751,20.813,3.845,179.429,47.466,150.26
-0.311,0.097,-0.964,-1.038,18.86,-5.493,179.489,46.417,150.831
-0.373,0.108,-0.903,-6.958,9.216,-14.771,179.423,45.879,151.831
-0.331,0.125,-0.815,-6.775,16.174,-12.329,179.275,45.308,153.012
-0.185,0.18,-0.769,-0.488,11.292,-1.648,179.055,44.626,153.644
-0.267,0.131,-0.772,10.01,-1.587,-0.549,179.187,44.445,153.864
-0.28,0.123,-0.823,8.911,8.24,3.967,179.445,44.154,154.012
-0.35,0.119,-0.89,15.015,0.549,8.85,179.78,43.973,153.88
-0.417,0.094,-0.979,18.86,2.136,5.066,-179.703,43.885,153.732
-0.196,0.023,-0.842,19.653,-0.427,2.93,-178.94,43.72,153.803
-0.277,-0.032,-0.766,17.639,-26.611,-5.92,-178.083,44.445,154.017
-0.368,-0.046,-0.756,14.282,-31.067,-4.7,-177.27,45.769,154.429
-0.703,-0.1,-0.998,10.132,-16.235,0.0,-176.517,47.252,154.891
-0.309,-0.085,-0.974,13.123,9.888,-0.793,-176.116,47.164,155.143
-0.462,-0.221,-1.085,3.357,-9.399,-9.521,-175.342,47.236,155.792
-0.501,-0.137,-1.132,-10.132,20.569,1.404,-175.397,47.01,156.165
-0.178,-0.044,-1.007,-8.606,25.085,3.174,-175.886,45.588,156.05
-0.217,-0.075,-0.946,-5.493,-7.385,-1.77,-176.006,45.247,156.028
-0.383,-0.036,-0.874,-7.019,-9.705,-3.601,-176.221,45.648,156.05
-0.408,-0.005,-0.866,-5.249,1.038,-5.493,-176.375,45.769,156.374
-0.325,-0.053,-0.857,2.747,12.939,-12.39,-176.166,45.319,157.044
-0.269,-0.118,-0.884,0.0,9.949,-13.611,-175.748,44.753,157.945
-0.209,-0.115,-0.864,-3.296,2.869,-11.78,-175.545,44.357,158.654
-0.286,-0.111,-0.824,-5.31,-8.24,-14.343,-175.402,44.533,159.357
-0.381,-0.128,-0.832,-4.639,-8.362,-17.883,-175.21,44.901,160.225
-0.314,-0.125,-0.784,-6.714,-0.549,-13.977,-175.012,45.077,161.307
-0.321,-0.112,-0.758,-8.179,-16.907,-4.822,-175.051,45.461,161.977
-0.396,-0.033,-0.796,-12.085,-8.118,11.536,-175.468,46.219,162.081
-0.316,0.024,-0.848,-0.305,-14.404,16.602,-176.012,46.703,161.559
-0.635,-0.03,-1.007,1.587,-15.076,14.832,-176.138,47.78,161.098
-0.424,0.034,-0.978,4.456,7.324,19.409,-176.468,47.895,160.494
-0.515,0.036,-1.052,0.427,-17.517,18.921,-176.792,48.104,159.67
-0.59,0.06,-0.986,-2.686,9.766,10.193,-177.22,48.384,159.208
-0.378,0.101,-0.927,-6.042,11.414,8.728,-177.77,47.774,158.994
-0.407,0.084,-0.925,-0.061,11.292,-2.502,-178.017,47.373,159.148
-0.357,0.04,-0.897,3.113,12.451,-11.169,-177.874,46.714,159.758
-0.367,0.044,-0.924,-3.784,20.63,-3.723,-177.841,45.972,160.356
-0.214,0.057,-0.874,0.244,10.742,-8.789,-177.918,45.11,160.796
-0.31,0.024,-0.824,0.732,-7.446,-8.24,-177.764,45.159,161.345
-0.384,0.022,-0.836,-0.916,4.7,-2.197,-177.742,45.242,161.686
-0.261,0.066,-0.822,2.319,-1.587,11.475,-177.924,45.022,161.494
-0.359,0.037,-0.88,3.906,-12.695,11.902,-178.044,45.379,160.922
-0.346,0.05,-0.813,2.014,-16.541,10.01,-178.237,46.093,160.4
-0.407,0.033,-0.791,4.395,-35.278,6.897,-178.292,47.373,160.131
-0.747,0.058,-0.99,2.563,-11.414,18.799,-178.495,48.878,159.648
-0.41,0.033,-0.914,18.433,8.667,16.296,-178.522,48.779,158.972
-0.409,-0.091,-1.062,15.93,-2.502,7.202,-177.946,48.527,158.544
-0.497,-0.087,-1.051,-6.409,27.039,12.756,-177.775,48.29,158.412
-0.164,0.041,-1.023,-2.563,22.949,5.554,-178.286,46.703,157.95
-0.275,-0.019,-0.958,3.418,1.221,2.319,-178.187,46.252,157.742
-0.38,-0.06,-1.016,3.723,13.062,2.441,-177.951,45.846,157.5
-0.253,-0.045,-0.981,2.014,14.771,1.77,-177.819,44.989,157.214
-0.269,-0.065,-0.988,2.625,10.803,-3.723,-177.589,44.286,157.083
-0.232,-0.047,-0.914,0.488,7.019,-8.118,-177.347,43.737,157.159
-0.244,-0.072,-0.923,3.235,0.732,-11.23,-176.951,43.407,157.456
-0.313,-0.056,-0.972,-1.831,11.292,-8.728,-176.649,43.028,157.863
-0.329,-0.038,-1.011,-2.075,12.329,-5.493,-176.556,42.396,158.06
-0.129,0.045,-0.899,-3.906,5.737,6.47,-176.732,41.666,157.885
-0.328,0.006,-0.938,2.136,-2.808,3.845,-176.808,41.666,157.423
-0.272,0.036,-0.909,1.221,10.803,8.85,-176.869,41.385,157.044
-0.271,-0.005,-0.926,-0.061,8.484,10.864,-176.962,40.919,156.495
-0.225,0.009,-0.92,-2.136,7.568,11.658,-177.231,40.468,155.858
-0.233,0.057,-0.941,-2.136,9.094,11.719,-177.567,40.067,155.237
-0.224,0.033,-0.96,2.319,4.883,12.512,-177.753,39.683,154.534
-0.198,0.035,-0.951,0.793,2.686,14.404,-177.885,39.408,153.776
-0.253,0.027,-0.963,1.526,-3.052,14.465,-178.055,39.397,152.897
-0.28,0.058,-0.95,1.465,-2.686,13.672,-178.248,39.501,152.078
-0.261,0.031,-0.941,4.456,0.366,8.301,-178.27,39.496,151.479
-0.264,0.018,-0.94,3.662,1.404,6.958,-178.187,39.463,151.128
-0.249,-0.005,-0.945,3.296,2.563,5.859,-178.121,39.337,150.732
-0.229,0.008,-0.951,1.16,1.953,7.996,-178.121,39.238,150.326
-0.256,0.009,-0.962,1.465,0.0,7.996,-178.16,39.205,149.821
-0.223,0.01,-0.948,2.319,-0.671,5.676,-178.154,39.172,149.381
-0.265,0.007,-0.943,0.732,-4.7,6.287,-178.165,39.309,148.87
-0.255,0.023,-0.936,-0.732,1.587,5.92,-178.248,39.348,148.436
-0.253,0.026,-0.935,1.709,-1.892,3.601,-178.308,39.337,148.085
-0.272,0.004,-0.941,0.305,2.075,2.563,-178.286,39.37,147.854
-0.239,0.02,-0.935,0.854,-0.732,4.639,-178.325,39.298,147.612
-0.273,0.013,-0.953,2.258,0.549,5.554,-178.314,39.337,147.261
-0.228,0.011,-0.939,1.892,-0.488,3.906,-178.281,39.293,146.915
-0.268,0.011,-0.947,2.258,0.122,5.92,-178.226,39.342,146.607
-0.253,-0.002,-0.942,2.319,1.16,5.554,-178.193,39.315,146.217
-0.266,0.001,-0.948,1.404,-1.709,7.69,-178.182,39.348,145.783
-0.267,0.007,-0.937,-0.183,1.221,4.639,-178.226,39.353,145.399
-0.25,0.011,-0.938,0.854,0.0,6.592,-178.27,39.32,145.036
-0.265,0.021,-0.942,1.282,0.0,7.202,-178.308,39.342,144.602
-0.254,0.016,-0.942,3.357,-0.488,8.667,-178.286,39.353,144.102
-0.259,0.014,-0.945,3.845,-1.16,9.46,-178.226,39.413,143.547
-0.258,0.003,-0.942,3.601,-2.808,9.705,-178.165,39.512,142.943
-0.276,0.013,-0.934,2.625,-3.296,8.911,-178.138,39.677,142.394
-0.289,0.01,-0.93,4.517,-1.709,7.507,-178.077,39.831,141.91
-0.299,0.015,-0.939,3.906,1.953,8.972,-178.011,39.886,141.465
-0.251,0.008,-0.939,4.395,-0.366,9.399,-177.929,39.825,140.955
-0.285,0.013,-0.939,4.211,-0.854,8.85,-177.852,39.902,140.438
-0.278,0.009,-0.935,4.639,-1.282,7.568,-177.753,39.968,139.955
-0.286,0.001,-0.932,5.615,1.099,6.042,-177.594,40.012,139.548
-0.284,-0.013,-0.936,5.493,0.977,6.104,-177.407,39.996,139.131
-0.267,-0.027,-0.938,4.395,2.136,3.357,-177.215,39.935,138.801
-0.286,-0.032,-0.945,1.465,1.099,5.432,-177.105,39.919,138.461
-0.253,-0.017,-0.932,0.122,-0.366,6.409,-177.122,39.897,138.054
-0.281,0.003,-0.949,1.099,2.625,7.812,-177.198,39.897,137.51
-0.241,-0.003,-0.937,1.221,-1.465,7.69,-177.22,39.864,136.961
-0.269,0.004,-0.938,2.197,-1.587,7.019,-177.231,39.963,136.445
