-0.05,-0.011,1.015,0.0,0.0,0.0,1.901,27.235,-95.62
-0.05,-0.011,1.016,0.0,0.0,0.0,1.901,27.235,-95.62
-0.049,-0.011,1.016,0.0,0.0,0.0,1.901,27.235,-95.62
-0.05,-0.012,1.015,0.0,0.0,0.0,1.901,27.235,-95.62
-0.049,-0.011,1.017,0.0,0.0,0.0,1.901,27.235,-95.62
-0.05,-0.011,1.016,0.0,0.0,0.0,1.901,27.235,-95.62
-0.05,-0.011,1.016,0.0,0.0,0.0,1.901,27.235,-95.62
-0.049,-0.011,1.016,0.0,0.0,0.0,1.901,27.235,-95.62
-0.049,-0.011,1.017,0.0,0.0,0.0,1.901,27.235,-95.62
-0.05,-0.011,1.015,0.0,0.0,0.0,1.901,27.235,-95.62
-0.05,-0.01,1.016,0.0,0.0,0.0,1.901,27.235,-95.62
-0.05,-0.011,1.016,0.0,0.0,0.0,1.901,27.235,-95.62
-0.049,-0.011,1.015,0.0,0.0,0.0,1.901,27.235,-95.62
-0.05,-0.011,1.016,0.0,0.0,0.0,1.901,27.235,-95.62
-0.05,-0.012,1.016,0.0,0.0,0.0,1.901,27.235,-95.62
-0.049,-0.011,1.016,0.0,0.0,0.0,1.901,27.235,-95.62
-0.049,-0.012,1.016,0.0,0.0,0.0,1.901,27.235,-95.62
-0.05,-0.011,1.016,0.0,0.0,0.0,1.895,27.235,-95.62
-0.05,-0.011,1.016,0.0,0.0,0.0,1.895,27.235,-95.62
-0.049,-0.011,1.017,0.0,0.0,0.0,1.895,27.235,-95.62
-0.049,-0.011,1.016,0.0,0.0,0.0,1.895,27.235,-95.62
-0.05,-0.011,1.016,0.0,0.0,0.0,1.895,27.235,-95.62
-0.05,-0.012,1.016,0.0,0.0,0.0,1.895,27.235,-95.62
-0.05,-0.012,1.016,0.0,0.0,0.0,1.895,27.235,-95.62
-0.05,-0.01,1.015,0.0,0.0,0.0,1.895,27.235,-95.62
-0.049,-0.011,1.015,0.0,0.0,0.0,1.895,27.235,-95.62
-0.049,-0.012,1.017,0.0,0.0,0.0,1.895,27.235,-95.62
-0.05,-0.011,1.016,0.0,0.0,0.0,1.895,27.235,-95.62
-0.049,-0.011,1.015,0.0,0.0,0.0,1.895,27.235,-95.62
-0.05,-0.011,1.016,0.0,0.0,0.0,1.895,27.235,-95.62
-0.05,-0.011,1.017,0.0,0.0,0.0,1.895,27.235,-95.62
-0.05,-0.012,1.016,0.0,0.0,0.0,1.895,27.235,-95.62
-0.05,-0.011,1.016,0.0,0.0,0.0,1.895,27.235,-95.62
-0.049,-0.011,1.016,0.0,0.0,0.0,1.895,27.235,-95.62
-0.05,-0.012,1.016,0.0,0.0,0.0,1.895,27.235,-95.62
-0.05,-0.011,1.016,0.0,0.0,0.0,1.895,27.235,-95.62
-0.049,-0.011,1.016,0.0,0.0,0.0,1.895,27.235,-95.62
-0.05,-0.012,1.015,0.0,0.0,0.0,1.895,27.235,-95.62
-0.049,-0.011,1.016,0.0,0.0,0.0,1.895,27.235,-95.62
-0.049,-0.011,1.016,0.0,0.0,0.0,1.895,27.235,-95.62
-0.05,-0.011,1.017,0.0,0.0,0.0,1.895,27.235,-95.62
-0.05,-0.011,1.017,0.0,0.0,0.0,1.895,27.235,-95.62
-0.05,-0.011,1.015,0.0,0.0,0.0,1.895,27.235,-95.62
-0.049,-0.011,1.016,0.0,0.0,0.0,1.895,27.235,-95.62
-0.05,-0.011,1.016,0.0,0.0,0.0,1.895,27.235,-95.62
-0.05,-0.012,1.017,0.0,0.0,0.0,1.895,27.235,-95.62
-0.05,-0.012,1.016,0.0,0.0,0.0,1.895,27.235,-95.62
-0.049,-0.011,1.017,0.0,0.0,0.0,1.895,27.235,-95.62
-0.05,-0.011,1.016,0.0,0.0,0.0,1.895,27.235,-95.62
-0.05,-0.01,1.016,0.0,0.0,0.0,1.895,27.235,-95.62
-0.05,-0.011,1.016,0.0,0.0,0.0,1.895,27.235,-95.62
-0.05,-0.011,1.016,0.0,0.0,0.0,1.895,27.235,-95.62
-0.05,-0.011,1.016,0.0,0.0,0.0,1.895,27.235,-95.62
-0.05,-0.011,1.016,0.0,0.0,0.0,1.895,27.235,-95.62
-0.05,-0.011,1.017,0.0,0.0,0.0,1.895,27.235,-95.62
-0.05,-0.012,1.015,0.0,0.0,0.0,1.895,27.235,-95.62
-0.05,-0.011,1.017,0.0,0.0,0.0,1.895,27.235,-95.62
-0.05,-0.011,1.016,0.0,0.0,0.0,1.895,27.235,-95.62
-0.05,-0.011,1.016,0.0,0.0,0.0,1.895,27.235,-95.62
-0.05,-0.011,1.015,0.0,0.0,0.0,1.895,27.235,-95.62
-0.05,-0.011,1.016,0.0,0.0,0.0,1.895,27.235,-95.62
-0.05,-0.011,1.016,0.0,0.0,0.0,1.895,27.235,-95.62
-0.05,-0.012,1.016,0.0,0.0,0.0,1.895,27.235,-95.62
-0.05,-0.011,1.017,0.0,0.0,0.0,1.895,27.235,-95.62
-0.049,-0.012,1.015,0.0,0.0,0.0,1.895,27.235,-95.62
-0.049,-0.011,1.016,0.0,0.0,0.0,1.895,27.235,-95.62
-0.049,-0.012,1.017,0.0,0.0,0.0,1.895,27.235,-95.62
-0.05,-0.011,1.015,0.0,0.0,0.0,1.895,27.235,-95.62
-0.049,-0.011,1.016,0.0,0.0,0.0,1.895,27.235,-95.62
-0.049,-0.011,1.017,0.0,0.0,0.0,1.895,27.235,-95.62
-0.05,-0.011,1.016,0.0,0.0,0.0,1.895,27.235,-95.62
-0.049,-0.01,1.017,0.0,0.0,0.0,1.895,27.235,-95.62
-0.049,-0.011,1.016,0.0,0.0,0.0,1.895,27.235,-95.62
-0.05,-0.011,1.016,0.0,0.0,0.0,1.895,27.235,-95.62
-0.05,-0.011,1.016,0.0,0.0,0.0,1.895,27.235,-95.62
-0.05,-0.011,1.016,0.0,0.0,0.0,1.895,27.235,-95.62
-0.05,-0.01,1.016,0.0,0.0,0.0,1.895,27.235,-95.62
-0.05,-0.011,1.016,0.0,0.0,0.0,1.901,27.235,-95.62
-0.049,-0.011,1.016,0.0,0.0,0.0,1.901,27.235,-95.62
-0.05,-0.011,1.015,0.0,0.0,0.0,1.895,27.235,-95.62
-0.049,-0.011,1.016,0.0,0.0,0.0,1.895,27.235,-95.62
-0.049,-0.011,1.016,0.0,0.0,0.0,1.901,27.235,-95.62
-0.05,-0.011,1.017,0.0,0.0,0.0,1.901,27.235,-95.62
-0.05,-0.011,1.016,0.0,0.0,0.0,1.901,27.23,-95.62
-0.049,-0.011,1.016,0.0,0.0,0.0,1.901,27.23,-95.62
-0.05,-0.011,1.016,0.0,0.0,0.0,1.901,27.23,-95.62
-0.049,-0.011,1.015,0.0,0.0,0.0,1.901,27.23,-95.62
-0.05,-0.012,1.016,0.0,0.0,0.0,1.901,27.23,-95.62
-0.049,-0.011,1.016,0.0,0.0,0.0,1.901,27.23,-95.62
-0.05,-0.011,1.015,0.0,0.0,0.0,1.901,27.23,-95.62
-0.049,-0.011,1.016,0.0,0.0,0.0,1.901,27.23,-95.62
-0.05,-0.011,1.015,0.0,0.0,0.0,1.901,27.23,-95.62
-0.05,-0.011,1.015,0.0,0.0,0.0,1.901,27.23,-95.62
-0.049,-0.01,1.016,0.0,0.0,0.0,1.901,27.23,-95.62
-0.049,-0.011,1.017,0.0,0.0,0.0,1.901,27.23,-95.62
-0.049,-0.011,1.016,0.0,0.0,0.0,1.901,27.23,-95.62
-0.05,-0.011,1.016,0.0,0.0,0.0,1.901,27.23,-95.62
-0.05,-0.011,1.016,0.0,0.0,0.0,1.901,27.23,-95.62
-0.05,-0.011,1.017,0.0,0.0,0.0,1.901,27.23,-95.62
-0.049,-0.011,1.016,0.0,0.0,0.0,1.901,27.23,-95.62
-0.05,-0.011,1.016,0.0,0.0,0.0,1.901,27.23,-95.62
-0.05,-0.012,1.016,0.0,0.0,0.0,1.901,27.23,-95.62
-0.049,-0.012,1.016,0.0,0.0,0.0,1.901,27.23,-95.62
-0.051,-0.011,1.017,0.0,0.0,0.0,1.901,27.23,-95.62
-0.05,-0.011,1.017,0.244,-3.296,0.0,1.906,27.153,-95.63
-0.03,-0.024,1.024,4.089,-6.592,-3.54,1.95,26.938,-95.674
-0.051,-0.079,0.923,-1.953,-24.109,-13.184,2.439,26.23,-96.405
0.131,-0.637,1.111,-79.651,-59.265,7.141,0.363,24.203,-96.46
0.299,-0.214,1.485,-55.176,-77.637,18.555,-4.032,20.66,-95.724
0.258,-0.087,1.582,56.213,-84.717,48.157,-4.285,16.743,-93.625
0.09,0.126,1.346,125.305,-82.825,69.519,-0.181,12.898,-89.945
-0.158,-0.018,1.168,89.172,-36.316,95.825,4.559,10.14,-85.776
-0.014,0.054,1.24,31.311,39.246,118.835,5.361,10.778,-80.211
0.086,0.147,1.265,26.55,57.19,131.409,5.186,13.612,-73.735
0.014,0.17,1.186,57.251,55.786,138.184,6.29,16.238,-67.05
-0.042,0.136,1.043,74.768,58.716,156.555,8.877,18.616,-59.694
-0.018,0.202,0.976,81.543,46.875,179.626,11.953,20.297,-51.185
-0.05,0.189,0.883,93.506,37.109,195.862,15.688,20.479,-41.99
-0.017,0.18,0.813,101.746,29.785,208.435,19.742,19.611,-32.294
-0.017,0.319,0.709,91.614,20.752,206.177,23.368,17.617,-22.599
0.588,-0.181,0.188,68.298,-15.32,214.966,25.598,14.392,-13.656
0.008,0.48,0.756,68.665,-3.723,162.842,27.142,9.838,-5.416
0.046,0.377,0.625,42.053,7.019,180.42,27.565,7.042,1.785
0.296,0.257,0.647,37.781,16.418,171.936,26.543,3.906,9.981
0.242,0.191,0.874,8.972,61.462,171.875,24.917,2.867,18.265
0.209,0.416,0.86,1.16,108.337,178.894,20.88,3.582,28.51
0.44,0.333,1.094,33.203,77.148,189.819,18.32,5.999,38.798
0.295,0.219,1.109,20.203,12.634,184.082,16.628,5.598,48.691
0.329,0.106,1.101,30.579,7.812,150.208,15.095,4.263,57.387
0.393,0.091,1.066,37.231,-22.095,110.718,14.381,2.609,64.166
0.43,0.127,0.981,55.359,-54.443,64.88,15.128,-0.132,68.549
0.448,0.212,0.963,100.525,-69.336,23.804,18.501,-3.51,70.527
0.515,0.277,0.942,106.14,-73.914,16.785,23.61,-7.086,71.005
0.445,0.292,0.708,78.003,-60.181,26.733,27.746,-10.613,71.944
0.582,0.342,0.821,62.988,-17.639,44.617,30.179,-12.596,74.614
0.592,0.436,0.737,45.288,-21.362,63.721,30.591,-14.634,78.816
0.571,0.531,0.789,80.505,-11.169,58.777,31.591,-16.606,83.287
0.638,0.435,0.854,97.595,-14.16,72.815,33.761,-18.424,88.022
0.644,0.333,0.89,83.74,-22.644,92.285,35.035,-21.116,93.955
0.619,0.249,0.742,65.674,-19.226,99.976,34.404,-24.423,101.019
0.679,0.103,0.861,64.819,-14.648,94.727,32.41,-27.274,109.105
0.796,-0.061,0.846,27.283,-56.274,76.172,29.828,-30.707,116.241
0.74,0.154,0.601,56.091,-103.76,23.193,29.965,-35.244,119.35
0.719,0.242,0.277,110.901,-81.116,-6.47,37.595,-39.353,116.944
0.812,0.373,0.191,120.911,-22.339,-9.583,46.346,-40.886,114.999
0.911,0.364,0.315,105.591,2.136,22.095,51.141,-41.072,117.136
0.95,0.328,0.468,74.341,22.095,63.049,50.109,-42.177,124.069
0.985,0.426,0.438,53.65,14.099,70.312,45.088,-43.901,133.627
1.095,0.417,0.481,72.266,-0.793,62.683,40.737,-45.396,142.718
1.061,0.33,0.503,90.088,-39.185,46.631,40.952,-47.741,147.964
1.094,0.136,0.553,73.73,-54.382,33.325,45.099,-50.422,149.013
1.058,0.117,0.384,47.302,-65.979,31.128,50.878,-53.52,146.684
1.029,-0.0,0.209,57.434,-78.308,26.917,61.957,-56.514,138.928
0.93,-0.128,0.192,62.988,-103.516,-5.676,91.236,-58.42,113.198
0.801,-0.114,0.067,59.265,-133.606,-35.156,129.161,-55.876,78.591
0.728,-0.12,-0.092,57.922,-134.827,-36.987,147.03,-50.29,63.896
0.698,-0.119,-0.191,22.217,-118.103,-21.851,155.55,-44.835,57.656
0.731,-0.003,-0.293,-24.292,-99.121,11.658,160.823,-40.501,52.229
0.728,0.078,-0.45,-23.315,-125.366,6.409,164.905,-36.107,46.555
0.704,0.13,-0.546,18.494,-171.448,-34.729,167.333,-29.284,43.956
0.514,0.067,-0.654,36.377,-200.928,-59.082,169.118,-19.803,44.396
0.471,0.249,-0.636,-43.579,-168.091,24.536,169.678,-11.827,42.226
0.041,0.127,-0.766,37.598,-240.173,-59.326,171.222,-0.709,41.583
-1.071,0.086,-1.751,13.123,-125.061,-27.222,172.26,8.789,41.265
0.364,0.111,-0.721,6.287,-11.536,-16.663,172.859,10.75,40.71
-0.013,0.167,-1.067,19.409,-50.476,-1.465,173.617,13.299,39.847
-0.106,0.03,-0.902,14.893,-36.682,4.028,174.705,15.617,38.815
-0.191,0.113,-0.928,11.475,-12.634,-2.686,175.386,17.139,37.804
-0.074,-0.078,-0.945,3.967,5.554,-0.732,176.006,17.523,36.865
0.075,0.004,-1.042,1520.813,17.212,-2.869,-8.366,-2.659,-2.549
0.156,0.019,-0.708,-20.02,-25.391,37.964,-171.81,10.201,17.617
0.187,-0.069,-0.639,-16.541,-17.7,37.476,-172.266,11.349,15.914
0.143,-0.072,-0.586,-7.08,-28.259,33.752,-172.59,12.585,14.095
0.104,-0.141,-0.781,-15.747,-34.485,34.424,-172.749,14.052,12.546
-0.057,-0.045,-0.889,-11.414,-39.246,31.799,-173.183,16.04,10.8
-0.083,-0.055,-0.971,-12.085,-15.564,26.489,-173.463,17.748,9.124
0.062,0.067,-0.889,-15.686,0.977,28.442,-174.023,18.138,7.35
0.138,0.138,-0.886,-11.597,-12.939,37.537,-174.617,18.572,5.312
-0.059,0.116,-0.879,-12.512,-22.095,36.621,-175.193,19.77,3.252
-0.116,0.151,-0.898,-16.968,-6.714,54.626,-176.023,20.555,0.582
-0.042,0.153,-0.936,-4.517,7.751,79.956,-176.567,20.77,-3.543
-0.063,0.111,-1.006,2.563,-0.488,90.21,-176.495,20.923,-8.525
0.079,-0.025,-1.01,7.568,17.883,80.627,-176.028,20.61,-13.173
0.181,0.013,-1.024,-0.488,5.066,75.867,-175.825,20.33,-17.419
0.247,0.021,-0.993,-3.418,-0.244,65.002,-175.798,20.275,-20.88
0.239,0.093,-0.948,-9.583,-18.616,64.88,-176.039,20.726,-23.961
0.146,0.153,-0.918,-8.85,-27.954,58.35,-176.424,21.747,-26.746
0.096,0.212,-0.975,-9.827,-34.241,63.232,-176.984,23.049,-29.619
0.03,0.29,-0.964,-11.23,-38.574,68.42,-177.792,24.758,-33.019
-0.143,0.271,-0.925,-3.784,-55.908,57.983,-178.539,26.823,-36.541
-0.209,0.082,-0.799,28.625,-41.443,22.644,-178.539,29.279,-39.331
-0.15,-0.235,-0.749,15.198,-31.738,19.897,-177.534,31.075,-40.726
-0.283,-0.09,-0.889,-0.793,-59.204,26.794,-177.567,33.294,-42.281
-0.466,-0.077,-0.91,6.104,-32.654,8.667,-177.523,35.887,-43.423
-0.378,-0.067,-0.958,9.766,2.014,-5.005,-177.039,36.788,-43.742
-0.178,-0.124,-0.843,16.174,26.062,-17.029,-176.133,36.079,-43.423
-0.02,-0.193,-0.792,5.188,11.78,-20.081,-175.265,35.129,-42.594
-0.083,-0.208,-0.722,-2.686,-11.597,-24.658,-174.842,35.255,-41.429
-0.211,-0.149,-0.688,-16.357,-16.785,-22.278,-174.897,36.013,-40.084
-0.259,-0.069,-0.73,-12.817,-18.372,-23.254,-175.199,36.815,-38.941
-0.22,-0.068,-0.823,-11.475,-2.502,-30.09,-175.204,37.315,-37.546
-0.353,-0.011,-1.096,-9.155,-21.118,-27.283,-175.259,37.93,-36.227
-0.403,0.043,-1.058,-6.592,-4.211,-28.564,-175.226,38.694,-35.019
-0.427,0.116,-1.131,-16.418,9.216,-8.667,-175.627,38.754,-34.514
-0.316,0.2,-1.204,-5.066,38.879,-10.071,-176.243,37.562,-34.64
-0.075,0.063,-1.078,12.817,33.264,-22.339,-175.979,35.755,-34.338
-0.063,-0.017,-0.92,5.615,-2.38,-14.587,-175.446,35.008,-33.75
-0.166,0.011,-0.835,2.686,-5.554,-11.597,-175.287,35.294,-33.387
-0.163,0.058,-0.825,2.869,-1.953,3.967,-175.243,35.414,-33.376
-0.109,0.11,-0.825,9.766,-2.258,20.691,-175.243,35.53,-34.393
-0.165,0.066,-0.859,15.442,-28.198,20.569,-174.968,36.167,-35.739
-0.369,0.08,-0.798,16.174,-20.142,19.409,-174.65,37.667,-37.068
-0.372,-0.031,-0.776,21.179,-9.033,13.611,-173.996,38.221,-38.249
-0.446,-0.065,-0.746,17.029,3.54,17.822,-173.441,38.809,-39.589
-0.611,-0.216,-1.092,8.972,19.104,22.644,-173.068,38.485,-41.028
-0.5,-0.177,-1.035,3.967,66.833,36.682,-173.26,36.865,-43.16
-0.116,-0.63,-2.951,14.221,79.285,30.396,-172.859,33.113,-45.363
0.348,-0.302,-1.413,-4.883,48.035,18.616,-172.738,30.575,-46.659
0.499,-0.265,-1.134,-9.827,-6.042,8.667,-172.925,29.443,-46.846
0.172,-0.086,-0.977,-21.362,-69.824,22.644,-173.622,31.525,-46.796
-0.052,-0.09,-0.814,-11.597,-83.557,17.7,-174.161,35.189,-46.873
-0.154,-0.082,-0.828,-13.794,-81.909,15.198,-174.699,38.936,-46.84
-0.147,-0.115,-0.891,-8.362,-64.575,9.827,-175.188,42.264,-46.857
-0.14,-0.123,-0.717,-15.991,-77.087,4.395,-175.611,45.132,-46.62
-0.344,-0.068,-0.54,-18.738,-108.093,-4.761,-176.199,49.455,-46.022
-0.736,-0.032,-0.565,-20.325,-111.145,-8.484,-176.666,54.69,-45.214
-0.928,0.1,-0.519,-12.573,-61.768,1.709,-177.292,59.299,-45.093
-0.762,0.044,-0.566,1.831,-3.784,10.376,-177.676,60.969,-45.879
-0.667,0.061,-0.593,0.427,7.019,7.996,-177.984,61.199,-46.945
-0.905,0.023,-0.95,1.343,0.488,0.488,-178.033,61.276,-47.56
-0.668,0.077,-0.724,-8.606,24.963,-1.77,-178.182,60.914,-47.818
-0.789,0.058,-1.034,-11.108,-12.451,-4.028,-178.61,60.667,-48.01
-0.787,0.208,-1.075,-21.667,18.738,-6.958,-179.561,60.903,-48.131
-0.49,0.111,-0.867,-12.024,13.123,-21.79,-179.769,59.793,-47.483
-0.718,0.042,-0.752,-16.113,-10.62,-19.531,-179.791,60.26,-46.505
-0.664,0.1,-0.676,-9.338,26.306,-6.104,179.885,59.782,-46.154
-0.54,0.128,-0.667,-3.113,43.884,9.827,179.451,58.266,-46.653
-0.36,0.156,-0.748,1.77,51.636,14.465,179.044,55.937,-47.653
-0.257,0.178,-0.765,8.362,45.715,16.907,178.687,53.569,-48.829
-0.283,0.203,-0.784,8.667,25.818,25.024,178.5,51.702,-50.164
-0.322,0.193,-0.784,19.409,16.907,28.687,178.27,50.537,-52.02
-0.325,0.191,-0.76,16.968,0.305,22.949,178.27,49.988,-53.849
-0.312,0.13,-0.736,17.09,-13.367,10.742,178.44,50.12,-55.168
-0.692,0.035,-1.069,8.728,-32.104,7.019,178.638,51.306,-55.97
-0.734,0.022,-1.085,8.911,9.46,9.583,178.638,52.108,-56.689
-0.41,-0.074,-1.075,22.705,26.184,2.38,179.401,50.878,-56.948
-0.658,-0.168,-1.097,5.249,-8.545,11.23,-179.918,50.911,-57.096
-0.534,-0.02,-1.0,7.324,46.082,20.569,179.945,49.801,-57.859
-0.261,-0.083,-0.852,9.888,48.34,19.775,-179.72,47.302,-58.59
-0.17,0.0,-0.762,5.31,21.606,29.663,-179.758,45.637,-59.661
-0.297,-0.021,-0.766,6.531,2.747,21.667,-179.753,45.214,-60.771
-0.428,0.014,-0.896,9.46,22.583,8.301,-179.577,44.648,-61.276
-0.251,-0.103,-0.934,13.672,41.077,-9.521,-178.715,42.825,-60.875
-0.138,-0.111,-0.873,2.808,16.846,-13.611,-178.039,41.424,-59.952
-0.26,-0.107,-0.825,-3.113,-7.08,-12.39,-177.671,41.259,-58.903
-0.274,-0.073,-0.78,-6.042,4.456,-5.31,-177.583,41.32,-58.09
-0.247,-0.02,-0.777,-8.972,6.653,4.15,-177.792,41.16,-57.805
-0.2,0.017,-0.821,-9.338,4.944,7.629,-178.198,40.781,-57.859
-0.275,0.072,-1.047,-2.625,9.46,8.362,-178.599,40.485,-58.118
-0.409,0.025,-1.164,3.845,0.0,-0.549,-178.555,40.254,-58.173
-0.241,0.062,-1.052,-4.15,35.339,7.019,-178.61,39.468,-58.14
-0.163,0.08,-1.157,-0.793,2.258,12.695,-178.885,38.276,-58.552
-0.294,0.125,-1.177,-4.395,10.864,20.508,-179.308,38.232,-59.321
-0.039,0.126,-1.019,-0.244,16.785,13.123,-179.654,37.156,-60.09
-0.136,0.092,-0.95,0.183,-17.517,-1.343,-179.786,37.271,-60.205
-0.323,0.055,-0.95,-1.343,-8.24,-7.874,-179.819,37.941,-59.81
-0.268,0.057,-0.941,-3.845,9.766,-5.798,-179.934,37.738,-59.381
-0.195,0.091,-0.917,-7.812,10.193,4.456,179.72,37.211,-59.315
-0.182,0.132,-0.899,-4.272,7.69,6.958,179.286,36.821,-59.639
-0.156,0.122,-0.895,-1.282,13.428,5.005,179.011,36.238,-59.903
-0.096,0.099,-0.896,2.319,13.672,-2.38,178.951,35.491,-59.886
-0.081,0.077,-0.902,-3.967,-4.822,0.549,178.885,35.151,-59.722
-0.2,0.129,-0.878,-5.066,-18.372,3.662,178.506,35.733,-59.854
-0.176,0.152,-0.791,-2.502,-18.005,1.77,178.187,36.546,-60.04
-0.25,0.159,-0.777,2.197,-31.25,0.488,178.017,37.738,-60.233
-0.289,0.139,-0.785,8.24,-12.756,0.183,178.099,38.958,-60.447
-0.112,0.073,-0.713,10.986,-15.747,-4.395,178.462,39.468,-60.54
-0.475,0.03,-1.13,0.122,-41.748,-2.38,178.715,41.001,-60.436
-0.519,0.024,-1.084,3.113,4.15,-4.211,178.643,42.017,-60.458
-0.144,-0.133,-1.112,-0.61,7.019,-13.245,179.088,41.342,-59.705
-0.598,0.087,-1.142,-18.799,-41.809,8.179,178.385,42.968,-59.639
-0.546,0.081,-1.204,11.414,40.161,-0.488,178.369,42.72,-59.727
-0.102,-0.008,-1.033,12.817,46.57,5.493,179.16,40.364,-59.557
0.04,0.022,-0.819,2.991,2.441,23.743,179.379,39.133,-60.172
-0.162,0.073,-0.674,4.028,-33.63,18.616,179.198,40.161,-61.194
-0.313,-0.034,-0.739,10.681,-20.386,-4.089,179.577,41.309,-61.331
-0.286,0.001,-0.762,6.836,-6.897,-6.714,179.956,41.984,-60.815
-0.217,-0.196,-0.747,16.296,3.357,-22.217,-178.978,41.968,-59.886
-0.197,-0.177,-0.735,-8.057,-23.438,-20.325,-178.209,42.38,-58.387
-0.289,-0.043,-0.779,-13.428,-24.597,-14.587,-178.215,43.802,-57.085
-0.46,0.062,-1.113,-7.385,-30.029,-15.137,-178.369,44.956,-56.135
-0.557,0.049,-1.163,-10.803,-19.348,-18.738,-178.171,46.439,-54.948
-0.646,0.238,-1.434,-10.01,6.836,-13.245,-178.561,46.577,-54.179
-0.379,0.184,-1.183,-1.953,34.424,-23.132,-178.522,45.637,-53.3
-0.074,0.134,-0.914,1.282,20.691,-27.588,-178.231,44.072,-52.092
-0.194,0.035,-0.771,-0.305,-25.269,-27.344,-177.836,44.308,-50.718
-0.375,0.041,-0.694,-5.676,-18.188,-25.269,-177.753,45.522,-49.493
-0.313,0.059,-0.822,-11.292,8.301,-17.944,-177.902,45.45,-48.439
-0.247,0.125,-0.784,-13.733,3.357,-0.305,-178.533,45.176,-48.175
-0.235,0.185,-0.768,-6.653,0.793,10.498,-179.352,44.973,-48.752
-0.305,0.147,-0.702,1.099,-19.226,6.653,-179.83,45.511,-49.504
-0.367,0.084,-0.72,7.69,-7.751,-0.671,-179.885,46.187,-49.966
-0.382,-0.035,-0.843,8.118,-8.789,-5.92,-179.5,46.566,-49.96
-0.66,0.01,-1.118,3.662,-6.958,-0.427,-179.341,47.335,-50.015
-0.418,-0.061,-1.025,4.944,27.832,-15.503,-178.83,46.879,-49.625
-0.578,-0.055,-1.204,1.343,14.16,-21.912,-178.215,46.099,-48.576
-0.245,-0.0,-1.175,0.244,62.5,-13.794,-177.808,44.066,-47.549
-0.108,0.015,-0.976,4.456,12.268,-12.024,-177.484,42.138,-46.884
-0.283,-0.065,-0.812,10.376,-1.038,-20.508,-176.776,41.962,-45.912
-0.254,-0.024,-0.776,3.662,13.672,-9.399,-176.204,41.644,-45.049
-0.14,-0.019,-0.717,19.165,8.85,-8.667,-175.594,41.028,-44.637
-0.169,-0.127,-0.851,22.949,-0.244,-4.028,-174.359,40.633,-44.165
-0.226,-0.185,-0.851,24.658,-12.451,-6.714,-173.051,41.127,-43.786
-0.271,-0.18,-0.887,6.897,-22.339,-2.319,-172.205,42.407,-43.209
-0.049,-0.229,-0.769,-9.705,-32.593,3.113,-172.062,43.429,-42.814
-0.426,-0.202,-1.12,-14.709,-74.28,-0.671,-172.425,46.329,-42.649
-0.747,-0.155,-1.178,-22.888,-71.167,-50.171,-172.211,49.949,-39.716
-0.574,-0.086,-0.888,-28.809,-37.109,-10.742,-172.634,52.02,-37.941
-0.952,0.123,-1.176,9.277,26.978,-18.433,-172.93,52.169,-37.535
-0.666,-0.163,-1.023,13.245,82.031,-8.118,-171.964,49.224,-37.37
-0.084,-0.018,-0.908,-1.465,51.819,1.282,-171.848,45.764,-37.798
-0.323,0.009,-0.856,-1.892,1.892,7.69,-172.271,44.764,-38.414
-0.34,-0.176,-0.754,-13.794,-2.075,5.737,-172.766,44.753,-38.815
-0.326,-0.129,-0.855,-22.827,-6.653,22.034,-173.985,45.291,-39.672
-0.357,-0.001,-0.865,-16.174,21.179,19.653,-175.215,45.0,-40.671
-0.234,0.094,-0.875,-4.517,20.691,40.344,-176.248,43.956,-42.259
-0.174,0.055,-0.799,2.319,8.301,46.57,-177.017,43.22,-44.665
-0.269,0.137,-0.772,0.305,-10.803,44.8,-177.852,43.264,-47.093
-0.35,0.125,-0.782,9.399,-8.85,38.025,-178.418,43.693,-49.378
-0.329,0.086,-0.748,16.296,-12.634,34.424,-178.511,44.182,-51.405
-0.653,0.028,-0.985,17.578,-33.63,49.744,-178.55,45.527,-53.893
-0.724,-0.004,-1.013,23.621,22.766,51.331,-178.715,45.906,-56.915
-0.287,-0.197,-1.053,35.95,51.941,29.175,-177.709,43.665,-58.92
-0.272,-0.236,-1.125,12.634,23.743,32.654,-176.924,42.204,-60.293
-0.268,-0.134,-1.183,5.859,42.786,37.537,-177.012,40.567,-61.985
-0.075,-0.128,-1.017,-0.305,36.865,24.353,-177.078,38.573,-63.199
0.027,-0.086,-0.802,-7.446,5.554,8.545,-177.226,37.288,-63.578
-0.16,0.008,-0.817,-18.555,-14.832,8.972,-177.814,37.584,-63.534
-0.151,0.093,-0.832,-17.639,-1.16,9.644,-178.726,37.886,-63.743
-0.054,0.065,-0.857,-9.033,-14.16,-5.249,-179.357,37.985,-63.715
-0.135,0.0,-0.822,-3.54,-43.335,-9.033,-179.5,39.216,-63.083
-0.363,0.022,-0.786,-4.578,-53.467,11.658,-179.758,41.605,-63.045
-0.371,0.048,-0.764,7.446,-39.917,21.545,-179.962,43.781,-63.951
-0.128,0.04,-0.65,16.113,-45.593,19.104,-179.797,45.676,-65.143
-0.686,-0.135,-1.053,8.484,-111.633,17.517,-179.418,49.219,-66.033
-1.151,0.13,-0.891,-32.654,-37.354,55.359,178.643,53.278,-68.395
-1.024,0.403,-0.725,-1.404,-61.951,34.18,176.523,55.074,-71.175
-1.322,0.027,-1.273,-8.484,11.902,41.382,175.287,57.195,-73.636
-0.582,0.113,-1.065,13.184,100.098,12.39,174.891,53.273,-74.597
-0.112,0.007,-0.819,13.733,66.528,26.917,175.633,49.471,-74.833
-0.037,0.178,-0.64,15.076,20.386,65.43,175.226,47.324,-77.388
-0.074,0.14,-0.625,32.532,8.362,57.129,175.276,46.494,-80.618
-0.211,0.026,-0.681,37.231,-8.606,50.537,176.017,46.077,-83.282
-0.692,-0.077,-0.962,38.879,-28.931,70.557,176.523,46.725,-86.501
-0.476,-0.312,-1.288,41.809,45.471,61.707,177.435,46.027,-89.687
-0.108,-0.259,-1.173,8.24,64.575,76.294,177.973,42.869,-92.214
0.151,0.01,-1.062,-0.061,27.588,97.656,177.1,39.99,-95.905
-0.04,0.065,-1.069,1.16,-8.301,96.619,176.298,39.067,-100.058
-0.112,0.145,-0.942,13.123,-9.521,96.619,175.605,38.738,-104.502
-0.195,0.077,-0.878,18.066,-21.667,92.041,175.441,38.677,-108.979
-0.226,0.049,-0.83,19.653,-16.235,86.06,175.364,38.963,-113.28
-0.256,0.057,-0.929,19.165,-9.155,82.581,175.325,38.963,-117.35
-0.214,-0.002,-0.926,16.541,-9.216,72.876,175.43,38.798,-120.905
-0.364,0.063,-1.079,11.047,-27.771,57.129,175.27,39.32,-123.915
-0.333,-0.027,-0.966,6.47,-2.502,39.185,175.408,40.034,-125.804
-0.232,0.167,-0.965,-14.526,-1.709,63.11,174.424,39.474,-127.98
-0.209,0.23,-0.93,1.709,-7.019,54.565,173.386,39.424,-130.847
-0.334,0.194,-0.954,7.263,-4.883,53.467,172.991,39.353,-133.297
-0.201,0.118,-0.951,20.203,22.4,50.354,173.172,38.331,-135.571
-0.05,0.082,-0.861,20.142,-1.526,47.913,173.655,37.397,-137.736
-0.244,0.132,-0.845,13.55,-24.414,54.443,173.853,37.897,-140.257
-0.302,0.213,-0.848,12.268,-23.682,65.308,173.694,38.628,-143.262
-0.391,0.246,-0.965,18.799,-14.465,73.181,173.513,39.095,-146.7
-0.374,0.154,-1.104,32.043,-3.601,69.763,173.754,39.034,-150.194
-0.266,0.104,-1.063,24.963,10.254,72.205,174.238,38.54,-153.402
0.067,0.038,-0.94,29.907,11.475,77.332,174.705,37.304,-156.742
0.003,-0.023,-0.825,23.621,-42.969,89.722,175.21,37.216,-160.867
-0.508,0.005,-0.97,35.034,-58.105,82.52,175.54,39.545,-165.602
-0.427,-0.088,-0.994,35.95,23.926,84.534,176.364,39.622,-169.415
-0.064,-0.116,-0.934,30.334,15.93,79.468,177.215,38.062,-172.853
-0.182,-0.037,-0.883,13.733,-27.466,80.2,177.473,38.232,-176.495
-0.405,-0.006,-0.897,20.63,-23.865,66.895,177.556,39.413,-179.973
-0.278,-0.095,-0.843,25.024,-3.54,46.204,178.226,39.743,177.797
-0.263,-0.154,-0.921,19.897,-12.634,32.959,179.061,40.089,176.375
-0.306,-0.104,-0.982,8.179,-14.282,26.917,179.561,40.792,175.353
-0.438,-0.012,-1.049,2.991,-12.878,17.639,179.665,41.528,174.611
-0.164,0.069,-0.974,-12.085,16.846,18.616,179.583,41.248,174.413
-0.246,0.27,-0.948,-20.02,-8.972,39.368,178.259,41.034,173.024
-0.295,0.273,-1.016,1.892,18.677,11.536,177.352,40.693,171.782
-0.09,0.149,-0.919,11.78,22.827,-3.54,177.605,39.479,171.969
-0.079,0.058,-0.828,13.977,-4.211,1.526,178.226,38.853,172.156
-0.242,0.123,-0.887,5.249,-6.775,13.184,178.462,39.216,171.705
-0.114,0.118,-0.854,5.798,2.38,13.0,178.489,38.958,171.096
-0.116,0.191,-0.924,0.305,-10.376,22.583,178.275,39.018,170.211
-0.219,0.244,-1.028,7.324,-11.475,31.311,177.88,39.32,168.679
-0.33,0.117,-1.139,17.944,-26.062,24.719,178.044,39.952,167.256
-0.467,0.03,-1.042,21.484,-15.869,33.325,178.44,41.089,165.789
-0.144,-0.094,-0.911,27.588,22.583,39.246,179.203,40.413,164.202
-0.039,-0.127,-0.813,17.639,-29.236,45.41,179.83,40.259,162.07
-0.5,-0.075,-0.923,13.123,-46.936,39.795,179.989,42.561,159.725
-0.481,-0.059,-0.97,15.564,32.288,38.574,-179.78,42.451,158.033
-0.1,-0.072,-0.939,10.925,46.448,36.316,-179.467,40.226,156.583
0.079,-0.011,-0.85,10.193,8.972,26.672,-179.275,38.815,155.001
-0.21,-0.055,-0.869,10.132,-11.658,9.46,-178.797,39.089,153.957
-0.099,-0.079,-0.818,16.357,7.141,-3.418,-178.094,38.952,153.594
-0.167,-0.179,-0.748,8.362,-22.644,-15.991,-177.122,39.062,153.885
-0.315,-0.206,-0.741,1.831,-17.273,-29.846,-176.375,40.128,154.858
-0.252,-0.187,-0.729,-10.132,-7.751,-24.17,-175.853,40.446,156.302
-0.316,-0.095,-0.76,-9.521,-12.817,-21.179,-175.809,41.144,157.467
-0.135,-0.121,-0.795,-9.399,-1.892,-12.695,-175.622,41.254,158.654
-0.388,0.024,-1.087,-15.869,-40.161,13.611,-176.166,42.363,158.643
-0.346,0.176,-0.954,-10.193,-10.254,27.71,-177.116,43.753,157.725
-0.722,0.204,-1.303,-0.427,-39.978,33.081,-178.006,44.852,156.27
-0.525,0.215,-1.236,-2.808,46.021,19.653,-178.643,44.665,155.347
-0.055,0.266,-1.12,-0.244,27.466,7.385,-179.171,42.347,155.012
-0.217,0.12,-0.966,1.526,-27.466,-17.456,-179.099,42.786,155.55
-0.327,0.106,-0.762,-6.653,-19.226,-19.714,-179.203,43.978,156.632
-0.218,0.165,-0.643,-8.301,-20.264,-9.888,-179.566,44.753,157.462
-0.282,0.231,-0.616,-0.549,-31.006,0.732,-179.989,46.077,157.731
-0.279,0.2,-0.581,17.517,-23.499,7.629,-179.973,47.329,157.495
-0.344,0.097,-0.734,13.123,-6.836,9.949,-179.731,48.027,157.198
-0.18,0.1,-0.685,7.812,-17.395,12.268,-179.747,48.362,156.797
-0.657,0.089,-0.89,1.282,-57.861,14.832,179.824,50.29,156.088
-0.752,-0.043,-1.145,17.456,-17.09,-5.005,179.846,52.059,155.951
-0.967,-0.254,-1.355,12.695,-17.761,-10.925,-179.039,52.828,157.033
-0.535,-0.099,-1.171,16.724,48.706,1.892,-178.253,52.256,157.89
-0.186,-0.048,-0.909,36.743,10.925,27.71,-177.056,50.504,157.577
-0.358,-0.068,-0.728,43.823,-19.775,43.335,-175.902,50.993,155.594
-0.453,-0.197,-0.698,34.302,-2.38,30.64,-174.743,51.575,153.754
-0.312,-0.188,-0.682,19.958,-2.747,15.625,-173.914,51.592,152.77
-0.509,-0.245,-0.779,7.141,-5.554,-1.587,-173.183,51.982,152.65
-0.409,-0.258,-0.759,-5.798,3.052,-17.944,-172.645,51.866,153.528
-0.397,-0.242,-0.688,-17.273,-9.155,-25.33,-172.321,52.037,155.045
-0.443,-0.163,-0.652,-26.123,-8.362,-19.409,-172.529,52.482,156.517
-0.41,-0.071,-0.665,-24.658,-6.287,-19.531,-173.051,52.784,157.906
-0.342,-0.047,-0.631,-17.822,-5.371,-28.32,-173.15,53.075,159.774
-0.621,-0.05,-0.926,-16.235,-30.334,-12.39,-173.194,53.86,161.4
-0.776,-0.042,-0.999,-15.503,-3.723,-13.55,-173.507,55.085,162.587
-0.908,0.053,-1.312,-20.447,-0.305,5.005,-174.282,54.673,163.284
-0.662,0.125,-1.243,-6.531,58.167,1.892,-175.353,53.69,163.284
-0.199,0.069,-0.957,4.517,32.043,3.601,-175.523,51.042,163.422
-0.368,0.064,-0.854,5.615,-11.841,12.573,-175.649,50.757,163.037
-0.485,0.019,-0.791,11.108,-3.052,13.245,-175.693,51.279,162.394
-0.376,0.0,-0.74,6.836,4.822,14.282,-175.677,51.114,161.829
-0.349,0.043,-0.687,1.648,-1.709,21.423,-176.023,51.141,161.021
-0.331,0.078,-0.715,-1.221,-5.615,26.855,-176.759,51.24,159.774
-0.319,0.122,-0.641,-1.038,-7.507,23.254,-177.643,51.652,158.483
-0.354,0.134,-0.669,3.54,-20.874,24.841,-178.358,52.245,157.264
-0.478,0.105,-0.741,7.751,-19.226,22.583,-178.984,53.333,155.94
-0.593,0.044,-0.907,10.071,-10.681,14.526,-179.143,53.904,155.16
-0.723,0.0,-1.002,6.409,-4.333,22.339,-179.434,54.459,154.314
-0.457,-0.062,-0.905,9.583,0.854,15.442,-179.577,54.294,153.523
-0.961,-0.066,-1.111,-1.343,-32.837,17.7,-179.758,55.421,152.825
-0.692,-0.035,-1.016,22.705,62.622,1.465,-179.495,54.783,152.639
-0.224,-0.164,-0.804,11.719,45.105,13.428,-178.423,51.757,152.814
-0.306,-0.022,-0.801,-7.812,0.977,33.875,-178.923,50.823,151.447
-0.412,0.091,-0.739,-7.324,-0.427,23.254,-179.912,50.856,149.766
-0.436,0.066,-0.748,7.69,8.179,10.742,179.769,50.68,148.947
-0.392,-0.007,-0.753,14.893,16.113,3.662,-179.824,50.109,148.672
-0.358,-0.104,-0.789,13.55,17.456,-9.888,-178.907,49.323,148.986
-0.281,-0.103,-0.759,2.563,6.104,-14.099,-178.105,48.719,149.661
-0.327,-0.099,-0.723,-5.371,-8.362,-16.052,-177.671,48.856,150.331
-0.307,-0.042,-0.65,-16.296,-12.146,-12.207,-177.797,49.362,150.93
-0.312,0.029,-0.696,-20.813,-14.587,-8.972,-178.391,50.048,151.337
-0.542,0.09,-0.93,-17.212,-23.071,-11.597,-178.995,50.966,151.848
-0.726,0.13,-1.206,-12.878,-6.042,-19.47,-179.297,51.828,152.776
-0.697,0.163,-1.341,-8.057,18.066,-11.719,-179.407,51.191,153.896
-0.415,0.158,-1.186,-1.404,19.165,-3.296,-179.544,50.345,154.27
-0.363,0.142,-0.993,4.822,-5.554,-13.855,-179.39,49.977,154.704
-0.51,0.036,-0.883,6.775,-10.376,-23.56,-178.709,50.565,155.77
-0.423,-0.019,-0.773,0.0,9.399,-19.47,-178.127,50.422,156.978
-0.332,0.02,-0.697,-6.348,8.545,-8.179,-178.044,49.982,157.786
-0.237,0.059,-0.604,-7.629,2.625,3.845,-178.385,49.719,157.917
-0.204,0.128,-0.563,-5.249,-9.827,13.977,-179.083,49.839,157.319
-0.296,0.131,-0.575,0.977,-28.931,17.395,-179.676,50.713,156.357
-0.39,0.149,-0.676,9.705,-27.588,13.123,179.879,52.07,155.281
-0.711,0.013,-1.015,10.132,-26.672,3.418,-179.918,53.333,154.896
-0.79,-0.062,-1.167,5.92,-3.418,2.991,-179.89,54.207,154.704
-0.742,-0.152,-1.178,1.16,-4.456,-8.24,-179.539,54.201,155.078
-0.926,-0.082,-1.188,3.357,6.836,-21.606,-179.083,54.767,156.05
-0.484,-0.146,-1.041,12.634,62.927,-25.94,-177.567,52.548,157.95
-0.123,-0.121,-0.841,0.854,25.146,9.033,-176.946,50.427,158.236
-0.266,-0.061,-0.686,-10.193,-16.663,15.686,-177.506,50.554,157.028
-0.382,-0.006,-0.673,-12.512,-1.587,-3.479,-178.083,50.966,156.511
-0.313,-0.051,-0.625,-7.69,7.202,-19.897,-178.061,50.691,157.11
-0.31,-0.106,-0.715,-9.644,10.437,-33.142,-177.627,50.153,158.505
-0.271,-0.111,-0.639,-12.756,-3.662,-30.09,-177.204,50.087,160.131
-0.272,-0.059,-0.623,-16.113,-17.7,-20.874,-177.105,50.493,161.279
-0.526,0.028,-0.884,-13.916,-29.663,-13.184,-177.281,51.636,161.999
-0.714,0.105,-1.05,-9.888,-11.414,-8.789,-177.49,52.921,162.614
-0.68,0.167,-1.263,-6.836,14.099,8.545,-177.847,52.399,162.817
-0.697,0.242,-1.325,6.836,21.423,11.963,-178.418,51.833,162.07
-0.417,0.136,-1.182,14.221,28.442,8.85,-178.182,50.356,161.587
-0.304,0.043,-0.963,7.751,-1.526,0.61,-177.924,49.653,161.136
-0.366,0.031,-0.746,0.671,-12.451,-10.62,-177.748,50.065,161.29
-0.396,0.07,-0.702,-1.343,-5.676,-0.061,-177.814,50.444,161.422
-0.291,0.077,-0.598,3.418,7.08,11.414,-178.022,50.345,160.983
-0.271,0.112,-0.654,3.296,3.357,29.358,-178.539,49.966,159.681
-0.242,0.136,-0.648,8.179,-4.761,35.583,-179.264,49.971,157.637
-0.312,0.121,-0.681,10.498,-30.151,31.189,-179.797,50.79,155.594
-0.816,0.064,-1.131,11.23,-37.17,28.32,179.835,52.476,153.831
-0.708,0.022,-1.081,19.775,-0.244,20.874,179.714,53.289,152.369
-0.579,-0.098,-1.212,25.452,6.042,1.282,-179.308,52.806,151.979
-0.63,-0.057,-1.141,15.991,23.01,3.479,-178.478,52.778,151.804
-0.292,-0.125,-1.069,14.893,47.974,8.301,-177.605,50.663,151.49
-0.153,-0.028,-0.901,-0.366,1.648,24.353,-177.616,49.329,150.172
-0.373,0.025,-0.771,3.113,-18.555,20.264,-178.061,49.79,148.431
-0.461,-0.012,-0.75,10.986,-10.864,12.573,-178.039,50.389,147.178
-0.479,-0.078,-0.831,10.742,3.601,8.667,-177.665,50.559,146.371
-0.496,-0.067,-0.871,12.085,3.174,1.831,-177.193,50.356,145.887
-0.445,-0.123,-0.874,18.188,4.15,-5.798,-176.27,50.24,145.876
-0.389,-0.177,-0.853,14.16,1.892,-3.54,-175.155,50.076,145.97
-0.428,-0.145,-0.841,4.883,6.958,4.333,-174.661,49.949,145.547
-0.28,-0.145,-0.772,2.502,11.841,-3.052,-174.326,49.34,145.151
-0.269,-0.146,-0.738,-11.475,-10.864,-10.071,-174.232,49.285,145.091
-0.265,-0.111,-0.613,-12.024,-17.273,-34.729,-174.122,49.96,145.959
-0.347,-0.171,-0.603,-17.273,-39.368,-40.466,-173.507,51.026,147.87
-0.452,-0.125,-0.535,-22.827,-38.696,-29.175,-173.546,53.026,149.403
-0.68,-0.162,-0.86,-27.1,-32.532,-28.076,-173.54,54.426,151.128
-0.845,-0.015,-0.961,-26.367,-26.306,-28.015,-173.99,56.261,152.996
-1.049,0.059,-1.451,-43.64,-18.372,11.108,-175.188,56.602,154.039
-0.865,0.282,-1.325,-22.278,40.161,14.954,-177.77,56.838,153.16
-0.24,0.262,-1.047,-5.676,49.683,-0.488,-178.616,53.882,153.111
-0.326,0.125,-0.969,9.46,-34.119,-13.428,-178.522,53.641,153.435
-0.738,0.004,-0.908,1.587,-22.949,-24.17,-177.935,55.432,154.308
-0.466,0.012,-0.795,-10.193,5.005,-28.076,-177.451,55.47,155.923
-0.402,0.116,-0.732,-16.479,-10.559,-23.132,-177.578,55.618,157.385
-0.416,0.126,-0.655,-4.944,-13.672,-16.052,-177.627,56.212,158.588
-0.53,0.095,-0.716,-3.052,-9.033,0.366,-177.792,56.81,159.016
-0.502,0.099,-0.698,-4.333,-2.502,7.629,-178.374,57.025,158.752
-0.402,0.1,-0.589,-8.301,-7.996,8.301,-179.143,57.294,158.406
-0.513,0.136,-0.676,-7.874,-20.569,2.136,179.989,58.079,158.137
-0.564,0.087,-0.692,-0.732,-11.597,-9.155,179.764,58.947,158.538
-0.502,0.037,-0.717,-7.385,-11.353,-12.878,179.874,59.474,159.461
-0.792,0.068,-0.906,3.601,-31.616,-5.92,179.868,60.716,160.06
-0.784,-0.025,-0.917,12.451,-25.696,-1.77,-179.665,62.073,160.34
-1.05,-0.167,-1.093,21.179,-16.174,-17.639,-178.478,63.298,161.016
-0.826,-0.236,-1.01,-1.343,36.682,-27.405,-176.874,62.875,162.834
-0.43,-0.108,-0.853,-16.479,42.358,-14.709,-176.358,60.743,164.498
-0.197,0.003,-0.664,-15.259,9.399,-0.244,-176.83,59.304,164.905
-0.473,-0.008,-0.656,-13.306,-29.419,-5.066,-177.314,59.865,164.888
-0.667,-0.017,-0.78,-7.507,-7.385,-16.418,-177.413,60.776,165.504
-0.67,-0.082,-0.789,3.296,-2.747,-27.893,-176.66,60.952,166.959
-0.627,-0.206,-0.747,5.31,5.676,-34.912,-175.04,60.958,169.239
-0.489,-0.168,-0.7,-6.104,12.451,-16.418,-173.996,60.381,171.085
-0.52,-0.128,-0.715,-9.277,1.038,-13.489,-173.732,60.106,172.15
-0.503,-0.116,-0.643,-12.573,9.521,-13.062,-173.606,59.897,173.271
-0.365,-0.096,-0.549,-14.832,7.324,-14.465,-173.699,59.409,174.32
-0.344,-0.086,-0.487,-12.207,-15.32,-18.738,-173.546,59.656,175.655
-0.582,-0.084,-0.715,-4.883,-33.02,-8.545,-173.238,60.952,176.885
-0.874,-0.08,-0.857,5.066,-28.076,13.428,-173.046,62.869,177.198
-0.705,0.033,-0.792,19.958,2.563,48.157,-173.815,63.644,175.353
-0.928,-0.009,-0.95,20.508,-14.343,64.88,-175.155,64.319,171.777
-0.722,0.156,-0.964,10.925,38.33,60.73,-177.248,63.501,167.893
-0.504,0.16,-0.932,19.226,11.658,32.898,-178.528,62.007,165.031
-0.678,0.075,-0.867,15.32,-10.803,21.606,-178.687,62.155,163.526
-0.655,0.065,-0.777,14.648,-0.61,26.489,-178.984,62.336,162.065
-0.566,0.103,-0.685,11.536,6.653,28.381,-179.55,62.155,160.428
-0.439,0.129,-0.583,12.695,7.812,32.288,179.824,61.705,158.719
-0.426,0.172,-0.594,13.428,4.089,40.222,178.923,61.326,156.572
-0.395,0.182,-0.599,17.09,3.845,38.086,178.011,60.958,154.199
-0.394,0.15,-0.572,19.226,-7.69,30.762,177.424,60.892,152.128
-0.502,0.147,-0.609,18.372,-13.794,27.649,176.951,61.32,150.287
-0.571,0.087,-0.701,21.545,-7.996,18.372,176.902,61.677,148.964
-0.919,0.043,-0.965,17.944,-20.081,20.447,176.962,62.457,147.843
-0.722,-0.01,-0.86,22.766,3.113,13.794,177.226,62.71,146.915
-1.057,-0.117,-1.124,20.691,-30.457,7.935,178.127,63.325,146.53
-0.88,-0.077,-0.986,16.724,18.555,19.897,178.358,63.699,145.679
-0.573,-0.104,-0.787,11.963,22.705,32.471,178.44,62.249,144.338
-0.548,0.057,-0.76,7.141,8.484,43.701,177.413,61.589,141.833
-0.521,0.035,-0.671,17.212,7.812,27.222,177.039,61.084,139.719
-0.449,-0.02,-0.6,18.372,5.31,15.747,177.347,60.677,138.4
-0.545,-0.103,-0.658,17.761,2.686,6.775,178.05,60.535,137.626
-0.465,-0.122,-0.643,11.658,17.578,5.798,178.857,60.051,137.12
-0.391,-0.088,-0.63,5.615,-5.066,6.226,179.39,59.584,136.417
-0.572,-0.055,-0.678,5.554,-14.587,5.615,179.709,60.227,135.555
-0.551,-0.051,-0.716,8.972,-8.118,14.343,-180.0,60.661,134.615
-0.645,-0.012,-0.903,10.315,-11.536,22.827,179.956,61.051,133.132
-0.834,0.04,-1.019,14.771,-11.23,29.846,179.709,61.727,131.243
-0.642,0.028,-0.844,14.038,-1.709,47.913,179.138,61.798,128.677
-0.89,0.218,-0.967,9.949,-2.747,76.294,177.072,61.875,124.409
-0.693,0.315,-0.856,34.851,17.456,91.736,175.166,60.798,119.339
-0.7,0.358,-0.834,63.66,5.432,130.005,173.639,59.568,112.808
-0.584,0.159,-0.711,90.515,14.16,164.856,172.524,57.859,104.084
-0.54,0.085,-0.713,88.562,6.714,149.841,171.98,56.124,94.971
-0.465,0.056,-0.721,71.411,7.69,115.051,172.194,54.794,87.275
-0.479,0.151,-0.807,55.359,1.16,97.717,172.31,53.926,80.552
-0.519,0.15,-0.892,51.819,5.554,86.243,172.601,53.036,74.691
-0.477,0.111,-0.926,49.622,6.592,83.13,172.936,52.103,69.109
-0.628,0.066,-1.095,37.842,2.38,82.397,173.221,51.279,63.803
-0.455,0.101,-0.938,30.273,10.071,87.28,172.798,50.389,58.09
-0.333,0.043,-0.796,39.978,3.54,64.514,172.87,49.417,53.036
-0.362,-0.073,-0.748,38.635,-20.63,59.814,173.776,49.246,48.95
-0.681,-0.021,-0.877,41.87,-19.958,75.928,174.128,50.12,44.039
-0.541,-0.081,-0.89,55.298,36.804,87.158,175.062,49.048,38.694
-0.271,-0.123,-0.869,51.697,33.203,101.624,176.138,46.769,32.816
-0.199,-0.043,-0.828,38.513,-3.906,108.276,176.55,45.582,26.45
-0.427,-0.062,-0.844,43.274,-17.639,82.092,177.034,45.917,20.781
-0.45,-0.057,-0.827,36.194,-9.216,70.923,177.759,46.165,16.155
-0.396,-0.165,-0.86,49.438,-7.263,57.556,179.022,46.406,12.145
-0.388,-0.303,-0.854,41.443,-17.09,51.514,-179.429,46.923,8.674
-0.496,-0.269,-0.864,6.958,-21.484,51.88,-178.967,47.9,5.488
-0.77,-0.062,-1.012,-20.02,-27.893,53.406,179.802,49.092,2.214
-0.552,0.108,-0.973,-5.249,38.147,40.833,178.259,49.032,-0.978
-0.048,0.064,-0.788,0.671,57.983,35.339,177.764,46.291,-3.312
0.059,0.142,-0.869,-13.794,-4.395,44.739,176.973,44.555,-5.537
-0.396,0.333,-0.998,-8.423,-28.564,55.237,175.265,45.352,-8.569
-0.41,0.29,-0.975,22.034,21.545,44.067,174.54,45.055,-11.596
-0.118,0.167,-0.906,29.48,12.573,32.349,175.155,43.621,-13.848
-0.234,0.137,-0.853,22.4,-20.264,36.682,175.726,43.616,-15.941
-0.332,0.151,-0.804,19.836,-19.104,34.241,175.935,44.313,-18.276
-0.394,0.141,-0.833,15.442,-23.438,30.762,176.078,45.121,-20.451
-0.407,0.201,-0.854,11.841,-20.569,35.4,175.902,46.027,-22.797
-0.441,0.227,-0.942,16.785,-21.851,39.551,175.633,46.901,-25.538
-0.452,0.178,-1.044,21.729,-11.23,38.391,175.644,47.444,-28.229
-0.499,0.142,-1.109,17.883,-23.926,43.823,175.545,48.109,-31.064
-0.589,0.082,-1.049,23.987,-18.494,29.907,175.518,49.12,-33.657
-0.332,-0.148,-0.847,27.771,8.362,-3.479,176.776,49.087,-34.415
-0.205,-0.176,-0.729,5.676,-26.245,0.0,177.83,49.427,-34.184
-0.535,-0.036,-0.781,2.075,-44.861,18.311,177.687,51.553,-35.002
-0.57,-0.031,-0.916,15.564,16.418,24.658,177.819,51.877,-36.31
-0.322,-0.04,-0.867,17.09,33.081,30.457,178.242,50.427,-37.755
-0.174,-0.02,-0.861,19.226,5.676,30.457,178.605,49.219,-39.348
-0.362,-0.071,-0.83,19.348,-17.7,17.639,179.231,49.493,-40.523
-0.47,-0.105,-0.819,17.151,-9.888,6.836,-179.973,50.092,-41.05
-0.469,-0.157,-0.793,12.878,-6.226,-2.197,-179.033,50.433,-41.05
-0.537,-0.136,-0.832,4.395,-0.793,-1.587,-178.341,50.751,-40.825
-0.398,-0.133,-0.85,6.226,27.405,-1.343,-177.77,50.164,-40.655
-0.213,-0.103,-0.814,0.793,14.221,7.935,-177.418,49.059,-40.743
-0.254,-0.075,-0.745,1.404,-9.521,6.592,-177.341,49.114,-41.028
-0.289,-0.092,-0.689,-2.38,-11.963,-3.967,-177.155,49.581,-40.853
-0.33,-0.08,-0.619,-11.23,-19.958,-11.963,-177.127,50.383,-40.193
-0.273,-0.072,-0.596,-16.907,-17.7,-20.02,-177.155,51.18,-39.051
-0.61,0.04,-0.903,-26.184,-37.415,-9.521,-177.781,52.646,-38.205
-0.695,0.128,-1.017,-15.625,-5.92,-8.118,-178.44,53.74,-37.837
-0.809,0.231,-1.333,-12.085,-3.357,13.123,-179.269,53.58,-38.331
-0.602,0.211,-1.189,12.878,38.025,9.766,-179.819,53.207,-39.611
-0.341,0.114,-1.079,14.343,22.583,-2.075,-179.341,51.411,-40.161
-0.422,0.039,-1.026,6.836,3.174,-14.893,-178.715,50.922,-39.941
-0.398,0.02,-0.908,-3.967,4.822,-14.404,-178.358,50.663,-39.271
-0.315,0.077,-0.793,-10.742,-1.343,-8.362,-178.594,50.488,-38.837
-0.303,0.128,-0.716,-11.108,-6.958,-0.305,-179.143,50.652,-38.754
-0.25,0.167,-0.644,-5.981,-7.69,8.484,-179.841,50.872,-39.221
-0.345,0.198,-0.678,-0.793,-15.32,20.386,179.385,51.35,-40.38
-0.351,0.205,-0.653,8.545,-7.996,27.222,178.654,51.801,-42.22
-0.299,0.177,-0.637,13.062,-24.353,28.87,178.171,52.383,-44.385
-0.448,0.165,-0.648,16.479,-39.978,20.203,177.825,54.064,-46.467
-0.824,0.103,-1.01,15.137,-36.438,13.733,177.869,55.876,-47.988
-0.864,0.056,-1.088,17.395,-6.958,9.216,177.995,56.931,-49.241
-0.786,-0.092,-1.241,23.132,11.963,-9.521,179.176,56.656,-49.301
-0.818,-0.12,-1.195,20.569,23.499,-11.841,-179.412,56.266,-48.735
-0.377,-0.21,-0.982,18.982,61.218,-8.24,-177.808,53.811,-48.005
-0.069,-0.163,-0.826,-7.446,16.968,16.479,-177.561,51.877,-48.148
-0.383,0.066,-0.723,-20.386,-42.114,21.973,-178.863,52.789,-49.12
-0.677,0.11,-0.783,-1.831,-21.24,1.282,-179.709,54.459,-49.713
-0.62,-0.003,-0.824,9.094,9.583,-10.559,-179.236,54.63,-49.455
-0.516,-0.084,-0.828,10.01,13.123,-18.555,-178.259,54.124,-48.702
-0.574,-0.131,-0.906,5.981,5.554,-22.4,-177.209,53.789,-47.565
-0.535,-0.175,-0.832,0.793,0.488,-21.729,-176.21,53.685,-46.225
-0.461,-0.103,-0.758,-6.775,8.179,-9.766,-175.82,53.685,-45.313
-0.285,-0.099,-0.632,-10.315,16.602,-8.118,-175.798,53.058,-44.791
-0.248,-0.042,-0.642,-20.691,2.502,-4.211,-176.243,52.548,-44.346
-0.226,-0.013,-0.61,-14.343,-0.732,-18.311,-176.671,52.52,-43.599
-0.199,-0.043,-0.532,-14.099,-13.672,-32.471,-176.479,52.773,-41.874
-0.658,-0.033,-0.9,-15.991,-41.87,-29.358,-176.21,54.124,-39.93
-0.726,0.054,-0.929,-3.784,-2.808,-24.841,-175.902,55.426,-38.502
-0.786,0.043,-1.149,-11.108,-5.493,-1.343,-175.836,55.085,-38.057
-0.68,0.172,-1.139,-3.967,39.368,7.019,-176.561,54.739,-38.716
-0.344,0.182,-1.088,0.061,32.654,16.174,-177.111,52.372,-39.875
-0.392,0.107,-1.049,5.981,-1.526,2.869,-177.369,52.059,-40.776
-0.558,0.081,-0.971,-8.362,-6.897,-9.521,-177.556,52.284,-40.737
-0.475,0.099,-0.853,-12.451,0.366,-11.902,-177.929,52.35,-40.386
-0.462,0.155,-0.777,-10.437,-4.517,-8.362,-178.456,52.52,-40.188
-0.371,0.138,-0.652,-3.174,2.136,-7.507,-178.753,52.63,-40.144
-0.311,0.154,-0.646,-1.831,4.089,3.174,-179.033,52.471,-40.457
-0.238,0.134,-0.607,5.859,1.221,9.46,-179.379,52.3,-41.353
-0.307,0.146,-0.634,2.563,-21.545,20.63,-179.835,52.707,-42.665
-0.408,0.16,-0.654,7.812,-21.057,21.973,179.451,53.789,-44.517
-0.653,0.121,-1.056,11.047,-29.297,16.479,179.11,54.761,-46.126
-0.774,0.018,-1.072,16.846,-15.991,15.869,178.995,56.179,-47.637
-0.601,-0.106,-1.096,12.329,-1.648,12.878,179.396,56.129,-48.593
-0.963,-0.019,-1.106,7.263,-18.311,13.794,179.286,57.343,-49.62
-0.631,-0.093,-1.042,22.766,55.115,-1.709,-179.753,55.926,-49.818
-0.239,-0.124,-0.915,8.911,21.851,8.667,-178.863,53.97,-49.867
-0.358,-0.053,-0.819,0.61,-10.254,11.963,-178.923,53.954,-50.433
-0.503,-0.038,-0.79,1.892,-7.385,-0.732,-178.846,54.382,-50.554
-0.409,-0.085,-0.666,1.282,3.113,-11.902,-178.374,54.421,-50.021
-0.471,-0.118,-0.739,-2.991,-1.282,-19.958,-177.764,54.333,-49.005
-0.549,-0.141,-0.792,-7.69,-1.099,-27.405,-177.133,54.421,-47.505
-0.387,-0.132,-0.699,-9.399,11.536,-28.748,-176.545,54.174,-45.769
-0.35,-0.122,-0.68,-9.888,7.751,-23.682,-176.05,53.723,-44.149
-0.265,-0.11,-0.657,-11.414,3.296,-17.761,-175.759,53.328,-42.836
-0.313,-0.079,-0.67,-16.418,-11.475,-8.057,-175.831,53.509,-41.885
-0.521,-0.018,-0.888,-16.663,-18.311,-9.521,-176.27,54.124,-41.27
-0.651,0.042,-0.922,-17.09,-14.832,-11.23,-176.627,54.998,-40.589
-0.747,0.126,-1.184,-19.409,12.573,-2.441,-177.374,55.003,-40.386
-0.8,0.209,-1.253,-4.333,22.827,-0.183,-178.061,54.3,-40.732
-0.517,0.181,-1.135,0.854,46.265,5.92,-178.209,52.383,-41.221
-0.298,0.19,-0.962,8.484,24.597,0.427,-178.292,50.669,-41.858
-0.37,0.038,-0.802,14.099,-4.578,-20.752,-177.506,50.356,-41.49
-0.487,-0.009,-0.771,5.981,-3.357,-18.494,-176.748,50.68,-40.693
-0.442,0.011,-0.76,0.244,9.033,-7.202,-176.451,50.466,-40.342
-0.385,0.061,-0.739,0.977,7.324,7.141,-176.572,50.12,-40.732
-0.366,0.105,-0.746,5.493,7.568,25.574,-177.006,49.856,-42.089
-0.34,0.113,-0.748,8.789,1.16,24.048,-177.391,49.713,-43.835
-0.286,0.134,-0.692,8.972,1.16,19.47,-177.704,49.653,-45.412
-0.277,0.045,-0.691,11.353,-12.39,7.568,-177.715,49.916,-46.522
-0.423,0.024,-0.88,2.991,-20.752,7.69,-177.737,50.636,-47.153
-0.723,-0.022,-1.15,0.671,-11.108,12.024,-178.022,51.685,-47.889
-0.417,-0.043,-0.951,4.456,10.864,7.08,-178.226,51.603,-48.636
-0.65,-0.123,-1.153,4.15,-19.531,-2.197,-177.874,51.608,-48.691
-0.71,-0.055,-1.119,5.798,9.277,-3.052,-177.643,52.163,-48.593
-0.507,-0.174,-1.051,9.949,38.696,-14.343,-176.737,50.685,-47.961
-0.218,-0.17,-0.908,-6.958,35.156,0.61,-176.429,48.741,-47.521
-0.184,-0.067,-0.769,-19.836,-1.465,9.094,-177.188,48.065,-47.714
-0.364,0.022,-0.75,-21.973,-8.179,4.883,-178.242,48.378,-47.818
-0.446,0.029,-0.777,-12.268,4.456,0.244,-178.956,48.411,-47.802
-0.414,-0.004,-0.828,-2.197,14.038,-7.08,-179.094,47.911,-47.587
-0.294,-0.082,-0.85,2.502,27.466,-14.099,-178.654,46.895,-46.895
-0.13,-0.066,-0.825,-8.118,15.564,-2.075,-178.517,45.769,-46.346
-0.188,0.057,-0.769,-8.301,-15.869,12.085,-179.094,45.791,-46.516
-0.285,0.051,-0.71,-1.587,-22.949,11.536,-179.467,46.67,-46.994
-0.309,0.063,-0.728,-2.93,-22.766,15.808,-179.835,47.609,-47.642
-0.522,0.119,-0.893,-4.272,-30.212,18.127,179.528,48.845,-48.68
-0.531,0.126,-0.96,-1.953,0.305,10.742,179.039,49.752,-49.598
-0.644,0.234,-1.197,-3.967,-5.066,19.714,178.407,49.515,-50.63
-0.576,0.201,-1.233,20.142,32.654,-5.371,178.434,49.274,-51.405
-0.218,0.057,-1.164,14.648,27.405,-9.399,179.566,47.263,-50.922
-0.302,0.026,-1.029,7.751,-16.785,-10.132,-179.868,47.214,-50.603
-0.441,0.007,-0.871,3.235,-19.47,-17.639,-179.357,48.137,-49.807
-0.415,0.034,-0.748,2.869,-10.315,-10.315,-178.989,48.812,-49.158
-0.37,0.041,-0.686,3.418,-9.338,2.38,-178.781,49.263,-49.098
-0.384,0.079,-0.695,6.47,-1.221,15.625,-178.879,49.576,-49.867
-0.278,0.06,-0.674,10.559,7.08,20.02,-178.923,49.334,-51.053
-0.195,0.051,-0.635,8.057,-15.93,19.531,-179.011,49.543,-52.317
-0.352,0.051,-0.649,4.272,-31.067,10.986,-179.203,50.828,-53.273
-0.571,-0.007,-0.988,2.014,-25.146,1.221,-179.187,52.07,-53.657
-0.645,0.0,-1.053,1.343,-12.451,5.249,-179.407,53.185,-54.069
-0.522,-0.096,-1.007,9.583,-19.287,-12.939,-178.989,53.74,-53.948
-1.045,-0.146,-1.177,10.01,-20.874,-17.944,-177.902,55.377,-52.916
-0.582,-0.181,-1.07,6.775,69.58,2.319,-177.012,53.954,-52.383
-0.126,-0.118,-0.921,-14.038,27.405,29.907,-177.391,51.295,-53.19
-0.317,0.063,-0.862,-20.508,-21.423,33.813,-179.011,51.295,-54.811
-0.396,0.12,-0.72,-12.024,-13.123,17.883,179.594,52.119,-56.096
-0.345,0.065,-0.61,-6.042,-16.724,-1.77,178.995,52.663,-56.492
-0.548,0.0,-0.713,-0.977,-11.597,-19.47,179.203,53.492,-55.8
-0.465,-0.039,-0.681,-2.869,11.963,-19.653,179.753,53.427,-54.63
-0.388,-0.053,-0.729,-4.333,14.832,-6.348,-179.94,52.811,-53.822
-0.295,-0.004,-0.733,-5.493,8.667,7.568,179.819,52.251,-53.926
-0.253,0.05,-0.747,-5.249,-12.939,7.507,179.467,52.35,-54.234
-0.584,0.098,-0.904,-3.54,-31.555,5.371,179.061,53.575,-54.597
-0.627,0.109,-0.913,-2.502,0.977,3.784,178.824,54.338,-54.893
-0.808,0.183,-1.167,-3.54,1.221,15.991,178.319,54.009,-55.591
-0.607,0.226,-1.232,5.066,52.612,18.982,177.902,52.8,-56.7
-0.234,0.222,-1.075,6.042,33.936,13.245,177.66,50.378,-57.667
-0.291,0.098,-0.908,2.747,-5.859,-2.93,177.742,49.587,-57.964
-0.479,0.107,-0.813,-2.38,-14.099,-5.432,177.665,50.186,-57.81
-0.467,0.124,-0.718,1.77,1.587,0.061,177.599,50.471,-57.75
-0.248,0.111,-0.574,4.028,2.441,13.855,177.501,50.268,-58.244
-0.309,0.163,-0.594,4.395,-21.423,29.297,177.001,50.658,-59.65
-0.398,0.157,-0.72,11.719,-6.897,34.241,176.396,51.301,-61.732
-0.252,0.132,-0.668,11.78,-12.39,35.4,175.941,51.438,-63.896
-0.386,0.1,-0.827,7.935,-28.259,27.405,175.402,52.295,-65.907
-0.761,0.133,-1.088,0.366,-44.373,21.179,174.716,54.053,-67.5
-0.608,0.075,-0.923,17.944,7.507,-2.441,174.831,54.97,-68.176
-0.902,-0.038,-1.037,3.113,-14.526,-13.367,176.045,55.19,-67.148
-0.751,-0.033,-1.211,18.433,54.626,-17.578,177.105,54.294,-66.094
-0.292,-0.115,-1.017,0.977,55.054,-7.019,178.22,51.378,-64.814
-0.127,0.044,-0.875,-16.113,16.968,16.052,177.72,49.68,-64.726
-0.301,0.122,-0.807,-9.766,-12.451,15.137,176.797,49.741,-65.319
-0.365,0.083,-0.753,-1.709,-8.667,3.418,176.506,49.966,-65.435
-0.487,0.051,-0.859,3.54,-15.442,-4.333,176.55,50.548,-65.308
-0.595,-0.008,-0.9,9.033,-6.836,-18.372,177.171,51.202,-64.578
-0.451,-0.062,-0.761,11.414,-0.671,-23.743,178.325,51.493,-63.177
-0.5,-0.069,-0.762,4.639,-8.911,-10.498,179.319,51.927,-61.974
-0.549,-0.051,-0.799,5.188,4.639,-5.188,179.863,52.202,-61.386
-0.428,-0.065,-0.745,-1.953,14.832,-5.188,-179.725,51.828,-60.826
-0.209,-0.048,-0.558,-2.869,13.55,-17.212,-179.462,51.218,-59.996
-0.144,-0.068,-0.563,-12.573,-15.198,-28.076,-179.0,51.235,-58.31
-0.399,0.077,-0.646,-18.311,-47.363,-17.578,-179.198,53.185,-56.777
-0.668,0.119,-0.875,0.916,-22.644,-6.104,-179.176,54.767,-56.03
-0.618,0.15,-0.849,10.986,-25.635,12.939,-179.121,55.937,-56.486
-0.881,0.182,-1.14,10.925,-23.438,33.508,-179.467,57.079,-58.063
-1.037,0.216,-1.279,24.719,34.912,38.94,-179.984,57.025,-60.568
-0.32,0.107,-1.056,28.442,56.641,27.466,-179.528,54.014,-62.397
-0.352,0.08,-1.004,19.958,-3.784,19.104,-179.187,53.091,-63.732
-0.399,0.005,-0.771,20.264,2.502,4.578,-178.566,53.273,-64.286
-0.374,0.008,-0.706,12.512,-6.287,10.071,-178.006,53.256,-64.572
-0.37,0.037,-0.648,11.169,2.747,16.357,-177.935,53.295,-65.286
-0.375,0.002,-0.672,10.254,0.793,17.517,-177.885,53.157,-66.154
-0.301,-0.001,-0.657,4.272,-5.92,18.127,-178.083,53.179,-67.099
-0.361,0.003,-0.71,-2.686,-20.508,12.878,-178.489,53.833,-67.835
-0.646,0.033,-0.926,-12.085,-22.278,19.653,-179.258,54.871,-68.522
-0.689,0.073,-0.941,-3.784,-2.502,18.311,179.599,55.541,-69.681
-0.74,-0.03,-1.093,1.709,-8.728,2.991,179.445,55.558,-70.027
-0.861,0.018,-1.044,10.498,-13.916,7.812,179.412,56.519,-70.4
-0.774,-0.106,-0.975,13.672,38.94,5.981,-179.797,55.805,-70.411
-0.458,-0.051,-0.854,4.15,58.838,30.212,-179.885,53.267,-71.29
-0.233,0.015,-0.803,2.136,45.166,32.715,179.544,50.746,-72.784
-0.126,0.029,-0.697,6.958,23.865,18.188,179.363,49.114,-73.729
-0.178,-0.014,-0.677,6.592,-5.676,7.935,179.583,48.658,-73.982
-0.294,-0.107,-0.716,6.775,-12.268,1.831,179.951,49.213,-73.839
-0.305,-0.05,-0.775,-11.047,-12.634,19.043,179.714,49.548,-73.998
-0.335,0.08,-0.748,-1.282,-31.86,25.94,178.885,50.554,-74.993
-0.372,0.089,-0.708,10.559,-38.025,33.752,178.451,52.119,-76.421
-0.736,0.075,-0.931,12.146,-49.438,53.528,177.88,54.086,-78.816
-0.908,0.224,-1.042,10.925,-12.695,77.82,176.44,55.481,-82.584
-0.781,0.334,-1.203,28.076,7.446,97.717,174.727,54.816,-87.589
-0.619,0.233,-1.125,53.04,21.973,83.313,174.078,53.712,-92.769
-0.489,0.054,-1.067,56.458,17.7,68.115,174.968,52.152,-96.625
-0.35,-0.038,-0.926,55.115,11.841,59.143,176.1,51.103,-99.877
-0.336,-0.123,-0.779,44.373,-9.277,56.213,177.297,50.735,-102.59
-0.46,-0.042,-0.733,35.522,-14.343,68.787,177.742,51.213,-105.634
-0.455,-0.025,-0.74,35.217,-8.667,72.815,177.863,51.487,-109.122
-0.486,0.04,-0.799,29.419,-1.038,76.294,177.654,51.509,-112.758
-0.451,0.063,-0.853,29.541,13.672,78.308,177.325,50.856,-116.505
-0.377,0.093,-0.901,27.649,5.432,78.125,176.979,50.037,-120.267
-0.409,0.167,-0.981,28.748,-10.681,84.29,176.429,49.861,-124.371
-0.574,0.165,-0.929,32.715,-24.475,93.14,175.803,50.482,-129.034
-0.571,0.092,-0.932,29.541,-47.913,105.774,174.886,51.537,-134.341
-0.624,0.119,-0.816,46.57,-19.653,106.75,173.584,52.784,-140.416
-0.406,-0.002,-0.723,64.209,-11.475,87.097,173.848,52.548,-145.311
-0.624,-0.097,-0.736,71.106,-14.954,90.393,174.946,52.987,-149.678
-0.73,-0.203,-0.886,72.388,24.963,98.694,176.177,52.427,-154.133
-0.418,-0.353,-0.799,61.523,67.444,105.957,177.418,49.889,-158.434
-0.162,-0.264,-0.833,24.536,46.875,123.779,177.523,46.763,-163.087
-0.215,-0.017,-0.862,20.081,5.981,117.249,176.616,45.209,-168.228
-0.368,-0.007,-0.904,29.907,0.488,100.647,176.303,44.709,-173.024
-0.341,-0.034,-0.881,29.602,4.395,82.764,176.484,44.22,-177.05
-0.361,-0.055,-0.918,26.55,3.723,62.317,176.957,43.731,179.995
-0.46,0.003,-0.938,26.184,17.822,56.458,177.473,43.105,177.698
-0.406,-0.032,-0.973,27.344,30.212,58.105,178.176,41.754,175.534
-0.427,-0.003,-1.018,11.23,28.748,51.575,178.38,40.474,173.441
-0.103,0.021,-0.969,-0.549,59.875,36.804,178.22,38.117,172.112
0.068,0.125,-0.987,-15.808,26.55,31.677,177.534,35.782,170.936
-0.121,0.238,-1.048,-6.165,1.77,21.301,176.682,35.283,169.618
-0.055,0.12,-1.009,12.146,22.522,6.592,176.814,34.42,169.14
0.0,0.035,-0.911,12.024,5.188,13.794,177.358,33.508,168.734
-0.131,0.063,-0.877,1.038,-2.686,29.297,177.495,33.333,167.536
-0.068,0.124,-0.89,2.686,5.493,30.396,177.297,32.981,165.987
-0.01,0.131,-0.922,1.648,-5.005,33.02,177.215,32.679,164.443
-0.06,0.188,-1.034,3.601,-7.751,40.039,176.968,32.701,162.499
-0.059,0.141,-1.098,12.207,-9.644,35.95,177.017,32.723,160.494
-0.062,0.036,-1.065,11.719,-26.001,35.156,177.347,33.184,158.643
-0.275,0.037,-1.096,9.033,-25.757,39.246,177.429,34.387,156.561
-0.011,-0.062,-0.871,19.531,-4.883,29.785,177.946,34.629,154.819
-0.072,-0.206,-0.959,4.883,-41.748,19.47,178.594,35.579,153.457
-0.303,-0.032,-0.941,-19.104,-40.222,17.09,177.924,37.601,152.15
-0.323,0.025,-0.945,2.625,-12.085,7.935,177.632,38.584,151.496
-0.205,-0.062,-0.854,4.578,-3.479,11.841,177.99,38.798,151.089
-0.129,-0.04,-0.779,4.15,-8.728,11.169,178.187,39.034,150.474
-0.218,-0.09,-0.773,0.183,-16.724,0.183,178.495,39.6,150.183
-0.252,-0.118,-0.885,-2.441,-8.85,-20.386,178.759,40.254,150.672
-0.226,-0.195,-0.85,-22.522,-28.503,-41.077,179.044,40.908,152.43
-0.283,-0.045,-0.734,-23.743,-32.532,-41.321,178.682,42.671,154.341
-0.175,-0.03,-0.627,-14.221,-19.714,-33.569,178.742,43.962,156.385
-0.226,0.073,-0.613,-15.076,-27.588,-5.676,178.577,45.17,157.451
-0.363,0.219,-0.908,1.038,-23.315,6.775,178.204,46.252,157.396
-0.6,0.162,-1.124,16.968,-7.324,5.31,178.489,47.197,157.159
-0.327,0.126,-1.288,14.16,31.25,2.93,179.236,46.225,157.385
-0.519,0.16,-1.384,10.071,-16.724,10.193,179.517,46.044,157.099
-0.495,0.198,-1.245,6.226,24.17,7.935,179.681,45.753,156.835
-0.181,0.176,-0.921,13.428,12.573,3.296,179.923,44.665,156.709
-0.204,0.045,-0.75,14.343,-37.903,-8.362,-179.412,45.385,157.006
-0.382,0.013,-0.562,8.545,-53.955,-10.132,-178.874,48.01,157.555
-0.548,-0.011,-0.706,4.822,-45.044,-6.592,-178.462,50.273,158.236
-0.562,0.057,-0.707,-2.808,-18.311,9.155,-178.621,51.921,158.505
-0.529,0.129,-0.765,1.282,2.625,27.954,-179.335,52.191,157.824
-0.382,0.143,-0.746,7.629,13.611,31.128,179.989,51.746,156.599
-0.308,0.135,-0.764,13.977,-7.019,23.682,179.687,51.575,155.446
-0.342,0.025,-0.708,17.273,-25.452,6.165,-179.967,52.416,154.907
-0.543,0.011,-0.837,7.446,-39.551,3.174,-179.594,54.009,154.819
-0.693,-0.021,-0.898,3.54,-33.081,-5.859,-179.423,55.915,155.006
-0.648,-0.081,-0.931,-2.93,-20.935,-22.278,-178.951,57.217,156.187
-0.894,-0.053,-1.028,-11.292,-15.076,-21.851,-178.522,58.436,157.961
-0.839,-0.055,-1.106,-2.808,37.231,-23.315,-178.055,58.101,159.824
-0.542,-0.05,-1.01,-2.625,54.504,-7.507,-177.599,55.745,161.301
-0.233,-0.068,-0.932,-0.122,35.461,3.418,-177.534,53.448,161.713
-0.272,-0.051,-0.802,-5.737,-3.296,6.348,-177.759,52.734,161.521
-0.443,-0.059,-0.696,-3.052,-14.099,-5.371,-177.88,53.256,161.57
-0.5,-0.117,-0.739,-5.188,5.92,-16.174,-177.534,53.454,162.521
-0.409,-0.083,-0.753,-5.371,23.132,-11.719,-177.347,52.603,163.586
-0.276,-0.109,-0.806,-5.859,22.034,-9.033,-177.16,51.427,164.372
-0.218,-0.092,-0.786,-8.972,0.977,-7.996,-177.155,50.872,164.828
-0.356,-0.07,-0.783,-11.047,-18.372,-9.338,-177.248,51.29,165.251
-0.266,-0.018,-0.608,-8.24,-15.015,-11.108,-177.33,51.993,165.778
-0.419,0.001,-0.685,-2.93,-28.442,-16.724,-177.149,53.091,166.536
-0.574,-0.029,-0.816,0.183,-27.588,-23.01,-176.512,54.261,167.844
-0.719,-0.001,-0.988,-12.024,-29.358,-24.353,-176.05,55.931,169.492
-0.807,0.146,-1.08,-13.184,-6.226,-17.151,-176.072,56.602,171.178
-0.79,0.165,-1.1,10.437,11.169,-1.221,-176.034,56.662,171.974
-0.651,0.069,-1.019,16.357,23.621,6.531,-175.611,55.761,171.991
-0.54,0.004,-0.955,16.541,27.1,0.427,-175.117,54.547,171.909
-0.445,-0.028,-0.865,5.249,14.832,-0.488,-174.699,53.558,172.101
-0.411,0.015,-0.767,-3.418,7.629,3.418,-174.853,53.08,172.178
-0.383,0.081,-0.758,-9.827,5.737,10.559,-175.518,52.822,171.909
-0.44,0.151,-0.748,-5.615,-0.305,18.066,-176.512,52.822,171.123
-0.455,0.139,-0.751,2.197,2.502,11.292,-177.188,52.789,170.359
-0.446,0.063,-0.791,4.272,7.507,-3.784,-177.259,52.537,170.359
-0.4,0.054,-0.807,-1.038,7.141,-6.836,-177.242,52.191,170.821
-0.309,0.048,-0.766,-0.854,-4.211,-7.202,-177.264,52.103,171.26
-0.334,0.064,-0.723,-3.174,-27.832,0.366,-177.435,52.96,171.354
-0.494,0.07,-0.847,2.502,-29.419,-1.587,-177.621,54.333,171.233
-0.616,-0.034,-0.868,3.54,-34.607,-7.812,-177.407,55.953,171.491
-0.497,-0.119,-0.734,-0.183,-24.597,-13.916,-176.984,57.371,172.238
-0.996,-0.104,-0.938,-2.136,-33.752,-16.174,-176.517,59.156,173.353
-0.793,-0.116,-1.045,6.775,64.392,-19.226,-175.748,58.612,174.814
-0.247,-0.21,-0.838,-0.793,54.81,-6.592,-174.974,55.146,175.924
-0.214,-0.062,-0.792,-29.968,-11.475,19.836,-175.88,54.146,175.556
-0.519,0.072,-0.754,-23.376,-28.931,11.047,-177.693,55.327,174.43
-0.557,0.002,-0.723,-12.573,-11.292,-10.01,-178.401,56.217,174.529
-0.597,-0.026,-0.677,-11.78,-13.489,-20.142,-178.462,56.942,175.594
-0.647,-0.04,-0.808,-14.16,13.123,-21.423,-178.264,56.904,177.281
-0.498,-0.047,-0.752,-12.695,18.372,-16.296,-178.281,56.091,178.72
-0.447,-0.007,-0.746,-13.733,25.208,-7.446,-178.528,55.212,179.731
-0.227,-0.0,-0.651,-9.705,25.757,0.183,-178.907,53.86,-179.874
-0.194,-0.001,-0.618,-12.329,-11.23,5.859,-179.467,53.586,179.89
-0.342,0.021,-0.617,-13.062,-16.785,6.226,179.78,54.382,179.407
-0.528,0.059,-0.871,-15.259,-19.653,12.451,178.846,54.943,178.759
-0.791,0.138,-1.013,-10.986,-8.85,12.39,177.797,55.827,178.011
-0.769,0.29,-1.374,-16.479,10.681,34.79,176.484,54.893,176.968
-0.651,0.304,-1.197,17.273,24.719,14.832,175.627,54.355,175.457
-0.454,0.16,-1.147,23.926,36.011,-7.812,176.71,52.377,175.671
-0.447,0.036,-1.109,20.264,14.282,-21.179,178.121,51.356,176.506
-0.409,-0.045,-1.007,4.517,0.488,-20.63,179.297,50.878,177.704
-0.465,0.033,-0.918,-6.775,-11.658,-16.296,179.577,51.262,178.539
-0.428,0.093,-0.786,-3.235,-20.142,-13.794,179.659,51.965,179.308
-0.469,0.067,-0.703,4.883,-20.569,-13.855,179.989,53.064,179.984
-0.498,0.013,-0.688,5.127,-10.315,-13.55,-179.407,53.849,-179.187
-0.43,0.003,-0.636,0.244,-1.221,-6.592,-179.083,54.13,-178.539
-0.447,0.043,-0.682,-3.967,0.0,3.845,-179.209,54.229,-178.33
-0.433,0.085,-0.686,-1.221,-2.014,11.841,-179.659,54.327,-178.704
-0.437,0.062,-0.735,2.686,-0.488,7.629,-179.945,54.437,-179.16
-0.407,0.05,-0.76,-2.991,-7.324,2.563,179.846,54.651,-179.324
-0.577,0.089,-0.947,-6.409,-16.174,0.916,179.467,55.305,-179.379
-0.674,0.112,-1.03,-0.549,-7.385,-4.944,179.225,55.926,-179.253
-0.502,0.004,-0.939,11.719,2.502,-27.161,179.907,56.135,-178.281
-0.678,-0.136,-0.999,2.441,-29.846,-28.32,-178.654,56.646,-176.375
-0.842,-0.075,-0.958,-4.7,-19.226,-17.395,-178.088,58.217,-174.968
-0.734,-0.054,-0.859,-5.066,32.837,-2.258,-177.83,57.914,-173.903
-0.465,-0.006,-0.749,-4.15,42.175,19.775,-178.297,55.997,-174.067
-0.399,0.034,-0.782,-3.418,36.499,27.588,-179.077,54.207,-175.051
-0.378,0.072,-0.809,6.714,35.828,30.579,-179.819,52.449,-176.457
-0.346,-0.034,-0.856,15.076,25.879,16.663,-179.769,50.845,-177.599
-0.381,-0.071,-0.877,11.78,20.813,2.747,-179.236,49.801,-177.962
-0.248,-0.1,-0.835,11.23,22.339,-3.662,-178.522,48.615,-177.841
-0.208,-0.138,-0.784,3.479,1.587,-5.737,-177.885,48.065,-177.638
-0.241,-0.107,-0.719,-3.967,-10.376,1.221,-177.704,48.203,-177.671
-0.243,-0.079,-0.648,-6.409,-19.775,16.113,-178.0,48.862,-178.407
-0.231,-0.053,-0.604,-10.559,-29.602,25.269,-178.72,49.911,-179.791
-0.372,0.03,-0.753,-12.39,-39.673,33.02,-179.89,51.509,178.358
-0.603,0.114,-0.923,-7.935,-42.542,34.119,178.759,53.427,176.281
-0.677,0.216,-0.933,1.16,-18.372,32.349,177.627,54.926,174.452
-0.714,0.339,-1.118,19.592,4.211,45.532,176.819,54.783,172.337
-0.646,0.223,-1.167,36.438,19.592,33.02,177.034,54.053,170.261
-0.511,0.132,-1.098,28.32,17.944,17.7,177.808,52.965,168.997
-0.451,0.013,-0.968,15.747,3.784,-8.057,178.731,52.322,168.865
-0.551,0.047,-0.905,-0.732,-3.235,-15.93,179.302,52.465,169.673
-0.5,0.052,-0.836,-3.784,8.118,-8.484,179.506,52.344,170.519
-0.431,0.12,-0.787,-4.456,4.822,-0.549,179.297,52.07,170.892
-0.373,0.112,-0.708,0.244,2.075,7.69,179.066,51.899,170.832
-0.291,0.118,-0.602,-0.61,-4.456,15.015,178.649,51.96,170.25
-0.31,0.134,-0.609,0.366,-9.705,14.221,178.121,52.284,169.426
-0.325,0.163,-0.64,1.404,2.258,16.724,177.534,52.383,168.519
-0.211,0.123,-0.638,2.869,-6.592,10.742,177.166,52.284,167.772
-0.383,0.121,-0.819,-0.854,-29.663,5.92,176.715,53.157,167.08
-0.743,0.114,-0.943,-3.113,-24.902,3.845,176.237,54.684,166.624
-0.493,0.011,-0.889,4.517,-8.179,-16.846,176.572,55.267,167.234
-0.99,0.038,-1.139,-11.963,-26.001,-3.174,176.666,56.365,167.986
-0.704,0.087,-1.106,11.353,35.583,-16.113,176.995,55.893,168.816
-0.281,-0.026,-0.904,0.244,13.306,-1.099,177.863,54.344,169.893
-0.453,0.065,-0.809,-8.24,-25.085,10.132,177.435,54.772,169.508
-0.518,0.054,-0.732,-1.77,-6.104,-2.38,177.078,55.574,169.272
-0.487,0.027,-0.717,-1.038,-8.301,-5.615,177.209,55.783,169.722
-0.514,-0.016,-0.704,3.723,-2.258,-15.32,177.61,56.25,170.53
-0.537,-0.057,-0.753,4.639,8.789,-19.348,178.511,56.206,171.98
-0.4,-0.079,-0.709,4.517,11.597,-16.479,179.44,55.772,173.458
-0.297,-0.088,-0.647,-3.967,-0.366,-7.996,-179.94,55.514,174.556
-0.426,-0.02,-0.653,-10.742,-18.616,1.709,179.896,56.135,174.886
-0.426,0.037,-0.636,-7.446,-8.545,3.357,179.484,56.739,174.952
-0.548,0.071,-0.841,-4.761,-10.742,7.568,179.099,57.173,174.847
-0.618,0.11,-0.871,0.183,-19.653,7.812,178.726,57.986,174.523
-0.613,0.092,-0.908,6.226,-5.615,5.676,178.753,58.574,174.38
-0.887,0.177,-1.146,4.822,-9.766,15.869,178.467,58.909,173.793
-0.768,0.158,-1.109,13.794,27.527,11.536,178.544,58.409,173.315
-0.54,0.146,-1.078,14.709,27.039,12.695,178.737,56.799,172.815
-0.517,0.027,-0.964,10.01,-1.099,-11.292,179.401,56.206,172.947
-0.553,0.05,-0.841,0.366,-5.188,-10.742,179.885,56.431,173.694
-0.497,0.041,-0.716,-5.798,-9.033,-7.935,-179.984,56.744,174.353
-0.444,0.126,-0.609,-6.592,-6.287,2.441,179.654,57.206,174.65
-0.416,0.146,-0.588,1.709,-4.456,9.033,179.231,57.415,174.441
-0.344,0.125,-0.553,6.592,1.709,14.648,178.868,57.475,173.842
-0.431,0.137,-0.658,7.69,-4.639,20.081,178.484,57.48,172.919
-0.352,0.133,-0.614,8.362,-6.042,26.245,177.929,57.579,171.568
-0.43,0.091,-0.756,7.141,-22.217,18.372,177.325,58.123,170.134
-0.852,0.097,-0.875,-1.831,-27.344,19.348,176.594,59.639,168.97
-0.568,-0.021,-0.814,1.221,2.441,8.057,176.27,59.815,168.464
-0.896,0.041,-1.048,-11.047,-33.264,9.399,175.627,60.656,168.036
-0.94,0.084,-1.046,0.366,13.916,3.54,175.111,61.128,167.833
-0.631,0.032,-0.928,0.793,34.79,4.822,175.391,59.683,168.344
-0.443,0.089,-0.875,4.211,25.635,19.104,175.243,58.162,168.003
-0.446,0.07,-0.79,10.498,6.653,20.569,175.133,57.354,166.992
-0.433,0.029,-0.68,11.597,0.183,16.235,175.221,57.101,166.047
-0.551,0.01,-0.688,9.46,-9.155,0.549,175.474,57.431,165.575
-0.624,-0.016,-0.744,10.864,7.263,-14.526,176.375,57.667,166.278
-0.465,-0.055,-0.69,15.93,17.395,-23.865,177.852,57.189,167.855
-0.311,-0.057,-0.693,10.742,9.888,-12.756,179.357,56.541,169.382
-0.258,-0.001,-0.605,16.541,-23.376,-1.648,-179.709,56.876,169.761
-0.314,-0.062,-0.542,21.24,-44.617,-4.822,-178.506,58.447,169.75
-0.489,-0.025,-0.579,13.733,-45.532,-0.244,-177.49,60.688,169.733
-0.682,0.016,-0.715,19.653,-52.429,6.226,-176.655,62.941,169.612
-0.94,0.026,-0.947,27.527,-45.349,17.639,-175.836,65.522,169.124
-0.903,0.1,-0.987,32.227,-31.372,48.035,-175.957,67.132,166.893
-1.219,0.094,-1.073,41.199,-12.207,49.5,-176.567,68.5,163.499
-0.864,-0.091,-0.907,41.87,16.479,19.653,-175.974,67.983,161.444
-0.73,-0.085,-0.763,15.93,13.855,5.432,-175.276,67.297,160.845
-0.59,-0.081,-0.639,6.47,13.367,-2.93,-174.798,66.665,160.944
-0.48,-0.055,-0.549,-2.502,-1.709,-1.038,-174.595,66.467,161.219
-0.521,0.011,-0.521,-4.272,-1.221,9.644,-174.996,66.649,160.928
-0.374,0.022,-0.417,0.793,4.15,14.526,-175.666,66.594,160.131
-0.44,0.054,-0.47,3.967,-30.457,17.639,-176.215,67.291,159.186
-0.674,0.054,-0.541,6.958,-18.982,23.315,-177.1,68.741,157.764
-0.816,0.011,-0.765,15.747,-20.325,12.512,-177.462,69.472,156.764
-1.08,-0.083,-0.839,15.442,-5.188,17.273,-177.572,70.477,155.83
-0.766,-0.166,-0.807,17.578,-8.911,-0.549,-177.171,70.362,155.435
-1.337,-0.125,-0.966,13.55,-5.615,8.606,-176.545,71.691,155.369
-0.773,-0.232,-0.815,21.484,27.649,21.301,-175.858,70.708,154.693
-0.858,-0.073,-0.856,2.869,-0.916,57.251,-177.209,70.307,151.666
-0.686,0.027,-0.694,10.193,18.311,54.626,-179.577,69.703,147.453
-0.643,0.044,-0.555,8.179,21.057,49.683,178.561,68.708,143.839
-0.539,0.035,-0.494,17.761,24.414,32.41,177.561,67.407,141.224
-0.486,-0.031,-0.452,25.146,24.353,19.958,177.852,66.308,139.752
-0.497,-0.081,-0.506,23.193,27.222,23.926,178.517,65.034,138.494
-0.475,0.015,-0.535,17.944,18.921,39.612,178.248,63.962,136.066
-0.516,-0.008,-0.626,24.841,10.01,33.691,178.154,63.226,133.445
-0.639,0.009,-0.736,24.292,1.099,29.968,178.237,63.111,130.99
-0.858,0.057,-0.938,18.555,-7.629,38.818,178.242,63.342,128.386
-0.677,0.128,-0.903,20.935,1.282,50.72,177.484,63.303,125.035
-1.014,0.281,-1.131,19.958,4.395,72.449,175.858,63.364,120.558
-0.657,0.19,-0.96,37.903,30.823,60.73,175.04,61.655,116.268
-0.599,0.181,-0.849,26.978,-2.441,63.354,174.243,60.699,112.077
-0.599,0.143,-0.732,33.264,-1.404,41.809,173.76,60.48,108.292
-0.534,0.101,-0.662,37.537,10.681,32.349,174.271,60.09,105.65
-0.461,0.079,-0.633,39.368,7.08,44.678,174.88,59.392,102.816
-0.466,0.072,-0.661,33.325,2.747,55.908,175.001,58.92,99.113
-0.582,0.112,-0.817,27.771,2.563,63.477,174.441,58.48,94.691
-0.51,0.194,-0.834,25.696,8.667,71.838,173.414,57.794,89.78
-0.712,0.177,-0.98,26.367,-7.263,66.895,172.573,57.382,84.968
-0.78,0.152,-1.043,25.452,5.981,75.073,171.749,56.744,80.03
-0.565,0.084,-0.853,28.198,12.451,78.613,170.771,55.53,74.548
-0.391,-0.013,-0.706,29.968,18.738,66.772,170.486,54.064,69.675
-0.401,-0.023,-0.753,25.513,-3.296,70.618,170.31,53.009,64.929
-0.499,-0.005,-0.874,32.227,-9.827,70.312,170.118,52.745,59.837
-0.452,-0.018,-0.802,40.527,1.709,75.012,170.469,52.141,54.91
-0.386,-0.011,-0.745,35.889,-2.93,89.294,170.711,51.24,49.477
-0.487,0.068,-0.764,36.682,-13.611,85.571,170.59,50.806,43.632
-0.483,0.019,-0.752,41.199,-7.507,72.144,170.975,50.554,38.375
-0.569,0.001,-0.851,34.851,-18.921,59.937,171.502,50.636,33.695
-0.648,-0.017,-0.927,23.987,-15.686,48.401,171.974,51.141,29.691
-0.612,0.045,-1.103,25.391,0.244,32.898,172.441,51.323,26.537
-0.468,0.093,-0.984,26.978,0.854,39.551,173.112,51.064,23.796
-0.166,0.02,-0.902,22.217,20.691,31.25,173.941,50.246,21.352
-0.26,0.198,-0.83,-17.456,-22.583,66.04,172.672,49.894,18.056
-0.52,0.368,-0.928,-0.732,-22.339,50.171,170.673,50.576,14.019
-0.45,0.287,-0.831,24.475,11.536,31.494,170.475,50.197,11.404
-0.298,0.132,-0.729,37.354,9.155,29.785,171.497,49.246,9.322
-0.339,0.136,-0.694,24.841,-13.489,44.373,172.04,49.147,6.608
-0.458,0.218,-0.748,24.963,-17.029,52.185,171.974,49.57,3.137
-0.453,0.238,-0.788,27.344,-20.569,56.58,171.887,49.944,-0.703
-0.517,0.253,-0.838,26.917,-21.851,62.378,171.601,50.669,-4.938
-0.474,0.287,-0.896,30.151,-17.395,66.772,171.134,50.949,-9.514
-0.637,0.155,-1.083,31.128,-23.01,54.81,171.063,51.482,-13.689
-0.709,0.118,-1.071,28.687,-5.188,62.561,170.843,51.795,-17.682
-0.403,-0.086,-0.986,45.654,25.33,37.72,171.667,50.768,-20.797
-0.148,-0.206,-0.845,28.748,-0.549,37.659,173.139,49.598,-22.659
-0.415,-0.048,-0.859,19.836,-27.527,50.964,173.348,50.158,-25.318
-0.453,-0.026,-0.877,27.1,20.874,54.688,173.617,49.977,-28.196
-0.187,-0.025,-0.835,22.095,28.259,51.27,174.111,48.093,-30.8
-0.143,0.029,-0.893,17.883,6.287,42.114,174.457,46.857,-33.025
-0.274,0.01,-0.877,17.395,-9.46,27.344,174.924,46.708,-34.634
-0.422,-0.033,-0.988,13.794,-9.216,14.526,175.534,46.895,-35.557
-0.35,-0.038,-0.884,11.658,-4.395,7.69,176.061,47.06,-36.151
-0.41,-0.009,-0.873,5.432,-1.16,4.7,176.484,47.197,-36.447
-0.371,-0.029,-0.91,6.165,10.986,-0.549,177.006,46.829,-36.469
-0.183,-0.043,-0.824,3.357,9.46,-7.263,177.556,46.263,-36.167
-0.224,-0.05,-0.772,-8.423,-23.376,-11.169,177.803,46.637,-35.557
-0.407,-0.004,-0.744,-15.076,-29.785,-21.179,177.709,48.071,-34.645
-0.469,0.043,-0.73,-14.282,-27.832,-19.165,177.462,49.576,-33.755
-0.433,0.023,-0.691,-12.573,-24.597,-20.935,177.462,50.905,-32.844
-0.454,0.072,-0.688,-9.033,-28.137,-17.578,177.396,52.432,-32.162
-0.677,0.113,-0.878,-9.705,-28.198,-10.132,177.407,53.91,-31.723
-0.678,0.095,-1.031,-2.869,-2.686,-10.62,177.528,54.849,-31.531
-0.674,0.238,-1.129,-9.277,5.188,7.874,177.127,54.8,-31.893
-0.521,0.23,-1.071,6.104,29.541,-1.404,176.847,53.965,-32.547
-0.43,0.162,-1.107,7.69,33.081,-13.367,177.402,52.465,-32.344
-0.283,0.076,-1.004,2.075,21.057,-19.653,178.099,51.042,-31.514
-0.376,0.086,-0.938,-7.019,3.967,-18.799,178.253,50.576,-30.641
-0.363,0.115,-0.822,-13.611,-6.592,-13.367,178.022,50.576,-29.932
-0.404,0.172,-0.752,-12.207,-7.019,-3.174,177.418,50.982,-29.822
-0.342,0.21,-0.71,-7.446,-1.404,8.667,176.726,51.015,-30.35
-0.301,0.229,-0.693,0.916,0.0,19.592,175.984,50.938,-31.657
-0.303,0.26,-0.702,0.977,-15.625,30.762,175.166,51.064,-33.58
-0.466,0.3,-0.727,7.935,-21.729,36.072,174.089,51.932,-36.299
-0.381,0.233,-0.685,12.329,-16.724,20.325,173.595,52.476,-38.595
-0.461,0.202,-0.751,14.038,-15.32,8.911,173.408,53.333,-40.276
-0.324,0.141,-0.729,12.939,-6.958,-10.01,173.837,53.729,-40.869
-0.662,0.13,-0.96,2.563,-34.241,-10.62,174.337,54.882,-40.721
-0.812,0.05,-1.03,6.104,-16.235,-17.395,174.738,56.25,-40.496
-0.829,-0.02,-1.209,-0.061,2.258,-26.917,175.605,56.558,-39.452
-0.812,-0.026,-1.164,1.282,24.292,-28.564,176.506,56.382,-37.985
-0.411,-0.089,-0.933,-2.808,44.861,-25.452,177.627,54.597,-36.277
-0.206,-0.028,-0.811,-13.306,17.151,-7.202,177.935,53.086,-35.178
-0.352,0.099,-0.75,-12.329,-10.864,8.667,177.281,53.113,-35.343
-0.436,0.101,-0.78,2.625,1.465,1.16,177.045,53.278,-35.7
-0.507,0.017,-0.838,9.338,1.77,-4.395,177.506,53.146,-35.678
-0.48,-0.081,-0.875,11.047,10.559,-15.747,178.478,52.806,-35.107
-0.46,-0.083,-0.876,4.456,9.277,-12.085,179.368,52.388,-34.244
-0.362,-0.067,-0.82,4.15,11.292,-4.883,179.967,51.828,-33.783
-0.344,-0.036,-0.772,1.282,4.456,0.61,-179.72,51.487,-33.668
-0.367,-0.051,-0.76,-5.066,-8.423,-6.775,-179.561,51.509,-33.448
-0.326,-0.064,-0.632,-8.057,-7.996,-29.968,-179.319,52.114,-32.371
-0.302,-0.132,-0.621,-22.827,-17.578,-37.903,-178.885,52.564,-30.317
-0.337,-0.007,-0.563,-34.119,-28.503,-29.907,-179.258,53.833,-28.339
-0.734,0.103,-1.001,-32.837,-43.945,-14.893,179.94,55.497,-27.059
-0.79,0.295,-0.993,-10.742,-21.362,8.24,178.726,57.42,-27.328
-0.808,0.28,-1.09,2.808,12.329,36.926,177.753,57.711,-29.262
-0.722,0.386,-1.083,25.94,48.157,39.246,176.776,56.327,-32.256
-0.45,0.183,-1.155,48.401,67.017,-0.122,178.132,53.223,-33.662
-0.253,0.021,-0.996,42.603,35.034,-28.015,-179.368,50.773,-33.102
-0.468,-0.103,-0.996,19.043,14.404,-41.626,-177.138,49.894,-31.245
-0.29,-0.055,-0.852,2.625,16.907,-42.114,-175.913,48.845,-29.163
-0.301,0.037,-0.777,2.38,-7.568,-31.189,-175.089,48.719,-27.307
-0.375,0.044,-0.768,11.475,-5.798,-15.869,-174.276,48.977,-26.252
-0.32,0.05,-0.764,17.151,-2.075,0.854,-173.589,49.059,-26.252
-0.378,0.06,-0.748,24.902,-14.221,17.09,-172.936,49.62,-27.098
-0.384,0.011,-0.749,31.067,-12.085,23.132,-172.238,50.328,-28.669
-0.37,-0.013,-0.746,26.489,-21.729,11.108,-171.442,51.301,-29.96
-0.291,-0.062,-0.658,24.658,-27.893,-7.08,-170.338,52.46,-30.218
-0.503,-0.116,-0.853,26.306,-57.129,-9.949,-168.871,54.388,-29.559
-0.782,-0.157,-0.919,44.739,-44.25,19.653,-167.217,57.101,-29.553
-0.626,-0.441,-0.865,55.969,-21.545,12.268,-164.987,58.766,-30.504
-1.027,-0.518,-1.007,30.518,-19.165,2.075,-162.889,60.271,-30.646
-0.688,-0.57,-0.951,6.47,52.917,-5.005,-161.702,59.266,-30.734
-0.346,-0.386,-0.784,-24.231,25.208,16.724,-162.455,57.25,-31.591
-0.445,-0.156,-0.744,-32.227,0.977,15.32,-164.361,56.992,-32.574
-0.44,-0.093,-0.723,-18.372,14.099,7.935,-165.69,56.662,-33.08
-0.437,-0.204,-0.763,-0.122,9.644,0.061,-166.108,56.096,-33.382
-0.442,-0.309,-0.822,0.427,8.362,-7.874,-165.85,55.569,-33.168
-0.548,-0.338,-0.81,-6.653,-7.812,-9.827,-165.553,55.536,-32.476
-0.505,-0.337,-0.748,-13.733,2.197,-4.517,-165.564,55.58,-31.822
-0.487,-0.27,-0.761,-20.996,15.503,7.507,-166.328,55.157,-31.948
-0.301,-0.209,-0.673,-24.048,17.212,5.188,-167.492,54.327,-32.393
-0.215,-0.171,-0.654,-29.541,-2.502,-4.333,-168.525,53.893,-32.151
-0.304,-0.124,-0.62,-31.25,-7.629,-7.08,-169.585,54.283,-31.437
-0.289,-0.078,-0.56,-34.18,-24.719,-8.24,-170.695,54.855,-30.613
-0.649,-0.004,-0.735,-27.649,-36.011,-2.991,-171.826,56.354,-29.943
-0.849,0.016,-0.967,-5.676,-13.977,-4.456,-172.392,57.673,-29.724
-0.847,-0.006,-1.164,-13.062,23.987,33.264,-173.084,57.255,-30.641
-0.656,0.113,-1.124,-10.498,30.579,52.429,-175.199,56.245,-33.695
-0.544,0.264,-1.146,-2.136,31.372,54.016,-177.336,54.63,-37.139
-0.486,0.212,-1.084,15.991,22.522,30.151,-178.358,53.394,-39.908
-0.479,0.111,-0.997,10.132,11.414,18.616,-178.462,52.493,-41.451
-0.438,0.111,-0.868,5.554,5.737,19.531,-178.813,52.064,-42.737
-0.416,0.138,-0.769,3.845,-3.845,21.729,-179.341,52.037,-44.154
-0.393,0.154,-0.688,6.104,-0.793,20.874,-179.863,52.147,-45.637
-0.301,0.145,-0.607,7.751,4.028,21.484,179.747,51.998,-47.104
-0.271,0.196,-0.625,10.01,1.16,31.311,179.22,51.779,-48.961
-0.316,0.12,-0.664,18.982,-2.38,45.044,178.726,51.658,-51.531
-0.287,0.123,-0.653,10.01,-12.39,54.871,177.819,51.812,-54.778
-0.367,0.153,-0.716,9.094,-19.958,42.114,176.797,52.399,-57.777
-0.687,0.125,-0.951,8.728,-21.301,26.062,176.138,53.234,-59.914
-0.767,0.04,-1.103,8.24,-7.69,13.733,175.902,53.778,-61.199
-0.728,0.032,-1.068,8.606,9.705,6.287,175.979,53.762,-61.771
-0.514,-0.049,-1.122,19.897,41.138,0.732,176.803,52.498,-61.699
-0.348,-0.081,-0.98,3.723,11.23,20.996,177.446,51.015,-61.864
-0.465,0.049,-0.881,0.0,-9.216,12.939,177.072,51.103,-62.737
-0.502,0.028,-0.851,-1.831,13.672,1.16,177.105,51.048,-62.732
-0.385,0.046,-0.799,0.977,18.616,1.77,177.133,50.175,-62.589
-0.332,0.003,-0.804,6.592,13.306,-2.808,177.517,49.433,-62.292
-0.422,0.003,-0.881,7.935,1.343,2.747,177.973,49.164,-62.1
-0.487,-0.012,-0.753,7.629,10.986,7.019,178.391,48.994,-62.188
-0.413,-0.025,-0.895,7.874,17.7,6.836,178.896,48.032,-62.249
-0.385,-0.032,-0.935,9.888,22.522,3.723,179.374,47.225,-62.32
-0.262,-0.042,-0.832,3.418,10.315,2.502,179.791,46.368,-62.188
-0.345,-0.023,-0.81,-0.854,-1.221,-1.465,179.929,46.291,-61.968
-0.369,-0.016,-0.769,-0.488,2.991,-7.446,-179.901,46.324,-61.452
-0.185,-0.081,-0.692,1.343,11.658,-16.174,-179.489,45.884,-60.601
-0.147,-0.081,-0.682,-10.742,-9.766,-15.137,-179.236,45.818,-59.431
-0.205,-0.024,-0.656,-15.32,-26.672,-20.813,-179.44,46.758,-58.189
-0.359,0.032,-0.833,-23.499,-39.429,-18.86,-179.709,48.153,-56.596
-0.684,0.175,-1.055,-9.277,-36.255,-8.667,179.659,50.208,-55.811
-0.64,0.161,-1.082,-2.258,14.038,16.541,179.379,50.834,-56.041
-0.62,0.262,-1.112,3.845,27.466,34.424,178.522,49.818,-57.766
-0.43,0.224,-1.251,21.973,56.03,15.015,178.539,47.774,-59.211
-0.166,0.082,-1.184,23.621,34.302,-0.549,179.533,45.28,-59.54
-0.221,0.0,-1.081,11.169,-7.629,-10.254,-179.637,44.819,-59.189
-0.349,-0.009,-0.958,-2.502,-18.555,-11.658,-179.346,45.516,-58.475
-0.319,0.061,-0.815,-9.155,-15.137,-8.301,-179.561,46.236,-57.865
-0.307,0.116,-0.722,-5.981,-18.372,-0.916,-179.918,47.021,-57.612
-0.312,0.112,-0.688,0.61,-13.184,5.31,179.83,47.708,-57.876
-0.316,0.115,-0.693,1.709,-7.568,8.972,179.583,48.153,-58.475
-0.333,0.106,-0.731,0.488,-7.324,7.996,179.33,48.411,-59.128
-0.32,0.123,-0.728,-1.892,-12.451,-0.61,179.017,48.922,-59.557
-0.259,0.087,-0.673,-2.38,-20.996,-15.076,178.989,49.664,-59.271
-0.516,0.07,-0.925,-3.418,-35.645,-19.897,179.083,51.059,-58.535
-0.768,0.07,-1.083,-0.122,-19.348,-22.522,179.324,52.652,-57.64
-0.481,-0.027,-0.987,14.404,11.841,-49.5,-179.423,52.718,-55.827
-0.871,-0.112,-1.121,1.343,4.028,-51.086,-177.561,52.905,-52.872
-0.495,-0.109,-1.182,4.944,80.627,-37.537,-176.177,50.713,-50.416
-0.027,-0.126,-0.979,-5.188,43.579,-6.47,-175.616,47.351,-49.301
-0.138,-0.029,-0.804,-13.428,-17.944,1.099,-176.061,46.675,-49.087
-0.433,0.011,-0.788,-11.108,-23.682,-10.376,-176.506,47.829,-48.527
-0.466,-0.032,-0.83,-1.099,9.521,-22.644,-176.309,47.917,-47.422
-0.358,-0.098,-0.881,1.953,14.526,-24.597,-175.715,47.142,-46.093
-0.293,-0.15,-0.894,-1.343,10.986,-21.729,-175.161,46.472,-44.791
-0.328,-0.14,-0.876,-5.188,-2.441,-18.311,-174.842,46.285,-43.561
-0.382,-0.098,-0.845,-5.615,-0.977,-13.062,-174.666,46.351,-42.523
-0.331,-0.033,-0.816,-0.427,2.686,-14.282,-174.485,46.23,-41.797
-0.335,-0.027,-0.802,7.019,-2.991,-46.57,-173.611,46.187,-40.1
-0.299,-0.173,-0.711,-5.066,-2.258,-84.045,-172.073,46.016,-36.304
-0.219,-0.221,-0.72,-28.564,-16.113,-80.872,-171.183,45.983,-31.58
-0.191,-0.157,-0.63,-33.936,-27.893,-66.528,-171.118,46.637,-27.372
-0.291,-0.075,-0.763,-32.593,-40.833,-46.875,-171.376,47.856,-23.961
-0.674,-0.046,-0.99,-20.813,-47.363,-33.02,-171.573,50.059,-21.434
-0.594,-0.051,-1.033,-7.019,-9.46,-7.751,-171.595,51.323,-20.264
-0.854,0.107,-1.204,-10.315,-15.137,36.682,-172.617,52.202,-21.423
-0.609,0.123,-1.164,5.31,40.283,51.575,-174.062,51.735,-24.483
-0.321,0.096,-1.132,17.761,15.137,39.124,-174.875,50.334,-27.587
-0.441,-0.001,-1.014,12.268,-11.292,29.968,-175.018,50.427,-29.603
-0.509,0.018,-0.903,10.986,-9.766,26.978,-175.298,51.064,-31.3
-0.435,0.034,-0.768,9.827,-9.521,25.024,-175.567,51.498,-32.926
-0.397,0.053,-0.639,10.742,-13.611,23.132,-175.759,52.18,-34.42
-0.346,0.065,-0.537,15.015,-16.846,18.066,-175.77,53.004,-35.799
-0.336,0.069,-0.473,13.855,-17.578,21.545,-175.732,53.992,-37.2
-0.49,0.103,-0.639,15.015,-16.235,28.381,-175.963,55.014,-39.073
-0.463,0.048,-0.685,17.212,4.456,23.743,-176.089,55.382,-41.017
-0.636,0.037,-1.083,15.625,-5.554,18.066,-176.182,55.223,-42.616
-0.736,-0.125,-1.171,21.667,6.897,13.062,-175.858,55.464,-43.726
-0.445,-0.216,-0.913,17.029,9.705,6.592,-175.15,54.965,-44.335
-0.796,-0.199,-1.057,6.226,-8.667,2.625,-174.611,55.206,-44.412
-0.59,-0.175,-1.024,-1.282,30.212,7.935,-174.424,54.558,-44.5
-0.445,-0.075,-1.009,-10.254,31.86,17.029,-175.007,53.113,-45.115
-0.239,0.007,-0.865,-6.653,25.94,15.869,-175.814,51.559,-45.934
-0.242,0.003,-0.75,-2.686,-7.385,11.963,-176.298,51.026,-46.461
-0.431,-0.025,-0.745,0.061,-13.672,6.287,-176.534,51.575,-46.725
-0.521,-0.061,-0.814,1.099,-0.488,-0.793,-176.501,51.85,-46.686
-0.441,-0.108,-0.874,2.563,17.517,-8.972,-176.16,51.284,-46.247
-0.445,-0.138,-0.914,3.357,16.907,-17.395,-175.583,50.449,-45.324
-0.289,-0.181,-0.85,-1.343,20.264,-12.939,-174.99,49.411,-44.247
-0.297,-0.1,-0.851,-11.23,5.981,6.104,-175.172,48.818,-43.879
-0.294,-0.037,-0.814,-9.705,0.0,7.019,-175.732,48.636,-44.033
-0.274,-0.06,-0.796,-6.104,-4.456,-3.601,-175.963,48.702,-43.775
-0.22,-0.101,-0.717,-12.146,-17.761,-7.324,-176.105,49.098,-43.061
-0.274,-0.045,-0.627,-17.212,-31.982,-3.113,-176.578,50.273,-42.347
-0.494,0.035,-0.806,-14.587,-37.659,2.38,-177.231,51.85,-41.979
-0.766,0.108,-0.948,-1.831,-24.78,8.545,-177.781,53.525,-42.226
-0.674,0.093,-0.999,0.671,-11.719,22.888,-178.16,54.382,-43.187
-0.88,0.188,-1.112,5.249,-2.258,35.767,-179.11,55.052,-45.231
-0.658,0.157,-1.064,10.864,34.119,26.794,-179.67,54.196,-47.291
-0.354,0.112,-1.052,13.794,25.574,15.381,-179.78,52.663,-48.708
-0.351,0.012,-0.897,9.033,-14.526,3.052,-179.484,52.339,-49.274
-0.585,0.045,-0.838,7.385,-16.846,3.235,-179.313,53.284,-49.466
-0.422,0.029,-0.678,10.925,4.7,13.489,-179.138,53.421,-50.026
-0.396,0.08,-0.643,11.292,-6.287,29.236,-179.275,53.427,-51.389
-0.498,0.067,-0.677,17.273,-4.15,32.41,-179.495,53.767,-53.333
-0.341,0.059,-0.626,13.855,12.878,31.677,-179.692,53.481,-55.25
-0.317,0.067,-0.691,10.925,4.883,25.33,-179.973,53.047,-56.953
-0.316,0.026,-0.791,9.46,-5.249,14.709,179.995,52.96,-57.975
-0.716,0.041,-0.996,5.859,-26.978,17.517,179.841,53.899,-58.881
-0.712,-0.024,-1.038,14.709,8.24,9.949,179.956,54.283,-59.661
-0.583,-0.061,-0.999,11.169,-10.01,10.498,-179.55,53.899,-59.991
-0.846,-0.072,-1.133,16.846,11.047,13.184,-179.198,54.388,-60.535
-0.511,-0.122,-1.036,13.062,47.607,27.039,-178.786,52.712,-61.359
-0.204,-0.042,-0.935,10.315,29.419,38.513,-178.984,50.685,-62.952
-0.17,-0.059,-0.738,11.719,-9.766,29.236,-179.061,50.153,-64.424
-0.253,-0.071,-0.592,7.874,-36.926,22.644,-178.978,51.174,-65.352
-0.448,-0.053,-0.555,4.761,-53.833,20.63,-179.116,53.421,-66.171
-0.594,-0.054,-0.631,12.451,-29.236,17.212,-179.044,55.508,-66.901
-0.529,-0.048,-0.65,16.846,-10.559,23.071,-178.759,56.492,-67.813
-0.382,-0.057,-0.636,17.334,-3.601,36.194,-178.654,56.849,-69.302
-0.711,0.051,-0.84,15.503,-41.26,51.575,-179.247,57.969,-71.779
-0.703,0.051,-0.903,22.156,7.202,64.453,179.978,58.925,-74.971
-0.698,0.114,-0.958,11.597,-11.902,97.107,178.077,58.354,-79.777
-0.873,0.282,-1.114,23.254,16.785,104.004,175.243,58.239,-85.908
-0.575,0.186,-1.08,42.542,47.852,86.243,174.309,55.58,-90.84
-0.322,0.062,-0.993,49.316,27.771,76.233,174.606,53.24,-94.85
-0.339,0.039,-0.862,33.386,-3.784,75.073,174.776,52.163,-98.668
-0.358,0.107,-0.764,25.513,-13.0,80.688,174.254,52.042,-102.645
-0.373,0.172,-0.698,22.766,-25.208,88.074,173.276,52.251,-107.122
-0.535,0.27,-0.82,29.297,-29.297,90.942,172.035,52.784,-112.143
-0.604,0.269,-0.909,44.189,-15.381,88.257,171.271,53.064,-117.219
-0.628,0.206,-0.986,52.185,3.662,89.478,171.227,52.586,-122.02
-0.453,0.111,-0.975,51.208,11.902,96.497,171.469,51.306,-126.733
-0.315,0.036,-0.819,44.434,-0.977,103.699,171.486,50.109,-131.776
-0.349,0.037,-0.734,41.992,-25.269,90.942,171.365,49.768,-136.736
-0.648,0.062,-0.798,50.354,-31.311,78.064,171.672,50.685,-140.982
-0.603,-0.082,-0.859,64.209,15.808,74.158,173.002,50.334,-144.388
-0.367,-0.159,-0.85,50.415,26.184,90.759,174.21,48.752,-147.794
-0.231,-0.067,-0.804,37.048,0.61,99.731,174.446,47.593,-152.007
-0.39,-0.03,-0.811,37.292,-22.644,86.548,174.633,47.933,-156.116
-0.45,-0.04,-0.842,36.743,-18.372,81.604,174.935,48.455,-159.851
-0.5,-0.013,-0.888,30.151,-24.414,76.599,175.001,49.175,-163.394
-0.571,-0.006,-0.944,30.518,-21.484,57.861,175.117,50.07,-166.278
-0.686,-0.024,-1.035,18.311,-17.7,38.635,175.496,50.872,-167.964
-0.344,-0.008,-0.785,12.695,10.071,32.471,175.551,51.059,-169.113
-0.349,0.049,-0.918,-8.362,-19.165,38.391,175.144,50.718,-170.217
-0.592,0.215,-0.888,0.244,-17.334,32.043,173.859,51.883,-172.024
-0.505,0.193,-0.859,11.597,10.193,35.278,173.518,51.586,-173.21
-0.435,0.161,-0.874,24.414,13.367,46.204,173.425,50.845,-175.007
-0.321,0.139,-0.83,27.588,8.789,48.889,173.65,49.85,-177.127
-0.324,0.138,-0.778,34.851,-8.606,50.903,174.012,49.477,-179.61
-0.437,0.08,-0.801,31.372,-16.296,47.302,174.49,49.785,177.825
-0.484,0.093,-0.855,24.78,-4.517,42.053,174.765,49.993,175.671
-0.395,0.089,-0.898,21.362,-1.099,38.086,174.99,49.856,173.892
-0.437,0.097,-0.923,20.813,0.793,33.02,175.221,49.894,172.321
-0.336,0.054,-0.926,21.912,-6.714,29.297,175.622,49.741,170.909
-0.59,0.044,-1.088,18.677,-12.39,35.522,175.82,50.191,169.206
-0.369,0.002,-0.967,23.01,9.399,37.537,176.078,49.812,167.415
-0.179,-0.075,-0.799,25.024,-14.221,29.907,176.671,49.647,165.668
-0.519,-0.067,-0.809,20.874,-49.744,24.536,177.149,51.389,163.872
-0.658,-0.139,-0.917,22.827,10.681,20.02,178.055,52.295,162.905
-0.413,-0.121,-0.889,9.766,40.771,38.147,178.456,50.85,161.917
-0.161,-0.032,-0.907,5.493,27.649,41.199,178.127,48.845,160.005
-0.178,-0.018,-0.822,8.484,-9.277,21.179,178.061,48.208,158.044
-0.252,-0.038,-0.672,10.315,-19.775,4.578,178.423,48.818,156.835
-0.332,-0.081,-0.74,9.521,-19.226,-10.986,179.193,49.526,156.489
-0.29,-0.112,-0.631,8.301,-18.799,-26.062,-179.742,50.367,157.083
-0.329,-0.158,-0.626,3.052,-32.227,-33.081,-178.423,51.471,158.395
-0.335,-0.11,-0.582,-3.052,-22.583,-26.978,-177.402,52.811,159.769
-0.623,-0.077,-0.897,-5.92,-30.64,-21.667,-176.699,53.987,161.065
-0.762,0.017,-1.043,-3.174,-0.977,-20.996,-176.155,54.926,162.751
-0.9,0.04,-1.393,-2.563,20.935,-8.667,-175.759,54.069,164.147
-0.574,0.088,-1.291,5.127,55.847,-0.061,-175.743,52.191,164.691
-0.237,0.089,-1.155,10.681,25.269,2.319,-175.507,50.015,164.762
-0.4,-0.012,-1.078,18.494,1.16,-7.263,-174.82,49.647,164.806
-0.394,-0.105,-0.927,8.301,13.428,-10.864,-173.996,49.164,165.317
-0.244,-0.065,-0.85,-6.226,3.357,0.244,-173.963,48.422,165.465
-0.466,0.041,-1.081,-3.479,-20.203,9.399,-174.441,48.807,165.048
-0.317,0.0,-0.884,6.592,-13.611,4.15,-174.551,49.587,164.619
-0.502,-0.087,-0.82,-7.446,-27.527,3.54,-174.606,50.691,164.465
-0.552,-0.001,-0.804,-17.761,8.362,2.869,-175.358,51.284,164.542
-0.403,0.048,-0.777,-19.47,18.127,13.977,-176.484,50.526,164.52
-0.396,0.145,-0.776,-15.747,12.329,30.579,-177.99,49.867,163.652
-0.398,0.218,-0.781,-3.723,5.676,34.119,-179.423,49.438,162.158
-0.395,0.149,-0.759,10.62,2.625,26.855,179.901,49.268,160.867
-0.375,0.053,-0.774,10.681,0.305,22.766,179.681,49.197,159.84
-0.28,0.022,-0.723,-1.221,-5.92,20.752,179.286,49.29,158.95
-0.4,0.084,-0.831,-10.742,-28.748,11.963,178.462,50.208,158.143
-0.635,0.142,-0.977,-10.132,-11.597,3.174,177.676,51.273,157.934
-0.508,0.136,-0.926,-6.409,7.751,2.258,177.105,51.257,158.137
-0.394,0.067,-0.957,-3.357,2.38,-1.648,176.929,50.922,158.494
-0.539,0.115,-1.016,-6.042,-26.245,0.61,176.572,51.696,158.483
-0.774,0.124,-1.104,5.249,-9.705,-7.874,176.605,52.773,158.774
-0.48,0.036,-0.973,20.02,21.667,-8.362,177.61,52.169,159.758
-0.402,-0.043,-0.89,16.113,2.625,-0.305,178.715,51.663,160.269
-0.368,-0.017,-0.8,7.324,5.188,6.592,179.242,51.471,160.192
-0.357,0.02,-0.755,1.221,-7.629,4.944,179.33,51.454,159.868
-0.527,0.042,-0.8,6.226,-5.371,-7.935,179.55,51.921,159.972
-0.459,-0.028,-0.787,17.029,17.944,-23.682,-179.407,51.768,161.158
-0.524,-0.053,-0.869,15.259,18.188,-24.231,-177.968,50.96,162.927
-0.444,-0.159,-0.894,18.25,36.987,-29.358,-176.364,49.713,164.828
-0.281,-0.171,-0.853,5.92,27.039,-24.536,-175.073,48.049,166.569
-0.207,-0.164,-0.748,3.418,15.198,-34.302,-174.161,47.093,168.085
-0.111,-0.223,-0.646,-4.272,-3.601,-45.227,-173.128,46.549,169.964
-0.175,-0.177,-0.553,-23.315,-21.729,-38.818,-172.826,47.071,171.486
-0.228,-0.086,-0.585,-25.94,-21.179,-29.297,-173.183,47.818,172.579
-0.364,-0.034,-0.977,-20.02,-28.076,-21.24,-173.54,48.642,173.529
-0.631,-0.053,-1.113,-4.272,-39.368,-24.17,-173.408,50.356,174.721
-0.883,-0.025,-1.415,-8.057,-9.888,-3.418,-173.293,51.427,175.82
-0.563,0.04,-1.131,-0.305,22.095,29.968,-174.001,51.174,175.182
-0.464,0.137,-1.164,8.484,12.451,31.982,-174.935,50.262,173.315
-0.362,0.01,-1.088,17.151,13.611,5.188,-174.754,49.609,172.43
-0.391,-0.062,-1.03,5.92,-6.714,0.061,-174.364,49.438,172.233
-0.407,-0.085,-0.911,-5.188,-13.184,-9.216,-174.265,49.774,172.43
-0.482,0.006,-0.85,-11.719,-20.752,-5.676,-174.589,50.609,172.853
-0.512,0.021,-0.812,-5.737,-9.644,-6.47,-174.924,51.328,173.304
-0.493,-0.004,-0.792,-1.282,-4.15,-9.46,-174.924,51.658,174.056
-0.492,-0.023,-0.793,-4.395,0.793,-3.845,-174.935,51.795,174.792
-0.432,-0.021,-0.749,-8.362,1.648,-1.465,-175.254,51.779,175.331
-0.383,0.021,-0.688,-14.038,-3.784,3.601,-175.924,51.916,175.655
-0.405,0.086,-0.707,-13.977,-8.24,11.719,-176.913,52.317,175.551
-0.466,0.11,-0.726,-9.46,-5.249,19.165,-178.006,52.767,174.957
-0.376,0.158,-0.734,-7.568,10.376,27.405,-179.242,52.542,173.87
-0.273,0.129,-0.717,0.0,-6.409,23.438,179.753,52.35,172.529
-0.348,0.085,-0.672,-2.441,-32.043,12.695,179.033,53.432,171.431
-0.695,0.088,-0.918,-7.69,-43.823,8.179,178.352,55.245,170.793
-0.686,0.116,-0.931,2.258,7.08,2.747,177.638,56.448,170.469
-0.607,0.011,-1.174,5.859,7.263,-14.771,178.132,55.717,171.304
-0.746,0.037,-1.146,2.991,11.841,-9.583,178.638,55.849,172.271
-0.488,-0.03,-1.073,6.592,36.316,-12.817,179.374,54.404,173.326
-0.341,0.01,-0.976,-1.953,12.085,-2.93,179.78,53.223,173.93
-0.36,0.042,-0.888,2.197,1.465,-1.648,179.846,52.85,173.837
-0.373,0.004,-0.807,5.188,-1.343,-6.958,-179.83,52.778,173.804
-0.375,-0.037,-0.792,4.578,-4.822,-16.602,-179.242,52.784,174.183
-0.553,-0.063,-0.823,6.226,-7.263,-28.503,-178.341,53.124,175.287
-0.51,-0.135,-0.875,4.15,16.235,-33.203,-177.056,52.69,177.226
-0.434,-0.138,-0.862,-1.038,15.076,-21.362,-176.188,51.921,178.973
-0.391,-0.113,-0.836,-2.747,14.343,-9.644,-175.798,51.158,179.967
-0.39,-0.082,-0.824,-3.479,7.812,-3.54,-175.704,50.614,-179.643
-0.407,-0.119,-0.866,-4.211,9.46,-10.315,-175.551,50.213,-179.154
-0.327,-0.129,-0.836,-10.132,5.676,-20.508,-175.408,49.741,-178.198
-0.292,-0.146,-0.766,-17.517,-14.526,-32.593,-175.303,49.905,-176.803
-0.366,-0.136,-0.706,-24.17,-31.25,-46.57,-175.144,50.982,-174.617
-0.461,-0.06,-0.666,-21.606,-29.053,-45.654,-174.875,52.471,-171.793
-0.37,-0.032,-0.577,-9.338,-18.982,-25.94,-174.485,53.509,-169.327
-0.584,-0.05,-0.866,-1.343,-26.855,-4.333,-174.166,54.586,-168.096
-0.782,-0.037,-1.014,6.348,-4.883,5.31,-174.007,55.679,-167.728
-0.414,-0.017,-0.788,3.235,19.348,30.945,-174.254,55.256,-168.333
-0.769,0.103,-0.994,4.395,-18.005,57.556,-175.594,55.283,-170.821
-0.658,0.12,-1.056,14.038,36.499,64.453,-176.918,55.08,-174.04
-0.269,0.142,-0.899,16.785,28.625,70.19,-178.209,53.196,-177.797
-0.407,0.111,-0.892,23.254,-26.917,43.335,-178.94,53.058,178.726
-0.819,0.062,-0.945,16.846,-18.86,23.438,-178.89,54.531,176.907
-0.671,0.067,-0.969,16.785,30.396,21.484,-178.835,53.811,175.847
-0.492,0.071,-0.965,14.771,33.752,20.569,-178.72,52.24,174.979
-0.384,0.059,-0.913,18.127,23.071,18.677,-178.462,50.889,174.04
-0.325,0.025,-0.82,13.977,4.883,16.357,-178.182,50.306,173.029
-0.347,-0.017,-0.739,6.714,-6.165,7.996,-178.022,50.433,172.255
-0.289,0.005,-0.614,-5.798,-11.719,10.193,-178.292,50.894,171.678
-0.404,0.092,-0.677,-9.521,-20.691,18.311,-179.176,51.718,170.651
-0.334,0.136,-0.672,-4.15,0.0,20.996,179.89,52.191,169.508
-0.269,0.173,-0.683,-2.136,-22.217,23.865,178.967,52.443,168.052
-0.451,0.148,-0.705,7.08,-34.058,16.113,178.297,53.915,166.553
-0.699,0.103,-0.91,11.047,-32.593,12.573,178.11,55.36,165.52
-0.764,0.059,-1.06,12.695,-6.897,7.019,178.187,56.393,164.91
-0.577,0.011,-1.011,12.878,9.705,1.526,178.676,56.206,164.883
-0.637,-0.056,-1.073,8.423,-7.202,-1.587,179.286,56.195,164.916
-0.633,-0.061,-1.051,4.15,2.747,-5.493,179.747,56.338,165.031
-0.482,-0.05,-0.921,-4.089,1.465,-1.099,179.973,56.184,165.031
-0.402,0.026,-0.805,-6.042,-3.601,3.54,179.703,56.162,164.608
-0.438,0.049,-0.742,-1.77,-15.198,4.15,179.462,56.58,164.015
-0.549,0.024,-0.726,4.211,-12.512,-0.122,179.511,57.266,163.608
-0.607,-0.02,-0.776,6.165,-1.77,-8.728,179.995,57.574,163.916
-0.657,-0.065,-0.859,5.432,7.568,-12.878,-179.242,57.546,164.844
-0.522,-0.072,-0.786,3.479,20.02,-11.658,-178.572,56.882,165.894
-0.537,-0.085,-0.829,-1.221,9.949,-11.658,-178.061,56.228,166.833
-0.435,-0.103,-0.772,-3.845,16.296,-21.301,-177.534,55.618,168.008
-0.326,-0.117,-0.659,-8.667,5.371,-27.893,-176.957,55.074,169.437
-0.332,-0.155,-0.575,-14.709,-8.484,-39.124,-176.314,55.124,171.238
-0.183,-0.124,-0.375,-25.452,-0.305,-33.752,-175.946,55.349,173.309
-0.118,-0.055,-0.368,-36.011,-31.25,-25.879,-176.292,55.69,174.688
-0.8,0.064,-0.812,-34.424,-69.153,-21.423,-177.149,58.299,175.611
-0.878,0.11,-0.97,-18.372,3.723,-21.667,-177.649,60.112,177.16
-0.97,0.128,-1.085,-15.442,9.46,-5.005,-178.0,59.7,178.407
-0.752,0.213,-1.125,-18.188,51.392,16.602,-179.165,58.222,178.303
-0.453,0.277,-1.127,-4.395,48.279,14.038,179.621,55.701,177.517
-0.352,0.164,-1.032,5.31,22.766,-4.15,179.577,53.86,177.358
-0.465,0.072,-0.932,1.526,-3.174,-14.282,179.868,53.608,177.682
-0.533,0.069,-0.785,-7.141,-8.484,-14.832,179.962,53.937,178.347
-0.589,0.125,-0.758,-7.507,-1.831,-9.827,179.725,54.245,178.934
-0.477,0.129,-0.748,-4.333,16.113,-10.193,179.604,53.833,179.632
-0.325,0.123,-0.692,-3.784,14.465,-9.094,179.539,53.119,-179.72
-0.396,0.13,-0.731,-4.272,4.883,-2.808,179.324,52.806,-179.429
-0.296,0.149,-0.672,0.549,1.404,1.038,179.066,52.553,-179.462
-0.44,0.165,-0.734,9.216,-10.071,3.845,178.989,52.839,-179.731
-0.43,0.122,-0.729,16.418,-3.845,3.296,179.297,53.152,179.973
-0.419,0.086,-0.705,17.395,-16.052,4.761,179.813,53.591,179.709
-0.424,0.027,-0.704,15.747,-15.625,2.258,-179.676,54.432,179.434
-0.647,-0.057,-1.013,13.184,-24.658,-3.723,-179.055,55.432,179.517
-0.622,-0.079,-0.977,2.869,-27.527,-10.498,-178.572,56.695,179.918
-0.67,-0.109,-1.134,2.136,0.0,-22.034,-177.841,57.585,-178.923
-0.568,-0.143,-1.105,-1.77,15.198,-22.888,-176.841,57.299,-177.253
-0.298,-0.079,-0.917,-2.502,-8.057,-7.202,-176.506,56.805,-176.506
-0.597,-0.089,-0.857,-3.967,-31.555,-4.028,-176.358,58.057,-176.314
-0.624,-0.03,-0.8,-1.404,-8.667,4.211,-176.407,58.777,-176.259
-0.621,-0.059,-0.79,1.221,2.38,7.019,-176.517,58.942,-176.407
-0.498,-0.042,-0.717,0.366,2.869,3.601,-176.567,58.667,-176.353
-0.642,-0.042,-0.721,6.897,1.404,-2.747,-176.331,58.782,-175.984
-0.497,-0.109,-0.702,10.986,19.836,-7.69,-175.578,58.068,-175.133
-0.494,-0.152,-0.764,9.338,9.277,-8.179,-174.743,57.426,-174.221
-0.429,-0.187,-0.734,7.812,10.559,-10.437,-173.859,56.92,-173.183
-0.484,-0.206,-0.748,-0.488,4.944,-7.263,-173.199,56.591,-172.277
-0.389,-0.197,-0.716,-3.113,14.404,-14.038,-172.787,56.08,-171.266
-0.27,-0.206,-0.616,-11.23,3.357,-14.343,-172.408,55.47,-170.052
-0.358,-0.164,-0.589,-18.494,-11.841,-13.733,-172.425,55.646,-168.926
-0.329,-0.097,-0.583,-18.127,-3.845,-11.597,-172.65,55.904,-167.811
-0.702,-0.06,-0.947,-9.705,-23.926,-11.719,-172.76,56.448,-166.822
-0.7,-0.006,-1.116,1.526,10.315,0.916,-172.579,56.832,-166.036
-0.521,0.022,-1.154,-0.916,-6.531,27.832,-172.958,56.459,-166.871
-0.806,0.13,-1.202,4.7,-6.714,29.907,-173.947,57.211,-168.679
-0.5,0.062,-0.986,10.376,7.263,23.315,-174.457,56.926,-170.299
-0.487,0.004,-0.875,6.47,-13.489,10.01,-174.666,57.096,-171.315
-0.575,-0.002,-0.8,0.916,-17.09,1.526,-174.765,57.881,-171.612
-0.58,-0.002,-0.759,-3.784,-10.742,1.16,-174.974,58.475,-171.617
-0.559,0.027,-0.776,-5.92,-5.188,5.432,-175.413,58.848,-171.749
-0.572,0.09,-0.736,-6.531,2.136,12.512,-176.248,58.92,-172.304
-0.582,0.104,-0.695,-3.601,3.967,11.597,-177.012,58.826,-172.892
-0.583,0.108,-0.755,-0.793,10.62,8.24,-177.627,58.425,-173.348
-0.603,0.099,-0.777,-0.977,12.573,5.066,-178.072,57.997,-173.622
-0.553,0.078,-0.79,-2.075,20.386,0.793,-178.423,57.222,-173.661
-0.485,0.075,-0.789,-5.981,21.301,-5.188,-178.72,56.299,-173.386
-0.381,0.062,-0.726,-6.348,14.648,-7.507,-178.945,55.432,-172.886
-0.406,0.071,-0.693,-5.005,0.427,-6.592,-179.154,55.135,-172.447
-0.392,0.082,-0.649,-1.953,-7.568,-1.77,-179.33,55.3,-172.194
-0.448,0.065,-0.648,4.578,-12.878,0.549,-179.379,55.915,-172.156
-0.545,0.041,-0.886,5.859,-21.118,6.592,-179.357,56.635,-172.397
-0.887,-0.009,-1.049,6.592,-21.179,4.272,-179.302,58.024,-172.667
-0.44,-0.052,-0.783,2.136,16.296,-2.441,-179.099,57.876,-172.43
-0.894,-0.055,-0.978,-0.122,-36.743,-10.986,-178.737,58.667,-171.832
-0.772,0.029,-1.105,4.15,48.401,-6.409,-178.358,58.288,-171.002
-0.258,-0.067,-0.904,10.62,47.607,-0.977,-177.704,55.497,-170.585
-0.187,-0.068,-0.817,-3.235,-4.7,5.981,-177.589,54.525,-170.799
-0.506,-0.005,-0.766,-8.667,-25.452,8.118,-178.116,55.514,-171.431
-0.543,-0.042,-0.797,-9.216,7.629,-1.953,-178.572,55.794,-171.65
-0.491,-0.015,-0.793,-10.132,12.085,-8.911,-178.808,55.272,-171.151
-0.381,-0.014,-0.867,-9.155,12.268,-9.644,-178.885,54.536,-170.436
-0.467,-0.002,-0.872,-3.601,5.554,-10.925,-178.835,54.174,-169.783
-0.421,-0.042,-0.845,-0.061,3.418,-6.531,-178.555,53.8,-169.228
-0.462,-0.045,-0.81,-1.831,3.784,-0.793,-178.423,53.674,-168.975
-0.352,-0.038,-0.723,-2.93,-2.258,1.099,-178.484,53.47,-168.931
-0.476,-0.057,-0.724,-7.446,-7.263,-2.991,-178.572,53.855,-168.734
-0.314,-0.049,-0.652,-9.766,-0.916,-8.484,-178.742,53.877,-168.267
-0.376,-0.036,-0.639,-12.817,-23.804,-12.512,-178.852,54.619,-167.503
-0.507,0.021,-0.694,-11.353,-12.207,-9.644,-179.028,55.618,-166.718
-0.608,0.02,-0.854,-7.263,-11.658,-3.113,-179.187,56.157,-166.174
-0.583,0.105,-0.885,-8.728,11.78,15.381,-179.813,56.234,-166.377
-0.567,0.265,-1.224,1.099,-7.996,30.823,179.061,55.635,-167.953
-0.863,0.072,-1.201,14.954,8.972,17.7,179.028,56.168,-169.195
-0.436,0.088,-1.098,8.667,32.227,17.944,178.879,54.421,-170.244
-0.395,0.007,-1.04,-2.625,-6.165,-0.183,178.83,53.981,-170.728
-0.532,0.068,-0.938,-9.949,-11.108,-5.615,178.539,54.426,-170.596
-0.504,0.167,-0.882,-12.207,-8.972,3.479,177.913,54.822,-170.728
-0.506,0.172,-0.815,-2.136,-11.475,3.845,177.407,55.245,-171.057
-0.515,0.169,-0.743,2.38,-9.949,11.353,177.045,55.717,-171.639
-0.49,0.128,-0.662,8.606,-2.502,7.08,176.869,56.003,-172.321
-0.471,0.098,-0.653,5.371,1.892,5.493,176.951,55.986,-172.612
-0.508,0.103,-0.69,1.343,3.662,8.789,176.825,55.893,-172.919
-0.492,0.171,-0.694,-2.441,8.667,17.029,176.265,55.607,-173.524
-0.511,0.209,-0.717,1.587,7.935,18.921,175.573,55.228,-174.441
-0.396,0.231,-0.672,5.371,10.193,15.93,175.095,54.728,-175.342
-0.417,0.254,-0.623,14.771,-7.568,6.104,175.106,54.728,-175.974
-0.499,0.22,-0.666,28.503,-4.395,-1.709,175.842,55.107,-176.166
-0.559,0.199,-0.911,25.696,5.737,2.563,176.858,55.118,-176.254
-0.725,0.145,-1.103,32.776,9.766,-8.606,178.259,54.97,-176.045
-0.518,0.082,-1.11,37.659,24.658,-20.874,-179.725,54.042,-175.133
-0.513,-0.102,-1.151,40.833,11.841,-43.823,-176.913,53.251,-173.276
-0.311,-0.192,-0.993,33.936,20.02,-53.894,-173.853,52.202,-170.557
-0.241,-0.3,-0.833,18.372,-9.888,-36.072,-171.425,51.652,-168.316
-0.389,-0.24,-0.794,11.169,-23.743,-7.812,-170.118,52.24,-167.272
-0.525,-0.31,-0.812,16.663,-10.864,1.038,-169.08,53.047,-167.13
-0.479,-0.303,-0.834,7.629,6.348,12.39,-168.47,53.036,-167.415
-0.396,-0.318,-0.853,5.432,9.033,12.573,-168.228,52.668,-167.981
-0.42,-0.27,-0.846,-1.099,2.441,17.395,-168.272,52.46,-168.701
-0.377,-0.25,-0.848,-4.089,3.113,22.583,-168.646,52.377,-169.689
-0.425,-0.205,-0.856,-5.066,-7.263,19.897,-169.25,52.581,-170.876
-0.435,-0.189,-0.81,-1.709,-9.094,16.235,-169.612,52.982,-171.7
-0.449,-0.176,-0.728,5.676,-10.559,21.851,-169.755,53.597,-172.612
-0.48,-0.168,-0.73,11.475,-9.094,38.696,-169.915,54.185,-174.177
-0.586,-0.107,-0.747,14.465,-5.493,62.5,-170.585,54.965,-176.929
-0.581,-0.148,-0.733,22.705,9.583,68.97,-171.486,55.245,179.39
-0.565,-0.13,-0.762,10.986,16.479,52.185,-172.326,55.003,176.336
-0.452,-0.09,-0.77,13.672,20.813,51.758,-173.101,54.36,173.749
-0.352,-0.079,-0.733,14.587,2.563,62.073,-173.908,54.08,170.607
-0.523,0.007,-0.785,19.714,-22.4,77.515,-174.968,54.959,166.641
-0.646,0.047,-0.863,21.118,-7.812,71.777,-176.116,56.047,162.394
-0.626,0.1,-0.966,23.499,0.0,69.092,-177.166,56.212,158.439
-0.469,0.103,-0.931,24.475,1.465,63.171,-178.077,56.091,154.594
-0.74,0.154,-1.007,27.832,-23.193,64.636,-178.89,56.706,150.749
-0.702,0.061,-0.97,37.598,19.409,51.697,-179.247,56.821,147.239
-0.509,-0.031,-0.857,27.1,11.169,40.1,-179.044,55.816,144.646
-0.576,0.023,-0.853,21.301,14.221,36.072,-179.083,55.377,142.361
-0.445,-0.024,-0.791,23.682,8.789,39.429,-179.017,54.662,140.087
-0.491,-0.011,-0.771,22.522,-2.991,44.556,-179.083,54.657,137.39
-0.555,0.029,-0.763,20.569,-4.883,53.04,-179.418,54.882,134.264
-0.539,0.047,-0.795,24.841,-1.099,58.655,-179.907,54.954,130.737
-0.633,0.047,-0.854,27.649,2.075,63.354,179.588,55.069,126.887
-0.61,0.011,-1.0,35.767,20.02,64.209,179.401,54.311,122.921
-0.456,-0.053,-0.933,39.368,26.184,68.298,179.577,53.058,118.691
-0.334,-0.124,-0.862,37.659,14.099,69.214,179.819,51.894,114.066
-0.265,-0.12,-0.746,28.564,4.639,68.237,179.89,51.246,109.363
-0.514,-0.095,-0.85,38.147,-10.925,68.604,179.912,51.367,104.425
-0.506,-0.208,-0.907,40.405,18.677,61.218,-179.429,50.944,99.728
-0.364,-0.232,-0.893,29.358,25.757,63.232,-178.813,49.675,95.175
-0.263,-0.149,-0.872,23.56,11.475,68.848,-178.715,48.439,90.396
-0.381,-0.142,-0.866,26.367,-1.648,63.354,-178.605,48.104,85.721
-0.367,-0.166,-0.809,25.818,-1.404,58.228,-178.308,47.972,81.376
-0.418,-0.198,-0.822,22.644,-1.831,50.842,-177.951,47.955,77.36
-0.464,-0.188,-0.895,15.747,-3.052,53.284,-177.737,47.895,73.553
-0.649,-0.082,-1.067,17.944,-0.244,68.054,-177.907,48.016,69.186
-0.39,-0.086,-0.956,27.893,19.775,89.783,-178.072,47.324,63.737
-0.324,0.037,-0.944,19.958,6.592,90.942,-178.682,46.758,57.761
-0.159,0.035,-0.837,28.259,19.104,67.505,-178.846,45.906,52.872
-0.213,0.03,-0.832,14.526,-10.986,64.148,-178.956,45.599,48.873
-0.502,0.076,-1.008,16.174,8.423,60.669,-179.473,45.687,44.912
-0.244,0.011,-0.993,17.273,40.527,56.763,-179.621,43.934,41.226
-0.101,0.042,-0.945,6.958,11.23,58.594,-179.989,42.506,37.683
-0.256,0.112,-0.881,2.808,-17.395,59.814,179.242,42.621,34.129
-0.386,0.184,-0.825,6.47,-9.644,58.594,178.374,43.127,30.46
-0.38,0.179,-0.831,12.024,-4.883,55.786,177.803,43.27,26.867
-0.322,0.193,-0.848,15.259,0.916,56.885,177.402,43.171,23.242
-0.374,0.222,-0.909,17.151,-3.54,59.631,177.078,43.105,19.512
-0.312,0.205,-1.014,24.17,9.644,53.467,176.984,42.737,15.82
-0.312,0.14,-1.079,21.484,-11.23,49.316,177.177,42.462,12.585
-0.444,0.098,-1.071,21.851,-19.897,44.373,177.27,43.209,9.432
-0.43,0.025,-1.026,24.963,0.366,41.443,177.643,43.583,6.619
-0.236,-0.035,-0.873,26.367,-3.235,52.185,178.121,43.445,3.625
-0.252,-0.04,-0.795,32.471,-17.09,64.88,178.577,43.737,0.005
-0.498,-0.099,-0.868,39.917,-13.489,69.824,179.291,44.539,-3.999
-0.417,-0.16,-0.886,37.231,27.1,73.364,-179.863,43.802,-8.168
-0.231,-0.164,-0.907,25.085,33.569,72.205,-179.297,42.182,-12.217
-0.093,-0.098,-0.897,15.808,14.648,66.345,-179.138,40.875,-15.936
-0.261,-0.057,-0.882,14.038,-11.536,55.847,-179.077,40.946,-19.083
-0.303,-0.096,-0.89,16.663,-3.113,44.434,-178.802,41.188,-21.676
-0.291,-0.144,-0.915,12.451,-6.165,29.175,-178.407,41.347,-23.615
-0.286,-0.193,-0.911,8.118,-6.714,15.564,-177.957,41.633,-24.763
-0.285,-0.175,-0.883,-3.54,-11.353,18.738,-177.792,42.094,-25.576
-0.401,-0.089,-1.1,-9.827,-9.766,17.212,-178.132,42.523,-26.554
-0.407,0.019,-1.019,-13.367,-2.808,12.024,-178.753,43.055,-27.394
-0.184,0.092,-1.0,-15.991,19.348,7.263,-179.445,42.457,-27.955
0.039,0.122,-0.839,-14.404,-7.568,0.61,179.797,41.885,-28.273
-0.264,0.186,-0.826,-27.161,-49.988,5.554,178.704,43.303,-28.444
-0.597,0.299,-0.984,-13.0,-11.963,-0.183,177.352,44.912,-29.015
-0.391,0.199,-1.016,3.174,30.884,-12.695,177.336,44.094,-28.894
-0.144,0.152,-1.0,5.676,25.391,-10.559,177.671,42.632,-28.559
-0.104,0.152,-0.926,2.869,-6.165,-5.066,177.819,42.253,-28.438
-0.23,0.131,-0.833,5.066,-19.409,0.122,177.891,42.94,-28.57
-0.262,0.138,-0.773,3.723,-16.541,5.737,177.836,43.671,-29.086
-0.244,0.146,-0.721,4.089,-17.883,12.817,177.715,44.313,-29.877
-0.3,0.205,-0.706,7.568,-19.653,22.339,177.391,45.154,-31.339
-0.296,0.21,-0.718,15.625,-16.602,21.301,177.33,45.818,-33.019
-0.433,0.182,-0.774,20.325,-19.714,18.86,177.539,46.884,-34.761
-0.373,0.099,-0.859,22.034,-7.019,10.437,178.088,47.368,-36.112
-0.585,0.04,-1.076,16.357,-22.461,7.446,178.616,48.175,-37.106
-0.449,-0.062,-0.919,14.404,1.587,-3.296,179.22,48.9,-37.656
-0.712,-0.123,-1.064,2.197,-9.583,-13.0,179.973,49.12,-37.299
-0.595,-0.108,-1.235,8.179,51.697,-20.447,-179.346,48.477,-36.541
-0.005,-0.171,-1.077,-4.456,59.265,-8.789,-178.55,45.291,-35.563
0.12,0.048,-0.809,-26.489,-19.897,20.081,-179.357,44.099,-35.744
-0.329,0.189,-0.806,-12.146,-67.81,17.212,179.324,46.307,-36.683
-0.649,0.092,-0.786,12.878,-36.987,-6.409,179.368,48.829,-37.002
-0.515,-0.043,-0.856,16.541,6.104,-16.541,-179.506,49.175,-36.458
-0.431,-0.142,-0.887,15.381,8.301,-14.099,-178.264,48.928,-35.755
-0.373,-0.133,-0.907,3.662,24.048,-0.427,-177.599,48.087,-35.491
-0.184,-0.066,-0.885,-0.366,19.714,5.432,-177.49,46.884,-35.689
-0.295,-0.041,-0.855,-1.526,-14.648,-7.507,-177.391,46.879,-35.524
-0.47,-0.062,-0.798,-2.258,-13.062,-25.574,-176.979,47.631,-34.431
-0.485,-0.08,-0.761,-8.667,-5.859,-31.006,-176.49,48.016,-32.849
-0.45,-0.044,-0.694,-7.751,9.766,-33.325,-176.155,48.076,-31.262
-0.239,-0.079,-0.627,-11.353,8.423,-29.419,-175.803,47.521,-29.745
-0.228,-0.028,-0.582,-13.916,-20.508,-27.527,-175.792,47.928,-28.367
-0.429,-0.029,-0.82,-11.78,-22.583,-22.278,-175.732,49.026,-27.015
-0.62,0.028,-0.949,-5.737,-2.441,-11.719,-175.825,50.01,-26.307
-0.453,0.043,-1.003,-12.39,15.869,7.507,-176.083,49.532,-26.389
-0.705,0.231,-1.215,-1.282,18.799,23.56,-177.16,49.076,-27.74
-0.104,0.081,-1.128,19.348,56.091,7.874,-177.012,46.697,-28.96
-0.205,-0.008,-1.133,13.306,-22.644,0.0,-176.44,46.06,-29.29
-0.469,-0.098,-1.052,7.874,-14.282,-11.963,-175.787,47.104,-28.823
-0.452,-0.054,-1.016,-8.362,-9.155,-3.906,-175.787,47.384,-28.444
-0.425,-0.008,-0.982,-11.475,-7.141,-3.418,-176.215,47.681,-28.295
-0.395,0.08,-0.876,-10.864,-18.25,2.258,-176.847,48.329,-28.4
-0.345,0.039,-0.711,-4.333,-23.315,0.305,-177.226,49.323,-28.619
-0.457,0.038,-0.699,-11.475,-31.921,8.118,-177.792,50.729,-29.037
-0.521,0.117,-0.67,-11.963,-13.367,16.174,-178.852,51.921,-30.119
-0.449,0.154,-0.675,-5.249,1.038,18.616,-179.786,52.158,-31.492
-0.392,0.187,-0.68,4.761,5.249,17.273,179.528,52.075,-33.014
-0.323,0.131,-0.695,16.663,-2.136,9.216,179.533,52.026,-34.244
-0.307,0.07,-0.683,16.846,-12.39,7.874,179.967,52.427,-35.134
-0.474,0.068,-0.907,14.526,-22.034,8.606,-179.709,53.185,-35.958
-0.691,0.056,-0.969,16.052,-18.127,7.385,-179.412,54.47,-36.793
-0.476,-0.09,-0.88,17.639,-7.507,-6.653,-178.577,54.965,-37.073
-0.942,-0.124,-1.208,11.841,-25.391,-18.86,-177.479,55.992,-36.42
-0.488,-0.209,-1.019,5.127,29.968,-22.4,-176.204,55.662,-35.195
-0.481,-0.14,-0.972,-16.541,-16.846,-3.54,-176.078,55.475,-34.398
-0.602,0.028,-0.94,-12.939,6.775,10.498,-176.924,55.75,-34.623
-0.458,0.027,-0.884,0.549,9.766,15.076,-177.473,55.201,-35.414
-0.401,-0.0,-0.802,6.287,2.563,13.123,-177.599,54.833,-36.211
-0.528,-0.02,-0.86,8.301,-9.827,11.719,-177.539,55.02,-36.92
-0.543,-0.069,-0.83,10.498,2.075,3.906,-177.188,55.184,-37.348
-0.484,-0.087,-0.817,6.653,10.498,3.174,-176.759,54.805,-37.491
-0.44,-0.048,-0.804,3.54,13.367,6.897,-176.66,54.201,-37.82
-0.371,-0.074,-0.75,4.15,1.343,-2.197,-176.407,53.822,-37.875
-0.426,-0.101,-0.738,0.366,-4.944,-9.521,-176.012,53.893,-37.441
-0.44,-0.123,-0.696,-2.869,-4.395,-15.869,-175.6,54.152,-36.617
-0.36,-0.174,-0.641,-6.104,-4.517,-21.729,-175.073,54.261,-35.398
-0.446,-0.142,-0.612,-17.7,-14.404,-14.343,-174.902,54.833,-34.156
-0.406,-0.081,-0.633,-16.357,1.221,-8.24,-175.177,55.146,-33.349
-0.482,0.008,-0.774,-12.573,1.526,4.822,-175.666,55.146,-33.151
-0.567,0.041,-0.935,1.343,-2.747,12.878,-176.149,55.184,-33.739
-0.593,0.098,-1.007,10.925,17.273,17.517,-176.347,55.129,-34.739
-0.532,0.063,-1.148,20.874,11.23,17.7,-176.067,53.998,-35.914
-0.665,-0.001,-1.189,20.569,14.099,13.672,-175.556,53.811,-36.876
-0.504,-0.025,-1.177,11.78,23.071,15.93,-175.292,52.476,-37.842
-0.475,-0.005,-1.113,5.432,12.634,8.179,-175.353,51.735,-38.606
-0.447,-0.002,-1.005,-3.662,1.343,1.465,-175.479,51.383,-38.776
-0.406,-0.004,-0.852,-8.179,-7.324,-0.854,-175.842,51.493,-38.765
-0.439,0.054,-0.767,-16.235,-13.611,4.639,-176.594,52.048,-38.864
-0.487,0.118,-0.736,-14.954,-4.395,11.292,-177.698,52.515,-39.468
-0.387,0.156,-0.7,-9.399,6.531,14.526,-178.753,52.306,-40.413
-0.373,0.192,-0.703,-1.709,4.822,14.648,-179.626,52.064,-41.501
-0.358,0.169,-0.674,6.104,-1.953,15.686,179.901,51.96,-42.638
-0.354,0.172,-0.643,11.597,-2.502,19.409,179.566,52.141,-44.044
-0.429,0.143,-0.717,15.808,-13.0,11.963,179.522,52.443,-45.39
-0.413,0.063,-0.776,13.855,0.305,1.648,179.879,52.916,-46.093
-0.529,0.037,-1.0,9.216,-13.367,-6.897,-179.687,53.047,-46.165
-0.698,-0.032,-1.089,3.845,-9.033,-13.0,-179.214,53.871,-45.725
-0.461,-0.06,-0.91,7.996,4.944,-29.968,-178.352,53.926,-44.495
-0.778,-0.13,-1.175,5.615,-10.376,-43.396,-176.797,54.069,-42.177
-0.584,-0.11,-1.084,-0.61,40.222,-35.645,-175.611,53.377,-39.869
-0.216,-0.172,-0.964,-4.333,35.645,-29.053,-174.814,51.07,-38.073
-0.281,-0.055,-0.956,-16.968,-3.54,-11.902,-174.93,50.493,-36.788
-0.317,-0.012,-0.842,-0.061,-5.615,-12.268,-174.974,50.647,-35.947
-0.383,-0.083,-0.81,7.324,-17.761,-19.592,-174.232,50.999,-34.755
-0.546,-0.172,-0.846,9.033,-11.658,-28.809,-173.057,51.63,-33.085
-0.502,-0.246,-0.846,0.854,10.864,-29.053,-171.925,51.389,-31.273
-0.415,-0.214,-0.856,-7.019,19.592,-15.808,-171.409,50.57,-29.932
-0.358,-0.155,-0.883,-11.169,18.86,2.747,-171.595,49.565,-29.531
-0.301,-0.079,-0.871,-7.629,15.747,9.644,-172.167,48.746,-29.888
-0.291,-0.105,-0.813,-0.427,-1.831,-7.202,-172.299,48.296,-29.883
-0.431,-0.173,-0.808,-1.587,-9.399,-28.931,-171.793,48.582,-28.641
-0.346,-0.205,-0.744,-11.475,-2.319,-27.893,-171.26,48.549,-26.823
-0.352,-0.146,-0.655,-15.503,-14.16,-21.362,-171.293,48.977,-25.367
-0.239,-0.149,-0.547,-12.634,-12.207,-17.029,-171.282,49.417,-24.049
-0.329,-0.117,-0.578,-21.423,-26.855,14.038,-171.799,50.576,-23.703
-0.596,0.07,-0.72,-16.174,-32.471,38.696,-173.474,52.289,-25.307
-0.627,0.175,-0.978,-5.859,15.198,49.805,-175.139,52.817,-27.878
-0.712,0.25,-1.363,21.24,18.494,49.377,-176.27,51.735,-31.124
-0.547,0.053,-1.279,34.058,43.701,38.147,-175.781,50.521,-33.536
-0.245,0.01,-1.226,31.738,37.842,48.584,-175.468,48.312,-36.233
-0.26,-0.083,-1.082,23.438,-4.15,26.855,-175.034,47.67,-38.216
-0.44,-0.07,-0.998,10.986,-24.292,4.639,-174.584,48.488,-38.639
-0.563,-0.058,-0.898,-2.38,-14.16,1.709,-174.435,49.427,-38.496
-0.466,0.017,-0.81,-3.235,0.244,7.019,-174.749,49.719,-38.655
-0.418,0.029,-0.773,3.357,2.747,8.24,-175.001,49.724,-39.117
-0.35,0.009,-0.71,4.517,6.592,9.399,-175.04,49.554,-39.628
-0.219,0.011,-0.577,3.418,5.798,16.357,-175.221,49.312,-40.386
-0.317,0.059,-0.646,3.662,-7.08,21.973,-175.622,49.334,-41.479
-0.379,0.06,-0.64,4.761,5.432,27.893,-176.083,49.614,-42.896
-0.322,0.088,-0.713,5.798,1.892,27.527,-176.682,49.257,-44.61
-0.354,0.044,-0.828,5.005,6.775,14.587,-177.012,49.307,-45.829
-0.376,-0.017,-0.924,3.906,-6.897,3.784,-177.094,49.175,-46.302
-0.449,-0.067,-0.939,1.404,-10.437,-4.944,-177.023,49.785,-46.165
-0.622,-0.158,-1.436,2.869,-1.16,-17.944,-176.523,49.581,-45.28
-0.43,-0.181,-1.313,-8.118,25.146,-16.724,-176.188,48.972,-44.061
-0.132,-0.168,-1.063,-16.418,-3.784,-10.498,-176.325,48.142,-43.028
-0.45,-0.03,-0.974,-23.132,-51.453,-1.892,-177.127,49.779,-42.385
-0.636,0.071,-0.868,-13.428,-30.579,0.366,-177.858,51.724,-42.056
-0.639,0.076,-0.857,0.061,-19.836,8.667,-178.231,52.822,-42.358
-0.607,0.0,-0.885,8.24,8.057,2.747,-178.066,53.053,-42.726
-0.493,-0.049,-0.826,7.141,16.296,-0.183,-177.709,52.559,-42.891
-0.333,-0.068,-0.755,1.648,18.555,-2.075,-177.391,51.713,-42.836
-0.246,-0.043,-0.68,-0.854,5.798,-3.418,-177.264,51.158,-42.66
-0.215,-0.074,-0.641,-1.221,-0.671,-7.385,-177.078,50.971,-42.237
-0.377,-0.077,-0.644,-5.432,-22.034,-13.184,-176.896,51.542,-41.545
-0.289,-0.102,-0.514,-4.578,-3.418,-19.287,-176.534,52.196,-40.43
-0.359,-0.093,-0.569,-11.536,-22.278,-10.437,-176.32,52.701,-39.38
-0.569,0.0,-0.868,-11.719,-9.46,-3.845,-176.578,53.558,-38.897
-0.683,0.046,-0.997,-4.456,-10.193,-11.78,-176.682,54.25,-38.54
-0.5,-0.013,-0.974,-8.85,11.23,-14.16,-176.501,54.124,-37.76
-0.822,0.101,-1.236,-1.221,4.272,-5.981,-176.781,53.871,-37.529
-0.404,0.002,-1.098,-5.859,41.809,4.089,-176.699,52.245,-37.447
-0.372,0.165,-1.074,-8.606,-11.658,21.912,-177.775,51.641,-38.578
-0.599,0.088,-0.959,-0.916,-16.357,-4.639,-178.132,52.493,-39.045
-0.577,0.087,-0.889,-8.179,-1.221,-13.855,-178.215,52.833,-38.568
-0.521,0.077,-0.842,-13.733,8.972,-17.883,-178.412,52.625,-37.853
-0.467,0.123,-0.799,-10.803,17.273,-10.742,-178.764,52.081,-37.244
-0.344,0.153,-0.757,-1.099,19.348,2.136,-179.121,51.174,-37.304
-0.262,0.101,-0.671,5.92,9.094,12.512,-179.297,50.526,-37.996
-0.195,0.075,-0.6,2.502,4.761,21.362,-179.67,50.147,-39.205
-0.322,0.13,-0.729,-4.883,-4.456,26.001,179.511,50.048,-40.732
-0.295,0.15,-0.664,-3.052,7.812,31.006,178.462,49.944,-42.512
-0.139,0.191,-0.663,1.831,-2.686,33.325,177.402,49.411,-44.583
-0.603,0.135,-1.178,9.766,-33.325,29.785,176.786,50.043,-46.511
-0.749,0.077,-1.287,13.977,-3.418,33.63,176.413,50.674,-48.631
-0.487,-0.023,-1.13,14.343,7.446,19.47,176.561,50.367,-50.092
-0.678,-0.063,-1.16,3.967,-7.08,6.897,176.819,50.543,-50.691
-0.471,-0.024,-1.003,2.502,12.329,-0.305,176.99,50.323,-50.762
-0.458,-0.044,-1.037,-5.798,2.686,2.258,177.138,50.021,-50.559
-0.37,0.044,-0.92,-5.798,1.099,11.292,176.781,49.861,-50.861
-0.334,0.083,-0.82,-0.732,-12.695,15.808,176.429,50.103,-51.564
-0.471,0.071,-0.792,8.85,-23.071,12.268,176.331,51.004,-52.443
-0.52,-0.048,-0.803,15.32,-11.414,-11.292,177.144,51.795,-52.421
-0.52,-0.07,-0.783,11.047,-3.357,-18.066,178.259,52.333,-51.586
-0.373,-0.117,-0.674,6.653,7.751,-23.438,179.478,52.328,-50.295
-0.334,-0.086,-0.645,-9.521,-6.348,-13.611,-179.863,52.361,-49.076
-0.391,-0.035,-0.646,-13.916,-14.099,-15.747,-179.923,52.96,-48.203
-0.354,-0.021,-0.629,-17.029,-11.23,-20.142,-179.962,53.652,-47.054
-0.418,0.035,-0.762,-16.846,-18.433,-17.639,179.846,54.371,-45.961
-0.708,0.071,-0.946,-11.169,-28.381,-19.043,179.725,55.712,-45.044
-0.566,0.112,-0.888,-12.207,1.282,-1.343,179.583,56.525,-44.533
-0.815,0.282,-1.168,-5.737,-11.78,28.198,178.467,56.508,-45.818
-0.768,0.257,-1.16,15.198,33.508,27.771,177.819,56.074,-47.862
-0.398,0.188,-1.038,21.973,32.349,17.456,178.083,53.91,-49.312
-0.446,0.055,-0.973,16.602,-1.709,-2.991,178.748,53.394,-49.878
-0.523,0.006,-0.861,7.507,-3.662,-20.447,179.604,53.646,-49.224
-0.437,0.009,-0.738,-0.427,-4.089,-14.648,-179.841,53.784,-48.345
-0.431,0.066,-0.684,-4.15,-7.324,-4.7,-179.813,54.174,-48.021
-0.432,0.103,-0.661,-2.014,-4.211,5.371,179.945,54.437,-48.279
-0.435,0.12,-0.711,3.296,-3.479,12.573,179.583,54.547,-49.142
-0.417,0.114,-0.686,6.775,-3.906,12.39,179.33,54.778,-50.18
-0.419,0.089,-0.717,9.338,-10.315,7.507,179.291,55.091,-51.064
-0.453,0.059,-0.723,10.498,-12.878,3.052,179.462,55.706,-51.647
-0.522,0.003,-0.835,11.353,-21.545,0.427,179.868,56.404,-51.949
-0.85,-0.009,-1.004,9.216,-24.048,4.7,-179.819,57.799,-52.289
-0.554,-0.057,-0.801,11.841,0.732,-4.15,-179.324,58.31,-52.465
-0.96,-0.075,-1.04,4.272,-18.25,-3.052,-178.555,58.859,-52.092
-0.824,-0.074,-1.111,14.282,48.035,2.686,-178.044,58.145,-52.13
-0.346,-0.107,-0.952,5.615,57.983,20.935,-177.753,55.184,-52.712
-0.171,0.041,-0.852,-5.737,9.766,43.823,-178.781,53.613,-54.586
-0.39,0.112,-0.79,4.822,-20.203,31.311,-179.791,54.069,-56.563
-0.493,0.024,-0.75,13.977,-11.658,13.55,-179.808,54.684,-57.612
-0.5,-0.103,-0.777,14.221,-11.108,2.686,-179.225,55.14,-57.876
-0.437,-0.167,-0.764,5.493,-8.057,6.287,-178.764,55.53,-57.936
-0.547,-0.133,-0.75,1.953,-9.705,-2.991,-178.451,56.036,-57.695
-0.418,-0.124,-0.704,-1.892,13.733,0.0,-178.094,55.959,-57.173
-0.301,-0.066,-0.636,-8.606,4.822,8.118,-178.253,55.415,-57.123
-0.312,-0.03,-0.614,-9.583,-12.024,-1.221,-178.566,55.596,-57.003
-0.311,0.015,-0.58,-6.042,-15.625,-7.935,-178.627,56.206,-56.409
-0.707,0.054,-0.791,-2.93,-36.316,-9.399,-178.451,57.502,-55.717
-0.759,0.114,-0.929,0.427,2.808,0.671,-178.259,58.519,-55.366
-1.049,0.192,-1.259,2.319,3.235,26.123,-178.687,58.244,-56.288
-0.699,0.189,-1.208,10.193,61.34,39.917,-179.594,56.821,-58.497
-0.386,0.159,-1.085,8.057,23.56,39.001,179.654,54.3,-60.853
-0.517,0.14,-0.918,15.381,-2.319,23.438,179.236,53.981,-62.743
-0.474,0.074,-0.751,15.137,2.441,19.897,179.374,53.943,-63.935
-0.383,0.07,-0.624,10.681,-1.892,37.842,179.061,53.811,-65.737
-0.412,0.133,-0.636,10.254,-10.437,53.162,178.072,54.058,-68.593
-0.566,0.178,-0.75,16.785,-12.573,62.134,176.946,54.481,-72.109
-0.391,0.143,-0.605,26.123,1.465,61.584,176.094,54.47,-75.883
-0.521,0.166,-0.703,25.513,-6.775,56.274,175.534,54.476,-79.327
-0.429,0.114,-0.689,38.208,18.066,54.504,175.523,53.888,-82.458
-0.147,0.066,-0.76,32.288,-10.376,66.772,175.551,53.124,-85.886
-0.647,0.125,-0.971,21.118,-66.65,71.167,174.743,54.772,-89.973
-1.041,0.192,-1.023,23.193,-38.818,73.242,173.304,57.184,-94.449
-0.914,0.077,-1.014,38.879,-3.845,63.599,172.694,57.475,-98.339
-0.704,-0.02,-1.003,46.082,34.851,64.636,172.98,56.387,-101.541
-0.406,-0.083,-0.866,34.119,19.897,82.886,173.309,54.404,-104.87
-0.477,0.09,-0.808,29.724,4.761,100.037,172.43,53.306,-109.484
-0.529,0.077,-0.82,40.161,15.747,92.712,171.865,52.103,-114.247
-0.391,-0.004,-0.786,44.922,22.705,80.566,172.156,50.477,-118.196
-0.313,-0.047,-0.772,40.649,10.498,72.327,172.815,49.224,-121.514
-0.279,-0.058,-0.765,35.339,-2.563,63.232,173.458,48.647,-124.415
-0.34,-0.085,-0.8,30.273,-18.127,54.443,174.095,48.878,-126.881
-0.434,-0.027,-0.894,22.034,-25.513,54.993,174.326,49.636,-129.271
-0.511,-0.084,-0.882,24.17,-28.748,37.537,174.622,50.856,-131.314
-0.901,-0.038,-1.122,3.784,-24.414,21.179,174.842,52.086,-132.188
-0.318,-0.034,-0.861,1.831,47.791,12.817,175.045,51.29,-132.111
-0.189,0.134,-0.876,-30.334,7.751,58.411,173.644,49.493,-133.237
-0.311,0.36,-0.945,-2.686,7.019,65.063,171.172,48.922,-136.752
-0.291,0.306,-0.916,14.16,-0.732,52.917,170.409,47.988,-139.449
-0.293,0.248,-0.865,32.593,-8.362,63.416,170.31,47.439,-142.476
-0.366,0.178,-0.798,40.466,-20.996,65.552,170.695,47.406,-146.008
-0.461,0.164,-0.819,38.513,-14.16,71.35,171.14,47.576,-149.634
-0.428,0.18,-0.831,34.912,-8.667,73.181,171.348,47.373,-153.353
-0.431,0.198,-0.857,35.583,-3.845,64.819,171.573,47.131,-156.786
-0.333,0.183,-0.853,37.537,-7.812,56.641,172.106,46.835,-159.686
-0.349,0.176,-0.891,34.607,-16.663,54.81,172.667,47.038,-162.477
-0.37,0.204,-0.896,33.081,-27.893,50.232,173.073,47.692,-165.24
-0.632,0.201,-1.114,33.63,-35.461,52.246,173.447,48.9,-168.003
-0.644,0.149,-1.032,40.527,-16.235,58.899,173.743,49.867,-171.057
-0.463,0.044,-0.813,47.18,-13.55,49.744,174.589,50.158,-173.699
-0.418,-0.125,-0.776,57.983,-23.254,42.053,176.226,50.856,-175.787
-0.513,-0.201,-0.717,52.856,-38.391,51.758,177.847,52.443,-178.0
-0.653,-0.143,-0.79,50.11,-14.282,70.129,178.802,53.679,179.066
-0.513,-0.228,-0.82,51.086,34.79,76.355,179.659,53.069,175.754
-0.318,-0.208,-0.819,34.729,31.921,78.735,-179.852,51.306,172.332
-0.254,-0.13,-0.846,25.574,14.771,68.787,-179.819,50.098,168.843
-0.355,-0.102,-0.855,21.118,-0.305,51.392,-179.676,49.658,165.894
-0.362,-0.146,-0.849,20.203,-0.305,32.837,-179.28,49.57,163.757
-0.351,-0.18,-0.815,12.39,-2.014,21.179,-178.742,49.587,162.482
-0.355,-0.179,-0.852,3.784,-7.019,20.325,-178.429,49.642,161.422
-0.497,-0.11,-0.965,-7.202,-15.198,21.423,-178.682,50.136,160.291
-0.785,0.005,-0.986,-13.855,-21.057,10.193,-179.429,51.213,159.434
-0.348,0.015,-0.883,-10.925,32.043,-23.438,-179.374,50.674,160.461
-0.149,0.1,-0.815,-20.691,4.822,-18.677,-179.637,49.757,161.851
-0.213,0.029,-0.826,-16.113,-23.621,-21.606,-179.901,50.169,162.856
-0.638,0.114,-0.937,-24.17,-29.175,-8.972,179.302,51.746,163.422
-0.552,0.122,-0.973,-5.676,26.855,-12.634,178.896,51.416,164.114
-0.312,0.097,-0.977,1.099,30.701,-9.46,179.116,49.845,165.02
-0.193,0.073,-0.927,6.042,4.639,-6.226,179.473,49.01,165.454
-0.224,0.054,-0.832,2.563,-18.86,-18.005,179.89,49.356,165.987
-0.443,0.097,-0.79,0.732,-27.588,-16.663,-179.758,50.576,166.822
-0.505,0.093,-0.825,7.996,-8.057,-8.85,-179.368,51.383,167.443
-0.417,0.066,-0.783,9.766,2.869,4.089,-178.907,51.454,167.745
-0.313,0.104,-0.746,8.911,0.122,23.987,-178.989,51.235,166.998
-0.457,0.11,-0.766,11.902,-21.301,28.87,-179.291,51.817,165.553
-0.337,0.149,-0.672,12.024,-0.671,39.124,-179.775,52.273,163.74
-0.297,0.171,-0.731,20.325,-20.325,32.654,179.791,52.443,161.664
-0.448,0.076,-0.655,25.696,-32.959,17.7,-179.951,53.904,160.225
-0.61,-0.008,-0.816,22.522,-35.095,22.949,-179.555,55.3,159.126
-0.738,-0.157,-0.907,20.325,-47.729,20.813,-179.231,57.409,157.928
-1.077,-0.164,-1.368,14.16,-54.688,5.371,-178.813,59.738,157.44
-1.095,-0.155,-1.039,14.526,5.066,3.54,-178.11,61.617,157.687
-0.547,-0.232,-0.852,12.39,62.805,3.662,-177.248,58.975,157.978
-0.35,-0.106,-0.886,-9.277,21.79,22.095,-177.638,57.404,157.401
-0.361,-0.034,-0.723,-0.488,5.554,11.292,-178.182,56.799,156.5
-0.471,-0.039,-0.708,-1.526,-12.451,4.578,-178.242,56.92,156.094
-0.59,-0.061,-0.752,6.287,0.549,-7.324,-177.858,57.31,156.286
-0.542,-0.103,-0.846,6.287,27.832,-5.859,-177.061,56.409,156.962
-0.318,-0.119,-0.752,5.737,33.997,-2.991,-176.495,54.789,157.236
-0.31,-0.145,-0.716,-3.418,2.625,-8.484,-176.094,53.762,157.434
-0.361,-0.121,-0.6,-9.094,-2.625,-24.658,-175.803,53.817,158.22
-0.353,-0.16,-0.544,-15.381,-3.662,-34.302,-175.221,53.806,159.977
-0.358,-0.086,-0.547,-19.653,-7.874,-28.748,-175.029,54.135,161.79
-0.614,-0.082,-0.83,-18.127,-25.452,-26.062,-174.853,54.778,163.575
-0.725,-0.026,-0.939,-17.761,-13.672,-15.747,-174.853,55.953,165.19
-0.866,0.139,-1.331,-29.846,7.446,22.766,-176.155,55.942,165.19
-0.719,0.294,-1.189,4.395,38.391,28.687,-177.858,55.234,163.592
-0.365,0.221,-1.052,9.705,37.72,40.344,-178.484,52.828,161.812
-0.515,0.181,-1.096,26.306,8.301,28.992,-178.824,52.147,159.73
-0.421,0.012,-1.01,17.517,18.311,15.015,-178.369,51.213,158.67
-0.333,-0.006,-0.904,1.953,4.578,12.817,-178.451,50.691,157.857
-0.358,0.075,-0.859,-6.348,-5.249,10.071,-178.989,50.636,157.165
-0.338,0.132,-0.536,0.793,-6.47,14.099,-179.604,51.031,156.319
-0.449,0.094,-0.705,5.249,-18.372,9.766,-179.698,51.251,155.649
-0.607,0.106,-0.8,10.437,10.376,9.155,-179.819,51.806,155.056
-0.329,0.069,-0.739,8.362,28.32,13.0,-179.676,50.592,154.671
-0.278,0.111,-0.804,1.892,7.996,21.484,-179.951,49.752,153.814
-0.314,0.165,-0.724,3.662,-4.456,25.085,179.445,49.62,152.441
-0.287,0.135,-0.648,6.348,-12.024,16.235,179.028,49.933,151.221
-0.444,0.137,-0.714,7.507,-22.4,9.033,178.813,50.812,150.408
-0.358,0.033,-0.786,11.414,2.991,-6.042,179.105,51.268,150.293
-0.499,-0.016,-0.99,-9.094,-20.752,-4.395,179.302,51.608,150.634
-0.547,0.041,-1.021,-12.451,-12.024,-12.329,178.786,52.498,150.864
-0.758,0.02,-1.199,-16.846,-25.33,-19.592,178.621,53.267,151.82
-0.651,0.021,-1.096,-0.427,11.353,-27.466,178.824,53.817,153.056
-0.414,-0.083,-0.952,-2.136,7.385,-21.912,179.714,53.124,154.677
-0.41,0.005,-0.847,-6.775,-17.212,3.296,179.637,53.553,154.869
-0.49,0.045,-0.763,-7.996,-28.381,15.808,179.028,54.717,154.078
-0.628,0.13,-0.802,-4.028,-12.024,22.278,178.094,55.668,152.792
-0.57,0.094,-0.813,7.141,10.864,7.385,177.841,55.497,152.084
-0.459,0.038,-0.812,13.367,13.428,-7.019,178.429,54.877,152.353
-0.484,-0.034,-0.815,13.306,1.099,-15.076,179.434,54.575,153.083
-0.465,-0.076,-0.754,10.925,5.92,-19.47,-179.412,54.608,154.155
-0.595,-0.072,-0.886,6.531,1.099,-14.587,-178.391,54.454,155.187
-0.479,-0.088,-0.781,9.949,5.798,-11.108,-177.495,54.333,156.022
-0.544,-0.078,-0.808,9.155,0.183,1.221,-176.748,54.3,156.412
-0.494,-0.101,-0.8,13.733,15.137,2.38,-176.149,53.981,156.341
-0.45,-0.172,-0.789,10.315,14.709,-3.174,-175.391,53.339,156.434
-0.332,-0.202,-0.719,0.793,18.86,-14.954,-174.732,52.531,156.945
-0.221,-0.228,-0.598,-12.817,0.549,-29.602,-174.199,52.015,158.209
-0.208,-0.164,-0.492,-27.832,-19.897,-35.522,-174.062,52.416,159.977
-0.313,-0.056,-0.52,-28.809,-28.748,-28.809,-174.265,53.558,161.702
-0.61,-0.003,-0.937,-22.827,-26.978,-11.902,-174.688,54.695,162.889
-0.784,0.089,-1.069,-15.625,-17.273,10.01,-175.611,56.069,162.993
-0.743,0.119,-1.225,-13.916,19.348,24.048,-176.803,55.898,162.191
-0.695,0.238,-1.244,1.648,32.959,42.114,-178.33,54.866,160.225
-0.368,0.242,-1.207,16.418,35.95,38.025,-179.176,52.734,157.906
-0.447,0.053,-1.096,21.545,2.441,7.202,-178.781,51.998,156.78
-0.465,-0.007,-0.961,14.221,-12.573,-7.202,-178.033,52.141,156.747
-0.546,-0.039,-0.863,5.127,-15.259,-10.376,-177.374,52.833,157.236
-0.485,0.009,-0.78,-1.587,-5.127,-1.404,-177.204,53.273,157.621
-0.476,0.048,-0.762,-2.808,2.625,9.338,-177.495,53.399,157.456
-0.396,0.059,-0.726,-1.709,8.24,12.939,-177.962,53.053,156.912
-0.374,0.072,-0.727,-3.113,8.728,16.724,-178.539,52.701,156.182
-0.363,0.118,-0.75,-4.272,0.183,18.433,-179.313,52.394,155.248
-0.413,0.137,-0.771,0.122,-0.183,15.808,-179.973,52.427,154.358
-0.401,0.151,-0.795,3.296,-8.911,14.282,179.566,52.537,153.534
-0.487,0.124,-0.773,7.507,-13.184,5.554,179.423,53.19,153.012
-0.366,0.081,-0.671,9.399,-1.526,-0.916,179.637,53.448,152.968
-0.243,0.028,-0.597,8.423,-10.925,-8.423,-179.907,53.723,153.309
-0.595,0.026,-0.891,3.235,-35.461,-11.475,-179.484,54.943,153.853
-0.802,-0.02,-1.111,2.625,-15.625,-19.47,-178.951,56.299,154.803
-0.56,-0.08,-1.063,2.197,-3.052,-37.537,-177.918,56.47,156.72
-0.939,-0.077,-1.161,5.127,7.874,-38.513,-176.611,57.42,159.186
-0.533,-0.171,-0.928,5.615,57.312,-25.635,-175.161,55.327,161.34
-0.281,-0.116,-0.875,-11.841,28.931,1.587,-174.968,53.174,162.081
-0.328,-0.003,-0.805,-15.442,-2.747,3.418,-175.748,52.575,161.878
-0.467,0.011,-0.816,-10.681,2.136,-5.676,-176.303,52.701,161.993
-0.411,-0.027,-0.795,-5.554,10.01,-13.184,-176.407,52.3,162.625
-0.421,-0.069,-0.809,-1.282,9.583,-20.447,-176.133,51.801,163.652
-0.436,-0.129,-0.79,0.183,13.428,-20.996,-175.545,51.317,164.976
-0.332,-0.142,-0.839,-8.484,13.855,-5.737,-175.254,50.438,165.888
-0.434,-0.072,-0.881,-9.216,8.606,5.859,-175.671,50.07,165.877
-0.378,-0.057,-0.898,-4.333,21.118,9.094,-176.034,49.202,165.564
-0.25,-0.083,-0.842,-5.798,13.062,6.287,-176.347,48.285,165.174
-0.311,-0.097,-0.763,-12.878,-9.277,-9.46,-176.677,48.318,165.328
-0.319,-0.112,-0.692,-18.555,-6.104,-18.127,-176.918,48.587,166.322
-0.264,-0.058,-0.647,-19.104,1.404,-5.31,-177.451,48.752,167.053
-0.115,-0.01,-0.602,-15.381,-9.338,6.531,-178.154,48.708,167.014
-0.375,0.077,-0.96,-8.667,-39.612,16.724,-178.868,49.785,166.3
-0.936,0.175,-1.156,1.648,-31.86,26.367,-179.561,51.949,165.07
-0.437,0.185,-0.963,5.371,33.386,42.053,179.775,51.46,163.564
-0.67,0.371,-1.225,20.02,-19.897,50.11,178.863,50.96,161.038
-0.503,0.184,-1.163,35.95,42.114,32.41,179.253,50.499,159.022
-0.248,0.055,-1.073,28.687,6.348,11.292,-179.835,48.911,157.994
-0.377,-0.074,-0.992,8.85,-15.015,-22.949,-178.819,49.158,158.445
-0.451,-0.008,-0.864,-6.348,-24.17,-23.865,-178.341,50.136,159.911
-0.546,-0.014,-0.87,-13.428,-19.897,-17.517,-178.336,51.125,161.115
-0.522,0.057,-0.761,-21.729,-18.677,-14.587,-178.83,52.136,162.224
-0.477,0.117,-0.726,-18.616,-9.46,-13.367,-179.555,52.817,163.235
-0.552,0.116,-0.762,-14.893,-0.916,-17.944,-179.995,53.24,164.465
-0.459,0.129,-0.756,-10.681,16.174,-12.939,179.692,52.844,165.657
-0.373,0.146,-0.772,-5.859,15.015,-2.625,179.357,52.136,166.36
-0.374,0.173,-0.805,0.977,2.075,7.935,178.984,51.795,166.349
-0.363,0.163,-0.778,7.202,-6.775,10.376,178.775,51.894,165.943
-0.33,0.097,-0.69,8.606,-21.24,2.93,178.797,52.603,165.657
-0.391,0.049,-0.657,4.211,-27.527,-7.812,178.967,53.828,165.916
-0.404,-0.002,-0.646,0.61,-20.813,-11.475,179.264,55.014,166.668
-0.7,0.029,-0.925,-5.31,-24.536,-5.798,179.324,56.135,167.338
-0.664,-0.027,-0.878,-6.165,-9.644,-18.616,179.33,57.101,168.212
-1.042,-0.056,-1.295,-17.761,-31.372,-29.846,179.687,57.832,170.189
-0.943,0.026,-1.136,-8.667,35.645,-25.635,179.78,58.672,172.293
-0.396,-0.084,-0.968,-7.08,65.552,-11.353,-179.637,55.475,174.177
-0.335,0.099,-1.007,-20.203,10.193,15.747,179.511,53.932,174.402
-0.484,0.143,-0.94,0.061,2.075,8.606,178.698,53.597,173.886
-0.42,0.072,-0.871,12.939,7.874,-0.244,178.973,53.267,173.908
-0.441,-0.018,-0.849,15.442,-8.24,-3.296,179.819,53.251,174.276
-0.446,-0.071,-0.609,15.381,-4.211,-5.676,-179.352,53.745,174.732
-0.452,-0.117,-0.812,2.686,1.587,-4.883,-178.506,53.339,175.496
-0.505,-0.064,-0.833,9.888,6.653,-5.31,-178.072,53.465,176.056
-0.298,-0.168,-0.709,8.667,17.212,-8.545,-177.127,52.575,176.973
-0.303,-0.148,-0.697,-2.625,-6.592,0.671,-176.781,52.465,177.468
-0.338,-0.13,-0.656,-4.089,-11.841,0.0,-176.688,52.943,177.847
-0.306,-0.082,-0.55,-6.653,-18.494,13.489,-176.841,53.674,177.94
-0.462,0.033,-0.67,-2.502,-21.912,30.64,-177.495,54.734,177.127
-0.688,0.119,-0.897,11.78,-10.62,40.527,-178.275,55.624,175.435
-0.597,0.093,-0.954,18.799,-0.122,32.288,-178.55,55.838,173.754
-0.861,0.16,-1.198,18.372,11.658,35.95,-178.841,55.761,172.139
-0.535,0.059,-1.215,16.724,48.157,23.071,-178.748,54.02,170.925
-0.252,0.091,-1.15,1.221,15.32,21.484,-179.022,52.213,169.997
-0.389,0.058,-0.918,-1.709,-26.978,3.967,-179.484,52.449,169.321
-0.577,0.043,-0.812,-5.554,-29.419,-2.136,-179.714,53.855,169.442
-0.604,0.091,-0.768,-4.089,-7.385,12.939,179.797,54.624,169.349
-0.519,0.14,-0.687,0.488,5.127,32.104,178.94,54.542,168.333
-0.406,0.164,-0.678,6.409,7.568,41.382,177.962,54.009,166.619
-0.513,0.196,-0.77,6.531,-4.395,34.607,177.034,53.97,164.8
-0.537,0.222,-0.79,2.686,11.169,23.987,176.287,53.806,163.685
-0.394,0.24,-0.736,8.118,12.573,16.296,175.831,53.053,163.059
-0.353,0.169,-0.737,18.677,7.874,4.211,176.072,52.641,162.938
-0.232,0.062,-0.672,18.494,2.625,1.526,176.808,52.284,163.13
-0.289,-0.013,-0.694,6.165,-25.757,-2.502,177.226,52.844,163.141
-0.742,-0.019,-0.95,-10.559,-36.804,-5.371,177.209,54.454,163.372
-0.592,0.028,-0.861,-12.146,-0.183,-15.442,176.726,55.536,164.042
-0.966,-0.06,-1.348,-24.536,-21.79,-29.48,176.902,55.772,165.938
-1.034,0.162,-1.312,-16.663,29.175,-23.254,176.353,56.503,167.761
-0.362,0.002,-1.03,-1.587,94.727,-25.513,177.188,53.053,170.272
0.055,0.032,-0.884,-22.339,24.292,2.502,177.171,50.015,171.535
-0.236,0.208,-0.733,-25.574,-52.429,16.541,175.627,50.707,170.557
-0.719,0.227,-0.823,-7.263,-39.917,1.77,174.309,53.02,169.376
-0.597,0.094,-0.844,-1.953,12.451,-23.438,174.551,53.361,170.25
-0.622,0.069,-0.954,-1.587,11.902,-38.513,175.413,52.998,172.535
-0.405,0.008,-0.832,-1.404,21.606,-37.292,176.44,52.388,175.067
-0.458,0.059,-0.851,-7.935,4.272,-21.423,176.951,52.081,176.885
-0.472,0.059,-0.892,-0.366,16.724,-18.25,177.325,51.713,178.138
-0.349,0.032,-0.865,-1.282,19.165,-19.348,177.825,50.861,179.385
-0.235,-0.029,-0.787,-2.075,-2.319,-29.236,178.429,50.482,-179.209
-0.452,-0.041,-0.738,-8.545,-30.579,-32.715,178.956,51.658,-177.594
-0.336,-0.061,-0.598,-4.639,-4.028,-23.56,179.522,52.416,-175.902
-0.313,-0.036,-0.558,-9.46,-23.499,-5.066,179.731,53.042,-174.902
-0.405,0.079,-0.672,-3.052,-21.179,7.996,179.368,54.245,-174.941
-0.61,0.092,-0.808,9.094,-24.231,10.925,179.236,55.382,-175.463
-0.617,0.049,-0.864,5.615,-5.371,12.878,179.429,56.151,-175.886
-0.73,0.21,-1.171,-0.732,-8.301,37.476,178.643,56.157,-177.204
-0.73,0.208,-1.117,12.207,16.846,36.438,177.682,56.255,-179.335
-0.437,0.227,-1.063,14.587,37.415,23.987,177.314,54.498,179.077
-0.382,0.067,-1.061,12.817,-3.723,1.038,177.709,53.608,178.451
-0.575,0.069,-0.956,-3.296,-21.973,2.075,177.671,54.399,178.16
-0.703,0.118,-0.922,-10.681,-9.949,5.371,177.061,55.162,177.759
-0.538,0.207,-0.796,-9.949,0.793,10.193,176.232,55.19,177.347
-0.45,0.216,-0.69,-2.563,-5.493,11.169,175.501,55.311,176.682
-0.411,0.19,-0.617,2.319,-2.625,7.568,175.1,55.492,176.166
-0.354,0.181,-0.539,4.15,0.793,9.155,174.803,55.552,175.682
-0.304,0.176,-0.532,6.042,2.502,13.977,174.529,55.344,175.034
-0.309,0.151,-0.527,4.822,-11.414,15.625,174.062,55.426,173.963
-0.404,0.18,-0.643,1.343,-11.353,14.587,173.48,55.931,172.908
-0.697,0.192,-0.79,1.038,-11.353,21.606,172.705,56.547,171.645
-0.91,0.089,-1.207,10.742,0.732,0.488,172.551,56.426,171.041
-0.871,0.104,-1.168,11.597,26.428,-2.747,173.051,56.107,171.365
-0.484,-0.045,-1.15,18.982,58.594,-9.277,174.457,53.817,172.43
-0.196,-0.009,-1.006,-0.366,21.545,11.841,175.204,51.817,172.711
-0.24,0.086,-0.84,-4.578,-16.785,20.142,174.787,51.482,171.37
-0.476,0.151,-0.804,-5.005,-29.541,18.25,174.007,52.443,169.552
-0.531,0.125,-0.756,9.155,-14.404,5.615,173.831,53.317,168.448
-0.562,0.058,-0.775,13.977,-9.216,1.77,174.402,53.784,168.151
-0.509,-0.024,-0.778,18.799,5.188,-3.662,175.342,53.987,168.261
-0.48,-0.034,-0.776,11.78,4.211,-0.916,176.287,53.822,168.552
-0.511,-0.032,-0.83,11.536,4.333,3.601,176.99,53.69,168.596
-0.457,-0.029,-0.845,12.207,16.724,9.827,177.545,53.196,168.305
-0.252,-0.057,-0.736,9.338,8.667,8.85,178.05,52.449,167.756
-0.405,-0.049,-0.72,0.061,-26.55,1.892,178.275,53.075,167.025
-0.391,-0.02,-0.661,1.526,-8.24,-0.61,178.478,53.871,166.701
-0.391,-0.018,-0.642,0.061,-24.109,5.493,178.649,54.608,166.311
-0.405,0.032,-0.63,1.77,-22.461,10.803,178.511,55.756,165.58
-0.643,0.069,-0.773,1.16,-28.87,19.226,178.242,57.003,164.614
-0.644,0.149,-0.826,4.15,-9.583,26.978,177.616,57.997,163.339
-0.961,0.253,-1.131,-0.061,-28.564,42.969,176.451,58.672,161.34
-0.957,0.269,-1.256,16.724,34.607,27.832,175.336,58.799,159.258
-0.428,0.141,-1.129,24.536,44.434,3.418,176.138,56.212,159.104
-0.383,0.018,-1.032,18.372,-6.714,2.441,177.16,55.393,158.983
-0.481,0.005,-0.84,9.033,-25.146,7.812,177.528,56.261,158.247
-0.511,0.039,-0.666,3.479,-31.25,16.663,177.292,57.541,157.039
-0.639,0.073,-0.603,5.371,-24.17,19.043,176.814,58.87,155.676
-0.569,0.086,-0.558,8.118,-3.906,30.029,176.298,59.343,154.44
-0.531,0.128,-0.56,16.479,-0.427,51.514,175.424,59.343,152.358
-0.576,0.153,-0.656,30.457,-3.784,72.571,174.375,59.134,149.002
-0.682,0.16,-0.685,37.292,-4.333,84.595,173.221,59.062,144.679
-0.488,0.12,-0.664,41.382,20.081,74.951,172.502,58.013,140.674
-0.403,0.077,-0.635,32.288,2.808,53.345,172.315,57.096,137.477
-0.369,0.017,-0.635,19.897,-0.366,36.377,172.359,56.744,135.038
-0.543,0.143,-0.748,1.526,-41.077,46.326,171.546,57.557,132.017
-1.02,0.17,-0.903,11.902,-42.236,57.007,169.997,59.573,128.046
-1.064,0.208,-0.999,15.991,-8.484,82.825,168.278,60.013,123.613
-0.875,0.251,-1.003,40.283,12.024,96.375,166.69,58.887,118.076
-0.753,0.167,-0.977,63.416,38.269,105.774,166.542,56.607,111.72
-0.347,0.017,-0.787,69.519,46.875,112.854,167.563,53.009,104.788
-0.203,-0.027,-0.704,56.213,10.559,109.558,168.371,50.356,97.399
-0.318,-0.028,-0.648,44.067,-1.343,85.754,168.953,49.191,90.632
-0.207,-0.031,-0.669,39.612,-4.7,66.04,169.711,48.389,85.04
-0.496,-0.026,-1.057,28.87,-13.123,55.481,170.414,48.252,80.25
-0.431,0.196,-1.152,28.503,1.953,52.979,170.859,47.714,75.817
-0.241,0.116,-1.053,37.231,-5.188,48.523,171.931,47.219,72.092
-0.497,0.326,-1.044,12.39,-19.287,97.961,171.205,47.142,66.621
-0.408,0.295,-0.96,42.908,5.493,81.116,170.931,46.395,60.688
-0.27,0.173,-0.831,46.265,-5.737,74.463,171.65,45.593,55.679
-0.252,0.073,-0.777,46.021,-18.188,72.083,172.529,45.478,50.724
-0.293,0.106,-0.741,36.011,-34.363,83.008,173.007,46.126,45.489
-0.338,0.142,-0.733,40.1,-27.1,93.933,172.941,46.939,39.43
-0.675,0.185,-0.971,29.907,-28.381,109.497,172.617,47.395,32.783
-0.594,0.087,-1.201,58.35,17.517,92.651,172.48,46.868,25.829
-0.178,-0.206,-0.839,56.946,6.531,65.43,174.282,45.417,20.858
-0.417,-0.144,-0.705,25.391,-57.617,72.266,175.128,46.346,16.227
-0.824,-0.049,-0.869,32.593,-15.747,70.374,175.237,48.224,11.305
-0.423,-0.145,-0.783,40.649,26.062,65.857,176.144,47.109,6.85
-0.286,-0.15,-0.809,25.635,-1.16,65.857,176.891,46.379,2.714
-0.453,-0.098,-0.82,22.034,-16.357,58.228,177.122,46.818,-1.313
-0.409,-0.124,-0.812,19.043,-11.047,44.495,177.495,47.252,-4.587
-0.459,-0.152,-0.911,21.423,-18.677,19.775,178.215,48.021,-6.795
-0.583,-0.203,-1.169,13.733,-5.249,2.747,179.379,48.625,-7.619
-0.302,-0.05,-0.972,3.235,8.606,2.441,179.901,48.576,-8.19
-0.147,0.058,-0.96,-20.691,-2.38,19.287,179.445,48.049,-9.025
-0.43,0.26,-1.058,-17.761,-33.02,18.738,177.671,49.318,-10.882
-0.384,0.188,-0.939,-10.864,-5.676,-3.784,176.852,49.905,-11.684
-0.361,0.188,-0.921,-2.869,-6.897,-5.859,176.583,50.169,-11.816
-0.276,0.201,-0.817,5.92,-2.136,8.85,176.473,50.175,-12.415
-0.317,0.183,-0.802,15.869,-10.498,18.555,176.523,50.273,-13.711
-0.349,0.18,-0.778,18.066,-1.648,28.809,176.578,50.372,-15.579
-0.304,0.188,-0.78,18.616,-3.54,32.349,176.55,50.114,-17.809
-0.287,0.168,-0.729,19.653,-12.695,30.273,176.517,50.284,-20.105
-0.294,0.165,-0.658,20.081,-28.32,27.405,176.512,50.993,-22.335
-0.48,0.156,-0.703,19.897,-37.537,24.902,176.523,52.575,-24.576
-0.514,0.132,-0.756,22.644,-17.517,16.724,176.754,53.723,-26.576
-0.46,0.089,-0.71,17.151,-14.648,14.954,177.111,54.503,-28.185
-0.617,0.117,-0.895,7.812,-28.748,16.907,177.061,55.388,-29.789
-0.743,0.125,-0.945,12.817,-25.757,10.01,176.83,56.997,-31.41
-0.819,0.012,-1.217,23.438,-3.723,-9.033,177.841,57.475,-31.833
-0.877,-0.052,-1.234,24.17,30.884,-5.737,179.193,57.316,-31.844
-0.347,-0.189,-0.956,17.151,54.26,-9.644,-179.193,54.701,-31.41
-0.183,-0.033,-0.875,-13.306,0.183,24.719,-179.341,53.388,-31.888
-0.436,0.106,-0.75,-9.216,-26.917,31.616,179.297,54.08,-33.536
-0.562,0.082,-0.794,3.296,-6.897,20.691,178.473,54.783,-35.107
-0.561,0.051,-0.808,9.583,2.502,11.597,178.33,54.833,-36.238
-0.511,-0.016,-0.875,11.23,19.043,1.892,178.786,54.289,-36.744
-0.439,-0.029,-0.875,8.606,15.564,-3.296,179.379,53.416,-36.793
-0.408,-0.068,-0.874,8.362,17.761,-6.775,-179.923,52.663,-36.464
-0.344,-0.082,-0.832,2.625,9.399,-0.305,-179.374,51.872,-36.167
-0.419,-0.042,-0.776,-1.648,-2.93,2.869,-179.297,51.784,-36.194
-0.45,-0.031,-0.734,-3.235,1.038,-1.404,-179.28,51.795,-36.167
-0.432,-0.015,-0.678,-5.249,3.479,-6.104,-179.275,51.735,-35.958
-0.35,-0.036,-0.626,-4.028,5.676,-12.634,-179.11,51.586,-35.442
-0.29,-0.037,-0.585,-9.827,-2.197,-9.521,-179.039,51.581,-34.816
-0.28,-0.013,-0.662,-11.475,-12.695,-2.014,-179.313,52.031,-34.519
-0.598,0.075,-0.873,-11.169,-27.71,9.094,179.995,53.229,-34.865
-0.817,0.11,-1.085,-2.441,0.0,11.23,179.44,54.025,-35.656
-0.624,0.174,-1.172,5.981,47.363,24.17,178.885,52.894,-36.98
-0.39,0.147,-1.248,9.888,47.607,19.47,178.775,50.394,-38.287
-0.284,0.127,-1.209,10.315,29.785,10.01,178.912,48.461,-39.095
-0.262,0.053,-1.061,0.244,12.573,5.249,179.022,47.285,-39.38
-0.301,0.075,-0.943,-13.916,-6.775,3.54,178.561,46.989,-39.457
-0.415,0.173,-0.897,-18.372,-12.451,2.441,177.599,47.401,-39.534
-0.42,0.234,-0.837,-8.789,1.343,4.822,176.721,47.642,-39.792
-0.33,0.203,-0.782,-0.732,0.488,7.263,176.281,47.422,-40.314
-0.356,0.196,-0.749,0.366,-1.282,6.775,175.952,47.51,-40.995
-0.306,0.204,-0.734,1.038,1.587,7.141,175.66,47.406,-41.682
-0.28,0.222,-0.732,0.061,0.977,6.592,175.342,47.324,-42.385
-0.263,0.27,-0.73,3.662,-5.737,11.353,174.985,47.346,-43.253
-0.315,0.24,-0.721,10.62,-15.808,6.47,174.864,47.851,-44.264
-0.339,0.198,-0.691,10.62,-22.583,-8.667,175.056,48.84,-44.808
-0.368,0.124,-0.653,3.174,-25.757,-32.837,175.605,50.208,-44.099
-0.668,0.126,-0.999,-3.418,-26.978,-35.034,176.144,51.691,-42.594
-0.657,0.042,-1.087,0.305,-16.602,-24.719,176.638,52.91,-41.407
-0.918,-0.051,-1.457,-4.944,-29.785,-33.752,177.204,54.196,-40.056
-0.833,-0.009,-1.183,-1.038,44.495,-29.48,177.99,54.833,-38.21
-0.212,-0.052,-0.863,6.226,59.692,-18.433,179.066,51.713,-36.628
-0.129,0.012,-0.877,-0.732,7.629,-4.395,179.599,50.18,-35.755
-0.319,0.011,-0.836,6.287,-6.165,-5.31,179.89,50.219,-35.255
-0.34,-0.074,-0.832,6.836,0.549,-20.752,-179.374,50.169,-34.272
-0.387,-0.138,-0.851,5.981,-1.282,-35.278,-178.242,50.164,-32.349
-0.397,-0.212,-0.854,3.052,2.747,-35.4,-176.951,49.999,-30.026
-0.47,-0.247,-0.849,-5.249,-5.066,-23.804,-176.034,49.982,-28.054
-0.417,-0.176,-0.824,-11.169,10.376,-5.554,-175.847,49.828,-27.004
-0.321,-0.085,-0.734,-13.916,13.672,13.428,-176.391,49.18,-27.136
-0.233,-0.059,-0.711,-10.01,8.911,7.751,-177.001,48.664,-27.532
-0.251,-0.094,-0.72,-15.076,-1.953,-0.305,-177.38,48.461,-27.285
-0.229,-0.055,-0.645,-19.592,-11.353,-4.15,-178.061,48.79,-26.873
-0.303,-0.057,-0.685,-21.912,-16.174,-14.893,-178.544,49.433,-25.884
-0.671,0.042,-0.941,-23.743,-20.752,-14.343,-179.22,50.526,-24.895
-0.524,0.176,-1.012,-17.334,17.639,1.099,-179.962,50.504,-24.532
-0.775,0.31,-1.27,-12.634,30.396,33.447,178.742,49.867,-25.829
-0.259,0.407,-1.266,-0.427,56.03,32.959,177.561,47.098,-27.823
-0.227,0.304,-1.15,16.968,5.005,11.658,177.325,45.681,-29.081
-0.329,0.138,-0.944,14.648,-10.986,-2.869,177.88,45.725,-29.301
-0.461,0.091,-0.897,4.395,-11.353,-5.066,178.193,46.335,-29.163
-0.399,0.108,-0.809,-0.488,4.272,-7.629,178.226,46.467,-28.943
-0.378,0.128,-0.776,0.732,3.418,-7.629,178.242,46.357,-28.647
-0.328,0.127,-0.747,0.549,8.728,-3.479,178.264,46.148,-28.526
-0.292,0.149,-0.768,-0.854,7.568,2.93,178.138,45.775,-28.669
-0.228,0.162,-0.711,-1.709,2.991,12.268,177.759,45.538,-29.284
-0.271,0.243,-0.732,-1.221,-12.573,18.738,177.1,45.731,-30.372
-0.271,0.26,-0.722,10.376,-17.578,12.146,176.765,46.456,-31.52
-0.235,0.192,-0.707,24.353,-30.396,7.324,177.171,47.598,-32.366
-0.473,0.04,-0.928,25.635,-25.33,6.104,178.011,48.961,-33.025
-0.736,-0.008,-1.12,13.55,-5.554,14.221,178.539,49.779,-33.745
-0.508,0.001,-1.119,20.203,11.963,1.404,179.066,49.318,-34.277
-0.501,-0.157,-1.09,23.56,14.343,-22.4,-179.385,49.208,-33.415
-0.188,-0.206,-0.924,19.653,5.005,-6.226,-177.759,48.279,-32.278
-0.413,-0.146,-0.846,1.526,-43.274,24.475,-177.303,49.449,-32.487
-0.647,-0.028,-0.857,4.15,0.793,31.189,-177.742,50.713,-33.745
-0.355,-0.056,-0.819,11.047,30.762,32.349,-177.907,49.647,-35.294
-0.252,-0.081,-0.81,13.0,5.676,18.616,-177.759,48.713,-36.502
-0.484,-0.103,-0.905,12.756,-5.188,7.324,-177.242,48.845,-36.859
-0.443,-0.157,-0.92,17.395,29.663,0.366,-176.402,48.373,-36.81
-0.239,-0.17,-0.855,17.639,10.681,-0.061,-175.364,47.17,-36.552
-0.246,-0.095,-0.774,37.231,-8.118,31.555,-174.183,47.335,-37.018
-0.295,-0.292,-0.625,50.537,-9.338,76.111,-172.804,48.005,-39.858
-0.168,-0.296,-0.538,20.63,-2.136,78.674,-172.562,48.472,-43.709
-0.258,-0.144,-0.594,-14.587,-18.555,61.523,-173.677,49.296,-46.67
-0.491,0.079,-0.928,-20.325,-13.977,49.133,-175.611,50.153,-48.988
-0.621,0.103,-1.049,-4.395,-5.676,33.447,-177.001,50.839,-50.894
-0.847,0.186,-1.453,-0.671,8.728,39.246,-178.039,50.587,-52.773
-0.677,0.134,-1.382,21.484,54.382,28.809,-178.418,49.252,-54.767
-0.089,0.134,-1.237,11.23,56.58,24.414,-178.314,45.802,-56.107
-0.069,0.072,-1.027,8.484,5.92,4.272,-178.209,44.275,-56.766
-0.25,0.039,-0.899,-3.906,-12.024,-4.272,-178.182,44.352,-56.453
-0.312,0.089,-0.818,-8.484,-6.775,-0.244,-178.577,44.687,-56.129
-0.267,0.139,-0.773,-3.906,6.836,8.484,-179.105,44.588,-56.223
-0.226,0.167,-0.781,2.136,8.118,20.874,-179.561,44.05,-56.959
-0.226,0.187,-0.855,7.019,11.475,26.672,-179.94,43.418,-58.244
-0.174,0.183,-0.849,13.0,7.629,21.118,179.918,42.781,-59.568
-0.191,0.081,-0.787,9.033,-1.953,7.812,-179.967,42.49,-60.397
-0.239,0.105,-0.797,-2.991,-5.005,-1.648,179.885,42.572,-60.43
-0.186,0.139,-0.758,3.845,-3.906,0.244,179.709,42.693,-60.386
-0.19,0.083,-0.811,5.859,-19.958,15.32,179.698,43.099,-60.831
-0.551,0.114,-1.028,12.39,-34.18,27.405,179.533,44.495,-62.188
-0.607,0.006,-1.0,21.423,-9.277,12.878,179.94,45.522,-63.342
-0.719,-0.076,-1.115,22.095,13.184,-13.245,-178.907,45.456,-63.062
-0.349,-0.257,-1.178,32.349,56.335,-39.673,-176.754,43.5,-61.337
-0.132,-0.305,-1.146,-3.235,29.053,-14.954,-175.567,41.528,-59.65
-0.096,-0.14,-0.986,-16.724,3.418,6.592,-175.968,40.721,-59.216
-0.223,-0.028,-0.888,-10.437,-20.63,0.061,-176.594,41.166,-59.139
-0.318,-0.051,-0.804,-3.662,-27.466,-20.447,-176.556,42.253,-58.195
-0.447,-0.113,-0.829,2.869,-23.438,-35.828,-175.974,43.539,-56.459
-0.481,-0.226,-0.825,-2.563,-8.057,-38.818,-175.04,44.319,-54.185
-0.398,-0.227,-0.836,-8.911,5.493,-31.433,-174.457,44.385,-52.081
-0.356,-0.127,-0.892,-13.611,30.701,-4.517,-174.578,43.693,-51.048
-0.122,-0.129,-0.903,-15.198,30.762,-8.911,-174.957,42.034,-50.713
-0.072,-0.087,-0.821,-21.118,-5.981,-28.076,-175.43,41.451,-49.548
-0.18,-0.148,-0.661,-28.748,-30.701,-42.847,-175.803,42.391,-47.181
-0.311,-0.081,-0.572,-44.983,-42.908,-32.654,-176.841,44.187,-44.901
-0.427,0.018,-0.708,-39.795,-28.442,-27.893,-178.182,45.972,-43.204
-0.625,0.193,-0.977,-35.156,-12.817,-22.339,-179.55,47.219,-42.083
-0.542,0.225,-1.188,-19.836,26.733,-15.869,179.654,46.879,-41.171
-0.469,0.315,-1.277,-2.563,37.231,12.939,178.885,45.456,-41.589
-0.079,0.226,-1.217,7.751,42.419,13.489,178.852,43.215,-42.495
-0.104,0.12,-1.078,17.09,-19.409,-15.32,179.209,42.462,-42.764
-0.366,-0.031,-0.942,2.136,-29.053,-32.227,-179.984,43.83,-41.561
-0.367,0.041,-0.852,-15.381,-7.629,-25.146,-179.951,44.594,-40.128
-0.346,0.104,-0.82,-14.221,-5.798,-13.916,179.599,44.896,-39.221
-0.292,0.169,-0.781,-7.69,-0.305,-0.244,179.077,45.022,-39.045
-0.312,0.188,-0.838,0.671,0.854,16.541,178.638,45.0,-39.727
-0.221,0.214,-0.807,6.042,9.705,32.227,178.171,44.615,-41.336
-0.155,0.25,-0.824,11.963,-12.268,33.997,177.759,44.308,-43.478
-0.268,0.213,-0.737,17.09,-32.776,22.705,177.638,45.352,-45.45
-0.35,0.188,-0.719,19.714,-35.522,9.399,177.902,46.851,-46.796
-0.405,0.105,-0.745,27.771,-22.4,-5.798,178.753,48.345,-47.384
-0.342,-0.032,-0.886,21.912,-21.362,-5.676,179.962,49.18,-47.346
-0.659,-0.039,-1.008,6.836,-42.48,10.62,-179.709,51.059,-47.917
-0.495,-0.021,-0.836,2.502,-9.277,2.258,-179.703,52.213,-48.444
-0.96,0.029,-1.073,3.418,-30.945,-3.296,-179.423,53.295,-48.428
-0.775,-0.056,-1.157,33.264,60.608,-18.494,-177.979,52.57,-47.922
-0.128,-0.253,-0.885,29.114,64.392,-18.005,-175.71,48.972,-46.912
-0.053,-0.15,-0.737,-10.498,-21.057,8.545,-175.161,47.867,-46.747
-0.518,-0.009,-0.762,-12.512,-50.903,3.357,-175.781,49.966,-46.873
-0.702,-0.045,-0.874,6.409,7.568,-7.08,-175.765,51.158,-46.686
-0.416,-0.195,-0.827,14.832,22.583,-16.968,-174.825,50.213,-46.165
-0.439,-0.327,-0.908,0.244,10.62,-20.081,-173.743,49.471,-45.082
-0.421,-0.253,-0.85,-16.174,6.348,-9.583,-173.568,49.054,-44.138
-0.409,-0.125,-0.773,-21.912,0.61,2.197,-174.166,48.95,-43.819
-0.458,-0.027,-0.807,-16.296,15.381,12.512,-175.095,48.801,-44.171
-0.285,-0.045,-0.766,-11.658,25.391,13.184,-175.864,47.758,-44.962
-0.206,-0.059,-0.829,-13.367,7.507,1.282,-176.495,47.01,-45.363
-0.257,-0.149,-0.771,-23.56,-11.597,-16.052,-177.056,47.214,-44.819
-0.259,-0.104,-0.606,-42.236,-32.41,-22.583,-178.116,48.246,-43.555
-0.44,-0.009,-0.581,-43.152,-44.189,-24.048,-179.544,50.356,-42.27
-0.666,0.095,-0.817,-39.551,-14.16,-13.123,179.138,51.844,-41.336
-0.749,0.298,-1.148,-30.701,11.047,6.897,177.539,51.866,-41.55
-0.511,0.381,-1.33,-17.883,26.672,17.822,176.083,50.68,-42.594
-0.605,0.443,-1.374,2.563,38.452,23.315,174.963,49.515,-44.236
-0.052,0.205,-1.098,14.832,37.72,-6.165,175.49,46.736,-44.67
-0.173,0.093,-0.905,-4.944,-31.189,-8.24,175.82,46.599,-44.456
-0.426,0.184,-0.761,-15.076,-35.95,4.15,174.985,48.334,-44.907
-0.416,0.245,-0.697,-9.766,-9.216,8.545,174.018,49.241,-45.709
-0.284,0.319,-0.661,2.197,5.005,20.386,173.254,49.136,-46.956
-0.229,0.294,-0.688,14.587,2.991,26.733,172.925,48.653,-48.724
-0.235,0.295,-0.665,20.447,-11.169,31.372,172.787,48.554,-50.96
-0.296,0.248,-0.682,23.743,-21.484,19.226,172.875,48.999,-53.135
-0.346,0.2,-0.606,23.499,-30.518,4.15,173.32,50.208,-54.558
-0.751,0.159,-1.051,23.926,-38.33,-5.188,174.106,51.905,-55.239
-0.87,0.078,-1.177,27.954,0.488,-7.446,175.386,52.943,-55.404
-0.75,-0.045,-1.317,38.269,28.625,-20.203,177.435,52.218,-54.778
-0.479,-0.25,-1.2,28.198,33.875,-21.545,179.868,50.768,-53.487
-0.256,-0.2,-1.038,0.61,19.836,-3.662,-179.077,49.515,-52.756
-0.307,-0.019,-0.916,-14.038,-2.808,15.991,-179.55,49.186,-53.075
-0.334,0.126,-0.822,-6.348,-0.916,24.841,179.572,49.169,-54.207
-0.364,0.092,-0.794,16.296,-2.808,12.878,179.418,49.114,-55.366
-0.409,-0.012,-0.832,26.001,7.935,-1.77,-179.615,48.95,-55.717
-0.358,-0.148,-0.873,28.137,17.456,-11.963,-178.022,48.257,-55.377
-0.312,-0.247,-0.921,14.099,15.564,-13.062,-176.539,47.39,-54.641
-0.253,-0.236,-0.866,-0.916,6.287,-12.024,-175.743,46.714,-53.806
-0.354,-0.159,-0.788,-8.972,-8.545,-10.315,-175.589,46.835,-53.047
-0.301,-0.145,-0.752,-8.789,2.014,-15.869,-175.402,46.851,-52.097
-0.488,-0.04,-0.755,-14.404,-13.062,-3.357,-175.594,47.241,-51.438
-0.34,-0.109,-0.736,4.333,21.057,-8.301,-175.507,47.12,-51.147
-0.156,-0.218,-0.674,-7.507,0.977,0.122,-175.259,46.533,-50.905
-0.224,-0.169,-0.792,-30.518,-22.522,10.742,-176.155,47.214,-51.075
-0.418,-0.109,-1.037,-39.429,-33.508,8.545,-177.841,48.702,-51.416
-0.449,0.268,-0.983,-51.453,-24.78,28.687,179.456,50.081,-52.383
-0.683,0.537,-1.058,-17.883,-34.363,51.88,176.605,51.224,-55.162
-0.653,0.466,-1.103,12.878,18.982,46.204,175.193,51.196,-58.475
-0.409,0.31,-1.039,24.17,22.339,23.01,175.287,49.708,-60.568
-0.359,0.163,-0.912,17.212,7.629,12.39,175.737,49.048,-61.804
-0.332,0.112,-0.77,5.737,-7.568,15.076,175.82,48.928,-62.886
-0.385,0.205,-0.775,3.906,-11.292,27.954,175.276,49.318,-64.49
-0.304,0.239,-0.692,9.949,-7.019,42.48,174.622,49.521,-66.819
-0.284,0.276,-0.686,19.47,-17.456,55.42,173.947,49.669,-69.977
-0.365,0.282,-0.694,32.288,-23.926,71.716,173.342,50.257,-74.086
-0.367,0.217,-0.723,46.143,-27.588,101.807,172.897,50.729,-79.371
-0.484,0.253,-0.759,56.152,-32.593,147.278,171.953,51.229,-86.962
-0.423,0.21,-0.815,70.068,-14.648,158.508,170.997,50.839,-95.911
-0.501,0.163,-0.996,65.308,-24.719,150.085,170.392,50.301,-104.958
-0.71,0.172,-0.984,31.677,-43.762,116.577,169.431,50.729,-112.599
-0.931,0.198,-1.04,39.001,-30.884,68.237,168.755,51.735,-118.07
-0.65,-0.004,-0.913,49.316,25.33,41.687,170.002,51.24,-120.921
-0.3,-0.09,-0.773,31.921,15.991,50.598,171.299,49.763,-123.223
-0.372,0.043,-0.716,9.399,-27.527,62.561,170.931,49.883,-126.37
-0.737,0.151,-0.772,6.775,-32.349,53.711,169.926,51.196,-129.485
-0.736,0.158,-0.805,27.283,-2.686,36.56,169.816,51.674,-131.666
-0.555,0.039,-0.813,38.574,10.193,30.273,170.969,51.356,-132.852
-0.43,-0.131,-0.852,32.104,-17.273,50.049,171.991,51.389,-134.758
-0.543,-0.038,-0.767,-0.183,-43.396,53.223,171.447,52.657,-137.631
-0.826,0.095,-0.837,-4.089,-37.354,25.024,170.206,54.657,-139.85
-0.819,0.123,-0.907,-0.549,15.808,7.812,169.937,55.311,-140.202
-0.542,0.147,-0.832,2.686,27.527,11.292,170.002,54.36,-140.043
-0.248,0.071,-0.792,6.592,38.757,13.672,170.387,52.784,-139.845
-0.141,0.185,-0.829,1.465,9.705,42.236,170.228,51.235,-140.713
-0.35,0.342,-0.917,21.179,-3.54,74.829,169.283,50.587,-144.009
-0.324,0.283,-0.93,41.748,19.165,73.975,169.261,49.065,-148.024
-0.224,0.214,-0.878,49.927,7.69,70.19,170.107,47.488,-151.765
-0.286,0.13,-0.844,46.387,-5.066,64.087,171.118,46.681,-155.451
-0.379,0.135,-0.83,31.677,-8.728,62.744,171.678,46.395,-158.906
-0.372,0.22,-0.792,23.804,-6.836,68.604,171.661,46.066,-162.416
-0.468,0.301,-0.8,31.006,-13.611,76.782,171.442,45.983,-166.437
-0.529,0.271,-0.872,43.03,10.01,72.571,171.744,45.461,-170.343
-0.324,0.225,-0.923,41.748,16.907,74.097,172.48,44.105,-173.842
-0.318,0.18,-0.977,45.044,7.568,70.801,173.238,43.127,-177.556
-0.351,0.034,-1.155,29.419,1.648,65.857,174.084,42.275,179.127
-0.45,0.059,-1.151,11.78,-1.953,74.585,173.826,42.056,175.358
-0.479,0.025,-1.083,7.996,12.817,70.862,173.172,41.353,171.617
-0.172,-0.081,-0.826,15.686,19.043,59.814,173.167,40.051,168.618
-0.143,-0.065,-0.751,16.357,-22.4,67.017,173.392,39.545,165.344
-0.464,-0.019,-0.863,32.288,-30.518,69.946,173.815,40.715,161.34
-0.444,-0.124,-0.904,44.128,17.456,77.393,175.034,40.605,157.511
-0.207,-0.17,-0.88,37.903,15.808,84.351,176.358,39.304,153.32
-0.224,-0.144,-0.893,26.794,-5.859,72.021,177.292,38.853,148.925
-0.351,-0.117,-0.928,23.926,-7.874,60.181,178.077,39.056,145.091
-0.319,-0.155,-0.91,21.79,-2.075,53.589,178.852,39.111,141.581
-0.35,-0.121,-0.914,9.705,-7.385,46.753,179.264,39.298,138.356
-0.322,-0.124,-0.891,8.423,1.343,21.729,179.61,39.419,135.967
-0.204,-0.231,-0.87,-2.93,-4.028,4.456,179.989,39.43,134.758
-0.282,-0.182,-0.89,-13.794,-14.771,-2.869,179.841,40.001,133.759
-0.558,-0.127,-1.257,-28.442,-12.451,-8.667,179.39,40.523,133.319
-0.368,0.135,-0.953,-26.306,16.602,5.188,178.05,40.913,132.479
-0.069,0.192,-0.959,-33.569,47.852,27.283,176.732,38.875,131.501
-0.019,0.43,-0.997,-19.043,6.104,32.104,174.886,37.447,129.474
-0.132,0.245,-0.985,11.719,10.864,1.831,174.578,36.931,128.425
-0.061,0.115,-0.952,8.972,11.414,-7.935,175.045,36.244,128.436
-0.071,0.113,-0.922,-0.732,0.977,-2.075,175.204,35.843,128.386
-0.094,0.147,-0.913,-6.653,-4.395,5.493,174.919,35.75,127.881
-0.143,0.206,-0.894,-8.24,-7.629,10.071,174.359,35.876,127.035
-0.149,0.251,-0.906,-4.761,-4.822,14.954,173.809,35.969,126.068
-0.132,0.28,-0.869,2.197,-10.376,22.949,173.43,36.052,124.772
-0.187,0.268,-0.837,5.554,-21.729,27.466,173.216,36.612,123.162
-0.267,0.295,-0.831,10.01,-16.663,25.757,173.051,37.304,121.503
-0.205,0.278,-0.808,16.663,-10.986,20.813,173.221,37.722,120.185
-0.159,0.208,-0.758,23.865,-14.221,14.587,173.798,38.161,119.158
-0.144,0.121,-0.667,21.729,-34.668,9.949,174.523,39.26,118.246
-0.316,0.126,-0.706,9.338,-43.823,5.798,174.842,41.336,117.334
-0.554,0.163,-1.082,2.686,-27.039,0.977,174.891,42.852,116.801
-0.433,0.102,-1.016,14.221,-2.502,-8.423,175.188,43.737,116.537
-0.793,0.008,-1.496,13.977,-16.418,-19.287,176.204,44.083,116.944
-0.414,-0.07,-1.347,25.024,64.819,-24.231,177.654,43.484,117.554
0.101,-0.206,-1.07,8.301,34.241,-9.644,179.154,40.567,118.125
-0.104,-0.011,-0.938,-12.573,-35.767,17.395,178.912,40.638,116.873
-0.382,0.063,-0.861,-2.319,-33.142,13.611,178.347,42.319,115.065
-0.445,0.04,-0.857,12.817,-13.245,8.667,178.495,43.314,113.637
-0.349,-0.086,-0.839,17.212,2.808,-0.977,179.363,43.489,112.714
-0.302,-0.149,-0.827,8.85,1.709,-8.057,-179.758,43.407,112.154
-0.259,-0.167,-0.795,-3.54,4.15,-14.404,-179.247,43.226,111.857
-0.268,-0.15,-0.782,-12.756,-8.301,-23.071,-179.121,43.286,111.874
-0.344,-0.126,-0.731,-16.357,-10.559,-31.86,-179.105,43.857,112.374
-0.314,-0.124,-0.722,-22.522,-9.155,-25.635,-179.176,44.193,112.934
-0.332,0.004,-0.691,-27.71,-9.033,-8.423,-179.956,44.813,112.736
-0.229,0.026,-0.674,-19.287,-3.052,-4.944,179.291,45.027,112.253
-0.4,0.131,-0.895,-17.578,-23.01,-2.991,178.544,45.786,111.802
-0.547,0.257,-1.124,2.808,-14.832,-25.94,178.456,46.818,112.22
-0.937,0.014,-1.476,0.488,10.315,-24.658,179.561,47.362,113.972
-0.419,0.14,-1.283,-16.357,102.051,26.611,179.149,44.632,114.06
0.188,0.248,-1.142,-16.357,62.744,32.837,177.825,40.117,112.522
0.114,0.198,-0.897,-13.794,-18.066,-7.141,176.825,38.842,111.824
-0.189,0.154,-0.781,-21.423,-54.321,-23.071,176.045,40.781,112.434
-0.383,0.226,-0.718,-22.583,-46.021,-17.761,175.023,43.198,113.11
-0.491,0.3,-0.775,-11.353,-23.865,-6.287,174.117,44.962,113.621
-0.446,0.313,-0.783,3.54,2.197,13.123,173.655,45.428,113.725
-0.391,0.293,-0.832,12.573,13.367,23.987,173.452,44.874,113.154
-0.301,0.302,-0.859,15.076,17.639,18.677,173.48,43.962,112.527
-0.164,0.202,-0.754,15.869,-0.122,-4.944,173.963,43.467,112.714
-0.286,0.162,-0.67,10.925,-35.339,-8.545,174.435,44.621,113.242
-0.472,0.139,-0.716,15.015,-24.658,-2.258,174.869,46.236,113.478
-0.401,0.148,-0.727,13.916,-0.305,4.7,175.281,46.785,113.489
-0.354,0.087,-1.02,15.625,-3.967,-5.554,175.963,46.708,113.747
-0.448,0.049,-0.988,11.841,-32.715,-5.92,176.528,48.076,113.824
-1.126,0.03,-1.499,17.639,-25.269,-11.841,177.451,49.576,114.109
-0.537,-0.063,-1.24,35.706,88.867,-11.353,179.116,48.466,114.675
0.059,-0.281,-1.04,24.902,57.312,-4.578,-178.764,44.374,115.087
0.017,-0.113,-0.881,-22.705,-28.259,25.391,-178.808,43.533,113.769
-0.407,0.086,-0.784,-18.127,-64.941,15.991,179.731,45.917,111.72
-0.733,0.068,-0.818,1.587,-25.208,-1.465,179.286,48.186,110.704
-0.529,-0.012,-0.821,11.353,16.479,-1.648,179.808,48.296,110.435
-0.385,-0.101,-0.769,10.559,16.479,5.066,-179.528,47.587,109.935
-0.332,-0.142,-0.741,3.174,7.446,8.972,-179.143,47.076,108.929
-0.392,-0.12,-0.812,-2.563,11.719,7.935,-179.094,46.758,107.699
-0.316,-0.112,-0.785,-2.747,10.193,1.465,-179.061,46.148,106.639
-0.314,-0.167,-0.757,-6.653,0.916,-7.507,-178.896,45.983,106.04
-0.264,-0.124,-0.685,-19.836,0.793,-2.136,-179.165,45.95,105.485
-0.227,-0.028,-0.627,-31.982,-11.353,8.362,179.703,46.17,104.474
-0.203,0.085,-0.624,-35.645,-17.09,8.667,178.066,46.824,103.398
-0.508,0.215,-0.915,-29.541,-37.72,7.751,176.309,48.186,102.656
-0.852,0.268,-1.141,-25.574,-12.634,20.996,174.727,49.57,102.068
-0.508,0.517,-1.214,-12.878,49.988,46.387,172.755,47.834,100.953
-0.194,0.524,-1.259,17.761,42.175,26.611,172.013,45.209,100.102
-0.101,0.308,-1.129,24.719,7.935,7.202,172.798,43.572,100.239
-0.333,0.171,-1.02,12.512,-22.827,-8.179,173.557,43.962,100.772
-0.441,0.237,-0.954,-8.545,-11.169,-9.033,173.546,44.753,101.607
-0.425,0.288,-0.876,-8.911,-7.08,-16.174,173.161,45.17,102.827
-0.389,0.323,-0.771,-0.183,-5.798,-17.761,172.98,45.599,104.359
-0.369,0.272,-0.696,12.268,-4.089,-12.085,173.315,45.961,105.925
-0.283,0.196,-0.614,18.799,4.883,-4.15,173.969,46.0,107.15
-0.211,0.153,-0.593,17.212,8.301,1.282,174.6,45.632,108.067
-0.189,0.17,-0.612,15.015,9.46,10.437,175.001,45.104,108.545
-0.166,0.165,-0.667,17.151,3.967,19.348,175.254,44.572,108.347
-0.357,0.196,-1.011,13.672,-8.118,17.09,175.43,44.539,107.858
-0.569,0.194,-1.079,17.517,-9.216,13.123,175.589,45.198,107.43
-0.738,-0.004,-1.416,19.836,-6.287,-18.921,176.649,45.456,108.232
-0.461,-0.11,-1.256,25.635,49.011,-39.978,178.226,44.896,110.182
0.004,-0.354,-1.236,9.216,41.199,-32.288,-179.863,42.264,112.286
-0.005,0.03,-0.864,-21.667,-43.152,15.381,179.478,42.462,111.44
-0.464,0.114,-0.733,-3.296,-61.89,12.756,178.687,45.121,109.869
-0.652,0.074,-0.744,11.353,-9.766,12.695,178.676,46.851,108.732
-0.445,-0.079,-0.785,19.043,18.677,6.348,179.39,46.527,108.105
-0.387,-0.121,-0.896,14.404,25.452,6.042,-179.764,45.505,107.287
-0.315,-0.187,-0.944,7.568,25.33,10.864,-179.05,44.302,105.947
-0.248,-0.118,-0.923,-0.122,19.714,11.902,-178.863,43.154,104.172
-0.304,-0.066,-0.907,-1.343,9.888,8.24,-178.824,42.369,102.64
-0.283,-0.029,-0.911,8.118,4.395,7.629,-178.577,41.973,101.272
-0.289,-0.167,-0.846,15.808,-9.46,7.385,-177.786,42.177,100.069
-0.254,-0.214,-0.732,-3.479,-12.268,4.7,-177.396,42.693,98.723
-0.268,-0.14,-0.65,-21.24,-21.79,-2.808,-177.847,43.456,97.542
-0.381,-0.081,-0.653,-29.602,-21.118,-14.832,-178.704,44.55,96.872
-0.295,-0.076,-0.631,-37.476,-1.221,-24.109,-179.626,44.967,96.823
-0.19,0.065,-0.649,-44.922,-10.437,-21.118,178.973,45.308,97.163
-0.402,0.227,-0.794,-41.077,-35.828,-22.217,177.297,46.78,98.333
-0.979,0.342,-1.438,-35.4,-3.601,1.831,175.842,48.065,100.151
-0.636,0.557,-1.344,-14.282,66.406,36.926,173.754,46.686,100.684
-0.062,0.539,-1.266,13.794,60.852,17.639,173.249,42.605,101.283
-0.095,0.293,-1.11,27.832,-19.592,-30.273,174.238,41.649,102.964
-0.452,0.084,-0.954,13.611,-22.156,-48.035,175.71,43.039,106.013
-0.383,0.081,-0.824,-8.118,0.0,-36.56,176.396,43.638,109.276
-0.292,0.186,-0.732,-15.869,-2.319,-18.738,176.083,43.764,111.885
-0.32,0.289,-0.74,-5.92,-9.033,-5.31,175.463,44.11,113.56
-0.353,0.281,-0.739,3.723,-1.343,5.371,175.204,44.368,114.785
-0.311,0.278,-0.739,17.273,0.549,6.653,175.325,44.22,115.626
-0.31,0.207,-0.806,22.583,3.357,5.005,175.968,44.044,116.603
-0.165,0.141,-0.711,23.499,-3.113,7.874,176.726,43.874,117.411
-0.231,0.124,-0.682,18.188,-30.09,5.554,177.319,44.709,117.872
-0.282,0.075,-0.698,18.372,-29.297,-3.723,177.984,46.115,118.652
-0.66,0.084,-0.998,14.893,-43.64,-2.502,178.632,47.972,119.603
-0.703,0.053,-1.055,22.583,-13.428,-2.502,179.473,49.307,120.811
-0.883,-0.073,-1.169,26.489,-9.033,-5.188,-179.242,49.878,122.311
-0.375,-0.216,-0.987,28.198,54.688,-24.048,-177.561,48.45,124.53
-0.089,-0.308,-0.909,2.93,9.644,-13.489,-176.072,46.752,126.365
-0.416,-0.091,-0.898,-13.428,-19.287,3.54,-176.281,47.219,125.837
-0.417,-0.038,-0.869,1.343,10.437,-1.587,-176.402,47.411,125.398
-0.356,-0.102,-0.871,7.629,1.465,-1.526,-175.952,47.005,125.398
-0.378,-0.141,-0.844,8.728,1.709,-5.31,-175.325,47.0,125.552
-0.393,-0.165,-0.847,5.005,-3.967,-0.122,-174.732,46.983,125.431
-0.5,-0.158,-0.902,7.629,1.343,-0.732,-174.276,47.192,125.107
-0.468,-0.191,-0.91,7.019,15.564,3.967,-173.727,46.807,125.217
-0.374,-0.197,-0.866,2.197,15.076,12.146,-173.524,46.187,124.579
-0.264,-0.125,-0.852,-2.93,8.362,9.399,-173.617,45.637,122.975
-0.338,-0.073,-0.853,-0.793,-7.629,0.244,-173.606,45.786,122.283
-0.337,-0.129,-0.785,0.671,-5.31,-16.418,-173.265,46.077,122.778
-0.387,-0.205,-0.791,-10.193,-12.817,-29.663,-172.864,46.478,124.151
-0.345,-0.217,-0.69,-23.071,-12.146,-38.025,-172.837,46.95,125.64
-0.353,-0.181,-0.616,-36.804,-23.254,-49.744,-173.167,47.642,126.398
-0.364,-0.113,-0.588,-45.898,-24.414,-60.852,-173.925,48.719,130.402
-0.47,0.017,-0.805,-44.8,-22.217,-64.514,-174.666,49.988,136.533
-0.695,0.054,-0.977,-31.555,-14.893,-50.903,-175.117,51.185,141.844
-0.54,0.078,-1.029,-26.672,20.447,-11.902,-175.77,50.993,145.448
-0.881,0.222,-1.268,-10.254,16.602,12.573,-177.182,50.499,146.618
-0.306,0.214,-1.201,1.831,68.848,16.479,-177.874,47.812,147.321
-0.105,0.143,-1.096,19.531,2.319,18.127,-177.94,46.011,147.376
-0.374,-0.041,-0.906,16.968,-27.893,-1.038,-177.242,46.692,147.596
-0.505,-0.053,-0.822,0.732,-14.526,-13.428,-176.743,47.752,148.881
-0.441,-0.018,-0.767,-7.446,-0.305,-7.69,-176.765,48.01,150.606
-0.395,0.041,-0.735,-12.207,2.991,2.136,-177.325,47.977,151.974
-0.413,0.106,-0.789,-6.958,4.7,8.423,-178.05,47.818,152.919
-0.365,0.138,-0.758,-8.484,8.911,26.794,-178.929,47.494,153.182
-0.458,0.244,-0.794,-5.554,-4.883,43.884,179.698,47.494,152.298
-0.426,0.261,-0.784,13.184,9.033,37.048,178.775,47.302,151.194
-0.328,0.149,-0.806,21.24,0.122,33.875,178.737,46.978,150.507
-0.282,0.079,-0.778,27.222,-4.883,35.461,178.962,46.989,149.562
-0.233,0.0,-0.691,26.489,-24.109,33.386,179.467,47.527,148.541
-0.417,0.0,-0.848,25.208,-42.236,35.522,179.901,49.021,147.338
-0.821,-0.028,-1.136,24.719,-40.222,46.936,-179.868,51.147,145.876
-0.702,-0.06,-1.131,30.029,-13.855,32.593,-179.725,52.278,144.624
-0.762,-0.184,-1.125,30.701,2.502,4.822,-178.561,53.015,145.074
-0.502,-0.238,-0.996,16.907,30.64,4.7,-177.319,52.07,146.442
-0.271,-0.166,-0.899,-4.15,17.334,16.968,-177.149,50.944,146.942
-0.297,-0.075,-0.797,-8.057,-6.165,11.23,-177.605,50.641,146.151
-0.452,-0.031,-0.784,-6.653,-8.85,6.897,-177.995,51.075,145.591
-0.464,-0.034,-0.79,-0.488,3.235,-0.183,-178.061,51.141,145.937
-0.466,-0.109,-0.843,6.104,11.536,-17.883,-177.457,50.834,147.524
-0.39,-0.172,-0.846,-0.732,6.104,-21.362,-176.644,50.427,149.716
-0.411,-0.145,-0.819,-9.827,-4.517,-18.616,-176.314,50.521,151.458
-0.371,-0.159,-0.778,-10.498,-4.578,-20.264,-176.056,50.74,153.243
-0.318,-0.149,-0.67,-12.085,-13.733,-23.682,-175.875,51.246,155.116
-0.286,-0.21,-0.572,-15.686,-18.555,-38.94,-175.38,52.037,157.555
-0.304,-0.15,-0.517,-27.649,-29.297,-44.617,-175.029,53.064,159.884
-0.632,-0.055,-0.795,-24.963,-34.912,-49.133,-174.639,54.569,164.075
-0.875,-0.042,-0.951,-18.25,-21.423,-36.438,-174.265,56.272,168.409
-0.947,-0.015,-1.392,-27.527,28.748,-6.226,-174.639,56.074,171.293
-0.741,0.151,-1.347,-13.611,39.124,3.54,-176.012,54.943,172.293
-0.404,0.154,-1.197,-9.705,39.185,12.756,-176.88,52.63,172.661
-0.363,0.126,-1.052,-0.793,-8.606,6.226,-177.643,51.954,172.326
-0.506,0.043,-0.843,-9.888,-20.813,3.357,-178.033,52.773,172.414
-0.496,0.071,-0.729,-18.677,-15.32,9.766,-179.072,53.553,172.381
-0.517,0.172,-0.706,-22.705,-10.62,16.785,179.374,54.212,172.139
-0.501,0.261,-0.695,-15.564,-2.991,22.583,177.676,54.448,171.557
-0.501,0.251,-0.737,-0.916,2.686,22.034,176.44,54.355,170.832
-0.463,0.2,-0.741,6.042,6.042,15.015,175.875,54.058,170.387
-0.431,0.155,-0.72,7.202,-0.427,10.498,175.66,53.86,170.294
-0.406,0.135,-0.697,6.042,-7.751,6.714,175.512,54.08,170.283
-0.371,0.142,-0.622,5.188,-17.944,6.775,175.38,54.739,170.31
-0.326,0.125,-0.543,7.385,-30.945,9.766,175.204,55.893,170.063
-0.727,0.14,-0.85,8.118,-49.805,14.282,174.853,57.876,169.387
-0.826,0.063,-0.846,17.944,-18.982,6.836,174.924,59.513,169.146
-1.178,0.032,-1.187,18.433,-34.363,2.747,175.71,60.452,169.728
-1.098,0.002,-1.255,28.32,51.453,2.869,176.666,60.76,170.475
-0.303,-0.104,-0.876,15.93,77.087,12.451,178.061,56.843,171.656
-0.055,0.056,-0.813,-18.982,5.676,43.701,177.237,54.712,170.64
-0.42,0.199,-0.732,-14.771,-38.147,21.912,175.226,55.464,168.184
-0.609,0.1,-0.73,-0.183,-16.541,-18.433,174.831,56.788,167.937
-0.527,0.002,-0.691,5.981,2.136,-26.367,175.759,57.272,169.711
-0.519,-0.076,-0.789,6.226,13.672,-15.137,176.863,56.937,171.579
-0.518,-0.066,-0.805,4.883,5.615,-3.723,177.517,56.552,172.727
-0.458,-0.017,-0.679,7.69,-1.77,-2.075,178.05,56.624,173.529
-0.568,-0.02,-0.687,9.46,-8.423,-6.104,178.797,57.008,174.501
-0.567,-0.063,-0.596,10.986,8.057,-23.132,179.885,57.2,176.336
-0.573,-0.168,-0.638,-3.479,24.597,-31.006,-178.781,56.53,179.434
-0.397,-0.057,-0.678,-22.278,67.139,2.38,-179.214,54.481,-178.462
-0.083,0.005,-0.829,-28.625,53.284,14.893,179.473,51.317,-178.083
-0.307,0.25,-1.041,-29.175,-22.278,12.024,177.715,50.663,-179.319
-0.734,0.375,-1.252,-20.447,-25.146,34.302,175.864,51.768,178.835
-0.861,0.466,-1.28,-0.244,4.333,51.819,173.925,52.114,175.974
-0.479,0.375,-1.114,20.752,37.109,32.104,173.254,50.438,173.831
-0.397,0.194,-0.939,25.513,13.611,21.973,173.705,49.032,172.584
-0.408,0.07,-0.881,28.748,11.841,11.78,174.573,48.367,171.738
-0.302,0.011,-0.757,18.25,15.625,20.142,175.43,47.604,171.079
-0.257,0.07,-0.719,13.0,1.648,40.649,175.512,46.928,169.486
-0.289,0.128,-0.679,11.658,-17.883,66.528,175.023,47.043,166.448
-0.302,0.191,-0.647,19.165,-25.146,86.975,174.051,47.576,161.96
-0.469,0.182,-0.711,24.414,-33.569,102.844,172.914,48.4,156.561
-0.229,0.164,-0.524,30.212,-10.254,110.901,171.793,48.45,150.82
-0.113,0.173,-0.542,25.146,-46.936,100.525,170.689,48.735,144.926
-0.662,0.22,-1.022,20.508,-67.383,84.534,169.277,50.889,139.197
-1.116,0.34,-1.071,23.682,-40.955,106.018,167.289,52.971,133.401
-0.967,0.113,-1.252,48.218,0.916,89.905,166.921,52.372,128.562
-0.428,0.094,-0.937,46.265,-0.366,91.614,167.014,51.207,123.036
-0.626,-0.104,-0.876,43.701,-17.334,93.079,167.64,50.817,116.554
-0.446,0.069,-0.794,31.555,8.118,119.873,167.19,49.444,108.583
-0.356,0.021,-0.787,39.917,-1.343,99.06,167.075,47.78,100.701
-0.378,0.063,-0.801,34.485,-16.724,85.815,167.393,46.934,93.933
-0.47,0.015,-0.843,35.889,-9.888,74.89,167.855,46.725,87.649
-0.418,0.043,-0.92,24.902,1.709,73.059,168.365,45.928,82.046
-0.438,0.136,-1.058,12.207,-5.798,76.294,168.338,44.978,76.525
-0.328,0.226,-0.939,17.883,1.648,69.153,167.926,44.33,71.06
-0.211,0.212,-0.825,20.325,-0.061,64.148,168.096,43.341,66.467
-0.304,0.286,-0.855,18.066,-20.142,81.604,167.855,43.017,61.381
-0.449,0.359,-0.942,26.794,0.122,91.797,167.498,42.495,55.541
-0.2,0.317,-0.917,38.452,9.277,83.496,167.953,40.946,50.103
-0.165,0.301,-0.909,37.415,-10.376,81.787,168.602,40.177,45.033
-0.159,0.309,-0.878,41.748,-26.001,75.256,169.299,40.161,40.067
-0.265,0.236,-0.856,37.476,-32.104,67.261,170.063,40.847,35.541
-0.292,0.246,-0.844,27.1,-30.945,74.707,170.31,41.6,30.778
-0.374,0.32,-0.917,17.029,-30.884,84.167,169.865,42.215,25.422
-0.43,0.33,-0.993,30.762,-20.081,76.965,169.453,42.61,19.77
-0.449,0.19,-1.065,27.954,-19.897,80.139,169.64,42.704,14.496
-0.355,0.14,-0.942,31.433,-5.31,86.487,169.552,42.55,8.789
-0.167,0.023,-0.782,36.682,-24.963,71.655,170.167,42.193,3.757
-0.55,0.138,-0.843,39.49,-55.237,82.581,170.552,43.709,-1.478
-0.625,-0.04,-0.89,59.387,7.324,84.045,171.793,44.291,-6.954
-0.335,-0.1,-0.844,42.48,21.057,83.191,173.227,42.874,-11.931
-0.237,-0.03,-0.881,23.132,6.287,78.125,173.875,41.693,-16.622
-0.317,-0.017,-0.881,20.142,-8.606,52.307,174.243,41.517,-20.385
-0.341,-0.014,-0.858,14.832,-14.343,38.269,174.655,41.863,-23.06
-0.416,-0.046,-0.855,12.634,-16.113,25.94,175.078,42.583,-25.131
-0.396,-0.09,-0.883,10.742,-6.165,11.963,175.633,43.121,-26.455
-0.268,-0.105,-0.879,1.892,2.197,6.47,176.111,43.193,-27.136
-0.357,-0.041,-0.992,-12.024,-14.099,4.822,176.045,43.478,-27.592
-0.383,0.089,-1.052,-21.79,-0.061,0.244,175.413,43.907,-27.872
-0.233,0.218,-1.023,-19.165,2.563,-0.732,174.523,43.709,-28.136
-0.127,0.211,-0.833,-21.362,-15.503,-13.245,173.886,43.962,-27.894
-0.357,0.319,-0.841,-24.719,-31.677,-1.343,172.694,45.143,-28.043
-0.511,0.378,-0.916,-11.047,6.714,-8.789,171.628,45.857,-28.515
-0.267,0.283,-0.918,8.728,30.579,-21.057,171.848,44.89,-28.174
-0.151,0.18,-0.952,11.23,12.451,-15.503,172.645,43.929,-27.581
-0.182,0.17,-0.88,7.202,-5.249,-5.676,173.128,43.742,-27.4
-0.283,0.193,-0.84,3.479,-18.677,0.977,173.26,44.236,-27.653
-0.341,0.223,-0.779,3.601,-11.169,7.324,173.139,44.907,-28.405
-0.319,0.227,-0.842,4.7,-0.61,5.005,173.09,44.978,-29.191
-0.298,0.261,-0.892,8.911,8.85,11.963,173.09,44.687,-30.146
-0.134,0.239,-0.845,14.526,2.625,17.029,173.315,44.132,-31.322
-0.229,0.255,-0.842,15.869,-29.358,23.987,173.436,44.637,-32.932
-0.279,0.229,-0.771,20.874,-26.672,20.02,173.633,45.802,-34.728
-0.145,0.191,-0.627,20.813,-42.175,18.494,173.941,47.137,-36.431
-0.364,0.153,-0.686,18.372,-64.026,12.756,174.122,49.697,-38.084
-0.768,0.165,-0.999,10.681,-51.025,10.498,174.172,52.328,-39.534
-0.796,0.116,-1.091,14.709,-19.409,-1.038,174.386,53.987,-40.562
-0.562,-0.14,-1.09,21.179,-22.522,-42.358,176.116,54.679,-39.551
-0.927,-0.095,-1.094,0.916,-21.118,-27.771,177.55,56.656,-37.793
-0.466,-0.146,-0.88,6.775,42.603,-19.47,178.792,55.822,-36.436
-0.207,-0.063,-0.827,-11.841,1.709,6.287,179.149,54.63,-35.876
-0.445,0.069,-0.748,-1.892,-34.18,11.047,178.506,55.574,-36.486
-0.642,0.016,-0.799,5.615,-14.648,2.869,178.605,56.755,-36.865
-0.61,-0.03,-0.839,19.409,1.16,-10.498,179.302,57.101,-36.859
-0.537,-0.165,-0.842,10.803,22.156,-10.803,-179.231,56.508,-36.074
-0.374,-0.125,-0.8,-2.258,19.226,0.122,-178.781,55.475,-35.782
-0.341,-0.13,-0.783,-12.39,0.305,-13.55,-178.682,54.954,-35.162
-0.439,-0.083,-0.71,-21.545,-13.611,-30.701,-178.676,55.481,-33.585
-0.476,-0.126,-0.672,-26.672,-13.245,-46.936,-178.341,56.08,-31.003
-0.463,-0.072,-0.599,-37.842,-6.348,-38.452,-178.423,56.673,-28.378
-0.377,-0.008,-0.559,-34.729,-3.723,-21.24,-179.088,56.882,-26.702
-0.544,0.121,-0.77,-30.334,-18.494,2.075,179.698,57.469,-26.4
-0.641,0.218,-0.829,-10.315,-27.039,7.69,178.506,58.683,-27.197
-1.115,0.233,-1.312,-4.639,-8.118,23.315,177.632,59.513,-28.625
-0.793,0.228,-1.115,13.062,55.908,26.55,176.803,58.277,-30.894
-0.364,0.181,-1.116,2.319,60.181,10.437,176.808,54.948,-32.064
-0.217,0.13,-0.98,-1.16,7.69,-14.526,176.786,53.278,-32.151
-0.494,0.108,-0.862,-12.695,-20.081,-25.818,176.946,53.817,-31.025
-0.556,0.148,-0.815,-10.437,-1.77,-13.245,176.825,54.366,-30.064
-0.484,0.222,-0.749,-5.92,-5.737,7.935,176.314,54.481,-30.284
-0.474,0.219,-0.752,4.883,-2.747,16.418,175.748,54.635,-31.52
-0.48,0.2,-0.72,6.226,-6.897,20.02,175.303,54.827,-33.135
-0.557,0.189,-0.771,7.446,1.587,15.442,174.924,54.976,-34.722
-0.507,0.173,-0.794,8.85,19.897,5.615,174.908,54.366,-35.706
-0.337,0.142,-0.776,8.911,24.78,-0.793,175.281,53.218,-36.002
-0.279,0.132,-0.776,8.789,3.052,1.465,175.594,52.608,-36.233
-0.318,0.096,-0.736,7.874,-13.55,4.395,175.809,52.85,-36.601
-0.435,0.1,-0.742,4.333,-25.574,1.282,175.831,53.844,-37.051
-0.408,0.084,-0.737,-3.296,-22.278,-1.343,175.754,54.849,-37.222
-0.738,0.162,-0.959,-13.733,-34.546,3.723,175.051,56.321,-37.612
-0.66,0.17,-0.843,-11.841,-17.029,-12.756,174.375,57.53,-37.864
-0.519,0.063,-0.792,-14.526,-13.489,-38.086,174.479,58.343,-36.7
-0.84,0.092,-0.98,-25.391,-45.288,-41.382,174.76,60.04,-34.568
-0.942,0.102,-0.923,-11.536,-14.587,-39.307,175.073,62.188,-32.651
-0.773,0.041,-0.846,-2.686,36.072,-30.579,176.259,61.765,-30.542
-0.466,0.011,-0.72,-5.92,47.424,-13.306,177.067,59.815,-29.213
-0.352,0.037,-0.721,-16.113,20.264,-7.446,177.056,58.173,-28.581
-0.493,0.115,-0.807,-19.287,10.498,-7.019,176.418,57.634,-28.185
-0.547,0.092,-0.89,-11.292,19.409,-22.705,176.166,56.986,-27.345
-0.492,0.063,-0.922,-6.348,18.86,-29.48,176.688,56.157,-25.648
-0.406,0.018,-0.78,-1.343,10.254,-16.724,177.275,55.64,-24.269
-0.49,0.042,-0.784,-3.601,-0.61,7.263,177.314,55.415,-24.033
-0.545,0.059,-0.821,2.563,11.719,13.489,176.984,55.124,-24.78
-0.422,0.015,-0.812,3.113,19.043,0.244,177.094,54.207,-25.032
-0.32,-0.029,-0.732,-0.793,3.906,-13.428,177.473,53.696,-24.439
-0.386,-0.045,-0.675,-9.155,-18.005,-16.541,177.803,54.234,-23.318
-0.438,0.039,-0.652,-8.667,-19.165,-2.502,177.66,55.212,-22.72
-0.439,0.049,-0.64,0.366,-16.541,15.503,177.33,56.069,-23.22
-0.581,0.095,-0.784,0.427,-16.785,21.851,176.808,56.788,-24.379
-0.677,0.1,-0.924,6.775,-6.653,18.433,176.353,57.327,-25.724
-0.58,0.173,-0.91,2.625,20.203,4.7,176.166,57.09,-26.548
-0.687,0.223,-1.06,11.902,12.512,3.479,176.556,56.107,-26.537
-0.63,0.141,-1.149,18.005,47.852,18.616,176.951,54.816,-27.219
-0.271,0.16,-1.005,9.033,42.969,24.048,177.072,52.169,-28.191
-0.333,0.201,-0.962,14.954,6.531,22.278,176.962,50.806,-29.257
-0.467,0.134,-0.969,19.409,0.183,17.822,177.253,50.548,-30.185
-0.422,0.097,-0.836,14.404,-3.479,20.325,177.534,50.477,-31.075
-0.419,0.109,-0.755,11.108,-10.986,26.245,177.424,50.729,-32.366
-0.485,0.135,-0.714,11.536,-5.127,26.978,177.177,51.125,-33.876
-0.29,0.114,-0.625,13.184,3.296,29.48,177.012,50.905,-35.447
-0.342,0.13,-0.645,11.536,-14.16,28.625,176.715,51.24,-37.139
-0.283,0.104,-0.651,11.414,-5.005,22.522,176.556,51.498,-38.535
-0.235,0.103,-0.695,7.446,-21.179,14.16,176.375,52.02,-39.507
-0.611,0.107,-0.902,1.709,-45.166,3.418,176.221,53.74,-39.902
-0.576,0.056,-0.879,-1.77,-18.677,-23.865,176.375,55.421,-39.331
-0.909,0.065,-1.159,-16.846,-22.339,-27.222,176.814,56.354,-37.502
-0.863,0.139,-1.202,6.592,38.208,-20.691,176.99,56.541,-36.2
-0.344,-0.032,-1.016,9.827,49.805,-13.367,178.33,53.833,-34.678
-0.308,0.08,-0.941,4.639,-2.014,16.479,178.522,52.828,-34.53
-0.434,0.064,-0.851,13.672,-0.061,18.311,178.544,52.85,-35.239
-0.401,0.062,-0.787,19.653,1.221,14.282,178.907,52.63,-35.87
-0.38,-0.007,-0.77,20.508,-5.31,3.174,179.703,52.625,-36.074
-0.492,-0.015,-0.808,20.264,-5.615,-1.343,-179.297,52.883,-35.788
-0.47,-0.083,-0.835,19.775,1.831,0.854,-178.259,52.883,-35.524
-0.417,-0.133,-0.821,17.456,4.639,-2.136,-177.209,52.668,-35.14
-0.499,-0.141,-0.874,9.888,11.23,0.427,-176.424,52.366,-34.706
-0.394,-0.138,-0.886,3.235,22.949,4.15,-176.056,51.394,-34.492
-0.301,-0.121,-0.886,-4.15,12.512,3.479,-176.056,50.526,-34.31
-0.322,-0.09,-0.87,-8.423,-5.676,-1.526,-176.221,50.378,-33.827
-0.383,-0.077,-0.821,-11.658,-13.672,-3.357,-176.473,50.867,-33.173
-0.424,-0.092,-0.785,-10.803,-13.367,-16.541,-176.644,51.559,-32.245
-0.361,-0.133,-0.708,-14.832,-14.526,-24.414,-176.501,52.075,-30.646
-0.382,-0.12,-0.627,-23.621,-23.743,-21.973,-176.611,53.064,-28.932
-0.286,-0.107,-0.534,-30.579,-30.212,-16.602,-177.138,54.25,-27.471
-0.507,-0.017,-0.688,-34.912,-46.021,-7.08,-178.209,56.255,-26.472
-0.72,0.019,-0.868,-27.161,-37.17,-2.38,-179.379,58.321,-26.065
-0.774,0.238,-0.994,-39.49,-9.094,30.151,178.627,59.634,-26.823
-0.866,0.446,-1.101,-15.625,-12.146,44.617,175.66,59.722,-29.504
-0.712,0.498,-1.046,-4.944,15.625,52.734,173.419,59.414,-32.657
-0.508,0.453,-0.986,30.151,8.179,33.63,172.419,58.255,-35.59
-0.618,0.179,-0.883,29.602,-15.808,18.86,173.09,58.48,-37.337
-0.608,0.138,-0.789,15.442,-4.517,18.25,173.183,58.76,-38.914
-0.534,0.196,-0.678,2.075,-15.503,11.78,172.848,59.112,-40.106
-0.592,0.269,-0.642,3.479,-13.794,5.249,172.37,59.903,-41.116
-0.519,0.25,-0.596,8.484,-0.183,-1.282,172.419,60.183,-41.699
-0.561,0.193,-0.642,11.963,3.662,-7.507,172.897,60.244,-41.896
-0.472,0.17,-0.604,8.484,20.569,-0.427,173.403,59.727,-42.012
-0.424,0.198,-0.728,10.193,16.235,7.446,173.551,58.815,-42.61
-0.389,0.223,-0.735,12.329,-9.827,7.141,173.655,58.497,-43.401
-0.461,0.15,-0.696,12.451,-17.212,-5.798,173.914,59.238,-44.0
-0.452,0.13,-0.672,5.371,-20.447,-15.198,174.49,60.139,-43.72
-0.662,0.093,-0.844,7.019,-22.644,-18.982,175.111,61.221,-43.099
-0.987,0.051,-1.126,5.31,-13.0,-9.705,175.88,62.216,-42.44
-0.656,0.021,-0.975,7.935,8.667,-4.089,176.325,61.99,-42.281
-0.595,-0.066,-0.98,1.343,-15.869,-11.047,177.056,62.161,-41.754
-0.587,-0.008,-0.75,-13.062,-47.058,-5.127,177.089,63.677,-41.314
-0.794,0.069,-0.677,-11.23,-51.819,-12.817,176.715,66.335,-41.006
-0.899,0.06,-0.717,-1.221,-1.709,-12.695,177.144,67.588,-40.243
-0.696,0.029,-0.677,11.047,21.057,-1.953,177.825,66.874,-39.957
-0.66,-0.038,-0.715,14.465,17.7,6.348,178.517,65.984,-40.232
-0.675,-0.056,-0.753,13.733,16.968,12.268,178.934,65.248,-40.93
-0.644,-0.047,-0.769,10.559,20.325,15.625,179.132,64.292,-41.808
-0.653,-0.032,-0.801,9.277,26.001,15.747,179.171,63.265,-42.753
-0.556,-0.013,-0.754,6.104,28.687,22.644,179.006,61.859,-43.874
-0.5,0.04,-0.737,2.014,15.442,27.649,178.418,60.65,-45.39
-0.626,0.063,-0.78,6.714,18.433,24.353,177.808,59.925,-46.967
-0.591,0.028,-0.786,7.385,40.588,37.354,177.369,58.365,-48.615
-0.521,0.057,-0.794,12.146,34.424,51.025,176.627,56.283,-51.125
-0.541,0.106,-0.825,22.034,29.114,49.805,176.111,54.679,-53.937
-0.407,0.099,-0.801,35.217,30.823,43.03,176.407,52.965,-56.453
-0.354,0.051,-0.8,40.894,20.508,23.315,177.468,51.685,-58.37
-0.228,-0.097,-0.708,34.241,11.414,-10.01,179.28,50.845,-58.733
-0.213,-0.229,-0.686,5.615,-10.071,-25.696,-179.11,50.828,-57.656
-0.322,-0.133,-0.678,-20.996,-15.686,-19.714,-178.923,51.52,-56.464
-0.225,-0.032,-0.642,-32.654,-14.709,-7.446,-179.714,52.064,-55.662
-0.476,0.235,-0.849,-38.269,-37.659,-4.822,178.698,53.416,-55.179
-0.554,0.275,-0.849,-13.733,-22.522,-19.897,177.902,54.866,-54.476
-0.807,0.275,-1.074,-1.526,-28.564,-6.47,177.77,55.964,-54.168
-0.897,0.25,-1.187,16.418,13.0,4.211,177.94,56.47,-54.75
-0.601,0.148,-1.144,25.208,60.608,4.578,178.863,54.152,-55.267
-0.288,0.007,-1.069,17.09,23.926,-4.211,179.901,51.888,-55.618
-0.434,0.0,-0.975,-1.343,-4.639,-19.226,-179.539,51.542,-55.322
-0.447,0.053,-0.879,-9.216,-2.014,-19.531,-179.385,51.696,-54.305
-0.377,0.066,-0.821,-8.057,-6.775,-11.047,-179.489,51.844,-53.608
-0.374,0.09,-0.75,-9.399,-20.874,-4.211,-179.791,52.476,-53.361
-0.35,0.114,-0.662,-7.996,-33.936,0.427,179.709,53.707,-53.503
-0.436,0.168,-0.634,-6.958,-38.33,3.54,179.094,55.519,-53.959
-0.49,0.228,-0.635,1.77,-30.884,9.766,178.418,57.151,-54.866
-0.561,0.178,-0.682,9.094,-27.893,7.263,178.083,58.601,-56.069
-0.537,0.122,-0.67,8.606,-13.428,-2.441,178.165,59.595,-56.832
-0.515,0.095,-0.69,0.671,-5.005,-7.629,178.33,60.073,-57.014
-0.625,0.103,-0.834,-4.822,-2.563,-7.69,178.292,60.276,-56.986
-0.752,0.056,-1.006,-8.911,2.197,-5.371,178.033,60.315,-57.003
-0.549,-0.043,-0.873,-10.193,11.536,-9.583,177.819,60.024,-56.904
-0.796,-0.017,-0.977,-13.184,-14.038,-18.433,177.759,60.255,-56.431
-0.856,0.002,-1.01,5.798,31.311,-40.283,178.775,60.161,-54.641
-0.358,-0.181,-0.834,14.709,78.186,-59.265,-178.462,56.92,-51.301
-0.167,-0.173,-0.803,-26.611,-5.615,-29.114,-177.259,54.921,-48.719
-0.595,-0.042,-0.827,-29.419,-47.974,-32.227,-177.715,56.591,-46.884
-0.711,-0.01,-0.902,-13.794,30.212,-37.17,-177.506,57.288,-44.659
-0.319,-0.123,-0.861,-2.441,38.513,-34.363,-176.616,55.052,-42.665
-0.259,-0.182,-0.752,-8.85,5.249,-26.55,-175.891,54.19,-40.957
-0.434,-0.062,-0.792,-16.235,-18.311,-8.606,-175.919,54.207,-39.836
-0.599,-0.039,-0.846,-4.333,-8.789,-1.709,-176.133,55.031,-39.468
-0.542,-0.067,-0.842,1.465,10.437,6.714,-176.111,54.838,-39.617
-0.501,-0.08,-0.822,2.808,12.329,16.296,-176.243,54.245,-40.419
-0.553,-0.085,-0.839,1.343,16.174,20.691,-176.545,53.663,-41.556
-0.501,-0.066,-0.835,0.916,28.564,33.569,-177.138,52.559,-43.237
-0.414,-0.03,-0.802,-0.244,22.827,42.786,-178.022,51.334,-45.511
-0.42,0.011,-0.824,-0.61,11.902,44.25,-179.011,50.609,-47.994
-0.417,0.026,-0.829,2.38,13.672,34.79,-179.786,50.065,-50.147
-0.275,-0.001,-0.787,2.38,15.137,27.1,179.769,49.224,-51.779
-0.225,0.023,-0.763,3.174,-5.066,17.273,179.467,48.994,-52.91
-0.179,-0.023,-0.693,10.193,-14.832,13.55,179.659,49.373,-53.575
-0.255,-0.007,-0.657,2.014,-41.992,34.729,179.423,50.658,-54.86
-0.561,0.08,-0.809,-7.141,-48.95,49.194,178.259,52.685,-57.189
-0.733,0.188,-0.965,1.77,-7.874,61.584,176.6,54.036,-60.403
-0.355,0.308,-1.019,5.92,11.292,86.121,174.765,52.954,-64.677
-0.713,0.43,-1.13,23.804,-33.081,84.961,172.892,53.196,-69.944
-0.573,0.284,-1.033,31.921,18.188,75.806,172.09,52.778,-74.778
-0.478,0.245,-1.032,32.166,4.883,62.134,171.799,51.504,-78.723
-0.466,0.172,-0.968,34.058,10.132,44.922,172.062,50.718,-81.777
-0.379,0.125,-0.911,23.254,5.615,41.687,172.474,49.922,-84.062
-0.335,0.154,-0.815,14.954,-6.104,40.466,172.348,49.603,-86.347
-0.292,0.208,-0.724,11.597,-13.733,38.513,171.991,49.735,-88.566
-0.386,0.238,-0.692,15.381,-21.545,35.706,171.612,50.317,-90.851
-0.367,0.208,-0.704,19.47,-4.822,26.428,171.634,50.548,-92.73
-0.244,0.171,-0.61,17.7,-3.357,16.418,171.892,50.51,-94.065
-0.239,0.146,-0.639,4.639,-14.038,3.967,172.09,50.757,-94.735
-0.375,0.175,-0.844,-3.235,-13.0,-11.78,171.958,51.432,-94.757
-0.682,0.257,-1.197,-16.418,3.052,-10.742,171.573,51.833,-94.257
-0.401,0.201,-1.078,-6.47,21.912,-29.358,171.557,51.141,-93.098
-0.458,0.167,-1.071,-10.681,-29.175,-38.33,172.018,51.367,-91.132
-0.896,0.207,-1.125,11.353,-16.724,-43.579,172.689,53.262,-89.346
-0.536,-0.001,-0.987,26.55,41.626,-47.546,175.172,52.762,-86.523
-0.177,-0.078,-0.831,14.343,25.879,-25.269,177.363,51.136,-84.144
-0.188,0.019,-0.724,4.15,-14.709,-19.592,178.264,50.872,-82.908
-0.396,0.087,-0.73,6.714,-26.367,-47.363,179.341,51.993,-80.991
-0.523,-0.024,-0.81,15.564,-10.62,-94.177,-178.22,52.954,-76.97
-0.559,-0.218,-0.929,10.376,9.949,-106.079,-174.705,52.74,-70.983
-0.568,-0.229,-0.979,8.423,12.939,-81.848,-171.903,51.795,-65.792
-0.384,-0.306,-0.828,4.944,16.968,-61.035,-169.717,50.62,-61.897
-0.443,-0.288,-0.84,-1.709,6.775,-45.593,-168.398,49.839,-58.98
-0.384,-0.276,-0.799,-12.207,22.827,-36.56,-167.723,48.774,-56.678
-0.295,-0.229,-0.77,-22.522,9.155,-34.119,-167.772,47.675,-54.75
-0.426,-0.22,-0.818,-28.381,8.972,-47.852,-168.019,47.203,-52.256
-0.296,-0.225,-0.833,-35.645,20.142,-40.588,-168.563,45.89,-49.796
-0.314,-0.129,-0.825,-34.912,-6.042,-26.306,-169.689,45.582,-47.972
-0.265,-0.161,-0.744,-31.738,-8.728,-19.043,-170.645,45.747,-46.489
-0.272,-0.109,-0.702,-29.724,-21.423,-2.441,-171.788,46.445,-45.615
-0.353,-0.131,-0.77,-30.029,-19.104,12.939,-173.073,47.488,-45.555
-0.591,-0.034,-0.901,-32.41,-19.165,22.339,-174.88,48.625,-46.291
-0.328,0.133,-0.836,-46.204,21.851,56.152,-177.451,48.658,-48.181
-0.506,0.473,-1.416,-32.043,-6.348,66.162,178.94,47.653,-51.806
-0.68,0.261,-1.257,-10.864,29.541,33.752,177.155,47.67,-54.465
-0.205,0.345,-1.119,-6.104,68.542,33.325,175.847,44.473,-56.173
-0.007,0.193,-1.078,11.353,24.902,0.61,175.754,42.242,-56.86
-0.108,0.045,-0.895,1.099,-14.404,-16.296,176.193,42.171,-56.113
-0.25,0.093,-0.868,-16.724,-29.053,3.662,175.688,43.154,-55.789
-0.351,0.213,-0.811,-21.301,-27.527,14.282,174.359,44.396,-56.426
-0.377,0.338,-0.827,-12.207,-17.883,22.644,173.04,45.181,-57.563
-0.351,0.339,-0.801,8.24,-5.859,30.09,172.326,45.439,-59.271
-0.298,0.333,-0.781,14.893,-14.343,41.016,172.013,45.527,-61.507
-0.366,0.316,-0.771,22.766,-15.381,44.922,171.793,45.95,-64.297
-0.304,0.3,-0.723,30.823,-8.911,41.504,171.936,46.126,-67.006
-0.22,0.223,-0.655,35.583,-22.034,36.499,172.491,46.428,-69.461
-0.312,0.193,-0.658,37.781,-29.968,29.358,173.177,47.538,-71.73
-0.56,0.142,-0.897,38.452,-33.203,26.001,174.128,48.856,-73.564
-0.677,0.061,-0.925,45.898,-9.338,22.095,175.303,49.977,-75.086
-0.717,-0.17,-1.332,57.312,-10.315,-1.709,177.676,50.065,-75.416
-0.833,-0.276,-1.242,38.269,25.94,3.662,-179.896,50.499,-74.921
-0.299,-0.241,-1.093,23.071,95.032,23.438,-178.445,47.12,-74.943
0.14,-0.14,-0.983,1.709,44.067,41.016,-178.27,43.66,-75.981
-0.067,-0.02,-0.855,-1.526,-33.691,29.968,-178.693,43.802,-76.948
-0.388,0.023,-0.828,1.587,-40.649,25.269,-178.962,45.714,-77.509
-0.502,-0.029,-0.815,13.367,-25.94,13.184,-178.753,47.225,-77.838
-0.513,-0.129,-0.87,16.602,2.991,-4.761,-177.869,47.675,-77.294
-0.452,-0.154,-0.904,9.338,6.714,-5.127,-176.979,47.384,-76.306
-0.446,-0.166,-0.909,7.446,8.85,-7.263,-176.309,47.203,-75.328
-0.391,-0.176,-0.846,-2.197,5.432,-3.601,-175.853,46.928,-74.279
-0.355,-0.085,-0.812,-7.08,13.855,5.92,-176.05,46.686,-73.762
-0.204,-0.052,-0.737,-11.902,10.986,7.202,-176.457,46.071,-73.46
-0.284,0.059,-0.754,-12.817,-10.925,10.803,-177.177,46.176,-73.339
-0.236,0.021,-0.737,1.648,-0.793,2.441,-177.512,46.472,-73.213
-0.23,-0.058,-0.734,-3.296,-26.855,1.587,-177.457,46.989,-72.784
-0.324,-0.088,-0.758,-10.254,-33.325,3.54,-177.781,48.505,-72.433
-0.651,-0.07,-1.107,-27.649,-47.241,13.977,-178.676,50.334,-72.312
-0.79,0.104,-0.985,-29.968,-22.888,22.766,179.269,52.498,-73.13
-0.742,0.185,-1.196,-33.447,16.663,33.936,177.259,52.218,-74.191
-0.544,0.384,-1.197,-15.747,25.696,39.734,175.029,51.158,-76.108
-0.233,0.279,-0.999,-0.488,25.269,18.433,174.232,49.499,-77.256
-0.202,0.235,-0.799,-1.648,-30.884,10.986,173.688,49.647,-77.975
-0.43,0.188,-0.661,2.563,-73.059,12.024,173.101,52.322,-79.063
-0.685,0.228,-0.602,12.634,-70.374,23.926,172.397,55.767,-80.892
-0.907,0.236,-0.733,35.767,-16.541,28.076,172.436,57.645,-82.963
-0.631,0.096,-0.758,48.401,58.105,31.982,173.743,56.118,-84.424
-0.428,0.01,-1.006,46.997,51.697,38.208,175.314,53.069,-85.99
-0.342,-0.057,-1.046,43.64,29.602,38.269,176.622,51.004,-87.825
-0.504,-0.126,-1.149,37.659,20.752,48.645,177.808,49.807,-89.72
-0.223,-0.184,-0.919,41.443,24.841,61.584,178.682,48.296,-92.357
-0.103,-0.242,-0.745,28.992,-19.47,65.796,179.467,47.73,-95.279
-0.539,-0.122,-0.728,25.146,-54.382,65.063,179.511,49.735,-98.383
-0.69,-0.128,-0.851,37.598,22.4,79.163,179.72,50.636,-101.755
-0.354,-0.215,-0.803,40.527,35.217,86.121,-179.901,48.829,-105.787
-0.24,-0.224,-0.874,26.978,16.296,82.397,-179.61,47.532,-109.704
-0.329,-0.127,-0.839,21.179,-14.221,72.144,-179.698,47.439,-113.269
-0.441,-0.137,-0.809,24.048,-17.09,58.594,-179.555,48.246,-116.169
-0.46,-0.176,-0.86,24.109,-21.423,45.959,-179.11,49.169,-118.389
-0.527,-0.174,-0.923,21.729,-24.048,38.269,-178.627,50.416,-120.157
-0.826,-0.116,-1.256,10.437,-16.418,30.151,-178.314,51.438,-121.465
-0.396,-0.075,-0.991,9.888,17.761,20.935,-178.083,51.312,-122.36
-0.143,0.069,-0.918,-16.052,9.094,43.152,-178.896,50.35,-123.799
-0.324,0.314,-0.901,-1.038,-17.273,43.274,179.379,50.691,-126.458
-0.354,0.158,-0.897,28.32,10.925,16.663,179.637,50.455,-127.941
-0.225,-0.005,-0.806,34.302,0.122,28.259,-179.357,49.856,-129.32
-0.328,-0.01,-0.78,24.292,-10.559,39.612,-178.819,49.955,-131.369
-0.401,0.031,-0.8,20.386,-5.432,42.236,-178.775,50.175,-133.737
-0.407,0.033,-0.812,15.076,-3.54,37.537,-178.868,50.235,-135.967
-0.378,0.053,-0.833,8.789,-3.174,32.288,-179.16,50.301,-137.873
-0.418,0.094,-0.883,3.418,-13.611,30.823,-179.681,50.625,-139.609
-0.522,0.125,-0.915,3.662,-25.391,27.527,179.67,51.504,-141.301
-0.594,0.133,-0.949,10.01,-23.254,25.635,179.209,52.668,-142.85
-0.734,0.129,-1.005,10.62,-16.541,40.649,178.748,53.635,-144.756
-0.557,0.104,-0.999,15.625,-9.155,48.462,178.033,53.767,-147.409
-0.389,0.027,-0.809,30.029,-10.62,38.452,177.869,54.207,-149.914
-0.57,-0.048,-0.784,39.368,-15.93,33.63,178.643,54.794,-151.859
-0.537,-0.193,-0.793,45.898,10.315,31.433,-179.973,54.778,-153.495
-0.456,-0.221,-0.773,30.09,19.653,42.542,-178.989,53.987,-155.237
-0.359,-0.16,-0.776,18.677,22.705,50.598,-178.879,52.872,-157.549
-0.341,-0.113,-0.777,17.334,12.024,44.067,-178.967,52.037,-159.846
-0.313,-0.174,-0.744,16.235,8.423,30.945,-178.687,51.482,-161.581
-0.359,-0.181,-0.76,7.568,-5.981,27.1,-178.462,51.339,-162.911
-0.506,-0.204,-0.918,9.033,-0.549,16.602,-178.226,51.564,-163.845
-0.434,-0.212,-0.914,-2.991,-0.977,27.527,-178.132,51.465,-164.63
-0.631,-0.087,-1.14,-15.076,-12.695,44.617,-179.138,51.817,-166.388
-0.593,0.109,-1.034,-11.108,4.395,50.964,179.055,52.13,-168.92
-0.19,0.146,-0.836,-8.484,31.555,54.81,177.534,50.955,-171.584
-0.266,0.325,-0.864,-9.644,-11.902,59.692,175.649,49.955,-174.814
-0.501,0.282,-0.992,16.296,-3.784,28.076,174.644,50.24,-177.556
-0.335,0.174,-0.912,24.658,16.357,10.315,175.221,49.488,-178.5
-0.253,0.056,-0.816,27.039,-4.578,8.911,176.298,49.092,-179.05
-0.425,0.061,-0.813,20.447,-15.503,25.818,176.885,49.548,179.687
-0.445,0.086,-0.766,21.301,-3.479,35.461,177.083,49.79,177.792
-0.353,0.092,-0.764,18.25,-3.784,36.194,177.188,49.691,175.803
-0.413,0.142,-0.858,15.93,-5.188,37.109,177.05,49.878,173.749
-0.384,0.159,-0.9,20.935,4.7,38.94,177.001,49.614,171.65
-0.345,0.102,-1.022,26.306,0.488,36.377,177.275,49.224,169.568
-0.444,0.021,-1.035,22.095,-11.963,36.255,177.572,49.438,167.426
-0.452,-0.065,-1.016,16.907,-17.761,28.015,177.841,49.861,165.542
-0.33,-0.119,-0.834,12.878,-11.963,24.292,178.077,50.422,164.009
-0.447,-0.049,-0.779,2.869,-37.537,31.677,177.874,51.4,162.279
-0.599,0.017,-0.818,12.817,-11.658,33.142,177.539,52.652,160.323
-0.483,0.002,-0.835,21.729,10.681,39.307,177.654,52.432,158.395
-0.408,-0.001,-0.863,26.123,20.874,39.551,177.979,51.498,156.27
-0.283,-0.057,-0.831,27.771,8.545,29.907,178.665,50.559,154.396
-0.44,-0.089,-0.842,21.362,-12.085,18.372,179.473,50.609,152.935
-0.486,-0.125,-0.802,17.151,-3.662,6.714,-179.676,50.96,152.188
-0.479,-0.163,-0.827,10.315,3.723,1.77,-178.835,50.938,151.968
-0.403,-0.153,-0.824,2.625,14.771,2.136,-178.358,50.482,151.776
-0.346,-0.121,-0.812,-5.005,4.517,4.761,-178.242,49.977,151.458
-0.375,-0.088,-0.769,-6.836,-8.789,2.075,-178.358,50.136,151.068
-0.526,-0.069,-0.804,-1.465,-1.648,-0.61,-178.374,50.603,150.881
-0.316,-0.159,-0.744,-3.54,15.015,-1.038,-178.083,49.988,150.914
-0.226,-0.076,-0.658,-15.32,-5.371,2.136,-178.445,49.927,150.617
-0.336,-0.002,-0.744,-20.874,-28.076,2.075,-179.121,50.609,150.255
-0.689,0.142,-0.959,-17.822,-33.875,8.972,179.802,52.306,149.667
-0.728,0.201,-0.956,-8.789,-9.338,6.714,178.89,53.685,149.095
-0.626,0.305,-1.001,-6.836,27.344,25.696,177.957,53.135,148.409
-0.462,0.3,-1.142,13.0,46.753,18.677,177.374,51.24,147.195
-0.212,0.221,-1.19,18.86,54.016,5.432,177.847,48.68,146.788
-0.089,0.105,-1.048,18.677,14.343,-0.916,178.616,46.67,146.585
-0.316,0.05,-0.97,3.54,-20.813,-6.958,179.094,46.857,146.486
-0.515,0.104,-0.916,-3.418,-15.076,-5.005,179.0,47.653,146.459
-0.446,0.104,-0.889,1.038,8.423,-7.019,179.006,47.653,146.613
-0.332,0.093,-0.829,-0.977,7.08,2.319,178.995,47.175,146.662
-0.29,0.146,-0.771,-4.883,-5.737,14.771,178.478,47.164,145.926
-0.357,0.173,-0.761,-4.7,-12.878,8.85,177.858,47.626,145.113
-0.392,0.208,-0.73,-5.432,-8.911,4.883,177.259,48.159,144.635
-0.45,0.233,-0.828,1.16,-0.854,-1.526,176.907,48.4,144.503
-0.396,0.206,-0.835,10.498,7.019,-1.343,177.094,48.23,144.635
-0.343,0.151,-0.826,19.714,8.545,0.061,177.643,47.9,144.602
-0.3,0.053,-0.773,20.386,-12.329,-3.113,178.555,47.906,144.641
-0.449,0.05,-0.796,13.55,-16.357,5.554,179.242,48.785,144.459
-0.384,0.047,-0.781,13.306,-6.592,11.597,179.539,49.268,143.767
-0.32,0.051,-0.787,3.357,-13.184,4.211,179.692,49.757,143.19
-0.556,0.107,-0.976,3.662,-24.963,4.578,179.632,50.735,142.767
-0.621,0.104,-1.046,9.155,-4.272,1.709,179.725,51.548,142.361
-0.444,0.0,-1.028,14.465,-0.305,-8.057,-179.583,51.482,142.465
-0.67,0.039,-1.078,10.498,-18.494,-6.958,-178.929,52.158,142.657
-0.524,-0.106,-1.021,21.912,19.531,-18.188,-177.709,52.075,143.24
-0.327,-0.154,-0.936,8.057,15.259,-9.827,-176.495,51.004,143.877
-0.386,-0.061,-0.894,4.639,1.648,0.0,-176.177,50.729,143.635
-0.342,-0.077,-0.845,7.874,10.376,0.183,-175.759,50.257,143.306
-0.385,-0.082,-0.858,9.705,8.24,1.038,-175.314,49.818,142.872
-0.33,-0.141,-0.952,8.24,15.137,-4.578,-174.65,48.972,142.657
-0.414,-0.102,-0.984,9.521,2.075,-7.385,-174.078,48.642,142.553
-0.35,-0.143,-0.883,10.803,12.085,-3.54,-173.298,48.109,142.531
-0.377,-0.108,-0.83,5.005,-0.427,3.662,-172.886,47.741,142.042
-0.413,-0.102,-0.873,6.836,16.357,2.625,-172.568,47.422,141.515
-0.33,-0.075,-0.854,4.395,7.263,-0.671,-172.321,46.703,141.026
-0.338,-0.16,-0.823,5.432,-7.935,-18.066,-171.766,46.708,141.24
-0.505,-0.21,-0.896,-1.648,-1.404,-28.748,-171.112,46.972,142.224
-0.39,-0.216,-0.864,-7.812,7.69,-34.058,-170.596,46.538,143.591
-0.35,-0.194,-0.864,-12.085,3.723,-27.1,-170.316,46.104,144.921
-0.33,-0.197,-0.861,-12.695,3.845,-18.25,-170.398,45.978,145.739
-0.209,-0.23,-0.829,-18.372,-2.625,-16.968,-170.618,45.654,146.321
-0.379,-0.147,-0.802,-27.466,-18.555,-9.766,-171.376,46.318,146.695
-0.323,-0.113,-0.726,-19.287,-16.174,-16.052,-172.073,46.928,147.09
-0.309,-0.114,-0.646,-24.658,-14.404,-16.296,-172.535,47.769,147.903
-0.119,-0.026,-0.312,-19.348,-21.118,-8.911,-173.232,48.411,148.299
-0.491,-0.008,-0.83,-9.888,-24.353,-5.31,-173.611,49.598,148.546
-0.584,0.0,-0.996,-11.169,-3.906,9.216,-174.012,50.328,148.42
-1.452,0.228,-2.587,-10.376,-8.301,28.931,-175.204,50.416,147.09
-0.823,0.069,-1.275,-10.742,24.597,24.597,-176.331,50.57,145.701
-0.31,0.181,-1.128,-13.489,39.978,24.719,-177.764,48.351,144.24
-0.22,0.166,-0.968,-7.263,3.784,-3.418,-178.676,47.307,143.525
-0.406,0.073,-0.899,-10.498,-17.456,-22.766,-178.89,47.758,144.207
-0.496,0.143,-0.844,-19.165,-1.892,-14.709,-179.379,48.345,145.173
-0.34,0.202,-0.752,-10.315,0.366,-6.165,179.89,48.318,145.596
-0.4,0.188,-0.753,0.183,-3.662,-10.559,179.61,48.494,145.975
-0.38,0.15,-0.728,5.31,2.014,-14.893,179.78,48.598,146.613
-0.416,0.106,-0.761,6.409,5.737,-18.799,-179.786,48.56,147.502
-0.431,0.102,-0.813,5.371,14.954,-22.583,-179.253,48.142,148.656
-0.301,0.121,-0.792,10.376,23.315,-20.63,-178.671,47.219,149.788
-0.206,0.062,-0.745,12.573,-0.977,-13.672,-177.863,46.752,150.65
-0.334,0.08,-0.748,17.09,-13.489,-4.395,-177.248,47.313,150.809
-0.267,0.036,-0.711,19.287,-18.616,0.0,-176.446,47.944,150.782
-0.738,-0.052,-0.936,26.611,-44.067,-1.282,-175.468,49.911,150.595
-0.664,-0.209,-0.948,18.433,21.301,-17.212,-174.139,50.493,151.122
-0.651,-0.261,-1.226,22.034,22.583,-32.776,-172.639,49.109,152.342
-0.365,-0.288,-1.274,-5.005,84.9,-7.751,-171.793,46.219,153.029
0.204,-0.098,-0.966,4.272,41.748,-0.732,-171.903,42.72,152.21
-0.071,-0.129,-0.786,4.944,-35.767,1.221,-171.568,42.402,151.595
-0.465,-0.183,-0.867,6.714,-26.489,-1.16,-171.172,44.127,151.095
-0.318,-0.223,-0.884,-4.211,12.634,-9.888,-170.892,44.143,150.859
-0.214,-0.181,-0.945,-5.676,13.733,-14.343,-170.87,43.259,150.881
-0.225,-0.186,-0.951,-2.991,4.639,-15.991,-170.722,42.61,151.051
-0.22,-0.199,-0.896,-6.104,10.62,-11.597,-170.579,42.094,151.15
-0.217,-0.16,-0.866,-10.071,2.991,-10.071,-170.706,41.501,151.068
-0.235,-0.125,-0.849,-9.827,6.47,-11.658,-170.947,41.149,151.018
-0.152,-0.124,-0.819,-7.507,2.502,-18.921,-171.03,40.71,151.293
-0.241,-0.134,-0.82,-6.47,-14.587,-18.066,-170.986,40.93,151.776
-0.26,-0.13,-0.738,-6.836,-9.705,-16.479,-170.964,41.369,152.238
-0.267,-0.159,-0.759,-11.902,-11.719,-13.672,-171.074,41.759,152.644
-0.172,-0.087,-0.697,-21.667,-17.944,-6.531,-171.722,42.38,152.814
-0.447,-0.063,-0.93,-15.076,-45.349,-9.155,-172.354,44.0,152.974
-0.505,-0.032,-0.875,-19.043,-12.024,3.601,-173.062,45.516,153.105
-0.82,0.019,-1.188,3.174,-20.081,4.761,-173.941,46.198,152.336
-0.459,0.022,-1.197,-24.414,63.416,21.545,-174.573,45.099,151.924
-0.164,0.124,-1.152,-3.357,24.109,15.381,-175.831,43.017,150.535
-0.301,0.037,-0.957,0.183,3.845,-4.944,-176.045,42.396,150.123
-0.366,-0.011,-0.906,2.136,12.146,-17.09,-175.875,42.133,150.524
-0.282,0.012,-0.848,-4.211,16.541,-13.794,-175.781,41.418,151.166
-0.259,0.024,-0.856,-0.488,16.541,-11.353,-175.787,40.638,151.611
-0.211,0.035,-0.815,0.061,18.066,-5.493,-175.781,39.836,151.837
-0.177,0.044,-0.846,1.953,11.23,-2.258,-175.798,39.1,151.793
-0.184,0.029,-0.833,2.502,8.24,1.343,-175.776,38.677,151.556
-0.192,0.063,-0.844,2.319,3.54,7.08,-175.842,38.458,151.051
-0.15,0.052,-0.81,10.559,-5.188,9.033,-175.737,38.419,150.326
-0.256,0.019,-0.805,9.033,-15.747,13.977,-175.518,39.106,149.458
-0.208,0.002,-0.792,11.658,-12.268,18.616,-175.353,39.765,148.37
-0.354,-0.033,-0.971,13.611,-28.198,28.564,-175.204,40.825,146.865
-0.544,-0.109,-1.193,18.677,-17.212,37.476,-174.968,42.039,144.844
-0.324,-0.159,-1.245,13.367,10.01,33.447,-174.699,42.094,142.723
-0.333,-0.277,-1.187,2.441,20.203,8.057,-174.122,41.913,141.636
-0.028,-0.132,-1.047,-7.507,23.926,17.029,-174.49,40.468,140.24
-0.053,-0.055,-1.006,-17.395,-11.78,8.118,-175.177,40.029,138.933
-0.235,0.028,-0.917,-6.897,-19.104,2.075,-175.842,40.721,138.076
-0.343,-0.034,-0.903,3.723,-15.32,-1.526,-175.842,41.418,137.543
-0.364,-0.091,-0.918,7.629,7.324,-6.104,-175.452,41.622,137.313
-0.194,-0.125,-0.904,8.911,13.123,-3.357,-174.902,40.935,137.12
-0.231,-0.147,-0.901,2.808,4.517,3.479,-174.54,40.556,136.555
-0.174,-0.086,-0.871,-0.61,8.301,5.005,-174.507,40.144,135.747
-0.205,-0.082,-0.897,4.7,-0.671,-2.197,-174.348,39.919,135.066
-0.186,-0.137,-0.869,7.812,4.395,-20.081,-173.749,39.71,135.209
-0.17,-0.214,-0.828,5.615,-9.949,-28.564,-172.952,39.661,135.934
-0.211,-0.207,-0.859,-7.996,-8.606,-28.442,-172.518,39.93,136.835
-0.181,-0.182,-0.82,-11.414,-16.541,-20.935,-172.485,40.331,137.477
-0.177,-0.105,-0.734,-13.184,-22.095,-14.404,-172.727,41.089,137.73
-0.157,-0.119,-0.601,-13.0,-32.593,-22.339,-172.826,42.314,138.296
-0.442,-0.062,-0.91,-13.428,-42.175,-25.024,-172.991,43.929,139.191
-0.727,-0.046,-1.172,-20.386,-0.854,-14.099,-173.156,45.154,140.493
-0.49,0.141,-1.296,-16.052,6.653,18.188,-174.205,44.72,140.411
-0.559,0.025,-1.194,-0.732,22.339,7.812,-174.71,44.61,139.949
-0.263,0.135,-1.13,0.61,30.151,12.695,-175.221,43.088,139.477
-0.25,-0.016,-1.018,5.493,13.062,-10.803,-175.133,42.16,139.521
-0.305,0.01,-0.969,1.648,3.418,-16.602,-174.919,41.754,140.389
-0.366,-0.021,-0.914,3.235,5.493,-11.78,-174.677,41.556,141.196
-0.31,-0.023,-0.896,0.977,19.165,-7.874,-174.518,41.006,141.806
-0.222,-0.025,-0.892,0.549,17.029,-6.897,-174.468,40.106,142.24
-0.244,-0.013,-0.882,-2.93,10.559,-8.179,-174.518,39.501,142.663
-0.218,0.012,-0.839,-2.075,9.399,-11.841,-174.606,39.029,143.267
-0.25,-0.017,-0.83,-1.892,-4.578,-10.071,-174.595,38.969,143.899
-0.345,-0.027,-0.859,-5.127,-0.671,-1.16,-174.787,39.194,144.289
-0.284,0.079,-0.842,-9.094,10.315,12.817,-175.419,39.007,144.064
-0.25,0.082,-0.84,5.005,1.404,6.226,-175.693,38.87,143.784
-0.229,0.042,-0.815,11.658,0.61,5.737,-175.463,38.892,143.789
-0.237,-0.014,-0.842,15.076,-5.92,11.414,-175.018,39.161,143.536
-0.163,-0.065,-0.8,16.602,-16.602,8.423,-174.457,39.672,143.168
-0.523,-0.104,-1.057,11.963,-33.264,6.165,-173.892,41.133,142.954
-0.435,-0.105,-1.056,12.634,10.01,7.69,-173.474,41.743,142.784
-0.222,-0.201,-1.065,12.451,11.536,2.075,-172.853,41.243,142.679
-0.316,-0.263,-1.138,1.404,3.54,-7.202,-172.354,40.908,142.756
-0.235,-0.066,-1.155,-10.193,24.902,6.775,-172.59,40.144,142.652
-0.017,-0.046,-0.986,9.583,6.653,14.954,-172.727,39.199,141.79
-0.194,-0.149,-0.888,13.062,-22.217,6.042,-172.216,39.578,140.988
-0.377,-0.205,-0.888,0.977,-9.155,-1.953,-171.804,40.314,140.823
-0.28,-0.125,-0.896,-7.019,13.367,-2.686,-171.936,39.979,140.768
-0.228,-0.085,-0.937,-4.517,13.55,-7.751,-172.073,39.287,140.938
-0.187,-0.089,-0.916,-0.61,16.907,-7.202,-172.062,38.491,141.224
-0.12,-0.097,-0.904,-1.709,10.193,-0.122,-172.057,37.738,141.24
-0.181,-0.109,-0.875,1.77,-2.014,-6.104,-171.996,37.601,141.213
-0.216,-0.146,-0.853,1.16,-0.732,-14.221,-171.744,37.573,141.707
-0.261,-0.16,-0.903,-1.709,0.0,-13.367,-171.524,37.562,142.383
-0.188,-0.115,-0.982,-2.014,10.925,-4.822,-171.458,37.156,142.844
-0.13,-0.121,-0.977,3.723,2.38,-1.282,-171.337,36.766,142.927
-0.127,-0.149,-0.869,6.226,-14.038,-0.549,-171.019,36.953,142.938
-0.25,-0.188,-0.822,5.493,-18.494,-2.563,-170.601,37.787,143.042
-0.202,-0.177,-0.79,2.502,-11.658,0.488,-170.305,38.408,143.157
-0.411,-0.166,-0.998,-2.808,-15.381,4.211,-170.162,39.216,143.234
-0.36,-0.127,-1.054,1.465,10.864,3.845,-170.25,39.38,143.317
-0.123,-0.139,-0.936,-4.028,7.996,12.817,-170.349,38.941,143.24
-0.296,-0.092,-1.027,-2.625,-7.08,15.259,-170.733,39.144,142.663
-0.189,-0.042,-0.952,-4.639,4.028,20.996,-171.156,39.111,142.004
-0.334,-0.045,-1.024,0.488,-4.089,19.348,-171.53,39.375,141.202
-0.25,-0.025,-1.016,-3.052,20.447,13.306,-171.914,38.897,140.724
-0.147,-0.041,-1.019,-1.77,7.263,7.69,-172.211,38.21,140.482
-0.183,-0.031,-0.979,-0.916,0.488,-0.916,-172.414,38.051,140.614
-0.267,-0.062,-0.958,2.258,-6.531,-4.639,-172.381,38.216,141.053
-0.291,-0.086,-0.942,0.793,3.052,-3.418,-172.304,38.243,141.559
-0.245,-0.101,-0.935,-0.61,2.136,-3.723,-172.299,38.051,142.042
-0.277,-0.076,-0.907,-2.319,-0.244,-3.174,-172.419,38.079,142.564
-0.267,-0.077,-0.876,-4.639,1.16,-0.366,-172.568,38.106,143.091
-0.281,-0.077,-0.879,-6.042,2.38,6.348,-172.842,38.117,143.41
-0.181,0.006,-0.855,-9.277,10.254,16.907,-173.441,37.881,143.245
-0.168,0.021,-0.844,-1.526,-9.033,16.235,-173.941,37.886,142.806
-0.247,0.032,-0.795,1.953,-16.174,17.578,-174.21,38.628,142.388
-0.273,0.004,-0.72,8.118,-26.611,17.029,-174.243,39.699,141.998
-0.38,0.018,-0.763,11.047,-14.832,15.198,-174.139,40.979,141.768
-0.28,-0.135,-0.857,21.24,-6.409,16.418,-173.573,41.424,141.669
-0.449,-0.194,-1.031,7.263,-1.526,30.396,-173.265,42.006,141.01
-0.239,-0.169,-1.055,8.606,3.723,34.729,-173.397,41.88,139.708
-0.6,-0.19,-1.23,4.395,-3.845,45.349,-173.578,42.418,138.043
-0.312,-0.152,-1.168,12.451,58.35,86.975,-174.15,40.99,134.786
-0.004,-0.127,-1.056,4.272,32.349,111.328,-174.996,38.875,129.556
-0.102,0.03,-1.007,3.113,-2.808,93.628,-176.1,38.562,124.211
-0.215,-0.017,-0.954,7.019,-7.69,59.021,-176.572,38.853,120.591
-0.269,-0.003,-0.907,1.221,-3.296,23.865,-176.951,39.122,118.575
-0.247,-0.091,-0.922,-1.77,0.427,-7.446,-176.913,39.051,118.301
-0.211,-0.083,-0.858,-12.451,2.319,-27.344,-176.99,39.062,119.24
-0.221,-0.068,-0.841,-17.639,-6.042,-47.424,-177.155,39.04,121.168
-0.28,-0.064,-0.839,-18.188,5.859,-55.359,-177.27,39.139,123.915
-0.222,-0.085,-0.809,-17.151,15.686,-48.523,-177.319,38.589,126.716
-0.141,-0.041,-0.782,-19.47,7.202,-44.434,-177.556,37.941,129.166
-0.2,-0.028,-0.811,-11.353,-0.183,-48.279,-177.638,37.919,131.666
-0.084,-0.039,-0.708,-5.981,-4.517,-47.729,-177.396,37.914,134.286
-0.235,-0.061,-0.973,-5.92,-26.917,-35.217,-177.05,38.683,136.511
-0.512,-0.016,-1.228,-4.578,-13.489,-17.395,-176.874,39.831,138.005
-0.229,0.026,-1.037,0.0,4.333,-2.625,-176.803,39.935,138.867
-0.63,0.085,-1.187,2.014,-3.296,4.761,-176.929,40.446,139.12
-0.169,0.089,-1.115,0.854,47.241,11.353,-177.083,38.677,139.263
-0.017,0.084,-1.075,-1.221,-2.258,7.69,-177.308,37.859,139.125
-0.131,0.054,-0.491,-2.136,-21.118,-6.836,-177.512,38.655,139.417
-0.351,0.067,-0.946,0.183,-10.681,-14.587,-177.44,39.287,140.422
-0.363,0.105,-0.927,-10.315,9.155,-5.92,-177.775,39.386,141.345
-0.186,0.136,-0.852,-4.211,17.578,-7.935,-178.253,38.655,142.196
-0.224,0.109,-0.844,-0.183,-2.197,-2.38,-178.401,38.337,142.965
-0.219,0.101,-0.824,1.526,15.259,5.371,-178.566,38.106,143.3
-0.11,0.114,-0.792,2.38,0.305,13.123,-178.753,37.573,143.256
-0.229,0.147,-0.779,6.47,-10.254,14.648,-178.934,37.897,142.811
-0.295,0.155,-0.78,13.428,-5.188,-0.793,-178.742,38.282,142.828
-0.181,0.1,-0.758,17.456,4.333,-8.118,-178.165,38.265,143.542
-0.117,-0.013,-0.836,16.479,-12.207,-6.714,-177.402,38.392,144.322
-0.396,-0.042,-1.081,10.742,-15.503,-0.671,-176.88,39.408,144.789
-0.277,-0.097,-0.994,20.508,12.207,-2.441,-176.149,39.446,145.135
-0.425,-0.202,-1.289,22.278,-0.183,-7.324,-175.023,38.985,145.552
-0.224,-0.258,-1.299,-0.122,49.255,-7.446,-174.337,37.711,146.113
0.149,-0.149,-1.077,-2.319,15.686,-2.991,-174.276,35.859,146.288
-0.072,-0.104,-0.885,-3.906,-41.382,5.432,-174.342,36.716,145.964
-0.371,-0.082,-0.851,-4.089,-36.865,1.465,-174.446,38.688,145.717
-0.41,-0.042,-0.876,-1.953,-8.606,-3.052,-174.507,39.622,145.898
-0.247,-0.105,-0.871,7.568,5.127,-16.846,-174.073,39.435,146.728
-0.226,-0.201,-0.82,5.737,-9.521,-22.888,-173.331,39.556,148.03
-0.355,-0.207,-0.886,-3.662,0.061,-21.484,-172.853,39.875,149.359
-0.199,-0.179,-0.818,-9.277,15.137,-19.043,-172.744,39.38,150.617
-0.213,-0.117,-0.838,-11.292,4.211,-14.648,-172.914,38.892,151.573
-0.169,-0.127,-0.793,-8.057,6.714,-15.442,-172.996,38.573,152.518
-0.126,-0.132,-0.709,-6.042,-5.005,-9.583,-173.029,38.48,153.232
-0.177,-0.117,-0.703,-6.653,-13.306,-8.484,-173.079,38.908,153.721
-0.467,-0.132,-1.017,-3.601,-9.033,-14.832,-173.046,39.474,154.44
-0.279,-0.116,-1.021,-15.869,21.423,-5.066,-173.249,39.001,155.352
-0.309,0.083,-1.28,-12.451,4.089,23.438,-174.21,38.337,154.825
-0.207,0.003,-1.179,-5.005,33.203,33.875,-174.732,37.628,153.666
-0.023,0.167,-1.156,3.357,6.653,39.917,-175.463,36.502,151.6
-0.187,-0.017,-1.092,6.775,-6.897,10.193,-175.347,36.766,150.546
-0.21,0.006,-1.018,-0.305,-10.254,-4.395,-175.386,36.996,150.584
-0.27,0.023,-0.965,-0.916,-6.592,-4.578,-175.474,37.392,150.908
-0.266,-0.016,-0.906,-0.671,-3.662,-3.296,-175.468,37.617,151.265
-0.261,0.006,-0.888,-1.343,1.404,-1.953,-175.605,37.661,151.545
-0.243,-0.01,-0.885,-3.662,11.23,0.732,-175.754,37.408,151.815
-0.144,0.02,-0.887,-5.31,12.817,6.47,-176.1,36.777,151.815
-0.141,0.048,-0.837,-4.578,-5.249,12.207,-176.495,36.601,151.474
-0.265,0.081,-0.827,1.282,-8.728,14.709,-176.841,37.002,150.853
-0.268,0.058,-0.802,3.479,-0.793,15.259,-176.957,37.315,150.331
-0.23,0.054,-0.812,10.376,-3.662,13.733,-176.94,37.408,149.782
-0.209,-0.009,-0.828,8.301,-2.625,11.902,-176.693,37.689,149.365
-0.129,-0.015,-0.821,8.484,-10.864,13.123,-176.512,38.068,148.881
-0.408,-0.037,-1.064,9.705,-33.63,13.306,-176.298,39.271,148.255
-0.543,-0.017,-1.094,7.874,-9.46,17.09,-176.149,40.43,147.645
-0.156,-0.114,-1.021,16.235,5.31,2.441,-175.611,40.287,147.42
-0.517,-0.203,-1.281,-5.981,10.681,-2.869,-175.259,40.391,147.706
0.012,-0.046,-1.123,-4.761,38.574,1.648,-175.605,38.529,147.574
-0.089,-0.046,-1.022,-5.859,-31.006,8.545,-175.792,38.578,147.222
-0.413,0.001,-0.992,2.197,-19.348,13.733,-176.056,40.012,146.371
-0.254,-0.036,-0.928,0.61,10.315,13.672,-176.001,39.886,145.811
-0.249,-0.018,-0.944,8.118,11.963,15.503,-176.006,39.419,145.014
-0.171,-0.056,-0.96,12.756,17.822,11.414,-175.638,38.6,144.338
-0.15,-0.115,-0.917,11.597,5.127,13.062,-175.139,38.013,143.608
-0.221,-0.115,-0.906,6.165,4.822,12.146,-174.792,37.787,142.817
-0.215,-0.101,-0.91,7.385,13.428,13.55,-174.573,37.343,141.965
-0.128,-0.124,-0.887,8.362,10.071,11.902,-174.227,36.705,141.158
-0.203,-0.14,-0.892,5.981,2.014,10.986,-173.897,36.464,140.334
-0.169,-0.154,-0.853,4.211,8.24,5.432,-173.611,36.205,139.691
-0.229,-0.175,-0.892,-0.549,2.136,4.395,-173.43,35.975,139.186
-0.166,-0.096,-0.879,-8.667,17.578,10.925,-173.655,35.541,138.499
-0.201,-0.039,-1.083,-2.136,3.54,4.7,-173.908,34.887,137.785
-0.187,-0.049,-1.086,-2.258,21.423,1.709,-173.947,34.486,137.576
-0.07,-0.042,-1.063,-0.732,-1.587,2.991,-173.996,33.882,137.302
-0.167,0.001,-1.075,-1.282,0.916,0.122,-174.139,34.036,137.049
-0.065,-0.028,-0.972,2.686,-10.62,-5.737,-174.051,34.118,137.181
-0.193,-0.041,-0.899,5.737,-22.156,-5.066,-173.842,34.997,137.39
-0.274,-0.117,-0.88,4.211,-12.756,0.061,-173.491,35.815,137.538
-0.228,-0.101,-0.932,2.136,1.343,6.775,-173.414,36.074,137.307
-0.228,-0.125,-0.962,-4.272,0.061,9.338,-173.48,36.134,136.851
-0.168,-0.073,-0.97,-7.141,3.174,12.817,-173.831,36.063,136.274
-0.165,-0.045,-0.97,-6.165,-1.709,13.55,-174.26,36.107,135.522
-0.151,-0.004,-0.955,-5.859,-4.7,12.695,-174.688,36.222,134.791
