-0.313,-0.037,-0.929,1.099,-0.427,1.953,-175.562,42.858,-153.204
-0.303,-0.024,-0.927,0.977,0.793,3.174,-175.578,42.841,-153.358
-0.31,-0.018,-0.931,1.953,-0.854,1.892,-175.545,42.847,-153.484
-0.324,-0.05,-0.926,1.953,-0.793,-0.244,-175.402,42.896,-153.484
-0.286,-0.031,-0.924,2.136,2.38,-1.099,-175.347,42.825,-153.506
-0.31,-0.039,-0.93,1.282,-1.709,-2.991,-175.215,42.836,-153.364
-0.309,-0.052,-0.934,1.343,1.831,-2.93,-175.078,42.797,-153.21
-0.303,-0.045,-0.934,1.892,2.075,-3.357,-174.963,42.676,-153.067
-0.305,-0.05,-0.923,2.319,0.61,0.305,-174.831,42.616,-153.023
-0.305,-0.05,-0.932,1.709,1.709,1.282,-174.727,42.556,-153.073
-0.31,-0.074,-0.928,1.892,0.0,-0.183,-174.595,42.528,-153.083
-0.299,-0.059,-0.935,0.0,4.456,1.343,-174.573,42.451,-153.111
-0.281,-0.043,-0.925,-0.854,0.0,0.244,-174.606,42.325,-153.144
-0.304,-0.043,-0.942,-0.183,0.0,-2.197,-174.6,42.347,-153.078
-0.305,-0.046,-0.935,-0.183,-1.16,-3.418,-174.551,42.352,-152.935
-0.291,-0.057,-0.922,0.0,-0.549,-5.127,-174.479,42.358,-152.715
-0.308,-0.055,-0.929,-1.16,-0.488,-5.31,-174.424,42.391,-152.452
-0.301,-0.062,-0.921,-0.366,-1.282,-6.348,-174.364,42.407,-152.15
-0.309,-0.051,-0.935,-2.991,1.282,-5.432,-174.386,42.402,-151.864
-0.283,-0.054,-0.927,-2.625,-1.16,-5.432,-174.397,42.363,-151.534
-0.311,-0.038,-0.945,-2.075,0.0,-4.089,-174.441,42.402,-151.326
-0.273,-0.034,-0.921,-0.61,-2.319,-4.333,-174.435,42.396,-151.117
-0.299,-0.056,-0.928,-0.183,-3.235,-8.362,-174.348,42.539,-150.798
-0.308,-0.056,-0.917,-3.052,-6.409,-10.254,-174.282,42.753,-150.298
-0.319,-0.05,-0.929,-3.662,-2.563,-12.817,-174.276,42.902,-149.711
-0.307,-0.047,-0.918,-6.836,-6.897,-14.16,-174.298,43.088,-148.958
-0.309,-0.042,-0.919,-6.042,-3.906,-16.663,-174.353,43.308,-148.178
-0.315,-0.036,-0.921,-5.554,-6.348,-19.47,-174.331,43.522,-147.217
-0.318,-0.043,-0.917,-6.348,-6.226,-22.461,-174.287,43.726,-146.19
-0.327,-0.052,-0.92,-7.996,-5.188,-25.574,-174.205,43.951,-144.921
-0.312,-0.053,-0.901,-10.01,-8.545,-28.809,-174.177,44.182,-143.531
-0.359,-0.037,-0.916,-12.146,-5.127,-31.921,-174.205,44.445,-141.954
-0.296,-0.043,-0.883,-14.038,-7.874,-35.583,-174.227,44.572,-140.18
-0.43,-0.039,-0.934,-11.414,-8.545,-43.579,-174.166,44.967,-138.115
-0.364,-0.088,-0.9,-12.573,1.099,-46.692,-173.881,44.962,-135.648
-0.316,-0.098,-0.86,-14.404,-3.418,-46.326,-173.721,44.901,-133.198
-0.369,-0.123,-0.861,-15.381,-5.31,-48.34,-173.54,45.038,-130.589
-0.443,-0.137,-0.958,-14.709,1.343,-52.185,-173.271,44.978,-127.787
-0.373,-0.157,-0.958,-15.015,10.803,-55.115,-172.93,44.473,-124.783
-0.312,-0.172,-0.93,-17.09,2.93,-58.411,-172.617,43.989,-121.635
-0.29,-0.15,-0.878,-20.752,-2.075,-59.875,-172.436,43.781,-118.422
-0.369,-0.125,-0.899,-20.203,-5.798,-68.848,-172.222,43.775,-114.911
-0.341,-0.159,-0.938,-20.996,8.484,-79.102,-171.843,43.352,-110.94
-0.311,-0.158,-0.994,-25.879,13.611,-82.52,-171.606,42.479,-106.727
-0.164,-0.142,-0.923,-30.396,2.808,-82.092,-171.65,41.523,-102.497
-0.267,-0.104,-0.92,-34.302,-5.188,-78.552,-171.936,41.292,-98.295
-0.281,-0.088,-0.922,-32.654,-4.578,-77.759,-172.343,41.127,-94.301
-0.277,-0.053,-0.922,-33.447,2.441,-78.796,-172.82,40.88,-90.406
-0.278,-0.049,-0.95,-33.875,-0.793,-84.229,-173.254,40.518,-86.309
-0.263,-0.021,-0.938,-31.372,-0.366,-81.604,-173.699,40.237,-82.244
-0.285,0.001,-0.892,-29.541,-7.69,-79.834,-174.111,40.232,-78.376
-0.333,0.0,-0.88,-28.259,-6.287,-77.209,-174.452,40.419,-74.636
-0.311,0.018,-0.865,-27.527,-0.366,-69.092,-174.847,40.441,-71.246
-0.342,0.026,-0.904,-23.438,-0.183,-59.082,-175.259,40.435,-68.423
-0.323,0.057,-0.93,-22.4,6.287,-48.706,-175.748,40.27,-66.154
-0.3,0.058,-0.967,-17.151,6.958,-44.312,-176.155,39.963,-64.292
-0.258,0.034,-0.933,-12.207,2.38,-40.161,-176.358,39.809,-62.562
-0.281,0.018,-0.91,-11.78,-4.944,-35.461,-176.534,39.946,-61.144
-0.352,0.042,-0.902,-11.23,-6.104,-27.893,-176.748,40.314,-59.963
-0.362,0.055,-0.936,-7.141,3.052,-21.545,-176.973,40.424,-59.233
-0.327,0.037,-0.979,-3.174,7.629,-17.7,-177.023,40.259,-58.667
-0.267,0.035,-0.959,-2.197,4.15,-12.39,-177.05,40.067,-58.387
-0.276,0.0,-0.93,-1.587,0.061,-14.343,-176.995,40.04,-58.074
-0.273,0.003,-0.946,-2.258,5.127,-12.512,-176.973,39.968,-57.75
-0.259,0.016,-0.954,-3.174,2.258,-8.362,-176.995,39.803,-57.502
-0.239,0.022,-0.93,-0.122,0.549,-3.906,-177.05,39.743,-57.535
-0.274,0.033,-0.929,2.136,-0.977,2.319,-177.045,39.787,-57.783
-0.269,0.005,-0.936,6.409,3.967,6.348,-176.94,39.738,-58.359
-0.242,0.002,-0.948,4.578,3.052,7.385,-176.83,39.567,-59.035
-0.243,-0.016,-0.963,3.052,2.625,1.587,-176.71,39.446,-59.464
-0.235,-0.009,-0.946,2.319,0.61,-1.953,-176.611,39.375,-59.65
-0.251,-0.023,-0.945,1.953,-0.305,-1.892,-176.473,39.37,-59.711
-0.237,-0.002,-0.939,2.93,1.221,3.113,-176.402,39.315,-59.98
-0.261,-0.015,-0.94,3.418,1.038,2.502,-176.276,39.304,-60.32
-0.256,-0.023,-0.942,3.723,2.258,3.174,-176.149,39.216,-60.677
-0.247,-0.027,-0.948,2.563,2.93,4.211,-176.05,39.078,-61.018
-0.21,-0.016,-0.958,1.404,4.456,4.272,-176.05,38.831,-61.436
-0.231,-0.028,-0.951,0.366,0.977,2.258,-176.039,38.732,-61.732
-0.226,-0.016,-0.947,-0.488,0.488,0.549,-176.072,38.65,-61.891
-0.232,-0.016,-0.951,0.0,2.197,0.977,-176.089,38.595,-62.018
-0.206,-0.007,-0.953,0.916,0.732,2.319,-176.122,38.48,-62.287
-0.242,-0.03,-0.952,1.221,-0.793,-2.502,-176.067,38.485,-62.402
-0.212,-0.016,-0.959,-1.099,1.16,1.099,-176.089,38.436,-62.501
-0.214,-0.021,-0.954,-2.075,-1.221,-0.854,-176.149,38.414,-62.589
-0.224,-0.014,-0.943,-1.038,-3.723,-0.977,-176.232,38.502,-62.655
-0.246,-0.017,-0.947,-2.075,-1.343,-1.709,-176.292,38.606,-62.666
-0.227,-0.005,-0.938,-1.526,-1.953,1.343,-176.396,38.655,-62.787
-0.269,-0.008,-0.936,-0.183,-2.625,2.502,-176.457,38.798,-63.018
-0.28,-0.003,-0.932,0.183,3.967,0.977,-176.501,38.738,-63.27
-0.243,-0.002,-0.95,-2.563,5.249,-2.502,-176.572,38.507,-63.364
-0.208,0.008,-0.955,-3.54,4.7,-7.812,-176.682,38.271,-63.215
-0.208,-0.017,-0.959,-0.977,-2.808,-11.292,-176.666,38.265,-62.831
-0.222,-0.034,-0.948,0.0,-1.831,-3.052,-176.6,38.359,-62.529
-0.214,-0.017,-0.958,-0.671,1.16,3.662,-176.627,38.353,-62.661
-0.211,-0.006,-0.957,0.549,-5.432,5.066,-176.682,38.414,-62.974
-0.246,0.0,-0.948,1.831,-7.385,-0.305,-176.682,38.694,-63.226
-0.288,-0.016,-0.936,-1.587,-10.437,-7.263,-176.616,39.133,-63.1
-0.292,-0.002,-0.923,-3.601,-3.418,-11.414,-176.644,39.474,-62.732
-0.3,-0.024,-0.931,-3.418,-3.967,-15.381,-176.611,39.694,-62.122
-0.261,-0.005,-0.932,-4.395,0.305,-7.446,-176.682,39.749,-61.672
-0.294,-0.011,-0.936,-2.38,0.549,-1.709,-176.765,39.82,-61.551
-0.257,-0.001,-0.936,-1.282,2.686,0.61,-176.858,39.732,-61.694
-0.269,0.003,-0.935,-0.122,2.808,1.526,-176.902,39.628,-61.875
-0.243,0.019,-0.943,-1.648,4.822,3.357,-177.017,39.452,-62.15
-0.234,0.023,-0.949,0.0,3.357,-1.953,-177.072,39.271,-62.287
-0.218,0.001,-0.937,3.662,2.319,-4.7,-176.946,39.111,-62.21
-0.25,-0.017,-0.948,1.404,2.563,-3.723,-176.792,39.012,-62.117
-0.221,-0.008,-0.958,0.61,4.15,1.404,-176.754,38.815,-62.183
-0.2,0.001,-0.947,3.296,-0.671,1.587,-176.693,38.694,-62.358
-0.252,-0.025,-0.953,2.625,1.282,-0.977,-176.561,38.732,-62.446
-0.223,-0.013,-0.947,0.549,-0.977,0.244,-176.501,38.672,-62.479
-0.25,-0.017,-0.946,0.0,-1.709,-3.845,-176.451,38.732,-62.43
-0.256,-0.013,-0.945,-0.366,0.122,-4.456,-176.413,38.776,-62.271
-0.226,-0.005,-0.938,0.732,1.16,-7.812,-176.375,38.71,-62.078
-0.242,-0.042,-0.956,-1.892,3.357,-7.629,-176.243,38.628,-61.705
-0.196,-0.018,-0.956,-1.038,-0.549,-7.629,-176.265,38.502,-61.43
-0.224,-0.032,-0.957,-2.258,-1.099,-9.644,-176.248,38.518,-61.057
-0.225,-0.022,-0.952,-7.935,-3.052,-7.996,-176.347,38.589,-60.579
-0.248,-0.012,-0.936,-4.944,-6.104,-10.559,-176.523,38.798,-60.139
-0.28,-0.004,-0.936,-4.333,-2.38,-8.057,-176.633,39.001,-59.716
-0.236,0.02,-0.938,-4.333,1.404,-2.808,-176.786,38.963,-59.535
-0.266,0.001,-0.945,-0.793,-3.906,-5.737,-176.847,39.089,-59.436
-0.264,-0.009,-0.939,-2.93,-1.892,-6.348,-176.885,39.232,-59.216
-0.276,-0.008,-0.934,-3.052,-2.014,-10.01,-176.957,39.326,-58.903
-0.286,-0.012,-0.943,-6.287,2.319,-4.944,-177.072,39.353,-58.563
-0.226,0.009,-0.94,-2.075,5.31,-2.563,-177.248,39.128,-58.524
-0.25,-0.008,-0.958,0.183,3.845,1.709,-177.259,38.979,-58.568
-0.235,-0.01,-0.948,0.122,1.587,2.625,-177.286,38.782,-58.766
-0.299,-0.011,-0.932,-4.028,1.587,3.357,-177.391,38.787,-58.958
-0.231,0.046,-0.93,-3.113,6.165,1.099,-177.676,38.562,-59.178
-0.268,0.033,-0.943,9.46,4.578,4.395,-177.545,38.386,-59.337
-0.213,-0.045,-0.962,14.587,7.812,16.846,-177.094,38.062,-60.068
-0.157,-0.076,-0.971,6.287,7.69,19.287,-176.754,37.694,-60.996
-0.175,-0.063,-0.995,0.0,-2.38,12.756,-176.721,37.562,-61.76
-0.193,-0.017,-0.993,-1.709,-0.122,9.216,-176.896,37.579,-62.238
-0.194,-0.034,-0.935,-6.409,-10.864,1.465,-177.089,37.82,-62.364
-0.294,0.0,-0.926,-9.888,-15.259,2.93,-177.49,38.507,-62.364
-0.307,0.068,-0.938,-8.606,-5.554,10.437,-178.055,38.963,-62.737
-0.281,0.055,-0.917,-0.366,-12.878,21.851,-178.429,39.413,-63.66
-0.372,0.045,-0.929,1.526,-8.728,29.541,-178.781,40.023,-65.22
-0.348,0.083,-0.903,5.127,-7.935,26.855,-179.055,40.413,-66.808
-0.41,0.044,-0.906,6.226,-8.301,22.705,-179.116,40.957,-68.225
-0.374,0.072,-0.87,3.54,-6.042,20.386,-179.269,41.358,-69.483
-0.375,0.119,-0.891,1.648,-0.122,21.301,-179.566,41.677,-70.796
-0.384,0.125,-0.908,4.089,0.0,8.972,-179.747,41.83,-71.823
-0.301,0.105,-0.899,2.197,6.348,7.812,-179.758,41.737,-72.416
-0.294,0.127,-0.904,0.549,6.042,8.85,-179.956,41.578,-73.103
-0.283,0.137,-0.942,-0.854,2.869,12.451,179.747,41.402,-73.872
-0.214,0.117,-0.914,2.136,-0.366,16.968,179.401,41.303,-74.877
-0.263,0.062,-0.916,7.629,-13.306,16.479,179.253,41.578,-76.009
-0.428,-0.042,-0.965,14.282,-14.221,4.395,179.55,42.341,-76.729
-0.237,-0.12,-0.893,3.54,1.709,10.193,179.945,42.468,-77.042
-0.454,-0.047,-0.994,-0.977,-16.724,8.911,179.819,43.061,-77.509
-0.373,-0.084,-0.95,-0.793,14.404,3.235,179.912,42.99,-77.552
-0.301,-0.025,-0.956,-5.066,2.686,6.714,179.775,42.643,-77.629
-0.243,-0.053,-0.878,-5.127,5.127,-0.671,179.67,42.473,-77.569
-0.178,-0.075,-0.835,-6.287,-7.751,-13.367,179.676,42.599,-76.893
-0.302,-0.086,-0.922,-7.141,-1.404,-22.827,179.868,42.924,-75.58
-0.227,-0.131,-0.989,-6.226,9.338,-33.02,-179.742,42.545,-73.746
-0.166,-0.034,-0.922,-25.635,-7.08,-27.771,-179.791,42.446,-71.719
-0.409,0.157,-0.944,-32.837,-16.174,-21.301,179.302,43.154,-70.17
-0.278,0.217,-0.88,-26.062,2.319,-14.587,178.187,43.38,-69.258
-0.383,0.284,-0.945,-22.217,-5.066,-13.55,177.094,43.572,-68.769
-0.377,0.239,-0.934,-10.254,6.897,-20.813,176.457,43.599,-68.209
-0.277,0.183,-0.903,-6.348,12.817,-18.005,176.243,43.281,-67.522
-0.148,0.149,-0.864,-5.005,14.771,-19.104,176.171,42.61,-66.83
-0.108,0.184,-0.804,-8.423,-0.61,-10.986,175.919,42.292,-66.286
-0.227,0.206,-0.818,-4.028,-11.475,-2.625,175.529,42.501,-66.292
-0.263,0.22,-0.866,0.427,2.502,0.793,175.221,42.627,-66.693
-0.225,0.185,-0.86,0.854,-3.662,-1.587,175.155,42.528,-66.918
-0.215,0.173,-0.807,1.282,-10.681,1.709,174.996,42.737,-67.352
-0.33,0.211,-0.835,-1.831,-18.799,4.456,174.677,43.588,-67.912
-0.299,0.215,-0.815,1.526,-13.306,6.714,174.375,44.154,-68.681
-0.358,0.213,-0.993,-0.427,-13.611,3.906,174.122,44.709,-69.351
-0.557,0.223,-1.145,-1.099,-13.55,4.578,173.754,45.472,-70.043
-0.255,0.136,-0.93,-5.188,-8.179,-1.404,173.469,45.692,-70.378
-0.575,0.145,-0.988,-6.531,-36.926,-0.061,173.134,47.076,-70.554
-0.649,0.131,-1.078,10.193,19.775,0.793,173.084,47.681,-70.917
-0.266,0.026,-0.96,8.24,19.958,-9.644,173.859,46.5,-70.466
-0.365,0.037,-0.877,0.977,-7.751,-12.207,174.359,46.445,-69.818
-0.306,0.035,-0.716,-3.967,-3.357,-8.606,174.606,46.78,-69.186
-0.396,0.076,-0.724,-5.92,-11.597,-6.836,174.523,47.307,-68.829
-0.368,0.026,-0.775,0.366,11.414,-17.761,174.787,47.433,-68.154
-0.227,-0.016,-0.735,-2.869,1.77,-21.24,175.287,47.181,-66.967
-0.341,-0.027,-0.756,-7.935,-18.494,-27.71,175.671,47.785,-65.561
-0.435,0.001,-0.794,-6.653,-1.648,-22.522,176.012,48.505,-64.05
-0.261,0.016,-0.756,-7.69,-4.395,-10.193,176.138,48.615,-63.138
-0.313,0.004,-0.764,-8.484,-24.78,-8.118,176.089,49.438,-62.589
-0.592,0.089,-0.946,-14.16,-32.532,-3.174,175.682,50.922,-62.314
-0.658,0.133,-0.937,-10.986,-27.954,-5.249,175.204,52.438,-62.287
-0.818,0.248,-1.118,-15.991,4.15,-4.517,174.688,53.168,-62.095
-0.491,0.256,-1.129,-9.216,40.344,-1.038,174.331,51.691,-61.875
-0.403,0.268,-1.145,-5.676,23.01,-4.517,174.056,50.197,-61.699
-0.458,0.229,-0.874,-6.226,19.47,-0.916,173.837,49.301,-61.589
-0.469,0.239,-0.807,-7.996,18.86,-5.31,173.496,48.406,-61.584
-0.339,0.261,-0.771,-5.371,24.536,-6.042,173.183,47.466,-61.419
-0.305,0.258,-0.784,0.0,16.724,-2.197,173.079,46.571,-61.331
-0.169,0.217,-0.697,6.287,12.268,6.348,173.068,45.862,-61.705
-0.162,0.249,-0.732,6.775,-3.845,14.16,172.974,45.511,-62.617
-0.197,0.227,-0.721,12.512,-7.69,16.907,172.881,45.665,-63.935
-0.209,0.214,-0.726,12.634,-19.226,21.24,172.875,45.934,-65.385
-0.283,0.209,-0.754,14.771,-27.893,19.592,172.793,46.824,-67.088
-0.363,0.157,-0.856,8.24,-39.49,12.024,172.782,48.246,-68.428
-0.634,0.171,-1.021,6.104,-34.973,13.794,172.441,50.092,-69.73
-0.609,0.075,-0.931,-0.61,-27.222,7.263,172.15,51.405,-70.637
-0.866,0.129,-1.087,-1.038,-17.09,-1.953,172.024,52.614,-70.834
-0.603,0.05,-1.125,9.033,43.579,2.747,172.54,51.592,-70.593
-0.195,-0.009,-1.05,0.549,26.55,8.728,172.936,49.774,-70.422
-0.315,0.089,-0.859,-8.057,-21.118,9.155,172.573,49.79,-70.681
-0.467,0.086,-0.767,2.563,-11.902,7.568,172.365,50.74,-71.005
-0.486,0.088,-0.772,7.385,-7.324,4.456,172.529,51.108,-71.274
-0.359,-0.038,-0.724,13.55,9.888,-11.108,173.315,51.114,-70.966
-0.219,-0.133,-0.671,-4.639,-6.836,-23.743,174.331,50.999,-69.609
-0.401,-0.021,-0.628,-23.56,-32.837,-25.269,174.353,52.278,-68.016
-0.544,0.072,-0.643,-17.456,-30.823,-23.865,174.122,54.091,-66.517
-0.581,0.044,-0.651,-5.005,-13.855,-18.86,174.298,55.536,-65.352
-0.455,-0.014,-0.717,-9.949,-6.958,-17.639,174.71,56.157,-64.237
-0.704,0.138,-0.912,-16.541,-21.606,-12.878,174.479,57.25,-63.397
-0.655,0.188,-0.976,-10.62,6.287,-12.634,174.26,57.805,-62.699
-0.842,0.342,-1.064,-7.629,5.127,-7.141,173.93,57.717,-62.292
-0.641,0.251,-1.115,-2.808,42.053,-8.484,174.32,56.415,-61.551
-0.333,0.324,-1.025,-5.31,27.893,3.967,174.007,54.509,-61.496
-0.43,0.281,-0.901,1.709,-0.061,-8.728,173.919,54.036,-61.474
-0.518,0.199,-0.819,2.014,-2.747,-19.836,174.238,54.185,-60.892
-0.521,0.173,-0.773,-2.808,4.211,-20.874,174.617,54.278,-59.925
-0.421,0.162,-0.703,-1.953,5.737,-15.503,174.836,54.086,-59.161
-0.376,0.172,-0.63,0.183,-1.892,-4.211,174.908,54.146,-58.848
-0.366,0.194,-0.629,0.916,-2.441,9.827,174.661,54.261,-59.348
-0.437,0.219,-0.674,7.935,10.803,16.235,174.243,54.097,-60.469
-0.294,0.194,-0.709,11.292,11.963,15.625,174.139,53.196,-61.606
-0.378,0.193,-0.729,10.071,-13.611,17.578,174.018,53.212,-62.803
-0.369,0.215,-0.76,12.024,-13.062,22.949,173.754,53.613,-64.303
-0.598,0.277,-0.999,25.513,-37.231,26.917,173.573,54.564,-66.143
-0.899,0.063,-1.061,33.691,-28.381,19.775,174.111,56.173,-67.983
-0.871,0.005,-1.092,14.954,1.282,4.883,174.902,56.437,-68.736
-0.64,0.002,-1.048,19.043,37.17,-5.188,175.891,55.629,-68.324
-0.309,-0.064,-0.881,10.864,31.494,3.662,176.885,53.778,-67.835
-0.269,0.013,-0.792,-0.854,-5.737,15.747,176.896,53.19,-68.121
-0.554,0.102,-0.781,1.465,-19.653,10.803,176.578,54.003,-68.681
-0.512,0.016,-0.776,12.39,8.789,-4.089,177.067,54.113,-68.599
-0.447,-0.044,-0.76,7.141,1.221,-12.024,177.863,53.899,-67.863
-0.548,-0.085,-0.845,3.296,8.301,-14.282,178.682,53.784,-66.758
-0.476,-0.093,-0.778,1.038,17.334,-10.559,179.275,53.223,-65.764
-0.426,-0.077,-0.681,-7.324,10.437,-4.761,179.561,52.592,-64.951
-0.461,-0.027,-0.656,-6.592,22.217,-3.906,179.517,52.086,-64.385
-0.397,-0.053,-0.68,-11.292,29.541,-4.089,179.467,50.817,-63.803
-0.465,0.042,-0.729,-15.137,37.231,-5.554,179.05,49.521,-63.259
-0.306,0.009,-0.806,-16.113,48.584,-6.714,178.649,47.494,-62.622
-0.286,0.082,-1.021,-26.672,19.47,-9.216,177.935,45.846,-61.82
-0.446,0.222,-1.216,-18.921,26.001,-1.16,176.891,45.077,-61.326
-0.228,0.194,-1.188,-16.785,16.724,0.61,176.138,43.813,-61.04
-0.519,0.321,-1.217,-5.005,12.878,8.545,175.331,43.429,-61.243
-0.103,0.208,-1.035,2.197,45.837,4.456,175.281,41.292,-61.359
-0.133,0.208,-1.017,3.54,1.831,-11.963,175.364,40.292,-60.963
-0.243,0.091,-0.957,3.845,4.944,-19.897,175.803,40.259,-59.903
-0.216,0.113,-0.87,-3.845,-5.859,-8.789,175.825,40.199,-59.156
-0.243,0.124,-0.816,-6.531,-5.249,-3.784,175.6,40.496,-58.788
-0.218,0.195,-0.742,-5.676,-11.963,5.737,175.139,40.847,-58.909
-0.186,0.188,-0.715,0.366,-5.31,12.329,174.776,41.21,-59.502
-0.118,0.211,-0.7,2.197,-23.499,17.761,174.441,41.633,-60.452
-0.283,0.178,-0.762,7.019,-31.189,21.545,174.221,43.099,-61.771
-0.291,0.202,-0.816,5.92,-27.954,25.635,173.848,44.203,-63.358
-0.47,0.242,-0.982,4.089,-34.302,32.471,173.331,45.357,-65.198
-0.511,0.156,-1.056,11.719,-33.813,17.761,173.062,46.714,-66.929
-0.833,0.183,-1.262,6.226,-35.339,10.986,173.123,48.181,-67.879
-0.594,0.061,-1.207,22.888,31.921,5.066,173.749,48.51,-68.346
-0.279,-0.032,-1.128,16.479,25.085,5.31,174.858,46.928,-68.143
-0.229,-0.0,-0.961,0.183,-7.874,20.447,175.15,46.373,-68.505
-0.374,0.1,-0.842,0.0,-19.226,21.423,174.76,47.021,-69.434
-0.443,0.099,-0.799,5.615,-16.296,16.235,174.617,47.681,-70.258
-0.41,0.031,-0.721,10.376,-7.263,7.69,174.864,48.235,-70.757
-0.416,0.011,-0.774,4.089,-8.423,1.953,175.204,48.593,-70.774
-0.409,-0.014,-0.765,5.493,6.531,-6.958,175.627,48.779,-70.406
-0.218,-0.063,-0.739,1.038,13.611,-16.663,176.27,48.296,-69.329
-0.327,-0.022,-0.777,-8.545,-12.085,-17.639,176.6,48.45,-68.011
-0.309,-0.032,-0.721,-9.46,-12.329,-20.63,176.83,49.169,-66.616
-0.281,-0.004,-0.647,-15.259,-27.222,-8.606,176.748,50.158,-65.5
-0.486,0.074,-0.765,-17.273,-39.978,-2.808,176.177,51.855,-65.045
-0.653,0.188,-0.904,-16.235,-25.818,5.493,175.353,53.558,-65.099
-0.959,0.316,-1.388,-14.343,-28.198,3.174,174.573,54.498,-65.396
-0.808,0.271,-1.309,10.925,53.406,-4.639,174.304,54.662,-65.533
-0.174,0.16,-1.133,-2.991,31.372,-4.395,174.875,51.96,-64.869
-0.371,0.215,-0.98,-10.986,-34.546,-9.094,174.545,52.196,-64.578
-0.625,0.198,-0.813,-8.057,-24.475,-15.625,174.161,53.899,-64.177
-0.454,0.176,-0.668,-13.55,-5.127,-11.292,173.908,54.492,-63.545
-0.388,0.199,-0.62,-10.193,0.305,-1.404,173.331,54.646,-63.435
-0.365,0.245,-0.597,-5.554,0.366,8.301,172.639,54.586,-63.918
-0.296,0.247,-0.604,-0.305,-3.906,20.02,171.92,54.448,-65.05
-0.48,0.31,-0.664,6.287,-23.315,30.457,170.909,55.031,-67.126
-0.436,0.255,-0.653,16.968,-8.24,27.893,170.332,55.41,-69.368
-0.411,0.218,-0.698,20.508,-15.076,20.02,170.195,55.778,-71.208
-0.571,0.148,-0.898,18.921,-23.987,8.484,170.596,56.497,-72.323
-0.773,0.15,-1.004,13.794,-23.499,16.968,170.574,57.827,-73.559
-0.931,0.128,-1.242,9.338,-11.169,10.925,170.755,58.239,-74.416
-0.768,0.121,-1.112,17.883,28.992,14.221,170.986,58.255,-75.048
-0.433,0.074,-0.984,8.362,18.494,20.813,171.486,56.508,-75.487
-0.613,0.184,-0.983,8.545,-4.761,22.217,171.161,56.31,-76.597
-0.458,0.099,-0.788,9.827,-0.122,11.902,171.337,56.102,-77.316
-0.464,0.083,-0.683,6.226,-12.756,7.141,171.486,56.354,-77.745
-0.565,0.075,-0.699,4.883,-6.775,-4.7,171.722,56.893,-77.772
-0.475,-0.023,-0.666,7.507,15.503,-20.02,172.623,56.882,-76.767
-0.401,-0.026,-0.651,-9.277,1.526,-16.418,173.414,56.552,-75.262
-0.513,0.014,-0.676,-6.409,-0.793,-23.56,173.743,56.992,-73.872
-0.458,0.017,-0.653,-11.536,-1.221,-16.846,174.21,57.112,-72.312
-0.501,0.042,-0.686,-9.949,-3.967,-9.827,174.188,57.568,-71.455
-0.478,0.097,-0.67,-9.521,-4.456,-5.371,174.018,57.947,-70.862
-0.501,0.107,-0.79,-8.301,-13.0,1.099,173.782,58.282,-70.653
-0.76,0.242,-0.948,-7.996,-26.428,3.113,173.123,59.551,-70.999
-1.03,0.337,-1.231,-8.301,-7.996,8.301,172.584,59.93,-71.34
-0.778,0.249,-1.131,7.141,33.203,0.854,172.48,59.485,-71.603
-0.416,0.263,-0.987,-4.272,21.362,7.812,172.332,57.64,-71.702
-0.504,0.211,-0.851,-3.784,-5.859,-10.864,172.167,57.349,-71.636
-0.508,0.226,-0.746,-6.042,-7.446,-7.507,172.051,57.744,-71.224
-0.434,0.208,-0.646,-0.305,1.953,-0.854,171.865,57.925,-71.197
-0.28,0.204,-0.58,1.282,10.498,9.521,171.672,57.458,-71.521
-0.239,0.228,-0.539,8.545,-0.854,18.616,171.233,56.981,-72.581
-0.181,0.188,-0.49,10.132,-14.465,24.597,170.793,56.915,-74.185
-0.493,0.257,-0.574,7.935,-47.119,31.006,169.816,57.997,-76.542
-0.746,0.234,-0.892,15.015,-12.39,27.954,168.964,59.123,-79.003
-0.785,0.212,-0.977,15.015,-15.015,25.146,168.503,59.425,-80.953
-0.968,0.177,-1.192,18.311,-5.737,15.503,168.475,59.919,-82.365
-0.891,0.13,-1.132,27.344,30.762,8.118,169.277,59.425,-82.809
-0.508,-0.007,-1.043,17.517,32.593,12.024,170.579,57.387,-82.612
-0.453,0.052,-0.923,-1.892,-8.728,21.545,170.464,56.948,-83.287
-0.562,0.178,-0.75,-4.089,-20.63,23.315,169.574,57.612,-84.479
-0.563,0.187,-0.673,9.277,-10.864,16.113,169.151,58.107,-85.573
-0.544,0.094,-0.631,15.259,0.0,3.784,169.568,58.321,-86.001
-0.462,0.035,-0.579,12.634,10.071,0.549,170.343,58.167,-85.858
-0.452,0.019,-0.629,7.263,11.047,-0.793,171.112,57.689,-85.408
-0.387,0.053,-0.565,5.31,11.658,3.723,171.508,57.382,-85.139
-0.334,0.047,-0.602,0.61,-1.221,7.446,171.826,56.937,-84.996
-0.513,0.188,-0.628,0.732,-27.771,17.883,171.304,57.777,-85.743
-0.455,0.094,-0.628,18.921,-6.958,13.0,171.359,58.502,-86.671
-0.437,0.048,-0.782,11.047,-31.006,17.7,171.628,59.244,-87.572
-0.799,0.159,-1.086,3.113,-39.246,25.757,170.98,60.919,-89.121
-1.191,0.375,-1.126,7.263,-54.016,37.109,169.481,63.045,-91.648
-1.298,0.328,-1.129,11.78,-24.475,42.603,168.25,64.523,-94.532
-1.208,0.411,-1.05,29.236,55.176,51.819,167.245,63.259,-97.317
-0.457,0.144,-0.775,39.124,84.106,41.443,168.272,58.788,-98.608
-0.203,0.047,-0.761,28.931,31.494,33.508,169.211,55.904,-99.778
-0.322,0.12,-0.669,17.273,-12.695,37.598,169.299,55.558,-101.453
-0.339,0.188,-0.599,14.526,-22.827,51.88,168.657,55.898,-104.046
-0.6,0.32,-0.76,17.822,-27.893,59.57,167.536,56.547,-107.457
-0.606,0.284,-0.986,40.894,7.324,64.697,167.146,56.041,-110.907
-0.513,0.213,-0.98,51.636,-8.972,74.036,167.201,55.234,-114.78
-0.414,0.0,-0.855,58.533,-16.174,68.726,167.997,54.849,-118.619
-0.562,0.042,-0.81,48.706,-34.546,78.125,168.453,55.289,-122.613
-0.649,0.021,-0.818,53.65,-9.399,83.801,168.717,55.514,-126.865
-0.498,0.021,-0.775,51.025,2.502,92.285,169.008,54.712,-131.094
-0.416,0.014,-0.774,48.035,1.953,93.689,169.113,53.652,-135.538
-0.391,0.002,-0.777,43.152,-11.353,85.144,169.272,52.954,-139.675
-0.429,0.009,-0.762,39.246,-20.63,75.989,169.36,52.965,-143.503
-0.568,0.013,-0.845,32.41,-27.466,65.002,169.459,53.542,-146.711
-0.649,0.046,-0.9,23.865,-17.456,58.411,169.294,54.086,-149.496
-0.628,0.073,-0.928,12.939,-14.282,40.955,169.019,54.404,-151.496
-0.685,0.155,-0.899,3.052,-14.282,25.452,168.53,55.003,-152.639
-0.369,0.135,-0.762,-0.549,12.085,18.494,168.311,54.8,-152.919
-0.25,0.2,-0.82,-5.798,0.977,19.897,167.882,54.102,-153.232
-0.553,0.305,-0.904,-2.319,-5.92,20.142,167.146,54.305,-154.045
-0.441,0.307,-0.943,7.935,26.123,26.489,166.893,53.047,-154.742
-0.328,0.251,-0.874,15.808,5.859,23.315,166.992,51.949,-155.605
-0.348,0.238,-0.772,16.418,-6.958,37.415,167.047,51.509,-157.0
-0.431,0.257,-0.738,20.691,-11.841,46.753,166.811,51.334,-159.263
-0.396,0.253,-0.729,24.719,-6.775,50.11,166.696,51.075,-161.702
-0.402,0.275,-0.776,26.978,-8.85,57.678,166.564,50.724,-164.427
-0.384,0.332,-0.894,28.564,-5.554,67.932,166.289,50.197,-167.596
-0.397,0.337,-0.968,33.142,-20.569,72.327,166.097,49.73,-171.183
-0.562,0.355,-1.001,34.973,-29.785,81.848,165.707,49.867,-175.435
-0.579,0.278,-1.02,38.635,-27.893,71.655,165.602,50.032,-179.555
-0.423,0.121,-0.878,49.377,-13.184,62.744,166.185,50.032,177.083
-0.281,-0.059,-0.713,44.006,-36.133,57.129,167.217,50.323,174.199
-0.638,0.062,-0.795,33.997,-53.772,69.702,167.272,52.114,170.574
-0.678,0.029,-0.871,47.241,3.845,76.843,167.624,52.213,167.075
-0.4,0.018,-0.827,44.739,15.564,79.895,168.256,50.817,163.916
-0.299,0.021,-0.819,38.269,-4.639,73.364,168.805,49.79,160.626
-0.351,-0.015,-0.807,32.41,-14.16,55.481,169.354,49.812,157.703
-0.439,0.031,-0.833,23.01,-22.339,44.678,169.744,50.224,155.292
-0.371,-0.085,-0.848,24.475,-4.761,15.869,170.662,50.565,154.067
-0.437,-0.008,-0.982,6.897,-8.728,3.54,171.546,50.812,153.781
-0.488,0.053,-0.98,-1.343,-3.967,-11.353,172.117,51.152,154.204
-0.254,0.106,-0.828,-18.921,0.244,-5.737,172.255,51.196,155.028
-0.479,0.342,-0.896,-27.283,-25.452,6.165,171.052,51.674,154.88
-0.579,0.366,-0.977,-3.784,12.329,-4.089,170.184,52.081,154.83
-0.378,0.279,-0.926,6.897,15.747,-12.756,170.519,51.284,155.781
-0.277,0.165,-0.837,6.165,2.075,-13.062,171.227,50.839,156.808
-0.364,0.21,-0.792,0.549,-5.371,-6.958,171.436,51.015,157.286
-0.32,0.19,-0.722,1.038,-6.531,-7.141,171.557,51.169,157.725
-0.419,0.201,-0.712,2.502,-10.315,-3.052,171.568,51.674,157.989
-0.387,0.22,-0.748,5.432,9.705,8.972,171.53,51.531,158.011
-0.224,0.182,-0.684,7.324,-0.305,17.029,171.469,50.993,157.505
-0.345,0.256,-0.712,4.211,-28.32,24.231,170.953,51.559,156.259
-0.448,0.261,-0.721,14.343,-22.4,23.987,170.497,52.509,154.704
-0.412,0.196,-0.699,13.55,-27.527,17.151,170.436,53.405,153.6
-0.667,0.231,-0.924,8.057,-37.72,16.113,170.222,54.657,152.578
-0.791,0.22,-1.018,9.338,-20.081,15.198,169.843,56.085,151.595
-0.947,0.193,-1.224,7.263,-16.052,4.272,169.942,56.739,151.359
-0.599,0.086,-1.025,16.724,35.828,-1.099,170.442,56.635,151.721
-0.447,0.08,-1.011,0.488,17.456,5.127,171.189,55.113,152.523
-0.45,0.175,-0.948,1.953,6.409,13.611,171.008,54.536,152.238
-0.425,0.197,-0.833,10.62,-0.549,12.146,171.019,54.218,151.677
-0.45,0.106,-0.767,16.602,-7.141,7.751,171.508,54.25,151.243
-0.51,0.08,-0.747,15.564,-8.911,7.446,172.057,54.602,150.908
-0.514,0.019,-0.71,16.174,-1.526,-0.977,172.809,54.855,150.963
-0.498,-0.021,-0.766,10.376,7.751,-7.324,173.793,54.723,151.655
-0.448,-0.032,-0.788,6.47,22.217,-8.484,174.622,54.086,152.512
-0.299,-0.033,-0.738,-1.526,12.329,-9.644,175.248,53.245,153.435
-0.417,0.01,-0.716,-7.08,-10.559,-11.108,175.474,53.448,154.061
-0.522,0.049,-0.724,-6.165,1.343,-11.353,175.605,53.817,154.858
-0.364,-0.001,-0.677,-8.972,4.517,-5.31,175.704,53.646,155.665
-0.327,0.052,-0.647,-17.212,-9.583,0.977,175.155,53.877,155.907
-0.562,0.152,-0.818,-13.123,-18.86,-3.357,174.452,54.651,156.033
-0.814,0.227,-1.012,-5.981,-5.493,-5.859,174.1,55.541,156.489
-0.604,0.241,-1.184,-14.16,13.977,6.531,173.853,54.926,157.0
-0.769,0.368,-1.198,0.183,14.954,-2.014,173.062,54.838,156.923
-0.397,0.244,-1.04,2.502,36.438,-11.719,173.535,53.146,157.967
-0.356,0.185,-0.977,3.723,-0.366,-21.729,174.023,52.427,159.071
-0.566,0.163,-0.915,-6.042,-2.747,-19.409,174.452,52.789,160.329
-0.401,0.188,-0.813,-7.263,12.329,-11.658,174.37,52.427,161.263
-0.354,0.189,-0.729,-5.981,0.977,-14.099,174.271,52.196,162.125
-0.334,0.202,-0.683,-1.526,-0.183,-7.69,174.199,52.207,162.762
-0.293,0.182,-0.621,4.028,-4.272,0.854,174.166,52.289,162.911
-0.327,0.194,-0.631,4.761,-17.456,10.925,173.985,52.69,162.438
-0.471,0.238,-0.683,8.301,-21.24,22.339,173.502,53.602,161.263
-0.354,0.231,-0.624,15.991,-17.517,27.893,173.101,54.179,159.719
-0.45,0.202,-0.706,20.508,-39.246,26.978,172.842,55.355,157.95
-0.911,0.166,-0.936,24.841,-39.673,24.414,172.705,57.371,156.198
-0.655,0.025,-0.854,18.921,-5.188,13.428,173.04,58.134,155.336
-0.944,0.062,-1.056,9.033,-11.169,9.033,173.282,58.447,154.984
-0.714,-0.03,-1.129,10.742,39.062,-1.099,173.941,57.706,155.325
-0.341,-0.053,-0.976,-3.845,21.301,7.141,174.446,56.08,155.814
-0.38,0.102,-0.759,-15.808,-24.475,19.287,173.644,56.019,155.006
-0.596,0.181,-0.698,-3.54,-24.536,15.442,172.557,57.228,153.699
-0.588,0.124,-0.673,4.333,-11.23,6.714,172.26,57.98,153.1
-0.517,0.048,-0.677,6.897,4.517,-0.854,172.513,58.173,153.188
-0.557,0.024,-0.726,0.0,3.906,-8.85,173.029,58.068,153.869
-0.386,-0.013,-0.648,2.991,24.292,-19.653,173.76,57.579,155.165
-0.37,-0.056,-0.705,-11.108,-2.38,-20.996,174.54,57.052,156.742
-0.44,-0.007,-0.643,-11.475,-5.554,-24.353,174.792,57.739,158.088
-0.409,0.014,-0.566,-15.381,-14.648,-19.775,175.045,58.25,159.5
-0.482,0.078,-0.585,-17.334,-16.846,-2.991,174.716,59.167,160.219
-0.768,0.237,-0.871,-11.841,-12.085,11.902,173.793,59.919,160.005
-0.652,0.255,-0.926,5.432,11.536,15.076,173.216,59.771,159.461
-1.004,0.393,-1.226,7.996,8.484,19.531,172.886,59.062,158.676
-0.466,0.163,-1.125,14.16,43.152,0.366,173.562,57.228,158.67
-0.512,0.149,-1.059,-1.099,-6.775,-12.329,173.941,56.459,159.099
-0.592,0.141,-0.865,-9.338,-1.038,-24.414,174.238,56.86,160.186
-0.502,0.156,-0.729,-8.911,-3.906,-18.677,174.364,56.975,161.444
-0.486,0.151,-0.669,-7.141,1.526,-10.742,174.375,57.228,162.372
-0.354,0.187,-0.578,-5.249,-0.977,2.319,174.106,57.123,162.735
-0.365,0.209,-0.558,5.249,-3.418,12.085,173.639,57.305,162.285
-0.268,0.206,-0.542,9.277,-5.371,19.165,173.304,57.233,161.362
-0.481,0.241,-0.668,19.348,-13.367,17.334,173.029,57.59,160.076
-0.407,0.167,-0.69,20.142,-7.874,14.709,173.287,57.81,159.109
-0.595,0.172,-0.906,15.686,-24.841,17.7,173.271,58.475,157.868
-0.844,0.052,-1.025,17.212,-17.944,5.981,173.419,59.678,156.978
-0.747,-0.014,-0.973,6.531,-11.902,-5.31,173.897,60.298,157.088
-0.98,-0.011,-1.032,10.071,-3.174,-17.029,174.771,61.177,157.994
-0.69,-0.084,-0.981,5.066,44.312,1.953,175.809,59.788,159.011
-0.336,-0.008,-0.907,-9.644,26.611,26.794,175.331,57.914,158.297
-0.354,0.109,-0.779,-14.038,-12.451,19.653,174.133,57.557,156.835
-0.499,0.144,-0.67,-6.409,-15.991,8.484,173.227,58.266,155.764
-0.553,0.1,-0.693,-0.854,-9.338,0.427,172.947,58.777,155.369
-0.631,0.061,-0.74,1.709,1.404,-7.019,173.172,59.062,155.616
-0.541,0.031,-0.762,2.563,14.832,-12.512,173.721,58.738,156.412
-0.489,-0.011,-0.741,-1.16,1.282,-20.203,174.501,58.436,157.604
-0.461,-0.033,-0.635,-7.08,-5.188,-20.569,175.161,58.804,158.89
-0.464,-0.016,-0.568,-13.672,-9.277,-14.526,175.457,59.249,159.999
-0.471,0.057,-0.568,-15.076,-5.188,-0.244,175.166,59.777,160.565
-0.474,0.106,-0.643,-8.057,-6.104,12.329,174.457,59.963,160.274
-0.757,0.177,-0.889,-4.7,-14.221,15.564,173.666,60.595,159.417
-0.601,0.209,-0.913,-1.587,8.179,24.841,172.826,60.513,158.34
-0.99,0.386,-1.142,2.808,-3.845,31.006,171.606,60.315,156.522
-0.521,0.255,-1.013,13.367,54.321,17.212,171.573,58.502,155.638
-0.381,0.21,-0.975,5.493,2.563,0.305,171.821,57.052,155.385
-0.604,0.157,-0.92,-3.052,-6.409,-18.372,172.128,57.409,155.797
-0.622,0.166,-0.842,-11.047,2.136,-21.057,172.326,57.623,156.857
-0.493,0.193,-0.754,-15.32,10.254,-8.606,172.068,57.31,157.687
-0.396,0.234,-0.652,-15.503,-3.906,4.761,171.282,57.173,157.698
-0.374,0.279,-0.578,-7.385,-5.493,15.076,170.173,57.338,156.907
-0.346,0.267,-0.56,1.648,-9.46,15.747,169.305,57.437,155.792
-0.475,0.22,-0.634,0.549,-10.742,10.864,168.673,57.75,154.737
-0.384,0.274,-0.62,-4.089,-7.69,13.062,167.91,57.947,153.885
-0.512,0.313,-0.678,-2.014,-23.743,9.766,167.02,58.519,152.853
-0.77,0.34,-0.878,6.531,-13.794,7.996,166.459,59.277,152.007
-0.875,0.27,-1.03,13.184,-5.981,6.958,166.498,59.617,151.43
-0.736,0.156,-1.068,15.625,8.484,-2.747,167.151,59.37,151.397
-0.767,0.123,-1.012,12.329,-0.488,-10.498,168.107,59.689,151.891
-0.573,0.043,-0.877,16.418,30.334,-7.385,169.508,58.903,152.792
-0.369,0.034,-0.795,1.892,17.09,12.817,170.123,57.656,152.831
-0.429,0.168,-0.747,-0.854,-2.991,22.461,169.585,57.277,151.507
-0.493,0.207,-0.72,10.254,-8.484,18.311,169.305,57.211,150.079
-0.603,0.142,-0.759,19.958,-6.104,3.662,169.783,57.568,149.26
-0.623,0.055,-0.812,18.616,11.78,-8.85,171.046,57.371,149.562
-0.482,-0.01,-0.734,10.986,15.442,-18.86,172.375,56.915,150.518
-0.411,-0.076,-0.702,-9.277,2.563,-22.644,173.397,56.536,151.831
-0.501,-0.01,-0.664,-18.127,-8.423,-30.701,173.672,57.085,153.073
-0.567,0.046,-0.656,-17.7,-4.517,-30.151,174.012,57.64,154.792
-0.411,0.028,-0.594,-10.559,17.273,-17.212,174.315,57.667,156.308
-0.508,0.1,-0.755,-17.944,1.404,-5.188,174.232,57.228,157.077
-0.851,0.255,-1.022,-10.437,11.719,0.122,173.6,57.283,157.231
-0.745,0.297,-1.183,-8.423,28.015,15.198,173.156,56.008,157.209
-0.787,0.25,-1.106,-9.155,23.865,13.245,172.397,55.151,156.605
-0.545,0.399,-1.021,-15.198,61.462,14.16,171.392,52.734,156.324
-0.37,0.336,-0.927,-1.221,62.012,-17.761,171.293,49.867,157.203
-0.203,0.203,-0.89,-1.953,55.42,-36.133,171.991,47.362,159.335
-0.141,0.19,-0.832,-8.057,25.818,-30.457,172.348,45.753,161.252
-0.259,0.245,-0.806,-0.732,9.155,-12.329,172.365,45.192,162.032
-0.182,0.226,-0.742,9.033,3.662,2.197,172.54,44.824,161.922
-0.238,0.224,-0.779,16.968,-5.981,10.315,172.864,44.747,161.12
-0.221,0.173,-0.765,20.02,-5.92,15.747,173.37,44.857,160.021
-0.28,0.19,-0.752,19.287,-22.949,27.466,173.705,45.286,158.401
-0.305,0.159,-0.701,19.958,-29.175,27.588,173.925,46.236,156.418
-0.339,0.138,-0.821,17.334,-26.367,37.109,173.996,47.351,154.308
-0.561,0.184,-1.064,19.47,-36.316,65.979,173.562,48.477,151.161
-0.418,0.107,-0.952,38.086,-17.639,84.106,173.018,49.219,146.503
-0.782,0.17,-1.066,39.429,-45.227,84.045,172.925,49.883,141.537
-0.589,0.048,-1.091,57.068,12.573,78.491,173.54,50.323,136.846
-0.307,-0.039,-0.898,51.88,-6.042,72.021,174.661,49.411,132.605
-0.439,-0.015,-0.865,32.043,-22.095,71.411,175.215,49.752,128.139
-0.467,0.094,-0.812,26.978,-15.869,65.613,175.051,50.268,123.706
-0.479,0.074,-0.813,26.611,-14.099,51.147,175.117,50.62,119.982
-0.475,0.01,-0.795,30.334,-2.808,25.757,175.726,50.883,117.422
-0.3,-0.077,-0.722,18.494,-5.432,10.62,176.688,50.894,115.983
-0.468,-0.019,-0.721,5.798,-24.536,0.0,177.171,51.861,114.901
-0.382,-0.07,-0.588,3.418,-20.996,-13.0,177.803,52.932,114.505
-0.513,-0.023,-0.56,-8.24,-27.832,-4.15,178.006,54.388,114.104
-0.457,-0.021,-0.593,-6.47,-7.69,-4.089,177.962,55.25,113.456
-0.59,0.106,-0.904,-14.343,-13.916,11.292,177.506,55.756,112.577
-0.663,0.19,-1.087,-2.136,-8.301,13.55,176.781,56.349,111.292
-0.632,0.226,-1.275,0.183,-4.15,28.809,176.298,56.283,109.869
-0.659,0.196,-1.215,28.198,7.263,19.836,175.864,56.321,107.814
-0.483,0.062,-1.11,13.794,-10.498,14.893,176.578,56.003,106.793
-0.655,0.096,-0.999,8.667,-7.324,18.25,176.407,56.492,105.282
-0.412,0.08,-0.749,0.671,-9.705,25.024,175.984,56.547,103.656
-0.432,0.178,-0.673,-3.357,-20.874,35.95,174.842,57.079,101.376
-0.389,0.221,-0.568,11.536,-15.625,45.593,173.557,57.64,98.531
-0.317,0.247,-0.553,26.55,-13.672,69.946,172.474,57.761,94.73
-0.412,0.229,-0.628,48.157,-7.08,71.533,171.843,57.53,90.214
-0.389,0.176,-0.661,47.058,-3.906,64.941,171.876,57.025,86.083
-0.424,0.072,-0.702,35.583,-4.395,40.466,172.238,56.722,82.93
-0.729,0.175,-0.903,12.634,-4.028,34.424,171.947,56.722,80.288
-0.748,0.092,-1.009,9.094,13.611,9.644,171.969,56.305,78.673
-0.97,0.255,-1.153,13.611,31.25,2.686,172.26,55.53,77.761
-0.428,-0.132,-1.044,19.958,43.579,-14.832,174.386,53.328,78.278
-0.356,0.001,-0.885,-6.592,4.395,20.203,174.551,52.344,77.267
-0.443,0.152,-0.778,-10.132,-10.498,23.682,173.589,52.421,75.234
-0.476,0.218,-0.716,-2.319,-13.916,16.235,172.793,52.833,73.394
-0.645,0.24,-0.766,9.888,-9.338,11.841,172.513,53.465,71.927
-0.534,0.113,-0.731,17.578,6.47,1.465,173.09,53.525,70.972
-0.564,0.085,-0.767,17.151,8.301,-6.042,174.012,53.377,70.461
-0.452,-0.036,-0.737,15.991,15.32,-18.738,175.314,53.004,70.483
-0.42,-0.073,-0.731,-1.892,7.08,-18.555,176.418,52.652,70.884
-0.498,-0.033,-0.718,-12.512,6.592,-24.841,176.693,52.614,71.191
-0.408,-0.022,-0.659,-28.076,1.953,-31.555,176.693,52.559,72.103
-0.509,0.123,-0.688,-32.104,3.296,-30.212,176.017,52.85,72.883
-0.385,0.13,-0.69,-24.17,7.629,-34.424,175.77,52.8,74.235
-0.522,0.135,-0.895,-16.296,-0.122,-16.296,175.463,52.916,75.13
-0.636,0.157,-1.103,-8.606,5.127,-10.376,175.281,52.916,75.515
-0.498,0.142,-1.153,-12.146,7.263,-2.441,174.974,52.575,75.657
-0.682,0.323,-1.131,-13.123,5.127,5.554,173.82,52.614,75.146
-0.441,0.297,-1.05,-18.738,25.33,-9.399,173.172,51.498,75.498
-0.319,0.229,-0.967,-17.151,22.644,-47.852,172.974,50.565,77.305
-0.237,0.136,-0.799,-31.616,7.874,-72.815,173.216,50.158,81.002
-0.33,0.185,-0.732,-46.753,-5.554,-85.754,173.029,50.718,85.468
-0.381,0.221,-0.679,-45.837,-7.019,-77.637,172.595,51.586,90.066
-0.386,0.237,-0.649,-46.753,-13.977,-67.688,172.018,52.553,94.307
-0.516,0.335,-0.681,-37.354,-16.052,-44.617,171.09,53.893,97.625
-0.47,0.3,-0.671,-19.409,-11.169,-36.255,170.475,54.772,100.217
-0.537,0.262,-0.712,-12.085,-13.977,-33.997,170.316,55.854,102.678
-0.489,0.213,-0.697,-13.062,-14.465,-29.175,170.398,56.722,105.068
-0.556,0.174,-0.68,-5.371,-9.399,-12.085,170.162,57.799,106.573
-1.016,0.256,-1.094,0.916,-11.536,10.437,169.744,58.118,106.891
-0.678,0.104,-1.028,12.268,32.349,20.691,169.547,57.513,106.518
-0.398,0.011,-0.914,19.348,9.583,9.277,170.167,56.184,106.315
-0.61,-0.029,-0.819,10.62,-21.851,5.554,170.815,56.821,105.826
-0.641,0.027,-0.749,4.822,-6.775,16.479,170.903,57.398,104.782
-0.585,0.015,-0.712,10.742,6.714,16.663,171.002,57.31,103.568
-0.492,-0.023,-0.733,13.0,11.047,13.0,171.513,56.673,102.667
-0.424,-0.062,-0.752,6.409,10.681,19.104,171.974,56.052,101.508
-0.49,-0.009,-0.737,1.648,-21.851,17.029,171.81,56.058,99.745
-0.645,-0.028,-0.898,-1.587,-20.02,8.423,171.722,57.217,98.306
-0.901,0.126,-1.064,-11.78,-29.419,6.714,171.304,58.255,97.026
-0.59,0.258,-0.939,-12.573,19.104,13.123,170.629,58.683,96.169
-0.161,0.389,-0.762,-3.906,25.757,22.034,169.854,57.123,95.455
-0.271,0.387,-0.717,21.057,-24.78,15.015,169.629,56.711,94.735
-0.541,0.398,-0.83,30.701,-26.794,49.377,169.547,57.596,93.054
-0.617,0.479,-0.821,71.35,-19.47,101.257,169.233,57.458,88.693
-0.517,0.278,-0.769,110.962,-13.977,141.724,169.678,56.613,81.81
-0.461,0.168,-0.704,121.338,-37.659,148.254,170.689,56.212,73.658
-0.596,0.136,-0.695,118.53,-45.837,142.822,171.656,56.997,64.99
-0.625,0.067,-0.681,105.408,-38.086,126.343,172.634,57.936,56.492
-0.605,0.062,-0.687,77.515,-26.428,106.628,173.057,58.64,48.631
-0.537,0.14,-0.748,58.533,-12.817,91.797,172.996,58.859,41.869
-0.594,0.206,-0.845,56.03,-13.123,90.027,172.628,58.799,35.535
-0.825,0.169,-0.969,47.668,-4.639,81.299,172.277,58.733,29.559
-0.686,0.091,-0.864,40.833,4.456,68.665,172.134,57.942,24.45
-0.52,-0.091,-0.698,40.466,1.587,48.218,172.408,57.354,20.286
-0.577,-0.075,-0.663,18.372,-19.958,53.162,172.573,57.486,16.738
-0.741,0.016,-0.732,24.414,-2.38,53.589,172.046,57.854,12.744
-0.665,0.037,-0.745,32.104,19.47,56.458,172.079,57.052,8.97
-0.549,-0.043,-0.776,34.546,33.569,59.021,172.568,55.41,5.301
-0.467,-0.031,-0.783,30.457,23.865,59.265,172.947,53.635,1.664
-0.481,-0.01,-0.763,26.367,12.268,57.861,173.216,52.493,-1.846
-0.511,0.021,-0.768,26.978,5.066,58.35,173.364,51.806,-5.411
-0.46,-0.065,-0.783,27.588,1.465,38.94,173.892,51.465,-8.366
-0.515,-0.098,-0.823,2.747,-10.315,31.433,174.144,51.586,-10.415
-0.683,0.087,-0.864,-11.047,-14.343,27.283,173.238,52.267,-12.458
-0.646,0.118,-0.872,-9.583,0.549,13.733,172.469,52.526,-13.925
-0.712,0.14,-1.014,-9.766,4.883,1.099,172.09,52.575,-14.584
-0.436,0.095,-0.971,-12.695,15.686,-7.019,171.92,52.097,-14.606
-0.34,0.192,-0.916,-17.09,11.597,-6.714,171.365,51.746,-14.425
-0.186,0.219,-0.92,-21.301,13.977,3.906,170.865,50.812,-14.095
-0.249,0.372,-0.936,-7.385,4.395,21.057,169.706,50.186,-14.815
-0.24,0.283,-0.916,5.737,1.953,21.423,169.233,49.482,-15.837
-0.222,0.229,-0.852,12.268,-5.859,14.16,169.206,49.087,-16.677
-0.333,0.218,-0.817,11.169,-13.672,21.423,169.327,49.147,-17.512
-0.422,0.195,-0.777,11.047,-8.972,28.503,169.184,49.235,-19.012
-0.484,0.224,-0.771,-1.16,1.709,25.208,168.799,49.037,-20.605
-0.46,0.335,-0.788,10.071,15.503,23.926,168.349,48.356,-22.066
-0.31,0.302,-0.783,21.301,18.005,31.677,168.613,47.203,-23.659
-0.3,0.322,-0.817,28.809,-1.831,46.204,168.948,46.478,-26.065
-0.328,0.254,-0.836,32.043,-9.766,47.058,169.426,46.28,-28.943
-0.426,0.305,-0.895,25.818,-29.114,49.133,169.612,46.774,-31.981
-0.445,0.265,-0.943,24.109,-24.475,41.87,169.634,47.642,-35.024
-0.526,0.341,-1.031,9.033,-43.579,37.964,169.222,48.845,-37.705
-0.705,0.409,-1.032,17.944,-37.17,37.048,168.409,50.598,-40.776
-0.535,0.191,-0.867,26.978,-27.344,23.499,168.673,51.713,-42.968
-0.483,-0.024,-0.863,47.485,-11.841,20.752,169.733,52.471,-44.698
-0.458,-0.159,-0.865,47.485,0.793,29.053,171.562,52.646,-46.038
-0.42,-0.126,-0.893,37.903,14.893,53.406,172.859,51.916,-48.005
-0.305,-0.135,-0.906,25.33,33.691,54.016,173.584,50.306,-50.4
-0.115,-0.033,-0.9,8.301,28.992,37.17,173.82,48.307,-52.053
-0.08,0.041,-0.86,1.831,4.333,27.283,173.87,47.076,-52.828
-0.251,0.092,-0.863,8.24,-6.104,25.33,173.853,46.873,-53.575
-0.22,0.033,-0.884,11.414,2.441,15.564,174.254,46.505,-54.086
-0.226,0.012,-0.838,7.751,1.343,1.709,174.749,46.214,-54.036
-0.154,-0.072,-0.735,-4.395,-14.587,-16.968,175.27,46.302,-53.02
-0.359,-0.012,-0.69,-19.958,-37.354,-26.672,175.193,47.873,-51.427
-0.436,0.019,-0.729,-20.569,-19.775,-24.17,174.985,49.175,-49.779
-0.455,0.083,-0.734,-16.602,-17.09,-18.616,174.611,50.361,-48.615
-0.402,0.06,-0.771,-13.245,-14.465,-17.7,174.529,51.141,-47.554
-0.569,0.142,-1.02,-9.094,-13.367,-10.925,174.348,52.009,-46.84
-0.525,0.201,-0.993,0.488,5.859,-2.136,174.221,52.394,-46.659
-0.51,0.234,-1.041,-1.526,-0.244,11.353,174.117,52.042,-46.923
-0.478,0.306,-1.148,-5.676,17.273,17.517,173.562,51.422,-47.752
-0.381,0.333,-1.08,0.671,9.521,8.545,172.98,50.554,-48.532
-0.365,0.257,-0.883,-0.305,-11.963,-7.141,172.881,50.477,-48.636
-0.548,0.271,-0.883,-0.488,-8.606,-8.362,172.809,51.108,-48.461
-0.405,0.227,-0.768,2.014,3.723,-6.348,172.881,51.147,-48.301
-0.43,0.229,-0.728,-0.671,-4.578,-3.906,172.842,51.235,-48.323
-0.413,0.237,-0.697,-0.061,12.268,-2.136,172.667,51.196,-48.51
-0.263,0.22,-0.63,-1.587,14.282,-4.456,172.579,50.543,-48.576
-0.284,0.249,-0.672,-2.38,13.916,-3.235,172.381,49.966,-48.609
-0.25,0.298,-0.777,0.732,31.067,0.549,172.139,48.779,-48.779
-0.114,0.276,-0.795,3.967,13.0,-3.784,172.156,47.565,-48.763
-0.167,0.267,-0.768,5.066,-27.283,4.15,172.046,47.862,-49.065
-0.302,0.249,-0.796,6.348,-45.105,16.113,171.612,49.482,-50.29
-0.901,0.318,-1.04,10.315,-65.308,23.804,170.87,52.086,-52.377
-0.803,0.086,-0.978,16.296,-3.357,19.104,170.75,53.465,-54.267
-0.712,0.112,-0.968,12.451,0.977,4.395,170.98,53.498,-55.025
-0.672,0.06,-1.131,16.418,58.044,0.0,172.007,51.987,-54.717
-0.088,-0.012,-0.958,8.118,46.326,2.563,173.046,49.158,-54.102
-0.178,0.062,-0.825,1.953,-14.526,4.822,173.337,48.307,-53.943
-0.475,0.109,-0.83,7.874,-21.24,9.766,173.458,49.318,-54.201
-0.447,0.066,-0.79,17.273,0.0,12.451,173.925,49.642,-54.734
-0.407,0.008,-0.794,18.005,0.488,10.681,174.688,49.471,-55.239
-0.438,-0.016,-0.833,18.005,6.775,3.784,175.512,49.384,-55.492
-0.419,-0.077,-0.903,16.235,20.691,-8.362,176.655,48.735,-55.085
-0.328,-0.073,-0.907,5.615,27.405,-5.554,177.599,47.637,-54.294
-0.188,-0.051,-0.815,-1.099,8.972,-12.512,178.121,46.708,-53.492
-0.332,-0.002,-0.722,-7.812,-15.381,-25.269,178.429,47.214,-52.141
-0.328,-0.066,-0.67,-8.057,-0.977,-38.94,178.967,47.664,-50.142
-0.36,-0.058,-0.742,-20.752,3.052,-36.194,179.231,47.736,-47.829
-0.25,-0.013,-0.775,-24.048,5.432,-29.297,178.912,47.527,-45.972
-0.232,0.01,-0.833,-29.236,-18.188,-28.503,178.418,47.878,-44.182
-0.573,0.138,-0.92,-29.907,-46.021,-25.574,177.594,49.79,-42.715
-0.831,0.289,-1.161,-21.973,-12.207,-9.827,176.748,51.295,-41.995
-0.635,0.302,-1.175,-3.174,41.199,2.014,176.166,50.46,-42.198
-0.25,0.242,-1.257,-2.197,36.926,1.404,176.045,48.241,-42.358
-0.21,0.197,-1.089,-4.15,-8.606,-7.141,175.836,47.439,-42.352
-0.444,0.205,-0.98,-5.615,-16.724,-14.16,175.583,48.252,-42.006
-0.392,0.14,-0.834,-7.202,-10.437,-16.907,175.534,48.779,-41.364
-0.409,0.186,-0.75,-10.864,-10.559,-12.634,175.221,49.384,-40.864
-0.316,0.211,-0.703,-10.254,-6.287,-9.644,174.809,49.774,-40.589
-0.341,0.238,-0.718,-5.493,-6.775,-8.545,174.386,50.175,-40.507
-0.276,0.219,-0.68,-0.061,-12.634,-10.437,174.26,50.587,-40.413
-0.41,0.247,-0.717,4.761,-26.489,0.0,174.139,51.647,-40.759
-0.391,0.185,-0.703,12.878,-20.203,3.967,174.216,52.685,-41.605
-0.336,0.147,-0.667,6.165,-43.64,11.047,174.122,54.168,-42.709
-0.492,0.173,-0.684,6.897,-48.34,17.212,173.496,56.464,-44.429
-0.739,0.195,-0.788,5.31,-48.34,20.203,172.82,58.535,-46.351
-0.842,0.172,-0.946,12.146,-10.742,21.423,172.2,59.744,-48.367
-0.824,0.076,-1.07,17.639,6.775,3.235,172.656,59.573,-49.235
-0.645,-0.03,-1.099,11.536,13.306,-4.517,173.661,59.002,-49.059
-0.651,0.058,-0.968,-3.479,-5.005,0.916,173.974,59.019,-48.9
-0.49,0.094,-0.799,-1.648,2.441,2.808,173.925,58.969,-48.983
-0.407,0.106,-0.666,0.61,-7.874,-0.122,173.947,59.03,-49.087
-0.472,0.073,-0.653,4.333,-8.423,-4.578,174.161,59.48,-49.076
-0.58,0.047,-0.718,5.432,-7.935,-10.681,174.677,59.843,-48.724
-0.719,0.01,-0.796,5.554,0.488,-11.536,175.446,60.178,-48.12
-0.638,-0.062,-0.813,6.531,23.682,-13.916,176.385,59.716,-47.34
-0.394,-0.104,-0.68,-3.479,12.451,-14.16,177.231,58.804,-46.34
-0.404,-0.041,-0.614,-7.446,-7.08,-4.883,177.49,58.881,-45.588
-0.479,-0.014,-0.64,-8.545,-8.362,7.385,177.226,59.266,-45.665
-0.619,0.033,-0.742,-5.981,4.211,10.498,176.726,59.42,-46.192
-0.291,-0.009,-0.581,-13.306,13.611,15.381,176.111,58.651,-46.813
-0.488,0.16,-0.752,-24.963,-40.649,12.329,174.683,59.326,-47.697
-0.74,0.249,-0.741,-17.029,-31.86,0.61,173.26,61.425,-48.505
-1.17,0.42,-1.088,-19.531,-22.034,1.77,172.106,62.342,-49.07
-0.876,0.333,-1.036,-7.141,43.945,4.883,171.546,61.902,-49.521
-0.559,0.374,-0.97,-7.935,39.062,12.817,170.909,59.442,-50.175
-0.474,0.285,-0.81,-2.38,20.569,-8.545,170.717,58.211,-50.378
-0.526,0.246,-0.739,0.366,14.038,-11.841,170.892,57.546,-50.059
-0.471,0.206,-0.662,-0.366,26.062,-7.629,171.2,56.783,-49.713
-0.274,0.241,-0.558,0.244,31.86,8.972,171.129,55.355,-49.916
-0.148,0.298,-0.558,6.104,20.752,17.273,170.711,53.904,-51.004
-0.235,0.268,-0.563,17.09,-8.972,15.93,170.579,53.361,-52.438
-0.389,0.233,-0.617,21.423,-17.944,24.17,170.502,53.855,-54.448
-0.575,0.255,-0.87,21.973,-15.747,32.898,170.403,54.3,-56.832
-0.841,0.262,-1.146,31.555,-0.366,40.039,170.233,54.619,-59.667
-0.75,0.102,-1.24,39.917,20.447,18.677,171.194,53.767,-61.447
-0.579,-0.076,-1.2,54.016,48.34,-6.958,173.589,52.344,-61.408
-0.169,-0.349,-1.141,28.992,49.011,2.625,176.292,49.653,-60.447
-0.038,-0.092,-0.958,-13.123,-2.808,32.471,176.188,48.483,-60.963
-0.28,0.07,-0.771,-8.972,-40.222,22.583,175.259,49.598,-61.875
-0.485,0.12,-0.738,-0.061,-31.494,15.869,174.847,51.086,-62.474
-0.571,0.076,-0.755,18.372,-8.362,5.859,175.155,51.921,-62.957
-0.497,-0.056,-0.817,14.954,12.268,-6.47,176.298,51.614,-62.589
-0.462,-0.086,-0.832,6.531,13.062,-12.268,177.166,51.185,-61.776
-0.374,-0.122,-0.811,-3.906,16.296,-13.245,177.874,50.565,-60.617
-0.333,-0.045,-0.767,-12.329,-6.531,-4.456,177.88,50.345,-59.744
-0.403,-0.014,-0.733,-10.315,-6.592,-2.197,177.599,50.845,-59.266
-0.364,-0.055,-0.67,-9.888,-15.076,-11.108,177.517,51.378,-58.618
-0.418,-0.095,-0.642,-17.517,-17.578,-10.315,177.385,52.339,-57.722
-0.5,-0.033,-0.714,-29.602,-11.536,2.93,176.6,53.102,-57.222
-0.757,0.136,-0.969,-27.466,-11.902,9.949,175.166,53.871,-57.426
-0.728,0.262,-1.256,-23.01,28.931,29.114,173.688,53.388,-58.348
-0.564,0.512,-1.271,-9.705,48.767,27.1,171.996,51.432,-59.98
-0.188,0.469,-1.146,-4.456,48.096,13.306,171.552,48.56,-60.568
-0.257,0.405,-1.008,13.0,5.249,-11.475,171.541,47.549,-60.787
-0.367,0.187,-0.867,3.479,1.343,-26.062,172.238,47.62,-59.897
-0.294,0.172,-0.76,-9.766,1.587,-17.639,172.255,47.527,-58.98
-0.352,0.258,-0.747,-14.343,-2.258,-5.92,171.617,47.697,-58.683
-0.269,0.309,-0.683,-8.24,2.625,6.226,170.848,47.565,-59.046
-0.265,0.325,-0.688,5.92,-6.714,15.198,170.25,47.499,-60.095
-0.271,0.317,-0.691,10.193,-15.259,23.56,169.926,47.747,-61.705
-0.325,0.325,-0.714,16.663,-18.616,28.32,169.574,48.301,-63.885
-0.35,0.293,-0.7,17.944,-27.222,25.085,169.464,49.048,-66.083
-0.352,0.269,-0.747,22.705,-20.203,17.273,169.514,49.922,-68.022
-0.608,0.274,-0.957,22.705,-26.794,25.452,169.728,50.889,-69.791
-0.545,0.173,-1.002,29.053,-13.916,27.771,170.107,51.394,-71.779
-0.723,0.125,-1.152,35.828,-26.123,21.545,170.958,52.103,-73.339
-0.643,-0.026,-1.102,49.622,11.414,27.161,172.507,52.421,-74.756
-0.379,-0.111,-0.965,35.828,5.188,30.579,174.073,51.614,-76.009
-0.49,-0.036,-0.884,18.616,-13.0,34.668,174.567,51.866,-77.602
-0.438,0.015,-0.797,15.991,0.977,32.41,174.776,51.844,-79.036
-0.48,0.02,-0.779,15.991,-9.155,26.794,174.957,51.971,-80.37
-0.405,-0.057,-0.703,13.916,5.249,14.587,175.419,51.971,-81.118
-0.443,-0.045,-0.748,3.845,-0.732,7.263,175.787,51.899,-81.227
-0.437,-0.055,-0.74,4.028,11.108,-4.883,176.177,51.746,-80.865
-0.45,-0.098,-0.798,-3.845,10.864,-16.541,176.863,51.295,-79.585
-0.318,-0.113,-0.691,-14.343,0.977,-18.86,177.155,51.13,-78.151
-0.319,-0.04,-0.637,-27.1,-18.616,-18.494,176.902,51.685,-76.613
-0.417,0.011,-0.646,-25.696,-19.348,-24.963,176.314,52.998,-75.157
-0.488,0.091,-0.761,-33.325,-17.7,-16.479,175.704,53.91,-73.647
-0.802,0.255,-1.099,-27.1,-15.564,-14.038,174.705,54.965,-72.762
-0.836,0.355,-1.253,-19.226,10.193,-9.033,174.073,55.146,-72.059
-0.583,0.394,-1.191,-2.197,35.095,1.648,173.551,54.064,-71.96
-0.357,0.335,-1.131,2.93,29.114,6.287,173.496,52.394,-72.202
-0.188,0.26,-0.935,2.747,3.662,2.258,173.414,51.356,-72.658
-0.347,0.194,-0.797,-4.028,-23.621,-9.521,173.205,51.954,-72.867
-0.547,0.207,-0.761,-8.118,-11.902,-16.357,172.941,52.921,-72.554
-0.345,0.18,-0.676,-9.277,12.878,-10.681,172.749,52.663,-72.048
-0.251,0.224,-0.642,-11.78,3.235,-5.249,172.244,52.3,-71.9
-0.23,0.279,-0.677,-4.761,5.737,0.427,171.656,52.059,-72.191
-0.172,0.305,-0.697,1.831,-14.954,6.47,171.238,52.009,-72.933
-0.339,0.293,-0.699,5.981,-33.508,12.39,170.7,53.13,-74.443
-0.444,0.3,-0.706,12.817,-28.076,13.428,170.233,54.311,-76.229
-0.755,0.269,-0.919,22.339,-29.419,11.719,170.414,55.432,-77.673
-0.678,0.102,-0.976,28.137,-6.165,14.648,170.98,56.135,-79.129
-0.952,0.086,-1.195,15.93,-16.296,2.258,171.832,56.47,-79.755
-0.591,-0.049,-1.067,19.47,20.996,-12.634,173.035,56.409,-79.393
-0.505,-0.001,-0.969,0.671,-6.531,-0.488,173.93,56.124,-78.591
-0.563,0.081,-0.831,3.662,-7.385,13.916,173.875,56.492,-78.898
-0.516,0.091,-0.757,12.024,-2.197,14.709,173.925,56.629,-79.585
-0.565,0.057,-0.768,15.442,-1.526,10.254,174.243,56.711,-80.288
-0.453,-0.055,-0.714,11.78,8.545,-2.319,175.001,56.536,-80.283
-0.463,-0.071,-0.762,-3.845,-2.808,-11.169,175.534,56.486,-79.585
-0.427,-0.106,-0.708,-11.047,12.146,-40.161,176.265,56.585,-77.574
-0.472,0.0,-0.711,-27.039,-1.038,-46.936,176.907,56.459,-74.41
-0.418,-0.035,-0.65,-17.212,-1.099,-59.204,177.797,56.81,-71.016
-0.521,-0.021,-0.659,-21.79,-11.902,-64.636,178.967,57.458,-67.121
-0.578,-0.086,-0.697,-24.658,5.188,-72.51,-179.753,57.909,-62.93
-0.461,-0.043,-0.729,-41.26,6.653,-63.904,-179.022,57.574,-58.656
-0.767,0.121,-0.932,-29.907,-6.409,-41.26,-179.143,57.953,-55.767
-0.666,0.163,-0.917,-15.503,8.301,-27.283,-178.912,57.799,-53.855
-0.725,0.183,-1.079,2.869,10.498,-10.376,-178.72,57.31,-53.168
-0.737,0.102,-1.19,12.756,36.682,-3.723,-178.149,56.613,-53.102
-0.317,0.078,-1.074,12.573,42.053,8.85,-177.819,54.393,-53.707
-0.164,-0.02,-0.898,10.681,-7.141,-7.996,-177.38,53.317,-54.047
-0.452,-0.014,-0.755,0.854,-31.372,-18.982,-176.754,54.36,-53.113
-0.534,0.029,-0.706,0.061,-9.216,-10.376,-176.385,55.234,-52.284
-0.493,0.08,-0.676,5.066,-1.404,2.991,-176.254,55.448,-52.202
-0.442,0.063,-0.711,13.306,8.972,22.705,-176.32,55.223,-53.333
-0.437,0.058,-0.763,18.982,7.507,34.302,-176.484,54.899,-55.333
-0.346,0.05,-0.743,20.996,-3.601,40.771,-176.743,54.772,-57.832
-0.482,0.062,-0.774,19.775,-21.912,37.903,-177.039,55.591,-60.271
-0.459,0.034,-0.713,17.395,-22.583,32.349,-177.325,56.618,-62.496
-0.706,0.053,-0.857,18.555,-26.001,24.78,-177.446,57.997,-64.232
-0.745,-0.002,-0.953,21.729,-3.723,19.47,-177.259,58.585,-65.731
-0.696,-0.128,-0.951,20.386,-12.085,3.235,-176.539,59.068,-66.335
-0.765,-0.153,-0.961,15.625,-1.282,-7.996,-175.49,59.694,-65.923
-0.721,-0.165,-0.992,16.235,15.564,4.15,-174.534,59.326,-65.583
-0.521,-0.165,-0.921,12.512,27.588,22.034,-174.161,58.26,-66.193
-0.394,-0.129,-0.803,7.69,7.446,24.841,-174.38,57.415,-67.396
-0.485,-0.098,-0.716,5.432,-5.798,13.55,-174.512,57.502,-68.077
-0.485,-0.12,-0.642,4.089,-8.118,5.493,-174.408,57.821,-68.209
-0.55,-0.141,-0.67,3.662,0.488,-1.038,-174.084,58.134,-67.863
-0.46,-0.167,-0.657,0.671,12.024,2.441,-173.776,57.816,-67.484
-0.443,-0.148,-0.657,-1.526,7.874,4.028,-173.732,57.376,-67.302
-0.463,-0.155,-0.662,0.305,5.432,2.38,-173.666,57.211,-67.044
-0.483,-0.16,-0.68,-3.723,-10.681,8.118,-173.661,57.382,-66.83
-0.529,-0.122,-0.76,0.61,-4.089,17.334,-173.903,57.942,-67.072
-0.609,-0.077,-0.917,4.333,-12.756,29.48,-174.32,58.403,-68.033
-0.749,-0.009,-1.054,11.841,-13.855,35.278,-174.781,59.211,-69.505
-0.752,-0.0,-1.078,27.161,8.362,38.391,-175.073,59.502,-71.614
-0.706,0.012,-1.052,13.977,1.404,43.396,-175.474,59.343,-73.828
-0.669,0.097,-0.944,4.7,-0.244,42.114,-176.715,59.359,-76.399
-0.601,0.042,-0.859,11.292,8.789,9.094,-177.133,59.128,-77.646
-0.465,-0.025,-0.753,12.024,10.071,2.197,-176.781,58.661,-77.767
-0.506,-0.02,-0.738,7.08,4.578,14.587,-176.594,58.277,-77.986
-0.478,0.015,-0.739,11.902,13.428,29.907,-176.902,57.859,-79.118
-0.44,0.036,-0.739,15.32,4.7,37.109,-177.363,57.354,-80.909
-0.514,0.061,-0.775,19.958,4.639,42.725,-177.841,57.239,-83.084
-0.571,0.056,-0.801,23.499,-5.92,42.48,-178.132,57.101,-85.375
-0.645,0.071,-0.872,27.222,4.944,49.255,-178.434,57.294,-87.88
-0.675,0.107,-0.987,26.978,4.7,61.829,-178.951,56.92,-90.978
-0.579,0.031,-0.992,35.461,7.996,65.491,-179.462,56.662,-94.543
-0.501,-0.005,-0.828,37.476,-8.301,68.848,-179.896,56.585,-98.284
-0.532,-0.062,-0.762,38.452,-5.676,69.824,179.852,56.904,-101.915
-0.469,-0.123,-0.774,48.889,6.836,73.425,-180.0,56.563,-105.436
-0.538,-0.085,-0.832,52.979,8.057,89.539,-179.885,56.162,-109.567
-0.485,-0.112,-0.848,58.35,18.433,99.792,-179.67,55.261,-114.247
-0.432,-0.121,-0.811,64.27,18.616,96.741,-179.33,54.24,-119.141
-0.398,-0.197,-0.789,57.861,11.353,83.923,-178.473,53.448,-123.201
-0.494,-0.165,-0.786,49.072,4.395,73.975,-177.753,53.24,-126.579
-0.459,-0.196,-0.768,40.344,5.249,65.247,-177.133,53.069,-129.485
-0.427,-0.237,-0.771,35.706,7.507,50.537,-176.462,52.916,-131.638
-0.51,-0.24,-0.857,18.555,-4.15,47.424,-176.028,52.998,-133.237
-0.634,-0.184,-0.929,7.507,-3.357,38.391,-176.248,53.399,-134.572
-0.6,-0.176,-0.907,1.221,-1.221,25.513,-176.594,53.751,-135.297
-0.5,-0.176,-0.833,-10.437,-12.817,20.325,-177.127,54.124,-135.56
-0.683,-0.05,-0.892,-18.738,-11.353,17.09,-178.215,55.157,-135.687
-0.58,0.036,-0.924,-17.029,9.277,17.395,-179.357,55.217,-135.786
-0.328,0.055,-0.886,-10.193,27.344,18.616,179.676,54.245,-136.099
-0.162,0.121,-0.86,-10.986,11.719,24.902,178.693,53.031,-136.807
-0.401,0.194,-0.853,-4.028,-14.16,28.87,177.572,53.141,-138.197
-0.49,0.182,-0.915,6.653,3.906,23.438,176.885,53.047,-139.636
-0.357,0.091,-0.852,13.0,15.198,20.691,176.896,52.245,-140.532
-0.351,0.093,-0.8,12.085,-0.61,30.884,176.797,51.674,-141.801
-0.466,0.119,-0.784,16.418,-4.15,43.823,176.501,51.619,-143.767
-0.403,0.125,-0.761,21.362,-0.061,51.941,176.116,51.356,-146.272
-0.398,0.129,-0.797,18.982,-3.479,53.345,175.737,51.196,-148.969
-0.396,0.173,-0.884,16.113,-6.104,59.204,175.199,51.037,-151.743
-0.378,0.206,-0.926,17.883,-13.123,65.002,174.37,50.993,-155.089
-0.57,0.205,-1.072,14.648,-34.485,69.214,173.452,51.597,-158.692
-0.663,0.186,-1.027,22.461,-16.174,79.041,172.167,52.394,-162.861
-0.47,0.083,-0.91,28.137,-5.005,75.867,171.365,52.086,-166.882
-0.371,-0.024,-0.837,28.198,-13.367,72.388,171.112,51.718,-170.447
-0.504,0.068,-0.763,26.123,-27.832,83.069,170.414,52.119,-174.485
-0.572,0.038,-0.794,32.471,-7.019,87.097,169.904,52.097,-178.66
-0.474,0.063,-0.787,36.255,4.7,90.027,169.53,51.257,177.204
-0.393,0.037,-0.794,35.278,3.052,86.914,169.486,50.186,173.26
-0.388,0.024,-0.752,30.579,-10.803,75.439,169.464,49.697,169.59
-0.493,0.039,-0.781,26.001,-14.648,58.105,169.503,49.85,166.602
-0.479,0.025,-0.816,20.874,-8.057,42.908,169.722,49.971,164.553
-0.538,0.006,-0.885,13.428,-7.629,22.522,170.096,50.301,163.57
-0.46,0.038,-0.84,-1.526,-13.123,17.639,170.101,50.647,163.125
-0.761,0.164,-1.067,-5.859,-14.832,4.211,169.722,51.636,162.944
-0.545,0.189,-0.959,-0.183,6.47,-4.761,169.667,52.02,163.521
-0.313,0.233,-0.906,-1.709,15.503,-5.188,169.958,51.63,164.498
-0.211,0.225,-0.83,-4.639,-6.226,-11.597,170.178,51.284,165.273
-0.501,0.264,-0.923,-2.991,2.075,-12.817,170.178,51.757,165.927
-0.379,0.236,-0.93,-0.366,30.518,-12.207,170.464,50.79,166.97
-0.233,0.18,-0.957,2.747,33.264,-15.686,171.002,49.246,168.245
-0.159,0.18,-0.895,-0.061,15.442,-11.719,171.431,47.983,169.25
-0.249,0.175,-0.835,0.244,4.7,-3.174,171.623,47.45,169.673
-0.198,0.196,-0.791,2.441,3.357,9.155,171.552,46.956,169.371
-0.187,0.205,-0.736,4.7,-7.202,16.357,171.425,46.719,168.552
-0.24,0.229,-0.726,11.963,-7.996,28.198,171.26,46.725,167.135
-0.196,0.199,-0.679,15.32,-14.771,36.743,171.134,46.708,165.168
-0.293,0.277,-0.738,15.686,-26.978,47.18,170.777,47.23,162.636
-0.359,0.293,-0.774,24.048,-24.658,52.49,170.431,47.851,159.664
-0.303,0.26,-0.774,25.085,-38.025,53.528,170.272,48.625,156.682
-0.525,0.285,-1.043,22.034,-42.847,62.988,169.75,49.878,153.144
-0.847,0.363,-1.207,31.738,-42.786,65.186,168.986,51.295,149.15
-0.769,0.138,-1.176,44.373,7.141,40.344,169.503,51.515,146.382
-0.465,0.011,-1.128,46.692,26.672,13.855,171.161,50.455,145.541
-0.214,-0.199,-1.018,28.137,9.644,10.01,173.15,49.4,145.475
-0.244,-0.039,-0.896,-6.897,-19.531,32.837,173.419,49.351,144.289
-0.438,0.17,-0.795,-2.319,-27.466,37.048,172.31,50.202,141.828
-0.504,0.148,-0.792,6.531,-20.996,28.259,171.837,50.966,139.916
-0.541,0.133,-0.82,20.813,-5.127,23.376,171.848,51.443,138.45
-0.436,0.04,-0.797,19.775,-4.272,24.963,172.447,51.416,137.39
-0.491,0.036,-0.802,22.217,-5.981,19.226,172.969,51.608,136.236
-0.428,-0.044,-0.82,16.541,-1.038,7.446,173.848,51.652,135.775
-0.57,0.045,-0.787,7.324,-14.465,5.493,174.232,52.262,135.379
-0.485,-0.045,-0.732,11.597,8.667,-7.202,175.034,52.465,135.725
-0.411,-0.036,-0.731,1.648,6.348,-8.545,175.792,52.256,136.456
-0.361,-0.021,-0.702,-6.348,6.47,-6.287,176.05,52.075,136.934
-0.343,0.012,-0.689,-13.733,0.732,-15.869,175.99,52.064,137.598
-0.348,-0.018,-0.678,-25.208,-7.446,-24.78,175.82,52.366,138.851
-0.592,0.105,-0.816,-34.851,-37.109,-26.672,175.133,53.646,140.246
-0.917,0.269,-1.015,-21.851,-20.203,-20.264,174.254,55.607,141.515
-0.83,0.327,-1.075,-4.15,30.762,-4.272,174.106,55.453,142.817
-0.466,0.252,-1.148,11.353,50.659,5.127,174.457,53.355,143.481
-0.274,0.285,-1.142,14.709,33.691,10.986,174.749,51.257,143.405
-0.3,0.183,-0.97,17.09,1.343,-8.362,175.463,50.213,143.448
-0.415,0.096,-0.903,10.01,-2.197,-16.174,176.276,50.356,144.102
-0.484,0.111,-0.863,-6.714,-4.639,-15.625,176.622,50.537,144.959
-0.445,0.156,-0.818,-8.972,6.592,-14.465,176.484,50.46,145.876
-0.436,0.187,-0.81,-5.615,8.179,-9.521,176.276,50.18,146.651
-0.424,0.185,-0.812,-2.319,12.268,-4.578,176.149,49.697,147.25
-0.356,0.165,-0.807,1.099,15.808,-4.089,176.105,49.048,147.728
-0.327,0.165,-0.812,-0.977,6.775,-3.54,176.045,48.527,148.107
-0.326,0.16,-0.825,-5.066,5.981,-1.831,175.864,48.257,148.381
-0.291,0.19,-0.809,-2.869,6.47,2.319,175.507,47.9,148.425
-0.229,0.225,-0.773,-1.831,-2.625,11.536,175.078,47.67,148.046
-0.309,0.214,-0.766,6.775,-21.179,19.653,174.694,48.065,147.014
-0.362,0.21,-0.782,8.179,-18.433,23.254,174.315,48.801,145.646
-0.256,0.157,-0.7,4.761,-25.085,18.738,173.936,49.537,144.349
-0.624,0.22,-0.923,0.732,-40.222,18.066,173.298,51.015,143.091
-0.695,0.108,-0.992,0.793,-17.334,10.681,172.859,52.218,142.191
-0.92,0.174,-1.252,-3.54,-4.883,-0.61,172.568,52.822,142.048
-0.475,0.041,-1.027,5.859,39.185,-24.902,173.106,52.169,143.146
-0.188,-0.017,-0.96,-11.047,5.615,-27.344,173.952,51.081,145.124
-0.479,0.086,-0.888,-14.709,-25.879,-14.954,173.793,51.921,146.014
-0.501,0.128,-0.831,-7.141,-3.54,-7.446,173.6,52.603,146.448
-0.438,0.085,-0.812,-2.502,-10.071,-10.986,173.732,52.894,146.92
-0.505,0.071,-0.789,-0.061,-8.911,-22.4,174.128,53.569,147.821
-0.386,-0.034,-0.705,-3.601,-5.92,-36.194,175.029,54.058,149.634
-0.514,0.003,-0.703,-12.024,-8.301,-38.879,175.71,54.833,151.776
-0.443,-0.047,-0.678,-11.658,4.517,-53.162,176.644,55.069,154.583
-0.521,-0.03,-0.723,-22.583,-2.441,-59.265,177.676,55.399,158.143
-0.379,-0.029,-0.697,-16.846,3.357,-74.158,178.852,55.607,162.219
-0.373,-0.042,-0.66,-22.156,-11.108,-56.335,-179.962,56.03,166.251
-0.406,-0.057,-0.675,-24.353,-16.174,-56.824,-179.231,56.706,169.486
-0.71,0.016,-0.854,-30.457,-15.503,-68.604,-178.467,57.656,173.331
-0.74,-0.068,-0.958,-31.006,15.381,-57.556,-177.627,57.788,177.665
-0.919,0.215,-1.193,-27.954,27.649,0.916,-178.401,56.717,179.648
-0.465,0.225,-1.05,-8.179,43.64,45.166,-179.907,54.783,178.566
-0.517,0.388,-1.1,16.418,0.488,37.476,178.742,53.586,176.094
-0.582,0.156,-0.947,33.813,9.46,21.912,179.203,53.443,174.617
-0.457,0.041,-0.844,29.358,3.479,26.245,179.923,52.916,173.304
-0.522,0.0,-0.79,17.273,0.0,23.804,-179.791,52.965,172.018
-0.403,0.049,-0.717,5.31,5.188,25.208,179.923,52.745,170.804
-0.414,0.113,-0.68,1.282,-6.287,24.353,179.286,52.85,169.557
-0.394,0.151,-0.659,5.554,-2.502,25.635,178.676,53.042,168.311
-0.292,0.14,-0.598,8.118,-8.85,32.654,178.077,53.218,166.718
-0.405,0.176,-0.696,12.817,-11.963,38.94,177.341,53.701,164.581
-0.361,0.119,-0.68,14.221,-12.939,31.86,176.88,54.042,162.576
-0.373,0.104,-0.688,6.47,-21.79,27.039,176.342,54.767,160.851
-0.823,0.125,-1.024,2.258,-13.489,23.254,175.545,55.772,159.362
-0.617,0.022,-0.97,1.221,8.972,10.132,175.078,55.712,158.538
-0.926,0.153,-1.099,-1.404,1.587,5.188,174.771,55.569,158.34
-0.488,-0.02,-1.054,15.381,55.969,-9.033,175.534,54.031,158.978
-0.209,-0.077,-1.012,2.441,26.184,-2.808,176.517,51.971,159.802
-0.299,0.041,-0.891,-10.681,1.099,16.113,176.292,51.207,159.263
-0.416,0.156,-0.824,-4.944,-2.563,20.996,175.424,51.119,157.857
-0.36,0.074,-0.746,4.333,-2.197,13.0,175.177,50.905,156.775
-0.52,0.077,-0.797,3.906,-13.306,7.812,175.122,51.29,156.044
-0.516,0.0,-0.814,8.24,8.789,-0.854,175.507,51.35,155.956
-0.5,0.0,-0.896,4.333,11.597,-3.601,175.968,50.9,156.27
-0.412,-0.049,-0.873,2.747,16.052,-8.179,176.534,50.29,156.841
-0.395,0.005,-0.827,-5.127,1.343,1.648,176.666,49.977,156.995
-0.406,0.02,-0.768,-3.296,2.93,2.014,176.6,49.944,156.874
-0.378,0.009,-0.742,-7.812,2.136,3.906,176.429,49.861,156.753
-0.31,0.001,-0.713,-16.357,3.479,0.183,175.93,49.73,156.654
-0.313,0.1,-0.747,-23.682,-2.502,4.517,174.985,49.713,156.511
-0.246,0.109,-0.691,-13.672,-9.583,4.15,174.04,49.916,156.088
-0.375,0.166,-0.844,-13.184,-31.189,9.399,173.298,50.718,155.49
-0.623,0.396,-0.963,0.732,-42.48,15.869,172.282,52.366,154.27
-0.708,0.115,-1.058,26.489,-25.94,-6.714,172.941,54.053,153.913
-0.887,0.175,-1.073,6.47,-9.644,13.855,173.26,55.036,153.715
-0.779,0.165,-1.131,-4.211,48.706,19.165,172.947,54.179,153.402
-0.302,0.205,-1.051,-10.742,52.551,15.625,172.271,51.312,153.309
-0.188,0.182,-0.894,-15.442,5.859,-3.052,171.661,49.839,153.452
-0.413,0.242,-0.811,-17.273,-11.841,2.258,170.76,50.191,153.386
-0.403,0.224,-0.744,-14.16,-5.737,11.78,169.805,50.389,152.902
-0.426,0.292,-0.731,-12.756,-0.549,22.034,168.618,50.378,152.001
-0.319,0.321,-0.722,-8.545,8.606,28.503,167.459,49.713,150.848
-0.286,0.347,-0.711,-2.014,0.305,22.644,166.498,49.18,149.645
-0.351,0.324,-0.712,2.747,-6.714,15.991,165.959,49.076,148.799
-0.361,0.321,-0.712,7.141,-4.15,11.414,165.668,49.087,148.107
-0.342,0.252,-0.717,4.7,-7.263,1.526,165.668,49.257,147.942
-0.392,0.241,-0.746,-1.221,-14.832,-6.714,165.602,49.85,148.068
-0.327,0.205,-0.734,-3.052,-9.766,-12.024,165.564,50.471,148.552
-0.515,0.26,-0.931,-10.132,-20.325,-7.996,165.311,51.361,148.98
-0.692,0.363,-1.027,-10.498,-6.104,4.333,164.608,52.174,148.931
-0.713,0.344,-1.11,0.916,2.625,-5.432,164.388,52.213,149.244
-0.611,0.266,-1.059,8.24,12.756,-0.305,164.806,51.91,149.93
-0.453,0.181,-0.849,6.653,-4.944,2.991,165.234,51.751,150.222
-0.498,0.188,-0.839,7.019,8.667,14.038,165.471,51.757,150.123
-0.301,0.203,-0.765,2.93,7.141,24.963,165.388,50.955,149.48
-0.411,0.27,-0.792,2.502,-9.949,18.372,164.993,50.883,148.425
-0.483,0.254,-0.795,8.423,-3.601,10.742,164.971,51.01,147.799
-0.535,0.246,-0.883,9.644,-2.014,4.211,165.328,51.042,147.744
-0.543,0.241,-0.879,13.733,6.165,3.296,165.778,50.982,147.849
-0.414,0.152,-0.837,15.93,11.719,-6.104,166.729,50.587,148.502
-0.294,0.081,-0.712,7.874,0.0,-6.165,167.585,50.449,149.15
-0.396,0.125,-0.724,1.709,-0.061,-5.737,167.948,50.702,149.518
-0.304,0.103,-0.698,1.16,2.014,-6.958,168.349,50.587,150.084
-0.268,0.12,-0.638,2.808,-13.489,-0.671,168.563,51.042,150.32
-0.24,0.151,-0.57,9.155,-21.851,14.648,168.662,51.724,149.716
-0.402,0.144,-0.751,9.46,-42.908,19.165,168.739,52.817,148.359
-0.883,0.315,-1.027,17.7,-33.997,26.062,168.146,54.756,146.365
-0.714,0.196,-1.107,20.325,2.014,15.381,168.646,55.069,145.525
-0.813,0.284,-1.24,22.278,13.123,6.958,169.069,54.91,145.162
-0.478,0.175,-1.143,13.794,37.354,-8.606,170.338,53.602,145.959
-0.252,0.191,-0.946,-8.606,3.357,-15.686,170.92,52.537,146.975
-0.586,0.258,-0.885,-8.85,-19.409,-23.376,170.832,53.344,147.821
-0.501,0.179,-0.811,-4.15,16.174,-19.775,171.216,53.339,149.211
-0.435,0.213,-0.787,-5.554,7.141,-2.319,171.2,52.894,150.018
-0.369,0.203,-0.719,-3.357,10.01,12.268,170.815,52.399,149.865
-0.278,0.238,-0.663,-1.892,4.7,22.278,170.145,51.812,149.013
-0.298,0.261,-0.656,0.061,-11.108,14.893,169.519,51.746,147.98
-0.434,0.288,-0.688,4.028,-9.644,15.808,168.97,52.169,147.074
-0.371,0.269,-0.689,8.728,-3.113,16.785,168.668,52.114,146.245
-0.388,0.275,-0.718,12.695,-6.836,14.709,168.558,52.213,145.453
-0.373,0.235,-0.792,12.451,-12.451,10.254,168.662,52.438,144.772
-0.701,0.284,-0.991,11.841,-16.724,5.371,168.745,53.163,144.174
-0.626,0.151,-0.922,8.301,-5.798,-4.333,169.233,53.558,144.311
-0.973,0.215,-1.156,3.845,-14.954,-5.371,169.612,54.179,144.745
-0.647,0.076,-1.037,20.752,42.114,-12.634,170.612,53.74,145.668
-0.344,0.017,-0.997,11.658,42.786,8.728,171.881,51.691,146.7
-0.248,0.077,-0.851,0.916,13.184,32.654,171.881,50.07,145.695
-0.362,0.177,-0.825,1.099,3.601,33.63,171.266,49.51,143.729
-0.332,0.182,-0.802,6.409,-5.493,26.306,170.92,49.098,141.932
-0.397,0.176,-0.814,14.282,-7.446,9.033,171.068,49.367,140.828
-0.405,0.085,-0.79,13.794,-12.817,3.723,171.733,49.697,140.378
-0.56,0.071,-0.87,13.489,0.854,-2.502,172.359,50.12,140.153
-0.377,-0.017,-0.823,9.094,16.907,-10.315,173.331,49.521,140.685
-0.318,0.019,-0.734,-2.991,-0.366,-4.944,173.705,49.367,140.927
-0.258,0.012,-0.621,-11.169,-14.648,-8.667,173.683,49.724,140.993
-0.549,0.153,-0.7,-16.418,-25.33,-5.554,173.013,51.147,140.878
-0.314,0.016,-0.657,-6.104,8.24,-13.611,173.161,51.279,141.581
-0.307,0.065,-0.812,-13.306,-11.902,-9.216,173.09,51.531,142.114
-0.571,0.236,-0.991,-17.944,-26.123,4.028,172.392,52.476,141.828
-0.581,0.3,-1.078,-2.991,-5.92,2.625,171.738,53.273,141.372
-0.877,0.468,-1.278,1.038,1.953,21.606,171.167,53.333,140.652
-0.404,0.323,-1.131,14.648,39.978,17.883,171.189,51.883,139.971
-0.333,0.321,-1.012,4.456,-6.653,10.62,171.134,50.85,139.312
-0.407,0.226,-0.831,2.319,-11.414,-3.174,171.096,51.345,138.988
-0.287,0.215,-0.66,-2.197,-18.25,1.953,170.881,51.855,138.818
-0.365,0.214,-0.617,-1.526,-19.897,8.484,170.365,52.74,138.186
-0.357,0.27,-0.611,-1.953,-14.404,22.583,169.568,53.207,137.065
-0.374,0.264,-0.629,6.165,-4.578,28.564,168.755,53.273,135.489
-0.279,0.279,-0.618,8.423,-16.174,24.475,168.135,53.311,133.945
-0.348,0.203,-0.603,9.827,-19.043,18.066,167.739,53.932,132.572
-0.743,0.309,-0.889,-1.709,-27.649,20.02,167.014,54.8,131.265
-0.762,0.202,-0.995,7.263,7.812,8.606,166.679,55.042,130.512
-0.875,0.287,-1.166,-0.549,-2.93,3.052,166.789,54.728,130.594
-0.522,0.063,-1.065,23.315,51.086,-13.855,167.97,53.591,131.369
-0.301,0.043,-0.99,-1.099,14.343,5.127,169.069,52.053,132.05
-0.494,0.187,-0.899,-6.348,-0.61,14.771,168.662,51.652,131.006
-0.36,0.179,-0.781,0.183,9.094,4.883,168.426,51.268,130.232
-0.432,0.188,-0.778,-0.061,-14.465,2.075,168.437,51.306,129.781
-0.552,0.134,-0.783,6.226,-4.15,-4.333,168.607,51.927,129.452
-0.497,0.111,-0.804,2.258,0.305,-10.071,169.151,52.07,129.787
-0.536,0.119,-0.823,6.348,3.235,-13.428,169.739,52.245,130.314
-0.439,0.055,-0.793,6.836,7.751,-8.484,170.585,52.152,130.968
-0.443,0.074,-0.753,0.977,-5.737,-1.526,170.914,52.273,130.902
-0.426,0.04,-0.715,-2.869,-0.427,-8.179,171.222,52.515,130.968
-0.406,0.062,-0.649,-7.69,-5.432,-13.123,171.277,52.888,131.221
-0.406,0.022,-0.664,-16.663,-5.188,-18.127,171.354,53.306,131.874
-0.419,0.121,-0.729,-19.897,3.235,-10.681,170.892,53.58,132.319
-0.371,0.165,-0.811,-23.376,-13.123,-9.644,170.277,53.773,132.589
-0.705,0.346,-0.877,-20.569,-41.992,0.183,169.052,55.508,132.188
-0.794,0.395,-0.979,-1.343,-10.071,12.512,168.212,56.558,131.594
-0.779,0.351,-1.131,17.578,25.574,8.423,168.283,56.074,131.27
-0.477,0.301,-1.087,13.977,31.433,10.254,168.926,54.509,131.407
-0.362,0.229,-0.95,3.052,1.831,1.831,169.206,53.509,131.248
-0.493,0.209,-0.852,-1.892,-6.531,-15.869,169.288,53.849,131.484
-0.417,0.176,-0.71,-6.409,-9.766,-12.146,169.442,54.223,132.16
-0.444,0.191,-0.651,-3.967,-14.771,-7.996,169.277,54.937,132.413
-0.537,0.226,-0.673,0.0,-8.789,1.526,169.107,55.607,132.446
-0.405,0.176,-0.616,1.099,6.47,11.353,168.893,55.547,132.166
-0.513,0.244,-0.692,-4.761,-9.277,18.127,168.256,55.497,131.402
-0.394,0.202,-0.641,0.0,6.042,12.573,167.607,55.382,130.622
-0.362,0.25,-0.636,-9.033,-23.132,17.273,166.833,55.607,129.831
-0.423,0.278,-0.631,-1.099,-29.114,26.245,165.515,56.722,128.024
-0.749,0.406,-0.928,3.235,-46.204,35.645,164.202,57.925,125.667
-1.188,0.416,-1.49,17.212,-28.076,58.96,162.762,58.892,122.272
-0.918,0.501,-1.133,31.372,-0.305,89.294,160.889,58.623,117.307
-0.382,0.283,-0.691,64.392,-3.784,70.374,161.318,56.882,113.247
-0.781,0.124,-0.795,63.11,-41.321,71.716,162.197,57.502,108.682
-0.655,0.127,-0.803,62.683,22.461,88.928,162.801,56.574,103.541
-0.366,0.057,-0.814,55.603,25.269,84.534,163.927,53.932,98.531
-0.298,0.058,-0.789,40.71,-7.08,67.688,164.614,52.388,93.549
-0.487,0.087,-0.74,30.884,-24.414,45.532,165.119,52.339,89.286
-0.599,0.051,-0.775,31.616,-12.207,31.616,165.855,52.767,85.847
-0.514,-0.01,-0.787,25.452,-7.812,20.996,166.948,52.773,83.145
-0.652,0.055,-0.841,11.902,-18.677,22.949,167.52,53.251,80.497
-0.629,0.081,-0.838,7.629,-1.892,19.775,167.8,53.547,77.921
-0.714,0.173,-0.938,-3.54,-6.958,19.958,167.58,53.613,75.476
-0.639,0.163,-0.875,-10.62,-0.854,5.859,167.195,53.751,73.592
-0.582,0.282,-0.892,-14.648,0.427,8.606,166.536,53.849,72.142
-0.332,0.249,-0.816,1.099,19.165,4.333,166.36,53.256,71.054
-0.179,0.282,-0.789,-8.911,3.662,13.916,166.102,52.498,70.192
-0.375,0.393,-0.874,-0.244,-6.104,20.996,165.267,52.333,68.67
-0.431,0.416,-0.934,12.573,13.672,22.766,165.004,51.685,67.297
-0.176,0.316,-0.813,24.536,8.85,22.522,165.498,50.466,66.204
-0.373,0.35,-0.753,31.067,-28.564,39.551,165.806,50.51,64.221
-0.413,0.275,-0.657,42.847,-19.348,47.668,166.322,50.916,61.419
-0.433,0.266,-0.69,43.518,-22.583,60.974,166.86,51.07,58.024
-0.535,0.281,-0.771,47.974,-18.188,66.833,167.179,51.295,53.8
-0.473,0.271,-0.826,47.119,-14.282,70.007,167.684,51.169,49.389
-0.552,0.291,-0.896,45.715,-29.48,75.806,167.953,51.449,44.517
-0.545,0.27,-0.981,47.424,-18.799,78.247,168.091,51.718,39.26
-0.665,0.281,-1.027,42.603,-39.062,75.989,168.08,52.207,33.931
-0.611,0.134,-0.893,41.199,-26.978,70.679,168.113,53.036,28.735
-0.454,0.058,-0.755,39.246,-19.165,70.496,168.096,53.289,23.791
-0.484,0.055,-0.724,40.527,-29.907,76.66,168.085,53.547,18.693
-0.659,0.07,-0.793,56.213,-24.353,80.872,168.404,54.119,13.239
-0.617,-0.007,-0.83,66.65,7.935,92.834,169.36,53.459,7.592
-0.397,-0.061,-0.807,59.021,10.437,99.487,170.332,51.949,1.802
-0.318,-0.071,-0.748,44.25,-13.672,85.876,170.881,51.24,-3.691
-0.535,0.006,-0.725,27.161,-31.372,68.054,170.936,51.866,-8.295
-0.605,0.019,-0.732,29.846,-13.855,52.185,171.068,52.493,-12.09
-0.599,-0.023,-0.803,19.043,-8.545,42.358,171.48,52.625,-14.991
-0.652,0.006,-0.89,11.78,-1.953,36.438,171.48,52.789,-17.611
-0.542,-0.005,-0.911,0.671,0.122,28.32,171.359,52.575,-19.66
-0.681,0.108,-0.942,-9.888,-2.441,19.531,170.673,52.745,-21.363
-0.367,0.108,-0.812,-21.179,19.226,7.507,170.107,52.284,-22.088
-0.291,0.351,-0.897,-28.137,23.315,21.362,168.706,51.202,-22.874
-0.221,0.397,-0.958,-9.766,26.489,10.071,167.607,49.653,-23.692
-0.195,0.338,-1.038,3.54,29.175,-1.892,167.503,48.137,-23.698
-0.104,0.201,-0.993,9.521,14.587,-8.362,168.074,46.884,-23.159
-0.099,0.172,-0.969,3.662,0.977,-0.244,168.508,46.313,-22.731
-0.14,0.212,-0.87,1.038,-15.503,7.019,168.508,46.357,-22.846
-0.255,0.251,-0.843,0.122,-18.799,15.32,168.239,46.774,-23.494
-0.23,0.287,-0.833,0.061,-18.066,21.729,167.756,47.01,-24.637
-0.3,0.324,-0.809,3.418,-24.597,19.958,167.206,47.582,-26.093
-0.325,0.304,-0.785,7.019,-26.794,16.052,166.91,48.334,-27.482
-0.469,0.331,-0.823,9.644,-27.527,18.86,166.624,49.312,-29.081
-0.444,0.323,-0.805,9.705,-22.339,26.55,166.333,50.037,-31.047
-0.449,0.344,-0.7,10.193,-41.687,31.982,165.756,51.108,-33.596
-0.509,0.36,-0.642,19.165,-31.799,31.799,165.075,52.575,-36.623
-0.413,0.282,-0.608,27.405,-28.748,16.724,165.278,53.503,-38.979
-0.484,0.177,-0.637,32.104,-23.376,6.409,166.009,54.827,-40.71
-0.428,0.103,-0.638,20.203,-22.522,4.028,166.888,55.86,-41.863
-0.581,0.167,-0.836,5.493,-27.527,0.305,167.234,57.025,-42.676
-0.733,0.26,-0.845,2.502,-20.325,4.395,166.959,58.447,-43.566
-1.012,0.265,-1.209,-0.549,-27.832,1.465,167.162,59.002,-44.006
-0.85,0.285,-1.119,17.395,30.029,8.484,167.108,59.244,-44.907
-0.384,0.132,-0.868,16.357,21.79,-2.258,168.459,57.673,-44.626
-0.458,0.168,-0.864,11.353,-6.653,6.958,169.074,57.426,-44.841
-0.562,0.148,-0.803,10.315,-5.676,10.925,169.288,57.728,-45.626
-0.52,0.127,-0.736,7.69,-6.775,2.563,169.552,57.777,-46.132
-0.59,0.112,-0.738,6.714,-1.404,-1.099,169.909,58.107,-46.307
-0.574,0.062,-0.763,3.296,-2.869,-7.812,170.425,58.206,-46.11
-0.464,0.056,-0.737,-5.859,2.625,-6.897,170.755,58.293,-45.692
-0.525,0.088,-0.709,-12.939,-19.287,-13.428,170.568,58.804,-45.291
-0.581,0.122,-0.655,-10.254,-10.376,-15.442,170.502,59.886,-44.583
-0.563,0.124,-0.652,-4.089,-3.662,-3.967,170.541,60.276,-44.182
-0.433,0.064,-0.606,-0.366,0.916,-4.456,170.673,60.397,-44.121
-0.345,0.038,-0.541,-7.996,-11.108,-9.094,170.804,60.71,-43.846
-0.435,0.076,-0.547,-14.893,-22.522,-20.203,170.75,61.71,-43.187
-0.773,0.19,-0.726,-16.418,-28.625,-27.039,170.793,63.127,-42.034
-0.851,0.252,-0.856,-11.78,-12.085,-26.245,171.096,64.484,-40.721
-0.969,0.318,-0.853,-10.986,-24.475,-7.69,171.183,65.292,-40.001
-1.034,0.331,-1.019,-0.916,24.292,6.958,170.739,65.396,-40.512
-0.635,0.282,-0.917,-0.549,28.809,7.69,170.579,63.737,-40.99
-0.631,0.318,-0.877,-2.93,7.324,-1.648,170.31,63.073,-41.347
-0.616,0.226,-0.758,1.282,5.432,-20.142,170.7,62.919,-40.82
-0.49,0.204,-0.683,-4.395,9.277,-6.531,171.046,62.628,-40.215
-0.494,0.21,-0.614,-6.47,-2.38,2.075,170.568,62.562,-40.594
-0.436,0.255,-0.578,-9.705,-1.465,6.592,169.81,62.474,-41.193
-0.576,0.314,-0.62,-4.944,-9.644,12.512,168.728,62.759,-42.407
-0.486,0.328,-0.578,-0.732,-3.906,19.409,167.712,62.682,-44.006
-0.572,0.341,-0.607,7.935,-9.583,15.93,166.74,62.858,-45.912
-0.584,0.321,-0.615,9.216,-5.188,13.428,166.262,63.078,-47.521
-0.524,0.305,-0.611,8.362,-8.057,14.771,165.8,63.149,-49.109
-0.527,0.295,-0.664,7.385,-17.395,8.911,165.306,63.622,-50.669
-0.835,0.404,-0.802,8.545,-24.719,9.888,164.592,64.759,-52.339
-0.996,0.363,-0.893,18.433,-2.38,3.906,164.63,65.237,-53.432
-0.972,0.216,-0.947,27.466,8.057,-0.671,165.591,65.072,-53.822
-0.662,0.055,-0.799,25.574,25.33,1.648,167.19,64.286,-53.646
-0.465,0.015,-0.667,14.587,0.122,9.277,168.096,63.655,-53.828
-0.639,0.076,-0.711,7.08,-4.456,9.949,168.234,63.913,-54.426
-0.647,0.105,-0.746,5.493,6.958,9.766,168.349,63.655,-54.866
-0.529,0.062,-0.739,4.822,13.977,2.38,168.723,63.023,-54.86
-0.617,0.072,-0.813,3.906,-0.305,-4.272,169.233,62.792,-54.481
-0.58,0.016,-0.792,9.705,18.25,-12.573,170.233,62.479,-53.575
-0.464,0.0,-0.743,1.77,11.597,-5.615,171.255,61.705,-52.487
-0.589,0.045,-0.736,-2.991,1.526,-5.981,171.634,61.562,-51.888
-0.503,0.029,-0.651,-6.531,5.005,-11.353,172.079,61.419,-50.971
-0.6,0.149,-0.716,-9.766,14.526,-3.418,172.04,61.254,-50.323
-0.43,0.121,-0.619,-2.808,18.433,-3.174,172.123,60.364,-49.894
-0.329,0.074,-0.559,-5.249,7.446,-1.099,172.189,59.76,-49.62
-0.207,0.022,-0.429,-16.907,-12.878,-2.563,171.837,59.782,-49.449
-0.628,0.172,-0.72,-30.579,-48.218,-7.751,170.673,61.298,-49.356
-1.033,0.332,-0.98,-23.254,-25.024,-12.207,169.343,63.375,-49.323
-0.976,0.419,-1.021,-14.465,1.16,-4.456,168.904,63.781,-48.862
-1.094,0.415,-1.158,7.08,31.799,-2.441,168.772,63.232,-48.939
-0.623,0.302,-1.081,14.038,67.444,2.441,169.854,60.469,-48.34
-0.352,0.214,-0.941,7.141,31.311,10.742,170.37,58.112,-48.428
-0.396,0.163,-0.806,0.793,-8.118,-3.967,170.343,57.667,-48.647
-0.551,0.185,-0.72,-10.62,-17.456,-7.751,170.118,58.497,-48.406
-0.471,0.217,-0.613,-10.193,-8.057,-0.183,169.525,58.958,-48.483
-0.475,0.257,-0.606,-6.897,-6.287,4.272,168.821,59.277,-48.983
-0.439,0.25,-0.616,2.869,5.737,7.812,168.453,59.156,-49.62
-0.445,0.273,-0.706,15.32,3.235,15.259,168.327,58.716,-50.598
-0.369,0.233,-0.714,18.25,0.427,26.733,168.36,58.271,-52.092
-0.273,0.184,-0.604,13.428,-28.687,26.184,168.047,58.414,-54.058
-0.486,0.231,-0.582,4.15,-54.321,20.386,167.146,60.068,-56.206
-0.858,0.294,-0.846,2.991,-45.593,11.047,166.201,62.051,-58.112
-0.922,0.344,-0.892,4.272,-29.114,0.122,165.526,63.858,-59.491
-0.59,0.205,-0.711,8.24,-29.419,-23.682,166.135,65.121,-59.31
-1.388,0.337,-1.123,15.625,-28.625,-26.428,166.833,67.797,-58.903
-0.769,0.075,-0.818,27.527,57.922,-49.194,170.244,66.857,-56.096
-0.566,0.054,-0.862,17.395,29.602,-37.781,173.463,65.286,-52.894
-0.57,-0.049,-0.807,11.841,19.104,-29.175,175.682,64.424,-50.729
-0.594,-0.001,-0.734,5.127,13.672,-28.015,177.27,63.82,-48.818
-0.615,-0.051,-0.717,2.869,17.09,-27.283,178.731,63.144,-46.956
-0.645,-0.077,-0.764,1.221,21.362,-31.555,-179.918,62.386,-44.984
-0.5,-0.121,-0.725,-1.099,26.733,-29.114,-178.605,61.238,-42.99
-0.42,-0.138,-0.729,-8.057,12.207,-15.747,-177.83,60.304,-41.495
-0.528,-0.085,-0.76,-8.301,5.371,-6.775,-177.775,60.007,-40.754
-0.501,-0.096,-0.772,-6.897,16.357,-2.991,-177.704,59.321,-40.254
-0.461,-0.106,-0.683,-7.385,11.841,-9.277,-177.649,58.645,-39.732
-0.405,-0.102,-0.592,-12.756,3.357,-19.287,-177.402,58.206,-38.655
-0.449,-0.088,-0.535,-19.775,-10.132,-23.315,-177.286,58.453,-37.216
-0.495,-0.104,-0.548,-21.057,-9.521,-29.175,-177.1,59.035,-35.458
-0.719,0.009,-0.763,-23.621,-9.033,-16.174,-177.22,59.507,-33.981
-0.845,0.059,-1.027,-13.0,9.216,0.61,-177.599,59.76,-33.475
-0.513,0.085,-0.996,-2.747,48.645,37.598,-178.533,58.359,-34.739
-0.632,0.183,-1.278,13.855,32.654,50.415,-179.989,56.338,-37.755
-0.366,0.13,-1.076,1.221,40.894,58.594,178.907,54.174,-40.704
-0.363,0.225,-0.979,5.859,-0.244,62.683,177.166,52.916,-44.225
-0.465,0.165,-0.904,9.46,-1.831,59.204,175.984,52.8,-47.516
-0.421,0.156,-0.848,9.583,-6.287,61.584,174.809,52.3,-50.883
-0.434,0.114,-0.777,-2.747,-5.737,49.805,173.447,52.251,-54.025
-0.345,0.247,-0.677,-23.071,-14.465,44.983,171.442,52.234,-56.481
-0.449,0.469,-0.662,2.686,-18.86,64.636,169.228,52.614,-59.859
-0.325,0.515,-0.628,62.012,6.836,110.779,168.53,51.669,-65.369
-0.332,0.203,-0.69,81.055,10.315,98.694,169.371,50.032,-72.158
-0.187,0.014,-0.755,40.588,12.634,42.603,170.612,48.625,-76.179
-0.044,0.035,-0.654,-4.517,-20.508,-2.808,171.03,48.367,-77.02
-0.566,0.268,-1.056,-26.611,-50.476,-6.653,170.134,50.142,-76.767
-0.813,0.278,-1.07,-6.409,-12.268,-9.827,169.266,51.801,-76.767
-0.677,0.22,-1.041,-6.287,14.771,-40.161,169.349,52.224,-75.591
-0.685,0.189,-1.101,-3.174,28.442,-59.631,170.519,51.823,-72.438
-0.45,0.011,-1.122,0.916,52.979,-63.232,172.37,50.383,-68.516
-0.12,-0.054,-0.967,-14.404,34.119,-38.025,173.513,48.609,-65.165
-0.281,0.111,-0.873,-24.414,-12.024,-3.845,172.925,48.395,-63.875
-0.435,0.197,-0.84,-2.197,1.038,13.916,172.222,48.669,-64.188
-0.354,0.132,-0.801,7.812,-8.118,11.658,172.271,48.51,-64.797
-0.402,0.034,-0.779,13.855,0.549,-0.061,172.798,48.735,-65.023
-0.313,-0.042,-0.757,3.723,-4.15,-4.944,173.441,48.713,-64.649
-0.328,-0.057,-0.729,-3.967,-6.104,-16.418,173.749,49.147,-63.902
-0.324,-0.12,-0.698,-14.16,-4.7,-41.138,174.309,49.642,-61.82
-0.34,0.017,-0.627,-29.846,-6.592,-27.893,174.133,50.257,-59.551
-0.403,0.062,-0.76,-14.221,7.935,-25.452,174.023,50.477,-57.87
-0.276,0.083,-0.862,-14.465,0.0,-10.315,174.023,50.202,-56.618
-0.538,0.205,-1.117,-18.738,-29.236,-1.892,173.469,51.081,-56.239
-0.561,0.286,-1.255,-12.207,-5.249,10.376,172.711,51.669,-56.453
-0.656,0.457,-1.207,2.014,-1.099,21.79,171.65,51.943,-57.783
-0.423,0.352,-1.084,10.62,13.916,22.4,171.524,51.13,-59.03
-0.367,0.291,-0.98,14.709,-4.456,9.155,171.557,50.652,-60.255
-0.497,0.106,-0.888,1.282,-5.981,-14.832,171.936,50.949,-60.403
-0.481,0.134,-0.823,-32.288,9.644,-33.081,171.661,51.004,-59.095
-0.358,0.318,-0.75,-29.419,8.911,-23.193,170.695,50.768,-57.541
-0.301,0.365,-0.693,-7.629,-4.456,2.563,169.926,50.757,-57.464
-0.32,0.274,-0.632,11.597,-5.615,15.869,169.59,50.927,-58.749
-0.312,0.218,-0.652,14.526,-2.747,14.16,169.651,50.872,-60.134
-0.327,0.169,-0.728,13.672,1.892,14.099,169.865,50.702,-61.276
-0.252,0.208,-0.723,5.005,-12.146,22.156,169.662,50.614,-62.644
-0.314,0.253,-0.731,0.427,-31.921,25.085,168.909,51.432,-64.512
-0.701,0.364,-1.015,-1.587,-33.569,25.208,167.921,52.608,-66.544
-0.583,0.275,-0.968,8.24,1.221,15.625,167.349,53.075,-68.247
-0.697,0.284,-1.081,4.395,-17.151,8.972,167.267,53.185,-69.104
-0.755,0.174,-1.184,13.428,10.254,-9.033,167.723,53.448,-69.362
-0.486,0.125,-0.935,4.028,-1.16,-14.771,168.563,53.311,-68.577
-0.516,0.107,-0.839,3.479,-1.953,-8.85,169.129,53.74,-67.89
-0.394,0.13,-0.755,3.906,1.343,7.935,169.442,53.646,-67.742
-0.45,0.141,-0.751,5.981,-7.996,12.268,169.453,53.745,-68.346
-0.475,0.129,-0.744,8.179,-10.498,4.639,169.601,54.064,-68.89
-0.698,0.159,-0.842,8.789,-10.132,0.061,169.904,54.723,-69.131
-0.476,0.049,-0.741,12.939,11.536,-15.747,170.942,54.63,-68.533
-0.45,0.017,-0.693,5.127,-2.869,-23.682,172.018,54.855,-67.28
-0.376,-0.067,-0.634,-2.808,1.892,-28.015,173.112,55.096,-65.528
-0.419,0.01,-0.679,-15.93,-4.761,-12.695,173.243,55.399,-64.297
-0.364,-0.07,-0.566,-30.762,-4.333,-40.1,173.172,55.92,-62.529
-0.408,0.011,-0.65,-58.96,-1.831,-86.609,173.018,56.64,-58.475
-0.705,0.116,-0.797,-81.726,-12.878,-127.014,173.304,58.024,-51.515
-0.771,0.35,-1.072,-45.654,29.419,-71.533,173.573,58.557,-45.456
-0.739,0.481,-1.131,-6.531,23.132,0.488,173.348,57.689,-43.632
-0.505,0.362,-1.059,31.25,30.945,53.528,173.046,55.97,-45.731
-0.465,0.244,-1.017,49.194,7.141,54.077,173.304,54.624,-49.323
-0.518,0.15,-0.965,46.814,2.014,54.871,174.051,54.014,-52.625
-0.465,0.118,-0.883,39.368,9.888,57.129,174.49,53.295,-56.063
-0.335,0.141,-0.765,31.982,-0.854,51.575,174.727,52.564,-59.134
-0.412,0.147,-0.756,30.762,-11.292,50.842,174.798,52.575,-62.15
-0.333,0.131,-0.679,28.198,-7.385,39.185,174.935,52.657,-64.852
-0.372,0.101,-0.674,19.775,-12.695,23.682,175.155,52.96,-66.72
-0.423,0.114,-0.699,4.517,-9.705,13.794,175.144,53.377,-67.736
-0.396,0.166,-0.699,0.244,-8.789,8.118,174.76,53.69,-68.544
-0.441,0.185,-0.771,1.953,-12.817,-1.526,174.567,54.3,-68.884
-0.467,0.154,-0.822,4.578,-11.963,-2.319,174.677,54.855,-69.0
-0.655,0.161,-0.968,3.418,-13.977,1.404,174.71,55.514,-69.214
-0.729,0.14,-1.147,7.996,-5.981,-0.916,174.902,55.849,-69.395
-0.881,0.163,-1.08,20.996,-3.357,-6.531,175.419,56.503,-69.445
-0.451,-0.069,-0.863,27.466,18.372,-13.794,177.33,55.789,-68.456
-0.348,-0.135,-0.769,16.357,-1.953,10.742,178.616,55.415,-68.126
-0.522,-0.026,-0.767,3.296,-9.521,25.208,178.572,55.783,-68.95
-0.54,0.018,-0.782,8.362,11.169,14.465,178.314,55.679,-69.901
-0.469,-0.024,-0.856,3.601,22.888,0.183,178.665,54.844,-69.835
-0.382,-0.041,-0.896,6.653,19.714,0.305,179.044,53.679,-69.456
-0.446,-0.074,-0.841,2.502,-1.526,6.531,179.407,53.306,-69.153
-0.438,-0.046,-0.807,6.409,11.292,16.602,179.462,53.02,-69.401
-0.353,-0.082,-0.776,2.563,7.69,18.677,179.484,52.443,-69.895
-0.371,-0.044,-0.73,-5.737,-2.075,14.221,179.116,52.35,-70.329
-0.325,-0.042,-0.712,-12.939,-1.953,6.592,178.616,52.377,-70.334
-0.425,0.03,-0.74,-18.799,-8.667,9.094,177.731,52.751,-70.323
-0.244,0.028,-0.714,-18.005,-6.348,12.878,176.776,52.811,-70.494
-0.384,0.132,-0.761,-18.433,-40.405,17.822,175.479,53.97,-71.12
-0.669,0.243,-0.78,-13.611,-40.466,18.433,173.979,55.964,-72.323
-0.93,0.29,-0.996,-13.062,-32.654,21.301,172.771,57.36,-73.553
-0.887,0.352,-1.131,3.601,26.367,24.17,171.573,57.48,-75.163
-0.361,0.324,-1.055,6.348,30.518,26.062,171.2,55.107,-76.262
-0.432,0.215,-0.966,14.465,-5.249,11.902,171.161,54.399,-77.322
-0.471,0.16,-0.855,10.559,-3.418,16.846,171.321,54.47,-78.085
-0.463,0.18,-0.76,12.878,-10.681,28.809,171.151,54.476,-79.415
-0.467,0.216,-0.708,19.226,-2.441,37.598,170.843,54.47,-81.387
-0.4,0.206,-0.64,24.048,-9.094,40.71,170.733,54.278,-83.639
-0.425,0.186,-0.688,31.189,-3.052,43.396,170.766,54.229,-86.1
-0.412,0.17,-0.702,32.043,-12.451,44.861,170.98,54.146,-88.687
-0.411,0.162,-0.75,27.71,-10.864,44.373,171.035,54.25,-91.291
-0.406,0.148,-0.729,19.958,-24.963,37.354,170.865,54.778,-93.675
-0.536,0.177,-0.787,14.465,-27.344,31.86,170.491,55.739,-95.724
-0.626,0.191,-0.864,16.663,-11.414,36.133,170.013,56.431,-97.723
-0.829,0.25,-1.065,13.367,-18.005,56.152,169.261,56.459,-100.261
-0.776,0.217,-0.965,30.701,4.883,56.396,168.475,56.316,-103.502
-0.478,0.082,-0.835,29.297,0.183,45.776,168.799,55.393,-105.667
-0.612,0.123,-0.771,18.25,-41.687,47.119,168.365,56.272,-108.27
-0.688,0.124,-0.755,20.264,-4.639,44.861,167.904,57.09,-110.632
-0.625,0.149,-0.753,28.992,4.761,46.204,167.745,56.673,-112.72
-0.558,0.098,-0.755,34.302,9.949,44.434,168.206,55.893,-114.576
-0.522,0.075,-0.763,36.072,3.418,45.471,168.799,55.201,-116.466
-0.542,0.052,-0.78,31.25,-10.071,37.903,169.42,55.009,-118.224
-0.63,0.008,-0.791,31.433,-4.333,28.809,170.03,55.432,-119.592
-0.574,-0.001,-0.818,22.949,6.836,27.832,170.821,55.118,-120.355
-0.539,-0.048,-0.943,23.315,17.517,21.301,171.546,54.553,-120.861
-0.358,-0.063,-1.007,8.118,2.075,23.254,172.183,53.822,-121.014
-0.634,0.101,-1.035,-3.296,-30.029,28.87,171.606,54.662,-121.904
-0.368,0.086,-0.872,12.573,18.005,25.696,171.398,54.52,-122.706
-0.072,0.046,-0.734,3.662,-8.911,31.86,171.37,53.784,-123.525
-0.486,0.207,-0.769,-5.676,-53.833,47.546,170.041,55.173,-125.777
-0.672,0.239,-0.874,2.38,4.822,59.692,168.431,55.585,-128.743
-0.414,0.237,-0.831,-0.732,8.728,52.795,167.02,54.245,-131.369
-0.37,0.241,-0.759,-8.362,-10.986,41.87,165.624,53.723,-133.522
-0.517,0.382,-0.775,-2.197,-13.855,50.659,163.954,53.718,-136.049
-0.46,0.413,-0.771,23.193,-8.606,69.519,162.845,53.146,-139.307
-0.4,0.362,-0.782,35.095,-12.329,82.581,162.246,52.306,-143.47
-0.37,0.401,-0.778,38.025,-26.245,86.975,161.713,51.685,-148.228
-0.451,0.408,-0.822,42.725,-30.823,84.473,161.252,51.482,-153.259
-0.62,0.395,-0.956,38.391,-36.804,80.811,161.005,51.493,-157.972
-0.609,0.379,-0.903,37.231,-25.574,88.44,160.345,51.52,-162.856
-0.5,0.319,-0.857,42.053,-15.137,81.36,160.082,50.85,-167.206
-0.312,0.197,-0.719,56.03,-23.071,70.007,160.659,50.262,-170.969
-0.458,0.13,-0.694,63.538,-46.57,63.416,161.917,50.817,-174.589
-0.653,0.044,-0.833,72.144,-19.348,73.303,163.581,51.422,-178.099
-0.512,-0.008,-0.864,66.284,-0.854,85.205,165.185,50.603,178.423
-0.392,-0.039,-0.864,53.101,-6.287,85.205,166.366,49.768,174.836
-0.416,-0.008,-0.865,38.208,-18.494,74.524,167.042,49.587,171.414
-0.42,0.063,-0.829,32.471,-19.287,68.359,167.349,49.746,168.212
-0.395,0.024,-0.808,29.724,-21.851,50.72,167.794,50.12,165.547
-0.461,0.028,-0.866,24.658,-20.935,33.02,168.365,50.757,163.685
-0.396,-0.028,-0.907,21.545,-8.789,10.925,169.376,51.235,162.982
-0.519,0.098,-0.911,7.996,-16.357,1.465,170.046,52.026,162.883
-0.251,0.073,-0.834,0.854,4.333,1.892,170.629,52.064,163.114
-0.402,0.227,-0.831,-18.188,-38.574,19.47,170.002,52.63,162.301
-0.76,0.337,-0.968,-4.517,-5.371,18.677,168.766,53.762,160.862
-0.415,0.259,-0.921,0.0,25.085,12.634,168.404,52.707,160.532
-0.261,0.223,-0.9,0.366,5.31,1.038,168.365,51.806,160.626
-0.324,0.19,-0.788,-4.761,-19.836,1.038,168.261,52.037,160.538
-0.424,0.249,-0.703,-6.165,-23.315,9.46,167.651,52.954,159.89
-0.474,0.289,-0.709,-1.465,-15.442,14.648,166.976,53.624,159.049
-0.419,0.31,-0.702,6.104,-5.127,19.226,166.514,53.74,158.203
-0.307,0.304,-0.69,11.292,-4.578,19.714,166.262,53.553,157.236
-0.397,0.303,-0.685,14.832,-30.823,15.747,166.124,54.201,156.083
-0.516,0.223,-0.722,19.165,-26.733,13.489,166.24,55.327,155.001
-0.541,0.237,-0.741,15.076,-19.287,17.212,166.273,56.19,154.017
-0.446,0.222,-0.704,14.893,-13.733,16.479,166.322,56.629,153.199
-0.587,0.263,-0.864,9.338,-26.062,17.212,166.185,57.244,152.243
-0.766,0.229,-0.922,8.606,-25.391,10.315,165.833,58.513,151.216
-0.917,0.281,-1.01,-0.122,-14.832,9.705,165.63,59.2,150.853
-0.632,0.206,-0.909,10.437,17.029,1.038,165.685,59.189,150.936
-0.483,0.153,-0.885,6.897,15.259,-0.183,166.454,58.376,151.738
-0.485,0.215,-0.883,1.282,5.31,13.367,166.591,57.766,151.694
-0.476,0.193,-0.807,6.348,3.357,4.028,166.591,57.404,151.309
-0.549,0.182,-0.813,4.272,-2.625,0.244,166.921,57.31,151.342
-0.54,0.146,-0.77,5.005,3.601,-5.188,167.294,57.327,151.622
-0.513,0.131,-0.764,0.427,5.127,-7.507,167.778,57.178,152.336
-0.562,0.141,-0.799,-2.197,7.08,-10.193,168.135,57.052,153.177
-0.462,0.14,-0.774,-2.502,14.587,-8.362,168.558,56.58,154.188
-0.478,0.164,-0.811,-2.808,3.845,-4.272,168.728,56.206,154.753
-0.55,0.153,-0.85,0.854,8.484,-7.141,169.014,56.025,155.33
-0.465,0.114,-0.798,-2.075,3.845,-6.165,169.321,55.75,155.984
-0.544,0.141,-0.785,-7.751,-0.366,-7.202,169.305,55.876,156.55
-0.499,0.144,-0.732,-10.376,-2.319,-9.216,169.211,56.019,157.302
-0.565,0.162,-0.73,-12.085,-0.549,-8.789,168.931,56.321,158.06
-0.469,0.13,-0.669,-18.372,-2.38,-16.113,168.706,56.453,159.219
-0.521,0.14,-0.679,-21.484,-4.517,-23.743,168.327,57.008,160.648
-0.447,0.142,-0.595,-23.804,-8.85,-30.396,168.058,57.695,162.576
-0.496,0.151,-0.571,-23.865,-15.686,-30.945,167.822,58.81,164.63
-0.693,0.197,-0.753,-18.066,-10.986,-26.367,167.684,59.897,166.624
-0.679,0.216,-0.815,-9.705,4.944,-19.47,167.75,60.447,168.47
-0.518,0.22,-0.786,-5.249,9.583,-11.597,167.937,60.375,169.931
-0.917,0.373,-1.032,-0.366,1.282,-3.784,167.882,60.458,170.662
-0.663,0.279,-0.996,2.808,42.786,8.362,168.36,59.315,171.48
-0.39,0.371,-0.982,-3.479,28.564,32.288,167.552,57.261,170.7
-0.464,0.353,-0.926,5.981,2.502,4.944,167.102,56.398,169.821
-0.5,0.263,-0.872,6.042,3.479,-2.563,167.454,56.206,169.964
-0.519,0.241,-0.818,1.099,0.183,4.517,167.443,56.03,169.799
-0.517,0.252,-0.771,-2.563,0.366,3.906,167.201,55.898,169.64
-0.431,0.25,-0.69,-2.136,0.488,5.432,166.855,55.772,169.464
-0.494,0.251,-0.71,-4.395,-2.625,4.456,166.476,55.805,169.31
-0.427,0.266,-0.681,-7.507,0.977,10.315,165.883,55.646,169.052
-0.48,0.331,-0.729,-3.601,4.15,16.113,165.075,55.443,168.426
-0.349,0.338,-0.701,2.502,6.653,17.7,164.493,54.805,167.69
-0.366,0.333,-0.683,5.92,-13.489,18.616,164.037,54.662,166.674
-0.434,0.364,-0.708,8.301,-14.465,21.973,163.477,54.937,165.207
-0.462,0.319,-0.702,12.329,-16.541,11.414,163.196,55.283,163.949
-0.398,0.282,-0.694,7.507,-17.883,6.348,163.136,55.876,163.196
-0.426,0.25,-0.744,2.686,-33.569,-2.075,162.988,56.92,162.592
-0.756,0.366,-0.842,-0.854,-45.593,2.991,162.383,58.815,161.686
-0.967,0.34,-0.981,4.944,-20.691,-2.075,162.197,60.244,161.213
-0.765,0.313,-0.955,9.521,22.705,-5.859,162.724,60.134,161.801
-0.496,0.267,-0.957,11.108,35.034,-7.019,163.922,58.694,163.152
-0.396,0.227,-0.869,10.01,-2.319,-3.54,164.817,58.019,163.735
-0.542,0.211,-0.824,12.024,-19.47,4.578,165.152,58.689,163.174
-0.543,0.189,-0.743,14.343,-20.264,5.249,165.454,59.392,162.372
-0.576,0.119,-0.723,15.686,-23.376,-3.296,166.064,60.397,162.01
-0.649,0.036,-0.726,10.803,-27.1,-6.775,166.772,61.683,162.076
-0.629,0.023,-0.645,3.052,-23.865,20.447,166.712,62.869,161.472
-0.77,0.166,-0.697,7.263,-4.639,21.667,165.784,63.386,159.884
-0.679,0.192,-0.686,5.798,9.094,7.324,165.85,63.182,159.884
-0.569,0.108,-0.647,10.925,17.517,0.488,166.432,62.606,160.505
-0.499,0.074,-0.612,1.465,8.362,-2.563,167.069,62.111,161.389
-0.567,0.09,-0.643,-3.845,6.958,-0.183,167.256,61.968,162.048
-0.529,0.115,-0.671,-2.075,12.756,4.15,167.311,61.562,162.543
-0.444,0.124,-0.613,-1.221,5.676,3.357,167.234,61.155,162.686
-0.62,0.13,-0.752,-9.338,-11.658,-5.188,167.305,61.282,163.054
-0.759,0.22,-0.829,-9.216,-8.85,-8.545,166.987,62.062,163.455
-0.632,0.257,-0.803,-11.475,11.414,-2.869,166.767,62.067,164.262
-0.767,0.407,-0.851,0.061,8.728,10.559,166.014,61.699,164.081
-0.613,0.212,-0.92,13.062,35.706,2.991,166.8,60.342,164.548
-0.485,0.2,-0.977,8.545,35.217,14.221,167.151,58.568,164.377
-0.347,0.18,-0.927,-6.287,16.296,9.705,167.141,57.025,163.894
-0.555,0.287,-0.917,-11.169,2.808,8.118,166.355,56.585,162.933
-0.479,0.344,-0.878,-17.029,12.695,20.874,165.377,55.833,162.01
-0.417,0.417,-0.84,-9.766,-1.831,25.696,163.96,55.02,160.384
-0.477,0.413,-0.793,-6.653,-12.512,14.282,162.834,54.97,158.829
-0.519,0.398,-0.746,-7.507,-13.855,6.287,161.977,55.316,157.863
-0.569,0.393,-0.699,-4.395,-12.268,-0.244,161.285,55.854,157.368
-0.6,0.438,-0.693,3.113,-2.93,3.54,160.906,56.206,157.258
-0.521,0.32,-0.654,10.437,9.216,1.953,161.082,56.003,157.346
-0.426,0.326,-0.65,6.348,4.822,4.15,161.301,55.64,157.593
-0.391,0.304,-0.634,9.399,2.258,4.028,161.378,55.497,157.522
-0.353,0.321,-0.635,4.822,-5.92,4.639,161.472,55.486,157.39
-0.343,0.359,-0.666,5.371,-10.193,10.925,161.246,55.657,156.72
-0.404,0.368,-0.702,11.047,-17.273,7.874,161.005,56.069,155.687
-0.419,0.325,-0.665,7.202,-32.959,2.38,160.873,57.025,154.693
-0.607,0.296,-0.696,2.502,-38.513,-5.676,160.576,58.733,153.853
-0.849,0.382,-0.828,0.0,-25.085,-6.042,160.197,60.309,153.517
-0.724,0.289,-0.792,7.629,-7.141,-13.977,160.554,61.166,154.067
-0.988,0.326,-1.089,5.31,-15.747,-12.756,161.29,61.919,154.962
-0.736,0.237,-0.923,15.869,12.512,-9.766,162.164,62.32,155.704
-0.554,0.175,-0.812,11.841,6.531,-5.432,163.46,61.974,156.747
-0.544,0.21,-0.772,11.169,5.31,5.615,164.125,61.705,156.841
-0.511,0.214,-0.747,12.268,3.601,3.418,164.658,61.331,156.572
-0.573,0.169,-0.773,13.55,0.793,-8.484,165.46,61.271,156.588
-0.596,0.124,-0.771,11.841,3.052,-13.977,166.646,61.271,157.22
-0.639,0.095,-0.824,7.629,0.916,-11.353,167.756,61.342,157.945
-0.576,0.082,-0.765,8.484,3.54,-9.827,168.618,61.37,158.511
-0.612,0.1,-0.727,6.714,0.183,-3.174,169.382,61.441,158.972
-0.563,0.088,-0.705,8.789,8.301,1.526,169.964,61.221,159.142
-0.562,0.032,-0.724,7.812,6.47,-5.615,170.689,60.908,159.428
-0.5,-0.021,-0.684,-0.305,6.104,-17.395,171.53,60.782,160.384
-0.517,-0.035,-0.651,-13.977,-8.301,-24.231,172.172,61.111,161.829
-0.615,0.058,-0.674,-20.386,-9.521,-14.709,172.15,61.859,163.065
-0.626,0.073,-0.695,-10.498,4.883,-7.507,171.931,62.183,163.954
-0.472,0.03,-0.64,-12.024,3.601,-2.197,171.876,61.913,164.685
-0.507,0.094,-0.67,-15.381,-16.663,3.601,171.222,62.375,164.575
-0.776,0.208,-0.825,-9.827,-9.338,5.31,170.354,63.182,164.13
-0.595,0.255,-0.805,-3.845,15.747,18.372,169.722,62.776,163.652
-0.871,0.448,-1.03,0.916,2.136,28.809,168.805,61.837,162.323
-0.593,0.245,-0.925,26.733,25.635,11.78,169.008,60.985,161.257
-0.506,0.204,-0.905,15.808,16.296,16.479,169.667,59.738,160.609
-0.541,0.137,-0.897,11.597,7.263,1.465,170.063,58.975,159.89
-0.516,0.123,-0.84,-3.479,11.292,2.258,170.316,58.546,159.653
-0.499,0.162,-0.805,-15.625,1.892,8.911,169.739,58.008,159.049
-0.515,0.283,-0.763,-16.418,-1.648,15.991,168.497,57.849,157.972
-0.489,0.33,-0.698,-9.644,-4.333,24.048,167.179,57.711,156.533
-0.508,0.358,-0.684,0.0,-2.441,23.315,166.047,57.53,154.99
-0.49,0.287,-0.681,3.235,3.967,11.169,165.569,57.217,154.122
-0.532,0.29,-0.731,1.526,6.104,5.981,165.289,56.898,153.809
-0.502,0.282,-0.747,-1.648,11.475,4.639,165.13,56.371,153.842
-0.504,0.357,-0.78,-2.563,9.949,11.475,164.685,55.778,153.55
-0.372,0.335,-0.746,3.479,7.874,10.559,164.41,55.096,153.073
-0.459,0.37,-0.776,6.409,-13.55,10.437,164.086,55.179,152.166
-0.461,0.32,-0.77,4.395,-14.893,4.578,164.031,55.607,151.452
-0.473,0.33,-0.78,5.92,-13.855,0.549,163.795,56.261,150.765
-0.361,0.267,-0.705,-3.601,-35.522,-7.141,163.724,57.151,150.469
-0.735,0.33,-0.746,-2.075,-59.265,-16.052,163.004,59.755,149.694
-0.616,0.205,-0.582,0.916,-44.25,-30.09,163.273,62.342,150.139
-0.943,0.216,-0.82,1.587,-53.345,-21.79,163.724,65.083,150.908
-0.931,0.229,-0.741,9.338,-23.01,-3.357,163.861,67.291,151.1
-1.056,0.28,-0.912,24.719,12.512,11.475,164.46,67.599,151.221
-0.739,0.194,-0.838,37.231,38.757,21.79,165.624,66.028,151.139
-0.519,0.079,-0.733,29.968,15.442,15.869,166.921,64.567,150.809
-0.562,0.071,-0.668,14.709,0.244,9.705,167.591,64.259,150.309
-0.574,0.079,-0.638,6.714,5.493,1.587,168.008,64.138,150.178
-0.569,0.089,-0.676,3.418,14.282,-10.437,168.766,63.671,150.875
-0.675,0.094,-0.762,1.16,11.536,-14.465,169.64,63.303,151.979
-0.645,0.088,-0.792,1.587,18.86,-16.602,170.612,62.737,153.298
-0.572,0.045,-0.775,2.686,17.7,-18.738,171.656,62.078,154.688
-0.504,-0.008,-0.689,-4.639,-3.174,-25.818,172.683,61.974,156.198
-0.465,-0.026,-0.613,-8.85,4.15,-29.48,173.546,62.435,157.945
-0.284,-0.075,-0.465,-17.883,-2.075,-20.081,174.161,62.424,159.5
-0.293,-0.01,-0.438,-32.41,-25.208,-10.01,173.688,63.089,159.944
-0.693,0.197,-0.697,-37.476,-35.156,4.7,172.106,64.567,159.51
-1.007,0.385,-0.874,-13.977,-20.203,7.507,170.156,65.951,158.67
-0.903,0.314,-0.915,-5.493,-1.038,14.099,169.536,66.16,158.467
-0.941,0.373,-0.997,3.235,16.235,16.541,168.475,65.901,157.489
-0.779,0.309,-1.021,8.423,42.236,3.357,168.745,64.215,157.659
-0.5,0.231,-0.958,4.883,37.048,2.563,169.222,62.128,158.088
-0.493,0.17,-0.841,-8.118,-5.371,-6.042,169.222,61.501,158.269
-0.67,0.216,-0.78,-13.733,-5.798,-9.155,168.772,62.018,158.483
-0.625,0.279,-0.723,-12.146,2.563,-0.732,168.25,61.985,158.763
-0.522,0.28,-0.682,-3.235,9.46,11.169,167.657,61.529,158.478
-0.436,0.264,-0.613,2.93,-0.061,9.521,167.19,61.161,157.852
-0.411,0.223,-0.575,7.08,-0.305,6.714,167.053,61.062,157.368
-0.419,0.247,-0.587,4.211,-5.554,12.939,166.772,61.046,156.649
-0.443,0.257,-0.636,6.775,-3.357,15.198,166.344,60.93,155.654
-0.431,0.299,-0.632,1.587,-18.005,16.907,165.619,61.062,154.38
-0.561,0.307,-0.653,7.019,-20.813,5.859,164.916,61.837,153.171
-0.702,0.267,-0.799,11.963,-16.846,-0.61,165.042,62.501,152.82
-0.785,0.191,-0.905,9.949,-9.277,4.089,165.284,63.144,152.512
-0.722,0.199,-0.829,5.249,-6.592,9.583,165.19,63.523,152.029
-0.991,0.212,-0.946,-0.61,-9.399,1.953,165.119,63.77,151.76
-0.778,0.215,-0.905,-0.305,25.085,-5.859,165.339,63.479,152.325
-0.592,0.185,-0.79,2.563,11.719,-13.245,165.998,62.732,153.463
-0.551,0.144,-0.713,2.563,15.869,-14.404,167.003,62.347,154.808
-0.485,0.167,-0.699,-4.578,9.766,2.869,167.305,61.782,155.402
-0.583,0.237,-0.739,-1.343,-1.282,4.944,166.959,61.589,155.149
-0.678,0.217,-0.774,9.033,3.906,-4.15,167.267,61.562,155.347
-0.624,0.124,-0.773,13.0,11.353,-3.052,168.129,61.227,155.956
-0.594,0.111,-0.761,10.071,9.338,4.944,168.75,60.771,156.22
-0.569,0.126,-0.771,12.207,10.132,7.935,169.195,60.249,156.149
-0.577,0.09,-0.786,10.986,9.155,2.258,169.794,59.821,156.176
-0.536,0.056,-0.756,6.348,8.24,-7.568,170.497,59.464,156.709
-0.586,0.041,-0.755,-0.977,5.798,-19.836,171.282,59.409,157.885
-0.576,0.044,-0.716,-4.944,1.953,-27.893,172.134,59.442,159.56
-0.502,-0.006,-0.638,-1.831,11.78,-34.546,173.205,59.595,161.785
-0.18,-0.111,-0.377,-6.042,14.282,-33.02,174.523,59.145,164.251
-0.135,-0.108,-0.43,-28.259,-21.667,-17.029,174.963,59.31,165.795
-0.479,0.112,-0.647,-39.429,-38.025,2.686,173.6,60.892,165.531
-1.006,0.339,-0.991,-25.574,-34.058,4.883,171.65,62.573,164.707
-0.912,0.346,-1.122,-13.245,14.465,11.841,170.656,63.012,164.597
-0.855,0.452,-1.08,-0.305,0.0,38.33,169.14,62.501,162.999
-0.795,0.434,-1.101,13.855,35.889,30.396,168.261,61.084,161.18
-0.452,0.29,-0.949,14.893,25.513,12.024,168.525,59.216,160.593
-0.503,0.208,-0.867,3.296,-1.343,0.0,168.662,58.716,160.269
-0.579,0.2,-0.795,-6.47,-5.005,-6.592,168.591,58.947,160.389
-0.545,0.27,-0.748,-7.874,3.052,3.235,168.14,58.909,160.384
-0.5,0.297,-0.72,-2.991,-1.099,8.545,167.558,58.744,159.922
-0.465,0.273,-0.681,3.052,5.188,4.395,167.278,58.557,159.582
-0.359,0.266,-0.667,3.54,7.69,6.042,167.234,58.057,159.439
-0.408,0.271,-0.672,7.507,-8.24,5.371,167.146,57.903,158.994
-0.42,0.265,-0.639,9.583,-13.184,9.705,167.053,58.228,158.269
-0.491,0.237,-0.634,10.437,-18.799,5.371,166.954,58.832,157.451
-0.511,0.249,-0.653,9.644,-16.052,3.235,166.954,59.573,156.907
-0.465,0.195,-0.653,11.475,-13.55,-0.732,167.146,60.2,156.588
-0.733,0.233,-0.814,8.728,-27.039,-1.038,167.344,61.172,156.324
-0.824,0.186,-0.851,9.949,-9.766,-6.958,167.657,62.216,156.286
-0.713,0.084,-0.949,0.916,-7.08,-14.587,168.448,62.501,157.137
-0.997,0.179,-1.031,-4.211,-10.498,-9.949,168.525,63.556,157.725
-0.708,0.147,-0.873,3.052,17.578,-5.676,169.167,63.094,158.725
-0.651,0.162,-0.835,4.822,5.981,9.827,169.371,62.721,158.774
-0.543,0.167,-0.773,7.019,10.62,15.686,169.327,62.1,158.154
-0.527,0.163,-0.738,7.202,3.784,10.437,169.255,61.672,157.445
-0.498,0.087,-0.704,5.615,2.991,-5.859,169.662,61.485,157.484
-0.611,0.092,-0.7,-0.61,-9.338,-14.465,170.228,61.776,158.159
-0.604,0.055,-0.692,-0.305,2.441,-17.7,170.98,62.1,159.269
-0.613,0.066,-0.707,-5.859,-4.15,-6.592,171.42,62.188,160.142
-0.547,0.035,-0.648,0.61,7.812,-12.634,171.727,62.342,160.829
-0.501,-0.009,-0.652,-6.836,2.869,-7.446,172.348,62.073,161.845
-0.438,0.008,-0.606,-11.963,-1.099,-3.601,172.222,62.133,162.202
-0.517,0.097,-0.639,-18.738,-10.803,6.409,171.678,62.446,162.208
-0.45,0.139,-0.59,-12.634,-4.883,14.832,170.502,62.71,161.4
-0.634,0.239,-0.735,-11.292,-25.696,18.738,169.255,63.188,160.192
-0.857,0.312,-0.877,1.648,-13.611,19.47,168.129,64.045,158.791
-0.796,0.388,-1.133,7.812,3.601,33.325,167.349,63.715,157.242
-0.859,0.324,-1.025,32.043,4.028,20.203,167.091,63.732,155.44
-0.705,0.321,-0.938,23.56,19.714,36.743,167.465,62.43,154.144
-0.62,0.236,-0.894,24.658,12.146,31.311,167.415,61.166,152.221
-0.617,0.223,-0.806,17.578,3.479,22.034,167.503,60.628,150.831
-0.563,0.197,-0.752,14.099,5.798,25.146,167.542,60.024,149.551
-0.487,0.233,-0.689,15.137,3.723,33.142,167.245,59.48,147.854
-0.393,0.248,-0.622,18.799,3.052,44.373,166.745,58.76,145.525
-0.328,0.259,-0.557,18.921,-11.292,50.598,165.998,58.288,142.581
-0.457,0.3,-0.642,22.644,-18.066,50.415,165.097,58.326,139.268
-0.426,0.284,-0.625,24.841,-22.095,44.983,164.432,58.403,136.143
-0.551,0.283,-0.67,22.217,-21.912,39.185,163.812,58.881,133.226
-0.485,0.265,-0.692,20.02,-5.371,31.067,163.438,58.87,130.963
-0.637,0.319,-0.78,21.912,-2.319,34.546,163.13,58.722,128.93
-0.665,0.226,-0.933,23.315,6.897,38.574,163.328,57.788,127.013
-0.592,0.133,-1.007,9.521,-9.888,38.94,163.185,57.14,124.601
-0.741,0.245,-0.958,-5.859,-20.874,38.757,161.917,57.349,121.536
-0.65,0.287,-0.815,-2.808,-20.264,29.907,160.681,57.607,118.839
-0.614,0.269,-0.729,14.038,-9.155,30.151,160.12,57.843,116.505
-0.539,0.222,-0.651,20.935,-6.775,44.434,160.027,57.491,113.956
-0.569,0.237,-0.647,23.804,-11.719,56.274,159.626,57.019,110.495
-0.716,0.256,-0.727,23.01,-11.475,51.88,159.192,56.722,106.842
-0.635,0.211,-0.745,25.818,4.761,39.062,159.324,56.107,103.881
-0.628,0.232,-0.784,20.508,-6.897,35.461,159.642,55.646,101.206
-0.611,0.197,-0.858,25.513,-0.488,30.884,160.087,55.437,98.492
-0.506,0.272,-0.823,16.907,-21.973,50.964,160.192,55.129,95.235
-0.722,0.387,-0.908,28.992,-16.296,56.58,159.664,55.272,90.906
-0.329,0.271,-0.725,37.537,-2.563,60.242,159.966,54.437,86.984
-0.359,0.33,-0.776,43.03,-25.024,55.481,160.142,54.053,82.793
-0.391,0.211,-0.742,43.945,-26.001,51.331,160.988,54.108,79.058
-0.64,0.349,-0.832,37.17,-32.104,71.96,160.917,54.459,74.361
-0.537,0.361,-0.827,44.983,-1.16,82.581,160.823,53.718,69.115
-0.383,0.365,-0.789,49.072,-12.39,88.623,160.917,52.46,63.638
-0.355,0.342,-0.725,49.072,-27.71,90.21,161.005,51.762,57.821
-0.412,0.356,-0.707,47.241,-37.415,91.553,160.818,51.68,51.685
-0.399,0.376,-0.707,44.312,-35.95,95.459,160.378,51.663,45.236
-0.514,0.466,-0.765,41.138,-37.476,103.699,159.609,51.553,38.37
-0.543,0.441,-0.886,46.997,-25.757,92.468,159.131,51.015,31.635
-0.636,0.328,-0.988,43.884,-23.56,77.942,159.313,50.603,25.884
-0.558,0.235,-0.934,44.495,-12.146,70.129,159.642,50.01,20.605
-0.271,0.067,-0.701,36.499,-15.93,57.068,160.472,49.471,16.364
-0.485,0.237,-0.775,25.94,-42.48,74.463,160.318,49.801,11.497
-0.54,0.191,-0.802,46.57,-5.31,72.754,160.62,49.603,6.295
-0.387,0.164,-0.819,45.898,0.0,70.923,161.598,48.483,1.774
-0.313,0.143,-0.818,35.522,-18.005,65.552,162.444,47.67,-2.576
-0.502,0.153,-0.793,34.18,-34.729,44.8,163.048,48.159,-6.548
-0.575,0.109,-0.765,32.288,-23.193,34.668,163.943,49.016,-9.684
-0.553,0.084,-0.744,24.048,-17.639,34.729,164.729,49.603,-12.464
-0.509,0.065,-0.741,15.564,-14.465,26.428,165.223,50.037,-14.947
-0.591,0.118,-0.815,6.165,-13.367,20.569,165.405,50.62,-16.963
-0.542,0.074,-0.797,1.221,-9.949,13.672,165.504,51.092,-18.55
-0.601,0.179,-0.804,-13.55,-21.667,18.311,164.855,51.817,-20.22
-0.777,0.219,-0.996,-17.09,-5.737,11.78,163.965,52.471,-21.753
-0.589,0.351,-0.978,-26.123,7.568,16.846,162.642,52.344,-23.06
-0.188,0.368,-0.835,-15.503,30.945,13.306,161.669,51.103,-23.901
-0.065,0.476,-0.831,-16.418,-5.554,18.677,160.708,50.059,-24.824
-0.432,0.515,-0.927,7.874,-17.09,18.86,159.829,50.433,-26.686
-0.394,0.324,-0.912,19.348,15.747,6.165,160.356,49.741,-27.68
-0.243,0.249,-0.953,13.855,16.602,-2.625,161.351,48.856,-27.62
-0.131,0.3,-0.844,10.498,-3.174,15.198,161.774,48.131,-28.12
-0.237,0.305,-0.79,11.475,-22.217,13.916,161.982,48.257,-29.185
-0.331,0.349,-0.794,12.573,-25.085,19.47,162.026,48.851,-30.657
-0.349,0.376,-0.795,18.066,-12.878,18.86,162.131,49.197,-32.327
-0.291,0.392,-0.746,23.438,-19.226,15.625,162.548,49.406,-33.838
-0.331,0.377,-0.705,29.602,-29.846,12.268,163.202,50.175,-35.436
-0.414,0.411,-0.705,37.781,-32.959,8.789,164.092,51.378,-37.15
-0.433,0.392,-0.685,47.302,-33.203,1.526,165.515,52.789,-38.721
-0.485,0.309,-0.679,52.795,-31.555,-10.132,167.52,54.421,-39.842
-0.462,0.181,-0.672,48.95,-25.391,-18.738,169.92,55.937,-40.204
-0.435,0.047,-0.631,38.635,-33.02,-20.02,172.233,57.596,-40.073
-0.665,0.008,-0.832,20.203,-39.856,-12.878,173.826,59.513,-39.897
-0.757,0.071,-0.842,11.169,-41.077,-9.033,174.573,61.611,-40.062
-0.978,0.034,-1.098,12.207,-50.598,-26.062,175.737,63.776,-39.479
-1.063,-0.155,-0.962,27.1,-20.386,-44.434,178.325,66.22,-37.48
-0.67,-0.244,-0.75,13.794,17.883,-16.663,-179.121,65.731,-35.546
-0.707,-0.163,-0.81,2.625,17.09,14.526,-178.731,65.078,-35.832
-0.496,-0.072,-0.71,0.916,29.297,18.372,-179.127,63.754,-36.92
-0.471,-0.038,-0.691,-2.686,3.479,7.996,-179.473,62.864,-37.727
-0.643,-0.032,-0.72,1.038,3.235,-1.404,-179.396,62.891,-37.831
-0.566,-0.112,-0.737,3.967,14.465,-5.615,-178.874,62.375,-37.584
-0.515,-0.165,-0.731,-1.099,6.104,-9.338,-178.281,61.809,-37.095
-0.622,-0.129,-0.768,-7.263,-0.061,-7.69,-177.863,61.738,-36.365
-0.477,-0.123,-0.646,-10.62,0.244,2.747,-177.885,61.644,-36.085
-0.546,-0.037,-0.64,-10.559,-2.747,5.554,-178.385,61.864,-36.271
-0.394,-0.06,-0.551,-10.864,2.747,3.967,-178.781,61.743,-36.475
-0.528,-0.016,-0.625,-10.742,-1.953,-0.793,-179.247,61.93,-36.579
-0.412,-0.057,-0.614,-13.855,6.104,-4.333,-179.407,61.644,-36.288
-0.693,0.047,-0.791,-13.489,-18.188,-7.019,-179.703,61.963,-35.925
-0.896,0.112,-0.95,-5.92,-18.127,-1.221,-179.835,62.935,-35.744
-1.003,0.153,-1.02,1.892,5.92,17.639,179.94,62.996,-36.502
-0.785,0.117,-1.042,8.057,38.208,27.771,179.363,61.716,-38.26
-0.482,0.165,-0.996,6.47,49.866,41.687,178.401,59.376,-40.627
-0.233,0.125,-0.824,6.47,6.042,29.053,177.506,57.568,-43.0
-0.47,0.158,-0.773,-3.662,-17.7,16.113,176.792,57.849,-44.423
-0.525,0.245,-0.71,1.892,-10.01,10.925,176.045,58.31,-45.544
-0.652,0.23,-0.78,10.315,-1.038,14.221,175.776,58.552,-46.659
-0.498,0.167,-0.764,8.972,15.381,22.095,175.551,57.953,-48.126
-0.483,0.208,-0.761,6.531,2.747,23.315,174.952,57.464,-49.861
-0.449,0.219,-0.744,7.629,0.427,22.339,174.402,57.151,-51.57
-0.479,0.192,-0.685,12.085,-12.207,23.193,173.963,57.316,-53.344
-0.433,0.183,-0.65,11.597,-5.554,26.794,173.502,57.607,-55.294
-0.532,0.211,-0.704,12.573,-12.085,20.325,173.079,57.914,-57.173
-0.425,0.137,-0.688,16.785,-0.122,17.334,173.156,57.997,-58.524
-0.465,0.166,-0.786,11.169,-26.123,30.945,172.733,58.387,-60.441
-0.798,0.093,-0.9,16.541,-25.513,21.851,172.238,59.744,-62.611
-0.807,0.137,-0.878,9.46,-8.606,8.057,172.123,60.414,-63.704
-0.766,0.004,-0.982,10.559,19.348,-6.042,172.941,59.897,-63.539
-0.451,-0.051,-0.932,1.648,14.282,-11.658,173.886,59.106,-62.551
-0.658,0.039,-0.875,-9.583,-8.728,3.174,173.809,59.266,-62.232
-0.515,0.067,-0.801,-5.676,22.827,4.517,173.617,58.694,-62.155
-0.48,0.127,-0.851,-5.798,21.057,13.672,173.271,57.524,-62.38
-0.449,0.106,-0.828,-3.357,14.832,3.601,173.007,56.536,-62.661
-0.494,0.149,-0.82,-7.751,4.578,-1.343,172.82,56.052,-62.529
-0.589,0.153,-0.824,-4.7,8.179,-9.46,172.749,55.865,-62.155
-0.503,0.146,-0.829,0.671,18.127,-8.728,173.029,55.245,-61.512
-0.47,0.094,-0.869,1.16,16.602,-5.31,173.403,54.465,-61.04
-0.431,0.067,-0.82,-3.357,10.925,-7.874,173.622,53.86,-60.606
-0.471,0.087,-0.821,-7.874,5.798,-13.611,173.677,53.525,-59.963
-0.541,0.046,-0.867,-6.409,9.46,-27.161,174.062,53.383,-58.634
-0.434,0.008,-0.83,-8.911,13.0,-20.813,174.49,52.976,-57.129
-0.35,0.017,-0.759,-16.907,4.822,-12.207,174.397,52.696,-56.124
-0.367,0.086,-0.678,-21.606,-13.733,-8.789,173.749,53.08,-55.541
-0.414,0.079,-0.644,-24.963,-17.151,-15.747,173.024,53.921,-54.899
-0.469,0.104,-0.66,-24.109,-8.911,-21.24,172.332,54.849,-53.981
-0.296,0.058,-0.544,-24.658,-11.78,-28.076,171.953,55.508,-52.674
-0.419,0.113,-0.687,-27.832,-29.053,-26.123,171.475,56.794,-51.295
-0.814,0.253,-0.961,-20.935,-29.541,-21.301,170.678,58.651,-50.614
-0.841,0.298,-1.082,-8.423,11.719,-18.494,170.541,59.595,-49.746
-0.585,0.354,-1.009,-4.089,17.151,12.878,170.305,58.733,-49.752
-0.542,0.355,-1.049,4.639,13.0,13.0,169.81,57.859,-50.828
-0.51,0.337,-0.964,5.615,-0.122,7.019,169.695,57.382,-51.608
-0.567,0.288,-0.873,2.808,-11.353,-1.099,169.557,57.497,-52.273
-0.66,0.272,-0.837,-4.944,-5.554,-9.949,169.464,57.997,-52.41
-0.643,0.285,-0.804,-2.625,2.258,-13.55,169.47,58.156,-52.125
-0.515,0.251,-0.728,-0.793,8.85,-8.484,169.673,58.019,-51.779
-0.449,0.245,-0.658,1.587,-1.587,0.0,169.607,57.942,-52.031
-0.436,0.224,-0.634,1.16,-1.526,2.625,169.459,58.03,-52.559
-0.396,0.241,-0.619,0.549,0.061,6.958,169.102,58.03,-53.322
-0.4,0.279,-0.624,0.061,-6.897,12.634,168.563,58.052,-54.382
-0.435,0.325,-0.65,4.211,-11.719,18.066,167.822,58.277,-55.948
-0.403,0.298,-0.617,9.949,-18.921,14.526,167.283,58.76,-57.623
-0.451,0.263,-0.609,9.644,-28.748,10.62,166.855,59.76,-59.249
-0.775,0.28,-0.872,8.301,-33.813,12.695,166.454,60.98,-60.732
-0.842,0.227,-0.889,13.306,-9.766,24.597,165.833,61.765,-62.726
-1.0,0.268,-1.043,12.512,0.183,12.756,165.74,61.644,-64.067
-0.598,0.085,-0.863,16.785,23.438,-15.503,166.789,61.095,-63.787
-0.557,0.024,-0.81,0.244,1.648,-20.325,168.201,60.798,-62.287
-0.604,0.094,-0.792,-9.521,5.859,-9.094,168.668,60.881,-61.172
-0.555,0.194,-0.788,-6.042,13.855,4.639,168.558,60.436,-60.743
-0.564,0.226,-0.828,5.005,7.69,5.615,168.503,59.815,-60.881
-0.512,0.137,-0.77,12.512,4.761,0.488,169.019,59.474,-60.908
-0.575,0.115,-0.75,8.789,-5.859,1.465,169.525,59.546,-60.963
-0.588,0.083,-0.743,6.409,-0.549,-5.493,170.085,59.694,-60.765
-0.631,0.101,-0.784,2.808,0.793,-5.981,170.634,59.804,-60.255
-0.463,0.06,-0.692,6.592,7.996,-8.423,171.222,59.678,-59.711
-0.56,0.09,-0.714,4.944,-11.292,-10.193,171.898,59.908,-59.041
-0.568,0.0,-0.71,16.235,6.165,-21.545,173.177,60.304,-57.964
-0.457,-0.097,-0.666,4.639,-1.709,-18.372,174.672,60.233,-56.448
-0.417,-0.089,-0.604,-7.69,-3.845,-20.813,175.347,60.639,-55.107
-0.431,-0.042,-0.53,-21.423,-21.484,-28.564,175.726,61.496,-53.3
-0.505,0.034,-0.63,-24.719,-23.499,-25.574,175.902,62.644,-51.339
-0.836,0.189,-0.817,-11.353,-32.532,-23.071,175.897,64.33,-49.883
-0.694,0.108,-0.774,-0.732,-0.488,-2.502,176.248,65.374,-49.087
-1.088,0.3,-1.003,6.958,0.427,20.325,175.616,65.154,-50.048
-0.871,0.139,-1.081,7.141,44.067,15.442,175.765,63.836,-50.911
-0.409,0.208,-0.951,2.319,43.701,28.015,175.089,61.282,-52.191
-0.448,0.168,-0.869,-0.305,-0.671,-3.601,174.688,60.106,-52.894
-0.595,0.163,-0.791,0.549,0.916,-15.259,175.007,60.287,-52.185
-0.611,0.148,-0.765,-2.075,-5.005,-2.991,175.155,60.271,-51.773
-0.598,0.156,-0.749,-4.7,3.235,5.188,174.798,60.293,-52.031
-0.5,0.165,-0.659,-9.399,-9.338,11.597,174.029,60.364,-52.712
-0.49,0.208,-0.584,-10.01,-17.273,16.174,172.738,61.04,-53.97
-0.41,0.286,-0.567,-3.418,-31.311,12.085,171.562,62.034,-55.278
-0.619,0.246,-0.591,12.024,-28.076,20.508,170.728,63.539,-57.057
-0.699,0.237,-0.661,11.597,-1.648,21.301,170.085,63.913,-58.975
-0.551,0.217,-0.66,11.902,15.015,11.536,169.964,63.309,-60.084
-0.507,0.249,-0.685,5.737,-0.854,10.376,169.843,62.897,-60.853
-0.619,0.257,-0.783,7.202,-7.812,5.188,169.684,62.924,-61.551
-0.779,0.273,-0.914,6.287,1.038,13.794,169.431,63.127,-62.364
-0.812,0.233,-0.953,4.639,-5.127,17.09,169.03,62.864,-63.441
-0.633,0.122,-0.821,-0.549,-7.385,7.568,168.541,62.924,-64.407
-0.854,0.172,-0.82,-5.737,-21.729,-10.01,168.124,63.951,-64.6
-0.777,0.13,-0.791,4.089,18.005,-12.634,168.695,64.232,-63.721
-0.634,0.143,-0.798,10.681,27.039,4.333,169.53,63.215,-63.018
-0.529,0.128,-0.768,15.076,24.536,14.526,170.041,61.924,-63.232
-0.563,0.093,-0.801,16.724,22.461,9.583,170.634,60.672,-63.561
-0.509,0.001,-0.782,14.221,23.56,-1.892,171.601,59.551,-63.265
-0.479,-0.029,-0.758,2.197,12.024,-10.498,172.491,58.804,-62.314
-0.556,-0.01,-0.774,-1.709,7.446,-19.043,173.167,58.623,-61.007
-0.526,0.003,-0.801,-7.324,10.193,-12.756,173.82,58.266,-59.513
-0.565,0.04,-0.82,-1.587,9.705,-4.883,174.078,57.986,-58.705
-0.44,0.061,-0.756,-1.953,11.536,5.615,174.276,57.327,-58.31
-0.5,0.078,-0.797,3.601,4.822,3.784,174.293,57.014,-58.365
-0.361,0.033,-0.726,-2.625,5.676,0.793,174.512,56.574,-58.085
-0.412,0.002,-0.727,-8.545,-17.029,-14.954,174.529,56.799,-57.519
-0.516,-0.006,-0.716,-16.052,-8.911,-23.499,174.716,57.722,-56.052
-0.362,0.003,-0.589,-23.743,-18.494,-14.648,174.512,58.31,-54.712
-0.583,0.11,-0.697,-28.503,-40.283,-5.92,173.606,59.843,-54.053
-0.812,0.233,-0.849,-13.489,-22.583,-0.854,172.502,61.518,-54.08
-0.656,0.203,-0.764,0.977,-6.042,4.333,172.073,62.331,-54.382
-0.994,0.379,-0.964,7.202,12.451,24.902,171.321,62.386,-55.635
-0.576,0.221,-0.932,16.663,57.8,20.264,171.541,60.172,-56.624
-0.396,0.252,-1.006,9.888,22.644,25.757,171.37,58.118,-57.805
-0.527,0.213,-0.954,2.869,7.751,16.357,171.09,57.343,-58.81
-0.475,0.269,-0.875,-4.15,4.944,18.188,170.42,56.695,-59.705
-0.474,0.295,-0.825,-3.357,-1.648,13.489,169.662,56.42,-60.612
-0.43,0.298,-0.728,-0.488,-8.362,10.864,169.063,56.47,-61.419
-0.424,0.277,-0.661,4.395,-14.771,7.385,168.679,56.849,-62.205
-0.47,0.269,-0.661,5.066,-13.245,12.207,168.305,57.387,-63.188
-0.445,0.288,-0.65,5.066,-11.353,10.62,167.893,57.651,-64.243
-0.507,0.32,-0.71,10.01,-9.583,10.62,167.552,58.024,-65.303
-0.441,0.248,-0.685,12.756,-11.719,5.615,167.64,58.332,-66.143
-0.441,0.23,-0.656,8.667,-22.156,4.456,167.574,59.035,-67.006
-0.478,0.155,-0.633,1.038,-32.41,-9.521,167.536,60.276,-67.456
-0.702,0.202,-0.747,-9.705,-31.494,-21.667,167.41,62.04,-67.126
-0.941,0.264,-0.948,-6.714,-20.569,-24.78,167.662,63.452,-66.072
-0.687,0.135,-0.843,5.737,11.658,-28.564,168.624,64.034,-64.622
-0.874,0.139,-0.958,3.296,-3.967,-21.301,169.969,64.199,-62.913
-0.803,0.106,-0.905,6.836,11.902,-15.503,170.958,64.116,-61.826
-0.673,0.065,-0.848,8.423,16.357,-18.005,172.249,63.611,-60.48
-0.5,0.016,-0.755,7.568,15.564,-9.583,173.419,62.88,-59.343
-0.507,0.045,-0.716,-0.61,-1.77,1.953,173.771,62.639,-59.002
-0.613,0.069,-0.704,-2.808,-10.315,-2.319,173.721,62.974,-58.942
-0.722,0.048,-0.743,-1.465,-4.822,-15.259,174.078,63.484,-58.26
-0.655,-0.008,-0.763,-3.174,8.85,-19.47,174.869,63.452,-56.942
-0.518,-0.043,-0.7,-6.165,7.019,-21.118,175.605,63.193,-55.47
-0.486,-0.055,-0.643,-18.311,-3.662,-18.555,176.056,63.292,-53.926
-0.511,-0.005,-0.627,-18.005,-3.601,-29.358,176.16,63.594,-52.344
-0.477,-0.095,-0.558,-12.146,-2.258,-48.95,177.33,64.034,-49.51
-0.289,-0.187,-0.425,-15.259,-2.136,-33.386,178.846,64.166,-46.423
-0.393,-0.044,-0.526,-35.95,-21.912,-6.775,178.72,64.819,-44.83
-0.941,0.238,-0.857,-32.41,-42.175,-5.432,177.215,66.451,-44.5
-0.759,0.153,-0.724,-11.292,-14.709,-12.207,176.671,68.132,-44.039
-1.333,0.447,-1.064,-15.991,-15.32,17.212,175.248,68.84,-44.879
-0.817,0.265,-0.948,4.395,62.683,0.305,174.858,67.33,-45.571
-0.66,0.271,-1.013,7.935,30.457,-0.549,175.067,65.264,-45.676
-0.501,0.112,-0.821,3.784,24.719,-11.23,175.759,63.885,-45.258
-0.523,0.094,-0.765,-4.639,-2.991,-4.395,175.814,63.517,-45.027
-0.613,0.134,-0.715,-6.897,-9.949,-2.502,175.49,63.902,-45.038
-0.6,0.178,-0.666,-2.441,-6.47,11.902,174.858,64.199,-45.703
-0.604,0.178,-0.657,4.944,-2.197,16.968,174.15,64.281,-47.032
-0.46,0.154,-0.567,9.033,3.601,22.583,173.606,64.056,-48.549
-0.428,0.168,-0.646,10.864,-6.958,34.668,172.76,63.831,-50.696
-0.365,0.16,-0.635,10.376,-16.235,45.471,171.464,64.045,-53.652
-0.432,0.314,-0.631,8.24,-38.574,48.157,169.53,64.638,-57.2
-0.689,0.292,-0.597,16.907,-46.021,24.475,168.025,66.215,-60.485
-0.854,0.327,-0.629,16.418,-11.292,17.029,167.289,67.418,-62.726
-0.757,0.225,-0.666,13.489,7.751,11.23,167.421,67.126,-63.858
-0.778,0.291,-0.832,12.878,8.911,9.094,167.256,66.791,-64.984
-0.482,0.106,-0.751,13.0,-14.038,-18.738,168.217,66.714,-64.781
-1.142,0.214,-0.887,9.216,-46.326,-21.606,168.937,68.983,-64.237
-0.959,-0.02,-0.781,20.386,16.907,-30.762,171.129,69.604,-62.534
-0.88,0.044,-0.783,9.827,21.851,-8.362,172.864,69.022,-61.018
-0.636,0.016,-0.716,15.198,34.18,-2.319,174.04,67.571,-60.386
-0.457,-0.003,-0.648,11.963,18.738,-0.61,175.062,66.346,-59.908
-0.554,0.005,-0.693,10.986,-4.272,-0.366,175.693,66.182,-59.744
-0.554,-0.087,-0.63,13.367,-5.92,-10.315,176.721,66.561,-59.178
-0.709,-0.064,-0.715,3.052,-11.536,-2.441,177.654,66.978,-58.414
-0.794,-0.104,-0.764,13.672,7.141,-9.033,178.572,67.192,-57.761
-0.594,-0.141,-0.704,7.568,19.958,12.024,179.478,66.281,-57.365
-0.484,-0.064,-0.597,-2.93,-6.897,21.545,178.786,66.039,-58.502
-0.406,-0.014,-0.484,-3.54,-20.752,13.794,178.198,66.703,-59.189
-0.586,0.068,-0.5,-6.958,-32.227,21.973,177.204,68.082,-60.222
-0.549,0.018,-0.491,-2.502,-13.306,10.681,176.336,69.022,-61.265
-0.776,0.104,-0.711,-5.92,-16.907,8.972,175.677,69.78,-61.842
-0.826,0.137,-0.732,-1.709,-20.813,7.141,174.996,70.708,-62.523
-1.147,0.337,-0.924,3.235,-21.24,25.574,174.117,71.614,-63.759
-1.101,0.298,-0.96,31.677,24.17,32.166,173.403,71.312,-66.05
-0.886,0.228,-0.919,44.495,55.847,36.743,173.727,69.022,-68.275
-0.574,0.125,-0.854,40.771,46.814,31.494,174.485,66.149,-70.197
-0.474,0.022,-0.751,29.907,20.63,16.846,175.358,64.457,-71.395
-0.477,0.064,-0.676,15.625,0.732,19.836,175.682,63.979,-72.307
-0.446,0.108,-0.592,12.512,-9.46,35.034,175.106,63.995,-74.081
-0.435,0.188,-0.53,16.357,-24.963,48.889,173.903,64.545,-76.882
-0.497,0.291,-0.532,28.992,-34.607,68.848,172.123,65.517,-81.205
-0.627,0.329,-0.574,49.744,-31.799,74.28,170.414,66.357,-86.666
-0.677,0.258,-0.581,55.664,-27.771,59.387,169.618,67.061,-91.686
-0.844,0.252,-0.693,55.603,-4.211,42.847,169.453,67.467,-95.63
-0.865,0.196,-0.842,49.438,13.245,21.118,170.711,66.676,-97.471
-0.899,0.079,-0.994,52.246,16.846,13.184,172.397,65.869,-98.394
-0.769,-0.051,-0.87,42.358,3.906,6.592,174.21,65.599,-98.828
-0.638,-0.205,-0.768,28.442,-9.338,9.155,176.012,65.588,-98.718
-0.805,-0.074,-0.676,14.038,-43.335,27.222,176.05,67.099,-99.701
-0.987,-0.017,-0.676,27.1,-2.075,37.354,175.754,68.39,-101.354
-0.736,-0.03,-0.633,44.739,40.527,63.721,175.518,67.104,-104.035
-0.581,-0.085,-0.678,50.842,43.03,71.289,175.386,64.825,-107.622
-0.456,-0.082,-0.675,49.927,21.545,75.562,175.375,62.996,-111.335
-0.582,-0.049,-0.737,47.607,-2.197,71.228,175.226,62.397,-115.164
-0.707,-0.104,-0.769,46.57,-6.226,47.791,175.633,62.507,-118.037
-0.678,-0.135,-0.761,32.654,2.563,33.264,176.457,62.507,-119.537
-0.703,-0.112,-0.765,23.071,-3.479,26.855,176.924,62.6,-120.558
-0.615,-0.136,-0.702,18.066,-2.502,26.489,177.248,62.732,-121.344
-0.766,-0.093,-0.788,11.78,-12.817,23.071,177.237,63.309,-122.135
-0.664,-0.126,-0.809,6.042,-3.845,27.283,177.177,63.622,-122.8
-0.648,0.059,-0.805,-1.526,-5.249,37.415,176.012,64.094,-124.255
-0.328,0.052,-0.751,6.592,19.409,30.823,175.215,63.386,-125.601
-0.404,0.176,-0.831,5.249,-13.367,43.823,174.298,62.891,-127.26
-0.634,0.153,-0.889,17.822,2.625,46.387,173.194,62.754,-129.853
-0.599,0.186,-0.913,23.132,11.719,51.697,172.518,61.826,-132.369
-0.439,0.159,-0.824,33.02,9.521,66.101,171.925,60.496,-135.516
-0.458,0.179,-0.717,40.649,-8.728,82.336,171.194,59.689,-139.675
-0.517,0.204,-0.703,49.988,-11.658,92.346,170.387,59.194,-144.767
-0.577,0.162,-0.712,58.228,-11.047,84.717,170.079,58.821,-149.821
-0.485,0.125,-0.702,56.58,-8.667,77.82,170.255,58.343,-154.221
-0.592,0.185,-0.761,48.523,-18.738,77.942,170.184,58.326,-158.522
-0.596,0.22,-0.783,52.49,-8.606,73.364,170.167,58.2,-162.598
-0.542,0.209,-0.813,50.171,-16.724,78.43,170.2,57.936,-166.723
-0.856,0.286,-0.975,51.575,-24.414,77.698,169.843,58.354,-171.288
-0.61,0.11,-0.83,51.392,-12.146,63.416,170.211,58.293,-174.935
-0.697,0.112,-0.833,42.725,-25.879,62.927,170.041,58.87,-178.539
-0.525,-0.03,-0.684,44.128,-11.108,39.917,170.491,59.233,178.901
-0.57,-0.063,-0.685,35.767,-32.043,39.734,171.249,59.93,177.1
-0.717,-0.064,-0.749,40.588,-22.949,45.837,171.606,61.183,174.902
-0.733,-0.008,-0.826,44.128,-4.883,60.364,171.87,61.54,172.31
-0.597,-0.06,-0.813,50.842,20.02,69.214,172.249,60.787,169.217
-0.404,-0.065,-0.75,42.48,10.681,75.378,172.513,59.37,165.828
-0.492,-0.008,-0.771,37.598,-1.709,67.993,172.365,58.694,162.12
-0.492,-0.05,-0.762,31.128,-5.92,50.11,172.573,58.315,159.142
-0.571,-0.063,-0.789,26.978,-3.113,29.48,172.996,58.337,157.187
-0.492,-0.177,-0.828,20.63,10.864,7.507,174.199,57.909,156.802
-0.542,-0.082,-0.969,2.808,3.54,7.507,174.836,57.541,156.654
-0.484,-0.038,-0.878,-1.953,3.174,-8.606,175.265,57.497,156.984
-0.522,0.084,-0.889,-20.691,2.747,4.822,174.996,57.277,157.363
-0.399,0.15,-0.842,-21.667,4.883,11.658,173.831,56.865,156.885
-0.486,0.236,-0.858,-20.142,-11.292,9.583,172.584,56.948,156.352
-0.608,0.235,-0.901,-13.916,2.563,7.568,171.469,57.003,155.841
-0.463,0.218,-0.865,-11.841,13.245,-1.953,170.914,56.404,156.094
-0.397,0.238,-0.823,-12.085,1.892,7.751,170.261,55.898,156.149
-0.422,0.238,-0.755,-9.644,-8.545,10.315,169.382,55.865,155.61
-0.502,0.25,-0.737,-10.986,-14.954,9.521,168.431,56.245,154.957
-0.59,0.268,-0.787,-10.01,-3.174,7.202,167.52,56.585,154.468
-0.522,0.307,-0.775,-8.301,10.925,12.146,166.745,56.261,154.237
-0.444,0.351,-0.798,-2.319,11.597,15.747,166.014,55.437,153.809
-0.411,0.345,-0.792,4.089,0.854,10.62,165.619,54.91,153.325
-0.444,0.296,-0.764,8.972,-7.629,6.531,165.586,54.866,152.924
-0.5,0.286,-0.746,8.484,-9.521,10.498,165.553,55.146,152.358
-0.476,0.254,-0.698,7.202,-8.301,5.493,165.542,55.377,151.93
-0.523,0.285,-0.694,5.554,-10.193,6.165,165.46,55.794,151.644
-0.564,0.299,-0.708,9.766,-2.869,8.606,165.427,56.014,151.287
-0.478,0.265,-0.714,12.878,5.127,8.484,165.685,55.783,151.095
-0.408,0.242,-0.712,11.108,-4.028,8.423,165.894,55.706,150.776
-0.439,0.258,-0.681,6.897,-19.043,8.972,165.817,56.223,150.2
-0.518,0.292,-0.72,3.784,-23.56,8.728,165.52,57.079,149.507
-0.643,0.328,-0.809,6.531,-13.977,8.972,165.086,57.936,148.716
-0.678,0.302,-0.857,9.094,-14.771,-0.549,165.042,58.623,148.387
-0.863,0.306,-0.91,10.925,-3.967,-2.625,165.432,59.15,148.563
-0.647,0.162,-1.008,25.024,44.25,-16.541,166.8,58.337,149.667
-0.378,0.06,-1.032,14.526,28.259,-7.629,168.607,56.689,151.227
-0.303,0.077,-0.877,-1.648,-3.479,5.981,169.156,55.948,151.408
-0.508,0.205,-0.814,-4.333,-21.118,7.385,168.679,56.486,150.606
-0.547,0.194,-0.754,4.089,-13.0,-4.028,168.618,57.173,150.227
-0.605,0.153,-0.749,6.287,-8.972,-7.874,169.052,57.75,150.463
-0.565,0.108,-0.747,4.944,1.892,-8.789,169.651,57.969,151.035
-0.57,0.116,-0.753,4.517,2.258,-8.667,170.206,58.024,151.716
-0.535,0.085,-0.771,3.906,7.996,-8.911,170.854,57.865,152.474
-0.524,0.079,-0.778,1.587,4.578,-10.62,171.398,57.695,153.221
-0.585,0.049,-0.783,0.916,1.831,-20.63,172.101,57.816,154.341
-0.536,0.018,-0.766,-1.16,9.033,-20.264,172.974,57.75,155.83
-0.481,-0.003,-0.714,-5.066,3.479,-15.015,173.54,57.662,157.0
-0.493,0.007,-0.694,-10.071,4.761,-11.414,173.76,57.651,157.939
-0.443,0.005,-0.626,-21.057,-10.742,-13.184,173.584,57.827,158.769
-0.487,0.056,-0.605,-21.667,-3.296,-15.93,173.106,58.535,159.73
-0.347,0.054,-0.506,-25.146,-12.329,-10.315,172.584,58.925,160.664
-0.792,0.226,-0.812,-24.475,-32.349,-0.854,171.584,60.183,160.966
-0.885,0.283,-0.935,-1.953,-5.493,2.197,170.843,61.232,160.977
-0.978,0.384,-1.064,12.756,24.719,29.419,170.491,60.815,160.411
-0.661,0.284,-1.054,24.902,60.791,44.189,170.497,58.326,158.967
-0.334,0.277,-1.03,25.146,57.678,54.016,170.497,54.805,156.967
-0.161,0.247,-1.004,18.372,17.456,44.25,170.327,52.416,154.561
-0.354,0.183,-0.926,9.216,-18.616,20.63,170.134,52.284,152.682
-0.527,0.255,-0.876,-2.502,-16.602,12.573,169.629,52.932,151.419
-0.519,0.336,-0.842,5.615,4.456,-4.089,169.53,52.987,151.15
-0.424,0.252,-0.772,9.583,-0.61,-1.221,169.986,52.8,151.37
-0.493,0.198,-0.781,5.371,4.456,4.7,170.096,52.734,151.15
-0.408,0.175,-0.72,-1.953,3.845,0.61,170.024,52.46,151.117
-0.378,0.22,-0.725,-3.906,8.728,3.113,169.7,52.163,151.068
-0.376,0.253,-0.739,-0.305,8.545,6.104,169.431,51.691,150.908
-0.27,0.266,-0.747,-0.122,7.202,19.348,169.118,51.075,150.326
-0.229,0.295,-0.741,6.714,-10.254,19.958,168.591,50.702,149.052
-0.353,0.305,-0.738,6.592,-30.273,18.433,168.168,51.427,147.596
-0.439,0.29,-0.742,10.986,-19.836,13.977,167.794,52.339,146.146
-0.42,0.238,-0.895,8.789,-21.118,6.47,167.844,52.927,145.371
-0.633,0.244,-0.976,7.446,-27.832,13.0,167.542,54.113,144.272
-0.639,0.165,-0.916,5.493,-22.156,4.639,167.399,55.179,143.399
-0.825,0.223,-0.952,7.446,-3.601,1.038,167.333,56.085,142.954
-0.576,0.109,-0.941,5.737,20.081,-9.277,168.179,55.448,143.663
-0.419,0.148,-0.952,3.54,12.695,5.127,168.585,54.767,143.926
-0.384,0.167,-0.861,4.761,-4.639,11.475,168.646,54.514,143.311
-0.431,0.151,-0.793,8.545,-13.367,7.446,168.783,54.778,142.542
-0.498,0.109,-0.766,6.714,-15.808,-1.16,169.074,55.426,142.114
-0.626,0.07,-0.812,2.747,-10.803,-13.245,169.59,56.124,142.399
-0.56,0.042,-0.802,-3.601,4.578,-19.226,170.25,56.442,143.492
-0.51,0.071,-0.786,-3.784,8.972,-12.024,170.656,56.316,144.476
-0.485,0.077,-0.786,-4.272,3.845,-7.08,170.997,56.096,145.212
-0.488,0.075,-0.762,-3.54,0.732,-4.395,171.085,56.124,145.525
-0.487,0.046,-0.738,-8.118,-7.263,-11.841,171.26,56.321,146.025
-0.46,0.028,-0.645,-11.841,-8.484,-14.648,171.249,56.953,146.7
-0.5,0.057,-0.622,-19.104,-13.855,-15.747,171.096,57.684,147.546
-0.494,0.074,-0.623,-17.822,-3.845,-14.16,170.777,58.409,148.42
-0.428,0.069,-0.618,-21.362,-5.188,-13.794,170.491,58.744,149.337
-0.739,0.2,-0.829,-24.719,-9.521,-11.475,169.799,59.442,150.062
-0.757,0.237,-0.931,-22.644,2.441,-13.916,169.255,59.799,151.024
-0.832,0.417,-1.047,-13.916,28.748,10.681,168.426,59.167,151.441
-0.523,0.403,-1.064,2.686,54.382,33.447,167.844,56.656,150.82
-0.231,0.394,-0.997,9.338,33.508,39.612,167.272,53.987,149.31
-0.26,0.337,-0.911,8.667,-1.892,21.301,166.91,52.855,147.744
-0.46,0.28,-0.868,1.77,-16.113,3.174,166.663,53.152,146.898
-0.587,0.301,-0.857,-3.235,-7.202,-0.488,166.333,53.597,146.602
-0.487,0.27,-0.797,-3.906,4.395,-2.38,166.201,53.465,146.777
-0.524,0.336,-0.81,-3.723,-3.174,4.15,165.822,53.481,146.7
-0.461,0.294,-0.757,1.77,3.784,-0.488,165.679,53.355,146.667
-0.471,0.276,-0.736,0.366,-3.357,-0.427,165.657,53.383,146.805
-0.416,0.262,-0.661,-1.465,-1.282,2.563,165.476,53.52,146.799
-0.457,0.336,-0.704,-2.075,-8.24,9.338,165.053,53.646,146.525
-0.417,0.322,-0.685,5.188,6.653,14.648,164.652,53.624,145.909
-0.28,0.35,-0.654,5.066,-1.099,20.386,164.295,53.047,145.135
-0.318,0.353,-0.633,7.935,-26.184,15.442,163.845,53.372,143.921
-0.497,0.355,-0.677,14.16,-22.217,9.583,163.531,54.327,142.729
-0.399,0.298,-0.677,10.925,-11.536,7.263,163.658,54.816,142.119
-0.609,0.348,-0.909,8.972,-15.625,7.629,163.57,55.333,141.46
-0.575,0.323,-1.022,8.911,-7.08,8.789,163.537,55.624,140.872
-0.638,0.256,-0.949,12.634,-21.179,2.502,163.455,56.508,140.158
-0.812,0.218,-0.922,17.212,-7.751,-9.766,164.092,57.398,140.273
-0.763,0.146,-1.003,19.836,25.146,-15.808,165.696,57.03,141.564
-0.398,0.023,-0.892,15.32,41.87,-7.324,167.404,55.475,142.987
-0.25,0.081,-0.808,-5.676,6.653,9.705,167.816,54.289,143.201
-0.454,0.164,-0.767,-5.676,-16.052,3.906,167.377,54.641,142.559
-0.493,0.144,-0.72,-4.578,-15.32,-6.165,167.371,55.245,142.592
-0.662,0.138,-0.774,0.854,-11.597,-12.268,167.498,56.14,142.921
-0.571,0.084,-0.758,0.488,7.019,-15.198,168.201,56.387,143.998
-0.542,0.075,-0.751,-0.488,8.789,-12.512,168.783,56.316,145.058
-0.475,0.068,-0.706,-4.333,3.784,-12.39,169.31,56.201,146.146
-0.499,0.064,-0.684,-6.836,-1.526,-13.428,169.585,56.415,147.047
-0.467,0.039,-0.65,-10.376,-2.869,-14.893,169.794,56.794,148.107
-0.421,0.044,-0.607,-15.747,-6.958,-12.634,169.711,57.288,149.073
-0.393,0.063,-0.573,-20.63,-13.611,-14.099,169.382,58.024,149.98
-0.723,0.25,-0.854,-24.353,-19.226,-4.15,168.492,59.123,150.496
-0.792,0.292,-0.871,-10.071,-4.517,-4.944,167.794,59.804,150.842
-0.876,0.427,-1.141,-10.681,28.442,12.512,167.355,59.15,151.287
-0.619,0.424,-1.152,9.46,53.894,24.048,166.965,56.849,150.925
-0.239,0.32,-0.981,8.545,45.532,17.273,167.283,54.014,150.837
-0.217,0.308,-0.838,1.831,-2.686,12.878,167.047,52.855,150.26
-0.47,0.256,-0.839,-3.418,-18.799,-4.7,166.767,53.438,149.93
-0.562,0.284,-0.798,-9.583,0.122,-2.136,166.333,53.822,150.123
-0.337,0.327,-0.699,-11.23,10.62,9.521,165.657,53.196,150.205
-0.298,0.373,-0.679,-6.47,-6.47,13.306,164.767,52.811,149.722
-0.346,0.396,-0.682,2.258,-9.155,16.846,163.976,52.894,148.826
-0.316,0.345,-0.611,7.446,-18.433,21.301,163.455,53.108,147.7
-0.46,0.425,-0.701,7.263,-22.217,30.579,162.642,53.509,145.981
-0.384,0.384,-0.646,19.104,-10.376,17.517,162.224,53.734,144.443
-0.371,0.365,-0.642,14.709,-29.175,12.573,162.257,54.212,143.536
-0.695,0.326,-0.944,12.817,-24.475,3.906,162.213,55.36,142.652
-0.766,0.397,-1.059,5.493,-7.141,7.141,162.125,55.959,142.355
-0.629,0.294,-0.954,24.841,3.967,-1.282,162.631,56.041,142.394
-0.728,0.175,-0.917,28.076,1.526,-9.155,164.086,56.266,143.064
-0.491,0.012,-0.85,20.569,17.822,-12.878,165.965,55.75,144.382
-0.569,0.085,-0.937,-0.549,13.672,5.92,166.63,55.322,144.943
-0.411,0.187,-0.858,-3.296,18.494,9.827,166.58,54.289,144.954
-0.39,0.243,-0.834,1.709,5.005,2.197,166.63,53.701,144.987
-0.47,0.211,-0.785,9.399,-6.531,-2.991,167.042,53.839,145.129
-0.494,0.119,-0.749,8.728,-8.728,-6.165,167.745,54.179,145.514
-0.589,0.114,-0.781,5.798,-3.113,-4.822,168.261,54.657,145.915
-0.53,0.122,-0.796,5.493,14.16,0.977,168.717,54.465,146.393
-0.474,0.119,-0.812,6.897,14.038,0.305,169.184,53.828,146.805
-0.407,0.072,-0.787,2.014,5.31,-4.211,169.711,53.405,147.36
-0.427,0.053,-0.727,-6.653,-9.155,-10.254,169.931,53.619,147.914
-0.458,0.101,-0.671,-8.423,-7.935,-14.832,169.953,54.3,148.722
-0.445,0.059,-0.642,-9.033,-11.108,-11.292,170.085,54.904,149.65
-0.492,0.098,-0.644,-10.62,-2.93,-13.733,169.915,55.558,150.425
-0.398,0.077,-0.647,-16.174,-4.089,-20.02,170.013,55.909,151.859
-0.708,0.197,-0.903,-16.968,-16.968,-16.357,169.706,56.816,153.012
-0.787,0.196,-0.981,-5.737,5.31,-16.418,169.744,57.327,154.297
-0.798,0.24,-1.068,-14.282,7.141,6.897,169.634,57.123,155.171
-0.685,0.308,-1.093,1.648,44.373,23.132,168.854,55.739,154.753
-0.366,0.333,-1.075,-4.7,50.964,27.405,168.393,52.976,154.457
-0.142,0.323,-0.971,-4.395,21.118,15.137,167.816,50.977,153.979
-0.292,0.261,-0.87,-11.963,-20.752,-3.784,167.245,51.004,153.765
-0.517,0.312,-0.803,-17.151,-8.972,-2.441,166.399,51.916,153.776
-0.38,0.344,-0.714,-12.695,-4.15,0.366,165.591,51.91,153.918
-0.474,0.377,-0.75,-5.859,2.502,4.028,164.932,51.998,153.973
-0.385,0.365,-0.756,1.587,13.0,3.784,164.658,51.378,154.144
-0.426,0.355,-0.813,5.249,15.686,3.052,164.663,50.735,154.44
-0.281,0.319,-0.799,5.371,16.418,6.958,164.828,49.719,154.737
-0.284,0.354,-0.781,6.653,-5.859,10.071,164.713,49.301,154.457
-0.324,0.354,-0.748,6.531,-14.16,12.878,164.575,49.477,153.803
-0.373,0.326,-0.686,12.573,-18.372,3.967,164.537,50.054,153.144
-0.376,0.287,-0.691,13.794,-15.32,3.174,164.85,50.713,152.902
-0.294,0.224,-0.661,17.7,-14.465,-0.061,165.333,51.24,152.693
-0.482,0.24,-0.831,8.362,-39.001,8.484,165.575,52.438,152.144
-0.841,0.313,-1.022,17.456,-14.771,12.817,165.322,53.817,151.002
-0.475,0.172,-0.903,11.597,15.747,-5.127,165.948,53.52,151.32
-0.799,0.289,-1.031,2.502,-12.085,-7.385,166.289,53.899,152.001
-0.455,0.084,-0.968,11.597,29.236,-24.841,167.563,53.289,153.534
-0.335,0.071,-0.905,-5.92,-9.216,-15.686,168.338,53.295,154.913
-0.542,0.182,-0.833,-5.676,-17.822,4.7,168.085,54.086,154.764
-0.516,0.229,-0.766,3.235,-7.507,12.573,167.794,54.52,154.133
-0.567,0.247,-0.788,11.78,-3.052,11.23,167.827,54.657,153.474
-0.555,0.158,-0.803,18.799,8.057,0.427,168.508,54.52,153.397
-0.467,0.093,-0.75,15.991,9.46,-5.676,169.514,54.179,153.88
-0.498,0.047,-0.798,6.714,3.174,-6.104,170.425,54.025,154.578
-0.539,0.077,-0.796,1.648,9.583,-2.808,170.777,53.932,154.979
-0.422,0.06,-0.79,-1.709,16.357,-6.775,171.129,53.361,155.643
-0.408,0.044,-0.764,-9.338,-1.404,-10.071,171.288,53.168,156.302
-0.394,0.064,-0.681,-12.939,-2.014,-10.925,171.183,53.427,156.995
-0.535,0.078,-0.714,-14.465,-7.874,-11.597,170.925,53.937,157.604
-0.412,0.063,-0.658,-11.902,14.465,-11.169,170.804,53.86,158.571
-0.28,0.05,-0.619,-17.578,-3.479,-8.24,170.568,53.718,159.373
-0.408,0.083,-0.71,-18.372,-10.62,-9.094,170.052,54.338,159.813
-0.672,0.237,-0.854,-22.644,-20.508,4.089,169.019,55.184,159.692
-0.739,0.324,-0.961,-6.104,16.602,6.409,168.278,55.404,159.708
-0.655,0.478,-1.18,-3.235,20.935,28.687,167.728,53.696,159.417
-0.379,0.306,-1.152,7.935,38.086,16.052,167.75,52.081,158.868
-0.214,0.39,-1.006,-8.24,-1.831,25.391,167.173,50.751,157.912
-0.356,0.31,-0.825,-6.042,-26.306,3.784,166.317,51.152,156.566
-0.52,0.333,-0.767,-11.719,-19.836,-6.592,165.608,52.251,156.132
-0.499,0.332,-0.724,-9.216,-6.653,-4.211,165.064,52.811,156.226
-0.496,0.37,-0.73,-5.188,3.113,3.845,164.537,52.883,156.275
-0.445,0.366,-0.718,1.77,8.118,6.104,164.18,52.515,156.198
-0.389,0.354,-0.728,3.479,9.766,9.644,164.042,51.965,156.105
-0.313,0.332,-0.687,6.775,9.644,12.024,163.894,51.328,155.753
-0.242,0.348,-0.65,3.906,-6.775,15.198,163.652,50.982,155.099
-0.379,0.381,-0.688,12.268,-14.893,18.799,163.257,51.295,153.847
-0.344,0.358,-0.678,18.921,-12.268,17.212,163.295,51.471,152.661
-0.316,0.281,-0.666,19.897,-22.156,16.968,163.531,51.91,151.436
-0.474,0.305,-0.831,13.733,-28.32,15.503,163.455,52.839,149.969
-0.596,0.297,-0.906,17.883,-15.93,15.869,163.345,53.696,148.574
-0.923,0.386,-1.088,6.897,-22.095,19.226,163.202,54.349,147.502
-0.561,0.158,-0.978,33.02,44.983,-9.277,164.136,53.762,147.563
-0.369,0.025,-1.049,9.888,13.916,-8.789,165.976,52.471,148.964
-0.352,0.1,-0.907,-4.333,-3.296,11.78,166.229,52.196,148.711
-0.378,0.222,-0.774,-8.789,-26.611,18.188,165.526,52.614,147.228
-0.55,0.297,-0.771,1.343,-30.334,12.085,164.795,53.762,145.574
-0.551,0.229,-0.769,11.047,-19.714,-1.77,164.888,54.789,144.8
-0.519,0.152,-0.771,10.132,-22.766,-13.062,165.531,55.898,144.86
-0.55,0.113,-0.733,1.526,-25.94,-17.7,166.168,57.327,145.333
-0.609,0.122,-0.698,-3.601,-18.005,-26.001,166.685,58.755,146.217
-0.562,0.102,-0.66,-2.136,-9.46,-24.902,167.492,59.705,147.783
-0.604,0.098,-0.66,6.287,-6.348,-11.963,168.113,60.392,148.744
-0.551,-0.015,-0.635,10.559,5.188,-17.761,169.398,60.617,150.068
-0.481,-0.014,-0.581,1.709,0.122,-9.033,170.294,60.787,151.188
-0.484,0.025,-0.569,-6.287,-9.888,-1.404,170.557,61.243,151.782
-0.534,0.11,-0.62,-1.465,-8.606,9.949,170.239,61.831,151.622
-0.581,0.151,-0.722,-0.549,-13.977,20.813,169.711,62.177,150.831
-0.834,0.333,-0.884,4.15,-19.836,30.151,168.673,62.946,149.167
-0.82,0.396,-0.984,27.832,7.568,44.312,168.316,62.452,147.36
-0.731,0.32,-1.03,46.57,11.658,64.758,168.256,61.359,144.443
-0.64,0.334,-1.002,55.42,17.395,80.078,168.151,59.727,140.416
-0.497,0.275,-0.901,65.735,3.235,82.397,168.508,58.14,135.956
-0.52,0.166,-0.838,71.289,-15.869,96.619,168.97,57.376,130.551
-0.522,0.043,-0.758,52.734,-11.047,84.473,169.14,57.03,124.81
-0.379,0.105,-0.629,22.949,-14.709,63.965,168.69,56.7,119.96
-0.463,0.242,-0.632,8.85,-17.578,54.932,167.596,56.799,115.774
-0.451,0.314,-0.595,18.127,-11.536,49.866,166.514,56.832,112.165
-0.434,0.284,-0.621,23.682,-10.559,53.772,165.954,56.602,108.951
-0.488,0.288,-0.675,23.926,-10.01,57.312,165.201,56.371,105.359
-0.573,0.38,-0.767,26.611,-4.639,46.814,164.691,55.997,102.239
-0.523,0.316,-0.867,28.442,6.409,37.476,164.888,55.261,99.86
-0.508,0.239,-0.952,24.475,9.888,33.63,165.179,54.415,97.586
-0.345,0.138,-0.944,-2.808,-16.663,31.616,164.965,53.899,95.125
-0.975,0.472,-1.125,-14.282,-49.927,40.344,162.746,55.278,91.236
-0.669,0.309,-0.824,12.878,-6.836,21.729,161.906,55.783,88.022
-0.734,0.288,-0.833,27.649,-2.075,33.752,162.081,55.854,85.177
-0.547,0.167,-0.778,34.241,15.137,36.072,162.916,54.976,81.925
-0.478,0.202,-0.767,28.564,5.859,44.006,163.625,53.91,78.42
-0.5,0.15,-0.74,31.25,-6.531,31.677,164.257,53.421,74.789
-0.594,0.137,-0.744,30.273,-11.475,22.522,165.229,53.58,71.746
-0.59,0.077,-0.735,34.79,-0.183,22.644,166.382,53.679,68.758
-0.513,-0.006,-0.76,31.555,2.747,28.076,167.8,53.355,65.869
-0.572,0.028,-0.847,29.236,0.916,38.025,168.585,52.965,62.32
-0.467,-0.073,-0.885,20.386,5.066,37.903,169.387,52.344,58.947
-0.481,0.039,-0.907,4.578,-15.198,48.645,168.981,52.158,54.998
-0.61,0.082,-0.935,-7.69,-26.245,32.104,168.217,52.69,51.449
-0.684,0.233,-0.92,-9.399,-6.287,31.311,166.987,53.19,48.192
-0.281,0.16,-0.691,-10.437,14.587,28.381,166.201,52.399,45.604
-0.281,0.474,-0.796,-20.63,-9.644,57.922,164.394,51.559,42.352
-0.499,0.621,-0.903,31.128,-6.775,79.346,162.828,50.949,37.496
-0.408,0.338,-0.871,41.809,0.671,66.345,163.109,49.697,32.964
-0.352,0.231,-0.806,27.954,-7.446,43.945,163.537,48.994,29.399
-0.39,0.305,-0.784,19.897,-11.902,49.744,163.553,48.719,26.098
-0.417,0.334,-0.774,31.982,-14.709,61.218,163.504,48.455,22.126
-0.461,0.328,-0.826,36.011,-12.39,68.176,163.674,48.142,17.534
-0.405,0.249,-0.828,35.339,-10.376,72.021,163.938,47.615,12.739
-0.393,0.261,-0.91,20.691,-5.859,73.608,163.817,46.95,7.971
-0.221,0.309,-0.837,19.043,-15.381,71.472,163.378,46.214,3.389
-0.229,0.396,-0.845,19.104,-30.884,76.782,162.724,46.055,-1.296
-0.503,0.523,-1.017,24.048,-44.434,90.027,161.96,46.329,-6.619
-0.594,0.485,-1.065,37.17,-31.494,80.139,161.592,46.456,-12.36
-0.416,0.277,-0.891,39.917,-28.32,55.664,161.999,46.708,-16.996
-0.339,0.168,-0.71,42.786,-41.748,50.11,162.708,47.532,-20.945
-0.524,0.12,-0.695,44.678,-58.411,51.025,163.542,49.257,-24.895
-0.763,0.112,-0.795,55.603,-18.982,66.284,164.559,50.323,-29.224
-0.606,0.062,-0.868,57.617,19.104,74.951,165.981,49.191,-33.453
-0.32,0.0,-0.872,47.607,25.513,64.758,167.552,47.28,-37.051
-0.22,0.042,-0.865,24.292,-5.554,47.058,168.47,46.379,-39.842
-0.383,0.094,-0.85,17.883,-21.851,36.194,168.887,46.84,-42.05
-0.457,0.094,-0.852,19.287,-23.193,35.522,169.167,47.587,-44.264
-0.44,0.024,-0.825,17.517,-18.005,22.583,169.607,48.301,-46.115
-0.472,-0.012,-0.811,5.92,-22.461,5.493,170.079,49.213,-47.032
-0.63,0.037,-0.979,-2.869,-17.578,-9.338,170.447,50.279,-47.049
-0.524,0.086,-0.876,-10.437,0.916,-9.338,170.552,51.021,-46.626
-0.47,0.207,-0.937,-19.897,19.043,1.099,170.151,50.702,-46.269
-0.215,0.233,-0.894,-13.123,19.958,-7.202,169.629,49.603,-46.044
-0.259,0.262,-0.891,-25.024,-20.02,-7.263,169.063,49.669,-45.527
-0.529,0.373,-0.911,-24.231,-13.367,-1.77,167.673,50.581,-45.818
-0.437,0.415,-0.894,-18.982,2.319,-10.681,166.696,50.641,-45.758
-0.414,0.439,-0.855,-2.502,0.854,-9.888,166.317,50.691,-45.621
-0.38,0.323,-0.782,7.629,-4.028,-10.62,166.575,50.861,-45.659
-0.395,0.266,-0.735,9.46,-5.249,-10.437,167.031,51.24,-45.681
-0.354,0.231,-0.694,9.216,-4.15,-10.437,167.531,51.537,-45.659
-0.333,0.231,-0.69,11.292,0.671,-5.188,168.052,51.691,-45.687
-0.275,0.212,-0.752,8.118,3.174,4.639,168.404,51.482,-46.055
-0.115,0.231,-0.756,-3.784,-25.879,6.104,168.157,51.636,-46.719
-0.382,0.394,-0.729,-9.094,-69.031,9.338,167.069,53.674,-47.9
-0.5,0.368,-0.63,8.301,-55.481,5.798,166.08,56.398,-49.68
-0.568,0.341,-0.679,14.893,-61.646,2.747,165.657,58.881,-51.498
-1.023,0.337,-0.814,24.109,-57.922,5.615,165.421,61.87,-53.531
-1.038,0.18,-0.906,29.114,-17.09,0.854,166.124,63.567,-54.86
-1.047,0.078,-0.981,40.527,4.639,-21.484,168.003,64.204,-54.728
-0.638,-0.173,-0.871,34.607,46.875,-19.287,171.464,63.193,-52.762
-0.282,-0.107,-0.783,-2.93,28.503,30.701,172.386,61.26,-52.586
-0.395,0.149,-0.756,-17.151,-11.597,41.992,170.513,60.683,-54.673
-0.644,0.256,-0.767,0.793,-10.559,15.076,169.239,61.04,-56.173
-0.584,0.137,-0.739,14.832,0.366,-2.93,169.821,61.051,-56.19
-0.553,-0.009,-0.712,11.597,-3.479,-6.775,170.81,61.194,-55.761
-0.648,-0.001,-0.703,-1.16,-3.906,-9.521,171.398,61.551,-55.113
-0.643,0.018,-0.785,-2.991,12.634,-7.263,171.909,61.397,-54.201
-0.601,0.044,-0.783,-2.869,10.376,0.244,172.134,60.881,-53.69
-0.536,0.027,-0.719,-1.587,5.798,3.479,172.293,60.595,-53.432
-0.528,0.052,-0.69,-6.348,1.953,11.292,172.035,60.408,-53.646
-0.509,0.068,-0.685,-12.329,3.113,6.226,171.469,60.227,-53.948
-0.457,0.047,-0.655,-14.465,4.395,-6.409,171.002,60.156,-53.696
-0.461,0.052,-0.627,-23.987,-5.493,-15.32,170.634,60.326,-52.784
-0.381,0.019,-0.568,-26.367,-15.015,-26.611,170.354,60.969,-51.323
-0.329,0.054,-0.461,-29.968,-34.18,-27.161,169.937,62.518,-49.708
-0.766,0.256,-0.605,-27.832,-50.415,-19.897,169.091,65.028,-48.73
-1.229,0.379,-1.026,-14.832,-54.81,-13.611,168.624,67.451,-48.214
-1.188,0.413,-0.937,-5.859,-2.38,12.817,167.695,69.12,-49.087
-1.021,0.49,-0.996,11.475,67.505,27.954,167.119,66.709,-50.356
-0.435,0.341,-0.893,21.912,72.083,7.751,168.129,62.968,-50.526
-0.254,0.272,-0.857,10.132,21.423,7.812,168.739,60.853,-50.647
-0.454,0.201,-0.78,-0.305,-14.587,-1.038,168.69,60.727,-51.01
-0.665,0.262,-0.746,-6.165,-9.644,-9.155,168.316,61.469,-51.015
-0.545,0.261,-0.662,-5.249,6.836,-12.878,168.409,61.353,-50.438
-0.54,0.301,-0.663,-1.831,-3.357,-6.47,168.365,61.381,-50.191
-0.58,0.284,-0.679,5.188,3.601,-12.024,168.497,61.578,-50.164
-0.564,0.246,-0.691,7.385,8.484,-15.259,169.217,61.441,-49.609
-0.538,0.238,-0.694,1.831,7.996,-10.559,169.722,61.199,-49.169
-0.538,0.251,-0.694,1.099,5.066,-12.268,170.002,61.029,-48.79
-0.522,0.242,-0.665,3.296,3.784,-9.583,170.288,60.985,-48.455
-0.459,0.215,-0.619,5.188,-1.892,-7.019,170.601,60.985,-48.29
-0.513,0.209,-0.627,10.742,-7.263,-7.141,170.892,61.381,-48.384
-0.475,0.155,-0.598,13.245,-15.259,-7.935,171.53,61.908,-48.351
-0.572,0.141,-0.654,13.977,-20.081,-3.296,172.062,62.935,-48.521
-0.768,0.141,-0.792,14.771,-29.419,-0.427,172.54,64.067,-48.873
-0.804,0.085,-0.866,13.306,-18.677,4.15,172.859,65.352,-49.444
-1.084,0.053,-1.231,11.23,-20.813,-6.592,173.507,66.275,-49.427
-0.977,-0.044,-1.052,15.442,28.809,-12.39,174.633,66.649,-48.697
-0.662,-0.043,-0.947,0.061,34.119,-4.517,175.726,64.847,-47.538
-0.53,0.03,-0.885,-9.155,9.521,11.963,175.424,63.798,-47.472
-0.536,0.104,-0.742,-6.287,-3.113,13.977,174.628,63.693,-47.983
-0.521,0.107,-0.645,-0.244,-11.353,8.789,174.139,63.875,-48.455
-0.686,0.042,-0.701,5.249,-6.348,-6.592,174.304,64.369,-48.367
-0.618,-0.021,-0.655,2.93,7.629,-12.695,175.095,64.385,-47.466
-0.579,-0.044,-0.702,-4.7,11.78,-10.498,175.759,63.962,-46.39
-0.595,-0.012,-0.737,-7.874,14.038,-12.573,176.116,63.474,-45.302
-0.498,0.0,-0.714,-7.568,15.808,-8.606,176.424,62.831,-44.193
-0.445,-0.01,-0.669,-10.559,1.526,-6.958,176.495,62.353,-43.369
-0.494,-0.008,-0.629,-15.747,-9.888,-12.329,176.407,62.633,-42.418
-0.528,0.013,-0.618,-16.785,-8.118,-12.39,176.276,63.111,-41.314
-0.533,0.051,-0.649,-16.296,-4.7,-8.911,176.001,63.501,-40.446
-0.586,0.051,-0.734,-9.949,-7.69,-12.024,175.886,63.814,-39.677
-0.648,0.042,-0.707,-17.639,-24.536,-15.93,175.908,64.786,-38.606
-1.25,0.305,-1.096,-23.315,-19.043,-3.662,175.133,65.885,-38.15
-0.889,0.198,-0.959,-4.395,47.668,-9.949,175.188,64.907,-37.513
-0.64,0.255,-0.985,-3.845,34.119,0.671,175.15,62.913,-37.222
-0.593,0.18,-0.911,2.441,25.574,-9.033,175.457,61.661,-36.848
-0.491,0.153,-0.86,-2.197,14.709,-4.944,175.616,60.612,-36.425
-0.564,0.106,-0.796,-10.681,-1.709,-10.498,175.496,60.502,-35.936
-0.53,0.179,-0.703,-9.949,-1.526,-4.822,175.062,60.54,-35.497
-0.539,0.194,-0.667,-6.714,-3.174,3.418,174.529,60.721,-35.612
-0.491,0.202,-0.642,-0.916,2.441,11.23,173.875,60.645,-36.315
-0.384,0.178,-0.578,2.93,-4.639,18.677,173.249,60.579,-37.43
-0.413,0.242,-0.584,8.423,-18.311,30.151,172.304,60.853,-39.309
-0.553,0.22,-0.596,16.663,-28.992,30.823,171.453,61.798,-41.748
-0.69,0.242,-0.712,22.888,-11.597,28.259,170.837,62.501,-44.209
-0.681,0.236,-0.775,20.325,-5.127,29.114,170.689,62.721,-46.252
-0.755,0.258,-0.915,23.193,-3.784,33.997,170.31,62.573,-48.565
-0.728,0.227,-0.95,18.433,-11.597,27.71,170.063,62.617,-50.587
-0.77,0.167,-0.903,23.804,-3.967,24.719,169.86,63.018,-52.476
-0.667,0.074,-0.826,22.949,2.686,5.005,170.508,62.814,-53.234
-0.537,0.021,-0.807,16.846,7.69,0.305,171.573,62.468,-52.976
-0.58,0.009,-0.8,5.371,-7.812,5.371,172.068,62.518,-52.861
-0.662,0.083,-0.791,0.61,-8.545,7.446,171.969,62.886,-53.015
-0.724,0.118,-0.789,3.906,-1.526,6.287,171.909,63.062,-53.201
-0.652,0.084,-0.768,11.047,11.047,5.371,172.304,62.77,-53.174
-0.577,0.044,-0.726,8.789,9.155,8.484,172.716,62.232,-53.284
-0.57,0.047,-0.697,2.625,3.235,5.432,172.87,61.946,-53.41
-0.606,0.05,-0.696,-1.709,7.751,-3.113,173.002,61.76,-53.179
-0.604,0.042,-0.749,-4.7,15.503,-15.503,173.425,61.309,-52.202
-0.64,0.023,-0.797,-6.348,20.264,-25.513,174.128,60.743,-50.521
-0.392,-0.026,-0.642,-9.399,21.973,-24.597,174.952,59.865,-48.505
-0.276,-0.05,-0.536,-17.029,7.507,-18.005,175.347,59.31,-46.769
-0.336,0.053,-0.55,-26.978,-15.381,-5.31,174.82,59.491,-45.725
-0.418,0.034,-0.562,-15.93,-9.521,-12.024,174.177,60.26,-45.055
-0.601,0.104,-0.783,-24.17,-26.794,-10.559,173.765,60.98,-44.077
-0.948,0.198,-0.964,-15.259,-23.682,-10.01,173.062,62.704,-43.627
-1.078,0.332,-1.142,-11.047,5.188,9.888,172.551,62.644,-43.566
-1.009,0.312,-1.137,5.066,31.311,16.174,172.073,61.82,-44.313
-0.598,0.323,-1.037,9.705,66.528,33.081,171.766,58.947,-45.434
-0.308,0.269,-0.953,9.827,31.616,19.47,171.612,56.277,-46.544
-0.436,0.187,-0.864,6.287,8.057,-5.371,171.854,55.492,-46.609
-0.495,0.177,-0.813,-6.348,2.747,-13.55,172.09,55.322,-45.775
-0.438,0.173,-0.759,-10.681,3.418,-8.179,171.947,55.157,-45.049
-0.431,0.248,-0.72,-13.062,-4.15,1.709,171.293,55.212,-44.863
-0.469,0.282,-0.749,-12.512,-9.46,6.653,170.436,55.338,-45.176
-0.467,0.301,-0.652,-2.808,-8.118,10.254,169.579,55.695,-45.879
-0.625,0.3,-0.683,3.479,-2.136,10.071,169.036,55.975,-46.769
-0.539,0.295,-0.707,11.108,34.485,9.216,168.964,55.195,-47.411
-0.329,0.19,-0.735,16.174,47.668,-2.014,169.64,53.196,-47.357
-0.135,0.106,-0.824,1.587,14.465,-8.301,170.316,51.647,-46.719
-0.265,0.135,-0.828,-13.855,-30.64,-11.108,170.074,52.278,-46.11
-0.706,0.306,-0.98,-20.752,-44.983,0.977,168.937,54.256,-46.187
-0.515,0.274,-0.809,-1.465,-25.269,4.089,168.096,55.602,-46.813
-0.836,0.236,-0.986,2.563,-30.64,-2.258,167.899,57.074,-47.274
-0.613,0.14,-0.801,4.333,1.77,-6.592,168.195,57.618,-47.159
-0.787,0.154,-0.992,5.859,20.142,-5.249,168.805,57.299,-46.577
-0.505,0.125,-0.952,7.141,46.692,13.855,169.354,55.415,-46.329
-0.287,0.173,-0.943,4.578,20.874,29.236,169.272,53.514,-47.131
-0.412,0.172,-0.888,10.254,-10.437,19.653,169.063,53.251,-48.356
-0.4,0.125,-0.793,9.583,-12.573,11.23,169.211,53.514,-49.098
-0.464,0.099,-0.747,8.667,-14.465,5.859,169.404,54.075,-49.587
-0.403,0.063,-0.682,1.16,-12.451,0.61,169.656,54.591,-49.708
-0.456,0.099,-0.676,-4.089,-16.418,-5.798,169.645,55.322,-49.62
-0.439,0.05,-0.628,-3.967,-9.583,-22.217,169.969,56.096,-48.801
-0.477,0.052,-0.636,-8.972,-9.338,-27.344,170.491,56.865,-47.335
-0.474,0.018,-0.636,-9.338,-0.061,-31.86,171.112,57.508,-45.577
-0.462,0.051,-0.741,-13.55,2.38,-25.94,171.711,57.695,-43.704
-0.704,0.146,-0.977,-10.376,3.052,-23.743,171.985,57.98,-42.27
-0.558,0.177,-0.923,-11.353,10.254,-17.273,172.299,57.733,-40.924
-0.883,0.354,-1.104,-5.127,11.23,-9.583,172.09,57.541,-40.369
-0.559,0.23,-1.054,-4.822,41.199,-9.521,172.623,55.959,-39.43
-0.338,0.23,-0.942,-9.583,16.235,-4.578,172.414,54.569,-39.012
-0.451,0.255,-0.928,-13.306,6.409,-6.775,171.936,54.305,-38.655
-0.346,0.234,-0.84,-11.353,-1.038,-11.047,171.53,53.954,-38.21
-0.465,0.242,-0.803,-12.085,-10.986,-5.188,171.046,54.426,-37.919
-0.319,0.265,-0.648,-11.536,-19.531,8.301,170.189,54.844,-38.403
-0.517,0.347,-0.683,-3.967,-34.851,14.465,169.008,56.041,-39.683
-0.583,0.336,-0.694,2.991,-17.334,11.841,168.173,57.107,-41.21
-0.618,0.316,-0.729,11.23,2.93,3.113,167.948,57.398,-42.204
-0.538,0.256,-0.744,16.724,22.461,0.122,168.53,56.805,-42.484
-0.423,0.223,-0.766,18.921,25.574,5.554,169.316,55.558,-42.709
-0.374,0.168,-0.728,14.832,13.489,10.498,169.92,54.624,-43.22
-0.395,0.183,-0.692,9.949,-0.61,14.648,170.063,54.152,-44.105
-0.443,0.205,-0.772,10.071,-0.244,9.521,170.074,54.13,-45.027
-0.454,0.19,-0.838,4.028,-16.174,12.085,170.079,54.289,-45.802
-0.658,0.236,-0.955,0.366,-31.616,15.259,169.415,55.41,-47.186
-0.668,0.168,-1.003,0.366,-17.395,7.996,169.08,56.349,-48.131
-0.791,0.17,-0.935,0.916,-19.104,3.113,168.821,57.327,-48.818
-0.698,0.159,-0.894,3.357,12.573,-4.211,169.08,57.338,-48.774
-0.668,0.144,-0.931,7.69,32.288,1.221,169.678,56.338,-48.472
-0.479,0.111,-0.841,5.005,47.607,10.437,170.173,54.316,-48.395
-0.351,0.129,-0.814,-3.235,37.476,16.785,170.134,52.158,-48.752
-0.248,0.157,-0.809,-1.404,14.587,-3.479,170.024,50.784,-48.884
-0.398,0.118,-0.784,0.122,-7.568,-30.334,170.497,50.927,-47.911
-0.433,0.073,-0.766,-6.165,-1.953,-45.288,171.398,51.493,-45.829
-0.454,0.05,-0.751,-6.897,-4.211,-56.458,172.485,52.086,-43.006
-0.553,0.075,-0.805,-3.174,17.639,-50.476,173.732,52.399,-40.012
-0.336,0.042,-0.744,-1.221,30.823,-31.311,174.919,51.312,-37.606
-0.289,0.051,-0.706,2.441,14.038,-16.174,175.616,50.449,-36.293
-0.393,0.033,-0.7,0.427,8.301,-3.296,176.039,50.043,-35.76
-0.384,0.04,-0.788,-1.892,17.151,11.597,176.039,49.296,-35.991
-0.486,0.166,-1.065,-0.305,17.151,20.081,175.633,48.45,-36.947
-0.207,0.104,-0.988,7.507,14.954,15.198,175.66,47.483,-37.809
-0.196,0.271,-1.164,-14.16,-61.34,29.114,174.787,48.367,-39.199
-0.858,0.397,-1.205,12.634,-56.213,36.316,173.568,51.762,-41.693
-0.582,0.266,-1.034,18.555,-2.747,45.227,173.227,51.844,-44.407
-0.628,0.172,-0.927,22.522,22.4,28.503,173.282,51.218,-46.582
-0.405,0.12,-0.762,7.202,38.757,13.123,173.589,49.378,-47.554
-0.349,0.125,-0.753,-1.953,25.94,-11.169,173.716,47.999,-47.538
-0.237,0.154,-0.667,-8.606,26.306,-12.329,173.749,46.873,-46.813
-0.25,0.141,-0.72,-15.015,15.808,1.038,173.265,45.989,-46.582
-0.117,0.104,-0.674,-37.781,12.268,6.226,171.969,45.198,-46.835
-0.209,0.395,-0.729,-34.79,-12.268,14.404,169.739,45.066,-47.488
-0.141,0.389,-0.705,0.671,-19.653,25.452,168.333,45.396,-48.922
-0.499,0.449,-0.937,24.292,-50.781,52.185,167.789,46.544,-51.702
-0.688,0.319,-1.089,63.416,-11.78,77.454,168.245,47.34,-56.058
-0.562,-0.031,-1.329,50.293,-10.132,74.219,169.711,46.62,-60.315
-0.551,0.039,-1.289,29.541,18.005,34.18,170.365,46.291,-63.21
-0.208,0.012,-1.118,8.484,32.41,4.395,171.271,44.583,-63.358
-0.045,0.079,-0.994,-7.324,-3.784,5.188,171.37,43.841,-63.237
-0.259,0.182,-0.891,-10.376,-34.607,6.714,170.848,44.896,-63.605
-0.381,0.207,-0.813,-0.854,-34.424,4.517,170.475,46.346,-64.177
-0.455,0.146,-0.8,5.432,-28.992,-5.249,170.612,47.812,-64.424
-0.367,0.052,-0.72,7.263,-20.63,-11.719,171.145,48.994,-64.16
-0.452,0.065,-0.761,1.038,-24.78,-9.033,171.617,50.147,-63.743
-0.489,0.01,-0.774,10.559,-2.686,-12.451,172.277,50.966,-63.287
-0.311,0.008,-0.687,3.784,-4.639,-3.479,173.013,51.169,-62.754
-0.361,0.018,-0.69,2.136,-20.935,0.732,173.326,51.817,-62.715
-0.48,0.075,-0.71,4.333,-11.597,9.277,173.381,52.789,-63.089
-0.262,0.025,-0.677,3.784,-15.198,13.428,173.513,53.124,-63.715
-0.566,0.128,-0.896,-1.892,-43.457,14.893,173.084,54.536,-64.77
-0.642,0.19,-0.957,-0.977,-31.494,11.292,172.568,56.294,-65.841
-0.835,0.332,-0.974,-1.343,-37.842,24.109,171.793,57.865,-67.242
-0.853,0.359,-1.015,15.015,0.549,28.992,171.085,58.486,-69.274
-0.722,0.307,-0.971,26.428,14.709,30.945,171.151,57.766,-71.186
-0.499,0.199,-0.86,30.212,18.982,30.273,171.617,56.651,-73.01
-0.408,0.16,-0.752,26.245,4.272,33.997,172.024,55.849,-74.91
-0.437,0.153,-0.686,24.17,-4.333,40.222,172.057,55.596,-77.267
-0.394,0.163,-0.607,23.56,-3.296,42.114,171.87,55.464,-79.887
-0.424,0.2,-0.621,19.226,-6.714,48.706,171.469,55.283,-82.689
-0.54,0.266,-0.67,21.179,0.0,60.486,170.656,55.074,-86.122
-0.408,0.18,-0.666,27.161,17.212,46.509,170.31,54.009,-89.33
-0.558,0.126,-1.068,0.671,18.799,18.555,170.244,52.844,-91.154
-0.545,0.184,-1.198,-28.931,36.682,-34.79,169.585,51.812,-90.797
-0.369,0.229,-0.973,-38.696,9.644,-78.491,169.459,51.301,-87.028
-0.563,0.194,-1.146,-11.658,-21.973,-28.198,169.634,52.273,-83.82
-0.61,0.281,-0.979,34.851,-10.62,66.101,169.354,53.009,-85.391
-0.451,0.014,-0.859,65.125,-11.841,90.881,169.953,52.443,-90.005
-0.353,-0.014,-0.776,62.439,-16.418,110.413,170.629,52.075,-95.718
-0.396,0.045,-0.714,61.218,-45.898,131.958,170.651,52.245,-102.81
-0.645,0.1,-0.748,70.618,-44.922,131.958,170.381,53.251,-110.808
-0.696,0.097,-0.771,77.026,-28.381,122.681,170.651,53.707,-118.361
-0.691,-0.014,-0.781,78.918,-4.822,100.83,171.667,53.597,-124.772
-0.621,-0.058,-0.809,60.425,6.653,79.407,172.881,52.954,-129.776
-0.482,-0.073,-0.801,44.128,7.568,62.317,173.947,52.245,-133.594
-0.529,-0.053,-0.909,33.691,-2.014,44.495,174.721,52.059,-136.642
-0.433,-0.075,-1.072,14.648,-11.719,10.132,175.594,52.256,-137.516
-0.599,0.034,-1.035,-12.939,-39.307,-36.072,176.122,53.97,-136.208
-0.265,-0.054,-0.751,-17.09,10.559,-51.208,177.039,54.745,-132.973
-0.323,0.03,-0.812,-41.87,-20.508,-19.653,176.951,54.811,-130.474
-0.676,0.306,-0.939,-21.362,-11.23,18.005,175.226,55.783,-130.386
-0.53,0.235,-0.899,5.31,14.282,36.011,174.166,55.283,-131.721
-0.286,0.21,-0.8,24.658,3.784,57.556,173.573,54.272,-134.044
-0.38,0.186,-0.727,34.973,-33.447,76.721,173.024,54.382,-138.098
-0.507,0.171,-0.697,41.138,-31.982,84.229,172.326,55.294,-143.19
-0.515,0.203,-0.699,37.292,-31.067,85.205,171.53,55.992,-148.343
-0.571,0.268,-0.747,39.49,-26.001,89.111,170.502,56.525,-153.616
-0.63,0.314,-0.89,47.729,-16.174,86.182,169.717,56.585,-158.873
-0.511,0.226,-0.852,50.903,-19.287,72.632,169.629,56.536,-163.482
-0.674,0.232,-0.95,44.861,-30.396,67.078,169.59,57.074,-167.673
-0.592,0.152,-0.851,39.246,-29.724,60.547,169.448,57.772,-171.612
-0.723,0.202,-0.82,34.119,-35.461,57.434,168.904,58.898,-175.397
-0.621,0.128,-0.715,34.546,-26.123,51.758,168.668,59.661,-178.671
-0.531,0.051,-0.622,37.842,-26.855,52.063,168.453,60.403,178.116
-0.609,0.033,-0.665,39.429,-34.18,58.35,168.245,61.326,174.677
-0.6,-0.154,-0.734,39.673,-30.823,80.261,168.019,62.172,170.59
-0.735,0.127,-0.758,32.593,-38.086,100.708,166.119,62.836,164.74
-0.694,0.132,-0.684,56.091,-9.521,79.956,164.96,62.765,159.197
-0.669,0.088,-0.654,56.885,-7.996,66.406,165.339,62.26,155.176
-0.668,0.077,-0.649,53.101,-2.197,65.674,165.91,61.732,151.567
-0.632,0.045,-0.687,54.443,7.446,60.181,166.503,61.029,148.112
-0.574,-0.005,-0.731,40.344,-6.897,45.349,167.382,60.403,145.322
-0.793,0.052,-0.815,26.428,-2.686,40.1,167.723,60.524,142.795
-0.684,0.08,-0.788,11.78,3.723,38.086,167.684,60.084,140.614
-0.693,0.127,-0.818,4.578,3.845,21.362,167.239,59.76,138.796
-0.578,0.162,-0.767,-10.437,-1.16,0.183,167.135,59.722,138.367
-0.675,0.289,-0.821,-12.207,-10.254,-16.296,166.882,60.359,138.609
-0.604,0.359,-0.843,2.991,20.264,-19.836,167.503,60.414,139.774
-0.351,0.255,-0.738,16.785,28.198,-12.329,168.854,59.227,140.933
-0.391,0.24,-0.809,6.165,12.878,-10.193,169.722,58.409,141.449
-0.52,0.291,-0.877,0.183,16.785,-24.292,170.266,57.827,142.267
-0.439,0.226,-0.874,5.066,24.292,-43.823,171.552,56.953,144.338
-0.411,0.109,-0.82,2.869,11.597,-38.818,173.051,56.431,146.629
-0.41,0.099,-0.773,0.427,2.747,-23.193,173.947,56.162,148.035
-0.431,0.125,-0.766,1.709,3.235,-6.775,174.359,56.113,148.497
-0.345,0.123,-0.737,0.671,5.127,9.033,174.391,55.701,148.096
-0.317,0.205,-0.754,2.93,-1.648,21.545,173.875,55.388,146.744
-0.301,0.219,-0.73,6.714,-18.738,21.423,173.342,55.464,144.992
-0.434,0.247,-0.726,10.803,-24.719,21.973,172.766,56.316,142.993
-0.407,0.207,-0.654,9.277,-28.503,11.841,172.485,57.184,141.389
-0.49,0.123,-0.679,0.61,-32.715,-4.578,172.233,58.618,140.438
-0.512,0.133,-0.704,-19.958,-27.161,-23.254,171.942,60.068,140.801
-0.812,0.272,-0.844,-13.794,-31.738,-9.827,171.183,61.919,141.004
-0.65,0.227,-0.812,-5.554,-36.621,5.432,170.524,63.062,140.334
-1.172,0.29,-1.032,16.602,-46.875,10.62,169.958,65.132,138.691
-0.902,0.084,-0.916,40.1,34.973,10.498,171.205,64.753,137.752
-0.499,0.017,-0.721,39.978,42.847,22.217,172.875,62.661,136.818
-0.282,-0.068,-0.656,28.381,11.841,19.653,174.007,61.15,135.176
-0.75,0.042,-0.765,-0.122,-6.958,5.676,174.293,61.436,133.665
-0.655,0.067,-0.786,4.578,33.447,-13.0,174.677,60.699,133.237
-0.545,0.011,-0.848,4.7,48.523,-22.644,175.941,58.859,134.05
-0.38,-0.026,-0.842,1.038,33.264,-8.911,176.924,56.893,134.533
-0.346,0.013,-0.835,-2.808,17.578,7.202,177.089,55.563,133.775
-0.454,0.062,-0.904,-2.808,9.338,11.658,176.797,54.882,132.363
-0.279,0.038,-0.881,-2.502,-2.441,-0.305,176.589,54.382,131.133
-0.314,0.011,-0.853,-6.653,-59.326,-18.127,176.627,55.673,130.622
-0.731,0.003,-0.745,-6.287,-60.791,-17.822,176.715,58.799,130.457
-0.735,-0.014,-0.617,-6.531,-32.166,-9.094,176.825,60.859,130.193
-0.835,0.027,-0.552,-3.479,3.54,-0.61,176.819,61.633,129.754
-0.746,0.045,-0.551,0.122,39.673,8.972,176.803,60.562,129.232
-0.535,0.012,-0.499,3.723,63.049,6.897,176.962,58.151,128.892
-0.458,0.054,-0.512,3.479,71.777,7.568,177.177,55.217,128.754
-0.342,0.036,-0.824,4.395,74.28,9.399,177.451,51.812,128.48
-0.219,0.078,-1.127,-1.953,46.204,15.869,177.484,49.065,127.623
-0.434,0.261,-1.296,-10.071,-16.052,26.55,176.688,48.301,125.826
-0.343,0.235,-1.287,15.564,43.64,34.424,176.193,47.686,123.635
-0.032,0.169,-1.124,11.902,-7.996,19.653,176.254,46.23,121.712
-0.348,0.09,-1.016,10.315,-35.034,2.991,176.49,47.296,120.482
-0.354,0.085,-1.0,4.639,-25.146,1.16,176.638,48.444,119.608
-0.426,0.041,-0.948,-1.526,-34.851,4.272,176.622,49.79,118.757
-0.342,0.134,-0.81,-9.277,-37.659,12.512,175.946,51.246,117.455
-0.485,0.158,-0.707,-6.775,-47.363,14.16,175.023,53.168,115.889
-0.537,0.191,-0.667,-3.662,-25.94,17.09,174.133,54.844,114.346
-0.559,0.223,-0.648,-0.183,-17.09,23.682,173.304,55.679,112.791
-0.625,0.284,-0.691,9.888,15.259,33.081,172.485,55.497,110.984
-0.514,0.284,-0.714,16.724,38.208,38.33,172.123,53.833,109.276
-0.334,0.217,-0.737,28.992,35.767,31.86,172.414,51.702,107.787
-0.375,0.208,-0.814,18.372,9.644,27.893,172.689,50.658,106.304
-0.269,0.137,-0.782,18.25,7.996,15.991,172.996,50.032,105.029
-0.306,0.19,-0.846,13.0,-23.804,9.766,173.205,50.466,103.947
-0.515,0.161,-0.943,12.268,-24.17,16.602,173.331,51.537,102.612
-0.637,0.202,-0.998,12.634,-21.729,19.714,173.167,52.531,100.811
-0.669,0.103,-1.037,11.719,-23.193,10.62,173.458,53.086,99.333
-0.595,0.047,-0.996,23.254,12.024,4.333,173.974,53.69,98.031
-0.415,-0.017,-0.938,9.888,3.052,12.817,174.875,52.861,96.976
-0.633,0.105,-0.899,5.31,-20.203,18.982,174.683,53.416,94.867
-0.573,0.07,-0.82,11.169,4.517,6.775,174.858,53.723,93.109
-0.483,0.007,-0.82,10.864,10.315,0.793,175.49,53.366,91.901
-0.444,0.004,-0.829,7.385,17.822,-0.244,176.105,52.767,90.89
-0.355,0.028,-0.838,3.113,14.343,8.179,176.457,51.833,89.681
-0.514,0.095,-0.896,6.226,4.761,10.803,176.556,51.443,88.182
-0.407,0.073,-0.889,10.071,3.723,11.353,176.847,51.031,86.66
-0.46,0.024,-0.859,13.489,-5.249,2.625,177.347,51.18,85.38
-0.456,-0.023,-0.82,10.498,3.479,-0.244,178.0,51.213,84.397
-0.415,-0.042,-0.785,2.014,5.371,-0.061,178.407,50.966,83.37
-0.452,0.002,-0.788,-2.686,3.418,-7.141,178.55,50.795,82.502
-0.352,-0.075,-0.72,-3.54,4.883,-16.541,178.951,50.57,82.222
-0.448,-0.04,-0.783,-13.245,-3.662,-10.864,178.962,50.691,81.892
-0.267,-0.036,-0.669,-13.733,-4.761,-11.108,178.753,50.768,81.447
-0.232,-0.009,-0.574,-21.545,-32.532,-9.705,178.275,51.608,81.068
-0.46,0.08,-0.73,-21.545,-46.448,-6.775,177.523,53.608,80.711
-0.763,0.199,-0.933,-10.498,-40.344,2.197,176.66,55.838,80.013
-0.818,0.166,-1.068,1.465,-7.568,5.92,176.303,57.085,79.305
-1.063,0.312,-1.23,14.709,29.846,13.306,175.919,57.025,78.442
-0.498,0.128,-1.082,9.705,72.205,7.629,176.578,54.256,78.453
-0.189,0.205,-1.043,-3.479,39.551,14.038,176.396,51.389,78.261
-0.264,0.128,-0.891,0.0,-0.61,-11.536,176.204,50.46,78.503
-0.432,0.131,-0.831,-10.742,-7.019,-12.329,176.166,50.724,79.563
-0.458,0.175,-0.817,-10.864,-0.549,-3.601,175.66,50.839,80.184
-0.417,0.208,-0.794,-6.714,8.057,0.732,175.172,50.603,80.711
-0.344,0.229,-0.771,-0.916,3.174,4.578,174.76,50.229,81.052
-0.325,0.176,-0.744,6.409,1.587,3.967,174.721,50.125,81.486
-0.292,0.174,-0.727,3.296,-7.446,12.146,174.606,50.076,81.546
-0.412,0.192,-0.778,8.972,0.671,13.733,174.37,50.213,81.277
-0.198,0.138,-0.683,3.845,-6.592,15.198,174.243,49.966,81.046
-0.505,0.227,-0.771,1.16,-29.297,15.869,173.578,51.031,80.376
-0.377,0.156,-0.776,2.075,-10.498,10.803,173.276,51.564,80.063
-0.626,0.26,-0.955,0.183,-20.142,22.339,172.502,52.487,79.272
-0.742,0.201,-1.058,-0.366,-19.592,16.785,172.018,53.004,78.426
-0.667,0.165,-1.031,15.442,15.381,7.263,171.821,53.267,77.651
-0.427,0.037,-1.002,14.16,18.494,-9.155,172.798,52.35,77.893
-0.441,0.01,-0.956,2.563,1.038,-2.014,173.48,51.965,77.948
-0.464,0.069,-0.932,-3.967,6.47,5.005,173.507,51.762,77.333
-0.453,0.097,-0.869,-0.732,0.183,2.747,173.392,51.537,76.525
-0.488,0.12,-0.882,3.296,0.549,4.822,173.458,51.493,75.745
-0.429,0.058,-0.802,4.15,0.183,4.333,173.661,51.443,74.866
-0.457,0.061,-0.772,-2.014,-8.789,1.282,173.71,51.636,73.911
-0.515,0.067,-0.776,1.709,1.648,-5.493,173.798,51.965,73.026
-0.443,0.052,-0.772,-1.404,4.395,-5.676,174.15,51.795,72.389
-0.375,0.03,-0.719,-0.732,5.737,-10.498,174.424,51.674,71.774
-0.452,0.06,-0.756,-5.005,-0.977,-10.376,174.683,51.718,71.455
-0.418,0.024,-0.788,-1.038,10.01,-13.123,175.018,51.548,71.164
-0.417,0.019,-0.784,-8.545,-1.831,-12.146,175.21,51.493,70.988
-0.388,0.042,-0.776,-12.085,-2.197,-15.564,175.15,51.691,70.917
-0.406,0.057,-0.82,-17.639,-13.55,-18.677,175.034,52.103,71.301
-0.558,0.144,-0.916,-18.921,-17.578,-17.822,174.573,53.075,71.829
-0.518,0.138,-0.767,-19.47,-23.438,-19.409,174.172,54.256,72.74
-0.84,0.309,-1.025,-21.362,-14.771,-3.296,173.441,55.3,73.812
-0.605,0.248,-0.946,6.653,26.245,-5.188,173.051,55.135,75.427
-0.493,0.229,-0.987,-2.625,13.306,3.418,173.249,54.003,77.338
-0.46,0.205,-0.946,1.038,12.695,-4.456,173.128,53.427,78.777
-0.534,0.189,-0.925,-7.568,0.0,-9.766,173.112,53.218,80.601
-0.51,0.222,-0.917,-8.545,18.677,-5.005,172.82,52.789,82.491
-0.347,0.234,-0.814,-9.827,6.592,-0.732,172.403,52.108,84.155
-0.382,0.269,-0.767,-0.977,1.099,-1.099,172.04,51.987,85.562
-0.292,0.208,-0.654,2.38,-3.418,5.493,171.969,51.899,86.847
-0.307,0.2,-0.625,3.113,-6.958,10.803,171.683,51.96,87.605
-0.374,0.229,-0.633,2.502,-13.672,17.822,171.26,52.234,88.121
-0.373,0.209,-0.629,3.967,-14.954,21.667,170.678,52.63,88.358
-0.412,0.278,-0.667,1.648,-24.902,24.658,169.81,53.289,88.391
-0.677,0.293,-0.873,8.484,-25.574,25.33,169.135,54.135,88.451
-0.839,0.306,-1.038,15.198,-12.634,26.306,168.69,54.734,88.583
-0.602,0.157,-1.107,24.353,16.174,13.367,168.997,54.234,89.374
-0.727,0.159,-1.126,18.311,22.583,5.188,169.574,53.756,90.637
-0.396,0.011,-1.004,13.245,32.654,-3.784,170.788,52.196,92.307
-0.345,0.093,-0.945,-2.869,-3.601,8.606,171.09,51.454,92.01
-0.521,0.129,-0.881,1.282,-5.188,6.836,170.964,51.768,91.11
-0.469,0.166,-0.806,5.31,-5.92,11.963,170.958,51.828,90.231
-0.565,0.127,-0.82,12.268,0.549,6.531,171.293,51.998,89.747
-0.484,0.108,-0.79,10.925,5.615,6.714,171.837,51.691,89.687
-0.513,0.095,-0.778,8.85,-2.686,1.465,172.249,51.828,90.308
-0.468,0.101,-0.731,9.46,6.042,-1.038,172.562,51.795,93.395
-0.456,0.068,-0.767,10.193,11.963,-3.54,173.035,51.427,96.866
-0.403,0.052,-0.785,12.634,19.897,-14.282,173.71,50.751,100.838
-0.256,-0.084,-0.743,4.639,10.742,-22.034,174.902,50.098,100.042
-0.343,-0.031,-0.666,-15.259,-15.442,-25.574,175.254,50.389,99.706
-0.465,0.022,-0.663,-16.602,-12.207,-24.658,175.199,51.246,99.289
-0.482,0.038,-0.811,-17.029,-3.174,-20.264,175.21,51.586,98.503
-0.595,0.148,-0.928,-14.832,-0.305,-13.428,174.831,51.982,99.569
-0.335,0.125,-0.782,-16.541,-9.277,-9.338,174.391,52.366,102.206
-0.889,0.369,-1.03,-16.602,-20.386,1.892,173.447,53.344,103.722
-0.571,0.204,-1.045,5.432,31.86,-10.437,173.513,52.993,106.062
-0.434,0.23,-1.146,2.441,33.081,3.479,173.716,51.422,108.171
-0.294,0.152,-1.045,-2.136,9.888,-10.254,173.892,50.18,109.698
-0.512,0.186,-0.967,-9.338,0.0,-22.217,173.941,50.213,111.703
-0.475,0.175,-0.871,-13.062,4.944,-20.813,173.875,50.092,114.148
-0.436,0.177,-0.816,-11.108,7.385,-20.691,173.727,49.933,116.653
-0.474,0.217,-0.833,-6.897,9.399,-14.587,173.611,49.675,119.081
-0.342,0.158,-0.769,-2.38,8.728,-7.812,173.606,49.23,121.168
-0.432,0.219,-0.769,-3.052,-1.282,2.991,173.304,49.219,122.58
-0.274,0.161,-0.688,-1.099,5.432,2.502,173.095,48.966,123.843
-0.245,0.186,-0.644,-7.019,-9.766,5.92,172.634,49.048,124.805
-0.388,0.277,-0.731,-4.7,-3.662,10.681,171.958,49.395,125.381
-0.331,0.335,-0.782,10.742,12.634,13.794,171.601,48.895,125.98
-0.239,0.243,-0.752,16.785,-6.592,17.151,171.81,48.422,126.31
-0.516,0.286,-0.909,14.221,-28.015,25.208,171.859,48.9,125.975
-0.708,0.172,-1.137,24.048,-4.089,27.527,171.953,49.504,125.403
-0.557,0.101,-1.235,14.954,-7.263,16.479,172.392,49.279,125.475
-0.556,0.089,-1.159,25.33,20.63,14.343,172.831,49.18,125.75
-0.302,0.0,-0.973,20.935,2.808,5.676,173.963,48.378,126.458
-0.34,-0.019,-0.839,11.536,-13.855,5.31,174.732,48.664,126.475
-0.446,0.033,-0.773,3.113,-16.602,1.953,175.034,49.482,126.431
-0.484,0.044,-0.787,2.625,-5.005,-1.465,175.27,50.021,127.095
-0.482,0.054,-0.804,3.784,-0.488,-5.371,175.583,50.246,128.469
-0.483,0.028,-0.848,6.104,2.869,-13.062,176.133,50.328,130.342
-0.486,0.007,-0.856,6.653,-2.808,-12.268,176.935,50.455,132.44
-0.507,-0.034,-0.868,14.038,2.502,-8.85,177.737,50.691,134.313
-0.425,-0.062,-0.827,5.371,6.226,-3.174,178.467,50.537,136.148
-0.444,-0.059,-0.811,-0.671,-0.61,-8.24,178.775,50.614,137.736
-0.408,-0.051,-0.782,-10.315,-2.808,-8.057,178.874,50.718,139.482
-0.479,-0.021,-0.77,-13.367,-3.784,-9.705,178.599,51.18,141.229
-0.353,-0.002,-0.691,-16.907,-3.845,-6.042,178.204,51.416,143.174
-0.353,0.036,-0.611,-18.433,-22.156,-4.883,177.578,52.174,144.448
-0.369,0.038,-0.585,-12.817,-21.484,-6.104,176.979,53.438,145.668
-0.696,0.149,-0.861,-19.409,-31.677,2.991,176.276,54.899,146.733
-0.582,0.116,-0.833,-4.639,-2.502,-3.845,175.529,55.789,147.794
-0.831,0.253,-1.273,-18.921,-2.258,8.667,175.084,55.997,149.024
-0.571,0.25,-1.151,17.883,48.584,5.127,174.6,54.833,149.42
-0.318,0.184,-1.178,6.042,15.869,7.019,175.188,53.075,150.013
-0.431,0.113,-1.034,13.123,2.808,-1.404,175.583,52.707,149.919
-0.48,0.099,-0.933,1.16,-6.47,-8.179,175.919,52.828,150.255
-0.454,0.081,-0.821,-3.113,-4.944,-10.01,176.094,52.987,150.903
-0.515,0.149,-0.791,-5.188,-4.822,-8.118,176.023,53.344,151.672
-0.415,0.147,-0.728,0.427,3.662,-1.465,176.028,53.24,152.474
-0.376,0.149,-0.681,4.639,-4.456,6.836,175.957,53.289,152.748
-0.355,0.139,-0.639,4.211,-4.761,12.634,175.825,53.454,152.71
-0.364,0.161,-0.659,8.911,-6.042,19.531,175.468,53.58,152.1
-0.41,0.195,-0.677,10.681,-11.414,20.203,175.177,53.904,151.37
-0.469,0.176,-0.75,14.465,-10.498,15.625,175.139,54.234,150.754
-0.409,0.111,-0.808,16.357,-3.357,10.925,175.364,54.443,150.436
-0.629,0.152,-0.981,12.207,-17.7,18.25,175.402,55.009,149.93
-0.686,0.122,-0.979,8.545,-21.912,19.47,175.325,55.657,149.134
-0.737,0.02,-1.038,19.409,-0.366,8.728,175.446,56.371,148.645
-0.609,-0.018,-1.054,8.606,7.324,6.714,176.083,55.986,148.799
-0.461,-0.023,-0.965,8.85,15.503,13.123,176.32,55.333,148.354
-0.483,0.061,-0.889,-0.244,-6.836,18.372,176.16,55.058,147.25
-0.473,0.071,-0.779,10.681,-0.732,16.052,176.034,55.157,146.063
-0.475,0.065,-0.73,10.864,-13.977,14.832,176.21,55.388,145.085
-0.579,0.013,-0.73,15.381,-7.69,7.08,176.605,55.986,144.58
-0.535,-0.002,-0.708,14.954,1.77,1.587,177.308,56.118,144.871
-0.495,-0.036,-0.706,11.78,-0.183,1.16,178.099,56.113,145.47
-0.528,-0.041,-0.75,13.977,0.366,-2.136,178.846,56.245,146.036
-0.461,-0.079,-0.708,10.559,-2.258,-1.404,179.676,56.448,146.618
-0.469,-0.085,-0.686,4.211,-17.395,-2.319,-179.78,56.948,146.629
-0.588,-0.033,-0.685,0.549,-12.146,-0.061,-179.445,57.854,146.662
-0.538,-0.07,-0.64,0.671,-7.69,2.441,-179.297,58.42,147.079
-0.557,-0.053,-0.723,0.0,-0.366,6.348,-179.385,58.859,147.541
-0.636,0.001,-0.927,-2.502,-1.16,14.465,-179.577,58.887,147.387
-0.53,0.01,-0.912,-0.977,-5.31,19.226,179.962,59.041,146.332
-0.73,0.185,-1.035,1.526,-13.0,33.569,179.0,59.54,144.41
-0.642,0.146,-0.971,20.63,2.869,31.25,178.336,59.639,142.3
-0.637,0.083,-0.978,15.198,-7.996,33.081,178.127,59.579,140.389
-0.697,0.04,-1.004,18.921,7.08,20.264,177.984,59.546,138.653
-0.524,0.022,-0.845,2.136,-3.052,21.667,177.83,59.233,137.263
-0.601,0.106,-0.779,0.366,-4.333,25.024,176.929,59.42,135.341
-0.512,0.122,-0.651,1.343,-9.46,25.085,176.155,59.584,133.715
-0.606,0.167,-0.67,8.484,0.549,32.654,175.276,59.777,131.973
-0.391,0.093,-0.553,14.16,10.681,36.133,174.727,59.145,130.292
-0.421,0.14,-0.563,7.202,-6.47,47.791,173.727,58.854,127.985
-0.445,0.175,-0.597,8.118,-4.456,49.5,172.282,58.815,125.178
-0.6,0.302,-0.778,11.475,-13.245,48.645,170.865,58.969,122.498
-0.506,0.281,-0.744,23.193,-13.367,45.227,170.101,58.936,120.009
-0.803,0.342,-1.016,27.344,-20.142,55.542,169.387,59.282,117.081
-0.858,0.231,-1.173,28.748,-19.958,49.377,168.893,59.365,113.895
-0.786,0.143,-1.003,32.104,-9.644,44.861,168.168,60.04,110.275
-0.71,0.072,-0.842,30.029,-3.906,36.56,168.338,59.826,106.82
-0.703,0.022,-0.862,37.17,13.855,41.199,168.97,59.227,102.849
-0.499,-0.054,-0.787,31.189,18.86,53.955,169.645,57.799,98.399
-0.488,0.066,-0.732,17.395,-3.906,69.458,169.14,56.689,92.867
-0.542,0.147,-0.746,28.564,4.7,62.256,168.492,55.97,87.198
-0.481,0.097,-0.72,29.114,-2.014,55.542,168.629,55.162,82.326
-0.453,0.044,-0.722,31.128,-4.333,45.654,168.909,54.761,77.723
-0.476,-0.01,-0.734,25.696,-14.343,34.607,169.459,54.816,73.839
-0.643,0.026,-0.866,17.761,-13.672,30.823,169.777,55.179,70.219
-0.64,0.093,-0.903,7.507,-15.991,33.508,169.662,55.47,66.638
-0.762,0.145,-0.998,2.991,-26.367,26.855,169.167,56.162,63.1
-0.695,0.166,-0.805,-9.094,-35.583,26.917,168.294,57.398,59.7
-0.553,0.264,-0.681,-4.028,-23.376,35.156,166.794,58.629,55.772
-0.452,0.293,-0.68,24.353,-8.972,40.1,166.069,58.788,51.855
-0.519,0.218,-0.742,30.09,-7.141,54.443,165.943,58.574,47.675
-0.63,0.253,-0.865,26.917,10.193,56.152,165.569,57.772,43.198
-0.471,0.246,-0.893,26.55,29.297,50.842,165.487,56.014,39.353
-0.271,0.201,-0.842,25.879,12.634,47.485,165.696,54.168,36.079
-0.373,0.26,-0.771,24.17,-13.916,61.34,165.476,53.427,32.377
-0.459,0.292,-0.76,26.123,-17.761,66.895,164.932,53.152,27.883
-0.428,0.326,-0.747,30.457,-15.686,71.411,164.388,52.811,23.033
-0.41,0.376,-0.792,31.25,-11.169,78.735,163.768,52.262,17.803
-0.304,0.415,-0.821,32.959,-15.564,77.942,163.251,51.509,12.574
-0.309,0.416,-0.816,36.987,-35.156,71.35,162.861,51.411,7.531
-0.607,0.439,-0.885,32.898,-54.565,74.951,162.257,52.289,2.192
-0.82,0.448,-0.888,40.527,-42.786,80.2,161.384,53.245,-4.043
-0.715,0.3,-0.869,50.964,-10.742,67.993,161.57,53.157,-9.536
-0.364,0.115,-0.674,53.772,-6.47,60.852,162.565,52.449,-14.035
-0.441,0.112,-0.678,42.053,-31.25,63.965,163.427,52.377,-18.358
-0.681,0.144,-0.788,54.26,-15.991,61.89,163.976,52.822,-22.978
-0.571,0.078,-0.829,55.115,7.446,59.692,165.394,52.196,-26.812
-0.401,0.028,-0.808,48.645,3.113,63.477,166.794,51.163,-30.443
-0.448,0.038,-0.798,39.001,-20.874,53.284,167.734,50.977,-34.014
-0.543,0.038,-0.791,35.828,-15.015,48.035,168.536,51.46,-37.134
-0.488,0.007,-0.774,29.114,-16.174,41.199,169.2,51.757,-39.957
-0.521,-0.019,-0.843,16.785,-10.559,27.71,169.794,52.191,-42.017
-0.408,0.029,-0.836,9.094,-1.526,7.324,170.167,52.35,-43.055
-0.652,0.088,-1.016,-10.254,-23.804,-11.292,170.574,53.086,-42.737
-0.593,0.156,-0.98,-5.127,14.038,-17.639,170.7,53.663,-42.089
-0.239,0.14,-0.852,-14.404,13.123,-15.015,170.958,52.85,-41.001
-0.386,0.276,-0.86,-25.513,-24.658,-2.93,170.134,53.394,-40.682
-0.613,0.396,-0.909,-10.315,2.686,4.944,169.025,53.91,-41.215
-0.349,0.309,-0.856,5.493,11.658,-3.357,169.047,53.185,-41.369
-0.414,0.253,-0.865,10.559,2.93,-4.944,169.475,52.982,-41.446
-0.272,0.181,-0.768,9.644,2.563,-7.812,170.123,52.696,-41.237
-0.355,0.197,-0.767,6.348,-11.047,-0.305,170.469,52.784,-41.243
-0.349,0.212,-0.749,8.24,-0.61,8.423,170.579,52.954,-41.688
-0.244,0.236,-0.723,8.667,-10.498,22.949,170.48,52.789,-42.737
-0.441,0.284,-0.777,17.517,-18.799,29.358,170.046,53.218,-44.72
-0.295,0.233,-0.7,12.817,-17.029,30.396,169.893,53.503,-46.73
-0.395,0.306,-0.684,15.076,-40.405,30.457,169.211,54.415,-49.202
-0.467,0.208,-0.646,16.174,-41.565,14.771,168.942,56.041,-51.339
-0.668,0.253,-0.856,7.324,-42.969,15.32,168.602,57.821,-53.042
-0.848,0.255,-0.984,12.695,-25.452,14.16,168.019,59.387,-54.915
-0.653,0.167,-0.864,8.362,-11.658,4.822,168.069,60.156,-55.844
-0.871,0.182,-0.926,0.305,-21.667,5.615,167.943,60.963,-56.426
-0.706,0.157,-0.881,6.042,5.127,-3.723,168.14,61.205,-56.541
-0.569,0.127,-0.81,12.634,11.963,-2.93,168.931,60.886,-56.146
-0.463,0.111,-0.774,11.292,2.014,6.042,169.634,60.469,-56.058
-0.519,0.125,-0.746,13.428,-7.08,8.606,169.958,60.601,-56.508
-0.548,0.113,-0.731,12.451,-13.062,5.432,170.376,60.98,-56.876
-0.615,0.037,-0.707,15.869,-11.414,-8.789,171.101,61.661,-56.827
-0.572,-0.038,-0.703,6.897,-12.39,-12.39,172.288,62.281,-55.915
-0.721,0.033,-0.726,1.038,-14.465,-7.019,172.749,63.237,-55.344
-0.643,-0.007,-0.704,4.211,4.333,-11.597,173.584,63.49,-54.41
-0.584,-0.009,-0.64,1.892,6.592,-2.136,174.155,63.463,-53.74
-0.481,-0.032,-0.58,-3.357,7.996,-5.31,174.589,63.111,-53.141
-0.547,0.034,-0.609,-7.812,8.545,2.38,174.611,62.946,-52.668
-0.55,0.09,-0.606,-6.165,13.428,13.55,174.177,62.386,-52.905
-0.461,0.057,-0.694,-2.258,17.7,4.639,173.842,61.617,-53.251
-0.587,0.133,-0.789,-13.794,-5.615,-6.042,173.578,61.501,-52.932
-0.669,0.138,-0.792,-10.376,-2.747,-18.25,173.37,62.073,-52.18
-0.987,0.338,-0.978,-15.747,2.014,-2.502,173.123,62.128,-51.504
-0.727,0.225,-1.005,-3.296,36.438,-3.235,173.232,60.886,-51.119
-0.52,0.291,-0.998,-3.662,32.227,7.08,172.925,59.167,-51.152
-0.423,0.249,-0.914,-1.831,6.775,-4.7,172.776,58.2,-51.119
-0.501,0.199,-0.849,-4.211,0.793,-9.705,172.87,58.167,-50.559
-0.452,0.21,-0.777,-12.512,-8.484,-0.61,172.359,58.239,-50.46
-0.453,0.253,-0.673,-13.611,-13.611,0.671,171.442,58.755,-50.718
-0.463,0.292,-0.607,-9.155,-19.226,3.845,170.508,59.403,-51.213
-0.492,0.287,-0.542,1.587,-17.883,9.216,169.711,60.205,-52.196
-0.651,0.354,-0.631,8.85,-2.869,21.545,169.008,60.65,-53.8
-0.415,0.264,-0.595,21.851,25.574,15.93,168.942,59.804,-55.36
-0.28,0.265,-0.621,17.334,-6.958,13.306,169.211,59.052,-56.541
-0.521,0.208,-0.688,15.015,-32.288,5.249,169.277,59.947,-57.788
-0.814,0.203,-0.886,11.108,-14.038,7.446,169.2,61.144,-58.837
-0.938,0.208,-1.049,1.099,-12.756,10.498,169.047,61.479,-59.568
-0.622,0.077,-0.958,11.78,19.592,0.916,169.151,61.177,-59.93
-0.854,0.158,-1.004,4.15,-1.892,-0.244,169.481,61.271,-59.678
-0.571,0.073,-0.908,13.55,27.71,-0.854,170.425,60.161,-59.095
-0.435,0.026,-0.879,9.521,11.353,0.0,171.321,59.321,-58.513
-0.476,0.064,-0.784,1.587,-8.85,1.404,171.628,59.354,-58.2
-0.521,0.091,-0.691,0.916,-16.357,2.197,171.7,59.947,-58.03
-0.646,0.082,-0.727,2.686,-18.25,-1.221,171.815,60.754,-57.903
-0.678,0.024,-0.705,6.47,-5.859,-6.714,172.359,61.447,-57.442
-0.613,0.02,-0.689,3.052,3.174,0.977,172.903,61.611,-56.959
-0.63,0.038,-0.755,10.01,18.066,-2.869,173.298,61.265,-56.706
-0.448,-0.02,-0.693,4.456,10.559,-3.662,174.188,60.54,-55.931
-0.455,-0.026,-0.623,-3.418,-4.028,-1.587,174.419,60.579,-55.514
-0.613,0.031,-0.668,-14.221,-14.038,-7.507,174.38,61.084,-54.855
-0.611,0.032,-0.674,-7.141,7.141,-21.484,174.419,61.551,-53.849
-0.493,-0.023,-0.607,-18.86,0.671,-41.992,175.215,61.606,-51.575
-0.52,-0.034,-0.671,-31.311,-1.282,-38.33,175.814,61.924,-48.653
-0.739,0.094,-0.865,-34.119,-2.38,-28.198,175.496,62.386,-46.467
-0.638,0.234,-0.874,-35.095,4.822,14.16,174.243,62.358,-45.862
-0.858,0.551,-1.125,-5.493,11.78,52.246,171.557,61.507,-48.461
-0.523,0.307,-1.077,20.813,42.236,17.578,171.277,59.502,-50.229
-0.417,0.237,-0.938,8.24,7.507,-0.793,171.821,58.315,-50.273
-0.51,0.187,-0.808,-3.784,-10.742,-15.015,171.909,58.464,-49.922
-0.664,0.19,-0.756,-14.648,-10.193,-39.551,172.211,59.194,-48.296
-0.658,0.182,-0.734,-18.738,8.362,-51.819,172.914,59.584,-45.538
-0.529,0.18,-0.696,-20.386,9.827,-36.621,173.408,59.37,-42.957
-0.479,0.227,-0.665,-16.724,3.235,-15.808,173.205,59.343,-41.677
-0.409,0.234,-0.624,-11.414,1.526,4.761,172.557,59.348,-41.655
-0.353,0.264,-0.579,-2.869,-6.531,19.592,171.475,59.277,-42.83
-0.296,0.278,-0.585,3.662,-12.207,33.325,170.277,59.431,-44.879
-0.353,0.318,-0.587,15.747,-39.673,30.151,169.052,60.09,-47.554
-0.584,0.256,-0.651,24.841,-46.814,24.292,168.459,61.875,-50.153
-0.882,0.319,-0.937,22.339,-35.889,35.4,167.855,63.32,-53.009
-0.978,0.222,-1.012,26.489,-33.325,11.23,167.734,64.578,-55.25
-1.071,0.065,-1.157,29.236,-1.282,-14.038,169.041,65.435,-55.366
-0.687,-0.081,-0.923,18.677,26.55,-16.541,171.255,65.023,-53.817
-0.59,-0.032,-0.879,0.0,7.446,6.287,172.029,64.254,-53.168
-0.521,0.07,-0.755,-5.005,2.197,11.597,171.733,63.864,-53.339
-0.612,0.145,-0.691,-2.808,-9.094,11.902,171.194,64.028,-53.795
-0.681,0.142,-0.695,2.197,-8.667,6.165,170.964,64.341,-54.196
-0.732,0.114,-0.73,6.897,4.822,2.441,171.14,64.457,-54.322
-0.582,0.069,-0.69,6.592,10.376,-1.343,171.612,64.045,-54.146
-0.601,0.043,-0.699,1.709,0.916,-1.953,172.018,63.907,-53.828
-0.558,0.022,-0.674,0.549,6.409,-4.517,172.359,63.814,-53.421
-0.628,0.035,-0.695,-2.625,-5.859,-9.583,172.722,63.82,-52.778
-0.573,-0.024,-0.649,-1.526,1.892,-14.465,173.381,64.078,-51.702
-0.542,-0.025,-0.602,-8.972,-4.944,-4.15,173.705,64.314,-50.845
-0.723,0.065,-0.683,-10.376,2.869,1.282,173.381,64.627,-50.598
-0.551,0.068,-0.696,-9.155,16.052,4.883,173.161,63.935,-50.416
-0.479,0.08,-0.646,-4.517,9.827,-1.77,172.848,63.578,-50.35
-0.538,0.075,-0.668,-6.165,-9.155,-4.883,172.914,63.567,-49.905
-0.843,0.143,-0.78,-11.047,-22.827,-0.061,172.474,64.55,-49.933
-0.751,0.155,-0.794,-16.296,4.089,-3.052,171.991,64.968,-49.867
-0.829,0.344,-0.795,-14.343,-7.385,4.028,171.123,65.187,-49.966
-0.573,0.342,-0.787,-6.47,27.588,31.738,169.948,64.193,-51.229
-0.661,0.355,-0.868,6.775,6.104,23.438,168.591,63.177,-53.333
-0.623,0.277,-0.868,8.118,16.602,1.099,168.712,62.419,-53.877
-0.639,0.223,-0.88,10.925,15.198,-1.648,169.228,61.595,-53.8
-0.562,0.218,-0.835,2.686,10.864,5.676,169.557,60.914,-53.778
-0.456,0.214,-0.734,0.671,6.775,11.78,169.299,60.26,-54.366
-0.435,0.264,-0.663,-0.427,-4.272,11.108,168.832,60.024,-55.102
-0.403,0.248,-0.614,5.249,2.319,13.733,168.376,59.848,-56.041
-0.373,0.247,-0.589,7.69,-4.333,17.639,168.03,59.568,-57.162
-0.566,0.31,-0.668,12.878,-6.592,28.137,167.426,59.579,-58.92
-0.558,0.287,-0.714,18.066,2.747,27.344,167.124,59.216,-60.864
-0.459,0.337,-0.764,16.052,2.441,36.072,166.685,58.645,-63.034
-0.362,0.285,-0.678,13.672,-18.677,22.705,166.201,58.546,-65.198
-0.456,0.333,-0.625,7.996,-43.457,15.381,165.536,59.722,-67.083
-1.02,0.398,-0.899,16.174,-45.227,10.254,165.009,61.743,-68.917
-0.573,0.122,-0.652,24.353,-7.202,-2.93,165.668,62.545,-69.719
-1.132,0.247,-0.929,9.277,-43.274,-1.465,166.042,64.199,-70.17
-0.926,0.081,-0.914,33.875,39.978,-13.794,167.778,64.083,-69.521
-0.536,-0.04,-0.817,26.611,42.053,-10.864,170.294,62.271,-67.928
-0.385,-0.055,-0.76,5.249,26.123,0.854,171.628,60.699,-66.989
-0.451,0.104,-0.751,-1.953,9.277,6.042,171.694,60.013,-66.758
-0.531,0.08,-0.759,-0.305,-6.165,-4.211,171.804,59.897,-66.577
-0.605,0.054,-0.756,-1.282,-7.385,-15.686,172.238,60.353,-65.753
-0.66,0.021,-0.774,-1.038,4.517,-19.287,172.941,60.677,-64.484
-0.484,-0.014,-0.706,-7.385,8.179,-11.719,173.606,60.386,-63.155
-0.614,0.052,-0.745,-8.484,-2.258,-7.019,173.617,60.513,-62.424
-0.484,0.038,-0.64,-10.254,-1.282,-4.883,173.622,60.546,-61.826
-0.593,0.042,-0.645,-15.747,-13.123,-10.01,173.348,61.089,-61.315
-0.549,0.032,-0.627,-17.029,3.723,-13.184,173.177,61.452,-60.408
-0.494,0.035,-0.615,-20.569,8.484,-9.033,172.809,61.458,-59.557
-0.412,0.141,-0.567,-26.917,-6.897,4.089,171.832,61.381,-59.332
-0.743,0.197,-0.842,-15.442,-9.705,-9.094,170.958,61.968,-59.271
-0.645,0.23,-0.768,-9.766,-6.836,-7.935,170.59,62.49,-58.887
-0.958,0.311,-1.001,-6.592,-12.573,3.418,170.349,62.963,-58.914
-0.655,0.238,-0.923,12.146,25.94,0.732,170.486,62.402,-59.183
-0.62,0.251,-1.02,11.169,22.766,7.751,170.892,61.271,-59.409
-0.518,0.16,-0.992,3.418,15.259,-1.465,171.315,60.167,-59.458
-0.545,0.19,-0.932,-8.057,5.554,-3.113,171.227,59.689,-59.255
-0.558,0.218,-0.814,-16.968,-0.977,-6.104,170.755,59.546,-58.969
-0.523,0.25,-0.69,-16.907,-5.188,-3.662,169.964,59.639,-58.848
-0.517,0.271,-0.626,-12.817,-4.822,-2.808,169.211,59.897,-58.909
-0.487,0.29,-0.59,-5.066,-1.16,0.916,168.613,60.046,-59.211
-0.452,0.283,-0.595,1.648,-0.488,8.85,168.179,60.018,-59.892
-0.545,0.319,-0.676,6.042,-2.991,18.616,167.613,59.991,-61.199
-0.5,0.317,-0.676,12.634,1.343,21.973,167.108,59.749,-62.891
-0.42,0.283,-0.625,12.939,-10.193,21.301,166.734,59.595,-64.688
-0.596,0.308,-0.7,16.235,-15.137,11.23,166.421,60.112,-66.363
-0.492,0.228,-0.681,18.616,-2.991,4.15,166.899,60.331,-67.154
-0.589,0.229,-0.779,13.184,-16.052,9.094,167.135,60.661,-68.022
-0.95,0.232,-0.967,10.986,-12.939,2.991,167.267,61.375,-68.785
-0.688,0.07,-1.015,8.301,4.15,-11.475,168.135,61.183,-68.406
-0.95,0.166,-1.074,7.08,6.653,-10.925,168.574,61.82,-67.939
-0.547,0.007,-0.86,9.583,21.423,-12.634,170.074,60.809,-66.649
-0.423,0.033,-0.832,-2.808,9.644,10.132,170.464,60.123,-66.335
-0.432,0.14,-0.726,-12.085,-11.902,20.752,169.552,60.09,-67.225
-0.634,0.24,-0.755,-5.31,-9.338,15.686,168.453,60.403,-68.395
-0.599,0.207,-0.763,3.174,2.38,3.906,168.151,60.386,-68.945
-0.543,0.15,-0.743,4.456,-3.967,-0.427,168.404,60.337,-68.989
-0.645,0.142,-0.731,6.165,-4.517,-3.784,168.591,60.76,-69.049
-0.518,0.095,-0.65,7.141,4.456,-6.531,169.244,60.804,-68.637
-0.658,0.117,-0.743,6.287,3.296,-6.165,169.788,60.853,-68.297
-0.467,0.016,-0.688,10.864,28.625,-14.099,170.925,60.172,-67.357
-0.467,0.028,-0.737,0.61,2.93,-5.798,171.826,59.447,-66.423
-0.474,-0.003,-0.682,0.732,9.949,-6.165,172.282,59.31,-65.863
-0.297,0.012,-0.553,-11.169,-10.498,-2.38,172.337,59.304,-65.418
-0.398,0.077,-0.564,-18.677,-26.733,-1.587,171.705,60.381,-65.303
-0.728,0.227,-0.729,-16.785,-38.635,-1.77,170.618,62.067,-65.616
-0.806,0.228,-0.837,-4.822,-7.568,-3.174,170.349,63.127,-65.572
-0.921,0.31,-1.089,-3.784,0.0,2.747,170.118,63.067,-65.709
-0.792,0.238,-1.049,0.183,25.024,-0.366,170.211,62.474,-65.665
-0.563,0.293,-1.012,-4.089,27.466,10.559,169.953,61.029,-65.841
-0.493,0.225,-0.862,-3.174,-3.601,-4.395,169.766,60.282,-66.0
-0.573,0.198,-0.782,-9.46,-2.258,-7.141,169.563,60.474,-65.841
-0.526,0.235,-0.69,-10.925,-4.395,-5.493,169.189,60.65,-65.605
-0.529,0.284,-0.709,-6.592,1.526,5.981,168.651,60.634,-65.797
-0.491,0.292,-0.67,1.099,-2.197,13.672,168.019,60.491,-66.665
-0.433,0.305,-0.652,5.249,-3.174,19.47,167.421,60.32,-67.972
-0.532,0.321,-0.705,13.977,-3.601,18.982,166.866,60.244,-69.615
-0.336,0.213,-0.609,13.123,-8.85,13.916,166.844,60.128,-70.928
-0.509,0.195,-0.663,2.075,-33.02,3.967,166.443,60.936,-72.158
-0.606,0.206,-0.665,4.517,-15.076,-8.301,166.344,62.084,-72.548
-0.557,0.231,-0.637,2.686,-10.742,-0.977,166.437,62.699,-72.653
-0.788,0.276,-0.807,3.174,-21.24,2.686,166.349,63.353,-73.125
-0.89,0.228,-0.869,11.169,-4.7,-0.916,166.393,64.105,-73.647
-0.456,0.083,-0.698,9.094,2.747,-7.446,167.146,64.105,-73.345
-1.098,0.264,-0.869,0.61,-21.973,-0.122,166.86,65.479,-73.773
-0.74,0.112,-0.794,11.719,28.687,-17.578,168.135,64.709,-72.708
-0.614,0.103,-0.836,7.568,20.203,-1.343,169.255,63.754,-71.702
-0.618,0.144,-0.749,15.991,1.465,14.038,169.656,63.298,-71.955
-0.64,0.142,-0.734,22.766,6.47,31.25,169.882,62.908,-73.257
-0.586,0.127,-0.708,20.752,4.028,28.748,169.926,62.309,-75.026
-0.602,0.094,-0.729,18.86,5.859,18.005,170.096,61.957,-76.349
-0.565,0.054,-0.735,11.23,5.31,6.653,170.53,61.611,-76.915
-0.548,0.049,-0.691,4.272,6.409,3.784,170.832,61.463,-77.031
-0.52,0.093,-0.69,-3.662,3.174,5.981,170.898,61.122,-77.025
-0.611,0.099,-0.729,2.441,5.981,-3.784,170.914,61.068,-76.943
-0.439,0.044,-0.663,1.77,9.766,-6.653,171.491,60.645,-76.278
-0.445,0.009,-0.626,-6.042,-5.31,-10.132,171.815,60.727,-75.608
-0.525,0.036,-0.617,-14.832,-10.559,-18.921,171.964,61.331,-74.526
-0.527,0.092,-0.606,-15.686,-2.747,-21.545,172.035,61.935,-73.152
-0.51,0.069,-0.703,-18.921,-12.756,-15.137,172.079,62.336,-71.878
-0.725,0.198,-0.895,-19.043,-25.452,-11.414,171.519,63.528,-71.263
-0.821,0.284,-1.019,-15.259,-25.574,2.808,170.843,64.742,-71.191
-1.081,0.422,-1.031,6.714,-6.104,15.93,169.601,65.764,-72.598
-0.851,0.341,-0.869,14.893,10.742,31.311,169.459,65.001,-73.954
-0.78,0.216,-0.806,28.137,33.264,41.626,169.014,63.578,-76.514
-0.632,0.199,-0.73,20.752,35.339,44.556,168.788,61.573,-78.783
-0.45,0.185,-0.667,14.771,42.114,39.49,168.437,59.244,-80.865
-0.453,0.292,-0.676,13.123,38.513,39.551,168.036,57.057,-82.628
-0.269,0.212,-0.646,15.686,40.649,29.968,168.019,54.706,-84.1
-0.2,0.275,-0.764,4.456,20.081,28.931,167.789,52.905,-85.38
-0.206,0.296,-0.771,9.277,15.869,23.743,167.377,51.641,-86.726
-0.151,0.31,-0.695,3.052,-6.226,19.165,167.014,50.905,-87.957
-0.265,0.295,-0.666,3.906,-27.161,18.188,166.509,51.152,-89.324
-0.708,0.38,-0.981,11.475,-18.555,23.926,165.921,51.894,-91.132
-0.667,0.269,-1.079,24.658,9.277,23.193,166.119,51.603,-92.637
-0.5,0.038,-1.354,12.817,4.761,2.808,167.151,50.806,-92.84
-0.663,0.289,-1.216,0.671,3.784,8.606,166.712,51.207,-93.395
-0.25,0.121,-0.932,0.671,4.517,-6.592,167.272,50.532,-92.752
-0.41,0.27,-0.871,-8.85,-36.133,19.104,166.712,51.46,-93.246
-0.548,0.289,-0.784,11.597,-24.475,26.794,166.058,52.52,-94.988
-0.505,0.22,-0.724,18.005,-26.184,22.705,166.124,53.251,-96.515
-0.611,0.128,-0.741,26.733,-13.184,20.142,166.52,54.047,-97.96
-0.568,-0.037,-0.754,6.897,-10.925,19.165,167.014,54.371,-99.031
-0.538,0.114,-0.693,-2.686,0.61,3.662,166.734,54.684,-99.745
-0.348,0.122,-0.589,4.089,-1.953,5.31,166.959,54.734,-99.701
-0.492,0.169,-0.578,13.306,-16.724,20.142,166.943,55.333,-100.596
-0.497,0.098,-0.636,15.381,-7.996,24.353,167.25,55.629,-101.662
-0.518,0.113,-0.717,12.756,0.793,28.625,167.119,55.772,-103.123
-0.229,-0.001,-0.669,-11.597,-9.521,25.635,166.712,55.492,-104.365
-0.659,0.348,-0.82,-29.663,-46.204,26.184,164.603,56.772,-106.183
-0.735,0.525,-0.987,-7.385,-16.724,42.786,162.614,57.579,-108.391
-0.532,0.573,-0.907,24.231,-17.273,42.358,161.428,57.557,-111.121
-0.837,0.519,-1.05,39.49,-20.63,43.518,161.516,57.728,-113.665
-0.685,0.299,-0.968,39.612,15.137,24.109,162.471,57.041,-115.318
-0.59,0.28,-0.937,17.944,6.531,17.883,163.301,56.223,-115.862
-0.459,0.227,-0.841,14.404,13.977,9.521,163.823,55.443,-116.147
-0.392,0.258,-0.764,9.583,-2.869,18.677,164.009,55.036,-116.603
-0.332,0.262,-0.612,11.23,-22.156,37.354,163.625,55.124,-118.24
-0.499,0.362,-0.738,9.644,-28.32,44.739,162.729,55.569,-120.795
-0.531,0.418,-0.791,25.696,-12.695,42.725,161.949,55.69,-123.541
-0.591,0.342,-0.883,33.447,-12.695,31.921,162.202,55.602,-125.601
-0.495,0.226,-0.824,31.86,-24.597,29.175,162.795,55.794,-127.375
-0.77,0.249,-0.864,26.489,-28.381,41.016,162.839,56.678,-129.732
-0.616,0.231,-0.758,29.175,-11.902,47.241,162.751,56.832,-132.391
-0.503,0.186,-0.667,36.499,-9.888,55.298,162.784,56.574,-135.313
-0.538,0.148,-0.673,39.49,-20.935,58.228,162.971,56.404,-138.598
-0.684,0.127,-0.765,48.157,-18.188,57.861,163.273,56.602,-142.202
-0.646,0.022,-0.743,46.692,-8.362,55.054,164.174,56.497,-145.371
-0.619,0.048,-0.711,38.147,-7.385,63.293,164.586,56.168,-148.486
-0.571,0.048,-0.675,35.95,-5.493,60.608,164.839,55.805,-151.419
-0.647,0.113,-0.747,33.63,-6.409,65.247,164.877,55.519,-154.358
-0.546,0.046,-0.739,33.02,2.136,59.082,165.108,54.915,-157.083
-0.514,0.068,-0.787,24.597,-9.338,56.03,165.168,54.525,-159.576
-0.571,0.1,-0.859,20.142,-10.681,49.438,165.037,54.558,-161.933
-0.811,0.263,-1.073,10.742,-20.02,48.157,164.509,54.756,-164.29
-0.581,0.27,-0.946,15.686,6.775,41.809,164.02,54.69,-166.355
-0.152,0.224,-0.793,15.32,17.517,39.978,164.053,53.372,-167.816
-0.158,0.283,-0.795,4.089,-26.123,42.664,163.625,52.751,-169.827
-0.457,0.364,-0.907,2.93,-16.113,33.63,162.587,53.163,-172.375
-0.401,0.417,-0.916,10.071,-3.784,24.902,162.164,52.811,-173.914
-0.312,0.305,-0.862,33.142,-2.258,23.254,162.647,52.339,-175.166
-0.312,0.208,-0.769,28.015,-24.658,39.856,163.361,52.218,-176.984
-0.439,0.221,-0.716,25.33,-30.884,50.842,163.268,52.657,-179.967
-0.488,0.296,-0.698,17.212,-28.992,60.12,162.614,53.009,176.633
-0.521,0.358,-0.724,26.245,-16.785,55.176,161.993,53.053,173.304
-0.388,0.373,-0.78,29.602,-12.024,57.373,161.834,52.619,170.349
-0.392,0.438,-0.785,30.884,-30.579,61.401,161.516,52.625,166.871
-0.52,0.497,-0.814,38.086,-33.386,57.007,161.235,53.091,163.169
-0.578,0.464,-0.968,41.199,-30.457,50.171,161.516,53.394,159.977
-0.712,0.411,-1.074,46.997,-17.273,46.387,161.9,53.833,156.907
-0.404,0.242,-0.865,42.175,-15.381,35.767,162.806,53.707,154.726
-0.313,0.001,-0.646,46.753,-39.734,19.958,164.158,54.58,153.018
-0.619,0.053,-0.693,32.166,-53.894,42.725,164.932,56.448,150.656
-0.725,0.109,-0.827,41.504,-6.226,51.758,165.119,57.244,147.579
-0.515,0.114,-0.817,39.185,14.038,47.668,165.921,56.354,145.239
-0.371,0.096,-0.867,38.147,13.489,38.452,166.932,55.085,143.284
-0.338,0.057,-0.831,31.677,-12.451,25.635,168.041,54.591,141.658
-0.51,0.058,-0.804,22.217,-18.188,25.024,168.816,55.085,140.076
-0.513,0.076,-0.775,17.944,-11.841,19.897,169.255,55.464,138.609
-0.529,0.095,-0.784,13.367,-10.498,13.123,169.706,55.811,137.631
-0.6,0.09,-0.786,13.245,-6.592,2.014,170.233,56.25,137.197
-0.496,0.034,-0.75,8.667,3.601,-7.324,171.107,56.305,137.587
-0.554,0.013,-0.805,3.296,4.639,-13.0,171.909,56.36,138.318
-0.474,0.033,-0.81,-6.104,12.878,-7.08,172.375,55.964,139.076
-0.524,0.083,-0.833,-13.367,-0.122,-9.888,172.293,55.838,139.598
-0.541,0.128,-0.794,-17.578,1.099,-10.132,172.018,55.959,140.306
-0.519,0.16,-0.734,-20.447,0.671,-5.493,171.365,56.069,140.779
-0.501,0.191,-0.71,-20.264,-9.583,-3.662,170.563,56.25,141.163
-0.514,0.15,-0.712,-15.808,-4.944,-14.648,169.865,56.838,141.603
-0.497,0.135,-0.656,-20.996,-15.32,-17.761,169.464,57.519,142.619
-0.596,0.097,-0.677,-25.024,-22.949,-21.301,168.92,58.716,143.619
-0.574,0.118,-0.661,-24.414,-0.793,-15.015,168.239,59.81,144.69
-0.52,0.181,-0.705,-39.185,-16.968,-3.052,167.157,60.024,145.388
-0.691,0.345,-0.741,-40.344,-25.818,-0.549,165.015,61.408,145.234
-1.973,1.037,-1.875,-39.062,-29.968,12.085,162.664,62.479,144.657
-1.008,0.545,-0.984,-19.592,24.597,13.794,160.527,62.699,143.899
-0.573,0.596,-0.908,-12.024,53.406,30.762,159.428,60.255,143.762
-0.291,0.506,-0.816,16.968,29.358,8.545,159.439,57.865,143.729
-0.433,0.306,-0.752,17.944,-8.057,2.319,160.269,57.546,143.696
-0.492,0.263,-0.73,16.846,12.329,10.62,160.708,57.228,143.223
-0.429,0.306,-0.746,17.212,10.254,6.897,161.34,56.404,143.08
-0.394,0.296,-0.733,21.484,2.502,10.925,162.043,55.876,142.652
-0.527,0.279,-0.76,24.048,-3.418,10.62,162.757,55.761,141.971
-0.447,0.23,-0.751,23.743,5.92,12.146,163.647,55.399,141.427
-0.45,0.282,-0.744,13.55,-11.475,32.471,163.9,55.206,140.142
-0.453,0.355,-0.741,17.09,-11.108,29.907,163.586,55.14,138.148
-0.436,0.359,-0.718,24.475,-12.634,31.006,163.488,55.228,136.219
-0.366,0.292,-0.612,22.461,-27.466,30.64,163.521,55.552,134.193
-0.513,0.35,-0.638,15.381,-40.955,31.677,162.977,56.662,131.726
-0.463,0.327,-0.585,23.682,-25.574,20.325,162.537,57.799,129.534
-0.521,0.353,-0.759,22.217,-34.058,21.79,162.532,58.678,127.886
-0.966,0.459,-0.989,24.231,-41.077,28.076,162.015,60.205,125.431
-0.548,0.166,-0.668,36.865,-9.155,-1.221,162.74,61.024,124.129
-1.069,0.194,-1.022,6.592,-60.852,2.197,163.619,62.573,123.728
-0.94,0.2,-0.939,32.959,15.625,-3.052,164.141,63.704,123.003
-0.648,0.131,-0.87,31.677,32.349,-2.014,166.465,62.468,123.843
-0.4,0.046,-0.77,34.058,25.818,-2.136,168.607,60.991,124.222
-0.417,-0.012,-0.746,23.804,5.432,-11.719,170.508,60.54,124.59
-0.553,-0.033,-0.756,15.381,4.089,-19.287,172.277,60.386,125.359
-0.558,-0.086,-0.783,1.648,4.272,-23.315,173.666,60.271,126.354
-0.653,-0.003,-0.84,-2.502,8.972,-26.428,174.738,60.244,127.639
-0.402,0.017,-0.7,-1.892,10.864,-4.028,175.419,59.7,128.282
-0.635,0.127,-0.783,-2.93,3.662,0.854,175.342,59.54,127.925
-0.549,0.083,-0.797,5.554,31.067,-15.015,175.946,58.601,128.265
-0.568,-0.004,-0.868,8.24,23.254,-31.677,177.188,57.415,129.507
-0.542,-0.16,-0.883,-0.366,20.386,-46.753,178.868,56.53,131.693
-0.46,-0.133,-0.807,-17.09,6.042,-35.278,179.962,55.948,133.901
-0.521,-0.042,-0.771,-15.808,-2.075,-18.433,-179.918,56.025,135.033
-0.431,-0.034,-0.664,-10.925,-6.836,-16.968,-179.874,56.228,135.648
-0.423,-0.122,-0.594,-12.878,-18.127,-23.254,-179.55,56.871,136.533
-0.4,-0.141,-0.518,-20.203,-19.714,-21.973,-179.44,57.909,137.543
-0.562,-0.037,-0.672,-30.945,-36.194,-10.986,-179.868,59.315,138.197
-0.903,0.171,-0.933,-19.043,-11.353,-4.883,179.105,60.815,138.23
-0.746,0.134,-1.017,-5.859,11.658,-6.042,178.863,60.699,138.538
-0.805,0.245,-1.086,4.883,20.508,8.423,178.533,60.222,138.219
-0.55,0.145,-1.037,3.662,33.142,11.536,178.489,58.623,137.576
-0.369,0.129,-0.928,2.197,14.648,6.287,178.275,57.398,136.917
-0.53,0.149,-0.898,-5.249,3.052,2.258,177.924,57.079,136.439
-0.499,0.18,-0.863,-6.409,9.033,-2.014,177.506,56.514,136.198
-0.542,0.186,-0.871,-5.798,16.418,-2.93,177.16,55.992,136.192
-0.396,0.164,-0.793,-5.859,6.836,-6.592,176.902,55.157,136.291
-0.477,0.179,-0.791,-7.019,5.798,-4.272,176.616,55.08,136.445
-0.333,0.132,-0.698,-7.385,6.104,-7.751,176.259,54.635,136.527
-0.437,0.177,-0.716,-13.489,-2.991,-13.245,175.853,54.63,136.917
-0.447,0.182,-0.724,-11.292,0.732,-12.756,175.501,54.69,137.477
-0.452,0.253,-0.751,-8.972,9.155,-1.038,174.952,54.569,137.675
-0.353,0.239,-0.719,-4.333,-5.432,-4.578,174.54,54.36,137.637
-0.414,0.257,-0.671,2.319,-19.409,-8.057,174.326,55.118,137.659
-0.542,0.226,-0.662,4.639,-25.269,-8.24,174.413,56.387,137.78
-0.492,0.227,-0.696,7.629,-2.075,-2.808,174.463,56.948,137.736
-0.768,0.203,-1.018,11.902,-11.841,-5.432,174.847,57.36,137.802
-0.798,0.099,-0.976,22.034,8.545,-7.874,175.644,57.733,137.928
-0.673,-0.081,-0.985,28.809,4.822,-36.865,177.753,57.123,139.175
-0.676,-0.219,-1.014,9.216,33.813,-39.795,-179.841,56.711,141.581
-0.437,-0.127,-0.958,-7.69,36.316,-26.489,-178.841,54.712,142.987
-0.357,-0.069,-0.892,-10.132,32.654,-24.841,-178.391,52.954,144.064
-0.386,-0.023,-0.876,-11.597,22.949,-20.203,-178.16,51.63,144.855
-0.307,0.003,-0.837,-7.08,27.222,-17.7,-178.066,50.339,145.377
-0.363,0.015,-0.921,-1.953,16.541,-19.958,-177.841,49.191,145.844
-0.292,-0.064,-0.902,2.075,29.175,-19.409,-177.281,47.999,146.459
-0.249,-0.103,-0.88,1.404,5.554,-18.372,-176.726,46.978,146.904
-0.375,-0.063,-0.903,-1.282,7.019,-6.226,-176.424,46.664,147.025
-0.374,-0.083,-0.905,3.906,8.24,-0.427,-176.215,46.23,146.618
-0.276,-0.094,-0.858,1.892,3.845,2.441,-176.017,45.813,146.003
-0.384,-0.091,-0.864,-1.709,-2.136,1.831,-175.952,45.868,145.355
-0.306,-0.074,-0.824,-2.991,4.517,0.183,-176.006,45.676,144.745
-0.364,-0.077,-0.862,-4.395,1.343,-4.211,-176.028,45.621,144.371
-0.249,-0.104,-0.8,-7.507,-5.737,-11.719,-176.067,45.621,144.294
-0.3,-0.117,-0.74,-15.808,-15.747,-19.592,-176.16,46.187,144.706
-0.343,-0.062,-0.722,-21.851,-17.883,-9.216,-176.699,46.994,144.943
-0.31,0.019,-0.763,-24.353,-11.108,4.761,-177.715,47.62,144.503
-0.42,0.108,-0.949,-16.479,-20.325,11.719,-178.923,48.312,143.481
-0.503,0.112,-1.027,-12.085,-12.451,12.878,-179.819,49.235,142.548
-0.634,0.235,-1.223,-6.836,-21.484,23.56,179.083,49.724,141.092
-0.59,0.134,-1.137,-4.7,11.047,18.372,178.401,50.169,139.79
-0.408,0.177,-1.03,-8.057,-0.793,16.785,177.556,49.636,138.598
-0.455,0.152,-0.908,-7.019,-1.343,6.226,176.814,49.779,137.714
-0.383,0.161,-0.836,-4.578,-5.188,2.625,176.369,49.79,137.307
-0.527,0.179,-0.831,0.0,-2.441,6.226,176.017,50.18,136.818
-0.405,0.188,-0.812,4.15,15.747,13.306,175.77,49.702,136.154
-0.333,0.175,-0.813,4.822,14.771,12.207,175.605,48.884,135.341
-0.326,0.162,-0.784,11.475,6.775,1.892,175.792,48.417,134.879
-0.342,0.125,-0.78,11.536,6.653,8.057,176.171,48.093,134.44
-0.317,0.135,-0.754,11.902,-0.122,16.602,176.342,47.889,133.489
-0.382,0.151,-0.78,15.32,-4.089,20.447,176.484,47.9,132.171
-0.42,0.17,-0.817,15.991,3.296,23.499,176.649,47.906,130.732
-0.342,0.152,-0.822,19.836,-0.061,17.944,176.984,47.686,129.419
-0.271,0.121,-0.793,17.395,1.099,15.015,177.407,47.642,128.32
-0.427,0.063,-0.899,16.052,-13.977,9.216,177.913,48.148,127.403
-0.696,0.118,-1.03,23.193,-2.93,9.644,178.27,48.631,126.337
-0.49,-0.085,-1.181,27.893,23.376,-10.986,179.588,47.884,126.035
-0.337,-0.195,-1.009,11.108,15.991,-27.1,-178.874,47.175,126.793
-0.247,-0.14,-0.889,1.282,13.245,-16.174,-178.006,46.313,127.365
-0.322,-0.017,-0.901,-4.578,9.521,-0.427,-177.852,45.802,127.073
-0.328,-0.048,-0.927,4.211,14.587,-9.033,-177.643,45.121,126.601
-0.249,-0.059,-0.91,1.038,18.005,-12.39,-177.242,44.22,126.519
-0.229,-0.115,-0.926,-0.244,13.977,-22.888,-176.792,43.38,126.81
-0.235,-0.09,-0.918,-3.845,12.39,-23.804,-176.468,42.599,127.348
-0.201,-0.148,-0.9,-8.057,3.967,-24.902,-176.204,42.105,127.963
-0.314,-0.087,-0.919,-9.338,5.249,-23.682,-176.226,41.825,128.408
-0.242,-0.135,-0.896,-11.536,6.226,-27.893,-176.111,41.407,129.216
-0.261,-0.089,-0.904,-13.977,8.972,-18.433,-176.309,40.952,129.666
-0.181,-0.073,-0.875,-16.724,3.54,-14.526,-176.682,40.501,129.869
-0.274,-0.061,-0.891,-16.418,-1.831,-10.681,-177.188,40.496,129.908
-0.236,-0.016,-0.868,-16.479,-2.808,-5.371,-177.808,40.474,129.721
-0.208,-0.032,-0.817,-13.367,-9.705,-5.249,-178.27,40.803,129.578
-0.198,-0.005,-0.778,-10.864,-21.362,-2.93,-178.715,41.517,129.348
-0.461,0.056,-0.93,-11.108,-36.255,1.709,-179.165,42.935,128.958
-0.472,0.057,-0.93,-6.287,-8.484,4.089,-179.61,44.182,128.644
-0.388,0.143,-1.041,-15.869,-16.907,10.864,179.742,44.632,128.15
-0.638,0.157,-1.158,-10.254,17.395,6.287,178.896,45.203,127.766
-0.226,0.185,-1.082,-16.418,26.794,14.771,178.028,43.621,127.485
-0.398,0.224,-1.107,-11.108,19.653,18.066,176.935,42.792,126.733
-0.237,0.205,-1.011,-5.981,20.569,4.211,176.314,41.561,126.376
-0.25,0.22,-0.952,-0.549,15.93,3.418,176.017,40.792,126.403
-0.163,0.15,-0.819,4.578,5.31,0.916,176.023,40.221,126.398
-0.26,0.152,-0.795,3.784,-0.916,2.563,176.078,40.204,126.381
-0.183,0.153,-0.715,4.395,-2.258,11.658,176.023,40.144,125.986
-0.31,0.173,-0.781,4.15,-8.667,16.846,175.908,40.468,125.316
-0.218,0.203,-0.769,8.728,3.601,21.301,175.759,40.331,124.415
-0.278,0.19,-0.826,12.878,-2.502,20.874,175.869,40.325,123.536
-0.206,0.139,-0.853,18.25,-9.155,19.043,176.171,40.303,122.657
-0.357,0.144,-1.07,13.062,-12.024,23.193,176.49,40.765,121.652
-0.469,0.15,-1.214,15.747,-6.409,22.766,176.71,41.144,120.52
-0.186,0.032,-1.064,21.423,13.672,12.573,177.341,40.897,119.751
-0.429,-0.102,-1.114,16.113,-9.46,-6.042,178.363,41.012,119.63
-0.131,-0.017,-1.016,-0.305,25.208,9.827,178.66,40.237,119.312
-0.131,-0.027,-0.905,-6.592,-17.273,9.644,178.577,39.985,118.619
-0.414,0.103,-0.937,-5.371,-2.502,16.602,178.061,40.573,117.504
-0.235,0.087,-0.939,2.502,17.639,18.066,177.852,39.913,116.488
-0.206,0.058,-0.975,7.812,20.203,8.057,178.033,38.985,115.818
-0.097,-0.01,-0.956,8.057,20.325,-3.479,178.495,37.864,115.719
-0.133,-0.023,-0.927,1.465,0.366,-6.775,178.846,37.359,115.818
-0.194,0.008,-0.955,2.441,17.09,-3.357,179.039,36.925,115.752
-0.054,-0.024,-0.919,2.319,6.287,-5.066,179.33,36.145,115.724
-0.17,0.006,-0.945,0.427,3.845,-1.587,179.462,35.925,115.51
-0.128,0.001,-0.956,-1.16,5.371,-5.615,179.599,35.53,115.505
-0.178,0.012,-0.924,-2.869,-3.174,-3.906,179.599,35.469,115.433
-0.145,0.006,-0.92,-2.502,4.761,-10.01,179.615,35.332,115.659
-0.164,-0.027,-0.911,-3.479,-2.075,-9.521,179.643,35.255,115.906
-0.13,-0.021,-0.919,-5.249,-2.38,-8.728,179.599,35.272,116.136
-0.231,-0.03,-0.925,-8.423,-9.583,-5.249,179.467,35.662,116.296
-0.181,0.021,-0.92,-8.301,-5.066,-3.357,179.154,35.909,116.246
-0.187,0.017,-0.879,-8.728,-13.794,-1.587,178.879,36.359,116.296
-0.235,0.024,-0.868,-8.667,-9.033,2.136,178.533,37.029,116.197
-0.109,0.06,-0.85,-7.996,-22.949,-0.61,178.176,37.551,116.098
-0.446,0.119,-1.04,-6.042,-29.419,-6.836,177.891,39.062,116.296
-0.297,0.013,-0.91,-1.831,-6.165,-13.184,177.979,39.891,117.219
-0.347,0.108,-1.052,-17.7,-6.897,5.371,177.435,40.21,117.691
-0.315,0.177,-1.062,-14.038,10.376,12.39,176.501,40.144,117.598
-0.194,0.192,-0.983,-9.338,2.441,12.573,175.754,39.716,117.455
-0.283,0.22,-0.973,-13.0,-3.784,8.667,174.985,39.771,117.356
-0.28,0.237,-0.948,-10.315,6.409,2.38,174.315,39.639,117.702
-0.254,0.312,-0.963,-7.263,11.841,5.676,173.666,39.122,118.109
-0.205,0.273,-0.957,3.906,11.597,-3.052,173.502,38.496,118.806
-0.207,0.176,-0.928,9.521,5.066,-10.254,173.798,38.117,119.795
-0.269,0.126,-0.913,5.371,2.319,-10.193,174.216,38.051,120.927
-0.212,0.154,-0.911,5.737,8.728,-3.906,174.43,37.776,121.783
-0.213,0.131,-0.909,3.296,1.465,-2.014,174.661,37.579,122.487
-0.241,0.135,-0.948,5.066,5.493,-0.916,174.825,37.458,123.091
-0.14,0.115,-0.868,3.906,-3.784,0.427,175.012,37.326,123.58
-0.312,0.139,-0.94,2.319,-7.751,4.761,175.089,37.716,123.794
-0.188,0.117,-0.871,4.211,-2.686,10.376,175.155,37.842,123.882
-0.35,0.176,-0.96,1.343,-10.193,18.188,175.056,38.199,123.508
-0.206,0.184,-0.932,5.676,6.531,13.123,174.985,37.996,123.256
-0.208,0.15,-0.882,9.399,-16.663,3.601,175.215,38.326,123.371
-0.333,0.07,-0.856,9.094,-12.512,-3.052,175.633,39.128,123.832
-0.265,0.083,-0.827,2.502,-9.155,2.38,175.836,39.633,124.343
-0.291,0.089,-0.792,4.395,-18.738,5.554,175.902,40.413,124.547
-0.336,0.115,-0.804,1.221,-11.414,5.432,175.88,41.199,124.733
-0.302,0.121,-0.899,0.793,-11.475,3.784,175.858,41.704,125.14
-0.537,0.22,-1.198,-2.136,3.967,15.442,175.6,42.105,125.255
-0.087,0.149,-0.975,10.193,24.048,14.282,175.496,41.166,125.206
-0.244,0.051,-0.983,9.399,-32.593,-4.822,175.919,41.138,125.349
-0.566,0.088,-1.077,0.916,1.892,5.737,176.127,42.314,125.711
-0.185,0.066,-0.942,5.981,13.428,12.756,176.237,41.545,125.782
-0.283,0.06,-0.917,7.629,-6.104,9.521,176.407,41.413,125.596
-0.313,0.016,-0.945,11.536,13.428,16.357,176.803,41.254,125.442
-0.186,0.022,-0.959,9.094,14.465,38.879,176.995,40.336,124.525
-0.131,0.039,-0.96,17.639,1.648,74.585,176.951,39.639,122.014
-0.2,0.095,-0.938,35.156,-19.165,105.774,177.133,39.611,117.175
-0.252,0.036,-0.866,37.415,-25.513,77.087,177.803,40.248,112.626
-0.432,-0.008,-0.924,18.433,-25.452,46.631,178.297,41.424,109.819
-0.41,-0.003,-0.938,8.728,4.761,27.71,178.44,41.66,108.21
-0.31,0.045,-0.918,-5.31,15.32,21.484,178.171,41.116,107.26
-0.214,0.088,-0.899,-8.362,10.315,10.742,177.649,40.441,106.666
-0.242,0.145,-0.905,-7.812,3.723,7.507,177.155,40.177,106.452
-0.265,0.105,-0.875,-4.028,-4.761,-3.052,176.913,40.21,106.589
-0.285,0.054,-0.885,-1.038,2.625,-16.113,176.907,40.413,107.38
-0.188,0.019,-0.8,-6.409,-7.935,-16.052,176.962,40.583,108.408
-0.285,0.027,-0.795,-13.306,-23.193,-16.052,176.759,41.468,109.259
-0.368,0.1,-0.81,-16.968,-22.888,-16.357,176.243,42.742,110.056
-0.47,0.133,-0.94,-14.16,-13.184,-20.142,175.847,43.819,111.193
-0.264,0.175,-0.774,-14.832,-11.658,-15.93,175.358,44.55,112.401
-0.624,0.255,-1.068,-22.217,-41.321,-25.757,174.76,45.917,113.692
-0.597,0.23,-0.952,-12.756,19.653,-41.626,174.386,47.159,115.818
-0.374,0.249,-0.911,-29.358,21.851,-51.208,174.26,46.252,119.29
-0.406,0.279,-1.035,-14.954,45.41,-45.654,174.007,45.121,122.646
-0.207,0.241,-1.061,-4.578,52.673,-34.058,174.243,42.913,125.596
-0.04,0.195,-0.917,4.272,25.696,-20.63,174.606,41.111,127.491
-0.218,0.141,-0.849,6.653,-0.427,-21.057,175.117,40.825,128.848
-0.205,0.104,-0.712,4.761,-4.089,-17.822,175.551,40.924,130.067
-0.311,0.123,-0.779,1.953,-4.761,-7.141,175.776,41.254,130.957
-0.263,0.157,-0.788,4.761,1.648,10.193,175.759,41.21,131.105
-0.178,0.15,-0.813,10.437,-3.906,18.25,175.82,41.138,130.655
-0.464,0.106,-1.063,8.118,-20.325,15.137,175.984,41.962,130.018
-0.495,0.104,-1.182,5.859,14.404,18.372,175.979,42.028,129.452
-0.083,0.038,-1.049,12.024,14.099,-1.709,176.265,41.039,129.342
-0.59,-0.002,-1.093,-1.709,-8.484,-5.005,176.732,41.638,129.891
-0.117,0.097,-1.025,13.733,57.251,9.399,176.869,39.754,129.836
0.132,-0.075,-0.926,10.498,2.686,3.418,177.709,38.177,129.869
-0.244,0.011,-0.925,3.601,-24.963,10.681,177.913,38.842,129.172
-0.273,0.011,-0.844,0.244,-11.23,8.362,178.0,39.485,128.463
-0.298,0.017,-0.813,2.686,-9.46,-1.892,178.105,40.007,128.216
-0.288,-0.02,-0.843,2.563,2.502,-12.146,178.462,40.117,128.655
-0.173,-0.091,-0.875,3.052,22.705,-16.357,179.006,39.463,129.485
0.026,-0.094,-0.785,-9.705,-6.47,-13.916,179.165,38.919,130.089
-0.241,-0.041,-0.783,-17.212,-35.339,-16.541,178.841,40.276,130.518
-0.3,0.043,-0.7,-13.611,-27.588,-10.681,178.363,41.715,130.869
-0.299,0.084,-0.819,-9.155,-20.447,-1.343,178.066,42.797,131.067
-0.495,0.203,-1.137,-7.629,-26.672,5.493,177.616,44.055,130.924
-0.407,0.177,-1.051,3.479,-10.254,5.066,177.446,44.841,130.836
-0.57,0.219,-1.103,4.517,-19.775,9.583,177.297,45.786,130.534
-0.58,0.198,-1.073,6.409,9.888,6.226,177.319,46.093,130.397
-0.368,0.199,-1.029,6.409,18.555,2.625,177.413,45.275,130.583
-0.297,0.159,-0.969,9.644,17.883,0.0,177.638,44.495,130.864
-0.232,0.091,-0.836,6.958,-3.479,-3.113,178.006,44.083,131.221
-0.303,0.105,-0.784,6.348,-4.211,2.441,178.171,44.341,131.331
-0.309,0.056,-0.751,4.7,-9.338,4.211,178.314,44.659,131.248
-0.297,0.125,-0.763,-2.258,-5.859,17.456,178.055,44.956,130.787
-0.335,0.173,-0.791,-0.916,-13.306,22.766,177.451,45.401,129.721
-0.279,0.159,-0.812,4.15,-10.559,21.606,176.979,45.802,128.628
-0.573,0.159,-0.951,4.639,-27.771,22.156,176.605,46.868,127.485
-0.549,0.139,-1.008,13.123,13.489,26.123,176.342,47.054,126.238
-0.508,0.01,-1.126,18.433,4.761,3.967,176.896,46.395,125.651
-0.293,-0.067,-1.014,5.798,22.522,0.61,177.512,45.742,125.662
-0.319,0.009,-1.015,-1.404,11.108,10.132,177.589,44.973,125.266
-0.199,0.017,-0.917,4.883,5.859,12.329,177.583,44.297,124.244
-0.47,0.038,-0.933,2.502,-10.01,10.986,177.654,44.621,123.327
-0.315,0.007,-0.895,10.864,20.02,6.104,177.929,44.193,122.558
-0.301,-0.02,-0.938,8.057,12.573,9.033,178.412,43.407,121.926
-0.206,-0.028,-0.932,8.606,16.907,9.521,178.797,42.578,121.069
-0.19,-0.009,-0.977,6.531,9.277,8.789,179.182,41.825,120.223
-0.259,0.009,-0.986,8.484,4.395,7.08,179.473,41.468,119.312
-0.21,0.001,-0.955,7.568,4.761,6.409,179.89,41.061,118.575
-0.258,-0.013,-0.941,3.296,-1.343,7.446,-179.852,40.902,117.724
-0.229,0.02,-0.927,-0.183,4.517,3.418,-179.797,40.721,117.026
-0.276,0.044,-0.921,-1.221,-2.014,6.958,-179.874,40.633,116.34
-0.26,0.063,-0.933,0.854,11.353,8.362,-179.951,40.303,115.604
-0.198,0.055,-0.935,4.089,4.333,9.888,-179.934,39.825,114.791
-0.234,0.015,-0.936,2.197,5.859,5.188,-179.841,39.578,114.175
-0.229,0.053,-0.958,0.366,2.93,10.986,-179.923,39.287,113.428
-0.27,0.042,-0.964,2.747,4.639,9.338,-179.951,39.095,112.599
-0.224,0.04,-0.965,2.563,7.019,9.521,-179.94,38.727,111.824
-0.224,0.028,-0.949,1.526,3.845,6.958,-179.923,38.491,111.138
-0.22,0.022,-0.94,-0.244,-0.916,7.812,-179.945,38.326,110.49
-0.235,0.062,-0.95,0.122,4.272,8.911,179.923,38.265,109.748
-0.23,0.058,-0.946,1.282,-3.662,8.728,179.874,38.177,109.017
-0.285,0.05,-0.951,3.418,3.113,4.15,179.885,38.249,108.419
-0.222,0.034,-0.952,0.732,1.953,2.563,179.956,38.062,108.045
-0.269,0.029,-0.958,-1.648,3.601,0.854,179.923,38.04,107.699
-0.185,0.057,-0.942,-0.916,0.793,3.662,179.83,37.826,107.336
-0.288,0.055,-0.953,-0.793,0.366,3.052,179.731,37.947,106.848
-0.193,0.059,-0.935,-0.488,0.793,3.174,179.676,37.787,106.507
-0.308,0.063,-0.93,0.732,-2.197,0.61,179.626,37.985,106.161
-0.216,0.053,-0.943,1.77,10.925,-2.38,179.714,37.683,106.046
