-0.047,-0.009,1.015,0.0,0.0,0.0,2.016,27.098,-18.896
-0.047,-0.009,1.016,0.0,0.0,0.0,2.016,27.098,-18.896
-0.048,-0.009,1.016,0.0,0.0,0.0,2.016,27.098,-18.896
-0.046,-0.009,1.016,0.0,0.0,0.0,2.016,27.098,-18.896
-0.047,-0.009,1.016,0.0,0.0,0.0,2.016,27.098,-18.896
-0.048,-0.009,1.016,0.0,0.0,0.0,2.016,27.098,-18.896
-0.047,-0.008,1.017,0.0,0.0,0.0,2.016,27.098,-18.896
-0.047,-0.009,1.016,0.0,0.0,0.0,2.016,27.098,-18.896
-0.047,-0.009,1.016,0.0,0.0,0.0,2.016,27.098,-18.896
-0.047,-0.009,1.016,0.0,0.0,0.0,2.016,27.098,-18.896
-0.047,-0.009,1.016,0.0,0.0,0.0,2.016,27.098,-18.896
-0.047,-0.009,1.016,0.0,0.0,0.0,2.016,27.098,-18.896
-0.047,-0.008,1.016,0.0,0.0,0.0,2.016,27.098,-18.896
-0.047,-0.009,1.015,0.0,0.0,0.0,2.016,27.098,-18.896
-0.048,-0.008,1.017,0.0,0.0,0.0,2.016,27.098,-18.896
-0.047,-0.009,1.015,0.0,0.0,0.0,2.016,27.098,-18.896
-0.047,-0.009,1.015,0.0,0.0,0.0,2.016,27.098,-18.896
-0.047,-0.009,1.016,0.0,0.0,0.0,2.016,27.098,-18.896
-0.047,-0.009,1.016,0.0,0.0,0.0,2.016,27.098,-18.896
-0.047,-0.009,1.016,0.0,0.0,0.0,2.016,27.098,-18.896
-0.047,-0.01,1.016,0.0,0.0,0.0,2.016,27.098,-18.896
-0.048,-0.009,1.016,0.0,0.0,0.0,2.016,27.098,-18.896
-0.048,-0.009,1.016,0.0,0.0,0.0,2.016,27.098,-18.896
-0.047,-0.009,1.016,0.0,0.0,0.0,2.016,27.098,-18.896
-0.047,-0.009,1.016,0.0,0.0,0.0,2.016,27.098,-18.896
-0.047,-0.009,1.017,0.0,0.0,0.0,2.016,27.098,-18.896
-0.048,-0.009,1.016,0.0,0.0,0.0,2.016,27.098,-18.896
-0.047,-0.009,1.015,0.0,0.0,0.0,2.016,27.098,-18.896
-0.048,-0.01,1.016,0.0,0.0,0.0,2.016,27.098,-18.896
-0.047,-0.009,1.015,0.0,0.0,0.0,2.016,27.098,-18.896
-0.047,-0.009,1.017,0.0,0.0,0.0,2.016,27.098,-18.896
-0.047,-0.009,1.015,0.0,0.0,0.0,2.016,27.098,-18.896
-0.047,-0.01,1.016,0.0,0.0,0.0,2.016,27.098,-18.896
-0.048,-0.009,1.016,0.0,0.0,0.0,2.016,27.098,-18.896
-0.048,-0.008,1.016,0.0,0.0,0.0,2.016,27.098,-18.896
-0.047,-0.009,1.016,0.0,0.0,0.0,2.016,27.098,-18.896
-0.047,-0.009,1.016,0.0,0.0,0.0,2.016,27.098,-18.896
-0.047,-0.009,1.016,0.0,0.0,0.0,2.016,27.098,-18.896
-0.047,-0.009,1.016,0.0,0.0,0.0,2.016,27.098,-18.896
-0.047,-0.01,1.016,0.0,0.0,0.0,2.016,27.098,-18.896
-0.047,-0.009,1.016,0.0,0.0,0.0,2.016,27.098,-18.896
-0.047,-0.009,1.016,0.0,0.0,0.0,2.016,27.098,-18.896
-0.047,-0.009,1.016,0.0,0.0,0.0,2.016,27.098,-18.896
-0.047,-0.01,1.016,0.0,0.0,0.0,2.016,27.098,-18.896
-0.047,-0.009,1.016,0.0,0.0,0.0,2.016,27.098,-18.896
-0.047,-0.01,1.016,0.0,0.0,0.0,2.016,27.098,-18.896
-0.047,-0.009,1.015,0.0,0.0,0.0,2.01,27.098,-18.896
-0.047,-0.009,1.017,0.0,0.0,0.0,2.01,27.098,-18.896
-0.047,-0.009,1.016,0.0,0.0,0.0,2.01,27.098,-18.896
-0.047,-0.009,1.016,0.0,0.0,0.0,2.01,27.098,-18.896
-0.047,-0.009,1.017,0.0,0.0,0.0,2.01,27.098,-18.896
-0.047,-0.009,1.015,0.0,0.0,0.0,2.01,27.098,-18.896
-0.047,-0.009,1.016,0.0,0.0,0.0,2.01,27.098,-18.896
-0.048,-0.009,1.016,0.0,0.0,0.0,2.01,27.098,-18.896
-0.048,-0.009,1.016,0.0,0.0,0.0,2.01,27.098,-18.896
-0.047,-0.009,1.016,0.0,0.0,0.0,2.01,27.098,-18.896
-0.047,-0.008,1.017,0.0,0.0,0.0,2.01,27.098,-18.896
-0.047,-0.009,1.015,0.0,0.0,0.0,2.01,27.098,-18.896
-0.047,-0.009,1.015,0.0,0.0,0.0,2.01,27.098,-18.896
-0.048,-0.009,1.016,0.0,0.0,0.0,2.01,27.098,-18.896
-0.047,-0.009,1.016,0.0,0.0,0.0,2.01,27.098,-18.896
-0.048,-0.01,1.016,0.0,0.0,0.0,2.01,27.098,-18.896
-0.047,-0.009,1.016,0.0,0.0,0.0,2.01,27.098,-18.896
-0.047,-0.009,1.016,0.0,0.0,0.0,2.01,27.098,-18.896
-0.048,-0.009,1.016,0.0,0.0,0.0,2.01,27.098,-18.896
-0.048,-0.009,1.016,0.0,0.0,0.0,2.01,27.098,-18.896
-0.048,-0.009,1.016,0.0,0.0,0.0,2.01,27.098,-18.896
-0.046,-0.009,1.016,0.0,0.0,0.0,2.01,27.098,-18.896
-0.047,-0.009,1.016,0.0,0.0,0.0,2.01,27.098,-18.896
-0.047,-0.009,1.016,0.0,0.0,0.0,2.01,27.098,-18.896
-0.048,-0.009,1.016,0.0,0.0,0.0,2.01,27.098,-18.896
-0.047,-0.009,1.016,0.0,0.0,0.0,2.01,27.098,-18.896
-0.047,-0.009,1.015,0.0,0.0,0.0,2.01,27.098,-18.896
-0.047,-0.01,1.015,0.0,0.0,0.0,2.01,27.098,-18.896
-0.047,-0.009,1.015,0.0,0.0,0.0,2.01,27.098,-18.896
-0.048,-0.009,1.016,0.0,0.0,0.0,2.01,27.098,-18.896
-0.047,-0.009,1.016,0.0,0.0,0.0,2.01,27.098,-18.896
-0.046,-0.009,1.016,0.0,0.0,0.0,2.01,27.098,-18.896
-0.047,-0.008,1.016,0.0,0.0,0.0,2.01,27.098,-18.896
-0.047,-0.009,1.016,0.0,0.0,0.0,2.01,27.098,-18.896
-0.047,-0.01,1.016,0.0,0.0,0.0,2.016,27.098,-18.896
-0.047,-0.009,1.017,0.0,0.0,0.0,2.016,27.098,-18.896
-0.048,-0.008,1.016,0.0,0.0,0.0,2.016,27.098,-18.896
-0.047,-0.009,1.016,0.0,0.0,0.0,2.016,27.098,-18.896
-0.047,-0.009,1.016,0.0,0.0,0.0,2.016,27.098,-18.896
-0.047,-0.009,1.016,0.0,0.0,0.0,2.016,27.098,-18.896
-0.048,-0.009,1.016,0.0,0.0,0.0,2.016,27.098,-18.896
-0.048,-0.009,1.015,0.0,0.0,0.0,2.016,27.098,-18.896
-0.047,-0.009,1.016,0.0,0.0,0.0,2.016,27.098,-18.896
-0.047,-0.009,1.016,0.0,0.0,0.0,2.016,27.098,-18.896
-0.047,-0.009,1.016,0.0,0.0,0.0,2.016,27.098,-18.896
-0.047,-0.009,1.015,0.0,0.0,0.0,2.016,27.098,-18.896
-0.048,-0.008,1.015,0.0,0.0,0.0,2.016,27.098,-18.896
-0.047,-0.009,1.015,0.0,0.0,0.0,2.016,27.098,-18.896
-0.047,-0.01,1.016,0.0,0.0,0.0,2.016,27.098,-18.896
-0.047,-0.009,1.016,0.0,0.0,0.0,2.016,27.098,-18.896
-0.047,-0.01,1.016,0.0,0.0,0.0,2.016,27.098,-18.896
-0.047,-0.008,1.015,0.0,0.0,0.0,2.016,27.098,-18.896
-0.047,-0.009,1.016,0.0,0.0,0.0,2.016,27.098,-18.896
-0.047,-0.009,1.016,0.0,0.0,0.0,2.016,27.098,-18.896
-0.047,-0.008,1.015,0.0,0.0,0.0,2.016,27.098,-18.896
-0.047,-0.01,1.016,0.0,0.0,0.0,2.016,27.098,-18.896
-0.046,-0.008,1.015,0.0,0.0,0.0,2.016,27.098,-18.896
-0.048,-0.01,1.016,0.0,0.0,0.0,2.016,27.098,-18.896
-0.047,-0.008,1.016,0.0,0.0,0.0,2.016,27.098,-18.896
-0.047,-0.009,1.016,0.0,0.0,0.0,2.016,27.098,-18.896
-0.047,-0.009,1.017,0.0,0.0,0.0,2.01,27.098,-18.896
-0.047,-0.009,1.016,0.0,0.0,0.0,2.01,27.098,-18.896
-0.047,-0.009,1.016,0.0,0.0,0.0,2.01,27.098,-18.896
-0.047,-0.008,1.016,0.0,0.0,0.0,2.01,27.098,-18.896
-0.047,-0.009,1.016,0.0,0.0,0.0,2.01,27.098,-18.896
-0.048,-0.009,1.016,0.0,0.0,0.0,2.01,27.098,-18.896
-0.048,-0.009,1.016,0.0,0.0,0.0,2.016,27.098,-18.896
-0.047,-0.008,1.015,0.0,0.0,0.0,2.016,27.098,-18.896
-0.047,-0.009,1.016,0.0,0.0,0.0,2.016,27.098,-18.896
-0.047,-0.009,1.016,0.0,0.0,0.0,2.016,27.098,-18.896
-0.048,-0.009,1.016,0.0,0.0,0.0,2.016,27.098,-18.896
-0.048,-0.009,1.016,0.0,0.0,0.0,2.016,27.098,-18.896
-0.046,-0.009,1.016,0.0,0.0,0.0,2.016,27.098,-18.896
-0.048,-0.009,1.016,0.0,0.0,0.0,2.016,27.098,-18.896
-0.047,-0.009,1.016,0.0,0.0,0.0,2.016,27.098,-18.896
-0.047,-0.009,1.017,0.0,0.0,0.0,2.016,27.098,-18.896
-0.047,-0.009,1.016,0.0,0.0,0.0,2.016,27.098,-18.896
-0.048,-0.009,1.016,0.0,0.0,0.0,2.016,27.098,-18.896
-0.047,-0.009,1.016,0.0,0.0,0.0,2.016,27.098,-18.896
-0.047,-0.009,1.015,0.0,0.0,0.0,2.016,27.098,-18.896
-0.047,-0.009,1.017,0.0,0.0,0.0,2.016,27.098,-18.896
-0.047,-0.009,1.016,0.0,0.0,0.0,2.016,27.098,-18.896
-0.047,-0.009,1.015,0.0,0.0,0.0,2.016,27.098,-18.896
-0.046,-0.01,1.015,0.0,0.0,0.0,2.016,27.098,-18.896
-0.047,-0.009,1.016,0.0,0.0,0.0,2.016,27.098,-18.896
-0.048,-0.01,1.016,0.0,0.0,0.0,2.016,27.098,-18.896
-0.047,-0.009,1.016,0.0,0.0,0.0,2.016,27.098,-18.896
-0.048,-0.008,1.016,0.0,0.0,0.0,2.016,27.098,-18.896
-0.048,-0.01,1.016,0.0,0.0,0.0,2.016,27.098,-18.896
-0.047,-0.008,1.016,0.0,0.0,0.0,2.016,27.098,-18.896
-0.048,-0.01,1.016,0.0,0.0,0.0,2.016,27.098,-18.896
-0.047,-0.01,1.016,0.0,0.0,0.0,2.016,27.098,-18.896
-0.047,-0.009,1.015,0.0,0.0,0.0,2.016,27.098,-18.896
-0.047,-0.009,1.016,0.0,0.0,0.0,2.016,27.098,-18.896
-0.047,-0.01,1.016,0.0,0.0,0.0,2.016,27.098,-18.896
-0.047,-0.008,1.016,0.0,0.0,0.0,2.016,27.098,-18.896
-0.047,-0.008,1.016,0.0,0.0,0.0,2.016,27.098,-18.896
-0.047,-0.009,1.016,0.0,0.0,0.0,2.016,27.098,-18.896
-0.048,-0.009,1.016,0.0,0.0,0.0,2.016,27.098,-18.896
-0.047,-0.009,1.015,0.0,0.0,0.0,2.016,27.098,-18.896
-0.047,-0.009,1.017,0.0,0.0,0.0,2.016,27.098,-18.896
-0.047,-0.009,1.017,0.0,0.0,0.0,2.016,27.098,-18.896
-0.047,-0.009,1.016,0.0,0.0,0.0,2.016,27.098,-18.896
-0.047,-0.009,1.016,0.0,0.0,0.0,2.016,27.098,-18.896
-0.047,-0.009,1.015,0.0,0.0,0.0,2.016,27.098,-18.896
-0.047,-0.009,1.017,0.0,0.0,0.0,2.016,27.098,-18.896
-0.047,-0.009,1.017,0.0,0.0,0.0,2.016,27.098,-18.896
-0.047,-0.009,1.016,0.0,0.0,0.0,2.016,27.098,-18.896
-0.047,-0.009,1.017,0.0,0.0,0.0,2.016,27.098,-18.896
-0.047,-0.008,1.017,0.0,0.0,0.0,2.016,27.098,-18.896
-0.047,-0.009,1.016,0.0,0.0,0.0,2.016,27.098,-18.896
-0.047,-0.009,1.016,0.0,0.0,0.0,2.016,27.098,-18.896
-0.047,-0.009,1.016,0.0,0.0,0.0,2.016,27.098,-18.896
-0.047,-0.009,1.016,0.0,0.0,0.0,2.016,27.098,-18.896
-0.048,-0.009,1.016,0.0,0.0,0.0,2.016,27.098,-18.896
-0.047,-0.01,1.016,0.0,0.0,0.0,2.016,27.098,-18.896
-0.048,-0.01,1.016,0.0,0.0,0.0,2.016,27.098,-18.896
-0.047,-0.009,1.015,0.0,0.0,0.0,2.016,27.098,-18.896
-0.047,-0.009,1.016,0.0,0.0,0.0,2.016,27.098,-18.896
-0.047,-0.009,1.017,0.0,0.0,0.0,2.016,27.098,-18.896
-0.047,-0.009,1.017,0.0,0.0,0.0,2.016,27.098,-18.896
-0.046,-0.009,1.015,0.0,0.0,0.0,2.016,27.098,-18.896
-0.047,-0.009,1.016,0.0,0.0,0.0,2.016,27.098,-18.896
-0.047,-0.009,1.016,0.0,0.0,0.0,2.016,27.098,-18.896
-0.047,-0.008,1.017,0.0,0.0,0.0,2.016,27.098,-18.896
-0.047,-0.009,1.016,0.0,0.0,0.0,2.016,27.098,-18.896
-0.047,-0.009,1.016,0.0,0.0,0.0,2.016,136.873,-3.137
-0.272,-0.075,-0.938,-1.16,1.526,-2.93,-175.831,37.886,-37.408
-0.263,-0.067,-0.936,-1.404,0.916,-2.197,-175.803,37.886,-37.343
-0.275,-0.09,-0.955,-1.221,0.977,-7.202,-175.721,37.919,-37.15
-0.259,-0.096,-0.95,-4.333,2.563,-2.869,-175.721,37.848,-36.92
-0.239,-0.063,-0.917,-5.493,-7.08,-4.089,-175.869,38.035,-36.804
-0.29,-0.032,-0.961,-8.545,9.949,1.526,-176.111,38.018,-36.705
-0.124,0.002,-0.94,-5.249,4.761,2.136,-176.446,37.54,-36.958
-0.236,-0.035,-0.96,-2.563,-4.639,-5.981,-176.506,37.716,-36.722
-0.256,-0.061,-0.928,1.465,0.793,9.399,-176.545,37.749,-36.87
-0.289,-0.073,-0.886,6.042,0.488,36.743,-176.572,37.771,-38.106
-0.338,-0.095,-0.877,15.259,15.259,68.787,-176.556,37.584,-40.979
-0.207,-0.131,-0.922,17.395,21.973,68.298,-176.342,36.705,-44.522
-0.234,-0.056,-1.029,2.258,17.822,58.838,-176.435,35.991,-47.697
-0.042,-0.024,-0.956,2.808,22.339,40.405,-176.666,35.019,-50.059
-0.041,0.066,-0.906,-6.897,-5.859,32.288,-177.034,34.563,-51.647
-0.277,0.151,-1.013,-6.409,-2.869,35.4,-177.704,34.931,-53.152
-0.12,0.128,-0.987,5.31,10.315,24.841,-178.094,34.568,-54.761
-0.071,0.063,-0.92,-0.061,1.465,16.602,-178.187,34.228,-55.767
-0.127,0.098,-0.925,-8.423,-10.132,13.672,-178.687,34.371,-56.585
-0.199,0.116,-0.924,-10.071,-4.028,4.7,-179.33,34.662,-56.948
-0.217,0.197,-0.917,-7.385,-6.226,9.766,179.978,34.898,-57.469
-0.183,0.157,-0.927,4.517,-1.404,3.784,179.742,34.991,-57.964
-0.185,0.101,-0.937,7.996,-9.094,-2.075,179.896,35.349,-58.184
-0.114,0.059,-0.9,6.348,-15.015,-3.052,-179.863,35.92,-58.206
-0.127,0.013,-0.804,-1.77,-38.147,-7.812,-179.797,37.244,-58.013
-0.304,0.104,-0.883,-14.465,-44.434,-8.118,179.709,39.391,-57.667
-0.231,0.061,-0.802,-13.55,-41.26,-25.94,179.286,41.369,-56.744
-0.406,0.167,-0.866,-14.221,-39.856,-23.132,178.665,43.616,-55.739
-0.412,0.119,-0.887,-4.7,-36.621,-10.62,178.412,45.374,-55.091
-0.556,0.075,-0.918,-2.075,-33.875,4.028,178.143,47.395,-55.344
-0.631,-0.002,-1.046,10.62,-31.738,0.061,178.237,48.801,-55.772
-0.734,-0.045,-1.004,11.108,-4.211,2.869,178.632,50.125,-56.124
-0.459,-0.109,-0.99,9.155,26.245,0.671,179.33,49.427,-56.124
-0.391,-0.022,-0.968,-6.042,17.639,13.977,179.341,48.499,-56.409
-0.311,0.035,-0.904,-2.991,19.226,14.038,178.929,47.56,-57.063
-0.255,0.021,-0.773,-1.099,-0.061,7.324,178.737,47.043,-57.502
-0.364,-0.036,-0.77,-2.38,-2.319,-5.005,178.786,47.236,-57.398
-0.274,-0.027,-0.721,-6.897,3.54,-18.738,178.923,47.186,-56.552
-0.275,-0.067,-0.75,-12.573,0.061,-32.471,179.187,47.131,-54.921
-0.338,-0.067,-0.77,-19.714,-6.409,-41.748,179.324,47.494,-52.674
-0.364,-0.041,-0.704,-23.193,-11.597,-40.588,179.319,48.076,-50.29
-0.367,0.031,-0.778,-13.184,-8.24,-39.612,179.462,48.631,-48.049
-0.542,0.059,-1.006,-6.592,-11.169,-33.325,179.945,49.323,-46.132
-0.597,0.103,-1.038,-4.883,-0.061,-24.353,-179.544,49.702,-44.67
-0.443,0.126,-1.124,5.31,-0.244,-17.761,-179.121,49.153,-43.786
-0.705,0.114,-1.199,7.019,21.912,-9.399,-178.616,49.186,-43.286
-0.29,0.047,-1.064,7.935,36.194,-3.601,-178.116,47.433,-43.187
-0.213,0.043,-0.916,-3.357,-2.869,-2.38,-178.033,46.533,-43.215
-0.393,0.092,-0.825,-6.409,-12.207,-1.648,-178.374,47.049,-43.209
-0.4,0.115,-0.78,-5.493,-0.916,2.625,-178.797,47.34,-43.418
-0.315,0.098,-0.788,-1.16,7.446,5.737,-179.132,47.093,-43.846
-0.303,0.153,-0.752,-0.549,-3.174,16.663,-179.615,47.016,-44.72
-0.389,0.117,-0.746,5.676,-9.277,20.02,-180.0,47.351,-46.022
-0.329,0.109,-0.72,4.639,3.235,23.804,179.604,47.428,-47.549
-0.327,0.119,-0.77,8.118,-13.0,19.348,179.291,47.664,-49.037
-0.433,0.096,-0.774,9.705,-12.878,16.357,179.231,48.389,-50.268
-0.343,0.085,-0.817,11.047,-8.667,15.259,179.236,48.779,-51.416
-0.609,0.066,-1.037,11.23,-25.085,16.296,179.341,49.697,-52.416
-0.803,0.03,-1.143,14.709,-5.798,24.597,179.374,50.521,-53.8
-0.496,-0.072,-1.037,29.053,10.803,11.414,-179.89,50.109,-54.833
-0.555,-0.129,-1.084,9.155,22.522,25.269,-179.182,49.828,-55.635
-0.379,-0.012,-1.037,1.099,29.724,40.161,-179.615,48.45,-57.244
-0.191,0.017,-0.923,7.874,24.597,40.833,179.885,46.906,-59.189
-0.247,-0.006,-0.853,8.057,-6.897,35.889,179.643,46.401,-60.985
-0.376,-0.018,-0.774,8.606,-2.808,23.804,179.561,46.582,-62.303
-0.363,-0.055,-0.801,7.019,13.306,11.78,179.742,46.329,-62.979
-0.212,-0.082,-0.788,1.587,18.066,1.77,-179.973,45.341,-62.974
-0.263,-0.041,-0.756,-3.479,-5.127,-10.376,-179.874,45.071,-62.463
-0.312,-0.083,-0.742,-5.371,-5.737,-18.311,-179.522,45.406,-61.216
-0.239,-0.04,-0.694,-8.667,-9.949,-14.404,-179.429,45.797,-60.046
-0.288,0.066,-0.752,-12.146,-22.278,-2.014,-179.67,46.681,-59.304
-0.57,0.113,-1.032,9.521,-31.189,4.15,-179.753,48.093,-59.392
-0.724,-0.014,-1.117,7.629,-2.563,-7.751,-179.209,49.026,-59.299
-0.405,0.036,-1.1,-12.695,11.475,-20.386,-178.956,48.45,-58.178
-0.703,0.173,-1.23,-12.207,0.732,-17.578,-179.396,48.686,-57.239
-0.317,0.133,-0.985,-15.015,21.729,-6.775,-179.687,47.714,-56.492
-0.39,0.276,-0.942,-2.808,-7.446,-5.615,179.67,47.719,-56.415
-0.367,0.063,-0.867,8.057,19.165,-6.531,-179.918,47.329,-56.085
-0.205,0.019,-0.817,0.366,14.16,-10.559,-179.648,46.423,-55.668
-0.178,0.087,-0.724,-9.583,-3.662,-1.831,-179.89,46.143,-55.278
-0.191,0.134,-0.649,-7.629,-12.268,2.93,179.539,46.434,-55.311
-0.257,0.167,-0.685,-0.244,-10.742,3.235,179.072,46.901,-55.547
-0.284,0.175,-0.739,13.55,-7.751,8.362,179.044,47.214,-55.959
-0.103,0.048,-0.627,17.883,-21.301,14.404,179.473,47.62,-56.7
-0.513,0.105,-1.015,7.08,-63.538,27.771,179.346,49.521,-57.914
-0.967,0.107,-1.172,10.376,-36.987,32.288,178.759,52.125,-59.804
-0.595,-0.055,-0.985,22.278,-5.066,5.249,179.11,52.8,-60.848
-0.835,-0.14,-1.134,9.949,-11.108,-13.306,-179.692,53.284,-60.167
-0.712,-0.136,-1.191,10.498,63.354,-10.742,-178.896,51.916,-59.354
-0.064,-0.159,-0.936,-0.427,56.946,-10.132,-178.138,48.713,-58.365
-0.137,-0.03,-0.789,-13.489,-18.921,-2.075,-178.281,47.944,-57.64
-0.573,-0.006,-0.84,-10.803,-23.743,-2.258,-178.748,49.493,-57.2
-0.304,-0.04,-0.726,-3.54,9.827,-10.071,-178.731,49.345,-56.536
-0.324,-0.102,-0.772,-10.254,-14.16,-12.451,-178.566,49.449,-55.541
-0.432,-0.064,-0.786,-10.315,-11.169,-17.822,-178.671,50.147,-54.481
-0.438,-0.094,-0.722,-10.01,-10.132,-18.616,-178.489,50.735,-53.108
-0.389,-0.077,-0.696,-7.996,-1.343,-11.719,-178.391,51.086,-52.031
-0.325,-0.064,-0.682,-12.756,-8.362,-5.188,-178.418,51.295,-51.273
-0.44,0.033,-0.792,-14.954,-16.235,5.188,-178.989,52.031,-51.031
-0.586,0.077,-0.934,-6.165,-25.208,4.272,-179.561,52.921,-51.251
-0.883,0.104,-1.033,-8.972,-15.137,2.075,-179.956,54.3,-51.411
-0.667,0.213,-1.062,-10.803,19.714,13.672,179.357,53.811,-51.812
-0.695,0.3,-1.125,6.836,40.955,17.517,178.55,52.685,-52.943
-0.287,0.184,-1.072,18.311,43.945,9.583,178.929,50.24,-53.657
-0.33,0.059,-0.987,9.949,11.292,7.751,179.39,49.175,-54.069
-0.214,0.17,-0.841,0.366,5.737,15.015,179.044,48.615,-54.772
-0.265,0.167,-0.74,4.883,-15.625,12.756,178.742,48.801,-55.503
-0.414,0.181,-0.754,9.155,-12.146,14.038,178.511,49.444,-56.415
-0.263,0.114,-0.752,11.963,-3.418,10.01,178.61,49.521,-57.178
-0.351,0.093,-0.722,4.333,-33.752,16.479,178.495,50.433,-57.997
-0.483,0.176,-0.61,3.357,-33.325,18.616,177.885,52.064,-59.293
-0.516,0.174,-0.612,7.385,-26.245,10.01,177.506,53.531,-60.408
-0.744,0.089,-0.994,13.55,-16.785,2.319,177.556,54.668,-61.106
-0.679,-0.081,-1.131,9.46,4.211,-0.061,178.083,55.195,-61.172
-0.497,-0.114,-1.008,16.113,-6.958,-13.367,178.775,55.305,-60.831
-0.889,-0.208,-1.021,-0.244,2.686,-16.052,-179.989,56.019,-59.474
-0.493,-0.06,-1.0,-7.629,53.406,1.526,-179.846,54.349,-58.766
-0.24,0.028,-0.902,-11.23,21.24,3.662,179.813,52.388,-58.541
-0.386,0.11,-0.808,-1.465,-12.39,1.648,179.5,52.289,-58.392
-0.441,0.017,-0.701,9.216,-5.31,-6.775,179.94,52.701,-58.019
-0.398,-0.036,-0.671,8.789,2.563,-13.062,-179.297,52.778,-57.272
-0.224,-0.137,-0.674,4.456,-5.005,-15.32,-178.418,52.723,-56.195
-0.347,-0.163,-0.704,-11.23,-23.865,-15.991,-178.094,53.586,-55.02
-0.373,-0.099,-0.67,-10.62,-22.888,-26.733,-177.775,54.558,-53.3
-0.365,-0.07,-0.579,-9.46,-22.156,-20.02,-177.286,55.657,-51.531
-0.527,-0.018,-0.798,-8.789,-35.828,-12.268,-177.089,56.997,-50.4
-0.879,0.042,-0.992,-4.944,-29.785,-19.592,-176.786,58.76,-49.257
-0.938,0.078,-1.195,-0.854,-17.517,-11.536,-176.353,59.436,-48.279
-0.964,0.125,-1.125,1.831,28.381,-5.432,-176.292,59.755,-47.999
-0.484,0.065,-0.98,4.822,26.123,-1.587,-175.984,58.041,-47.917
-0.644,0.072,-0.933,1.526,1.953,9.46,-176.199,57.64,-48.384
-0.441,0.072,-0.718,0.854,4.395,10.925,-176.638,57.431,-49.169
-0.508,0.097,-0.705,1.099,-2.136,9.094,-177.105,57.497,-49.922
-0.395,0.066,-0.631,1.099,4.761,9.155,-177.44,57.393,-50.609
-0.366,0.108,-0.643,-3.174,2.686,10.01,-178.05,57.222,-51.372
-0.343,0.113,-0.617,-1.16,-9.827,10.925,-178.676,57.31,-52.136
-0.459,0.082,-0.606,1.648,-21.667,13.062,-179.28,58.2,-53.08
-0.478,0.069,-0.635,1.16,-16.296,12.817,-179.852,59.041,-54.075
-0.802,0.055,-0.958,1.892,-21.24,16.174,179.599,59.974,-55.102
-0.682,0.031,-0.921,8.362,1.892,10.681,179.231,60.315,-56.085
-1.041,-0.062,-1.218,12.329,-39.001,6.531,179.588,61.172,-56.492
-1.062,-0.041,-1.149,15.869,32.104,15.076,179.698,61.501,-57.288
-0.608,-0.104,-0.988,9.338,35.889,19.104,179.995,59.491,-58.063
-0.419,-0.004,-0.863,-1.709,19.958,20.203,179.555,58.041,-59.095
-0.402,0.034,-0.722,-4.761,-1.16,11.169,179.022,57.629,-59.749
-0.474,0.031,-0.661,-0.61,-5.859,0.793,178.77,57.821,-59.897
-0.542,-0.032,-0.715,3.784,4.272,-6.226,179.077,57.799,-59.535
-0.531,-0.074,-0.727,3.113,10.071,-7.324,179.566,57.546,-58.975
-0.51,-0.046,-0.667,0.061,1.526,-5.981,-179.956,57.42,-58.321
-0.498,-0.051,-0.686,5.859,8.362,-2.808,-179.467,57.266,-57.849
-0.458,-0.041,-0.686,-1.343,8.179,1.465,-179.16,56.948,-57.64
-0.443,-0.013,-0.716,-5.493,8.057,1.709,-179.22,56.624,-57.524
-0.4,0.009,-0.724,-8.545,3.967,-5.31,-179.445,56.42,-57.277
-0.366,0.002,-0.811,-4.456,-11.597,-15.137,-179.269,56.508,-56.382
-0.669,0.064,-0.908,-13.367,-44.861,-4.089,-179.385,58.173,-55.745
-0.972,0.165,-1.115,-11.597,-19.287,3.662,179.945,59.672,-55.767
-0.931,0.246,-1.108,-3.357,32.166,11.963,179.061,59.436,-56.519
-0.456,0.168,-1.062,14.954,38.33,-1.465,179.363,57.272,-56.755
-0.442,0.036,-0.995,12.085,2.014,-2.93,-179.94,56.486,-56.656
-0.477,0.021,-0.763,4.639,-9.094,4.761,-179.703,56.75,-56.75
-0.412,0.101,-0.587,-1.526,-3.723,21.118,179.769,57.008,-57.656
-0.322,0.156,-0.514,2.075,9.521,19.958,178.984,56.838,-58.969
-0.288,0.161,-0.585,13.123,-9.277,15.32,178.654,56.492,-60.134
-0.493,0.108,-0.558,18.494,-21.484,21.545,178.605,57.398,-61.501
-0.417,0.104,-0.555,20.081,-10.376,23.865,178.517,58.035,-63.182
-0.599,0.053,-0.799,24.353,-23.254,15.93,178.731,58.799,-64.622
-1.021,-0.042,-1.002,20.813,-1.404,21.851,179.061,59.919,-65.863
-0.991,-0.179,-1.337,21.484,-7.568,14.526,179.659,59.551,-66.824
-0.809,-0.093,-1.181,15.381,52.246,15.015,179.857,58.975,-67.632
-0.398,-0.18,-1.077,7.385,17.09,21.912,-179.709,57.184,-68.132
-0.53,0.021,-0.916,-7.08,-4.272,47.241,179.072,57.101,-70.049
-0.51,0.1,-0.753,3.845,-7.263,44.25,177.731,57.195,-72.466
-0.51,0.083,-0.653,13.977,4.028,34.302,177.138,57.123,-74.454
-0.414,0.014,-0.566,25.635,8.057,23.071,177.418,56.695,-75.839
-0.39,-0.064,-0.551,26.367,13.367,18.86,178.27,56.195,-76.696
-0.253,-0.094,-0.516,22.339,4.639,19.104,179.083,55.624,-77.415
-0.475,-0.059,-0.574,9.583,-22.949,24.963,179.286,56.431,-78.36
-0.453,-0.06,-0.649,17.029,8.24,16.846,179.495,56.75,-79.2
-0.419,0.0,-0.758,9.705,0.244,21.24,179.775,56.667,-79.871
-0.245,0.011,-0.922,14.404,0.244,20.081,179.89,56.393,-80.706
-0.571,0.062,-1.162,10.193,-48.279,22.888,179.896,57.513,-81.601
-1.283,0.01,-1.069,2.625,-47.546,40.1,179.297,60.244,-83.205
-1.305,0.269,-1.197,-4.7,-11.414,47.363,177.303,61.315,-85.984
-0.931,0.193,-1.1,28.381,56.763,39.49,176.331,60.249,-88.363
-0.316,0.039,-0.831,42.542,43.823,47.119,176.896,57.398,-90.39
-0.308,0.011,-0.638,45.288,-3.723,66.162,177.369,56.371,-93.422
-0.354,0.024,-0.501,46.448,-3.235,77.148,177.369,56.426,-97.449
-0.351,0.061,-0.502,46.265,-6.409,83.74,177.171,56.338,-101.871
-0.441,0.082,-0.614,47.974,1.221,83.74,176.863,56.173,-106.479
-0.339,0.07,-0.69,42.908,-11.353,81.238,176.633,56.003,-110.874
-1.048,0.081,-1.377,39.185,-39.612,88.562,176.028,56.876,-115.499
-0.798,0.018,-1.258,54.749,24.109,98.083,175.303,56.464,-120.646
-0.532,-0.056,-1.015,60.73,-24.17,93.811,175.435,55.909,-125.585
-0.729,-0.17,-0.838,74.219,-2.136,89.539,176.331,56.646,-130.073
-0.466,-0.216,-0.693,64.148,19.47,104.553,177.067,55.789,-134.802
-0.375,-0.199,-0.696,49.683,25.635,105.469,177.22,54.311,-139.664
-0.341,-0.129,-0.729,43.274,17.395,96.802,177.133,53.004,-144.108
-0.364,-0.13,-0.76,46.387,8.362,81.726,177.396,52.158,-147.854
-0.414,-0.212,-0.809,40.222,-3.357,71.655,178.077,51.883,-150.908
-0.432,-0.187,-0.825,27.771,1.892,59.814,178.467,51.894,-153.369
-0.417,-0.195,-0.954,24.17,7.629,48.767,178.841,51.652,-155.105
-0.259,-0.145,-0.973,13.794,3.296,52.856,179.055,51.125,-156.649
-0.62,0.111,-1.084,-1.77,-43.335,58.35,178.209,52.207,-158.923
-0.446,0.209,-0.958,21.545,12.878,51.88,177.451,52.553,-161.362
-0.341,0.154,-0.834,17.578,-23.56,52.612,177.253,52.339,-163.757
-0.676,0.118,-0.866,27.649,-12.817,44.189,176.995,53.24,-166.168
-0.51,0.021,-0.826,34.302,18.127,38.025,177.484,52.657,-167.855
-0.319,-0.095,-0.747,33.936,13.184,31.555,178.484,51.691,-168.964
-0.415,-0.031,-0.741,20.081,-6.836,48.218,178.792,51.619,-170.563
-0.468,0.068,-0.735,24.536,3.113,54.81,178.588,51.608,-172.859
-0.425,0.045,-0.841,24.231,8.118,53.467,178.561,51.268,-175.188
-0.358,0.093,-0.892,20.325,17.7,51.819,178.451,50.532,-177.407
-0.227,0.11,-0.942,18.127,6.409,47.18,178.27,49.57,-179.637
-0.237,0.152,-0.922,12.573,-21.729,48.34,177.874,49.642,177.957
-0.65,0.185,-1.063,11.902,-52.795,55.176,177.133,51.163,175.078
-0.682,0.084,-0.932,29.907,-6.958,47.18,176.633,52.537,172.299
-0.276,-0.105,-0.848,41.687,-0.916,28.931,177.561,52.037,170.777
-0.641,-0.194,-0.905,33.02,-25.146,38.025,178.61,52.96,169.343
-0.546,-0.171,-0.951,22.339,34.912,51.086,179.006,52.526,167.503
-0.227,-0.096,-0.961,13.489,40.161,48.34,178.879,50.389,165.465
-0.147,-0.034,-0.918,7.874,8.789,33.02,178.753,49.081,163.592
-0.256,-0.006,-0.775,9.827,-5.859,19.592,178.868,48.922,162.235
-0.294,-0.039,-0.717,12.512,-9.766,15.869,179.269,49.12,161.197
-0.246,-0.094,-0.688,11.414,5.676,5.737,179.841,49.032,160.62
-0.175,-0.104,-0.612,0.427,-18.311,0.122,-179.703,49.059,160.406
-0.424,-0.112,-0.677,-2.808,-22.461,-11.963,-179.478,50.251,160.615
-0.475,-0.108,-0.819,-7.141,-6.592,-10.681,-179.132,50.718,161.581
-0.292,-0.1,-0.783,-6.531,1.709,-1.831,-179.061,50.718,162.296
-0.36,-0.025,-0.849,-13.977,-30.762,0.977,-179.33,51.487,162.477
-0.666,0.132,-1.083,-14.404,-24.475,7.08,179.995,52.85,162.422
-0.831,0.241,-1.228,4.089,-20.569,-5.188,179.676,53.992,162.642
-0.661,0.157,-1.309,11.292,28.259,-2.38,-179.907,53.613,163.224
-0.421,0.067,-1.229,1.892,8.301,-13.733,-179.434,52.608,163.943
-0.338,0.103,-0.9,-8.057,-19.226,-10.254,-179.357,52.729,164.828
-0.533,0.117,-0.744,-7.446,-32.41,-9.766,-179.676,54.086,165.317
-0.595,0.115,-0.667,-2.502,0.0,-13.184,-179.709,54.877,166.196
-0.419,0.083,-0.642,2.197,16.174,-11.597,-179.489,54.294,167.261
-0.412,0.06,-0.708,-1.77,14.709,-8.179,-179.324,53.652,168.206
-0.327,0.091,-0.692,-2.808,18.738,-0.244,-179.467,52.789,168.799
-0.2,0.113,-0.554,0.549,5.371,9.094,-179.824,52.284,168.712
-0.345,0.145,-0.649,2.258,-8.972,21.484,179.654,52.372,167.893
-0.447,0.141,-0.765,7.141,3.906,21.545,179.132,52.35,166.789
-0.204,0.188,-0.758,8.118,7.751,22.644,178.632,51.828,165.685
-0.5,0.101,-1.038,9.155,-63.232,11.292,178.511,52.976,164.691
-1.138,0.135,-1.3,2.869,-32.41,20.935,177.852,55.635,163.521
-0.64,-0.031,-1.184,16.479,9.827,-0.244,177.907,55.871,163.174
-0.652,-0.13,-1.104,-0.244,-17.273,-5.981,178.599,56.223,163.861
-0.744,-0.054,-1.039,-5.554,-1.709,-2.747,178.605,56.81,164.372
-0.533,-0.03,-0.908,-4.456,5.981,-0.183,178.577,56.607,164.866
-0.434,-0.013,-0.739,-2.38,-10.681,4.639,178.522,56.667,165.053
-0.475,0.007,-0.637,-0.671,-17.822,10.132,178.314,57.469,164.828
-0.482,0.021,-0.59,4.028,-12.451,6.409,178.198,58.167,164.57
-0.588,-0.023,-0.673,12.695,-2.319,-1.038,178.671,58.607,164.855
-0.491,-0.093,-0.646,10.803,8.911,-5.249,179.588,58.348,165.668
-0.516,-0.083,-0.669,6.287,9.644,-2.258,-179.725,58.145,166.503
-0.375,-0.056,-0.635,2.014,10.864,2.075,-179.385,57.585,166.992
-0.356,-0.042,-0.578,0.305,-4.517,-2.808,-179.094,57.629,167.47
-0.392,-0.03,-0.613,-2.808,-15.015,-3.54,-178.934,58.233,167.937
-0.748,-0.052,-0.968,-3.296,-19.958,-7.568,-178.737,59.139,168.569
-0.623,-0.024,-0.944,-2.808,3.845,-11.047,-178.489,59.485,169.514
-1.057,0.118,-1.214,-18.677,-15.076,-4.333,-178.72,60.139,170.266
-0.699,0.155,-1.235,-2.991,39.185,-9.705,-178.973,59.128,171.008
-0.423,0.125,-1.072,-7.324,5.127,-7.935,-178.978,57.931,171.667
-0.488,0.149,-0.8,-8.911,-22.705,-6.592,-179.275,58.348,172.024
-0.653,0.125,-0.679,-3.174,-20.569,-7.568,-179.511,59.447,172.354
-0.581,0.103,-0.61,2.014,-0.61,-2.502,-179.561,59.903,172.749
-0.536,0.094,-0.629,3.418,3.113,3.479,-179.588,59.859,172.969
-0.479,0.094,-0.567,4.089,3.723,3.967,-179.736,59.771,172.958
-0.48,0.103,-0.556,5.127,6.897,5.371,-179.879,59.645,172.963
-0.377,0.127,-0.508,5.676,14.282,18.005,179.758,59.167,172.48
-0.392,0.15,-0.685,16.541,15.32,17.456,179.484,58.31,171.573
-0.49,0.11,-0.775,19.287,3.967,16.052,179.621,57.925,170.629
-0.441,0.086,-0.778,14.343,-6.714,12.024,179.874,57.87,169.909
-0.724,0.065,-1.012,8.728,-13.916,9.46,179.819,58.508,169.195
-0.547,0.011,-1.0,6.042,-16.968,1.648,179.852,58.881,168.937
-1.116,-0.002,-1.159,-0.732,-40.71,-0.122,179.731,60.853,168.805
-0.352,-0.21,-0.722,13.55,23.56,-30.334,-178.89,60.716,170.266
-0.804,-0.106,-0.869,-45.715,-93.567,6.226,-178.978,62.836,171.244
-1.16,0.194,-0.824,-13.916,-3.845,-10.132,179.105,65.825,171.112
-0.632,-0.027,-0.736,1.099,25.513,-11.169,179.885,64.847,172.678
-0.624,-0.009,-0.769,7.08,13.977,-0.916,-179.775,64.111,173.386
-0.534,-0.08,-0.772,7.385,22.461,2.136,-179.253,63.204,173.793
-0.401,-0.09,-0.78,6.348,15.137,-3.296,-178.819,62.21,174.067
-0.399,-0.105,-0.649,-1.587,-11.23,-9.949,-178.242,62.045,174.606
-0.517,-0.063,-0.606,-1.221,-15.137,-12.146,-177.709,62.672,175.38
-0.58,-0.047,-0.576,2.197,-7.08,-3.113,-177.209,63.21,176.034
-0.523,-0.067,-0.561,5.493,5.432,3.967,-176.847,63.188,176.281
-0.468,-0.076,-0.596,2.197,5.432,5.127,-176.699,62.891,176.298
-0.546,-0.052,-0.71,-2.075,-1.587,1.404,-176.732,62.891,176.375
-0.77,-0.035,-0.875,-6.042,-11.292,-1.892,-176.792,63.336,176.66
-0.897,-0.019,-1.066,-4.822,-5.371,1.587,-176.891,63.55,176.984
-0.919,0.069,-1.054,0.732,1.953,1.648,-177.182,63.776,176.99
-0.913,0.082,-1.077,-2.38,18.005,11.963,-177.396,63.193,176.803
-0.643,0.165,-0.894,-1.465,22.583,13.794,-178.248,62.062,175.93
-0.56,0.115,-0.768,0.061,1.526,0.244,-178.605,61.463,175.589
-0.619,0.112,-0.696,-2.136,0.549,-2.747,-178.813,61.589,175.666
-0.503,0.085,-0.627,-1.831,7.507,-8.362,-178.874,61.342,176.028
-0.446,0.072,-0.571,-3.052,5.737,-7.874,-178.83,61.133,176.594
-0.38,0.074,-0.551,-5.066,2.197,0.854,-179.017,60.963,176.874
-0.36,0.124,-0.586,-8.179,8.728,12.024,-179.857,60.743,176.375
-0.411,0.189,-0.67,0.671,-1.77,21.79,179.236,60.37,175.292
-0.499,0.172,-0.668,12.634,-0.671,25.208,178.325,60.353,173.502
-0.545,0.072,-0.777,10.986,-1.953,17.822,178.0,60.266,172.134
-0.972,-0.029,-1.025,3.54,-10.498,16.479,177.632,60.853,171.024
-0.609,-0.089,-0.916,-10.498,4.639,12.268,176.924,60.634,170.266
-0.67,-0.021,-0.939,-10.986,-36.011,-7.324,176.418,61.523,170.156
-1.189,0.101,-1.14,-4.761,2.075,-3.601,176.237,62.765,170.491
-0.599,-0.032,-0.936,17.029,57.922,-9.583,177.336,60.667,171.403
-0.284,-0.096,-0.835,4.517,23.804,-2.808,178.391,58.705,172.057
-0.43,-0.029,-0.743,-3.479,-12.085,7.507,178.352,58.629,171.541
-0.566,-0.001,-0.69,0.671,-1.343,-1.526,178.27,59.008,171.057
-0.451,-0.058,-0.633,5.798,11.475,-2.747,178.764,58.705,171.244
-0.425,-0.06,-0.618,0.244,8.423,-3.784,179.165,58.26,171.387
-0.41,-0.073,-0.602,2.625,9.827,-15.137,179.808,57.849,172.002
-0.326,-0.114,-0.527,0.244,3.235,-13.062,-179.374,57.541,172.881
-0.37,-0.109,-0.559,-1.404,-3.601,-5.737,-178.808,57.623,173.419
-0.57,-0.04,-0.913,-8.789,-19.348,7.629,-178.797,57.991,173.282
-0.981,0.068,-1.236,-13.611,-7.019,12.695,-179.423,58.876,172.639
-0.599,0.19,-1.251,-2.441,20.996,14.954,179.736,57.887,171.749
-0.603,0.267,-1.128,0.0,0.0,19.165,178.989,57.744,170.431
-0.651,0.287,-1.109,13.672,-6.409,11.047,178.704,57.673,169.217
-0.601,0.116,-0.967,14.465,3.113,-3.418,179.253,57.601,168.821
-0.497,0.028,-0.813,2.197,-2.563,-16.541,179.791,57.53,169.233
-0.503,0.032,-0.68,-15.32,-7.385,-17.822,179.879,57.838,170.123
-0.518,0.133,-0.652,-14.343,6.165,-14.221,179.445,57.92,170.87
-0.379,0.118,-0.602,-9.583,13.855,-4.578,179.116,57.338,171.365
-0.346,0.191,-0.633,-5.066,8.545,7.812,178.445,56.783,171.046
-0.423,0.159,-0.68,7.568,-6.287,14.587,178.094,56.689,170.239
-0.587,0.174,-0.751,12.634,-10.132,21.179,177.693,57.123,168.887
-0.462,0.114,-0.698,15.015,-3.174,11.047,177.704,57.255,167.827
-0.526,0.134,-0.719,10.864,-18.555,6.409,177.808,57.849,167.151
-0.773,0.082,-0.933,9.827,-9.155,-2.808,178.077,58.64,166.932
-0.565,0.028,-0.862,4.395,-5.127,-6.775,178.478,58.909,167.217
-0.766,-0.013,-1.078,1.282,-33.813,-8.301,178.775,59.826,167.531
-1.048,0.021,-1.078,7.568,-7.935,0.122,178.918,61.441,167.552
-0.695,-0.1,-0.951,20.02,24.719,-5.798,-179.973,60.661,167.992
-0.557,-0.089,-0.851,7.629,14.526,1.831,-179.258,59.93,168.052
-0.435,-0.052,-0.733,-2.014,9.766,0.854,-179.028,59.315,167.964
-0.424,0.001,-0.677,-1.953,2.563,-2.38,-179.033,59.068,167.849
-0.458,-0.035,-0.689,3.052,3.357,-5.676,-178.682,58.92,167.97
-0.391,-0.077,-0.65,4.639,7.812,-9.338,-178.099,58.579,168.206
-0.483,-0.132,-0.805,2.075,0.549,-15.076,-177.336,58.277,168.723
-0.396,-0.12,-0.715,-0.61,9.521,-15.442,-176.666,57.931,169.415
-0.302,-0.122,-0.598,-5.676,-24.78,-2.258,-176.248,58.068,169.662
-0.568,-0.059,-0.624,-9.399,-35.767,4.517,-176.484,59.683,169.195
-0.505,-0.012,-0.673,-7.812,-15.076,5.615,-176.94,60.809,168.766
-0.848,0.039,-0.902,-11.78,-24.597,3.662,-177.479,61.963,168.426
-0.809,0.075,-0.954,-0.977,-2.747,-4.517,-177.704,62.463,168.569
-0.847,0.133,-1.073,-6.592,-4.272,1.465,-177.902,62.699,168.728
-0.985,0.201,-1.063,3.906,4.7,0.793,-178.242,63.056,168.602
-0.651,0.112,-0.888,10.681,29.175,1.587,-177.957,62.029,168.629
-0.506,0.094,-0.849,9.644,7.263,0.671,-177.731,61.04,168.481
-0.542,0.035,-0.726,4.517,-1.282,4.333,-177.627,61.057,168.223
-0.417,0.05,-0.592,-2.38,-1.892,-3.601,-177.83,61.073,168.063
-0.373,0.081,-0.487,-5.737,-5.371,-2.869,-178.011,61.331,168.261
-0.433,0.148,-0.559,-3.601,-4.761,11.963,-178.693,61.501,167.728
-0.457,0.143,-0.626,5.798,11.292,18.738,-179.511,61.177,166.536
-0.469,0.108,-0.665,5.737,-11.536,16.724,179.956,61.199,165.361
-0.527,0.121,-0.697,10.071,-3.906,20.02,179.363,61.469,163.993
-0.854,0.05,-0.984,10.193,-8.728,18.982,178.995,61.88,162.697
-0.584,-0.035,-0.862,16.235,-4.456,6.165,178.984,61.99,161.801
-1.031,-0.215,-1.208,9.705,-27.527,-4.028,179.951,62.523,161.812
-0.914,-0.062,-1.202,-1.038,34.363,9.155,179.885,62.309,161.472
-0.486,-0.072,-0.984,-5.676,16.968,7.874,179.709,60.732,160.922
-0.51,0.028,-0.752,-11.169,-23.56,10.803,179.143,60.837,160.104
-0.641,0.079,-0.636,-3.174,-19.104,9.888,178.418,61.99,159.082
-0.584,0.025,-0.592,8.545,0.061,1.221,178.391,62.413,158.654
-0.556,-0.061,-0.602,13.977,13.977,-6.958,179.187,62.161,158.989
-0.388,-0.177,-0.545,10.742,27.1,-6.592,-179.665,61.194,159.703
-0.468,-0.156,-0.64,-10.132,-2.747,6.287,-179.407,60.623,159.708
-0.594,0.049,-0.583,-6.348,10.986,10.62,179.89,60.727,159.126
-0.446,-0.025,-0.578,7.935,14.465,14.038,179.973,59.848,158.73
-0.556,0.119,-0.681,19.409,13.794,21.729,-179.989,59.529,157.791
-0.447,-0.036,-0.828,44.373,8.545,29.541,-178.962,58.667,156.407
-0.762,-0.056,-1.091,12.695,-2.869,40.161,-178.868,58.848,154.094
-0.637,0.062,-1.164,4.333,6.653,31.738,-179.621,58.392,151.891
-0.87,0.202,-1.207,-5.737,13.123,26.062,179.116,58.326,149.87
-0.511,0.142,-1.065,0.671,18.066,-0.61,178.94,56.882,149.348
-0.535,0.103,-0.938,-0.671,1.831,-15.198,179.121,56.459,149.601
-0.466,0.061,-0.742,-7.324,-8.85,-19.47,179.434,56.646,150.447
-0.502,0.126,-0.664,-12.756,-7.874,-9.644,179.258,57.118,151.161
-0.471,0.136,-0.604,-14.038,5.859,-6.897,178.687,57.211,151.545
-0.416,0.179,-0.643,-15.869,16.479,-7.996,178.055,56.788,152.155
-0.251,0.212,-0.642,-6.47,15.991,-1.831,177.512,55.827,152.639
-0.366,0.292,-0.692,8.911,-15.076,15.137,177.023,55.761,152.122
-0.378,0.149,-0.603,29.419,-13.0,18.494,177.144,56.294,150.837
-0.436,0.058,-0.655,26.062,-21.484,16.968,177.627,57.101,149.639
-0.857,-0.002,-0.966,22.095,-15.198,26.123,177.913,58.079,148.26
-0.736,-0.099,-1.091,31.311,6.348,19.043,178.412,58.035,146.915
-0.852,-0.263,-1.124,21.484,7.263,9.338,179.648,58.096,146.277
-0.633,-0.171,-1.12,7.996,37.109,30.945,179.934,56.613,144.904
-0.351,-0.061,-0.984,-1.831,19.592,46.997,179.099,54.965,142.015
-0.447,0.079,-0.836,-3.601,-16.846,43.396,177.775,54.921,138.702
-0.474,0.112,-0.691,12.695,-9.033,33.875,176.979,55.393,135.934
-0.421,0.013,-0.602,27.283,-14.771,23.438,177.259,55.772,133.885
-0.477,-0.072,-0.57,28.809,-11.047,23.254,178.077,56.409,132.155
-0.505,-0.1,-0.589,21.179,-15.503,25.94,178.726,56.931,130.182
-0.53,-0.044,-0.56,17.273,-9.644,24.78,179.006,57.673,127.991
-0.67,-0.06,-0.666,19.531,-10.681,27.1,179.33,58.304,125.799
-0.583,-0.081,-0.682,26.184,7.202,25.513,179.874,58.497,123.607
-0.411,-0.103,-0.65,23.193,2.136,38.818,-179.588,58.271,120.883
-0.639,0.015,-0.921,15.93,-19.653,53.04,-179.923,58.612,117.081
-0.726,0.191,-1.057,19.714,0.305,54.321,179.182,59.09,113.049
-0.73,0.244,-1.137,15.808,-45.837,55.237,178.259,59.661,109.303
-1.162,0.254,-1.111,27.649,-5.127,41.26,177.209,61.21,105.765
-0.722,0.061,-0.969,40.588,30.64,19.104,178.154,59.843,104.117
-0.515,-0.092,-0.876,44.678,32.227,13.672,179.78,58.354,102.816
-0.354,-0.185,-0.721,26.001,6.042,31.067,-179.105,57.376,100.69
-0.495,-0.039,-0.645,10.071,-5.31,47.974,-179.604,57.524,97.147
-0.43,0.096,-0.624,16.602,7.385,56.213,179.451,57.195,92.933
-0.498,0.167,-0.757,21.24,-1.526,64.758,178.495,56.931,88.418
-0.563,0.198,-0.8,31.311,-0.061,59.021,177.775,56.816,84.045
-0.575,0.129,-0.859,34.424,2.563,57.068,177.567,56.558,80.057
-0.703,0.079,-1.033,32.715,10.437,58.533,177.407,56.107,76.025
-0.561,0.034,-0.963,32.837,4.211,66.467,177.177,55.294,71.581
-0.423,-0.122,-0.828,48.828,-4.883,53.345,177.473,55.042,67.176
-0.587,-0.129,-0.785,32.959,-26.55,72.021,177.874,55.635,62.628
-0.711,-0.099,-0.831,43.457,5.005,73.608,177.66,55.975,57.123
-0.489,-0.083,-0.767,39.001,22.583,80.75,177.77,54.866,51.603
-0.399,-0.062,-0.754,37.17,17.09,80.75,177.737,53.547,46.011
-0.465,-0.036,-0.802,34.729,6.47,73.364,177.731,52.751,40.787
-0.475,-0.057,-0.802,36.194,7.812,62.622,178.017,52.169,36.167
-0.456,-0.109,-0.826,31.494,4.15,53.528,178.489,51.724,32.173
-0.436,-0.138,-0.828,24.475,0.122,43.396,178.962,51.498,28.801
-0.408,-0.179,-0.855,16.418,3.113,33.813,179.335,51.295,26.071
-0.373,-0.125,-0.936,0.916,-8.423,35.278,179.214,51.29,23.659
-0.652,0.071,-1.199,-1.404,-33.508,41.382,178.467,52.119,21.05
-0.571,0.154,-0.915,12.634,-8.85,55.298,177.501,53.146,17.496
-0.323,0.168,-0.767,15.991,-1.587,54.871,176.83,52.982,13.793
-0.427,0.212,-0.759,15.076,-21.484,58.289,176.083,53.201,10.091
-0.64,0.186,-0.85,24.902,-3.052,46.936,175.38,53.668,6.312
-0.527,0.102,-0.856,24.658,15.076,39.124,175.485,53.086,3.367
-0.384,0.084,-0.849,27.893,22.034,41.077,175.765,51.949,0.643
-0.311,0.121,-0.832,22.644,0.427,55.725,175.864,51.092,-2.39
-0.367,0.164,-0.796,28.32,-6.958,61.584,175.567,50.955,-6.108
-0.328,0.152,-0.813,28.503,-6.897,59.021,175.419,50.883,-9.8
-0.399,0.17,-0.905,28.931,-1.099,58.655,175.27,50.669,-13.37
-0.308,0.059,-1.023,34.851,10.986,45.715,175.633,49.845,-16.364
-0.526,0.031,-1.071,13.733,-18.066,56.519,175.622,49.801,-19.193
-0.372,0.011,-0.854,32.654,-5.066,46.082,175.567,49.861,-22.22
-0.536,-0.051,-0.835,33.203,-30.884,48.218,176.259,50.658,-24.868
-0.574,-0.096,-0.831,34.729,9.033,53.955,176.874,50.867,-27.834
-0.375,-0.088,-0.847,22.827,21.362,55.847,177.193,49.752,-30.811
-0.311,-0.002,-0.841,14.343,0.0,46.326,177.127,48.977,-33.475
-0.42,0.003,-0.84,18.921,-12.329,35.156,177.248,49.208,-35.546
-0.464,-0.017,-0.846,24.048,-9.155,32.898,177.682,49.68,-37.348
-0.396,-0.079,-0.854,24.048,-4.456,31.433,178.33,49.878,-39.04
-0.375,-0.114,-0.856,18.311,-10.62,24.231,178.907,50.202,-40.479
-0.307,-0.127,-0.846,9.888,-6.653,7.996,179.462,50.537,-41.16
-0.409,-0.104,-0.975,0.244,-30.151,-7.874,-180.0,51.246,-40.836
-0.744,0.002,-0.943,-5.981,-18.433,-8.667,-179.78,52.806,-40.144
-0.319,-0.01,-0.799,-1.831,8.179,-11.169,-179.39,52.701,-39.408
-0.422,0.066,-0.886,-18.921,-25.391,4.395,-179.775,53.245,-39.161
-0.69,0.235,-0.98,-21.79,-4.639,21.118,178.583,54.113,-40.161
-0.467,0.215,-0.929,-4.211,18.982,10.681,177.616,53.311,-41.149
-0.352,0.183,-0.838,5.371,-2.869,6.592,177.385,52.932,-41.743
-0.49,0.131,-0.817,8.667,-2.747,11.292,177.358,53.185,-42.517
-0.345,0.132,-0.735,7.324,4.639,13.428,177.275,52.932,-43.451
-0.29,0.133,-0.695,6.042,-1.77,13.55,177.133,52.729,-44.374
-0.321,0.165,-0.693,5.432,-2.197,18.677,176.77,52.707,-45.516
-0.286,0.189,-0.649,8.118,-10.803,20.02,176.358,52.817,-46.868
-0.487,0.177,-0.743,11.108,-26.245,18.25,176.094,53.575,-48.279
-0.517,0.142,-0.77,12.329,-4.578,10.376,176.001,54.234,-49.532
-0.389,0.116,-0.746,5.249,-7.507,2.686,176.116,54.421,-50.136
-0.526,0.134,-0.848,0.183,-28.809,0.305,176.067,55.135,-50.427
-0.934,0.121,-1.135,-0.671,-28.015,2.686,175.754,56.673,-50.911
-0.671,-0.01,-1.102,7.935,8.789,-14.832,175.979,57.101,-50.839
-0.764,0.009,-1.05,-3.235,2.563,-10.01,176.594,57.294,-49.988
-0.457,-0.038,-0.917,5.432,41.809,-14.038,177.303,56.074,-49.037
-0.26,0.007,-0.928,-10.986,25.574,11.292,177.341,54.366,-48.686
-0.343,0.173,-0.886,-4.639,0.977,17.029,176.49,53.734,-49.444
-0.372,0.09,-0.763,12.695,-7.263,2.502,176.655,53.729,-49.752
-0.492,0.001,-0.775,14.954,-11.292,-2.075,177.407,54.152,-49.642
-0.525,-0.054,-0.802,13.062,10.376,-2.869,178.237,54.08,-49.389
-0.484,-0.076,-0.844,6.287,15.747,-1.648,178.907,53.344,-49.087
-0.462,-0.055,-0.863,4.639,16.296,0.977,179.319,52.619,-48.873
-0.354,-0.022,-0.798,4.761,7.568,7.935,179.615,51.987,-48.922
-0.4,-0.001,-0.756,4.7,2.319,13.672,179.659,51.888,-49.477
-0.368,0.009,-0.742,-1.587,0.0,6.226,179.621,51.768,-49.889
-0.402,0.024,-0.743,-5.005,-5.676,-7.324,179.5,51.91,-49.807
-0.49,-0.004,-0.773,-5.554,-4.272,-21.118,179.731,52.245,-48.867
-0.402,-0.016,-0.733,-1.282,2.991,-19.47,-179.835,52.311,-47.631
-0.452,-0.029,-0.844,-3.906,-16.357,-10.925,-179.407,52.542,-46.692
-0.702,0.055,-1.033,-1.953,-18.066,-8.911,-179.346,53.608,-46.203
-0.552,0.023,-0.989,-2.319,5.066,-2.38,-179.105,53.921,-45.835
-0.765,0.2,-1.146,-12.817,-8.606,14.099,-179.934,54.283,-46.478
-0.72,0.146,-1.189,-2.563,41.199,1.221,179.599,53.377,-46.967
-0.24,0.172,-1.016,-7.69,49.011,-0.488,179.275,50.894,-47.0
-0.089,0.174,-0.811,-7.202,-9.155,-0.854,178.802,49.977,-47.005
-0.406,0.164,-0.695,-2.747,-46.265,-0.244,178.352,51.641,-47.197
-0.583,0.179,-0.66,1.648,-16.052,5.066,178.022,53.135,-47.708
-0.442,0.155,-0.711,6.104,0.0,8.545,177.907,53.212,-48.439
-0.376,0.175,-0.688,3.235,14.832,15.503,177.534,52.855,-49.521
-0.309,0.284,-0.713,5.676,4.456,26.001,176.874,52.202,-51.064
-0.316,0.196,-0.667,18.86,-7.446,14.832,176.704,52.114,-52.685
-0.412,0.118,-0.713,14.16,-8.85,8.85,176.88,52.564,-53.844
-0.666,0.093,-1.018,7.751,-10.315,3.906,177.072,52.976,-54.498
-0.544,0.011,-1.075,9.705,17.639,-9.338,177.374,52.877,-54.635
-0.647,-0.101,-1.333,2.075,-15.564,-18.25,178.231,52.548,-53.657
-0.683,0.012,-1.266,4.944,31.067,-8.728,178.561,52.603,-52.943
-0.226,-0.082,-1.026,8.728,18.066,-4.456,179.434,50.933,-52.273
-0.344,-0.014,-0.913,0.732,-17.151,5.188,179.676,50.982,-52.18
-0.397,-0.053,-0.733,3.357,-14.465,-0.183,179.907,51.691,-52.092
-0.462,-0.024,-0.716,0.732,-17.578,0.0,-179.956,52.438,-51.971
-0.538,-0.074,-0.738,5.981,4.15,-5.859,-179.467,52.712,-51.641
-0.4,-0.128,-0.76,7.507,22.095,-14.099,-178.698,52.015,-50.949
-0.255,-0.198,-0.748,-3.845,14.709,-17.273,-177.918,51.026,-49.763
-0.371,-0.159,-0.772,-15.259,-7.385,-19.226,-177.781,51.086,-48.461
-0.312,-0.092,-0.683,-14.038,1.282,-15.503,-177.731,51.114,-47.104
-0.368,-0.053,-0.723,-13.184,-16.968,-5.371,-177.902,51.592,-46.351
-0.458,0.008,-0.817,-12.207,-12.024,3.113,-178.27,52.185,-46.093
-0.678,0.079,-1.03,-14.099,-19.165,10.376,-178.984,52.96,-46.45
-0.598,0.144,-1.144,-7.446,-0.671,8.484,-179.742,53.295,-47.098
-0.803,0.222,-1.178,-8.606,-6.714,4.7,179.511,53.833,-47.747
-0.742,0.214,-1.216,-0.244,39.734,4.089,179.138,52.965,-48.159
-0.263,0.115,-1.037,-0.977,43.64,6.165,178.951,50.674,-48.647
-0.149,0.049,-0.821,-18.127,-15.198,-3.418,178.374,49.856,-48.928
-0.459,0.177,-0.708,-25.024,-32.043,-7.935,177.242,51.207,-48.719
-0.571,0.236,-0.67,-7.629,-2.075,5.249,176.32,52.053,-48.961
-0.368,0.217,-0.6,2.38,16.235,14.954,175.869,51.493,-49.922
-0.345,0.292,-0.708,6.348,18.005,29.175,175.27,50.647,-51.63
-0.244,0.295,-0.728,19.226,20.569,23.682,175.084,49.488,-53.492
-0.192,0.212,-0.711,26.733,-4.028,16.235,175.556,48.988,-55.009
-0.331,0.165,-0.699,21.057,-24.414,5.798,176.072,49.752,-56.212
-0.438,0.069,-0.799,15.808,-28.381,-14.465,176.786,51.021,-56.376
-0.817,0.026,-1.073,6.409,-16.235,-8.484,177.363,52.421,-56.041
-0.717,-0.059,-1.188,14.16,6.897,-6.958,177.951,52.416,-55.882
-0.68,-0.112,-1.206,15.503,33.691,3.479,178.978,51.707,-55.552
-0.297,-0.169,-1.1,21.057,39.368,9.521,-179.995,49.658,-55.712
-0.21,-0.134,-0.956,0.244,10.681,17.761,-179.55,48.428,-56.201
-0.275,-0.009,-0.793,-4.456,-12.634,11.169,-179.797,48.389,-56.624
-0.389,0.028,-0.721,0.366,-15.442,6.836,-179.956,49.081,-56.838
-0.397,-0.043,-0.744,7.385,1.831,1.404,-179.692,49.389,-56.904
-0.26,-0.145,-0.747,6.836,-0.854,-11.353,-179.044,49.279,-56.437
-0.28,-0.211,-0.787,-6.409,-10.925,-21.118,-178.396,49.521,-55.25
-0.266,-0.167,-0.687,-21.667,-23.438,-30.212,-178.231,50.306,-53.383
-0.373,-0.089,-0.593,-26.489,-39.49,-26.489,-178.391,51.938,-51.345
-0.535,0.013,-0.624,-20.081,-23.193,-17.578,-178.726,53.613,-49.916
-0.667,0.055,-0.905,-12.512,-7.385,-6.287,-178.896,54.207,-49.23
-0.644,0.108,-1.041,-5.554,9.644,-7.385,-179.017,54.207,-48.917
-0.833,0.252,-1.231,-18.616,-2.075,12.939,-179.802,54.031,-49.323
-0.556,0.297,-1.156,2.808,45.227,3.052,179.522,52.674,-50.054
-0.265,0.186,-1.038,12.207,18.555,-4.15,179.885,50.993,-50.202
-0.513,0.091,-0.927,4.578,-1.282,-3.235,-179.742,50.955,-50.235
-0.368,0.062,-0.772,-9.949,9.399,-3.296,-179.951,50.598,-50.301
-0.361,0.146,-0.723,-20.63,6.958,-4.639,179.187,50.284,-50.262
-0.286,0.229,-0.701,-19.226,23.254,6.714,178.033,49.565,-50.46
-0.106,0.272,-0.665,-8.362,9.583,14.893,176.885,48.461,-51.317
-0.265,0.287,-0.693,1.465,-17.456,21.606,175.99,48.604,-52.74
-0.343,0.268,-0.693,12.939,-12.024,18.921,175.43,49.142,-54.492
-0.271,0.202,-0.723,21.79,-14.099,17.822,175.512,49.592,-55.992
-0.682,0.111,-1.086,24.048,-32.532,31.494,175.748,50.62,-57.87
-0.632,-0.018,-1.069,23.193,-6.409,25.146,176.034,51.224,-59.826
-0.695,-0.088,-1.138,11.047,-23.438,7.507,176.512,51.993,-60.617
-0.801,-0.075,-1.185,2.136,18.555,-0.061,176.786,52.081,-60.667
-0.417,-0.046,-1.051,-5.371,38.818,-3.052,177.017,50.488,-60.106
-0.21,0.044,-0.9,-7.935,4.7,8.911,176.781,49.455,-59.952
-0.361,0.066,-0.783,1.221,-15.32,10.986,176.528,49.911,-60.364
-0.397,0.03,-0.721,9.338,-5.554,5.371,176.737,50.317,-60.683
-0.373,-0.032,-0.67,11.047,0.183,-1.648,177.38,50.427,-60.573
-0.36,-0.114,-0.693,5.493,1.953,-12.207,178.138,50.306,-59.98
-0.43,-0.119,-0.691,-4.639,5.859,-19.897,178.748,50.405,-58.821
-0.228,-0.136,-0.626,-8.24,-1.465,-23.132,179.302,50.186,-57.25
-0.366,-0.082,-0.705,-17.822,-26.062,-14.587,179.412,51.141,-55.865
-0.622,0.061,-0.974,-17.273,-19.287,-12.512,179.165,52.278,-54.855
-0.635,0.196,-1.15,-6.653,-0.305,-22.156,179.077,52.789,-53.822
-0.71,0.176,-1.123,-15.991,-6.592,-6.165,179.099,53.047,-52.894
-0.68,0.283,-1.177,-3.418,26.306,0.366,178.429,52.657,-53.042
-0.531,0.166,-1.172,6.042,43.396,-6.226,178.616,50.982,-52.932
-0.162,0.13,-0.937,0.916,33.203,-4.211,178.824,48.906,-52.707
-0.209,0.153,-0.799,-6.47,-17.395,-2.808,178.566,48.735,-52.608
-0.397,0.174,-0.731,-0.244,-19.836,-4.517,178.259,49.724,-52.603
-0.36,0.143,-0.673,6.042,-12.756,-3.54,178.319,50.394,-52.641
-0.414,0.141,-0.706,3.784,-8.057,5.432,178.336,50.878,-52.982
-0.402,0.208,-0.741,10.925,6.714,22.156,178.055,50.845,-54.163
-0.239,0.132,-0.74,18.372,10.986,26.245,178.028,50.12,-55.838
-0.205,0.107,-0.729,12.451,-26.917,20.386,178.0,50.455,-57.409
-0.499,0.099,-0.785,4.822,-16.541,-4.395,177.836,51.982,-58.14
-0.324,0.013,-0.802,-6.531,-28.87,-17.029,178.143,52.482,-57.448
-0.843,0.087,-1.075,-5.31,-51.636,-8.85,177.803,54.756,-57.036
-0.869,-0.067,-1.186,9.216,-11.353,-15.076,178.319,56.091,-56.486
-0.964,-0.011,-1.128,5.554,-1.953,-4.333,178.77,56.992,-56.096
-0.67,-0.102,-1.034,8.667,34.241,-2.014,179.561,55.986,-55.684
-0.431,-0.043,-0.903,2.014,26.611,9.827,179.736,54.597,-55.854
-0.301,-0.027,-0.716,1.099,4.028,10.62,179.764,53.811,-56.157
-0.374,-0.014,-0.634,5.371,-11.108,8.606,179.709,54.157,-56.591
-0.439,-0.065,-0.643,5.615,-1.831,0.305,-179.923,54.448,-56.613
-0.316,-0.121,-0.636,8.484,13.123,-16.846,-179.105,54.086,-55.822
-0.442,-0.183,-0.748,-3.601,11.108,-23.132,-178.105,53.63,-54.212
-0.223,-0.099,-0.656,-7.507,8.789,-25.024,-177.534,52.949,-52.515
-0.301,-0.068,-0.709,-10.437,-20.386,-20.935,-177.05,53.388,-50.762
-0.701,0.006,-0.959,-14.587,-29.541,-10.559,-177.067,54.695,-49.609
-0.6,0.071,-0.978,-5.92,17.761,-11.292,-177.215,54.833,-48.966
-0.721,0.206,-1.202,-20.325,-22.278,10.376,-177.781,54.597,-48.873
-0.72,0.198,-1.282,8.545,49.744,-9.033,-178.369,54.179,-49.246
-0.211,0.043,-1.103,3.906,15.503,-14.893,-177.676,52.064,-48.587
-0.42,0.001,-0.917,-4.272,-26.001,-17.212,-177.462,52.493,-47.763
-0.399,-0.002,-0.687,-12.451,-16.541,-8.789,-177.556,53.438,-46.917
-0.289,0.086,-0.537,-16.418,-16.296,7.629,-178.396,54.135,-46.901
-0.288,0.176,-0.483,-12.329,-27.283,16.785,-179.643,55.069,-47.719
-0.537,0.221,-0.601,-4.15,-23.132,25.146,179.094,56.393,-49.191
-0.499,0.254,-0.652,14.648,-1.648,34.729,177.99,56.827,-51.509
-0.432,0.141,-0.656,22.644,-8.301,35.95,177.594,57.047,-54.08
-0.673,0.129,-0.963,22.583,-33.569,32.227,177.281,57.914,-56.541
-0.857,0.092,-1.03,26.489,-3.784,33.63,176.984,58.898,-58.947
-0.803,-0.002,-1.028,29.785,-7.385,26.306,177.231,59.227,-60.875
-0.932,-0.174,-1.026,34.851,4.761,6.592,178.495,59.562,-61.661
-0.721,-0.259,-0.992,20.386,41.443,10.193,179.989,58.151,-61.595
-0.474,-0.172,-0.909,3.967,38.879,37.842,179.89,56.245,-62.77
-0.292,-0.046,-0.707,-4.639,12.329,39.246,178.978,54.943,-64.534
-0.432,0.074,-0.608,-0.244,-21.057,29.907,177.995,55.41,-66.132
-0.621,0.016,-0.686,16.357,0.488,7.141,177.979,56.019,-66.962
-0.461,-0.114,-0.703,24.475,32.837,-3.54,179.247,55.245,-66.616
-0.3,-0.149,-0.685,14.221,14.404,3.357,-179.473,54.014,-66.149
-0.429,-0.098,-0.716,13.184,-11.292,3.357,-178.759,54.146,-65.956
-0.404,-0.118,-0.659,13.0,-1.404,6.836,-177.907,54.525,-65.737
-0.297,-0.104,-0.704,4.822,-19.531,9.949,-177.429,54.91,-65.775
-0.721,0.075,-0.995,-6.226,-28.381,18.982,-177.874,56.415,-66.22
-0.808,0.128,-1.189,9.155,-13.123,17.7,-178.248,57.393,-67.044
-0.808,0.133,-1.174,16.113,10.986,20.02,-178.38,57.557,-68.253
-0.664,0.136,-1.183,11.475,20.63,18.25,-178.38,56.602,-69.329
-0.47,0.04,-1.041,22.766,21.973,-5.554,-177.775,55.525,-69.62
-0.274,-0.102,-0.784,11.902,-8.484,-7.141,-176.666,55.129,-68.967
-0.487,-0.019,-0.708,0.366,-34.851,14.648,-176.71,56.382,-69.109
-0.6,0.036,-0.643,6.958,-10.925,28.198,-177.27,57.469,-70.28
-0.471,0.058,-0.589,16.968,2.441,44.312,-177.891,57.524,-72.433
-0.463,0.089,-0.6,28.381,14.038,66.284,-178.66,57.299,-75.685
-0.33,0.079,-0.635,37.964,5.92,79.773,-179.396,56.607,-79.937
-0.429,0.069,-0.673,44.861,-12.512,93.14,179.819,56.816,-84.99
-0.475,0.13,-0.695,42.114,-23.865,95.459,178.797,57.404,-90.56
-0.595,0.085,-0.88,44.495,-7.874,85.022,177.907,57.936,-95.801
-0.724,0.137,-1.064,39.124,-3.784,86.243,176.88,58.068,-100.822
-0.611,-0.001,-0.884,45.166,-26.672,70.251,176.517,58.315,-105.139
-1.228,0.043,-1.159,38.696,-22.644,75.5,176.111,59.667,-109.144
-0.752,-0.042,-1.049,60.608,61.157,58.044,176.583,58.123,-112.445
-0.25,-0.107,-0.82,46.204,28.809,69.885,177.44,55.756,-115.34
-0.254,-0.076,-0.649,28.931,-23.376,64.758,177.38,55.58,-118.57
-0.456,0.002,-0.572,18.372,-45.532,51.27,176.863,57.321,-121.256
-0.585,0.059,-0.595,26.978,-34.729,40.466,176.484,59.145,-123.448
-0.684,-0.071,-0.699,40.71,-21.057,42.664,177.078,60.249,-125.266
-0.716,-0.101,-0.76,37.415,-13.062,58.35,177.204,60.969,-127.826
-0.758,-0.091,-0.805,29.724,-18.616,56.824,176.83,61.76,-130.677
-0.787,0.036,-0.834,22.095,0.61,56.58,176.028,62.221,-133.391
-0.496,0.054,-0.859,19.287,17.395,64.087,175.419,61.238,-135.879
-0.605,0.264,-0.891,21.362,11.169,87.097,173.474,60.282,-139.971
-0.564,0.215,-0.898,48.889,23.254,71.533,172.722,58.689,-143.91
-0.499,0.053,-0.834,61.462,19.897,54.688,173.589,57.079,-146.97
-0.478,-0.07,-0.768,42.542,4.822,51.514,174.781,56.124,-149.26
-0.574,0.036,-0.761,24.902,8.85,60.059,174.798,55.613,-151.765
-0.542,0.081,-0.736,25.269,24.17,68.298,174.353,54.454,-154.539
-0.465,0.139,-0.76,25.818,41.748,71.472,173.853,52.542,-157.5
-0.376,0.157,-0.867,31.25,46.387,82.275,173.584,49.916,-160.642
-0.218,0.094,-0.959,32.715,30.884,79.468,173.584,47.439,-164.174
-0.415,0.184,-1.175,25.33,4.883,79.529,173.43,46.181,-167.811
-0.322,0.064,-1.053,39.795,7.385,61.646,173.809,45.319,-171.063
-0.195,-0.077,-0.862,33.325,-20.203,54.443,174.705,45.258,-173.589
-0.234,-0.092,-0.796,25.818,-60.913,53.467,175.166,46.923,-176.385
-0.747,-0.028,-0.811,31.494,-59.143,53.101,175.413,49.845,-179.247
-0.73,-0.144,-0.833,43.03,15.686,53.345,176.32,50.416,178.649
-0.439,-0.139,-0.783,34.363,33.997,55.603,177.215,48.928,176.918
-0.34,-0.119,-0.828,25.33,13.916,61.34,177.682,47.73,174.853
-0.425,-0.088,-0.855,25.94,5.554,53.223,177.99,47.313,172.678
-0.455,-0.116,-0.84,22.583,-4.15,46.387,178.495,47.307,170.892
-0.408,-0.096,-0.922,21.912,-1.221,35.889,178.896,47.51,169.382
-0.33,-0.192,-0.887,20.447,-24.048,22.644,179.687,48.087,168.459
-0.494,-0.286,-0.833,9.338,-26.611,17.212,-179.659,49.51,167.822
-0.456,-0.227,-0.805,-7.69,-12.939,15.808,-179.604,50.488,167.443
-0.799,-0.017,-1.025,-31.738,-22.278,15.564,179.544,51.504,167.333
-0.43,0.223,-0.914,-26.001,31.311,5.615,178.05,51.372,167.547
-0.209,0.34,-0.958,-25.818,15.686,16.907,176.638,50.043,167.531
-0.297,0.282,-1.021,2.38,16.663,7.263,175.787,49.202,166.981
-0.177,0.128,-0.925,7.141,10.803,0.916,175.968,48.274,166.937
-0.228,0.05,-0.859,10.132,-8.606,4.15,176.287,48.131,166.729
-0.265,0.029,-0.828,3.479,-13.916,10.132,176.375,48.466,166.13
-0.257,0.096,-0.771,-2.136,-10.132,9.155,176.105,48.785,165.449
-0.188,0.171,-0.712,1.648,-4.883,8.85,175.864,48.862,164.905
-0.258,0.238,-0.773,4.395,-0.793,20.569,175.573,48.785,163.965
-0.124,0.21,-0.709,16.785,-11.78,22.095,175.512,48.477,162.702
-0.335,0.22,-0.755,5.127,-32.166,25.269,175.172,49.345,161.027
-0.308,0.205,-0.655,7.141,-34.241,12.024,174.749,50.587,159.802
-0.693,0.196,-1.055,7.385,-56.335,16.113,174.359,52.432,158.785
-1.039,0.195,-1.162,17.395,-14.832,22.278,173.771,54.492,157.385
-0.742,-0.03,-1.01,33.02,4.456,-3.235,174.814,54.668,157.484
-0.585,-0.242,-1.123,34.302,25.085,14.404,176.726,53.778,158.099
-0.775,-0.103,-1.176,8.911,30.151,52.307,176.863,52.8,156.627
-0.289,-0.089,-0.861,23.621,54.26,31.311,177.105,50.219,155.105
-0.065,-0.089,-0.675,16.785,12.512,24.597,177.836,48.658,154.017
-0.299,-0.118,-0.692,15.015,-18.555,14.587,178.478,48.972,152.814
-0.358,-0.172,-0.655,10.742,-3.54,-3.479,179.335,49.46,152.468
-0.353,-0.168,-0.661,-3.845,0.854,-7.629,-179.978,49.362,152.765
-0.401,-0.171,-0.739,-5.676,2.38,-16.541,-179.588,49.367,153.397
-0.31,-0.128,-0.734,-8.24,17.578,-13.428,-179.187,48.873,154.286
-0.167,-0.07,-0.782,-13.55,-6.226,-0.61,-179.176,48.466,154.495
-0.657,0.017,-1.168,-16.907,-27.1,-7.324,-179.659,49.592,154.352
-0.602,0.154,-1.227,-26.306,14.16,-11.108,179.604,50.114,154.984
-0.629,0.352,-1.243,-27.222,16.663,-2.808,178.314,49.565,155.577
-0.346,0.34,-1.157,-11.719,46.57,-2.869,177.473,47.856,156.171
-0.056,0.284,-0.982,0.427,8.24,-9.46,177.166,46.285,156.698
-0.224,0.188,-0.77,0.916,-33.63,-1.465,177.111,46.928,156.852
-0.377,0.151,-0.66,-2.258,-34.851,0.305,176.797,48.532,156.594
-0.495,0.2,-0.705,-8.423,-9.399,6.47,176.138,49.62,156.335
-0.301,0.241,-0.675,-9.094,11.414,10.498,175.276,49.334,156.083
-0.26,0.321,-0.715,-5.737,0.427,10.01,174.359,48.95,155.687
-0.298,0.279,-0.736,8.24,-7.385,5.859,174.001,49.065,155.325
-0.29,0.218,-0.736,11.414,-19.714,2.014,174.067,49.614,155.067
-0.417,0.19,-0.821,10.803,-36.011,1.282,174.188,50.911,154.808
-0.792,0.218,-0.93,9.277,-38.147,9.46,174.04,52.932,154.248
-0.642,0.136,-0.925,32.043,-3.479,0.488,174.776,53.663,154.259
-1.06,-0.063,-1.13,42.297,5.676,9.521,176.413,54.371,154.374
-0.523,-0.275,-1.083,40.894,84.167,-5.92,178.781,51.317,155.27
-0.115,-0.203,-0.978,-7.019,20.081,14.954,179.687,49.021,155.555
-0.325,-0.01,-0.837,-11.597,-15.991,9.888,179.028,49.043,154.501
-0.362,0.027,-0.675,-4.7,-6.348,4.028,178.693,49.548,153.891
-0.339,-0.048,-0.672,3.784,2.686,-8.911,178.912,49.603,153.864
-0.281,-0.16,-0.661,2.136,12.695,-27.832,179.786,49.285,154.896
-0.198,-0.184,-0.645,-15.564,-1.77,-24.231,-179.583,48.84,156.193
-0.339,-0.08,-0.661,-22.583,-22.095,-23.499,-179.753,49.521,156.967
-0.414,0.022,-0.718,-18.311,-17.273,-22.583,-179.978,50.488,157.934
-0.683,0.028,-1.01,-13.306,-24.414,-28.259,-179.923,51.647,159.406
-0.803,0.094,-1.135,-21.606,19.043,-28.687,-179.967,52.07,161.51
-0.667,0.22,-1.235,-33.569,27.649,-7.446,179.143,50.718,163.015
-0.464,0.357,-1.276,-23.376,59.082,5.249,177.632,48.521,163.383
-0.041,0.345,-1.012,-11.414,37.231,3.174,176.655,45.994,163.427
-0.074,0.244,-0.738,-0.427,-22.217,-6.287,176.292,45.769,163.383
-0.378,0.184,-0.67,1.221,-38.147,-3.906,176.072,47.477,163.158
-0.422,0.184,-0.634,-1.709,-3.052,4.822,175.77,48.263,162.911
-0.167,0.258,-0.605,-1.648,16.113,12.451,175.166,47.664,162.515
-0.164,0.341,-0.714,5.188,-10.01,13.855,174.589,47.186,161.746
-0.299,0.271,-0.75,16.724,-15.198,11.902,174.457,47.725,160.812
-0.23,0.203,-0.685,19.226,-34.485,9.338,174.683,48.625,159.939
-0.658,0.137,-0.95,17.273,-51.147,15.076,174.93,50.658,158.906
-0.935,0.027,-1.404,23.071,-29.419,8.24,175.243,52.125,157.972
-0.911,-0.072,-1.269,24.658,23.743,1.343,176.138,52.789,157.813
-0.394,-0.196,-1.119,22.766,31.982,-15.015,177.858,51.086,158.917
-0.452,-0.095,-1.04,-8.789,5.371,10.315,178.396,50.548,159.225
-0.3,-0.016,-0.792,-5.005,0.977,-2.136,178.16,50.295,158.972
-0.296,0.023,-0.61,-11.23,-20.081,-5.371,178.039,50.889,159.109
-0.527,0.027,-0.698,-2.563,-6.47,-9.949,178.0,51.718,159.445
-0.373,-0.058,-0.708,7.385,21.118,-23.926,178.808,51.158,160.746
-0.299,-0.209,-0.753,6.348,20.935,-33.508,-179.824,50.257,162.675
-0.184,-0.243,-0.769,-13.916,-6.287,-23.804,-179.072,49.845,164.191
-0.286,-0.184,-0.751,-28.137,-30.273,-24.963,-179.319,50.839,164.943
-0.371,-0.026,-0.707,-39.429,-42.236,-29.724,179.978,52.57,166.069
-0.643,0.149,-0.833,-27.954,-38.452,-11.902,179.203,54.41,167.097
-0.846,0.216,-1.006,-9.949,-27.954,-15.93,178.643,56.179,167.91
-0.974,0.224,-1.154,-13.245,-2.319,4.089,178.407,56.865,168.766
-0.729,0.324,-1.106,-6.531,42.053,20.02,177.237,55.915,168.349
-0.327,0.303,-0.991,9.521,33.936,11.414,176.77,53.8,167.877
-0.369,0.166,-0.838,14.465,-4.333,12.512,176.995,53.064,167.426
-0.403,0.091,-0.71,8.24,-4.456,7.629,177.028,53.278,166.783
-0.325,0.119,-0.572,-3.845,-13.672,7.507,176.77,53.646,166.399
-0.452,0.216,-0.614,-8.972,-19.348,12.207,175.924,54.399,165.811
-0.434,0.261,-0.593,-0.366,4.944,7.874,175.15,54.657,165.339
-0.337,0.295,-0.636,9.46,-0.366,6.348,174.902,54.415,165.13
-0.308,0.174,-0.649,21.729,-16.968,5.615,175.243,54.794,164.795
-0.619,0.1,-0.921,15.503,-39.856,10.864,175.474,56.151,164.081
-0.908,-0.07,-1.024,-4.761,-23.926,0.061,175.309,57.887,163.707
-0.751,-0.004,-1.035,-14.16,11.841,-33.813,175.226,58.326,165.344
-1.155,0.017,-1.166,-8.484,42.664,-31.067,176.012,57.958,168.118
-0.466,-0.093,-1.026,-7.446,88.135,-39.062,177.292,54.24,171.403
-0.286,0.019,-0.925,-11.414,58.96,-20.02,177.742,51.059,173.974
-0.155,0.061,-0.794,2.014,30.945,18.066,177.748,48.834,174.567
-0.214,-0.014,-0.705,23.01,-2.869,38.452,177.858,48.027,173.013
-0.321,-0.067,-0.631,24.902,-9.155,41.87,178.308,48.203,170.826
-0.403,-0.059,-0.73,29.053,2.258,35.278,178.929,48.279,168.893
-0.314,-0.129,-0.725,31.25,6.042,33.02,179.951,47.939,167.388
-0.205,-0.192,-0.697,19.348,-13.428,20.63,-179.061,47.961,166.102
-0.306,-0.116,-0.673,5.371,-32.227,9.216,-178.511,49.169,165.3
-0.597,-0.055,-0.937,-17.334,-43.884,14.343,-178.759,50.889,164.674
-0.733,0.065,-1.063,-13.184,-5.188,4.211,-179.67,52.196,164.454
-0.688,0.212,-1.194,-38.757,0.732,28.442,178.687,52.213,164.031
-0.734,0.544,-1.239,-21.484,42.969,25.024,176.116,51.24,162.746
-0.333,0.36,-1.189,11.169,50.598,-8.545,176.012,48.598,163.185
-0.119,0.141,-1.013,17.212,21.912,-21.24,177.017,46.983,164.394
-0.208,0.014,-0.823,6.714,-15.015,-18.799,177.819,47.043,165.317
-0.385,0.042,-0.745,-7.996,-20.203,-12.268,177.88,47.961,165.899
-0.37,0.125,-0.693,-9.338,3.601,-6.042,177.462,48.351,166.311
-0.258,0.182,-0.646,-11.902,7.812,3.601,176.869,48.032,166.525
-0.194,0.236,-0.706,-2.197,7.385,8.301,176.215,47.516,166.317
-0.166,0.196,-0.691,4.944,-16.907,12.512,175.935,47.455,165.756
-0.352,0.202,-0.703,6.653,-39.612,11.353,175.6,48.73,164.745
-0.72,0.165,-0.984,4.822,-36.865,10.132,175.391,50.477,164.015
-0.717,0.144,-1.101,16.357,3.906,-3.479,175.397,51.312,163.872
-0.539,-0.115,-1.151,13.123,3.174,-17.883,176.594,51.053,165.02
-0.614,-0.078,-1.154,-1.953,3.906,-20.081,177.286,51.218,166.448
-0.556,-0.054,-1.108,-10.498,15.869,0.793,177.358,50.817,167.393
-0.364,0.054,-0.928,-7.446,7.874,9.277,176.852,50.158,167.305
-0.365,0.037,-0.753,-2.38,-9.949,7.751,176.616,50.29,167.058
-0.43,0.038,-0.673,-1.099,-7.751,5.493,176.479,50.746,166.877
-0.412,0.007,-0.677,8.057,1.953,-2.075,176.77,50.894,167.141
-0.341,-0.087,-0.653,11.719,12.268,-6.653,177.61,50.581,167.899
-0.309,-0.168,-0.717,7.385,7.263,-13.245,178.577,50.213,168.948
-0.259,-0.14,-0.708,-4.822,3.967,-14.648,179.236,49.977,170.063
-0.15,-0.03,-0.604,-21.973,-27.161,-9.949,179.214,50.438,170.788
-0.626,0.169,-0.915,-27.466,-50.293,1.587,178.171,52.471,170.766
-0.846,0.271,-1.081,-11.719,-9.766,7.812,177.017,54.146,170.535
-0.926,0.351,-1.265,-17.944,14.832,23.987,175.908,53.86,170.167
-0.525,0.36,-1.237,2.686,67.383,11.841,174.93,51.674,169.673
-0.071,0.236,-0.993,9.766,26.489,0.183,175.215,49.07,170.002
-0.186,0.199,-0.711,9.277,-32.349,10.681,175.386,49.18,169.579
-0.387,0.153,-0.607,13.916,-29.297,13.306,175.325,50.729,168.442
-0.342,0.164,-0.577,8.545,-6.775,24.414,175.155,51.323,167.25
-0.208,0.206,-0.592,8.911,-3.906,31.677,174.655,51.136,165.696
-0.362,0.276,-0.699,15.442,-16.052,41.931,173.875,51.52,163.334
-0.187,0.167,-0.587,23.499,-22.4,28.87,173.793,51.872,161.301
-0.625,0.131,-0.914,15.137,-51.941,31.128,173.611,53.696,159.252
-0.972,0.095,-1.118,24.475,-31.311,26.794,173.452,55.355,157.275
-0.971,-0.058,-1.163,21.423,-4.456,7.202,174.348,55.86,156.841
-0.688,-0.083,-1.019,20.569,17.029,4.15,175.446,55.41,157.187
-0.672,-0.023,-1.003,3.662,8.24,32.959,175.578,54.932,156.434
-0.424,0.052,-0.786,5.615,9.583,26.917,175.199,54.207,155.045
-0.409,0.068,-0.686,9.033,-1.16,17.09,175.067,54.042,153.957
-0.388,-0.005,-0.638,11.414,1.465,4.883,175.468,54.014,153.501
-0.361,-0.081,-0.618,9.338,4.761,-8.24,176.204,53.915,153.644
-0.314,-0.086,-0.566,-2.38,-13.489,-6.287,176.935,54.102,154.127
-0.53,-0.011,-0.685,-2.563,-17.578,-0.549,176.935,55.107,153.929
-0.313,-0.045,-0.6,1.038,2.563,-3.845,177.347,55.443,154.149
-0.351,0.09,-0.7,-12.085,-34.79,14.099,177.149,56.058,153.627
-0.813,0.255,-1.009,-2.869,-51.514,20.325,176.177,58.2,152.106
-1.038,0.384,-1.14,5.859,-3.784,58.105,174.847,59.26,149.683
-0.825,0.418,-1.26,43.823,36.804,65.796,173.875,57.491,146.058
-0.592,0.172,-1.109,56.763,39.368,52.551,174.825,55.278,143.201
-0.334,0.04,-0.853,41.992,9.705,45.715,175.902,53.773,140.636
-0.454,0.08,-0.715,21.24,-16.235,36.072,176.045,54.047,138.043
-0.444,0.146,-0.601,19.958,-2.747,33.264,176.006,54.338,136.005
-0.264,0.155,-0.5,22.888,4.15,46.448,175.809,54.014,133.572
-0.327,0.169,-0.58,24.292,-11.414,55.908,175.419,53.86,130.567
-0.485,0.223,-0.667,25.146,-15.564,65.918,174.655,54.245,126.865
-0.33,0.15,-0.627,28.259,-5.615,63.416,173.936,54.229,123.003
-0.876,0.227,-1.171,14.282,-44.983,71.35,172.897,54.772,118.85
-0.907,0.13,-1.225,36.255,17.395,57.8,171.749,55.162,114.368
-0.83,0.053,-1.184,27.222,-21.423,52.429,171.887,54.723,110.676
-0.853,-0.028,-1.178,54.077,45.044,44.495,172.634,54.294,106.908
-0.279,-0.185,-0.925,43.152,36.621,63.11,174.413,51.498,103.173
-0.264,-0.008,-0.769,18.799,-17.395,80.078,174.32,50.526,97.723
-0.535,0.083,-0.686,23.193,-35.217,59.387,173.804,51.52,92.401
-0.577,0.059,-0.632,35.217,-27.283,42.725,174.21,52.674,88.143
-0.644,-0.027,-0.654,40.649,-15.503,40.833,175.237,53.58,84.21
-0.604,-0.138,-0.711,42.542,3.052,42.542,176.501,53.696,80.217
-0.569,-0.205,-0.814,30.212,1.953,50.049,177.49,53.399,76.058
-0.547,-0.099,-0.833,11.292,-7.69,55.054,177.413,53.394,71.609
-0.774,-0.011,-1.088,-2.747,-25.513,48.34,176.528,53.998,67.264
-0.715,0.205,-0.932,-6.653,9.949,46.143,174.875,54.553,63.073
-0.134,0.161,-0.814,-4.15,14.954,42.908,174.227,52.828,60.018
-0.531,0.342,-0.983,14.709,-16.602,50.781,172.859,52.888,56.206
-0.503,0.104,-0.995,39.917,31.616,45.532,173.232,52.048,52.927
-0.226,0.021,-0.893,36.133,17.395,48.828,174.106,50.251,49.785
-0.334,0.076,-0.813,22.705,-15.808,60.547,174.32,49.796,46.159
-0.465,0.166,-0.774,25.208,-16.846,63.904,173.952,50.175,41.924
-0.43,0.151,-0.769,28.992,-6.226,63.843,173.765,50.208,37.573
-0.42,0.169,-0.772,27.039,-5.92,58.228,173.672,50.114,33.42
-0.385,0.195,-0.862,22.644,-4.944,70.007,173.386,49.883,29.163
-0.4,0.25,-0.904,24.658,-9.583,71.838,172.733,49.73,24.406
-0.479,0.226,-1.041,27.283,-16.479,71.045,172.321,49.724,19.847
-0.5,0.167,-1.052,25.757,-16.724,82.275,171.678,49.812,14.832
-0.409,0.102,-0.896,32.471,-17.334,73.73,171.156,49.878,9.723
-0.4,0.031,-0.788,33.569,-43.091,69.031,171.205,50.581,5.208
-0.678,0.095,-0.813,44.8,-45.349,70.923,171.14,52.35,0.22
-0.708,-0.013,-0.807,58.105,1.465,70.74,172.101,52.635,-4.427
-0.511,-0.115,-0.825,57.312,26.733,72.083,173.524,51.29,-8.718
-0.285,-0.149,-0.778,40.344,8.24,78.064,174.446,49.889,-13.129
-0.404,-0.06,-0.783,22.705,-21.24,77.759,174.49,49.828,-17.65
-0.543,0.024,-0.784,24.658,-20.569,65.674,174.194,50.548,-21.912
-0.48,-0.009,-0.807,26.855,-11.963,48.523,174.38,50.955,-25.351
-0.544,-0.069,-0.923,24.475,-13.428,31.311,174.924,51.526,-27.795
-0.463,-0.122,-0.935,9.949,-13.489,14.099,175.529,52.026,-29.251
-0.733,-0.031,-0.944,-18.127,-38.025,9.949,175.303,53.405,-30.042
-0.402,0.117,-0.779,-22.827,1.038,-1.038,174.348,54.272,-30.569
-0.358,0.34,-0.848,-25.146,-14.038,-12.268,173.524,54.531,-30.317
-0.458,0.55,-0.921,2.686,5.005,-51.331,173.639,55.047,-29.015
-0.421,0.139,-0.934,32.593,12.39,-82.214,176.913,54.849,-25.126
-0.425,-0.021,-0.964,21.423,28.931,-55.725,179.967,53.915,-21.671
-0.272,-0.05,-0.906,7.507,17.273,-29.419,-178.445,52.619,-19.704
-0.312,0.039,-0.861,-2.563,5.432,-12.329,-178.066,52.042,-18.831
-0.252,0.115,-0.807,3.967,4.395,-8.85,-177.951,51.603,-18.528
-0.259,0.077,-0.775,6.714,-5.066,-15.137,-177.429,51.411,-17.88
-0.333,0.055,-0.742,13.916,-8.24,-7.141,-176.797,51.57,-17.38
-0.313,0.143,-0.705,13.123,-18.555,7.08,-176.435,52.031,-17.655
-0.471,0.1,-0.729,26.489,-25.818,5.737,-175.891,53.08,-18.391
-0.438,-0.018,-0.691,30.518,-15.625,-0.61,-174.749,54.02,-18.946
-0.384,-0.114,-0.7,24.109,-23.56,7.935,-173.595,54.932,-19.446
-0.844,-0.127,-1.057,17.822,-42.175,18.066,-173.068,56.662,-20.451
-0.548,-0.213,-0.904,19.287,5.554,10.559,-172.573,57.744,-21.561
-0.788,-0.348,-1.084,13.184,-59.326,-3.967,-171.562,58.716,-21.709
-1.198,-0.271,-1.214,7.141,19.897,1.038,-170.859,60.348,-21.445
-0.594,-0.334,-0.997,3.906,57.922,13.123,-170.689,58.03,-22.297
-0.213,-0.228,-0.807,-16.602,28.259,28.259,-171.727,56.014,-23.934
-0.272,-0.031,-0.672,-28.259,-13.55,28.748,-173.611,56.102,-25.466
-0.494,0.032,-0.653,-14.587,-6.409,14.954,-175.117,56.7,-26.548
-0.409,-0.044,-0.664,-0.122,2.197,1.221,-175.424,56.525,-26.949
-0.478,-0.121,-0.692,3.113,3.54,-9.521,-175.029,56.486,-26.669
-0.303,-0.146,-0.572,-1.648,-0.916,-10.559,-174.518,56.294,-26.109
-0.5,-0.114,-0.715,-12.329,-13.916,-7.08,-174.424,56.816,-25.51
-0.347,-0.108,-0.705,-7.69,6.287,-8.423,-174.43,56.662,-25.032
-0.264,-0.04,-0.711,-14.709,-21.24,-3.662,-174.666,56.832,-24.631
-0.854,0.07,-1.016,-14.404,-49.438,-0.732,-175.144,58.738,-24.329
-0.805,0.14,-1.092,0.122,11.169,-14.587,-175.397,59.733,-24.208
-0.917,0.132,-1.153,-1.526,-1.099,-10.864,-175.018,59.639,-23.736
-0.828,0.116,-1.136,9.399,31.067,-10.742,-174.644,58.87,-23.61
-0.534,0.04,-0.945,12.085,30.457,-10.01,-174.073,57.316,-23.676
-0.373,-0.026,-0.756,6.592,9.705,-12.451,-173.441,56.321,-23.45
-0.422,-0.01,-0.665,-3.845,1.77,-0.305,-173.386,56.129,-23.434
-0.317,0.058,-0.568,-5.432,-2.686,6.714,-173.974,56.14,-24.005
-0.368,0.114,-0.565,-2.319,-4.883,17.212,-174.727,56.459,-25.043
-0.407,0.156,-0.623,6.47,-1.892,26.794,-175.638,56.646,-26.917
-0.438,0.115,-0.697,10.01,9.094,31.128,-176.418,56.481,-29.185
-0.266,0.068,-0.656,13.0,-10.742,29.48,-177.039,56.431,-31.399
-0.725,0.049,-0.925,3.723,-46.936,41.321,-177.99,58.03,-33.755
-0.896,0.008,-1.095,12.085,-15.259,35.339,-179.143,59.315,-36.497
-0.876,-0.109,-1.2,18.799,-12.634,3.967,-178.967,59.843,-37.711
-0.844,-0.193,-1.17,10.498,23.56,3.662,-178.193,59.601,-37.804
-0.479,-0.174,-0.944,-0.732,22.461,14.282,-178.061,58.343,-38.243
-0.36,-0.07,-0.763,-7.446,-5.615,18.616,-178.643,57.87,-39.073
-0.498,-0.013,-0.674,-4.456,-14.954,19.836,-179.39,58.464,-40.007
-0.469,-0.021,-0.637,0.244,2.075,14.099,-179.879,58.716,-40.897
-0.433,-0.024,-0.644,5.31,8.972,9.155,-179.945,58.42,-41.435
-0.396,-0.107,-0.706,6.653,3.601,3.174,-179.621,57.925,-41.666
-0.523,-0.113,-0.696,-2.808,1.099,-1.099,-179.335,58.008,-41.49
-0.324,-0.106,-0.571,-8.545,-5.676,-0.732,-179.291,57.969,-41.182
-0.575,0.028,-0.643,-16.357,-26.917,5.859,-179.874,59.073,-41.182
-0.563,0.066,-0.688,-1.892,-1.221,1.16,179.714,59.705,-41.429
-0.718,0.088,-0.882,-2.38,-12.207,-7.385,179.852,60.156,-41.298
-0.719,0.181,-0.975,-3.723,11.23,-17.029,-179.868,60.216,-40.682
-0.876,0.296,-1.257,-4.761,-4.639,-20.02,-179.55,59.886,-39.743
-0.78,0.269,-1.166,19.47,43.945,-38.025,-178.358,58.964,-38.359
-0.447,0.085,-1.05,29.968,27.588,-42.725,-175.908,57.025,-36.321
-0.476,-0.137,-0.877,15.93,-0.244,-31.067,-173.776,56.376,-34.481
-0.415,-0.132,-0.685,-1.648,-6.348,-19.653,-172.837,56.415,-33.184
-0.353,-0.017,-0.574,-8.301,-7.202,-7.385,-172.831,56.667,-32.503
-0.44,0.057,-0.603,-2.319,-10.01,0.916,-173.051,57.036,-32.393
-0.415,0.092,-0.587,7.935,4.517,6.47,-173.188,57.228,-32.866
-0.362,0.079,-0.604,12.207,-4.944,16.663,-173.287,57.145,-33.981
-0.529,0.027,-0.673,20.02,-14.526,15.564,-173.293,57.87,-35.37
-0.469,-0.057,-0.644,13.489,-3.174,22.766,-173.199,58.475,-36.821
-0.877,-0.119,-1.006,14.404,-22.583,24.902,-173.469,59.249,-38.507
-0.781,-0.268,-1.084,12.268,7.019,17.639,-173.546,59.518,-39.93
-0.786,-0.355,-1.12,7.019,-1.892,8.301,-173.315,59.59,-40.501
-0.759,-0.393,-1.149,-2.625,33.508,24.231,-173.551,58.854,-41.292
-0.411,-0.326,-1.003,-20.874,38.757,50.964,-175.265,56.997,-43.478
-0.223,-0.119,-0.779,-35.034,3.174,55.725,-178.055,55.997,-46.225
-0.435,0.074,-0.673,-32.532,-28.503,50.354,179.039,56.766,-48.713
-0.587,0.165,-0.648,-12.39,-13.0,46.692,176.699,57.568,-51.262
-0.514,0.119,-0.636,3.601,0.854,42.664,175.347,57.486,-53.751
-0.421,0.054,-0.65,13.489,8.301,26.55,174.825,57.123,-55.728
-0.45,0.032,-0.716,4.395,1.587,15.32,174.781,56.766,-56.827
-0.388,0.025,-0.64,2.075,3.418,-2.319,174.886,56.667,-57.025
-0.449,0.078,-0.646,-6.409,-8.85,-9.033,175.062,56.865,-56.508
-0.458,0.087,-0.723,3.235,3.235,-14.282,175.386,57.156,-55.739
-0.571,0.101,-0.812,-0.854,-11.292,-9.521,175.875,57.464,-55.031
-0.97,0.143,-1.091,1.038,-3.601,-7.202,176.254,58.008,-54.498
-0.775,0.232,-1.136,-1.587,43.457,-2.075,176.479,57.068,-54.141
-0.536,0.29,-1.163,7.019,41.87,-1.648,176.677,54.904,-53.948
-0.38,0.2,-1.01,13.855,27.405,-1.16,177.281,53.273,-53.828
-0.332,0.011,-0.851,-3.174,0.549,-6.165,177.523,52.674,-53.745
-0.482,0.131,-0.802,-28.137,1.587,-22.278,176.847,52.795,-52.828
-0.346,0.223,-0.694,-23.987,8.606,-19.104,176.039,52.487,-51.625
-0.364,0.249,-0.673,-15.259,0.061,-10.803,175.331,52.405,-51.015
-0.25,0.174,-0.62,-8.85,9.094,-0.671,174.716,52.136,-51.081
-0.268,0.255,-0.655,-19.409,-7.385,7.629,173.606,51.976,-51.614
-0.377,0.361,-0.696,0.732,-6.409,4.517,172.628,52.306,-52.487
-0.252,0.233,-0.691,12.817,-0.732,2.502,172.606,52.256,-53.366
-0.583,0.164,-0.939,6.226,-32.349,-1.343,172.881,52.938,-53.8
-0.646,0.1,-1.049,14.221,-1.587,-4.761,173.002,53.893,-54.24
-0.891,-0.049,-1.237,6.348,-27.771,-7.507,173.969,54.229,-53.751
-0.747,0.004,-1.199,13.55,45.471,-3.601,174.386,54.316,-53.646
-0.319,-0.062,-1.035,-6.348,17.639,8.972,175.095,52.251,-53.168
-0.417,0.121,-0.928,-4.395,0.61,9.888,174.463,52.042,-53.674
-0.251,0.051,-0.67,-1.221,-13.0,1.953,174.463,52.103,-53.756
-0.387,0.068,-0.612,0.793,-29.724,-3.784,174.496,53.251,-53.707
-0.471,0.043,-0.595,6.836,-11.597,-9.949,174.93,54.245,-53.372
-0.434,-0.025,-0.609,4.395,2.38,-9.033,175.671,54.454,-52.795
-0.404,-0.006,-0.616,-1.892,-6.348,-11.475,176.111,54.679,-52.191
-0.497,0.012,-0.747,-3.052,0.671,-12.085,176.49,55.063,-51.432
-0.379,0.015,-0.791,0.244,2.991,-10.254,176.957,54.893,-50.685
-0.574,0.072,-0.992,-0.366,-6.409,-4.272,177.248,55.129,-50.273
-0.463,0.107,-0.941,10.62,-1.953,-13.55,177.88,55.355,-49.735
-0.948,0.079,-1.141,1.343,-15.625,-12.146,178.781,56.162,-48.895
-0.577,0.099,-1.058,1.831,47.668,-14.954,179.313,55.151,-48.164
-0.314,0.136,-1.001,-4.456,6.348,-5.249,179.484,53.712,-47.653
-0.502,0.107,-0.865,-5.798,-20.264,4.028,179.165,54.157,-47.802
-0.542,0.093,-0.762,-9.827,-13.123,3.113,178.561,54.965,-48.257
-0.525,0.168,-0.714,-13.916,-2.563,10.315,177.66,55.366,-48.889
-0.337,0.236,-0.589,-7.507,11.047,19.287,176.545,55.08,-50.081
-0.287,0.295,-0.617,2.869,2.991,22.217,175.605,54.597,-51.751
-0.289,0.227,-0.66,14.771,2.38,19.897,175.182,54.3,-53.586
-0.399,0.173,-0.697,14.16,-4.822,15.686,174.996,54.349,-55.36
-0.315,0.105,-0.665,6.042,-4.517,1.709,175.073,54.36,-56.184
-0.634,0.13,-0.947,4.517,-23.804,7.751,174.897,55.058,-56.893
-0.79,0.093,-1.056,17.212,-1.77,10.803,174.902,55.701,-57.947
-0.567,-0.133,-1.075,26.55,8.972,-16.846,176.314,55.443,-57.706
-0.932,-0.057,-1.191,1.587,17.395,6.958,177.083,55.448,-57.299
-0.424,-0.112,-1.058,13.123,53.406,3.784,177.803,53.108,-57.211
-0.319,-0.056,-0.997,-6.165,3.052,16.846,177.814,52.02,-57.513
-0.428,0.049,-0.82,-1.648,-8.301,16.052,177.319,52.234,-58.217
-0.409,0.035,-0.719,1.099,-12.573,10.986,177.116,52.625,-58.821
-0.439,0.031,-0.67,3.906,-7.751,6.836,177.116,53.102,-59.211
-0.413,-0.032,-0.658,6.287,-1.038,2.197,177.38,53.311,-59.425
-0.401,-0.051,-0.675,0.488,0.854,-5.554,177.775,53.306,-59.183
-0.418,-0.045,-0.685,-2.075,-8.362,-12.329,178.121,53.575,-58.546
-0.43,-0.044,-0.663,-1.892,-4.639,-14.587,178.605,54.097,-57.579
-0.337,-0.026,-0.661,-1.587,-12.695,-9.277,179.033,54.575,-56.75
-0.638,0.022,-0.898,-7.263,-21.851,2.502,179.055,55.569,-56.464
-0.695,0.099,-1.023,-3.357,6.958,4.7,178.764,55.871,-56.678
-0.817,0.174,-1.269,-15.381,-7.507,14.343,178.16,55.596,-57.167
-0.793,0.286,-1.254,1.709,49.438,0.488,177.341,54.657,-57.865
-0.26,0.13,-1.033,0.671,31.067,-9.338,177.792,52.366,-57.409
-0.379,0.149,-0.891,-2.686,-10.315,-9.399,177.786,52.196,-57.057
-0.428,0.093,-0.739,2.747,-5.981,-7.812,177.913,52.668,-56.794
-0.414,0.077,-0.716,-1.526,-1.648,-1.099,177.957,52.806,-56.75
-0.367,0.114,-0.701,-1.953,7.996,9.583,177.643,52.531,-57.173
-0.344,0.177,-0.719,-0.305,-3.906,24.597,177.006,52.3,-58.359
-0.386,0.218,-0.783,11.23,11.597,25.574,176.358,52.026,-60.128
-0.21,0.134,-0.719,17.334,-5.554,12.756,176.517,51.52,-61.381
-0.328,0.101,-0.718,9.705,-21.851,13.977,176.616,52.191,-62.419
-0.31,0.077,-0.751,6.592,-25.452,9.399,176.501,53.036,-63.32
-0.698,0.105,-0.926,1.77,-39.368,19.165,176.122,54.739,-64.292
-0.626,0.004,-0.932,12.573,-23.499,10.498,175.984,55.942,-65.369
-1.128,0.072,-1.059,2.441,-40.527,24.658,175.93,57.711,-66.281
-0.879,0.031,-1.075,30.334,51.758,18.494,176.166,56.992,-67.527
-0.368,-0.089,-0.883,20.447,38.818,28.137,177.116,54.597,-68.324
-0.292,0.008,-0.707,6.958,-0.549,41.565,176.786,53.712,-70.093
-0.494,0.062,-0.681,9.705,-10.925,37.292,176.188,54.091,-72.076
-0.525,0.046,-0.689,19.836,8.179,25.757,176.21,54.025,-73.564
-0.421,-0.043,-0.662,23.56,12.695,8.118,177.067,53.492,-74.125
-0.359,-0.104,-0.697,11.353,5.737,5.859,178.017,53.047,-73.982
-0.415,-0.015,-0.669,3.54,-15.015,10.071,178.11,53.558,-74.191
-0.474,-0.035,-0.682,0.916,1.892,9.583,178.319,53.948,-74.185
-0.416,0.022,-0.71,2.136,2.93,9.033,178.242,53.871,-74.372
-0.388,0.058,-0.897,5.005,3.479,5.066,178.38,53.646,-74.377
-0.656,0.147,-1.176,11.475,-17.517,15.442,178.528,54.064,-74.658
-0.521,0.055,-1.082,20.386,8.972,20.752,178.973,54.058,-75.449
-0.631,0.16,-1.131,8.85,-7.69,30.701,178.77,54.108,-76.827
-0.571,0.134,-1.122,16.357,16.479,24.109,178.627,53.69,-78.168
-0.396,0.095,-0.972,11.292,5.127,22.522,178.654,52.905,-79.277
-0.449,0.09,-0.816,7.141,-11.414,21.301,178.462,52.998,-80.321
-0.452,0.108,-0.707,4.639,-6.042,23.254,178.066,53.311,-81.431
-0.404,0.151,-0.657,9.583,-2.625,35.278,177.517,53.317,-83.018
-0.351,0.138,-0.613,12.573,-3.54,43.701,176.863,53.306,-85.32
-0.424,0.188,-0.668,14.893,-11.536,46.082,176.122,53.503,-87.918
-0.477,0.185,-0.661,16.724,-6.958,42.664,175.474,53.734,-90.56
-0.438,0.144,-0.652,16.113,-1.892,27.283,175.139,53.828,-92.538
-0.582,0.114,-0.969,8.545,-14.709,14.893,175.034,54.091,-93.604
-0.723,0.14,-1.161,14.221,17.334,11.23,174.798,54.338,-94.4
-0.755,0.015,-1.248,8.667,-24.78,13.245,175.314,54.289,-94.532
-0.825,-0.007,-1.223,34.18,46.57,15.808,175.743,54.24,-95.142
-0.342,-0.171,-1.095,22.095,36.377,31.433,177.061,51.68,-95.477
-0.378,-0.035,-0.994,15.747,18.372,47.729,177.067,50.367,-97.026
-0.26,-0.039,-0.797,19.104,-0.549,51.758,177.034,49.598,-98.998
-0.413,-0.029,-0.755,25.146,-20.142,52.246,177.122,49.982,-101.14
-0.559,-0.052,-0.746,31.982,-6.287,58.167,177.391,50.521,-103.557
-0.411,-0.109,-0.713,34.058,3.723,55.664,177.902,50.334,-106.002
-0.46,-0.105,-0.73,31.311,-3.601,53.833,178.412,50.361,-108.248
-0.432,-0.156,-0.74,33.508,2.869,50.659,179.088,50.367,-110.253
-0.347,-0.166,-0.757,26.672,-3.052,58.289,179.599,50.35,-112.313
-0.531,-0.064,-0.973,19.47,-14.832,67.322,179.335,50.988,-115.016
-0.65,-0.021,-1.069,17.09,0.671,66.284,178.819,51.422,-117.839
-0.448,0.065,-1.101,5.615,8.667,73.12,177.781,50.933,-120.948
-0.182,0.113,-1.009,14.832,14.587,55.298,176.946,49.977,-123.728
-0.168,0.078,-0.77,2.197,-34.912,54.565,176.347,50.164,-126.063
-0.633,0.167,-0.921,6.836,-20.447,54.81,175.023,51.389,-128.974
-0.382,0.135,-0.906,26.55,28.381,53.101,174.765,50.158,-131.314
-0.197,0.038,-0.819,36.133,6.104,62.683,175.232,48.763,-133.819
-0.346,0.095,-0.783,33.875,-20.508,87.036,175.265,48.68,-137.637
-0.43,0.067,-0.798,40.71,-14.16,93.079,175.155,48.961,-142.24
-0.475,0.127,-0.846,37.537,-5.737,96.985,174.902,48.834,-147.057
-0.448,0.132,-0.888,39.246,13.794,83.74,174.858,48.104,-151.364
-0.297,0.146,-0.93,34.973,11.536,79.59,175.056,46.912,-155.067
-0.258,0.152,-0.964,35.706,6.042,73.303,175.243,46.038,-158.698
-0.225,0.102,-0.998,28.564,-11.475,67.749,175.474,45.654,-162.142
-0.387,0.138,-1.0,18.433,-24.353,68.176,175.182,46.269,-165.624
-0.378,0.032,-0.886,23.743,-42.48,51.636,174.974,47.439,-168.766
-0.581,-0.019,-0.828,35.645,-50.171,34.729,175.622,49.504,-170.782
-0.785,-0.152,-0.842,48.584,0.244,49.866,176.852,50.691,-172.474
-0.45,-0.196,-0.816,43.762,48.889,74.89,177.825,48.922,-174.776
-0.17,-0.167,-0.853,32.593,37.964,94.116,178.149,46.511,-178.05
-0.236,-0.086,-0.865,29.846,-2.136,94.299,178.094,45.698,177.786
-0.45,-0.043,-0.825,36.865,-14.771,98.206,178.193,45.961,173.227
-0.498,-0.123,-0.873,43.701,4.761,81.543,178.682,46.11,169.129
-0.348,-0.205,-0.874,34.058,13.55,57.861,179.555,45.544,166.437
-0.215,-0.273,-0.872,15.015,11.169,35.095,-179.692,44.978,164.74
-0.201,-0.162,-0.931,-9.583,-12.085,20.813,-179.698,44.753,162.834
-0.643,0.009,-0.946,-24.902,-23.926,10.62,179.456,45.906,161.345
-0.234,0.088,-0.888,-9.46,32.166,7.324,178.742,45.445,161.235
-0.045,0.085,-0.938,-24.292,-6.104,-0.427,178.094,44.539,161.043
-0.439,0.236,-1.059,-31.738,-21.179,-9.521,176.715,45.527,160.873
-0.318,0.197,-1.027,-18.982,18.066,-26.123,175.941,45.192,161.922
-0.194,0.151,-0.933,-15.991,-2.136,-25.146,175.551,44.874,163.301
-0.304,0.162,-0.858,-13.855,-15.503,-14.893,175.078,45.417,164.026
-0.362,0.211,-0.829,-7.324,-7.385,-9.155,174.672,45.978,164.493
-0.246,0.163,-0.726,1.465,-4.883,-4.395,174.639,46.121,164.844
-0.368,0.2,-0.785,1.465,-5.737,8.24,174.501,46.384,164.724
-0.379,0.225,-0.775,3.418,14.709,27.344,174.139,45.912,163.998
-0.288,0.259,-0.839,7.874,16.724,32.227,173.694,44.775,162.708
-0.198,0.238,-0.838,11.108,6.409,24.658,173.546,43.989,161.62
-0.172,0.209,-0.766,11.536,-24.597,25.94,173.496,44.127,160.323
-0.255,0.254,-0.757,15.381,-38.025,18.921,173.386,45.45,158.807
-0.311,0.155,-0.771,18.616,-57.617,11.597,173.683,47.307,157.632
-0.814,0.16,-0.912,13.55,-79.651,11.719,173.749,50.702,156.412
-0.975,-0.02,-1.199,25.635,-16.296,-13.611,174.446,53.053,156.539
-0.76,-0.07,-1.099,16.541,26.184,-17.639,175.792,53.394,158.406
-0.467,-0.156,-1.071,7.324,41.199,-7.69,177.105,51.773,160.532
-0.313,0.005,-1.014,-11.23,21.973,23.621,176.896,50.334,160.768
-0.268,0.072,-0.861,3.052,5.859,19.104,176.38,49.642,159.653
-0.318,0.055,-0.765,0.854,-12.817,7.08,176.407,49.785,158.956
-0.441,0.017,-0.79,11.047,-1.648,-0.366,176.748,50.186,158.73
-0.304,-0.072,-0.736,9.338,-0.305,-8.301,177.539,50.054,159.082
-0.385,-0.114,-0.721,0.244,-2.38,-18.372,178.286,50.251,159.84
-0.352,-0.092,-0.688,-6.592,-0.916,-19.104,178.786,50.339,160.961
-0.386,-0.059,-0.652,-9.583,-5.188,-10.193,178.956,50.603,161.884
-0.429,-0.024,-0.743,-5.981,8.301,-7.568,179.05,50.636,162.845
-0.234,-0.014,-0.863,-3.357,2.441,-1.953,179.171,50.065,163.405
-0.649,0.05,-1.191,-2.441,-16.846,-1.953,179.116,50.702,163.334
-0.415,-0.003,-1.115,-5.798,13.306,-6.47,179.286,50.565,163.839
-0.717,0.224,-1.192,-35.645,-35.645,16.052,178.16,51.29,163.619
-0.593,0.453,-1.163,-15.442,38.086,24.597,176.144,51.114,162.686
-0.179,0.366,-1.006,8.301,9.644,6.958,175.54,49.521,162.164
-0.32,0.257,-0.8,15.076,-23.926,0.549,175.82,49.911,161.911
-0.395,0.148,-0.659,20.264,-24.17,-0.916,176.44,51.01,161.752
-0.505,0.135,-0.685,12.146,-11.475,9.277,176.797,51.817,161.444
-0.349,0.134,-0.641,3.296,14.221,12.329,176.693,51.471,161.219
-0.267,0.256,-0.681,-1.831,6.897,23.56,175.913,50.834,160.488
-0.23,0.287,-0.66,9.583,-11.414,19.958,175.325,50.713,159.379
-0.329,0.216,-0.656,20.081,-28.931,11.353,175.375,51.658,158.417
-0.454,0.15,-0.747,16.724,-30.884,10.132,175.573,53.069,157.659
-0.827,0.117,-1.018,14.221,-28.625,12.512,175.754,54.388,157.083
-0.592,-0.002,-1.003,22.095,-3.54,0.977,176.292,54.899,156.989
-1.064,-0.058,-1.126,14.038,-13.428,0.0,177.385,55.723,157.566
-0.575,-0.104,-1.122,26.855,73.242,-1.404,178.511,53.932,158.318
-0.072,-0.191,-0.927,7.507,23.743,8.118,179.747,51.334,158.752
-0.305,-0.014,-0.768,-13.611,-31.433,16.724,179.247,51.559,157.154
-0.542,0.061,-0.708,-9.46,-18.372,5.615,178.467,52.839,155.83
-0.488,0.036,-0.752,2.258,1.587,-1.038,178.347,53.157,155.682
-0.495,-0.028,-0.789,7.874,3.357,-3.54,178.792,53.036,156.006
-0.513,-0.088,-0.828,11.719,8.728,-9.766,179.599,52.861,156.709
-0.458,-0.155,-0.801,6.47,7.141,-9.155,-179.462,52.564,157.648
-0.363,-0.135,-0.685,-2.38,5.188,-5.066,-179.022,52.355,158.181
-0.312,-0.104,-0.625,-12.39,-9.277,-2.93,-179.033,52.46,158.247
-0.457,-0.043,-0.689,-18.372,-11.78,-5.615,-179.495,53.168,158.214
-0.426,-0.051,-0.715,-20.142,-4.028,-9.033,-179.978,53.531,158.774
-0.352,-0.008,-0.79,-26.001,-4.883,-9.216,179.319,53.734,159.307
-0.675,0.107,-1.041,-28.748,-31.86,-3.357,178.242,54.948,159.461
-0.721,0.245,-1.034,-22.766,-4.456,9.277,176.836,55.745,159.439
-0.899,0.375,-1.146,-14.526,21.606,24.597,175.193,55.547,158.692
-0.356,0.273,-1.105,8.301,43.091,2.747,174.979,53.135,158.813
-0.323,0.127,-0.971,0.854,5.493,-13.794,175.375,52.07,159.384
-0.382,0.127,-0.832,-11.78,-12.451,-19.409,175.391,52.295,160.192
-0.448,0.154,-0.717,-14.16,-17.639,-17.944,175.084,53.119,161.054
-0.52,0.201,-0.706,-12.39,-4.089,-7.996,174.628,53.751,161.812
-0.434,0.225,-0.678,-5.127,6.775,4.028,174.128,53.652,162.23
-0.333,0.246,-0.66,-2.441,7.935,16.724,173.496,53.146,161.971
-0.368,0.294,-0.688,3.723,1.953,19.165,172.755,52.872,161.115
-0.288,0.252,-0.659,8.301,-3.113,15.076,172.37,52.597,160.323
-0.372,0.215,-0.649,8.301,-23.254,6.287,172.156,53.245,159.62
-0.47,0.176,-0.701,11.841,-15.686,-5.31,172.304,54.157,159.543
-0.565,0.081,-0.956,10.742,-22.156,-11.23,173.024,54.91,160.186
-0.778,0.115,-0.957,8.545,-14.16,1.282,173.21,56.223,160.247
-0.73,-0.062,-1.049,16.479,-22.827,-24.841,174.474,56.865,161.395
-1.003,-0.032,-1.219,3.662,26.794,-16.602,175.556,57.464,163.13
-0.558,-0.04,-1.188,-1.709,71.411,-0.061,176.166,54.745,164.608
-0.072,0.006,-0.958,-6.348,30.518,-0.977,176.287,52.092,164.938
-0.358,0.079,-0.765,-13.245,-51.514,1.16,175.776,53.185,164.125
-0.745,0.114,-0.719,-1.587,-27.222,-2.502,175.303,55.25,163.356
-0.513,0.018,-0.696,10.742,11.658,-9.888,175.853,55.53,163.987
-0.437,-0.045,-0.723,7.202,13.916,-10.498,176.759,54.992,165.141
-0.381,-0.105,-0.733,5.066,19.104,-14.526,177.621,54.355,166.339
-0.27,-0.11,-0.651,-7.935,-0.488,-15.625,178.253,53.811,167.421
-0.432,-0.054,-0.657,-14.038,-20.264,-17.395,178.385,54.481,168.052
-0.446,-0.036,-0.61,-13.916,-6.775,-19.47,178.44,55.283,169.102
-0.354,-0.016,-0.582,-22.339,-13.55,-18.005,178.38,55.8,170.53
-0.674,0.075,-0.866,-24.353,-15.381,-20.081,177.896,56.761,171.848
-0.846,0.159,-1.055,-22.766,-0.061,-23.499,177.539,57.288,173.578
-0.725,0.212,-1.174,-31.616,28.992,-10.864,176.885,56.327,175.182
-0.7,0.37,-1.247,-16.479,36.987,-6.714,175.759,55.047,175.869
-0.395,0.308,-1.113,-4.272,30.09,-7.568,175.518,53.212,176.457
-0.346,0.209,-0.906,-2.014,0.61,-12.39,175.6,52.663,176.907
-0.414,0.19,-0.773,-3.54,-12.634,-15.32,175.501,53.108,177.209
-0.5,0.157,-0.687,-7.385,-14.038,-16.968,175.534,53.888,177.896
-0.466,0.175,-0.686,-8.484,6.042,-10.864,175.32,54.152,178.572
-0.378,0.214,-0.691,-9.46,7.996,-4.15,174.913,53.855,179.028
-0.447,0.263,-0.733,-7.141,4.639,5.798,174.265,53.608,178.984
-0.355,0.301,-0.726,0.183,11.169,5.188,173.65,53.119,178.599
-0.267,0.223,-0.688,18.738,-6.47,-4.089,173.815,52.905,178.423
-0.305,0.086,-0.648,14.465,-30.579,-0.916,174.479,53.723,178.143
-0.532,0.055,-0.744,3.052,-29.297,-10.559,174.688,55.294,177.803
-0.942,0.084,-1.047,-13.306,-13.184,-18.982,174.765,56.591,178.583
-0.404,0.088,-0.851,-5.249,18.86,-28.931,175.012,56.25,-179.742
-0.829,0.009,-1.039,-9.705,-26.794,-20.996,175.682,56.926,-178.132
-0.779,0.168,-1.167,4.456,34.485,-1.77,175.578,56.481,-177.66
-0.348,0.005,-0.923,13.733,21.057,-6.409,176.622,54.954,-176.913
-0.353,0.038,-0.777,5.859,-21.423,13.794,176.962,55.102,-177.275
-0.557,0.094,-0.721,12.329,-25.391,24.048,176.699,56.31,-178.764
-0.551,0.013,-0.728,22.705,-5.127,18.921,176.984,56.821,-179.973
-0.523,-0.059,-0.773,18.799,0.061,10.62,177.676,56.876,179.522
-0.474,-0.091,-0.736,15.076,2.441,3.906,178.423,56.816,179.478
-0.532,-0.089,-0.782,7.385,7.385,1.831,179.099,56.673,179.714
-0.37,-0.097,-0.682,3.235,1.953,1.587,179.544,56.365,179.984
-0.45,-0.08,-0.671,-6.165,-14.954,2.075,179.703,56.777,-179.813
-0.494,-0.023,-0.697,-7.202,1.709,4.15,179.473,57.211,-179.643
-0.394,-0.02,-0.691,-10.315,-7.141,7.324,179.088,57.217,-179.615
-0.45,0.033,-0.749,-8.362,-0.061,7.263,178.555,57.508,-179.824
-0.576,0.046,-0.893,-5.31,-15.442,6.287,178.138,57.744,179.83
-0.726,0.042,-0.916,-7.263,-16.235,5.798,177.77,58.486,179.572
-0.805,0.205,-1.11,-17.273,0.0,22.278,176.561,58.656,178.819
-0.872,0.271,-1.135,-4.333,26.917,20.691,175.342,58.134,177.764
-0.443,0.292,-1.0,4.456,36.865,22.583,174.743,56.041,176.847
-0.4,0.195,-0.931,9.827,5.066,10.498,174.633,55.074,175.963
-0.504,0.151,-0.808,3.296,-7.141,4.822,174.611,55.223,175.402
-0.456,0.135,-0.672,0.61,-5.31,4.883,174.441,55.399,175.062
-0.477,0.174,-0.628,-0.305,-4.578,9.338,174.04,55.64,174.606
-0.49,0.249,-0.691,2.38,10.01,24.353,173.458,55.47,173.82
-0.353,0.268,-0.685,8.362,18.311,30.579,172.809,54.492,172.447
-0.299,0.302,-0.729,15.93,4.883,24.658,172.408,53.646,170.936
-0.317,0.222,-0.69,21.729,-14.893,11.902,172.546,53.674,169.678
-0.475,0.159,-0.703,19.287,-19.958,2.563,173.013,54.558,168.959
-0.369,0.063,-0.743,15.442,-14.954,-2.869,173.661,55.102,168.81
-0.802,0.08,-0.913,3.967,-42.725,2.38,173.925,56.711,168.519
-0.644,0.032,-0.899,11.475,5.981,-6.958,174.155,57.623,168.58
-0.935,0.001,-0.975,-4.395,7.263,-1.404,174.749,58.068,169.42
-0.638,0.089,-1.059,3.235,46.265,4.944,174.853,56.272,170.035
-0.525,0.113,-1.102,6.775,27.344,12.268,175.012,54.767,170.046
-0.352,0.043,-0.864,14.709,15.076,12.573,175.485,53.674,169.651
-0.327,0.033,-0.67,10.315,-19.775,15.137,175.776,53.74,168.788
-0.649,0.027,-0.676,13.733,-17.761,6.897,176.034,54.915,168.052
-0.417,-0.073,-0.622,13.184,16.968,-4.578,176.935,54.63,168.558
-0.342,-0.125,-0.629,4.822,7.263,-13.611,177.825,54.234,169.634
-0.4,-0.145,-0.733,-6.287,18.677,-19.775,178.566,53.745,171.123
-0.207,-0.133,-0.656,-13.55,2.93,-17.029,178.912,53.135,172.354
-0.342,-0.06,-0.645,-22.888,-20.874,-4.333,178.649,53.613,172.727
-0.613,0.059,-0.858,-21.24,-22.766,3.174,177.863,54.426,172.573
-0.881,0.173,-1.131,-8.24,12.573,4.578,176.968,55.124,172.524
-0.586,0.176,-1.166,-19.348,30.273,23.438,176.385,53.773,172.491
-0.464,0.44,-1.276,-13.428,30.579,23.193,174.644,52.262,171.227
-0.288,0.367,-1.175,3.296,5.737,4.822,174.133,51.075,170.563
-0.272,0.292,-0.919,8.362,-25.208,-0.183,174.15,51.356,170.063
-0.456,0.25,-0.766,3.174,-48.462,-12.878,174.183,53.152,169.607
-0.597,0.153,-0.683,-0.122,-29.114,-29.297,174.562,55.091,170.48
-0.533,0.198,-0.639,-6.165,-1.343,-12.634,174.666,55.816,171.519
-0.398,0.242,-0.611,-0.671,8.24,5.92,174.326,55.525,171.694
-0.342,0.272,-0.621,5.859,12.39,20.325,173.776,54.915,170.925
-0.343,0.294,-0.734,20.325,15.564,19.592,173.589,54.069,169.816
-0.229,0.233,-0.698,31.433,0.977,21.362,174.073,53.394,168.607
-0.205,0.101,-0.615,28.748,-26.55,14.282,174.749,53.86,167.212
-0.683,0.117,-0.927,14.771,-67.688,12.939,174.941,56.047,165.855
-0.857,0.001,-0.833,29.053,-14.099,11.353,175.155,58.26,164.729
-1.261,-0.19,-1.184,24.902,-27.222,1.038,176.561,59.194,164.877
-0.889,-0.119,-1.149,25.818,91.98,29.114,177.38,57.629,164.839
-0.25,-0.127,-1.055,15.564,65.735,47.668,177.797,53.481,163.663
-0.08,0.014,-0.863,10.254,7.385,40.649,177.468,51.471,161.104
-0.321,-0.01,-0.691,4.395,-37.476,25.452,177.242,52.158,158.659
-0.597,0.023,-0.699,1.831,-20.996,3.723,177.001,53.646,157.115
-0.454,-0.079,-0.693,7.141,6.409,-16.541,177.66,53.828,157.462
-0.494,-0.11,-0.719,-1.343,-0.916,-10.01,178.44,53.833,158.198
-0.461,-0.132,-0.705,-1.709,11.536,-7.263,178.923,53.63,158.703
-0.398,-0.072,-0.676,-8.545,4.944,2.319,178.967,53.333,158.747
-0.437,-0.026,-0.71,-10.071,1.892,5.188,178.665,53.311,158.45
-0.302,-0.03,-0.671,-13.123,1.038,0.732,178.314,53.19,158.264
-0.422,0.028,-0.804,-16.785,-29.297,5.188,177.654,53.932,157.725
-0.795,0.127,-1.048,-19.592,-30.884,20.02,176.462,55.47,156.583
-0.843,0.283,-1.133,-18.921,-8.972,42.908,174.529,56.107,154.666
-0.74,0.465,-1.125,0.916,23.071,53.04,172.315,55.432,151.853
-0.432,0.307,-1.052,20.813,27.832,31.311,171.892,53.597,150.029
-0.351,0.269,-0.897,18.127,-1.709,34.973,171.876,52.712,148.222
-0.381,0.182,-0.724,22.339,-21.362,29.48,171.887,52.932,146.168
-0.485,0.195,-0.688,20.874,-14.038,39.001,171.777,53.569,143.937
-0.354,0.21,-0.591,24.658,-9.583,53.223,171.464,53.58,141.218
-0.37,0.261,-0.574,28.503,-22.827,62.256,170.903,53.822,137.758
-0.522,0.316,-0.664,32.288,-7.751,67.383,170.261,54.047,133.94
-0.319,0.274,-0.597,41.809,-11.719,54.321,170.134,53.679,130.573
-0.501,0.183,-0.745,35.034,-26.489,39.49,170.365,54.322,127.793
-0.871,0.258,-0.903,35.645,-7.812,54.443,170.288,55.146,124.838
-0.816,0.061,-1.086,60.303,10.01,56.763,171.244,54.382,121.761
-0.919,-0.079,-1.178,64.636,41.199,65.979,172.782,53.201,117.757
-0.304,-0.266,-1.048,60.12,52.063,70.496,174.902,49.889,113.258
-0.124,-0.184,-0.85,25.879,-6.042,85.571,175.424,48.527,107.43
-0.402,0.001,-0.75,18.921,-37.964,71.045,174.941,49.274,101.624
-0.622,0.043,-0.737,29.602,-19.47,63.171,174.814,50.229,96.372
-0.467,-0.093,-0.752,40.588,-4.395,56.091,175.545,50.186,91.5
-0.418,-0.189,-0.788,31.555,-10.193,54.077,176.462,50.251,86.951
-0.514,-0.252,-0.937,25.452,-0.366,39.673,177.133,50.35,82.804
-0.748,-0.146,-1.159,-11.963,-19.958,51.331,177.028,50.246,79.063
-0.624,0.148,-0.917,-17.273,2.197,56.58,175.106,50.696,74.394
-0.209,0.188,-0.692,-13.367,18.982,52.063,173.524,49.565,70.197
-0.291,0.346,-0.787,-6.531,-18.738,47.974,171.964,49.087,66.379
-0.593,0.375,-0.943,13.55,2.869,59.143,170.793,49.312,62.474
-0.375,0.292,-0.939,33.142,31.006,66.65,170.623,47.725,58.381
-0.236,0.249,-0.929,45.654,13.062,79.59,171.189,45.923,53.937
-0.327,0.204,-0.877,48.828,-2.625,95.215,171.733,45.055,48.488
-0.297,0.166,-0.805,42.603,-7.996,100.647,172.106,44.412,42.501
-0.314,0.225,-0.805,36.804,-7.996,95.947,172.156,44.011,36.48
-0.32,0.297,-0.886,33.997,-5.615,99.731,172.084,43.495,30.542
-0.268,0.316,-0.905,41.321,-4.028,99.792,172.073,42.852,24.423
-0.215,0.213,-0.962,35.706,-3.723,85.632,172.343,42.226,18.918
-0.454,0.164,-1.052,25.757,-18.982,88.44,172.354,42.226,13.716
-0.392,0.095,-1.002,41.626,-9.766,72.693,172.551,42.045,8.52
-0.227,-0.062,-0.793,45.837,-20.081,59.875,173.804,42.209,4.438
-0.48,-0.083,-0.834,39.124,-32.41,64.819,174.924,43.308,0.423
-0.488,-0.123,-0.876,33.691,15.808,69.031,175.842,43.44,-3.702
-0.246,-0.085,-0.881,21.973,16.846,70.496,176.38,42.209,-7.778
-0.228,-0.011,-0.892,17.517,-9.033,63.721,176.594,41.677,-11.585
-0.395,0.022,-0.899,22.461,-12.634,61.646,176.797,42.122,-15.222
-0.341,-0.042,-0.893,29.419,-7.141,52.063,177.429,42.325,-18.539
-0.339,-0.091,-0.876,25.574,-11.597,47.302,178.193,42.665,-21.445
-0.367,-0.127,-0.866,13.55,-13.184,41.077,178.649,43.237,-23.989
-0.366,-0.068,-0.872,3.174,-9.399,32.959,178.588,43.715,-26.153
-0.393,-0.064,-0.888,-1.221,-10.071,22.949,178.412,44.209,-27.74
-0.318,-0.043,-0.891,-5.188,-7.69,16.785,178.105,44.555,-28.987
-0.296,0.072,-1.122,-1.099,-20.203,5.676,177.924,45.22,-29.674
-0.495,0.061,-0.956,6.592,-32.166,23.071,177.951,46.917,-30.778
-0.214,0.033,-0.824,-4.639,-5.615,17.944,177.676,47.329,-32.173
-0.614,0.186,-0.945,-30.64,-39.429,21.606,176.418,48.631,-33.431
-0.553,0.287,-0.965,-16.846,28.442,7.141,174.842,48.735,-34.601
-0.281,0.244,-0.937,0.793,26.611,-2.136,174.408,47.263,-34.942
-0.187,0.133,-0.861,8.667,9.827,-1.343,174.749,46.384,-35.046
-0.284,0.122,-0.846,5.798,-5.432,10.315,174.891,46.252,-35.629
-0.297,0.092,-0.819,4.639,5.676,6.47,174.919,46.126,-36.387
-0.276,0.11,-0.85,-0.916,4.333,7.751,174.88,45.753,-36.881
-0.222,0.168,-0.855,-2.38,14.038,15.686,174.562,45.143,-37.612
-0.195,0.27,-0.822,1.221,-0.977,21.79,174.095,44.517,-38.765
-0.282,0.232,-0.773,8.484,-2.136,23.682,173.842,44.379,-40.243
-0.227,0.237,-0.845,9.583,-5.31,23.499,173.65,44.297,-41.874
-0.23,0.237,-0.884,10.498,-12.268,20.813,173.551,44.473,-43.423
-0.153,0.189,-0.788,11.292,-27.71,15.625,173.573,45.181,-44.769
-0.243,0.197,-0.767,4.333,-50.049,19.043,173.287,46.884,-46.236
-0.699,0.224,-0.989,1.648,-60.486,15.259,172.678,49.488,-47.933
-1.01,0.17,-1.097,7.69,-9.583,7.141,172.403,51.235,-49.219
-0.291,0.018,-0.881,12.451,14.343,-10.864,173.172,50.603,-49.125
-0.806,0.14,-1.142,-3.784,-17.334,16.479,172.985,51.641,-49.724
-0.506,0.087,-1.092,15.381,45.654,5.31,173.194,50.674,-50.361
-0.1,0.033,-0.925,15.991,14.709,-1.892,174.238,48.983,-50.147
-0.293,0.047,-0.797,4.883,-39.429,9.033,174.749,49.603,-50.35
-0.577,0.084,-0.737,8.667,-34.119,4.089,174.803,51.465,-51.01
-0.485,0.006,-0.672,12.268,-8.484,-6.897,175.435,52.476,-51.081
-0.554,-0.021,-0.767,6.348,-7.935,-12.451,176.243,52.993,-50.636
-0.522,-0.065,-0.806,0.916,5.798,-17.578,177.045,53.212,-49.757
-0.445,-0.036,-0.774,-1.831,4.944,-19.104,177.66,53.13,-48.697
-0.381,-0.018,-0.761,-1.892,6.958,-12.329,178.171,52.971,-47.752
-0.381,-0.021,-0.763,-1.465,5.005,-9.46,178.55,52.828,-47.131
-0.268,-0.035,-0.757,-7.507,1.892,-13.123,178.819,52.531,-46.379
-0.261,-0.004,-0.688,-16.785,-22.705,-19.104,178.693,53.24,-45.428
-0.439,0.012,-0.792,-21.057,-39.734,-30.823,178.649,54.767,-43.819
-0.844,0.124,-1.034,-15.503,-28.381,-29.419,178.583,56.635,-42.215
-0.624,0.114,-0.9,-4.517,-8.362,-19.531,178.945,57.491,-41.045
-0.721,0.177,-0.927,-6.287,-45.288,-3.052,178.852,58.689,-40.88
-0.969,0.158,-0.985,-2.93,13.062,0.671,178.665,59.936,-41.232
-0.592,0.177,-0.894,-6.775,25.146,3.052,178.231,58.815,-41.792
-0.42,0.184,-0.785,-6.775,5.066,-12.573,177.962,58.112,-41.852
-0.468,0.184,-0.691,-2.197,-12.634,-15.076,178.017,58.436,-41.396
-0.457,0.154,-0.63,3.54,-9.277,-11.292,178.27,59.079,-41.116
-0.454,0.159,-0.639,3.601,-11.963,-5.371,178.412,59.639,-41.221
-0.485,0.197,-0.635,0.916,-13.489,6.531,178.187,60.298,-41.858
-0.536,0.235,-0.668,1.77,-11.047,15.93,177.457,60.87,-43.275
-0.407,0.237,-0.579,7.324,-10.376,3.906,176.913,61.32,-44.626
-0.457,0.197,-0.564,12.634,-34.729,-5.188,177.023,62.562,-45.396
-0.865,0.116,-0.849,10.498,-37.476,-11.719,177.512,64.358,-45.643
-0.987,0.02,-1.019,8.545,-2.502,-18.005,178.138,65.435,-45.412
-0.645,-0.177,-0.953,15.198,-5.005,-47.791,-179.786,65.522,-43.358
-1.065,-0.29,-1.004,-6.531,-2.075,-42.542,-177.27,66.44,-40.106
-0.635,-0.208,-0.906,-9.338,27.466,-28.015,-176.138,65.336,-37.985
-0.387,-0.176,-0.762,-27.832,-5.737,-15.625,-175.93,64.715,-36.453
-0.659,0.037,-0.698,-30.823,-19.958,-17.944,-176.677,65.616,-35.261
-0.502,0.004,-0.63,-10.559,-9.949,-36.926,-176.325,66.094,-33.415
-0.583,-0.057,-0.634,-3.479,-19.104,-45.532,-174.71,66.682,-30.663
-0.772,-0.173,-0.73,0.916,-2.075,-36.255,-172.733,67.181,-27.905
-0.529,-0.218,-0.677,-0.916,13.245,-26.123,-171.332,66.528,-26.076
-0.547,-0.23,-0.654,-4.15,-9.949,-10.071,-170.398,66.335,-24.791
-0.615,-0.184,-0.633,-0.366,-7.69,1.709,-170.118,66.693,-24.467
-0.529,-0.175,-0.542,-0.366,-1.16,7.874,-170.074,66.835,-24.736
-0.53,-0.168,-0.592,-2.991,-10.681,7.935,-170.261,67.121,-25.236
-0.545,-0.149,-0.558,-9.033,-10.193,9.827,-170.64,67.687,-25.631
-0.57,-0.09,-0.596,-7.324,-17.334,14.038,-171.255,68.423,-26.268
-0.998,-0.008,-0.822,-2.075,-13.428,10.437,-171.953,69.423,-27.12
-0.942,-0.071,-0.898,14.893,0.183,1.099,-171.678,69.538,-27.625
-0.942,-0.065,-0.842,-2.014,-9.155,23.865,-171.777,70.071,-28.564
-0.867,0.159,-0.822,0.916,-4.578,28.076,-173.589,70.433,-31.053
-0.892,0.086,-0.765,1.404,-0.366,18.677,-174.578,70.703,-32.86
-0.776,0.088,-0.641,-0.854,9.155,22.217,-175.858,70.51,-34.821
-0.708,0.132,-0.584,-0.366,17.822,21.423,-177.281,69.966,-36.903
-0.67,0.125,-0.604,2.38,25.085,16.907,-178.374,69.044,-38.727
-0.528,0.114,-0.536,1.038,27.283,15.991,-179.16,67.835,-40.232
-0.625,0.222,-0.642,-0.793,26.245,20.63,179.687,66.649,-41.979
-0.46,0.213,-0.558,7.202,50.476,20.203,178.77,64.786,-43.687
-0.355,0.236,-0.579,15.076,20.63,21.79,178.204,62.919,-45.494
-0.603,0.176,-0.667,25.33,8.301,28.992,177.885,62.419,-47.686
-0.402,0.064,-0.651,20.813,20.508,25.696,177.764,61.474,-49.818
-0.847,0.016,-0.927,13.977,-12.512,30.396,177.358,61.441,-51.812
-0.711,0.001,-0.97,15.564,17.7,33.691,176.797,60.996,-53.926
-0.856,-0.081,-1.0,17.7,-8.85,22.339,176.924,60.848,-55.404
-0.645,-0.063,-0.958,13.306,16.174,2.991,177.44,60.255,-55.854
-0.681,-0.001,-0.97,-5.859,15.442,-0.488,177.682,59.766,-55.596
-0.436,-0.012,-0.815,-6.775,20.508,-18.494,178.017,58.7,-54.564
-0.419,0.033,-0.722,-11.353,-1.343,-18.433,178.325,58.409,-53.141
-0.517,0.031,-0.694,-0.549,-3.479,-14.282,178.671,58.661,-52.053
-0.519,-0.077,-0.717,6.165,3.906,-19.775,179.561,58.607,-50.916
-0.625,-0.178,-0.82,-1.16,5.554,-27.466,-179.291,58.425,-49.252
-0.434,-0.125,-0.685,-7.324,12.268,-21.667,-178.5,58.118,-47.499
-0.473,-0.051,-0.711,-4.639,-6.348,-9.583,-178.077,58.024,-46.335
-0.463,-0.071,-0.697,-1.16,10.498,-4.333,-177.726,57.997,-45.676
-0.388,-0.104,-0.729,-7.507,10.376,-7.141,-177.589,57.437,-45.214
-0.269,-0.173,-0.679,-16.418,5.31,-25.635,-177.407,56.92,-43.967
-0.265,-0.193,-0.659,-37.231,-27.039,-28.625,-177.44,57.25,-41.819
-0.818,0.048,-0.821,-51.086,-56.58,-13.428,-178.665,59.469,-40.106
-0.784,0.274,-0.773,-21.973,-15.686,-3.54,179.819,61.249,-39.644
-0.999,0.369,-1.083,-12.085,-10.803,21.973,178.682,61.853,-40.512
-0.748,0.335,-1.011,16.052,25.452,19.653,177.885,61.309,-42.292
-0.546,0.201,-0.999,17.456,12.512,9.827,178.044,60.227,-43.467
-0.646,0.077,-0.919,5.066,-2.075,-7.019,178.407,60.2,-43.665
-0.559,0.14,-0.765,-3.845,2.563,-1.892,178.319,60.09,-43.555
-0.551,0.161,-0.675,-2.625,-3.052,7.69,177.841,60.145,-44.011
-0.503,0.196,-0.594,2.319,6.287,12.939,177.237,60.035,-44.956
-0.332,0.184,-0.552,5.432,6.165,13.0,176.77,59.584,-46.071
-0.366,0.17,-0.597,7.141,-1.526,9.705,176.424,59.442,-47.054
-0.448,0.125,-0.629,3.174,-17.456,6.836,176.138,59.832,-47.933
-0.498,0.14,-0.686,-2.747,-5.249,-4.211,175.732,60.43,-48.417
-0.903,0.154,-1.019,-5.981,-13.794,-3.723,175.523,60.996,-48.307
-0.626,0.098,-0.93,12.756,9.155,-9.583,175.583,61.084,-48.285
-1.063,-0.033,-1.07,5.127,-2.441,-5.554,176.583,61.403,-47.648
-0.676,-0.011,-1.083,10.742,57.129,0.854,177.231,59.667,-47.258
-0.313,0.024,-1.029,-0.183,32.471,18.921,177.407,57.338,-47.466
-0.231,0.11,-0.792,3.174,-16.541,10.376,177.028,56.898,-48.159
-0.492,0.032,-0.658,2.93,-39.307,-4.028,177.22,58.42,-48.087
-0.688,0.037,-0.683,7.202,-9.033,-10.071,177.654,59.562,-47.62
-0.527,-0.042,-0.664,11.841,12.268,-9.094,178.621,59.26,-46.912
-0.521,-0.07,-0.73,10.864,15.991,-5.92,179.533,58.683,-46.34
-0.449,-0.108,-0.763,6.836,16.357,-3.967,-179.654,57.854,-45.802
-0.41,-0.095,-0.719,2.747,1.587,-3.723,-179.193,57.486,-45.368
-0.365,-0.144,-0.583,-2.258,-15.686,-4.272,-178.742,57.887,-44.764
-0.496,-0.055,-0.578,-15.259,-20.752,6.409,-179.022,58.898,-44.511
-0.472,0.017,-0.608,-12.939,0.61,8.057,-179.797,59.535,-44.764
-0.577,0.046,-0.867,-13.611,-10.254,5.005,179.55,59.529,-44.978
-0.688,0.12,-1.062,-13.184,-7.751,6.165,178.792,59.958,-45.165
-1.024,0.272,-1.364,-12.512,-27.039,27.344,177.572,60.749,-46.126
-0.845,0.352,-1.174,18.433,22.949,28.625,176.199,60.93,-48.362
-0.444,0.068,-0.94,15.869,0.854,5.127,176.693,59.87,-49.345
-0.619,0.108,-0.872,-4.883,-19.043,-12.146,176.781,60.48,-49.301
-0.607,0.049,-0.746,-11.841,-13.245,-19.043,176.94,61.227,-48.301
-0.612,0.133,-0.657,-18.738,-12.695,-1.831,176.32,61.902,-47.856
-0.597,0.215,-0.608,-11.475,-2.014,14.832,175.166,62.205,-48.56
-0.455,0.285,-0.522,2.563,2.93,22.4,174.018,62.007,-50.103
-0.455,0.226,-0.543,18.25,1.282,16.541,173.666,61.87,-51.658
-0.476,0.165,-0.596,18.372,3.418,14.221,173.82,61.705,-52.921
-0.435,0.18,-0.631,18.372,15.503,14.038,173.914,61.068,-54.108
-0.345,0.128,-0.62,13.0,-3.906,4.028,174.227,60.688,-54.8
-0.569,0.138,-0.826,3.296,-13.062,1.16,174.216,61.161,-55.162
-0.734,0.12,-0.925,9.094,-16.724,1.831,174.122,61.859,-55.574
-1.217,-0.036,-1.229,17.029,-8.057,-8.423,174.858,62.809,-55.547
-0.832,-0.092,-1.09,11.047,52.795,-12.573,176.155,61.754,-54.641
-0.5,-0.083,-1.02,-9.338,28.992,8.484,176.836,59.656,-53.855
-0.438,0.146,-0.851,-10.132,0.549,25.94,175.737,58.887,-54.717
-0.469,0.144,-0.672,2.441,-23.071,22.766,174.82,59.282,-56.096
-0.594,0.099,-0.606,9.033,-18.066,10.132,174.485,60.244,-57.178
-0.537,0.009,-0.567,9.094,1.648,-1.526,174.836,60.601,-57.431
-0.641,-0.032,-0.677,2.686,14.404,-12.756,175.507,60.403,-56.832
-0.455,-0.055,-0.625,0.244,17.517,-19.47,176.418,59.623,-55.503
-0.452,-0.062,-0.607,-6.653,3.784,-11.047,177.028,59.469,-54.311
-0.446,0.047,-0.607,-9.705,2.991,5.31,176.786,59.392,-54.053
-0.362,0.068,-0.583,-4.456,3.235,8.667,176.369,59.277,-54.382
-0.525,0.142,-0.784,-5.676,-17.944,5.737,175.88,59.59,-54.789
-0.691,0.147,-0.92,0.854,-13.367,2.197,175.693,60.392,-55.014
-0.897,0.201,-1.189,-0.916,-10.01,9.338,175.309,60.859,-55.602
-0.968,0.315,-1.282,6.287,54.016,13.245,174.798,60.43,-56.393
-0.38,0.271,-1.178,10.803,46.387,13.977,174.919,57.42,-56.959
-0.323,0.199,-0.951,5.066,-8.362,2.808,175.073,56.442,-57.382
-0.463,0.154,-0.753,7.141,-26.55,-12.329,175.204,57.305,-57.36
-0.538,0.09,-0.644,4.7,-15.991,-14.954,175.814,58.398,-56.678
-0.401,0.107,-0.575,4.639,4.578,-0.793,176.182,58.563,-56.294
-0.282,0.164,-0.522,5.859,4.272,15.137,176.028,58.239,-56.876
-0.289,0.203,-0.578,10.071,-4.028,29.297,175.501,57.892,-58.381
-0.332,0.204,-0.505,17.7,-19.165,28.32,174.847,58.277,-60.579
-0.41,0.123,-0.54,20.569,-23.621,18.616,174.683,59.139,-62.446
-0.94,0.101,-0.882,12.878,-30.945,26.794,174.485,60.364,-64.133
-0.768,0.057,-0.957,23.193,-0.061,16.357,174.342,60.628,-65.731
-1.149,-0.143,-1.381,23.682,-11.414,-8.911,175.759,60.925,-65.511
-0.809,-0.058,-1.27,8.545,49.072,13.367,176.38,59.766,-65.424
-0.415,-0.068,-1.067,-2.93,12.695,15.076,176.402,58.123,-65.753
-0.443,0.097,-0.779,-9.155,-19.531,9.827,175.715,58.475,-66.176
-0.496,0.049,-0.651,0.0,-18.311,-1.892,175.567,59.387,-66.127
-0.459,-0.004,-0.557,0.244,-2.38,-12.512,175.88,59.914,-65.506
-0.426,-0.106,-0.515,-1.16,1.648,-20.264,176.693,60.002,-64.155
-0.454,-0.077,-0.502,-12.939,-9.216,-9.827,177.171,60.244,-62.847
-0.495,-0.018,-0.499,-10.376,2.136,-6.226,177.028,60.694,-62.117
-0.516,0.027,-0.604,-13.855,8.911,4.333,176.814,60.491,-61.688
-0.375,0.068,-0.646,-2.686,26.184,-0.732,176.451,59.821,-61.611
-0.482,0.086,-0.852,-8.484,-7.202,-1.892,176.594,59.255,-61.128
-0.822,0.193,-0.962,-7.446,-15.625,8.484,176.072,59.914,-61.265
-1.018,0.34,-1.331,-9.46,13.672,27.283,174.946,59.788,-62.38
-0.655,0.309,-1.347,5.737,30.518,18.616,174.227,58.239,-63.616
-0.421,0.199,-1.087,-0.122,-15.259,11.414,173.914,57.81,-64.363
-0.506,0.199,-0.779,0.122,-44.861,9.705,173.249,59.326,-65.286
-0.506,0.185,-0.496,7.507,-47.852,14.954,172.65,61.381,-66.539
-0.592,0.215,-0.406,20.325,-48.584,27.466,172.051,63.484,-68.582
-0.649,0.176,-0.375,36.621,-21.301,41.321,171.628,64.896,-71.521
-0.554,0.118,-0.418,38.086,-5.92,46.265,171.326,65.143,-74.822
-0.557,0.1,-0.496,30.029,-5.798,38.818,171.052,65.187,-77.706
-0.409,0.138,-0.445,23.804,-7.507,29.358,170.766,65.231,-79.909
-0.55,0.161,-0.439,28.32,-32.898,32.41,170.349,66.237,-82.26
-0.94,0.216,-0.454,27.527,-29.541,56.03,169.349,68.082,-85.721
-0.9,0.012,-0.868,55.908,21.606,50.842,169.156,67.775,-89.127
-1.156,0.22,-1.001,35.339,16.235,88.379,168.415,66.879,-93.246
-0.616,0.08,-0.883,88.379,37.17,53.955,169.151,64.27,-96.817
-0.864,-0.017,-1.069,75.623,41.565,84.656,170.986,62.314,-100.096
-0.308,-0.134,-0.789,78.735,58.838,77.698,172.562,58.804,-103.837
-0.118,-0.211,-0.652,45.41,5.371,70.679,173.798,56.689,-107.062
-0.467,-0.06,-0.628,24.414,-35.156,41.748,173.875,57.535,-109.506
-0.644,-0.073,-0.691,26.001,0.793,30.334,174.446,58.211,-110.572
-0.54,-0.121,-0.721,26.489,1.648,31.189,175.062,57.909,-111.605
-0.559,-0.122,-0.806,24.17,7.935,31.372,175.743,57.651,-112.456
-0.496,-0.165,-0.816,28.625,-2.441,31.738,176.44,57.524,-113.456
-0.551,-0.181,-0.833,16.113,-14.709,35.217,176.885,57.936,-114.56
-0.909,-0.051,-0.937,-7.019,-40.161,35.278,176.16,59.546,-115.922
-0.645,0.151,-0.842,-7.812,7.996,38.33,174.803,60.167,-117.328
-0.337,0.312,-0.793,8.606,28.259,41.443,173.65,59.013,-118.965
-0.243,0.334,-0.836,31.86,3.662,56.396,173.205,57.651,-121.295
-0.427,0.147,-0.938,42.908,0.305,52.124,173.271,57.025,-124.492
-0.431,0.081,-0.928,38.147,4.333,40.405,173.743,56.36,-126.958
-0.375,0.01,-0.807,34.912,-8.789,44.067,174.457,55.854,-128.925
-0.553,0.087,-0.806,27.954,-19.287,62.195,174.32,56.157,-131.776
-0.542,0.096,-0.784,34.729,0.0,67.688,173.936,56.063,-135.181
-0.506,0.105,-0.815,35.522,-1.892,70.129,173.71,55.574,-138.647
-0.427,0.14,-0.773,32.043,-8.606,74.707,173.287,55.234,-142.339
-0.495,0.213,-0.789,33.752,-16.541,80.505,172.584,55.3,-146.464
-0.467,0.273,-0.806,43.213,-15.259,82.642,171.925,55.278,-150.985
-0.594,0.195,-0.936,49.988,-28.564,81.543,171.788,55.558,-155.446
-0.771,0.154,-1.016,47.363,-28.748,92.224,171.277,56.272,-160.433
-0.555,0.087,-0.837,51.025,-4.761,82.581,170.87,56.327,-165.13
-0.504,0.06,-0.751,55.969,-28.198,67.688,171.42,56.426,-168.739
-0.743,-0.006,-0.838,68.298,-8.118,69.214,172.37,56.981,-172.266
-0.56,-0.116,-0.819,59.082,35.217,76.538,173.568,55.684,-175.501
-0.311,-0.084,-0.777,40.833,37.231,81.787,174.194,53.344,-178.742
-0.308,-0.011,-0.802,33.691,3.967,69.58,174.276,51.921,177.858
-0.42,-0.038,-0.813,35.034,3.906,48.462,174.82,51.509,175.325
-0.432,-0.107,-0.865,35.706,8.545,37.17,175.809,51.015,173.644
-0.337,-0.185,-0.903,24.109,4.761,34.546,176.863,50.422,172.392
-0.31,-0.169,-0.897,13.245,-13.855,35.217,177.319,50.477,170.914
-0.373,-0.106,-0.873,0.793,-22.888,33.447,177.177,51.218,169.184
-0.583,-0.036,-1.041,-6.348,-34.546,19.592,176.715,52.295,167.849
-0.492,0.061,-0.844,-13.0,-3.845,13.672,176.006,53.284,167.256
-0.227,0.141,-0.759,-25.513,-15.991,19.409,174.88,53.223,166.69
-0.797,0.35,-0.949,-25.513,-28.076,20.203,172.749,54.739,165.328
-0.582,0.242,-0.974,2.747,39.551,-7.996,172.419,53.784,165.751
-0.323,0.165,-0.961,3.479,26.245,-5.92,172.958,52.256,166.893
-0.25,0.199,-0.809,3.967,-5.066,8.545,173.013,51.757,166.899
-0.408,0.183,-0.781,9.949,-13.916,7.08,173.029,52.229,166.366
-0.367,0.147,-0.708,13.916,-1.709,6.714,173.37,52.383,166.069
-0.363,0.136,-0.741,8.606,0.916,16.235,173.611,52.256,165.613
-0.303,0.201,-0.761,8.911,8.545,27.527,173.381,51.702,164.542
-0.245,0.245,-0.732,12.329,-11.414,29.297,173.051,51.345,162.988
-0.396,0.22,-0.754,15.686,-27.283,22.949,172.826,51.987,161.307
-0.466,0.165,-0.756,15.137,-22.034,9.216,172.886,53.02,160.203
-0.409,0.128,-0.794,9.766,-23.56,1.038,173.188,53.954,159.911
-0.671,0.145,-0.948,4.639,-45.105,4.944,173.167,55.585,159.516
-0.723,0.076,-0.844,9.277,-21.667,-0.305,173.161,57.519,159.175
-0.983,0.024,-0.99,1.343,-38.269,-0.427,173.535,58.898,159.467
-0.865,0.087,-1.042,10.864,30.09,3.479,173.622,58.898,159.593
-0.515,0.004,-0.963,4.7,32.104,8.24,174.271,57.228,160.142
-0.395,0.107,-0.856,0.732,16.479,20.264,173.974,56.063,159.604
-0.339,0.071,-0.696,2.38,-2.686,12.817,173.771,55.679,158.873
-0.524,0.094,-0.7,4.944,-9.949,5.371,173.71,56.085,158.428
-0.575,0.026,-0.775,12.939,10.986,-5.005,174.348,55.959,158.692
-0.57,-0.035,-0.833,13.611,16.785,-13.916,175.512,55.426,159.719
-0.43,-0.07,-0.811,4.7,18.555,-4.944,176.49,54.646,160.675
-0.44,-0.032,-0.829,-1.038,25.574,2.136,176.891,53.723,161.109
-0.334,0.035,-0.818,-4.028,19.714,11.23,176.797,52.537,160.939
-0.262,0.023,-0.751,-2.075,8.484,-2.625,176.726,51.746,160.719
-0.378,-0.01,-0.733,-9.338,-13.428,-18.066,176.88,51.943,161.219
-0.295,-0.057,-0.629,-13.245,-15.808,-26.245,177.1,52.597,162.378
-0.398,0.013,-0.617,-25.208,-32.654,-15.137,176.847,53.97,163.389
-0.582,0.176,-0.753,-21.118,-33.63,1.831,175.963,55.508,163.652
-0.886,0.282,-0.992,-6.47,-13.916,18.616,174.897,56.898,163.032
-0.511,0.36,-0.999,2.93,17.578,33.02,173.919,56.168,161.686
-1.088,0.384,-1.249,23.621,12.451,27.405,173.546,56.168,160.032
-0.452,0.218,-1.146,28.748,75.012,7.935,174.611,52.954,159.824
-0.056,0.108,-0.922,11.292,26.978,5.31,175.419,50.51,159.911
-0.267,0.106,-0.77,-3.662,-44.495,0.305,175.215,51.273,159.373
-0.572,0.136,-0.645,-7.69,-37.292,-4.456,174.732,53.438,159.044
-0.422,0.215,-0.574,-4.089,-11.902,5.615,174.21,54.311,158.846
-0.476,0.251,-0.619,6.531,-15.442,19.47,173.705,54.943,158.038
-0.415,0.263,-0.635,14.465,-7.935,33.142,173.15,55.173,156.429
-0.528,0.268,-0.702,21.24,-0.183,29.419,172.771,55.283,154.627
-0.307,0.212,-0.627,25.146,-2.075,16.846,172.996,54.992,153.419
-0.527,0.136,-0.875,15.503,-21.851,6.836,173.353,55.58,152.617
-0.683,0.111,-0.853,6.165,4.456,4.822,173.447,56.415,152.161
-0.9,0.066,-1.169,2.991,-10.62,0.0,173.699,56.426,152.298
-0.834,0.035,-1.162,20.081,33.386,-12.146,174.227,56.316,152.639
-0.345,-0.115,-0.983,13.184,40.222,-9.277,176.001,54.174,154.061
-0.414,0.05,-0.969,-7.507,8.24,23.682,175.919,53.185,153.495
-0.309,0.098,-0.831,3.662,14.343,8.545,175.605,52.366,152.501
-0.325,0.066,-0.761,5.737,-10.498,-2.075,175.963,52.3,152.271
-0.526,0.021,-0.805,13.0,-1.038,-6.47,176.605,52.646,152.292
-0.389,-0.076,-0.866,16.296,14.526,-12.634,177.792,52.081,152.842
-0.472,-0.132,-0.9,8.24,1.343,-9.705,178.835,51.872,153.331
-0.421,-0.087,-0.803,3.052,4.7,-0.854,179.407,51.735,153.463
-0.465,-0.03,-0.835,6.836,2.869,7.385,179.731,51.575,153.067
-0.384,-0.035,-0.82,8.667,15.625,9.155,-179.835,51.021,152.545
-0.251,-0.028,-0.734,2.136,2.808,6.47,-179.67,50.488,151.875
-0.324,-0.076,-0.725,-7.629,-12.512,-14.343,-179.522,50.68,151.831
-0.315,-0.031,-0.633,-17.029,-15.259,-25.513,-179.533,51.339,152.677
-0.321,-0.022,-0.582,-21.912,-28.015,-26.184,-179.615,52.377,153.99
-0.638,0.099,-0.801,-22.522,-31.189,-12.329,179.857,53.943,154.973
-0.612,0.173,-0.908,-0.916,-18.555,-6.958,179.451,55.113,155.49
-0.781,0.168,-1.062,1.648,-12.695,-4.333,179.67,55.92,155.962
-0.938,0.123,-1.186,6.104,19.348,-12.024,179.984,56.091,156.583
-0.498,0.128,-1.095,-3.723,41.138,-13.062,-179.676,54.349,157.654
-0.397,0.103,-1.031,-3.967,-0.549,-20.508,-179.55,53.514,158.67
-0.589,0.045,-0.874,-7.141,-9.46,-29.907,-179.214,54.075,160.192
-0.478,0.043,-0.744,-12.573,-0.854,-21.118,-179.077,54.229,161.746
-0.431,0.091,-0.653,-11.902,-3.357,-9.888,-179.429,54.421,162.631
-0.407,0.135,-0.632,-11.414,6.592,2.747,179.94,54.371,162.905
-0.344,0.185,-0.647,-4.456,5.981,10.437,179.182,53.965,162.614
-0.387,0.193,-0.632,4.333,-4.028,16.235,178.594,54.014,161.911
-0.375,0.129,-0.63,9.277,-1.892,7.629,178.33,54.141,161.219
-0.369,0.108,-0.783,4.944,-1.587,0.122,178.286,54.179,161.076
-0.67,0.071,-1.046,2.136,-11.536,3.418,178.237,54.69,161.043
-0.377,-0.047,-0.939,7.507,-1.709,-11.78,178.478,54.943,161.241
-1.183,-0.065,-1.273,-5.92,-28.503,-1.648,178.995,56.008,161.878
-0.484,-0.076,-1.156,13.306,62.439,-7.874,179.346,54.503,162.246
-0.131,-0.101,-0.961,-1.038,-2.197,3.479,-179.912,52.833,162.79
-0.461,0.05,-0.793,-7.385,-41.748,22.4,179.467,54.047,161.785
-0.6,0.073,-0.692,0.366,-15.686,14.282,178.77,55.443,160.576
-0.475,0.029,-0.681,5.127,-5.92,1.221,178.813,55.734,160.351
-0.539,-0.044,-0.727,7.263,0.122,-7.019,179.341,56.025,160.818
-0.474,-0.093,-0.737,-1.77,5.31,-5.615,179.775,55.865,161.483
-0.398,-0.069,-0.684,-7.812,9.155,-11.597,179.934,55.563,162.318
-0.415,-0.033,-0.717,-9.949,4.822,-14.893,-179.929,55.3,163.433
-0.462,-0.021,-0.725,-5.737,-0.488,-14.221,-179.709,55.256,164.548
-0.328,-0.048,-0.641,-3.784,4.822,-11.902,-179.346,55.135,165.613
-0.314,0.006,-0.656,-10.681,-7.935,1.831,-179.456,55.3,166.086
-0.572,0.055,-0.898,-8.667,-18.921,0.305,179.995,55.931,165.987
-0.69,0.031,-0.911,-11.841,-9.521,-12.39,179.824,56.711,166.608
-0.751,0.157,-1.285,-14.038,-1.831,-10.01,179.412,56.547,167.503
-0.763,0.104,-1.22,-6.409,28.076,-13.0,179.319,56.31,168.497
-0.363,0.121,-1.068,-13.123,11.353,-1.831,179.066,55.058,169.25
-0.535,0.143,-0.941,-15.32,-18.921,-3.723,178.325,55.36,169.42
-0.556,0.139,-0.8,-10.315,-14.038,-15.076,177.83,56.162,170.035
-0.543,0.107,-0.718,-10.193,-9.888,-9.033,177.654,56.75,170.969
-0.504,0.145,-0.652,-10.559,-4.089,2.38,177.111,57.101,171.37
-0.481,0.191,-0.644,-5.554,4.028,7.751,176.38,57.085,171.293
-0.405,0.2,-0.618,1.221,9.46,10.437,175.875,56.684,171.068
-0.374,0.212,-0.619,10.132,5.127,16.602,175.562,56.25,170.541
-0.396,0.224,-0.652,17.944,-5.798,26.672,175.303,56.135,169.327
-0.465,0.174,-0.657,24.048,-11.353,20.325,175.347,56.47,167.986
-0.47,0.118,-0.743,24.597,-4.272,7.812,175.897,56.766,167.404
-0.773,0.015,-0.987,20.874,-1.892,1.16,176.754,56.986,167.448
-0.613,-0.081,-0.977,9.521,-6.409,-5.615,177.49,57.09,167.953
-1.023,-0.096,-1.183,1.16,-30.762,-6.409,178.116,57.854,168.799
-0.84,-0.04,-1.116,3.357,52.063,4.395,178.297,57.629,169.371
-0.302,-0.028,-0.973,2.625,52.734,11.23,178.539,54.772,169.706
-0.189,0.013,-0.84,-3.967,-1.465,16.968,178.358,53.394,169.283
-0.438,0.033,-0.749,-6.165,-29.419,5.188,177.803,54.256,168.519
-0.58,-0.007,-0.707,-6.042,-18.677,-13.672,177.748,55.437,168.882
-0.552,-0.029,-0.692,-7.324,-9.583,-16.663,178.006,56.14,170.096
-0.602,-0.044,-0.734,-7.874,-2.075,-23.193,178.336,56.678,171.683
-0.5,-0.076,-0.671,-4.272,4.456,-27.1,179.028,56.794,173.815
-0.46,-0.036,-0.649,-7.141,8.301,-10.437,179.489,56.635,175.512
-0.405,-0.007,-0.636,-0.732,14.832,1.953,179.566,56.184,176.27
-0.218,0.004,-0.603,-3.113,8.545,6.226,179.484,55.514,176.484
-0.335,0.0,-0.685,-9.033,-13.489,-9.338,179.33,55.767,176.83
-0.683,0.005,-0.874,-17.822,-28.748,-28.992,179.445,56.92,178.374
-0.908,0.183,-1.16,-20.325,13.916,-14.038,179.198,57.321,-179.824
-0.976,0.294,-1.329,-5.31,42.969,11.841,178.369,56.184,-179.55
-0.293,0.226,-1.253,15.381,41.565,-1.343,178.528,53.399,-179.335
-0.394,0.107,-1.062,15.503,-3.296,-3.052,179.341,52.542,-178.962
-0.471,0.03,-0.864,8.057,-8.057,-2.991,179.835,52.844,-178.781
-0.37,0.017,-0.673,-3.174,-9.705,-0.732,179.951,53.168,-178.495
-0.374,0.081,-0.581,-10.681,-15.015,7.324,179.423,53.751,-178.484
-0.414,0.181,-0.575,-10.01,1.831,19.287,178.347,54.119,-179.033
-0.264,0.194,-0.57,1.343,4.639,18.005,177.473,53.69,-179.802
-0.299,0.188,-0.566,11.108,-5.798,16.846,177.056,53.707,179.374
-0.23,0.149,-0.59,14.771,-10.01,14.404,176.973,53.855,178.533
-0.419,0.12,-0.843,15.686,-28.992,10.925,177.072,54.695,177.737
-0.937,0.071,-1.115,19.836,-25.024,12.207,177.281,56.426,176.94
-0.562,-0.124,-1.063,19.287,6.287,-10.071,178.286,56.739,177.352
-1.096,-0.056,-1.297,-2.197,-20.447,-7.019,178.962,57.739,178.358
-0.627,-0.069,-1.134,11.047,34.119,-6.165,179.561,56.816,179.269
-0.417,-0.083,-0.996,-2.258,2.38,5.31,179.978,55.997,179.819
-0.516,0.033,-0.824,-5.432,-6.958,11.78,179.489,56.217,179.445
-0.416,0.017,-0.607,-2.319,-9.155,4.517,179.236,56.569,179.302
-0.419,0.013,-0.572,-8.423,-7.507,4.272,178.934,57.052,179.445
-0.338,0.004,-0.536,-5.798,-2.441,-5.493,178.638,57.327,179.83
-0.485,-0.02,-0.65,-7.324,-0.122,-12.451,178.764,57.508,-179.176
-0.307,-0.047,-0.588,-4.211,14.893,-21.484,179.11,57.151,-177.726
-0.405,-0.06,-0.664,-7.69,-11.841,-18.86,179.747,57.134,-175.995
-0.328,0.006,-0.703,-5.432,-1.038,-8.057,179.907,57.442,-174.968
-0.726,0.058,-1.025,-9.521,-28.809,-10.01,179.951,58.392,-174.32
-0.7,0.137,-0.986,-6.958,3.418,-6.592,179.786,59.106,-173.628
-0.975,0.214,-1.232,-6.897,-12.695,-3.845,179.528,59.101,-173.188
-0.725,0.167,-1.123,4.272,30.579,-17.395,179.868,58.326,-172.194
-0.468,0.076,-0.945,2.625,4.395,-18.433,-179.445,57.513,-170.931
-0.617,0.04,-0.818,-3.479,-14.465,-18.433,-179.022,58.03,-169.816
-0.511,0.039,-0.681,-4.578,0.0,-18.066,-178.77,58.304,-168.651
-0.429,0.054,-0.624,-10.437,-1.404,-7.507,-178.797,58.359,-167.767
-0.468,0.118,-0.644,-9.277,2.502,4.089,-179.412,58.376,-167.635
-0.365,0.151,-0.6,-6.226,5.249,13.428,179.736,58.112,-168.157
-0.424,0.201,-0.651,3.113,0.916,19.165,178.857,57.947,-169.217
-0.469,0.171,-0.689,13.855,-9.827,17.761,178.528,58.041,-170.365
-0.435,0.111,-0.663,16.663,-17.517,21.179,178.385,58.661,-171.656
-0.55,0.092,-0.813,17.456,-18.005,21.973,178.204,59.447,-173.068
-0.641,0.042,-0.909,23.987,-20.874,19.836,178.275,60.287,-174.468
-0.766,-0.078,-0.896,27.1,-14.526,10.559,178.907,61.375,-175.347
-1.106,-0.122,-1.032,20.325,-4.089,11.536,179.824,62.216,-175.655
-0.66,-0.125,-0.994,15.32,26.794,15.381,-179.566,61.254,-175.88
-0.525,0.0,-0.932,10.681,-0.854,30.396,-179.687,60.601,-176.858
-0.528,0.004,-0.739,20.569,-15.381,32.166,-179.885,60.969,-178.616
-0.58,-0.061,-0.62,16.541,-12.634,28.564,-179.984,61.655,179.632
-0.582,-0.051,-0.599,8.301,-3.296,14.648,179.94,61.99,178.726
-0.521,-0.058,-0.552,7.812,9.094,1.099,-179.736,61.891,178.879
-0.447,-0.093,-0.542,4.333,9.216,-6.287,-179.099,61.496,179.725
-0.513,-0.088,-0.585,0.244,7.324,-8.301,-178.539,61.309,-179.127
-0.452,-0.09,-0.618,4.272,14.587,-7.141,-177.918,60.864,-177.896
-0.457,-0.091,-0.681,4.761,7.751,2.136,-177.363,60.474,-177.16
-0.562,-0.046,-0.905,5.066,-2.258,8.606,-177.231,60.255,-177.369
-0.722,-0.019,-0.978,5.432,-2.014,6.531,-177.05,60.491,-177.742
-0.729,0.035,-1.076,-6.592,-28.137,19.165,-177.369,60.721,-178.478
-1.086,0.138,-1.131,-2.93,11.414,13.0,-178.462,61.776,-179.566
-0.606,0.089,-1.033,2.991,27.039,12.756,-178.72,60.375,-179.874
-0.554,0.092,-0.95,8.423,1.953,18.616,-179.143,59.76,179.16
-0.461,0.022,-0.745,12.512,-10.193,21.057,-179.335,59.843,177.924
-0.506,0.02,-0.634,10.681,-23.804,31.921,-179.758,60.617,176.199
-0.571,0.054,-0.589,12.146,-18.555,42.419,179.346,61.617,173.908
-0.544,0.097,-0.561,15.015,-9.033,55.298,178.11,62.089,171.052
-0.598,0.162,-0.592,19.775,0.0,68.97,176.44,62.1,167.41
-0.499,0.18,-0.575,27.893,-0.427,67.627,174.93,61.71,163.515
-0.489,0.167,-0.562,33.569,-10.742,59.021,174.007,61.738,159.966
-0.5,0.155,-0.635,36.682,-9.583,56.396,173.342,61.952,156.577
-0.766,0.121,-0.914,34.119,-22.766,53.589,173.002,62.172,153.397
-0.981,0.116,-1.115,36.133,-25.94,60.059,172.315,62.622,149.612
-0.975,0.068,-1.032,42.297,-32.959,64.087,171.755,63.27,145.437
-1.272,0.092,-1.089,49.805,19.592,82.336,171.14,63.545,140.614
-0.727,0.038,-0.883,66.589,65.979,97.961,171.26,60.337,134.874
-0.248,-0.025,-0.697,64.392,46.631,99.06,172.068,56.453,127.145
-0.21,-0.035,-0.605,47.485,-13.794,91.431,172.48,54.805,119.581
-0.357,0.04,-0.536,38.391,-23.499,69.336,172.288,55.096,112.61
-0.387,-0.028,-0.541,35.828,-37.659,49.316,172.584,55.893,106.952
-0.665,-0.055,-0.706,30.396,-40.771,39.612,172.903,57.519,101.827
-0.91,-0.106,-1.052,35.4,-2.808,30.457,173.672,58.2,97.377
-0.661,-0.055,-1.019,11.23,7.507,50.293,173.93,57.667,92.823
-0.424,0.076,-0.845,-2.563,10.681,53.223,172.716,56.926,87.742
-0.503,0.276,-0.876,-20.752,-7.935,65.735,170.436,56.157,82.491
-0.574,0.387,-0.907,-2.563,5.737,44.922,168.223,55.591,77.618
-0.521,0.322,-0.865,20.569,13.489,38.391,167.811,54.586,74.114
-0.412,0.188,-0.794,43.884,16.602,46.509,168.547,53.284,70.521
-0.355,0.116,-0.725,49.5,-3.845,70.557,169.393,52.344,65.863
-0.472,0.039,-0.699,45.471,-17.761,85.754,169.662,52.119,59.755
-0.558,0.149,-0.774,27.283,-11.353,85.815,169.135,51.91,53.218
-0.533,0.304,-0.885,25.391,6.714,83.313,168.519,51.114,47.181
-0.385,0.37,-0.922,34.119,5.493,81.726,168.135,49.839,41.254
-0.278,0.375,-0.907,43.579,-11.963,75.134,168.217,49.054,35.684
-0.419,0.292,-0.932,48.218,-33.447,64.636,168.717,49.34,30.515
-0.544,0.237,-0.867,36.438,-38.33,52.002,169.091,50.493,25.741
-0.65,0.208,-0.884,36.682,-17.639,34.302,169.497,51.575,21.824
-0.397,0.094,-0.736,49.744,-6.714,40.588,170.673,51.674,18.506
-0.478,-0.025,-0.754,61.462,-27.771,57.678,172.172,52.13,14.54
-0.668,-0.067,-0.835,67.932,-2.991,81.726,173.568,52.476,9.399
-0.521,-0.161,-0.854,66.162,25.818,92.163,175.018,51.196,3.735
-0.313,-0.081,-0.819,47.302,24.963,99.365,175.781,49.296,-2.131
-0.418,-0.056,-0.788,41.504,6.836,67.749,176.501,48.29,-7.048
-0.48,-0.074,-0.883,37.354,23.743,47.119,177.599,47.455,-10.261
-0.214,-0.142,-0.895,36.255,15.747,49.438,178.742,46.143,-13.239
-0.229,-0.187,-0.907,24.78,-15.747,48.767,179.594,46.181,-16.1
-0.356,-0.17,-0.89,15.686,-24.109,39.734,179.967,47.131,-18.594
-0.34,-0.152,-0.914,3.479,-24.719,18.616,-179.879,48.104,-20.314
-0.621,-0.086,-1.136,-13.855,-40.588,11.353,179.934,49.51,-21.138
-0.603,0.154,-0.928,-22.4,-17.212,8.423,178.885,51.207,-22.017
-0.422,0.27,-0.877,-6.042,-2.686,-0.61,178.11,51.482,-22.648
-0.348,0.103,-0.767,-1.77,-11.841,-13.0,178.253,51.784,-22.714
-0.57,0.207,-0.83,-15.32,-15.686,-7.202,177.775,52.789,-22.852
-0.566,0.128,-0.919,-6.348,19.897,-19.348,177.578,52.696,-22.687
-0.375,0.126,-0.908,-4.883,38.147,-10.681,177.638,51.378,-22.291
-0.204,0.162,-0.896,-5.127,23.621,9.155,177.391,49.719,-22.604
-0.23,0.205,-0.854,4.517,4.028,20.447,176.902,49.054,-23.89
-0.244,0.157,-0.812,12.756,-2.502,19.958,176.748,48.812,-25.395
-0.287,0.162,-0.85,8.057,0.732,25.94,176.589,48.593,-26.906
-0.188,0.194,-0.825,7.935,-3.174,34.668,176.138,48.175,-28.845
-0.262,0.266,-0.781,8.85,-24.353,38.635,175.441,48.593,-31.229
-0.323,0.266,-0.722,12.939,-34.729,31.799,174.902,49.631,-33.646
-0.458,0.242,-0.733,17.578,-33.142,20.691,174.628,51.108,-35.837
-0.382,0.177,-0.695,19.47,-22.4,12.268,174.831,52.218,-37.447
-0.497,0.117,-0.906,14.893,-41.321,15.198,175.045,53.465,-38.848
-0.778,0.124,-1.08,10.925,-43.274,27.649,174.661,55.541,-40.82
-0.9,0.038,-1.115,18.494,-26.855,14.893,174.551,57.036,-42.687
-0.904,0.0,-1.094,25.269,6.226,-1.221,175.292,57.925,-43.473
-0.479,-0.139,-0.917,24.109,27.771,-14.221,177.209,56.926,-42.786
-0.223,-0.106,-0.759,0.0,4.7,6.165,178.165,56.074,-42.352
-0.413,0.002,-0.726,-10.132,-34.607,10.437,177.704,56.832,-42.775
-0.692,0.062,-0.75,-5.554,-17.944,1.77,177.16,58.244,-43.132
-0.513,0.006,-0.692,3.601,4.517,-5.737,177.396,58.42,-42.951
-0.574,-0.032,-0.741,1.526,-7.874,-10.925,177.968,58.557,-42.396
-0.683,-0.08,-0.777,4.883,6.287,-19.958,178.874,58.777,-41.364
-0.404,-0.104,-0.624,-0.977,18.127,-16.113,179.808,58.085,-40.166
-0.413,-0.062,-0.63,-9.338,1.648,-10.864,-179.879,57.794,-39.326
-0.505,0.004,-0.695,-5.981,12.817,-13.245,-179.692,57.64,-38.524
-0.249,-0.06,-0.609,-2.808,16.357,-23.315,-179.028,56.788,-37.315
-0.303,-0.06,-0.722,-14.038,-23.499,-28.87,-178.451,57.052,-35.524
-0.8,-0.004,-0.986,-19.348,-31.677,-22.4,-178.358,58.607,-33.849
-0.737,0.111,-0.974,-23.682,6.836,-5.493,-178.797,59.238,-32.97
-0.942,0.358,-1.122,-13.794,-2.258,21.118,179.676,59.161,-33.865
-0.731,0.257,-1.095,16.602,56.091,6.287,179.264,57.854,-35.09
-0.357,0.171,-1.021,20.325,33.02,2.625,179.956,55.459,-35.607
-0.368,0.043,-0.87,12.39,-7.874,-2.686,-179.407,54.844,-35.903
-0.542,0.014,-0.761,-0.427,-20.935,-10.071,-179.099,55.668,-35.678
-0.525,0.079,-0.663,-10.803,-2.441,-1.709,-179.346,56.277,-35.475
-0.428,0.155,-0.614,-10.437,3.357,8.789,179.879,56.223,-35.92
-0.318,0.222,-0.542,-6.287,3.845,20.752,178.813,56.03,-37.161
-0.351,0.257,-0.597,10.01,-0.427,19.226,177.957,55.981,-38.886
-0.31,0.148,-0.593,21.729,-4.089,11.841,178.088,55.981,-40.221
-0.303,0.059,-0.611,22.949,-15.564,7.446,178.588,56.514,-41.188
-0.782,0.022,-1.068,15.32,-39.551,12.39,178.989,57.656,-41.918
-0.925,-0.061,-1.199,15.076,-15.747,14.038,179.072,58.76,-42.968
-0.945,-0.087,-1.122,7.629,-18.677,6.958,179.363,59.469,-43.445
-0.89,-0.093,-1.19,11.78,34.546,-0.366,179.879,59.052,-43.423
-0.393,-0.044,-0.994,-1.526,54.077,20.569,-179.962,56.706,-43.627
-0.156,0.028,-0.871,-1.526,10.803,15.564,179.555,54.877,-44.363
-0.422,0.058,-0.8,-0.061,-18.555,7.69,179.308,55.118,-44.577
-0.5,0.053,-0.739,9.277,-7.507,3.784,179.396,55.69,-44.643
-0.427,-0.052,-0.702,13.489,-3.784,-4.028,-179.918,55.844,-44.396
-0.503,-0.104,-0.77,10.193,-1.282,-11.963,-179.028,55.964,-43.709
-0.546,-0.15,-0.82,6.287,5.188,-15.381,-178.028,55.893,-42.572
-0.492,-0.159,-0.821,3.113,10.864,-10.62,-177.166,55.497,-41.446
-0.431,-0.113,-0.785,0.977,13.977,1.404,-176.754,54.915,-40.902
-0.347,-0.089,-0.771,-5.005,9.277,5.249,-176.743,54.322,-40.798
-0.303,-0.046,-0.698,-12.024,-0.977,1.038,-177.122,54.163,-40.649
-0.232,-0.059,-0.594,-17.029,-18.433,-15.869,-177.402,54.564,-39.754
-0.348,-0.013,-0.562,-23.804,-34.485,-21.484,-177.704,55.953,-38.194
-0.665,0.019,-0.771,-16.174,-39.246,-21.057,-177.858,57.645,-36.683
-0.877,0.062,-0.946,-11.902,-20.874,-14.709,-177.863,59.161,-35.601
-0.958,0.174,-1.141,-11.841,-19.836,13.367,-178.467,59.908,-35.739
-1.159,0.232,-1.272,7.08,34.058,15.076,-179.352,59.908,-37.084
-0.341,0.141,-1.047,9.216,54.871,10.315,-179.247,56.931,-37.87
-0.191,0.028,-0.854,7.019,-21.118,-5.92,-179.077,55.97,-38.15
-0.664,-0.021,-0.777,-6.348,-43.823,-17.7,-178.753,57.958,-37.321
-0.532,0.06,-0.667,-7.874,-3.174,-10.315,-178.731,58.881,-36.469
-0.52,0.087,-0.638,-4.578,-3.174,-1.16,-178.945,59.095,-36.249
-0.45,0.122,-0.62,-0.122,10.437,10.681,-179.346,58.903,-36.705
-0.455,0.152,-0.673,3.967,7.568,18.982,-179.912,58.447,-37.82
-0.407,0.133,-0.665,11.414,12.756,16.907,179.692,57.92,-39.128
-0.417,0.141,-0.702,9.705,-5.554,15.381,179.473,57.673,-40.303
-0.443,0.095,-0.698,10.132,-7.385,6.47,179.429,58.019,-41.122
-0.452,0.06,-0.762,8.85,-12.146,-1.953,179.621,58.442,-41.336
-0.712,0.015,-0.925,6.531,-20.325,2.197,179.89,59.271,-41.385
-0.544,-0.054,-0.771,11.353,-11.475,-4.456,-179.747,60.062,-41.446
-1.202,-0.139,-1.258,4.761,-24.048,-10.62,-178.764,61.013,-40.589
-0.825,-0.065,-1.158,10.925,49.927,2.258,-178.401,60.013,-40.441
-0.348,-0.147,-0.976,5.432,28.931,2.808,-177.764,57.772,-40.287
-0.338,-0.016,-0.792,-8.85,-20.203,17.334,-178.253,57.816,-40.71
-0.572,0.007,-0.654,-2.441,-25.146,6.531,-178.808,59.183,-41.188
-0.548,-0.037,-0.606,-0.916,-12.085,-2.197,-178.835,60.002,-41.138
-0.616,-0.082,-0.663,-3.845,2.014,-9.399,-178.583,60.342,-40.616
-0.557,-0.097,-0.691,-4.272,19.714,-19.226,-178.149,59.881,-39.622
-0.459,-0.137,-0.68,-10.193,15.198,-21.606,-177.517,59.046,-38.139
-0.465,-0.078,-0.65,-16.968,6.714,-12.329,-177.402,58.661,-36.898
-0.456,-0.021,-0.661,-16.724,3.723,-4.761,-177.748,58.337,-36.205
-0.359,0.034,-0.625,-12.451,12.512,4.089,-178.363,58.085,-36.096
-0.394,0.057,-0.734,-8.972,-6.287,4.333,-178.923,57.92,-36.282
-0.629,0.056,-0.911,-1.038,-5.615,-4.15,-179.094,58.14,-36.222
-0.636,0.044,-0.953,-2.808,-4.761,-11.292,-178.896,58.398,-35.695
-0.998,0.165,-1.279,-8.545,-0.732,8.606,-179.203,58.233,-35.645
-0.763,0.177,-1.241,0.244,45.166,13.245,-179.797,57.019,-36.431
-0.342,0.228,-1.126,-1.587,31.25,12.573,179.572,54.849,-37.326
-0.318,0.106,-0.905,4.089,-21.729,-17.029,179.714,54.783,-37.068
-0.563,0.055,-0.764,-7.08,-33.203,-19.958,-179.956,56.338,-35.914
-0.476,0.116,-0.585,-7.996,-17.273,-5.493,179.78,57.382,-35.376
-0.55,0.152,-0.59,-5.188,-8.972,1.221,179.346,58.079,-35.458
-0.527,0.219,-0.649,2.258,9.094,12.939,178.786,58.096,-36.183
-0.415,0.175,-0.658,14.038,20.874,14.343,178.495,57.448,-37.375
-0.258,0.117,-0.639,16.113,2.441,11.23,178.638,56.689,-38.403
-0.4,0.089,-0.634,10.315,-26.55,5.127,178.726,57.354,-39.205
-0.44,0.028,-0.715,4.761,-14.343,-6.531,178.912,58.282,-39.364
-0.831,0.031,-0.923,-5.432,-24.048,-3.174,178.907,59.442,-39.166
-0.551,-0.031,-0.79,-1.587,2.075,-12.207,178.94,59.963,-38.804
-1.146,-0.032,-1.236,-8.85,-57.434,-6.836,179.187,61.095,-38.062
-1.125,0.062,-1.17,9.216,32.898,-7.935,179.187,61.749,-37.914
-0.595,-0.129,-0.989,13.367,64.026,-7.385,-179.357,58.975,-37.007
-0.291,-0.078,-0.909,-4.7,35.278,16.968,-179.363,56.541,-37.348
-0.31,0.024,-0.769,-10.01,-2.869,11.536,179.835,55.975,-38.073
-0.441,0.042,-0.704,-1.099,-14.587,-1.953,179.643,56.442,-38.024
-0.478,-0.019,-0.646,2.869,-9.583,-0.977,179.835,56.997,-37.87
-0.603,-0.047,-0.753,1.648,-3.418,-4.272,-179.857,57.371,-37.617
-0.558,-0.068,-0.742,7.812,11.597,-10.254,-179.247,57.085,-37.117
-0.347,-0.091,-0.652,5.432,20.935,-3.113,-178.473,56.327,-36.579
-0.278,-0.052,-0.657,-3.906,1.404,8.728,-178.341,55.679,-36.639
-0.328,-0.012,-0.645,-4.211,-4.761,2.625,-178.61,55.778,-36.881
-0.285,-0.015,-0.603,-4.822,-10.559,-6.409,-178.66,56.113,-36.639
-0.426,-0.044,-0.768,-7.874,-30.09,-12.695,-178.451,56.838,-35.843
-0.891,0.051,-1.03,-9.155,-29.724,-9.888,-178.522,58.524,-35.129
-0.965,0.123,-1.168,-7.629,0.732,2.686,-178.665,59.2,-34.882
-0.94,0.277,-1.292,2.258,37.231,24.231,-179.495,58.277,-36.008
-0.504,0.189,-1.151,20.264,42.419,17.578,-179.555,56.096,-37.441
-0.346,0.087,-0.946,17.151,2.991,10.559,-179.132,55.042,-38.348
-0.494,0.042,-0.793,10.071,-17.944,6.104,-178.896,55.607,-38.969
-0.452,0.037,-0.636,4.517,-12.634,2.869,-178.846,56.283,-39.364
-0.419,0.042,-0.572,1.404,-11.108,1.892,-178.885,56.849,-39.644
-0.336,0.08,-0.509,1.831,-0.732,8.301,-179.11,57.14,-40.144
-0.343,0.113,-0.587,8.118,-6.653,17.151,-179.44,57.195,-41.166
-0.435,0.076,-0.632,12.817,-10.01,25.696,-179.78,57.7,-42.753
-0.381,0.048,-0.667,10.437,-17.761,19.47,179.901,58.222,-44.335
-0.907,0.1,-0.981,3.845,-28.564,25.574,179.379,59.442,-45.797
-0.75,-0.007,-0.992,13.733,-0.061,14.404,179.022,59.843,-47.274
-0.999,-0.023,-1.211,6.104,-9.949,9.46,179.105,60.024,-47.977
-0.847,-0.052,-1.188,8.301,44.25,7.08,179.253,59.255,-48.433
-0.411,-0.023,-1.054,-0.244,48.157,18.921,179.28,56.722,-48.895
-0.225,0.054,-0.84,-2.502,2.991,22.156,178.649,55.289,-50.004
-0.416,0.056,-0.71,-0.671,-23.254,11.78,178.165,55.833,-50.867
-0.522,0.057,-0.648,1.77,-15.747,5.127,177.946,56.673,-51.345
-0.562,-0.012,-0.68,5.188,-4.517,-5.066,178.237,57.068,-51.29
-0.575,-0.078,-0.718,2.93,7.629,-12.573,178.868,57.101,-50.652
-0.405,-0.08,-0.656,-2.747,14.282,-15.076,179.484,56.552,-49.702
-0.318,-0.043,-0.689,-10.498,11.353,-7.812,179.687,55.948,-48.878
-0.413,0.048,-0.722,-13.489,1.038,4.272,179.193,55.805,-48.774
-0.334,0.045,-0.704,-8.118,-1.221,-4.822,178.786,55.668,-48.746
-0.342,-0.012,-0.72,-11.902,-15.137,-18.677,178.83,56.129,-47.884
-0.643,0.006,-0.885,-20.142,-42.358,-18.311,178.627,57.497,-46.807
-0.778,0.077,-0.865,-28.32,-24.17,-10.803,178.028,59.354,-46.011
-1.142,0.291,-1.182,-30.518,-28.32,9.277,176.534,60.309,-46.154
-0.861,0.334,-1.125,-6.592,37.781,4.578,175.243,60.013,-46.873
-0.541,0.254,-1.089,4.761,31.311,-6.409,175.248,58.244,-46.873
-0.407,0.088,-0.861,3.906,-2.014,-13.733,175.864,57.557,-46.346
-0.465,0.057,-0.682,-7.019,-25.879,-9.521,175.963,58.332,-45.983
-0.603,0.119,-0.631,-13.0,-24.902,-1.099,175.49,59.694,-45.978
-0.581,0.195,-0.615,-6.653,-6.775,10.071,174.672,60.463,-46.615
-0.533,0.224,-0.618,4.7,5.798,20.813,173.99,60.331,-47.889
-0.446,0.234,-0.605,15.503,15.32,28.198,173.469,59.623,-49.752
-0.415,0.207,-0.657,26.489,9.216,28.32,173.469,58.865,-51.685
-0.367,0.097,-0.623,31.067,3.906,24.963,173.875,58.387,-53.564
-0.412,0.064,-0.65,17.456,-12.634,20.386,174.111,58.524,-55.173
-0.58,0.101,-0.842,7.507,-5.798,12.451,173.99,58.881,-56.316
-0.677,0.14,-0.923,1.892,-0.671,11.719,173.716,59.09,-57.14
-0.512,0.093,-0.806,7.263,-14.221,-2.014,173.765,59.458,-57.524
-1.086,0.035,-1.115,4.517,-0.671,3.967,174.265,60.573,-57.437
-0.524,0.024,-1.021,9.094,25.146,13.672,174.567,59.26,-57.722
-0.496,0.077,-0.921,-1.587,-25.574,30.09,174.111,59.194,-58.942
-0.673,0.14,-0.784,3.113,-25.574,24.048,173.123,60.359,-60.765
-0.626,0.109,-0.697,6.47,-12.207,12.207,172.711,61.029,-61.99
-0.595,0.071,-0.618,8.423,-5.737,0.183,172.914,61.474,-62.369
-0.567,0.031,-0.582,7.446,-0.122,-2.197,173.458,61.699,-62.265
-0.529,0.031,-0.57,8.911,10.193,-3.54,174.04,61.606,-62.056
-0.502,-0.025,-0.628,8.057,9.827,-1.526,174.809,61.166,-61.705
-0.521,0.013,-0.635,4.761,7.446,-0.061,175.215,60.991,-61.617
-0.46,-0.021,-0.653,6.042,8.789,-2.502,175.869,60.568,-61.254
-0.486,0.034,-0.689,0.244,3.113,4.578,176.028,60.452,-61.287
-0.477,0.051,-0.733,-0.977,1.526,-0.122,176.078,60.408,-61.32
-0.51,0.05,-0.907,-0.061,-12.39,-7.812,176.342,60.606,-60.969
-0.861,0.11,-1.03,-3.967,-33.325,-2.991,176.391,61.974,-60.743
-0.827,0.205,-1.021,-1.526,-11.292,14.343,175.984,62.836,-61.265
-0.944,0.244,-1.054,9.094,-6.775,21.545,175.347,63.309,-62.726
-0.754,0.268,-0.958,18.127,4.7,26.794,174.902,62.968,-64.545
-0.629,0.128,-0.834,24.719,2.991,12.451,175.172,62.589,-65.923
-0.528,0.076,-0.704,17.7,1.587,14.038,175.638,62.457,-66.846
-0.448,0.072,-0.595,14.709,-1.221,20.081,175.693,62.314,-68.038
-0.408,0.115,-0.529,16.052,1.526,26.245,175.496,62.21,-69.576
-0.344,0.134,-0.508,22.644,8.057,33.142,175.254,61.71,-71.499
-0.501,0.158,-0.635,26.978,-8.972,40.894,174.974,61.425,-73.954
-0.496,0.128,-0.615,27.283,8.789,43.884,174.628,61.287,-76.778
-0.614,0.196,-0.719,19.348,-9.521,44.373,173.947,61.013,-79.728
-0.476,0.168,-0.678,23.743,10.437,32.837,173.628,60.623,-82.079
-0.467,0.168,-0.789,25.94,-10.986,36.804,173.403,60.386,-84.402
-0.828,0.123,-0.908,28.687,-14.709,43.091,173.15,61.057,-87.198
-0.577,0.025,-0.775,30.09,-27.1,34.119,173.145,61.441,-89.868
-1.277,0.061,-1.1,20.996,-17.578,35.828,172.93,62.748,-92.444
-0.828,-0.01,-1.076,30.396,49.744,30.64,173.452,60.996,-94.252
-0.478,-0.029,-0.977,18.005,20.813,49.438,173.617,58.986,-96.504
-0.567,0.094,-0.795,12.939,-22.949,58.289,172.529,58.848,-100.14
-0.642,0.125,-0.681,23.01,-19.226,55.298,171.557,59.425,-103.92
-0.679,0.143,-0.633,32.166,-15.137,49.683,171.134,59.881,-107.452
-0.656,0.108,-0.603,44.922,-1.648,44.8,171.475,60.024,-110.511
-0.581,0.02,-0.578,50.415,4.15,40.1,172.463,59.733,-113.231
-0.619,-0.085,-0.651,51.453,8.362,30.884,173.952,59.436,-115.444
-0.594,-0.164,-0.745,45.471,15.442,31.372,175.605,58.854,-117.367
-0.565,-0.232,-0.812,37.415,15.503,29.785,177.127,58.151,-119.224
-0.487,-0.157,-0.941,22.339,19.165,39.124,177.935,57.173,-121.41
-0.653,0.057,-1.08,10.986,-8.972,26.184,177.979,57.173,-123.53
-0.354,0.144,-0.856,8.362,22.034,28.32,177.891,56.492,-125.156
-0.415,0.211,-0.867,1.77,-19.043,45.898,176.962,56.272,-127.59
-0.63,0.181,-0.903,17.822,2.502,38.33,176.094,56.53,-129.979
-0.413,0.081,-0.828,30.09,15.808,42.236,176.16,55.552,-131.979
-0.373,-0.002,-0.839,35.706,7.812,59.753,176.418,54.662,-134.643
-0.386,0.07,-0.822,38.513,-3.723,83.435,176.149,54.091,-138.719
-0.461,0.142,-0.809,45.959,-12.451,99.121,175.726,54.003,-143.723
-0.43,0.176,-0.747,54.321,-10.62,107.605,175.237,53.822,-149.562
-0.522,0.187,-0.814,55.176,-11.902,102.112,174.968,53.745,-155.319
-0.516,0.135,-0.867,57.678,-0.854,82.947,175.095,53.394,-160.367
-0.429,0.089,-0.887,47.913,2.38,79.773,175.567,52.883,-164.46
-0.499,0.132,-0.99,38.208,-14.465,95.52,175.303,52.526,-169.146
-0.569,0.119,-0.931,42.297,-23.376,88.013,174.677,52.833,-174.315
-0.539,-0.01,-0.852,54.565,-14.709,65.735,174.985,53.284,-178.44
-0.617,-0.104,-0.81,51.331,-15.076,68.481,175.853,53.828,178.121
-0.59,-0.123,-0.835,44.983,4.15,73.608,176.418,53.784,174.556
-0.503,-0.083,-0.826,38.147,32.593,75.256,176.649,52.531,170.969
-0.287,-0.06,-0.825,34.424,20.691,65.857,177.006,50.839,167.684
-0.439,-0.072,-0.854,34.241,-3.113,48.645,177.61,50.477,164.833
-0.464,-0.104,-0.82,31.006,7.446,47.485,178.374,50.246,162.378
-0.407,-0.118,-0.83,27.283,1.282,45.105,178.984,49.916,159.906
-0.429,-0.146,-0.847,23.254,-4.089,36.56,179.555,49.988,157.632
-0.402,-0.205,-0.857,13.672,2.319,25.024,-179.907,50.004,155.869
-0.322,-0.188,-0.854,-4.028,-7.812,17.273,-179.813,49.999,154.369
-0.397,-0.115,-0.962,-13.977,-13.977,7.446,179.78,50.372,153.122
-0.616,-0.029,-0.889,-22.217,-22.339,2.197,179.061,51.449,152.325
-0.447,0.099,-0.918,-27.344,7.385,11.414,178.017,51.658,151.76
-0.25,0.208,-0.843,-20.447,-1.221,11.108,176.583,51.246,150.765
-0.489,0.262,-0.862,-18.921,-41.443,10.315,175.386,52.355,149.837
-0.756,0.291,-0.934,-3.418,5.371,4.333,174.353,53.377,149.019
-0.453,0.191,-0.931,6.653,28.076,-5.005,174.512,52.366,149.271
-0.269,0.163,-0.891,10.681,17.883,-2.747,175.007,51.207,149.612
-0.263,0.121,-0.799,12.695,-6.348,1.648,175.507,50.949,149.414
-0.393,0.119,-0.785,11.536,-14.221,5.737,175.842,51.432,148.821
-0.427,0.112,-0.749,10.437,-6.775,7.69,176.067,51.833,148.145
-0.379,0.127,-0.746,10.254,-1.038,13.55,176.248,51.823,147.409
-0.388,0.18,-0.779,10.315,4.944,30.823,175.974,51.597,145.849
-0.267,0.196,-0.729,12.695,-7.996,28.748,175.671,51.35,143.943
-0.426,0.186,-0.719,17.273,-24.475,19.348,175.633,52.185,142.311
-0.469,0.13,-0.756,17.517,-9.705,13.489,175.847,52.888,141.092
-0.375,0.105,-0.75,15.564,-10.681,4.883,176.287,53.278,140.389
-0.41,0.076,-0.811,12.451,-33.02,9.216,176.638,54.091,139.581
-0.738,0.063,-0.924,14.404,-35.4,9.949,176.693,56.003,138.312
-0.856,-0.054,-1.124,11.902,-32.166,4.883,177.231,57.277,137.45
-0.882,0.038,-1.084,6.714,16.479,14.221,177.1,58.321,136.126
-0.616,-0.046,-1.1,9.705,32.41,-0.305,177.759,56.871,135.588
-0.407,0.031,-0.996,2.808,16.113,13.367,177.94,55.635,134.594
-0.437,0.001,-0.872,6.714,-7.385,5.92,178.011,55.371,133.264
-0.532,0.0,-0.781,5.92,-13.489,4.7,178.231,55.838,132.138
-0.517,-0.054,-0.672,9.216,-5.432,1.038,178.649,56.277,131.138
-0.496,-0.071,-0.653,5.005,0.549,-0.977,179.127,56.387,130.314
-0.422,-0.106,-0.641,3.357,12.573,-7.812,179.703,56.014,129.727
-0.45,-0.13,-0.719,-1.77,10.071,-16.907,-179.55,55.437,129.595
-0.385,-0.098,-0.693,-2.747,18.555,-16.663,-178.962,54.8,129.518
-0.252,-0.151,-0.647,-4.822,7.507,-16.968,-178.275,54.064,129.512
-0.293,-0.047,-0.625,-13.794,-13.428,-2.991,-178.347,54.25,128.892
-0.542,0.002,-0.879,-8.972,-27.832,4.211,-178.704,55.003,127.831
-0.802,0.085,-1.042,-2.38,3.54,-2.136,-179.028,55.854,126.931
-0.897,0.115,-1.231,-15.32,-4.944,11.536,-179.193,55.443,126.508
-0.848,0.252,-1.3,-3.235,59.509,15.259,179.577,54.388,125.299
-0.288,0.16,-1.082,-6.287,53.955,20.691,179.028,51.262,124.525
-0.17,0.104,-0.928,-17.578,7.812,21.118,177.869,49.592,123.228
-0.34,0.169,-0.799,-21.851,-15.808,7.874,176.396,49.823,122.08
-0.398,0.264,-0.693,-13.428,-11.292,14.832,175.1,50.372,121.223
-0.44,0.273,-0.69,-0.61,-3.784,29.114,174.084,50.57,119.905
-0.359,0.271,-0.671,9.338,6.714,34.79,173.331,50.186,118.257
-0.366,0.305,-0.713,7.629,3.357,50.049,172.518,49.614,116.158
-0.4,0.224,-0.78,10.315,27.832,51.514,171.65,48.384,113.73
-0.173,0.353,-0.714,5.249,13.0,60.608,170.596,46.697,111.088
-0.236,0.397,-0.674,23.499,-22.034,55.115,169.915,46.467,108.149
-0.381,0.357,-0.718,35.95,-25.024,57.922,169.893,47.032,105.029
-0.543,0.249,-0.988,39.429,-16.968,49.255,170.414,47.318,102.332
-0.6,0.175,-1.141,37.231,-12.634,78.674,170.623,47.395,98.608
-0.747,0.14,-1.193,51.025,-25.513,61.462,171.09,47.51,93.664
-0.652,-0.011,-1.222,50.964,30.09,26.428,172.749,47.379,90.236
-0.273,-0.141,-1.078,36.56,33.325,0.244,175.084,45.544,88.599
-0.136,-0.089,-0.915,3.54,5.127,-2.686,176.342,44.583,87.468
-0.273,0.023,-0.812,-6.531,-20.508,-13.916,176.495,44.973,86.594
-0.409,0.061,-0.75,-3.418,-18.188,-22.4,176.666,46.0,86.237
-0.461,0.025,-0.832,6.653,-10.132,-22.583,177.325,46.708,86.034
-0.468,-0.051,-0.835,9.888,-5.92,-29.968,178.369,47.28,85.935
-0.477,-0.135,-0.809,3.601,-0.183,-39.001,179.665,47.692,86.336
-0.364,-0.137,-0.814,-7.996,5.31,-47.485,-179.308,47.576,87.122
-0.28,-0.196,-0.801,-20.02,15.686,-46.997,-178.649,47.043,88.385
-0.212,-0.086,-0.775,-38.025,-5.127,-35.645,-179.214,46.752,88.984
-0.311,0.006,-0.743,-37.048,-17.029,-41.077,179.995,47.357,90.027
-0.278,0.01,-0.643,-17.456,-28.259,-30.273,179.604,48.395,90.747
-0.375,-0.065,-0.563,-18.86,-43.579,-30.273,179.517,50.394,91.263
-0.846,0.017,-0.853,-31.433,-44.189,-23.438,179.055,52.866,91.648
-0.956,0.075,-1.145,-28.259,3.357,-26.978,178.517,53.811,92.06
-0.695,0.343,-1.188,-36.072,39.917,-6.653,177.149,53.13,92.439
-0.505,0.406,-1.228,-17.761,61.523,-19.531,176.111,50.839,94.037
-0.07,0.294,-1.028,-3.54,44.495,-35.278,176.232,48.032,96.685
-0.127,0.17,-0.839,-3.906,-15.137,-31.006,176.649,47.428,99.256
-0.441,0.165,-0.811,-3.906,-28.564,-9.155,176.6,48.636,100.75
-0.463,0.162,-0.741,-8.179,-4.333,9.155,176.083,49.301,101.206
-0.35,0.208,-0.687,-7.996,-6.042,3.723,175.358,49.362,101.602
-0.357,0.259,-0.669,-6.836,-0.488,4.7,174.633,49.526,102.173
-0.297,0.286,-0.646,-1.221,-7.812,6.836,174.029,49.515,102.794
-0.434,0.281,-0.657,12.512,-16.968,10.193,173.787,50.136,103.206
-0.4,0.196,-0.63,18.982,-16.235,9.949,174.018,50.735,103.612
-0.466,0.202,-0.735,14.282,-9.399,7.263,174.194,51.361,104.145
-0.733,0.146,-1.017,14.771,0.122,-0.793,174.617,51.619,105.15
-0.487,0.04,-1.005,13.245,20.325,-4.028,175.204,50.977,106.397
-0.619,-0.053,-1.315,18.066,-8.606,-3.601,176.127,50.581,107.073
-0.705,-0.08,-1.245,15.259,44.922,9.644,176.918,50.125,106.683
-0.178,-0.092,-1.101,6.409,35.645,10.193,177.594,47.686,105.787
-0.223,0.079,-0.878,-7.08,-17.334,13.672,177.237,47.357,104.271
-0.396,0.131,-0.778,3.479,-27.344,4.944,176.979,48.433,103.107
-0.485,0.058,-0.741,14.282,-17.334,-4.7,177.446,49.482,102.7
-0.476,-0.055,-0.722,14.038,-3.296,-21.729,178.484,50.109,103.068
-0.484,-0.161,-0.785,4.028,0.549,-41.809,179.879,50.295,104.095
-0.544,-0.186,-0.884,-10.315,13.611,-49.133,-178.945,50.114,105.073
-0.261,-0.16,-0.731,-16.724,19.165,-44.189,-178.204,49.23,105.837
-0.232,-0.081,-0.707,-23.254,-6.409,-24.353,-178.143,48.818,106.172
-0.28,-0.013,-0.677,-17.761,-13.0,-16.052,-178.539,49.263,106.122
-0.366,-0.012,-0.71,-14.954,-14.954,-14.465,-178.753,50.026,106.392
-0.19,-0.034,-0.675,-6.836,-10.376,-23.071,-178.676,50.405,107.314
-0.542,-0.024,-0.957,-14.099,-47.974,-32.654,-178.363,52.114,109.056
-0.828,0.08,-0.933,-15.503,-23.438,-29.846,-178.237,54.08,111.918
-1.122,0.201,-1.243,-13.855,-3.723,7.812,-178.819,54.608,114.263
-0.602,0.192,-1.095,-5.371,57.617,20.63,-179.841,52.718,115.356
-0.241,0.304,-1.021,-1.282,17.09,15.625,179.231,50.856,116.093
-0.419,0.149,-0.824,7.996,-16.418,-4.089,179.258,51.059,117.224
-0.451,0.11,-0.717,2.075,-10.62,-6.897,179.484,51.641,118.938
-0.512,0.108,-0.713,-1.221,-8.484,-4.517,179.39,52.125,120.685
-0.438,0.163,-0.693,-3.54,6.653,7.69,179.028,52.119,122.294
-0.336,0.208,-0.646,1.892,9.033,26.794,178.292,51.691,122.926
-0.274,0.268,-0.665,11.719,-1.892,26.001,177.561,51.262,122.772
-0.379,0.181,-0.691,21.484,-15.381,17.395,177.627,51.526,122.932
-0.368,0.119,-0.649,22.034,-20.02,16.296,177.918,52.202,123.146
-0.453,0.078,-0.813,15.686,-25.33,14.648,178.182,53.207,123.514
-0.843,0.062,-0.986,18.982,-27.466,22.278,178.237,54.706,123.69
-0.567,-0.079,-0.862,24.048,-16.663,17.09,178.66,55.453,124.151
-1.123,-0.111,-1.115,23.621,-18.25,15.32,179.236,57.025,125.063
-0.656,-0.185,-1.024,20.447,50.171,14.404,179.934,55.58,126.782
-0.36,-0.12,-0.946,-0.488,20.935,29.541,179.753,53.987,127.897
-0.411,0.008,-0.806,-3.113,-7.507,25.024,179.022,53.822,126.035
-0.518,0.045,-0.706,-0.977,-11.292,19.653,178.506,54.344,124.964
-0.597,0.014,-0.704,7.202,1.648,13.367,178.286,54.684,125.81
-0.489,-0.043,-0.74,13.428,8.301,5.615,178.533,54.316,127.925
-0.556,-0.12,-0.806,15.686,13.123,4.333,179.11,54.014,130.573
-0.499,-0.148,-0.811,9.399,21.973,9.216,179.478,53.355,133.467
-0.359,-0.126,-0.787,4.944,22.4,12.451,179.478,52.377,135.626
-0.295,-0.084,-0.792,-0.916,9.46,16.479,179.401,51.213,131.688
-0.353,-0.029,-0.75,-3.235,0.0,15.747,179.033,50.839,128.227
-0.298,-0.076,-0.668,-5.981,-8.789,4.333,178.802,50.823,125.744
-0.357,-0.084,-0.656,-15.137,-20.752,-4.456,178.539,51.372,124.124
-0.439,-0.022,-0.776,-19.775,-19.348,-4.028,177.924,52.218,122.52
-0.823,0.083,-0.981,-26.001,-27.405,-0.671,176.995,53.729,123.278
-0.817,0.26,-1.113,-17.578,11.536,10.498,175.655,53.97,125.376
-0.766,0.415,-1.162,-8.789,22.339,32.288,174.139,53.3,126.019
-0.512,0.34,-1.184,14.709,45.166,18.738,173.82,51.24,126.733
-0.304,0.219,-1.027,15.015,20.691,12.268,174.199,49.625,127.573
-0.321,0.152,-0.838,4.15,-7.141,12.817,174.232,49.263,127.991
-0.402,0.175,-0.708,-1.404,-13.916,12.146,173.815,49.763,128.227
-0.425,0.229,-0.657,-0.305,-7.446,17.639,173.227,50.103,128.513
-0.308,0.25,-0.598,11.719,6.653,26.062,172.842,49.818,128.694
-0.259,0.278,-0.645,19.653,-0.793,31.86,172.711,49.318,128.381
-0.395,0.258,-0.713,24.17,-3.052,25.574,172.875,49.18,127.93
-0.229,0.194,-0.67,27.649,-8.972,17.029,173.397,49.087,127.897
-0.506,0.157,-0.931,20.813,-47.913,15.93,173.919,50.191,127.694
-0.959,0.075,-1.074,22.278,-19.592,12.268,174.337,52.042,127.749
-0.631,-0.043,-1.026,26.917,2.014,-1.465,175.188,52.284,129.073
-0.95,-0.051,-1.144,25.024,22.034,-5.188,176.512,52.432,131.385
-0.389,-0.172,-1.084,33.325,58.838,-15.991,178.407,50.208,134.632
-0.131,-0.196,-0.95,4.15,10.376,-8.057,179.725,48.746,136.027
-0.329,-0.101,-0.79,-10.681,-31.738,-13.184,179.841,49.532,135.253
-0.521,-0.055,-0.71,-14.526,-25.269,-14.893,179.731,50.933,134.808
-0.46,-0.036,-0.684,-10.437,-7.935,-14.832,179.637,51.713,136.384
-0.413,-0.116,-0.695,-5.493,-4.7,-26.306,179.967,52.207,139.922
-0.308,-0.161,-0.571,-10.071,2.441,-36.133,-179.456,52.553,144.547
-0.297,-0.189,-0.596,-20.874,-24.292,-34.973,-179.198,53.069,146.624
-0.443,-0.161,-0.643,-22.705,-11.597,-34.79,-179.363,54.185,147.294
-0.249,-0.127,-0.686,-32.471,-20.569,-29.236,-179.764,54.954,150.513
-0.833,0.11,-0.997,-39.429,-54.382,-24.841,179.291,57.123,150.859
-1.158,0.177,-1.316,-18.005,-8.911,-20.996,178.759,58.925,153.77
-0.99,0.292,-1.261,-17.212,22.156,0.305,177.995,59.019,155.742
-0.767,0.272,-1.209,-3.601,47.058,-3.784,177.517,57.442,157.286
-0.231,0.212,-0.883,0.0,28.32,-10.315,177.534,55.294,158.868
-0.256,0.062,-0.688,-2.808,-35.217,-25.269,177.88,55.486,160.51
-0.58,0.077,-0.61,-13.855,-39.978,-21.973,177.946,57.656,162.169
-0.51,0.095,-0.622,-16.785,-5.371,-23.865,177.748,58.563,164.152
-0.407,0.16,-0.584,-21.301,-2.808,-16.663,177.308,58.771,166.212
-0.467,0.264,-0.643,-12.146,-6.042,1.77,176.457,59.084,167.223
-0.415,0.237,-0.598,9.949,-3.357,14.648,175.809,59.139,167.058
-0.519,0.192,-0.638,10.559,-19.775,21.973,175.391,59.667,166.333
-0.505,0.153,-0.624,16.113,-5.249,22.705,174.88,60.062,165.432
-0.597,0.125,-0.867,13.123,-14.954,20.142,174.479,60.276,164.57
-0.892,0.052,-0.928,11.475,-8.545,11.536,174.386,61.051,164.339
-0.864,-0.022,-1.175,13.672,-29.236,4.211,174.672,61.386,164.767
-1.129,0.0,-1.121,22.095,27.405,8.85,174.996,62.402,165.168
-0.55,-0.121,-0.981,23.499,29.785,9.338,176.358,60.65,166.382
-0.501,-0.041,-0.871,13.062,-0.244,21.729,176.776,59.969,166.393
-0.57,-0.026,-0.737,14.465,-8.606,12.085,177.1,60.244,166.113
-0.548,-0.054,-0.61,10.071,-7.69,3.479,177.621,60.639,166.487
-0.555,-0.101,-0.567,7.446,1.282,-3.723,178.204,61.007,167.695
-0.469,-0.148,-0.542,4.456,2.93,-13.184,179.006,61.084,169.838
-0.46,-0.188,-0.668,-3.296,3.113,-13.367,179.885,61.035,172.771
-0.571,-0.073,-0.642,-8.85,-6.287,-3.906,179.945,61.617,175.204
-0.452,-0.114,-0.593,1.77,-5.92,-7.446,-179.561,61.935,177.38
-0.632,-0.072,-0.653,-2.991,-6.775,6.897,-179.423,62.628,178.841
-0.77,-0.099,-0.849,-0.183,3.906,14.038,-179.588,62.578,179.637
-0.652,-0.068,-0.928,-0.977,21.118,14.099,179.934,61.996,-179.885
-0.919,0.043,-1.302,-19.836,-18.86,12.512,179.16,62.012,-179.791
-0.849,0.142,-1.212,-4.639,40.283,3.662,178.308,61.43,-179.747
-0.437,0.096,-1.004,-15.747,5.249,6.897,177.792,60.161,-179.753
-0.67,0.161,-0.829,-8.301,-15.381,2.869,176.88,60.76,179.742
-0.577,0.087,-0.658,-1.16,-5.859,13.367,176.407,61.128,179.341
-0.542,0.116,-0.572,2.747,-1.221,33.386,175.523,61.21,178.16
-0.514,0.164,-0.553,12.756,7.69,53.528,174.254,60.837,175.913
-0.5,0.182,-0.592,21.24,10.01,66.589,172.947,59.991,172.864
-0.448,0.204,-0.596,30.151,15.747,67.81,171.771,58.92,169.371
-0.407,0.155,-0.653,33.875,5.859,60.12,171.293,57.739,166.207
-0.387,0.157,-0.623,32.959,6.836,59.204,170.958,57.025,163.087
-0.325,0.164,-0.626,27.832,-21.423,59.143,170.541,56.695,159.725
-0.527,0.178,-0.702,31.555,-26.672,57.922,169.893,57.491,155.896
-0.963,0.277,-0.862,33.142,-18.738,70.374,169.173,58.288,151.952
-0.586,0.039,-0.968,56.641,-15.198,54.199,169.689,57.81,148.777
-1.394,0.102,-1.289,37.781,-12.451,79.407,169.574,58.733,143.547
-0.605,-0.058,-1.092,65.063,68.359,74.158,170.524,55.217,138.576
-0.244,-0.096,-0.908,36.987,9.888,99.854,171.167,52.575,131.468
-0.5,0.106,-0.809,30.945,-26.184,110.046,170.041,52.163,122.849
-0.528,0.189,-0.761,46.082,7.935,94.36,169.574,51.443,114.714
-0.282,0.017,-0.717,58.594,11.047,67.81,170.706,49.949,108.166
-0.215,-0.064,-0.69,44.25,-12.939,70.435,171.991,49.268,102.365
-0.34,-0.04,-0.706,37.72,-22.034,70.19,172.524,49.46,96.317
-0.519,0.005,-0.884,34.79,-26.062,74.463,172.793,49.867,90.198
-0.687,0.042,-1.015,34.18,-14.771,69.153,172.952,50.306,83.979
-0.31,0.036,-0.887,28.748,19.775,62.927,173.353,49.598,78.475
-0.365,0.272,-0.965,4.639,-8.545,99.121,172.546,48.499,72.427
-0.51,0.348,-1.026,26.062,-11.963,80.75,171.194,48.181,65.632
-0.515,0.231,-0.961,35.217,-9.155,70.068,171.233,48.032,60.112
-0.45,0.176,-0.877,36.804,-10.376,72.083,171.513,47.851,54.575
-0.421,0.225,-0.773,37.598,-16.479,82.336,171.612,47.928,48.642
-0.404,0.223,-0.716,40.161,-16.174,88.257,171.667,48.038,42.204
-0.352,0.249,-0.674,38.025,-16.541,85.205,171.584,48.197,35.667
-0.461,0.286,-0.87,38.208,-11.292,80.322,171.535,48.224,29.493
-0.54,0.269,-1.008,44.617,10.681,74.219,171.804,47.697,23.676
-0.375,0.103,-1.043,43.518,12.39,57.434,172.744,46.609,18.913
-0.371,-0.004,-0.95,32.227,-5.554,55.115,173.474,46.187,14.749
-0.257,-0.048,-0.774,30.945,-15.686,50.781,174.034,46.219,10.854
-0.562,-0.021,-0.833,31.799,-31.616,60.669,174.49,47.192,6.801
-0.572,-0.118,-0.895,39.673,7.141,59.814,175.276,47.45,2.549
-0.363,-0.135,-0.869,30.212,16.968,65.002,176.122,46.478,-1.461
-0.264,-0.059,-0.883,20.813,0.305,74.829,176.364,45.659,-5.751
-0.367,0.016,-0.859,27.893,-19.287,68.97,176.38,45.78,-10.25
-0.466,-0.07,-0.854,32.166,-16.968,54.626,176.951,46.478,-14.117
-0.399,-0.098,-0.805,25.757,-17.273,44.861,177.594,47.082,-17.369
-0.497,-0.125,-0.902,17.822,-12.817,29.236,178.182,47.78,-19.748
-0.535,-0.04,-1.005,5.737,-0.793,25.94,178.451,48.027,-21.522
-0.42,0.1,-0.997,10.864,-9.644,28.809,178.412,48.23,-23.494
-0.455,0.024,-0.948,13.184,-1.221,19.531,178.671,48.56,-25.28
-0.253,0.004,-0.847,2.014,2.075,6.287,178.94,48.389,-26.219
-0.209,0.093,-0.771,-17.151,-18.066,12.451,178.33,48.686,-27.054
-0.587,0.244,-0.92,-23.682,-21.057,13.916,176.765,49.801,-28.361
-0.571,0.235,-0.986,-5.31,26.001,-10.925,176.127,49.471,-28.85
-0.263,0.156,-0.928,-1.404,34.79,-6.104,176.281,47.867,-28.718
-0.186,0.18,-0.901,-4.7,13.855,4.395,176.05,46.67,-29.136
-0.159,0.198,-0.804,-3.052,2.625,5.493,175.649,46.154,-29.767
-0.179,0.218,-0.75,-1.038,-6.836,12.512,175.199,46.071,-30.58
-0.264,0.25,-0.814,-2.441,-9.216,23.438,174.567,46.154,-31.926
-0.292,0.321,-0.813,-0.305,-9.277,34.79,173.639,46.247,-33.975
-0.226,0.343,-0.81,6.287,-7.812,33.813,172.771,46.208,-36.513
-0.199,0.364,-0.774,15.747,-20.386,29.846,172.266,46.483,-38.979
-0.248,0.281,-0.729,23.499,-32.959,21.606,172.282,47.461,-41.353
-0.268,0.192,-0.654,24.353,-39.856,11.414,172.595,49.021,-43.264
-0.57,0.081,-0.961,16.907,-60.12,7.263,173.029,51.152,-44.615
-1.074,0.144,-1.074,2.258,-40.344,24.902,172.452,53.795,-46.626
-0.46,0.008,-0.889,15.869,-7.141,-5.127,172.771,54.371,-47.521
-1.194,0.154,-1.122,-5.066,3.967,18.738,172.568,55.789,-48.334
-0.417,0.089,-1.038,20.996,77.148,0.366,173.518,52.685,-48.356
-0.062,0.072,-1.008,6.897,24.17,14.465,174.216,50.416,-48.483
-0.351,0.09,-0.815,8.301,-34.851,10.437,174.194,50.834,-49.29
-0.511,0.01,-0.713,6.531,-17.029,-7.019,174.545,52.081,-49.499
-0.445,0.041,-0.682,3.601,3.052,-13.0,175.106,52.476,-48.895
-0.499,-0.028,-0.821,6.958,-3.845,-18.555,175.979,52.421,-47.944
-0.602,-0.031,-0.9,10.803,4.517,-19.958,177.023,52.663,-46.802
-0.477,-0.096,-0.896,13.916,20.569,-9.155,178.308,52.108,-45.786
-0.347,-0.086,-0.875,9.827,27.588,-1.221,179.225,50.966,-45.374
-0.213,-0.027,-0.812,-0.916,6.165,5.798,179.643,50.021,-45.192
-0.265,-0.005,-0.697,-2.686,-12.817,-4.211,179.61,50.202,-45.11
-0.248,-0.092,-0.593,-10.986,-21.667,-32.349,179.984,50.988,-43.698
-0.405,-0.02,-0.638,-36.377,-32.349,-56.702,-179.967,52.471,-40.847
-0.379,0.085,-0.621,-31.555,-32.043,-68.359,-179.907,54.152,-37.161
-0.733,0.014,-0.88,-12.817,-48.584,-56.213,-178.945,56.332,-33.695
-0.91,0.069,-0.936,-6.042,-13.184,-19.714,-178.275,58.03,-32.003
-0.922,0.134,-1.155,-4.272,1.16,8.545,-178.429,57.947,-32.294
-0.893,0.115,-1.213,2.808,48.035,6.409,-178.797,56.92,-33.327
-0.353,0.182,-1.071,-6.287,62.805,10.986,-179.225,53.871,-34.14
-0.083,0.102,-0.806,2.991,-11.475,-9.033,-179.478,52.52,-34.579
-0.439,0.027,-0.693,-4.761,-55.725,-26.428,-179.138,54.393,-33.695
-0.694,0.08,-0.705,-10.315,-23.499,-23.193,-178.929,56.497,-32.492
-0.455,0.122,-0.604,-2.441,-2.136,-10.071,-178.874,56.997,-31.948
-0.494,0.168,-0.67,1.648,-1.221,11.047,-179.099,57.195,-32.487
-0.403,0.163,-0.679,10.803,8.667,19.409,-179.495,57.008,-34.03
-0.345,0.165,-0.662,15.686,-8.85,19.165,-179.72,56.937,-35.76
-0.457,0.121,-0.675,18.372,-33.691,16.602,-179.797,57.942,-37.458
-0.636,0.048,-0.796,14.038,-24.902,11.292,-179.758,59.491,-38.853
-0.81,0.04,-0.903,12.329,-21.912,10.864,-179.709,60.727,-39.93
-0.674,-0.054,-0.814,16.663,-13.123,3.357,-179.335,61.578,-40.726
-1.158,-0.145,-1.192,19.287,-15.076,-6.958,-178.187,62.408,-40.589
-0.722,-0.164,-1.055,16.235,57.129,5.737,-177.253,60.815,-40.693
-0.274,-0.163,-0.909,7.08,34.912,15.808,-176.94,58.343,-41.347
-0.343,-0.073,-0.761,-2.93,-15.015,13.855,-177.237,58.156,-41.962
-0.555,-0.005,-0.684,-1.404,-17.09,10.864,-177.61,59.041,-42.38
-0.581,-0.058,-0.69,6.592,-4.089,1.77,-177.479,59.409,-42.583
-0.583,-0.081,-0.754,8.301,8.606,-9.277,-176.781,59.244,-42.149
-0.629,-0.227,-0.851,12.756,28.687,-14.099,-175.677,58.513,-41.385
-0.382,-0.25,-0.814,-5.615,26.489,-6.409,-174.902,56.959,-40.578
-0.379,-0.111,-0.738,-12.268,2.93,7.019,-175.172,56.283,-40.325
-0.462,-0.051,-0.711,-10.986,2.075,16.785,-175.869,56.294,-40.754
-0.432,-0.026,-0.709,-7.263,4.639,8.057,-176.561,56.063,-41.369
-0.353,-0.089,-0.688,-5.798,1.953,-7.629,-176.699,55.865,-41.199
-0.337,-0.134,-0.648,-14.221,-20.142,-13.367,-176.605,56.223,-40.254
-0.588,-0.064,-0.851,-23.132,-34.119,-6.409,-177.012,57.442,-39.348
-0.896,0.066,-0.962,-21.912,-28.015,-8.301,-177.797,59.222,-38.831
-0.692,0.111,-0.91,-14.648,5.615,-0.671,-178.259,59.518,-38.491
-0.933,0.298,-1.095,-9.094,9.949,25.574,-179.648,59.442,-39.853
-0.638,0.222,-1.067,7.935,52.185,21.118,179.626,57.574,-41.561
-0.26,0.148,-0.954,11.597,24.109,7.629,179.555,55.602,-42.66
-0.437,0.059,-0.833,0.305,-22.339,-1.526,179.698,55.871,-42.863
-0.601,0.109,-0.765,-0.977,-4.822,1.465,179.385,56.53,-43.132
-0.485,0.109,-0.725,-4.456,1.404,6.226,179.017,56.503,-43.588
-0.452,0.144,-0.709,-5.493,12.939,14.099,178.358,56.184,-44.335
-0.345,0.202,-0.707,-5.127,3.113,24.841,177.358,55.591,-45.681
-0.424,0.229,-0.714,3.052,-5.798,24.719,176.309,55.624,-47.477
-0.455,0.224,-0.706,9.399,-12.085,20.996,175.655,55.904,-49.208
-0.464,0.18,-0.671,13.306,-12.573,11.78,175.413,56.442,-50.658
-0.463,0.16,-0.693,11.841,-10.132,4.7,175.512,56.992,-51.531
-0.623,0.139,-0.897,14.526,-21.484,-1.648,175.864,57.601,-51.993
-0.75,0.044,-0.925,15.991,-3.845,-4.211,176.44,58.601,-52.202
-0.439,-0.06,-0.831,14.709,-4.944,-16.968,177.589,58.738,-51.537
-1.136,0.005,-1.024,3.784,-9.949,-2.38,178.176,60.194,-51.07
-0.644,-0.092,-1.04,18.86,66.956,-14.709,179.423,57.98,-50.312
-0.212,-0.123,-0.955,-2.625,44.556,3.174,-179.786,55.157,-49.576
-0.237,0.046,-0.835,-16.174,-15.259,14.648,179.33,54.651,-49.944
-0.521,0.085,-0.765,-6.165,-18.433,-1.038,178.753,55.58,-49.938
-0.536,0.045,-0.745,3.601,-7.324,-8.606,178.995,56.003,-49.4
-0.506,-0.053,-0.703,7.935,3.418,-16.785,179.802,56.107,-48.516
-0.53,-0.084,-0.756,2.869,4.028,-20.386,-179.335,55.997,-47.307
-0.49,-0.157,-0.748,0.427,10.681,-23.376,-178.374,55.761,-45.807
-0.418,-0.15,-0.718,-8.85,0.427,-17.029,-177.72,55.563,-44.33
-0.441,-0.084,-0.734,-14.832,7.874,-7.507,-177.742,55.432,-43.352
-0.418,-0.032,-0.765,-19.409,6.165,-5.981,-178.209,55.091,-42.737
-0.293,-0.033,-0.706,-17.944,2.441,-16.907,-178.621,54.844,-41.852
-0.325,-0.068,-0.726,-22.461,-25.879,-29.724,-178.759,55.311,-40.248
-0.637,-0.019,-0.828,-31.982,-34.607,-24.902,-179.017,56.893,-38.249
-0.62,0.185,-0.796,-26.367,-16.968,-10.437,-179.934,58.151,-37.216
-1.001,0.286,-1.147,-10.681,-9.705,2.38,179.269,58.618,-37.178
-0.723,0.216,-1.07,10.01,42.419,-2.258,179.335,57.557,-37.397
-0.511,0.227,-1.129,7.385,29.48,6.836,179.506,55.728,-37.787
-0.425,0.097,-0.958,12.817,10.315,-10.986,-179.989,54.838,-37.809
-0.421,0.024,-0.806,-1.526,-13.794,-16.479,-179.495,55.069,-37.057
-0.483,0.042,-0.731,-14.282,-20.081,-9.155,-179.72,55.97,-36.447
-0.427,0.147,-0.668,-20.02,-17.273,5.188,179.247,56.799,-36.568
-0.46,0.246,-0.647,-12.512,-15.198,19.104,177.803,57.596,-37.656
-0.417,0.324,-0.64,8.057,-14.771,30.334,176.545,58.03,-39.661
-0.495,0.24,-0.69,19.836,-15.503,27.588,175.891,58.623,-42.034
-0.41,0.191,-0.613,24.292,-22.461,24.536,175.715,59.354,-44.16
-0.54,0.136,-0.659,22.095,-29.297,18.982,175.594,60.557,-46.198
-0.813,0.075,-0.876,18.555,-15.259,8.606,175.831,61.562,-47.422
-0.659,0.048,-0.875,13.733,-2.258,8.118,176.05,61.886,-48.263
-0.756,-0.083,-1.077,12.39,-31.921,-16.785,176.891,62.474,-48.06
-1.161,0.003,-1.097,1.831,6.165,-10.254,177.534,64.067,-47.285
-0.588,-0.14,-0.845,6.775,29.053,-19.287,178.83,62.913,-45.956
-0.616,-0.02,-0.859,-12.085,3.845,10.742,178.77,62.386,-45.637
-0.554,0.04,-0.742,-2.625,4.272,10.742,178.176,62.15,-46.176
-0.592,0.071,-0.745,2.808,2.991,13.0,177.885,61.963,-46.774
-0.6,0.019,-0.721,9.033,3.54,5.066,177.995,61.782,-47.263
-0.525,-0.039,-0.664,8.057,7.996,-2.747,178.561,61.496,-47.159
-0.513,-0.067,-0.68,1.526,5.92,-7.324,179.105,61.177,-46.708
-0.585,-0.102,-0.735,-1.282,17.822,-18.555,179.808,60.721,-45.648
-0.423,-0.103,-0.671,-10.986,8.24,-11.963,-179.626,59.974,-44.39
-0.509,-0.021,-0.71,-9.644,8.484,-2.319,-179.698,59.711,-43.764
-0.429,-0.008,-0.697,-5.615,10.254,4.883,-179.896,59.233,-43.687
-0.321,0.024,-0.677,-6.104,2.747,7.263,179.742,58.793,-43.951
-0.378,0.066,-0.736,-7.385,-18.982,4.517,179.341,59.035,-44.182
-0.718,0.108,-0.844,-5.066,-45.044,-0.366,178.879,60.551,-44.418
-0.84,0.151,-0.807,-1.648,-10.315,3.113,178.577,62.287,-44.709
-1.061,0.185,-1.022,6.409,-8.911,9.888,178.303,62.534,-45.516
-0.864,0.15,-1.043,9.033,56.641,9.949,178.396,61.419,-46.291
-0.428,0.194,-1.036,6.165,57.861,14.343,178.226,58.365,-47.258
-0.313,0.071,-0.929,10.376,12.085,-10.376,178.676,56.832,-47.39
-0.49,0.02,-0.836,-1.221,-9.766,-17.273,179.258,57.025,-46.637
-0.562,0.048,-0.772,-8.911,-2.563,-9.888,179.286,57.316,-46.038
-0.478,0.095,-0.719,-7.996,3.662,-5.615,179.017,57.173,-45.818
-0.447,0.112,-0.682,-5.676,4.517,-3.418,178.753,57.03,-45.786
-0.436,0.122,-0.688,-2.869,0.366,2.93,178.506,56.865,-46.033
-0.471,0.159,-0.711,3.052,7.935,12.146,178.083,56.673,-46.895
-0.487,0.165,-0.775,6.775,7.141,21.362,177.737,56.255,-48.23
-0.415,0.207,-0.776,10.193,5.066,20.63,177.275,55.854,-49.922
-0.323,0.123,-0.689,15.198,-18.372,4.883,177.314,56.003,-51.125
-0.442,0.044,-0.653,12.146,-30.823,-5.127,177.775,57.305,-51.559
-0.758,0.037,-0.869,5.31,-30.212,-1.77,178.143,58.788,-51.768
-0.743,0.032,-0.899,6.836,4.639,-3.113,178.303,59.551,-52.031
-0.562,-0.062,-0.908,8.118,0.366,-13.0,179.072,59.343,-51.669
-0.957,-0.022,-1.015,0.793,-0.916,-1.404,179.626,59.782,-51.273
-0.709,-0.05,-1.026,12.39,49.194,-0.793,-179.918,58.541,-51.295
-0.39,-0.085,-1.0,8.362,44.617,8.911,-179.28,56.003,-51.432
-0.295,-0.018,-0.865,3.479,10.376,20.081,-179.412,54.805,-52.333
-0.377,0.021,-0.777,6.104,-6.042,16.846,-179.577,54.701,-53.278
-0.494,0.003,-0.746,10.498,-16.785,12.085,-179.484,55.201,-54.053
-0.549,-0.064,-0.735,13.977,-2.319,1.221,-178.962,55.684,-54.388
-0.448,-0.133,-0.732,7.812,9.399,-4.272,-178.176,55.426,-54.152
-0.503,-0.122,-0.855,1.831,24.17,-8.484,-177.66,54.608,-53.74
-0.264,-0.143,-0.825,-1.953,18.921,-14.587,-177.094,53.3,-52.894
-0.371,-0.098,-0.728,-10.925,-14.465,-14.343,-176.869,53.432,-51.877
-0.437,-0.076,-0.71,-8.24,-13.611,-17.151,-176.671,54.047,-50.729
-0.373,-0.083,-0.69,-8.423,-10.742,-13.306,-176.418,54.531,-49.664
-0.329,-0.043,-0.759,-11.108,-17.029,-5.981,-176.457,55.085,-49.005
-0.609,-0.019,-1.009,-7.446,-29.358,-5.005,-176.578,56.239,-48.549
-0.623,0.036,-1.008,-4.272,-9.949,-2.197,-176.765,57.222,-48.406
-0.715,0.049,-1.046,-7.568,-46.326,1.526,-176.968,58.222,-48.433
-1.075,0.092,-1.009,-17.029,-25.696,6.287,-177.726,60.496,-48.807
-0.681,0.164,-0.858,-16.968,23.254,1.465,-178.907,60.293,-49.438
-0.468,0.114,-0.769,-7.996,15.076,-24.414,-179.028,59.365,-48.845
-0.471,0.092,-0.731,-5.554,2.014,-18.677,-178.698,59.145,-47.785
-0.476,0.084,-0.721,-0.793,4.333,-3.174,-178.671,58.991,-47.576
-0.433,0.121,-0.692,2.563,3.174,12.817,-179.0,58.793,-48.318
-0.383,0.162,-0.668,4.15,4.211,31.555,-179.819,58.563,-50.114
-0.532,0.211,-0.742,13.306,-13.794,36.011,179.138,58.821,-52.718
-0.512,0.098,-0.642,17.761,-10.864,26.367,178.665,59.403,-55.025
-0.671,0.129,-0.761,1.77,-15.32,21.851,178.05,60.035,-56.86
-0.611,0.145,-0.806,7.996,28.381,13.55,177.539,59.595,-58.2
-0.285,0.14,-0.753,10.925,24.475,8.911,177.545,58.068,-59.008
-0.241,0.065,-0.705,13.306,-20.813,2.686,177.841,57.865,-59.557
-0.635,0.049,-0.812,10.071,-48.706,2.319,178.149,59.535,-59.963
-0.767,0.037,-0.779,14.343,-35.095,-0.427,178.374,61.633,-60.474
-0.867,-0.143,-0.951,18.005,-40.405,-20.752,179.615,63.314,-59.952
-1.253,-0.112,-1.005,2.93,-2.502,-11.841,-179.214,65.22,-58.876
-0.791,-0.175,-0.92,7.812,55.908,-13.306,-178.099,63.814,-57.881
-0.449,-0.13,-0.835,-7.202,38.94,7.385,-177.874,61.507,-57.634
-0.414,-0.018,-0.756,-13.367,-0.977,14.038,-178.737,60.826,-58.255
-0.548,0.009,-0.686,-11.169,-6.226,4.089,-179.489,61.15,-58.623
-0.394,-0.027,-0.518,-10.864,-11.536,-9.949,-179.72,61.534,-58.239
-0.556,-0.072,-0.6,-14.832,-19.104,-22.461,-179.5,62.496,-57.003
-0.552,-0.06,-0.648,-14.893,20.203,-27.649,-179.066,62.342,-55.223
-0.383,-0.057,-0.615,-14.587,12.634,-24.597,-178.632,61.534,-53.454
-0.374,-0.05,-0.649,-5.615,2.258,-20.569,-178.05,61.194,-51.888
-0.537,-0.043,-0.801,-4.883,-24.902,-8.423,-177.589,61.507,-50.894
-0.921,0.011,-0.96,-8.728,-8.545,-4.089,-177.545,62.644,-50.367
-0.817,0.081,-1.119,-10.193,11.23,5.493,-177.907,62.106,-50.345
-0.865,0.125,-1.155,-5.981,39.062,5.432,-178.726,61.293,-50.922
-0.495,0.174,-1.093,-11.536,26.062,13.0,-179.412,59.359,-51.454
-0.457,0.151,-0.915,-7.141,-10.01,0.0,179.67,58.887,-52.147
-0.671,0.128,-0.803,-14.709,-34.18,-11.658,179.225,60.068,-51.899
-0.673,0.127,-0.721,-14.465,-4.089,-12.939,178.792,61.078,-51.356
-0.58,0.188,-0.658,-11.108,-0.671,-5.371,178.308,61.21,-51.031
-0.493,0.204,-0.615,0.061,10.803,5.249,177.863,60.952,-51.389
-0.398,0.198,-0.588,9.277,12.207,16.663,177.484,60.381,-52.443
-0.373,0.209,-0.612,18.738,-3.296,24.597,177.122,60.035,-54.163
-0.484,0.112,-0.597,21.851,-18.066,21.912,177.034,60.623,-56.036
-0.59,0.11,-0.642,14.465,-6.958,15.747,176.896,61.227,-57.541
-0.438,0.114,-0.661,10.559,8.545,16.418,176.759,60.958,-58.672
-0.577,0.124,-0.813,14.465,-17.639,25.94,176.391,61.161,-60.211
-0.798,0.036,-0.826,21.423,-31.128,32.288,176.034,62.364,-62.309
-1.207,-0.07,-1.126,25.696,-13.0,19.226,176.237,63.062,-63.99
-0.782,-0.096,-1.063,27.344,73.364,22.705,176.979,61.309,-64.885
-0.286,-0.148,-0.958,17.273,41.199,38.33,177.583,58.134,-65.967
-0.394,-0.024,-0.835,0.488,-9.46,54.077,176.682,57.288,-68.302
-0.586,0.067,-0.753,5.188,-11.414,49.927,175.347,57.601,-70.977
-0.573,0.084,-0.717,16.968,-5.676,42.48,174.573,57.689,-73.4
-0.561,0.024,-0.728,24.353,8.24,32.654,174.611,57.491,-75.251
-0.441,-0.019,-0.684,22.705,2.563,29.053,175.029,57.014,-76.668
-0.526,-0.031,-0.698,18.372,-3.052,23.193,175.391,57.047,-77.838
-0.426,-0.046,-0.653,18.433,10.071,19.592,175.897,56.739,-78.591
-0.405,-0.017,-0.67,17.212,-1.526,28.748,176.259,56.492,-79.536
-0.492,0.014,-0.729,21.973,-1.831,40.222,176.336,56.547,-81.238
-0.354,0.035,-0.735,18.433,1.648,45.532,176.182,56.283,-83.359
-0.385,0.142,-0.988,16.602,-26.306,46.57,175.693,56.475,-85.715
-0.842,0.181,-1.025,26.855,-41.748,49.805,175.177,58.189,-88.462
-0.771,0.162,-1.051,22.888,-14.16,73.669,174.32,58.749,-91.994
-0.774,0.331,-1.025,16.174,-6.409,86.365,172.167,58.782,-97.009
-0.653,0.31,-0.963,29.236,5.005,61.279,170.826,58.079,-101.085
-0.507,0.214,-0.85,37.659,5.92,48.157,170.717,57.228,-103.958
-0.44,0.104,-0.763,46.997,-3.235,28.198,171.617,56.761,-105.941
-0.51,0.046,-0.727,45.105,-7.019,33.081,172.985,56.788,-107.452
-0.523,0.046,-0.679,40.283,-11.169,49.988,173.76,56.898,-109.803
-0.637,0.094,-0.724,37.17,-5.188,58.105,173.947,57.079,-112.917
-0.574,0.131,-0.748,40.588,11.23,63.538,173.99,56.58,-116.307
-0.487,0.157,-0.831,44.556,16.296,62.927,174.199,55.552,-119.756
-0.396,0.105,-0.874,45.532,1.282,55.115,174.781,54.789,-122.899
-0.508,0.098,-0.917,33.691,-20.02,54.26,175.095,55.069,-125.771
-0.648,0.133,-0.898,29.846,-23.01,54.932,174.919,55.876,-128.694
-0.639,0.118,-0.864,31.189,-26.367,51.392,174.732,56.684,-131.539
-0.547,0.048,-0.751,40.894,-16.235,48.767,174.974,57.382,-134.143
-0.493,-0.032,-0.721,51.514,-16.479,54.565,175.605,57.854,-136.846
-0.662,-0.074,-0.745,57.922,-21.24,60.974,176.468,58.645,-139.894
-0.694,-0.128,-0.768,61.218,-1.587,68.054,177.407,58.914,-143.157
-0.611,-0.152,-0.765,57.434,24.719,71.96,178.204,58.244,-146.563
-0.395,-0.143,-0.721,45.837,15.564,73.792,178.786,57.019,-149.897
-0.523,-0.081,-0.745,39.917,-2.869,66.04,178.929,56.777,-153.182
-0.567,-0.114,-0.746,39.734,-1.526,55.481,179.308,56.887,-155.901
-0.518,-0.213,-0.817,37.048,3.479,46.326,179.929,56.882,-158.049
-0.346,-0.244,-0.781,18.982,-5.066,45.593,-179.659,56.799,-159.807
-0.47,-0.181,-0.855,10.132,-9.033,34.546,-179.907,57.272,-161.439
-0.732,-0.159,-1.127,-4.761,-25.635,30.945,179.912,57.717,-162.35
-0.645,0.056,-0.946,-10.01,0.61,44.922,178.445,58.513,-164.02
-0.421,0.165,-0.8,-7.019,4.395,50.476,176.715,57.925,-166.306
-0.373,0.229,-0.722,4.15,-17.273,48.584,175.221,57.854,-168.865
-0.721,0.278,-0.812,11.536,-28.259,53.406,173.694,58.92,-172.002
-0.728,0.194,-0.856,28.625,22.522,38.574,173.271,58.447,-174.32
-0.448,0.13,-0.853,35.339,35.583,36.499,173.826,56.585,-175.803
-0.304,0.096,-0.832,33.203,14.709,46.387,174.342,55.074,-177.742
-0.428,0.131,-0.813,28.503,-8.972,49.744,174.402,54.728,179.676
-0.479,0.199,-0.778,27.344,-3.601,52.002,174.161,54.586,176.847
-0.53,0.163,-0.764,23.682,-4.333,44.067,174.067,54.52,174.402
-0.535,0.231,-0.826,22.827,6.409,40.649,173.826,54.174,172.189
-0.402,0.191,-0.848,25.085,8.85,34.546,173.974,53.454,170.458
-0.373,0.195,-0.838,22.095,-12.634,34.241,174.04,53.262,168.646
-0.55,0.158,-0.946,20.386,-20.02,30.762,174.056,53.817,166.8
-0.551,0.171,-0.946,17.944,-18.555,33.63,173.837,54.498,164.866
-0.688,0.13,-0.866,14.221,-28.503,35.706,173.491,55.563,162.872
-0.686,0.105,-0.875,23.376,-6.592,27.588,173.232,56.212,161.027
-0.428,0.022,-0.73,29.785,8.911,24.048,173.859,55.915,159.917
-0.373,-0.057,-0.686,28.687,-14.282,26.245,174.661,55.909,158.692
-0.655,-0.056,-0.804,33.447,-5.92,30.518,175.38,56.514,157.126
-0.622,-0.096,-0.89,36.987,26.917,34.79,176.429,55.706,155.621
-0.379,-0.115,-0.905,34.546,52.185,39.856,177.528,53.459,153.995
-0.146,-0.078,-0.927,21.179,26.245,44.556,178.083,51.29,151.787
-0.198,-0.029,-0.871,17.517,-5.981,30.823,178.325,50.729,149.507
-0.328,-0.019,-0.826,15.076,-23.865,20.63,178.704,51.24,147.783
-0.511,-0.065,-0.786,15.259,-19.531,9.094,179.193,52.317,146.591
-0.587,-0.062,-0.87,9.399,-8.484,5.859,179.802,52.877,146.03
-0.497,-0.105,-0.852,10.071,1.465,-0.488,-179.583,52.954,145.794
-0.483,-0.108,-0.852,3.296,2.747,4.7,-179.061,52.932,145.673
-0.344,-0.071,-0.756,-2.197,-6.165,5.798,-179.006,52.91,145.201
-0.396,-0.052,-0.668,-6.287,-25.146,-5.371,-179.044,53.718,144.987
-0.546,-0.074,-0.676,-8.85,-20.325,-16.357,-178.896,54.937,145.492
-0.5,-0.103,-0.697,-10.62,-2.258,-21.729,-178.594,55.525,146.602
-0.392,-0.075,-0.65,-19.348,-15.686,-14.893,-178.5,55.915,147.744
-0.468,0.007,-0.634,-15.503,-23.376,-12.207,-178.857,57.101,148.403
-0.707,0.027,-0.872,-10.925,-27.344,-6.775,-178.962,58.321,149.052
-0.826,0.099,-0.998,-1.343,-1.77,-7.08,-179.05,59.106,149.464
-0.711,0.076,-1.031,-3.296,-2.991,-2.563,-178.813,59.178,150.051
-0.742,0.195,-1.113,1.892,18.799,8.728,-179.297,58.848,149.683
-0.499,0.137,-1.005,7.446,13.977,3.357,-179.22,57.947,149.474
-0.528,0.087,-0.917,10.315,-10.925,-1.16,-178.989,57.991,149.299
-0.597,0.002,-0.821,1.404,-10.925,-4.822,-178.665,58.568,149.458
-0.604,0.055,-0.757,-8.118,-1.343,2.136,-178.978,58.859,149.469
-0.528,0.108,-0.699,-13.245,7.568,12.939,-179.819,58.689,149.062
-0.463,0.188,-0.659,-11.23,11.658,26.123,178.764,58.222,147.887
-0.382,0.236,-0.642,-4.211,15.625,29.236,177.352,57.469,146.305
-0.272,0.266,-0.616,6.226,6.226,31.494,176.215,56.673,144.547
-0.425,0.273,-0.658,13.916,-15.076,36.377,175.347,56.755,142.449
-0.404,0.267,-0.673,19.714,2.502,36.743,174.573,56.755,140.098
-0.368,0.187,-0.671,24.841,-12.878,22.583,174.391,56.739,138.23
-0.77,0.13,-0.941,20.996,-25.452,18.921,174.578,57.48,136.829
-0.91,0.049,-1.115,21.606,-5.554,10.254,174.798,57.975,135.626
-0.588,-0.152,-1.125,19.348,12.817,-22.766,176.331,57.453,136.247
-0.926,-0.016,-1.223,-8.423,22.583,-6.042,176.957,57.294,136.967
-0.353,-0.046,-1.017,3.296,52.368,-13.367,177.528,54.899,137.51
-0.215,-0.045,-0.899,-8.24,-2.014,-15.015,178.044,53.822,138.137
-0.493,0.044,-0.799,-6.165,-26.306,-10.986,178.072,54.805,138.318
-0.545,0.047,-0.708,4.7,-8.484,-7.629,178.374,55.53,138.373
-0.495,-0.069,-0.672,12.268,-4.944,-17.456,179.401,55.838,138.895
-0.667,-0.108,-0.818,7.812,6.958,-15.198,-179.445,55.865,139.669
-0.573,-0.129,-0.839,2.808,30.579,-13.0,-178.572,55.113,140.29
-0.363,-0.09,-0.763,-7.996,23.01,-12.024,-178.044,53.74,140.845
-0.343,0.021,-0.743,-11.23,15.808,-23.56,-177.979,52.916,141.443
-0.355,0.031,-0.746,-14.526,5.371,-26.367,-177.814,52.405,142.674
-0.362,-0.057,-0.774,-8.484,15.808,-35.4,-177.561,51.938,144.042
-0.233,-0.131,-0.732,-12.329,6.348,-37.72,-176.957,51.169,145.882
-0.337,-0.134,-0.736,-13.977,-14.709,-34.241,-176.688,51.416,147.382
-0.411,-0.13,-0.835,-16.235,-24.292,-24.963,-176.407,52.004,148.689
-0.843,-0.064,-1.043,-9.766,-22.705,-21.973,-176.276,53.454,149.623
-0.574,0.001,-0.911,-8.423,1.709,-20.935,-175.897,53.723,150.826
-0.799,0.071,-1.113,-7.141,-3.174,-17.029,-175.825,53.773,151.743
-0.683,0.04,-1.148,-12.695,42.542,-16.785,-175.842,52.795,152.732
-0.296,0.12,-1.008,-16.602,27.771,-14.832,-176.391,50.867,153.457
-0.458,0.101,-0.964,-10.376,-8.606,-19.653,-176.688,50.762,154.314
-0.472,0.09,-0.854,-5.554,0.122,-19.592,-176.765,50.911,155.237
-0.406,0.054,-0.743,-5.371,1.038,-17.212,-176.671,50.927,156.176
-0.382,0.059,-0.716,-6.47,4.639,-15.259,-176.699,50.801,156.978
-0.363,0.099,-0.694,-9.277,8.85,-7.446,-176.973,50.504,157.544
-0.349,0.135,-0.712,-5.859,5.432,3.357,-177.495,50.153,157.577
-0.425,0.18,-0.742,-3.784,-2.502,18.494,-178.231,50.169,156.879
-0.338,0.184,-0.713,8.423,5.737,10.986,-178.841,50.087,155.858
-0.339,0.082,-0.72,16.907,-7.202,-2.686,-178.522,50.142,155.616
-0.313,0.018,-0.741,18.799,-1.343,-1.16,-177.858,50.367,155.572
-0.619,-0.07,-1.051,21.851,-24.475,-0.366,-176.946,50.966,155.462
-0.604,-0.117,-1.03,15.503,-8.85,6.714,-176.248,51.702,155.034
-0.786,-0.224,-1.156,11.292,-19.653,-6.348,-175.303,52.432,155.05
-0.789,-0.128,-1.283,-0.977,47.546,3.418,-175.139,51.647,154.896
-0.249,-0.13,-1.15,-1.587,63.293,4.211,-175.172,48.576,154.402
0.011,-0.063,-0.93,-6.409,-0.793,9.888,-175.463,47.115,153.539
-0.329,-0.022,-0.77,-4.15,-43.579,15.442,-175.924,48.62,152.347
-0.477,-0.01,-0.679,6.836,-25.818,15.564,-176.166,50.136,151.035
-0.439,-0.079,-0.738,5.981,-11.414,22.095,-176.122,50.916,149.722
-0.498,-0.115,-0.826,10.315,3.662,10.071,-176.116,51.119,148.42
-0.382,-0.151,-0.792,5.859,17.822,-0.977,-175.649,50.592,147.947
-0.33,-0.181,-0.812,-2.808,12.39,0.122,-175.309,49.828,147.629
-0.281,-0.069,-0.781,-19.531,3.113,13.55,-175.853,49.367,146.766
-0.274,0.036,-0.746,-16.541,-7.812,11.719,-176.968,49.46,145.508
-0.263,0.001,-0.707,-11.108,-17.517,1.831,-177.654,50.004,144.734
-0.201,-0.012,-0.675,-9.583,-27.588,-1.099,-178.143,50.911,144.24
-0.711,-0.014,-0.974,-14.404,-58.411,-1.099,-178.616,52.993,143.849
-0.717,0.059,-1.026,-12.512,-18.555,4.517,-179.33,54.8,143.459
-1.203,0.13,-1.219,-23.804,-12.878,15.503,179.423,56.245,142.712
-0.666,0.214,-1.103,-15.686,72.205,20.874,177.902,54.064,141.828
-0.145,0.234,-0.988,-1.465,44.006,5.981,177.188,51.13,141.345
-0.243,0.105,-0.854,10.559,-11.414,-5.31,177.528,50.696,141.367
-0.464,0.032,-0.759,9.399,-13.916,4.211,177.929,51.46,141.031
-0.454,0.103,-0.742,0.854,-2.441,20.508,177.671,51.652,139.971
-0.475,0.153,-0.765,1.709,7.507,23.804,177.078,51.471,138.521
-0.42,0.176,-0.803,7.507,20.935,12.39,176.792,50.674,137.488
-0.284,0.168,-0.806,12.756,12.756,-0.732,177.16,49.735,137.296
-0.318,0.096,-0.754,16.113,-6.836,-5.493,177.863,49.592,137.318
-0.439,0.096,-0.744,14.587,-9.521,-6.226,178.566,50.147,137.346
-0.405,0.065,-0.742,15.259,-4.272,-12.756,179.368,50.471,137.609
-0.35,-0.018,-0.753,12.512,-3.845,-22.522,-179.572,50.735,138.4
-0.431,-0.058,-0.849,1.221,-14.709,-22.949,-178.693,51.191,139.406
-0.69,-0.098,-0.972,-7.874,-19.714,-12.939,-178.369,52.152,140.059
-0.416,-0.034,-0.799,-11.169,0.427,-17.517,-178.533,52.707,140.477
-0.958,-0.127,-1.035,-3.113,-9.399,-37.72,-177.808,53.564,141.998
-0.503,-0.107,-1.066,1.465,58.472,-21.851,-177.122,51.614,143.3
-0.252,-0.142,-1.063,-4.7,37.659,-11.169,-176.534,49.285,143.965
-0.265,0.001,-0.929,-6.592,1.16,14.587,-176.94,48.538,143.174
-0.396,0.004,-0.821,3.845,-13.489,15.442,-177.242,48.889,141.79
-0.489,-0.042,-0.792,14.526,-0.183,1.282,-176.852,49.23,141.015
-0.355,-0.116,-0.739,10.071,10.498,-7.263,-176.05,48.884,140.927
-0.295,-0.142,-0.738,3.174,9.094,-13.672,-175.358,48.433,141.191
-0.316,-0.125,-0.833,-8.057,22.766,-14.587,-175.106,47.703,141.427
-0.196,-0.145,-0.846,-2.502,11.963,-23.621,-174.836,46.664,141.905
-0.254,-0.17,-0.845,-10.071,1.77,-17.456,-174.501,46.198,142.46
-0.192,-0.08,-0.786,-15.503,-8.24,-2.136,-174.82,46.082,142.3
-0.264,-0.029,-0.736,-18.25,-19.348,9.46,-175.529,46.763,141.625
-0.291,0.031,-0.861,-11.719,-29.419,10.742,-176.49,47.648,140.499
-0.654,0.018,-1.048,-10.803,-23.315,1.831,-177.089,49.136,139.971
-0.433,0.116,-1.032,-18.25,-13.672,13.489,-177.841,49.812,139.653
-0.932,0.245,-1.152,-10.071,-7.446,9.338,-179.077,50.966,138.95
-0.359,0.244,-1.027,3.052,30.762,3.479,-179.495,49.724,138.922
-0.486,0.106,-1.066,6.47,-4.089,-8.057,-179.225,49.427,139.373
-0.413,0.117,-0.871,-0.549,7.69,-6.958,-179.225,49.252,139.85
-0.301,0.083,-0.705,2.075,-13.733,-10.01,-179.072,49.417,140.554
-0.458,0.116,-0.653,3.296,-22.949,0.244,-179.077,50.526,140.872
-0.427,0.139,-0.613,9.521,-3.906,8.667,-179.138,51.163,140.806
-0.379,0.079,-0.642,16.479,-4.333,5.981,-178.824,51.394,140.806
-0.455,0.103,-0.724,13.855,2.38,15.564,-178.682,51.531,140.499
-0.325,0.066,-0.735,13.245,4.761,14.587,-178.456,51.345,140.092
-0.383,0.08,-0.93,18.799,-16.968,6.592,-178.27,51.487,139.559
-0.736,-0.073,-1.101,14.16,-8.667,2.075,-177.545,52.498,139.581
-0.491,-0.141,-1.0,15.93,-3.113,-10.071,-176.77,52.679,139.867
-0.697,-0.174,-1.054,6.653,13.123,-11.719,-175.787,52.877,140.647
-0.535,-0.161,-1.12,2.502,39.734,-1.892,-175.413,51.498,140.867
-0.215,-0.093,-1.011,-2.258,27.954,3.113,-175.38,49.537,140.62
-0.29,-0.079,-0.897,2.747,-3.296,0.305,-175.336,48.939,140.169
-0.39,-0.124,-0.795,4.456,-5.981,-2.258,-175.007,49.136,139.938
-0.409,-0.158,-0.773,1.648,-4.395,-3.296,-174.65,49.29,139.839
-0.407,-0.167,-0.8,-3.784,9.766,-4.578,-174.485,49.109,139.801
-0.329,-0.143,-0.83,-5.127,12.39,-7.141,-174.43,48.395,139.834
-0.346,-0.187,-0.878,-5.432,10.986,-11.902,-174.216,47.791,140.092
-0.368,-0.157,-0.9,-11.536,15.869,-7.141,-174.26,47.098,140.279
-0.247,-0.106,-0.844,-13.184,3.418,-6.653,-174.584,46.511,140.262
-0.353,-0.077,-0.849,-17.517,5.554,-9.949,-174.985,46.379,140.526
-0.253,-0.051,-0.804,-12.207,-4.639,-15.625,-175.342,46.187,141.015
-0.298,-0.102,-0.731,-8.057,-13.428,-20.752,-175.276,46.642,142.031
-0.289,-0.14,-0.666,-8.728,-26.001,-18.494,-175.078,47.532,143.163
-0.563,-0.1,-0.902,-11.475,-36.377,-12.085,-175.089,48.988,144.036
-0.88,-0.017,-1.181,-17.151,0.427,-4.761,-175.435,50.087,145.069
-0.584,-0.01,-1.124,-5.737,7.324,8.24,-175.891,49.691,145.833
-0.737,0.133,-1.105,-2.808,34.363,63.721,-176.968,49.263,144.789
-0.401,0.133,-1.011,27.039,50.11,94.543,-178.314,47.142,141.07
-0.278,0.105,-0.97,45.837,38.818,105.774,-178.517,44.951,136.555
-0.194,0.022,-0.862,51.575,17.151,108.276,-178.077,43.621,131.309
-0.175,-0.011,-0.829,38.94,1.099,91.431,-177.66,43.248,126.392
-0.278,0.02,-0.843,25.024,-4.822,80.261,-177.616,43.363,122.119
-0.269,-0.002,-0.879,9.155,14.771,65.735,-178.083,43.022,118.345
-0.152,0.074,-0.863,-6.348,6.653,42.114,-178.973,42.259,115.587
-0.23,0.184,-0.81,-12.207,-6.958,30.396,179.868,42.27,113.692
-0.345,0.204,-0.823,-8.423,-8.423,21.423,178.852,42.572,112.44
-0.252,0.167,-0.759,-7.935,-0.549,12.939,178.094,42.599,111.813
-0.254,0.226,-0.834,-3.845,2.197,1.038,177.363,42.539,111.665
-0.121,0.155,-0.903,2.991,-2.502,-6.531,177.182,42.347,112.039
-0.378,0.115,-1.0,3.784,-37.231,2.258,177.182,43.44,112.209
-0.544,0.004,-0.93,8.911,-30.396,-7.141,177.413,45.214,112.203
-0.528,-0.14,-1.178,9.399,-0.977,-27.954,178.286,46.016,113.099
-0.518,-0.072,-1.28,-10.925,35.828,-16.235,178.786,45.39,114.285
-0.199,-0.026,-1.23,-7.507,36.072,-21.423,178.841,43.456,115.027
-0.008,-0.07,-0.916,-18.921,-7.996,-50.476,179.039,42.66,116.653
-0.303,-0.053,-0.703,-35.645,-53.162,-70.862,178.797,44.429,119.394
-0.487,0.008,-0.615,-37.354,-30.457,-73.914,178.484,46.664,122.921
-0.427,0.018,-0.667,-18.982,-1.587,-61.035,178.638,47.532,126.497
-0.372,-0.059,-0.724,-13.062,10.315,-56.885,179.291,47.494,130.1
-0.32,-0.081,-0.814,-5.676,20.508,-59.204,-179.819,46.939,133.654
-0.15,-0.178,-0.727,-11.597,5.676,-72.693,-178.599,46.395,137.549
-0.263,-0.129,-0.854,-30.884,-25.452,-76.477,-177.924,46.994,141.614
-0.646,0.013,-1.084,-26.733,-24.658,-73.12,-177.72,48.422,145.811
-0.72,0.064,-1.087,-20.386,2.686,-28.931,-177.523,49.026,149.178
-0.759,0.2,-1.15,-14.465,23.743,14.771,-178.533,48.62,149.788
-0.372,0.287,-0.957,-12.024,51.636,15.259,-179.753,46.599,149.799
-0.244,0.23,-0.937,8.606,32.715,-3.967,179.846,44.462,150.255
-0.205,0.101,-0.851,7.935,24.902,-5.066,-179.775,43.138,151.194
-0.15,0.067,-0.8,0.916,10.62,-2.625,-179.626,42.209,151.963
-0.321,0.115,-0.819,-8.362,6.348,12.878,179.907,41.962,152.067
-0.167,0.195,-0.772,-13.367,15.869,24.841,178.912,41.232,151.556
-0.183,0.32,-0.87,-6.104,6.836,25.085,177.737,40.479,150.568
-0.162,0.201,-0.767,7.69,-9.46,15.991,177.391,40.391,149.969
-0.31,0.236,-0.748,9.888,-18.066,24.658,177.127,41.028,149.052
-0.332,0.159,-0.81,16.479,-2.563,25.757,177.198,41.353,148.14
-0.409,0.147,-1.012,22.461,-12.146,23.254,177.495,41.589,147.228
-0.592,0.0,-1.194,28.259,-7.507,10.864,178.363,42.034,146.799
-0.383,-0.145,-1.163,25.696,30.151,-9.521,179.72,41.391,147.491
-0.295,-0.211,-1.16,7.69,39.124,-15.076,-179.11,39.924,148.821
-0.109,-0.087,-1.082,-5.737,27.405,-3.479,-178.995,38.271,149.354
-0.104,-0.041,-0.909,-5.127,2.747,-3.296,-179.044,37.634,149.54
-0.24,0.013,-0.878,-5.676,-4.456,2.686,-179.187,37.903,149.458
-0.179,0.015,-0.889,3.479,11.658,-4.822,-179.203,37.656,149.464
-0.072,-0.109,-0.861,4.883,-2.563,-14.832,-178.643,37.337,150.095
-0.139,-0.069,-0.826,-2.136,-7.935,-20.813,-178.374,37.535,150.804
-0.171,-0.121,-0.742,-4.15,-27.039,-25.818,-178.006,38.287,151.952
-0.306,-0.092,-0.765,-11.414,-21.179,-16.724,-177.957,39.562,152.996
-0.271,-0.04,-0.783,-14.221,-19.531,-5.31,-178.253,40.49,153.627
-0.249,0.03,-0.92,-13.672,-11.108,0.977,-178.775,41.171,153.875
-0.405,0.087,-1.052,-9.46,-15.32,-2.136,-179.253,41.995,154.083
-0.295,0.117,-0.971,-9.399,-12.634,4.089,-179.659,42.687,154.308
-0.744,0.168,-1.14,-4.578,-7.202,3.723,179.797,43.709,154.319
-0.315,0.212,-1.13,2.747,43.945,11.353,179.489,42.133,154.44
-0.128,0.122,-1.057,10.01,12.634,5.798,179.659,40.831,154.435
-0.253,0.117,-0.921,5.859,-0.854,2.258,179.786,40.792,154.391
-0.327,0.006,-0.854,9.033,-2.563,-8.362,-179.736,40.891,154.929
-0.283,0.109,-0.824,-2.625,12.39,11.047,-179.89,40.551,155.034
-0.219,0.092,-0.773,4.944,-2.197,8.972,-179.984,40.243,154.825
-0.276,0.155,-0.802,4.822,1.221,14.404,179.857,40.281,154.418
-0.266,0.093,-0.808,12.207,-1.099,7.874,-179.973,40.309,154.166
-0.331,0.049,-0.884,12.024,-6.165,4.7,-179.594,40.529,154.138
-0.234,0.088,-0.86,4.7,3.601,9.277,-179.434,40.644,154.072
-0.398,0.039,-1.052,10.681,-18.738,4.272,-179.225,41.006,153.94
-0.474,0.064,-1.222,4.395,16.418,13.184,-179.209,41.094,153.638
-0.091,-0.012,-1.057,14.465,26.306,0.0,-178.846,40.001,153.644
-0.082,-0.155,-1.071,14.526,-15.625,-1.526,-177.957,39.457,153.776
-0.467,-0.068,-1.109,-8.118,3.357,22.949,-178.072,40.067,153.007
-0.06,0.006,-1.002,13.672,20.508,11.169,-178.055,38.958,152.1
-0.154,-0.109,-0.896,12.634,-18.982,14.465,-177.336,39.045,151.386
-0.381,-0.092,-0.907,7.69,5.371,11.841,-177.006,39.441,150.513
-0.138,-0.058,-0.927,5.676,23.071,9.521,-176.704,38.43,149.98
-0.105,-0.067,-0.959,8.606,12.451,3.845,-176.325,37.59,149.491
-0.087,-0.073,-1.002,6.47,12.756,-3.235,-175.864,36.815,149.282
-0.095,-0.086,-1.007,6.836,5.615,-9.827,-175.408,36.244,149.321
-0.15,-0.095,-1.0,3.906,1.221,-7.202,-175.018,35.942,149.48
-0.151,-0.101,-0.978,-3.052,0.793,-0.244,-174.831,35.771,149.414
-0.127,-0.021,-0.96,-3.052,-0.122,2.319,-174.99,35.634,149.041
-0.175,-0.04,-0.946,3.174,-4.089,-0.854,-174.919,35.684,148.815
-0.188,-0.058,-0.942,4.272,-0.488,-1.709,-174.716,35.722,148.7
-0.201,-0.073,-0.969,1.77,2.502,-1.343,-174.523,35.656,148.7
-0.146,-0.073,-0.965,0.488,2.686,3.052,-174.452,35.453,148.574
-0.159,-0.041,-0.959,-1.099,-0.977,4.15,-174.507,35.381,148.271
-0.201,-0.04,-0.959,0.488,-3.54,3.845,-174.54,35.497,148.008
-0.211,-0.044,-0.951,1.892,-1.221,1.404,-174.496,35.601,147.859
-0.202,-0.068,-0.954,3.052,-0.183,0.671,-174.359,35.629,147.821
-0.185,-0.06,-0.953,1.648,1.465,2.197,-174.293,35.59,147.706
-0.201,-0.065,-0.95,1.038,-2.136,4.578,-174.221,35.651,147.524
-0.217,-0.062,-0.958,2.38,0.061,4.456,-174.172,35.717,147.239
-0.205,-0.076,-0.96,1.892,0.305,2.319,-174.1,35.733,147.057
-0.195,-0.067,-0.965,-2.441,2.075,4.333,-174.15,35.711,146.865
-0.163,-0.046,-0.949,-1.465,-3.235,5.371,-174.254,35.75,146.596
-0.222,-0.039,-0.939,3.052,-6.531,6.836,-174.282,36.057,146.184
-0.256,-0.056,-0.938,6.409,-3.967,7.996,-174.128,36.365,145.811
-0.229,-0.083,-0.948,6.592,-0.244,7.324,-173.886,36.508,145.426
-0.246,-0.115,-0.945,3.357,0.0,3.662,-173.661,36.601,145.184
-0.215,-0.092,-0.952,-0.854,2.93,5.188,-173.611,36.568,145.02
-0.196,-0.083,-0.944,-0.427,0.61,2.686,-173.666,36.508,144.761
-0.225,-0.067,-0.96,-2.197,0.122,6.287,-173.743,36.557,144.492
-0.203,-0.071,-0.958,-1.038,-0.793,3.235,-173.826,36.568,144.196
-0.236,-0.05,-0.958,-1.648,-0.916,3.54,-173.914,36.678,143.992
-0.193,-0.048,-0.945,2.747,-0.061,5.859,-173.908,36.689,143.734
-0.219,-0.068,-0.943,1.648,-5.005,5.005,-173.859,36.876,143.421
-0.243,-0.046,-0.951,1.648,-2.258,4.211,-173.837,37.09,143.185
-0.214,-0.078,-0.939,2.441,-3.418,4.395,-173.738,37.216,142.965
-0.258,-0.058,-0.938,0.488,-5.432,5.127,-173.743,37.524,142.734
-0.262,-0.049,-0.947,0.854,-0.61,5.005,-173.771,37.683,142.515
-0.25,-0.043,-0.936,2.686,-3.784,6.104,-173.743,37.842,142.273
-0.272,-0.066,-0.946,3.662,0.732,4.517,-173.639,38.013,142.053
-0.24,-0.083,-0.939,2.319,1.16,4.089,-173.54,38.007,141.844
-0.238,-0.059,-0.941,-0.549,-1.221,7.874,-173.584,38.068,141.542
-0.239,-0.042,-0.942,0.977,-0.244,9.094,-173.683,38.161,141.163
-0.255,-0.05,-0.94,2.991,-2.563,10.376,-173.694,38.304,140.713
-0.243,-0.05,-0.944,2.991,0.061,9.644,-173.705,38.408,140.197
-0.257,-0.062,-0.938,1.77,-2.38,7.935,-173.683,38.529,139.785
