-0.299,-0.009,-0.903,15.625,1.404,75.073,-178.539,37.2,77.053
-0.22,-0.058,-0.937,19.531,12.085,69.458,-178.347,36.76,72.839
-0.128,-0.075,-0.946,20.386,15.564,66.223,-178.022,36.03,68.769
-0.095,-0.125,-0.964,18.738,5.127,62.317,-177.545,35.453,64.968
-0.139,-0.111,-0.988,12.39,10.376,62.805,-177.259,35.101,61.238
-0.065,-0.12,-0.979,12.085,8.24,50.11,-177.028,34.525,57.827
-0.04,-0.099,-0.964,8.24,6.836,44.067,-176.786,34.036,55.031
-0.034,-0.085,-0.944,10.925,-3.967,36.56,-176.528,33.81,52.531
-0.114,-0.093,-0.97,11.414,-12.878,31.921,-176.111,34.129,50.471
-0.181,-0.104,-0.982,14.038,-8.362,30.518,-175.638,34.59,48.51
-0.227,-0.128,-0.997,11.047,-10.01,27.039,-175.161,34.964,46.648
-0.165,-0.108,-0.952,3.54,-4.15,30.701,-174.99,35.261,44.687
-0.181,-0.065,-0.867,-2.075,-19.714,30.09,-175.155,35.925,42.742
-0.311,0.0,-0.883,-2.991,-11.902,28.992,-175.562,36.804,40.781
-0.284,0.003,-0.928,0.671,2.258,21.79,-175.825,37.046,39.007
-0.247,-0.031,-0.971,1.282,2.563,16.052,-175.902,36.953,37.579
-0.313,-0.018,-0.995,-2.991,1.953,14.893,-176.122,37.007,36.266
-0.19,0.011,-0.931,-2.319,7.751,10.01,-176.407,36.766,35.085
-0.217,-0.007,-0.929,0.671,-2.686,5.066,-176.495,36.766,34.31
-0.246,-0.016,-0.968,-0.854,4.333,6.958,-176.578,36.76,33.552
-0.239,-0.003,-0.969,-2.014,-1.465,8.911,-176.715,36.705,32.75
-0.262,0.021,-0.937,0.488,-0.61,10.071,-176.891,36.848,31.794
-0.228,0.01,-0.924,0.793,2.686,5.554,-176.946,36.837,30.976
-0.231,-0.015,-0.936,0.549,2.93,-0.61,-176.935,36.777,30.443
-0.224,0.003,-0.956,-1.465,4.578,-0.122,-176.979,36.65,30.07
-0.211,-0.008,-0.959,-0.244,3.174,-1.953,-177.001,36.497,29.745
-0.192,-0.01,-0.958,-1.77,1.831,0.244,-177.05,36.398,29.443
-0.203,-0.003,-0.95,-2.869,-0.671,0.916,-177.166,36.409,29.125
-0.207,0.02,-0.96,0.122,-0.061,0.244,-177.264,36.447,28.779
-0.225,-0.0,-0.953,1.953,-2.197,1.465,-177.204,36.53,28.455
-0.207,0.002,-0.944,2.869,1.221,1.526,-177.116,36.535,28.092
-0.227,-0.013,-0.951,2.38,0.061,1.953,-177.006,36.557,27.708
-0.21,-0.007,-0.959,1.282,2.075,0.549,-176.946,36.497,27.367
-0.205,-0.014,-0.958,2.136,2.075,-2.014,-176.852,36.42,27.164
-0.2,-0.019,-0.962,0.61,1.404,-2.014,-176.781,36.343,27.015
-0.164,-0.012,-0.956,0.793,2.197,-0.854,-176.737,36.2,26.856
-0.199,-0.012,-0.953,1.709,-1.221,0.305,-176.666,36.2,26.686
-0.183,-0.024,-0.955,3.296,1.16,0.488,-176.545,36.161,26.461
-0.203,-0.021,-0.957,2.136,0.0,2.38,-176.44,36.145,26.191
-0.203,-0.038,-0.957,1.892,0.122,1.404,-176.325,36.129,25.922
-0.187,-0.023,-0.953,1.343,2.441,0.244,-176.27,36.057,25.675
-0.201,-0.032,-0.96,0.732,0.427,0.854,-176.199,36.008,25.472
-0.194,-0.022,-0.961,0.305,3.418,1.282,-176.177,35.903,25.247
-0.173,-0.029,-0.958,1.221,1.221,0.0,-176.138,35.782,25.049
-0.2,-0.026,-0.958,-1.099,0.854,0.854,-176.144,35.76,24.879
-0.158,-0.01,-0.96,-0.122,2.014,1.282,-176.182,35.634,24.686
-0.176,-0.019,-0.955,1.343,-0.916,2.197,-176.149,35.623,24.51
-0.178,-0.011,-0.958,1.526,0.366,4.456,-176.144,35.618,24.197
-0.189,-0.03,-0.956,1.343,-0.488,4.028,-176.089,35.623,23.923
-0.171,-0.026,-0.964,-0.61,1.099,2.808,-176.122,35.568,23.615
-0.187,-0.015,-0.959,-0.183,-2.625,1.953,-176.171,35.618,23.406
-0.19,-0.024,-0.959,-1.16,-0.061,1.892,-176.226,35.678,23.154
-0.198,-0.022,-0.956,-1.526,-1.099,1.709,-176.287,35.717,22.989
-0.186,-0.012,-0.96,-1.465,0.488,2.136,-176.396,35.728,22.725
-0.205,-0.01,-0.952,-1.892,-2.197,3.662,-176.501,35.788,22.478
-0.197,-0.003,-0.955,-2.441,1.282,4.211,-176.644,35.815,22.137
-0.199,0.001,-0.949,-1.709,-2.197,2.747,-176.786,35.848,21.857
-0.198,0.007,-0.96,-1.77,2.441,1.953,-176.918,35.848,21.605
-0.18,0.003,-0.951,-0.549,-1.648,2.563,-176.995,35.821,21.429
-0.208,0.003,-0.962,-0.671,-0.488,1.953,-177.094,35.909,21.154
-0.199,-0.001,-0.948,-1.404,-2.014,0.671,-177.138,35.958,21.044
-0.206,0.014,-0.953,0.549,0.366,2.93,-177.209,36.002,20.797
-0.204,0.008,-0.958,0.854,0.061,1.77,-177.215,36.008,20.566
-0.194,-0.012,-0.956,1.16,-0.122,0.0,-177.166,35.997,20.457
-0.206,0.004,-0.956,-1.221,0.305,1.404,-177.209,36.019,20.314
-0.188,0.013,-0.953,0.916,-0.122,2.075,-177.237,36.013,20.121
-0.201,0.001,-0.954,2.014,-1.16,1.099,-177.182,36.057,19.984
-0.206,0.0,-0.957,1.587,-0.061,0.244,-177.122,36.09,19.869
-0.193,-0.009,-0.948,2.808,-0.977,-0.793,-177.017,36.101,19.825
-0.226,-0.022,-0.957,1.343,-0.305,-0.244,-176.902,36.172,19.775
-0.184,-0.022,-0.95,0.793,0.122,-1.099,-176.847,36.134,19.709
-0.22,-0.021,-0.956,-0.549,-1.221,-0.122,-176.83,36.222,19.655
-0.195,-0.015,-0.961,-3.113,0.183,0.427,-176.896,36.238,19.539
-0.202,0.014,-0.959,0.549,-3.601,-0.488,-176.973,36.304,19.473
-0.223,-0.023,-0.948,1.587,-1.587,-0.183,-176.885,36.447,19.418
-0.21,-0.015,-0.949,0.61,1.282,0.427,-176.852,36.464,19.27
-0.208,-0.026,-0.948,-0.061,-1.648,1.343,-176.819,36.48,19.155
-0.217,-0.005,-0.957,0.122,1.648,2.075,-176.858,36.486,18.929
-0.198,-0.011,-0.958,-0.732,0.916,3.052,-176.874,36.425,18.732
-0.197,-0.01,-0.949,0.122,-0.732,1.77,-176.902,36.431,18.55
-0.204,-0.006,-0.952,-0.61,-0.549,0.854,-176.94,36.464,18.413
-0.211,0.008,-0.954,0.0,0.977,1.038,-176.973,36.464,18.309
-0.207,-0.013,-0.955,0.366,-0.244,-0.183,-176.957,36.447,18.226
-0.192,-0.003,-0.949,1.709,0.793,-1.526,-176.902,36.409,18.254
-0.205,-0.023,-0.954,1.648,0.122,2.686,-176.814,36.42,18.144
-0.196,-0.004,-0.959,1.038,1.282,3.113,-176.814,36.387,17.88
-0.195,-0.015,-0.95,1.221,-1.892,1.953,-176.765,36.392,17.737
-0.207,-0.015,-0.961,0.671,1.404,-1.038,-176.732,36.414,17.666
-0.184,-0.009,-0.952,0.549,-0.671,0.366,-176.71,36.365,17.644
-0.213,-0.02,-0.96,0.366,-0.122,0.61,-176.682,36.414,17.567
-0.19,-0.022,-0.948,0.244,-1.77,-1.892,-176.649,36.42,17.578
-0.226,-0.014,-0.958,-0.671,0.488,-0.488,-176.655,36.486,17.6
-0.194,-0.009,-0.953,-0.427,-0.183,0.977,-176.666,36.447,17.551
-0.202,-0.017,-0.957,1.77,0.183,0.305,-176.633,36.442,17.49
-0.203,-0.025,-0.95,-1.77,-0.793,0.244,-176.638,36.469,17.43
-0.217,0.002,-0.957,-0.793,0.549,0.183,-176.721,36.486,17.358
-0.192,-0.008,-0.954,0.122,0.549,0.0,-176.726,36.436,17.287
-0.205,0.0,-0.953,0.0,-0.671,-0.916,-176.732,36.453,17.276
-0.203,-0.01,-0.955,1.587,0.305,-1.099,-176.677,36.447,17.287
-0.202,-0.009,-0.953,1.16,-0.122,-2.136,-176.611,36.442,17.32
-0.208,-0.024,-0.955,2.136,-0.732,-2.319,-176.484,36.464,17.43
-0.196,-0.028,-0.953,0.916,-0.244,-3.906,-176.402,36.475,17.512
-0.216,-0.021,-0.955,-0.854,-0.854,-3.357,-176.364,36.519,17.644
-0.209,-0.032,-0.955,0.122,-0.793,-4.578,-176.32,36.541,17.803
-0.213,-0.028,-0.947,-1.831,-0.366,-2.441,-176.314,36.573,17.919
-0.207,-0.015,-0.948,-0.793,-0.122,-2.563,-176.358,36.595,17.985
-0.212,-0.021,-0.954,-0.244,-0.122,0.0,-176.358,36.617,18.012
-0.218,-0.025,-0.958,-0.366,-0.671,-0.061,-176.364,36.65,17.941
-0.208,-0.023,-0.948,-1.221,-0.305,0.061,-176.385,36.661,17.908
-0.217,-0.016,-0.945,-0.916,0.0,0.122,-176.451,36.683,17.825
-0.226,-0.014,-0.948,-2.075,1.587,0.793,-176.523,36.672,17.732
-0.206,-0.012,-0.949,-1.282,2.258,0.366,-176.594,36.573,17.661
-0.216,0.005,-0.958,-0.488,3.479,1.465,-176.671,36.469,17.545
-0.186,-0.009,-0.958,-0.427,1.587,-0.244,-176.688,36.332,17.485
-0.201,-0.01,-0.956,-0.977,-0.305,-0.061,-176.715,36.321,17.507
-0.2,0.015,-0.946,0.793,0.488,1.038,-176.77,36.321,17.413
-0.216,0.005,-0.955,0.793,0.244,0.427,-176.737,36.321,17.375
-0.192,-0.002,-0.953,3.174,1.221,-2.075,-176.649,36.266,17.397
-0.186,-0.014,-0.959,2.441,0.183,-4.272,-176.506,36.227,17.562
-0.188,-0.027,-0.954,2.319,-2.319,-5.798,-176.364,36.271,17.792
-0.208,-0.066,-0.959,0.916,-0.916,-7.874,-176.166,36.359,18.171
-0.185,-0.035,-0.956,-1.16,0.977,-2.38,-176.133,36.326,18.402
-0.172,-0.027,-0.956,0.488,-0.061,4.15,-176.144,36.277,18.336
-0.208,-0.041,-0.959,-0.122,-5.371,6.714,-176.16,36.409,18.062
-0.23,-0.027,-0.957,-3.906,-4.272,7.629,-176.314,36.645,17.704
-0.219,0.005,-0.93,-3.54,-3.418,6.348,-176.572,36.81,17.336
-0.257,0.003,-0.952,-1.221,-1.77,2.136,-176.721,37.007,17.089
-0.226,-0.02,-0.949,-0.549,0.671,0.0,-176.765,37.018,16.974
-0.215,-0.01,-0.953,0.122,4.822,-0.488,-176.77,36.898,16.968
-0.179,-0.037,-0.953,1.343,1.953,5.554,-176.732,36.716,16.765
-0.202,-0.014,-0.962,-0.427,0.366,9.338,-176.819,36.7,16.32
-0.209,-0.011,-0.954,0.916,-0.61,13.367,-176.891,36.716,15.738
-0.199,0.006,-0.954,2.441,0.122,15.198,-176.973,36.694,14.958
-0.234,0.014,-0.947,0.549,-3.174,15.32,-177.056,36.832,14.222
-0.228,0.017,-0.945,4.395,1.343,10.437,-177.094,36.87,13.535
-0.195,-0.014,-0.952,6.165,4.395,2.808,-176.918,36.705,13.222
-0.178,-0.015,-0.97,4.7,5.859,6.958,-176.71,36.447,13.013
-0.176,-0.032,-0.971,5.005,0.854,9.277,-176.545,36.271,12.629
-0.2,-0.044,-0.954,2.014,-2.258,4.7,-176.446,36.315,12.283
-0.202,-0.032,-0.946,-2.014,-0.122,2.38,-176.468,36.348,12.156
-0.205,-0.007,-0.952,-1.526,1.099,2.747,-176.578,36.326,12.019
-0.194,-0.009,-0.959,-0.305,1.648,3.418,-176.633,36.266,11.871
-0.195,-0.02,-0.952,1.404,-0.793,3.235,-176.627,36.238,11.7
-0.209,-0.018,-0.958,-1.343,0.488,2.136,-176.666,36.255,11.552
-0.191,-0.01,-0.957,-0.671,1.892,-1.587,-176.71,36.178,11.585
-0.188,-0.026,-0.958,-1.831,-0.183,-0.854,-176.743,36.123,11.656
-0.183,-0.013,-0.957,-1.953,-0.122,-0.244,-176.83,36.118,11.717
-0.226,-0.008,-0.959,-2.747,-3.357,3.113,-176.957,36.26,11.651
-0.207,0.001,-0.951,0.427,-0.244,3.723,-177.045,36.315,11.475
-0.208,-0.006,-0.949,0.122,0.732,6.958,-177.089,36.31,11.168
-0.205,0.002,-0.964,-0.427,1.038,6.409,-177.166,36.277,10.827
-0.204,0.0,-0.959,0.305,-1.465,5.493,-177.231,36.277,10.514
-0.208,-0.003,-0.948,-1.282,-0.793,5.493,-177.297,36.332,10.289
-0.206,0.011,-0.948,-1.282,1.282,4.089,-177.435,36.326,10.014
-0.199,0.003,-0.956,-0.854,-0.244,3.357,-177.523,36.315,9.827
-0.19,0.017,-0.955,-0.61,0.793,6.165,-177.627,36.288,9.602
-0.201,0.008,-0.955,0.122,-0.916,6.531,-177.693,36.299,9.322
-0.196,0.018,-0.958,1.526,2.136,10.437,-177.764,36.277,8.926
-0.194,0.014,-0.965,2.441,0.0,13.916,-177.797,36.189,8.35
-0.21,0.005,-0.957,4.761,-1.282,12.695,-177.792,36.222,7.663
-0.214,-0.016,-0.947,3.113,0.488,10.986,-177.72,36.255,7.086
-0.226,-0.028,-0.945,1.709,1.343,11.047,-177.687,36.227,6.559
-0.213,-0.009,-0.967,1.221,5.432,13.306,-177.753,136.873,-4.026
-0.357,0.042,-0.973,-3.052,4.456,7.935,-178.956,43.462,-49.449
-0.25,0.071,-0.871,-3.357,1.526,6.897,-179.22,43.27,-49.719
-0.407,0.096,-0.912,-3.601,-13.916,5.493,-179.528,43.709,-49.955
-0.457,0.115,-0.934,-2.747,6.042,6.042,-179.89,43.89,-50.279
-0.261,0.092,-0.931,-0.183,11.23,5.615,179.896,43.391,-50.576
-0.244,0.106,-0.927,-1.404,-3.052,8.606,179.665,43.281,-50.911
-0.283,0.082,-0.919,2.686,-6.47,7.385,179.489,43.506,-51.334
-0.285,0.082,-0.91,-0.061,-7.202,10.071,179.324,43.802,-51.746
-0.333,0.086,-0.917,0.916,-12.146,14.832,179.039,44.225,-52.416
-0.375,0.132,-0.879,0.488,-14.771,24.841,178.605,44.813,-53.481
-0.416,0.132,-0.835,5.737,-17.883,28.381,178.171,45.505,-54.97
-0.5,0.129,-0.804,6.836,-21.057,26.855,177.825,46.445,-56.596
-0.569,0.136,-0.791,7.874,-10.986,20.02,177.578,47.329,-58.013
-0.58,0.149,-0.852,7.202,0.732,16.174,177.479,47.708,-59.106
-0.517,0.146,-0.872,10.437,-1.709,9.277,177.528,47.823,-59.941
-0.52,0.185,-1.004,9.583,0.427,10.864,177.643,48.065,-60.59
-0.638,0.186,-1.16,6.409,-9.949,17.517,177.649,48.565,-61.463
-0.517,0.204,-1.277,13.245,21.484,16.846,177.512,48.329,-62.567
-0.014,0.054,-1.021,25.33,20.935,3.418,178.275,47.054,-62.946
-0.104,-0.118,-0.947,18.066,-30.823,0.183,179.286,47.417,-62.913
-0.319,-0.154,-0.919,7.202,-15.991,-8.362,-180.0,48.45,-62.391
-0.326,-0.128,-0.896,-4.089,-4.883,-10.986,-179.544,48.675,-61.392
-0.25,-0.074,-0.819,-10.986,5.554,-8.911,-179.528,48.378,-60.419
-0.261,-0.0,-0.733,-14.099,-12.634,-7.751,-179.808,48.389,-59.573
-0.455,0.021,-0.706,-10.01,-16.663,-10.925,179.962,49.169,-58.793
-0.491,0.019,-0.724,-7.141,-0.916,-12.39,179.978,49.526,-57.947
-0.429,0.052,-0.765,-5.188,-2.136,-11.475,179.945,49.598,-57.316
-0.455,0.062,-0.829,-3.784,1.526,-16.052,-179.945,49.785,-56.53
-0.371,0.028,-0.879,2.808,1.099,-18.433,-179.577,49.807,-55.585
-0.337,-0.05,-0.941,4.456,1.16,-17.578,-178.94,49.823,-54.547
-0.381,-0.126,-1.215,2.747,8.118,-16.602,-178.297,49.636,-53.514
-0.443,-0.112,-1.168,-1.77,-27.161,-28.442,-177.66,49.889,-52.07
-0.703,-0.007,-1.18,-11.536,-4.028,-28.381,-177.209,50.894,-50.312
-0.218,0.083,-0.839,-12.207,5.554,-38.94,-176.902,50.504,-48.34
-0.425,0.159,-0.823,-22.095,-25.94,-27.283,-176.929,50.988,-46.417
-0.549,0.227,-0.928,-8.24,15.198,-27.161,-177.286,51.064,-45.258
-0.329,0.096,-0.856,1.587,3.479,-27.1,-176.83,50.416,-43.951
-0.443,0.029,-0.755,-0.61,-14.648,-21.667,-176.484,50.872,-42.951
-0.424,0.01,-0.591,-6.104,-10.498,-15.076,-176.375,51.493,-42.166
-0.471,0.054,-0.537,-7.996,-16.052,-11.108,-176.622,52.251,-41.808
-0.583,0.053,-0.589,-6.287,-7.324,-14.648,-176.721,53.119,-41.369
-0.603,0.063,-0.759,-2.014,17.273,-10.742,-176.721,53.091,-41.05
-0.479,0.049,-0.859,0.061,17.456,-8.484,-176.6,52.295,-40.897
-0.424,0.062,-0.867,-0.061,5.798,-6.592,-176.517,51.954,-40.781
-0.48,0.12,-0.948,4.761,4.395,2.197,-176.583,51.812,-40.99
-0.564,0.052,-1.055,13.123,-14.526,3.906,-176.292,51.855,-41.375
-0.813,-0.02,-1.323,12.085,-1.221,12.878,-176.094,52.471,-42.127
-0.595,-0.12,-1.193,9.644,20.081,9.033,-175.869,52.07,-42.869
-0.151,-0.128,-0.864,7.935,14.16,14.404,-175.759,51.147,-43.588
-0.239,-0.193,-0.828,7.446,-12.146,6.531,-175.562,51.081,-44.116
-0.417,-0.173,-0.906,-3.174,15.076,9.949,-175.468,51.021,-44.225
-0.146,-0.122,-0.856,-3.662,18.738,7.568,-175.682,49.779,-44.5
-0.277,-0.09,-0.811,-0.793,-19.287,0.0,-175.655,49.861,-44.302
-0.372,-0.149,-0.699,2.38,-16.479,-5.737,-175.21,50.614,-43.709
-0.446,-0.127,-0.691,-5.554,-17.456,2.869,-175.067,51.394,-43.374
-0.496,-0.118,-0.738,-2.625,-7.751,0.671,-175.095,51.976,-43.308
-0.453,-0.099,-0.775,-3.723,-2.075,4.822,-175.182,52.18,-43.401
-0.469,-0.098,-0.868,-1.709,-0.366,4.028,-175.232,52.328,-43.561
-0.391,-0.107,-0.92,4.089,-2.625,3.296,-175.078,52.41,-43.671
-0.46,-0.18,-1.052,10.132,-1.282,-4.639,-174.6,52.531,-43.61
-0.483,-0.304,-1.091,9.46,-19.409,-21.545,-173.496,52.745,-42.621
-0.726,-0.222,-1.159,-12.085,-9.094,-12.207,-172.809,53.591,-41.281
-0.328,-0.057,-0.909,-22.766,15.32,-1.587,-173.265,53.179,-40.754
-0.289,0.155,-0.827,-34.607,-17.395,5.249,-174.754,52.949,-40.853
-0.521,0.254,-0.835,-20.447,-10.01,-2.441,-176.342,53.707,-41.012
-0.482,0.145,-0.796,-6.165,-2.197,-5.554,-176.913,53.839,-40.946
-0.494,0.076,-0.745,-3.601,5.737,-7.385,-177.226,53.767,-41.017
-0.379,0.052,-0.668,-9.338,8.545,-3.662,-177.567,53.394,-41.05
-0.316,0.031,-0.662,-9.949,-5.737,-8.728,-178.066,53.344,-41.056
-0.432,0.056,-0.643,-11.475,-24.963,-7.019,-178.533,54.234,-40.853
-0.629,0.031,-0.678,-6.653,-27.527,-9.155,-178.83,55.712,-40.748
-0.705,0.086,-0.721,-6.104,-9.033,-4.333,-179.022,56.7,-40.748
-0.694,0.13,-0.78,-6.47,4.944,-0.122,-179.275,56.981,-41.045
-0.577,0.279,-0.792,1.404,13.733,-3.54,-179.539,56.629,-41.435
-0.562,0.278,-0.866,19.104,14.404,4.15,-179.198,56.151,-42.017
-0.575,0.134,-1.002,31.86,-1.831,4.517,-178.27,55.964,-42.957
-0.939,-0.062,-1.194,15.625,-5.737,0.0,-177.358,56.678,-43.566
-0.707,-0.102,-1.125,10.559,28.381,-6.531,-176.748,56.162,-43.665
-0.231,-0.144,-0.852,3.601,32.654,1.465,-176.32,54.58,-43.676
-0.198,-0.189,-0.809,6.958,-2.197,-7.263,-176.017,53.751,-43.643
-0.378,-0.235,-0.861,-10.254,12.451,-1.648,-175.627,53.525,-43.006
-0.22,-0.124,-0.846,-12.451,14.648,8.423,-176.171,52.515,-43.022
-0.296,-0.105,-0.761,-12.634,-9.583,6.653,-176.682,52.158,-43.072
-0.458,-0.082,-0.683,-7.996,-23.682,1.282,-177.061,52.894,-42.995
-0.595,-0.052,-0.643,-5.615,-11.78,-3.479,-177.111,53.789,-42.709
-0.544,-0.065,-0.708,3.418,10.437,1.831,-176.907,53.751,-42.649
-0.479,-0.091,-0.769,4.272,14.099,13.367,-176.77,53.251,-43.182
-0.454,-0.125,-0.861,3.296,2.747,21.729,-176.885,52.938,-44.236
-0.46,-0.085,-0.914,3.418,5.127,26.611,-177.297,52.844,-45.654
-0.324,-0.086,-0.939,9.583,4.639,15.747,-177.352,52.476,-46.774
-0.501,-0.123,-1.045,12.939,-26.184,-14.282,-176.55,53.069,-46.571
-0.805,-0.139,-1.177,3.662,-20.508,-30.945,-175.172,54.146,-44.835
-0.542,-0.014,-0.966,-10.437,21.729,-12.512,-174.743,53.806,-43.638
-0.303,0.153,-0.881,-25.146,-6.47,4.517,-175.666,53.042,-43.72
-0.489,0.245,-0.842,-22.888,-1.709,-5.92,-177.1,53.405,-44.006
-0.466,0.185,-0.8,-15.503,9.644,-21.423,-177.786,53.102,-43.539
-0.404,0.154,-0.696,-10.132,9.888,-20.752,-178.116,52.592,-42.836
-0.35,0.094,-0.678,-5.615,-2.686,-15.686,-178.286,52.394,-42.391
-0.471,0.072,-0.69,-6.897,-5.432,-11.475,-178.489,52.751,-42.182
-0.503,0.085,-0.71,-8.85,-2.808,-8.789,-178.813,53.042,-42.133
-0.537,0.085,-0.756,-9.277,-6.897,-9.888,-179.121,53.438,-42.072
-0.565,0.089,-0.799,-8.728,-0.793,-16.174,-179.401,53.844,-41.88
-0.518,0.064,-0.836,-15.747,-1.831,-25.452,-179.478,54.042,-41.039
-0.489,0.052,-0.893,-33.02,-1.16,-31.006,-179.989,54.289,-39.836
-0.488,0.212,-0.913,-47.485,-7.568,-41.382,178.775,54.662,-38.106
-0.653,0.278,-0.967,-27.405,-36.377,-46.082,178.105,56.008,-36.019
-1.022,0.228,-1.138,-7.751,-17.822,-21.606,178.083,57.64,-34.788
-0.519,0.084,-0.876,22.461,21.24,2.258,178.731,57.31,-34.876
-0.25,-0.025,-0.869,30.457,2.869,31.128,179.374,56.475,-36.469
-0.47,-0.147,-0.864,23.743,25.94,26.672,179.945,56.118,-38.304
-0.179,-0.065,-0.823,8.728,29.785,32.532,179.923,54.289,-39.963
-0.203,-0.077,-0.731,4.456,-3.174,21.423,179.654,53.383,-41.298
-0.376,-0.037,-0.682,1.587,-18.494,15.015,179.484,53.734,-42.045
-0.532,-0.045,-0.718,6.165,-13.672,12.451,179.489,54.415,-42.665
-0.547,-0.014,-0.713,1.892,-5.066,21.79,179.418,54.739,-43.517
-0.573,0.021,-0.771,5.859,-1.587,26.184,179.011,54.893,-44.978
-0.577,0.03,-0.818,9.094,4.944,24.17,178.748,54.91,-46.478
-0.454,-0.013,-0.813,14.709,5.676,16.907,178.896,54.63,-47.67
-0.409,0.01,-0.894,16.113,-6.409,14.893,179.313,54.673,-48.576
-0.469,0.008,-1.088,23.804,5.737,5.676,-179.83,54.717,-49.037
-0.292,-0.164,-1.059,37.415,-21.118,-15.259,-178.022,54.756,-48.658
-0.879,-0.31,-1.239,11.292,-39.917,-23.071,-175.858,56.47,-46.978
-0.65,-0.079,-1.025,-14.038,26.062,-9.155,-175.583,56.382,-45.994
-0.185,0.087,-0.812,-29.602,12.939,0.916,-176.479,55.036,-45.703
-0.487,0.236,-0.785,-27.344,-36.072,7.202,-178.176,56.052,-46.093
-0.645,0.205,-0.698,-12.207,-3.235,-5.371,-179.198,56.887,-46.373
-0.5,0.161,-0.609,-8.057,0.183,-6.775,-179.703,56.816,-46.434
-0.529,0.107,-0.602,-4.639,5.371,-8.85,-179.967,56.865,-46.472
-0.429,0.05,-0.6,-6.042,-0.854,-12.085,179.94,56.843,-46.324
-0.573,0.067,-0.674,-6.531,3.357,-15.198,179.83,57.096,-45.983
-0.523,0.06,-0.712,-7.324,-1.77,-14.282,179.907,57.173,-45.428
-0.538,0.049,-0.767,-3.601,-9.583,-10.132,179.967,57.651,-45.038
-0.617,0.055,-0.765,-1.038,-21.912,-6.531,-179.984,58.618,-44.929
-0.715,0.098,-0.835,-7.202,-9.888,0.061,179.874,59.584,-45.049
-0.643,0.214,-0.89,-4.7,5.31,2.686,179.374,59.716,-45.467
-0.638,0.277,-0.971,9.338,-5.249,2.075,179.22,59.689,-46.033
-0.906,0.189,-1.059,16.296,-12.329,7.324,179.55,60.441,-46.714
-0.925,0.062,-1.066,22.949,1.831,12.634,179.973,60.721,-47.758
-0.511,0.009,-0.794,22.644,31.738,26.062,-179.769,59.81,-49.23
-0.279,-0.078,-0.833,30.029,15.259,23.01,-179.412,58.343,-50.933
-0.43,-0.236,-0.836,25.818,24.658,2.441,-178.154,57.508,-51.284
-0.203,-0.205,-0.744,7.935,23.132,18.494,-177.501,55.997,-51.542
-0.336,-0.129,-0.749,-3.235,2.502,28.442,-177.995,55.366,-52.63
-0.387,-0.074,-0.69,-4.272,0.244,19.897,-178.539,55.129,-53.454
-0.441,-0.031,-0.737,-3.54,-1.709,16.785,-179.033,55.042,-54.152
-0.487,-0.032,-0.791,-0.305,-4.15,11.475,-179.291,55.135,-54.624
-0.491,-0.037,-0.794,2.808,-9.583,13.855,-179.396,55.432,-55.08
-0.573,-0.035,-0.789,1.343,-13.367,19.653,-179.621,56.069,-55.849
-0.539,0.009,-0.815,4.7,-5.981,21.057,179.956,56.486,-56.926
-0.503,-0.013,-0.861,8.301,2.686,19.775,179.813,56.624,-57.925
-0.508,-0.059,-1.013,11.169,-5.432,13.0,179.89,56.541,-58.755
-0.71,-0.058,-1.117,2.869,-14.282,-7.019,-179.736,57.014,-58.683
-0.836,0.02,-1.17,-6.714,2.502,-14.954,-179.214,57.332,-57.607
-0.43,0.092,-0.823,-13.916,29.236,-19.226,-179.154,56.398,-56.442
-0.332,0.216,-0.809,-26.794,-4.211,-12.878,-179.742,55.602,-55.415
-0.546,0.281,-0.769,-22.034,3.845,-11.23,179.105,55.844,-54.992
-0.429,0.227,-0.702,-8.24,15.442,-25.818,178.868,55.201,-53.987
-0.413,0.132,-0.679,-5.127,7.202,-23.743,179.033,54.789,-52.866
-0.394,0.084,-0.631,-6.348,0.427,-22.522,179.143,54.695,-51.866
-0.53,0.039,-0.675,-10.498,-2.441,-22.949,179.149,54.976,-50.872
-0.575,0.055,-0.7,-18.005,-1.526,-18.616,178.973,55.234,-49.812
-0.565,0.127,-0.724,-16.113,4.333,-9.827,178.391,55.382,-49.208
-0.574,0.128,-0.764,-7.446,1.709,-15.32,178.077,55.432,-48.697
-0.515,0.12,-0.758,-4.822,1.221,-13.794,178.143,55.536,-47.999
-0.585,0.167,-0.881,-6.836,-4.639,-5.005,178.017,55.844,-47.653
-0.567,0.205,-0.956,0.183,5.188,-5.859,177.847,55.865,-47.538
-0.609,0.223,-1.054,3.174,-14.709,-0.549,177.841,55.997,-47.51
-0.915,0.177,-1.207,4.456,-9.46,8.484,177.638,56.909,-47.994
-0.658,0.132,-1.061,17.334,21.179,15.686,177.737,56.42,-48.735
-0.145,0.016,-0.762,32.471,23.621,24.048,178.363,55.02,-49.867
-0.367,-0.137,-0.8,37.964,-13.794,15.869,179.594,54.965,-50.845
-0.445,-0.161,-0.806,24.658,17.334,26.611,-179.429,54.613,-51.707
-0.259,-0.157,-0.765,16.541,17.456,28.442,-179.022,53.492,-52.866
-0.275,-0.126,-0.718,7.019,-8.301,20.081,-178.874,53.163,-53.663
-0.464,-0.117,-0.726,5.615,-13.855,15.137,-178.698,53.751,-54.014
-0.537,-0.069,-0.767,3.784,-1.526,17.822,-178.676,54.069,-54.47
-0.445,-0.063,-0.784,7.141,-0.366,18.188,-178.682,53.987,-55.124
-0.473,-0.075,-0.794,6.409,-8.545,15.564,-178.616,54.234,-55.701
-0.491,-0.087,-0.791,5.066,-12.268,10.742,-178.533,54.767,-56.102
-0.526,-0.126,-0.848,3.54,-9.766,6.836,-178.319,55.393,-56.162
-0.54,-0.127,-0.922,-2.258,-5.127,6.348,-178.286,55.739,-56.168
-0.52,-0.094,-1.004,-4.211,-10.437,-10.681,-178.22,55.986,-55.684
-0.912,-0.198,-1.244,-13.123,-17.761,-27.039,-177.506,56.953,-53.904
-0.699,0.152,-1.113,-40.588,24.292,-21.606,-178.231,56.849,-52.3
-0.214,0.248,-0.817,-26.489,17.212,-35.339,-178.857,55.558,-50.229
-0.546,0.222,-0.821,-28.076,-20.02,-16.479,-179.555,56.091,-48.724
-0.516,0.202,-0.711,-26.733,20.386,-23.438,179.489,55.844,-47.615
-0.385,0.205,-0.64,-26.733,18.372,-26.672,178.698,54.904,-46.11
-0.342,0.158,-0.601,-22.583,9.949,-28.992,178.072,54.338,-44.572
-0.409,0.164,-0.626,-21.729,-2.991,-30.579,177.572,54.366,-42.929
-0.558,0.151,-0.708,-19.897,0.671,-31.128,177.149,54.684,-41.325
-0.523,0.136,-0.705,-18.677,1.221,-32.532,176.957,54.844,-39.54
-0.584,0.135,-0.754,-18.188,-0.671,-29.785,176.71,55.157,-37.914
-0.539,0.153,-0.767,-17.029,1.953,-29.541,176.561,55.415,-36.255
-0.438,0.149,-0.697,-15.137,-11.047,-27.771,176.49,55.833,-34.678
-0.643,0.171,-0.833,-16.357,-18.555,-27.466,176.347,56.904,-33.206
-0.714,0.26,-1.011,-15.808,-1.038,-27.1,176.188,57.585,-31.701
-0.827,0.236,-1.155,-4.272,-12.634,-28.809,176.402,58.239,-30.157
-1.02,0.168,-1.293,1.343,1.282,-27.161,177.072,58.881,-28.586
-0.374,0.098,-0.868,-0.916,40.527,-15.93,177.764,57.892,-27.147
-0.168,0.026,-0.891,2.136,5.737,-7.385,178.088,56.393,-26.268
-0.42,-0.012,-0.852,-1.953,13.977,-9.827,178.341,56.014,-25.444
-0.251,-0.015,-0.732,3.235,1.404,-6.897,178.72,55.344,-24.538
-0.351,-0.097,-0.64,3.967,-11.902,-7.629,179.198,55.558,-23.774
-0.421,-0.121,-0.614,0.122,-18.127,-2.075,179.615,56.217,-23.099
-0.49,-0.125,-0.613,-7.08,-8.85,2.38,179.604,56.81,-22.835
-0.565,-0.075,-0.726,-15.625,-1.709,0.427,179.242,57.123,-22.549
-0.488,-0.017,-0.75,-14.465,-2.258,-2.075,178.759,57.178,-22.181
-0.529,-0.022,-0.804,-9.766,-3.601,-3.357,178.544,57.475,-21.682
-0.604,0.016,-0.93,-5.981,3.662,3.662,178.374,57.623,-21.385
-0.55,0.04,-0.981,1.709,-1.953,-1.953,178.303,57.453,-21.281
-0.936,-0.049,-1.08,-4.883,-12.634,-26.794,178.967,58.25,-20.16
-0.803,0.164,-1.016,-39.612,31.86,-29.785,178.824,57.936,-18.248
-0.293,0.357,-0.829,-42.664,32.043,-46.631,177.907,56.239,-15.82
-0.488,0.358,-0.855,-39.856,0.488,-51.941,177.292,55.876,-12.711
-0.468,0.376,-0.764,-24.292,20.264,-50.354,176.869,55.558,-9.706
-0.291,0.26,-0.633,-9.766,6.775,-42.603,177.083,54.954,-6.993
-0.335,0.165,-0.582,-4.944,-11.963,-39.307,177.473,55.234,-4.697
-0.385,0.105,-0.541,-2.441,-22.522,-38.879,177.995,56.206,-2.532
-0.589,0.026,-0.586,-5.737,-27.466,-42.053,178.748,57.689,-0.247
-0.82,0.02,-0.69,-17.517,-12.268,-36.499,179.154,58.975,1.807
-0.712,0.076,-0.676,-25.574,9.644,-34.241,179.182,59.205,3.752
-0.661,0.162,-0.694,-23.865,9.216,-24.841,178.819,59.117,5.235
-0.653,0.176,-0.721,-17.761,13.123,-22.095,178.539,58.958,6.389
-0.572,0.219,-0.747,-9.705,15.747,-24.719,178.478,58.491,7.509
-0.561,0.208,-0.785,-1.16,5.066,-24.658,178.901,58.293,8.866
-0.568,0.198,-0.779,3.906,-12.756,-12.634,179.363,58.694,9.805
-0.767,0.309,-0.912,8.789,-25.879,-9.888,179.495,59.722,10.091
-0.792,0.119,-0.889,27.161,-22.034,-33.752,-179.182,61.139,11.135
-0.626,-0.094,-0.786,21.545,3.784,-41.382,-176.797,61.831,13.299
-0.415,-0.25,-0.817,20.874,14.954,-63.232,-174.073,61.007,16.238
-0.478,-0.438,-0.872,-6.348,7.812,-63.477,-171.03,60.26,20.479
-0.428,-0.243,-0.826,-37.109,9.094,-30.029,-170.552,59.403,23.214
-0.372,-0.1,-0.71,-40.527,-1.892,-19.409,-171.469,58.903,24.769
-0.457,-0.034,-0.673,-32.349,-20.386,-20.142,-172.403,59.216,26.131
-0.74,-0.063,-0.778,-29.846,-10.254,-21.912,-172.963,60.002,27.581
-0.59,-0.027,-0.77,-27.771,15.808,-22.217,-173.578,59.464,28.812
-0.518,-0.063,-0.792,-23.376,15.808,-29.48,-173.903,58.634,30.256
-0.419,-0.124,-0.765,-24.719,3.723,-33.02,-173.93,58.09,32.13
-0.529,-0.111,-0.797,-33.081,-9.888,-25.391,-174.391,58.266,33.849
-0.642,-0.096,-0.846,-32.288,-11.169,-24.597,-175.062,58.722,35.359
-0.636,-0.09,-0.891,-33.264,-13.855,-29.846,-175.605,59.255,37.007
-0.712,-0.046,-0.845,-30.579,-20.935,-40.649,-175.798,60.282,39.188
-0.788,0.06,-0.859,-29.297,-27.527,-44.678,-175.583,61.474,41.88
-0.482,0.159,-0.658,-31.311,-5.188,-31.982,-175.589,62.1,44.357
-0.549,0.196,-0.691,-32.837,-18.616,-28.503,-176.314,62.682,46.137
-0.67,0.125,-0.767,-35.278,4.272,-57.8,-176.501,63.056,48.983
-0.722,0.12,-0.831,-44.678,16.968,-65.125,-176.314,62.512,53.075
-0.514,0.147,-0.789,-46.326,30.823,-62.195,-176.501,61.161,57.162
-0.424,0.158,-0.755,-38.269,10.01,-58.35,-176.726,60.018,61.155
-0.504,0.153,-0.701,-32.471,-3.784,-45.105,-176.99,59.886,64.644
-0.54,0.137,-0.686,-29.297,-3.052,-39.734,-177.336,59.974,67.61
-0.518,0.216,-0.672,-25.574,-6.042,-32.471,-177.825,60.145,70.214
-0.653,0.224,-0.75,-15.503,-15.259,-27.649,-178.094,60.727,72.576
-0.646,0.268,-0.768,-11.353,-6.104,-20.569,-178.336,61.232,74.586
-0.753,0.25,-0.988,0.732,-11.353,-22.949,-178.275,61.556,76.52
-0.751,0.052,-0.886,15.442,-19.348,-36.682,-176.984,62.534,79.047
-0.625,-0.129,-0.827,12.634,-2.563,-39.551,-174.957,62.985,82.101
-0.476,-0.217,-0.872,11.292,23.865,-48.218,-172.958,61.87,85.073
-0.439,-0.42,-0.903,-8.667,8.118,-50.781,-170.651,60.804,88.66
-0.498,-0.267,-0.862,-37.964,5.798,-26.611,-170.436,60.068,91.0
-0.442,-0.136,-0.746,-47.241,-2.075,-20.996,-171.502,59.639,92.521
-0.6,-0.001,-0.757,-42.419,-7.629,-26.062,-172.793,59.727,94.092
-0.628,-0.023,-0.779,-33.203,7.751,-32.654,-173.403,59.59,96.29
-0.54,-0.018,-0.778,-31.982,9.644,-32.166,-173.925,58.964,98.58
-0.567,-0.045,-0.76,-29.907,-2.075,-38.391,-174.232,58.76,101.206
-0.546,-0.1,-0.744,-29.114,-0.488,-37.231,-174.375,58.755,104.03
-0.564,-0.187,-0.914,-28.32,13.0,-30.273,-174.523,58.513,106.639
-0.401,-0.204,-1.089,-30.823,3.113,-21.912,-175.117,57.931,108.468
-0.529,-0.213,-1.049,-29.968,-51.392,-36.804,-175.342,59.041,110.627
-0.924,-0.124,-0.994,-48.767,-40.955,-36.682,-175.518,61.447,113.494
-0.488,0.066,-0.723,-69.092,-15.32,-32.166,-176.968,62.243,116.202
-0.708,0.31,-0.697,-78.43,-29.48,-31.86,-179.544,63.666,118.757
-0.711,0.386,-0.702,-57.922,10.742,-35.583,178.412,63.946,121.794
-0.529,0.351,-0.655,-40.894,27.588,-30.151,177.05,62.919,124.722
-0.432,0.287,-0.64,-25.574,21.484,-31.555,176.358,61.743,127.551
-0.516,0.219,-0.658,-25.024,11.414,-31.311,175.941,61.133,130.254
-0.482,0.226,-0.634,-20.996,10.681,-33.752,175.611,60.628,133.017
-0.523,0.201,-0.615,-12.939,2.258,-33.325,175.616,60.474,135.802
-0.686,0.146,-0.71,-5.005,4.761,-31.494,176.017,60.584,138.51
-0.6,0.125,-0.735,-7.568,21.545,-25.94,176.49,60.068,141.081
-0.561,0.134,-0.78,-10.01,12.695,-25.024,176.83,59.42,143.531
-0.562,0.214,-0.851,-9.094,10.498,-21.851,176.863,58.997,145.613
-0.614,0.242,-0.983,-5.31,4.333,-25.818,177.193,58.722,147.761
-0.754,0.231,-1.103,-1.648,-9.644,-24.963,177.632,58.799,149.799
-0.923,0.239,-1.211,-9.705,5.005,-21.057,177.797,58.964,151.666
-0.512,0.182,-0.975,7.141,32.166,-17.212,178.22,57.865,153.43
-0.089,-0.047,-0.72,31.677,17.517,-26.733,179.901,56.481,155.27
-0.399,-0.271,-0.752,22.705,-25.818,-23.926,-177.907,57.025,157.094
-0.531,-0.275,-0.727,7.812,9.583,-14.954,-176.55,57.189,158.516
-0.399,-0.24,-0.657,-4.272,11.719,-6.287,-175.886,56.442,159.642
-0.47,-0.183,-0.68,-6.47,7.446,1.892,-175.858,56.047,160.23
-0.457,-0.198,-0.72,-5.066,7.263,5.249,-175.814,55.701,160.653
-0.514,-0.147,-0.773,-4.944,2.014,21.423,-176.193,55.646,160.395
-0.519,-0.116,-0.79,-5.188,3.784,30.029,-176.847,55.635,159.565
-0.462,-0.064,-0.794,-2.625,4.395,35.278,-177.786,55.481,158.242
-0.428,-0.054,-0.802,0.671,-4.272,29.724,-178.561,55.514,156.835
-0.517,-0.046,-0.88,2.808,5.615,30.029,-179.127,55.591,155.566
-0.382,-0.074,-0.965,8.118,3.54,21.423,-179.445,55.091,154.38
-0.552,-0.099,-1.061,8.118,-20.02,4.15,-179.198,55.492,153.842
-0.852,0.033,-1.297,-0.305,-20.691,5.493,-179.011,56.365,153.688
-0.53,0.105,-1.016,-7.69,18.311,-6.287,-179.077,56.294,154.045
-0.258,0.217,-0.843,-19.165,-7.812,-8.362,-179.544,55.69,154.742
-0.554,0.23,-0.741,-14.893,-18.616,-9.766,179.714,56.678,155.27
-0.526,0.193,-0.685,-12.512,0.061,-15.32,179.264,56.893,156.215
-0.425,0.192,-0.599,-13.611,5.981,-15.869,178.813,56.651,157.385
-0.427,0.17,-0.573,-10.864,-7.568,-16.968,178.434,56.783,158.577
-0.538,0.156,-0.594,-6.409,-11.108,-22.095,178.281,57.409,159.966
-0.638,0.114,-0.676,-1.465,-7.874,-25.391,178.599,58.085,161.724
-0.675,0.088,-0.73,1.16,5.554,-24.536,179.149,58.348,163.608
-0.589,0.054,-0.73,-2.441,9.277,-27.527,179.786,58.178,165.646
-0.56,0.063,-0.743,-7.385,-2.197,-28.931,-179.665,58.211,167.8
-0.631,0.06,-0.842,-9.521,4.15,-29.846,-179.253,58.392,169.958
-0.609,0.1,-0.926,-12.695,15.503,-20.02,-179.094,58.123,171.848
-0.482,0.163,-0.956,-6.714,-16.663,-10.62,-179.236,57.794,172.974
-0.839,0.174,-1.101,-1.892,-23.376,-1.587,-179.5,59.03,173.375
-1.088,0.043,-1.236,13.123,-1.465,-8.667,-179.214,59.837,173.793
-0.462,-0.064,-0.865,10.315,43.396,3.235,-178.555,58.678,174.326
-0.042,-0.078,-0.778,12.695,13.977,16.357,-178.396,56.981,173.831
-0.476,-0.196,-0.762,15.503,-5.554,13.306,-177.979,57.217,172.958
-0.338,-0.194,-0.723,6.653,28.137,18.921,-177.836,56.102,171.974
-0.236,-0.219,-0.673,-1.526,5.188,16.602,-177.88,55.14,171.008
-0.394,-0.128,-0.657,-10.437,-19.958,23.376,-178.544,55.525,169.64
-0.571,-0.063,-0.703,-9.216,-16.907,28.564,-179.434,56.376,168.19
-0.648,0.052,-0.776,3.967,-0.61,29.602,179.742,56.706,166.712
-0.519,-0.054,-0.806,14.771,9.827,24.109,179.797,56.36,165.668
-0.438,-0.058,-0.797,10.925,-7.935,24.597,179.747,56.36,164.46
-0.506,-0.12,-0.874,2.441,-15.686,21.301,179.687,56.964,163.306
-0.548,-0.045,-0.954,-1.282,-8.179,19.653,179.149,57.415,162.032
-0.683,-0.043,-1.035,-1.831,-19.348,-1.16,179.006,57.909,161.444
-0.947,-0.01,-1.206,-5.432,-5.554,-13.977,179.434,58.645,162.076
-0.603,0.138,-1.009,-11.841,39.673,-19.531,179.61,57.821,163.268
-0.173,0.225,-0.869,-18.86,14.709,-17.578,179.599,56.063,164.647
-0.521,0.288,-0.801,-15.381,-18.677,-13.306,178.901,56.558,165.207
-0.47,0.221,-0.707,-5.737,6.226,-27.649,178.868,56.689,166.371
-0.386,0.173,-0.631,-0.061,-2.991,-27.649,179.291,56.602,167.943
-0.449,0.117,-0.617,1.221,-9.888,-21.484,179.797,57.047,169.316
-0.431,0.083,-0.606,3.54,-26.733,-15.015,-179.835,57.969,170.288
-0.645,0.043,-0.684,4.639,-16.968,-12.024,-179.511,59.2,171.068
-0.608,-0.014,-0.69,5.92,-13.611,-17.029,-178.846,59.881,172.216
-0.687,0.003,-0.692,-0.183,-10.071,-9.155,-178.401,60.645,173.32
-0.695,0.056,-0.735,-2.38,-0.549,-2.563,-178.358,61.04,174.034
-0.681,0.1,-0.812,-1.038,10.925,1.099,-178.528,60.908,174.452
-0.554,0.174,-0.82,5.005,12.329,6.836,-178.802,60.331,174.457
-0.788,0.159,-0.949,12.695,-12.939,10.986,-178.819,60.612,174.084
-0.905,0.059,-1.117,19.958,-9.216,1.343,-178.434,61.029,173.815
-0.766,-0.077,-0.984,23.438,16.724,3.906,-177.589,61.035,173.903
-0.321,-0.174,-0.751,23.438,23.926,12.573,-176.726,59.859,173.655
-0.491,-0.242,-0.801,20.996,11.841,14.038,-176.039,59.145,172.897
-0.324,-0.218,-0.777,15.93,38.879,18.127,-175.485,57.684,172.018
-0.254,-0.203,-0.722,12.634,19.958,22.583,-175.166,56.041,170.711
-0.354,-0.196,-0.688,4.7,-2.808,25.94,-175.177,55.58,169.058
-0.545,-0.122,-0.745,0.732,-2.258,32.471,-175.627,55.723,167.206
-0.477,-0.061,-0.72,7.507,17.212,37.354,-176.199,55.212,165.273
-0.444,-0.074,-0.731,9.46,-1.587,37.476,-176.627,54.899,163.251
-0.534,-0.062,-0.75,7.507,-3.418,35.339,-177.061,55.162,161.4
-0.487,-0.115,-0.79,7.568,-5.066,23.804,-177.352,55.492,160.005
-0.526,-0.141,-0.927,2.869,-10.803,15.198,-177.451,55.948,159.115
-0.505,-0.154,-0.98,1.343,4.578,6.348,-177.424,56.014,158.588
-0.768,-0.119,-1.224,-4.883,-21.362,-4.028,-177.231,56.486,158.494
-0.693,0.027,-1.13,-12.939,11.169,-4.028,-177.484,56.777,158.665
-0.303,0.088,-0.812,-23.01,10.742,-15.076,-177.929,55.975,159.214
-0.649,0.194,-0.806,-32.959,-6.592,-17.639,-178.835,56.036,160.175
-0.447,0.234,-0.73,-23.376,32.593,-16.785,-179.89,55.256,161.356
-0.284,0.185,-0.641,-16.785,9.949,-14.832,179.451,54.157,162.554
-0.411,0.158,-0.624,-11.597,1.526,-12.329,178.857,54.031,163.427
-0.394,0.158,-0.634,-11.047,7.263,-11.108,178.38,53.817,164.306
-0.475,0.124,-0.678,-4.639,-1.648,-14.282,178.099,53.767,165.223
-0.568,0.082,-0.705,-5.127,1.099,-15.686,178.066,53.948,166.388
-0.627,0.063,-0.753,-8.789,5.859,-13.306,178.006,53.981,167.723
-0.569,0.156,-0.813,-12.878,22.278,-4.15,177.44,53.383,168.745
-0.456,0.162,-0.835,-6.104,16.785,-7.996,177.094,52.597,169.706
-0.416,0.186,-0.839,-6.042,2.441,-8.24,176.885,52.339,170.563
-0.471,0.202,-0.859,-2.136,-9.155,-11.169,176.836,52.657,171.398
-0.646,0.283,-0.968,-0.305,-14.954,-3.845,176.633,53.421,171.87
-0.839,0.262,-1.19,3.235,1.221,0.366,176.561,53.987,172.183
-0.714,0.133,-1.286,21.667,32.532,-4.7,177.083,53.185,172.694
-0.069,-0.007,-0.875,25.879,44.25,0.977,178.314,51.136,173.32
-0.06,-0.105,-0.869,23.621,-6.836,2.38,179.434,49.911,173.167
-0.307,-0.153,-0.806,15.137,7.324,-6.042,-179.462,49.999,173.112
-0.171,-0.123,-0.678,5.676,13.123,-1.465,-178.726,49.032,173.156
-0.267,-0.092,-0.696,-0.793,-1.465,-6.104,-178.401,48.532,173.095
-0.347,-0.1,-0.718,-4.028,-4.822,-12.39,-178.066,48.543,173.584
-0.493,-0.09,-0.823,-6.409,-6.592,-8.911,-177.88,48.856,174.348
-0.483,-0.076,-0.817,-4.944,2.869,-7.629,-177.814,48.944,175.27
-0.465,-0.106,-0.833,-5.493,3.906,-4.578,-177.72,48.895,176.254
-0.475,-0.076,-0.835,-7.629,1.77,2.625,-177.913,48.944,176.946
-0.414,-0.071,-0.814,-5.92,2.197,5.859,-178.176,48.955,177.435
-0.39,-0.077,-0.852,-3.54,-3.418,6.836,-178.423,49.158,177.731
-0.432,-0.107,-0.977,-5.31,-2.075,7.751,-178.588,49.4,177.968
-0.419,-0.082,-1.137,-6.775,-7.263,7.446,-178.923,49.504,177.957
-0.573,-0.095,-1.242,-7.69,-17.944,-7.141,-178.978,50.257,178.38
-0.788,0.076,-1.276,-19.653,0.793,-9.46,-179.401,50.839,179.253
-0.157,0.187,-0.868,-18.616,27.649,-24.231,-179.83,49.603,-179.231
-0.351,0.223,-0.878,-23.987,-12.512,-11.047,179.517,49.384,-178.061
-0.352,0.231,-0.786,-15.442,6.165,-14.343,178.605,49.455,-177.435
-0.29,0.18,-0.667,-8.24,-1.221,-20.203,178.248,49.263,-176.358
-0.321,0.103,-0.633,-4.15,-4.761,-23.682,178.259,49.482,-175.045
-0.336,0.083,-0.602,-3.845,-16.663,-21.729,178.369,50.01,-173.699
-0.56,0.073,-0.71,-8.362,-12.573,-17.883,178.374,50.966,-172.408
-0.588,0.11,-0.77,-7.812,3.784,-20.752,178.259,51.312,-170.914
-0.499,0.1,-0.82,-10.01,9.338,-20.081,178.248,51.147,-169.167
-0.513,0.168,-0.9,-11.475,2.93,-18.616,178.006,51.169,-167.618
-0.439,0.249,-0.924,-9.338,-0.122,-18.921,177.808,51.224,-166.185
-0.573,0.291,-1.084,0.366,-2.625,-15.625,177.852,51.515,-164.965
-0.797,0.27,-1.294,13.672,-11.902,-2.686,178.193,51.779,-164.383
-0.71,0.09,-1.243,23.132,26.672,2.014,178.934,51.411,-164.141
-0.078,0.0,-0.849,35.522,37.17,7.874,-179.841,49.592,-163.998
-0.108,-0.201,-0.804,42.603,-2.136,15.808,-178.11,48.807,-164.57
-0.214,-0.226,-0.75,19.165,7.141,37.537,-177.1,48.625,-165.877
-0.228,-0.157,-0.743,7.629,-1.587,45.776,-177.188,48.29,-167.932
-0.255,-0.081,-0.696,6.592,-10.498,41.199,-177.578,48.351,-170.002
-0.421,-0.078,-0.75,10.986,-16.479,34.729,-177.715,48.988,-171.645
-0.522,-0.114,-0.793,13.184,-5.859,28.503,-177.589,49.57,-172.705
-0.488,-0.129,-0.807,8.606,1.343,26.855,-177.462,49.719,-173.348
-0.443,-0.114,-0.812,3.845,-0.854,28.32,-177.61,49.861,-173.908
-0.411,-0.1,-0.814,2.441,-10.254,26.672,-177.935,50.224,-174.534
-0.396,-0.097,-0.874,1.831,-13.794,23.743,-178.231,50.905,-175.089
-0.481,-0.117,-1.007,0.549,1.221,21.423,-178.489,51.339,-175.573
-0.442,-0.124,-1.098,-0.61,-12.268,12.695,-178.671,51.515,-175.864
-0.644,-0.034,-1.254,-10.437,-24.17,3.052,-178.984,52.339,-175.814
-0.74,0.04,-1.165,-19.47,7.629,-9.644,-179.385,52.806,-174.935
-0.244,0.159,-0.886,-31.494,31.677,-18.372,179.764,51.422,-173.535
-0.411,0.257,-0.837,-35.278,3.357,-16.357,178.495,50.883,-172.249
-0.24,0.291,-0.736,-24.414,11.719,-21.118,177.347,50.251,-171.019
-0.229,0.243,-0.613,-13.733,-21.118,-19.775,176.726,50.652,-169.865
-0.404,0.136,-0.517,-3.357,-39.856,-15.686,176.435,52.273,-169.151
-0.714,0.089,-0.613,-4.15,-24.78,-16.846,176.325,54.108,-168.283
-0.674,0.16,-0.685,-6.287,13.916,-10.681,176.166,54.481,-166.987
-0.573,0.168,-0.703,-2.197,22.4,-2.686,175.99,53.828,-165.899
-0.584,0.189,-0.763,0.793,20.142,-1.831,175.798,53.097,-165.152
-0.48,0.176,-0.781,1.648,22.461,-5.981,175.836,52.256,-164.284
-0.453,0.235,-0.879,-0.244,14.771,-7.812,175.875,51.608,-163.35
-0.459,0.289,-1.04,-0.488,16.113,-2.319,175.831,50.993,-162.625
-0.462,0.359,-1.271,17.639,0.061,1.404,175.963,50.493,-162.422
-0.778,0.211,-1.438,28.687,2.197,23.132,176.556,50.806,-163.196
-0.217,0.083,-1.017,39.551,29.358,28.687,177.621,49.46,-164.383
0.079,-0.025,-0.835,46.326,-12.634,27.466,178.978,48.708,-166.009
-0.395,-0.224,-0.787,36.926,-44.617,3.906,-179.187,50.438,-166.91
-0.449,-0.163,-0.746,11.169,2.563,8.606,-178.275,50.988,-167.124
-0.271,-0.172,-0.701,3.052,1.038,-4.883,-177.72,50.663,-166.679
-0.374,-0.112,-0.68,-4.822,-10.803,-11.597,-177.341,50.96,-165.602
-0.523,-0.102,-0.747,-5.31,-4.089,-10.315,-177.039,51.411,-164.306
-0.525,-0.1,-0.789,-1.465,5.432,-7.629,-176.803,51.29,-163.092
-0.489,-0.113,-0.79,-1.404,9.521,-7.019,-176.517,51.07,-161.878
-0.512,-0.134,-0.83,-2.625,6.226,-2.808,-176.27,50.878,-160.735
-0.418,-0.096,-0.808,-4.822,11.597,8.484,-176.418,50.592,-160.131
-0.405,-0.124,-0.91,-5.493,3.235,9.094,-176.688,50.372,-159.89
-0.402,-0.114,-0.997,-7.507,-0.793,4.333,-177.045,50.339,-159.686
-0.464,-0.2,-1.186,-8.484,6.653,-11.169,-177.089,50.29,-159.0
-0.614,-0.137,-1.33,-18.188,-5.493,-18.616,-177.155,50.367,-157.703
-0.404,-0.025,-1.116,-22.461,12.939,-23.682,-177.479,50.125,-156.165
-0.118,0.044,-0.834,-36.804,-12.695,-29.358,-178.182,49.9,-154.523
-0.535,0.166,-0.801,-58.533,-43.762,-28.931,-179.923,51.707,-153.062
-0.577,0.319,-0.765,-48.767,6.287,-49.072,178.363,52.421,-150.76
-0.366,0.302,-0.7,-29.297,16.724,-41.199,177.534,51.91,-148.206
-0.249,0.158,-0.604,-12.939,5.371,-43.03,177.429,51.509,-146.08
-0.407,0.1,-0.638,-16.052,-11.169,-47.363,177.599,52.02,-143.789
-0.551,0.077,-0.692,-20.386,0.122,-50.72,177.737,52.542,-141.169
-0.577,0.107,-0.721,-24.841,5.676,-56.091,177.825,52.707,-138.142
-0.648,0.115,-0.758,-27.466,16.357,-58.044,178.006,52.657,-134.769
-0.591,0.165,-0.796,-27.954,27.1,-57.129,178.006,52.031,-131.375
-0.459,0.173,-0.768,-17.212,15.93,-50.049,178.105,51.35,-128.32
-0.493,0.126,-0.761,-6.47,-6.042,-41.87,178.5,51.52,-125.931
-0.591,0.146,-0.831,-6.714,-11.169,-25.818,178.923,52.328,-124.167
-0.641,0.175,-0.915,1.038,-4.272,-14.465,179.061,53.036,-123.338
-0.958,0.061,-1.207,5.92,-5.676,-11.658,179.511,53.696,-122.811
-0.549,0.156,-1.329,-2.93,46.936,5.493,179.44,52.586,-122.783
0.054,0.146,-1.022,9.46,18.494,1.892,179.484,50.933,-123.184
-0.138,-0.02,-1.073,18.616,-27.405,-14.832,-179.78,51.246,-123.541
-0.428,-0.081,-1.036,-7.385,21.912,-19.775,-179.105,51.108,-122.921
0.016,0.059,-0.856,-7.141,25.208,-6.287,-179.357,49.274,-122.739
-0.07,0.03,-0.654,-10.254,-6.775,3.662,-179.874,48.587,-123.58
-0.222,0.023,-0.571,-9.277,-25.391,-19.714,179.753,49.153,-123.854
-0.418,-0.031,-0.6,-11.963,-29.968,-34.607,179.841,50.389,-122.844
-0.594,-0.058,-0.69,-14.893,-13.245,-43.579,-179.753,51.476,-120.701
-0.617,-0.063,-0.806,-8.789,-2.197,-44.067,-179.165,52.015,-118.235
-0.494,-0.122,-0.783,-9.033,4.639,-47.852,-178.231,52.064,-115.488
-0.54,-0.17,-0.828,-16.052,3.418,-51.147,-177.358,52.152,-112.516
-0.375,-0.117,-0.798,-23.376,3.052,-51.208,-176.869,52.009,-109.479
-0.389,-0.16,-0.837,-24.78,-1.831,-60.791,-176.364,52.075,-106.205
-0.523,-0.108,-1.0,-34.668,-0.549,-68.298,-175.952,52.119,-102.486
-0.716,-0.08,-1.094,-34.912,-0.61,-83.618,-175.501,52.097,-98.234
-0.476,0.113,-0.901,-50.232,18.738,-64.331,-175.611,51.454,-94.197
-0.162,0.245,-0.726,-39.124,-11.597,-60.852,-176.473,51.048,-91.362
-0.678,0.085,-0.782,-37.476,-40.344,-70.801,-176.55,52.921,-88.204
-0.619,0.174,-0.78,-43.64,14.526,-71.716,-176.951,53.256,-84.924
-0.449,0.167,-0.776,-40.527,9.46,-65.613,-177.319,52.745,-81.793
-0.48,0.195,-0.773,-33.386,-2.502,-58.899,-177.775,52.855,-79.272
-0.533,0.176,-0.747,-25.635,-9.338,-54.688,-177.951,53.427,-77.058
-0.552,0.194,-0.772,-21.179,-4.944,-47.974,-177.99,54.025,-75.163
-0.526,0.212,-0.782,-12.146,-8.667,-41.321,-177.83,54.569,-73.652
-0.503,0.19,-0.798,-6.775,-12.695,-28.198,-177.561,55.283,-72.724
-0.576,0.313,-0.957,-2.93,-16.785,-4.211,-178.055,56.223,-73.235
-0.698,0.085,-0.946,28.442,-37.17,-26.184,-177.242,57.777,-73.471
-0.639,-0.113,-0.812,22.827,-16.174,-24.048,-175.342,59.337,-72.856
-0.419,-0.184,-0.752,10.437,6.104,-22.888,-173.903,59.447,-72.186
-0.54,-0.251,-0.804,-1.221,-9.705,-27.039,-172.766,59.535,-71.093
-0.588,-0.196,-0.865,-21.362,10.62,-12.878,-172.601,59.321,-70.219
-0.463,-0.074,-0.823,-35.645,20.813,-12.329,-173.48,58.387,-69.73
-0.318,0.094,-0.729,-33.936,-3.235,-23.315,-174.699,57.667,-69.088
-0.585,0.011,-0.774,-25.635,-17.334,-38.391,-175.029,58.277,-67.582
-0.512,-0.042,-0.755,-27.344,-5.371,-51.636,-174.825,58.491,-65.297
-0.476,-0.088,-0.737,-29.419,-6.165,-47.18,-174.573,58.711,-62.792
-0.5,-0.127,-0.77,-30.273,-19.226,-48.95,-174.38,59.2,-60.304
-0.662,-0.164,-0.854,-29.358,-10.864,-46.265,-174.051,59.771,-57.7
-0.585,-0.147,-0.855,-34.119,-5.737,-44.006,-173.958,59.87,-55.305
-0.822,-0.138,-1.031,-39.368,-20.63,-51.392,-173.864,60.392,-52.625
-0.697,-0.047,-1.004,-43.884,-11.414,-75.195,-173.458,60.848,-48.983
-0.262,0.108,-0.706,-69.824,-17.639,-70.068,-173.392,61.051,-44.758
-0.634,0.152,-0.716,-70.557,-73.364,-76.233,-174.188,63.281,-40.803
-0.847,0.147,-0.714,-75.806,-27.222,-80.078,-174.617,65.654,-36.502
-0.529,0.214,-0.657,-67.2,-13.428,-83.313,-174.968,66.286,-32.267
-0.68,0.156,-0.662,-55.725,-30.884,-71.594,-174.65,67.39,-28.147
-0.684,0.139,-0.612,-45.776,-24.597,-56.03,-174.699,68.687,-25.334
-0.775,0.097,-0.583,-40.894,-30.09,-45.837,-174.534,70.082,-23.049
-0.818,0.102,-0.56,-35.339,-23.499,-34.973,-174.644,71.477,-21.528
-0.852,0.126,-0.524,-28.687,-12.268,-28.259,-174.727,72.587,-20.5
-0.787,0.154,-0.533,-21.79,-0.854,-20.264,-174.864,73.026,-20.11
-0.878,0.242,-0.714,-17.822,8.85,-6.531,-175.578,72.96,-20.742
-0.797,0.173,-0.757,13.0,-2.441,-24.048,-175.182,72.971,-21.154
-1.325,0.007,-1.056,14.221,-18.799,-14.709,-173.436,74.279,-20.803
-0.927,-0.011,-0.862,11.536,14.221,-8.545,-172.562,74.114,-21.308
-0.593,-0.069,-0.7,15.015,28.87,-6.958,-171.898,73.032,-22.011
-0.485,-0.235,-0.73,18.25,7.507,-9.949,-170.739,72.048,-22.324
-0.624,-0.262,-0.757,2.258,16.968,-1.587,-170.057,71.356,-22.5
-0.448,-0.181,-0.659,-16.418,23.438,9.583,-170.651,70.06,-23.247
-0.404,-0.021,-0.553,-23.254,6.042,12.39,-172.244,69.104,-24.384
-0.603,0.005,-0.565,-17.883,-2.38,7.568,-173.611,68.967,-25.285
-0.703,0.0,-0.645,-9.583,15.564,2.686,-174.534,68.599,-26.115
-0.666,-0.053,-0.652,-1.16,19.836,-3.54,-174.776,67.654,-26.735
-0.69,-0.106,-0.688,-1.16,23.987,-2.014,-174.622,66.649,-27.12
-0.541,-0.089,-0.713,-3.235,22.583,-0.427,-174.688,65.462,-27.653
-0.559,-0.125,-0.731,-5.432,6.714,-5.005,-174.672,64.808,-27.883
-0.573,-0.127,-0.832,-6.348,6.042,-1.831,-174.694,64.429,-27.96
-0.587,-0.146,-0.866,-5.554,6.714,-4.883,-174.71,64.116,-27.955
-0.67,-0.224,-0.951,2.38,-10.681,-15.808,-174.095,64.1,-27.312
-0.784,-0.151,-1.104,-7.019,-9.46,3.052,-173.743,64.297,-26.944
-0.747,-0.04,-1.036,-7.874,-7.202,8.362,-174.221,64.759,-27.488
-0.441,0.124,-0.776,-9.277,-4.272,-6.287,-174.705,64.803,-27.768
-0.533,0.148,-0.738,-9.338,-26.855,-19.531,-174.578,65.413,-27.043
-0.66,0.053,-0.708,-8.911,-7.385,-26.917,-174.177,66.077,-25.994
-0.593,-0.006,-0.63,-14.771,-3.601,-19.958,-173.903,66.083,-25.016
-0.535,0.076,-0.54,-16.357,-6.592,-1.221,-174.628,66.264,-25.192
-0.607,0.089,-0.543,-11.902,-9.766,4.761,-175.6,66.742,-26.104
-0.645,0.104,-0.543,-6.165,-7.08,2.319,-176.451,67.236,-27.263
-0.713,0.053,-0.571,-3.174,-7.202,-5.31,-176.781,67.72,-28.098
-0.805,0.043,-0.593,-5.737,-2.38,-4.456,-176.869,68.22,-28.597
-0.737,0.041,-0.572,-7.751,11.841,-2.075,-177.138,68.143,-29.235
-0.755,0.103,-0.595,-9.46,12.024,-1.892,-177.621,67.857,-29.965
-0.682,0.098,-0.592,-5.92,15.015,-4.028,-177.885,67.401,-30.58
-0.734,0.122,-0.706,-8.728,8.423,-7.446,-178.138,67.039,-31.091
-0.861,0.164,-0.953,-7.141,14.771,-12.817,-178.231,66.588,-31.234
-0.719,0.09,-0.898,-10.376,17.883,-12.512,-178.055,66.061,-31.086
-0.612,0.132,-1.027,-8.911,22.278,-20.691,-178.16,64.968,-30.811
-0.583,0.084,-1.051,0.183,-0.916,-18.433,-177.687,64.429,-30.037
-0.966,-0.107,-1.16,15.32,5.066,-8.057,-176.786,64.556,-29.652
-0.282,-0.11,-0.829,6.836,41.931,17.578,-176.693,62.699,-30.454
-0.288,-0.1,-0.861,10.01,-1.77,15.137,-176.979,61.655,-31.514
-0.458,-0.118,-0.723,-2.136,0.549,12.024,-177.067,61.573,-31.827
-0.453,-0.121,-0.643,-6.226,1.953,10.864,-177.517,61.265,-32.184
-0.449,-0.069,-0.585,-4.883,-1.16,4.639,-177.885,61.029,-32.388
-0.493,-0.083,-0.583,0.549,-7.019,2.686,-177.83,61.172,-32.382
-0.584,-0.081,-0.621,-0.366,-15.442,6.226,-177.781,61.661,-32.613
-0.714,-0.083,-0.655,-1.099,-14.099,3.052,-177.764,62.54,-32.937
-0.765,-0.079,-0.664,-2.808,-0.671,1.526,-177.715,63.029,-33.201
-0.762,-0.082,-0.722,-3.906,20.996,-1.343,-177.682,62.765,-33.409
-0.584,-0.073,-0.655,-7.019,26.917,-0.122,-177.654,61.688,-33.503
-0.553,-0.062,-0.733,-4.211,17.334,1.831,-177.803,60.793,-33.783
-0.561,-0.064,-0.808,-0.977,24.109,14.404,-178.083,59.974,-34.503
-0.44,-0.082,-0.862,-2.991,18.616,12.939,-178.445,58.958,-35.359
-0.569,-0.053,-0.971,5.554,5.005,10.132,-178.682,58.607,-36.063
-0.521,-0.098,-1.075,5.371,3.967,17.456,-178.55,58.129,-36.628
-0.605,0.061,-1.157,0.0,-6.958,14.038,-178.94,58.134,-37.507
-0.664,0.182,-1.148,-7.141,3.54,-11.963,-179.121,58.304,-37.365
-0.27,0.126,-0.964,-5.493,20.386,-40.649,-178.319,57.266,-35.469
-0.397,0.215,-0.918,-16.357,-19.47,-24.17,-178.176,57.244,-33.563
-0.488,0.149,-0.768,-2.197,-13.733,-26.733,-178.0,57.81,-32.206
-0.452,0.08,-0.608,4.944,-9.888,-20.63,-177.457,58.26,-31.262
-0.377,-0.036,-0.494,5.188,-15.564,-13.916,-176.792,58.705,-30.756
-0.494,-0.048,-0.496,-2.136,-25.635,-9.094,-176.534,59.755,-30.569
-0.704,-0.039,-0.588,-6.104,-16.357,-8.606,-176.479,60.947,-30.493
-0.762,-0.024,-0.726,-9.949,13.245,-10.254,-176.451,61.254,-30.388
-0.663,0.015,-0.766,-12.329,13.184,0.061,-176.743,60.699,-30.597
-0.59,0.071,-0.735,-12.024,17.639,5.188,-177.534,60.145,-31.437
-0.586,0.064,-0.752,-5.981,4.883,-2.136,-177.94,59.832,-32.031
-0.531,0.083,-0.716,-5.554,3.296,1.099,-178.297,59.727,-32.646
-0.633,0.147,-0.818,-3.54,-2.808,-0.122,-178.649,59.93,-33.305
-0.578,0.215,-0.943,1.892,-7.629,-1.221,-178.857,60.123,-34.014
-0.828,0.206,-1.186,-4.028,-21.24,1.709,-179.077,61.397,-34.689
-0.699,0.225,-1.277,10.315,-19.348,-6.653,-179.149,62.029,-35.338
-0.756,0.071,-1.109,15.564,-25.452,-0.977,-178.572,63.32,-35.656
-0.305,-0.013,-0.689,24.658,-17.09,0.854,-177.869,63.902,-36.107
-0.693,-0.188,-0.665,30.029,-32.837,-0.854,-176.336,65.435,-35.931
-0.525,-0.181,-0.567,18.86,19.165,14.893,-175.485,65.49,-36.508
-0.457,-0.176,-0.559,2.563,21.301,12.878,-175.386,64.374,-37.359
-0.41,-0.099,-0.535,-4.211,18.982,14.832,-175.776,63.309,-38.013
-0.48,-0.059,-0.614,-4.211,1.77,15.442,-176.402,62.77,-38.853
-0.681,-0.041,-0.709,-5.737,1.038,11.108,-176.896,62.836,-39.512
-0.656,-0.01,-0.704,-0.122,14.648,3.967,-177.314,62.496,-40.177
-0.697,-0.098,-0.749,-1.343,11.78,-6.042,-177.028,61.941,-40.144
-0.594,-0.083,-0.731,-2.502,20.325,-4.333,-176.836,61.194,-39.996
-0.496,-0.085,-0.67,-3.967,7.141,0.183,-176.786,60.656,-39.996
-0.546,-0.104,-0.704,-7.69,3.235,3.601,-176.918,60.562,-40.122
-0.596,-0.038,-0.898,-14.587,18.005,12.695,-177.748,60.035,-40.759
-0.529,0.007,-1.007,-11.047,13.306,9.033,-178.643,59.167,-41.418
-0.622,-0.036,-1.157,-1.465,-5.249,4.395,-178.907,59.046,-41.66
-0.82,-0.023,-1.337,0.183,-0.061,9.155,-179.077,59.2,-42.012
-0.747,0.096,-1.267,-8.911,-0.427,6.287,-179.511,59.101,-42.49
-0.231,0.242,-0.83,-9.46,10.62,-15.93,-179.962,58.447,-42.38
-0.396,0.201,-0.731,-14.526,-28.381,-11.047,179.923,58.942,-41.688
-0.343,0.193,-0.598,-7.996,-13.489,-7.324,179.28,59.744,-41.836
-0.33,0.153,-0.487,-2.441,-29.846,-10.132,178.94,60.634,-42.248
-0.495,0.073,-0.481,5.737,-37.781,-13.977,179.077,62.271,-42.627
-0.729,0.042,-0.572,0.427,-20.996,-7.69,179.346,63.896,-43.039
-0.739,0.024,-0.673,-1.709,6.653,-9.766,179.522,64.347,-43.401
-0.644,0.016,-0.676,-8.911,10.315,-14.526,179.758,64.028,-43.314
-0.688,0.057,-0.705,-14.221,3.052,-8.972,179.698,63.907,-43.165
-0.654,0.091,-0.675,-11.597,9.644,-6.775,179.346,63.715,-43.363
-0.665,0.13,-0.681,-8.24,7.324,-3.235,179.022,63.468,-43.77
-0.656,0.075,-0.66,-5.859,4.089,0.244,178.824,63.369,-44.379
-0.679,0.173,-0.682,-9.399,17.944,8.484,178.061,63.018,-45.494
-0.658,0.223,-0.741,-0.916,3.235,8.606,177.418,62.529,-46.835
-0.839,0.274,-1.001,6.409,10.559,10.803,176.962,62.419,-48.384
-0.783,0.188,-1.238,22.644,7.019,-0.61,177.479,61.798,-49.444
-0.802,0.015,-1.357,15.32,9.399,8.911,178.308,61.661,-50.153
-0.207,0.046,-0.908,18.494,0.0,13.794,178.281,60.974,-51.454
-0.515,-0.124,-0.815,22.461,-25.696,-4.639,179.319,61.721,-51.625
-0.318,-0.084,-0.615,11.902,8.606,10.01,-179.951,61.694,-51.647
-0.238,-0.111,-0.501,2.93,-4.333,9.46,-179.72,61.254,-51.916
-0.381,-0.038,-0.489,-4.761,-14.526,9.583,-179.912,61.501,-52.042
-0.575,-0.021,-0.599,-2.441,-17.334,10.925,179.731,62.172,-52.416
-0.715,0.007,-0.708,1.831,-6.775,11.902,179.412,62.737,-53.108
-0.76,-0.026,-0.783,7.263,0.0,8.118,179.396,62.985,-53.828
-0.668,-0.04,-0.746,4.761,11.353,7.751,179.583,62.71,-54.333
-0.593,-0.012,-0.716,0.122,10.803,11.047,179.473,62.243,-54.954
-0.561,-0.002,-0.712,1.465,6.47,8.911,179.302,61.902,-55.596
-0.568,-0.01,-0.757,1.465,4.578,7.08,179.22,61.705,-56.113
-0.598,-0.041,-0.844,2.319,8.789,6.836,179.242,61.43,-56.47
-0.511,-0.044,-0.887,1.404,-5.127,6.653,179.16,61.232,-56.887
-0.682,-0.082,-0.924,1.526,-26.855,-2.014,179.379,62.155,-56.832
-0.97,-0.047,-1.148,-4.211,-13.184,1.77,179.456,63.111,-56.739
-0.928,0.084,-1.174,-8.85,12.085,-1.16,179.198,63.04,-56.777
-0.346,0.165,-0.852,-16.418,28.992,-5.92,178.863,61.6,-56.552
-0.562,0.234,-0.831,-24.78,2.625,-9.766,178.05,61.002,-56.349
-0.426,0.208,-0.689,-20.63,23.56,-25.818,177.457,60.227,-55.734
-0.313,0.188,-0.533,-14.709,7.324,-21.24,177.259,59.48,-54.965
-0.316,0.127,-0.466,-1.16,-10.376,-14.465,177.177,59.562,-54.943
-0.46,0.075,-0.487,3.967,-25.818,-9.338,177.374,60.584,-55.36
-0.67,0.073,-0.594,3.967,-26.001,-5.127,177.49,62.018,-56.058
-0.809,0.048,-0.674,1.526,-7.263,-10.193,177.764,63.073,-56.492
-0.772,0.074,-0.717,-9.094,15.015,-2.197,177.869,63.078,-56.656
-0.609,0.144,-0.671,-9.705,22.278,8.911,177.138,62.26,-57.607
-0.523,0.187,-0.647,-6.409,20.752,5.127,176.49,61.348,-58.645
-0.605,0.135,-0.711,4.333,2.441,-9.583,176.622,61.013,-59.073
-0.809,0.201,-0.887,-0.244,14.771,-1.831,176.754,60.908,-59.458
-0.667,0.237,-0.917,7.751,22.522,4.395,176.814,59.908,-60.189
-0.644,0.288,-1.19,17.517,-0.977,9.399,177.094,59.529,-61.271
-0.771,0.184,-1.216,42.358,-6.531,6.47,178.132,59.705,-62.617
-0.618,-0.096,-1.006,31.982,14.771,6.775,179.791,59.623,-63.627
-0.256,-0.096,-0.754,25.146,21.24,6.47,-179.176,58.458,-64.742
-0.473,-0.179,-0.784,20.752,15.442,1.16,-178.006,57.711,-65.083
-0.302,-0.167,-0.734,4.456,49.133,18.188,-177.556,55.849,-65.517
-0.145,-0.115,-0.689,-8.545,27.161,24.475,-178.066,53.696,-66.462
-0.286,0.012,-0.654,-10.071,-9.705,20.203,-178.945,53.141,-67.297
-0.557,0.04,-0.695,-2.075,-6.165,15.442,-179.528,53.569,-68.022
-0.524,0.023,-0.778,5.615,13.489,11.353,-179.681,53.284,-68.736
-0.487,-0.014,-0.831,7.507,13.062,8.972,-179.522,52.635,-69.346
-0.518,-0.048,-0.843,8.179,13.306,5.005,-179.209,52.163,-69.736
-0.397,-0.071,-0.801,7.263,14.404,6.165,-178.846,51.449,-70.01
-0.428,-0.076,-0.839,4.578,8.484,8.24,-178.638,51.07,-70.4
-0.392,-0.14,-0.877,2.808,7.629,4.089,-178.374,50.647,-70.593
-0.435,-0.163,-1.029,-5.249,3.54,2.38,-178.336,50.4,-70.554
-0.474,-0.143,-1.017,-7.507,-7.996,1.709,-178.473,50.587,-70.34
-0.781,-0.089,-1.332,-21.973,6.042,3.235,-179.099,50.828,-70.312
-0.387,0.079,-1.293,-31.86,33.447,-15.442,179.945,49.46,-69.538
0.007,0.26,-0.975,-38.025,7.019,-29.358,178.846,48.384,-67.896
-0.346,0.382,-0.905,-38.513,-29.724,-21.851,177.418,49.048,-66.248
-0.363,0.382,-0.857,-18.677,2.014,-23.193,176.215,49.614,-64.984
-0.214,0.256,-0.701,-6.592,-7.874,-34.912,176.017,49.609,-63.517
-0.298,0.188,-0.587,-0.854,-25.879,-29.968,176.166,50.548,-62.875
-0.431,0.105,-0.553,1.526,-22.522,-26.489,176.468,51.921,-62.501
-0.525,0.104,-0.621,0.244,-5.676,-22.217,176.781,52.795,-62.199
-0.527,0.083,-0.707,-3.662,-4.456,-21.057,177.16,53.267,-61.837
-0.619,0.109,-0.765,-5.371,-3.906,-21.179,177.369,53.762,-61.529
-0.541,0.118,-0.779,-5.615,14.771,-17.761,177.578,53.723,-61.194
-0.451,0.183,-0.87,-4.089,12.573,-13.062,177.676,53.262,-61.068
-0.341,0.176,-0.912,4.272,6.958,-10.864,177.957,52.91,-60.958
-0.486,0.224,-1.063,6.897,-17.7,-0.732,178.116,53.058,-61.309
-0.713,0.142,-1.248,12.695,-21.423,-4.822,178.561,54.119,-61.743
-0.859,0.159,-1.32,9.949,-4.639,5.554,178.863,54.772,-62.336
-0.417,0.057,-1.099,16.602,8.789,9.338,179.22,54.344,-63.155
-0.103,-0.023,-0.818,21.606,-9.705,13.428,179.709,54.185,-64.116
-0.524,-0.127,-0.797,15.076,-18.188,12.817,-179.517,55.283,-64.704
-0.343,-0.046,-0.681,16.479,12.146,22.766,-179.346,55.014,-65.748
-0.282,-0.138,-0.611,17.029,-0.305,11.475,-178.786,54.47,-66.533
-0.425,-0.143,-0.622,4.944,-13.916,5.981,-178.215,54.75,-66.627
-0.542,-0.112,-0.626,0.244,-5.31,4.395,-178.011,55.294,-66.583
-0.637,-0.113,-0.742,-2.808,3.723,2.197,-177.891,55.475,-66.467
-0.594,-0.104,-0.759,-5.493,18.982,0.427,-177.852,55.031,-66.253
-0.506,-0.084,-0.788,-8.24,23.376,-2.075,-177.99,54.168,-66.033
-0.402,-0.088,-0.78,-9.827,15.259,-9.155,-178.017,53.383,-65.418
-0.375,-0.081,-0.845,-10.437,9.155,-9.033,-178.077,52.899,-64.649
-0.454,-0.084,-1.0,-11.597,11.414,-6.104,-178.209,52.471,-63.973
-0.402,-0.085,-1.114,-7.141,-5.066,-15.198,-178.204,52.097,-63.138
-0.594,-0.082,-1.19,-16.968,-15.625,-20.996,-178.0,52.751,-61.661
-0.801,0.104,-1.302,-26.245,-1.465,-12.878,-178.594,53.267,-60.595
-0.379,0.208,-1.044,-22.888,19.775,-24.536,-179.302,52.52,-59.551
-0.288,0.322,-0.842,-23.254,-16.296,-33.325,-179.72,52.366,-57.975
-0.695,0.192,-0.776,-15.747,8.24,-47.485,-179.83,53.119,-56.102
-0.391,0.168,-0.703,-26.306,40.894,-41.138,-179.879,51.894,-53.91
-0.14,0.169,-0.595,-17.151,21.484,-34.18,179.676,50.345,-52.267
-0.248,0.105,-0.545,-10.071,-8.301,-30.029,179.5,50.213,-50.977
-0.465,0.078,-0.601,-7.446,-13.245,-23.376,179.429,50.911,-49.977
-0.564,0.031,-0.696,-6.775,8.545,-27.954,179.484,51.24,-49.01
-0.593,0.085,-0.851,-13.611,29.053,-22.217,179.528,50.62,-47.796
-0.419,0.106,-0.879,-6.653,32.104,-15.503,179.429,49.296,-46.956
-0.297,0.103,-0.858,-0.488,10.01,-9.949,179.473,48.356,-46.428
-0.442,0.075,-0.852,-0.183,-2.075,-4.333,179.522,48.461,-46.263
-0.438,0.093,-0.887,-2.014,-3.906,-4.639,179.467,48.615,-46.165
-0.48,0.17,-1.016,-3.113,-3.113,3.357,179.198,48.873,-46.291
-0.47,0.163,-1.11,3.479,-43.335,1.831,179.006,49.933,-46.648
-0.892,0.171,-1.294,1.282,-25.024,-5.432,178.934,51.987,-46.719
-0.687,0.127,-1.322,10.254,1.831,-7.446,179.412,52.443,-46.302
-0.179,0.069,-0.985,15.93,10.437,-2.441,-179.896,52.048,-46.022
-0.203,-0.032,-1.019,20.02,-8.667,-4.944,-178.978,51.883,-45.648
-0.095,-0.043,-0.887,4.639,22.339,-3.113,-178.22,51.114,-44.89
0.03,-0.006,-0.642,4.761,-7.019,-1.831,-177.869,50.268,-44.165
-0.143,-0.01,-0.51,0.427,-31.494,0.0,-177.627,50.834,-43.418
-0.36,-0.027,-0.539,3.174,-41.321,-8.606,-177.347,52.245,-42.534
-0.666,-0.108,-0.642,3.662,-29.358,-18.982,-176.682,53.97,-41.281
-0.698,-0.166,-0.781,-0.549,2.502,-29.114,-175.809,54.608,-39.688
-0.637,-0.213,-0.855,-10.315,21.118,-33.264,-174.968,54.179,-37.65
-0.419,-0.181,-0.834,-21.179,18.921,-31.738,-174.688,53.141,-35.629
-0.411,-0.135,-0.78,-25.696,-2.319,-32.898,-174.771,52.833,-33.508
-0.44,-0.113,-0.773,-25.269,-9.399,-37.048,-174.897,53.163,-31.245
-0.52,-0.162,-0.813,-26.245,-9.033,-53.345,-174.639,53.657,-28.29
-0.523,-0.181,-0.927,-35.217,0.549,-61.279,-174.298,53.685,-24.637
-0.592,-0.046,-1.124,-40.833,2.747,-68.359,-174.326,53.492,-20.748
-0.499,0.008,-1.017,-37.659,-10.376,-69.702,-174.133,53.58,-16.49
-0.482,0.107,-0.845,-37.231,-20.752,-55.298,-174.397,54.223,-12.98
-0.414,0.06,-0.627,-33.447,-28.198,-64.697,-174.353,55.278,-9.371
-0.62,0.067,-0.681,-42.114,-41.626,-66.467,-174.38,56.931,-5.482
-0.84,0.09,-0.767,-59.326,3.113,-66.65,-174.869,57.876,-1.615
-0.675,0.201,-0.772,-60.852,27.1,-61.34,-176.072,57.156,1.752
-0.476,0.248,-0.749,-48.584,24.536,-64.331,-177.111,55.975,5.021
-0.504,0.219,-0.753,-31.921,6.714,-61.951,-177.539,55.481,8.405
-0.562,0.137,-0.768,-24.048,-4.456,-57.19,-177.484,55.558,11.635
-0.636,0.144,-0.767,-21.667,-2.563,-47.974,-177.369,55.981,14.513
-0.598,0.183,-0.763,-15.381,-4.578,-36.194,-177.374,56.272,16.716
-0.569,0.185,-0.73,-7.141,-6.714,-29.602,-177.226,56.722,18.501
-0.53,0.195,-0.709,-3.479,-9.399,-20.752,-177.083,57.283,19.858
-0.625,0.221,-0.841,3.967,-11.536,-16.968,-176.94,57.865,20.907
-0.754,0.118,-0.964,21.24,-4.7,-26.123,-175.946,58.42,22.214
-0.678,-0.052,-0.935,30.029,7.019,-32.959,-173.853,58.381,24.148
-0.476,-0.154,-0.905,31.189,27.344,-22.705,-171.722,57.393,25.763
-0.218,-0.225,-0.784,31.982,16.357,-7.996,-169.915,56.08,26.603
-0.386,-0.33,-0.792,22.461,-14.648,-8.911,-168.333,56.124,27.361
-0.615,-0.351,-0.862,1.099,-2.319,-15.076,-167.234,56.365,28.537
-0.427,-0.283,-0.833,-17.334,14.709,-18.433,-167.053,55.618,29.63
-0.369,-0.21,-0.776,-26.917,-2.014,-22.461,-167.41,54.987,30.97
-0.486,-0.173,-0.722,-30.334,-13.306,-29.907,-167.833,55.173,32.833
-0.536,-0.146,-0.714,-30.884,-7.996,-33.142,-168.201,55.437,34.958
-0.517,-0.174,-0.745,-28.564,-0.366,-41.992,-168.42,55.349,37.255
-0.505,-0.214,-0.792,-29.236,-4.15,-51.147,-168.354,55.162,40.089
-0.564,-0.309,-0.914,-35.828,3.418,-57.861,-168.14,54.893,43.412
-0.392,-0.283,-0.908,-51.575,9.216,-56.335,-168.541,54.097,46.73
-0.228,-0.237,-0.842,-57.129,-16.052,-69.702,-169.332,53.613,50.449
-0.57,-0.231,-0.83,-64.88,-51.697,-91.187,-169.645,54.921,55.789
-0.936,-0.097,-0.928,-71.899,-32.898,-104.614,-169.728,56.365,62.111
-0.624,0.021,-0.77,-75.378,7.446,-102.661,-169.991,55.997,68.676
-0.463,0.125,-0.716,-71.045,-8.362,-90.942,-170.903,55.47,74.74
-0.703,0.142,-0.742,-73.425,-6.714,-83.557,-172.079,55.827,80.695
-0.588,0.242,-0.753,-66.895,21.362,-85.815,-173.447,54.948,86.704
-0.485,0.245,-0.797,-54.626,17.944,-81.482,-174.523,53.767,92.681
-0.455,0.199,-0.797,-42.297,3.479,-77.087,-175.188,53.091,98.333
-0.541,0.14,-0.776,-33.386,-5.249,-68.115,-175.479,53.091,103.678
-0.612,0.098,-0.808,-24.292,0.0,-56.274,-175.666,53.163,108.364
-0.57,0.07,-0.784,-20.874,5.859,-42.542,-175.754,52.993,112.412
-0.539,0.092,-0.787,-9.277,6.653,-29.541,-175.968,52.712,115.598
-0.517,0.035,-0.758,-2.747,3.662,-20.02,-175.858,52.548,118.213
-0.538,0.033,-0.774,-1.16,0.0,-11.536,-175.82,52.581,120.278
-0.483,0.057,-0.802,-1.526,2.075,-4.333,-175.941,52.537,121.888
-0.52,0.085,-0.881,9.094,-14.709,-4.089,-175.979,52.993,123.195
-0.821,-0.006,-1.096,13.855,-30.762,-6.592,-175.287,54.36,124.7
-0.722,-0.064,-1.2,21.24,-14.893,-12.268,-174.298,55.168,126.304
-0.836,-0.086,-1.24,9.521,-1.953,-0.183,-173.419,55.761,127.804
-0.447,-0.077,-0.994,14.526,29.419,19.836,-173.315,54.976,127.985
-0.242,-0.158,-0.852,20.447,29.419,23.499,-173.117,53.492,127.43
-0.187,-0.17,-0.886,21.362,29.602,26.733,-172.776,51.965,126.601
-0.132,-0.225,-0.789,16.907,28.442,28.87,-172.392,50.416,125.541
-0.117,-0.226,-0.664,0.488,3.845,31.433,-172.562,49.532,124.206
-0.329,-0.156,-0.673,-12.878,-14.16,21.973,-173.26,49.845,123.201
-0.457,-0.042,-0.689,-15.625,-9.888,12.268,-174.139,50.312,122.877
-0.527,-0.045,-0.766,-3.296,-4.272,1.221,-174.622,50.746,123.201
-0.54,-0.103,-0.755,-3.052,-2.014,-0.427,-174.628,51.015,124.113
-0.519,-0.133,-0.786,-6.592,5.798,-1.343,-174.776,51.07,125.03
-0.404,-0.122,-0.772,-8.301,10.437,-7.69,-174.963,50.834,126.156
-0.471,-0.165,-0.883,-9.094,0.0,-6.714,-174.99,50.757,127.419
-0.353,-0.121,-0.906,-8.667,15.381,-2.502,-175.237,50.449,128.364
-0.465,-0.145,-1.062,-2.502,-5.493,-4.761,-175.232,50.427,129.26
-0.514,-0.125,-1.25,-5.31,-1.648,3.357,-175.303,50.422,129.847
-0.537,-0.057,-1.342,-10.315,3.479,-10.071,-175.485,50.416,130.644
-0.293,0.075,-1.145,-19.287,10.925,-25.391,-175.622,49.818,132.402
-0.249,0.243,-0.957,-25.757,-9.827,-17.212,-176.358,49.499,134.099
-0.368,0.224,-0.895,-15.32,-4.15,-18.005,-177.122,49.867,135.544
-0.159,0.135,-0.716,-8.301,-8.972,-21.179,-177.358,49.708,137.252
-0.314,0.085,-0.628,-8.85,-34.241,-19.836,-177.545,50.762,138.873
-0.443,0.041,-0.56,-10.925,-28.259,-21.79,-177.676,52.158,140.641
-0.61,0.095,-0.67,-15.015,-12.695,-21.057,-178.044,53.174,142.526
-0.606,0.133,-0.752,-7.385,23.315,-26.367,-178.292,53.015,144.662
-0.439,0.063,-0.784,-2.014,13.489,-29.602,-177.968,52.092,147.173
-0.525,0.023,-0.799,-1.77,2.93,-25.635,-177.55,51.899,149.524
-0.546,0.033,-0.829,-6.287,7.324,-17.029,-177.374,51.85,151.523
-0.466,0.033,-0.79,-7.202,1.221,-16.785,-177.391,51.702,153.27
-0.509,0.102,-0.867,-8.179,6.165,-11.536,-177.621,51.724,154.814
-0.405,0.079,-0.916,0.0,7.568,-10.01,-177.676,51.394,156.16
-0.507,0.096,-0.931,-0.977,-13.977,-2.258,-177.731,51.861,157.088
-0.562,0.079,-1.075,5.92,-14.038,-8.545,-177.578,52.465,158.016
-0.816,0.011,-1.326,5.432,-20.813,-1.648,-177.237,53.459,158.945
-0.683,-0.112,-1.383,6.592,27.771,13.55,-177.231,53.179,159.148
-0.03,-0.189,-0.805,-2.93,16.052,28.015,-177.632,51.916,158.527
-0.208,-0.088,-0.722,-12.512,-41.443,20.935,-178.753,52.553,157.319
-0.574,-0.08,-0.668,-11.536,-20.813,5.554,-179.352,54.218,157.176
-0.364,-0.084,-0.603,-5.249,8.972,-0.061,-179.544,54.009,157.703
-0.379,-0.042,-0.64,-14.221,3.174,5.981,-179.879,53.773,158.275
-0.396,-0.008,-0.69,-5.432,-7.202,2.38,179.714,53.8,158.719
-0.565,-0.023,-0.781,-6.775,-9.216,4.517,179.517,54.333,159.197
-0.586,-0.039,-0.841,-3.601,6.775,0.244,179.341,54.542,159.813
-0.505,-0.008,-0.856,-4.639,9.705,6.897,179.182,54.196,160.417
-0.505,-0.015,-0.835,0.0,0.0,7.874,178.995,54.014,160.692
-0.458,-0.003,-0.805,0.61,1.526,9.277,178.868,54.031,160.884
-0.478,-0.036,-0.775,0.549,-6.836,7.385,178.824,54.229,161.087
-0.466,-0.042,-0.819,-0.916,-3.54,3.357,178.748,54.498,161.367
-0.476,-0.043,-0.961,-4.272,3.113,0.61,178.759,54.542,161.971
-0.437,-0.084,-0.95,0.671,-14.648,-4.639,178.929,54.959,162.62
-0.684,-0.069,-1.112,-9.583,-18.738,1.099,178.995,55.789,163.229
-0.846,0.057,-1.227,-15.015,-12.878,-2.991,178.544,56.536,163.784
-0.648,0.198,-1.093,-17.151,26.794,-9.949,178.033,56.102,164.861
-0.192,0.229,-0.794,-14.099,17.883,-20.569,177.847,54.767,166.41
-0.476,0.185,-0.767,-20.264,-21.24,-22.156,177.572,55.272,168.025
-0.462,0.212,-0.712,-20.813,5.066,-23.621,176.957,55.503,169.585
-0.38,0.179,-0.62,-16.785,-0.488,-24.231,176.605,55.437,171.398
-0.299,0.13,-0.488,-10.193,-16.785,-16.602,176.342,55.854,172.859
-0.587,0.122,-0.604,-6.531,-21.484,-11.841,176.034,57.063,173.853
-0.602,0.128,-0.697,-3.784,7.446,-7.507,175.864,57.42,174.891
-0.637,0.124,-0.771,-3.601,11.963,-0.61,175.699,57.123,175.781
-0.526,0.148,-0.773,-3.662,15.015,2.625,175.364,56.552,176.375
-0.519,0.17,-0.779,1.709,0.854,1.038,175.144,56.234,176.874
-0.613,0.134,-0.793,6.836,-4.211,-2.625,175.232,56.437,177.396
-0.685,0.07,-0.796,8.179,-12.146,-8.118,175.693,56.97,178.242
-0.717,0.079,-0.825,-0.916,-9.583,-3.418,175.957,57.717,179.149
-0.586,0.129,-0.803,3.174,-8.972,-10.254,176.056,58.282,-179.956
-0.738,0.134,-0.99,-1.526,-8.301,-12.451,176.424,59.09,-178.726
-0.673,0.112,-1.138,8.24,-0.854,-19.531,177.133,59.15,-177.215
-1.053,0.086,-1.353,-4.517,5.554,7.996,177.435,59.485,-176.391
-0.271,0.21,-0.852,-1.099,36.133,33.936,176.353,57.766,-177.358
-0.071,0.087,-0.671,32.654,-21.179,8.85,176.556,57.134,-178.308
-0.771,-0.177,-0.812,25.696,-22.034,4.15,178.176,58.722,-178.22
-0.222,-0.019,-0.713,6.287,45.044,28.198,178.176,56.942,-178.863
-0.21,0.011,-0.669,0.977,-7.874,17.151,177.836,55.756,-179.676
-0.464,0.04,-0.674,-1.831,-22.766,16.174,177.44,56.508,179.698
-0.529,0.062,-0.668,1.465,-19.165,18.494,176.907,57.327,178.973
-0.642,0.042,-0.688,4.517,-15.259,12.085,176.6,58.156,178.517
-0.679,0.052,-0.77,3.113,-2.014,9.766,176.457,58.667,178.489
-0.608,0.027,-0.757,5.798,6.775,6.165,176.473,58.651,178.72
-0.526,0.017,-0.769,4.639,8.118,4.883,176.644,58.31,179.138
-0.531,-0.023,-0.77,6.714,1.648,-0.061,176.968,58.206,179.676
-0.542,-0.01,-0.724,3.418,1.16,-1.16,177.314,58.288,-179.621
-0.596,-0.045,-0.847,5.371,1.221,-2.38,177.803,58.293,-178.802
-0.465,-0.032,-0.836,0.122,6.287,2.686,178.039,58.03,-178.182
-0.475,-0.029,-0.898,-1.587,-7.08,2.38,178.11,58.107,-177.731
-0.691,0.02,-1.032,-5.981,-16.235,1.099,177.962,58.793,-177.429
-0.909,0.13,-1.232,-7.568,-5.92,-10.986,178.028,59.194,-176.6
-0.729,0.36,-1.031,-13.062,11.78,-13.855,177.83,59.008,-175.408
-0.509,0.223,-0.858,9.521,5.92,-46.143,178.797,58.623,-173.177
-0.594,0.056,-0.798,-6.409,16.968,-36.316,-179.72,58.502,-170.184
-0.325,0.07,-0.666,-9.766,26.184,-23.743,-179.401,57.233,-168.217
-0.316,0.055,-0.596,-15.015,11.658,-16.052,-179.495,56.365,-166.767
-0.288,0.11,-0.557,-13.672,9.338,-7.507,179.94,55.778,-165.894
-0.395,0.101,-0.642,-6.653,-3.906,-8.24,179.489,55.607,-165.295
-0.57,0.062,-0.752,-5.615,-3.662,-8.362,179.341,55.833,-164.592
-0.626,0.084,-0.792,-7.141,1.892,-5.615,179.099,55.937,-163.894
-0.601,0.093,-0.773,-8.118,2.136,-3.357,178.753,55.953,-163.262
-0.615,0.15,-0.79,-9.277,5.554,1.953,178.187,55.937,-162.889
-0.507,0.125,-0.732,-3.418,4.272,-5.371,177.874,55.739,-162.383
-0.522,0.115,-0.718,-3.662,0.916,-2.625,177.715,55.876,-161.785
-0.591,0.15,-0.812,-3.479,4.578,2.38,177.396,55.849,-161.488
-0.415,0.179,-0.802,1.831,9.094,6.042,177.116,55.41,-161.439
-0.587,0.195,-0.931,7.446,-26.306,12.207,176.902,55.909,-161.867
-0.671,0.158,-1.044,8.545,-11.841,11.475,176.715,56.717,-162.537
-0.95,0.167,-1.286,8.972,-10.254,13.733,176.611,57.376,-163.037
-0.628,0.118,-1.222,9.888,18.433,25.146,176.424,56.744,-163.878
-0.127,0.095,-0.823,19.104,-10.01,28.87,176.215,56.25,-165.273
-0.533,0.001,-0.833,29.907,-30.823,18.188,176.66,57.261,-166.701
-0.375,-0.054,-0.71,23.132,12.512,18.494,177.429,57.349,-167.607
-0.236,-0.084,-0.641,15.991,-1.587,10.559,178.116,56.733,-168.118
-0.349,-0.055,-0.589,8.606,-18.677,3.174,178.627,57.063,-168.327
-0.526,-0.071,-0.639,9.399,-17.578,-1.648,179.269,57.925,-168.036
-0.633,-0.065,-0.74,9.644,-3.052,0.793,179.929,58.431,-167.525
-0.611,-0.106,-0.771,9.338,1.038,1.038,-179.374,58.497,-166.915
-0.602,-0.097,-0.826,4.7,9.338,4.395,-178.929,58.315,-166.415
-0.535,-0.083,-0.791,1.282,5.249,4.517,-178.759,58.057,-166.075
-0.524,-0.087,-0.741,-0.732,1.892,2.625,-178.632,57.997,-165.652
-0.548,-0.068,-0.742,-4.822,-2.625,3.113,-178.726,58.101,-165.3
-0.581,-0.077,-0.792,-7.202,6.836,3.174,-178.874,58.09,-164.833
-0.521,-0.02,-0.809,-8.911,4.395,7.385,-179.357,57.838,-164.663
-0.483,-0.04,-0.835,-1.892,-5.371,-3.784,-179.445,57.936,-164.218
-0.521,-0.075,-0.794,-2.38,-13.672,1.099,-179.275,58.612,-163.625
-0.636,-0.002,-0.946,-9.277,-20.752,14.221,-179.797,59.343,-163.834
-0.753,0.097,-1.105,-3.906,-21.729,7.996,179.484,60.403,-164.24
-1.116,0.036,-1.276,7.629,-24.536,-10.498,179.813,61.727,-163.834
-0.668,0.093,-0.944,1.953,16.785,-14.526,-179.533,61.771,-162.751
-0.368,0.07,-0.765,-7.324,0.244,-15.442,-178.923,61.084,-161.406
-0.603,0.165,-0.77,-24.048,-0.732,-0.732,-179.725,61.403,-160.977
-0.34,0.137,-0.653,-12.939,32.898,-18.188,179.621,60.359,-160.241
-0.126,0.06,-0.528,-8.606,5.432,-15.625,179.654,59.2,-159.066
-0.398,0.072,-0.571,-11.963,-23.865,0.427,179.203,59.628,-158.851
-0.597,0.118,-0.629,-8.362,-12.39,0.916,178.462,60.414,-159.071
-0.637,0.13,-0.701,-5.92,-4.822,0.244,177.94,60.71,-159.005
-0.736,0.143,-0.771,-5.554,1.038,1.648,177.495,60.908,-158.901
-0.606,0.134,-0.729,-0.488,7.08,-0.122,177.226,60.694,-158.687
-0.611,0.104,-0.746,-1.038,5.676,2.014,177.039,60.535,-158.511
-0.55,0.118,-0.704,0.916,1.404,5.188,176.797,60.392,-158.489
-0.632,0.116,-0.742,4.395,0.244,5.981,176.6,60.452,-158.659
-0.612,0.149,-0.785,3.54,9.827,13.794,176.309,60.2,-159.038
-0.53,0.141,-0.755,11.78,-8.789,12.268,176.155,59.897,-159.637
-0.658,0.149,-0.799,9.705,-3.784,9.521,176.039,60.386,-160.307
-0.596,0.106,-0.831,12.39,-9.705,-4.517,176.473,60.584,-160.219
-0.531,0.16,-1.008,7.08,0.0,2.319,176.924,60.98,-159.977
-0.448,0.222,-0.89,17.273,-63.477,3.479,177.111,61.979,-160.406
-1.37,0.096,-1.049,19.104,-74.28,11.658,177.396,65.803,-161.411
-1.122,0.046,-0.945,16.846,-1.404,7.019,177.506,67.5,-162.12
-0.45,0.021,-0.58,15.686,28.259,13.733,177.797,66.693,-162.389
-0.42,-0.085,-0.635,26.489,-7.69,0.244,178.61,66.099,-162.51
-0.528,-0.107,-0.567,15.198,11.108,16.785,179.352,66.066,-162.675
-0.482,-0.121,-0.558,9.705,6.47,13.55,179.467,65.517,-163.235
-0.499,-0.028,-0.554,-1.282,2.502,8.301,179.385,65.281,-163.328
-0.616,-0.033,-0.603,-0.732,-6.348,3.052,179.401,65.484,-163.065
-0.697,0.0,-0.686,-3.845,4.578,2.502,179.308,65.616,-162.669
-0.695,0.012,-0.733,1.221,10.986,1.465,179.346,65.292,-162.213
-0.577,-0.024,-0.69,2.625,8.179,2.258,179.572,64.819,-161.801
-0.581,-0.023,-0.644,2.441,2.625,3.296,179.654,64.726,-161.598
-0.617,-0.027,-0.688,1.587,2.563,0.671,179.758,64.671,-161.323
-0.615,-0.074,-0.757,-0.122,1.221,-3.967,-179.94,64.578,-160.714
-0.708,-0.084,-0.816,-7.202,-4.761,-7.324,-179.78,64.83,-159.939
-0.7,-0.098,-0.793,-11.597,-1.221,-18.372,-179.489,65.143,-158.566
-0.695,-0.073,-0.799,-22.949,3.052,-6.775,-179.533,65.22,-157.165
-0.543,0.048,-0.776,-24.963,-0.854,2.563,179.478,65.039,-156.632
-0.925,0.104,-1.023,-13.062,-26.55,2.441,178.5,65.726,-156.588
-1.227,0.229,-1.211,-9.277,5.859,9.033,177.605,66.473,-156.852
-0.728,0.08,-0.93,0.793,20.691,-15.625,177.858,65.704,-156.22
-0.326,0.112,-0.706,-17.212,4.395,-19.714,178.259,64.88,-154.704
-0.708,0.171,-0.714,-26.001,-6.165,-20.813,177.654,65.605,-153.638
-0.396,0.151,-0.609,-14.709,28.015,-35.522,177.979,64.512,-151.589
-0.256,0.091,-0.506,-9.705,0.732,-23.621,178.423,63.935,-149.881
-0.448,0.039,-0.505,-8.362,-23.254,-13.0,178.484,64.633,-149.161
-0.629,0.09,-0.546,-8.728,-15.93,-5.432,178.121,65.588,-148.903
-0.732,0.097,-0.627,-7.568,-12.329,-3.967,177.869,66.281,-148.574
-0.779,0.177,-0.682,-3.54,6.958,3.784,177.275,66.539,-148.634
-0.663,0.144,-0.666,4.333,11.597,1.343,177.089,66.121,-148.661
-0.631,0.123,-0.644,6.47,1.526,4.028,177.111,65.885,-148.733
-0.666,0.108,-0.672,7.996,-0.488,5.31,177.061,65.973,-149.035
-0.648,0.109,-0.642,7.935,-1.587,8.972,177.039,66.099,-149.376
-0.81,0.136,-0.682,9.583,-8.972,15.015,176.726,66.434,-150.167
-0.767,0.117,-0.712,10.376,0.671,13.794,176.413,66.588,-151.084
-0.748,0.075,-0.715,10.437,-10.132,-1.709,176.567,66.874,-151.32
-0.833,0.103,-0.885,3.479,-6.653,-3.235,176.913,67.385,-151.002
-1.139,0.131,-1.186,-0.183,-5.493,-2.991,177.034,67.813,-150.628
-1.017,0.154,-1.186,-0.793,18.066,16.541,176.589,67.39,-150.958
-0.383,0.082,-0.736,8.118,17.09,20.63,175.919,66.198,-152.155
-0.518,-0.04,-0.691,21.301,-17.517,-0.916,176.369,66.313,-152.776
-0.59,-0.08,-0.624,11.047,32.166,12.146,177.105,65.863,-152.886
-0.246,-0.03,-0.516,7.263,37.17,10.803,177.314,63.754,-153.199
-0.247,-0.004,-0.543,3.235,8.362,7.996,177.49,62.595,-153.49
-0.464,0.015,-0.604,1.282,-8.24,11.353,177.336,62.6,-154.155
-0.631,0.032,-0.707,0.854,-3.418,7.324,177.1,62.726,-154.731
-0.719,0.037,-0.82,2.319,5.798,2.625,177.155,62.721,-154.753
-0.594,0.051,-0.782,5.005,6.409,4.272,177.319,62.342,-154.693
-0.534,0.005,-0.698,7.874,0.427,2.625,177.632,62.194,-154.709
-0.483,-0.03,-0.605,5.615,-12.451,0.061,177.99,62.496,-154.655
-0.552,-0.048,-0.613,2.686,-15.198,-0.854,178.314,63.188,-154.424
-0.77,-0.062,-0.801,-1.831,-16.846,-3.113,178.511,64.127,-154.023
-0.852,-0.046,-0.803,-1.709,-19.836,-10.376,178.802,65.281,-153.193
-0.783,-0.074,-0.87,-1.709,6.287,-7.324,179.319,65.66,-152.095
-0.578,-0.024,-0.846,-12.878,-2.869,6.958,179.083,65.517,-151.672
-0.931,0.147,-1.047,-17.212,-20.691,16.296,177.803,66.324,-152.369
-0.995,0.229,-1.132,0.61,-8.85,-7.385,177.22,66.824,-152.672
-0.718,0.208,-0.905,6.531,7.019,-36.926,178.522,66.896,-151.1
-0.39,0.068,-0.69,3.54,-5.737,-49.377,-179.165,66.594,-148.195
-0.764,0.078,-0.696,-15.869,-18.494,-27.649,-178.253,67.61,-146.272
-0.564,0.068,-0.593,-9.583,20.142,-35.4,-177.572,67.126,-144.421
-0.466,0.055,-0.497,-13.794,9.827,-23.987,-177.111,66.429,-142.806
-0.431,0.015,-0.415,-14.954,1.404,-16.479,-177.111,66.16,-141.768
-0.616,0.015,-0.515,-14.221,-7.141,-14.282,-177.369,66.396,-140.966
-0.801,0.011,-0.637,-17.029,3.601,-15.625,-177.55,66.703,-140.004
-0.714,0.043,-0.608,-14.648,8.179,-15.259,-177.66,66.489,-138.834
-0.724,0.101,-0.604,-12.634,4.761,-6.409,-178.022,66.412,-138.137
-0.771,0.119,-0.625,-3.662,6.897,-7.263,-178.264,66.423,-137.763
-0.687,0.111,-0.627,3.845,11.23,-9.155,-178.022,66.132,-137.263
-0.815,0.165,-0.765,3.174,8.484,-2.38,-177.836,65.962,-137.054
-0.683,0.193,-0.797,10.376,4.883,-5.737,-177.665,65.709,-137.126
-0.97,0.052,-1.009,15.564,1.831,-23.438,-176.528,66.083,-136.373
-0.885,-0.055,-1.111,18.311,5.066,-23.987,-174.76,65.775,-134.978
-0.751,-0.126,-1.023,9.399,15.747,-9.094,-173.551,65.358,-134.264
-0.316,0.058,-0.885,19.165,34.302,-28.137,-172.628,63.693,-133.813
-0.318,-0.285,-0.777,34.851,15.32,-80.322,-168.695,62.056,-130.54
-0.266,-0.435,-0.716,-7.507,25.391,-50.964,-165.948,60.216,-127.282
-0.197,-0.339,-0.652,-41.687,5.798,-36.011,-166.02,58.689,-125.491
-0.406,-0.148,-0.612,-55.847,-7.69,-41.626,-167.075,58.233,-123.431
-0.479,-0.116,-0.629,-51.514,-5.737,-55.298,-167.932,57.909,-120.69
-0.623,-0.151,-0.687,-47.729,-5.981,-67.2,-168.206,57.684,-117.087
-0.576,-0.156,-0.749,-41.626,3.54,-65.674,-168.162,57.156,-113.198
-0.59,-0.207,-0.779,-36.316,-0.244,-65.979,-167.893,56.7,-109.462
-0.563,-0.229,-0.768,-35.339,-5.432,-64.27,-167.525,56.376,-105.76
-0.514,-0.21,-0.742,-41.809,-7.202,-62.5,-167.327,56.245,-102.129
-0.484,-0.207,-0.72,-37.659,-13.55,-72.327,-167.064,56.228,-98.278
-0.53,-0.2,-0.794,-39.49,-11.902,-69.031,-166.602,56.234,-94.18
-0.771,-0.222,-1.036,-37.048,-6.714,-69.763,-166.212,56.124,-90.324
-0.533,-0.192,-0.96,-35.156,12.878,-66.895,-165.883,55.184,-86.759
-0.517,-0.171,-0.931,-44.189,-6.592,-63.11,-166.058,54.58,-83.655
-0.328,-0.065,-0.671,-61.096,-23.682,-67.688,-166.745,54.701,-80.195
-0.613,0.039,-0.679,-71.96,-58.105,-66.528,-167.997,56.431,-76.597
-0.854,0.167,-0.739,-70.984,-20.081,-74.524,-169.31,57.914,-72.867
-0.715,0.167,-0.76,-55.542,14.587,-65.918,-170.206,57.645,-69.582
-0.484,0.189,-0.762,-41.626,18.433,-43.274,-171.271,56.711,-67.758
-0.474,0.129,-0.764,-27.222,-3.296,-38.879,-172.046,56.464,-66.775
-0.54,0.117,-0.767,-25.513,-14.221,-51.025,-172.337,56.953,-65.352
-0.613,0.076,-0.76,-27.344,-20.63,-50.659,-172.222,57.794,-63.353
-0.646,0.148,-0.783,-28.137,-14.709,-40.039,-172.414,58.7,-61.727
-0.619,0.201,-0.809,-25.696,-8.24,-26.55,-172.892,59.359,-60.848
-0.75,0.172,-1.025,-10.864,-14.404,-30.273,-173.298,59.821,-60.458
-0.582,-0.028,-0.798,1.526,-5.432,-45.105,-172.386,60.535,-59.266
-0.548,-0.13,-0.787,-3.784,-3.906,-41.321,-171.123,60.645,-57.656
-0.517,-0.166,-0.711,-4.822,-11.475,-47.791,-169.953,60.727,-55.849
-0.668,-0.236,-0.795,-13.855,-4.089,-46.753,-168.629,60.864,-53.498
-0.602,-0.234,-0.829,-33.264,13.123,-39.062,-168.398,60.222,-51.647
-0.463,-0.135,-0.789,-43.945,10.803,-41.748,-169.036,59.244,-49.889
-0.448,-0.116,-0.764,-40.71,-3.357,-47.058,-169.53,58.782,-47.747
-0.536,-0.142,-0.768,-39.917,-7.629,-49.561,-169.799,58.788,-45.368
-0.445,-0.182,-0.735,-40.222,-8.85,-55.908,-169.876,58.694,-42.709
-0.505,-0.201,-0.766,-41.565,-18.188,-59.998,-169.772,58.991,-39.622
-0.593,-0.206,-0.832,-40.344,-8.911,-64.636,-169.431,59.172,-36.233
-0.7,-0.231,-0.949,-38.391,-15.381,-63.293,-169.003,59.211,-32.975
-0.706,-0.118,-0.949,-61.096,-3.052,-59.448,-169.113,59.194,-29.751
-0.383,0.098,-0.727,-78.125,-2.197,-56.641,-170.656,58.744,-27.087
-0.719,0.21,-0.8,-82.886,-32.288,-61.584,-172.645,59.557,-24.307
-0.719,0.328,-0.786,-72.693,6.592,-63.599,-174.567,60.106,-21.649
-0.558,0.296,-0.743,-48.95,12.39,-62.012,-175.682,59.628,-19.259
-0.487,0.214,-0.709,-32.776,0.305,-54.626,-176.034,59.425,-17.276
-0.563,0.179,-0.715,-23.254,-7.996,-43.64,-176.155,59.87,-15.903
-0.589,0.111,-0.693,-17.578,-13.184,-35.706,-176.1,60.529,-15.024
-0.681,0.125,-0.7,-14.16,-14.587,-25.879,-176.127,61.463,-14.623
-0.683,0.143,-0.74,-11.414,-2.258,-16.846,-176.287,62.007,-14.793
-0.648,0.176,-0.746,-4.089,0.0,-16.724,-176.27,62.254,-15.134
-0.578,0.2,-0.849,0.0,2.319,-19.409,-176.012,62.287,-15.441
-0.592,0.198,-0.829,7.751,-23.01,-25.818,-175.292,62.968,-15.337
-0.906,0.085,-0.988,10.498,-25.208,-26.672,-174.089,64.523,-14.936
-1.057,-0.004,-1.167,7.263,-4.517,-16.479,-173.035,65.16,-14.694
-0.665,-0.105,-0.967,8.667,32.654,23.132,-173.084,64.484,-16.205
-0.216,-0.093,-0.816,15.747,17.822,21.79,-173.903,63.018,-18.929
-0.375,-0.221,-0.751,19.592,0.977,2.075,-173.271,62.617,-20.056
-0.397,-0.176,-0.664,7.629,11.963,19.47,-173.007,62.089,-21.116
-0.324,-0.153,-0.648,1.77,12.268,19.653,-173.408,61.293,-22.692
-0.332,-0.058,-0.604,-3.723,-9.949,15.137,-173.941,60.963,-23.939
-0.54,-0.054,-0.628,-2.319,-27.222,9.827,-174.37,61.82,-24.851
-0.703,-0.062,-0.688,-0.488,-16.968,2.991,-174.567,62.897,-25.56
-0.669,-0.139,-0.713,0.671,11.414,-5.92,-174.293,63.034,-25.867
-0.504,-0.15,-0.691,-8.789,7.141,-5.737,-174.155,62.463,-25.922
-0.543,-0.121,-0.695,-9.766,0.122,-3.967,-174.315,62.408,-25.994
-0.534,-0.131,-0.743,-7.019,-0.488,1.465,-174.43,62.32,-26.219
-0.62,-0.125,-0.84,-7.751,-5.31,11.414,-174.88,62.518,-26.966
-0.684,-0.085,-0.778,-10.864,-23.865,12.878,-175.737,63.358,-28.109
-0.838,-0.104,-0.812,-9.705,-25.757,6.104,-176.32,64.66,-28.878
-0.757,-0.084,-0.792,-15.93,-15.869,11.23,-177.182,65.484,-29.806
-1.061,0.022,-1.088,-25.818,-17.639,13.855,-178.649,66.566,-30.987
-0.812,0.134,-1.031,-11.292,15.625,-12.146,-179.44,66.423,-31.454
-0.396,0.18,-0.727,-12.756,15.808,-19.531,-179.346,65.632,-30.872
-0.528,0.198,-0.772,-22.583,-12.207,-17.151,-179.484,65.44,-30.174
-0.727,0.257,-0.822,-22.644,28.748,-18.738,179.775,65.259,-29.784
-0.37,0.254,-0.711,-14.526,35.217,-25.513,179.539,63.342,-29.042
-0.31,0.165,-0.576,-1.404,-0.305,-30.762,179.907,62.441,-28.076
-0.431,0.066,-0.506,-0.732,-20.447,-31.799,-179.319,63.029,-27.004
-0.581,0.051,-0.532,-0.244,-20.935,-33.936,-178.418,64.094,-25.785
-0.694,0.023,-0.614,-1.221,-11.23,-35.461,-177.275,64.979,-24.368
-0.719,0.019,-0.655,-1.648,-5.554,-32.959,-176.023,65.435,-22.841
-0.685,0.041,-0.66,-3.418,0.183,-19.714,-175.199,65.638,-21.951
-0.702,0.06,-0.674,-4.211,-4.395,-10.376,-174.908,65.956,-21.791
-0.697,0.132,-0.766,-4.456,7.385,-0.061,-175.21,65.929,-22.352
-0.61,0.122,-0.759,9.033,3.357,-2.808,-175.276,65.792,-23.121
-0.679,0.024,-0.803,11.169,-24.414,-6.348,-174.639,66.522,-23.423
-0.995,0.002,-0.991,15.625,-17.7,-3.479,-174.001,67.67,-23.736
-1.078,-0.076,-1.05,17.822,-13.733,-0.671,-173.161,68.439,-24.104
-0.689,-0.101,-0.798,15.747,8.911,12.695,-172.771,68.401,-25.038
-0.393,-0.139,-0.655,23.621,6.042,14.221,-172.634,67.835,-26.494
-0.52,-0.214,-0.665,20.63,-1.038,9.827,-171.892,67.769,-27.328
-0.462,-0.21,-0.649,17.273,8.606,11.414,-171.381,67.44,-28.092
-0.443,-0.232,-0.626,10.437,3.357,10.498,-170.925,66.989,-28.68
-0.491,-0.172,-0.594,3.723,-9.216,13.0,-170.799,67.033,-29.174
-0.635,-0.139,-0.617,4.944,-8.728,14.038,-170.865,67.462,-29.773
-0.709,-0.145,-0.661,8.362,-0.366,13.0,-170.909,67.72,-30.536
-0.695,-0.196,-0.678,8.24,7.507,10.315,-170.799,67.549,-31.273
-0.701,-0.188,-0.683,3.784,6.226,8.362,-170.76,67.286,-31.882
-0.692,-0.181,-0.659,1.77,4.395,7.69,-170.755,67.121,-32.349
-0.7,-0.159,-0.657,1.404,7.019,10.254,-170.892,66.967,-32.932
-0.672,-0.147,-0.648,1.404,7.141,11.292,-171.151,66.764,-33.673
-0.659,-0.163,-0.679,-0.366,7.507,11.658,-171.409,66.5,-34.382
-0.643,-0.156,-0.655,-4.028,15.015,11.78,-171.881,66.11,-35.145
-0.7,-0.159,-0.71,-5.859,9.521,5.737,-172.375,65.605,-35.711
-0.664,-0.15,-0.786,-10.01,18.86,9.277,-172.815,64.929,-36.002
-0.603,-0.16,-0.911,-8.606,12.207,10.498,-173.584,64.21,-36.634
-0.676,-0.083,-1.135,-6.897,-22.705,11.169,-174.221,64.292,-37.095
-1.036,-0.045,-1.189,-4.395,-18.738,4.211,-174.567,65.533,-37.315
-0.561,0.028,-0.848,-9.399,6.348,-2.747,-174.864,65.566,-37.26
-0.463,0.044,-0.712,-22.949,-24.902,-8.85,-175.292,65.572,-36.755
-0.81,0.135,-0.673,-32.654,-5.676,-13.489,-176.309,66.616,-36.013
-0.542,0.165,-0.564,-20.142,15.991,-18.982,-177.012,66.006,-35.112
-0.564,0.142,-0.554,-11.108,13.367,-9.094,-177.429,65.396,-34.618
-0.469,0.104,-0.524,-0.244,20.386,-4.028,-177.676,64.561,-34.739
-0.502,0.078,-0.575,4.15,10.01,1.221,-177.77,63.951,-35.14
-0.611,0.037,-0.658,5.981,9.399,0.488,-177.786,63.6,-35.629
-0.647,0.024,-0.729,2.808,15.503,-0.122,-177.764,63.051,-35.953
-0.627,0.0,-0.753,-0.732,11.536,-1.404,-177.704,62.446,-36.041
-0.616,0.049,-0.743,-2.563,13.0,0.61,-177.935,61.963,-36.244
-0.551,0.043,-0.722,0.427,5.615,-0.122,-178.0,61.573,-36.387
-0.572,0.042,-0.702,0.366,-5.249,1.709,-178.088,61.705,-36.595
-0.654,0.133,-0.757,0.549,2.38,2.869,-178.341,61.941,-36.974
-0.59,0.136,-0.802,14.221,7.141,-4.272,-178.116,61.699,-37.145
-0.73,0.025,-0.887,13.367,-20.264,-7.629,-177.237,62.166,-36.942
-0.867,0.068,-1.042,20.447,7.324,-19.592,-176.254,62.584,-36.409
-0.767,-0.08,-1.047,21.423,-3.845,-22.461,-174.337,62.309,-35.085
-0.949,-0.125,-1.058,10.681,-0.854,-12.573,-172.974,62.688,-34.036
-0.437,-0.112,-0.727,6.226,23.315,-2.686,-172.397,61.974,-33.651
-0.284,-0.177,-0.664,12.39,-3.54,-5.737,-171.898,61.337,-33.464
-0.525,-0.207,-0.736,5.798,7.874,-0.61,-171.068,61.282,-32.778
-0.394,-0.123,-0.756,-1.16,33.569,28.503,-171.601,60.013,-33.662
-0.219,-0.022,-0.733,-0.61,19.226,31.067,-172.782,58.574,-35.381
-0.367,-0.026,-0.69,6.409,-21.362,18.982,-173.265,58.716,-36.271
-0.638,-0.109,-0.69,4.822,-22.583,11.23,-173.271,59.843,-36.557
-0.676,-0.105,-0.706,0.549,-2.991,5.188,-173.353,60.342,-36.705
-0.625,-0.115,-0.689,0.122,4.272,0.488,-173.309,60.304,-36.606
-0.623,-0.105,-0.702,-0.916,6.592,2.869,-173.298,60.156,-36.519
-0.597,-0.093,-0.751,1.465,9.216,4.578,-173.359,59.908,-36.634
-0.53,-0.14,-0.77,3.113,3.845,4.15,-173.216,59.678,-36.672
-0.505,-0.157,-0.772,2.197,11.23,3.662,-173.145,59.447,-36.733
-0.531,-0.205,-0.833,-0.732,-3.113,-1.526,-173.013,59.183,-36.535
-0.616,-0.192,-0.917,-10.071,-2.258,2.502,-173.062,59.26,-36.129
-0.611,-0.146,-1.001,-8.728,8.972,4.944,-173.496,59.057,-36.013
-0.685,-0.103,-1.142,-11.658,-2.258,2.563,-173.897,58.936,-35.881
-0.656,0.009,-1.168,-12.207,1.526,-4.822,-174.282,58.914,-35.469
-0.377,0.139,-0.941,-21.24,3.418,-1.16,-175.029,58.524,-35.085
-0.564,0.183,-0.879,-21.423,-17.395,-9.46,-176.017,58.92,-34.612
-0.555,0.15,-0.747,-18.372,5.249,-31.25,-176.402,58.947,-33.25
-0.443,0.101,-0.597,-14.404,14.038,-38.33,-176.221,58.266,-31.201
-0.354,0.037,-0.496,-11.047,10.498,-36.987,-175.842,57.579,-29.174
-0.433,0.025,-0.511,-11.963,3.54,-29.907,-175.594,57.294,-27.46
-0.619,0.009,-0.627,-7.996,4.639,-26.855,-175.386,57.244,-26.093
-0.689,-0.007,-0.728,-7.935,24.231,-21.667,-175.133,56.629,-24.988
-0.647,-0.021,-0.812,-8.301,33.508,-15.259,-175.1,55.393,-24.285
-0.454,0.055,-0.8,-12.695,34.973,-3.296,-175.507,53.762,-24.115
-0.398,0.076,-0.822,-5.066,19.165,-1.404,-176.001,52.646,-24.219
-0.422,0.078,-0.893,2.014,4.578,-0.183,-176.221,52.18,-24.346
-0.45,0.092,-0.979,-1.404,3.601,11.353,-176.457,52.02,-24.719
-0.456,0.128,-0.974,5.371,-20.386,12.939,-176.885,52.234,-25.505
-0.584,0.081,-1.068,10.01,-28.687,11.902,-177.023,53.41,-26.235
-0.875,-0.037,-1.241,15.991,-15.137,7.385,-176.77,54.695,-26.774
-0.462,-0.084,-1.062,10.01,1.038,18.494,-176.517,54.783,-27.427
-0.193,-0.076,-0.799,11.475,-8.057,27.954,-176.754,54.86,-28.707
-0.427,-0.116,-0.802,14.099,-18.433,22.644,-176.688,55.602,-29.762
-0.375,-0.028,-0.736,10.803,12.512,32.104,-176.924,55.388,-31.152
-0.309,-0.079,-0.754,14.832,15.076,20.264,-176.891,54.492,-32.344
-0.305,-0.1,-0.739,8.972,4.15,9.216,-176.539,53.866,-32.717
-0.456,-0.125,-0.764,5.798,2.258,3.845,-176.188,53.712,-32.668
-0.506,-0.116,-0.778,3.479,9.033,-0.977,-175.858,53.289,-32.443
-0.464,-0.139,-0.827,1.587,9.46,1.953,-175.507,52.811,-32.162
-0.487,-0.132,-0.814,1.709,2.197,5.005,-175.386,52.668,-32.184
-0.467,-0.098,-0.777,-0.183,-0.977,14.404,-175.43,52.652,-32.492
-0.506,-0.109,-0.822,0.61,-0.854,16.113,-175.611,52.861,-33.146
-0.482,-0.05,-0.829,3.723,-1.404,14.771,-175.853,53.026,-33.882
-0.464,-0.12,-0.913,6.165,0.0,10.559,-175.704,53.075,-34.354
-0.465,-0.128,-1.091,7.385,6.287,7.507,-175.567,52.839,-34.75
-0.459,-0.198,-1.102,3.784,-6.897,2.808,-175.15,52.965,-34.667
-0.677,-0.078,-1.209,-3.784,-16.846,10.864,-175.177,53.602,-34.755
-0.681,0.045,-1.151,-0.977,4.517,8.24,-175.556,53.976,-35.222
-0.273,0.083,-0.881,-3.54,27.405,-0.916,-175.704,52.987,-35.354
-0.396,0.136,-0.856,-11.963,-0.427,-3.601,-176.127,52.432,-35.167
-0.237,0.127,-0.776,-7.751,10.559,-16.052,-176.506,51.932,-34.645
-0.204,0.097,-0.682,-8.118,-14.282,-18.066,-176.611,51.927,-33.668
-0.365,0.068,-0.633,-4.089,-25.208,-19.531,-176.644,52.839,-32.717
-0.479,0.075,-0.638,-4.333,-17.822,-20.508,-176.501,53.806,-31.718
-0.566,0.044,-0.69,3.052,-12.329,-23.621,-176.05,54.509,-30.685
-0.617,0.028,-0.743,2.869,0.671,-24.963,-175.402,54.8,-29.597
-0.638,0.041,-0.82,3.723,14.343,-26.428,-174.655,54.525,-28.466
-0.502,0.015,-0.806,6.531,13.977,-31.921,-173.639,53.833,-27.125
-0.472,0.043,-0.792,12.512,5.859,-42.725,-172.419,53.377,-25.477
-0.494,-0.006,-0.8,14.282,-1.038,-53.345,-170.618,53.201,-23.099
-0.53,-0.072,-0.878,15.93,3.479,-40.222,-168.805,52.976,-20.759
-0.487,-0.236,-1.009,18.188,0.0,-14.832,-167.443,52.608,-19.556
-0.318,-0.304,-1.004,-0.122,-20.264,26.245,-166.976,52.987,-19.852
-0.747,-0.105,-1.161,-4.7,-54.321,33.386,-168.091,55.223,-21.352
-0.862,-0.241,-1.156,-0.549,-18.188,32.959,-168.876,57.217,-22.846
-0.447,-0.309,-0.948,-13.123,-1.343,55.847,-170.475,57.876,-25.356
-0.158,-0.093,-0.797,-20.203,-23.254,74.341,-173.573,58.453,-29.333
-0.379,-0.148,-0.73,-13.306,-42.358,57.861,-176.045,60.309,-32.662
-0.462,-0.058,-0.667,-15.259,-22.888,41.87,-178.352,61.589,-35.349
-0.396,-0.086,-0.562,-18.494,-24.414,33.386,179.868,62.336,-37.244
-0.568,-0.096,-0.583,-23.865,-33.752,32.898,177.858,63.633,-39.045
-0.729,0.052,-0.595,-26.306,-28.32,42.114,175.155,64.918,-41.501
-0.841,0.14,-0.625,-15.381,-11.475,43.335,172.546,65.643,-44.363
-0.766,0.18,-0.66,3.662,13.062,27.161,170.914,65.385,-46.703
-0.693,0.158,-0.677,11.597,17.029,24.78,170.436,64.578,-48.268
-0.574,0.129,-0.675,12.939,18.921,29.358,170.283,63.556,-49.812
-0.594,0.103,-0.749,16.479,4.639,21.301,170.14,62.924,-51.378
-0.697,0.088,-0.839,14.526,6.531,13.794,170.327,62.622,-52.465
-0.623,0.052,-0.901,14.648,1.221,-2.319,171.057,62.161,-52.679
-0.662,0.082,-0.917,10.01,-10.803,-6.348,171.974,62.556,-52.328
-0.9,0.156,-1.012,4.028,-0.977,-14.282,172.76,63.215,-51.773
-0.647,0.271,-0.99,7.874,8.85,-47.974,174.298,62.99,-49.85
-0.521,0.369,-0.931,9.094,20.386,-88.562,177.468,62.704,-45.417
-0.494,0.261,-0.93,13.733,3.235,-87.769,-178.643,62.155,-40.001
-0.587,0.098,-0.818,7.751,12.024,-82.886,-175.435,61.688,-35.349
-0.499,-0.006,-0.679,-5.249,17.517,-74.768,-173.024,60.628,-31.091
-0.392,-0.01,-0.551,-14.587,19.775,-63.904,-171.606,59.354,-27.532
-0.345,-0.014,-0.497,-9.338,12.878,-53.406,-170.634,58.288,-24.626
-0.451,-0.045,-0.58,-5.127,-2.014,-41.687,-169.788,57.865,-22.429
-0.66,-0.112,-0.695,-1.404,-0.549,-38.94,-168.766,57.887,-20.446
-0.681,-0.164,-0.803,-4.944,14.648,-28.015,-167.943,57.365,-18.918
-0.576,-0.11,-0.802,-10.681,18.799,-16.663,-167.838,56.53,-18.204
-0.455,-0.102,-0.78,-5.005,10.864,-14.221,-167.871,55.778,-17.754
-0.496,-0.103,-0.792,-6.592,-5.615,-10.62,-167.855,55.701,-17.364
-0.594,-0.1,-0.817,-4.028,-4.272,-14.343,-167.734,56.025,-16.798
-0.501,-0.052,-0.807,-1.16,-2.686,-11.963,-167.607,56.047,-16.315
-0.698,-0.066,-0.93,7.141,-19.104,-8.911,-167.19,56.635,-15.903
-0.704,-0.121,-1.034,14.648,-13.306,-9.399,-166.399,57.288,-15.535
-0.819,-0.199,-1.071,14.16,-2.075,-5.92,-165.465,57.772,-15.233
-0.704,-0.243,-0.979,13.855,7.874,-4.395,-164.773,57.601,-15.315
-0.322,-0.221,-0.744,8.667,28.931,2.747,-164.487,56.596,-15.771
-0.303,-0.314,-0.816,11.23,14.404,2.808,-164.169,55.618,-16.304
-0.266,-0.245,-0.829,0.916,22.461,9.949,-164.213,54.591,-16.853
-0.196,-0.235,-0.811,7.263,10.498,12.573,-164.328,53.701,-17.589
-0.264,-0.272,-0.765,8.972,-9.827,9.033,-164.064,53.619,-17.924
-0.359,-0.346,-0.753,1.587,-22.827,14.954,-163.817,54.322,-18.045
-0.478,-0.362,-0.744,-11.169,-24.292,28.503,-164.372,55.519,-18.743
-0.533,-0.346,-0.708,-25.94,-22.339,37.903,-165.872,56.827,-20.127
-0.573,-0.234,-0.662,-37.842,-20.447,48.401,-168.338,58.134,-22.148
-0.631,-0.108,-0.632,-38.391,-16.113,51.208,-171.453,59.414,-24.747
-0.663,0.037,-0.605,-27.649,-6.958,45.288,-174.485,60.287,-27.543
-0.721,0.044,-0.654,-12.39,14.465,34.302,-176.671,60.408,-30.037
-0.6,0.05,-0.684,-0.305,35.461,21.423,-177.935,59.387,-31.954
-0.56,-0.021,-0.817,1.526,43.457,10.376,-178.226,57.64,-32.959
-0.315,-0.045,-0.9,4.822,46.814,-1.892,-178.198,55.459,-33.333
-0.512,-0.083,-1.248,-3.784,-3.967,-9.094,-177.863,54.662,-32.877
-0.492,-0.028,-1.353,-2.869,-9.827,-15.198,-177.583,54.8,-32.036
-0.618,0.037,-1.267,-9.155,-33.813,-20.874,-177.281,55.986,-30.806
-0.371,0.132,-0.853,-11.292,-29.968,-27.1,-177.039,57.261,-29.235
-0.568,0.178,-0.767,-21.362,-55.176,-19.409,-177.209,59.277,-27.85
-0.681,0.201,-0.699,-16.602,-11.597,-30.64,-177.589,60.738,-26.603
-0.5,0.146,-0.623,-14.526,-0.427,-39.612,-177.22,60.771,-24.697
-0.468,0.125,-0.554,-8.057,-0.183,-42.175,-176.594,60.787,-22.665
-0.503,0.081,-0.526,0.793,-2.747,-48.584,-175.496,60.941,-20.462
-0.58,0.012,-0.568,5.066,-7.019,-52.673,-173.798,61.177,-17.908
-0.678,-0.085,-0.594,4.761,4.211,-55.115,-171.766,61.293,-15.112
-0.696,-0.156,-0.661,-2.808,13.428,-52.368,-169.876,60.754,-12.327
-0.627,-0.185,-0.719,-16.479,14.648,-32.288,-168.827,60.013,-10.168
-0.671,-0.089,-0.76,-20.203,11.414,-17.029,-169.096,59.502,-9.278
-0.563,-0.036,-0.748,-19.958,7.874,-12.939,-169.651,59.035,-8.839
-0.679,0.018,-0.804,-15.442,-5.188,-11.719,-170.107,59.156,-8.394
-0.627,0.025,-0.811,-7.935,-0.488,-8.606,-170.436,59.326,-8.196
-0.838,0.027,-0.929,-5.127,-15.381,-4.639,-170.678,60.007,-8.212
-0.856,-0.052,-1.003,-0.183,-5.798,-14.587,-170.486,60.529,-7.916
-0.809,-0.11,-1.082,-1.16,13.672,-18.616,-170.151,60.452,-7.372
-0.343,-0.159,-0.885,-5.066,26.306,-21.667,-169.689,59.161,-6.509
-0.25,-0.165,-0.919,-4.15,6.042,-29.846,-169.36,58.195,-5.345
-0.251,-0.225,-0.854,-15.076,6.348,-33.875,-168.657,57.398,-3.186
-0.242,-0.134,-0.813,-24.963,0.549,-24.109,-168.893,56.689,-1.445
-0.347,-0.129,-0.723,-27.832,2.441,-26.306,-169.349,56.168,0.242
-0.372,-0.098,-0.727,-31.799,5.432,-27.954,-169.997,55.388,1.928
-0.413,-0.022,-0.76,-32.104,9.216,-28.381,-170.799,54.756,3.521
-0.37,-0.03,-0.742,-22.949,-4.7,-38.391,-171.211,54.196,5.367
-0.542,-0.106,-0.76,-16.785,-15.747,-47.974,-170.975,54.498,7.806
-0.562,-0.183,-0.745,-14.465,-9.399,-63.049,-170.101,54.767,10.838
-0.531,-0.25,-0.75,-22.949,-8.301,-66.772,-168.997,54.827,14.409
-0.477,-0.271,-0.745,-31.006,-11.108,-71.716,-168.201,54.794,18.133
-0.527,-0.285,-0.767,-35.95,-20.569,-75.256,-167.476,55.063,22.253
-0.569,-0.304,-0.83,-39.917,-14.954,-68.359,-166.948,55.3,26.268
-0.537,-0.287,-0.859,-43.701,-8.789,-64.331,-166.783,55.305,29.899
-0.63,-0.186,-1.01,-43.64,-13.611,-63.721,-166.937,55.173,33.278
-0.603,-0.199,-1.052,-35.095,-19.47,-79.651,-166.256,55.283,37.54
-0.669,-0.165,-0.898,-44.25,-18.555,-75.867,-165.63,55.953,42.05
-0.409,-0.023,-0.676,-66.528,-49.866,-55.298,-166.476,56.783,45.621
-0.679,0.074,-0.621,-73.12,-66.772,-61.646,-167.844,59.634,49.422
-0.781,0.094,-0.642,-70.679,-40.1,-74.768,-168.739,61.694,53.899
-0.776,0.086,-0.632,-68.848,-7.935,-79.041,-169.376,62.391,58.585
-0.727,0.126,-0.695,-69.946,14.954,-74.768,-170.206,61.782,63.127
-0.619,0.162,-0.707,-63.904,14.526,-72.51,-171.326,60.804,67.533
-0.679,0.145,-0.744,-52.856,5.188,-74.707,-172.007,60.216,72.471
-0.596,0.129,-0.698,-39.551,5.249,-67.078,-172.299,59.76,77.443
-0.6,0.107,-0.68,-25.818,-6.165,-53.284,-172.255,59.656,81.947
-0.573,0.12,-0.659,-15.869,-7.812,-35.706,-172.211,59.854,85.523
-0.567,0.114,-0.646,-6.348,-25.452,-26.794,-172.095,60.557,88.385
-0.703,0.081,-0.681,-0.061,-39.246,-20.691,-171.683,62.166,90.994
-0.946,0.061,-0.923,9.399,-46.082,-13.123,-171.101,64.199,93.235
-1.002,-0.089,-0.947,21.179,-26.611,-8.789,-169.805,66.105,95.235
-0.883,-0.2,-0.754,12.085,-6.104,-1.526,-168.948,67.297,96.378
-0.525,-0.187,-0.712,-2.563,36.56,-12.085,-168.986,66.028,96.987
-0.545,-0.267,-0.8,-7.141,36.743,-50.232,-167.805,64.221,99.503
-0.332,-0.313,-0.776,-26.917,16.113,-48.523,-166.849,62.314,102.607
-0.541,-0.267,-0.764,-53.711,-12.146,-37.231,-167.184,62.034,105.359
-0.565,-0.097,-0.697,-57.19,-12.756,-30.457,-168.53,62.249,107.721
-0.755,-0.054,-0.72,-49.622,-8.24,-28.076,-169.854,62.715,110.05
-0.695,0.017,-0.708,-35.889,17.273,-31.677,-170.826,62.336,112.654
-0.573,-0.066,-0.726,-28.931,19.348,-24.475,-171.42,61.32,115.208
-0.577,-0.099,-0.775,-29.053,0.366,-11.78,-172.343,60.831,117.043
-0.569,-0.175,-0.809,-29.663,6.531,-26.733,-173.046,60.754,119.031
-0.651,-0.174,-0.902,-36.743,-7.629,-33.142,-173.557,60.76,121.602
-0.732,-0.234,-1.134,-34.363,-5.249,-56.458,-173.507,60.776,125.107
-0.743,-0.109,-1.106,-48.401,-8.301,-59.57,-173.084,61.194,129.633
-0.476,0.006,-0.824,-62.134,-22.827,-49.133,-173.491,61.534,133.874
-0.744,0.287,-0.758,-81.055,-27.954,-22.156,-175.891,62.946,136.714
-0.711,0.457,-0.759,-60.547,24.048,-26.672,-178.72,62.71,138.95
-0.404,0.341,-0.672,-31.616,54.504,-55.481,-179.561,60.452,142.482
-0.209,0.216,-0.661,-19.409,34.912,-74.463,-178.846,58.162,147.294
-0.292,0.081,-0.629,-18.677,3.54,-78.735,-177.687,57.288,152.419
-0.452,0.085,-0.647,-15.869,-6.226,-79.346,-176.479,57.288,157.566
-0.576,-0.01,-0.745,-8.972,-6.531,-70.129,-174.957,57.415,162.554
-0.592,-0.055,-0.752,-8.057,-4.639,-62.5,-173.513,57.464,167.113
-0.597,-0.039,-0.813,-7.751,4.333,-48.279,-172.425,57.321,171.052
-0.504,-0.039,-0.812,-7.996,-3.235,-34.241,-171.667,57.085,174.216
-0.581,-0.067,-0.847,-4.944,-17.029,-27.588,-171.057,57.497,176.83
-0.616,0.005,-0.961,-5.676,-7.141,-10.803,-170.843,58.008,178.764
-0.788,-0.031,-1.125,2.563,-24.414,-4.089,-170.766,58.892,179.901
-0.938,-0.106,-1.222,7.202,-19.531,-4.639,-170.398,60.013,-178.989
-0.5,-0.16,-0.867,8.301,6.714,9.338,-170.167,60.304,-178.407
-0.155,-0.215,-0.713,8.179,-8.484,28.259,-170.431,59.98,-178.967
-0.482,-0.257,-0.676,1.404,-22.095,24.719,-170.953,61.095,-179.846
-0.425,-0.272,-0.653,-6.287,-1.953,29.114,-171.749,61.408,179.374
-0.455,-0.278,-0.668,-12.817,-7.507,36.438,-173.09,61.716,178.193
-0.391,-0.21,-0.625,-20.386,-20.691,48.645,-175.029,62.424,176.578
-0.533,-0.073,-0.622,-21.484,-47.424,69.824,-177.984,64.265,173.688
-0.748,0.057,-0.657,-14.648,-44.189,72.021,178.33,66.5,169.766
-0.758,0.102,-0.604,-4.639,-31.921,61.829,175.067,68.016,166.08
-0.817,0.133,-0.641,7.08,-15.869,39.124,172.826,68.923,163.46
-0.682,0.099,-0.583,16.357,-6.836,31.494,171.942,69.131,162.026
-0.73,0.0,-0.629,20.02,-8.179,25.635,171.639,69.472,160.9
-0.853,0.032,-0.754,17.883,-7.751,25.452,171.475,69.609,159.999
-0.766,0.04,-0.801,20.447,-0.244,16.663,171.606,69.576,159.384
-0.931,0.105,-0.945,14.954,0.671,9.949,172.035,69.648,159.258
-1.015,0.244,-1.002,12.634,5.798,-8.362,172.727,69.714,159.857
-0.674,0.289,-0.789,11.841,35.583,-25.757,174.446,68.725,161.851
-0.61,0.413,-0.799,19.836,29.175,-40.588,176.699,67.203,164.822
-0.627,0.237,-0.75,28.748,43.091,-39.917,179.555,65.544,167.899
-0.457,0.159,-0.679,27.405,37.476,-34.363,-177.94,63.474,170.491
-0.384,0.051,-0.606,19.226,13.855,-21.79,-176.133,62.232,172.326
-0.406,0.075,-0.563,8.484,0.366,-15.564,-175.364,61.891,173.441
-0.503,0.056,-0.574,7.935,-10.62,-16.418,-174.705,62.166,174.611
-0.646,0.035,-0.63,4.822,-9.766,-22.583,-173.963,62.644,176.067
-0.725,0.003,-0.672,6.47,2.258,-33.569,-172.809,62.77,178.264
-0.651,-0.023,-0.684,4.944,11.475,-35.156,-171.48,62.32,-179.214
-0.668,-0.037,-0.723,5.798,7.568,-38.696,-170.107,61.82,-176.616
-0.58,-0.108,-0.735,8.728,10.01,-37.72,-168.536,61.133,-173.908
-0.636,-0.124,-0.84,4.456,17.639,-32.227,-167.283,60.425,-171.601
-0.545,-0.167,-0.892,3.784,25.146,-20.63,-166.349,59.178,-169.821
-0.566,-0.3,-0.928,-1.221,2.38,-18.188,-165.905,58.447,-168.739
-0.604,-0.226,-0.957,-25.146,1.831,-26.428,-165.844,58.024,-167.069
-0.708,-0.166,-0.974,-11.536,0.732,-28.931,-165.921,57.766,-165.141
-0.78,-0.218,-1.003,-9.46,6.592,-30.151,-165.487,57.382,-163.136
-0.541,-0.276,-0.829,0.854,51.147,-20.081,-165.07,55.887,-161.537
-0.205,-0.414,-0.796,-1.038,55.908,16.724,-165.146,53.08,-161.642
-0.2,-0.405,-0.819,-20.569,38.757,59.082,-166.904,51.317,-164.081
-0.153,-0.334,-0.791,-31.677,28.809,67.505,-169.612,50.043,-167.602
-0.175,-0.197,-0.722,-43.701,2.441,62.866,-172.623,49.526,-170.898
-0.311,-0.087,-0.728,-40.161,-10.803,62.195,-175.693,49.861,-174.04
-0.417,0.018,-0.746,-26.428,-19.348,60.12,-178.412,50.526,-177.188
-0.527,0.065,-0.762,-15.686,-12.695,58.289,179.451,51.191,179.857
-0.576,0.077,-0.812,1.709,2.93,45.776,178.033,51.339,177.391
-0.438,0.028,-0.807,5.188,5.432,37.964,177.407,50.933,175.605
-0.398,0.013,-0.846,5.92,1.282,28.381,176.951,50.779,174.15
-0.416,-0.002,-0.938,6.348,-0.305,20.02,176.797,50.751,173.134
-0.326,-0.028,-0.988,7.019,-0.854,10.254,176.946,50.603,172.524
-0.517,-0.004,-1.143,1.465,-28.87,-1.77,177.215,51.114,172.282
-0.64,0.107,-1.278,3.967,-12.512,-22.461,177.709,52.086,172.897
-0.562,0.183,-1.194,0.793,6.165,-30.151,178.753,52.438,174.633
-0.142,0.214,-0.87,-1.343,4.333,-31.677,179.445,51.866,176.32
-0.439,0.193,-0.821,-9.338,-29.236,-31.982,179.857,52.657,177.863
-0.53,0.164,-0.76,-10.071,8.606,-49.927,-179.786,53.108,179.995
-0.338,0.18,-0.69,-12.024,22.705,-55.786,-179.182,52.152,-176.935
-0.282,0.15,-0.654,-5.432,11.841,-52.612,-178.517,51.334,-173.969
-0.373,0.093,-0.658,-1.709,-7.141,-45.288,-177.764,51.328,-171.359
-0.53,0.043,-0.73,0.366,-6.836,-38.757,-177.034,51.79,-169.107
-0.516,0.004,-0.76,0.366,-6.409,-34.729,-176.303,52.114,-167.003
-0.564,-0.031,-0.778,-0.61,-8.179,-32.837,-175.589,52.614,-164.91
-0.563,-0.037,-0.796,-6.653,-4.517,-27.954,-175.1,52.998,-162.96
-0.535,-0.025,-0.822,-8.728,2.075,-27.588,-174.803,53.13,-161.109
-0.42,-0.027,-0.832,-5.188,-7.935,-32.166,-174.446,53.196,-159.208
-0.537,-0.018,-0.908,-13.55,-13.55,-21.606,-174.161,53.849,-157.379
-0.609,0.055,-1.034,-10.864,-17.395,-3.479,-174.507,54.426,-156.462
-0.678,0.042,-1.1,-1.282,-17.395,7.629,-174.985,55.311,-156.506
-0.929,-0.048,-1.187,6.592,6.348,16.174,-175.193,56.003,-156.962
-0.382,-0.041,-0.914,9.583,30.457,34.973,-175.704,54.882,-158.373
-0.139,-0.085,-0.834,14.099,8.789,39.368,-176.248,53.844,-160.488
-0.362,-0.147,-0.801,19.043,-0.122,20.325,-176.188,53.74,-162.136
-0.401,-0.184,-0.787,13.245,24.963,21.118,-175.809,52.965,-163.213
-0.176,-0.228,-0.873,5.92,31.921,17.761,-175.649,51.196,-164.191
-0.017,-0.167,-0.831,-4.883,-13.367,14.343,-175.858,50.592,-165.13
-0.381,-0.146,-0.761,-2.808,-57.373,8.911,-176.006,52.344,-165.883
-0.791,-0.111,-0.709,0.244,-31.555,21.118,-176.16,54.514,-166.569
-0.681,-0.165,-0.702,10.986,4.578,27.527,-176.265,54.965,-167.596
-0.547,-0.133,-0.724,6.409,20.142,33.875,-176.589,54.448,-168.843
-0.485,-0.132,-0.762,6.897,13.367,32.532,-176.929,53.91,-170.134
-0.46,-0.094,-0.798,6.592,7.263,35.095,-177.347,53.569,-171.519
-0.468,-0.112,-0.833,8.423,3.784,33.63,-177.709,53.481,-173.029
-0.414,-0.177,-0.891,7.141,9.705,26.489,-177.863,53.3,-174.304
-0.468,-0.152,-0.964,0.122,5.127,18.494,-178.105,53.174,-175.314
-0.554,-0.052,-1.198,-7.69,-8.667,19.531,-178.511,52.932,-176.199
-0.815,0.107,-1.31,-13.977,14.221,12.146,-179.297,53.124,-176.973
-0.21,0.204,-1.022,-22.766,43.213,3.54,179.813,51.383,-177.177
-0.05,0.422,-0.944,-19.043,-11.414,-18.188,178.66,50.219,-177.056
-0.343,0.307,-0.785,4.517,-38.086,-36.255,178.802,51.603,-175.88
-0.523,0.107,-0.683,8.057,-23.438,-23.987,179.566,53.004,-174.732
-0.52,0.049,-0.596,-6.47,8.301,-19.775,179.819,53.19,-173.804
-0.455,0.053,-0.542,-15.076,21.057,-27.527,179.681,52.421,-172.359
-0.538,0.064,-0.652,-25.879,33.936,-26.123,179.203,51.378,-170.579
-0.23,0.162,-0.75,-21.118,24.719,-20.508,178.423,49.828,-169.08
-0.431,0.146,-0.883,-9.033,-5.798,-18.005,178.072,49.927,-167.97
-0.464,0.127,-0.854,-6.287,-10.315,-2.38,177.786,50.35,-167.563
-0.551,0.152,-0.846,-1.709,-5.798,-1.526,177.468,50.889,-167.552
-0.477,0.125,-0.813,6.287,-3.723,-10.193,177.594,51.13,-167.201
-0.511,0.143,-0.917,1.587,4.15,-12.939,177.962,51.317,-166.487
-0.4,0.235,-0.992,5.615,-2.075,-12.817,178.297,51.279,-165.707
-0.437,0.207,-1.033,18.86,-26.428,-11.108,178.995,51.949,-165.185
-0.968,0.15,-1.216,13.184,-31.372,3.479,179.588,53.893,-165.267
-0.626,0.116,-1.129,28.137,16.968,-6.287,-179.621,53.954,-165.262
-0.234,-0.03,-0.827,37.842,5.493,-0.061,-178.033,53.388,-165.075
-0.33,-0.153,-0.694,38.94,-20.752,-4.272,-176.215,53.652,-165.201
-0.645,-0.328,-0.752,35.034,25.452,-15.381,-173.985,53.712,-164.564
-0.235,-0.352,-0.741,4.333,65.491,7.141,-172.936,50.916,-164.317
-0.154,-0.209,-0.715,-15.381,39.185,22.339,-173.617,48.411,-165.344
-0.292,-0.159,-0.71,-19.592,17.883,19.287,-174.606,47.126,-166.437
-0.492,-0.085,-0.846,-21.423,24.719,22.4,-175.759,46.291,-167.426
-0.252,-0.043,-0.849,-11.78,28.32,17.883,-176.671,44.791,-168.283
-0.292,0.004,-0.895,-7.629,9.277,22.156,-177.336,44.066,-169.316
-0.339,-0.01,-0.896,0.549,2.197,22.461,-177.731,43.857,-170.513
-0.382,-0.018,-0.895,5.249,1.16,26.123,-177.896,43.857,-171.799
-0.264,-0.043,-0.937,6.775,7.263,26.611,-177.946,43.577,-173.145
-0.277,-0.107,-1.041,7.141,-0.305,20.691,-177.902,43.445,-174.501
-0.262,-0.12,-1.143,1.343,-14.465,10.437,-177.863,43.473,-175.573
-0.377,-0.165,-1.189,-8.606,-5.493,1.526,-177.819,44.132,-175.924
-0.489,-0.0,-1.287,-20.874,-14.526,2.319,-178.484,44.456,-176.292
-0.272,0.09,-1.116,-16.785,10.62,-13.55,-179.253,44.478,-176.188
-0.054,0.108,-0.906,-26.428,-15.259,-17.456,-179.879,44.275,-175.507
-0.352,0.204,-0.824,-31.677,-34.607,-13.184,178.802,45.659,-175.243
-0.383,0.222,-0.791,-20.996,-6.226,-18.616,177.704,46.494,-174.738
-0.295,0.186,-0.743,-15.625,-1.404,-17.761,177.061,46.637,-173.963
-0.239,0.18,-0.692,-11.841,-9.46,-16.663,176.545,46.917,-173.293
-0.388,0.16,-0.691,-9.888,-18.738,-13.123,176.111,47.719,-172.804
-0.521,0.17,-0.7,-10.498,-6.104,-11.414,175.644,48.428,-172.288
-0.521,0.159,-0.729,-6.165,7.446,-14.709,175.38,48.51,-171.458
-0.517,0.167,-0.836,-8.118,22.156,-15.015,175.204,48.027,-170.387
-0.377,0.171,-0.848,-7.019,19.775,-12.512,175.067,47.252,-169.316
-0.434,0.172,-0.892,-1.892,3.174,-11.963,174.93,46.928,-168.58
-0.404,0.179,-0.861,-3.113,2.319,-10.071,174.93,46.939,-167.899
-0.437,0.181,-0.869,-0.244,-1.892,-9.827,174.957,47.148,-167.327
-0.331,0.225,-0.833,3.479,1.465,-4.944,175.007,47.285,-166.932
-0.529,0.211,-0.972,10.498,-11.292,-1.648,175.265,47.615,-166.855
-0.528,0.192,-1.142,13.916,-0.122,-1.038,175.693,47.785,-166.888
-0.659,0.106,-1.245,16.296,10.01,-5.005,176.407,47.758,-166.712
-0.371,0.042,-1.11,11.963,19.653,2.258,177.138,46.956,-166.432
-0.004,0.011,-0.81,15.869,9.094,6.348,177.682,46.071,-166.69
-0.292,-0.087,-0.845,13.123,-18.127,1.221,178.423,46.511,-167.091
-0.223,-0.035,-0.833,5.859,20.447,12.695,178.737,46.0,-167.673
-0.086,-0.047,-0.827,4.211,-1.587,8.118,178.94,45.275,-168.453
-0.293,-0.029,-0.789,1.892,-19.47,3.479,179.066,45.753,-169.129
-0.472,-0.05,-0.735,2.747,-14.709,2.625,179.28,46.516,-169.47
-0.51,-0.063,-0.745,2.502,5.615,2.075,179.522,46.664,-169.42
-0.463,-0.072,-0.74,-0.244,14.771,3.235,179.731,46.285,-169.08
-0.479,-0.037,-0.792,-0.732,21.729,10.681,179.687,45.599,-168.948
-0.398,-0.05,-0.925,2.563,28.198,11.353,179.665,44.555,-169.003
-0.211,-0.041,-1.096,1.648,30.457,13.062,179.709,43.22,-169.211
0.002,-0.077,-1.247,7.08,5.676,0.427,179.995,42.226,-169.574
-0.33,-0.102,-1.286,-3.357,-51.025,-27.527,-179.572,43.149,-169.464
-0.304,0.096,-1.316,-22.095,-18.921,-31.86,-179.561,44.802,-168.201
0.101,0.174,-0.936,-21.423,-57.251,-34.424,-179.978,46.148,-166.998
-0.454,0.276,-0.818,-26.428,-98.877,-27.405,179.171,50.114,-166.355
-0.505,0.224,-0.712,-6.714,-60.059,-39.307,178.868,53.745,-165.328
-0.537,0.125,-0.561,-6.409,-51.941,-34.729,179.308,56.442,-163.718
-0.606,0.065,-0.498,-4.578,-30.518,-31.189,179.764,58.436,-162.114
-0.64,0.064,-0.468,-10.742,-11.23,-24.719,-179.912,59.513,-160.439
-0.648,0.103,-0.48,-10.681,-1.16,-24.475,-179.89,59.996,-158.84
-0.725,0.05,-0.565,-7.324,8.484,-35.767,-179.429,60.238,-156.725
-0.728,0.029,-0.675,-10.681,25.452,-40.283,-178.616,59.727,-153.962
-0.606,0.06,-0.722,-9.521,28.625,-37.354,-178.033,58.651,-151.414
-0.649,0.067,-0.846,-14.282,26.733,-33.325,-177.55,57.7,-149.046
-0.564,0.124,-0.98,-12.39,23.193,-28.503,-177.418,56.602,-147.162
-0.873,0.105,-1.28,-6.836,-4.517,-6.714,-177.369,56.31,-146.058
-0.595,0.087,-1.25,9.155,20.996,4.028,-177.687,55.898,-146.228
-0.118,-0.061,-0.869,23.438,9.338,13.489,-177.166,55.096,-146.772
-0.316,-0.196,-0.911,24.78,-19.47,13.245,-176.451,55.234,-147.92
-0.367,-0.238,-0.836,12.451,13.672,16.785,-175.82,55.201,-148.826
-0.245,-0.268,-0.747,1.282,13.428,31.372,-175.979,54.168,-150.222
-0.322,-0.17,-0.667,-12.329,10.681,40.649,-176.973,53.399,-152.183
-0.365,-0.08,-0.67,-6.714,8.057,45.044,-178.303,52.784,-154.336
-0.392,-0.071,-0.669,0.488,-6.836,36.621,-179.149,52.592,-156.27
-0.568,-0.062,-0.72,0.671,-14.648,33.691,-179.725,53.179,-157.775
-0.63,-0.054,-0.704,0.793,-8.179,25.696,179.72,53.86,-158.978
-0.652,-0.044,-0.696,-6.714,1.526,12.756,179.308,54.141,-159.324
-0.588,0.028,-0.712,-14.465,17.639,3.54,178.682,53.866,-159.038
-0.585,0.08,-0.787,-17.151,17.944,-10.193,178.05,53.278,-158.297
-0.484,0.085,-0.862,-21.057,25.085,-23.01,177.748,52.515,-156.627
-0.5,0.105,-0.977,-12.024,8.301,-27.71,177.605,52.042,-154.957
-0.588,0.04,-1.247,-9.705,-1.953,-40.955,178.143,51.927,-152.836
-0.761,0.103,-1.385,-18.86,13.245,-67.078,178.792,52.213,-149.952
-0.188,0.132,-1.015,-39.062,30.518,-112.366,179.764,51.141,-144.838
-0.03,0.189,-0.836,-59.387,-2.563,-131.958,-179.703,50.35,-138.23
-0.434,0.23,-0.823,-74.036,-16.724,-131.104,179.857,51.301,-131.699
-0.48,0.285,-0.757,-74.097,11.963,-135.376,179.319,51.438,-124.799
-0.435,0.253,-0.722,-59.57,12.817,-119.08,178.841,51.163,-118.312
-0.445,0.199,-0.682,-47.241,11.108,-98.145,178.572,51.015,-112.852
-0.453,0.185,-0.657,-30.64,16.113,-71.838,178.412,50.795,-108.759
-0.371,0.107,-0.652,-12.268,10.681,-60.669,178.704,50.438,-105.782
-0.468,0.055,-0.68,-2.502,1.099,-53.467,179.539,50.62,-103.156
-0.565,-0.026,-0.756,-0.183,2.502,-45.593,-179.379,50.878,-100.805
-0.51,0.046,-0.786,-6.165,7.629,-30.334,-178.792,50.823,-99.069
-0.468,0.121,-0.817,-3.113,3.113,-21.79,-178.462,50.762,-97.943
-0.539,0.217,-0.889,0.305,-7.202,-6.287,-178.401,51.108,-97.657
-0.511,0.205,-0.823,5.31,-15.442,-3.479,-178.27,51.899,-97.839
-0.636,0.236,-1.02,13.245,-32.532,-2.869,-178.165,53.273,-98.339
-0.746,-0.039,-1.057,28.015,-15.015,-18.188,-176.913,54.684,-98.141
-0.402,-0.198,-0.802,21.606,18.616,-19.226,-175.215,54.805,-97.383
-0.147,-0.266,-0.907,3.662,13.367,-28.564,-173.996,53.646,-96.383
-0.272,-0.192,-0.906,-28.625,10.925,-36.621,-173.551,52.91,-94.373
-0.221,-0.044,-0.942,-31.494,-0.244,-25.024,-174.188,52.207,-92.659
-0.336,0.008,-0.926,-37.109,-8.362,-28.931,-175.084,52.136,-91.269
-0.349,0.074,-0.837,-32.959,-13.428,-44.556,-175.847,52.322,-89.363
-0.495,0.016,-0.814,-32.166,-15.137,-57.434,-176.116,52.833,-86.803
-0.437,-0.011,-0.79,-34.546,-0.854,-70.129,-176.116,52.993,-83.524
-0.432,-0.08,-0.792,-34.851,-7.507,-74.646,-175.809,53.108,-79.612
-0.475,-0.082,-0.837,-36.621,-7.812,-71.228,-175.644,53.3,-75.817
-0.504,-0.093,-0.886,-39.917,-2.258,-63.538,-175.578,53.388,-72.164
-0.427,-0.02,-0.928,-36.987,-0.061,-65.979,-175.77,53.256,-68.879
-0.376,-0.071,-0.87,-24.292,-12.695,-77.637,-175.133,53.421,-64.973
-0.528,-0.145,-0.92,-24.78,-20.813,-84.167,-173.99,54.047,-60.59
-0.717,-0.194,-0.95,-32.41,-15.381,-99.182,-172.65,54.717,-55.503
-0.426,-0.084,-0.756,-50.903,-12.39,-93.14,-171.903,54.723,-50.197
-0.667,0.106,-0.758,-66.162,-52.551,-73.242,-172.584,56.058,-45.906
-0.786,0.163,-0.752,-63.904,-2.319,-80.688,-173.408,57.437,-41.902
-0.611,0.186,-0.737,-58.044,15.442,-83.008,-173.985,56.953,-37.941
-0.419,0.153,-0.721,-44.983,21.423,-82.458,-174.249,55.942,-34.146
-0.505,0.118,-0.799,-40.039,-0.793,-66.65,-174.37,55.443,-30.833
-0.553,0.085,-0.784,-33.447,1.404,-53.65,-174.661,55.492,-28.389
-0.614,0.114,-0.813,-28.503,-4.578,-40.1,-175.089,55.657,-26.686
-0.588,0.118,-0.767,-22.522,1.587,-30.396,-175.556,55.887,-25.675
-0.447,0.108,-0.679,-15.442,-4.333,-23.315,-175.869,56.041,-25.082
-0.523,0.072,-0.654,-7.324,-22.766,-15.076,-176.05,56.992,-24.972
-0.745,0.058,-0.712,-0.793,-28.015,-11.23,-176.028,58.541,-25.131
-0.843,0.052,-0.805,1.892,-19.043,-5.066,-175.792,59.848,-25.472
-0.817,0.069,-0.835,0.732,-2.38,7.08,-175.93,60.601,-26.433
-0.723,0.109,-0.894,4.395,-0.244,6.042,-176.248,60.809,-27.768
-0.68,0.043,-1.016,12.085,-12.634,-1.648,-175.913,61.276,-28.537
-1.042,-0.019,-1.293,3.54,-13.489,9.705,-175.82,62.303,-29.421
-0.433,0.01,-0.993,-2.747,26.184,22.766,-176.677,61.727,-31.163
-0.267,-0.052,-0.928,5.432,7.446,17.822,-177.418,60.699,-32.844
-0.359,-0.087,-0.898,6.104,13.489,16.296,-177.731,59.969,-34.069
-0.307,-0.096,-0.746,6.775,18.799,20.996,-177.929,58.826,-35.228
-0.195,-0.054,-0.639,3.723,8.057,15.747,-178.226,57.689,-36.398
-0.296,-0.059,-0.594,2.502,-20.996,7.568,-178.226,57.711,-36.942
-0.504,-0.052,-0.603,-1.587,-27.283,4.822,-178.209,58.766,-37.26
-0.659,-0.031,-0.68,-3.479,-19.165,1.465,-178.374,59.859,-37.612
-0.61,-0.067,-0.689,-3.479,-2.747,-8.362,-178.248,60.309,-37.601
-0.604,-0.104,-0.766,-6.348,0.366,-8.85,-178.033,60.48,-37.266
-0.521,-0.126,-0.805,-5.432,1.465,-16.724,-177.643,60.381,-36.595
-0.514,-0.164,-0.907,-6.775,-2.686,-14.343,-177.133,60.364,-35.717
-0.79,-0.146,-1.044,-10.559,-23.254,-13.489,-176.847,61.128,-34.915
-0.758,-0.058,-1.095,-12.695,-10.681,-14.038,-176.71,61.65,-34.129
-0.563,0.078,-0.97,-17.09,-4.028,-18.555,-176.759,61.831,-33.256
-0.424,0.138,-0.84,-19.714,-3.052,-16.479,-176.847,61.743,-32.217
-0.625,0.225,-0.835,-26.367,0.549,-7.263,-177.973,61.924,-32.069
-0.472,0.234,-0.8,-20.508,7.08,-18.921,-178.72,61.364,-31.641
-0.406,0.211,-0.66,-11.719,1.16,-20.569,-179.171,61.002,-31.124
-0.458,0.132,-0.578,-4.456,-5.188,-25.574,-179.055,61.1,-30.388
-0.505,0.108,-0.565,-2.075,-10.01,-18.494,-178.775,61.447,-29.745
-0.657,0.054,-0.633,1.648,-7.263,-15.259,-178.445,62.04,-29.443
-0.635,0.078,-0.651,1.404,0.977,-12.146,-178.121,62.254,-29.306
-0.706,0.073,-0.743,3.174,4.028,-13.428,-177.676,62.314,-29.141
-0.584,0.098,-0.721,3.784,8.667,-9.521,-177.237,62.078,-29.053
-0.617,0.13,-0.784,4.7,4.333,-6.836,-176.907,61.935,-29.147
-0.534,0.146,-0.749,13.855,5.066,-3.174,-176.49,61.754,-29.493
-0.642,0.072,-0.879,19.653,-11.292,-0.122,-175.853,61.919,-30.059
-0.695,0.011,-0.976,18.188,-10.742,-3.296,-175.045,62.424,-30.432
-0.946,-0.033,-1.115,18.372,-15.381,-1.282,-174.238,63.083,-30.707
-0.936,-0.14,-1.088,20.02,3.54,-3.479,-173.243,63.408,-30.866
-0.407,-0.165,-0.725,19.714,24.292,7.08,-172.496,62.523,-31.41
-0.341,-0.224,-0.705,16.541,-7.507,9.155,-171.98,62.084,-32.201
-0.45,-0.213,-0.689,15.808,8.423,0.0,-171.134,62.029,-32.245
-0.39,-0.251,-0.677,10.925,-1.221,5.737,-170.387,61.584,-32.338
-0.417,-0.242,-0.63,5.005,-2.502,3.357,-169.832,61.523,-32.294
-0.555,-0.208,-0.665,1.587,-12.329,4.15,-169.47,61.793,-32.184
-0.629,-0.194,-0.697,1.343,0.122,5.737,-169.266,62.073,-32.234
-0.658,-0.209,-0.715,2.258,4.15,2.747,-169.091,62.018,-32.415
-0.654,-0.223,-0.732,-1.404,10.132,6.409,-168.97,61.727,-32.646
-0.612,-0.205,-0.721,-2.197,15.259,8.667,-169.206,61.243,-33.206
-0.568,-0.188,-0.699,-5.005,10.742,11.841,-169.59,60.732,-33.887
-0.582,-0.155,-0.703,-5.371,5.371,13.184,-170.123,60.529,-34.667
-0.587,-0.153,-0.723,-3.601,3.662,14.099,-170.656,60.502,-35.535
-0.584,-0.196,-0.798,-5.005,5.92,11.536,-171.101,60.353,-36.282
-0.557,-0.203,-0.871,-7.08,-0.793,7.935,-171.546,60.271,-36.788
-0.723,-0.202,-0.924,-10.559,-10.681,7.507,-172.002,60.842,-37.035
-0.901,-0.133,-1.122,-13.489,-1.77,12.39,-172.793,61.166,-37.59
-0.703,-0.047,-1.09,-10.681,16.479,6.897,-173.639,60.688,-38.26
-0.408,0.011,-0.955,-11.963,19.287,-3.052,-174.133,59.716,-38.348
-0.285,0.159,-0.841,-20.813,-7.08,5.554,-175.034,58.964,-38.447
-0.494,0.185,-0.803,-16.724,-11.047,-1.343,-176.265,59.403,-38.76
-0.491,0.175,-0.693,-13.367,-2.93,-13.977,-176.902,59.491,-38.485
-0.483,0.134,-0.604,-9.827,-4.333,-18.494,-177.198,59.562,-37.93
-0.503,0.103,-0.559,-10.803,-7.141,-19.714,-177.33,59.843,-37.271
-0.555,0.107,-0.562,-8.85,-15.259,-19.653,-177.462,60.436,-36.678
-0.728,0.08,-0.631,-7.202,-6.165,-19.897,-177.369,61.265,-36.052
-0.663,0.074,-0.633,-3.784,4.15,-16.052,-177.177,61.392,-35.541
-0.668,0.086,-0.721,-2.258,14.465,-11.169,-177.056,61.282,-35.338
-0.581,0.085,-0.743,1.038,7.69,-9.155,-176.83,60.93,-35.272
-0.604,0.105,-0.762,3.784,0.244,-5.981,-176.66,60.952,-35.431
-0.648,0.106,-0.908,5.066,9.399,-0.183,-176.506,60.842,-35.75
-0.658,0.093,-0.997,10.315,-9.216,7.385,-176.523,60.782,-36.562
-0.83,0.054,-1.194,12.085,-6.226,15.198,-176.616,61.111,-37.722
-0.839,-0.061,-1.168,20.63,9.949,17.395,-176.462,61.183,-39.034
-0.376,-0.13,-0.846,21.301,15.686,24.353,-176.314,60.419,-40.583
-0.338,-0.209,-0.78,20.447,-7.812,19.958,-176.039,60.139,-41.962
-0.427,-0.226,-0.707,11.902,5.005,15.686,-175.551,60.161,-42.599
-0.406,-0.238,-0.675,7.568,0.488,13.489,-175.309,59.843,-43.165
-0.416,-0.174,-0.608,0.793,-2.747,16.479,-175.265,59.749,-43.605
-0.51,-0.138,-0.602,-0.732,-15.747,17.7,-175.468,60.189,-44.214
-0.648,-0.087,-0.638,-1.343,-9.46,17.578,-175.803,60.881,-44.956
-0.713,-0.092,-0.687,1.587,5.859,14.648,-176.072,61.122,-45.769
-0.626,-0.07,-0.693,0.244,21.24,19.653,-176.429,60.612,-46.763
-0.549,-0.096,-0.721,-0.488,16.724,15.625,-176.858,59.799,-47.856
-0.522,-0.053,-0.763,-1.831,8.85,16.541,-177.275,59.293,-48.713
-0.563,-0.009,-0.856,13.794,5.432,25.024,-177.523,59.128,-49.9
-0.524,-0.164,-0.93,25.391,3.967,35.583,-177.407,58.909,-51.872
-0.685,-0.206,-1.002,21.484,-5.31,21.423,-177.127,59.288,-53.459
-0.794,-0.198,-1.126,1.16,-4.028,19.714,-176.957,59.365,-54.3
-0.69,-0.058,-1.111,-7.385,18.86,6.47,-177.479,58.953,-54.91
-0.343,0.078,-0.872,-22.827,25.085,2.136,-178.165,57.755,-54.827
-0.387,0.311,-0.879,-24.353,5.188,12.329,-179.615,56.909,-55.195
-0.478,0.274,-0.825,-9.827,23.193,-4.272,179.302,56.091,-55.701
-0.265,0.258,-0.735,-10.254,22.034,-24.536,179.088,54.635,-54.91
-0.302,0.18,-0.644,-2.808,-2.258,-23.132,179.214,54.135,-53.921
-0.439,0.161,-0.609,-1.892,-4.822,-18.738,179.269,54.388,-53.372
-0.522,0.184,-0.63,4.517,1.099,-13.733,179.489,54.503,-52.971
-0.558,0.132,-0.703,15.32,15.259,-11.108,179.956,54.24,-53.009
-0.59,0.081,-0.725,9.583,15.991,-11.353,-179.297,53.723,-52.872
-0.597,0.16,-0.796,11.597,28.87,-0.183,-178.819,52.888,-52.954
-0.415,0.185,-0.826,26.245,42.419,5.188,-178.281,51.345,-53.74
-0.352,0.193,-0.98,35.339,33.691,22.278,-177.297,49.653,-55.009
-0.272,0.09,-1.236,48.889,27.283,31.433,-176.094,48.186,-57.189
-0.452,-0.011,-1.311,46.326,-2.136,34.485,-174.787,47.95,-59.348
-0.698,-0.14,-1.314,59.509,6.653,32.471,-173.112,48.021,-61.479
-0.132,-0.421,-0.872,51.758,36.255,26.978,-170.876,46.697,-63.094
-0.042,-0.428,-0.763,18.982,-16.479,28.015,-169.777,46.247,-64.38
-0.373,-0.373,-0.769,3.418,-24.719,8.301,-169.173,47.675,-64.171
-0.278,-0.29,-0.697,-0.061,5.249,10.864,-168.997,47.758,-63.995
-0.288,-0.297,-0.703,-15.686,-13.184,5.615,-169.047,47.911,-63.732
-0.402,-0.22,-0.754,-17.639,-15.137,-7.446,-169.464,48.62,-62.93
-0.472,-0.185,-0.747,-20.813,-12.573,-12.573,-169.783,49.213,-61.716
-0.517,-0.196,-0.784,-18.86,-5.432,-12.512,-170.14,49.669,-60.59
-0.501,-0.172,-0.772,-19.592,0.671,-9.338,-170.574,49.828,-59.7
-0.476,-0.152,-0.771,-22.583,2.319,-7.324,-171.216,49.812,-59.068
-0.468,-0.14,-0.816,-25.024,6.714,-3.174,-172.106,49.79,-58.705
-0.488,-0.085,-0.898,-23.254,-0.854,-15.503,-172.958,49.735,-58.068
-0.422,-0.224,-1.051,-11.108,15.381,-20.935,-173.172,49.389,-57.014
-0.347,-0.318,-1.234,-24.475,-6.653,-28.809,-173.315,48.939,-55.481
-0.562,-0.269,-1.188,-44.495,-23.56,-39.001,-173.914,49.878,-53.031
-0.483,-0.048,-1.162,-54.26,0.0,-38.635,-175.259,50.208,-50.554
-0.067,0.154,-0.927,-54.504,-9.216,-49.072,-176.715,50.081,-47.917
-0.252,0.298,-0.832,-58.35,-47.729,-37.354,-178.412,51.471,-45.352
-0.529,0.409,-0.847,-50.049,-32.349,-35.767,179.484,53.361,-43.835
-0.452,0.416,-0.755,-26.733,-12.146,-41.87,178.401,54.223,-42.308
-0.444,0.336,-0.666,-9.216,-12.817,-31.738,178.105,54.954,-41.385
-0.448,0.231,-0.582,6.348,-14.16,-29.968,178.478,55.745,-40.814
-0.521,0.148,-0.587,11.536,-18.494,-29.175,179.291,56.805,-40.309
-0.606,0.087,-0.628,10.986,-16.541,-25.879,-179.676,57.936,-39.721
-0.661,0.081,-0.705,7.69,-7.935,-22.522,-178.759,58.793,-39.172
-0.633,0.113,-0.76,12.146,0.916,-16.052,-177.913,59.244,-38.793
-0.415,0.155,-0.801,13.489,-17.212,-9.277,-177.089,59.529,-38.738
-0.688,0.073,-0.879,15.381,-25.818,-1.465,-176.369,60.958,-38.996
-0.874,0.064,-1.02,12.451,-22.034,4.822,-176.094,62.007,-39.738
-0.94,-0.04,-1.118,15.137,2.197,4.944,-175.836,62.496,-40.551
-0.587,-0.132,-0.931,11.475,25.574,15.015,-175.644,61.584,-41.539
-0.311,-0.205,-0.834,13.855,18.616,19.348,-175.704,60.436,-42.764
-0.348,-0.218,-0.837,10.315,1.526,13.428,-175.507,59.996,-43.423
-0.357,-0.245,-0.825,10.01,-4.089,14.832,-175.199,59.854,-43.748
-0.417,-0.208,-0.74,1.648,-1.953,21.851,-175.237,59.793,-44.209
-0.444,-0.155,-0.647,0.916,-6.958,27.344,-175.655,59.875,-45.066
-0.613,-0.097,-0.647,1.709,-1.465,35.217,-176.369,60.062,-46.472
-0.655,-0.037,-0.649,8.667,20.996,37.354,-177.094,59.557,-48.362
-0.554,-0.072,-0.695,14.099,22.217,32.104,-177.413,58.403,-50.301
-0.597,-0.061,-0.746,9.155,14.893,23.438,-177.567,57.7,-51.762
-0.557,-0.057,-0.773,1.587,21.606,16.235,-177.742,56.92,-52.751
-0.519,-0.029,-0.783,-2.197,14.893,8.972,-178.033,56.206,-53.339
-0.529,-0.036,-0.798,-1.77,9.766,2.991,-178.204,55.723,-53.547
-0.504,-0.089,-0.809,-0.854,13.855,0.305,-178.16,55.272,-53.47
-0.535,-0.132,-0.904,-3.662,8.301,-1.16,-178.077,54.651,-53.229
-0.481,-0.174,-0.972,-7.385,10.437,0.183,-178.083,54.212,-52.899
-0.542,-0.146,-1.046,-20.386,10.925,3.113,-178.561,53.745,-52.586
-0.513,-0.01,-1.086,-27.283,3.906,3.479,-179.665,53.328,-52.443
-0.55,0.158,-1.051,-28.931,8.85,-1.343,179.138,53.075,-52.147
-0.316,0.271,-0.862,-28.625,21.179,-3.601,177.913,52.152,-51.757
-0.344,0.409,-0.87,-27.893,7.202,-2.075,176.38,51.427,-51.696
-0.399,0.38,-0.859,-18.311,21.851,-16.541,175.309,50.729,-51.438
-0.28,0.319,-0.79,-12.939,22.4,-30.518,174.941,49.609,-50.334
-0.268,0.294,-0.782,-7.751,17.639,-32.776,174.809,48.818,-49.103
-0.291,0.254,-0.746,-3.235,3.784,-31.006,174.963,48.428,-47.802
-0.409,0.231,-0.771,4.395,5.92,-23.865,175.215,48.395,-46.912
-0.396,0.187,-0.791,5.432,11.475,-20.569,175.655,48.071,-46.247
-0.405,0.162,-0.819,4.517,10.01,-19.348,176.105,47.725,-45.582
-0.38,0.132,-0.808,6.104,3.174,-18.555,176.583,47.516,-44.934
-0.434,0.145,-0.823,6.042,1.282,-13.428,177.017,47.653,-44.44
-0.347,0.141,-0.827,9.338,-4.028,-11.414,177.495,47.752,-44.121
-0.459,0.148,-0.949,10.437,-4.333,-9.338,178.033,48.208,-43.874
-0.426,0.185,-1.048,9.888,-11.169,-2.197,178.484,48.214,-43.841
-0.428,0.143,-1.149,14.709,2.502,-6.531,179.028,48.576,-43.89
-0.431,0.116,-1.208,19.47,-9.216,-10.193,179.951,48.647,-43.506
-0.562,-0.004,-1.244,22.461,-9.277,-4.517,-178.934,49.186,-43.209
-0.409,-0.022,-1.128,12.268,4.028,5.005,-178.248,49.208,-43.303
-0.13,-0.058,-0.92,16.907,-5.005,3.052,-177.676,48.917,-43.385
-0.277,-0.156,-0.812,17.639,-19.043,-4.517,-176.682,49.559,-42.896
-0.256,-0.183,-0.708,15.503,-2.502,1.282,-175.677,49.774,-42.275
-0.192,-0.175,-0.619,12.39,-11.902,15.93,-175.029,49.872,-42.292
-0.385,-0.167,-0.641,7.629,-22.278,16.296,-174.633,50.784,-42.578
-0.495,-0.142,-0.682,1.282,-17.456,15.259,-174.479,51.74,-42.858
-0.588,-0.104,-0.754,1.282,-4.211,12.695,-174.578,52.427,-43.336
-0.568,-0.115,-0.819,1.648,6.897,7.263,-174.551,52.46,-43.693
-0.511,-0.131,-0.84,0.671,19.775,7.751,-174.479,51.954,-43.945
-0.423,-0.111,-0.837,0.0,16.052,14.954,-174.65,51.174,-44.511
-0.428,-0.069,-0.841,3.296,4.333,25.696,-174.902,50.812,-45.428
-0.5,0.002,-0.888,25.085,1.099,51.331,-175.128,50.894,-47.384
-0.396,-0.113,-0.866,43.03,3.052,66.711,-174.798,50.916,-50.647
-0.426,-0.217,-0.909,41.199,-10.01,58.899,-174.122,51.372,-53.899
-0.449,-0.292,-0.892,24.109,-26.794,41.626,-173.502,52.262,-56.074
-0.531,-0.267,-0.918,3.601,-26.001,38.391,-173.611,53.806,-57.546
-0.542,-0.177,-0.928,-9.766,-28.381,39.246,-174.633,55.195,-59.101
-0.749,-0.079,-1.035,-17.273,-31.921,28.259,-176.012,56.86,-60.419
-0.769,0.086,-1.103,-14.282,-5.249,11.78,-177.155,57.678,-60.991
-0.367,0.19,-0.902,-2.747,12.451,7.69,-177.792,57.31,-61.353
-0.299,0.239,-0.873,-5.493,-10.803,17.822,-178.478,57.047,-62.056
-0.5,0.198,-0.844,-5.188,-14.465,-0.305,-179.236,57.607,-62.765
-0.519,0.188,-0.742,-11.23,-5.005,-14.893,-179.659,57.98,-62.523
-0.464,0.138,-0.644,-11.353,-2.441,-30.64,-179.736,58.085,-61.485
-0.455,0.129,-0.567,-13.184,2.197,-36.194,-179.511,58.145,-59.832
-0.495,0.132,-0.592,-10.315,4.028,-34.729,-179.231,58.096,-58.162
-0.553,0.089,-0.646,-6.958,5.554,-33.447,-178.786,57.98,-56.585
-0.62,0.086,-0.71,-5.066,10.742,-31.555,-178.27,57.821,-55.08
-0.629,0.077,-0.812,-4.456,21.606,-24.292,-177.792,57.206,-53.833
-0.487,0.088,-0.783,-6.348,16.846,-22.339,-177.517,56.376,-52.877
-0.477,0.106,-0.826,-8.423,5.554,-21.179,-177.38,56.025,-51.965
-0.531,0.163,-0.935,-4.883,12.573,-23.926,-177.275,55.684,-51.064
-0.374,0.152,-0.91,-3.479,6.653,-21.973,-177.012,55.113,-50.164
-0.582,0.18,-1.045,-4.395,-18.86,-25.452,-176.918,55.789,-49.296
-0.703,0.126,-1.177,7.629,-20.569,-35.95,-176.039,56.547,-47.791
-0.778,-0.05,-1.253,13.306,-7.446,-27.283,-174.727,57.332,-46.329
-0.254,-0.119,-0.906,16.785,5.92,-15.32,-173.622,56.964,-45.45
-0.328,-0.299,-0.82,22.4,-29.297,-30.945,-171.909,57.365,-44.094
-0.368,-0.281,-0.711,6.348,-4.028,-27.161,-170.079,57.772,-41.808
-0.337,-0.336,-0.652,-8.484,-3.052,-34.424,-168.931,57.437,-39.639
-0.422,-0.348,-0.614,-43.335,4.761,-66.772,-168.322,56.882,-36.282
-0.432,-0.271,-0.633,-75.073,10.254,-112.122,-168.217,55.624,-30.745
-0.455,-0.257,-0.685,-99.609,7.69,-149.78,-168.437,54.108,-23.104
-0.537,-0.262,-0.724,-127.441,-0.488,-192.078,-169.058,52.685,-13.497
-0.61,-0.16,-0.734,-146.24,3.967,-229.492,-170.123,51.306,-2.027
-0.601,-0.078,-0.798,-148.254,13.306,-224.548,-171.579,49.757,10.102
-0.463,0.031,-0.815,-133.728,18.433,-195.374,-173.672,48.318,20.495
-0.363,0.109,-0.873,-100.769,8.057,-148.56,-175.616,47.505,28.647
-0.328,0.033,-0.907,-56.702,-3.357,-111.816,-176.589,47.472,34.612
-0.384,-0.07,-0.926,-40.1,-10.925,-87.891,-176.83,47.895,39.166
-0.341,-0.14,-0.925,-32.471,-13.428,-81.177,-176.66,48.417,43.253
-0.364,-0.172,-0.879,-37.476,-20.325,-75.867,-176.49,49.202,47.115
-0.601,-0.083,-1.079,-39.612,-27.832,-78.003,-176.572,50.213,50.828
-0.584,-0.046,-1.073,-44.495,-15.503,-92.651,-176.171,50.999,55.421
-0.474,0.132,-0.771,-63.049,-26.001,-69.885,-176.655,52.108,59.464
-0.624,0.203,-0.675,-52.795,-49.377,-91.858,-177.484,54.075,63.633
-0.73,0.111,-0.626,-52.002,-28.015,-90.393,-177.38,56.223,68.901
-0.81,0.068,-0.693,-55.847,-8.667,-83.801,-177.561,57.415,73.949
-0.61,0.088,-0.642,-66.345,6.714,-81.604,-178.077,57.629,79.217
-0.65,0.211,-0.66,-58.655,-6.775,-65.43,-179.231,57.997,84.457
-0.692,0.179,-0.66,-39.124,-7.812,-53.467,-179.984,58.645,89.467
-0.708,0.143,-0.633,-27.954,-6.836,-39.185,179.456,59.304,93.691
-0.771,0.103,-0.646,-27.588,-0.122,-35.278,179.022,59.826,97.575
-0.668,0.181,-0.637,-26.062,7.629,-27.893,178.352,59.81,101.129
-0.669,0.267,-0.668,-12.756,6.104,-18.005,177.77,59.76,104.041
-0.621,0.284,-0.649,6.348,-11.536,-14.282,177.775,60.079,106.419
-0.816,0.16,-0.734,20.63,-15.076,-11.719,178.544,60.974,108.594
-1.116,0.188,-0.957,37.292,-9.949,8.667,179.412,61.606,109.946
-0.719,0.027,-0.671,61.096,56.091,28.809,-178.945,60.43,110.484
-0.266,-0.099,-0.786,69.458,57.983,43.457,-177.391,57.387,109.468
-0.328,-0.318,-0.857,58.533,18.066,21.301,-175.161,56.014,108.303
-0.535,-0.216,-0.96,11.292,16.785,27.344,-174.249,55.36,106.716
-0.413,-0.121,-0.878,-3.54,19.592,9.155,-174.474,54.327,105.112
-0.438,-0.006,-0.799,-0.366,1.892,-6.592,-174.545,53.762,104.722
-0.503,-0.016,-0.736,11.597,-1.099,-1.709,-174.001,53.74,105.04
-0.508,-0.184,-0.717,7.202,0.854,-4.883,-173.298,53.806,105.167
-0.523,-0.092,-0.698,2.197,2.991,-4.456,-172.958,53.833,105.403
-0.561,-0.21,-0.794,2.258,17.273,-9.766,-172.502,53.465,105.672
-0.546,-0.221,-0.862,-10.437,13.855,-14.099,-172.233,52.646,106.078
-0.561,-0.214,-0.9,-18.982,7.324,-18.494,-172.386,52.234,106.589
-0.518,-0.261,-0.967,-32.41,-1.404,-38.269,-172.65,52.009,107.781
-0.682,-0.234,-0.956,-43.152,-8.667,-65.308,-172.914,52.46,110.506
-0.68,-0.069,-0.896,-62.866,-2.625,-75.989,-173.595,52.581,114.56
-0.358,0.163,-0.67,-75.684,21.667,-68.359,-175.172,51.899,119.498
-0.252,0.344,-0.714,-71.655,-6.958,-60.242,-177.391,51.449,124.025
-0.621,0.362,-0.832,-64.941,-0.061,-66.589,-179.313,52.108,128.606
-0.426,0.421,-0.88,-49.438,43.701,-84.351,179.412,50.636,134.055
-0.206,0.309,-0.89,-35.217,33.569,-92.468,179.033,48.757,140.081
-0.327,0.222,-0.904,-29.663,4.822,-78.857,178.956,47.983,145.585
-0.388,0.181,-0.879,-22.339,10.864,-63.538,178.786,47.719,150.106
-0.428,0.144,-0.865,-23.01,2.258,-51.147,178.572,47.466,153.907
-0.444,0.149,-0.844,-20.081,2.075,-42.419,178.215,47.477,157.236
-0.464,0.174,-0.857,-16.785,5.92,-31.616,177.825,47.483,160.082
-0.4,0.162,-0.817,-8.972,5.249,-23.315,177.594,47.34,162.51
-0.449,0.217,-0.914,-2.686,1.343,-4.395,177.369,47.318,164.097
-0.375,0.213,-0.964,11.597,3.906,1.404,177.38,47.115,164.932
-0.479,0.215,-1.004,18.616,-17.151,15.991,177.737,47.466,165.141
-0.619,0.167,-1.134,28.625,-3.662,20.813,178.215,48.038,164.669
-0.493,0.022,-1.125,30.64,9.46,22.217,179.165,47.681,164.432
-0.229,-0.08,-0.928,32.41,8.179,24.475,-179.896,47.126,163.883
-0.188,-0.219,-0.839,24.902,-16.235,16.724,-178.792,47.307,163.383
-0.399,-0.182,-0.882,11.23,-2.075,15.381,-178.154,47.78,163.037
-0.262,-0.163,-0.915,7.874,26.306,22.644,-177.858,46.824,162.499
-0.129,-0.153,-0.89,3.174,13.794,18.921,-177.77,45.659,161.598
-0.282,-0.11,-0.813,-2.625,-14.404,11.902,-177.792,45.588,160.708
-0.435,-0.09,-0.793,-1.587,-11.353,10.864,-177.847,46.208,160.192
-0.438,-0.04,-0.817,-3.906,5.188,18.86,-178.05,46.34,159.933
-0.397,-0.009,-0.821,5.371,5.066,19.348,-178.281,46.115,159.675
-0.374,-0.072,-0.842,2.258,3.418,18.982,-178.281,45.989,159.483
-0.394,-0.064,-0.849,1.587,6.165,15.686,-178.451,45.89,159.401
-0.384,-0.084,-0.917,0.427,5.981,12.573,-178.561,45.698,159.478
-0.33,-0.064,-0.876,-2.808,13.062,15.442,-178.715,45.308,159.538
-0.444,-0.045,-0.953,-0.488,-8.484,5.615,-178.896,45.148,159.445
-0.549,-0.056,-1.084,-0.366,12.512,0.061,-178.726,45.176,160.137
-0.4,-0.039,-1.098,-1.709,27.161,-9.644,-178.627,44.236,161.18
-0.232,-0.001,-1.088,-7.996,17.273,-24.658,-178.462,43.193,162.779
-0.136,0.086,-0.988,-14.465,17.761,-28.076,-178.555,42.413,164.46
-0.09,0.166,-0.901,-20.996,0.061,-19.775,-179.083,41.863,165.641
-0.217,0.245,-0.88,-13.916,-4.395,-15.808,-179.835,42.001,166.355
-0.237,0.209,-0.886,-4.15,0.854,-13.55,179.824,41.869,167.053
-0.234,0.16,-0.9,4.15,2.258,-14.709,179.819,41.71,167.717
-0.279,0.082,-0.882,1.099,-5.005,-13.55,-179.896,41.765,168.618
-0.254,0.108,-0.847,4.272,-6.714,-5.798,-179.885,41.951,169.08
-0.364,0.08,-0.867,6.348,-7.141,-5.493,-179.632,42.347,169.557
-0.334,0.122,-0.848,11.108,-1.526,9.46,-179.418,42.484,169.75
-0.327,0.093,-0.853,22.339,-6.104,15.198,-178.973,42.748,169.332
-0.289,0.12,-0.907,14.526,-9.949,23.132,-178.495,43.121,168.679
-0.351,0.143,-0.983,17.7,-9.338,15.137,-178.297,43.687,167.8
-0.453,0.065,-1.058,18.066,-27.222,14.648,-177.814,44.412,167.278
-0.703,-0.079,-1.162,23.499,-15.137,9.399,-177.144,45.687,166.915
-0.389,-0.166,-0.917,14.221,1.648,7.935,-176.468,45.764,166.976
-0.298,-0.167,-0.839,6.714,-2.563,4.7,-176.034,45.939,167.179
-0.274,-0.195,-0.83,12.573,10.864,1.587,-175.485,45.78,167.338
-0.169,-0.265,-0.853,8.85,18.677,5.798,-174.771,44.879,167.135
-0.128,-0.253,-0.888,-1.038,5.859,5.615,-174.49,44.149,166.113
-0.247,-0.185,-0.859,-11.353,-13.611,4.15,-174.694,44.225,164.833
-0.334,-0.113,-0.771,-11.23,-18.86,-0.427,-175.056,44.868,163.993
-0.498,-0.071,-0.824,-5.066,-17.578,2.869,-175.226,45.802,163.911
-0.496,-0.101,-0.843,-0.366,6.836,6.531,-175.221,46.208,164.317
-0.363,-0.094,-0.849,-2.38,6.836,8.789,-175.32,45.956,164.762
-0.343,-0.119,-0.818,-4.15,-5.798,6.348,-175.501,46.088,165.053
-0.432,-0.086,-0.847,-6.47,-10.376,6.714,-175.798,46.653,165.278
-0.449,-0.12,-0.898,-2.625,-0.122,2.014,-175.93,47.032,165.745
-0.397,-0.153,-0.962,-2.014,-0.061,3.662,-175.974,47.12,166.141
-0.512,-0.249,-1.042,-4.578,-12.146,-11.841,-175.809,47.379,166.745
-0.682,-0.195,-1.159,-21.057,-1.343,-14.099,-175.864,47.917,168.135
-0.493,-0.061,-1.034,-31.494,19.592,-15.991,-176.699,47.571,169.843
-0.154,0.104,-0.849,-46.936,23.987,-8.423,-178.314,46.45,171.052
-0.234,0.332,-0.857,-41.931,5.92,2.136,179.445,45.923,171.222
-0.204,0.264,-0.886,-12.146,14.221,-15.32,178.292,45.242,171.502
-0.233,0.152,-0.875,-13.55,5.92,-15.442,177.858,44.753,172.26
-0.253,0.181,-0.845,-12.024,-0.732,-8.972,177.264,44.61,172.694
-0.316,0.158,-0.812,-10.315,-12.39,-10.193,176.721,44.918,172.969
-0.415,0.137,-0.806,-8.606,-8.484,-17.639,176.342,45.494,173.688
-0.427,0.167,-0.775,-15.381,-1.648,-11.597,175.886,45.846,174.683
-0.464,0.211,-0.808,-6.653,2.625,-13.55,175.413,45.972,175.666
-0.401,0.235,-0.842,-1.038,14.893,-5.005,175.243,45.72,176.622
-0.346,0.24,-0.873,12.756,-1.343,-0.488,175.408,45.439,177.1
-0.473,0.178,-0.883,19.043,-5.249,8.423,175.941,45.764,177.094
-0.482,0.144,-1.004,19.775,3.784,13.733,176.457,45.813,176.765
-0.61,0.087,-1.064,20.386,-3.296,20.691,176.99,45.994,176.243
-0.697,0.027,-1.208,21.301,28.748,25.94,177.462,45.527,175.54
-0.094,-0.046,-0.942,17.151,46.265,30.212,178.011,43.473,174.919
0.041,-0.024,-0.844,8.911,1.343,32.837,178.083,42.341,173.386
-0.211,-0.058,-0.928,9.705,10.376,12.939,178.369,42.067,172.013
-0.075,-0.065,-0.874,10.132,8.179,2.197,178.94,41.188,171.348
-0.231,-0.052,-0.841,7.019,-12.573,6.653,179.401,41.248,170.469
-0.413,-0.04,-0.807,5.127,-6.653,7.263,179.747,41.671,169.728
-0.371,0.001,-0.834,0.488,14.221,11.047,179.857,41.347,169.426
-0.311,0.034,-0.897,2.563,21.24,7.019,179.907,40.518,169.338
-0.169,0.022,-0.938,11.108,16.541,-0.305,-179.659,39.562,169.563
-0.159,-0.185,-0.933,17.151,1.038,-4.456,-178.665,39.282,169.777
-0.219,-0.206,-0.99,7.446,-8.362,2.075,-177.94,39.485,169.536
-0.231,-0.179,-1.172,-0.977,-6.958,-7.935,-177.539,39.628,169.25
-0.481,-0.123,-1.215,-6.897,-11.841,-18.494,-177.248,40.463,169.64
-0.294,-0.003,-1.109,-15.686,18.188,-11.78,-177.435,40.117,170.469
0.117,0.292,-1.094,-18.86,11.475,-6.958,-178.16,39.457,170.59
-0.224,0.289,-0.884,9.46,-44.678,-48.828,-177.44,40.402,172.392
-0.192,0.026,-0.871,5.066,-18.921,-16.174,-177.001,41.578,173.254
-0.433,0.067,-0.924,11.658,-5.31,-35.767,-176.303,42.27,174.606
-0.205,0.058,-0.802,22.217,9.644,-42.358,-175.111,41.693,176.528
-0.288,0.007,-0.76,14.832,-1.465,-20.752,-173.897,41.523,178.116
-0.354,-0.051,-0.797,-2.014,1.404,6.897,-173.672,41.611,178.572
-0.429,0.0,-0.872,-2.625,1.831,33.386,-174.348,41.776,177.484
-0.301,-0.014,-0.88,-4.7,3.479,6.897,-175.04,41.721,176.776
-0.374,-0.082,-0.86,5.249,-2.319,-25.269,-174.6,41.841,177.885
-0.374,-0.013,-0.888,-0.427,3.967,-26.001,-174.194,41.841,179.786
-0.276,-0.028,-0.891,-4.395,-3.967,-0.305,-174.232,41.863,-179.429
-0.321,-0.031,-0.962,-7.263,-5.127,6.47,-174.578,42.188,-179.324
-0.401,-0.026,-0.945,-7.08,-11.353,5.676,-175.018,42.627,-179.478
-0.406,0.0,-1.09,-9.827,-9.949,2.075,-175.594,43.187,-179.374
-0.502,-0.055,-1.231,11.414,0.793,2.014,-175.671,43.506,-179.264
-0.344,-0.251,-1.161,-5.493,8.484,25.513,-175.468,43.176,-179.566
-0.229,-0.135,-0.979,-19.287,-7.08,40.649,-176.918,43.401,178.594
-0.17,-0.076,-0.822,-16.418,-5.493,17.7,-178.066,43.495,177.127
-0.29,0.01,-0.836,-13.0,-3.723,21.606,-178.934,43.737,176.039
-0.26,-0.011,-0.858,-0.549,5.31,12.817,-179.401,43.517,175.018
-0.268,-0.027,-0.861,2.441,2.014,10.01,-179.302,43.248,174.518
-0.258,-0.04,-0.847,4.15,-3.601,18.005,-179.236,43.242,173.699
-0.283,0.001,-0.844,2.197,-11.841,20.203,-179.368,43.533,172.562
-0.363,-0.007,-0.857,3.479,-12.939,16.174,-179.374,44.193,171.683
-0.358,0.008,-0.803,6.165,-22.4,11.414,-179.352,44.951,171.019
-0.44,-0.037,-0.823,5.981,-19.47,11.902,-179.187,46.159,170.634
-0.38,-0.141,-0.879,11.292,-5.127,0.916,-178.759,46.758,170.651
-0.332,-0.182,-0.915,3.479,-10.437,-7.69,-178.149,47.076,171.074
-0.769,-0.158,-1.081,-2.869,-25.574,-13.733,-177.583,48.268,171.859
-0.7,0.005,-1.176,-12.817,31.494,-4.578,-177.742,48.235,172.782
-0.188,0.108,-0.935,-18.066,54.993,-9.949,-178.149,46.104,173.776
0.002,0.306,-0.891,-21.118,12.268,-5.676,-179.061,44.242,174.254
-0.252,0.256,-0.969,0.916,1.709,-16.541,-179.588,44.127,174.424
-0.23,0.092,-0.89,2.136,2.869,-22.217,-179.269,43.797,175.199
-0.203,0.052,-0.801,-10.071,-12.024,-2.075,-179.412,43.912,175.567
-0.326,0.143,-0.732,-15.869,-22.705,8.362,179.528,44.709,174.749
-0.429,0.163,-0.713,-3.357,-11.597,-13.611,179.022,45.522,174.825
-0.437,0.102,-0.691,4.944,-9.399,-21.423,179.291,46.066,175.869
-0.55,0.041,-0.741,3.723,-2.686,-14.709,179.72,46.62,177.133
-0.545,0.104,-0.848,3.845,24.536,-6.226,179.885,46.214,178.121
-0.317,0.097,-0.863,11.414,32.349,-3.174,-179.698,44.885,178.89
-0.271,0.092,-1.012,12.756,18.555,3.174,-179.324,43.912,179.05
-0.208,0.087,-1.099,8.301,9.155,10.376,-178.918,43.209,178.682
-0.462,0.187,-1.138,8.301,-24.17,14.587,-179.022,44.044,177.676
-0.751,0.019,-1.303,32.532,12.329,5.31,-178.176,44.506,177.264
-0.13,-0.193,-0.999,37.842,40.466,20.691,-176.633,42.979,176.754
0.133,-0.229,-0.865,22.827,-1.343,36.438,-175.611,41.748,174.88
-0.278,-0.242,-0.963,7.141,-16.174,24.78,-175.172,42.512,172.623
-0.122,-0.12,-0.88,2.502,3.235,15.564,-175.27,42.297,170.728
-0.188,-0.169,-0.803,0.0,-21.545,-1.648,-175.051,42.572,169.656
-0.341,-0.099,-0.724,-5.432,-26.184,-1.465,-174.996,43.588,169.091
-0.452,-0.075,-0.719,0.0,-15.686,-0.305,-174.913,44.588,168.766
-0.442,-0.053,-0.771,2.319,2.075,-0.366,-174.738,44.945,168.915
-0.372,-0.14,-0.792,7.996,0.732,-10.315,-174.161,44.951,169.601
-0.382,-0.159,-0.808,4.761,-8.423,-9.644,-173.589,45.302,170.414
-0.426,-0.267,-0.896,4.822,-15.137,-8.667,-172.875,46.022,171.282
-0.426,-0.356,-0.996,1.221,-12.695,-10.132,-172.293,46.78,171.991
-0.723,-0.259,-1.23,-20.874,-12.939,-18.616,-172.365,47.395,172.831
-0.548,-0.105,-1.315,-28.015,31.311,-33.936,-172.7,46.708,174.71
0.013,0.109,-0.991,-29.297,34.424,-42.542,-173.386,44.736,176.545
-0.028,0.189,-0.84,-27.405,-27.466,-51.575,-173.941,44.357,178.665
-0.425,0.185,-0.81,-18.188,-24.78,-53.528,-174.402,45.89,-179.11
-0.438,0.061,-0.754,-9.277,-6.653,-57.434,-174.188,46.34,-176.402
-0.445,-0.019,-0.728,-15.32,10.376,-58.472,-173.848,46.099,-173.403
-0.292,0.031,-0.696,-17.944,13.184,-49.744,-173.881,45.324,-170.469
-0.353,0.02,-0.738,-11.047,1.587,-43.64,-173.93,45.005,-168.03
-0.412,0.005,-0.785,-4.456,4.333,-37.415,-173.738,44.901,-165.8
-0.359,-0.055,-0.83,-0.916,3.662,-28.931,-173.375,44.67,-163.949
-0.414,-0.04,-0.895,-4.395,-1.282,-23.071,-173.156,44.764,-162.427
-0.415,-0.018,-0.93,-6.653,-5.92,-15.198,-173.123,45.005,-161.235
-0.361,0.037,-1.002,-3.906,2.38,-3.357,-173.397,45.148,-160.735
-0.515,0.069,-1.116,3.784,-20.935,4.272,-173.6,45.626,-160.889
-0.649,-0.087,-1.263,14.893,-2.808,4.578,-173.145,46.34,-160.944
-0.414,-0.138,-1.106,12.939,18.677,18.982,-172.892,46.038,-161.636
0.06,-0.186,-0.891,14.709,15.198,26.367,-172.661,44.989,-162.96
-0.153,-0.231,-0.875,10.254,-25.085,12.634,-172.375,45.593,-164.246
-0.202,-0.25,-0.819,3.479,-3.418,6.104,-172.073,45.978,-164.932
-0.225,-0.244,-0.75,-10.498,-15.198,1.038,-172.095,46.11,-165.416
-0.362,-0.116,-0.705,-15.869,-22.461,2.319,-172.568,46.813,-165.591
-0.553,0.0,-0.714,-0.916,-12.573,1.282,-172.848,47.708,-165.432
-0.565,-0.135,-0.797,21.301,16.052,1.892,-172.2,47.763,-165.081
-0.336,-0.239,-0.791,13.184,14.526,11.414,-171.354,47.032,-164.954
-0.336,-0.209,-0.828,8.545,5.371,8.118,-170.98,46.84,-165.075
-0.375,-0.268,-0.846,7.324,-6.165,3.967,-170.491,46.994,-164.91
-0.368,-0.288,-0.895,-0.732,5.31,6.165,-170.228,47.181,-164.734
-0.46,-0.286,-1.169,-8.728,2.808,5.31,-170.338,46.934,-164.647
-0.537,-0.241,-1.157,-8.118,-10.315,-7.507,-170.359,47.208,-164.026
-0.848,-0.131,-1.414,-11.414,21.79,-4.028,-170.618,47.181,-163.394
-0.005,-0.098,-1.003,-12.512,59.937,-16.663,-170.931,44.577,-162.812
-0.042,0.073,-0.889,-30.762,-16.785,-16.968,-171.854,43.451,-162.257
-0.378,0.097,-0.803,-26.55,-11.597,-27.466,-172.991,44.33,-161.461
-0.242,0.078,-0.685,-25.635,-2.38,-41.809,-173.738,44.165,-159.747
-0.273,0.042,-0.712,-26.55,-9.277,-40.649,-174.468,44.401,-157.786
-0.291,0.049,-0.699,-26.794,-11.23,-39.062,-175.243,44.769,-155.852
-0.372,0.076,-0.781,-20.996,-18.311,-28.87,-175.974,45.522,-154.204
-0.468,0.028,-0.81,-14.221,-13.489,-26.489,-176.429,46.362,-152.77
-0.478,0.05,-0.823,-11.841,-7.751,-20.203,-176.732,46.961,-151.452
-0.49,0.046,-0.83,-5.371,0.427,-14.038,-176.918,47.269,-150.43
-0.414,0.008,-0.804,-2.808,-0.61,-13.367,-176.907,47.401,-149.584
-0.533,0.029,-0.867,-5.371,-4.883,-10.681,-176.946,47.769,-148.804
-0.414,0.119,-0.856,-2.258,2.747,-5.371,-177.111,47.862,-148.2
-0.545,0.111,-0.962,9.216,-18.311,-1.709,-176.99,48.505,-147.947
-0.719,0.088,-1.125,10.803,-7.263,6.47,-176.688,49.367,-148.041
-0.4,-0.046,-1.375,19.226,-6.165,5.31,-176.221,49.51,-148.392
-0.359,-0.188,-1.315,-11.414,-46.631,17.273,-176.248,50.977,-148.997
-0.251,0.093,-0.932,-14.771,-40.222,26.489,-177.83,53.058,-150.606
-0.474,-0.005,-0.849,7.385,-49.072,-2.991,-178.198,55.063,-151.545
-0.384,-0.035,-0.679,7.019,-3.662,-0.244,-177.616,55.876,-151.408
-0.283,-0.053,-0.617,6.348,4.15,2.441,-177.385,55.475,-151.743
-0.336,-0.032,-0.576,2.747,8.911,1.282,-177.149,54.992,-151.782
-0.327,-0.085,-0.661,6.775,-0.366,2.991,-176.88,54.613,-151.859
-0.483,-0.133,-0.71,3.662,-18.799,-7.324,-176.451,55.129,-151.6
-0.631,-0.126,-0.76,-2.93,-21.606,-13.733,-175.897,56.135,-150.529
-0.743,-0.119,-0.77,-2.197,-6.348,-15.93,-175.386,57.03,-149.106
-0.586,-0.147,-0.726,-5.615,12.024,-18.494,-174.869,56.904,-147.53
-0.569,-0.146,-0.723,-12.451,-2.075,-22.949,-174.518,56.849,-145.745
-0.552,-0.125,-0.713,-16.357,6.836,-21.667,-174.342,56.854,-143.828
-0.658,-0.06,-0.835,-17.09,2.686,-11.963,-174.545,56.728,-142.339
-0.583,-0.109,-0.889,-5.371,20.935,-9.155,-174.65,56.332,-141.378
-0.617,-0.083,-1.065,-10.742,14.404,-14.893,-174.617,55.585,-140.389
-0.512,-0.011,-0.965,-9.705,11.475,-29.846,-174.353,55.091,-138.807
-0.394,0.039,-0.865,-13.672,0.916,-44.189,-173.919,54.69,-136.609
-0.33,0.019,-0.724,-27.588,-8.667,-56.091,-173.485,54.75,-133.698
-0.491,0.126,-0.759,-40.039,-39.246,-53.528,-173.727,55.805,-130.649
-0.741,0.117,-0.84,-43.579,-8.423,-65.002,-174.21,56.887,-127.474
-0.562,0.112,-0.802,-47.302,18.921,-83.923,-174.32,56.19,-123.272
-0.443,0.091,-0.79,-49.927,18.738,-96.436,-174.304,55.052,-118.367
-0.509,0.07,-0.81,-49.866,5.066,-94.971,-174.243,54.41,-113.236
-0.49,0.101,-0.782,-52.307,0.427,-88.196,-174.496,54.069,-108.506
-0.547,0.099,-0.793,-44.312,-7.202,-89.355,-174.65,54.174,-103.925
-0.556,0.124,-0.778,-45.776,-11.292,-81.116,-174.683,54.536,-99.465
-0.646,0.138,-0.809,-36.011,-10.498,-67.749,-174.809,55.157,-95.713
-0.567,0.201,-0.78,-25.94,1.831,-52.002,-174.908,55.36,-92.802
-0.52,0.18,-0.788,-7.629,-0.549,-33.325,-174.798,55.426,-90.895
-0.695,0.141,-0.971,16.418,-0.732,-28.259,-174.205,55.574,-89.824
-0.474,-0.073,-0.961,36.072,6.47,-34.302,-172.238,55.366,-88.704
-0.349,-0.306,-0.847,34.79,1.282,-33.875,-169.59,55.162,-87.396
-0.373,-0.372,-0.789,16.357,-18.494,-30.884,-167.569,55.245,-85.979
-0.549,-0.39,-0.791,-0.916,-6.531,-32.471,-166.108,55.53,-83.996
-0.537,-0.383,-0.845,-17.334,13.367,-32.349,-165.498,54.882,-82.084
-0.371,-0.297,-0.803,-33.508,13.916,-30.945,-165.833,53.712,-80.354
-0.407,-0.219,-0.777,-41.26,-1.526,-39.429,-166.553,53.163,-78.228
-0.433,-0.167,-0.759,-41.382,-1.404,-46.57,-167.228,52.817,-75.608
-0.369,-0.193,-0.759,-38.879,-2.869,-51.941,-167.657,52.443,-72.664
-0.431,-0.198,-0.84,-36.682,-5.737,-55.603,-167.953,52.3,-69.505
-0.456,-0.252,-0.905,-34.546,-3.235,-58.35,-167.981,52.075,-66.105
-0.379,-0.219,-0.983,-32.715,-2.014,-49.438,-168.19,51.603,-63.232
-0.589,-0.226,-1.042,-28.809,-26.978,-53.162,-168.151,51.899,-60.32
-0.664,-0.111,-0.962,-37.048,-14.16,-50.049,-168.239,52.635,-57.283
-0.409,0.009,-0.783,-49.683,-5.676,-50.049,-169.003,52.646,-54.542
-0.335,0.183,-0.717,-54.321,-29.053,-53.406,-170.321,52.987,-51.746
-0.686,0.207,-0.774,-49.438,-34.119,-53.65,-171.491,54.602,-48.999
-0.695,0.224,-0.85,-36.56,17.578,-53.467,-172.381,54.91,-46.758
-0.438,0.145,-0.855,-27.161,33.691,-51.147,-172.793,53.388,-44.846
-0.283,0.125,-0.837,-22.461,5.859,-48.523,-173.101,52.421,-43.182
-0.48,0.12,-0.81,-26.123,-21.973,-46.509,-173.419,52.982,-41.424
-0.582,0.125,-0.775,-21.545,-8.484,-47.852,-173.628,53.718,-39.644
-0.506,0.135,-0.79,-19.348,-3.113,-45.349,-173.683,53.91,-37.958
-0.478,0.16,-0.826,-15.869,-6.042,-36.926,-173.721,54.174,-36.59
-0.536,0.226,-0.892,-8.484,-17.944,-25.452,-173.897,54.822,-35.92
-0.686,0.067,-1.044,13.306,-25.208,-35.767,-173.057,55.871,-35.046
-0.657,-0.128,-0.932,26.794,-7.202,-32.715,-171.222,56.92,-33.843
-0.385,-0.277,-0.809,29.663,20.813,-20.447,-169.058,56.387,-32.948
-0.443,-0.281,-0.848,15.747,0.244,7.019,-167.926,55.778,-33.201
-0.452,-0.299,-0.876,6.409,21.729,8.545,-167.646,55.261,-34.102
-0.342,-0.258,-0.835,-12.085,11.719,1.099,-167.833,54.316,-34.651
-0.384,-0.135,-0.779,-21.667,-0.488,0.427,-168.613,53.976,-34.777
-0.5,-0.073,-0.855,-19.836,8.789,-2.686,-169.53,53.756,-34.821
-0.365,-0.097,-0.878,-8.545,12.817,-6.531,-170.101,52.96,-34.871
-0.326,-0.21,-0.818,-5.981,-6.409,-12.756,-170.09,52.69,-34.497
-0.458,-0.275,-0.826,-12.939,-21.24,-12.085,-170.035,53.344,-33.723
-0.5,-0.289,-0.834,-16.724,-21.667,-13.55,-170.211,54.245,-32.899
-0.574,-0.32,-0.953,-17.883,-15.015,-18.005,-170.272,54.959,-31.855
-0.744,-0.265,-1.157,-18.25,-19.714,-22.034,-170.211,55.591,-30.542
-0.811,-0.087,-1.243,-15.076,2.136,-32.41,-169.904,55.986,-28.976
-0.328,-0.014,-0.946,-17.944,35.767,-35.156,-169.629,54.41,-27.378
-0.158,0.096,-0.87,-38.696,-6.775,-16.235,-170.585,53.443,-26.45
-0.349,0.186,-0.798,-37.415,-13.55,-31.616,-172.139,53.877,-25.494
-0.334,0.173,-0.718,-32.166,-12.634,-42.542,-173.095,54.179,-23.785
-0.365,0.118,-0.68,-24.658,-19.653,-42.847,-173.535,54.673,-21.819
-0.464,0.112,-0.673,-20.569,-18.677,-28.687,-174.029,55.475,-20.446
-0.521,0.052,-0.692,-14.954,-16.296,-24.536,-174.402,56.239,-19.644
-0.632,0.055,-0.763,-13.245,-7.935,-22.949,-174.694,56.893,-19.034
-0.57,0.04,-0.797,-9.644,6.042,-20.447,-174.738,56.937,-18.435
-0.556,0.042,-0.806,-4.333,1.282,-11.292,-174.792,56.849,-18.232
-0.486,0.049,-0.799,-1.282,-0.854,-5.859,-174.814,56.887,-18.38
-0.405,0.054,-0.897,1.465,-13.184,-4.578,-174.831,57.266,-18.682
-0.507,0.104,-0.921,1.892,-31.311,-4.272,-174.809,58.497,-18.836
-0.833,0.108,-0.956,9.033,-45.471,-6.165,-174.529,60.573,-18.957
-1.026,-0.062,-1.095,13.855,-19.104,-12.756,-173.606,61.985,-18.781
-0.881,-0.127,-0.967,9.46,12.756,-0.549,-173.013,62.183,-18.973
-0.327,-0.124,-0.67,12.573,35.034,13.062,-172.892,60.765,-20.05
-0.341,-0.221,-0.703,25.33,-0.854,7.202,-172.266,60.068,-20.984
-0.508,-0.283,-0.734,13.123,16.724,18.066,-171.617,59.722,-21.758
-0.407,-0.282,-0.703,0.61,22.4,19.348,-171.76,58.64,-22.945
-0.412,-0.188,-0.703,-10.62,7.751,19.897,-172.518,57.838,-24.109
-0.458,-0.17,-0.686,-16.296,-1.648,15.198,-173.265,57.722,-24.829
-0.591,-0.066,-0.731,-13.916,-13.123,16.418,-174.309,58.173,-25.615
-0.602,-0.078,-0.736,-9.338,3.906,13.977,-175.045,58.502,-26.428
-0.478,-0.092,-0.75,-2.502,-5.554,11.23,-175.583,58.546,-27.23
-0.54,-0.123,-0.743,-3.296,-21.362,8.972,-175.842,59.321,-27.79
-0.612,-0.078,-0.809,4.639,-12.634,7.08,-175.952,60.238,-28.268
-0.653,-0.096,-0.957,13.245,5.676,0.732,-175.402,60.447,-28.455
-0.645,-0.125,-0.995,19.104,-5.005,-0.61,-174.435,60.568,-28.471
-0.932,-0.133,-1.195,13.0,-3.235,-11.963,-173.298,60.782,-28.032
-0.639,-0.085,-1.027,5.432,33.569,-25.085,-172.139,59.81,-26.971
-0.227,-0.04,-0.833,-13.245,19.287,-21.423,-171.59,58.057,-25.675
-0.475,0.093,-0.794,-31.494,-18.677,-14.709,-172.491,58.326,-24.791
-0.573,0.121,-0.711,-26.367,1.221,-33.569,-173.15,58.513,-23.324
-0.47,0.088,-0.646,-26.062,14.587,-34.241,-173.562,57.81,-21.709
-0.457,0.075,-0.649,-25.146,10.803,-31.799,-174.007,57.134,-20.226
-0.434,0.078,-0.647,-17.395,6.104,-22.888,-174.49,56.673,-19.221
-0.525,0.055,-0.665,-13.794,0.671,-26.123,-174.765,56.624,-18.347
-0.569,0.021,-0.728,-9.155,2.686,-30.518,-174.661,56.607,-17.194
-0.638,-0.029,-0.801,-9.338,12.207,-30.64,-174.32,56.409,-15.941
-0.49,0.011,-0.785,-13.428,14.221,-28.503,-174.122,55.679,-14.738
-0.456,0.04,-0.803,-9.399,-3.784,-24.658,-174.04,55.486,-13.661
-0.579,0.033,-0.846,-9.705,-16.357,-20.935,-173.897,56.107,-12.662
-0.555,0.087,-0.95,-3.784,2.319,-14.954,-173.914,56.448,-12.03
-0.738,0.008,-1.096,5.371,-26.123,-13.062,-173.589,57.096,-11.596
-1.041,-0.095,-1.269,1.404,-7.263,-14.343,-173.024,57.843,-10.992
-0.645,-0.058,-1.046,2.441,43.945,11.23,-173.101,56.81,-11.398
0.071,-0.055,-0.667,11.414,36.072,31.372,-173.6,54.651,-13.217
-0.227,-0.171,-0.717,23.01,-37.231,21.606,-173.502,55.173,-14.656
-0.589,-0.233,-0.729,15.625,-7.324,15.198,-172.875,56.206,-15.189
-0.399,-0.264,-0.711,16.602,20.447,14.587,-172.354,55.547,-15.903
-0.36,-0.314,-0.701,6.165,9.094,18.921,-172.029,54.789,-16.683
-0.392,-0.231,-0.703,-2.625,-1.892,19.775,-172.227,54.684,-17.54
-0.519,-0.162,-0.741,-7.446,-8.484,21.423,-172.672,55.091,-18.353
-0.519,-0.141,-0.75,-2.319,-3.967,18.066,-173.156,55.432,-19.265
-0.447,-0.118,-0.765,-3.113,-4.944,19.897,-173.578,55.69,-20.165
-0.511,-0.093,-0.855,-2.075,-11.841,27.161,-174.177,56.272,-21.324
-0.536,-0.094,-0.916,2.014,-13.062,30.029,-174.847,56.909,-22.808
-0.715,-0.091,-1.125,4.211,-3.357,21.667,-175.474,57.404,-24.329
-0.855,-0.154,-1.249,0.854,0.793,-7.69,-175.188,57.557,-24.472
-0.447,0.084,-1.031,-15.93,28.076,-0.977,-175.518,56.635,-24.258
-0.185,0.17,-0.883,-14.282,-1.648,-11.78,-176.023,55.712,-23.78
-0.506,0.168,-0.796,-16.907,-17.578,-14.465,-176.539,56.448,-22.912
-0.504,0.122,-0.705,-13.611,7.812,-30.884,-176.743,56.431,-21.649
-0.364,0.081,-0.601,-15.076,6.47,-36.804,-176.6,55.898,-19.836
-0.419,0.065,-0.578,-15.991,-0.488,-28.87,-176.622,55.8,-18.265
-0.499,0.089,-0.617,-13.611,0.0,-22.278,-176.858,55.876,-17.243
-0.518,0.069,-0.656,-9.033,3.662,-20.935,-176.946,55.904,-16.469
-0.596,0.076,-0.757,-6.531,-0.183,-17.883,-176.99,56.03,-15.908
-0.576,0.057,-0.823,-7.141,14.038,-16.357,-176.896,55.816,-15.359
-0.496,0.042,-0.807,-3.601,9.644,-21.423,-176.748,55.393,-14.727
-0.445,0.085,-0.817,-11.292,-3.296,-15.869,-176.666,55.217,-13.947
-0.606,0.128,-0.939,-2.38,-8.423,-19.897,-176.726,55.717,-13.282
-0.625,0.111,-1.085,3.54,-14.954,-11.719,-176.353,56.118,-12.607
-0.929,0.001,-1.178,9.888,-24.78,-3.174,-175.995,57.475,-12.53
-0.851,-0.099,-1.126,9.094,11.841,4.15,-175.622,57.903,-12.854
-0.243,-0.113,-0.759,11.353,35.278,17.151,-175.54,56.717,-13.733
-0.26,-0.163,-0.874,14.709,1.648,24.17,-175.567,55.629,-15.09
-0.346,-0.206,-0.847,9.827,16.113,29.48,-175.562,55.102,-16.381
-0.295,-0.166,-0.765,6.348,4.517,32.898,-175.941,54.454,-17.985
-0.359,-0.142,-0.691,0.427,-5.859,31.006,-176.38,54.432,-19.402
-0.357,-0.035,-0.623,-3.967,-9.827,40.161,-177.286,54.684,-21.16
-0.498,0.002,-0.655,2.808,-19.653,34.729,-178.215,55.464,-23.143
-0.586,0.001,-0.675,11.536,-15.198,25.574,-178.555,56.288,-24.796
-0.622,-0.093,-0.765,14.465,-5.798,20.203,-178.396,56.887,-26.147
-0.548,-0.112,-0.818,12.085,-1.038,13.55,-178.165,57.047,-27.208
-0.531,-0.204,-1.071,5.676,5.92,9.888,-177.709,57.019,-27.631
-0.423,-0.072,-1.2,4.272,-11.597,8.728,-177.742,56.596,-28.152
-0.841,-0.141,-1.289,-3.784,-31.738,-7.324,-177.144,57.843,-27.642
-0.569,0.069,-1.001,-17.334,17.578,-16.418,-177.358,58.013,-26.9
-0.259,0.167,-0.827,-27.832,-3.479,-17.822,-177.665,57.162,-25.587
-0.625,0.28,-0.791,-24.719,-25.391,-13.611,-178.781,58.151,-24.835
-0.506,0.229,-0.685,-14.343,5.554,-20.996,-179.302,58.447,-24.044
-0.402,0.178,-0.574,-6.287,-3.784,-24.902,-179.368,58.387,-23.148
-0.405,0.115,-0.489,-3.174,-10.498,-20.264,-179.187,58.837,-22.396
-0.517,0.066,-0.535,1.038,-15.442,-13.672,-178.995,59.628,-22.039
-0.617,0.035,-0.629,-0.488,-10.132,-6.592,-178.885,60.425,-22.115
-0.722,0.041,-0.684,2.258,-11.23,-10.925,-178.627,61.15,-22.083
-0.767,0.083,-0.681,0.0,-1.038,-7.69,-178.456,61.677,-22.154
-0.625,0.077,-0.71,1.221,8.972,-7.324,-178.182,61.622,-22.209
-0.6,0.073,-0.768,5.31,2.747,-12.451,-177.742,61.567,-22.094
-0.612,0.086,-0.844,2.625,2.441,-8.301,-177.314,61.529,-21.912
-0.863,0.104,-1.062,4.517,-4.211,-4.089,-177.05,61.562,-21.923
-0.906,0.046,-1.183,8.24,-2.747,-7.08,-176.693,61.595,-21.967
-0.814,-0.08,-1.094,7.996,14.465,0.122,-176.188,61.529,-21.989
-0.247,-0.108,-0.771,7.324,30.151,12.878,-176.133,60.392,-22.61
-0.357,-0.156,-0.814,12.939,-2.747,9.094,-176.1,59.623,-23.417
-0.345,-0.171,-0.747,8.972,6.897,14.587,-175.792,59.332,-23.862
-0.34,-0.193,-0.667,7.141,-11.78,14.893,-175.638,59.238,-24.478
-0.457,-0.137,-0.598,-0.61,-26.794,18.005,-175.754,60.035,-25.087
-0.603,-0.093,-0.617,-2.869,-26.245,23.499,-176.204,61.337,-25.999
-0.625,0.008,-0.606,-0.549,-8.789,29.358,-177.155,62.122,-27.625
-0.636,-0.058,-0.672,9.155,-7.629,23.438,-177.654,62.595,-29.229
-0.66,-0.058,-0.708,7.935,-7.69,22.705,-178.017,63.051,-30.723
-0.646,-0.113,-0.778,9.521,3.723,16.785,-178.149,63.171,-31.921
-0.712,-0.094,-0.874,8.606,22.583,7.568,-177.984,62.65,-32.563
-0.623,-0.209,-0.935,18.799,2.258,-15.503,-176.737,61.749,-32.097
-0.984,-0.078,-1.15,-6.775,1.892,-13.0,-175.71,61.842,-30.943
-0.576,-0.035,-0.901,-9.766,36.804,-24.17,-175.204,60.59,-29.713
-0.383,0.218,-0.817,-41.992,4.883,-10.376,-176.05,59.156,-28.718
-0.568,0.322,-0.785,-29.541,8.118,-16.907,-177.649,59.112,-28.174
-0.433,0.24,-0.707,-14.893,15.198,-30.151,-178.132,58.277,-27.037
-0.491,0.161,-0.668,-8.667,2.869,-30.945,-178.116,57.931,-25.714
-0.495,0.072,-0.599,-9.216,11.169,-30.396,-177.803,57.695,-24.269
-0.419,0.063,-0.584,-7.263,11.047,-28.687,-177.709,57.167,-23.099
-0.502,-0.019,-0.634,-6.897,-3.296,-33.386,-177.204,57.085,-21.61
-0.629,-0.018,-0.713,-9.094,0.854,-28.564,-176.754,57.387,-20.105
-0.629,0.062,-0.808,-10.132,4.883,-22.949,-176.528,57.343,-18.924
-0.55,0.077,-0.846,-8.118,3.296,-13.062,-176.462,57.25,-18.182
-0.573,0.174,-0.902,-8.606,1.099,-0.427,-176.913,57.321,-18.193
-0.555,0.182,-1.004,9.094,-9.644,-5.005,-177.067,57.42,-18.424
-1.004,0.028,-1.177,9.46,-24.78,1.953,-176.622,58.854,-18.495
-0.867,-0.04,-1.153,13.428,18.25,16.357,-176.622,58.815,-19.429
-0.238,-0.164,-0.771,15.93,34.607,39.124,-176.902,57.387,-21.313
-0.177,-0.175,-0.729,5.92,-8.118,65.613,-178.094,56.558,-24.565
-0.512,-0.078,-0.785,8.484,-1.099,52.307,-179.379,56.942,-27.669
-0.372,-0.154,-0.721,16.785,6.409,25.94,-179.462,56.299,-29.471
-0.456,-0.152,-0.715,2.686,2.808,18.86,-179.308,56.025,-30.333
-0.438,-0.091,-0.706,-4.089,5.615,22.888,-179.604,55.69,-31.119
-0.484,-0.014,-0.719,-2.014,2.197,29.907,179.709,55.503,-32.36
-0.525,0.022,-0.773,2.38,4.089,34.973,179.0,55.261,-33.986
-0.516,-0.009,-0.815,14.526,2.258,36.438,178.533,55.058,-35.87
-0.487,-0.143,-0.883,17.639,7.507,56.763,178.363,54.761,-38.112
-0.444,-0.052,-0.898,14.465,4.028,78.186,177.341,54.24,-41.863
-0.583,0.118,-1.008,14.954,-15.015,36.438,176.622,54.24,-44.868
-0.792,0.222,-1.202,3.723,-5.31,-9.277,177.023,54.63,-45.011
-0.547,0.268,-1.005,4.395,35.278,-51.636,178.105,53.888,-42.896
-0.219,0.253,-0.978,-7.019,50.903,-74.219,179.808,51.581,-38.886
-0.176,0.298,-0.825,-6.592,16.052,-72.876,-179.143,50.18,-34.898
-0.272,0.151,-0.719,3.662,-6.104,-83.313,-177.594,49.911,-30.635
-0.44,0.109,-0.671,3.235,-11.719,-81.97,-175.908,50.383,-26.296
-0.434,0.065,-0.651,5.31,1.038,-84.167,-174.078,50.389,-22.039
-0.442,-0.074,-0.673,3.723,8.423,-88.501,-172.084,49.933,-17.584
-0.385,-0.137,-0.72,-5.249,5.92,-80.627,-170.398,49.164,-13.321
-0.453,-0.171,-0.8,-12.329,3.784,-75.745,-169.25,48.664,-9.338
-0.457,-0.136,-0.891,-19.653,6.226,-55.054,-168.69,48.071,-6.026
-0.384,-0.156,-0.942,-19.348,2.441,-34.607,-168.646,47.615,-3.768
-0.561,-0.095,-1.217,-18.555,3.357,6.104,-169.393,47.543,-3.137
-0.561,-0.049,-1.408,-9.277,-13.184,43.213,-170.651,47.549,-4.642
-0.526,-0.165,-1.317,-5.493,2.136,64.819,-172.112,48.422,-7.509
-0.02,-0.113,-0.785,-0.305,3.906,74.89,-173.886,48.362,-11.365
-0.198,-0.221,-0.835,3.601,-33.325,61.035,-175.04,49.246,-14.766
-0.428,-0.169,-0.802,-6.592,2.747,58.533,-176.353,49.966,-17.589
-0.201,-0.199,-0.725,-2.686,11.658,51.575,-177.462,49.131,-20.264
-0.279,-0.125,-0.698,-11.23,-5.798,46.326,-178.583,48.977,-22.467
-0.359,-0.034,-0.639,-7.629,-13.733,43.64,-179.692,49.362,-24.538
-0.481,0.035,-0.696,-2.869,-10.254,41.626,179.335,49.916,-26.68
-0.483,0.074,-0.726,5.432,-0.61,35.034,178.737,50.098,-28.669
-0.502,0.03,-0.847,11.169,4.517,26.123,178.665,50.01,-30.251
-0.421,0.002,-0.908,15.686,2.441,20.874,178.808,49.867,-31.564
-0.417,-0.048,-1.042,9.949,-5.005,11.536,179.203,50.026,-32.399
-0.471,-0.076,-1.197,11.536,-24.902,-3.784,179.758,50.63,-32.542
-0.902,-0.041,-1.324,-3.052,-30.457,-34.363,-179.533,52.18,-31.503
-0.492,0.106,-1.151,-20.203,17.273,-46.875,-178.813,52.322,-28.932
-0.113,0.243,-0.995,-27.771,1.282,-44.617,-178.874,51.531,-26.318
-0.408,0.266,-0.87,-29.602,-0.854,-43.396,-179.368,51.833,-23.972
-0.107,0.199,-0.658,-22.949,22.583,-69.946,-179.462,50.894,-20.874
-0.151,0.14,-0.576,-22.583,-10.925,-79.834,-179.044,50.493,-16.683
-0.323,0.09,-0.6,-22.278,-16.296,-77.148,-178.517,51.185,-12.36
-0.344,0.105,-0.631,-18.555,-24.353,-65.247,-178.121,51.976,-8.663
-0.583,0.029,-0.723,-14.832,-38.147,-62.317,-177.462,53.657,-5.361
-0.737,0.055,-0.766,-20.508,-18.494,-52.185,-176.951,55.19,-2.516
-0.672,0.044,-0.779,-17.09,-5.493,-46.021,-176.561,55.772,-0.247
-0.604,0.076,-0.803,-17.151,6.958,-36.56,-176.336,55.854,1.609
-0.491,0.094,-0.757,-8.362,2.563,-25.208,-176.177,55.767,2.84
-0.491,0.105,-0.785,-2.075,-6.409,-14.038,-176.017,56.036,3.444
-0.553,0.114,-0.78,4.822,-18.738,-8.85,-175.803,56.821,3.609
-0.585,0.139,-0.782,5.493,-16.541,-10.132,-175.54,57.805,3.658
-0.74,0.14,-0.972,10.498,-13.245,-15.076,-175.073,58.563,3.895
-0.758,-0.052,-1.005,25.757,1.648,-34.363,-173.644,58.892,4.807
-0.24,-0.245,-0.694,25.146,18.311,-46.692,-171.172,58.151,6.79
-0.411,-0.425,-0.776,5.31,-38.086,-50.598,-168.734,58.085,9.586
-0.718,-0.279,-0.87,-28.625,-6.592,-25.391,-167.827,59.117,12.101
-0.484,-0.243,-0.789,-31.982,5.737,-38.757,-168.124,58.59,13.64
-0.457,-0.165,-0.711,-46.57,-10.498,-54.993,-168.365,58.271,16.342
-0.618,-0.19,-0.699,-56.763,-15.869,-68.054,-168.558,58.541,20.045
-0.623,-0.109,-0.714,-64.026,2.563,-72.266,-169.129,58.288,23.89
-0.54,-0.119,-0.731,-59.204,7.751,-78.552,-169.563,57.53,27.828
-0.508,-0.142,-0.775,-57.983,3.906,-80.933,-169.81,56.821,31.954
-0.579,-0.182,-0.845,-59.753,1.282,-81.726,-170.134,56.288,36.112
-0.482,-0.187,-0.869,-63.66,4.395,-82.642,-170.596,55.591,40.391
-0.434,-0.172,-0.834,-62.927,-12.39,-82.886,-171.145,55.399,44.72
-0.681,-0.167,-0.962,-58.228,-28.503,-85.327,-171.425,55.97,49.323
-0.768,-0.128,-1.008,-60.364,-11.23,-93.567,-171.387,56.569,54.174
-0.577,-0.063,-0.81,-69.885,-5.92,-89.355,-171.502,56.618,59.145
-0.405,0.129,-0.633,-81.848,-19.592,-73.975,-172.738,56.854,63.435
-0.544,0.24,-0.64,-69.519,-41.565,-77.332,-174.144,58.206,67.835
-0.802,0.205,-0.706,-63.599,-29.236,-73.242,-175.029,60.013,72.823
-0.814,0.225,-0.727,-63.232,-1.892,-67.505,-175.984,60.749,78.014
-0.708,0.326,-0.694,-54.81,17.334,-57.495,-177.242,60.32,83.029
-0.605,0.264,-0.677,-29.663,13.611,-57.983,-177.825,59.518,88.006
-0.674,0.201,-0.703,-23.621,10.376,-46.753,-177.946,59.068,92.538
-0.623,0.176,-0.684,-19.958,11.108,-39.246,-178.044,58.563,96.52
-0.603,0.281,-0.708,-12.695,10.01,-26.489,-178.44,58.096,99.69
-0.569,0.306,-0.728,3.723,9.216,-20.691,-178.336,57.651,102.442
-0.541,0.307,-0.729,25.696,-7.263,-18.738,-177.534,57.579,104.799
-0.606,0.206,-0.708,37.109,-14.221,-17.334,-175.864,58.129,107.117
-0.886,0.147,-1.005,46.204,-24.719,-10.193,-173.963,58.953,109.116
-0.96,-0.23,-0.983,70.19,11.719,-21.851,-170.739,59.667,111.379
-0.336,-0.497,-0.812,57.251,27.71,-21.729,-167.168,57.991,113.516
-0.462,-0.642,-0.824,31.86,16.541,-34.241,-164.037,56.97,115.049
-0.395,-0.5,-0.808,-2.869,23.499,-10.376,-162.576,55.486,115.417
-0.328,-0.415,-0.778,-20.691,18.494,1.465,-162.905,54.196,114.351
-0.368,-0.254,-0.703,-34.79,-4.089,-1.465,-164.048,53.657,113.379
-0.559,-0.147,-0.706,-36.804,-6.226,-3.357,-165.482,53.811,112.819
-0.576,-0.184,-0.772,-24.353,22.156,-14.526,-166.52,53.476,112.967
-0.409,-0.234,-0.828,-23.254,28.442,-21.423,-167.179,52.031,113.714
-0.345,-0.311,-0.865,-23.621,15.625,-29.48,-167.58,50.79,114.835
-0.345,-0.333,-0.836,-32.41,-0.427,-31.494,-168.019,50.169,116.093
-0.47,-0.292,-0.842,-41.443,-1.221,-23.926,-168.942,50.026,117.032
-0.481,-0.237,-0.843,-51.025,-6.653,-18.066,-170.486,49.982,117.488
-0.498,-0.188,-0.851,-53.894,-11.475,-25.208,-172.326,50.4,118.323
-0.6,-0.215,-0.958,-54.199,-23.315,-31.006,-173.875,51.312,120.009
-0.669,-0.144,-1.014,-48.95,-20.691,-33.813,-175.342,52.377,122.113
-0.654,-0.058,-1.09,-53.65,13.062,-38.696,-176.633,52.685,125.233
-0.197,0.091,-0.958,-58.899,24.597,-49.194,-178.099,51.636,128.782
-0.249,0.362,-0.851,-79.956,-21.912,-24.292,179.423,51.707,131.468
-0.501,0.499,-0.903,-62.256,-2.197,-13.428,176.028,52.383,132.874
-0.38,0.47,-0.91,-48.767,22.827,-12.756,173.573,51.696,134.561
-0.16,0.551,-0.843,-37.842,19.226,-19.653,171.447,50.427,136.241
-0.175,0.534,-0.754,-16.235,-15.137,-31.433,170.403,50.251,138.312
-0.41,0.458,-0.733,-1.648,-21.973,-30.334,170.041,51.29,140.043
-0.463,0.371,-0.693,13.0,-6.226,-40.71,170.651,52.031,142.339
-0.433,0.271,-0.652,23.254,-5.676,-44.8,172.145,52.476,145.25
-0.464,0.184,-0.651,31.006,-8.484,-43.396,174.183,53.069,148.304
-0.5,0.113,-0.728,34.119,-22.522,-32.715,176.38,54.031,150.985
-0.658,0.089,-0.804,36.255,-3.784,-27.283,178.55,54.833,153.342
-0.526,0.022,-0.898,31.799,4.944,-28.687,-179.171,54.717,155.83
-0.498,0.015,-0.944,19.226,9.521,-33.936,-177.231,54.487,158.45
-0.441,0.014,-1.043,11.169,-23.804,-47.791,-175.512,54.619,161.472
-0.684,-0.146,-1.08,2.869,-32.288,-49.744,-173.727,55.898,164.949
-0.846,-0.173,-1.014,-8.179,-23.132,-30.884,-172.771,57.228,167.904
-0.376,-0.155,-0.757,0.427,13.0,-20.142,-172.128,57.151,170.228
-0.271,-0.221,-0.739,23.071,-6.775,-19.958,-170.953,56.711,171.881
-0.489,-0.346,-0.74,29.053,-5.066,-18.127,-168.772,56.942,173.65
-0.463,-0.509,-0.741,19.104,9.277,0.488,-166.855,56.624,174.93
-0.432,-0.472,-0.682,-2.38,9.277,18.494,-166.437,56.245,175.117
-0.403,-0.383,-0.575,-11.292,-2.686,20.447,-166.926,56.332,175.15
-0.564,-0.321,-0.573,-20.874,-6.836,26.123,-167.794,57.003,175.556
-0.629,-0.195,-0.667,-20.508,10.925,38.513,-169.536,57.491,175.441
-0.571,-0.178,-0.732,-10.803,21.667,41.931,-171.26,57.239,174.666
-0.416,-0.151,-0.751,3.967,16.113,46.021,-172.584,56.656,173.304
-0.509,-0.173,-0.841,19.043,12.817,49.072,-173.128,56.459,171.508
-0.447,-0.198,-0.925,28.564,25.513,47.485,-173.156,55.618,169.222
-0.492,-0.197,-0.986,30.823,17.944,7.751,-172.238,54.382,167.794
-0.627,-0.253,-1.28,4.517,26.123,5.31,-171.167,53.102,167.838
-0.462,-0.042,-1.223,-9.338,27.771,13.062,-171.821,51.899,166.899
-0.213,0.079,-0.996,-17.456,14.221,-1.648,-172.513,50.779,166.531
-0.35,0.209,-0.922,-16.235,-11.597,-3.601,-173.502,50.735,166.306
-0.392,0.176,-0.827,-7.935,4.456,-23.071,-173.941,50.751,166.838
-0.264,0.092,-0.738,-6.531,0.0,-33.325,-173.864,50.295,168.289
-0.288,0.067,-0.702,-17.212,-15.869,-26.794,-174.045,50.532,169.75
-0.36,0.094,-0.686,-15.686,-28.625,-31.433,-174.468,51.427,171.189
-0.495,0.068,-0.69,-7.751,-40.039,-37.903,-174.402,52.987,173.123
-0.646,-0.004,-0.698,-2.197,-31.006,-39.856,-173.76,54.734,175.551
-0.652,-0.054,-0.708,-4.333,-13.611,-45.166,-172.848,55.778,178.391
-0.603,-0.111,-0.686,-9.583,-13.0,-50.964,-171.854,56.294,-178.215
-0.63,-0.125,-0.737,-21.667,-10.254,-50.903,-171.085,56.86,-174.523
-0.633,-0.038,-0.797,-25.94,-7.507,-50.232,-170.815,57.206,-170.936
-0.568,0.076,-0.805,-24.292,-4.944,-46.021,-170.662,57.288,-167.662
-0.543,0.177,-0.797,-6.47,-12.329,-40.894,-170.211,57.662,-164.877
-0.765,0.053,-0.944,11.353,-29.602,-49.255,-168.755,58.601,-162.076
-0.893,-0.2,-1.11,17.944,3.235,-80.2,-166.047,58.618,-158.027
-0.744,-0.461,-1.118,10.254,23.376,-84.534,-162.85,57.036,-153.045
-0.307,-0.453,-0.892,-7.08,41.382,-48.34,-161.345,54.553,-149.711
-0.066,-0.357,-0.875,-0.732,26.672,-21.24,-161.054,52.432,-148.442
-0.114,-0.326,-0.817,5.066,22.034,21.667,-160.878,51.119,-148.81
-0.164,-0.364,-0.767,6.042,8.057,57.007,-161.521,50.647,-151.562
-0.217,-0.369,-0.706,-6.348,-5.005,60.242,-162.795,50.999,-155.11
-0.33,-0.303,-0.676,-18.005,-26.733,56.641,-164.504,52.059,-158.236
-0.516,-0.271,-0.681,-18.494,-25.757,48.157,-166.278,53.773,-160.571
-0.521,-0.239,-0.661,-15.747,-15.381,53.65,-168.014,55.08,-162.565
-0.537,-0.175,-0.697,-9.46,-12.634,57.922,-169.904,56.245,-164.872
-0.595,-0.082,-0.707,2.258,-15.137,58.411,-171.552,57.343,-167.382
-0.644,-0.052,-0.757,23.438,1.892,60.242,-172.628,58.074,-170.2
-0.603,-0.197,-0.833,32.959,9.094,57.861,-172.837,58.162,-173.046
-0.553,-0.217,-0.908,28.564,25.94,60.791,-173.156,57.596,-176.133
-0.39,-0.25,-0.962,28.381,12.817,50.232,-173.282,56.777,-179.127
-0.387,-0.12,-1.148,8.789,-10.986,40.405,-173.6,56.717,178.028
-0.685,0.02,-1.232,9.216,-38.635,7.812,-173.705,58.035,176.391
-0.844,0.048,-1.068,13.916,-10.559,-24.292,-172.683,59.101,176.924
-0.477,-0.003,-0.809,9.399,14.709,-32.471,-171.068,58.453,178.643
-0.533,0.084,-0.767,-8.728,-5.798,-12.878,-170.64,58.123,179.681
-0.411,0.079,-0.691,-1.404,7.019,-33.691,-170.497,57.838,-179.286
-0.36,-0.021,-0.63,-4.883,-7.324,-44.8,-169.574,57.491,-177.116
-0.385,-0.022,-0.61,-8.972,-16.357,-45.227,-168.739,57.761,-174.617
-0.465,-0.078,-0.625,-8.301,-25.818,-39.001,-167.888,58.425,-172.15
-0.612,-0.107,-0.661,-9.949,-28.442,-33.813,-167.195,59.474,-169.843
-0.657,-0.087,-0.652,-10.742,-27.771,-26.611,-166.652,60.617,-167.624
-0.749,-0.107,-0.668,-6.409,-23.132,-28.992,-166.058,61.782,-165.476
-0.731,-0.136,-0.645,-5.31,-14.404,-29.968,-165.168,62.534,-163.059
-0.704,-0.17,-0.629,-6.47,-5.127,-28.137,-164.366,62.853,-160.757
-0.717,-0.153,-0.674,-9.46,-2.625,-33.691,-163.718,62.935,-158.461
-0.734,-0.155,-0.819,-9.949,12.634,-40.405,-162.795,62.457,-155.726
-0.638,-0.138,-0.943,-8.972,0.916,-23.865,-162.296,61.694,-153.754
-0.841,-0.083,-1.051,0.244,1.16,-22.705,-161.982,61.864,-152.413
-0.807,-0.146,-1.043,18.799,1.831,-30.945,-160.604,61.425,-150.743
-0.52,-0.251,-0.796,33.264,12.451,-24.841,-158.577,60.639,-149.337
-0.361,-0.336,-0.673,46.997,1.77,-12.085,-156.346,59.974,-148.722
-0.505,-0.619,-0.666,53.101,16.724,-21.545,-153.16,59.354,-147.766
-0.368,-0.682,-0.659,27.832,30.823,9.155,-151.111,57.925,-147.739
-0.291,-0.628,-0.622,-0.244,26.001,36.926,-151.243,57.057,-149.348
-0.292,-0.487,-0.582,-17.944,5.493,53.528,-152.875,57.068,-151.732
-0.424,-0.373,-0.588,-22.217,-12.939,65.613,-155.121,58.255,-154.336
-0.602,-0.373,-0.645,-14.526,-9.766,76.721,-157.56,59.985,-157.39
-0.647,-0.314,-0.697,-11.902,-3.113,86.975,-160.604,61.54,-161.466
-0.612,-0.243,-0.652,-12.024,-2.38,83.191,-163.9,62.737,-165.894
-0.604,-0.192,-0.686,-9.766,-0.977,77.454,-167.135,63.732,-170.112
-0.626,-0.121,-0.691,-6.348,-9.949,73.486,-170.25,64.655,-174.309
-0.656,-0.084,-0.718,2.991,-2.686,68.481,-172.919,65.33,-178.38
-0.873,-0.064,-0.921,16.296,-6.958,52.979,-174.705,65.704,177.957
-0.883,-0.062,-1.045,22.156,4.028,40.588,-175.358,65.566,175.276
-0.886,0.002,-1.075,16.785,19.958,24.414,-175.693,65.182,173.276
-0.402,0.058,-0.78,-0.244,45.532,4.944,-175.792,63.276,172.452
-0.363,0.22,-0.807,-15.076,3.418,-5.92,-176.391,62.095,172.161
-0.565,0.176,-0.722,-11.047,10.315,-35.583,-176.413,61.76,173.09
-0.494,0.153,-0.629,-19.592,20.569,-55.664,-175.682,60.672,175.814
-0.475,0.115,-0.578,-12.146,13.489,-67.322,-174.666,59.667,179.297
-0.522,0.085,-0.586,-7.751,11.047,-66.528,-173.249,58.98,-176.863
-0.586,-0.006,-0.629,2.258,11.169,-70.374,-171.486,58.266,-172.941
-0.589,-0.1,-0.67,3.418,19.47,-64.148,-169.497,57.316,-168.959
-0.507,-0.137,-0.72,1.038,20.386,-43.396,-168.052,56.102,-165.861
-0.458,-0.15,-0.778,3.174,13.0,-27.649,-167.124,55.212,-163.878
-0.49,-0.157,-0.872,-3.845,-1.953,-13.977,-166.608,54.833,-162.675
-0.557,-0.207,-0.972,-9.521,1.282,-9.46,-166.635,54.833,-162.032
-0.756,-0.104,-1.146,-33.569,-26.489,6.348,-167.816,55.508,-161.933
-0.9,0.021,-1.229,-26.917,-14.404,4.456,-169.656,56.536,-162.186
-0.742,-0.103,-1.098,2.747,22.888,-3.845,-170.052,56.47,-162.032
-0.16,-0.189,-0.772,10.62,43.03,19.958,-170.162,54.619,-162.85
-0.155,-0.286,-0.767,18.555,24.109,29.785,-170.266,53.185,-164.921
-0.083,-0.287,-0.76,15.015,16.541,23.987,-170.101,52.092,-166.97
-0.14,-0.27,-0.672,15.076,-16.418,30.762,-169.86,51.965,-169.228
-0.396,-0.257,-0.64,3.479,-33.569,30.212,-169.887,53.141,-171.628
-0.587,-0.17,-0.623,-1.099,-35.217,27.649,-170.217,54.833,-173.326
-0.78,-0.151,-0.729,6.592,-10.376,24.597,-170.519,56.223,-174.391
-0.638,-0.196,-0.724,14.099,20.081,20.874,-170.48,56.179,-175.111
-0.488,-0.246,-0.725,16.663,17.273,19.348,-170.195,55.552,-175.781
-0.438,-0.287,-0.756,10.803,5.127,26.306,-169.937,55.322,-176.561
-0.492,-0.29,-0.848,9.888,1.221,22.461,-169.937,55.492,-177.687
-0.574,-0.331,-1.069,3.784,8.667,20.935,-169.821,55.464,-178.715
-0.656,-0.244,-1.217,5.493,1.587,12.695,-169.986,55.338,-179.885
-0.699,-0.123,-1.325,-9.094,19.348,-0.122,-170.03,54.86,179.632
-0.246,0.105,-0.896,-18.494,35.156,-9.46,-170.739,53.031,179.467
-0.296,0.183,-0.831,-16.357,-7.141,-18.311,-171.403,52.251,179.764
-0.51,0.078,-0.755,-19.653,3.845,-34.607,-171.749,52.361,-179.072
-0.306,0.125,-0.665,-23.987,13.916,-42.236,-172.178,51.4,-177.16
-0.29,0.138,-0.624,-18.86,-2.625,-41.565,-172.529,51.042,-175.133
-0.403,0.12,-0.653,-5.737,-17.334,-48.035,-172.315,51.482,-172.881
-0.542,0.01,-0.688,3.479,-14.648,-57.373,-171.266,52.092,-169.975
-0.548,-0.064,-0.757,-1.587,1.404,-50.903,-170.14,52.196,-166.91
-0.544,-0.095,-0.786,-2.625,6.409,-48.462,-169.2,51.883,-164.059
-0.42,-0.09,-0.796,-4.089,2.136,-42.603,-168.442,51.394,-161.477
-0.449,-0.103,-0.875,-2.441,-11.658,-36.987,-167.723,51.52,-159.099
-0.505,-0.096,-0.989,-2.075,-17.578,-15.503,-167.173,52.064,-157.39
-0.609,-0.041,-1.192,5.127,-22.034,12.756,-167.223,52.85,-157.236
-0.952,-0.121,-1.256,16.541,-26.306,21.973,-167.195,54.706,-158.011
-0.788,-0.24,-1.102,21.973,-2.747,21.667,-166.871,55.563,-159.011
-0.177,-0.21,-0.578,22.034,14.465,25.269,-166.674,55.459,-160.367
-0.425,-0.378,-0.691,38.635,-22.095,-10.498,-165.196,55.854,-160.587
-0.422,-0.407,-0.653,16.663,41.931,13.611,-163.828,55.096,-160.4
-0.163,-0.417,-0.661,22.095,23.743,32.349,-163.531,53.663,-161.982
-0.312,-0.426,-0.657,5.249,6.287,40.649,-163.564,53.443,-163.96
-0.394,-0.311,-0.635,-1.343,-1.709,45.593,-164.262,53.729,-166.108
-0.562,-0.265,-0.695,-0.854,4.456,41.809,-165.114,54.179,-168.063
-0.495,-0.262,-0.731,1.953,15.991,39.307,-165.828,54.053,-169.7
-0.479,-0.25,-0.778,0.366,11.169,35.767,-166.602,53.882,-171.359
-0.386,-0.3,-0.802,-1.648,-2.991,21.179,-167.08,53.976,-172.425
-0.515,-0.364,-0.857,-6.897,-12.085,12.695,-167.36,54.613,-172.886
-0.579,-0.362,-1.009,-21.118,7.446,19.836,-168.14,54.904,-173.419
-0.775,-0.249,-1.237,-21.484,25.085,1.465,-169.371,54.487,-173.897
-0.427,-0.117,-1.266,-31.128,39.978,-6.47,-170.546,52.586,-173.842
-0.013,0.015,-0.895,-41.748,21.24,-20.752,-171.947,50.696,-173.414
-0.234,0.189,-0.911,-59.265,-43.579,-12.573,-174.073,50.905,-172.958
-0.466,0.327,-0.821,-45.471,-29.663,-19.531,-176.605,52.668,-172.711
-0.405,0.242,-0.689,-23.56,-33.203,-30.029,-177.775,53.915,-171.628
-0.493,0.174,-0.589,-15.991,-34.058,-30.457,-178.165,55.58,-170.228
-0.529,0.155,-0.55,-10.681,-24.292,-30.762,-178.253,56.959,-168.662
-0.629,0.113,-0.574,-10.803,-15.381,-28.87,-178.209,57.997,-166.998
-0.737,0.112,-0.623,-9.399,5.615,-33.63,-178.022,58.42,-165.064
-0.688,0.078,-0.679,-5.981,21.24,-39.978,-177.413,57.876,-162.554
-0.661,0.122,-0.732,-7.324,22.766,-34.424,-176.94,57.107,-160.192
-0.566,0.125,-0.732,2.93,23.987,-36.133,-176.215,56.124,-157.994
-0.525,0.057,-0.753,13.184,13.855,-35.339,-174.946,55.432,-155.77
-0.497,0.061,-0.737,15.686,16.663,-24.231,-173.732,54.844,-154.078
-0.594,0.042,-0.892,25.696,-2.991,-19.104,-172.485,54.311,-152.974
-0.682,-0.034,-1.078,29.724,15.32,-19.287,-170.81,54.13,-151.853
-0.669,-0.218,-1.32,46.814,16.907,-18.372,-168.717,53.311,-150.826
-0.451,-0.457,-1.297,44.617,16.235,22.461,-166.465,52.487,-150.947
-0.051,-0.477,-0.9,22.522,-3.723,30.029,-165.52,52.372,-152.633
-0.215,-0.449,-0.84,1.099,-33.508,-7.751,-165.114,53.08,-153.358
-0.512,-0.428,-0.841,-16.846,-11.353,-16.602,-164.553,53.915,-152.062
-0.34,-0.296,-0.765,-16.785,24.231,20.874,-165.361,53.069,-152.265
-0.2,-0.301,-0.621,-17.7,16.296,32.532,-166.696,52.125,-153.88
-0.282,-0.234,-0.606,-21.301,-2.441,34.546,-168.135,52.042,-155.363
-0.363,-0.179,-0.609,-20.874,-13.0,34.18,-169.673,52.542,-156.846
-0.522,-0.146,-0.644,-23.621,-20.935,29.358,-171.096,53.63,-157.824
-0.656,-0.063,-0.686,-15.503,-9.521,28.076,-172.601,54.624,-158.747
-0.692,-0.031,-0.715,-2.563,2.625,29.846,-173.611,55.08,-159.653
-0.536,0.068,-0.693,20.142,25.452,55.603,-174.413,54.662,-161.614
-0.539,-0.141,-0.785,47.913,2.93,54.199,-174.21,54.338,-164.663
-0.598,-0.277,-0.926,26.123,11.597,28.381,-173.463,54.36,-166.531
-0.487,-0.28,-0.896,3.967,15.32,7.141,-173.112,53.855,-166.943
-0.48,-0.27,-0.97,-13.855,-7.324,-4.944,-173.079,53.652,-166.36
-0.944,-0.058,-1.178,-14.526,-27.466,7.996,-173.589,54.91,-165.756
-0.758,-0.065,-1.196,2.075,20.386,5.005,-174.084,55.074,-166.075
-0.221,-0.054,-0.995,-24.414,44.983,-39.734,-174.034,53.394,-164.899
-0.077,0.072,-1.009,-58.838,4.028,-62.256,-174.71,51.592,-162.092
-0.373,0.248,-0.994,-69.336,-2.991,-81.482,-176.331,51.597,-158.632
-0.316,0.32,-0.87,-54.749,5.432,-94.177,-177.264,51.097,-154.083
-0.24,0.361,-0.754,-25.818,0.122,-97.656,-177.253,50.812,-149.453
-0.252,0.083,-0.67,-8.423,-3.418,-91.187,-175.968,50.729,-144.91
-0.25,0.02,-0.656,-17.456,-11.719,-77.148,-175.117,50.823,-141.064
-0.308,0.003,-0.655,-17.883,-28.87,-71.228,-174.501,51.608,-137.51
-0.512,-0.017,-0.725,-20.325,-40.527,-54.199,-174.062,53.19,-134.412
-0.649,-0.021,-0.763,-20.996,-26.978,-41.748,-173.914,54.717,-131.88
-0.625,0.005,-0.772,-23.438,-15.564,-35.4,-174.034,55.651,-129.71
-0.56,0.066,-0.741,-24.536,-9.705,-32.959,-174.37,56.245,-127.782
-0.557,0.048,-0.731,-22.217,-21.912,-42.48,-174.49,57.014,-125.645
-0.653,0.127,-0.758,-27.1,-26.917,-37.292,-174.617,58.293,-123.371
-0.733,0.175,-0.801,-20.691,-8.606,-37.476,-174.683,59.387,-121.251
-0.564,0.252,-0.796,-3.174,2.197,-32.043,-174.496,59.474,-119.553
-0.517,0.135,-0.8,15.015,0.488,-25.879,-173.507,59.447,-118.224
-0.751,-0.004,-0.887,34.363,-22.705,-28.564,-171.898,60.09,-117.29
-0.684,-0.312,-0.821,40.344,-5.554,-50.171,-168.684,60.71,-115.06
-0.589,-0.399,-0.742,17.944,0.61,-33.569,-165.806,60.496,-112.495
-0.392,-0.324,-0.638,10.071,-0.427,-17.822,-164.449,60.139,-111.083
-0.534,-0.361,-0.652,5.127,-21.362,-22.461,-163.004,60.661,-109.347
-0.714,-0.336,-0.785,-3.54,4.578,-21.179,-161.999,60.798,-107.584
-0.544,-0.403,-0.768,-17.334,33.02,-29.541,-161.592,59.343,-106.089
-0.33,-0.33,-0.741,-38.33,17.395,-37.415,-161.999,57.596,-104.178
-0.427,-0.286,-0.744,-49.5,-18.738,-52.917,-162.521,57.217,-101.102
-0.544,-0.252,-0.729,-58.044,-18.799,-67.871,-162.883,57.387,-96.927
-0.545,-0.236,-0.727,-60.12,-19.897,-78.003,-163.207,57.31,-92.274
-0.607,-0.269,-0.804,-57.739,-18.555,-79.834,-163.268,57.316,-87.259
-0.556,-0.295,-0.833,-52.368,-15.564,-69.336,-163.372,57.255,-82.689
-0.543,-0.286,-0.824,-55.237,-18.555,-48.462,-163.861,57.448,-79.019
-0.508,-0.177,-0.842,-49.255,-19.592,-41.443,-164.872,57.788,-76.339
-0.671,-0.231,-0.875,-39.001,-23.56,-57.678,-165.031,58.508,-73.185
-0.842,-0.216,-0.919,-48.645,-29.053,-55.359,-165.048,59.2,-69.741
-0.564,0.011,-0.713,-74.158,-14.771,-38.818,-166.295,59.623,-66.995
-0.403,0.311,-0.558,-69.092,-42.419,-44.617,-168.558,60.628,-64.852
-0.821,0.245,-0.671,-48.035,-42.48,-58.716,-169.36,62.82,-61.963
-0.794,0.131,-0.729,-47.852,15.442,-74.341,-169.431,62.886,-58.711
-0.601,0.1,-0.722,-48.645,31.006,-91.37,-169.162,61.271,-54.69
-0.446,0.087,-0.77,-50.964,18.188,-89.783,-168.904,59.579,-50.378
-0.564,0.066,-0.817,-50.293,-0.183,-85.205,-168.887,58.92,-46.373
-0.589,0.102,-0.822,-40.955,-2.014,-80.933,-168.772,58.519,-42.589
-0.563,0.143,-0.766,-28.87,-7.874,-62.805,-168.497,58.475,-39.556
-0.615,0.127,-0.754,-8.606,-16.724,-50.354,-167.849,58.947,-37.425
-0.625,0.177,-0.751,4.089,-7.935,-22.827,-167.151,59.524,-36.464
-0.578,0.138,-0.835,21.912,2.563,-7.202,-166.498,59.722,-36.925
-0.857,-0.029,-1.007,49.072,-6.775,-3.113,-165.064,60.359,-37.903
-0.505,-0.269,-0.72,70.312,19.836,-19.348,-162.257,60.205,-38.622
-0.276,-0.608,-0.753,76.233,12.39,-39.734,-158.0,58.749,-38.392
-0.333,-0.847,-0.716,24.719,4.15,-8.728,-154.281,57.794,-37.172
-0.414,-0.557,-0.694,-9.766,-12.268,10.864,-154.089,57.854,-37.54
-0.547,-0.433,-0.667,-27.588,-0.671,0.061,-154.627,58.101,-37.386
-0.585,-0.381,-0.733,-26.794,11.78,-16.357,-155.533,57.585,-36.947
-0.511,-0.405,-0.726,-28.32,16.418,-23.132,-156.132,56.387,-36.085
-0.493,-0.373,-0.734,-28.259,6.958,-21.79,-156.714,55.453,-35.085
-0.516,-0.319,-0.769,-22.644,2.625,-16.663,-157.253,55.003,-34.228
-0.458,-0.384,-0.75,-18.677,0.305,-3.296,-157.731,54.789,-33.926
-0.473,-0.399,-0.858,-21.179,8.85,-5.31,-158.533,54.476,-34.025
-0.513,-0.456,-1.066,-26.489,17.578,-28.992,-159.197,53.52,-33.453
-0.399,-0.503,-1.2,-36.133,8.545,-52.307,-159.604,51.943,-31.366
-0.37,-0.4,-1.207,-44.312,-2.38,-46.021,-160.197,51.097,-28.768
-0.102,-0.145,-0.872,-71.594,-26.062,-33.386,-161.889,50.795,-26.505
-0.408,0.148,-0.825,-92.834,-53.406,-14.526,-165.223,52.394,-24.824
-0.546,0.338,-0.823,-74.463,-13.733,-30.823,-168.904,53.74,-23.725
-0.357,0.354,-0.78,-44.617,2.808,-33.508,-171.321,53.58,-22.736
-0.303,0.253,-0.768,-20.996,-8.24,-38.269,-172.469,53.525,-21.951
-0.4,0.075,-0.736,-17.273,-37.72,-60.364,-172.447,54.465,-20.231
-0.617,0.101,-0.727,-29.785,-26.917,-69.214,-172.249,55.959,-17.496
-0.64,0.055,-0.715,-30.701,-12.695,-78.003,-171.804,56.673,-14.194
-0.604,0.006,-0.669,-30.396,1.831,-81.97,-171.118,56.695,-10.569
-0.615,0.019,-0.702,-24.78,3.54,-71.167,-170.425,56.382,-7.3
-0.581,-0.04,-0.726,-9.888,10.132,-65.43,-169.332,55.849,-4.482
-0.495,-0.051,-0.757,-6.226,9.216,-49.805,-168.289,55.184,-2.422
-0.582,-0.156,-0.848,-7.385,6.653,-49.927,-167.294,54.761,-0.637
-0.509,-0.095,-0.978,-27.283,17.151,-74.219,-166.696,53.602,1.917
-0.565,-0.069,-0.979,-36.621,-2.014,-82.153,-166.284,52.954,5.702
-0.768,-0.08,-1.222,-20.325,6.348,-70.251,-165.943,52.234,9.031
-0.475,-0.234,-1.173,-0.549,19.897,-15.503,-165.498,51.037,10.503
-0.157,-0.299,-0.871,2.808,25.574,55.725,-166.003,50.208,8.591
-0.095,-0.194,-0.853,9.216,10.376,83.679,-167.695,49.818,3.895
-0.201,-0.187,-0.865,15.015,15.076,82.397,-168.838,49.614,-0.582
-0.106,-0.226,-0.838,17.517,11.719,84.534,-169.865,49.18,-5.29
-0.116,-0.199,-0.803,5.676,-9.949,56.03,-170.728,49.213,-9.003
-0.247,-0.171,-0.738,-7.996,-28.992,29.846,-171.42,49.999,-10.827
-0.492,-0.141,-0.766,-13.062,-31.128,13.0,-172.183,51.422,-11.596
-0.578,-0.132,-0.782,-9.46,-12.024,6.592,-172.755,52.344,-12.052
-0.506,-0.167,-0.778,-5.615,1.831,7.507,-173.002,52.487,-12.502
-0.489,-0.142,-0.788,-5.981,0.061,18.372,-173.48,52.537,-13.546
-0.489,-0.096,-0.772,-3.418,0.183,20.02,-174.034,52.619,-14.897
-0.486,-0.078,-0.829,0.122,2.991,20.874,-174.435,52.646,-16.276
-0.476,-0.131,-0.89,5.005,9.827,15.991,-174.556,52.509,-17.479
-0.365,-0.174,-0.911,4.089,5.92,20.447,-174.71,52.103,-18.787
-0.448,-0.203,-1.095,0.427,-6.165,17.09,-174.935,51.998,-19.902
-0.416,-0.167,-1.284,-3.418,-4.883,23.56,-175.226,52.009,-20.934
-0.539,0.129,-1.259,-4.211,-19.348,15.503,-175.847,52.773,-21.978
-0.251,0.312,-0.908,9.277,-5.981,-5.676,-175.957,53.163,-22.33
-0.419,0.345,-0.798,28.137,-37.415,0.061,-175.1,53.904,-22.181
-0.548,0.033,-0.69,33.142,-9.399,-9.277,-173.897,55.129,-22.599
-0.421,-0.098,-0.667,11.658,12.878,-27.161,-172.452,54.789,-21.885
-0.378,-0.062,-0.652,-1.587,11.536,-0.488,-172.178,54.08,-21.621
-0.309,-0.052,-0.684,-1.709,6.104,4.272,-172.529,53.624,-22.231
-0.416,-0.038,-0.718,0.916,-19.775,6.653,-172.738,53.965,-22.725
-0.591,-0.05,-0.732,-1.038,-19.287,9.949,-173.013,55.063,-23.406
-0.677,-0.073,-0.795,-6.104,-5.005,5.798,-173.43,55.739,-24.115
-0.562,-0.039,-0.761,-10.742,4.089,6.531,-174.034,55.739,-24.774
-0.589,-0.009,-0.766,-9.338,0.0,4.15,-174.716,55.871,-25.45
-0.558,0.022,-0.735,-3.784,-0.732,3.723,-175.122,56.047,-25.983
-0.59,0.033,-0.798,0.549,-0.793,3.967,-175.32,56.316,-26.587
-0.587,0.096,-0.812,8.789,1.892,1.343,-175.265,56.382,-27.153
-0.699,0.054,-0.946,17.7,10.437,3.723,-174.716,56.146,-27.746
-0.612,-0.051,-0.945,12.268,34.485,-7.019,-173.93,55.366,-28.043
-0.271,0.014,-1.001,11.658,16.235,-14.038,-173.425,53.844,-28.026
-0.482,-0.067,-1.045,4.395,-30.762,-19.104,-172.551,54.152,-27.142
-0.928,0.004,-1.153,-1.892,-23.01,-10.62,-172.15,55.585,-26.257
-0.875,0.032,-1.071,7.324,5.005,-4.517,-171.985,56.025,-26.153
-0.38,-0.076,-0.673,22.217,20.63,-8.423,-171.304,55.404,-26.323
-0.163,-0.262,-0.574,34.546,13.916,-17.883,-169.623,54.459,-25.983
-0.233,-0.364,-0.624,19.287,20.63,7.08,-167.975,53.542,-25.587
-0.26,-0.335,-0.729,2.441,32.166,37.903,-168.041,52.322,-27.026
-0.255,-0.27,-0.756,-8.301,23.438,36.682,-168.937,51.07,-29.009
-0.365,-0.199,-0.801,-11.414,12.817,26.672,-169.953,50.339,-30.471
-0.445,-0.199,-0.777,-10.742,7.812,15.137,-170.623,49.955,-31.223
-0.525,-0.193,-0.836,-12.085,18.799,15.991,-171.31,49.455,-31.937
-0.394,-0.177,-0.854,-11.047,27.649,21.606,-172.117,48.334,-32.981
-0.306,-0.118,-0.861,-13.062,19.409,30.396,-173.128,47.335,-34.398
-0.358,-0.07,-0.942,-7.812,18.25,32.227,-174.133,46.664,-36.024
-0.285,-0.062,-1.011,-0.366,11.169,30.029,-174.798,45.956,-37.584
-0.296,-0.083,-1.005,4.089,-7.751,25.635,-175.111,45.615,-38.914
-0.252,-0.083,-0.984,5.066,3.174,28.87,-175.232,45.747,-40.023
-0.301,-0.1,-1.084,4.333,-13.489,24.658,-175.397,45.939,-41.243
-0.411,-0.05,-1.246,-0.122,-14.404,13.977,-175.638,46.489,-42.078
-0.688,-0.08,-1.418,-8.728,-3.601,-26.794,-175.501,46.978,-41.451
-0.109,0.086,-0.954,-28.198,26.917,-37.781,-175.814,46.077,-39.633
-0.062,0.188,-0.867,-36.621,-23.01,-37.781,-176.671,45.505,-37.375
-0.415,0.257,-0.771,-37.354,-32.715,-30.762,-178.127,47.076,-35.623
-0.388,0.235,-0.67,-27.71,-4.089,-46.448,-179.138,47.78,-33.783
-0.356,0.198,-0.633,-22.522,-3.479,-47.363,-179.681,47.966,-31.657
-0.365,0.144,-0.639,-15.991,-2.991,-43.64,-179.951,48.307,-29.74
-0.442,0.135,-0.702,-14.954,-8.179,-36.194,179.852,48.823,-28.202
-0.524,0.153,-0.765,-12.573,-6.47,-33.203,179.692,49.433,-26.911
-0.554,0.15,-0.791,-6.165,0.977,-32.288,179.78,49.861,-25.73
-0.555,0.104,-0.825,-3.784,4.15,-30.762,-179.857,50.043,-24.549
-0.448,0.1,-0.801,-6.104,7.385,-27.161,-179.61,49.988,-23.489
-0.406,0.095,-0.809,-2.197,-4.028,-28.992,-179.319,50.131,-22.412
-0.539,0.159,-0.938,-5.493,4.944,-13.794,-179.165,50.488,-21.61
-0.433,0.183,-1.012,4.639,-0.732,-6.531,-179.16,50.164,-21.462
-0.52,0.177,-1.062,5.615,-13.916,0.549,-178.995,50.724,-21.616
-0.821,0.082,-1.276,15.198,-10.193,2.014,-178.742,51.559,-22.033
-0.521,-0.061,-1.177,10.01,10.071,30.64,-178.528,51.29,-23.055
-0.258,0.033,-0.917,4.822,3.479,63.904,-179.599,51.004,-25.983
-0.203,-0.041,-0.854,28.381,-12.39,43.091,179.808,50.9,-29.042
-0.329,-0.163,-0.8,29.724,-3.479,29.724,-179.407,51.169,-30.63
-0.275,-0.216,-0.785,29.236,7.996,33.508,-178.555,50.834,-32.091
-0.198,-0.226,-0.715,18.372,2.625,35.339,-177.907,50.306,-33.508
-0.352,-0.164,-0.742,11.292,-10.681,36.377,-177.748,50.482,-34.997
-0.43,-0.124,-0.736,8.362,-7.263,33.386,-177.764,50.79,-36.458
-0.51,-0.129,-0.781,6.775,-4.15,29.48,-177.77,51.114,-37.771
-0.484,-0.081,-0.791,6.042,7.751,29.907,-177.957,51.031,-39.161
-0.424,-0.08,-0.8,5.737,4.944,28.748,-178.083,50.746,-40.512
-0.413,-0.075,-0.852,7.202,5.859,23.193,-178.182,50.625,-41.715
-0.374,-0.074,-0.987,2.441,8.667,23.621,-178.319,50.257,-42.731
-0.206,-0.089,-0.974,7.08,-3.662,11.475,-178.297,49.938,-43.369
-0.454,-0.155,-0.986,7.263,-46.265,-4.883,-177.83,50.96,-43.165
-0.732,-0.191,-1.058,-7.019,-30.64,-4.333,-177.22,52.899,-42.264
-0.855,0.009,-1.097,-19.47,-7.202,-1.221,-177.72,53.987,-41.957
-0.552,0.157,-0.899,-20.508,25.879,-16.541,-178.286,53.487,-41.281
-0.343,0.264,-0.935,-23.682,25.879,-12.146,-178.995,52.07,-40.397
-0.35,0.312,-0.885,-24.78,19.165,-8.057,179.813,51.136,-40.089
-0.275,0.288,-0.812,-15.808,13.672,-28.564,179.033,50.295,-39.216
-0.278,0.226,-0.735,-10.986,4.028,-32.41,178.781,49.911,-37.771
-0.288,0.17,-0.687,-9.888,-2.197,-33.569,178.709,49.905,-36.244
-0.366,0.13,-0.68,-10.498,-13.855,-31.189,178.66,50.422,-34.755
-0.521,0.121,-0.739,-9.766,-10.193,-31.86,178.594,51.125,-33.376
-0.583,0.114,-0.767,-7.812,2.014,-32.166,178.753,51.504,-31.937
-0.54,0.074,-0.786,-6.348,7.324,-30.884,179.11,51.476,-30.487
-0.53,0.09,-0.799,-8.118,6.897,-26.245,179.324,51.356,-29.229
-0.467,0.119,-0.79,-6.897,7.507,-19.165,179.374,51.235,-28.323
-0.453,0.139,-0.881,-1.77,-0.977,-16.602,179.456,51.339,-27.625
-0.438,0.146,-0.838,1.465,-1.587,-8.301,179.648,51.586,-27.164
-0.63,0.147,-0.951,6.714,-12.878,-5.127,179.813,52.097,-27.131
-0.605,0.166,-0.989,12.207,0.366,-6.653,-179.819,52.372,-27.153
-0.699,0.026,-1.023,19.165,4.211,-19.226,-178.819,52.46,-26.73
-0.597,0.063,-1.009,5.188,16.785,7.019,-178.083,52.053,-26.395
-0.375,0.036,-0.942,26.123,29.724,16.663,-177.913,51.01,-27.488
-0.171,-0.134,-0.918,40.71,24.048,10.437,-176.611,49.565,-28.284
-0.259,-0.295,-0.962,36.194,32.837,8.057,-174.776,48.241,-28.559
-0.063,-0.292,-0.96,22.217,33.936,19.531,-173.584,46.329,-29.075
-0.076,-0.331,-0.88,13.611,3.174,19.47,-172.859,45.385,-29.647
-0.266,-0.294,-0.788,0.0,-12.146,16.296,-172.557,45.604,-29.839
-0.389,-0.237,-0.767,-4.7,-3.418,25.33,-172.689,45.939,-30.306
-0.378,-0.168,-0.783,-2.319,12.024,37.415,-173.177,45.72,-31.652
-0.253,-0.122,-0.786,-0.305,13.0,39.49,-173.677,45.137,-33.409
-0.229,-0.082,-0.86,1.953,-1.709,37.781,-174.084,45.027,-35.085
-0.292,-0.127,-0.92,6.47,-13.367,26.367,-174.161,45.505,-36.255
-0.367,-0.186,-0.997,3.296,-9.949,20.142,-174.205,46.187,-37.101
-0.368,-0.2,-1.093,-2.319,-17.09,12.146,-174.287,46.555,-37.546
-0.546,-0.202,-1.196,-10.742,-19.287,4.028,-174.342,47.609,-37.326
-0.635,-0.049,-1.277,-15.381,-3.357,-1.282,-174.941,48.301,-37.167
-0.245,0.034,-1.05,-22.644,10.132,-8.606,-175.507,47.928,-36.546
-0.157,0.243,-0.939,-34.363,-20.569,-0.854,-176.847,47.856,-36.057
-0.386,0.317,-0.905,-26.428,-24.719,-13.794,-178.462,49.109,-35.656
-0.26,0.22,-0.781,-18.799,-13.977,-30.762,-179.182,49.735,-34.299
-0.265,0.178,-0.687,-17.456,-27.832,-27.527,-179.731,50.598,-32.816
-0.331,0.138,-0.598,-19.714,-39.246,-23.682,179.665,52.185,-31.58
-0.512,0.15,-0.614,-20.508,-39.978,-25.818,178.907,54.185,-30.58
-0.695,0.158,-0.684,-22.705,-15.442,-30.64,178.341,55.646,-29.432
-0.603,0.099,-0.685,-18.616,2.075,-44.25,178.314,56.041,-27.636
-0.659,0.096,-0.743,-24.414,5.249,-43.091,178.445,56.321,-25.483
-0.597,0.081,-0.712,-22.583,4.639,-40.283,178.511,56.371,-23.45
-0.621,0.145,-0.725,-21.484,9.949,-30.823,178.363,56.453,-21.868
-0.577,0.143,-0.731,-11.597,4.944,-26.55,178.374,56.36,-20.687
-0.58,0.183,-0.803,-7.446,14.709,-14.648,178.423,56.179,-19.94
-0.53,0.19,-0.907,3.357,15.32,-15.381,178.61,55.563,-19.506
-0.531,0.185,-0.918,7.812,-1.709,-12.207,179.138,55.475,-19.05
-0.585,0.156,-0.999,17.273,-7.568,-15.503,179.945,55.789,-18.633
-0.618,0.089,-1.194,22.583,-16.113,-13.55,-178.819,56.387,-18.062
-0.71,0.05,-1.138,19.653,-33.997,-0.793,-177.797,57.585,-17.847
-0.61,-0.048,-0.903,28.687,-12.39,-4.7,-176.699,58.887,-17.886
-0.372,-0.155,-0.744,35.217,-6.836,-1.77,-175.067,58.975,-17.721
-0.531,-0.28,-0.75,32.532,10.803,5.005,-173.348,58.942,-17.732
-0.346,-0.282,-0.706,22.4,28.015,18.677,-172.403,57.728,-18.474
-0.347,-0.219,-0.666,12.512,13.245,28.076,-172.189,56.755,-19.759
-0.393,-0.207,-0.695,16.296,16.479,24.475,-172.035,56.135,-21.061
-0.376,-0.254,-0.677,10.62,-9.705,25.94,-171.76,55.986,-22.165
-0.64,-0.221,-0.741,2.258,-10.498,29.236,-171.953,56.788,-23.357
-0.591,-0.208,-0.721,-0.183,-2.014,29.541,-172.485,57.178,-24.813
-0.629,-0.162,-0.724,-4.944,4.578,28.32,-173.238,57.354,-26.301
-0.583,-0.115,-0.763,3.357,18.494,26.855,-173.947,57.052,-27.839
-0.419,-0.169,-0.77,4.456,16.357,22.766,-174.243,56.283,-29.213
-0.406,-0.162,-0.833,-1.892,8.118,22.583,-174.617,55.964,-30.328
-0.605,-0.125,-1.015,-1.953,2.319,15.503,-175.161,55.844,-31.251
-0.426,-0.116,-1.034,-6.226,8.118,19.104,-175.583,55.283,-31.915
-0.622,-0.042,-1.159,-10.132,-15.747,17.151,-176.407,55.475,-32.761
-0.657,0.025,-1.145,-16.602,-0.671,0.916,-177.188,55.904,-33.058
-0.406,0.122,-0.91,-25.513,13.916,-17.517,-177.863,55.415,-32.344
-0.365,0.25,-0.794,-34.912,-7.324,-21.79,-178.857,55.042,-31.108
-0.502,0.234,-0.728,-28.992,-3.906,-38.635,-179.736,55.388,-29.454
-0.462,0.21,-0.651,-26.489,7.08,-47.302,-180.0,55.228,-27.048
-0.438,0.205,-0.642,-20.386,10.01,-40.344,179.824,54.926,-24.911
-0.439,0.188,-0.646,-10.498,7.812,-33.569,179.835,54.619,-23.269
-0.492,0.167,-0.687,-3.357,3.662,-25.085,179.989,54.525,-22.148
-0.588,0.11,-0.735,2.38,-0.366,-23.376,-179.599,54.69,-21.281
-0.607,0.093,-0.778,3.54,12.329,-21.301,-179.055,54.646,-20.506
-0.532,0.075,-0.762,5.249,7.629,-19.958,-178.418,54.338,-19.786
-0.501,0.051,-0.784,6.653,7.263,-23.376,-177.693,54.135,-18.984
-0.488,0.005,-0.795,3.723,-1.709,-25.574,-176.814,54.19,-17.897
-0.582,0.042,-0.886,-3.54,-1.038,-19.653,-176.292,54.437,-16.902
-0.447,0.106,-0.86,-1.648,4.639,-13.733,-176.138,54.305,-16.26
-0.577,0.132,-0.999,2.747,-26.367,-2.502,-176.039,54.8,-16.018
-0.807,0.107,-1.197,13.733,-16.968,-5.005,-175.847,55.833,-16.188
-0.912,-0.045,-1.269,18.25,-2.197,-8.606,-174.825,56.508,-15.892
-0.396,-0.02,-0.843,16.663,14.526,5.005,-174.161,56.102,-16.139
-0.243,-0.114,-0.753,32.349,-8.789,-1.404,-173.249,55.789,-16.567
-0.49,-0.303,-0.794,24.597,10.498,-13.855,-171.343,55.865,-15.809
-0.197,-0.254,-0.751,4.883,41.443,0.854,-170.667,54.02,-15.667
-0.104,-0.254,-0.737,-6.409,13.489,-0.061,-170.667,52.531,-15.617
-0.263,-0.178,-0.707,-12.878,-13.245,-5.92,-170.821,52.449,-14.925
-0.453,-0.167,-0.75,-10.803,-17.761,-7.019,-170.887,53.058,-14.046
-0.549,-0.175,-0.795,-9.155,-4.211,-8.667,-170.914,53.416,-13.348
-0.502,-0.194,-0.81,-8.911,5.859,-10.315,-170.892,53.19,-12.761
-0.484,-0.217,-0.821,-10.559,2.441,-10.254,-170.876,52.921,-12.129
-0.534,-0.182,-0.784,-13.428,0.366,-3.601,-171.123,52.949,-11.761
-0.5,-0.139,-0.715,-12.878,1.343,1.282,-171.541,52.932,-11.739
-0.507,-0.109,-0.712,-10.925,3.113,2.319,-172.029,52.965,-11.981
-0.488,-0.143,-0.755,-11.597,4.333,1.404,-172.381,52.916,-12.145
-0.558,-0.147,-0.85,-15.625,-0.305,-1.038,-172.958,53.004,-12.354
-0.503,-0.157,-0.949,-22.522,10.498,-3.052,-173.644,52.817,-12.338
-0.473,-0.113,-0.996,-27.1,-8.545,-13.306,-174.534,52.767,-12.003
-0.691,-0.029,-1.117,-20.325,-27.039,-26.062,-175.023,53.542,-10.805
-0.861,-0.228,-1.205,-23.315,4.7,-38.94,-174.891,54.278,-9.036
-0.565,-0.126,-1.151,-66.162,10.376,-71.655,-175.578,53.69,-5.988
-0.211,0.152,-0.836,-90.393,1.77,-100.037,-177.133,53.108,-1.0
-0.408,0.252,-0.748,-92.407,-39.734,-108.826,-178.802,54.327,4.845
-0.566,0.167,-0.665,-104.37,-15.015,-143.982,179.912,55.805,11.86
-0.535,0.273,-0.599,-108.459,-4.883,-143.25,178.781,56.613,19.88
-0.523,0.321,-0.578,-77.454,10.071,-103.943,177.786,57.041,26.329
-0.486,0.222,-0.625,-46.875,9.827,-62.866,177.028,57.014,30.234
-0.454,0.253,-0.623,-30.09,14.221,-38.33,176.292,56.777,32.371
-0.517,0.106,-0.696,-19.836,-7.751,-52.673,176.429,57.025,34.755
-0.766,0.15,-0.761,-24.475,1.77,-42.236,176.484,57.761,37.035
-0.608,0.14,-0.771,-17.09,19.104,-42.542,176.622,57.524,38.99
-0.58,0.117,-0.764,-11.353,14.648,-27.161,177.072,57.096,40.765
-0.542,0.164,-0.746,0.61,7.874,-16.907,177.231,56.755,41.55
-0.562,0.171,-0.687,7.141,-3.662,-1.465,177.676,56.849,41.847
-0.641,0.209,-0.66,21.484,-8.179,0.244,178.083,57.365,41.369
-0.663,0.25,-0.648,31.372,-17.883,7.507,179.033,58.167,40.721
-0.927,0.236,-0.734,48.096,-13.977,14.282,-179.753,59.348,39.342
-1.002,0.062,-0.803,69.275,14.832,-8.362,-177.061,59.738,38.216
-0.655,-0.096,-0.989,68.359,33.936,-5.371,-173.546,58.563,37.705
-0.214,-0.275,-0.856,55.298,51.208,-17.761,-170.398,56.486,37.513
0.028,-0.333,-0.854,30.151,14.587,-21.118,-168.003,54.569,38.276
-0.373,-0.382,-0.894,0.854,-9.277,-26.245,-166.481,54.448,39.891
-0.377,-0.302,-0.945,-18.86,8.24,-28.748,-166.218,53.751,41.358
-0.276,-0.229,-0.888,-39.612,1.16,-33.813,-166.75,52.91,43.132
-0.326,-0.166,-0.792,-48.157,-20.691,-48.767,-167.657,52.85,45.593
-0.518,-0.151,-0.837,-66.65,-20.081,-59.692,-168.788,53.273,48.829
-0.457,-0.087,-0.834,-79.712,-14.587,-80.078,-170.387,53.459,52.734
-0.455,-0.08,-0.815,-81.909,-19.409,-107.544,-171.7,53.729,58.008
-0.523,-0.121,-0.776,-90.21,-30.029,-130.493,-172.348,54.327,64.935
-0.598,0.027,-0.771,-87.952,-20.203,-111.877,-173.232,55.074,71.955
-0.55,0.004,-0.795,-67.871,-7.446,-91.431,-174.018,55.453,77.915
-0.52,-0.019,-0.869,-56.396,1.16,-83.618,-174.507,55.432,83.265
-0.443,-0.103,-0.909,-48.462,-6.409,-87.585,-174.578,55.311,88.654
-0.423,-0.124,-0.87,-42.358,-18.188,-82.52,-174.243,55.767,94.12
-0.699,-0.172,-1.044,-29.785,-34.363,-82.703,-173.375,56.722,99.333
-0.63,-0.262,-0.908,-25.574,-14.282,-76.477,-171.793,57.448,104.755
-0.681,-0.173,-0.781,-35.645,-23.56,-54.077,-170.909,58.326,109.308
-0.569,0.086,-0.666,-47.18,-35.461,-24.475,-171.826,59.551,112.346
-0.671,0.165,-0.638,-45.776,-47.668,-26.794,-173.199,61.749,115.214
-0.75,0.138,-0.661,-45.715,-42.297,-40.161,-174.106,63.875,119.015
-0.839,0.034,-0.633,-54.688,-6.531,-53.955,-174.869,65.017,123.519
-0.704,0.107,-0.651,-70.923,10.925,-64.148,-175.792,64.589,128.985
-0.697,0.228,-0.658,-68.176,13.428,-48.767,-177.292,64.039,133.995
-0.707,0.299,-0.695,-44.067,9.766,-33.997,-178.885,63.567,137.829
-0.745,0.206,-0.697,-19.653,14.099,-20.386,-179.753,63.171,140.691
-0.66,0.173,-0.688,-5.005,18.25,-8.606,179.72,62.413,142.679
-0.682,0.087,-0.705,2.686,17.273,0.305,179.533,61.71,144.075
-0.59,0.1,-0.675,5.798,17.151,5.859,179.264,60.897,144.987
-0.614,0.077,-0.668,6.897,7.507,10.925,179.061,60.436,145.613
-0.654,0.109,-0.669,2.075,7.507,11.658,178.627,60.205,145.986
-0.715,0.17,-0.704,4.211,13.0,9.766,178.165,59.859,146.453
-0.67,0.26,-0.74,9.399,18.982,17.578,177.687,59.095,146.673
-0.636,0.206,-0.812,28.931,27.771,10.803,178.077,58.019,146.992
-0.717,0.172,-0.945,40.344,16.418,15.015,179.066,56.97,147.145
-0.974,0.0,-1.225,48.584,15.442,8.057,-179.203,56.338,147.404
-0.96,-0.123,-1.34,41.199,40.649,0.488,-177.347,55.19,148.123
-0.263,-0.254,-0.879,30.64,55.542,-2.686,-175.529,52.729,149.172
-0.026,-0.248,-0.831,12.085,30.396,9.033,-174.732,50.62,149.299
-0.166,-0.164,-0.902,-12.451,29.907,10.62,-174.716,49.252,149.073
-0.042,0.028,-0.887,-13.489,28.931,21.729,-175.721,47.483,147.931
-0.026,0.013,-0.758,1.953,1.953,3.235,-176.155,46.313,147.041
-0.209,-0.049,-0.714,6.165,-16.846,-4.028,-175.853,46.423,146.942
-0.342,-0.096,-0.733,5.31,-15.259,-4.883,-175.419,46.934,147.09
-0.458,-0.141,-0.787,4.089,-3.54,-8.362,-174.913,47.28,147.623
-0.422,-0.163,-0.827,1.343,3.784,-10.01,-174.474,47.186,148.464
-0.443,-0.171,-0.807,-0.366,6.47,-12.695,-174.078,47.021,149.557
-0.376,-0.202,-0.82,-6.348,7.751,-13.367,-173.787,46.703,150.82
-0.375,-0.183,-0.812,-10.437,5.371,-15.015,-173.765,46.461,152.128
-0.355,-0.215,-0.845,-11.841,-0.977,-13.184,-173.793,46.445,153.413
-0.399,-0.225,-0.908,-15.991,-0.977,-7.568,-174.023,46.566,154.435
-0.522,-0.191,-0.948,-16.418,-10.498,0.122,-174.518,46.917,154.995
-0.484,-0.181,-1.087,-17.151,18.921,8.667,-175.111,46.747,155.369
-0.315,-0.098,-1.093,-23.193,15.137,17.273,-176.188,45.994,154.973
-0.331,0.008,-1.194,-18.311,-3.418,0.793,-177.231,45.742,154.72
-0.21,0.138,-1.086,-22.949,15.991,-1.038,-178.099,45.434,154.957
-0.0,0.277,-0.96,-32.654,-7.202,8.728,-179.456,44.775,154.847
-0.271,0.361,-0.961,-24.475,-25.757,-2.686,178.726,45.599,154.33
-0.315,0.236,-0.882,-14.404,-2.136,-32.532,177.951,46.038,155.275
-0.229,0.204,-0.792,-13.245,-5.066,-34.485,177.682,46.066,157.181
-0.27,0.199,-0.752,-8.484,-12.573,-29.663,177.451,46.45,158.835
-0.347,0.143,-0.706,0.061,-23.926,-32.715,177.616,47.329,160.527
-0.442,0.097,-0.703,2.075,-21.667,-26.489,178.028,48.494,162.219
-0.509,0.06,-0.717,2.747,-12.695,-23.376,178.495,49.477,163.834
-0.537,0.015,-0.752,1.587,-8.362,-21.24,178.989,50.125,165.542
-0.574,0.042,-0.757,-8.423,2.991,-11.353,179.028,50.455,166.992
-0.549,0.109,-0.76,-9.094,8.484,-6.897,178.704,50.372,168.184
-0.572,0.16,-0.871,-8.301,17.578,0.854,178.226,49.966,169.019
-0.342,0.238,-0.988,-1.221,38.879,-2.869,177.902,48.527,169.816
-0.377,0.242,-1.06,15.259,-9.399,0.916,178.253,47.944,170.338
-0.654,0.187,-1.292,23.621,2.625,5.371,178.813,48.197,170.118
-0.478,0.036,-1.212,27.893,11.108,-6.165,-179.863,47.747,170.645
-0.263,-0.101,-0.916,18.616,5.249,6.47,-178.808,47.45,170.843
-0.161,-0.102,-0.792,15.259,-8.606,11.292,-178.264,47.318,170.403
-0.36,-0.115,-0.816,15.991,1.648,11.169,-177.599,47.587,169.953
-0.179,-0.121,-0.868,18.188,17.639,21.667,-177.001,46.851,169.14
-0.138,-0.136,-0.829,19.104,2.258,23.743,-176.391,46.154,167.849
-0.214,-0.115,-0.81,20.447,-17.639,17.822,-175.721,46.291,166.498
-0.384,-0.175,-0.794,24.353,-20.386,11.047,-174.666,47.12,165.641
-0.462,-0.226,-0.808,16.296,-10.62,13.977,-173.661,47.851,165.092
-0.444,-0.226,-0.784,5.188,-2.93,15.686,-173.227,48.23,164.581
-0.433,-0.172,-0.75,1.953,-8.24,13.489,-173.161,48.62,164.207
-0.495,-0.188,-0.8,-3.113,-2.563,15.076,-173.238,49.043,163.911
-0.513,-0.126,-0.862,-6.897,9.155,20.752,-173.716,49.076,163.46
-0.43,-0.093,-0.873,-0.854,13.855,23.438,-174.249,48.664,162.675
-0.379,-0.074,-0.928,-0.122,10.925,26.123,-174.705,48.268,161.636
-0.343,-0.104,-0.938,3.479,-0.061,17.395,-174.952,48.109,160.664
-0.38,-0.168,-1.021,0.366,-8.911,4.822,-174.924,48.345,160.225
-0.527,-0.21,-0.938,-3.418,-18.677,-6.653,-174.809,49.301,160.433
-0.536,-0.201,-1.043,-14.648,-1.587,2.258,-174.935,49.614,160.796
-0.52,-0.073,-1.058,-20.142,-4.761,1.77,-175.699,49.785,160.719
-0.528,0.021,-1.039,-19.714,1.343,-11.23,-176.375,50.054,161.202
-0.232,0.095,-0.898,-27.466,17.944,-12.268,-177.111,49.46,162.076
-0.289,0.264,-0.861,-37.476,-4.7,7.446,-178.704,49.021,162.224
-0.384,0.375,-0.91,-23.621,6.287,2.014,179.297,48.944,161.68
-0.251,0.294,-0.805,-6.714,-2.319,-15.625,178.533,48.62,162.164
-0.379,0.19,-0.723,3.357,-21.301,-18.677,178.5,49.208,162.999
-0.499,0.119,-0.68,4.761,-14.343,-14.465,178.753,50.147,163.85
-0.43,0.09,-0.662,4.272,-7.263,-15.381,179.028,50.614,164.795
-0.54,0.063,-0.751,2.747,-6.47,-17.7,179.39,51.185,165.992
-0.505,0.085,-0.762,0.183,4.944,-11.719,179.637,51.301,167.151
-0.476,0.124,-0.774,5.554,-3.113,-7.568,179.819,51.4,168.003
-0.504,0.165,-0.817,6.592,-6.897,-0.854,-179.995,51.872,168.497
-0.558,0.153,-0.889,12.024,-2.258,2.197,-179.725,52.207,168.728
-0.581,0.167,-0.906,12.329,-9.888,15.625,-179.654,52.625,168.36
-0.604,0.089,-1.031,30.945,-7.812,12.573,-179.149,52.822,167.772
-0.832,-0.089,-1.114,45.532,-7.263,11.902,-177.748,53.531,167.294
-0.496,-0.218,-0.927,30.579,26.855,25.208,-176.259,52.987,166.668
-0.225,-0.161,-0.827,29.358,18.25,28.564,-175.666,51.828,165.223
-0.313,-0.262,-0.805,28.198,8.667,14.404,-174.49,51.317,164.114
-0.284,-0.258,-0.816,19.165,20.264,16.418,-173.54,50.543,163.01
-0.207,-0.224,-0.785,18.494,10.376,22.034,-172.809,49.576,161.587
-0.344,-0.236,-0.78,16.846,4.944,31.433,-172.288,49.208,159.565
-0.373,-0.229,-0.789,14.771,9.033,32.043,-171.969,48.829,157.297
-0.432,-0.191,-0.776,19.226,4.822,30.762,-171.59,48.587,155.198
-0.413,-0.232,-0.741,16.113,-6.592,32.227,-171.046,48.752,153.248
-0.538,-0.199,-0.789,11.536,-6.226,32.532,-170.848,49.449,151.331
-0.499,-0.163,-0.791,8.423,1.465,30.518,-170.87,49.79,149.612
-0.454,-0.154,-0.816,5.859,7.935,22.766,-170.953,49.796,148.151
-0.421,-0.235,-0.881,4.395,-1.648,14.954,-170.865,49.883,147.129
-0.426,-0.21,-0.911,-3.723,9.766,11.047,-171.161,49.834,146.069
-0.394,-0.325,-0.913,-7.751,-15.564,-6.226,-171.107,49.834,145.668
-0.628,-0.217,-1.012,-24.414,-26.184,-11.169,-171.414,50.933,145.805
-0.581,-0.103,-1.01,-22.4,-13.428,-13.489,-172.112,51.795,146.157
-0.556,-0.043,-0.991,-21.118,-3.113,-22.888,-172.502,52.273,147.129
-0.367,-0.002,-0.917,-22.644,12.39,-24.902,-172.782,51.894,148.464
-0.351,0.108,-0.887,-28.442,1.16,-12.268,-173.721,51.405,149.288
-0.367,0.081,-0.912,-21.545,0.122,-18.25,-174.6,51.295,150.057
-0.337,0.132,-0.815,-23.315,-5.676,-15.808,-175.507,51.284,150.875
-0.413,0.119,-0.751,-16.357,-10.559,-19.409,-176.204,51.603,151.848
-0.375,0.131,-0.688,-13.306,-2.258,-14.404,-176.754,51.817,152.82
-0.404,0.102,-0.678,-9.644,-18.372,-11.597,-177.188,52.344,153.622
-0.564,0.085,-0.698,-7.874,-13.0,-13.916,-177.534,53.223,154.468
-0.561,0.083,-0.695,-8.179,-3.479,-17.029,-177.715,53.613,155.715
-0.62,0.064,-0.78,-5.859,1.099,-21.667,-177.731,53.839,157.264
-0.575,0.061,-0.802,-6.836,8.179,-20.142,-177.66,53.773,158.994
-0.539,0.105,-0.833,-6.287,7.874,-10.376,-177.797,53.509,160.263
-0.547,0.137,-0.871,-0.366,10.498,-9.705,-177.885,53.289,161.175
-0.521,0.123,-1.014,6.348,21.057,-9.338,-177.61,52.504,162.065
-0.612,0.097,-1.066,13.489,2.075,-11.414,-177.116,52.333,162.762
-0.725,-0.012,-1.135,21.606,5.31,-20.02,-175.979,52.213,163.911
-0.598,-0.081,-1.026,16.663,14.771,-6.836,-174.82,51.768,164.943
-0.316,-0.161,-0.848,20.325,30.334,-4.211,-173.952,50.746,165.35
-0.122,-0.267,-0.736,19.592,21.301,-13.367,-172.749,49.356,165.767
-0.22,-0.269,-0.751,3.052,12.085,-9.827,-171.749,48.488,166.212
-0.228,-0.188,-0.788,0.366,14.099,3.235,-171.508,47.609,165.877
-0.272,-0.167,-0.795,-0.122,3.357,6.165,-171.453,47.054,165.053
-0.366,-0.158,-0.795,3.601,-2.991,-1.648,-171.211,46.961,164.608
-0.449,-0.184,-0.823,2.808,0.427,-5.371,-170.771,47.01,164.702
-0.438,-0.179,-0.819,0.61,9.766,-8.301,-170.425,46.708,165.081
-0.39,-0.2,-0.841,-1.648,11.78,-13.733,-170.101,46.148,165.762
-0.367,-0.187,-0.867,-7.385,11.536,-12.146,-169.98,45.582,166.547
-0.327,-0.172,-0.891,-5.798,9.277,-10.254,-170.03,45.088,167.097
-0.243,-0.208,-0.825,-5.432,9.277,-10.925,-169.948,44.654,167.651
-0.415,-0.203,-0.985,-3.601,-0.854,-17.09,-169.931,44.484,168.157
-0.303,-0.217,-1.025,-6.165,0.61,-20.142,-169.689,44.022,169.085
-0.409,-0.193,-1.064,-7.874,-4.211,-23.315,-169.552,44.0,170.057
-0.418,-0.092,-1.074,-12.939,7.141,-28.809,-169.475,43.846,171.409
-0.134,0.088,-0.92,-11.169,16.663,-40.833,-169.607,42.841,173.007
-0.198,0.004,-0.88,0.671,-15.564,-52.368,-169.14,42.413,175.375
-0.376,-0.061,-0.864,-3.601,-9.033,-39.551,-168.651,42.786,177.649
-0.327,-0.08,-0.89,-4.578,9.583,-30.396,-168.459,42.418,179.368
-0.248,-0.092,-0.873,-3.601,8.179,-22.766,-168.437,41.754,-179.363
-0.271,-0.109,-0.869,-4.944,-0.427,-16.907,-168.475,41.424,-178.418
-0.311,-0.106,-0.855,-6.165,-1.77,-13.0,-168.624,41.418,-177.632
-0.34,-0.107,-0.859,-6.042,2.197,-12.573,-168.843,41.375,-176.924
-0.294,-0.1,-0.845,-7.324,5.798,-6.897,-169.096,41.127,-176.292
-0.296,-0.107,-0.889,-4.456,4.028,-3.662,-169.36,40.957,-175.88
-0.248,-0.08,-0.875,-4.822,-4.028,4.272,-169.689,40.995,-175.831
-0.324,-0.022,-0.945,-7.568,-9.888,17.883,-170.239,41.578,-176.303
-0.215,-0.002,-0.876,2.502,-6.775,26.794,-170.766,42.078,-177.446
-0.403,-0.022,-0.887,12.756,-36.133,30.396,-170.986,43.434,-178.978
-0.612,-0.031,-1.086,16.479,-11.475,23.804,-170.931,44.813,179.692
-0.54,-0.123,-1.09,22.4,-3.479,11.963,-170.283,45.313,179.154
-0.565,-0.156,-1.07,19.165,6.409,13.123,-169.623,45.604,178.764
-0.214,-0.183,-0.872,21.545,28.32,11.475,-169.008,44.819,178.237
-0.047,-0.276,-0.863,24.353,21.79,-0.854,-167.992,43.649,177.764
-0.061,-0.312,-0.86,11.597,14.954,-4.578,-167.053,42.534,177.418
-0.1,-0.297,-0.85,2.136,-2.808,-2.258,-166.564,41.99,176.913
-0.221,-0.234,-0.817,-1.831,-7.568,1.77,-166.47,42.034,176.221
-0.289,-0.236,-0.818,0.244,-2.686,-1.038,-166.371,42.105,175.682
-0.279,-0.24,-0.817,0.0,0.0,1.465,-166.223,41.995,175.336
-0.296,-0.252,-0.838,0.732,2.014,2.014,-166.069,41.891,175.029
-0.315,-0.229,-0.846,1.282,0.732,4.7,-165.987,41.863,174.694
-0.337,-0.265,-0.862,1.526,-0.427,1.77,-165.784,41.929,174.551
-0.367,-0.272,-0.862,1.099,5.005,0.366,-165.608,41.874,174.611
-0.285,-0.275,-0.857,-0.366,8.667,0.916,-165.504,41.572,174.644
-0.307,-0.293,-0.862,-4.333,6.104,2.991,-165.504,41.369,174.589
-0.301,-0.27,-1.026,-8.118,5.249,3.723,-165.729,41.034,174.331
-0.176,-0.289,-0.968,-9.766,17.09,4.517,-165.921,40.6,174.249
-0.231,-0.209,-0.973,-8.789,-11.78,12.207,-166.437,40.545,173.441
-0.391,-0.248,-1.017,-3.174,-8.606,2.319,-166.668,41.111,172.925
-0.466,-0.234,-1.108,-8.667,3.174,-1.953,-166.849,41.314,172.881
-0.253,-0.197,-1.072,-15.93,13.733,-9.766,-167.206,40.776,173.254
-0.154,-0.029,-0.935,-23.376,-4.089,-6.287,-168.074,40.479,173.524
-0.302,0.062,-0.886,-18.921,-13.184,-8.423,-169.091,40.88,173.727
-0.312,0.083,-0.948,-7.629,6.226,-10.681,-169.794,40.974,174.1
-0.269,-0.033,-0.933,0.183,11.353,-13.245,-169.904,40.452,174.644
-0.165,-0.023,-0.859,0.61,1.77,-6.104,-170.013,40.007,174.913
-0.307,-0.062,-0.853,0.305,-6.531,-3.479,-170.013,40.276,175.1
-0.276,-0.026,-0.844,1.953,3.235,-0.305,-170.178,40.292,175.056
-0.254,-0.081,-0.878,5.432,4.028,-8.118,-170.008,40.078,175.314
-0.25,-0.113,-0.879,5.737,0.977,-9.521,-169.722,39.935,175.748
-0.261,-0.118,-0.874,1.465,-4.944,-9.46,-169.519,40.023,176.21
-0.335,-0.116,-0.892,1.465,-9.033,-10.498,-169.343,40.353,176.77
-0.385,-0.119,-0.904,1.282,-7.263,-11.047,-169.173,40.781,177.462
-0.4,-0.167,-0.935,-0.61,-1.709,-12.207,-168.964,41.045,178.297
-0.278,-0.131,-0.921,-3.723,7.324,-4.395,-168.981,40.93,179.006
-0.304,-0.082,-0.905,0.061,0.183,7.69,-169.217,41.056,178.989
-0.285,-0.125,-0.962,8.179,-1.038,2.563,-169.107,41.116,178.797
-0.328,-0.14,-0.95,9.766,-3.296,7.996,-168.777,41.347,178.632
-0.387,-0.179,-0.993,10.437,-2.686,6.958,-168.415,41.622,178.303
-0.414,-0.21,-1.042,9.949,7.751,5.249,-168.014,41.638,178.154
-0.342,-0.235,-1.068,3.967,10.315,10.071,-167.789,41.303,177.841
-0.141,-0.237,-0.921,2.625,13.977,9.399,-167.789,40.781,177.281
-0.157,-0.281,-0.857,-2.38,-6.714,8.728,-167.855,40.743,176.517
-0.178,-0.22,-0.911,-13.733,20.996,13.733,-168.354,40.342,175.622
0.005,-0.12,-0.889,-11.658,12.39,24.414,-169.233,39.391,173.881
-0.079,-0.095,-0.879,-4.333,-9.705,17.944,-169.816,39.375,172.123
-0.21,-0.139,-0.835,4.883,-20.264,3.357,-169.849,40.018,171.052
-0.318,-0.172,-0.853,-0.488,-7.751,-2.808,-169.645,40.556,170.755
-0.253,-0.183,-0.839,3.54,-5.981,-6.653,-169.409,40.677,170.739
-0.301,-0.171,-0.861,0.61,-5.005,-2.686,-169.135,40.908,170.876
-0.281,-0.155,-0.855,5.005,-4.028,4.822,-168.948,41.122,170.711
-0.333,-0.204,-0.872,7.202,-7.996,-3.296,-168.569,41.429,170.596
-0.318,-0.255,-0.844,3.906,-6.653,-12.024,-168.036,41.808,171.118
-0.345,-0.261,-0.875,-3.174,-6.714,-14.648,-167.673,42.072,171.936
-0.372,-0.206,-1.013,-6.897,-2.014,-9.277,-167.58,42.122,172.678
-0.294,-0.201,-0.982,-4.211,5.859,-4.822,-167.52,42.067,173.238
-0.353,-0.163,-1.017,-0.916,-6.592,-1.526,-167.552,42.182,173.381
-0.315,-0.217,-0.971,0.854,-2.869,-7.874,-167.36,42.336,173.71
-0.38,-0.196,-1.006,-3.906,-2.38,-6.531,-167.311,42.528,174.133
-0.365,-0.204,-1.055,-3.845,-0.427,-11.353,-167.316,42.49,174.661
-0.391,-0.152,-1.067,-14.099,8.667,-5.859,-167.613,42.352,175.237
-0.171,-0.072,-0.972,-9.46,7.08,-6.958,-168.184,41.803,175.468
-0.25,-0.088,-0.992,-12.695,-0.305,-7.568,-168.635,41.721,175.787
-0.152,-0.065,-0.946,-15.198,2.075,-9.216,-169.305,41.402,175.968
-0.2,0.013,-0.924,-16.663,-11.475,-1.709,-170.173,41.55,175.935
-0.227,0.032,-0.841,-10.559,-7.568,3.784,-170.936,41.929,175.638
-0.259,-0.015,-0.829,-0.549,-14.832,-7.202,-171.282,42.418,175.501
-0.292,-0.034,-0.815,-2.319,-8.179,-7.019,-171.376,42.885,175.809
-0.325,-0.081,-0.82,-1.526,-13.794,-8.728,-171.392,43.319,176.16
-0.396,-0.024,-0.824,-6.714,-9.766,-1.221,-171.645,43.912,176.435
-0.443,-0.046,-0.868,-0.122,-3.235,-3.967,-171.821,44.302,176.748
-0.367,-0.052,-0.841,0.0,4.578,-3.601,-171.865,44.308,177.188
-0.373,-0.079,-0.878,0.183,0.671,-3.418,-171.87,44.264,177.605
-0.33,-0.055,-0.86,-1.404,-0.183,4.883,-171.985,44.313,177.792
-0.425,-0.006,-0.964,0.061,-0.244,12.512,-172.26,44.467,177.473
-0.313,-0.013,-0.903,8.423,-2.014,11.902,-172.31,44.561,176.99
-0.474,-0.056,-0.954,10.132,-13.245,5.127,-172.051,45.181,176.726
-0.436,-0.094,-0.901,14.038,0.732,1.587,-171.568,45.533,176.847
-0.387,-0.121,-0.903,10.498,0.549,11.292,-171.129,45.588,176.743
-0.39,-0.085,-0.878,9.155,-1.953,23.865,-171.063,45.857,175.935
-0.399,-0.054,-0.877,15.32,0.061,28.87,-171.024,46.137,174.677
-0.347,-0.093,-0.852,19.287,0.061,27.344,-170.755,46.329,173.342
-0.371,-0.121,-0.867,14.404,-3.784,22.888,-170.447,46.631,172.145
-0.389,-0.114,-0.891,13.428,4.333,23.682,-170.239,46.857,171.057
-0.314,-0.114,-0.896,17.212,-1.16,25.146,-170.046,46.846,169.711
-0.385,-0.152,-0.902,16.479,-3.845,21.606,-169.667,47.164,168.42
-0.371,-0.158,-0.873,15.747,-2.319,18.799,-169.305,47.411,167.245
-0.391,-0.226,-0.892,15.747,-3.174,9.216,-168.75,47.631,166.366
-0.353,-0.245,-0.867,9.155,0.305,8.423,-168.228,47.714,165.767
-0.366,-0.268,-0.884,5.859,-1.526,1.038,-167.844,47.708,165.262
-0.404,-0.247,-0.895,2.136,0.854,-0.549,-167.525,47.714,165.015
-0.376,-0.249,-0.848,0.732,-4.211,-1.831,-167.25,47.714,164.91
-0.485,-0.225,-0.864,-2.197,-0.732,3.296,-167.173,47.922,164.734
-0.356,-0.199,-0.832,0.427,9.644,0.916,-167.151,47.609,164.542
-0.381,-0.23,-0.834,0.916,-1.709,-2.197,-166.97,47.538,164.471
-0.387,-0.241,-0.842,-1.099,1.282,-11.963,-166.718,47.461,164.811
-0.379,-0.268,-0.838,-3.784,-4.211,-13.977,-166.388,47.395,165.515
-0.401,-0.262,-0.874,-8.057,3.174,-10.681,-166.278,47.368,166.124
-0.311,-0.22,-0.867,-9.033,-1.587,-3.296,-166.448,47.192,166.322
-0.467,-0.204,-0.954,-5.859,-13.245,-1.16,-166.635,47.604,166.322
-0.475,-0.237,-0.896,-4.761,-13.733,-7.324,-166.608,48.164,166.679
-0.494,-0.174,-0.848,-12.573,-13.794,3.113,-166.816,48.911,167.184
-0.501,-0.098,-0.865,-8.118,-12.756,10.925,-167.399,49.658,167.135
-0.51,-0.083,-0.879,0.671,-2.136,8.24,-167.838,50.268,166.915
-0.447,-0.146,-0.854,0.916,-3.479,4.822,-167.899,50.477,166.86
-0.455,-0.112,-0.868,-5.127,2.502,9.094,-168.151,50.674,166.772
-0.367,-0.022,-0.842,-0.305,8.85,17.639,-168.783,50.477,166.058
