-0.173,-0.12,-0.953,1.038,-1.099,-3.418,-170.376,33.986,140.427
-0.172,-0.127,-0.95,0.549,0.61,-3.662,-170.31,33.97,140.488
-0.171,-0.139,-0.95,-0.244,1.099,-4.272,-170.255,33.92,140.592
-0.166,-0.12,-0.955,-1.587,2.441,-1.892,-170.299,33.832,140.598
-0.145,-0.112,-0.949,-0.305,1.892,-1.77,-170.327,33.712,140.565
-0.156,-0.114,-0.962,0.488,1.709,0.488,-170.31,33.64,140.477
-0.143,-0.117,-0.957,1.404,0.977,1.16,-170.266,33.563,140.317
-0.148,-0.122,-0.96,1.709,0.061,0.732,-170.2,33.552,140.175
-0.149,-0.132,-0.954,1.709,-1.343,-0.732,-170.112,33.569,140.087
-0.162,-0.124,-0.956,1.221,-1.282,0.244,-170.046,33.629,139.988
-0.165,-0.135,-0.952,1.221,-0.854,2.808,-169.975,33.695,139.812
-0.155,-0.136,-0.95,-0.061,0.732,0.732,-169.969,33.712,139.581
-0.162,-0.11,-0.959,-0.916,-0.183,3.235,-170.024,33.717,139.378
-0.144,-0.105,-0.952,0.977,0.977,2.808,-170.057,33.69,139.092
-0.158,-0.119,-0.958,2.38,-0.671,1.648,-169.991,33.706,138.906
-0.148,-0.135,-0.95,2.014,0.854,0.366,-169.893,33.695,138.785
-0.155,-0.125,-0.956,1.221,0.305,2.441,-169.838,33.684,138.593
-0.147,-0.127,-0.954,2.563,-0.061,2.38,-169.772,33.679,138.34
-0.16,-0.145,-0.954,1.892,-0.854,0.366,-169.667,33.717,138.137
-0.15,-0.138,-0.954,1.099,0.244,1.282,-169.607,33.712,137.966
-0.153,-0.145,-0.956,1.709,-0.671,1.282,-169.536,33.734,137.78
-0.165,-0.145,-0.956,0.183,-1.282,3.235,-169.508,33.805,137.505
-0.15,-0.145,-0.947,0.427,-0.854,2.93,-169.497,33.838,137.23
-0.177,-0.15,-0.958,-0.61,-0.305,1.77,-169.503,33.909,136.983
-0.149,-0.143,-0.949,-0.916,1.099,1.038,-169.541,33.86,136.796
-0.158,-0.145,-0.949,-0.977,0.488,1.77,-169.585,33.849,136.593
-0.159,-0.132,-0.948,-1.404,0.732,1.77,-169.645,33.821,136.39
-0.158,-0.132,-0.956,-1.526,3.052,1.831,-169.711,33.745,136.181
-0.134,-0.127,-0.958,-0.305,2.808,1.77,-169.766,33.596,135.972
-0.136,-0.138,-0.959,-0.427,0.671,2.441,-169.783,33.525,135.786
-0.145,-0.124,-0.955,-0.671,-1.038,3.174,-169.838,33.541,135.56
-0.156,-0.128,-0.95,-1.038,-0.916,1.709,-169.882,33.591,135.363
-0.166,-0.122,-0.952,-0.305,-0.244,0.732,-169.926,33.618,135.198
-0.16,-0.133,-0.956,0.488,0.916,0.916,-169.915,33.596,135.093
-0.154,-0.136,-0.955,0.244,-0.122,1.343,-169.909,33.585,134.929
-0.169,-0.136,-0.956,-1.465,0.0,3.113,-169.942,33.629,134.753
-0.158,-0.119,-0.95,-0.488,-1.831,1.831,-170.008,33.679,134.555
-0.18,-0.118,-0.955,-0.244,0.244,2.625,-170.041,33.75,134.352
-0.162,-0.128,-0.948,-0.305,0.793,0.427,-170.052,33.739,134.203
-0.177,-0.116,-0.956,-1.526,0.244,2.319,-170.118,33.772,134.055
-0.145,-0.106,-0.953,-0.366,1.587,2.502,-170.184,33.723,133.885
-0.14,-0.108,-0.961,0.793,-0.244,2.014,-170.206,33.706,133.704
-0.154,-0.125,-0.958,0.549,-1.648,1.709,-170.178,33.783,133.599
-0.153,-0.122,-0.954,0.183,0.0,-0.916,-170.178,33.816,133.533
-0.145,-0.126,-0.951,-0.305,-1.099,0.244,-170.184,33.821,133.528
-0.173,-0.122,-0.953,-1.038,-0.244,0.916,-170.217,33.865,133.456
-0.154,-0.116,-0.949,-0.183,0.854,0.732,-170.261,33.838,133.347
-0.153,-0.137,-0.955,-1.526,0.549,-1.16,-170.283,33.81,133.27
-0.157,-0.116,-0.96,-4.028,0.366,-1.038,-170.42,33.783,133.248
-0.146,-0.097,-0.95,-3.54,-0.488,-3.235,-170.59,33.745,133.297
-0.16,-0.102,-0.958,-0.977,-0.305,-4.639,-170.678,33.745,133.462
-0.153,-0.108,-0.958,-0.977,-0.061,-3.54,-170.684,33.717,133.676
-0.154,-0.113,-0.957,0.793,-0.671,-3.662,-170.667,33.706,133.808
-0.16,-0.115,-0.96,-0.732,-0.122,-4.211,-170.645,33.701,133.989
-0.16,-0.121,-0.954,-0.916,-0.977,-5.859,-170.634,33.695,134.231
-0.163,-0.092,-0.959,-0.671,-0.916,-6.042,-170.656,33.701,134.533
-0.152,-0.114,-0.952,2.625,-1.709,-3.967,-170.541,33.739,134.786
-0.174,-0.132,-0.947,2.197,-2.686,-4.211,-170.392,33.86,134.989
-0.179,-0.124,-0.949,0.122,-0.977,-3.479,-170.321,33.931,135.198
-0.181,-0.126,-0.951,0.916,0.549,-1.587,-170.272,33.942,135.346
-0.161,-0.126,-0.954,0.244,2.747,0.549,-170.239,33.882,135.39
-0.149,-0.122,-0.956,-0.122,1.892,1.16,-170.233,33.777,135.357
-0.158,-0.104,-0.958,1.038,1.282,0.977,-170.239,33.723,135.308
-0.139,-0.105,-0.962,1.465,1.953,1.16,-170.189,33.64,135.264
-0.151,-0.119,-0.957,3.113,-2.136,-4.089,-170.079,33.635,135.33
-0.167,-0.139,-0.945,0.854,-2.014,-5.249,-169.937,33.69,135.582
-0.173,-0.135,-0.944,0.732,0.488,-4.089,-169.865,33.706,135.807
-0.171,-0.125,-0.947,0.549,1.953,-0.61,-169.827,33.651,135.884
-0.153,-0.127,-0.959,1.343,3.54,-1.16,-169.772,33.503,135.895
-0.136,-0.131,-0.967,1.526,1.953,-1.282,-169.7,33.365,135.923
-0.145,-0.149,-0.956,1.16,-1.16,-1.648,-169.612,33.354,135.983
-0.164,-0.14,-0.945,-0.244,-0.671,0.061,-169.59,33.398,135.989
-0.168,-0.136,-0.947,0.244,0.244,-0.061,-169.585,33.409,135.972
-0.168,-0.142,-0.953,0.488,2.93,0.671,-169.557,33.338,135.939
-0.139,-0.141,-0.958,-1.099,1.831,0.61,-169.568,33.217,135.906
-0.133,-0.13,-0.952,-0.549,0.305,-0.183,-169.612,33.168,135.857
-0.147,-0.128,-0.959,-0.366,1.648,0.732,-169.634,33.146,135.802
-0.138,-0.138,-0.96,-0.183,-0.183,0.0,-169.64,33.096,135.775
-0.146,-0.147,-0.959,-0.916,-0.122,-0.61,-169.651,33.102,135.769
-0.142,-0.135,-0.949,-1.404,-1.465,0.305,-169.711,33.118,135.736
-0.154,-0.127,-0.956,-0.427,0.0,3.296,-169.755,33.173,135.621
-0.147,-0.128,-0.954,0.732,-0.671,4.456,-169.777,33.206,135.39
-0.163,-0.139,-0.956,-0.61,-0.549,3.906,-169.783,33.283,135.187
-0.151,-0.122,-0.951,-2.014,0.305,2.441,-169.871,33.3,135.033
-0.145,-0.11,-0.958,-0.671,1.648,3.479,-169.964,33.267,134.879
-0.139,-0.114,-0.957,1.343,-0.854,1.77,-169.958,33.261,134.769
-0.161,-0.139,-0.96,0.366,-0.122,1.648,-169.92,33.316,134.676
-0.132,-0.118,-0.957,-0.488,0.427,1.16,-169.964,33.283,134.561
-0.153,-0.124,-0.954,0.854,-2.625,0.122,-169.953,33.36,134.506
-0.165,-0.133,-0.953,-0.488,-0.366,0.061,-169.942,33.437,134.522
-0.146,-0.121,-0.957,-0.488,0.183,-0.671,-169.975,33.415,134.544
-0.166,-0.131,-0.956,-0.183,-0.305,0.732,-169.975,33.448,134.539
-0.159,-0.125,-0.95,-0.549,0.122,0.793,-170.013,33.453,134.478
-0.15,-0.112,-0.958,-1.587,1.831,1.953,-170.079,33.409,134.396
-0.137,-0.117,-0.957,1.038,-0.244,0.244,-170.101,33.365,134.324
-0.167,-0.13,-0.959,-0.732,-0.305,2.258,-170.096,33.415,134.242
-0.141,-0.116,-0.955,0.122,-0.488,1.16,-170.134,33.415,134.165
-0.153,-0.129,-0.953,-0.366,-0.488,1.465,-170.145,33.459,134.105
-0.155,-0.116,-0.958,-1.465,0.427,1.221,-170.211,33.47,134.044
-0.149,-0.117,-0.959,-0.305,-1.099,1.709,-170.261,33.486,133.989
-0.146,-0.129,-0.956,0.244,-0.977,0.427,-170.266,33.536,133.984
-0.165,-0.113,-0.954,-1.099,-0.977,2.808,-170.332,33.618,133.863
-0.156,-0.109,-0.953,-0.244,-0.549,2.93,-170.365,33.657,133.709
-0.16,-0.115,-0.957,0.916,-0.244,1.587,-170.37,33.69,133.555
-0.153,-0.125,-0.956,-0.427,-0.61,1.465,-170.376,33.712,133.489
-0.172,-0.113,-0.954,-0.305,-0.61,2.808,-170.409,33.772,133.412
-0.147,-0.129,-0.953,1.099,-0.061,3.052,-170.392,33.783,133.286
-0.167,-0.132,-0.958,-0.305,-0.854,3.906,-170.409,33.854,133.083
-0.159,-0.123,-0.958,-2.075,-0.793,3.967,-170.486,33.909,132.863
-0.153,-0.115,-0.948,0.0,-1.099,5.859,-170.552,33.97,132.616
-0.165,-0.108,-0.955,0.427,0.0,6.47,-170.612,34.052,132.248
-0.159,-0.115,-0.954,-0.671,-1.77,3.601,-170.656,34.107,131.979
-0.178,-0.105,-0.956,-1.526,-1.221,0.793,-170.733,34.206,131.88
-0.183,-0.111,-0.947,0.427,-1.343,0.488,-170.76,34.266,131.885
-0.185,-0.112,-0.947,0.183,0.61,0.427,-170.76,34.305,131.841
-0.183,-0.125,-0.939,-0.854,0.0,3.296,-170.766,34.316,131.759
-0.186,-0.112,-0.938,-2.563,1.709,0.977,-170.865,34.316,131.605
-0.187,-0.081,-0.954,-2.686,4.15,0.244,-171.019,34.206,131.583
-0.145,-0.09,-0.955,0.244,4.578,0.427,-171.068,33.992,131.611
-0.163,-0.101,-0.961,1.16,1.77,1.038,-171.063,33.904,131.528
-0.16,-0.103,-0.952,0.427,1.77,1.038,-171.046,33.827,131.468
-0.161,-0.106,-0.956,0.793,3.174,0.061,-171.035,33.717,131.418
-0.143,-0.105,-0.961,0.549,3.418,0.793,-171.019,33.558,131.375
-0.138,-0.111,-0.967,0.183,2.014,-0.793,-171.008,33.426,131.32
-0.136,-0.112,-0.962,0.244,0.305,-1.709,-170.98,33.354,131.364
-0.147,-0.111,-0.955,-1.038,0.427,-2.197,-171.002,33.327,131.369
-0.155,-0.102,-0.959,-1.465,0.916,-1.77,-171.057,33.272,131.424
-0.157,-0.111,-0.949,-2.38,-0.061,-2.991,-171.107,33.228,131.55
-0.156,-0.1,-0.958,-2.38,3.601,-3.601,-171.211,33.14,131.677
-0.136,-0.098,-0.959,-1.648,1.892,-2.197,-171.288,32.981,131.808
-0.136,-0.098,-0.965,-1.099,1.526,-2.136,-171.354,32.893,131.863
-0.137,-0.097,-0.967,-1.038,1.282,0.732,-171.403,32.827,131.885
-0.125,-0.099,-0.962,-0.305,-0.549,-0.488,-171.436,32.789,131.852
-0.139,-0.096,-0.961,0.305,-0.977,-0.366,-171.447,32.822,131.869
-0.151,-0.096,-0.959,-0.916,-0.183,1.282,-171.475,32.86,131.814
-0.144,-0.101,-0.957,1.099,-0.671,0.488,-171.464,32.86,131.803
-0.15,-0.099,-0.959,-0.793,0.122,1.648,-171.486,32.882,131.732
-0.13,-0.09,-0.959,0.0,0.549,-0.488,-171.513,32.849,131.721
-0.146,-0.101,-0.961,0.366,-0.61,1.465,-171.502,32.877,131.655
-0.13,-0.105,-0.959,0.732,-0.977,0.122,-171.48,32.888,131.605
-0.147,-0.094,-0.962,-0.244,-0.122,2.502,-171.502,32.937,131.479
-0.139,-0.094,-0.959,0.854,-1.892,1.16,-171.491,32.986,131.38
-0.145,-0.104,-0.959,0.427,-0.549,2.258,-171.469,33.052,131.27
-0.151,-0.094,-0.957,0.549,-2.136,1.099,-171.469,33.118,131.16
-0.162,-0.113,-0.957,0.549,-0.732,-0.793,-171.442,33.206,131.127
-0.162,-0.102,-0.955,-2.197,1.404,1.221,-171.475,33.201,131.116
-0.121,-0.086,-0.961,0.366,2.136,3.906,-171.535,33.096,130.968
-0.147,-0.099,-0.966,1.038,-1.77,2.441,-171.53,33.124,130.754
-0.148,-0.117,-0.963,-1.404,-0.793,-1.099,-171.524,33.179,130.726
-0.138,-0.089,-0.955,-1.099,-1.221,1.099,-171.601,33.201,130.732
-0.166,-0.09,-0.958,0.183,-1.343,5.127,-171.639,33.311,130.545
-0.145,-0.098,-0.955,0.977,-1.282,3.845,-171.639,33.365,130.32
-0.174,-0.104,-0.956,0.0,-1.77,2.686,-171.639,33.481,130.188
-0.163,-0.095,-0.95,-0.305,0.488,0.61,-171.672,33.514,130.117
-0.172,-0.091,-0.958,-0.549,0.977,4.517,-171.716,33.525,129.974
-0.144,-0.087,-0.953,1.221,2.319,2.563,-171.727,33.437,129.836
-0.156,-0.094,-0.962,0.671,0.732,2.808,-171.716,33.409,129.699
-0.147,-0.092,-0.961,-0.061,0.549,0.549,-171.716,33.365,129.633
-0.15,-0.094,-0.957,1.526,0.122,-1.343,-171.683,33.349,129.661
-0.173,-0.108,-0.949,0.061,-0.977,-1.526,-171.634,33.404,129.732
-0.169,-0.105,-0.958,-1.77,2.502,-1.587,-171.645,33.371,129.82
-0.132,-0.077,-0.96,0.183,2.014,-1.587,-171.7,33.239,129.847
-0.146,-0.11,-0.963,-0.305,0.549,-2.136,-171.656,33.195,129.93
-0.14,-0.1,-0.961,-1.465,0.244,-2.136,-171.689,33.157,130.012
-0.139,-0.083,-0.95,-0.488,-2.136,-2.38,-171.738,33.173,130.117
-0.174,-0.095,-0.958,-0.244,-0.244,-1.221,-171.738,33.267,130.172
-0.148,-0.095,-0.955,-1.343,0.244,-2.502,-171.755,33.234,130.254
-0.159,-0.09,-0.958,-0.305,0.671,-2.808,-171.782,33.212,130.364
-0.149,-0.091,-0.955,-0.244,0.61,-2.869,-171.788,136.873,-4.598
-0.436,0.004,-0.938,-2.93,-8.667,-29.053,-176.364,48.763,-39.391
-0.436,-0.043,-0.932,-7.08,-4.456,-21.851,-176.083,49.147,-38.469
-0.297,-0.104,-0.87,-2.319,-7.385,-22.644,-175.886,49.323,-37.749
-0.546,-0.197,-0.94,-4.15,-17.151,-24.414,-175.369,50.026,-36.711
-0.512,-0.164,-0.919,-11.414,6.958,-9.949,-175.215,50.202,-36.019
-0.365,-0.113,-0.865,-12.024,6.958,-0.977,-175.573,49.79,-36.09
-0.379,-0.062,-0.836,-13.245,-0.671,2.563,-176.061,49.669,-36.409
-0.443,-0.03,-0.849,-9.827,1.038,-0.183,-176.517,49.691,-36.711
-0.41,-0.007,-0.85,-4.822,6.714,2.869,-176.803,49.455,-37.062
-0.354,-0.066,-0.796,3.845,4.333,5.737,-176.781,49.219,-37.617
-0.285,-0.108,-0.734,5.31,2.686,12.939,-176.671,49.059,-38.43
-0.359,-0.095,-0.77,6.47,-9.338,22.888,-176.677,49.219,-39.661
-0.479,-0.083,-0.894,10.193,-12.939,24.963,-176.66,49.807,-41.16
-0.703,-0.069,-1.113,15.564,-15.503,21.301,-176.413,50.641,-42.594
-0.657,-0.093,-1.28,14.709,10.864,13.367,-175.995,50.746,-43.83
-0.432,-0.035,-1.207,0.366,12.024,0.183,-175.693,50.169,-44.423
-0.249,0.042,-0.99,-7.507,-2.625,-16.052,-175.666,49.807,-44.165
-0.32,0.109,-0.9,-22.4,-14.954,-24.78,-175.924,50.081,-43.209
-0.39,0.174,-0.931,-25.757,1.282,-30.64,-176.616,50.372,-41.94
-0.321,0.221,-0.909,-25.024,5.188,-12.634,-177.534,49.999,-41.078
-0.208,0.202,-0.823,-11.841,-3.052,-3.906,-178.572,49.752,-41.204
-0.285,0.177,-0.726,-10.681,-22.766,-3.784,-179.313,50.312,-41.517
-0.354,0.194,-0.641,-4.944,-27.954,-5.249,-179.967,51.46,-41.918
-0.466,0.111,-0.645,-1.587,-26.978,-12.817,179.802,52.85,-42.094
-0.623,0.059,-0.758,-7.141,-20.691,-21.057,179.742,54.086,-41.776
-0.634,0.135,-0.787,-11.902,2.38,-15.381,179.577,54.498,-41.27
-0.588,0.092,-0.797,-1.343,-0.305,-23.01,179.725,54.657,-40.732
-0.526,0.054,-0.734,-3.723,-1.343,-27.039,-179.764,54.904,-39.765
-0.574,0.026,-0.712,-6.714,-8.484,-23.865,-179.341,55.448,-38.793
-0.578,0.064,-0.713,-11.719,-4.639,-18.372,-179.253,55.986,-38.051
-0.645,0.114,-0.846,-11.536,5.798,-11.719,-179.506,56.234,-37.722
-0.497,0.106,-0.803,-2.258,4.944,-17.334,-179.478,55.986,-37.343
-0.652,0.067,-0.849,-3.113,-14.282,-13.367,-179.176,56.47,-36.898
-0.702,0.063,-0.909,0.305,1.038,-18.005,-178.956,56.926,-36.552
-0.69,0.074,-0.968,-5.493,4.639,-12.39,-178.566,56.843,-35.969
-0.727,0.208,-0.994,-8.606,0.366,8.667,-179.072,56.827,-36.414
-0.798,0.203,-1.039,3.113,12.268,9.46,-179.731,56.882,-37.491
-0.24,-0.002,-0.765,21.606,40.649,-4.211,-179.324,55.459,-38.15
-0.213,-0.215,-0.864,22.766,11.475,-11.902,-177.913,54.289,-37.859
-0.338,-0.218,-0.949,6.775,21.729,-4.456,-177.039,53.344,-37.496
-0.217,-0.203,-0.851,1.099,9.338,0.183,-176.567,52.317,-37.2
-0.32,-0.15,-0.743,-3.357,-19.775,0.732,-176.495,52.515,-37.095
-0.419,-0.185,-0.665,-4.089,-18.127,-7.324,-176.193,53.333,-36.557
-0.433,-0.144,-0.664,-7.507,-19.226,0.732,-176.111,54.163,-36.194
-0.491,-0.098,-0.751,-7.446,-9.521,10.071,-176.358,54.827,-36.42
-0.511,-0.081,-0.834,-2.38,-7.751,16.907,-176.748,55.234,-37.211
-0.506,-0.122,-0.911,2.319,-7.385,18.677,-177.067,55.569,-38.249
-0.521,-0.119,-0.993,1.526,-5.188,17.273,-177.292,55.811,-39.238
-0.644,-0.124,-1.127,6.348,-21.179,6.592,-177.325,56.239,-39.968
-0.81,-0.155,-1.147,-8.057,-18.311,-11.047,-176.748,57.239,-39.496
-0.538,0.116,-0.945,-22.522,20.02,-5.005,-177.259,57.189,-39.089
-0.254,0.232,-0.827,-25.818,0.122,-9.766,-178.132,56.327,-38.694
-0.476,0.326,-0.828,-19.836,-12.146,-4.028,-179.313,56.772,-38.578
-0.468,0.21,-0.795,-5.31,5.127,-16.174,-179.824,56.788,-38.43
-0.375,0.186,-0.717,-3.662,-3.845,-13.123,-179.934,56.591,-38.046
-0.455,0.121,-0.644,-3.113,-16.235,-11.475,179.956,57.167,-37.914
-0.514,0.093,-0.583,-6.714,-19.836,-11.536,179.731,58.107,-37.82
-0.626,0.1,-0.607,-8.179,-16.663,-14.465,179.506,59.172,-37.628
-0.653,0.068,-0.671,-7.812,6.226,-19.531,179.594,59.518,-37.051
-0.536,0.079,-0.695,-8.484,5.92,-18.433,179.709,59.337,-36.359
-0.632,0.147,-0.733,-8.606,-7.08,-8.362,179.583,59.678,-36.063
-0.641,0.156,-0.754,-7.141,-0.305,-5.737,179.291,60.024,-36.2
-0.609,0.252,-0.788,-6.165,2.014,0.488,178.764,60.101,-36.65
-0.781,0.235,-0.928,4.456,-28.625,-3.296,178.588,60.76,-37.172
-1.098,0.189,-1.152,7.324,-10.376,-1.953,178.599,62.012,-37.755
-0.773,0.058,-1.014,14.16,10.864,-5.92,179.143,61.963,-37.985
-0.378,-0.066,-0.715,13.916,5.859,0.183,179.896,61.595,-38.145
-0.48,-0.146,-0.77,13.245,-13.245,-2.502,-179.544,61.782,-38.436
-0.542,-0.191,-0.805,5.005,27.588,-1.892,-178.698,61.43,-38.117
-0.261,-0.138,-0.775,-0.305,30.273,14.099,-178.621,59.694,-38.392
-0.268,-0.115,-0.708,-4.822,-4.517,15.137,-178.951,58.826,-39.012
-0.488,-0.061,-0.66,-4.822,-19.043,14.465,-179.418,59.326,-39.578
-0.546,-0.07,-0.646,-2.441,-9.766,12.39,-179.747,59.832,-40.199
-0.657,-0.054,-0.736,-3.052,-9.644,13.428,179.934,60.271,-40.864
-0.661,0.013,-0.724,1.343,2.197,18.555,179.478,60.414,-41.88
-0.62,0.008,-0.771,10.559,3.662,21.851,179.319,60.266,-43.132
-0.605,-0.015,-0.763,12.512,-0.488,22.461,179.242,60.238,-44.583
-0.507,-0.038,-0.761,12.451,1.953,17.7,179.291,60.167,-45.818
-0.54,-0.102,-0.809,8.972,-6.592,8.484,179.55,60.37,-46.56
-0.653,-0.083,-0.941,2.014,-13.123,4.517,179.742,60.716,-46.813
-0.829,-0.073,-1.045,-2.93,-16.724,0.916,179.951,61.545,-46.741
-0.963,0.044,-1.086,-6.47,-0.305,-4.333,179.896,62.106,-46.659
-0.558,0.086,-0.875,-14.343,28.748,-12.695,179.951,61.364,-46.027
-0.436,0.2,-0.855,-24.658,11.719,-11.169,179.484,60.161,-45.335
-0.455,0.267,-0.735,-20.874,4.333,-12.939,178.583,59.832,-44.896
-0.489,0.205,-0.662,-12.878,1.953,-20.081,178.204,59.667,-44.258
-0.488,0.174,-0.582,-10.01,8.301,-16.357,178.033,59.502,-43.654
-0.445,0.165,-0.568,-5.554,9.949,-14.587,177.874,59.09,-43.336
-0.504,0.127,-0.609,-2.808,4.944,-13.0,177.907,58.903,-43.121
-0.59,0.099,-0.687,-0.549,7.568,-10.376,178.011,58.771,-43.028
-0.605,0.086,-0.746,-0.61,8.789,-8.728,178.149,58.491,-42.984
-0.62,0.084,-0.784,-0.305,8.789,-2.075,178.209,58.271,-43.116
-0.543,0.13,-0.777,-1.465,8.24,9.216,177.924,57.931,-43.808
-0.506,0.16,-0.769,4.211,-1.099,11.414,177.572,57.849,-44.874
-0.549,0.167,-0.842,8.789,-3.906,11.23,177.347,58.035,-46.044
-0.513,0.164,-0.895,8.24,-16.052,9.583,177.264,58.365,-47.071
-0.767,0.151,-0.939,3.418,-24.902,10.803,177.045,59.755,-48.142
-0.912,0.198,-1.059,6.836,-7.385,8.545,176.688,60.524,-49.224
-0.765,0.085,-1.06,14.038,11.536,10.681,176.786,60.337,-50.147
-0.408,0.023,-0.821,16.418,13.306,10.376,177.149,59.689,-50.944
-0.491,-0.05,-0.848,23.01,-5.31,3.357,177.863,59.491,-51.531
-0.496,-0.113,-0.814,19.47,25.879,5.493,178.967,58.925,-51.641
-0.333,-0.131,-0.689,12.146,15.93,13.123,179.648,57.656,-52.031
-0.407,-0.062,-0.667,3.418,6.042,18.433,179.736,57.079,-52.74
-0.384,-0.038,-0.605,8.057,-2.625,12.756,179.758,56.827,-53.476
-0.543,-0.027,-0.676,5.249,-5.127,15.137,179.874,57.068,-54.13
-0.582,-0.057,-0.751,7.263,5.737,11.23,179.951,57.079,-54.855
-0.542,-0.062,-0.802,2.38,5.005,10.742,-179.984,56.81,-55.41
-0.484,-0.083,-0.813,0.671,-0.488,6.409,-179.929,56.772,-55.756
-0.481,-0.074,-0.849,0.488,-5.066,4.578,-179.923,56.959,-55.986
-0.5,-0.125,-0.922,-1.953,-6.104,-2.197,-179.703,57.244,-55.816
-0.587,-0.074,-0.996,-6.287,-22.095,-11.658,-179.522,57.975,-55.25
-0.949,0.023,-1.153,-13.428,-21.118,-22.034,-179.247,59.211,-54.031
-0.544,0.118,-0.936,-15.137,8.423,-21.301,-179.039,59.172,-52.701
-0.459,0.245,-0.851,-21.667,-14.221,-14.16,-179.412,59.139,-51.806
-0.688,0.222,-0.82,-15.747,-2.38,-15.625,179.945,59.886,-51.4
-0.428,0.193,-0.713,-14.648,12.756,-23.621,179.698,59.359,-50.68
-0.384,0.128,-0.64,-10.193,4.456,-29.724,179.758,59.024,-49.631
-0.321,0.072,-0.545,-10.254,-6.104,-29.236,-179.978,59.046,-48.411
-0.45,0.047,-0.537,-10.742,-22.766,-22.888,-179.863,59.815,-47.422
-0.745,0.055,-0.648,-12.512,-15.564,-13.306,-179.995,60.98,-46.873
-0.683,0.062,-0.684,-8.362,9.338,-10.986,179.797,61.183,-46.653
-0.633,0.104,-0.706,-10.254,1.038,-1.587,179.467,61.128,-46.741
-0.665,0.134,-0.733,-6.409,-0.366,-1.038,179.0,61.348,-47.197
-0.615,0.148,-0.702,-2.686,1.038,-2.014,178.764,61.441,-47.554
-0.703,0.149,-0.778,1.282,-0.61,-4.395,178.709,61.699,-47.873
-0.733,0.156,-0.904,5.249,-2.075,-5.371,178.918,61.738,-48.049
-0.809,0.058,-1.0,6.287,-17.212,-10.681,179.44,62.397,-47.966
-1.181,0.027,-1.199,1.404,1.953,-5.127,179.83,63.166,-47.802
-0.521,0.006,-0.914,-0.916,45.715,10.681,179.681,61.584,-48.23
-0.222,-0.033,-0.877,5.676,7.874,11.292,179.368,60.051,-49.125
-0.405,-0.058,-0.831,-0.977,15.93,12.207,179.319,59.496,-49.581
-0.301,0.018,-0.688,-1.953,7.629,18.616,178.764,58.497,-50.405
-0.502,0.004,-0.702,0.061,9.888,15.625,178.347,57.986,-51.224
-0.356,0.009,-0.655,1.343,14.648,12.207,178.094,57.025,-51.888
-0.484,0.016,-0.712,-0.122,2.38,13.367,177.863,56.591,-52.526
-0.517,0.033,-0.726,4.578,-1.77,7.935,177.753,56.464,-53.113
-0.566,-0.032,-0.741,8.85,-3.601,5.981,178.0,56.651,-53.547
-0.545,-0.073,-0.752,2.014,-5.127,2.136,178.253,56.931,-53.8
-0.549,-0.071,-0.854,-1.892,-3.235,0.244,178.407,57.206,-53.74
-0.458,-0.037,-0.899,-1.709,8.484,8.057,178.396,56.997,-53.833
-0.605,-0.019,-1.024,6.836,-15.381,-0.183,178.506,57.299,-54.064
-0.787,-0.039,-1.185,-0.916,-11.536,-15.503,179.209,57.777,-53.311
-0.729,0.052,-1.097,-15.808,17.639,-16.663,179.412,57.651,-52.191
-0.28,0.172,-0.845,-26.306,22.034,-14.832,178.907,56.398,-51.169
-0.475,0.269,-0.826,-26.367,-11.658,-14.282,177.968,56.459,-50.411
-0.452,0.271,-0.717,-13.245,11.353,-20.386,177.259,56.376,-49.741
-0.408,0.174,-0.644,-7.08,1.282,-22.583,177.22,56.069,-48.845
-0.388,0.134,-0.604,-5.066,-1.831,-21.667,177.292,56.135,-48.027
-0.45,0.069,-0.601,-4.272,-12.268,-24.048,177.589,56.613,-47.087
-0.606,0.054,-0.672,-5.981,-5.737,-19.287,177.808,57.288,-46.258
-0.566,0.078,-0.699,-7.812,6.287,-10.62,177.825,57.382,-45.72
-0.577,0.095,-0.743,-7.874,3.235,-6.775,177.687,57.354,-45.45
-0.548,0.137,-0.745,-4.15,-0.977,-2.808,177.429,57.398,-45.445
-0.566,0.2,-0.773,3.54,2.625,5.127,177.264,57.552,-45.742
-0.592,0.144,-0.841,6.836,-3.967,8.301,177.215,57.656,-46.505
-0.554,0.21,-0.93,7.812,-3.296,10.315,177.1,57.744,-47.296
-0.823,0.24,-1.039,11.169,-30.151,-1.526,177.127,58.887,-47.966
-1.104,0.115,-1.201,17.334,0.122,-4.211,177.902,59.788,-47.922
-0.521,0.045,-0.923,19.836,38.147,10.925,178.566,58.535,-48.323
-0.129,-0.038,-0.854,21.973,12.39,17.7,179.143,56.992,-49.18
-0.461,-0.11,-0.898,14.587,9.766,13.123,179.637,56.772,-49.828
-0.193,-0.068,-0.777,7.874,15.015,17.151,179.835,55.629,-50.356
-0.359,-0.032,-0.685,1.831,-12.146,22.278,179.599,55.492,-51.158
-0.456,0.0,-0.642,5.188,-12.024,17.7,179.297,55.898,-51.982
-0.52,-0.018,-0.688,6.165,-12.146,18.372,179.214,56.332,-52.745
-0.616,-0.024,-0.723,6.104,-4.15,17.029,179.072,56.81,-53.602
-0.532,-0.026,-0.719,2.625,-5.92,16.907,178.945,57.008,-54.366
-0.581,-0.0,-0.777,4.028,-5.432,16.357,178.632,57.404,-55.223
-0.504,-0.015,-0.782,5.615,-2.747,16.846,178.489,57.618,-55.959
-0.584,-0.04,-0.879,7.324,0.122,19.043,178.401,57.761,-56.75
-0.546,-0.06,-0.976,5.005,11.963,16.785,178.275,57.299,-57.541
-0.486,-0.029,-1.002,0.061,7.874,7.751,178.286,56.876,-57.722
-0.742,0.111,-1.204,-5.127,-17.029,13.733,177.913,57.112,-58.057
-0.711,0.208,-1.092,-1.77,10.01,-0.61,177.512,57.272,-58.233
-0.35,0.17,-0.853,-2.502,6.165,-12.268,177.775,56.673,-57.458
-0.559,0.205,-0.823,-10.254,-4.639,-8.545,177.572,56.871,-56.816
-0.437,0.165,-0.678,-8.545,16.479,-19.287,177.413,56.376,-55.915
-0.442,0.141,-0.616,-8.728,14.954,-19.836,177.501,55.712,-54.608
-0.353,0.138,-0.547,-3.601,17.029,-9.644,177.424,54.926,-53.806
-0.47,0.123,-0.624,2.197,8.423,-7.874,177.44,54.547,-53.394
-0.52,0.081,-0.707,1.77,10.559,-7.69,177.698,54.223,-52.905
-0.53,0.084,-0.794,0.427,8.362,-10.254,177.841,53.904,-52.388
-0.513,0.104,-0.824,-2.747,10.01,-6.897,177.946,53.646,-51.795
-0.446,0.139,-0.808,-4.211,3.479,0.183,177.803,53.432,-51.498
-0.48,0.167,-0.871,0.0,-6.531,-1.892,177.55,53.553,-51.432
-0.501,0.176,-0.95,-1.16,-4.211,0.305,177.451,53.871,-51.268
-0.533,0.251,-1.093,2.563,-10.742,1.465,177.198,54.174,-51.317
-0.75,0.221,-1.137,6.836,-28.625,12.634,177.094,55.201,-51.669
-0.75,0.155,-1.159,17.09,3.845,19.165,176.962,55.668,-52.679
-0.252,0.067,-0.844,27.039,12.329,19.348,177.407,54.932,-53.586
-0.335,-0.097,-0.864,33.264,-14.282,6.47,178.572,54.932,-54.025
-0.412,-0.169,-0.807,18.86,9.949,5.737,179.802,54.849,-53.778
-0.268,-0.128,-0.722,7.935,9.888,8.728,-179.659,54.102,-53.652
-0.209,-0.069,-0.634,3.54,-7.935,9.338,-179.39,53.893,-53.481
-0.471,-0.034,-0.686,7.507,-24.231,10.803,-179.193,54.761,-53.487
-0.594,-0.037,-0.733,10.62,-3.601,8.972,-178.852,55.349,-53.575
-0.592,-0.098,-0.787,6.836,0.366,6.226,-178.401,55.481,-53.553
-0.527,-0.071,-0.787,-1.953,3.418,7.263,-178.369,55.464,-53.564
-0.472,-0.053,-0.761,-7.263,-3.784,3.418,-178.61,55.547,-53.481
-0.521,-0.042,-0.809,-6.47,-10.62,0.305,-178.885,56.025,-53.196
-0.503,-0.099,-0.807,-6.714,-15.991,-4.15,-178.973,56.684,-52.696
-0.652,-0.085,-1.01,-12.878,-11.475,-2.747,-179.132,57.453,-52.009
-0.675,-0.081,-1.048,-10.193,-15.747,-13.0,-179.297,58.129,-51.18
-0.987,0.013,-1.232,-18.982,-7.263,-26.245,-179.225,58.964,-49.642
-0.56,0.033,-1.0,-19.714,20.691,-44.556,-178.704,58.513,-46.994
-0.299,0.182,-0.812,-32.41,-8.423,-32.41,-178.775,58.052,-44.368
-0.597,0.251,-0.716,-33.691,-19.287,-22.4,-179.786,59.194,-42.786
-0.467,0.23,-0.615,-25.085,7.263,-42.236,179.769,59.216,-40.682
-0.44,0.145,-0.586,-16.541,3.662,-44.006,179.973,59.046,-38.134
-0.534,0.066,-0.618,-15.93,4.761,-45.105,-179.55,58.986,-35.563
-0.521,0.039,-0.611,-21.118,6.531,-46.814,-179.171,58.832,-32.893
-0.597,0.052,-0.691,-26.062,7.507,-48.34,-178.907,58.711,-30.053
-0.572,0.065,-0.721,-26.978,10.803,-45.593,-178.792,58.436,-27.301
-0.542,0.105,-0.761,-24.658,6.714,-35.95,-178.857,58.129,-24.895
-0.536,0.107,-0.747,-22.583,-1.404,-29.297,-179.061,58.162,-23.005
-0.576,0.145,-0.75,-20.081,-10.864,-21.545,-179.517,58.618,-21.621
-0.683,0.149,-0.832,-9.766,-14.587,-19.836,-179.72,59.376,-20.457
-0.892,0.187,-0.998,0.854,-20.325,-11.108,-179.736,60.282,-19.781
-0.958,0.083,-1.08,8.972,-14.709,-11.475,-179.16,61.243,-19.177
-0.903,0.023,-1.07,9.399,-0.183,-6.775,-178.561,61.787,-18.754
-0.485,-0.047,-0.838,4.944,22.766,-3.845,-178.05,61.342,-18.419
-0.34,-0.075,-0.847,3.113,7.507,-12.573,-177.682,60.546,-17.902
-0.383,-0.069,-0.783,-4.944,25.33,-20.203,-177.05,59.584,-16.49
-0.176,-0.096,-0.674,-8.179,20.935,-28.198,-176.479,58.129,-14.744
-0.322,-0.083,-0.684,-27.588,1.465,-24.719,-176.369,57.486,-12.695
-0.403,0.017,-0.649,-32.715,4.761,-24.475,-177.127,57.123,-10.992
-0.438,0.005,-0.669,-27.466,2.563,-36.194,-177.506,56.766,-8.888
-0.568,-0.019,-0.747,-23.987,0.305,-43.335,-177.435,56.722,-6.378
-0.55,-0.083,-0.761,-21.362,-0.122,-51.392,-176.94,56.695,-3.483
-0.618,-0.104,-0.822,-25.818,5.005,-51.147,-176.446,56.706,-0.45
-0.452,-0.117,-0.759,-24.719,-2.991,-51.331,-175.974,56.547,2.56
-0.547,-0.145,-0.812,-27.893,-7.568,-49.316,-175.534,56.865,5.565
-0.554,-0.145,-0.847,-32.104,-5.798,-47.974,-175.276,57.096,8.498
-0.614,-0.101,-0.915,-33.813,-10.437,-51.025,-175.172,57.404,11.453
-0.654,-0.024,-0.92,-34.241,-1.709,-51.941,-175.001,57.711,14.606
-0.544,0.077,-0.858,-29.419,-5.432,-46.204,-174.93,57.706,17.496
-0.486,0.146,-0.741,-23.682,-2.625,-37.415,-174.968,57.816,19.891
-0.447,0.082,-0.691,-25.94,-22.217,-49.011,-174.88,58.222,22.385
-0.752,0.088,-0.739,-38.757,-27.222,-62.927,-174.754,59.612,25.856
-0.769,0.121,-0.756,-45.105,5.798,-70.007,-174.727,59.936,29.767
-0.645,0.132,-0.766,-42.725,12.634,-72.144,-174.705,59.365,33.805
-0.58,0.112,-0.759,-38.269,10.559,-66.772,-174.622,58.804,37.76
-0.55,0.108,-0.731,-31.067,-4.517,-54.504,-174.611,58.694,41.21
-0.573,0.121,-0.695,-25.452,-10.803,-42.053,-174.672,59.167,44.011
-0.603,0.188,-0.722,-17.7,-18.555,-30.457,-174.847,59.93,46.143
-0.656,0.245,-0.756,-6.47,-8.484,-27.039,-174.781,60.716,47.988
-0.867,0.153,-0.938,10.254,-18.982,-37.72,-173.985,61.414,50.081
-0.665,-0.086,-0.886,10.193,15.442,-46.814,-172.101,61.359,53.009
-0.477,-0.209,-0.81,4.822,31.372,-39.551,-170.502,60.095,55.607
-0.271,-0.291,-0.796,-1.953,0.671,-33.447,-169.431,58.788,57.59
-0.596,-0.334,-0.847,-19.836,-3.662,-41.199,-168.481,58.777,60.134
-0.481,-0.278,-0.842,-30.701,7.324,-34.241,-168.42,58.167,62.309
-0.429,-0.216,-0.755,-41.443,-7.69,-32.837,-168.904,57.755,64.363
-0.574,-0.117,-0.754,-45.288,-16.052,-25.452,-169.849,58.14,66.281
-0.536,-0.054,-0.742,-39.001,-7.263,-25.452,-170.92,58.475,67.923
-0.506,-0.096,-0.743,-29.846,-17.639,-29.48,-171.48,58.975,69.835
-0.541,-0.13,-0.735,-26.245,-22.4,-30.945,-171.584,59.848,71.999
-0.64,-0.165,-0.796,-26.428,-13.855,-25.146,-171.667,60.699,73.982
-0.58,-0.072,-0.846,-29.724,1.648,-15.503,-172.326,60.716,75.333
-0.767,-0.027,-0.982,-20.752,-6.775,-31.433,-172.672,60.853,76.965
-0.511,-0.028,-0.807,-32.043,8.972,-38.086,-172.447,60.485,79.678
-0.606,0.152,-0.829,-54.199,-33.264,-23.743,-173.765,60.848,81.793
-0.755,0.339,-0.771,-48.218,4.761,-37.17,-175.529,61.853,84.21
-0.549,0.253,-0.683,-28.625,9.766,-49.805,-176.1,61.309,87.61
-0.527,0.137,-0.657,-29.602,5.005,-56.458,-175.974,60.853,91.626
-0.614,0.148,-0.69,-32.593,6.592,-57.251,-175.919,60.524,95.872
-0.623,0.096,-0.702,-33.508,5.676,-57.007,-175.88,60.134,100.151
-0.688,0.141,-0.751,-35.767,9.399,-51.147,-176.155,59.793,104.227
-0.571,0.117,-0.726,-30.518,12.329,-48.95,-176.375,59.266,108.144
-0.549,0.125,-0.766,-30.823,-0.488,-39.734,-176.704,58.986,111.676
-0.581,0.187,-0.844,-27.954,-3.113,-32.349,-177.336,59.117,114.582
-0.653,0.206,-0.95,-16.602,-23.499,-32.043,-177.621,59.799,117.307
-1.034,0.181,-1.205,-13.123,-17.151,-15.991,-177.748,61.04,119.504
-0.751,0.161,-1.179,-1.709,24.658,-5.615,-177.99,60.513,120.839
-0.147,-0.006,-0.885,18.921,28.076,-7.629,-177.567,58.887,121.778
-0.238,-0.184,-0.823,15.32,-34.79,-10.559,-176.402,59.035,122.783
-0.597,-0.226,-0.801,7.324,-18.005,-10.498,-175.43,60.287,123.832
-0.429,-0.236,-0.71,-6.714,0.916,-9.583,-174.924,60.249,124.788
-0.415,-0.171,-0.667,-16.968,-3.967,-10.559,-174.952,60.106,125.722
-0.506,-0.118,-0.687,-20.386,-4.944,-5.493,-175.32,60.249,126.552
-0.544,-0.064,-0.663,-21.24,-5.92,1.221,-175.974,60.403,127.112
-0.594,-0.005,-0.646,-15.991,-10.132,5.676,-176.852,60.859,127.365
-0.618,-0.021,-0.661,-8.728,-6.592,5.371,-177.539,61.359,127.606
-0.63,-0.054,-0.694,-7.324,-4.822,3.052,-177.968,61.776,128.018
-0.602,-0.085,-0.722,-5.92,-4.272,1.343,-178.259,62.067,128.535
-0.677,-0.055,-0.83,-5.981,-1.038,3.601,-178.445,62.38,129.056
-0.604,-0.039,-0.808,1.587,-10.315,9.094,-178.731,62.611,129.117
-0.781,-0.125,-0.872,2.197,-25.024,-3.174,-178.577,63.644,129.386
-0.917,-0.068,-0.999,-15.259,-9.155,-3.784,-178.621,64.528,130.15
-0.807,0.032,-1.011,-26.489,18.982,-19.348,-179.033,64.308,131.479
-0.385,0.18,-0.878,-35.889,31.799,-28.87,-179.489,62.781,133.632
-0.434,0.289,-0.858,-35.95,-2.991,-33.508,179.764,62.238,135.84
-0.551,0.214,-0.772,-26.855,1.648,-51.331,179.802,62.238,138.856
-0.528,0.174,-0.655,-23.743,3.357,-52.002,-179.67,62.023,142.438
-0.488,0.132,-0.549,-15.137,1.709,-44.495,-179.105,61.848,145.706
-0.512,0.085,-0.539,-11.536,-1.709,-34.668,-178.572,61.919,148.458
-0.576,0.044,-0.562,-5.92,-5.127,-32.166,-178.077,62.089,150.875
-0.673,0.002,-0.65,-7.874,-5.859,-28.992,-177.413,62.49,153.375
-0.697,0.048,-0.684,-9.583,3.845,-24.78,-177.061,62.704,155.616
-0.675,0.092,-0.746,-6.836,2.441,-19.348,-176.786,62.65,157.626
-0.701,0.095,-0.81,-3.662,8.362,-17.7,-176.572,62.551,159.263
-0.618,0.085,-0.937,-1.16,5.615,-18.433,-176.182,62.067,160.862
-0.893,0.001,-1.046,1.892,-22.949,-17.517,-175.633,62.831,162.378
-0.976,-0.017,-1.097,0.977,3.845,-4.944,-175.287,63.419,163.482
-0.48,-0.014,-0.846,15.076,28.137,13.428,-175.221,62.49,163.482
-0.294,-0.056,-0.817,48.279,0.793,17.639,-174.326,61.683,162.576
-0.518,-0.285,-0.75,53.711,-2.136,26.978,-172.458,61.864,161.334
-0.441,-0.383,-0.691,30.945,14.343,30.273,-171.475,61.408,159.51
-0.375,-0.346,-0.627,3.235,3.296,22.827,-171.37,60.892,158.016
-0.516,-0.219,-0.605,-9.827,-9.705,20.874,-172.013,61.155,156.758
-0.538,-0.164,-0.576,-10.986,-6.47,23.315,-172.837,61.49,155.66
-0.698,-0.147,-0.656,-7.202,-9.644,19.104,-173.694,62.144,154.677
-0.643,-0.123,-0.664,-4.211,4.761,26.978,-174.402,62.303,153.853
-0.658,-0.108,-0.723,0.793,7.69,31.311,-175.358,62.309,152.485
-0.579,-0.089,-0.756,6.836,4.028,37.598,-176.237,62.177,150.82
-0.64,-0.102,-0.845,14.587,7.141,47.607,-177.111,62.095,148.458
-0.556,-0.141,-0.969,20.203,10.437,41.748,-177.786,61.529,145.728
-0.637,-0.209,-1.002,0.671,-17.09,9.705,-177.742,61.897,144.212
-0.985,0.097,-1.131,-21.24,-28.076,3.296,-178.473,63.04,143.63
-0.699,0.168,-0.87,-17.456,20.142,-10.742,-179.16,63.171,143.943
-0.488,0.233,-0.845,-29.358,12.39,-11.108,-179.802,62.128,144.827
-0.492,0.303,-0.745,-22.522,16.052,-28.992,179.451,61.463,146.118
-0.506,0.23,-0.687,-9.827,13.306,-42.175,179.923,60.765,148.585
-0.385,0.121,-0.55,-7.874,8.24,-41.199,-179.291,60.227,151.199
-0.382,0.086,-0.495,-16.235,-6.592,-36.194,-178.896,60.271,153.55
-0.568,0.122,-0.56,-12.146,-13.062,-42.053,-178.561,60.914,156.05
-0.716,0.054,-0.653,-5.371,-2.38,-41.199,-177.687,61.364,158.906
-0.777,-0.027,-0.709,-7.629,5.859,-37.72,-176.765,61.43,161.691
-0.646,0.02,-0.677,-13.428,11.475,-27.039,-176.375,61.084,164.081
-0.62,0.055,-0.708,-11.23,6.531,-20.63,-176.347,60.936,165.861
-0.568,0.083,-0.811,-8.24,-0.244,-25.391,-176.182,60.864,167.585
-0.599,0.069,-0.958,-6.531,2.869,-25.391,-175.825,60.914,169.327
-0.572,-0.004,-0.966,-4.7,-37.537,-25.33,-175.166,61.419,171.101
-0.952,0.028,-1.043,-5.371,-25.085,-10.925,-174.957,63.155,172.288
-0.912,-0.056,-1.088,15.686,-0.61,-7.263,-174.402,63.572,173.035
-0.613,-0.146,-0.883,17.883,27.161,16.418,-173.699,63.023,172.991
-0.246,-0.108,-0.877,16.846,25.513,32.288,-174.045,61.414,171.227
-0.315,-0.157,-0.791,14.893,-3.479,16.724,-174.051,60.93,169.59
-0.334,-0.149,-0.636,10.681,-19.348,10.01,-173.765,61.337,168.662
-0.5,-0.173,-0.557,5.493,-29.724,8.911,-173.557,62.419,167.932
-0.585,-0.176,-0.524,4.395,-26.794,2.686,-173.134,63.682,167.816
-0.727,-0.131,-0.551,6.775,-22.522,7.874,-172.771,64.968,167.899
-0.831,-0.15,-0.648,10.742,3.479,16.296,-172.573,65.61,167.712
-0.653,-0.18,-0.63,13.123,15.686,20.508,-172.656,65.187,167.036
-0.624,-0.186,-0.671,8.057,9.949,26.062,-172.974,64.891,166.064
-0.617,-0.207,-0.712,6.653,6.775,26.001,-173.419,64.764,164.932
-0.637,-0.184,-0.806,4.028,7.324,29.053,-174.144,64.611,163.422
-0.672,-0.167,-0.927,2.686,-2.258,25.146,-174.842,64.413,161.851
-0.793,-0.146,-1.017,1.953,-5.676,19.592,-175.248,64.688,160.587
-0.841,-0.113,-1.039,4.028,-4.822,3.967,-175.419,64.924,159.769
-0.69,0.001,-0.892,-15.991,8.057,8.911,-175.594,64.814,159.598
-0.584,0.203,-0.867,-29.175,0.0,20.203,-177.396,64.336,158.522
-0.574,0.244,-0.734,-26.978,5.981,-1.282,-179.341,64.232,157.786
-0.455,0.22,-0.616,-19.47,4.639,-17.029,179.786,63.803,158.511
-0.404,0.169,-0.499,-11.23,1.709,-8.057,179.324,63.622,159.346
-0.417,0.146,-0.503,1.709,-2.93,0.122,178.857,63.556,159.406
-0.577,0.101,-0.577,2.014,-5.981,3.906,178.621,63.82,159.313
-0.696,0.113,-0.673,2.93,-1.648,0.793,178.275,63.946,159.241
-0.754,0.071,-0.718,-0.061,5.92,-8.057,178.401,63.94,159.911
-0.657,0.098,-0.699,-4.089,8.118,-3.967,178.391,63.649,160.719
-0.575,0.106,-0.67,-2.991,6.958,-6.104,178.253,63.391,161.406
-0.665,0.144,-0.762,-3.052,-1.587,-10.193,178.33,63.49,162.361
-0.562,0.202,-0.879,-0.793,7.935,-13.55,178.5,63.204,163.328
-0.681,0.259,-0.995,2.441,-23.071,-17.273,178.923,63.583,164.383
-1.042,0.221,-1.073,6.714,-42.786,-25.146,179.621,65.385,165.536
-0.959,0.048,-0.969,25.696,-1.709,-43.03,-178.407,66.687,167.855
-0.342,-0.126,-0.578,33.569,5.188,-23.193,-175.49,66.324,170.387
-0.687,-0.223,-0.669,38.513,-21.118,-7.874,-173.293,66.929,171.321
-0.556,-0.316,-0.608,31.006,31.921,6.592,-171.326,66.517,171.705
-0.382,-0.334,-0.58,3.906,18.372,21.973,-170.991,65.22,170.81
-0.497,-0.17,-0.588,-14.648,7.446,18.616,-171.87,64.671,169.7
-0.581,-0.101,-0.603,-9.033,2.686,16.907,-172.853,64.501,168.838
-0.667,-0.123,-0.658,-0.916,-1.099,14.343,-173.403,64.605,168.25
-0.69,-0.142,-0.685,3.174,2.808,16.541,-173.661,64.72,167.849
-0.661,-0.134,-0.702,3.052,4.15,25.94,-174.21,64.726,167.058
-0.564,-0.103,-0.664,2.747,5.493,30.945,-175.106,64.644,165.723
-0.622,-0.074,-0.765,3.052,-0.61,31.433,-176.006,64.715,164.174
-0.493,-0.099,-0.783,7.324,0.061,15.198,-176.534,64.578,162.977
-0.774,-0.208,-0.926,3.784,-31.738,-8.057,-176.017,65.495,163.043
-1.041,-0.169,-1.085,-12.268,-15.93,-9.338,-175.325,66.577,164.125
-0.966,-0.001,-1.042,-22.278,12.329,-1.648,-175.781,66.791,164.811
-0.45,0.117,-0.717,-32.959,23.315,-3.54,-176.924,65.698,165.284
-0.567,0.282,-0.729,-38.025,-11.963,-4.15,-178.671,65.44,165.63
-0.589,0.17,-0.666,-32.654,7.202,-31.25,-179.863,65.577,166.745
-0.464,0.158,-0.553,-42.664,-1.526,-47.791,179.885,65.33,169.673
-0.53,0.194,-0.52,-34.546,-12.085,-45.898,179.626,65.803,172.826
-0.605,0.15,-0.528,-23.071,-10.315,-39.124,179.731,66.451,175.759
-0.672,0.097,-0.556,-13.672,-1.648,-35.034,-179.907,66.907,178.352
-0.706,0.038,-0.585,-11.23,-1.587,-32.227,-179.258,67.099,-179.105
-0.757,-0.003,-0.609,-12.817,0.122,-29.358,-178.665,67.324,-176.605
-0.748,0.039,-0.635,-16.663,6.592,-21.362,-178.44,67.313,-174.397
-0.735,0.088,-0.667,-13.184,5.127,-16.541,-178.429,67.242,-172.628
-0.764,0.147,-0.735,-8.118,7.568,-13.855,-178.5,67.099,-171.244
-0.738,0.221,-0.812,-2.686,8.301,-6.836,-178.544,66.764,-170.272
-0.943,0.206,-1.016,16.846,-5.981,-9.338,-178.132,66.764,-169.645
-1.053,0.121,-1.074,22.217,-4.639,3.662,-177.215,67.061,-169.25
-0.667,-0.024,-0.79,44.128,26.245,17.761,-176.385,66.544,-169.953
-0.389,-0.18,-0.692,47.852,15.503,23.804,-175.144,65.27,-171.134
-0.526,-0.258,-0.664,38.33,17.7,22.644,-173.985,64.759,-172.343
-0.329,-0.267,-0.603,26.794,20.447,21.118,-173.172,63.616,-173.381
-0.455,-0.238,-0.612,12.39,-3.845,23.987,-172.782,63.248,-174.32
-0.592,-0.189,-0.639,5.249,1.709,28.564,-173.013,63.413,-175.375
-0.592,-0.139,-0.661,8.362,14.648,28.503,-173.491,63.144,-176.418
-0.563,-0.137,-0.697,11.78,13.855,33.447,-173.941,62.556,-177.616
-0.588,-0.166,-0.729,12.329,10.62,29.419,-174.287,62.144,-178.841
-0.559,-0.146,-0.717,7.69,3.784,31.189,-174.721,61.919,-179.989
-0.609,-0.142,-0.749,5.188,-1.038,26.55,-175.21,62.078,178.989
-0.572,-0.104,-0.763,4.15,-1.343,29.663,-175.842,62.232,177.935
-0.578,-0.187,-0.887,7.69,1.16,27.71,-176.32,62.336,176.792
-0.485,-0.238,-0.926,-2.93,-20.996,31.738,-176.995,62.65,175.298
-0.945,-0.096,-1.031,-19.104,-48.645,30.823,-178.643,64.726,173.326
-1.082,0.049,-1.111,-21.118,5.615,12.39,179.698,65.522,172.474
-0.488,0.139,-0.771,-34.546,26.489,3.296,178.22,64.457,172.65
-0.544,0.363,-0.756,-39.185,-11.963,-10.62,176.556,64.1,173.276
-0.606,0.351,-0.674,-22.278,18.005,-25.879,175.54,64.149,174.435
-0.433,0.278,-0.6,-11.963,15.991,-31.25,175.748,63.221,176.578
-0.471,0.219,-0.583,-3.662,10.742,-25.635,176.116,62.721,178.401
-0.492,0.152,-0.577,-2.625,7.751,-23.01,176.6,62.331,-179.989
-0.583,0.153,-0.626,-3.296,6.104,-20.874,176.891,62.139,-178.561
-0.58,0.117,-0.649,-1.648,9.888,-23.254,177.363,61.809,-176.929
-0.684,0.09,-0.729,-0.244,8.911,-25.085,177.968,61.617,-175.111
-0.616,0.063,-0.75,-1.343,20.386,-20.996,178.682,61.046,-173.172
-0.484,0.087,-0.724,0.366,6.47,-12.878,179.05,60.48,-171.826
-0.477,0.085,-0.688,1.587,-14.16,-3.906,179.291,60.809,-171.046
-0.755,0.142,-0.819,4.089,-17.456,7.935,179.061,61.842,-171.134
-0.654,0.167,-0.871,7.935,-2.991,11.597,178.874,61.941,-171.491
-0.771,0.184,-0.999,13.123,-14.954,7.935,178.737,62.6,-172.068
-0.866,0.119,-1.115,20.142,-8.057,-4.456,179.467,63.012,-171.876
-0.852,0.021,-1.08,20.02,-7.935,3.54,-179.676,63.364,-171.689
-0.498,-0.094,-0.735,16.235,16.907,30.64,-179.434,63.16,-172.452
-0.405,-0.096,-0.766,17.212,10.559,29.541,-179.929,62.177,-174.276
-0.411,-0.17,-0.714,10.01,11.475,15.686,-179.747,61.54,-175.21
-0.428,-0.166,-0.667,0.366,-5.554,11.108,-179.731,61.194,-175.682
-0.488,-0.136,-0.61,-7.385,-13.489,5.676,-179.857,61.628,-175.726
-0.571,-0.085,-0.588,-11.597,-24.353,7.751,179.747,62.578,-175.49
-0.658,-0.051,-0.589,-13.062,-17.212,11.23,179.072,63.671,-175.259
-0.73,-0.006,-0.625,-10.498,-8.972,11.536,178.226,64.506,-175.067
-0.707,0.014,-0.623,-8.179,2.258,11.414,177.484,64.792,-174.809
-0.66,-0.009,-0.642,-7.69,0.488,13.672,176.726,64.891,-174.672
-0.705,0.025,-0.758,-8.606,8.667,17.761,175.798,64.808,-174.771
-0.597,0.015,-0.773,-3.113,13.916,7.996,175.221,64.226,-174.699
-0.536,-0.025,-0.828,-2.808,7.69,-6.165,175.309,63.814,-173.963
-0.731,-0.037,-0.942,-8.545,-5.737,-18.555,175.814,64.182,-172.535
-0.92,0.067,-1.169,-15.259,-6.653,-21.179,176.232,64.363,-170.782
-0.848,0.192,-1.084,-18.677,18.005,-17.456,176.303,64.127,-169.096
-0.404,0.214,-0.781,-13.123,21.484,-24.902,176.512,63.062,-167.382
-0.521,0.207,-0.756,-23.01,-14.832,-13.55,176.347,63.012,-166.196
-0.606,0.249,-0.689,-27.405,3.174,-17.09,175.446,63.358,-165.46
-0.474,0.311,-0.613,-21.423,14.16,-20.935,174.743,62.864,-164.284
-0.412,0.244,-0.559,-11.23,2.197,-27.832,174.622,62.518,-162.894
-0.507,0.208,-0.568,-8.301,-5.737,-26.367,174.82,62.765,-161.433
-0.628,0.189,-0.615,-4.272,-4.944,-26.123,175.073,63.221,-160.087
-0.685,0.133,-0.651,-2.441,1.77,-28.442,175.71,63.523,-158.379
-0.708,0.113,-0.688,-1.831,8.85,-23.01,176.364,63.506,-156.627
-0.644,0.082,-0.683,-1.831,10.254,-18.311,176.962,63.232,-155.078
-0.646,0.067,-0.689,-3.54,1.892,-13.977,177.314,63.171,-153.853
-0.6,0.119,-0.673,-9.033,1.892,-10.254,177.336,63.243,-152.853
-0.677,0.195,-0.739,-10.742,-5.981,-6.165,176.962,63.583,-152.249
-0.643,0.265,-0.75,-5.676,-7.874,-8.362,176.638,63.968,-151.765
-0.844,0.269,-0.895,4.578,-18.066,-7.202,176.633,64.655,-151.474
-0.808,0.152,-0.909,9.949,-11.047,-12.512,177.193,65.358,-150.93
-0.853,0.068,-0.978,11.841,-4.639,0.061,177.83,65.797,-150.562
-0.829,0.028,-0.946,8.667,-6.47,8.057,177.874,66.033,-150.98
-0.467,-0.023,-0.722,14.16,7.629,2.869,178.171,65.797,-151.133
-0.626,-0.129,-0.769,20.386,7.324,-8.057,179.291,65.616,-150.71
-0.457,-0.157,-0.77,11.23,27.466,4.944,-179.621,64.528,-150.178
-0.362,-0.139,-0.732,-2.502,14.587,14.526,-179.533,63.27,-150.469
-0.415,-0.025,-0.695,-7.446,-0.854,11.108,179.956,62.748,-150.974
-0.48,-0.038,-0.646,-6.226,-9.399,8.484,179.544,62.842,-151.331
-0.583,-0.029,-0.668,-8.545,-12.085,3.784,179.11,63.276,-151.485
-0.646,-0.042,-0.706,-9.338,-6.47,-2.38,178.923,63.732,-151.051
-0.622,-0.001,-0.71,-11.536,-4.028,5.249,178.5,63.935,-150.694
-0.707,0.021,-0.759,-10.071,-3.601,6.653,177.885,64.215,-150.661
-0.597,0.043,-0.697,-3.662,-1.16,4.272,177.451,64.27,-150.606
-0.68,-0.014,-0.702,0.244,-11.536,-0.427,177.451,64.737,-150.375
-0.642,-0.053,-0.643,-2.075,-7.385,-2.869,177.627,65.248,-149.843
-0.694,-0.048,-0.67,-6.348,-11.108,-1.16,177.621,65.825,-149.255
-0.701,-0.058,-0.642,-7.019,-12.878,-9.094,177.737,66.5,-148.315
-0.946,-0.054,-0.767,-6.348,2.625,-8.606,178.0,67.115,-147.085
-0.917,-0.076,-0.971,-8.789,28.198,-5.371,178.209,66.374,-145.953
-0.758,0.052,-1.104,-17.334,36.499,2.136,177.94,64.781,-145.168
-0.423,0.169,-0.95,-25.085,23.621,-1.77,177.105,63.314,-144.816
-0.581,0.283,-0.911,-42.542,-2.319,-13.0,175.82,62.77,-144.432
-0.593,0.381,-0.811,-49.011,26.611,-22.522,174.073,62.238,-143.624
-0.391,0.362,-0.776,-36.865,36.133,-33.936,173.002,60.716,-141.943
-0.235,0.326,-0.688,-23.804,27.893,-25.391,172.414,59.255,-140.488
-0.135,0.242,-0.583,-11.536,-0.977,-26.428,172.057,58.546,-139.757
-0.411,0.146,-0.612,-11.841,-22.583,-32.593,172.002,59.299,-139.142
-0.575,0.123,-0.652,-17.395,-11.841,-36.621,172.018,60.26,-138.005
-0.649,0.149,-0.705,-23.071,-5.676,-32.043,172.029,60.881,-136.379
-0.66,0.196,-0.729,-22.949,-6.897,-19.958,171.634,61.414,-135.209
-0.657,0.25,-0.72,-23.865,-1.221,-11.169,170.854,61.815,-134.61
-0.63,0.276,-0.73,-20.203,0.427,-19.958,170.145,62.012,-134.028
-0.62,0.272,-0.714,-22.888,2.441,-32.593,170.002,62.287,-132.572
-0.626,0.248,-0.707,-22.583,2.014,-42.48,170.178,62.633,-130.545
-0.641,0.266,-0.699,-22.583,-3.601,-42.236,170.469,63.166,-128.304
-0.641,0.259,-0.645,-13.489,-2.747,-38.574,170.892,63.842,-126.321
-0.61,0.223,-0.596,-2.502,-7.263,-39.429,171.749,64.523,-124.42
-0.695,0.156,-0.617,3.418,-13.245,-37.537,173.04,65.462,-122.569
-0.845,0.096,-0.684,4.639,-6.47,-36.804,174.639,66.423,-120.602
-0.815,0.163,-0.689,0.122,3.052,-17.273,175.809,66.808,-119.064
-0.751,0.238,-0.678,8.484,5.432,-11.78,176.314,66.819,-118.586
-0.816,0.111,-0.705,32.043,-9.705,-37.415,178.105,67.165,-117.422
-0.615,-0.106,-0.575,31.616,-19.592,-46.021,-178.445,68.011,-114.851
-0.924,-0.22,-0.749,6.226,-5.981,-40.71,-175.353,69.06,-111.945
-0.74,-0.146,-0.772,-11.108,34.79,-45.715,-173.639,67.917,-109.089
-0.506,-0.167,-0.75,-25.085,20.813,-41.687,-172.48,66.434,-106.161
-0.481,-0.104,-0.725,-36.255,2.502,-30.945,-172.601,65.814,-104.052
-0.699,-0.128,-0.796,-31.372,7.385,-52.979,-172.249,65.495,-101.294
-0.571,-0.146,-0.772,-37.903,23.682,-51.941,-171.606,64.204,-97.971
-0.483,-0.142,-0.742,-48.828,11.841,-50.11,-171.788,63.007,-95.07
-0.553,-0.086,-0.738,-56.03,-2.502,-54.932,-172.227,62.556,-91.84
-0.646,-0.049,-0.773,-57.617,2.686,-54.626,-172.853,62.331,-88.627
-0.503,0.015,-0.729,-52.368,7.263,-56.03,-173.54,61.721,-85.6
-0.502,-0.024,-0.731,-36.621,-12.756,-64.27,-173.48,61.65,-82.288
-0.581,-0.088,-0.726,-22.339,-20.02,-56.519,-172.617,62.238,-78.926
-0.661,-0.243,-0.755,-20.325,-17.09,-58.105,-171.326,62.913,-75.74
-0.682,-0.292,-0.773,-41.016,-13.123,-58.899,-170.305,63.292,-72.23
-0.854,-0.244,-0.894,-57.617,-14.221,-75.439,-169.975,63.49,-68.242
-0.746,-0.198,-0.823,-61.646,-17.273,-104.187,-168.964,63.435,-62.54
-0.827,-0.167,-0.779,-66.406,-19.592,-96.313,-167.547,63.831,-56.047
-0.595,0.053,-0.616,-81.36,-8.606,-46.082,-168.305,63.946,-52.042
-0.58,0.194,-0.604,-71.228,-24.231,-25.513,-170.81,64.698,-50.801
-0.835,0.205,-0.687,-71.655,-16.968,-28.748,-173.227,65.912,-49.96
-0.813,0.315,-0.682,-68.115,27.466,-46.082,-175.419,65.61,-48.708
-0.548,0.278,-0.654,-51.27,37.048,-69.58,-176.116,63.935,-46.159
-0.56,0.217,-0.708,-43.396,20.081,-60.547,-176.105,62.864,-43.385
-0.569,0.222,-0.741,-36.987,17.09,-44.128,-176.644,62.166,-41.808
-0.51,0.237,-0.715,-28.137,7.874,-36.133,-177.155,61.749,-40.825
-0.598,0.235,-0.746,-7.629,-1.465,-31.616,-177.358,61.853,-40.342
-0.627,0.203,-0.765,-0.854,0.854,-21.606,-176.99,62.078,-40.144
-0.559,0.218,-0.751,3.967,-3.54,-7.202,-176.852,62.194,-40.726
-0.545,0.199,-0.8,12.39,0.305,4.822,-176.907,62.419,-42.089
-0.683,0.16,-0.936,29.358,-21.79,11.23,-176.715,63.001,-44.028
-0.66,-0.031,-0.826,41.504,-22.4,5.371,-175.616,64.429,-45.769
-0.701,-0.156,-0.878,21.851,-19.226,14.587,-174.567,65.468,-47.219
-0.38,-0.105,-0.665,11.902,-4.333,12.024,-174.622,65.814,-48.889
-0.576,-0.182,-0.718,7.568,-43.152,-15.015,-174.056,66.797,-49.23
-0.868,-0.189,-0.868,-4.944,-11.169,-26.733,-172.766,67.994,-47.747
-0.576,-0.292,-0.723,-15.259,2.563,-33.997,-171.628,67.637,-45.851
-0.575,-0.204,-0.658,-41.748,-13.794,-28.381,-171.447,67.676,-43.742
-0.655,-0.04,-0.691,-37.415,-6.714,-22.339,-172.068,68.011,-42.133
-0.679,-0.077,-0.696,-28.381,-3.662,-19.958,-172.469,68.055,-41.034
-0.683,-0.076,-0.707,-26.978,8.423,-21.912,-172.771,67.775,-40.012
-0.637,-0.088,-0.702,-30.579,4.944,-21.301,-173.057,67.28,-38.952
-0.578,-0.074,-0.689,-28.564,5.737,-21.545,-173.589,66.923,-38.046
-0.723,-0.141,-0.768,-26.123,-3.296,-25.269,-173.655,66.868,-36.727
-0.658,-0.148,-0.743,-23.193,1.648,-11.353,-173.93,66.709,-35.887
-0.604,-0.156,-0.666,-21.912,-6.531,-6.714,-174.529,66.841,-35.667
-0.859,-0.11,-0.73,-22.888,-20.02,-2.319,-175.177,67.709,-35.557
-0.825,-0.09,-0.76,-20.935,-2.808,5.188,-176.072,68.203,-35.958
-0.931,-0.001,-0.892,-22.888,1.526,5.798,-177.237,68.351,-36.716
-0.806,0.079,-0.998,-18.25,6.042,-8.85,-178.072,68.06,-37.09
-0.547,0.153,-0.904,-20.813,21.24,-15.381,-178.352,67.478,-36.661
-0.451,0.273,-0.838,-36.743,-6.042,-10.742,-179.302,66.824,-36.348
-0.573,0.287,-0.74,-27.649,8.301,-31.494,179.758,66.78,-35.75
-0.378,0.268,-0.616,-25.696,9.644,-37.109,179.736,66.105,-34.261
-0.423,0.233,-0.561,-15.381,-6.042,-31.799,179.681,66.099,-33.294
-0.526,0.169,-0.54,-10.925,-12.268,-31.128,179.885,66.665,-32.613
-0.635,0.149,-0.581,-6.287,-16.541,-30.212,-179.698,67.478,-31.954
-0.78,0.102,-0.645,-3.723,-14.099,-30.334,-178.929,68.417,-31.152
-0.69,0.078,-0.637,0.122,-9.338,-22.705,-178.011,69.049,-30.416
-0.674,0.059,-0.619,-6.775,-18.494,-3.418,-177.951,69.895,-30.696
-0.779,0.139,-0.657,-8.728,0.671,-12.695,-178.303,70.587,-31.168
-0.678,0.197,-0.705,-3.174,4.395,-20.203,-177.995,70.362,-30.921
-0.751,0.153,-0.778,5.005,9.277,-39.612,-176.803,70.214,-30.015
-0.818,0.122,-0.884,15.198,-6.287,-71.838,-173.974,70.148,-27.186
-0.992,-0.276,-1.042,15.381,-14.893,-57.129,-169.722,70.258,-23.121
-0.996,-0.332,-1.013,-7.446,8.789,-18.555,-167.959,70.312,-21.275
-0.445,-0.205,-0.682,-16.846,17.273,4.517,-168.371,69.395,-21.357
-0.427,-0.147,-0.661,-11.108,-9.583,0.061,-169.415,69.055,-22.039
-0.627,-0.205,-0.664,-5.676,2.563,-12.756,-169.162,69.153,-21.396
-0.463,-0.264,-0.615,-7.141,7.69,-7.751,-168.871,68.467,-20.825
-0.458,-0.258,-0.563,-18.311,-4.395,2.258,-169.14,68.253,-20.566
-0.506,-0.182,-0.537,-20.752,-17.7,5.615,-169.931,68.698,-20.577
-0.671,-0.107,-0.567,-18.494,-25.269,14.832,-170.942,69.78,-20.989
-0.767,-0.031,-0.59,-3.235,-14.343,20.203,-172.068,70.763,-22.286
-0.833,-0.097,-0.623,11.475,-5.737,21.24,-172.54,71.384,-23.923
-0.812,-0.134,-0.619,12.939,7.507,28.137,-173.145,71.444,-26.131
-0.771,-0.144,-0.613,9.399,17.151,31.189,-173.969,71.005,-28.559
-0.72,-0.087,-0.646,6.836,18.738,37.598,-175.303,70.263,-31.366
-0.689,-0.077,-0.692,7.812,24.78,42.419,-176.704,69.335,-34.316
-0.625,-0.068,-0.734,9.46,17.029,39.062,-178.11,68.351,-37.293
-0.561,-0.096,-0.697,6.409,-1.709,29.907,-179.088,67.906,-39.606
-0.651,-0.106,-0.645,-0.427,-24.78,19.897,-179.868,68.593,-41.188
-0.807,-0.072,-0.678,-5.737,-27.893,18.982,179.352,69.933,-42.292
-0.994,0.101,-0.835,4.822,0.183,30.64,178.154,70.703,-44.011
-0.83,0.203,-1.001,38.391,17.578,33.813,177.643,69.95,-46.412
-0.954,0.113,-1.041,64.331,-1.831,10.193,179.319,69.708,-48.06
-0.655,-0.076,-0.795,48.096,26.123,-13.306,-177.709,68.879,-47.961
-0.498,-0.005,-0.773,3.418,13.306,-9.46,-175.974,67.665,-47.071
-0.577,0.126,-0.709,-12.451,10.559,-15.686,-176.083,67.132,-46.533
-0.473,0.145,-0.625,-16.479,3.418,-25.33,-175.946,66.566,-45.258
-0.532,0.156,-0.587,-12.085,-3.052,-22.522,-175.919,66.594,-44.198
-0.493,0.098,-0.567,-7.263,0.061,-22.949,-175.677,66.544,-43.363
-0.535,0.085,-0.58,-5.676,-7.507,-17.822,-175.496,66.714,-42.781
-0.678,0.023,-0.625,-5.005,-13.55,-17.578,-175.254,67.302,-42.297
-0.781,0.036,-0.672,-5.737,-7.446,-15.503,-174.974,67.896,-41.737
-0.709,0.013,-0.673,-0.183,3.296,-15.564,-174.551,67.961,-41.237
-0.69,0.024,-0.702,3.235,-3.845,-6.226,-174.15,68.11,-41.001
-0.545,0.035,-0.604,7.812,-23.621,-0.061,-173.875,68.692,-41.287
-0.781,0.062,-0.671,9.155,-28.381,1.77,-173.661,70.23,-41.819
-0.799,0.042,-0.721,11.719,-25.879,-16.052,-172.864,71.532,-41.715
-0.94,-0.002,-0.79,4.578,-30.457,-17.395,-171.579,72.746,-40.765
-1.136,-0.101,-0.922,1.77,-9.521,-20.325,-170.469,73.79,-39.727
-0.962,-0.117,-0.889,-2.014,2.075,-15.991,-169.612,73.762,-38.694
-0.504,-0.155,-0.653,2.197,14.526,-9.033,-169.146,73.114,-38.26
-0.494,-0.227,-0.686,9.583,-17.822,-27.161,-167.739,72.944,-36.832
-0.71,-0.252,-0.674,2.441,-1.526,-10.986,-166.185,73.125,-34.98
-0.567,-0.276,-0.627,1.16,4.395,3.174,-165.899,72.702,-34.645
-0.52,-0.249,-0.543,-5.554,-0.916,8.911,-166.196,72.526,-34.755
-0.598,-0.202,-0.521,-7.751,-12.085,14.16,-166.761,72.883,-35.002
-0.689,-0.164,-0.488,-2.075,-12.39,14.221,-167.344,73.57,-35.469
-0.803,-0.179,-0.503,5.188,-11.78,19.47,-167.794,74.306,-36.326
-0.838,-0.211,-0.503,6.47,3.662,20.63,-168.322,74.756,-37.65
-0.805,-0.238,-0.511,3.784,9.827,18.555,-168.926,74.674,-39.034
-0.755,-0.205,-0.52,-1.16,11.536,28.32,-170.019,74.366,-40.737
-0.851,-0.171,-0.605,-3.174,14.709,35.889,-171.579,74.13,-42.924
-0.766,-0.087,-0.613,1.953,31.86,46.509,-173.886,73.279,-46.055
-0.721,-0.12,-0.712,9.277,27.832,36.682,-175.649,71.845,-49.065
-0.614,-0.106,-0.683,5.554,20.874,36.133,-176.83,70.768,-51.339
-0.683,-0.074,-0.775,4.883,13.062,33.203,-178.138,70.027,-53.52
-0.688,-0.058,-0.82,-1.77,13.0,31.616,-179.341,69.324,-55.338
-0.859,-0.01,-0.943,-7.385,1.16,19.531,179.418,68.912,-56.684
-0.991,0.022,-0.993,-17.578,9.888,-0.549,178.627,68.708,-56.904
-0.771,0.14,-0.881,-35.4,33.447,-12.634,177.841,67.582,-56.047
-0.449,0.272,-0.798,-48.828,43.274,-22.339,176.693,65.479,-54.651
-0.509,0.403,-0.741,-44.617,20.081,-33.569,175.512,64.243,-53.02
-0.487,0.37,-0.664,-29.48,28.687,-48.401,175.237,63.237,-51.092
-0.425,0.295,-0.597,-18.311,24.658,-50.598,175.77,62.249,-49.048
-0.429,0.194,-0.572,-9.766,16.846,-41.992,176.501,61.573,-47.587
-0.5,0.149,-0.609,-13.184,11.658,-34.607,176.979,61.199,-46.648
-0.535,0.174,-0.653,-11.719,9.827,-35.767,177.22,60.908,-45.829
-0.627,0.157,-0.724,-8.972,2.808,-36.926,177.775,60.903,-44.786
-0.684,0.128,-0.754,-6.897,10.559,-34.119,178.495,60.936,-43.682
-0.608,0.133,-0.754,-6.409,11.169,-27.71,179.088,60.562,-42.841
-0.582,0.132,-0.788,-6.592,7.874,-25.024,179.572,60.337,-42.193
-0.56,0.157,-0.798,-3.845,0.427,-22.095,179.918,60.293,-41.77
-0.548,0.166,-0.81,2.991,4.761,-19.714,-179.528,60.353,-41.462
-0.571,0.12,-0.863,12.695,-10.071,-14.16,-178.824,60.601,-41.611
-0.709,-0.013,-0.998,1.648,-16.174,-8.484,-178.275,61.375,-41.83
-0.681,0.033,-1.001,-19.104,-5.859,3.601,-178.923,61.782,-42.424
-0.749,0.139,-1.05,-13.916,-13.306,-5.859,-179.918,62.243,-42.918
-0.575,0.047,-0.896,1.282,3.357,-9.644,-179.874,62.38,-42.891
-0.38,-0.025,-0.773,11.963,-2.808,-10.193,-179.187,62.117,-42.693
-0.485,-0.1,-0.772,23.987,1.16,-13.916,-177.676,62.139,-42.006
-0.372,-0.16,-0.709,19.592,11.475,6.104,-176.309,61.562,-41.737
-0.285,-0.206,-0.641,7.202,-3.296,11.963,-175.853,61.051,-42.16
-0.502,-0.154,-0.656,-10.315,-29.358,7.019,-175.974,61.782,-42.177
-0.66,-0.07,-0.683,-10.437,-16.052,8.85,-176.534,62.869,-42.286
-0.704,-0.076,-0.724,-2.319,-7.568,8.606,-176.94,63.402,-42.748
-0.675,-0.088,-0.724,2.808,3.296,11.841,-177.078,63.495,-43.412
-0.655,-0.072,-0.709,6.47,4.395,21.79,-177.308,63.364,-44.55
-0.636,-0.066,-0.702,9.949,4.15,28.198,-177.704,63.243,-46.258
-0.602,-0.059,-0.674,13.794,-0.916,32.715,-178.149,63.204,-48.301
-0.668,-0.052,-0.721,13.123,-4.456,37.659,-178.72,63.463,-50.652
-0.645,-0.076,-0.769,17.029,5.249,33.569,-179.176,63.435,-52.96
-0.664,-0.108,-0.894,13.123,8.667,28.381,-179.418,63.023,-54.838
-0.527,-0.106,-0.869,5.371,8.545,27.588,-179.764,62.49,-56.36
-0.544,-0.054,-0.89,-0.916,-10.62,21.912,179.533,62.468,-57.711
-0.805,-0.02,-1.009,-5.188,-24.292,5.737,179.176,63.303,-58.173
-0.99,0.086,-1.085,-7.324,2.258,-7.019,179.006,63.885,-57.827
-0.58,0.116,-0.873,-14.526,26.855,-12.878,179.138,62.941,-56.635
-0.475,0.225,-0.848,-24.536,8.484,-7.019,178.445,61.87,-55.756
-0.44,0.171,-0.739,-25.208,7.874,-25.574,177.797,61.463,-54.421
-0.359,0.201,-0.605,-27.466,0.122,-31.799,177.446,61.199,-52.24
-0.386,0.219,-0.533,-19.714,-6.897,-24.536,177.089,61.364,-50.219
-0.506,0.23,-0.579,-11.292,-5.859,-15.747,176.748,61.65,-48.768
-0.615,0.201,-0.649,-5.371,2.747,-15.564,176.523,61.754,-47.642
-0.623,0.189,-0.696,-4.822,11.78,-20.264,176.633,61.458,-46.219
-0.683,0.151,-0.741,-2.197,11.292,-19.653,176.94,61.084,-44.665
-0.581,0.125,-0.707,-6.714,11.536,-17.7,177.177,60.59,-43.22
-0.623,0.098,-0.704,-11.047,-2.563,-20.264,177.231,60.65,-41.792
-0.632,0.107,-0.72,-13.062,2.502,-19.226,177.177,60.919,-40.325
-0.568,0.115,-0.735,-10.132,1.587,-10.559,176.995,60.936,-39.205
-0.657,0.153,-0.846,-12.573,13.977,-0.793,176.512,60.732,-38.694
-0.536,0.265,-0.926,-4.883,8.545,-5.31,176.072,59.985,-38.238
-0.625,0.286,-0.937,0.549,-9.277,-14.282,176.204,60.266,-37.414
-0.755,0.264,-1.035,15.198,-9.399,-28.32,177.149,60.749,-35.898
-0.916,0.037,-1.1,26.123,-9.705,-23.315,179.017,61.359,-34.036
-0.669,-0.079,-0.845,6.531,4.761,30.884,179.511,61.408,-34.217
-0.463,0.01,-0.746,9.033,13.733,47.18,178.215,60.694,-36.711
-0.455,-0.07,-0.768,20.508,32.898,27.771,177.836,59.573,-38.721
-0.209,-0.095,-0.711,17.517,38.147,26.917,178.187,57.469,-39.952
-0.147,-0.131,-0.681,7.08,5.31,34.241,178.16,56.074,-41.512
-0.357,-0.047,-0.652,-4.639,-30.029,35.278,177.402,56.349,-43.473
-0.646,0.017,-0.686,-5.005,-30.762,33.264,176.276,57.695,-45.527
-0.667,0.08,-0.68,-0.916,-14.099,34.973,175.177,58.53,-47.543
-0.712,0.083,-0.734,3.296,-0.854,35.95,174.238,58.782,-49.598
-0.606,0.1,-0.748,9.949,14.771,36.682,173.54,58.255,-51.553
-0.461,0.104,-0.725,15.076,3.357,39.185,173.128,57.563,-53.591
-0.582,0.09,-0.775,23.56,-12.451,38.757,172.914,57.788,-55.865
-0.644,-0.001,-0.926,26.123,-4.7,38.269,172.974,57.969,-58.145
-0.549,-0.077,-1.034,18.433,-6.531,37.415,173.035,57.92,-60.287
-0.554,-0.143,-1.016,2.258,-22.278,35.034,172.623,58.513,-62.457
-0.819,0.113,-1.101,-20.447,-35.156,38.33,170.832,59.672,-64.99
-0.658,0.394,-0.974,-16.724,10.071,22.217,168.843,59.974,-66.995
-0.261,0.439,-0.794,-13.55,14.587,-3.174,168.129,58.925,-67.154
-0.458,0.449,-0.738,-16.235,-9.827,-28.015,167.75,59.112,-66.22
-0.482,0.443,-0.66,-13.672,23.193,-56.946,168.234,59.134,-63.49
-0.394,0.403,-0.605,-3.052,29.297,-68.054,169.717,58.359,-59.266
-0.364,0.288,-0.579,8.118,18.005,-68.237,171.766,57.711,-54.827
-0.458,0.229,-0.618,14.587,6.226,-60.974,173.892,57.585,-50.867
-0.597,0.105,-0.675,19.958,0.366,-56.03,176.215,57.821,-47.302
-0.644,0.068,-0.705,10.803,10.315,-46.082,178.259,57.881,-44.198
-0.605,0.039,-0.749,10.254,16.418,-44.922,-179.973,57.48,-41.325
-0.493,0.047,-0.71,6.897,9.705,-32.043,-178.577,56.992,-39.001
-0.608,0.04,-0.754,7.751,-1.831,-22.461,-177.528,57.09,-37.354
-0.549,0.081,-0.772,5.554,4.639,-11.414,-176.858,57.09,-36.326
-0.602,0.131,-0.888,9.644,-8.789,-0.366,-176.567,57.189,-36.019
-0.668,0.046,-0.973,7.812,-7.202,-3.174,-176.111,57.887,-35.728
-0.671,-0.007,-1.061,16.052,3.235,-10.681,-175.573,57.964,-35.299
-0.729,-0.196,-1.155,20.569,-12.146,-15.32,-174.232,58.096,-34.371
-0.541,-0.273,-0.987,10.254,17.09,1.587,-173.106,57.997,-33.761
-0.274,-0.228,-0.939,13.611,3.235,6.958,-172.798,57.239,-34.898
-0.389,-0.281,-0.888,3.357,0.854,0.244,-172.172,57.085,-35.629
-0.312,-0.214,-0.784,0.732,6.409,6.592,-172.095,56.585,-36.392
-0.295,-0.212,-0.641,3.296,-1.953,13.184,-172.029,56.212,-37.288
-0.382,-0.171,-0.588,5.615,-7.08,26.001,-172.139,56.277,-38.677
-0.494,-0.22,-0.62,11.841,-3.296,24.597,-172.156,56.552,-40.457
-0.577,-0.236,-0.674,6.042,-2.808,20.325,-172.057,56.739,-42.039
-0.618,-0.235,-0.716,-2.441,6.958,24.475,-172.238,56.728,-43.605
-0.65,-0.155,-0.781,-8.789,15.442,29.968,-173.123,56.415,-45.615
-0.554,-0.098,-0.788,-5.981,23.499,33.325,-174.188,55.602,-47.906
-0.442,-0.077,-0.782,-2.93,18.188,34.973,-175.182,54.767,-50.301
-0.466,-0.06,-0.844,-1.465,8.057,33.691,-176.089,54.333,-52.657
-0.448,-0.053,-0.823,-2.38,-1.526,28.687,-176.874,54.24,-54.756
-0.589,-0.061,-0.906,-2.441,-6.653,16.541,-177.451,54.52,-56.382
-0.508,-0.121,-0.871,-7.629,0.122,0.977,-177.715,54.608,-57.173
-0.563,-0.122,-0.903,-18.799,-2.441,-4.089,-178.154,54.756,-57.393
-0.532,-0.083,-0.983,-23.926,8.728,-6.226,-178.929,54.525,-57.508
-0.617,-0.008,-1.148,-28.931,11.292,-9.094,-179.753,54.064,-57.398
-0.512,0.13,-1.118,-29.297,17.639,-25.635,179.313,53.366,-56.904
-0.355,0.099,-0.951,-40.466,25.513,-48.462,179.011,52.361,-54.794
-0.329,0.374,-0.904,-59.143,6.897,-27.283,177.281,51.493,-53.009
-0.422,0.404,-0.844,-40.161,5.432,-32.41,175.402,51.345,-51.713
-0.314,0.373,-0.68,-27.039,11.169,-28.748,174.249,50.993,-50.219
-0.261,0.301,-0.575,-8.667,-4.456,-25.146,173.65,50.911,-49.065
-0.342,0.203,-0.546,0.916,-21.851,-23.804,173.65,51.702,-48.131
-0.558,0.166,-0.631,2.808,-23.499,-19.104,173.798,53.075,-47.527
-0.625,0.132,-0.695,1.953,-2.136,-18.25,174.133,53.882,-46.84
-0.626,0.169,-0.757,-1.343,0.671,-12.634,174.441,54.218,-47.241
-0.588,0.181,-0.773,-0.61,6.287,-10.193,174.611,54.371,-47.84
-0.522,0.224,-0.791,-2.502,3.906,-6.531,174.688,54.338,-48.527
-0.521,0.189,-0.776,3.418,-0.916,-11.536,174.957,54.63,-49.037
-0.466,0.254,-0.732,3.601,1.77,-1.343,175.001,54.86,-49.845
-0.585,0.206,-0.843,15.93,-19.531,-8.362,175.457,55.536,-50.735
-0.488,0.181,-0.964,16.541,-30.579,3.174,175.99,56.64,-51.757
-0.663,0.152,-1.066,17.212,-41.199,13.672,176.232,58.436,-53.591
-0.956,0.117,-1.172,20.752,-37.415,11.292,176.402,60.408,-55.668
-0.743,0.021,-1.017,21.179,-2.014,8.728,176.924,61.309,-57.415
-0.423,-0.058,-0.85,21.667,8.484,9.949,177.66,60.886,-58.661
-0.475,-0.143,-0.81,19.897,3.784,0.916,178.577,60.639,-59.277
-0.289,-0.142,-0.711,10.986,13.123,6.592,179.478,59.908,-59.42
-0.219,-0.078,-0.585,2.258,-7.935,17.395,179.621,59.48,-60.024
-0.383,-0.04,-0.583,3.235,-30.579,12.268,179.456,60.255,-60.776
-0.625,-0.068,-0.616,2.441,-31.799,6.042,179.555,61.743,-61.144
-0.723,-0.045,-0.673,0.61,-17.578,5.737,179.594,62.809,-61.441
-0.818,-0.052,-0.729,2.014,-0.977,4.517,179.692,63.397,-61.721
-0.677,-0.029,-0.714,0.366,9.094,11.963,179.572,63.1,-62.298
-0.655,-0.033,-0.696,1.221,7.568,10.132,179.374,62.88,-62.996
-0.558,-0.031,-0.637,1.831,3.784,8.24,179.313,62.704,-63.528
-0.578,-0.081,-0.624,1.831,-3.784,4.517,179.363,62.952,-63.924
-0.58,-0.106,-0.702,-4.456,-7.324,-0.427,179.456,63.221,-64.045
-0.652,-0.104,-0.82,-10.742,-4.517,-6.836,179.489,63.572,-63.809
-0.907,-0.067,-1.098,-21.057,-14.465,-8.301,179.434,64.034,-63.188
-0.931,0.133,-1.175,-26.489,-3.418,-1.892,178.522,64.44,-62.952
-0.979,0.245,-1.15,-23.315,-6.409,-17.761,177.814,64.819,-62.325
-0.629,0.289,-0.878,-23.193,15.503,-23.315,177.512,64.583,-60.941
-0.643,0.329,-0.819,-20.508,9.033,-24.536,177.259,64.039,-59.458
-0.5,0.256,-0.606,-15.503,35.156,-26.917,177.237,63.067,-58.233
-0.298,0.225,-0.496,-13.916,38.635,-31.372,177.33,61.276,-56.904
-0.158,0.153,-0.413,-10.498,21.973,-45.471,177.83,59.952,-55.052
-0.326,0.088,-0.506,-8.24,-12.39,-56.335,178.786,60.04,-52.559
-0.666,0.012,-0.657,-7.935,-13.367,-56.824,-179.879,61.013,-49.658
-0.733,0.0,-0.752,-12.695,3.967,-49.133,-178.682,61.254,-46.862
-0.704,0.034,-0.78,-23.01,11.292,-35.156,-178.154,61.013,-44.643
-0.615,0.103,-0.743,-26.306,11.719,-28.259,-178.456,60.606,-43.193
-0.579,0.113,-0.721,-22.339,6.104,-41.87,-178.473,60.337,-41.364
-0.586,0.065,-0.717,-17.822,8.789,-48.157,-177.902,60.139,-38.903
-0.581,0.039,-0.737,-18.372,-4.456,-41.382,-177.314,60.117,-36.535
-0.597,0.119,-0.726,-22.583,-5.737,-25.391,-177.303,60.546,-34.898
-0.548,0.174,-0.698,-15.686,-8.423,-27.466,-177.567,60.952,-33.799
-0.689,0.154,-0.823,-5.005,-13.062,-44.189,-177.067,61.578,-32.113
-0.84,-0.003,-0.989,7.385,-15.747,-60.608,-175.232,62.353,-29.246
-0.631,-0.109,-0.881,6.042,-12.146,-60.791,-172.705,62.825,-25.724
-0.602,-0.218,-0.819,-1.648,-15.198,-57.251,-170.294,63.232,-22.121
-0.438,-0.229,-0.646,-14.282,-29.358,-51.147,-168.47,63.825,-18.605
-0.523,-0.213,-0.584,-24.353,-44.25,-52.124,-167.069,65.154,-14.936
-0.742,-0.215,-0.645,-23.315,-38.208,-62.988,-165.295,66.616,-10.536
-0.883,-0.283,-0.735,-27.771,-10.925,-58.533,-163.46,67.066,-6.169
-0.71,-0.294,-0.718,-38.391,21.912,-48.279,-162.894,65.923,-3.071
-0.562,-0.239,-0.695,-51.27,19.165,-39.551,-163.471,64.391,-0.714
-0.54,-0.147,-0.685,-58.167,3.235,-37.842,-164.734,63.528,1.461
-0.66,-0.139,-0.701,-59.57,0.793,-51.758,-165.751,63.116,4.29
-0.596,-0.15,-0.666,-60.303,-1.404,-65.43,-166.344,62.534,7.921
-0.613,-0.187,-0.657,-63.293,-4.639,-74.341,-166.591,62.155,12.277
-0.685,-0.24,-0.755,-62.744,-0.977,-77.576,-166.729,61.716,16.891
-0.597,-0.234,-0.768,-67.627,5.249,-67.322,-167.135,60.991,21.226
-0.471,-0.153,-0.752,-63.171,4.7,-55.237,-168.113,60.266,24.785
-0.601,-0.119,-0.915,-52.551,-15.93,-54.382,-168.942,60.051,28.076
-0.656,-0.168,-0.854,-45.776,-3.052,-61.34,-168.986,60.386,31.871
-0.917,-0.06,-0.987,-55.786,-4.15,-51.025,-169.393,60.337,35.359
-0.547,0.081,-0.764,-60.913,20.691,-42.175,-170.75,59.502,38.09
-0.391,0.232,-0.686,-62.744,-2.441,-36.438,-172.738,58.832,40.435
-0.64,0.212,-0.728,-50.659,-7.812,-51.514,-174.249,59.233,43.451
-0.559,0.221,-0.745,-45.166,9.094,-62.805,-175.029,58.859,47.417
-0.555,0.184,-0.783,-35.339,13.367,-58.716,-175.353,58.206,51.652
-0.49,0.154,-0.785,-29.236,4.639,-49.133,-175.622,57.618,55.459
-0.541,0.103,-0.774,-27.527,-7.202,-47.607,-175.858,57.656,59.013
-0.593,0.103,-0.749,-28.564,-13.062,-45.715,-176.072,58.118,62.54
-0.65,0.103,-0.726,-23.071,-12.817,-36.499,-176.248,58.804,65.753
-0.56,0.177,-0.654,-18.127,-9.766,-18.127,-176.737,59.315,68.06
-0.587,0.217,-0.634,-1.892,-26.733,-7.69,-177.248,60.172,69.593
-0.823,0.145,-0.703,14.832,-31.494,-19.958,-176.836,61.765,71.356
-0.906,0.131,-0.72,17.944,-26.123,-14.099,-175.682,63.254,73.51
-0.947,0.126,-0.768,28.259,-15.869,-7.629,-174.661,64.407,75.02
-0.979,-0.013,-0.846,40.1,0.916,-23.926,-172.661,64.962,76.926
-0.711,-0.154,-0.77,37.354,33.63,-25.269,-169.997,64.226,79.261
-0.382,-0.276,-0.779,25.33,40.955,-15.564,-168.113,62.298,80.678
-0.289,-0.318,-0.801,13.0,12.024,-26.062,-166.701,60.727,81.925
-0.492,-0.375,-0.862,-4.028,3.479,-31.494,-165.218,60.095,84.078
-0.478,-0.332,-0.854,-23.926,9.766,-20.813,-164.998,59.299,85.737
-0.345,-0.204,-0.74,-43.823,-3.418,-17.7,-166.003,58.749,87.006
-0.554,-0.055,-0.723,-49.011,-16.052,-30.823,-167.322,59.024,88.951
-0.603,-0.051,-0.708,-33.997,-2.869,-45.959,-167.833,59.057,91.95
-0.612,-0.174,-0.771,-29.602,2.625,-46.509,-167.745,58.651,95.262
-0.559,-0.193,-0.818,-33.02,15.198,-41.26,-167.959,57.838,98.3
-0.443,-0.231,-0.793,-39.246,6.531,-40.955,-168.442,56.981,101.168
-0.496,-0.232,-0.809,-47.668,-0.732,-44.556,-169.156,56.64,104.244
-0.519,-0.204,-0.841,-49.622,-6.836,-48.401,-169.991,56.497,107.54
-0.405,-0.252,-0.739,-43.396,-21.484,-60.608,-170.349,56.772,111.401
-0.678,-0.247,-0.859,-43.762,-39.551,-56.58,-170.173,57.986,115.801
-0.837,-0.229,-1.003,-40.039,-18.127,-46.631,-170.195,59.15,119.85
-0.781,-0.143,-1.056,-44.922,-3.174,-29.541,-170.744,59.442,123.151
-0.674,0.048,-0.997,-43.03,10.071,-21.362,-171.909,59.266,125.744
-0.377,0.285,-0.903,-50.415,11.475,9.705,-174.128,58.403,126.947
-0.494,0.387,-0.88,-40.466,3.357,5.554,-176.99,58.25,127.172
-0.36,0.33,-0.826,-27.893,12.39,-23.56,-178.654,57.524,128.584
-0.346,0.278,-0.751,-20.508,-1.831,-29.297,-179.308,57.096,131.006
-0.455,0.217,-0.689,-13.428,-10.193,-27.771,-179.577,57.299,133.418
-0.411,0.181,-0.605,-10.254,-9.094,-24.048,-179.769,57.519,135.621
-0.491,0.184,-0.599,-5.615,-23.315,-19.348,-179.896,58.282,137.598
-0.665,0.15,-0.619,3.052,-24.475,-16.418,-179.775,59.54,139.362
-0.755,0.103,-0.654,7.996,-4.578,-21.912,-179.22,60.282,141.361
-0.721,0.101,-0.683,7.019,13.245,-22.217,-178.412,60.134,143.707
-0.615,0.052,-0.732,9.766,21.301,-23.499,-177.495,59.381,146.058
-0.526,0.041,-0.803,6.653,10.376,-20.569,-176.666,58.705,148.25
-0.554,0.046,-0.83,7.874,5.371,-23.499,-175.836,58.409,150.375
-0.528,0.04,-0.882,10.132,-10.559,-17.456,-174.88,58.403,152.435
-0.809,0.041,-0.967,3.601,-23.132,-5.249,-174.194,59.507,153.99
-0.957,0.135,-1.101,15.93,-4.517,-14.099,-173.831,60.172,155.149
-0.797,0.139,-1.015,35.645,13.916,-10.925,-172.282,59.886,156.824
-0.409,-0.006,-0.718,75.867,28.931,0.244,-169.821,58.804,157.555
-0.276,-0.327,-0.717,99.365,23.132,2.258,-165.932,57.398,157.769
-0.248,-0.612,-0.69,93.506,19.775,5.859,-161.422,56.371,157.879
-0.207,-0.755,-0.659,55.847,0.854,20.813,-158.121,55.92,157.319
-0.348,-0.631,-0.606,10.803,-17.151,20.142,-156.786,56.541,156.638
-0.511,-0.478,-0.606,-8.118,-14.343,14.404,-156.632,57.36,156.379
-0.567,-0.423,-0.608,-10.559,-0.549,9.399,-156.874,57.711,156.44
-0.57,-0.445,-0.644,-11.536,0.549,11.719,-157.203,57.832,156.594
-0.639,-0.439,-0.698,-12.207,13.306,17.944,-157.879,57.898,156.484
-0.527,-0.405,-0.672,-14.404,18.311,29.846,-159.115,57.585,155.605
-0.479,-0.377,-0.689,-14.16,15.564,29.907,-160.527,57.376,154.457
-0.497,-0.336,-0.764,-15.32,12.939,36.804,-162.054,57.327,153.073
-0.451,-0.37,-0.836,-13.977,15.259,36.194,-163.597,57.145,151.458
-0.388,-0.337,-0.836,-19.836,-9.338,32.715,-165.223,57.112,149.788
-0.626,-0.357,-0.908,-23.987,-22.034,17.09,-166.437,58.2,149.084
-0.802,-0.177,-1.061,-33.203,-3.235,25.818,-168.19,58.947,148.469
-0.686,0.006,-1.076,-25.696,3.418,11.658,-170.118,59.035,147.898
-0.526,0.127,-0.942,-17.09,9.216,17.151,-171.513,58.744,147.689
-0.4,0.198,-0.865,-19.287,1.892,24.414,-173.26,58.37,146.777
-0.455,0.183,-0.786,-23.926,-2.808,2.563,-174.974,58.425,146.382
-0.397,0.168,-0.686,-29.114,-6.592,-18.799,-176.171,58.431,147.48
-0.446,0.171,-0.615,-27.588,-7.568,-29.419,-177.067,58.678,149.365
-0.48,0.157,-0.62,-20.63,-3.113,-30.762,-177.512,58.826,151.661
-0.496,0.134,-0.624,-12.634,-10.742,-23.804,-177.786,59.101,153.638
-0.657,0.083,-0.676,-6.287,-12.268,-27.222,-177.649,59.744,155.682
-0.714,0.055,-0.715,-4.028,-1.282,-24.475,-177.264,60.101,157.841
-0.749,0.001,-0.743,-3.113,8.972,-23.438,-176.814,60.057,159.95
-0.657,0.017,-0.72,-8.362,8.728,-11.963,-176.666,59.711,161.768
-0.601,0.082,-0.696,-7.202,6.47,-8.789,-176.984,59.513,162.977
-0.579,0.179,-0.699,-4.883,7.019,-8.423,-177.182,59.387,164.213
-0.613,0.153,-0.763,13.794,6.348,-20.264,-176.819,59.183,165.553
-0.652,0.061,-0.851,19.897,7.446,-19.958,-175.518,58.848,167.377
-0.597,-0.036,-0.853,18.799,5.92,-18.066,-174.232,58.601,168.926
-0.546,-0.122,-0.875,14.526,11.23,-21.423,-172.908,58.167,170.612
-0.485,-0.23,-0.915,4.7,0.244,-18.616,-171.837,57.766,172.249
-0.698,-0.135,-1.017,-16.357,-3.662,-8.057,-171.694,57.92,173.568
-0.699,-0.105,-1.092,-8.972,-3.906,-18.127,-171.87,57.892,174.809
-0.603,-0.134,-1.036,-11.902,4.883,-16.602,-171.7,57.711,176.484
-0.275,-0.113,-0.847,-9.094,5.188,-4.211,-171.942,57.217,177.429
-0.378,-0.14,-0.866,1.77,-7.324,-5.371,-171.865,57.266,178.033
-0.322,-0.199,-0.838,5.554,5.066,1.953,-171.42,56.953,178.495
-0.272,-0.246,-0.806,5.31,-6.775,8.423,-171.233,56.794,178.358
-0.246,-0.282,-0.68,-5.249,-25.024,12.512,-171.233,57.354,178.105
-0.453,-0.212,-0.641,-12.939,-44.434,11.902,-171.727,58.986,177.852
-0.697,-0.126,-0.64,-15.747,-33.691,13.428,-172.354,60.875,177.924
-0.721,-0.065,-0.608,-3.357,-15.869,4.456,-172.958,62.117,178.182
-0.717,-0.197,-0.602,1.892,-7.568,-1.404,-172.606,62.787,179.203
-0.761,-0.225,-0.667,-0.671,12.329,15.93,-172.683,63.045,179.753
-0.579,-0.212,-0.655,0.549,19.226,29.541,-173.392,62.468,179.28
-0.694,-0.133,-0.783,-1.465,12.39,43.03,-174.644,62.166,177.929
-0.527,-0.099,-0.744,1.892,15.991,40.1,-175.995,61.628,176.199
-0.544,-0.059,-0.79,-3.479,6.653,38.208,-177.226,61.326,174.644
-0.574,-0.012,-0.835,1.099,0.793,29.602,-178.401,61.199,173.188
-0.533,-0.071,-0.833,5.188,-9.399,20.63,-178.852,61.375,172.365
-0.695,-0.055,-0.926,1.709,-7.019,31.555,-179.506,61.88,171.282
-0.519,-0.009,-0.923,0.793,-1.77,37.292,179.412,61.815,169.634
-0.662,0.052,-1.013,-3.113,-37.964,28.809,178.132,62.644,167.833
-0.917,0.136,-0.966,-13.245,-20.569,15.198,176.984,64.094,166.855
-0.608,0.249,-0.827,-20.386,-2.197,12.39,175.616,64.254,166.454
-0.527,0.392,-0.745,-24.658,-7.263,12.573,173.82,64.308,165.927
-0.593,0.389,-0.691,-14.16,-4.456,-2.075,172.397,64.506,165.762
-0.589,0.314,-0.663,-9.277,9.583,-14.099,172.095,64.314,166.75
-0.502,0.307,-0.63,-2.563,11.78,-7.141,171.947,63.765,167.739
-0.489,0.274,-0.603,0.488,4.944,-2.625,171.744,63.27,168.234
-0.525,0.257,-0.573,1.099,2.258,-7.446,171.601,63.094,168.717
-0.61,0.243,-0.621,0.549,-0.549,-12.268,171.639,63.111,169.508
-0.7,0.178,-0.649,1.587,8.118,-22.827,172.09,63.182,170.898
-0.716,0.182,-0.688,-4.089,16.907,-23.621,172.705,62.853,172.82
-0.671,0.16,-0.685,-6.47,20.02,-26.733,173.32,62.271,174.952
-0.605,0.141,-0.648,-8.24,12.756,-29.419,173.914,61.815,177.275
-0.677,0.136,-0.679,-10.254,7.996,-32.043,174.457,61.798,179.67
-0.64,0.16,-0.691,-10.742,11.78,-23.56,174.869,61.633,-178.094
-0.659,0.188,-0.755,-7.935,12.756,-14.038,174.88,61.276,-176.605
-0.562,0.243,-0.741,-5.859,19.226,-6.409,174.803,60.661,-175.518
-0.503,0.232,-0.776,6.958,-2.563,-11.78,174.963,60.287,-174.716
-0.624,0.199,-0.842,7.446,-6.287,-14.893,175.551,60.738,-173.732
-0.653,0.165,-0.845,14.465,-12.024,-18.372,176.495,61.249,-172.551
-0.82,0.079,-1.011,12.573,-12.268,-4.578,177.512,61.935,-171.601
-0.716,-0.06,-1.159,7.69,-14.343,12.268,177.781,62.479,-171.634
-0.594,-0.006,-0.969,-12.634,-23.254,34.119,176.66,63.331,-172.925
-0.394,0.047,-0.725,-0.244,-23.499,24.17,174.952,64.067,-174.787
-0.659,-0.055,-0.727,12.39,-28.87,1.221,174.952,65.308,-175.353
-0.646,-0.038,-0.694,12.207,4.272,15.442,175.419,65.687,-175.424
-0.55,-0.065,-0.678,13.367,22.217,21.912,175.616,64.836,-175.984
-0.376,-0.043,-0.611,9.583,9.766,23.376,175.616,63.787,-176.677
-0.473,-0.011,-0.608,5.188,-12.451,22.461,175.32,63.726,-177.589
-0.683,0.004,-0.648,6.653,-11.719,14.832,175.111,64.303,-178.204
-0.752,0.008,-0.716,7.202,6.348,12.878,175.133,64.341,-178.369
-0.681,-0.002,-0.736,5.066,16.968,12.451,175.221,63.748,-178.314
-0.563,-0.0,-0.74,3.235,9.583,13.123,175.15,63.078,-178.363
-0.538,0.014,-0.692,0.549,-5.92,12.451,174.946,63.105,-178.522
-0.632,0.04,-0.723,4.761,-11.597,9.521,174.743,63.655,-178.781
-0.626,-0.002,-0.727,5.798,-0.854,6.531,174.93,63.935,-178.715
-0.648,-0.016,-0.813,3.906,-5.737,4.395,175.056,63.962,-178.605
-0.631,-0.043,-0.845,-2.869,-4.028,3.235,175.281,64.149,-178.198
-0.642,-0.002,-0.896,-6.836,-4.272,5.859,175.007,64.259,-178.116
-0.831,0.15,-1.019,-11.169,-18.921,7.69,174.49,64.742,-178.143
-1.023,0.315,-1.057,-2.808,6.165,-4.639,174.034,65.275,-178.05
-0.492,0.317,-0.758,1.648,23.926,-12.39,174.556,64.352,-176.946
-0.49,0.307,-0.744,4.883,-9.521,-14.099,175.067,63.913,-175.968
-0.679,0.179,-0.695,5.493,-0.427,-27.161,175.853,64.391,-174.798
-0.583,0.119,-0.626,-0.488,15.32,-37.17,177.116,64.056,-172.54
-0.543,0.099,-0.592,-7.141,16.479,-30.823,178.099,63.424,-170.156
-0.471,0.084,-0.546,-11.353,10.864,-24.536,178.5,62.88,-168.245
-0.482,0.138,-0.56,-11.719,-0.244,-13.733,178.347,62.754,-166.97
-0.626,0.128,-0.645,-4.517,-4.211,-11.658,178.248,63.1,-166.053
-0.688,0.122,-0.693,0.366,1.709,-9.094,178.341,63.232,-165.256
-0.712,0.093,-0.744,2.136,10.071,-8.301,178.544,63.056,-164.498
-0.657,0.077,-0.729,0.061,8.789,-7.324,178.802,62.688,-163.685
-0.586,0.081,-0.688,0.305,5.005,-7.874,178.951,62.441,-162.966
-0.65,0.072,-0.686,-0.244,-7.996,-6.042,179.154,62.759,-162.241
-0.626,0.102,-0.705,-0.061,0.305,-1.526,179.149,63.04,-161.774
-0.744,0.168,-0.818,1.221,0.183,3.357,178.956,63.199,-161.625
-0.633,0.188,-0.798,9.888,-3.479,2.38,178.929,63.133,-161.642
-0.844,0.177,-0.909,14.465,-12.817,3.296,179.176,63.798,-161.741
-0.841,0.07,-0.988,23.682,4.7,-5.92,179.962,63.929,-161.576
-0.98,-0.056,-1.091,14.526,13.0,-0.977,-178.945,63.825,-160.994
-0.465,-0.02,-0.844,6.958,34.607,16.479,-178.907,62.43,-161.268
-0.283,-0.042,-0.756,18.311,5.127,-1.77,-178.66,61.227,-161.625
-0.553,-0.117,-0.763,20.63,7.019,-16.602,-177.127,61.078,-160.697
-0.394,-0.166,-0.721,17.09,26.306,-1.831,-175.809,59.892,-159.944
-0.336,-0.198,-0.664,11.047,12.451,6.592,-175.128,58.865,-159.922
-0.418,-0.197,-0.657,4.028,-1.892,6.836,-174.738,58.612,-159.988
-0.487,-0.165,-0.65,-1.953,-9.399,12.451,-174.699,58.903,-160.06
-0.666,-0.126,-0.742,-4.333,-4.944,14.099,-175.067,59.425,-160.285
-0.61,-0.109,-0.77,-2.93,13.245,17.639,-175.529,59.134,-160.615
-0.554,-0.104,-0.786,-0.183,13.245,19.836,-176.072,58.612,-161.23
-0.547,-0.079,-0.757,1.343,-2.808,20.142,-176.506,58.387,-161.922
-0.584,-0.009,-0.736,2.747,-2.686,20.813,-176.924,58.656,-162.664
-0.557,-0.043,-0.761,15.015,-4.211,7.935,-176.88,58.92,-163.07
-0.57,-0.164,-0.797,12.39,4.761,7.507,-176.221,59.101,-162.966
-0.629,-0.167,-0.914,5.92,4.639,16.663,-176.116,58.953,-163.246
-0.48,-0.205,-0.893,-1.465,8.362,18.25,-176.298,58.612,-163.707
-0.548,-0.125,-0.94,-9.155,-11.353,21.484,-177.05,58.683,-164.416
-0.752,-0.031,-1.06,-7.935,-4.211,18.494,-177.891,59.106,-165.119
-0.726,0.049,-1.077,7.812,-3.113,5.249,-178.226,59.101,-165.542
-0.642,0.035,-0.937,9.094,26.062,-4.883,-177.528,58.612,-165.048
-0.362,0.104,-0.866,-6.042,32.593,9.949,-177.528,56.788,-164.888
-0.339,0.179,-0.788,-8.362,12.817,13.672,-178.561,55.789,-165.734
-0.323,0.211,-0.7,-4.822,5.615,7.446,-179.258,55.245,-166.24
-0.36,0.186,-0.663,6.287,8.545,13.794,-179.764,54.772,-167.058
-0.333,0.148,-0.663,8.301,4.761,14.648,179.945,54.316,-168.014
-0.444,0.147,-0.716,9.644,-3.967,13.245,179.709,54.234,-168.915
-0.574,0.147,-0.743,13.245,0.549,12.268,179.637,54.305,-169.64
-0.663,0.07,-0.863,12.512,21.545,13.428,179.786,53.839,-170.173
-0.436,0.126,-0.82,7.568,30.273,5.066,179.791,52.509,-170.42
-0.383,0.089,-0.777,10.803,1.892,-5.737,-179.852,51.779,-170.079
-0.602,0.088,-0.852,10.254,-0.427,-4.15,-179.451,52.042,-169.678
-0.429,0.036,-0.839,10.559,13.489,-6.409,-178.846,51.669,-169.063
-0.494,0.073,-0.958,5.859,0.854,-3.052,-178.484,51.476,-168.574
-0.43,0.109,-1.039,4.456,5.432,-0.305,-178.231,51.108,-168.245
-0.477,0.111,-1.124,12.268,-4.578,-2.747,-178.05,51.246,-168.195
-0.543,0.012,-1.142,15.869,-14.099,-5.554,-177.27,51.509,-167.827
-0.721,-0.097,-1.149,22.583,-3.174,4.395,-176.391,52.053,-167.75
-0.33,-0.163,-0.902,17.517,23.071,14.404,-175.737,51.268,-168.162
-0.204,-0.249,-0.806,20.935,1.526,7.69,-174.974,50.647,-168.657
-0.331,-0.311,-0.859,11.475,6.042,3.479,-174.04,50.466,-168.723
-0.204,-0.271,-0.829,1.831,17.517,20.874,-173.815,49.653,-169.316
-0.124,-0.22,-0.75,-8.606,-4.333,34.485,-174.375,49.114,-171.046
-0.371,-0.105,-0.695,-12.329,-26.428,34.729,-175.408,49.949,-173.123
-0.549,-0.024,-0.727,-6.409,-11.597,32.715,-176.353,50.839,-174.716
-0.498,-0.055,-0.728,2.747,-0.793,27.039,-176.896,51.081,-175.908
-0.538,-0.06,-0.749,0.488,-0.732,23.865,-177.226,51.24,-176.682
-0.587,-0.032,-0.828,0.488,10.132,26.55,-177.742,51.268,-177.429
-0.433,-0.023,-0.791,0.671,6.775,25.269,-178.248,50.927,-178.22
-0.495,-0.013,-0.818,2.136,-3.845,21.606,-178.676,51.059,-178.984
-0.448,-0.009,-0.808,4.761,-0.244,18.372,-178.956,51.301,-179.632
-0.508,-0.045,-0.867,5.981,-2.93,15.442,-179.011,51.57,179.835
-0.5,-0.069,-0.975,4.028,3.174,13.611,-179.039,51.542,179.374
-0.407,-0.139,-0.958,-0.244,0.549,2.686,-178.973,51.526,179.264
-0.549,-0.095,-1.078,-13.672,-14.954,-1.587,-179.203,51.982,179.445
-0.738,0.003,-1.208,-20.691,-8.728,-10.315,-179.758,52.564,179.956
-0.555,0.088,-1.137,-29.968,16.907,-23.01,179.659,52.289,-178.682
-0.143,0.246,-0.919,-40.222,20.142,-31.006,178.566,51.207,-177.094
-0.343,0.341,-0.925,-29.358,-8.728,-44.922,177.671,51.268,-175.259
-0.257,0.186,-0.791,-17.822,3.479,-66.345,177.896,51.301,-172.463
-0.308,0.17,-0.729,-26.184,-12.878,-68.176,178.231,51.735,-169.162
-0.347,0.168,-0.659,-27.649,-13.611,-65.308,178.292,52.476,-165.97
-0.426,0.188,-0.657,-26.855,-17.944,-62.744,178.215,53.405,-162.944
-0.525,0.157,-0.681,-21.912,-14.954,-65.552,178.5,54.443,-159.653
-0.585,0.123,-0.701,-17.761,-14.221,-62.134,179.072,55.371,-156.226
-0.653,0.086,-0.73,-17.334,-5.432,-57.007,179.736,56.201,-152.913
-0.633,0.028,-0.754,-20.691,-3.662,-53.04,-179.659,56.689,-149.727
-0.525,0.046,-0.727,-31.555,-4.883,-50.964,-179.434,57.096,-146.602
-0.535,0.163,-0.73,-27.649,-11.047,-41.504,-179.692,57.739,-143.948
-0.64,0.153,-0.796,-20.142,-13.855,-32.288,-179.709,58.579,-141.812
-0.662,0.127,-0.858,-8.423,-3.967,-28.809,-179.61,59.079,-140.257
-0.667,0.089,-0.966,-7.019,-4.944,-22.705,-179.286,59.425,-138.922
-0.759,0.061,-1.031,-2.197,-4.15,-15.869,-178.995,59.766,-138.01
-0.845,0.035,-1.14,3.784,-6.531,-10.376,-178.599,60.013,-137.422
-0.708,-0.031,-1.046,2.747,20.386,4.395,-178.407,59.689,-137.422
-0.193,-0.044,-0.836,11.78,19.653,3.54,-178.27,58.343,-137.889
-0.433,-0.148,-0.877,12.39,1.221,-0.122,-177.55,58.035,-138.137
-0.268,-0.135,-0.76,5.127,12.39,13.428,-177.308,57.272,-138.818
-0.336,-0.136,-0.653,-3.418,-6.348,12.207,-177.495,57.003,-139.823
-0.404,-0.084,-0.643,-7.629,-9.949,5.188,-177.863,57.184,-140.482
-0.498,-0.094,-0.66,-8.85,-12.268,-0.122,-178.044,57.59,-140.559
-0.594,-0.075,-0.671,-10.01,-13.306,-3.052,-178.242,58.228,-140.312
-0.625,-0.076,-0.718,-11.658,-5.127,-2.197,-178.423,58.716,-139.818
-0.641,-0.053,-0.725,-14.099,0.0,0.061,-178.819,59.008,-139.449
-0.574,-0.031,-0.722,-12.146,0.977,-0.244,-179.297,59.068,-139.142
-0.573,-0.001,-0.758,-10.498,2.502,4.761,-179.791,59.194,-139.021
-0.521,-0.018,-0.805,-6.958,0.61,4.089,179.786,59.112,-139.142
-0.58,-0.037,-0.88,-5.798,-6.958,0.183,179.506,59.403,-139.252
-0.698,-0.072,-0.951,-7.08,-14.038,-11.23,179.61,60.024,-138.801
-0.79,-0.049,-1.064,-17.212,-13.123,-12.451,179.55,60.699,-138.038
-0.807,0.093,-1.11,-25.879,-0.061,-24.17,179.198,61.084,-136.95
-0.623,0.159,-0.958,-30.945,0.244,-42.053,179.225,61.15,-134.868
-0.617,0.235,-0.843,-41.26,-6.714,-43.701,178.945,61.287,-132.567
-0.671,0.314,-0.78,-43.03,12.634,-43.518,178.193,61.397,-130.463
-0.383,0.31,-0.625,-31.311,17.578,-43.64,177.792,60.656,-128.348
-0.269,0.203,-0.473,-15.808,1.16,-47.058,177.869,60.414,-126.513
-0.338,0.115,-0.445,-8.484,-15.625,-50.171,178.599,60.952,-124.541
-0.602,0.054,-0.558,-5.31,-23.499,-47.913,179.621,62.161,-122.514
-0.758,0.019,-0.641,-8.789,-8.484,-43.579,-179.198,63.204,-120.295
-0.765,0.046,-0.696,-14.648,-0.183,-38.147,-178.385,63.578,-118.185
-0.756,0.065,-0.685,-22.583,5.432,-35.156,-177.896,63.748,-116.175
-0.68,0.114,-0.684,-21.423,15.137,-32.166,-177.847,63.43,-114.489
-0.56,0.133,-0.668,-17.029,10.803,-32.532,-177.676,62.952,-112.896
-0.526,0.135,-0.674,-11.475,-4.883,-24.292,-177.396,62.99,-111.616
-0.603,0.169,-0.732,-8.606,-19.409,-14.893,-177.512,63.781,-111.231
-0.933,0.132,-0.946,5.432,-39.917,-31.982,-176.891,65.358,-110.468
-0.911,-0.075,-0.836,13.062,-13.611,-45.471,-174.633,66.808,-108.237
-0.831,-0.188,-0.818,5.31,2.014,-40.71,-172.315,67.011,-105.732
-0.507,-0.18,-0.667,-8.24,29.053,-25.269,-171.216,65.934,-104.128
-0.383,-0.2,-0.725,-11.414,0.122,-30.579,-170.667,65.017,-102.821
-0.65,-0.245,-0.757,-21.24,-2.014,-41.992,-169.689,64.946,-100.421
-0.67,-0.217,-0.806,-33.752,20.935,-43.03,-169.228,64.012,-97.839
-0.408,-0.138,-0.737,-41.931,14.038,-36.255,-169.585,62.54,-95.658
-0.476,-0.121,-0.71,-41.382,-13.0,-29.846,-170.228,62.276,-93.752
-0.708,-0.115,-0.718,-39.001,-5.737,-27.466,-170.997,62.661,-92.181
-0.582,-0.138,-0.709,-43.396,19.287,-40.955,-171.623,62.018,-90.396
-0.443,-0.138,-0.744,-44.556,10.986,-50.659,-171.985,60.958,-87.847
-0.536,-0.128,-0.784,-44.922,-11.719,-50.598,-172.233,60.738,-85.018
-0.608,-0.127,-0.784,-37.537,-12.878,-49.561,-172.227,61.1,-82.106
-0.607,-0.146,-0.809,-41.077,-13.306,-42.847,-172.288,61.529,-79.536
-0.635,-0.085,-0.88,-47.485,-28.137,-42.603,-172.749,62.155,-77.157
-0.817,-0.063,-0.829,-45.532,-26.794,-54.016,-172.831,63.479,-74.24
-1.013,0.041,-0.917,-46.021,-7.263,-47.974,-172.919,64.21,-71.378
-0.621,0.09,-0.806,-49.194,16.418,-39.551,-173.628,63.589,-69.434
-0.347,0.186,-0.603,-54.443,-12.817,-48.584,-174.683,63.391,-67.511
-0.718,0.175,-0.625,-51.331,-31.555,-59.082,-175.215,64.836,-64.88
-0.771,0.147,-0.655,-48.523,10.193,-60.364,-175.353,65.253,-61.996
-0.607,0.175,-0.667,-43.213,25.635,-53.528,-175.573,64.292,-59.496
-0.534,0.192,-0.708,-31.189,18.555,-39.734,-175.875,63.281,-57.777
-0.619,0.184,-0.754,-24.048,4.395,-32.471,-176.226,62.875,-56.816
-0.642,0.136,-0.722,-18.982,1.953,-33.997,-176.32,62.858,-55.959
-0.658,0.171,-0.721,-17.7,-0.854,-26.672,-176.391,62.979,-55.201
-0.594,0.2,-0.666,-10.681,-2.075,-14.832,-176.627,63.188,-55.069
-0.59,0.218,-0.635,-3.479,-11.292,-6.531,-176.979,63.671,-55.657
-0.68,0.232,-0.668,2.502,-12.451,-5.249,-177.231,64.479,-56.591
-0.763,0.216,-0.74,14.16,-10.315,-15.32,-176.896,65.248,-57.217
-0.803,0.157,-0.841,28.32,-22.339,-11.841,-175.567,66.116,-57.327
-1.159,-0.011,-0.98,54.199,-27.466,-1.221,-173.535,67.78,-58.057
-0.71,-0.262,-0.716,39.978,16.968,-0.244,-171.167,67.961,-58.755
-0.425,-0.218,-0.703,15.015,28.198,2.075,-170.398,66.736,-59.755
-0.413,-0.262,-0.735,4.944,10.315,-15.564,-169.59,65.847,-59.645
-0.54,-0.274,-0.84,-10.437,4.639,-18.86,-168.942,65.226,-58.694
-0.544,-0.277,-0.833,-23.804,19.043,-27.649,-168.712,64.286,-57.343
-0.428,-0.208,-0.797,-37.964,7.446,-29.846,-169.003,63.133,-55.64
-0.483,-0.129,-0.75,-45.654,-2.441,-28.442,-169.816,62.704,-53.91
-0.615,-0.076,-0.761,-44.006,-8.484,-34.302,-170.645,62.661,-52.048
-0.644,-0.042,-0.776,-41.931,4.211,-34.302,-171.359,62.501,-50.191
-0.588,-0.064,-0.734,-38.208,6.592,-39.124,-171.909,61.968,-48.378
-0.52,-0.065,-0.703,-37.964,5.005,-41.504,-172.277,61.441,-46.384
-0.584,-0.085,-0.723,-37.109,0.854,-46.326,-172.496,61.166,-44.198
-0.583,-0.098,-0.731,-37.781,6.287,-47.058,-172.601,60.782,-41.852
-0.604,-0.156,-0.775,-39.429,0.183,-53.65,-172.617,60.408,-39.315
-0.72,-0.17,-0.794,-42.175,-8.911,-57.068,-172.491,60.491,-36.343
-0.747,-0.188,-0.838,-46.204,-0.427,-47.302,-172.529,60.551,-33.514
-0.729,-0.125,-0.893,-51.208,10.071,-26.123,-173.584,60.26,-31.926
-0.601,-0.021,-0.928,-53.345,8.911,-15.076,-175.38,59.656,-31.366
-0.793,0.125,-1.093,-47.18,13.794,-16.663,-177.198,59.282,-30.959
-0.541,0.274,-1.05,-38.94,31.067,-11.169,-178.835,58.057,-30.844
-0.241,0.389,-0.855,-33.936,11.963,1.038,179.368,56.893,-31.448
-0.378,0.319,-0.859,-34.546,-8.728,-3.174,177.341,56.992,-32.525
-0.396,0.4,-0.8,-41.626,8.484,-24.841,175.413,56.898,-32.706
-0.332,0.458,-0.78,-27.466,11.963,-38.696,174.386,56.42,-31.811
-0.371,0.387,-0.755,-5.371,10.986,-43.335,174.402,56.074,-30.74
-0.338,0.309,-0.691,8.728,3.845,-53.406,175.32,55.942,-29.399
-0.445,0.178,-0.679,17.395,-6.287,-65.002,177.253,56.36,-27.328
-0.53,0.067,-0.67,18.677,-5.92,-56.03,179.583,56.909,-25.016
-0.566,0.036,-0.681,12.817,-11.963,-36.56,-178.55,57.535,-23.478
-0.647,0.067,-0.719,12.512,0.305,-22.888,-177.209,58.041,-22.72
-0.675,0.098,-0.796,15.137,11.169,-15.503,-176.138,57.931,-22.637
-0.574,0.098,-0.919,17.883,38.025,-8.911,-175.144,56.821,-22.956
-0.588,0.098,-1.104,21.301,8.972,-7.324,-174.194,55.679,-23.511
-0.653,-0.029,-1.216,26.672,14.221,-14.465,-172.897,55.129,-23.741
-0.458,-0.155,-1.024,30.64,20.325,-3.418,-171.42,54.256,-23.934
-0.097,-0.262,-0.731,37.354,9.949,15.442,-170.145,53.388,-25.021
-0.418,-0.372,-0.83,39.124,-12.085,5.249,-168.431,53.756,-25.675
-0.291,-0.426,-0.81,22.278,25.818,15.93,-167.135,52.965,-26.373
-0.149,-0.449,-0.818,-1.343,14.648,23.193,-166.987,51.916,-27.543
-0.225,-0.33,-0.802,-25.757,-1.221,14.587,-167.91,51.597,-28.202
-0.278,-0.178,-0.8,-30.884,-9.521,14.587,-169.288,51.575,-28.531
-0.386,-0.158,-0.801,-25.513,-18.433,9.399,-170.579,52.141,-28.773
-0.474,-0.142,-0.786,-24.475,-23.193,12.451,-171.716,53.026,-29.042
-0.569,-0.129,-0.772,-24.353,-17.822,12.817,-172.991,54.075,-29.647
-0.494,-0.084,-0.767,-25.879,-12.756,16.052,-174.37,54.745,-30.449
-0.527,-0.012,-0.758,-23.865,-18.921,16.418,-175.935,55.607,-31.547
-0.563,0.001,-0.715,-15.442,-22.888,9.277,-177.133,56.689,-32.448
-0.669,0.001,-0.781,-10.193,-14.893,12.207,-177.984,57.783,-33.305
-0.607,-0.025,-0.807,-5.127,0.488,16.663,-178.709,58.206,-34.464
-0.527,-0.03,-0.825,-3.113,-1.77,18.677,-179.412,58.233,-35.832
-0.498,-0.07,-0.866,-5.615,-5.188,20.569,179.912,58.282,-37.167
-0.602,-0.073,-0.888,-10.071,-10.986,13.733,179.094,58.865,-38.265
-0.649,-0.043,-0.945,-16.846,-4.761,15.32,178.099,59.183,-39.188
-0.664,0.063,-1.037,-23.01,-7.202,14.709,176.83,59.255,-40.122
-0.793,0.538,-1.097,-10.254,-8.057,-17.456,175.638,59.7,-40.545
-0.499,0.177,-0.909,29.053,13.184,-42.358,178.105,59.524,-38.392
-0.325,0.088,-0.83,0.305,-7.08,-2.625,179.116,59.205,-37.787
-0.564,0.163,-0.786,-15.564,-12.268,-14.709,178.517,59.936,-37.952
-0.52,0.201,-0.702,-21.484,-2.258,-29.297,178.22,60.183,-36.947
-0.49,0.214,-0.615,-18.86,-4.883,-36.621,178.077,60.414,-35.53
-0.547,0.211,-0.596,-13.123,-9.216,-33.569,178.231,60.941,-34.074
-0.487,0.199,-0.524,-2.319,-7.08,-25.94,178.555,61.474,-33.052
-0.657,0.136,-0.616,5.31,-19.714,-21.362,179.132,62.413,-32.558
-0.753,0.078,-0.657,6.531,1.16,-28.381,-179.934,63.199,-31.877
-0.625,0.051,-0.645,1.77,8.24,-29.602,-178.715,63.133,-30.679
-0.673,0.0,-0.738,-2.869,0.793,-31.982,-177.742,63.166,-29.399
-0.629,-0.026,-0.732,-9.521,12.756,-32.959,-176.786,62.924,-27.74
-0.625,0.098,-0.841,-17.639,16.296,-11.353,-176.902,62.265,-26.988
-0.524,0.144,-0.863,-9.338,18.25,-6.348,-177.292,61.479,-26.922
-0.53,0.224,-0.893,0.732,-13.062,-1.465,-177.731,61.392,-27.383
-0.753,0.198,-0.958,3.784,-28.503,4.211,-177.847,62.556,-27.927
-1.026,0.187,-1.06,19.897,-19.47,-4.456,-177.72,63.88,-28.685
-0.818,0.015,-0.946,25.391,-0.793,-10.803,-176.259,64.155,-28.515
-0.449,-0.082,-0.667,33.02,7.08,-1.953,-174.886,63.94,-28.713
-0.56,-0.216,-0.734,40.1,-2.502,-8.057,-172.958,63.929,-28.674
-0.458,-0.215,-0.704,42.725,22.583,7.202,-170.788,63.237,-28.586
-0.352,-0.292,-0.686,41.626,14.893,21.79,-169.316,62.281,-29.669
-0.323,-0.357,-0.636,25.269,-2.625,10.62,-168.058,61.902,-30.427
-0.469,-0.321,-0.635,6.287,-17.395,-2.197,-166.965,62.314,-29.943
-0.622,-0.287,-0.659,0.366,-12.573,-7.019,-166.113,62.886,-28.9
-0.676,-0.294,-0.677,-0.488,-2.625,-6.287,-165.399,63.105,-27.949
-0.664,-0.3,-0.693,0.122,6.958,-0.549,-164.965,62.985,-27.444
-0.625,-0.288,-0.665,-2.38,1.282,6.409,-164.85,62.814,-27.422
-0.637,-0.263,-0.673,-3.54,7.019,12.39,-165.146,62.836,-27.845
-0.638,-0.266,-0.7,-4.883,7.08,13.123,-165.586,62.704,-28.444
-0.624,-0.271,-0.73,-5.066,8.057,13.306,-166.196,62.54,-29.18
-0.633,-0.296,-0.829,-6.409,18.799,16.052,-166.8,62.084,-29.855
-0.467,-0.306,-0.821,-12.207,6.409,30.029,-168.041,61.595,-31.234
-0.604,-0.292,-0.821,-15.747,-24.719,21.484,-169.31,62.496,-32.223
-0.964,-0.212,-1.017,-21.118,-11.902,26.489,-170.673,63.638,-33.041
-0.794,-0.084,-1.041,-24.414,15.32,31.616,-172.755,63.424,-34.689
-0.514,0.159,-0.927,-29.236,22.095,22.339,-175.133,62.529,-36.244
-0.386,0.369,-0.887,-26.611,8.606,19.287,-177.385,61.485,-37.414
-0.542,0.327,-0.836,3.601,9.033,1.77,-178.715,61.144,-38.205
-0.345,0.123,-0.675,10.864,26.367,-6.409,-178.418,59.952,-38.123
-0.183,0.051,-0.538,9.705,-7.263,-4.7,-178.05,59.156,-37.93
-0.382,-0.001,-0.505,2.747,-44.434,-5.676,-177.858,60.342,-37.683
-0.658,0.011,-0.562,-7.263,-48.889,-1.343,-178.006,62.589,-37.452
-0.775,0.037,-0.592,-7.935,-38.818,-3.845,-178.506,64.803,-37.496
-0.894,0.086,-0.648,-11.841,-21.118,-0.549,-179.0,66.429,-37.524
-0.823,0.12,-0.653,-5.249,6.165,2.991,-179.615,66.863,-37.914
-0.638,0.125,-0.65,-3.418,12.573,6.165,179.824,66.423,-38.562
-0.717,0.089,-0.688,3.235,-1.892,-7.69,179.868,66.484,-38.617
-0.748,0.103,-0.732,-2.075,10.742,-2.319,179.907,66.401,-38.546
-0.691,0.155,-0.824,-5.615,6.653,1.038,179.594,65.934,-38.71
-0.746,0.208,-0.841,-3.418,-6.714,0.244,179.171,66.22,-38.958
-1.002,0.234,-1.039,6.165,-3.418,-7.568,179.066,66.566,-39.078
-1.016,0.084,-1.086,14.099,14.282,-8.606,179.978,66.451,-38.524
-0.361,0.02,-0.671,19.287,38.818,5.676,-179.346,65.001,-38.557
-0.412,-0.082,-0.776,28.503,-4.211,0.488,-178.478,64.067,-38.831
-0.504,-0.183,-0.734,27.405,34.851,5.554,-177.028,63.408,-38.622
-0.229,-0.204,-0.627,17.395,19.592,20.508,-176.331,61.672,-39.133
-0.417,-0.194,-0.617,1.892,-4.822,18.372,-176.303,61.309,-39.776
-0.521,-0.101,-0.616,-5.615,-9.338,14.343,-176.715,61.562,-40.144
-0.716,-0.077,-0.691,-4.089,-3.357,13.306,-177.133,61.979,-40.435
-0.624,-0.076,-0.684,3.357,11.292,13.489,-177.44,61.754,-40.924
-0.646,-0.101,-0.714,1.587,8.362,16.968,-177.649,61.485,-41.539
-0.608,-0.09,-0.72,0.427,7.996,18.311,-178.083,61.183,-42.38
-0.583,-0.066,-0.738,-2.686,11.78,22.034,-178.682,60.765,-43.314
-0.569,-0.071,-0.815,-2.502,17.029,19.409,-179.33,60.178,-44.242
-0.575,-0.07,-0.949,-6.226,11.658,13.428,-179.835,59.381,-44.819
-0.48,-0.087,-0.92,-9.766,3.967,3.723,179.747,59.041,-44.857
-0.695,-0.018,-1.069,-19.348,-9.949,2.075,179.105,59.299,-44.626
-0.81,0.117,-1.131,-23.987,-7.629,-1.831,178.149,59.656,-44.385
-0.576,0.159,-0.948,-14.893,23.926,-18.86,177.819,59.354,-43.374
-0.315,0.231,-0.848,-26.917,11.292,-4.944,177.303,58.167,-42.418
-0.422,0.266,-0.756,-25.757,-7.385,-10.254,175.99,58.162,-42.122
-0.442,0.246,-0.689,-31.311,0.488,-24.719,175.029,58.315,-41.127
-0.403,0.275,-0.607,-29.663,4.272,-31.006,174.15,58.222,-39.666
-0.432,0.262,-0.588,-22.461,-2.869,-34.241,173.65,58.348,-38.024
-0.522,0.243,-0.603,-15.808,-8.118,-25.757,173.32,58.843,-36.689
-0.636,0.229,-0.644,-11.658,-4.761,-17.639,172.991,59.414,-35.975
-0.617,0.226,-0.647,-9.277,1.892,-14.404,172.771,59.7,-35.469
-0.658,0.254,-0.745,-4.15,7.08,-12.695,172.612,59.799,-35.151
-0.544,0.259,-0.75,0.671,5.371,-15.747,172.815,59.628,-34.678
-0.569,0.202,-0.755,3.296,-3.418,-16.296,173.348,59.969,-34.052
-0.613,0.296,-0.839,1.892,5.737,-5.249,173.436,60.024,-33.898
-0.546,0.297,-0.856,14.221,-3.479,-11.414,174.007,59.925,-33.668
-0.774,0.284,-0.962,16.357,-18.738,-5.249,174.622,60.831,-33.772
-0.895,0.203,-1.069,26.367,1.038,-17.456,175.831,61.238,-33.47
-0.843,0.038,-1.05,26.428,2.502,-5.981,177.501,61.276,-32.877
-0.39,0.036,-0.722,32.043,21.118,19.897,178.132,60.568,-33.887
-0.427,-0.123,-0.742,60.913,2.136,-4.272,-179.791,59.919,-34.36
-0.413,-0.232,-0.677,48.706,15.93,24.292,-177.122,59.464,-34.59
-0.342,-0.229,-0.69,31.982,13.0,43.823,-176.254,58.612,-36.623
-0.359,-0.188,-0.688,12.512,7.202,32.898,-176.155,58.063,-38.551
-0.454,-0.121,-0.694,5.31,-1.526,23.621,-176.309,57.887,-39.738
-0.58,-0.104,-0.714,6.592,-1.77,12.329,-176.331,57.975,-40.424
-0.663,-0.096,-0.779,8.606,6.592,11.292,-176.023,57.925,-40.765
-0.543,-0.065,-0.736,14.465,18.677,18.494,-175.765,57.327,-41.484
-0.501,-0.08,-0.745,20.081,9.155,21.667,-175.413,56.805,-42.594
-0.515,-0.14,-0.775,22.339,9.949,20.386,-174.831,56.497,-43.649
-0.56,-0.239,-0.92,21.912,8.667,16.724,-174.15,56.168,-44.55
-0.453,-0.383,-1.019,11.658,21.24,17.029,-173.546,55.453,-45.176
-0.413,-0.408,-1.007,-17.395,-20.935,23.499,-174.073,55.377,-46.038
-0.776,-0.255,-1.113,-37.659,-33.081,7.874,-175.391,56.926,-46.137
-0.771,0.031,-1.049,-38.269,1.587,-6.775,-177.061,57.634,-45.731
-0.344,0.12,-0.776,-45.471,7.324,-10.864,-178.308,57.156,-44.736
-0.469,0.338,-0.79,-53.467,-16.296,1.465,179.324,57.382,-44.445
-0.446,0.308,-0.703,-41.626,-0.061,-23.682,177.111,57.761,-44.127
-0.429,0.259,-0.625,-39.612,-3.296,-42.419,176.023,57.931,-42.314
-0.484,0.264,-0.604,-34.973,-0.916,-37.903,175.155,58.293,-40.353
-0.497,0.305,-0.618,-23.621,3.723,-29.236,174.463,58.42,-38.853
-0.551,0.298,-0.643,-10.193,0.122,-17.395,174.034,58.579,-38.073
-0.621,0.256,-0.691,-1.343,7.507,-13.855,173.881,58.656,-37.815
-0.585,0.233,-0.716,0.122,15.32,-17.273,174.067,58.337,-37.425
-0.549,0.193,-0.717,0.0,7.69,-22.4,174.518,58.079,-36.672
-0.543,0.116,-0.74,-6.104,3.479,-26.917,174.946,58.173,-35.645
-0.569,0.152,-0.845,-13.916,6.47,-23.193,175.034,58.222,-34.486
-0.516,0.241,-0.907,-14.771,3.906,-9.277,174.694,58.03,-33.854
-0.604,0.348,-0.932,-1.343,-19.958,-2.441,174.205,58.464,-34.025
-1.012,0.295,-1.068,10.132,-30.457,-1.953,174.199,59.963,-34.568
-0.937,0.155,-1.06,24.902,21.729,-3.052,175.089,60.095,-34.75
-0.473,-0.009,-0.931,30.823,28.748,26.55,176.056,58.76,-35.64
-0.249,-0.173,-0.869,30.212,7.385,42.236,176.512,57.475,-37.881
-0.305,-0.11,-0.783,15.076,2.258,45.288,176.451,57.014,-40.155
-0.243,-0.067,-0.674,15.076,7.202,40.588,176.105,56.349,-42.38
-0.251,-0.052,-0.635,8.85,-6.042,27.832,176.056,55.844,-43.89
-0.425,-0.006,-0.651,5.432,-18.616,21.301,175.941,56.157,-44.94
-0.594,0.005,-0.706,5.798,-22.583,16.846,175.842,56.986,-45.862
-0.739,-0.013,-0.743,7.935,-3.479,12.268,175.919,57.7,-46.631
-0.628,-0.03,-0.748,5.127,9.705,16.174,176.067,57.519,-47.296
-0.548,-0.009,-0.755,1.099,10.803,21.729,175.869,57.003,-48.246
-0.519,-0.005,-0.76,-0.427,6.104,19.348,175.49,56.695,-49.257
-0.558,0.006,-0.783,-1.526,-3.296,15.503,175.084,56.717,-50.164
-0.544,-0.029,-0.833,-3.906,8.911,8.728,174.897,56.558,-50.609
-0.633,0.031,-1.021,-9.399,1.526,4.395,174.578,56.261,-50.779
-0.65,0.049,-1.149,-8.362,11.719,-7.08,174.545,56.008,-50.334
-0.595,0.118,-1.168,-16.724,14.16,-8.545,174.304,55.448,-49.686
-0.39,0.188,-1.056,-25.146,12.024,-23.987,173.996,54.849,-48.406
-0.209,0.353,-0.939,-39.001,4.822,-25.33,173.15,54.388,-46.796
-0.405,0.509,-0.824,-36.865,-25.818,-35.156,171.782,55.245,-45.357
-0.497,0.439,-0.728,-18.86,-13.0,-45.044,171.183,56.404,-43.577
-0.398,0.321,-0.606,-5.493,-8.24,-43.579,171.48,57.107,-41.644
-0.423,0.218,-0.554,1.892,-10.803,-39.734,172.249,57.892,-39.913
-0.493,0.173,-0.55,-0.366,-10.864,-32.471,172.958,58.678,-38.529
-0.609,0.156,-0.592,-1.526,-7.812,-32.898,173.573,59.485,-37.304
-0.703,0.126,-0.662,-1.282,1.648,-38.269,174.457,60.046,-35.722
-0.701,0.128,-0.691,-7.08,13.428,-31.433,175.375,60.134,-33.992
-0.635,0.143,-0.71,-6.042,19.165,-24.658,175.946,59.716,-32.651
-0.58,0.172,-0.722,-3.418,14.038,-21.79,176.418,59.282,-31.635
-0.544,0.187,-0.746,0.488,9.216,-16.663,176.918,58.964,-30.85
-0.621,0.186,-0.843,2.502,8.301,-14.282,177.363,58.854,-30.344
-0.617,0.264,-0.922,5.249,6.409,-4.333,177.61,58.436,-30.223
-0.546,0.22,-0.836,16.174,-7.935,-12.817,178.198,58.612,-30.207
-0.897,0.14,-0.96,26.672,-10.132,-19.104,179.599,59.42,-29.636
-0.785,0.012,-1.037,29.663,22.339,-16.663,-178.577,58.887,-28.998
-0.522,-0.098,-1.067,32.043,30.151,-15.991,-176.682,57.563,-28.367
-0.201,-0.31,-0.995,29.419,17.09,-17.456,-174.518,56.19,-27.405
-0.287,-0.399,-0.916,12.756,8.667,-15.747,-172.853,55.481,-26.224
-0.204,-0.314,-0.799,-11.719,9.888,7.019,-172.348,54.635,-25.466
-0.274,-0.175,-0.75,-17.09,-1.282,17.944,-173.188,54.229,-25.84
-0.305,-0.124,-0.69,-18.25,0.0,11.719,-174.084,54.047,-26.186
-0.399,-0.093,-0.717,-18.127,-15.259,2.075,-174.842,54.163,-26.158
-0.562,-0.092,-0.712,-20.447,-19.226,-4.7,-175.424,54.998,-25.708
-0.654,-0.068,-0.714,-19.897,-8.118,-5.127,-176.039,55.673,-25.263
-0.655,-0.051,-0.708,-18.311,4.028,0.488,-176.726,55.865,-25.159
-0.575,-0.028,-0.677,-12.634,13.0,2.441,-177.385,55.558,-25.384
-0.605,-0.039,-0.727,-11.475,5.005,4.517,-177.913,55.377,-25.73
-0.476,-0.019,-0.728,-9.949,12.512,0.0,-178.374,55.096,-25.983
-0.458,-0.072,-0.818,-10.254,-6.042,-8.362,-178.561,55.206,-25.768
-0.606,-0.082,-0.937,-17.517,0.916,-5.92,-178.934,55.486,-25.351
-0.603,-0.024,-1.04,-20.447,-0.244,-6.348,-179.626,55.388,-25.065
-0.644,-0.016,-1.167,-26.672,-1.038,-8.545,179.698,55.519,-24.494
-0.559,0.173,-1.189,-34.363,0.977,-12.756,178.539,55.618,-23.912
-0.294,0.312,-1.055,-33.325,-3.601,-27.283,177.457,55.618,-22.775
-0.462,0.391,-1.034,-32.104,-14.221,-26.123,176.479,56.124,-21.286
-0.339,0.323,-0.85,-22.095,-1.465,-40.466,175.869,56.266,-19.572
-0.302,0.242,-0.665,-22.705,-12.939,-46.814,175.803,56.602,-17.172
-0.294,0.186,-0.521,-22.583,-20.63,-49.683,175.787,57.442,-14.639
-0.4,0.147,-0.509,-19.897,-29.541,-54.199,175.974,58.76,-11.97
-0.611,0.121,-0.554,-21.973,-19.897,-53.894,176.396,60.271,-9.261
-0.619,0.156,-0.621,-23.987,-5.981,-53.894,176.874,61.133,-6.641
-0.719,0.128,-0.684,-24.902,-0.183,-62.5,177.643,61.716,-3.647
-0.701,0.153,-0.684,-31.006,1.099,-58.289,178.286,62.095,-0.599
-0.694,0.151,-0.683,-30.64,9.521,-56.824,178.797,62.227,2.307
-0.575,0.186,-0.666,-26.001,9.338,-52.551,179.258,62.04,5.015
-0.629,0.162,-0.699,-18.494,-4.211,-51.453,179.912,62.309,7.542
-0.642,0.168,-0.691,-22.034,-5.188,-44.434,-179.456,62.842,9.921
-0.609,0.267,-0.701,-14.648,-3.967,-35.034,-179.269,63.265,11.618
-0.812,0.275,-0.898,7.996,-8.789,-38.94,-178.319,63.754,13.299
-0.74,0.125,-0.833,41.992,-8.911,-37.415,-175.605,64.363,15.287
-0.696,-0.155,-0.813,59.265,2.136,-36.011,-171.974,64.781,16.952
-0.491,-0.414,-0.786,32.043,10.01,-34.058,-168.305,64.221,18.814
-0.304,-0.272,-0.687,4.578,-8.545,-25.513,-166.459,63.754,20.424
-0.564,-0.287,-0.705,18.555,-33.508,-32.898,-164.454,64.495,22.582
-0.685,-0.384,-0.711,7.935,-13.306,-37.537,-161.917,65.056,25.153
-0.628,-0.399,-0.695,-6.104,5.615,-47.363,-159.884,64.534,27.817
-0.516,-0.374,-0.659,-28.687,0.549,-44.373,-158.818,63.441,30.372
-0.621,-0.356,-0.682,-49.744,-10.315,-51.331,-158.654,62.897,33.245
-0.696,-0.276,-0.726,-69.519,4.822,-53.894,-159.467,62.172,36.326
-0.548,-0.155,-0.707,-68.848,4.15,-59.509,-160.867,61.04,39.243
-0.575,-0.186,-0.717,-59.448,-7.507,-72.144,-161.505,60.37,42.979
-0.564,-0.212,-0.74,-60.303,-6.165,-68.848,-161.867,59.799,46.994
-0.532,-0.243,-0.757,-56.274,-5.981,-65.979,-162.416,59.271,50.669
-0.537,-0.29,-0.802,-57.739,-14.404,-64.331,-162.872,58.991,54.448
-0.557,-0.284,-0.846,-53.528,-21.79,-61.951,-163.345,59.062,58.134
-0.648,-0.345,-0.792,-46.814,-37.72,-69.702,-163.081,59.875,62.408
-0.787,-0.299,-0.776,-49.133,-59.204,-54.138,-162.773,61.403,66.539
-0.854,-0.193,-0.744,-62.134,-32.776,-34.546,-163.054,63.149,69.983
-0.574,0.021,-0.573,-78.552,-21.24,-7.629,-165.482,64.094,71.406
-0.719,0.185,-0.606,-90.21,-28.076,-24.292,-169.041,65.5,72.603
-0.811,0.227,-0.674,-86.67,1.587,-70.312,-171.502,66.033,76.492
-0.715,0.203,-0.714,-88.013,28.259,-90.21,-172.837,64.962,82.744
-0.56,0.204,-0.738,-86.304,40.771,-96.802,-173.864,62.93,89.89
-0.465,0.254,-0.809,-77.881,25.696,-88.379,-175.073,60.897,96.735
-0.515,0.211,-0.825,-59.509,13.855,-86.182,-175.765,59.755,103.162
-0.531,0.161,-0.82,-46.082,-1.465,-76.355,-176.012,59.238,109.061
-0.587,0.077,-0.762,-37.109,-9.888,-63.721,-175.941,59.403,114.34
-0.637,0.079,-0.724,-30.64,-15.93,-51.453,-176.05,59.919,118.762
-0.666,0.018,-0.674,-24.841,-11.047,-46.265,-175.847,60.557,122.948
-0.684,0.024,-0.662,-22.522,-13.977,-31.616,-175.897,61.166,126.524
-0.666,0.101,-0.68,-22.217,-5.676,-15.198,-176.457,61.699,129.172
-0.641,0.194,-0.709,-13.184,-8.606,-3.235,-177.319,62.122,130.88
-0.718,0.206,-0.727,4.578,-27.161,-4.578,-177.847,63.045,132.116
-1.088,0.134,-0.951,8.057,-39.978,-4.517,-177.561,64.825,133.605
-1.195,0.079,-1.105,24.536,10.254,-14.526,-176.891,65.737,135.192
-0.594,-0.046,-0.839,26.184,36.804,-8.057,-175.215,64.446,137.252
-0.43,-0.089,-0.805,38.94,30.762,-0.305,-173.974,62.754,138.208
-0.393,-0.237,-0.796,45.044,47.729,-5.615,-171.793,60.837,139.257
-0.333,-0.397,-0.91,28.32,49.316,6.592,-169.931,58.304,139.702
-0.119,-0.285,-0.838,-5.676,43.274,19.409,-169.898,55.805,138.878
-0.102,-0.151,-0.678,-17.09,-2.625,12.695,-170.832,54.547,137.84
-0.43,-0.112,-0.644,-18.921,-26.55,3.357,-171.65,55.223,137.554
-0.612,-0.086,-0.663,-15.564,-13.733,-6.714,-172.128,55.997,138.197
-0.736,-0.149,-0.806,-8.179,11.78,-15.93,-172.123,56.058,139.796
-0.418,-0.179,-0.747,-12.634,11.353,-8.118,-172.227,55.206,141.361
-0.562,-0.146,-0.763,-13.855,-6.958,-5.066,-172.584,55.492,142.597
-0.512,-0.165,-0.733,-13.184,-4.089,-1.953,-172.903,55.822,143.778
-0.529,-0.201,-0.798,-13.0,0.549,-3.235,-173.304,56.058,144.822
-0.547,-0.197,-0.906,-20.264,7.019,6.287,-173.969,55.948,145.602
-0.44,-0.16,-0.909,-20.081,-9.583,7.263,-175.018,55.887,145.816
-0.58,-0.117,-0.981,-21.851,-11.047,11.658,-175.974,56.547,145.997
-0.703,-0.071,-1.118,-24.902,-16.357,9.827,-177.166,57.217,145.937
-0.691,0.15,-1.188,-29.602,-4.517,1.709,-178.671,57.612,146.069
-0.366,0.164,-1.006,-22.095,6.592,-12.39,-179.55,57.393,147.096
-0.333,0.251,-0.875,-30.945,-31.86,-2.93,179.374,57.684,147.909
-0.49,0.305,-0.709,-24.963,-35.4,-10.315,177.874,59.293,148.315
-0.47,0.284,-0.582,-17.212,-29.419,-20.874,177.1,60.683,149.491
-0.479,0.212,-0.521,-8.911,-23.071,-29.358,176.979,61.897,151.32
-0.563,0.147,-0.548,-6.775,-19.043,-31.433,177.38,62.913,153.66
-0.672,0.126,-0.6,-6.409,-6.287,-27.466,177.83,63.6,156.039
-0.692,0.108,-0.645,-5.31,-0.671,-26.855,178.319,63.814,158.439
-0.747,0.079,-0.656,-4.456,4.639,-27.283,178.896,63.946,160.944
-0.701,0.083,-0.653,-8.728,8.667,-21.912,179.33,63.754,163.389
-0.745,0.066,-0.692,-6.104,15.442,-23.193,179.681,63.43,165.685
-0.641,0.065,-0.691,-6.348,19.775,-19.287,-179.995,62.661,167.959
-0.633,0.014,-0.685,-5.066,8.362,-21.851,-179.583,62.227,170.145
-0.602,0.055,-0.67,-10.01,5.371,-12.39,-179.522,62.095,171.985
-0.77,0.123,-0.824,-13.611,7.385,-2.075,-179.901,62.089,173.254
-0.664,0.187,-0.828,-2.808,14.282,-3.601,179.533,61.644,173.996
-0.76,0.164,-0.977,1.282,1.221,-11.78,179.648,61.436,175.062
-0.909,0.131,-1.128,3.174,18.25,-15.686,-179.879,61.199,176.435
-0.669,0.044,-1.129,12.878,27.527,-9.521,-179.247,59.991,177.698
-0.334,-0.239,-0.872,30.029,28.687,18.555,-178.198,58.607,178.022
-0.387,-0.272,-0.836,16.052,11.475,59.875,-178.193,57.508,175.941
-0.258,-0.133,-0.732,15.625,21.851,66.711,-179.247,56.398,172.463
-0.15,-0.102,-0.621,10.498,-5.798,61.279,179.846,55.69,168.882
-0.386,-0.044,-0.604,1.831,-27.771,50.964,178.737,56.371,165.553
-0.515,-0.002,-0.605,-4.456,-22.339,42.603,177.468,57.283,162.955
-0.666,-0.005,-0.696,-4.15,-18.86,29.602,176.342,58.211,161.307
-0.686,0.01,-0.752,-7.69,1.709,25.513,175.347,58.475,160.466
-0.674,0.031,-0.812,-8.789,7.751,23.621,174.364,58.244,159.895
-0.513,0.057,-0.744,-6.409,10.681,24.048,173.419,57.733,159.329
-0.534,0.055,-0.779,-2.319,-8.179,19.409,172.716,57.684,158.736
-0.581,0.04,-0.777,-4.089,-7.08,19.47,172.079,58.046,158.104
-0.574,0.011,-0.821,-6.348,-14.954,7.446,171.519,58.255,157.687
-0.693,0.0,-0.856,-8.972,1.404,10.986,171.189,58.865,157.769
-0.59,0.05,-0.943,-13.428,2.808,32.227,170.206,58.491,156.978
-0.665,0.245,-1.107,-23.743,-5.249,28.198,168.541,58.178,155.396
-0.812,0.532,-1.199,-31.799,-0.732,0.061,166.772,58.315,154.534
-0.3,0.414,-0.843,-30.029,8.484,-57.129,166.41,58.244,156.484
-0.448,0.437,-0.755,-45.166,-24.963,-68.481,166.52,59.387,160.153
-0.608,0.469,-0.674,-36.255,-1.16,-70.068,166.344,60.798,163.707
-0.466,0.396,-0.563,-22.827,11.658,-68.115,167.25,61.177,167.97
-0.444,0.344,-0.514,-7.996,6.897,-54.993,168.3,61.386,171.535
-0.497,0.273,-0.534,0.244,3.235,-46.57,169.525,61.65,174.452
-0.559,0.243,-0.558,4.333,-6.958,-39.246,170.706,62.194,176.896
-0.714,0.198,-0.613,9.399,-11.169,-32.715,171.898,63.133,178.951
-0.686,0.158,-0.621,13.0,8.484,-29.724,173.254,63.457,-179.055
-0.718,0.096,-0.663,11.353,9.705,-31.86,174.919,63.43,-176.748
-0.644,0.085,-0.664,6.165,15.137,-32.837,176.402,63.067,-174.315
-0.623,0.047,-0.728,3.296,9.583,-31.982,177.814,62.721,-171.854
-0.631,0.057,-0.768,-2.625,9.705,-25.452,178.874,62.512,-169.706
-0.601,0.163,-0.863,-6.226,1.038,-7.751,179.149,62.243,-168.431
-0.695,0.178,-0.82,-4.089,-21.301,-10.132,179.094,62.935,-167.866
-0.986,0.2,-0.982,-2.686,-17.822,-25.391,179.225,64.116,-166.899
-0.914,0.1,-0.985,1.587,6.042,-34.18,-179.632,64.44,-164.734
-0.76,0.022,-0.916,16.113,15.076,-18.433,-178.341,64.028,-162.922
-0.343,-0.132,-0.671,37.659,21.179,-9.705,-176.578,63.04,-161.96
-0.55,-0.315,-0.778,43.823,9.216,-2.991,-174.221,62.529,-161.466
-0.453,-0.353,-0.753,30.701,45.227,22.156,-172.755,60.958,-161.966
-0.209,-0.353,-0.713,21.79,31.799,38.513,-172.397,59.008,-163.751
-0.292,-0.252,-0.667,6.042,-4.822,45.105,-172.831,58.535,-166.064
-0.473,-0.189,-0.65,8.179,-12.695,38.94,-173.403,59.084,-168.272
-0.592,-0.193,-0.687,9.705,-4.639,39.124,-173.782,59.54,-170.101
-0.606,-0.195,-0.736,10.498,11.169,41.809,-174.287,59.458,-171.985
-0.566,-0.206,-0.756,7.935,10.681,43.945,-174.935,59.046,-174.007
-0.519,-0.17,-0.793,3.54,12.512,46.631,-175.913,58.667,-176.237
-0.454,-0.152,-0.792,0.244,3.357,50.964,-177.039,58.326,-178.671
-0.483,-0.129,-0.833,-3.357,-2.441,48.767,-178.478,58.348,178.489
-0.591,-0.101,-0.931,-12.146,-17.761,37.048,-179.929,58.574,175.941
-0.631,-0.051,-1.009,-18.311,-16.357,25.879,178.638,59.167,174.078
-0.967,0.094,-1.162,-31.372,-17.334,18.494,176.907,60.106,172.689
-0.59,0.262,-0.973,-30.212,18.005,5.066,175.056,59.848,172.002
-0.276,0.362,-0.797,-29.053,0.122,-1.038,173.721,59.106,172.013
-0.485,0.381,-0.763,-20.508,-25.513,0.671,172.238,59.799,171.524
-0.492,0.312,-0.635,-12.512,-24.292,-12.817,171.326,60.859,171.365
-0.547,0.255,-0.576,-13.428,-18.25,-12.451,170.766,61.946,171.678
-0.567,0.292,-0.577,-16.235,-3.967,-10.864,170.002,62.452,172.057
-0.539,0.322,-0.597,-11.047,4.15,-12.512,169.503,62.496,172.722
-0.56,0.34,-0.625,-5.005,3.235,-15.015,169.261,62.452,173.463
-0.65,0.265,-0.667,3.662,2.258,-29.053,169.772,62.644,174.787
-0.659,0.214,-0.682,2.197,6.592,-30.64,170.782,62.792,176.699
-0.66,0.169,-0.692,-0.183,10.315,-31.677,171.854,62.721,178.781
-0.639,0.146,-0.675,-2.441,9.155,-31.25,172.815,62.65,-179.105
-0.645,0.132,-0.672,-2.747,5.005,-30.334,173.76,62.639,-176.995
-0.685,0.122,-0.711,-3.967,7.874,-27.039,174.545,62.704,-175.089
-0.591,0.121,-0.702,-4.333,5.066,-24.353,175.254,62.589,-173.271
-0.729,0.168,-0.792,-1.831,-4.456,-16.724,175.759,62.858,-171.92
-0.734,0.22,-0.83,0.977,4.944,-5.005,176.045,62.93,-171.172
-0.62,0.241,-0.803,8.118,1.892,-9.033,176.287,62.853,-170.848
-0.715,0.225,-0.894,19.043,-4.395,-20.142,177.275,63.034,-170.035
-0.845,0.105,-0.96,29.114,-5.127,-22.949,179.171,63.413,-168.766
-0.871,0.02,-0.943,31.616,5.676,-7.935,-178.984,63.457,-167.959
-0.526,-0.086,-0.724,40.894,21.301,-2.136,-177.122,62.71,-167.734
-0.509,-0.221,-0.77,49.744,21.79,-7.935,-174.688,61.666,-167.437
-0.386,-0.326,-0.776,39.917,39.978,3.967,-172.337,59.969,-167.333
-0.26,-0.348,-0.787,23.438,22.522,16.968,-171.161,58.343,-168.322
-0.294,-0.287,-0.705,3.418,-1.099,17.883,-170.903,57.827,-169.618
-0.444,-0.223,-0.663,-2.441,-23.865,11.658,-171.024,58.42,-170.607
-0.641,-0.198,-0.649,-4.211,-15.93,10.986,-171.09,59.403,-171.09
-0.677,-0.176,-0.668,1.16,1.099,15.808,-171.26,59.865,-171.541
-0.641,-0.187,-0.671,3.662,10.132,21.484,-171.508,59.771,-172.282
-0.603,-0.179,-0.696,3.479,16.541,28.137,-171.991,59.403,-173.381
-0.552,-0.199,-0.716,4.456,11.169,27.405,-172.491,58.975,-174.622
-0.575,-0.19,-0.755,-0.305,11.475,30.457,-173.123,58.76,-175.99
-0.554,-0.203,-0.788,-2.319,5.127,26.367,-173.886,58.519,-177.396
-0.593,-0.211,-0.849,-7.996,-0.244,20.325,-174.611,58.491,-178.506
-0.672,-0.231,-0.91,-13.733,0.0,16.479,-175.358,58.722,-179.269
-0.723,-0.151,-1.045,-22.705,7.629,26.001,-176.671,58.519,179.621
-0.725,0.118,-1.186,-28.931,21.057,24.109,-178.616,57.816,178.16
-0.398,0.339,-1.037,-5.615,37.781,-10.986,-179.55,56.25,177.808
-0.218,0.13,-1.015,1.16,16.479,-24.353,-178.781,54.662,178.885
-0.394,0.123,-0.903,-16.235,-0.916,-11.902,-179.116,54.437,179.127
-0.448,0.139,-0.796,-21.301,5.981,-16.785,-179.769,54.113,179.566
-0.357,0.201,-0.667,-25.391,19.653,-7.324,179.182,53.399,179.901
-0.185,0.237,-0.595,-16.113,-4.578,-6.226,178.066,52.861,179.863
-0.487,0.202,-0.625,-8.057,-25.696,-4.7,177.275,53.844,179.637
-0.637,0.172,-0.687,-3.174,-8.667,-6.775,176.847,54.778,179.67
-0.601,0.134,-0.711,-1.648,4.7,-10.742,176.754,54.948,-179.819
-0.651,0.151,-0.77,-3.54,16.968,-10.437,176.71,54.739,-179.033
-0.519,0.165,-0.789,-3.784,25.879,-8.728,176.649,53.817,-178.231
-0.456,0.16,-0.824,1.526,19.592,-14.343,176.776,52.943,-177.336
-0.456,0.159,-0.843,0.488,2.869,-8.911,177.023,52.564,-176.583
-0.549,0.156,-0.872,2.319,1.831,-7.996,177.22,52.701,-176.1
-0.511,0.26,-0.929,6.531,15.32,1.038,177.253,52.366,-175.984
-0.413,0.23,-0.984,13.977,-8.85,-1.831,177.72,52.196,-176.012
-0.683,0.252,-1.215,19.836,-8.24,-8.667,178.319,52.839,-176.078
-0.571,0.073,-1.229,29.236,7.69,-17.639,179.923,52.712,-175.32
-0.411,-0.091,-1.105,28.564,1.038,3.052,-178.632,52.493,-175.182
-0.157,-0.148,-0.83,28.503,-6.531,14.099,-177.627,52.383,-176.182
-0.267,-0.198,-0.752,28.564,-19.775,5.066,-176.347,53.053,-177.083
-0.246,-0.211,-0.669,22.766,-19.043,7.996,-175.193,53.663,-178.0
-0.34,-0.242,-0.663,13.977,-24.78,4.883,-174.216,54.52,-178.781
-0.46,-0.219,-0.652,2.747,-31.25,7.751,-173.688,55.673,-179.407
-0.66,-0.161,-0.683,-3.052,-28.931,11.963,-173.65,57.189,-179.984
-0.705,-0.145,-0.695,2.136,-9.644,9.644,-173.699,58.233,179.775
-0.691,-0.194,-0.717,1.587,2.625,10.071,-173.628,58.601,179.758
-0.625,-0.187,-0.716,-3.662,7.996,13.306,-173.842,58.552,179.665
-0.624,-0.155,-0.722,-9.094,5.676,19.104,-174.441,58.486,179.368
-0.577,-0.098,-0.734,-5.798,10.925,23.132,-175.353,58.354,178.671
-0.522,-0.134,-0.753,2.991,9.766,21.484,-175.935,58.057,177.825
-0.506,-0.204,-0.857,4.272,8.118,22.278,-176.193,57.744,176.874
-0.615,-0.225,-0.947,-1.404,-2.014,21.912,-176.567,57.684,175.726
-0.727,-0.165,-1.105,-11.536,-2.014,24.475,-177.253,57.766,174.529
-0.75,0.001,-1.164,-18.555,9.644,20.935,-178.561,57.607,173.199
-0.518,0.133,-1.063,-23.865,21.973,10.925,-179.94,56.777,172.343
-0.218,0.243,-0.934,-31.372,10.376,8.606,178.577,55.624,171.766
-0.497,0.374,-0.95,-29.602,-14.832,6.897,176.512,55.937,170.711
-0.384,0.302,-0.79,-20.813,4.272,-15.503,175.419,55.926,170.799
-0.18,0.301,-0.584,-17.883,-8.118,-22.583,174.622,55.909,171.491
-0.237,0.209,-0.494,-9.705,-28.992,-32.715,174.375,56.777,172.496
-0.497,0.204,-0.546,-8.057,-39.124,-30.151,174.37,58.546,173.628
-0.714,0.188,-0.623,-1.221,-31.006,-27.771,174.534,60.392,174.749
-0.851,0.142,-0.687,1.404,-14.709,-30.09,175.221,61.815,176.375
-0.771,0.144,-0.655,-0.549,4.7,-22.339,175.99,62.375,178.231
-0.648,0.171,-0.599,0.732,9.644,-14.648,176.396,62.287,179.637
-0.607,0.15,-0.588,3.296,-0.061,-18.127,176.874,62.287,-179.088
-0.734,0.129,-0.684,2.991,1.221,-22.461,177.572,62.71,-177.561
-0.747,0.156,-0.726,0.366,10.254,-18.494,178.22,62.715,-176.028
-0.853,0.184,-0.909,3.906,25.085,-14.282,178.737,61.99,-174.721
-0.636,0.16,-0.951,14.221,31.616,-17.578,179.626,60.634,-173.491
-0.751,0.02,-1.165,26.733,29.541,-20.752,-178.693,59.376,-172.117
-0.541,-0.114,-1.197,23.621,24.719,-3.906,-177.133,57.947,-171.447
-0.272,-0.18,-0.92,18.25,12.329,7.324,-176.276,57.025,-171.782
-0.411,-0.259,-0.919,15.625,-0.793,2.991,-175.573,56.722,-172.414
-0.276,-0.277,-0.839,-1.343,24.841,6.836,-175.177,55.69,-172.859
-0.195,-0.202,-0.713,-2.808,-17.578,6.775,-175.309,55.228,-173.661
-0.442,-0.188,-0.644,-6.653,-30.823,11.23,-175.496,56.245,-174.611
-0.56,-0.164,-0.599,-6.165,-17.883,14.038,-175.803,57.316,-175.336
-0.603,-0.113,-0.635,-5.127,-2.441,23.193,-176.314,57.805,-176.001
-0.574,-0.101,-0.687,0.427,6.958,27.161,-176.951,57.777,-176.896
-0.555,-0.138,-0.754,-3.235,6.653,24.17,-177.594,57.651,-177.819
-0.521,-0.138,-0.734,-9.216,-6.348,13.184,-178.204,57.711,-178.286
-0.589,-0.097,-0.759,-14.587,-3.906,9.521,-178.879,58.195,-178.341
-0.567,-0.117,-0.777,-16.052,-1.953,4.761,-179.528,58.475,-178.193
-0.651,-0.026,-0.943,-20.813,1.648,4.761,179.604,58.359,-178.039
-0.583,-0.022,-0.996,-23.499,3.723,-0.427,178.857,58.129,-177.726
-0.655,0.08,-1.098,-24.414,1.77,-10.376,177.968,58.052,-177.231
-0.62,0.106,-1.074,-30.823,-8.24,-24.597,177.363,58.222,-176.111
-0.527,0.142,-0.96,-40.71,1.648,-33.081,176.765,58.497,-174.243
-0.508,0.361,-0.938,-54.81,-8.423,-17.761,175.018,58.574,-173.035
-0.555,0.462,-0.854,-39.307,5.005,-19.653,173.117,58.705,-172.244
-0.354,0.393,-0.665,-23.621,0.549,-23.621,172.128,58.53,-171.238
-0.312,0.297,-0.498,-11.353,-12.573,-29.358,171.793,58.991,-170.151
-0.409,0.225,-0.48,-5.981,-23.315,-30.334,171.837,60.024,-169.003
-0.562,0.167,-0.514,-2.625,-19.836,-31.372,172.095,61.364,-167.789
-0.686,0.158,-0.647,-6.042,-10.986,-24.78,172.496,62.397,-166.344
-0.728,0.17,-0.694,-6.47,-3.906,-17.273,172.7,63.051,-165.13
-0.678,0.209,-0.708,-8.362,-0.244,-11.169,172.661,63.303,-164.185
-0.74,0.2,-0.698,-4.333,5.005,-20.386,172.716,63.545,-163.196
-0.67,0.17,-0.687,-2.502,8.972,-23.804,173.37,63.446,-161.526
-0.683,0.109,-0.671,0.671,2.563,-23.743,174.155,63.528,-159.879
-0.693,0.131,-0.659,-3.784,-1.709,-14.099,174.628,63.792,-158.632
-0.716,0.153,-0.632,-1.587,-5.371,-11.658,174.913,64.248,-157.698
-0.75,0.232,-0.646,4.883,2.686,-8.179,175.111,64.556,-157.088
-0.676,0.161,-0.614,16.846,-5.615,-17.151,176.166,64.841,-156.088
-0.744,0.114,-0.622,17.578,-13.672,-15.137,177.374,65.704,-155.094
-0.908,0.091,-0.792,14.526,-6.897,-24.414,178.704,66.594,-153.781
-0.971,0.08,-1.007,11.597,-4.822,-25.085,-179.544,66.951,-151.809
-1.181,-0.027,-1.267,13.855,20.996,-28.748,-177.973,67.088,-150.117
-0.396,-0.066,-0.86,9.277,53.04,-26.917,-176.32,65.127,-148.167
-0.26,-0.213,-0.921,17.578,8.728,-35.828,-174.419,63.397,-146.31
-0.294,-0.186,-0.844,-12.817,31.25,-8.179,-173.26,62.232,-144.921
-0.038,-0.012,-0.693,-11.719,14.404,-12.878,-173.82,60.529,-144.976
-0.154,-0.094,-0.574,-9.216,-19.287,-31.799,-173.441,60.073,-144.113
-0.399,-0.163,-0.546,-11.108,-43.518,-43.213,-172.546,61.068,-142.295
-0.717,-0.244,-0.565,-22.827,-37.048,-51.392,-171.222,62.628,-139.164
-0.763,-0.288,-0.599,-28.931,-19.348,-62.317,-169.887,63.545,-134.951
-0.762,-0.329,-0.594,-43.335,-12.634,-60.791,-168.794,63.995,-130.237
-0.756,-0.284,-0.603,-49.622,-2.991,-55.298,-168.426,64.122,-125.81
-0.705,-0.25,-0.668,-51.453,6.592,-48.523,-168.547,63.858,-121.943
-0.574,-0.228,-0.667,-50.842,5.005,-47.791,-168.915,63.342,-118.444
-0.659,-0.259,-0.753,-48.462,1.892,-53.894,-169.003,63.105,-114.708
-0.587,-0.22,-0.819,-49.438,9.521,-51.636,-169.074,62.43,-110.973
-0.67,-0.11,-0.889,-43.579,-6.47,-41.87,-169.453,62.139,-107.946
-0.818,-0.045,-0.922,-41.809,-14.954,-36.987,-169.838,62.441,-105.397
-0.558,0.064,-0.719,-46.692,3.54,-40.466,-170.546,62.32,-103.085
-0.463,0.078,-0.625,-53.528,-18.005,-47.546,-171.392,62.358,-100.574
-0.745,0.096,-0.684,-61.829,-20.691,-54.199,-172.354,63.375,-97.625
-0.762,0.178,-0.706,-62.622,3.479,-54.993,-173.43,63.671,-94.521
-0.639,0.224,-0.689,-50.903,13.184,-46.814,-174.567,63.232,-91.934
-0.602,0.176,-0.682,-39.856,2.502,-47.363,-175.331,62.891,-89.736
-0.657,0.174,-0.708,-35.095,4.578,-44.739,-175.776,62.891,-87.578
-0.627,0.159,-0.696,-28.442,-1.587,-38.757,-176.078,62.886,-85.715
-0.611,0.204,-0.69,-23.193,1.648,-32.654,-176.364,63.034,-84.232
-0.633,0.211,-0.715,-9.583,-7.446,-24.414,-176.364,63.347,-83.254
-0.626,0.243,-0.718,-5.005,-7.751,-7.935,-176.572,63.875,-83.216
-0.68,0.3,-0.772,6.104,-12.634,-2.197,-176.885,64.534,-83.925
-0.955,0.184,-0.872,33.691,-23.132,-14.771,-176.023,65.687,-84.37
-0.731,-0.04,-0.802,45.41,2.563,-23.743,-173.403,66.127,-83.705
-0.517,-0.25,-0.775,49.072,27.161,-30.334,-170.195,65.264,-82.612
-0.257,-0.427,-0.737,29.114,6.226,-20.325,-167.432,63.962,-81.502
-0.533,-0.41,-0.769,-0.549,-19.226,-22.4,-165.844,64.226,-79.98
-0.625,-0.351,-0.784,-21.24,5.859,-24.536,-165.097,64.111,-78.041
-0.49,-0.239,-0.72,-38.574,7.996,-18.372,-165.586,63.325,-76.63
-0.489,-0.138,-0.674,-40.039,-4.883,-25.33,-166.52,62.869,-75.174
-0.557,-0.153,-0.629,-37.781,-11.414,-31.982,-167.025,62.957,-73.202
-0.666,-0.188,-0.675,-38.147,-10.132,-37.476,-167.338,63.133,-70.972
-0.7,-0.191,-0.701,-40.771,-6.042,-39.307,-167.558,63.226,-68.511
-0.681,-0.215,-0.75,-41.687,-0.305,-40.894,-167.822,63.122,-66.055
-0.647,-0.247,-0.784,-46.997,4.028,-41.748,-168.162,62.787,-63.523
-0.53,-0.202,-0.803,-51.88,0.061,-33.63,-169.025,62.331,-61.326
-0.729,-0.174,-0.958,-49.133,-22.095,-37.964,-169.898,62.693,-59.09
-0.708,-0.126,-0.855,-42.297,-22.522,-44.006,-170.112,63.638,-56.321
-0.797,-0.071,-0.828,-43.396,-15.93,-36.743,-170.376,64.6,-53.855
-0.464,0.113,-0.622,-65.857,-9.705,-12.329,-172.2,64.786,-52.778
-0.716,0.312,-0.675,-71.533,-30.273,-15.076,-175.358,66.187,-52.592
-0.751,0.331,-0.738,-65.918,15.808,-48.279,-177.528,66.313,-51.191
-0.571,0.309,-0.729,-59.57,34.912,-68.115,-178.325,65.05,-48.131
-0.491,0.303,-0.802,-44.495,27.893,-61.707,-178.599,63.578,-45.016
-0.456,0.224,-0.771,-23.621,15.503,-46.936,-178.616,62.644,-42.94
-0.553,0.18,-0.765,-18.311,-7.324,-37.598,-178.544,62.523,-41.495
-0.624,0.129,-0.718,-14.526,-3.723,-36.011,-178.396,62.941,-40.298
-0.621,0.124,-0.701,-15.869,-2.502,-37.598,-178.16,63.133,-39.04
-0.614,0.063,-0.673,-14.099,2.258,-41.992,-177.561,63.237,-37.375
-0.563,0.078,-0.663,-17.09,4.578,-32.532,-177.105,63.122,-35.832
-0.637,0.146,-0.725,-15.381,8.057,-17.334,-177.231,62.952,-35.145
-0.701,0.191,-0.8,-6.897,3.357,-9.46,-177.561,62.65,-35.206
-0.773,0.122,-0.83,5.31,-18.799,-16.907,-177.27,63.155,-35.255
-0.886,0.071,-0.895,18.738,-10.803,-27.283,-176.105,64.188,-34.755
-0.773,-0.087,-0.928,16.968,-22.827,-30.884,-173.875,65.006,-33.354
-0.803,-0.15,-1.156,9.46,-13.611,-19.165,-172.414,65.912,-32.327
-0.566,-0.211,-1.041,-0.977,-12.695,1.709,-171.953,66.357,-32.206
-0.445,-0.183,-0.869,-5.432,-23.987,10.193,-172.458,66.989,-32.882
-0.574,-0.158,-0.736,-2.38,-15.503,10.193,-172.875,67.808,-33.448
-0.61,-0.145,-0.666,-0.793,4.7,17.395,-173.447,67.786,-34.442
-0.39,-0.12,-0.538,-3.357,20.813,25.696,-174.342,66.764,-35.986
-0.405,-0.083,-0.527,-7.935,-4.944,28.381,-175.583,66.253,-37.798
-0.567,-0.011,-0.596,-10.559,-10.437,22.034,-177.006,66.627,-39.512
-0.638,-0.01,-0.615,-5.371,-16.785,8.606,-177.858,67.209,-40.578
-0.752,-0.042,-0.676,-5.676,-7.202,9.521,-178.363,67.835,-41.336
-0.679,-0.042,-0.657,-7.019,-2.136,8.118,-178.995,68.033,-42.16
-0.641,-0.077,-0.645,-9.46,0.0,5.615,-179.489,68.121,-42.737
-0.662,-0.076,-0.707,-14.954,3.845,1.343,179.89,68.088,-43.11
-0.693,-0.102,-0.79,-19.104,-3.723,-8.24,179.478,67.989,-42.913
-0.706,-0.087,-0.825,-26.489,-2.747,-10.01,179.033,68.236,-42.248
-0.952,0.005,-1.059,-33.081,-16.235,-6.653,178.171,68.703,-41.704
-1.009,0.188,-1.128,-35.95,-2.258,-6.592,176.891,69.137,-41.407
-0.669,0.3,-0.871,-22.339,13.306,-20.508,176.309,68.747,-40.529
-0.491,0.302,-0.742,-19.958,-11.841,-14.282,176.1,68.56,-39.694
-0.707,0.298,-0.66,-17.273,-10.254,-18.616,175.446,69.324,-39.441
-0.582,0.236,-0.58,-18.494,14.771,-34.058,175.732,69.082,-38.068
-0.465,0.19,-0.5,-18.86,15.686,-40.039,176.276,68.478,-36.172
-0.471,0.156,-0.488,-21.423,7.568,-43.335,176.924,68.132,-34.03
-0.576,0.17,-0.561,-18.188,4.395,-41.992,177.506,68.066,-31.976
-0.655,0.126,-0.607,-9.216,2.319,-39.978,178.451,68.077,-29.943
-0.746,0.081,-0.657,-6.958,-1.099,-32.349,179.445,68.269,-28.273
-0.752,0.054,-0.655,-6.958,9.399,-26.428,-179.692,68.297,-26.938
-0.707,0.048,-0.667,-6.165,10.864,-19.104,-179.094,67.89,-25.999
-0.715,0.039,-0.689,-5.859,11.536,-15.198,-178.704,67.538,-25.439
-0.631,0.062,-0.657,-3.235,5.005,-11.902,-178.418,67.165,-25.049
-0.711,0.076,-0.705,-3.601,1.648,-3.967,-178.308,67.225,-25.065
-0.641,0.111,-0.683,3.906,-0.854,-2.014,-178.303,67.187,-25.455
-0.738,0.101,-0.734,6.348,-12.939,4.517,-178.264,67.637,-26.131
-0.702,0.12,-0.767,5.554,-8.911,1.526,-178.391,68.187,-26.988
-0.813,0.122,-0.88,6.348,-14.343,-6.287,-178.094,68.851,-27.252
-0.9,0.074,-1.015,4.089,-11.292,-3.479,-177.808,69.34,-27.46
-1.05,0.053,-1.064,1.038,-17.761,2.563,-177.913,70.126,-27.883
-0.675,0.001,-0.741,9.827,10.803,8.362,-178.039,70.109,-28.691
-0.422,-0.107,-0.618,22.461,-0.916,6.409,-177.643,69.478,-29.564
-0.68,-0.236,-0.652,24.17,14.954,-3.967,-176.243,69.395,-29.504
-0.486,-0.268,-0.579,15.015,27.039,7.507,-175.111,68.088,-29.564
-0.45,-0.261,-0.552,-0.854,7.202,15.747,-174.963,67.121,-30.196
-0.564,-0.139,-0.543,-12.939,-6.104,18.311,-175.66,67.187,-30.992
-0.706,-0.084,-0.627,-11.841,-7.019,16.174,-176.605,67.571,-31.877
-0.743,-0.038,-0.679,-10.681,7.629,15.564,-177.578,67.637,-32.838
-0.653,-0.038,-0.679,-7.08,8.911,13.672,-178.434,67.225,-33.821
-0.692,-0.021,-0.716,-3.479,3.113,11.23,-179.039,67.077,-34.64
-0.569,-0.033,-0.657,-0.244,4.761,11.475,-179.456,66.841,-35.431
-0.639,-0.038,-0.713,-0.427,5.554,11.78,-179.802,66.693,-36.172
-0.654,-0.039,-0.756,-0.916,1.221,8.667,179.879,66.374,-36.832
-0.585,-0.082,-0.761,-2.93,-0.549,2.93,179.813,66.292,-37.051
-0.656,-0.039,-0.782,-10.071,-12.451,7.202,179.335,66.682,-37.343
-0.755,0.011,-0.867,-6.409,-13.123,4.456,178.857,67.22,-37.656
-1.074,0.078,-1.061,-3.357,-12.329,0.488,178.649,67.868,-37.848
-0.916,0.14,-0.992,-0.427,12.451,-12.756,178.923,67.698,-37.485
-0.561,0.156,-0.771,-12.573,14.832,-18.433,179.544,66.945,-36.365
-0.717,0.225,-0.782,-17.822,12.085,-21.912,179.401,66.467,-35.409
-0.491,0.186,-0.639,-15.137,31.372,-35.767,179.736,65.303,-33.799
-0.414,0.159,-0.576,-13.367,20.874,-31.677,-179.747,64.056,-31.987
-0.346,0.104,-0.508,-10.437,13.855,-28.076,-179.445,63.243,-30.663
-0.42,0.107,-0.542,-11.169,-6.531,-19.226,-179.346,63.062,-29.691
-0.635,0.107,-0.623,-3.723,-14.221,-12.268,-179.467,63.688,-29.328
-0.761,0.071,-0.681,-2.258,-7.935,-7.385,-179.412,64.352,-29.246
-0.775,0.076,-0.71,-3.906,9.644,-3.723,-179.544,64.506,-29.46
-0.673,0.107,-0.691,-5.554,15.93,-1.404,-179.813,63.99,-29.811
-0.596,0.083,-0.692,-0.488,9.216,-5.249,-179.896,63.523,-30.092
-0.625,0.094,-0.716,-2.38,7.629,-3.906,-179.918,63.369,-30.267
-0.625,0.118,-0.761,-2.563,3.418,0.305,179.907,63.177,-30.663
-0.65,0.166,-0.834,3.113,8.301,0.0,179.764,62.913,-31.13
-0.602,0.147,-0.812,8.118,-9.949,0.244,179.835,63.051,-31.674
-0.883,0.096,-1.002,15.991,-14.038,-6.47,-179.561,63.781,-31.866
-1.032,0.024,-1.131,13.367,3.54,-0.671,-178.808,64.056,-32.042
-0.821,-0.038,-1.09,13.428,33.264,1.099,-178.423,63.232,-32.492
-0.241,-0.119,-0.731,10.864,34.058,1.038,-177.753,61.238,-32.624
-0.382,-0.127,-0.749,3.296,6.287,13.977,-177.605,60.43,-33.014
-0.22,-0.096,-0.63,2.625,16.602,26.062,-178.05,59.568,-34.058
-0.26,-0.059,-0.601,0.0,-6.836,31.921,-178.737,59.041,-35.436
-0.509,-0.003,-0.675,1.953,-7.446,31.006,-179.594,59.288,-36.991
-0.537,-0.013,-0.697,9.766,-1.831,20.508,-180.0,59.238,-38.326
-0.657,-0.056,-0.777,12.329,-1.16,14.282,-179.868,59.282,-39.238
-0.6,-0.11,-0.756,9.949,0.366,8.24,-179.451,59.255,-39.798
-0.595,-0.1,-0.763,2.563,3.357,8.545,-179.275,59.255,-40.215
-0.545,-0.083,-0.722,-0.916,-0.427,4.883,-179.247,59.255,-40.485
-0.569,-0.095,-0.772,-3.052,0.061,1.465,-179.203,59.326,-40.523
-0.544,-0.091,-0.811,-5.92,6.958,1.404,-179.247,59.172,-40.457
-0.513,-0.082,-0.876,-11.047,4.211,2.869,-179.522,58.942,-40.419
-0.566,-0.088,-0.903,-10.193,-18.066,-8.24,-179.736,59.332,-40.078
-0.893,-0.053,-1.107,-17.7,-14.832,-6.409,-179.918,60.244,-39.386
-0.855,0.105,-1.144,-20.325,14.099,-6.531,179.429,60.178,-39.029
-0.339,0.172,-0.885,-19.043,28.137,-15.625,179.039,58.914,-38.249
-0.427,0.258,-0.85,-25.696,-5.432,-6.531,178.347,58.304,-37.573
-0.493,0.265,-0.776,-19.775,8.362,-15.015,177.281,58.228,-37.381
-0.366,0.228,-0.674,-14.954,13.245,-25.635,176.957,57.601,-36.442
-0.272,0.175,-0.572,-8.606,-3.052,-23.743,176.913,57.343,-35.469
-0.418,0.142,-0.589,-3.662,-16.785,-19.226,176.907,57.887,-34.882
-0.562,0.112,-0.64,-4.089,-8.545,-14.526,176.973,58.651,-34.579
-0.597,0.111,-0.688,-3.479,-4.456,-14.343,177.056,58.997,-34.338
-0.673,0.123,-0.76,-4.211,2.441,-8.362,177.067,59.233,-34.283
-0.627,0.133,-0.763,-2.869,10.315,-5.249,177.034,59.03,-34.437
-0.58,0.148,-0.764,1.465,4.822,-2.014,177.017,58.788,-34.794
-0.535,0.125,-0.72,3.418,-1.953,-1.587,177.111,58.892,-35.277
-0.654,0.159,-0.787,4.028,-6.165,0.305,177.155,59.255,-35.837
-0.561,0.153,-0.804,7.446,0.916,1.526,177.38,59.365,-36.392
-0.655,0.187,-0.856,11.353,-11.719,0.732,177.506,59.908,-37.211
-0.807,0.172,-0.994,13.0,-11.23,-3.723,178.028,60.557,-37.645
-1.006,0.16,-1.172,17.944,15.32,1.465,178.66,60.562,-38.134
-0.67,0.007,-1.106,29.968,31.494,14.221,179.484,59.172,-39.067
-0.285,-0.206,-0.84,39.917,42.419,25.146,-179.335,57.244,-40.386
-0.264,-0.224,-0.762,22.095,9.827,46.082,-178.698,55.887,-42.33
-0.293,-0.123,-0.691,12.39,20.691,44.067,-179.055,55.113,-44.692
-0.126,-0.089,-0.6,3.662,4.517,28.87,-179.341,54.102,-46.214
-0.362,-0.027,-0.624,-2.319,-25.269,22.217,-179.72,54.492,-47.032
-0.634,0.035,-0.7,-0.671,-5.432,19.043,179.813,55.305,-47.84
-0.599,-0.015,-0.779,7.69,4.822,11.108,179.742,55.151,-48.587
-0.537,-0.022,-0.837,4.761,13.916,12.085,179.846,54.728,-49.175
-0.483,-0.039,-0.849,6.409,9.155,10.132,179.984,54.201,-49.708
-0.453,-0.031,-0.834,6.653,3.54,13.794,-179.929,53.976,-50.323
-0.474,-0.067,-0.818,6.836,-5.859,13.306,-179.797,54.058,-50.944
-0.45,-0.061,-0.855,3.601,1.831,13.306,-179.797,54.108,-51.542
-0.478,-0.089,-0.915,5.249,-14.099,2.441,-179.61,54.421,-51.768
-0.539,-0.131,-0.888,0.732,-13.794,-5.493,-179.176,55.267,-51.35
-0.684,-0.108,-1.044,-7.874,-18.372,-5.676,-178.995,56.102,-50.779
-0.755,-0.002,-1.178,-14.526,-0.427,-14.465,-179.094,56.536,-50.043
-0.589,0.067,-1.109,-21.423,22.827,-29.48,-179.171,56.096,-48.669
-0.322,0.202,-1.026,-40.955,30.823,-20.508,-179.797,54.525,-47.038
-0.263,0.321,-0.867,-32.532,16.907,-29.48,178.797,53.388,-45.917
-0.219,0.215,-0.722,-22.4,-3.479,-38.696,178.341,52.965,-44.105
-0.296,0.211,-0.609,-16.907,-16.235,-25.513,177.874,53.465,-42.819
-0.394,0.184,-0.604,-9.46,-16.724,-19.836,177.512,54.207,-42.193
-0.468,0.186,-0.643,-4.395,-6.531,-10.925,177.237,54.789,-42.105
-0.524,0.157,-0.686,-0.244,-6.653,-10.864,177.111,55.19,-42.347
-0.649,0.134,-0.76,2.441,-7.019,-15.198,177.33,55.717,-42.347
-0.58,0.101,-0.745,1.648,5.737,-15.747,177.726,55.898,-42.155
-0.554,0.11,-0.77,-0.61,2.869,-12.634,178.044,55.915,-41.918
-0.514,0.156,-0.781,-2.319,-0.244,-7.019,178.121,56.063,-41.968
-0.529,0.207,-0.807,0.549,-5.432,-4.15,178.05,56.338,-42.303
-0.553,0.244,-0.865,6.836,-7.874,-3.601,178.132,56.821,-42.825
-0.625,0.203,-0.876,15.564,-22.949,-5.31,178.55,57.816,-43.401
-0.844,0.148,-1.087,19.714,-22.705,-6.653,179.33,59.024,-43.77
-0.887,-0.013,-1.191,22.827,15.198,3.479,-179.665,59.343,-44.16
-0.377,-0.171,-0.926,22.034,28.625,18.066,-178.967,58.178,-45.049
-0.162,-0.236,-0.83,12.878,-0.977,32.654,-178.797,57.101,-46.467
-0.503,-0.092,-0.826,2.991,8.301,39.001,-179.209,57.173,-47.889
-0.157,-0.047,-0.707,10.132,11.169,33.569,-179.841,56.047,-49.658
-0.336,-0.067,-0.654,1.587,-26.489,16.541,-179.956,56.305,-50.389
-0.505,-0.04,-0.627,0.793,-24.475,13.123,179.874,57.409,-50.68
-0.616,-0.064,-0.683,-0.549,-21.545,10.986,179.731,58.48,-51.042
-0.659,-0.051,-0.714,-1.77,-4.517,10.803,179.495,59.128,-51.46
-0.648,-0.03,-0.746,-2.197,4.211,13.428,179.176,59.172,-52.015
-0.588,-0.019,-0.737,-0.427,4.761,12.878,178.879,59.035,-52.619
-0.582,0.002,-0.742,-0.427,0.427,14.954,178.544,58.964,-53.317
-0.589,0.016,-0.744,1.587,-0.854,10.742,178.286,59.112,-53.932
-0.605,-0.021,-0.795,7.263,-1.038,3.845,178.412,59.227,-54.234
-0.59,-0.105,-0.895,9.766,16.479,-4.395,179.061,58.964,-53.981
-0.538,-0.202,-0.96,6.287,-3.723,-9.033,179.945,58.694,-53.223
-0.827,-0.149,-1.18,-14.404,-11.23,8.606,-179.923,59.134,-52.701
-0.608,0.15,-1.136,-28.748,13.489,20.996,178.297,58.81,-53.674
-0.329,0.287,-0.874,-34.485,10.437,-10.803,176.633,58.074,-53.723
-0.375,0.336,-0.769,-32.471,-10.498,-26.978,175.704,57.98,-52.306
-0.529,0.36,-0.697,-25.513,-4.395,-23.499,174.743,58.453,-51.18
-0.48,0.328,-0.658,-17.334,12.451,-30.09,174.304,58.315,-50.092
-0.422,0.294,-0.627,-9.949,7.324,-38.147,174.364,58.019,-48.768
-0.484,0.223,-0.606,-3.784,3.54,-48.157,175.051,58.085,-46.978
-0.527,0.165,-0.629,-2.075,6.287,-46.692,176.105,58.25,-44.929
-0.562,0.128,-0.652,-2.563,0.671,-44.128,177.182,58.425,-42.973
-0.628,0.079,-0.69,-1.648,-1.038,-43.701,178.292,58.848,-41.023
-0.633,0.081,-0.71,-5.92,-3.723,-34.058,179.182,59.266,-39.32
-0.614,0.125,-0.719,-5.432,-2.441,-23.865,179.692,59.661,-38.161
-0.613,0.146,-0.744,1.77,-3.723,-15.808,-179.841,60.062,-37.502
-0.629,0.157,-0.832,9.033,-2.258,-4.333,-179.445,60.353,-37.524
-0.713,0.105,-1.039,15.015,-4.822,8.301,-179.11,60.452,-38.221
-0.728,0.033,-1.189,19.043,0.427,5.188,-178.802,60.699,-39.084
-0.796,-0.148,-1.209,15.259,1.831,3.052,-177.863,60.903,-39.144
-0.4,-0.13,-0.979,8.972,18.86,23.438,-177.803,60.276,-39.814
-0.292,-0.086,-0.829,13.245,-6.042,28.32,-178.105,59.639,-41.05
-0.436,-0.101,-0.687,19.165,-4.517,27.161,-178.011,59.837,-42.1
-0.386,-0.106,-0.57,17.212,-1.648,29.297,-177.907,59.722,-43.264
-0.418,-0.135,-0.557,14.221,-3.906,23.132,-177.764,59.727,-44.286
-0.506,-0.119,-0.627,10.01,-1.892,21.973,-177.638,59.854,-45.049
-0.605,-0.084,-0.727,6.104,4.333,28.748,-177.83,59.886,-46.082
-0.593,-0.059,-0.759,7.69,6.226,27.649,-178.281,59.612,-47.455
-0.61,-0.047,-0.763,7.996,6.653,24.292,-178.561,59.37,-48.642
-0.572,-0.069,-0.731,7.141,3.845,19.714,-178.737,59.183,-49.636
-0.549,-0.055,-0.726,0.183,-0.916,21.729,-179.072,59.189,-50.51
-0.587,-0.018,-0.741,2.014,2.38,20.63,-179.626,59.304,-51.498
-0.625,-0.01,-0.849,4.028,5.005,20.569,179.984,59.139,-52.432
-0.512,-0.054,-0.892,7.141,11.597,18.311,179.824,58.634,-53.245
-0.471,-0.111,-0.902,4.517,-12.085,9.033,179.802,58.694,-53.668
-0.811,-0.111,-1.0,-0.366,-22.644,-4.639,-179.951,59.87,-53.223
-0.861,-0.015,-1.191,-9.888,7.935,-2.502,-179.901,60.04,-52.646
-0.468,0.093,-0.975,-17.822,22.644,-7.935,179.852,59.178,-51.844
-0.283,0.213,-0.867,-23.438,-5.249,-9.399,179.236,58.464,-50.955
-0.551,0.312,-0.786,-22.156,-13.55,-11.23,178.22,59.15,-50.317
-0.403,0.262,-0.645,-9.583,0.977,-20.02,177.83,59.156,-49.444
-0.436,0.204,-0.583,-3.906,-8.179,-21.24,177.841,59.348,-48.576
-0.487,0.156,-0.573,1.587,-3.54,-23.315,178.182,59.689,-47.681
-0.586,0.127,-0.619,3.967,0.671,-23.132,178.792,59.919,-46.752
-0.604,0.066,-0.667,6.348,5.737,-24.475,179.654,59.875,-45.72
-0.688,0.082,-0.732,2.747,7.324,-17.517,-179.676,59.81,-44.868
-0.603,0.05,-0.73,4.822,15.32,-15.381,-179.022,59.354,-44.176
-0.54,0.035,-0.696,1.77,3.723,-11.536,-178.566,59.106,-43.676
-0.549,0.056,-0.665,1.526,-7.812,-12.939,-178.176,59.398,-43.132
-0.676,0.075,-0.715,0.366,-12.024,-10.193,-177.896,60.156,-42.726
-0.761,0.16,-0.798,-1.892,-1.404,-6.592,-177.808,60.606,-42.523
-0.816,0.161,-0.913,3.113,16.296,-4.456,-177.792,60.331,-42.676
-0.823,0.171,-1.087,1.648,35.828,-10.681,-177.665,59.392,-42.616
-0.626,0.032,-1.213,19.226,34.546,-16.602,-176.638,57.827,-41.951
-0.258,-0.101,-1.054,21.484,21.179,-5.31,-175.479,56.398,-41.594
-0.14,-0.191,-0.985,22.339,2.502,-7.874,-174.348,55.497,-41.133
-0.303,-0.262,-0.843,9.521,-0.671,-13.855,-172.963,55.316,-39.771
-0.235,-0.196,-0.692,-15.93,8.423,-8.972,-172.667,54.712,-38.524
-0.321,-0.101,-0.69,-29.358,7.69,-35.95,-173.04,53.981,-36.694
-0.257,-0.095,-0.716,-35.4,13.123,-59.937,-173.018,53.004,-33.322
-0.294,-0.067,-0.702,-38.147,-9.949,-74.219,-172.991,52.416,-29.174
-0.555,-0.154,-0.821,-44.373,-10.376,-93.75,-172.59,52.564,-24.005
-0.502,-0.229,-0.849,-64.88,2.075,-117.31,-172.397,52.097,-17.88
-0.463,-0.112,-0.794,-71.655,-13.367,-114.929,-172.738,51.921,-11.31
-0.536,-0.126,-0.73,-64.026,-20.203,-109.558,-172.919,52.471,-5.092
-0.584,-0.131,-0.743,-60.73,-16.113,-92.651,-173.09,53.091,0.324
-0.538,-0.052,-0.739,-54.382,-6.775,-74.402,-173.557,53.487,4.559
-0.521,-0.153,-0.817,-48.767,-15.991,-70.984,-173.864,53.948,8.146
-0.596,-0.113,-0.871,-62.378,-1.404,-69.519,-174.49,54.3,11.821
-0.698,0.032,-1.061,-53.65,-20.874,-78.918,-175.292,54.58,15.54
-0.697,-0.005,-0.979,-52.795,-1.404,-78.308,-175.298,55.102,19.836
-0.319,0.14,-0.685,-72.754,-19.226,-55.542,-176.49,55.36,23.148
-0.558,0.285,-0.633,-71.228,-64.026,-65.308,-178.528,57.623,26.115
-0.865,0.247,-0.67,-63.904,-27.283,-85.388,-179.544,60.309,30.086
-0.673,0.255,-0.637,-62.988,-2.502,-82.336,-179.896,61.271,34.376
-0.636,0.251,-0.62,-51.147,1.526,-71.472,179.907,61.716,38.282
-0.658,0.263,-0.629,-38.269,0.183,-55.176,179.61,62.089,41.506
-0.656,0.317,-0.651,-36.194,4.944,-34.058,179.033,62.265,44.154
-0.695,0.341,-0.751,-18.738,14.526,-32.349,178.363,61.946,46.84
-0.562,0.325,-0.769,-9.583,16.663,-30.945,178.418,61.155,50.098
-0.51,0.3,-0.819,1.465,11.353,-26.062,178.797,60.425,53.135
-0.538,0.262,-0.938,6.775,-5.676,-11.292,179.275,60.172,55.519
-0.88,0.152,-0.877,20.874,-22.705,-5.188,179.725,61.353,56.711
-0.458,0.03,-0.676,24.597,6.592,-25.146,-179.105,61.458,58.277
-0.514,-0.211,-0.765,30.64,12.268,-68.787,-175.858,60.831,61.935
-0.457,-0.325,-0.822,1.221,16.052,-53.894,-172.826,59.832,65.814
-0.542,-0.222,-0.868,-26.55,8.789,-31.189,-172.321,59.101,67.615
-0.411,-0.089,-0.747,-36.682,1.648,-33.569,-172.661,58.475,69.263
-0.561,-0.077,-0.76,-32.654,-13.611,-39.795,-173.029,58.656,71.29
-0.614,-0.073,-0.78,-33.264,-5.066,-33.752,-173.26,58.975,73.488
-0.53,-0.07,-0.729,-26.245,-7.385,-22.4,-173.694,59.101,75.119
-0.591,-0.101,-0.796,-19.043,-5.92,-14.771,-174.089,59.464,76.278
-0.509,-0.267,-0.809,-24.292,2.869,-28.625,-174.238,59.403,77.421
-0.519,-0.321,-0.872,-57.373,-12.146,-66.528,-174.293,59.266,79.991
-0.878,-0.062,-0.924,-73.547,-31.677,-79.407,-174.677,60.315,84.293
-0.664,0.174,-0.726,-71.045,-4.272,-48.523,-175.671,60.936,88.374
-0.552,0.463,-0.683,-57.556,-28.87,-22.644,-177.946,61.65,91.324
-0.845,0.217,-0.714,-34.302,-12.207,-51.208,-178.693,62.941,95.372
-0.656,0.222,-0.67,-46.448,15.93,-67.505,-178.819,62.523,101.041
-0.576,0.129,-0.689,-43.274,12.207,-66.65,-178.775,61.826,107.007
-0.641,0.15,-0.718,-43.823,14.465,-55.603,-179.121,61.293,112.363
-0.568,0.165,-0.72,-37.048,14.771,-42.908,-179.698,60.562,116.867
-0.645,0.144,-0.757,-31.677,4.395,-41.443,179.824,60.282,120.916
-0.562,0.146,-0.742,-29.114,1.343,-41.382,179.561,60.156,124.937
-0.601,0.218,-0.831,-32.288,-9.033,-36.072,179.138,60.485,128.666
-0.584,0.322,-0.903,-23.621,-10.803,-29.968,178.539,60.974,131.852
-0.84,0.261,-1.065,-17.212,-49.011,-29.724,178.358,62.325,134.687
-1.198,0.119,-1.257,-14.16,-12.329,-36.56,178.451,64.155,137.598
-0.569,0.102,-0.865,-10.559,14.221,-25.574,179.044,63.951,141.037
-0.363,-0.047,-0.753,7.751,2.686,-15.686,179.588,63.314,143.234
-0.431,-0.141,-0.68,12.512,6.531,-18.127,-179.143,63.067,145.327
-0.355,-0.205,-0.596,6.836,7.996,-5.371,-177.979,62.523,147.014
-0.437,-0.16,-0.608,-7.202,2.197,7.812,-177.973,62.238,147.607
-0.467,-0.082,-0.601,-7.751,-10.071,8.362,-178.369,62.342,148.074
-0.655,-0.072,-0.644,-7.263,-17.822,8.728,-178.764,63.171,148.744
-0.736,-0.07,-0.668,-4.15,-8.301,4.578,-179.143,63.918,149.826
-0.717,-0.112,-0.666,-5.615,1.953,4.822,-179.341,64.215,151.293
-0.652,-0.093,-0.675,-9.521,6.226,10.681,-179.951,64.188,152.512
-0.64,-0.081,-0.667,-9.766,1.892,11.597,179.275,64.221,153.534
-0.659,-0.097,-0.771,-9.888,14.282,12.756,178.44,63.979,154.407
-0.592,-0.094,-0.885,-14.587,7.385,8.728,177.715,63.424,155.336
-0.635,-0.052,-0.984,-13.611,-11.658,-5.798,177.182,63.677,156.385
-0.942,0.059,-1.129,-17.822,-33.02,-13.733,177.209,64.902,157.934
-0.777,0.196,-0.948,-23.01,-0.854,-16.968,176.885,65.841,159.62
-0.54,0.288,-0.832,-33.325,4.761,-13.184,176.369,65.468,161.483
-0.609,0.356,-0.739,-27.71,7.263,-20.691,175.232,65.303,162.845
-0.557,0.273,-0.67,-18.86,15.808,-40.222,175.314,64.775,165.432
-0.427,0.212,-0.55,-12.451,20.325,-42.175,176.034,63.979,168.646
-0.389,0.147,-0.517,-6.287,3.296,-36.255,176.858,63.479,171.519
-0.54,0.111,-0.535,-5.798,-4.333,-23.926,177.358,63.726,173.633
-0.632,0.092,-0.602,-2.441,-3.052,-22.644,177.764,63.924,175.518
-0.734,0.091,-0.683,-0.305,6.592,-16.296,178.248,64.023,177.407
-0.709,0.075,-0.706,4.883,10.132,-7.08,178.66,63.682,178.846
-0.671,0.091,-0.73,7.263,13.245,5.798,178.841,63.204,179.637
-0.585,0.104,-0.708,13.245,10.437,9.216,178.912,62.704,179.824
-0.599,0.092,-0.719,17.212,-7.019,3.967,179.302,62.715,-179.951
-0.661,0.087,-0.754,15.076,-11.108,-0.793,179.857,63.232,-179.506
-0.76,0.073,-0.799,12.207,-25.33,-4.822,-179.434,64.111,-178.764
-0.859,0.113,-0.847,11.719,-17.395,-7.568,-178.841,65.297,-177.929
-1.122,0.104,-1.047,14.893,-5.981,-16.541,-177.83,66.077,-176.578
-0.985,-0.003,-1.049,18.311,30.029,-18.616,-176.385,65.506,-174.836
-0.362,-0.146,-0.742,28.564,49.255,-16.113,-174.721,63.435,-173.238
-0.245,-0.359,-0.732,30.273,4.761,-2.197,-172.842,61.88,-172.293
-0.529,-0.374,-0.743,-0.305,19.897,15.93,-172.112,61.518,-172.359
-0.345,-0.201,-0.688,-2.625,27.222,19.287,-172.667,60.15,-172.925
-0.274,-0.251,-0.668,-7.202,11.902,28.198,-173.331,59.112,-174.062
-0.428,-0.19,-0.659,-12.878,-11.719,27.588,-174.413,59.222,-175.54
-0.553,-0.124,-0.663,-12.512,-17.456,28.381,-175.627,59.941,-176.622
-0.667,-0.108,-0.708,-9.216,-11.597,29.541,-176.732,60.765,-177.226
-0.638,-0.09,-0.701,-3.906,-1.16,33.875,-177.979,61.188,-177.913
-0.622,-0.104,-0.703,-6.653,1.099,35.828,-179.247,61.32,-178.775
-0.602,-0.044,-0.714,-9.338,5.066,36.072,179.225,61.254,-179.753
-0.557,0.002,-0.767,-4.822,13.611,28.015,177.951,60.82,179.434
-0.522,0.038,-0.875,4.822,3.906,14.343,177.369,60.463,178.984
-0.569,-0.035,-0.899,12.939,-20.264,-6.226,177.858,60.699,179.022
-0.77,-0.113,-1.038,0.732,-28.687,-6.409,178.868,61.946,179.714
-1.058,0.06,-1.186,-14.771,-9.888,-11.475,178.934,63.094,-179.577
-0.606,0.182,-0.98,-21.729,31.067,-20.508,178.819,62.441,-178.11
-0.355,0.33,-0.889,-30.457,16.663,-19.104,178.281,60.947,-176.726
-0.539,0.339,-0.788,-17.395,-3.113,-30.762,177.704,60.82,-175.627
-0.56,0.232,-0.674,-13.611,12.451,-44.983,178.094,60.65,-173.562
-0.426,0.209,-0.562,-9.216,17.761,-50.537,178.863,59.958,-170.826
-0.405,0.116,-0.523,-2.502,6.897,-45.41,179.973,59.551,-168.047
-0.381,0.022,-0.501,3.052,-5.127,-36.865,-179.006,59.612,-165.828
-0.599,-0.051,-0.609,2.014,-24.597,-32.837,-177.852,60.59,-163.707
-0.774,-0.023,-0.716,-0.793,-7.446,-20.386,-177.078,61.556,-161.878
-0.73,0.042,-0.747,1.953,6.042,-6.104,-176.704,61.633,-160.708
-0.631,0.066,-0.749,10.498,9.216,11.108,-176.649,61.381,-160.615
-0.53,0.048,-0.727,14.221,2.747,8.301,-176.561,61.166,-161.06
-0.6,0.041,-0.776,8.057,-7.751,8.728,-176.462,61.507,-161.389
-0.651,0.061,-0.85,3.113,-17.822,3.479,-176.567,62.155,-161.636
-0.741,0.072,-0.898,3.052,-18.005,5.005,-176.754,63.243,-161.867
-0.857,0.015,-1.064,2.014,-22.034,0.122,-176.759,64.138,-161.933
-0.92,-0.021,-1.114,1.465,-6.531,7.202,-176.924,64.902,-162.048
-0.64,-0.098,-0.934,4.944,-2.197,14.832,-177.358,65.089,-162.724
-0.464,-0.164,-0.804,7.812,-10.254,27.161,-177.742,65.072,-163.965
-0.582,-0.073,-0.721,5.493,8.179,31.799,-178.621,65.094,-165.888
-0.474,-0.105,-0.651,14.282,16.418,25.818,-179.017,64.243,-167.421
-0.413,-0.098,-0.53,13.794,13.55,29.053,-179.16,63.358,-168.794
-0.451,-0.108,-0.5,14.16,3.723,23.804,-179.209,62.913,-169.964
-0.597,-0.097,-0.57,6.226,-1.892,17.029,-179.121,62.99,-170.316
-0.659,-0.003,-0.654,5.493,7.446,18.555,-179.429,62.902,-170.524
-0.73,-0.069,-0.75,11.292,10.681,14.893,-179.368,62.71,-170.623
-0.583,-0.077,-0.719,13.123,14.893,14.038,-179.154,62.073,-170.651
-0.575,-0.104,-0.751,10.864,12.817,19.043,-178.978,61.578,-170.892
-0.507,-0.099,-0.766,11.23,10.62,22.095,-179.011,61.029,-171.568
-0.628,-0.132,-0.959,10.071,5.432,19.104,-178.989,60.71,-172.425
-0.491,-0.149,-0.95,8.911,-2.258,10.498,-178.775,60.529,-173.073
-0.864,-0.106,-1.197,-1.77,-19.531,5.859,-178.572,61.161,-173.655
-0.615,0.066,-1.109,-10.864,10.254,4.456,-179.006,61.084,-174.216
-0.397,0.188,-0.898,-18.677,-6.897,-5.493,-179.637,60.749,-174.556
-0.676,0.246,-0.878,-19.409,-18.066,-11.108,179.648,61.337,-174.611
-0.701,0.238,-0.803,-15.442,22.644,-23.682,179.182,61.249,-174.029
-0.44,0.212,-0.709,-12.878,34.912,-31.982,179.346,59.678,-172.403
-0.331,0.137,-0.591,-7.263,22.766,-32.654,179.764,58.321,-170.634
-0.343,0.113,-0.57,-7.446,10.01,-25.757,-179.978,57.607,-169.272
-0.413,0.085,-0.606,-5.676,1.343,-18.25,-179.857,57.442,-168.322
-0.525,0.092,-0.673,-1.587,-8.85,-13.428,-179.802,57.695,-167.706
-0.684,0.104,-0.755,-0.122,-1.16,-9.338,-179.731,58.09,-167.19
-0.658,0.121,-0.779,4.517,13.0,-8.362,-179.462,57.854,-166.547
-0.564,0.125,-0.785,10.559,16.846,-3.723,-179.116,57.178,-166.174
-0.496,0.065,-0.763,15.32,7.202,-6.348,-178.434,56.744,-165.839
-0.559,0.026,-0.742,15.32,-3.174,-7.935,-177.649,56.838,-165.465
-0.589,0.001,-0.811,7.69,0.488,-3.296,-176.984,57.03,-165.042
-0.562,0.021,-0.872,6.775,0.0,-6.47,-176.611,57.057,-164.724
-0.592,-0.009,-0.92,7.324,1.465,-10.742,-176.078,57.233,-164.185
-0.611,-0.01,-1.041,6.714,-1.099,-12.024,-175.479,57.162,-163.575
-0.59,-0.043,-1.098,4.333,10.071,-7.446,-174.897,56.948,-163.048
-0.521,-0.012,-1.145,3.906,-4.395,-1.587,-174.699,56.624,-163.081
-0.481,-0.101,-1.057,7.141,-6.287,-2.319,-174.37,56.799,-163.235
-0.36,-0.166,-0.873,11.719,-5.92,-8.972,-173.787,56.92,-163.306
-0.418,-0.248,-0.788,10.681,2.502,-14.587,-172.716,56.832,-162.878
-0.181,-0.272,-0.649,2.502,1.038,-6.531,-172.046,56.272,-162.724
-0.301,-0.288,-0.61,-13.794,-30.579,-1.465,-171.909,56.832,-162.905
-0.572,-0.184,-0.629,-23.193,-24.536,3.723,-172.584,58.085,-163.043
-0.557,-0.145,-0.629,-23.804,-3.906,8.911,-173.518,58.618,-162.856
-0.665,-0.068,-0.765,-22.034,2.869,16.785,-174.858,58.755,-163.048
-0.573,-0.018,-0.771,-14.526,15.625,25.391,-176.265,58.354,-163.751
-0.553,0.015,-0.812,-4.822,8.606,30.457,-177.55,57.854,-165.059
-0.52,0.02,-0.794,4.089,4.883,29.541,-178.374,57.607,-166.481
-0.539,-0.033,-0.751,7.996,-7.019,23.132,-178.77,57.717,-167.778
-0.627,-0.051,-0.783,6.348,-1.099,15.808,-178.984,58.063,-168.662
-0.526,-0.081,-0.805,2.625,2.869,11.597,-179.044,57.975,-169.03
-0.562,-0.058,-0.893,0.488,2.563,7.751,-179.182,57.969,-169.272
-0.524,-0.078,-0.839,6.714,-7.019,2.38,-178.995,58.134,-169.338
-0.63,-0.105,-0.904,2.014,-7.446,11.292,-178.759,58.59,-169.552
-0.576,-0.075,-0.903,-0.366,-2.747,15.564,-179.044,58.799,-170.294
-0.581,-0.067,-0.931,-0.916,-14.038,10.864,-179.335,59.106,-171.046
-0.73,-0.08,-1.018,-2.014,-12.451,-2.014,-179.396,59.738,-171.359
-0.744,-0.036,-1.048,-7.263,3.235,-13.428,-179.022,60.046,-170.623
-0.374,0.091,-0.863,-17.761,12.939,-8.301,-179.187,59.381,-170.002
-0.455,0.28,-0.845,-26.428,-19.653,2.136,179.643,59.568,-170.359
-0.644,0.286,-0.801,-17.456,0.244,-7.69,178.5,60.04,-170.75
-0.457,0.232,-0.731,-14.709,15.137,-15.747,177.979,59.403,-170.283
-0.425,0.159,-0.65,-12.695,7.324,-11.902,177.567,58.931,-169.805
-0.34,0.201,-0.612,-10.925,-1.77,-5.92,176.852,58.7,-169.854
-0.493,0.179,-0.616,-5.127,-13.245,-3.845,176.364,59.189,-170.057
-0.616,0.15,-0.661,-0.244,-6.714,-8.728,176.155,59.689,-170.09
-0.677,0.135,-0.739,0.061,3.662,-8.301,176.226,59.892,-169.717
-0.667,0.113,-0.744,1.038,12.878,-4.395,176.364,59.689,-169.239
-0.58,0.14,-0.733,-1.282,14.832,5.432,176.254,59.062,-169.118
-0.58,0.159,-0.77,2.625,15.93,4.761,175.979,58.464,-169.365
-0.51,0.196,-0.783,2.747,10.559,3.723,175.858,57.843,-169.579
-0.542,0.183,-0.802,6.287,8.24,-1.221,175.93,57.579,-169.733
-0.498,0.211,-0.844,7.019,-1.648,-4.456,176.122,57.338,-169.794
-0.564,0.074,-0.834,1.16,-13.245,-13.245,176.49,57.887,-169.585
-0.69,0.051,-0.874,-27.771,-5.615,-25.391,176.243,58.469,-168.657
-0.88,0.236,-1.063,-34.79,9.399,-28.748,175.479,58.651,-166.948
-0.684,0.285,-1.109,-13.184,25.452,-15.747,175.04,57.667,-165.613
-0.519,0.143,-0.971,8.118,17.761,-5.005,175.331,56.761,-165.13
-0.319,0.027,-0.789,24.048,5.432,-5.493,176.292,56.184,-165.075
-0.384,-0.182,-0.728,30.701,1.221,-18.127,178.16,56.228,-164.641
-0.334,-0.24,-0.713,4.944,15.076,-12.39,179.665,55.552,-163.812
-0.359,-0.121,-0.752,-8.24,18.677,1.282,179.907,54.701,-163.559
-0.413,-0.053,-0.79,-9.46,14.16,10.437,179.577,53.745,-163.938
-0.437,-0.057,-0.824,-7.507,17.578,5.554,179.247,52.872,-164.355
-0.474,-0.045,-0.835,-12.207,11.23,2.686,178.951,52.125,-164.432
-0.477,0.01,-0.844,-13.855,18.311,6.897,178.401,51.405,-164.498
-0.414,0.016,-0.818,-6.226,14.771,4.456,177.957,50.625,-164.608
-0.419,0.008,-0.809,-4.883,4.883,7.874,177.731,50.158,-164.789
-0.427,-0.023,-0.821,-1.953,7.263,7.812,177.572,49.922,-165.086
-0.422,0.003,-0.847,-4.028,2.93,11.475,177.336,49.697,-165.515
-0.367,-0.075,-0.897,-6.592,5.249,-1.953,177.171,49.471,-165.69
-0.336,-0.058,-0.912,-22.644,0.671,-13.855,176.924,49.433,-165.042
-0.404,0.03,-0.999,-23.804,-4.211,-15.686,176.232,49.543,-164.487
-0.462,0.1,-1.074,-24.658,-10.742,-20.325,175.627,49.85,-163.856
-0.591,0.383,-1.189,-25.757,-5.615,-43.03,175.078,50.295,-162.587
-0.576,0.277,-1.107,-0.854,20.691,-96.863,176.364,50.339,-158.648
-0.163,0.144,-0.943,-14.343,22.156,-85.876,178.16,49.417,-153.814
-0.271,0.233,-0.878,-23.376,-24.841,-51.697,178.369,49.834,-151.024
-0.451,0.266,-0.768,-18.005,-15.198,-35.522,177.902,50.982,-149.738
-0.446,0.21,-0.729,-10.193,-12.024,-35.828,177.753,51.735,-148.519
-0.435,0.141,-0.685,-6.653,-10.254,-33.997,177.94,52.399,-147.151
-0.464,0.145,-0.67,-6.226,-12.817,-26.794,178.083,53.135,-146.025
-0.527,0.1,-0.673,-2.502,-12.085,-25.085,178.297,53.943,-145.052
-0.582,0.062,-0.708,-4.15,-8.728,-28.137,178.698,54.668,-143.844
-0.625,0.043,-0.741,-4.944,-0.61,-34.973,179.198,55.168,-142.229
-0.578,-0.011,-0.735,-6.897,3.113,-38.086,179.956,55.382,-140.065
-0.59,0.002,-0.737,-7.568,1.282,-25.635,-179.511,55.569,-138.214
-0.578,0.003,-0.743,-5.554,3.174,-17.639,-179.209,55.668,-136.967
-0.535,0.015,-0.75,1.038,4.517,-13.184,-178.874,55.662,-136.038
-0.572,0.053,-0.829,-1.038,0.366,3.418,-178.715,55.761,-135.742
-0.583,0.118,-0.921,8.85,-3.54,14.709,-178.901,55.871,-136.445
-0.575,0.116,-0.931,10.254,-13.55,20.813,-178.951,56.442,-137.598
-0.824,0.151,-1.081,18.494,-18.921,23.254,-179.149,57.404,-139.219
-0.796,0.055,-1.116,27.771,-9.46,29.419,-178.857,58.057,-140.883
-0.542,0.041,-0.922,28.137,1.282,57.312,-179.094,58.211,-143.729
-0.316,-0.034,-0.814,44.983,0.0,54.077,-179.352,57.87,-147.502
-0.334,-0.146,-0.83,43.335,10.498,47.546,-178.55,57.475,-150.386
-0.254,-0.137,-0.801,38.391,3.784,62.744,-178.248,56.777,-153.869
-0.314,-0.128,-0.774,31.555,-10.193,62.073,-178.281,56.613,-157.797
-0.398,-0.082,-0.692,28.625,-23.315,57.007,-178.478,57.151,-161.543
-0.523,-0.094,-0.693,23.376,-26.123,50.72,-178.676,58.134,-164.85
-0.637,-0.068,-0.727,18.433,-16.296,41.382,-178.984,59.112,-167.448
-0.605,-0.098,-0.717,12.878,-8.545,34.058,-179.22,59.612,-169.316
-0.671,-0.069,-0.759,4.089,-2.441,29.358,-179.698,59.974,-170.695
-0.567,-0.048,-0.726,3.601,0.122,23.315,179.769,59.996,-171.749
-0.576,-0.024,-0.716,3.113,-9.766,20.874,179.374,60.315,-172.601
-0.66,-0.032,-0.771,4.333,-0.732,19.592,179.055,60.677,-173.403
-0.518,-0.038,-0.775,0.488,5.981,16.846,178.693,60.48,-174.122
-0.682,-0.029,-0.845,-3.296,-4.517,5.127,178.407,60.754,-174.496
-0.53,0.006,-0.867,-9.644,4.639,7.141,178.05,60.502,-174.578
-0.549,0.048,-0.924,-8.484,2.747,8.484,177.462,60.331,-174.985
-0.703,0.146,-1.074,-1.465,-12.024,0.977,177.105,60.441,-175.474
-0.774,0.312,-1.053,13.0,0.122,-16.907,177.468,60.732,-175.309
-0.591,0.061,-0.94,37.476,6.836,-41.138,-179.956,60.628,-173.452
-0.426,0.037,-0.849,14.099,1.77,-12.939,-177.781,60.167,-172.013
-0.586,0.107,-0.809,-0.122,-5.31,-4.333,-177.512,60.381,-172.084
-0.477,0.127,-0.726,-9.705,-2.136,-13.977,-177.621,60.353,-171.837
-0.515,0.123,-0.664,-12.695,-5.493,-21.851,-177.819,60.557,-171.118
-0.496,0.132,-0.61,-10.925,-9.155,-26.245,-177.797,60.848,-169.909
-0.568,0.104,-0.603,-5.249,-4.028,-22.461,-177.556,61.271,-168.596
-0.582,0.07,-0.604,0.244,0.244,-22.034,-177.138,61.381,-167.404
-0.631,0.021,-0.633,1.709,-2.014,-20.386,-176.479,61.551,-166.097
-0.7,0.019,-0.678,0.183,-0.793,-15.747,-176.045,61.776,-164.987
-0.708,0.01,-0.696,-1.77,8.972,-15.503,-175.66,61.71,-163.845
-0.64,-0.003,-0.681,-2.625,2.075,-14.893,-175.32,61.606,-162.691
-0.647,0.022,-0.695,-5.554,-1.526,-9.46,-175.232,61.82,-161.763
-0.694,0.08,-0.743,-5.859,-0.366,-3.479,-175.402,62.084,-161.208
-0.625,0.14,-0.72,3.662,10.62,-1.709,-175.666,61.897,-161.098
-0.673,0.104,-0.829,9.338,-3.479,-4.395,-175.397,61.87,-160.939
-0.599,0.067,-0.875,17.09,-1.77,-17.578,-174.617,61.924,-160.378
-0.757,-0.08,-0.984,16.602,-14.099,-21.606,-173.117,62.303,-159.197
-1.006,-0.123,-1.224,4.272,-7.08,-9.033,-172.106,62.825,-158.176
-0.74,-0.153,-1.185,10.925,26.123,22.095,-172.013,62.424,-158.505
-0.08,-0.185,-0.828,15.259,9.583,41.626,-172.782,61.282,-160.95
-0.36,-0.223,-0.75,13.855,-35.156,10.132,-172.991,62.034,-162.993
-0.431,-0.162,-0.589,0.549,-9.521,4.578,-172.595,62.853,-163.482
-0.391,-0.16,-0.535,-4.211,-7.996,3.662,-172.639,62.93,-163.938
-0.481,-0.139,-0.558,-13.611,-2.686,-7.751,-172.76,63.007,-163.691
-0.526,-0.121,-0.589,-16.235,-3.357,-21.973,-172.584,62.913,-162.4
-0.647,-0.146,-0.652,-21.179,-8.789,-29.846,-172.172,63.16,-160.258
-0.707,-0.127,-0.709,-24.048,-3.174,-31.067,-171.881,63.369,-157.808
-0.646,-0.126,-0.681,-22.888,2.869,-32.349,-171.595,63.281,-155.314
-0.608,-0.132,-0.654,-25.94,0.366,-28.931,-171.491,63.182,-153.018
-0.631,-0.118,-0.648,-30.457,-9.094,-32.104,-171.552,63.375,-150.683
-0.757,-0.111,-0.681,-35.706,-15.564,-39.673,-171.623,64.072,-147.92
-0.751,-0.115,-0.646,-36.377,-7.996,-55.542,-171.343,64.501,-144.388
-0.837,-0.264,-0.712,-39.429,8.972,-67.322,-170.453,64.424,-139.966
-0.679,-0.227,-0.711,-57.678,18.25,-50.537,-170.327,63.441,-135.775
-0.72,-0.161,-0.817,-62.195,10.254,-51.514,-171.255,62.666,-132.325
-0.656,-0.038,-0.78,-62.805,12.451,-52.002,-172.238,62.216,-128.694
-0.829,0.039,-0.855,-58.655,-19.226,-47.913,-173.386,62.38,-125.563
-0.61,0.089,-0.761,-52.673,12.634,-49.194,-174.122,62.435,-122.36
-0.39,0.16,-0.682,-50.598,-1.77,-38.025,-175.177,62.056,-119.888
-0.512,0.152,-0.682,-44.8,-18.982,-53.833,-175.99,62.617,-117.46
-0.746,0.117,-0.743,-52.551,-11.597,-65.979,-176.177,63.413,-113.972
-0.738,0.148,-0.763,-54.138,11.414,-78.796,-176.221,63.287,-109.786
-0.571,0.188,-0.716,-52.551,24.109,-76.782,-176.067,62.325,-105.331
-0.526,0.187,-0.756,-35.645,21.423,-76.111,-175.743,61.221,-101.283
-0.43,0.129,-0.772,-27.161,22.156,-69.031,-174.979,60.013,-97.575
-0.498,0.085,-0.83,-16.663,-5.371,-63.721,-174.139,59.59,-94.411
-0.505,0.086,-0.794,-21.301,-4.456,-43.823,-173.584,59.733,-91.95
-0.496,0.164,-0.78,-17.029,-23.56,-18.311,-173.826,60.26,-90.807
-0.639,0.146,-0.853,-8.667,-29.053,-7.141,-174.435,61.54,-90.835
-0.919,0.019,-0.897,3.113,-30.579,-18.799,-174.463,63.237,-90.791
-0.501,-0.12,-0.752,2.563,6.104,-33.936,-173.557,63.468,-89.819
-0.554,-0.258,-0.827,2.869,8.728,-68.787,-171.42,62.88,-87.083
-0.443,-0.332,-0.788,-13.55,5.798,-62.744,-169.008,61.93,-83.359
-0.576,-0.299,-0.795,-34.668,-9.583,-56.519,-167.986,61.469,-80.381
-0.535,-0.195,-0.738,-49.255,-2.014,-53.772,-167.778,61.15,-77.338
-0.476,-0.116,-0.686,-51.697,-7.996,-53.04,-168.283,60.815,-74.669
-0.508,-0.138,-0.659,-48.523,-17.151,-63.477,-168.404,60.925,-71.433
-0.614,-0.186,-0.696,-49.683,-22.644,-68.848,-168.124,61.414,-67.566
-0.698,-0.207,-0.741,-48.34,-22.705,-72.144,-167.756,61.93,-63.523
-0.811,-0.27,-0.814,-46.692,-15.991,-78.003,-166.915,62.331,-59.008
-0.735,-0.254,-0.891,-51.88,17.822,-61.523,-166.58,61.556,-55.168
-0.503,-0.178,-0.887,-48.828,5.005,-65.796,-166.91,60.315,-52.108
-0.598,-0.19,-0.905,-51.392,-16.357,-77.148,-166.415,60.134,-47.758
-0.436,-0.089,-0.737,-59.082,-19.836,-61.951,-166.723,60.271,-43.929
-0.521,-0.015,-0.616,-76.538,-78.43,-57.678,-167.701,61.875,-40.265
-0.997,0.05,-0.689,-87.158,-49.561,-66.284,-168.964,64.957,-36.118
-0.835,0.123,-0.646,-86.243,3.052,-70.068,-170.305,65.632,-32.157
-0.698,0.146,-0.636,-75.928,26.367,-70.679,-171.59,64.655,-28.586
-0.616,0.18,-0.669,-61.89,27.344,-59.814,-172.661,63.248,-25.538
-0.595,0.163,-0.708,-45.776,19.531,-44.617,-173.633,62.172,-23.483
-0.636,0.167,-0.757,-32.715,6.47,-30.823,-174.512,61.716,-22.341
-0.66,0.159,-0.769,-20.63,-1.953,-21.912,-175.226,61.765,-21.901
-0.659,0.098,-0.748,-12.085,-0.671,-24.048,-175.457,62.012,-21.566
-0.59,0.043,-0.688,-10.986,-9.277,-22.644,-175.342,62.391,-21.055
-0.623,0.033,-0.658,-12.939,-14.16,-18.311,-175.369,63.193,-20.671
-0.611,0.104,-0.641,-15.503,-15.564,-8.179,-175.82,64.001,-20.748
-0.908,0.121,-0.835,-3.479,-22.095,-10.437,-176.149,65.072,-21.088
-0.741,0.033,-0.696,0.732,-16.113,-11.414,-175.644,66.072,-21.033
-0.952,0.1,-0.769,-4.15,-7.385,2.38,-175.869,67.132,-21.703
-0.604,0.106,-0.623,7.385,19.714,-7.263,-175.875,66.66,-22.456
-0.577,0.016,-0.779,14.465,-0.671,-13.489,-174.891,66.418,-22.429
-0.426,-0.097,-0.777,11.353,-24.475,6.714,-174.249,66.863,-22.917
-0.699,-0.038,-0.705,-0.488,-66.04,7.263,-174.413,69.066,-23.774
-1.079,0.062,-0.786,-9.399,-44.006,4.028,-174.902,71.955,-24.379
-1.081,0.042,-0.859,-8.911,-21.057,-5.371,-175.303,73.444,-24.78
-0.874,0.047,-0.794,-11.047,2.808,0.488,-175.726,73.993,-25.049
-0.582,0.005,-0.762,-3.113,-1.77,11.414,-176.6,73.696,-26.093
-0.596,-0.024,-0.722,8.118,3.479,16.418,-177.363,73.718,-27.543
-0.612,0.022,-0.799,13.245,6.653,26.428,-177.968,73.207,-29.295
-0.524,-0.013,-0.739,20.569,17.395,29.846,-178.835,72.328,-31.701
-0.371,-0.094,-0.653,12.573,2.991,13.672,-178.973,71.488,-33.118
-0.504,-0.056,-0.61,0.671,-16.968,2.93,-178.995,71.658,-33.453
-0.629,-0.075,-0.584,-1.404,-17.151,-5.737,-178.665,72.29,-33.052
-0.718,-0.087,-0.6,-0.916,-16.968,-11.292,-178.044,72.944,-32.289
-0.758,-0.104,-0.582,-0.122,-12.268,-20.447,-176.924,73.57,-31.014
-0.771,-0.162,-0.58,-3.845,-17.761,-16.052,-175.583,74.24,-29.46
-0.881,-0.129,-0.596,-8.728,-14.282,-8.484,-175.056,75.092,-28.597
-0.816,-0.133,-0.538,-12.39,-4.028,3.479,-175.111,75.471,-28.4
-0.831,-0.066,-0.542,-12.695,4.944,3.418,-175.946,75.602,-28.938
-0.812,-0.088,-0.555,-9.949,4.272,-0.671,-176.243,75.432,-29.053
-0.852,-0.069,-0.59,-9.766,7.507,0.793,-176.506,75.295,-29.136
-0.801,-0.093,-0.586,-8.423,18.188,1.465,-176.858,74.806,-29.405
-0.777,-0.095,-0.605,-12.756,10.071,1.038,-177.198,74.196,-29.564
-0.861,-0.059,-0.662,-11.719,9.521,1.16,-177.632,73.932,-29.663
-0.718,-0.035,-0.625,-10.437,15.808,15.198,-178.434,73.29,-30.328
-0.797,-0.015,-0.711,-8.911,2.136,16.357,-179.637,72.938,-31.635
-1.103,0.156,-0.943,-17.639,-6.409,15.93,178.923,73.147,-32.959
-0.934,0.258,-0.818,-10.864,16.479,-15.93,178.132,72.988,-33.179
-0.65,0.184,-0.792,-9.155,56.824,-32.593,179.456,70.922,-31.086
-0.492,0.285,-0.803,-10.986,42.358,-18.066,179.769,68.445,-29.844
-0.497,0.248,-0.733,4.028,28.198,-22.522,-179.544,66.802,-28.735
-0.49,0.159,-0.649,17.517,0.0,-25.757,-178.358,66.209,-27.746
-0.434,0.0,-0.495,22.4,-10.681,-33.203,-176.331,66.445,-26.213
-0.512,-0.05,-0.445,14.099,-19.958,-21.057,-174.556,67.17,-24.824
-0.74,-0.036,-0.526,7.996,-9.155,-9.46,-173.589,68.06,-24.236
-0.792,-0.054,-0.608,7.08,0.977,-13.611,-172.804,68.302,-23.857
-0.766,-0.029,-0.649,-3.235,11.536,-3.113,-172.337,68.104,-23.621
-0.716,-0.02,-0.654,-5.676,13.123,-0.854,-172.573,67.709,-23.945
-0.696,0.087,-0.724,-6.775,23.987,5.31,-173.26,66.962,-24.604
-0.648,0.066,-0.788,3.601,24.048,4.822,-173.666,65.896,-25.384
-0.568,0.037,-0.746,6.775,1.465,2.747,-173.848,65.457,-26.164
-0.849,0.019,-0.943,9.155,-7.812,-1.282,-173.705,65.731,-26.521
-1.018,-0.054,-1.105,13.611,-1.404,1.343,-173.254,65.847,-26.719
-1.059,-0.127,-1.178,10.498,28.076,26.917,-173.342,65.259,-27.905
-0.459,-0.117,-0.86,14.832,53.467,49.683,-174.666,63.215,-30.921
-0.152,-0.156,-0.79,17.944,22.766,51.331,-175.798,61.315,-34.118
-0.154,-0.061,-0.317,12.451,16.113,53.406,-176.743,60.469,-36.799
-0.188,-0.115,-0.542,11.536,11.719,55.542,-177.841,59.414,-39.633
-0.347,-0.06,-0.626,7.812,-8.24,46.082,-178.764,59.26,-41.962
-0.495,-0.027,-0.698,11.047,-18.433,35.889,-179.374,59.722,-43.775
-0.701,-0.04,-0.761,11.047,-17.029,26.978,-179.714,60.579,-45.28
-0.627,-0.074,-0.713,9.827,-2.991,14.526,-179.659,60.848,-46.154
-0.65,-0.06,-0.767,5.127,3.052,13.916,-179.604,60.974,-46.725
-0.572,-0.044,-0.747,2.991,1.465,16.602,-179.725,60.82,-47.368
-0.63,-0.015,-0.761,0.549,-1.709,20.02,179.813,60.952,-48.307
-0.638,-0.001,-0.74,-1.953,-6.042,15.381,179.297,61.128,-49.186
-0.648,-0.001,-0.73,-2.38,-2.441,5.92,178.89,61.469,-49.691
-0.596,-0.016,-0.702,-5.432,-5.676,1.892,178.72,61.683,-49.719
-0.583,-0.048,-0.734,-5.066,-0.977,-5.615,178.643,62.04,-49.455
-0.714,-0.051,-0.809,-10.193,-5.31,-6.958,178.687,62.386,-48.807
-0.609,-0.062,-0.835,-13.977,1.953,-4.822,178.511,62.408,-48.197
-0.659,-0.046,-0.938,-17.822,2.502,-1.892,178.0,62.408,-47.73
-0.686,0.03,-1.025,-20.325,-9.644,-5.432,177.391,62.529,-47.186
-0.866,0.126,-1.12,-21.118,1.648,-10.742,176.83,62.847,-46.417
-0.527,0.146,-0.896,-20.081,10.925,-28.076,176.803,62.413,-44.874
-0.647,0.215,-0.841,-32.715,-8.728,-13.123,176.342,62.446,-43.38
-0.705,0.272,-0.809,-34.363,28.625,-11.414,174.88,61.996,-42.885
-0.384,0.293,-0.687,-33.386,31.616,-23.743,173.936,60.419,-41.605
-0.261,0.272,-0.532,-24.902,11.414,-30.457,173.392,59.579,-40.029
-0.38,0.275,-0.557,-16.724,-2.136,-24.841,172.969,59.54,-38.71
-0.434,0.242,-0.584,-8.118,-3.845,-17.212,172.672,59.744,-38.013
-0.597,0.202,-0.679,-3.906,-14.587,-17.456,172.584,60.364,-37.595
-0.755,0.21,-0.751,-6.592,-0.61,-10.986,172.491,61.007,-37.315
-0.621,0.239,-0.721,-2.869,9.644,-8.057,172.375,60.809,-37.134
-0.649,0.238,-0.747,2.136,6.836,-6.348,172.408,60.667,-37.106
-0.526,0.172,-0.674,6.836,5.005,-10.376,172.837,60.458,-36.914
-0.683,0.129,-0.725,6.348,-2.808,-13.245,173.359,60.738,-36.65
-0.641,0.114,-0.736,0.854,11.841,-12.756,173.985,60.612,-36.035
-0.609,0.155,-0.771,3.052,12.512,-6.653,174.337,60.189,-35.684
-0.551,0.181,-0.742,5.737,4.517,0.916,174.578,59.919,-35.755
-0.658,0.2,-0.751,11.902,-9.888,5.798,174.721,60.227,-36.37
-0.648,0.183,-0.794,20.447,6.47,-5.493,175.397,60.32,-36.689
-0.518,0.109,-0.837,23.56,6.226,-13.245,176.836,60.035,-36.244
-0.586,0.063,-1.049,13.977,-12.878,-13.489,178.121,60.397,-35.574
-0.822,0.074,-1.18,3.845,-30.884,-9.216,178.835,61.589,-34.958
-0.826,0.114,-1.17,0.488,-12.329,0.366,178.901,62.622,-34.816
-0.313,0.046,-0.789,7.629,-8.301,-0.244,178.94,62.743,-34.915
-0.444,-0.094,-0.665,19.958,-34.485,-18.433,179.984,63.803,-34.2
-0.526,-0.165,-0.582,11.597,-8.728,-3.723,-178.594,64.775,-33.14
-0.49,-0.134,-0.57,4.272,6.287,13.184,-178.264,64.605,-33.228
-0.45,-0.076,-0.616,-2.38,11.963,22.461,-178.704,63.962,-34.08
-0.513,-0.024,-0.669,-0.061,-5.127,17.273,-179.396,63.704,-35.107
-0.685,-0.039,-0.712,0.854,-8.789,13.428,-179.731,64.061,-35.821
-0.717,-0.037,-0.724,0.61,1.221,12.146,179.967,64.232,-36.497
-0.7,-0.016,-0.734,-1.343,7.08,12.634,179.632,64.017,-37.178
-0.604,-0.027,-0.701,-2.197,3.662,12.085,179.231,63.732,-37.897
-0.682,0.004,-0.725,-6.714,1.404,11.902,178.594,63.82,-38.628
-0.6,0.017,-0.7,-7.812,-0.061,10.498,177.951,63.677,-39.271
-0.636,-0.007,-0.742,-7.751,7.324,4.333,177.468,63.605,-39.595
-0.652,0.01,-0.799,-11.292,1.16,-1.709,177.105,63.309,-39.534
-0.615,-0.041,-0.766,-10.681,-0.61,-10.986,177.1,63.408,-38.886
-0.604,0.003,-0.782,-18.005,0.854,-0.977,176.732,63.479,-38.381
-0.658,0.043,-0.88,-18.433,-9.216,-0.549,176.078,63.776,-38.172
-0.673,0.162,-0.98,-15.564,-19.897,1.465,175.166,64.336,-38.287
-0.927,0.204,-1.083,-2.38,-28.748,-17.151,174.985,65.654,-37.952
-0.759,0.177,-0.932,-1.953,1.099,-28.442,175.908,66.423,-36.53
-0.512,0.191,-0.768,-10.376,-0.549,-27.71,176.891,66.209,-34.645
-0.792,0.213,-0.743,-13.367,11.475,-29.663,177.144,66.33,-33.173
-0.485,0.167,-0.573,-14.832,31.372,-42.358,178.055,65.089,-30.806
-0.375,0.145,-0.482,-13.794,10.193,-28.564,178.544,64.177,-28.861
-0.466,0.12,-0.49,-11.475,-8.911,-22.095,178.638,64.369,-27.784
-0.635,0.139,-0.555,-4.944,-10.742,-15.747,178.671,65.056,-27.208
-0.712,0.087,-0.603,0.549,-7.202,-13.794,178.962,65.638,-26.867
-0.809,0.068,-0.685,-0.183,-0.244,-9.094,179.275,66.083,-26.658
-0.74,0.075,-0.646,-2.258,4.883,-0.61,179.28,66.094,-26.834
-0.688,0.108,-0.628,-1.709,10.62,3.296,178.951,65.863,-27.416
-0.707,0.112,-0.67,2.38,8.85,2.808,178.797,65.632,-28.01
-0.597,0.1,-0.651,7.202,9.277,2.991,178.857,65.242,-28.581
-0.706,0.142,-0.797,6.958,5.371,10.315,178.77,65.056,-29.41
-0.627,0.109,-0.715,8.728,-9.705,5.493,178.709,65.248,-30.322
-0.826,0.114,-0.909,8.545,-3.052,-0.916,178.792,65.72,-30.894
-0.734,0.056,-0.933,9.46,4.822,-12.451,179.462,65.61,-30.674
-1.132,0.064,-1.146,5.371,-12.512,-0.854,-179.945,65.918,-30.388
-0.791,0.034,-0.973,7.568,35.583,15.259,-179.896,65.253,-30.987
-0.275,0.05,-0.686,13.489,21.973,29.663,179.561,63.649,-32.662
-0.52,-0.115,-0.818,30.396,13.794,0.61,-179.907,62.963,-33.69
-0.312,-0.147,-0.728,11.963,37.781,11.902,-178.863,61.386,-33.75
-0.213,-0.144,-0.634,3.906,14.465,16.785,-178.896,59.892,-34.431
-0.443,-0.093,-0.673,-9.216,-11.902,20.569,-179.478,59.832,-35.112
-0.536,-0.058,-0.659,-11.414,-1.831,20.935,179.566,59.963,-36.046
-0.602,-0.005,-0.699,-13.428,-5.554,18.677,178.467,60.095,-37.046
-0.633,0.018,-0.733,-8.606,-2.197,15.137,177.605,60.2,-37.936
-0.618,0.038,-0.752,-5.31,-0.122,18.311,176.841,60.249,-38.969
-0.563,0.026,-0.737,-2.197,1.099,16.541,176.226,60.216,-40.029
-0.577,0.034,-0.771,-0.793,-2.625,15.686,175.776,60.266,-40.952
-0.526,0.031,-0.795,0.061,1.587,13.184,175.347,60.156,-41.83
-0.632,-0.021,-0.833,1.282,-10.742,1.343,175.254,60.513,-42.259
-0.59,-0.043,-0.847,-5.92,-6.287,-1.099,175.38,60.886,-42.094
-0.587,0.016,-0.884,-8.667,-9.949,6.775,175.034,61.276,-42.177
-0.805,0.127,-1.038,-10.498,-16.663,8.606,174.391,61.87,-42.627
-0.871,0.195,-1.071,-5.127,0.183,0.183,173.925,62.227,-42.907
-0.602,0.231,-0.967,-5.737,19.958,-10.376,173.979,61.694,-42.506
-0.318,0.335,-0.845,-13.672,10.132,-7.874,173.941,60.743,-41.797
-0.491,0.337,-0.786,-8.423,-10.681,-13.672,173.529,60.936,-41.429
-0.472,0.273,-0.686,-8.362,-2.136,-27.344,173.65,61.155,-40.43
-0.492,0.265,-0.619,-4.089,0.305,-24.78,173.963,61.287,-39.238
-0.465,0.206,-0.582,-0.244,1.831,-20.325,174.353,61.26,-38.414
-0.53,0.192,-0.61,1.587,-1.526,-20.996,174.754,61.419,-37.744
-0.562,0.122,-0.611,2.93,-6.409,-27.466,175.507,61.804,-36.777
-0.684,0.091,-0.666,1.282,-2.991,-24.17,176.325,62.336,-35.678
-0.667,0.082,-0.674,0.488,3.601,-20.264,177.045,62.501,-34.766
-0.654,0.087,-0.679,-0.854,1.831,-12.085,177.528,62.551,-34.162
-0.646,0.102,-0.699,-0.793,4.822,-13.0,177.869,62.595,-33.728
-0.639,0.098,-0.716,-0.732,-0.732,-13.794,178.27,62.672,-33.256
-0.625,0.097,-0.744,-3.052,10.864,-9.338,178.616,62.661,-32.778
-0.614,0.142,-0.792,0.0,-6.958,-6.165,178.599,62.446,-32.728
-0.662,0.113,-0.81,0.122,-2.563,-6.836,178.819,62.853,-32.58
-0.692,0.105,-0.862,3.906,-5.005,-9.521,179.061,63.078,-32.421
-0.843,0.1,-1.041,3.174,-1.831,-7.263,179.445,63.281,-32.135
-0.869,0.006,-1.087,-1.099,6.531,-2.93,179.703,63.21,-31.992
-0.647,0.055,-0.942,-5.005,3.296,9.216,179.275,62.886,-32.393
-0.431,0.015,-0.761,6.287,8.423,12.634,178.874,62.507,-33.217
-0.454,-0.053,-0.746,18.677,4.272,7.874,179.258,62.133,-33.777
-0.395,-0.134,-0.71,17.09,13.55,13.977,179.896,61.452,-34.305
-0.357,-0.14,-0.665,13.916,8.484,16.418,-179.703,60.705,-34.969
-0.419,-0.118,-0.649,13.855,1.465,20.142,-179.396,60.337,-35.733
-0.537,-0.099,-0.681,16.785,-6.836,26.794,-179.171,60.364,-36.865
-0.653,-0.113,-0.705,20.752,-1.709,29.297,-178.973,60.606,-38.359
-0.65,-0.114,-0.754,14.832,3.601,32.715,-178.934,60.546,-40.04
-0.621,-0.089,-0.752,8.545,6.531,31.799,-179.225,60.386,-41.77
-0.578,-0.065,-0.733,5.554,1.343,24.536,-179.626,60.227,-43.275
-0.568,-0.074,-0.71,2.502,-3.479,16.968,-179.923,60.359,-44.319
-0.608,-0.062,-0.778,-1.282,4.578,13.0,179.813,60.474,-44.978
-0.611,-0.082,-0.89,-3.601,1.709,8.057,179.583,60.15,-45.379
-0.501,-0.092,-0.887,-9.705,8.118,4.333,179.341,59.914,-45.401
-0.756,-0.014,-1.075,-17.578,-10.864,3.357,178.753,60.101,-45.368
-0.8,0.123,-1.136,-23.254,5.859,-7.996,177.973,60.194,-45.027
-0.595,0.206,-1.023,-23.743,19.836,-24.536,177.616,59.54,-43.676
-0.303,0.283,-0.869,-27.283,6.47,-26.306,177.264,58.705,-41.924
-0.564,0.321,-0.827,-27.344,-3.967,-15.137,176.331,58.98,-40.875
-0.353,0.307,-0.68,-18.25,3.723,-23.56,175.616,58.7,-39.924
-0.435,0.221,-0.632,-10.132,-4.517,-30.762,175.573,58.876,-38.524
-0.412,0.18,-0.604,-12.939,3.235,-23.193,175.583,58.903,-37.222
-0.424,0.173,-0.624,-8.789,-5.31,-21.667,175.43,58.991,-36.26
-0.558,0.153,-0.672,-8.911,-11.353,-18.188,175.353,59.557,-35.425
-0.578,0.126,-0.651,-5.066,-14.221,-18.433,175.391,60.276,-34.7
-0.797,0.148,-0.732,-8.728,-9.766,-10.01,175.325,61.232,-34.211
-0.679,0.169,-0.693,-5.981,11.353,-8.118,175.139,61.293,-33.986
-0.624,0.171,-0.715,-1.221,6.958,-8.911,175.133,60.98,-33.745
-0.568,0.137,-0.725,-4.272,1.831,-7.629,175.303,60.98,-33.426
-0.685,0.195,-0.792,-2.258,-0.916,-5.676,175.144,61.177,-33.371
-0.616,0.229,-0.848,0.244,13.611,-3.601,175.182,60.947,-33.261
-0.682,0.226,-0.889,9.216,-2.502,-6.165,175.364,60.859,-33.272
-0.787,0.158,-1.021,12.878,-1.709,-9.949,176.034,60.974,-33.014
-0.899,0.044,-1.092,12.268,16.724,-2.563,176.836,60.831,-32.745
-0.51,0.036,-0.916,9.277,20.203,16.663,177.001,59.799,-33.272
-0.321,-0.028,-0.81,13.306,7.69,18.86,176.951,58.964,-34.382
-0.444,-0.066,-0.791,13.0,11.658,10.315,177.363,58.502,-34.854
-0.309,-0.066,-0.736,9.888,14.526,18.372,177.616,57.53,-35.392
-0.364,-0.064,-0.71,5.554,0.244,17.761,177.649,57.036,-36.052
-0.431,-0.038,-0.674,0.977,-5.859,19.714,177.429,57.019,-36.766
-0.567,0.0,-0.689,-1.587,-8.24,18.921,177.034,57.277,-37.573
-0.576,0.038,-0.687,2.686,-2.319,16.602,176.633,57.458,-38.447
-0.621,-0.002,-0.742,2.991,2.991,15.747,176.512,57.524,-39.205
-0.607,0.039,-0.784,1.587,4.456,19.775,176.155,57.371,-40.155
-0.512,0.054,-0.775,2.38,7.08,19.409,175.792,57.068,-41.149
-0.534,0.042,-0.827,5.371,-5.249,18.127,175.551,57.047,-42.116
-0.534,0.066,-0.899,6.165,-2.991,19.287,175.276,57.151,-43.16
-0.579,0.031,-1.001,7.446,-10.498,9.521,175.314,57.233,-43.835
-0.508,0.025,-0.955,2.991,-6.531,2.441,175.518,57.612,-43.967
-0.77,0.035,-1.046,-1.526,-19.287,-10.559,175.781,58.491,-43.533
-0.717,0.16,-1.045,-9.583,-1.099,-21.912,176.094,58.898,-42.38
-0.586,0.222,-0.951,-12.329,20.569,-32.654,176.677,58.475,-40.386
-0.573,0.335,-0.889,-18.494,23.071,-24.597,176.71,57.442,-38.655
-0.342,0.334,-0.843,-16.357,40.039,-31.372,176.49,55.816,-37.123
-0.094,0.258,-0.65,-5.371,8.728,-58.105,177.177,54.734,-34.365
-0.248,0.127,-0.554,-3.662,-24.902,-65.002,178.385,55.432,-30.943
-0.477,0.05,-0.563,-7.507,-26.428,-70.068,179.802,56.799,-27.169
-0.627,-0.0,-0.603,-13.367,-8.789,-65.247,-178.824,57.678,-23.362
-0.801,-0.005,-0.755,-20.752,16.602,-48.645,-177.951,57.827,-20.248
-0.59,0.024,-0.773,-20.02,37.048,-33.875,-177.715,56.596,-18.122
-0.467,0.078,-0.829,-15.442,22.888,-18.372,-177.913,55.25,-16.902
-0.5,0.069,-0.807,-6.042,2.991,-15.564,-178.05,54.849,-16.194
-0.528,0.054,-0.755,-3.479,-6.775,-13.672,-177.957,55.042,-15.551
-0.616,0.044,-0.758,-5.005,-8.484,-13.428,-177.792,55.646,-14.936
-0.56,0.101,-0.771,-1.953,-7.935,-11.169,-177.759,56.096,-14.496
-0.642,0.069,-0.733,1.099,-14.099,-10.254,-177.49,56.959,-14.084
-0.868,0.173,-1.003,0.0,-7.751,1.099,-177.704,57.75,-14.398
-0.772,0.064,-1.167,16.724,3.723,-22.888,-176.841,57.788,-13.925
-0.809,-0.008,-1.282,12.939,3.479,-12.085,-175.781,57.81,-13.228
-0.375,-0.097,-1.048,12.268,27.466,-9.094,-174.864,56.876,-12.755
-0.114,-0.164,-0.976,14.709,10.681,-13.611,-174.001,55.69,-12.206
-0.224,-0.256,-0.82,-4.7,7.812,-28.992,-172.98,54.998,-10.53
-0.119,-0.117,-0.64,-22.583,8.118,-19.165,-173.002,54.025,-8.789
-0.23,-0.098,-0.583,-26.917,-7.08,-23.621,-173.502,53.712,-7.234
-0.351,-0.07,-0.616,-35.156,-13.0,-39.124,-173.958,53.756,-4.966
-0.562,-0.099,-0.723,-39.062,-18.982,-55.298,-174.265,54.344,-2.032
-0.612,-0.079,-0.774,-39.368,-7.446,-63.293,-174.359,54.794,1.379
-0.601,-0.1,-0.794,-32.654,-3.784,-62.073,-174.166,55.003,4.828
-0.561,-0.123,-0.764,-26.733,-4.578,-58.472,-173.743,55.124,8.026
-0.567,-0.146,-0.759,-27.466,-2.441,-50.781,-173.282,55.25,10.915
-0.502,-0.128,-0.748,-30.823,1.526,-46.509,-173.172,55.19,13.348
-0.495,-0.16,-0.787,-33.875,-3.601,-54.871,-173.117,55.14,15.952
-0.521,-0.144,-0.851,-40.283,-4.395,-54.016,-173.167,55.217,18.918
-0.608,-0.144,-0.93,-42.297,-0.488,-51.941,-173.441,55.272,21.736
-0.595,-0.052,-1.02,-38.635,-7.324,-48.584,-173.969,55.201,24.208
-0.542,-0.093,-0.999,-42.603,-19.653,-55.542,-174.122,55.558,27.103
-0.686,0.028,-0.88,-44.922,-17.029,-57.8,-174.441,56.695,30.3
-0.429,0.13,-0.674,-46.448,-23.926,-46.936,-175.073,57.513,33.036
-0.489,0.125,-0.597,-43.518,-46.875,-55.237,-175.699,59.266,35.799
-0.785,0.15,-0.652,-55.176,-36.804,-51.331,-176.375,61.501,38.842
-0.884,0.186,-0.731,-58.228,21.606,-46.204,-177.528,62.111,41.265
-0.566,0.253,-0.713,-56.519,47.241,-54.321,-178.835,60.452,43.627
-0.375,0.273,-0.739,-46.875,25.879,-63.904,-179.621,58.837,46.978
-0.542,0.191,-0.773,-34.973,-6.836,-67.2,-179.863,58.607,51.07
-0.596,0.135,-0.744,-39.978,-3.906,-63.11,-179.813,59.079,55.272
-0.58,0.228,-0.74,-35.156,-10.864,-51.514,179.868,59.562,58.986
-0.54,0.231,-0.713,-29.48,-16.174,-36.987,179.484,60.309,62.078
-0.625,0.281,-0.745,-24.292,-25.574,-21.362,178.764,61.458,64.385
-1.006,0.236,-0.973,-9.705,-30.823,-27.405,178.182,62.875,66.231
-0.625,0.08,-0.737,-6.836,7.69,-44.983,179.011,63.386,69.197
-0.433,-0.009,-0.675,0.61,-0.183,-53.223,-179.341,63.21,72.883
-0.605,-0.077,-0.721,-0.854,-14.343,-44.617,-177.528,63.644,76.278
-0.744,-0.117,-0.827,-4.028,14.832,-29.297,-176.182,63.605,78.646
-0.618,-0.11,-0.813,-9.338,25.879,-28.931,-175.474,62.457,80.233
-0.429,-0.083,-0.755,-10.62,14.893,-30.09,-174.836,61.331,81.942
-0.534,-0.098,-0.737,-12.451,-3.967,-28.259,-174.205,61.15,83.76
-0.541,-0.051,-0.736,-14.404,-2.014,-20.996,-174.018,61.155,85.15
-0.632,-0.096,-0.8,-15.686,-0.305,-21.423,-173.815,61.249,86.534
-0.586,-0.122,-0.837,-17.151,11.719,-26.062,-173.688,60.864,87.946
-0.522,-0.134,-0.911,-13.245,16.357,-32.41,-173.425,60.04,89.599
-0.363,-0.201,-0.878,-12.756,2.93,-38.696,-172.694,59.205,91.681
-0.53,-0.207,-0.864,-16.235,-23.865,-37.903,-171.903,59.436,93.994
-0.756,-0.147,-0.892,-21.24,-19.165,-28.809,-171.365,60.255,96.13
-0.646,0.002,-0.77,-18.494,3.784,-12.146,-171.513,60.535,97.52
-0.493,0.073,-0.708,-12.085,-9.583,-4.211,-171.964,60.458,98.427
-0.737,0.051,-0.757,-17.395,-11.78,-6.104,-172.579,61.249,99.454
-0.627,0.081,-0.727,-23.804,10.681,-20.813,-173.271,61.029,101.371
-0.559,0.058,-0.732,-30.701,13.855,-28.503,-173.952,60.309,104.013
-0.501,0.058,-0.727,-36.682,3.906,-38.696,-174.688,59.815,107.122
-0.57,0.087,-0.732,-43.396,-7.08,-40.222,-175.474,59.914,110.632
-0.636,0.107,-0.754,-43.945,-8.789,-40.955,-176.435,60.282,114.099
-0.628,0.144,-0.735,-42.236,-3.906,-39.856,-177.341,60.59,117.729
-0.539,0.153,-0.686,-34.119,-5.188,-37.964,-178.083,60.787,121.284
-0.55,0.11,-0.654,-27.283,-21.484,-37.109,-178.407,61.512,124.788
-0.835,0.108,-0.748,-15.259,-31.555,-32.288,-178.511,63.133,127.963
-0.866,0.155,-0.779,-17.212,-27.283,-19.653,-178.407,64.539,131.001
-0.8,0.129,-0.771,-8.911,-23.743,-12.695,-178.764,65.797,133.165
-0.974,0.153,-0.929,-2.441,-21.545,-29.419,-178.66,67.088,135.577
-0.927,-0.021,-0.961,5.005,-21.606,-43.152,-176.786,67.863,139.466
-1.006,-0.066,-1.089,-3.296,-2.441,-23.499,-175.342,68.725,142.899
-0.472,-0.097,-0.828,-3.662,12.634,-8.789,-174.924,68.203,144.877
-0.372,-0.166,-0.709,-1.465,-10.803,-16.479,-174.474,68.011,146.354
-0.531,-0.146,-0.704,-5.676,-5.737,-10.193,-173.804,68.242,147.827
-0.466,-0.152,-0.693,-9.888,18.005,0.671,-173.87,67.538,148.381
-0.326,-0.082,-0.623,-16.846,6.287,5.737,-174.65,66.577,148.222
-0.516,-0.031,-0.607,-16.479,-13.611,1.77,-175.441,66.736,148.184
-0.589,-0.018,-0.573,-12.817,-12.268,-4.456,-175.913,67.209,148.755
-0.715,-0.058,-0.609,-10.742,-9.766,-13.0,-175.875,67.731,150.189
-0.696,-0.08,-0.607,-11.475,2.747,-11.658,-175.699,67.841,152.155
-0.633,-0.097,-0.606,-9.766,6.47,-8.911,-175.726,67.67,153.853
-0.533,-0.131,-0.591,-10.193,-1.038,-11.23,-175.578,67.5,155.621
-0.99,-0.124,-0.771,-16.479,-16.235,-7.263,-175.583,68.505,157.467
-0.902,-0.15,-0.785,-11.536,13.55,-16.052,-175.677,68.566,159.434
-0.595,-0.189,-0.677,-18.372,10.803,-12.573,-175.364,67.912,161.878
-0.625,-0.07,-0.64,-28.87,-5.92,11.475,-176.396,68.033,162.999
-0.668,-0.006,-0.629,-24.536,-14.221,12.878,-178.11,68.566,163.224
-0.971,0.036,-0.825,-15.869,1.953,16.907,-179.78,69.203,163.202
-0.865,-0.027,-0.865,-7.324,9.033,16.235,179.061,68.78,163.114
-1.004,-0.042,-0.951,-8.179,9.094,-1.404,178.418,68.61,163.493
-0.743,0.007,-0.822,-16.113,20.081,-18.555,178.55,67.945,165.24
-0.609,0.178,-0.732,-43.335,21.362,-14.893,178.039,66.978,167.399
-0.615,0.439,-0.731,-54.077,23.376,-1.953,175.737,65.956,168.393
-0.559,0.477,-0.706,-32.715,39.307,-26.184,174.122,64.407,169.821
-0.449,0.381,-0.649,-16.907,40.405,-42.908,174.287,62.578,172.628
-0.417,0.228,-0.586,-6.775,34.729,-49.316,175.259,61.024,175.814
-0.436,0.114,-0.575,-8.118,22.034,-53.833,176.413,59.936,179.132
-0.575,0.045,-0.649,-13.245,19.47,-53.406,177.446,59.348,-177.413
-0.612,0.065,-0.744,-17.944,19.531,-38.818,178.017,58.623,-174.243
-0.477,0.097,-0.77,-12.634,19.47,-23.071,178.11,57.755,-172.046
-0.537,0.103,-0.761,-5.737,0.061,-14.099,178.176,57.453,-170.651
-0.571,0.093,-0.73,-0.305,-6.042,-11.963,178.38,57.728,-169.634
-0.619,0.129,-0.772,-0.549,2.197,-4.883,178.506,58.046,-168.849
-0.537,0.229,-0.902,3.418,-1.526,6.836,178.303,57.969,-168.695
-0.733,0.228,-0.927,9.216,-2.502,10.254,178.187,58.458,-169.091
-0.722,0.206,-1.03,27.283,1.404,-1.282,178.539,58.315,-169.371
-0.776,-0.021,-1.108,31.433,8.667,-6.226,-179.912,58.156,-168.904
-0.527,-0.087,-1.029,25.513,21.362,13.306,-178.775,57.376,-168.92
-0.199,-0.142,-0.807,24.414,5.493,20.203,-178.187,56.624,-169.948
-0.399,-0.211,-0.84,19.287,0.488,3.357,-177.248,56.607,-170.491
-0.257,-0.209,-0.802,10.254,20.813,10.803,-176.616,55.657,-170.953
-0.175,-0.239,-0.806,-0.732,6.287,12.573,-176.512,54.679,-171.958
-0.261,-0.18,-0.746,-12.207,-17.395,18.127,-177.056,54.712,-173.403
-0.477,-0.118,-0.732,-14.038,-24.841,18.677,-178.0,55.547,-174.957
-0.607,-0.074,-0.767,-13.489,-9.949,15.991,-178.841,56.223,-175.814
-0.579,-0.049,-0.76,-4.333,-2.686,10.925,-179.379,56.387,-176.1
-0.584,-0.064,-0.74,0.732,1.282,13.977,-179.555,56.486,-176.166
-0.593,-0.088,-0.745,2.014,7.446,18.494,-179.747,56.387,-176.429
-0.518,-0.038,-0.745,3.418,10.62,24.536,179.912,56.025,-176.907
-0.552,-0.012,-0.791,10.01,14.526,35.217,179.555,55.514,-177.918
-0.503,-0.032,-0.827,18.982,19.897,42.48,179.297,54.728,-179.544
-0.493,-0.027,-0.903,24.597,20.508,47.18,179.275,53.701,178.451
-0.362,-0.099,-0.942,26.55,9.216,38.635,179.561,52.729,176.237
-0.471,-0.17,-0.985,15.076,-6.042,20.203,-179.857,52.712,174.661
-0.624,-0.096,-1.146,-1.953,-9.766,5.554,-179.791,52.971,173.771
-0.834,-0.024,-1.23,-15.32,11.047,-25.208,-179.703,53.113,174.54
-0.378,0.069,-0.964,-22.644,22.644,-34.119,-179.687,52.059,176.484
-0.335,0.219,-0.861,-36.56,-6.165,-18.86,179.539,51.729,177.88
-0.577,0.306,-0.818,-29.297,13.672,-14.954,178.149,51.894,178.484
-0.269,0.289,-0.735,-20.996,40.771,-23.682,177.347,50.246,179.692
-0.15,0.251,-0.705,-13.367,21.301,-25.024,176.902,48.867,-178.995
-0.217,0.202,-0.688,-11.23,5.127,-18.494,176.479,48.34,-178.187
-0.334,0.212,-0.744,-7.568,0.488,-8.057,175.963,48.235,-177.902
-0.434,0.158,-0.794,-1.221,-4.639,-9.827,175.715,48.367,-177.731
-0.487,0.175,-0.868,-1.038,5.859,-9.155,175.567,48.406,-177.429
-0.454,0.118,-0.856,-0.793,6.47,-11.23,175.688,48.235,-176.803
-0.414,0.145,-0.838,-2.808,4.944,-9.033,175.649,48.054,-176.226
-0.447,0.126,-0.836,-0.854,0.0,-15.198,175.743,48.115,-175.534
-0.457,0.105,-0.824,-2.747,-0.244,-13.855,175.941,48.301,-174.655
-0.464,0.135,-0.831,-3.418,2.625,-9.949,175.974,48.472,-173.914
-0.447,0.213,-0.889,0.305,1.831,-3.54,175.913,48.461,-173.496
-0.477,0.207,-0.945,6.104,1.648,5.188,176.017,48.51,-173.507
-0.457,0.208,-1.007,13.367,-5.798,16.174,176.089,48.576,-174.21
-0.48,0.152,-1.13,17.822,6.287,17.151,176.358,48.499,-175.243
-0.373,0.16,-1.154,18.188,1.099,14.526,176.825,48.164,-176.171
-0.481,0.121,-1.142,20.935,-12.512,2.625,177.528,48.488,-176.803
-0.361,0.087,-0.912,24.78,-1.465,9.827,178.374,48.719,-177.358
-0.328,-0.051,-0.768,34.607,-15.259,8.911,179.632,49.059,-178.116
-0.32,-0.1,-0.764,26.428,19.104,24.597,-179.182,48.944,-179.055
-0.131,-0.135,-0.8,23.621,21.545,28.259,-178.429,47.736,179.357
-0.084,-0.134,-0.75,10.193,-9.827,23.315,-177.99,47.148,177.523
-0.374,-0.051,-0.769,0.854,-28.015,17.578,-178.039,47.999,175.847
-0.523,-0.029,-0.812,7.568,-5.249,12.146,-178.055,48.741,174.738
-0.483,-0.068,-0.841,11.475,7.141,11.78,-177.649,48.604,174.188
-0.384,-0.118,-0.855,15.32,13.794,12.024,-177.089,48.109,173.721
-0.384,-0.124,-0.861,12.207,-4.211,16.785,-176.528,47.928,173.095
-0.477,-0.088,-0.844,12.939,-9.338,20.63,-176.193,48.389,172.145
-0.518,-0.098,-0.815,14.832,-5.615,20.691,-175.803,48.889,171.211
-0.506,-0.107,-0.855,14.771,3.357,19.226,-175.38,49.076,170.425
-0.455,-0.146,-0.892,14.038,11.414,14.587,-174.908,48.834,169.772
-0.349,-0.177,-0.95,10.254,3.662,10.559,-174.441,48.378,169.173
-0.413,-0.25,-0.91,3.906,4.15,4.089,-174.012,48.499,168.766
-0.365,-0.208,-0.927,-8.362,-2.991,10.315,-174.128,48.417,168.102
-0.422,-0.197,-0.995,-12.268,-3.967,7.812,-174.628,48.56,167.195
-0.6,-0.13,-1.203,-16.357,-2.625,6.287,-175.243,48.724,166.498
-0.417,-0.048,-1.229,-13.977,21.851,-7.568,-175.864,48.203,166.163
-0.134,0.033,-0.989,-20.508,10.62,-19.958,-176.204,47.219,166.641
-0.252,0.187,-0.9,-31.555,-21.545,-3.174,-177.259,47.307,166.816
-0.396,0.211,-0.856,-22.827,-6.47,-8.85,-178.687,47.966,166.514
-0.328,0.209,-0.827,-16.968,6.104,-17.7,-179.506,47.851,167.047
-0.243,0.161,-0.748,-9.766,4.761,-16.724,179.984,47.472,167.734
-0.275,0.133,-0.703,-8.484,-2.258,-15.198,179.643,47.368,168.349
-0.353,0.124,-0.677,-8.911,-10.803,-10.925,179.264,47.675,168.805
-0.485,0.131,-0.736,-8.301,-4.089,-15.32,178.857,48.153,169.354
-0.484,0.126,-0.785,-6.958,6.287,-19.47,178.693,48.186,170.453
-0.529,0.088,-0.841,-5.005,11.963,-20.996,178.715,47.966,171.804
-0.4,0.097,-0.852,-7.874,18.25,-12.695,178.61,47.318,172.985
-0.42,0.1,-0.861,-3.235,7.935,-12.39,178.5,46.983,173.82
-0.382,0.122,-0.851,-3.296,9.521,-7.568,178.445,46.681,174.507
-0.414,0.118,-0.905,-1.221,6.714,-8.301,178.429,46.494,175.045
-0.329,0.168,-0.913,1.831,9.705,-0.977,178.412,46.143,175.369
-0.383,0.187,-0.937,7.874,-14.465,5.554,178.467,46.406,175.122
-0.421,0.22,-1.026,21.729,-7.874,1.587,178.852,46.862,174.721
-0.46,0.119,-1.073,28.992,-6.836,-0.183,-179.984,47.214,174.655
-0.538,0.077,-1.147,26.917,-7.935,11.047,-178.879,47.593,174.287
-0.521,0.028,-1.132,29.358,2.563,15.93,-178.006,47.802,173.458
-0.242,-0.04,-0.912,34.18,5.005,18.066,-176.924,47.494,172.496
-0.237,-0.132,-0.817,45.227,-7.935,10.742,-175.397,47.571,171.431
-0.324,-0.296,-0.837,50.415,4.639,-8.484,-172.936,47.664,171.172
-0.15,-0.381,-0.787,39.49,13.916,-4.761,-170.431,46.901,171.2
-0.147,-0.404,-0.732,18.311,-10.803,12.695,-168.871,46.609,170.321
-0.332,-0.281,-0.706,5.737,-24.841,20.935,-168.464,47.505,168.69
-0.473,-0.225,-0.719,5.188,-15.747,26.611,-168.327,48.505,167.064
-0.549,-0.21,-0.799,12.39,-0.916,29.968,-168.256,49.109,165.405
-0.481,-0.263,-0.827,10.62,12.146,26.733,-168.041,49.032,164.042
-0.44,-0.213,-0.854,7.08,9.399,20.325,-167.97,48.79,162.856
-0.402,-0.229,-0.798,6.226,-0.244,15.686,-167.822,48.818,161.938
-0.526,-0.216,-0.805,0.977,-6.958,12.695,-167.794,49.329,161.263
-0.5,-0.229,-0.786,-0.366,-2.197,9.094,-167.805,49.702,160.873
-0.444,-0.276,-0.819,-4.883,6.897,10.559,-167.948,49.774,160.461
-0.465,-0.236,-0.944,-11.047,4.333,16.724,-168.481,49.592,159.637
-0.392,-0.278,-0.886,-8.972,7.751,13.855,-169.08,49.51,158.615
-0.403,-0.253,-0.901,-15.076,-6.348,16.235,-169.799,49.532,157.429
-0.482,-0.204,-0.927,-17.029,-4.761,20.569,-170.75,49.966,156.083
-0.538,-0.167,-1.001,-12.329,-5.249,18.982,-171.733,50.262,154.611
-0.676,-0.12,-1.085,-7.935,0.0,10.254,-172.386,50.581,153.578
-0.506,-0.125,-1.099,-12.634,35.828,-1.953,-172.782,49.861,153.254
-0.09,0.039,-1.015,-36.865,34.058,6.714,-174.106,47.845,152.781
-0.249,0.209,-0.975,-34.912,-0.732,-1.221,-176.122,47.324,152.122
-0.321,0.178,-0.888,-25.085,12.268,-17.029,-177.363,46.851,152.474
-0.172,0.163,-0.761,-19.958,6.775,-17.09,-178.308,46.192,153.16
-0.2,0.154,-0.68,-19.592,-9.399,-16.052,-179.176,46.225,153.781
-0.345,0.173,-0.701,-17.883,-11.719,-17.456,179.967,46.763,154.424
-0.381,0.162,-0.727,-13.855,-5.554,-23.254,179.385,47.104,155.468
-0.489,0.158,-0.819,-9.033,-2.93,-25.818,179.061,47.472,156.835
-0.457,0.114,-0.848,-8.972,5.005,-26.062,179.028,47.477,158.516
-0.432,0.111,-0.847,-5.92,4.456,-24.231,178.984,47.439,160.137
-0.482,0.106,-0.862,-3.479,-1.465,-22.888,179.061,47.576,161.642
-0.414,0.091,-0.839,-3.357,0.0,-19.348,179.236,47.747,163.07
-0.433,0.099,-0.867,-5.127,-11.658,-13.794,179.302,48.241,164.235
-0.418,0.166,-0.947,-0.854,-4.7,-10.437,179.176,48.757,164.982
-0.425,0.151,-0.947,3.418,-28.625,-9.766,179.39,49.471,165.657
-0.498,0.146,-0.999,9.949,-18.005,-14.709,179.703,50.773,166.179
-0.546,0.076,-1.021,16.418,-27.71,-26.245,-179.286,51.839,167.355
-0.756,-0.024,-1.181,18.738,0.244,-17.273,-177.874,52.559,168.734
-0.498,-0.078,-1.135,12.634,15.93,3.54,-177.127,51.927,169.069
-0.071,-0.146,-0.819,-5.676,-3.418,5.432,-177.116,51.438,168.794
-0.388,-0.034,-0.816,-12.329,-35.4,-13.367,-177.561,52.674,168.805
-0.4,0.023,-0.773,4.028,-0.488,-10.986,-177.297,53.146,169.404
-0.25,-0.07,-0.748,18.127,-6.348,-3.235,-176.451,53.091,169.59
-0.316,-0.158,-0.716,15.93,-20.935,-6.409,-175.358,53.668,169.684
-0.463,-0.178,-0.703,10.254,-30.151,-7.324,-174.375,54.816,170.008
-0.599,-0.157,-0.675,2.991,-23.376,0.549,-173.749,56.074,170.359
-0.72,-0.159,-0.757,2.136,-5.859,5.066,-173.441,56.981,170.739
-0.607,-0.143,-0.751,-1.526,7.629,9.094,-173.513,57.019,170.98
-0.515,-0.125,-0.689,-2.441,3.235,9.949,-173.793,56.942,171.041
-0.622,-0.098,-0.782,-8.484,-2.38,9.033,-174.133,57.206,171.178
-0.569,-0.031,-0.839,-5.92,8.362,2.014,-174.611,57.2,171.392
-0.457,-0.007,-0.82,3.54,3.235,-13.367,-174.501,56.909,172.128
-0.47,-0.166,-0.805,7.202,-5.493,-19.836,-173.469,57.014,173.491
-0.523,-0.179,-0.842,1.343,-10.132,-12.39,-172.744,57.261,174.595
-0.553,-0.206,-0.873,-10.62,-6.165,-3.784,-172.54,57.612,175.331
-0.547,-0.155,-0.911,-13.55,-2.747,-1.465,-172.985,57.744,175.699
-0.656,-0.147,-0.983,-14.832,-14.465,-5.249,-173.381,58.178,176.166
-0.925,-0.094,-1.152,-15.32,-9.705,-7.629,-173.694,58.837,176.885
-0.592,0.042,-0.942,-16.235,9.399,-10.254,-174.243,58.601,177.643
-0.455,0.045,-0.798,-16.602,-5.371,-16.052,-174.424,58.491,178.819
-0.64,0.108,-0.805,-23.987,-2.136,-6.104,-175.298,58.876,179.478
-0.475,0.138,-0.77,-15.198,16.479,-19.226,-175.974,58.239,-179.588
-0.395,0.051,-0.677,-7.141,6.104,-21.973,-175.963,57.656,-178.237
-0.439,-0.012,-0.652,-8.423,-0.305,-18.86,-175.831,57.469,-176.94
-0.476,-0.001,-0.662,-13.611,4.944,-11.719,-176.023,57.354,-175.902
-0.501,0.015,-0.692,-12.695,1.099,-11.108,-176.435,57.195,-175.067
-0.54,0.009,-0.734,-13.55,0.61,-10.742,-176.781,57.217,-174.166
-0.608,0.027,-0.79,-12.878,0.977,-6.653,-177.215,57.277,-173.375
-0.563,0.062,-0.789,-10.01,3.052,-2.136,-177.748,57.222,-172.859
-0.546,0.055,-0.762,-6.165,-2.258,-0.305,-178.165,57.288,-172.513
-0.591,0.058,-0.758,-4.578,-5.493,-0.183,-178.506,57.629,-172.222
-0.534,0.039,-0.746,-3.174,-6.348,-0.854,-178.764,57.936,-171.931
-0.677,0.089,-0.814,-5.92,-9.399,1.038,-179.143,58.535,-171.7
-0.593,0.102,-0.787,0.305,1.648,1.404,-179.363,58.7,-171.447
-0.629,0.105,-0.811,5.371,-11.597,3.967,-179.473,59.112,-171.458
-0.616,0.089,-0.833,9.216,-7.507,5.981,-179.396,59.584,-171.573
-0.796,0.018,-0.96,11.719,-17.273,4.395,-179.165,60.309,-171.733
-1.003,-0.007,-1.064,5.798,-1.404,13.245,-179.072,60.897,-171.909
-0.655,0.029,-0.969,9.583,27.344,28.564,-179.709,60.134,-173.024
-0.212,0.011,-0.862,13.733,28.748,21.912,-179.934,58.53,-174.133
-0.337,-0.048,-0.874,21.301,-3.54,10.193,-179.506,57.969,-175.04
-0.316,-0.105,-0.784,14.038,3.662,14.954,-178.94,57.728,-175.902
-0.371,-0.08,-0.704,4.333,-1.465,15.198,-178.857,57.431,-176.951
-0.396,-0.022,-0.605,0.366,2.441,17.761,-179.121,57.184,-177.962
-0.419,0.032,-0.667,2.319,-2.808,14.465,-179.484,56.959,-178.901
-0.598,-0.034,-0.758,5.859,-8.972,4.578,-179.423,57.299,-179.302
-0.579,-0.043,-0.789,2.258,1.038,5.676,-179.313,57.426,-179.313
-0.629,-0.031,-0.816,0.183,2.686,6.47,-179.324,57.497,-179.275
-0.499,0.004,-0.756,0.427,2.258,7.507,-179.462,57.332,-179.313
-0.589,0.005,-0.784,3.235,-6.836,4.272,-179.473,57.596,-179.346
-0.601,-0.011,-0.762,3.174,-2.075,2.197,-179.324,57.914,-179.171
-0.572,-0.04,-0.806,3.418,-2.258,-2.686,-179.072,58.079,-178.759
-0.574,-0.05,-0.792,0.0,-1.892,-6.47,-178.77,58.332,-178.105
-0.607,-0.06,-0.849,-3.113,-4.456,-11.292,-178.418,58.376,-177.193
-0.469,-0.059,-0.788,-7.996,9.766,-8.24,-178.193,58.184,-176.215
-0.51,-0.014,-0.804,-12.817,-2.563,-5.493,-178.456,58.178,-175.649
-0.456,-0.016,-0.768,-13.489,-3.479,-6.592,-178.792,58.222,-175.111
-0.574,-0.04,-0.829,-12.756,-3.174,-4.883,-179.16,58.48,-174.622
-0.549,-0.055,-0.893,-12.268,-13.306,-5.554,-179.456,58.689,-174.122
-0.836,-0.013,-1.079,-13.733,-10.498,0.61,-179.907,59.453,-173.771
-0.865,0.081,-1.142,-13.855,-5.798,-1.526,179.533,59.826,-173.491
-0.778,0.139,-1.054,-7.751,4.761,-11.169,179.28,59.947,-172.798
-0.431,0.196,-0.834,-15.747,9.033,0.61,178.934,59.513,-172.189
-0.548,0.297,-0.789,-18.066,-14.221,7.751,177.737,59.711,-172.568
-0.51,0.257,-0.731,-8.911,10.376,-15.381,176.99,59.661,-172.469
-0.307,0.16,-0.604,-4.761,9.338,-26.062,177.314,59.112,-171.085
-0.257,0.087,-0.532,-0.244,-7.324,-22.034,177.731,59.139,-169.931
-0.421,0.068,-0.596,1.343,-17.029,-13.428,178.088,59.865,-169.233
-0.512,0.046,-0.63,4.517,-26.001,-9.949,178.385,60.76,-168.876
-0.786,0.028,-0.697,-1.648,-24.719,-7.507,178.621,62.287,-168.398
-0.799,0.047,-0.722,-7.812,-7.996,-6.042,178.473,63.029,-167.783
-0.678,0.103,-0.69,-14.038,12.695,0.366,177.946,62.974,-167.234
-0.618,0.108,-0.668,-5.859,-6.409,-4.028,177.413,62.979,-166.866
-0.652,0.115,-0.655,-6.775,-4.272,-0.977,177.127,63.457,-166.415
-0.624,0.114,-0.591,-2.869,-1.648,0.61,176.754,63.798,-166.179
-0.773,0.156,-0.685,-4.456,-9.216,9.766,176.204,64.199,-166.322
-0.744,0.174,-0.669,0.854,2.991,10.315,175.419,64.418,-166.871
-0.708,0.157,-0.783,4.15,17.334,4.7,175.172,64.001,-167.02
-0.633,0.131,-0.844,4.761,13.062,-1.77,175.325,63.309,-166.778
-0.59,0.132,-0.857,2.38,-3.601,-4.822,175.529,63.089,-166.437
-0.869,0.117,-1.054,-0.793,-3.296,-7.202,175.748,63.479,-165.981
-0.767,0.139,-1.048,-3.052,-0.244,-3.052,175.776,63.43,-165.63
-0.719,0.118,-0.933,-3.967,-5.615,-8.667,175.743,63.732,-165.295
-0.667,0.039,-0.848,5.798,-0.793,-26.001,176.561,63.957,-164.048
-0.601,-0.012,-0.823,5.493,36.255,-14.709,177.797,63.007,-162.51
-0.241,-0.026,-0.711,3.54,44.8,0.0,178.412,60.71,-161.911
-0.135,0.007,-0.584,-1.465,21.484,1.709,178.511,59.035,-162.037
-0.225,0.025,-0.541,0.0,-5.615,-6.958,178.66,58.557,-162.142
-0.498,0.006,-0.64,-0.427,-8.057,-7.263,178.918,58.804,-162.037
-0.608,-0.021,-0.747,1.77,-2.38,-8.423,179.363,58.909,-161.494
-0.653,-0.075,-0.785,1.282,1.526,-15.625,179.901,59.057,-160.642
-0.513,-0.097,-0.716,-8.179,3.662,-20.752,-179.429,58.854,-159.109
-0.664,-0.091,-0.734,-16.724,-12.695,-22.522,-179.138,59.304,-157.434
-0.706,-0.104,-0.739,-21.24,5.737,-31.128,-178.967,59.711,-155.325
-0.575,-0.101,-0.746,-28.87,8.728,-36.499,-178.83,59.469,-152.71
-0.591,-0.119,-0.816,-33.813,3.052,-46.997,-178.66,59.343,-149.595
-0.913,-0.045,-0.956,-39.368,-6.042,-59.204,-178.544,59.65,-145.992
-0.611,-0.003,-0.85,-45.41,15.137,-65.857,-178.105,59.359,-141.553
-0.628,0.148,-0.881,-46.997,15.015,-49.194,-178.511,58.92,-137.999
-0.455,0.167,-0.792,-36.072,13.0,-60.364,-178.682,58.282,-134.709
-0.375,0.178,-0.71,-31.555,-2.258,-57.617,-178.566,58.14,-131.462
-0.538,0.145,-0.754,-35.889,-20.935,-51.514,-178.572,58.854,-128.606
-0.694,0.2,-0.778,-35.583,-7.202,-45.288,-179.061,59.705,-126.222
-0.603,0.205,-0.768,-29.663,5.31,-48.157,-179.302,59.705,-123.788
-0.547,0.153,-0.744,-27.466,5.432,-52.673,-179.214,59.601,-121.168
-0.495,0.102,-0.723,-33.447,-10.437,-60.486,-178.973,59.777,-118.147
-0.66,0.1,-0.722,-43.762,-14.832,-59.143,-179.077,60.65,-115.054
-0.687,0.112,-0.721,-54.688,-4.272,-67.749,-179.385,61.293,-111.55
-0.677,0.173,-0.727,-62.683,5.676,-78.796,-179.808,61.545,-107.419
-0.543,0.255,-0.686,-60.73,5.798,-77.271,179.813,61.518,-102.958
-0.559,0.267,-0.7,-42.236,-17.395,-69.885,179.648,62.029,-99.08
-0.702,0.219,-0.71,-24.292,-30.09,-57.617,-179.951,63.506,-95.938
-0.972,0.161,-0.867,-8.667,-31.189,-43.091,-179.127,65.253,-93.587
-0.91,0.082,-0.811,1.892,-10.925,-36.682,-177.847,66.489,-91.686
-0.784,-0.042,-0.8,8.301,18.921,-37.903,-176.072,66.374,-89.78
-0.427,-0.092,-0.744,1.343,29.968,-28.137,-174.617,64.995,-88.165
-0.323,-0.117,-0.741,-3.906,8.545,-23.987,-173.831,63.973,-87.023
-0.505,-0.155,-0.75,-7.996,-6.409,-31.433,-173.018,63.875,-85.523
-0.663,-0.164,-0.83,-13.489,10.071,-32.471,-172.172,63.506,-83.573
-0.532,-0.159,-0.823,-18.005,18.25,-30.518,-171.755,62.386,-81.892
-0.473,-0.136,-0.772,-25.391,8.667,-30.518,-171.617,61.49,-80.134
-0.511,-0.11,-0.768,-29.114,-3.418,-35.217,-171.727,61.139,-78.283
-0.562,-0.131,-0.725,-34.668,-4.456,-50.903,-171.552,61.095,-75.652
-0.585,-0.11,-0.743,-38.696,-2.869,-57.678,-171.332,60.969,-72.499
-0.566,-0.152,-0.751,-37.415,-2.319,-66.223,-170.859,60.699,-68.906
-0.559,-0.173,-0.757,-38.33,-7.202,-61.523,-170.277,60.524,-65.138
-0.583,-0.163,-0.812,-36.987,-6.287,-49.5,-170.03,60.496,-61.93
-0.499,-0.104,-0.824,-19.653,-15.686,-43.335,-169.744,60.65,-59.315
-0.766,-0.268,-0.939,-3.235,-43.457,-56.152,-168.245,61.628,-56.36
-0.839,-0.302,-0.871,-14.16,-37.109,-57.617,-166.042,62.974,-52.575
-0.801,-0.256,-0.763,-41.321,-13.672,-43.457,-164.817,63.715,-49.114
-0.482,0.056,-0.595,-66.223,-21.118,-15.442,-166.663,64.078,-47.812
-0.748,0.153,-0.637,-65.979,-32.349,-31.433,-168.777,65.577,-46.307
-0.778,0.203,-0.694,-61.462,6.409,-50.903,-170.255,65.858,-44.214
-0.617,0.133,-0.701,-56.641,26.428,-63.416,-171.024,64.704,-41.567
-0.568,0.123,-0.764,-57.007,22.339,-58.044,-171.755,63.38,-38.897
-0.511,0.131,-0.769,-52.551,8.423,-52.856,-172.787,62.54,-36.738
-0.629,0.145,-0.779,-44.8,-2.136,-54.321,-173.469,62.424,-34.519
-0.616,0.12,-0.733,-34.302,-3.967,-46.997,-173.765,62.501,-32.481
-0.649,0.052,-0.692,-26.428,-5.249,-40.71,-173.837,62.82,-30.921
-0.558,0.081,-0.623,-23.804,-7.202,-33.264,-173.941,63.089,-29.652
-0.599,0.071,-0.618,-17.639,-13.306,-24.963,-173.996,63.671,-28.768
-0.741,0.102,-0.697,-8.362,-14.099,-18.311,-174.1,64.468,-28.466
-0.813,0.016,-0.698,4.333,-19.592,-20.874,-173.491,65.457,-28.109
-0.966,0.009,-0.826,2.441,-27.649,-9.033,-172.809,66.747,-27.999
-0.971,-0.017,-0.913,12.817,6.226,-19.714,-172.024,67.495,-27.971
-0.832,-0.067,-1.011,10.315,2.625,-18.311,-170.563,67.214,-27.394
-0.865,-0.163,-1.182,15.076,1.892,-22.766,-169.195,67.072,-26.862
-0.552,-0.25,-1.089,3.906,19.592,-17.151,-168.025,66.226,-26.18
-0.29,-0.259,-0.934,0.0,23.254,-13.977,-167.585,64.836,-25.851
-0.169,-0.224,-0.715,-10.62,2.869,-2.319,-167.569,63.732,-25.56
-0.27,-0.107,-0.551,-23.438,-1.221,22.156,-168.849,63.446,-26.202
-0.277,-0.026,-0.47,-26.794,-3.113,30.457,-171.167,63.259,-27.971
-0.474,0.004,-0.563,-22.217,-9.399,18.799,-173.194,63.474,-29.471
-0.609,0.01,-0.662,-13.184,1.77,11.902,-174.639,63.501,-30.718
-0.555,-0.054,-0.686,-4.15,7.751,0.183,-175.243,63.067,-31.531
-0.564,-0.122,-0.718,-1.404,0.0,-5.92,-175.117,62.765,-31.646
-0.827,-0.119,-0.796,-6.348,-22.705,-4.395,-175.023,63.402,-31.63
-0.823,-0.163,-0.801,-8.118,1.404,-14.404,-174.814,64.078,-31.339
-0.649,-0.154,-0.737,-15.137,13.367,-16.113,-174.534,63.715,-30.597
-0.504,-0.117,-0.692,-19.653,3.662,-8.972,-174.738,63.215,-30.092
-0.586,-0.095,-0.661,-23.804,-18.86,-5.432,-175.237,63.594,-29.773
-0.757,-0.035,-0.715,-23.682,-15.381,-2.93,-176.045,64.616,-29.68
-0.714,-0.034,-0.727,-20.325,-9.583,-0.488,-176.852,65.209,-29.855
-0.7,-0.012,-0.759,-18.005,-7.019,1.953,-177.704,65.704,-30.234
-0.71,-0.007,-0.838,-14.343,-20.203,6.958,-178.621,66.423,-30.927
-0.995,0.018,-1.059,-11.047,-26.184,19.897,-179.736,67.714,-32.13
-1.004,0.13,-1.084,3.906,4.272,28.564,178.857,68.027,-34.398
-0.544,0.167,-0.819,9.155,15.198,19.348,178.27,67.143,-36.244
-0.494,0.235,-0.752,-4.089,-12.146,18.066,177.484,66.929,-37.853
-0.839,0.251,-0.853,-4.578,23.621,-0.549,176.589,66.791,-38.958
-0.358,0.166,-0.737,-7.202,48.157,-19.958,176.94,64.534,-38.287
-0.248,0.155,-0.6,-9.827,11.414,-16.907,177.1,63.062,-37.436
-0.37,0.141,-0.554,-8.789,-9.583,-15.442,176.995,62.935,-36.942
-0.474,0.145,-0.555,-6.47,-19.47,-14.771,176.836,63.567,-36.645
-0.72,0.116,-0.657,-4.456,-18.433,-16.785,176.88,64.605,-36.37
-0.724,0.097,-0.669,-4.395,3.235,-16.724,177.171,65.078,-35.854
-0.643,0.116,-0.646,-6.836,6.836,-9.338,177.325,64.979,-35.524
-0.615,0.138,-0.644,-4.456,-0.977,-6.592,177.198,64.935,-35.612
-0.569,0.143,-0.624,-2.136,-5.066,-5.859,177.155,65.198,-35.81
-0.808,0.135,-0.734,-0.366,-20.691,-6.348,177.138,66.039,-36.107
-0.8,0.169,-0.755,2.563,7.812,-5.005,177.314,66.44,-36.282
-0.639,0.161,-0.696,5.798,-7.324,7.751,177.215,66.379,-37.095
-0.692,0.194,-0.728,10.193,-8.606,1.831,177.012,66.951,-38.194
-0.676,0.094,-0.747,21.484,-14.282,-16.052,178.143,67.505,-38.145
-0.877,0.007,-0.843,16.113,-19.165,-11.963,179.626,68.478,-37.639
-1.072,0.095,-1.029,9.216,-7.629,3.113,-179.951,69.071,-37.996
-1.041,0.038,-1.075,12.024,18.616,8.362,-179.692,68.769,-38.716
-0.378,-0.005,-0.691,17.029,26.184,15.625,-179.681,67.39,-39.886
-0.532,-0.143,-0.714,23.682,-20.63,-6.775,-178.737,67.445,-40.276
-0.464,-0.115,-0.639,12.451,21.851,8.85,-177.676,67.269,-40.117
-0.356,-0.149,-0.618,4.944,1.099,14.343,-177.599,66.423,-40.847
-0.492,-0.055,-0.615,-3.601,-5.981,8.667,-177.918,66.429,-41.364
-0.584,-0.038,-0.627,-1.709,-5.371,7.202,-178.088,66.583,-41.589
-0.612,-0.015,-0.652,1.099,-0.488,6.897,-178.297,66.605,-42.006
-0.694,-0.037,-0.698,5.066,1.587,2.136,-178.187,66.583,-42.286
-0.596,-0.08,-0.638,4.272,3.784,-1.953,-177.803,66.407,-42.281
-0.56,-0.094,-0.59,0.305,-6.958,-4.639,-177.369,66.489,-42.017
-0.744,-0.09,-0.658,-4.639,-19.348,-5.371,-177.061,67.253,-41.6
-0.858,-0.088,-0.695,-8.423,-11.23,-4.089,-176.962,68.176,-41.226
-0.865,-0.113,-0.749,-7.812,5.615,-8.362,-176.863,68.379,-40.787
-0.705,-0.096,-0.7,-11.414,8.911,-2.563,-176.858,67.83,-40.386
-0.664,-0.081,-0.671,-10.62,8.057,4.089,-177.193,67.544,-40.397
-0.687,0.0,-0.684,-10.803,2.747,17.334,-178.176,67.39,-41.248
-0.698,0.0,-0.729,-7.568,6.897,18.127,-179.247,67.225,-42.451
-0.73,0.026,-0.825,-0.671,7.507,17.761,179.808,66.835,-43.698
-0.692,-0.025,-0.902,0.854,6.714,25.452,179.116,66.335,-45.033
-0.914,0.05,-0.989,0.793,-17.09,22.766,177.968,66.572,-46.835
-0.993,0.116,-1.009,-1.099,10.376,9.949,177.484,66.813,-47.769
-0.544,0.119,-0.824,-5.371,21.912,5.188,177.094,65.759,-48.252
-0.479,0.187,-0.777,-20.63,9.949,0.488,176.451,64.902,-48.323
-0.501,0.268,-0.783,-25.574,10.315,-10.193,175.358,64.33,-48.142
-0.472,0.255,-0.707,-20.691,13.855,-23.132,174.82,63.721,-47.159
-0.377,0.237,-0.591,-12.878,7.935,-24.536,174.749,63.171,-45.862
-0.39,0.162,-0.534,-4.272,-11.353,-19.897,174.924,63.287,-44.94
-0.597,0.143,-0.565,-3.296,-17.151,-12.878,174.941,64.177,-44.594
-0.652,0.127,-0.604,-0.305,-8.301,-14.893,175.128,64.792,-44.286
-0.737,0.108,-0.651,-0.366,-5.188,-16.296,175.573,65.325,-43.737
-0.726,0.116,-0.661,-2.808,2.258,-10.925,175.908,65.561,-43.27
-0.712,0.138,-0.686,-1.282,5.92,-8.85,176.089,65.555,-43.033
-0.618,0.146,-0.675,1.038,5.981,-6.287,176.364,65.396,-42.852
-0.666,0.123,-0.696,7.263,0.0,-5.615,176.677,65.446,-42.874
-0.643,0.155,-0.724,2.93,3.174,6.653,176.797,65.424,-43.193
-0.596,0.142,-0.702,6.226,-5.371,5.859,176.605,65.462,-43.973
-0.546,0.178,-0.709,8.118,-3.906,5.066,176.413,65.671,-44.736
-0.672,0.109,-0.774,16.479,-14.465,-6.104,176.891,66.088,-45.027
-0.931,0.072,-0.906,14.771,-16.663,-4.822,177.764,66.907,-44.951
-1.007,0.09,-1.005,13.428,4.517,-0.244,178.401,67.203,-45.066
-0.91,0.088,-1.014,17.395,6.165,0.549,179.116,66.846,-45.181
-0.735,-0.022,-0.863,17.944,2.625,2.014,179.934,66.649,-45.368
-0.565,-0.021,-0.64,17.944,-2.014,-1.343,-179.335,66.594,-45.533
-0.566,-0.135,-0.613,28.32,11.902,-17.578,-177.583,66.423,-44.742
-0.525,-0.235,-0.681,23.376,40.894,-11.658,-175.419,64.973,-43.544
-0.251,-0.228,-0.689,6.409,45.166,12.085,-174.749,62.567,-43.594
-0.264,-0.166,-0.682,-8.484,3.418,13.184,-175.128,61.403,-44.044
-0.613,-0.088,-0.745,-14.648,-12.085,7.935,-175.754,61.82,-44.033
-0.567,-0.034,-0.755,-9.094,3.113,7.324,-176.342,61.71,-44.121
-0.626,-0.042,-0.762,-3.784,2.319,6.165,-176.688,61.628,-44.297
-0.53,-0.076,-0.715,-1.038,0.549,4.211,-176.808,61.452,-44.423
-0.579,-0.073,-0.645,-3.784,-12.207,6.165,-176.973,61.859,-44.555
-0.677,-0.058,-0.684,-5.432,-3.174,4.333,-177.248,62.375,-44.731
-0.535,-0.04,-0.694,-2.869,10.62,3.662,-177.446,62.172,-44.846
-0.566,-0.051,-0.769,-3.845,0.0,8.301,-177.687,61.875,-45.104
-0.886,-0.037,-0.811,-2.014,-16.479,2.563,-178.022,62.721,-45.412
-0.776,-0.06,-0.848,5.127,29.053,2.991,-177.858,62.402,-45.434
-0.385,-0.089,-0.756,-0.183,24.109,20.935,-178.0,60.958,-46.071
-0.406,-0.026,-0.749,-7.874,-16.785,25.818,-178.978,60.804,-47.395
-0.745,0.026,-0.827,-7.874,-27.588,21.79,179.841,61.924,-48.68
-1.069,0.02,-1.051,-0.854,-17.761,3.418,179.242,63.078,-49.378
-1.026,0.04,-1.18,0.366,35.034,-9.46,179.654,62.518,-48.829
-0.561,0.104,-1.079,-4.944,34.546,-2.686,179.879,60.743,-48.318
-0.118,0.167,-0.733,-14.038,10.132,-0.854,179.456,59.529,-48.104
-0.573,0.293,-0.775,-22.339,-29.419,-4.395,178.226,60.529,-48.142
-0.477,0.181,-0.724,-5.005,35.706,-37.842,178.325,59.925,-46.857
-0.22,0.078,-0.583,-8.118,20.386,-41.199,179.302,58.491,-44.39
-0.348,0.061,-0.586,-12.207,-2.625,-25.391,179.561,58.178,-42.66
-0.517,0.123,-0.655,-16.174,-6.348,-11.719,179.165,58.436,-41.852
-0.581,0.116,-0.704,-9.216,5.798,-18.433,178.841,58.541,-41.204
-0.562,0.118,-0.752,-9.583,3.479,-16.418,178.819,58.392,-40.358
-0.577,0.098,-0.761,-5.371,4.333,-14.893,178.813,58.321,-39.666
-0.508,0.11,-0.729,-6.592,-2.258,-6.348,178.764,58.343,-39.232
-0.639,0.145,-0.786,-5.31,-3.662,1.709,178.374,58.683,-39.386
-0.514,0.152,-0.756,-0.122,2.014,0.916,178.061,58.656,-39.71
-0.611,0.163,-0.82,3.418,-6.897,6.592,177.836,58.892,-40.204
-0.534,0.114,-0.738,5.676,-10.742,2.869,177.753,59.326,-40.781
-0.719,0.097,-0.833,6.104,-11.475,-5.249,177.896,60.095,-40.957
-0.624,0.051,-0.818,4.028,-4.333,-11.169,178.401,60.452,-40.556
-0.725,0.069,-0.911,0.549,-6.897,-8.667,178.726,60.897,-40.139
-0.772,0.061,-0.959,1.831,-3.845,-11.78,179.105,61.194,-39.617
-1.013,0.049,-1.089,0.427,-2.014,-4.822,179.445,61.485,-39.177
-0.737,0.025,-0.993,3.906,34.973,2.625,179.517,60.568,-39.26
-0.242,-0.045,-0.724,7.751,25.757,0.061,179.852,58.936,-39.26
-0.509,-0.095,-0.793,7.202,7.69,-5.005,-179.489,58.508,-38.826
-0.371,0.019,-0.82,-1.892,54.26,20.325,-179.511,56.827,-39.007
-0.087,0.06,-0.732,5.92,30.579,10.925,-179.89,54.316,-39.771
-0.272,-0.011,-0.719,3.723,-19.592,-3.845,-179.55,53.888,-39.479
-0.575,-0.014,-0.739,4.822,-6.714,-1.16,-179.214,54.586,-38.963
-0.467,-0.02,-0.796,8.362,2.502,4.395,-178.885,54.432,-38.897
-0.51,-0.055,-0.83,12.512,6.47,6.287,-178.423,54.261,-39.034
-0.432,-0.072,-0.787,10.437,-5.066,9.46,-177.995,54.124,-39.364
-0.499,-0.083,-0.756,7.141,-11.597,7.202,-177.682,54.597,-39.655
-0.508,-0.117,-0.761,6.897,-5.493,7.507,-177.38,55.08,-39.836
-0.428,-0.125,-0.746,6.104,-8.24,9.888,-177.188,55.388,-40.155
-0.492,-0.119,-0.88,1.343,-7.263,13.0,-177.1,55.761,-40.479
-0.656,-0.097,-0.883,-2.197,-21.545,7.751,-177.27,56.695,-40.803
-0.729,-0.087,-0.969,-9.033,-2.136,-1.953,-177.512,57.354,-40.726
-0.47,-0.101,-0.874,-14.343,4.761,-8.057,-177.671,57.047,-40.078
-0.616,-0.028,-0.967,-22.4,-13.916,3.418,-178.434,57.486,-39.743
-0.747,0.045,-1.013,-18.616,-10.193,4.028,-179.44,58.068,-39.831
-0.743,0.091,-0.955,-7.629,0.366,-8.301,-179.973,58.37,-39.694
-0.556,0.074,-0.849,-13.977,15.137,-9.644,-179.956,58.145,-38.963
-0.397,0.193,-0.856,-25.513,21.912,-3.723,179.171,57.107,-38.639
-0.405,0.222,-0.938,-22.949,35.645,-13.428,178.176,55.794,-38.084
-0.111,0.216,-0.845,-15.991,21.423,-20.508,177.627,54.069,-36.964
-0.283,0.195,-0.77,-10.559,-20.386,-10.437,177.226,53.981,-35.947
-0.281,0.112,-0.783,-4.333,-24.353,0.244,176.792,54.822,-35.667
-0.382,0.187,-0.672,-7.263,-52.368,13.672,175.913,56.343,-36.277
-0.739,0.167,-0.628,1.099,-46.387,-1.465,175.188,58.689,-37.029
-0.738,0.104,-0.616,-3.784,-13.916,-9.827,175.106,59.991,-37.013
-0.661,0.1,-0.644,-5.554,2.747,-9.644,175.095,60.381,-36.683
-0.627,0.121,-0.656,-7.935,-5.737,-4.517,174.913,60.672,-36.53
-0.682,0.147,-0.663,-4.822,-2.93,-1.465,174.622,61.144,-36.678
-0.667,0.188,-0.684,-2.441,2.808,3.174,174.315,61.331,-37.046
-0.564,0.214,-0.676,0.549,6.042,7.812,173.99,61.287,-37.678
-0.651,0.241,-0.729,4.15,-3.479,6.104,173.584,61.501,-38.578
-0.595,0.173,-0.756,8.606,-4.944,-12.146,173.886,61.672,-38.666
-0.697,0.125,-0.835,6.348,14.038,-12.756,174.622,61.87,-38.073
-0.589,0.163,-0.895,3.54,14.221,-3.723,175.166,61.166,-37.595
-0.583,0.213,-0.91,10.498,8.972,1.526,175.413,60.661,-37.656
-0.942,0.224,-1.125,16.479,-10.803,6.836,175.803,60.727,-38.068
-0.76,0.14,-1.066,23.376,13.062,8.179,176.336,60.447,-38.749
-0.479,0.026,-0.823,23.438,3.967,13.428,177.105,60.046,-39.397
-0.378,-0.04,-0.759,28.381,-2.502,3.296,177.902,59.815,-40.034
-0.427,-0.177,-0.742,23.682,11.169,-5.737,179.561,59.634,-39.518
-0.275,-0.157,-0.67,8.484,10.071,7.935,-179.588,58.876,-39.271
-0.463,-0.111,-0.688,2.136,-2.258,7.08,-179.341,58.678,-39.227
-0.569,-0.054,-0.693,0.732,10.559,14.709,-179.396,58.381,-39.496
-0.445,-0.019,-0.758,1.77,16.357,18.005,-179.632,57.497,-40.182
-0.491,0.021,-0.755,8.24,-9.155,15.686,-179.78,57.426,-40.93
-0.628,-0.042,-0.741,12.146,-6.348,10.925,-179.495,57.87,-41.479
-0.635,-0.068,-0.749,11.719,5.432,7.019,-179.083,57.925,-41.852
-0.612,-0.086,-0.779,4.7,8.423,8.789,-178.764,57.607,-42.122
-0.5,-0.053,-0.761,1.404,14.282,9.338,-178.77,57.123,-42.49
-0.486,-0.023,-0.763,2.319,0.244,7.507,-178.824,56.81,-42.825
-0.502,-0.092,-0.772,-1.099,4.822,1.709,-178.715,56.832,-42.874
-0.475,-0.086,-0.749,-5.859,-5.981,-8.911,-178.682,56.909,-42.484
-0.64,-0.113,-0.878,-14.587,-10.193,-7.629,-178.605,57.382,-41.633
-0.632,-0.029,-0.932,-19.287,4.639,-1.892,-179.214,57.563,-41.204
-0.489,0.013,-0.936,-16.602,4.578,0.916,-179.846,57.283,-40.891
-0.454,0.039,-0.965,-12.39,-7.812,2.441,179.473,57.299,-40.836
-0.619,0.058,-0.988,-12.634,-23.926,0.732,178.907,58.002,-40.721
-0.8,0.068,-0.993,-9.888,-17.822,-8.606,178.489,58.997,-40.419
-0.7,0.135,-0.948,-16.479,2.563,-9.46,178.248,59.238,-39.721
-0.491,0.188,-0.82,-18.25,3.174,-10.132,177.715,59.019,-39.122
-0.607,0.279,-0.827,-26.55,2.991,0.732,176.567,58.98,-38.99
-0.481,0.31,-0.808,-25.452,30.701,-9.033,175.215,57.953,-38.93
-0.275,0.26,-0.733,-19.104,18.005,-34.912,174.825,56.75,-37.458
-0.296,0.175,-0.61,-12.817,-0.854,-36.621,174.974,56.635,-35.48
-0.363,0.146,-0.583,-7.08,-11.108,-29.358,175.199,57.041,-33.854
-0.529,0.136,-0.616,-2.502,-14.832,-20.63,175.419,57.838,-32.816
-0.696,0.111,-0.716,0.916,-5.676,-16.785,175.754,58.579,-32.091
-0.686,0.1,-0.766,0.0,6.226,-11.353,176.133,58.678,-31.558
-0.605,0.116,-0.752,-2.563,11.902,-3.113,176.265,58.414,-31.322
-0.55,0.12,-0.718,-2.441,-2.197,-0.793,176.078,58.288,-31.509
-0.635,0.134,-0.716,-2.441,-4.578,-2.625,175.908,58.744,-31.674
-0.566,0.124,-0.706,0.61,-3.235,-0.793,175.831,59.019,-31.866
-0.663,0.13,-0.796,0.183,-6.531,2.319,175.743,59.447,-32.179
-0.606,0.174,-0.814,1.099,9.338,13.0,175.419,59.425,-32.882
-0.583,0.165,-0.817,4.456,-1.953,9.399,175.133,59.376,-33.766
-0.642,0.24,-0.896,9.399,4.944,7.568,175.007,59.348,-34.525
-0.533,0.185,-0.898,19.958,0.916,-3.113,175.71,59.052,-34.7
-0.78,0.152,-1.041,15.991,-12.024,4.7,176.396,59.507,-34.997
-0.829,0.154,-1.107,15.015,2.991,4.456,176.781,59.683,-35.524
-0.501,0.13,-0.906,15.625,3.357,8.789,177.198,59.403,-36.041
-0.449,0.036,-0.812,29.907,-7.874,-3.174,178.116,59.453,-36.348
-0.456,-0.038,-0.79,33.447,18.188,-0.305,179.885,59.101,-36.024
-0.214,-0.109,-0.72,34.241,19.714,11.414,-178.566,57.761,-36.266
-0.33,-0.121,-0.7,22.339,-3.418,11.597,-177.462,57.222,-36.667
-0.423,-0.118,-0.691,13.916,-7.69,6.409,-176.721,57.321,-36.815
-0.54,-0.124,-0.719,7.202,-14.16,-2.014,-176.078,57.744,-36.584
-0.647,-0.136,-0.774,3.174,-4.822,-8.667,-175.419,58.217,-35.942
-0.6,-0.125,-0.771,0.427,4.7,-4.883,-174.908,58.233,-35.327
-0.529,-0.117,-0.722,-0.122,-0.793,-1.343,-174.628,58.151,-35.008
-0.604,-0.1,-0.717,-0.793,-4.944,1.404,-174.468,58.436,-34.854
-0.596,-0.092,-0.721,-2.075,-3.906,-0.122,-174.413,58.722,-34.799
-0.634,-0.113,-0.776,-4.7,9.033,-4.639,-174.331,58.733,-34.557
-0.52,-0.142,-0.803,-6.47,8.484,-7.202,-174.26,58.321,-34.14
-0.498,-0.1,-0.848,-10.864,-6.958,-6.348,-174.397,58.354,-33.646
-0.595,-0.114,-0.832,-10.376,-15.991,-9.155,-174.435,58.958,-32.964
-0.666,-0.147,-0.833,-13.55,-6.958,-10.193,-174.479,59.562,-32.162
-0.664,-0.137,-0.861,-21.362,0.427,-8.179,-174.902,59.7,-31.509
-0.566,-0.111,-0.854,-23.071,2.686,-11.169,-175.529,59.529,-30.839
-0.729,-0.096,-1.017,-20.935,-1.831,-12.695,-175.984,59.568,-29.96
-0.736,0.037,-1.194,-28.076,16.357,-9.583,-176.644,59.128,-29.246
-0.248,0.146,-0.961,-26.184,23.499,-16.846,-177.545,57.859,-28.466
-0.41,0.192,-0.898,-27.1,-25.757,-19.836,-178.231,57.843,-27.224
-0.552,0.196,-0.761,-21.179,-10.864,-29.602,-178.879,58.694,-25.911
-0.455,0.119,-0.635,-19.592,-8.85,-37.964,-178.89,58.991,-24.022
-0.422,0.072,-0.552,-23.01,-13.306,-40.649,-178.863,59.507,-21.978
-0.448,0.061,-0.497,-23.621,-25.696,-44.617,-178.764,60.469,-19.753
-0.647,0.032,-0.535,-25.208,-29.785,-46.814,-178.434,62.023,-17.298
-0.794,0.081,-0.623,-24.353,-11.292,-42.603,-178.176,63.215,-15.051
-0.834,0.069,-0.682,-22.339,3.357,-32.471,-177.874,63.578,-13.217
-0.727,0.103,-0.664,-17.7,22.583,-17.944,-178.011,63.073,-12.31
-0.668,0.109,-0.676,-11.353,18.921,-11.475,-178.341,62.325,-12.145
-0.601,0.088,-0.664,-4.761,10.071,-18.555,-178.193,61.859,-11.739
-0.673,0.058,-0.672,-3.113,2.686,-20.935,-177.759,61.886,-11.074
-0.73,0.079,-0.716,-3.845,4.944,-18.127,-177.27,61.974,-10.366
-0.671,0.074,-0.733,3.601,7.324,-11.475,-176.841,61.891,-10.074
-0.713,0.006,-0.787,11.963,-5.981,-7.141,-176.248,62.183,-10.096
-0.782,-0.011,-0.882,9.033,2.869,2.747,-175.721,62.512,-10.415
-0.777,-0.001,-0.942,5.676,5.859,10.01,-175.688,62.457,-11.245
-0.823,0.032,-1.079,3.54,10.132,9.766,-175.995,62.15,-12.294
-0.514,0.028,-0.954,7.812,26.672,7.202,-176.149,61.271,-13.129
-0.308,-0.02,-0.922,20.691,12.634,-7.141,-175.583,60.238,-13.42
-0.23,-0.144,-0.951,18.799,20.508,-30.518,-173.979,59.084,-12.261
-0.188,-0.197,-0.904,-7.019,14.221,-27.649,-172.595,57.7,-10.201
-0.227,-0.13,-0.827,-27.161,-5.859,-31.189,-172.518,57.003,-8.196
-0.337,-0.04,-0.772,-40.649,-14.465,-46.509,-172.886,56.959,-5.4
-0.436,-0.028,-0.713,-41.565,-24.17,-58.838,-173.101,57.409,-1.835
-0.58,-0.064,-0.692,-40.344,-20.447,-65.857,-173.007,58.112,2.021
-0.604,-0.076,-0.683,-41.809,-11.841,-67.322,-172.744,58.508,5.894
-0.639,-0.067,-0.691,-46.265,-0.732,-74.402,-172.546,58.541,9.816
-0.547,-0.042,-0.649,-44.617,-6.409,-75.256,-172.26,58.414,13.892
-0.58,-0.081,-0.622,-37.903,-8.057,-79.59,-171.617,58.64,18.056
-0.67,-0.119,-0.662,-36.499,-9.277,-83.618,-170.629,58.909,22.44
-0.615,-0.152,-0.733,-39.307,13.306,-78.125,-169.728,58.359,26.631
-0.527,-0.228,-0.835,-32.654,18.921,-85.144,-168.893,57.184,30.663
-0.432,-0.357,-0.895,-26.428,-2.075,-93.445,-167.487,56.041,35.321
-0.756,-0.427,-1.065,-33.142,-21.606,-77.209,-166.08,55.898,40.1
-0.477,-0.343,-0.845,-40.405,-2.197,-59.082,-165.476,55.723,43.808
-0.627,-0.14,-0.865,-50.903,-19.897,-41.382,-166.025,55.942,46.412
-0.436,0.069,-0.754,-58.777,-8.423,-31.067,-167.547,56.08,48.17
-0.551,0.109,-0.741,-54.199,-26.672,-43.945,-169.124,56.865,50.246
-0.663,0.101,-0.793,-58.96,-13.428,-62.927,-170.409,57.546,53.273
-0.665,0.095,-0.78,-65.063,9.155,-77.942,-171.348,57.305,57.453
-0.433,0.175,-0.751,-58.289,7.08,-75.562,-172.397,56.442,61.908
-0.57,0.116,-0.764,-46.875,-11.658,-65.186,-173.013,56.547,66.456
-0.56,0.158,-0.711,-42.847,-12.085,-51.208,-173.87,56.942,70.291
-0.602,0.146,-0.692,-33.691,-19.043,-53.162,-174.435,57.662,74.119
-0.644,0.172,-0.69,-31.311,-18.127,-43.945,-174.803,58.563,77.981
-0.657,0.212,-0.729,-16.846,-14.343,-43.701,-174.979,59.249,81.612
-0.655,0.188,-0.76,-11.047,-17.456,-38.574,-174.655,59.952,85.254
-0.688,0.173,-0.827,-4.333,-21.545,-31.128,-174.155,60.809,88.605
-0.975,0.015,-0.991,17.09,-11.23,-38.33,-173.04,61.875,91.84
-0.406,-0.042,-0.815,33.997,18.921,2.625,-171.414,61.287,94.131
-0.487,-0.312,-0.853,54.932,-12.756,6.592,-169.882,61.078,93.845
-0.63,-0.524,-0.852,11.475,-3.479,-22.095,-167.426,61.534,94.878
-0.557,-0.354,-0.783,-26.611,2.014,-21.79,-166.959,61.249,95.955
-0.521,-0.201,-0.707,-55.908,-3.601,-23.01,-167.959,60.903,97.042
-0.563,0.021,-0.697,-55.359,-8.789,-14.038,-169.854,60.996,98.113
-0.644,0.097,-0.703,-28.015,-8.789,1.587,-171.562,61.447,98.679
-0.679,-0.042,-0.74,-19.348,6.348,-9.399,-172.502,61.507,99.426
-0.573,-0.125,-0.721,-25.146,8.728,-24.536,-172.925,61.046,101.19
-0.542,-0.124,-0.694,-36.865,1.587,-30.579,-173.502,60.798,103.321
-0.621,-0.139,-0.744,-39.124,-1.648,-40.161,-173.897,60.815,106.024
-0.594,-0.131,-0.738,-38.391,-0.183,-42.786,-174.172,60.782,109.023
-0.635,-0.135,-0.741,-39.124,-13.733,-37.231,-174.457,61.144,111.907
-0.726,-0.155,-0.767,-38.879,-21.79,-38.818,-174.71,62.161,114.955
-0.808,-0.029,-0.832,-44.373,-19.653,-21.24,-175.507,63.32,117.642
-0.878,-0.058,-0.957,-38.818,-16.541,-27.344,-176.331,64.276,120.157
-0.919,0.081,-1.057,-37.903,3.662,-26.672,-177.127,64.731,122.783
-0.61,0.131,-0.936,-39.124,25.085,-28.687,-177.742,64.039,125.585
-0.387,0.324,-0.87,-52.063,1.099,-14.832,-179.242,63.111,127.733
-0.528,0.358,-0.864,-41.565,8.606,-26.978,178.874,63.023,129.446
-0.333,0.342,-0.771,-42.297,15.32,-44.434,178.083,62.144,132.473
-0.244,0.349,-0.629,-29.358,2.014,-37.659,177.402,61.562,135.461
-0.483,0.281,-0.65,-20.325,-18.188,-32.776,177.028,61.826,137.906
-0.58,0.27,-0.667,-9.399,1.343,-31.189,176.968,62.106,140.197
-0.531,0.189,-0.682,2.075,-3.601,-34.424,177.671,61.99,142.756
-0.625,0.09,-0.665,5.31,-11.597,-35.217,178.819,62.49,145.432
-0.687,0.039,-0.664,0.549,-6.653,-39.246,-179.978,62.979,148.348
-0.695,-0.007,-0.654,-3.784,2.991,-39.185,-178.649,63.193,151.732
-0.617,0.021,-0.619,-5.615,-3.113,-27.405,-177.891,63.248,154.556
-0.713,0.015,-0.637,-3.784,-6.409,-23.071,-177.248,63.759,157.028
-0.702,0.095,-0.654,-1.221,4.761,-9.705,-176.968,63.869,158.862
-0.8,0.09,-0.765,15.564,14.221,2.869,-176.721,63.539,159.802
-0.778,-0.015,-0.802,18.066,9.766,1.16,-176.16,62.919,160.395
-0.733,-0.036,-0.877,9.399,36.255,1.648,-175.66,62.106,161.18
-0.387,-0.051,-0.759,10.193,29.175,3.418,-175.474,60.458,161.669
-0.447,-0.145,-0.797,1.343,-12.512,-1.526,-175.188,60.068,162.197
-0.739,-0.086,-0.936,-9.583,-15.747,4.639,-175.358,60.936,162.757
-0.929,-0.095,-1.083,-1.221,-13.794,5.493,-175.787,61.688,162.966
-0.861,-0.132,-1.085,-0.244,1.77,11.719,-175.902,61.968,163.218
-0.569,-0.077,-0.887,1.77,8.24,33.997,-176.704,61.826,162.361
-0.458,-0.101,-0.83,9.949,7.019,32.166,-177.528,61.43,160.714
-0.372,-0.132,-0.773,12.939,14.771,24.78,-177.775,60.716,159.362
-0.3,-0.198,-0.663,2.38,6.287,15.503,-177.687,60.046,158.555
-0.32,-0.06,-0.564,-13.794,-4.089,22.705,-178.544,59.886,157.429
-0.444,-0.017,-0.64,-8.85,-2.686,11.963,-179.39,59.854,156.588
-0.472,-0.02,-0.642,-4.272,-1.831,5.371,-179.714,59.859,156.467
-0.621,-0.063,-0.735,-0.916,-15.808,0.183,-179.698,60.287,156.682
-0.719,-0.095,-0.752,-3.235,-7.629,-7.751,-179.44,60.974,157.522
-0.64,-0.124,-0.672,-15.076,-7.629,-7.141,-179.335,61.463,158.763
-0.701,-0.022,-0.718,-21.24,-2.258,-1.404,-179.956,61.924,159.829
-0.612,0.02,-0.697,-12.573,1.587,-0.183,179.363,62.045,160.692
-0.646,-0.009,-0.751,-4.517,0.854,0.671,179.099,62.188,161.466
-0.649,-0.001,-0.778,1.465,0.671,7.996,178.973,62.243,161.917
-0.588,-0.051,-0.808,6.104,7.69,8.545,178.978,62.078,162.004
-0.607,-0.101,-0.818,6.042,-3.662,1.587,179.28,62.15,162.257
-0.585,-0.085,-0.826,-3.418,-4.456,11.047,179.313,62.314,162.356
-0.67,-0.053,-0.889,-7.141,-15.381,9.521,178.841,62.809,162.032
-0.831,0.005,-0.997,-6.348,-10.986,2.136,178.451,63.457,161.966
-0.762,0.021,-1.004,-1.587,-8.789,-10.315,178.665,63.853,162.609
-0.611,0.059,-0.859,-11.963,2.869,-4.7,178.912,64.001,163.493
-0.442,0.244,-0.797,-27.466,-10.498,13.123,177.599,63.869,163.218
-0.645,0.321,-0.77,-26.489,-6.958,6.897,175.6,64.363,162.405
-0.527,0.315,-0.724,-18.25,11.108,-10.925,174.545,63.984,162.79
-0.379,0.268,-0.609,-7.69,11.414,-13.428,174.243,63.331,163.707
-0.471,0.229,-0.649,-0.427,-9.216,-8.85,174.216,63.281,164.317
-0.545,0.183,-0.591,0.427,-12.085,-5.554,174.073,63.792,164.531
-0.637,0.186,-0.61,0.061,-15.991,-7.446,173.897,64.457,164.839
-0.732,0.147,-0.624,1.282,-11.23,-10.62,174.023,65.242,165.509
-0.768,0.152,-0.663,1.831,0.0,-11.414,174.249,65.649,166.443
-0.719,0.107,-0.633,4.15,3.723,-15.076,174.798,65.742,167.695
-0.742,0.094,-0.659,3.601,5.615,-11.475,175.452,65.797,169.058
-0.69,0.076,-0.635,3.052,0.122,-7.69,175.968,65.836,170.189
-0.703,0.117,-0.648,0.854,-2.319,-2.075,176.116,66.105,170.909
-0.78,0.149,-0.697,2.441,-1.465,-2.38,176.149,66.407,171.436
-0.707,0.169,-0.698,6.287,-2.197,-1.526,176.358,66.467,171.969
-0.677,0.156,-0.635,11.292,-4.456,-5.798,176.671,66.945,172.392
-0.711,0.104,-0.692,15.259,-7.69,-13.672,177.698,67.385,173.419
-0.717,0.053,-0.758,16.296,0.916,-11.23,178.874,67.61,174.496
-0.913,0.013,-0.949,14.16,-1.831,-10.986,-179.978,67.736,175.457
-1.124,-0.027,-1.181,13.733,9.583,-10.559,-178.83,67.544,176.468
-0.713,-0.127,-1.033,9.705,36.316,0.244,-177.946,66.154,177.122
-0.279,-0.106,-0.701,1.526,2.075,8.85,-178.072,64.979,176.704
-0.527,-0.171,-0.679,9.155,-17.09,-12.085,-177.402,65.495,176.979
-0.44,-0.154,-0.604,-2.38,14.099,15.259,-176.946,65.369,177.083
-0.37,-0.089,-0.57,-11.292,3.601,28.381,-178.05,64.671,175.534
-0.538,0.018,-0.615,-11.414,-3.906,24.231,-179.456,64.572,173.859
-0.583,0.039,-0.635,-1.343,0.366,18.677,179.55,64.561,172.612
-0.674,0.046,-0.715,3.54,-5.432,13.977,179.011,64.633,171.711
-0.697,-0.011,-0.715,8.301,1.16,5.127,179.05,64.781,171.392
-0.693,-0.027,-0.705,5.981,-1.404,5.249,179.308,64.83,171.409
-0.659,-0.012,-0.679,3.906,2.991,10.376,179.297,64.836,171.211
-0.683,-0.009,-0.694,3.418,-3.418,11.841,179.088,64.968,170.782
-0.628,-0.013,-0.663,2.625,-2.258,10.864,178.868,65.132,170.414
-0.694,-0.008,-0.73,1.343,-1.282,7.935,178.643,65.369,170.112
-0.62,-0.026,-0.743,1.709,-1.16,2.014,178.731,65.385,170.206
-0.733,-0.048,-0.76,4.639,-5.432,-3.357,179.039,65.869,170.502
-0.688,-0.04,-0.774,-2.319,0.732,5.31,179.264,65.945,170.793
-0.662,-0.002,-0.811,-2.197,1.343,10.559,178.819,65.863,170.349
-0.783,0.018,-0.935,1.404,-5.31,7.385,178.566,65.918,169.948
-0.998,-0.015,-1.122,5.615,-3.052,-4.089,178.764,66.088,169.887
-0.741,0.026,-0.995,-4.15,17.273,-4.272,179.242,65.797,170.447
-0.345,0.087,-0.776,-15.137,17.578,-0.366,179.006,64.709,170.662
-0.536,0.186,-0.761,-24.353,-11.78,0.0,177.902,64.644,170.365
-0.532,0.205,-0.673,-23.438,1.221,-12.695,176.869,64.693,170.491
-0.538,0.198,-0.612,-16.968,4.272,-17.395,176.375,64.534,171.348
-0.436,0.175,-0.539,-9.827,1.465,-13.672,176.166,64.314,172.189
-0.542,0.153,-0.555,-4.211,-8.606,-8.667,176.012,64.561,172.705
-0.648,0.145,-0.601,-2.991,-8.118,-2.869,175.748,65.028,172.892
-0.724,0.139,-0.637,-0.916,-3.845,-5.188,175.578,65.391,173.172
-0.768,0.115,-0.681,-1.099,6.47,-6.653,175.677,65.484,173.771
-0.658,0.096,-0.641,-2.319,11.353,-6.653,175.759,65.143,174.474
-0.67,0.113,-0.648,-6.775,2.563,-3.052,175.627,65.001,175.078
-0.67,0.126,-0.644,-3.845,3.723,-4.761,175.419,65.006,175.605
-0.717,0.164,-0.707,-3.418,8.789,2.502,175.193,64.885,175.963
-0.649,0.173,-0.763,3.601,13.55,5.188,174.974,64.341,175.968
-0.657,0.205,-0.782,6.348,-2.747,13.611,174.716,64.083,175.485
-0.668,0.186,-0.789,14.099,6.897,5.859,174.567,64.072,174.809
-0.612,0.12,-0.823,15.93,5.615,-5.005,175.248,63.776,174.924
-0.549,0.051,-0.868,9.094,1.465,1.038,175.99,63.545,175.161
-0.588,0.095,-1.002,-4.272,-10.254,15.076,175.622,63.682,174.413
-0.646,0.224,-0.931,-10.986,-37.109,27.039,174.232,64.44,172.689
-0.892,0.303,-0.918,10.315,-29.541,12.207,172.804,65.929,170.563
-0.688,0.146,-0.735,26.794,-12.939,-7.263,173.546,66.742,170.211
-0.639,-0.055,-0.671,38.391,-6.653,-15.015,175.616,67.247,170.865
-0.6,-0.221,-0.64,28.748,-1.404,-8.728,177.957,67.357,171.744
-0.527,-0.221,-0.578,7.019,6.47,3.418,179.044,67.209,172.018
-0.55,-0.085,-0.583,-11.169,6.714,11.047,178.781,66.852,171.639
-0.582,0.035,-0.611,-8.972,9.888,6.836,178.187,66.385,171.315
-0.65,0.029,-0.659,-1.953,2.502,2.93,178.028,66.138,171.31
-0.685,0.008,-0.701,3.967,8.179,1.099,178.281,65.923,171.513
-0.685,-0.011,-0.712,6.348,7.263,5.127,178.517,65.61,171.508
-0.624,-0.005,-0.679,4.7,5.127,8.911,178.643,65.319,171.365
-0.69,-0.008,-0.708,4.028,1.587,7.08,178.632,65.286,171.074
-0.661,-0.002,-0.707,2.869,7.812,5.005,178.66,65.116,170.898
-0.512,-0.034,-0.631,1.16,7.141,-1.77,178.863,64.808,171.03
-0.732,-0.031,-0.723,-3.54,-12.207,-6.348,179.088,65.017,171.392
-0.651,-0.057,-0.704,-6.897,2.991,-6.531,179.341,65.187,172.057
-0.695,-0.023,-0.743,-12.695,8.362,-1.038,179.138,65.099,172.491
-0.583,0.013,-0.758,-13.611,9.338,0.793,178.687,64.589,172.738
-0.749,0.018,-0.835,-9.399,3.784,0.977,178.226,64.473,172.798
-0.665,-0.037,-0.85,-5.127,4.395,-4.761,178.154,64.149,173.073
-0.899,-0.051,-0.898,-7.202,-16.907,-10.376,178.319,64.698,173.672
-0.992,0.083,-0.953,-20.081,14.648,-1.831,177.99,64.874,174.331
-0.628,0.145,-0.873,-22.522,43.64,-9.888,177.38,63.364,175.155
-0.461,0.25,-0.916,-35.217,41.077,-0.305,176.325,61.21,175.869
-0.282,0.358,-0.827,-26.245,31.86,-3.784,174.721,59.321,175.809
-0.309,0.278,-0.707,-11.78,6.226,-16.846,174.243,58.469,176.325
-0.375,0.254,-0.66,-4.822,-2.563,-7.874,173.919,58.359,176.457
-0.472,0.201,-0.658,-0.061,-1.77,-3.784,173.743,58.458,176.331
-0.462,0.19,-0.648,2.991,-2.747,-3.784,173.606,58.425,176.127
-0.593,0.167,-0.682,3.845,-6.348,-6.653,173.672,58.749,176.133
-0.644,0.128,-0.71,4.15,5.981,-12.024,174.018,58.843,176.633
-0.627,0.125,-0.758,-1.16,13.123,-5.615,174.276,58.557,177.325
-0.614,0.14,-0.795,-4.333,13.672,-5.493,174.265,58.085,177.863
-0.516,0.161,-0.764,-3.906,10.742,-8.667,174.254,57.557,178.511
-0.564,0.2,-0.757,-2.93,1.892,-4.517,174.216,57.475,178.978
-0.609,0.257,-0.798,-0.061,1.953,0.61,174.078,57.48,179.121
-0.646,0.324,-0.886,7.08,13.55,-4.333,174.128,57.079,179.264
-0.465,0.221,-0.837,23.315,12.207,-21.545,175.281,56.53,-179.83
-0.538,0.116,-0.868,27.954,-2.686,-16.174,176.968,56.53,-178.857
-0.656,0.036,-0.865,27.71,-9.033,-8.911,178.55,56.97,-178.352
-0.809,0.038,-0.901,26.001,-5.432,1.099,179.742,57.382,-178.297
-0.778,-0.037,-0.973,21.973,17.273,7.935,-179.258,57.096,-178.401
-0.472,-0.037,-0.915,19.226,36.133,19.592,-178.748,55.761,-179.039
-0.219,-0.086,-0.888,27.283,24.048,13.0,-178.061,54.24,179.956
-0.259,-0.178,-0.909,20.935,10.315,9.277,-176.88,53.421,179.143
-0.247,-0.104,-0.911,19.043,8.728,17.273,-176.237,52.707,177.698
-0.221,-0.156,-0.859,21.851,-0.916,16.724,-175.594,52.262,175.869
-0.235,-0.188,-0.77,17.517,-19.836,18.738,-175.001,52.394,173.941
-0.438,-0.262,-0.712,12.207,-38.269,14.893,-174.446,53.624,172.128
-0.605,-0.157,-0.707,6.104,-25.94,22.034,-174.37,55.096,170.414
-0.592,-0.191,-0.679,12.024,-20.691,22.644,-174.161,56.162,168.997
-0.678,-0.188,-0.704,9.949,-11.475,25.269,-174.018,57.25,167.805
-0.594,-0.17,-0.689,7.08,-2.686,26.55,-174.139,57.717,166.696
-0.613,-0.125,-0.726,-2.014,0.488,27.954,-174.705,58.079,165.443
-0.606,-0.103,-0.772,-3.479,2.075,19.531,-175.369,58.189,164.471
-0.651,-0.115,-0.873,-3.479,14.343,11.536,-175.902,57.969,163.757
-0.543,-0.185,-0.971,-4.944,23.071,-1.16,-175.913,56.882,163.636
-0.511,-0.159,-0.97,-21.79,1.953,5.127,-176.38,56.486,163.262
-0.609,-0.043,-0.986,-27.954,1.465,2.014,-177.671,56.53,162.488
-0.543,0.034,-0.939,-31.433,-8.423,-11.658,-178.748,56.574,162.449
-0.606,0.167,-0.904,-24.414,3.357,-43.579,-179.302,56.893,163.625
-0.49,0.125,-0.928,-26.855,19.897,-49.805,-178.786,56.371,166.564
-0.367,0.269,-0.947,-32.959,15.747,-18.799,-179.511,55.333,168.256
-0.399,0.202,-0.988,-14.893,11.658,-24.353,179.753,54.717,169.135
-0.305,0.166,-0.873,-8.362,-3.723,-18.921,179.55,54.305,169.964
-0.378,0.114,-0.737,-7.324,-22.522,-9.033,179.335,54.91,170.217
-0.463,0.126,-0.66,-9.827,-20.508,-5.859,178.83,55.898,170.074
-0.533,0.168,-0.648,-9.705,-8.728,-8.972,178.292,56.574,170.178
-0.51,0.152,-0.629,-3.357,-2.319,-14.954,178.099,56.827,170.782
-0.62,0.131,-0.685,0.122,-1.221,-19.287,178.341,57.107,171.854
-0.615,0.117,-0.732,5.249,6.287,-15.442,178.852,57.057,173.09
-0.65,0.105,-0.772,6.104,5.554,-5.615,179.253,57.036,173.881
-0.574,0.108,-0.757,7.69,8.484,-1.953,179.473,56.766,174.287
-0.551,0.104,-0.757,5.859,1.953,-3.967,179.775,56.739,174.743
-0.58,0.106,-0.819,11.108,3.723,-8.789,-179.797,56.766,175.276
-0.673,0.051,-0.81,13.245,-5.432,-12.268,-178.907,57.14,176.155
-0.757,0.0,-0.906,20.996,10.498,-19.104,-177.731,57.145,177.259
-0.547,-0.034,-0.886,10.071,15.808,-12.451,-176.484,56.387,178.572
-0.774,-0.018,-1.076,10.559,12.939,-10.193,-175.726,56.036,179.429
-0.513,-0.018,-1.02,15.198,24.658,4.883,-175.1,55.025,179.72
-0.346,-0.128,-0.875,27.893,9.277,8.118,-174.337,54.344,179.214
-0.363,-0.258,-0.793,26.062,5.676,6.409,-173.095,54.047,178.638
-0.319,-0.259,-0.837,13.855,23.804,14.465,-172.31,53.229,177.649
-0.252,-0.181,-0.884,5.005,27.405,21.301,-172.238,51.855,175.93
-0.145,-0.151,-0.866,7.202,16.113,16.479,-172.337,50.537,173.908
-0.256,-0.172,-0.823,5.798,-6.714,6.836,-172.211,50.12,172.26
-0.378,-0.191,-0.814,2.869,-5.859,0.244,-171.947,50.219,171.244
-0.397,-0.188,-0.811,-1.587,-1.587,-1.404,-171.738,50.142,170.596
-0.386,-0.164,-0.81,-3.662,-1.709,0.549,-171.738,50.054,170.008
-0.482,-0.176,-0.814,-4.395,-7.751,-4.578,-171.65,50.306,169.81
-0.488,-0.166,-0.795,-6.104,-1.831,-5.127,-171.628,50.444,169.937
-0.549,-0.18,-0.839,-9.094,6.592,-8.789,-171.667,50.394,170.359
-0.453,-0.189,-0.83,-13.55,12.024,-16.235,-171.777,49.894,171.233
-0.464,-0.209,-0.914,-17.761,12.817,-24.231,-171.876,49.367,172.557
-0.427,-0.116,-0.972,-17.578,2.258,-15.503,-172.343,48.719,173.436
-0.328,-0.097,-0.968,-10.498,2.686,4.456,-172.667,48.428,173.688
-0.396,-0.115,-0.927,-3.845,-8.606,3.235,-173.007,48.62,173.062
-0.503,-0.104,-0.959,-11.78,-3.113,-3.845,-173.232,48.961,172.881
-0.374,-0.073,-0.963,-15.442,11.353,-9.949,-173.661,48.658,173.123
-0.243,0.006,-0.935,-20.813,-1.709,-7.385,-174.315,48.263,173.425
-0.381,0.141,-0.943,-23.193,-16.052,7.324,-175.446,48.686,173.046
-0.439,0.191,-0.916,-12.39,-16.235,-0.854,-176.578,49.411,172.48
-0.461,0.129,-0.895,-2.869,-3.967,-15.442,-176.891,49.85,172.76
-0.413,0.057,-0.868,-2.136,2.075,-21.301,-176.737,49.818,173.677
-0.355,0.004,-0.792,-6.958,-0.916,-21.851,-176.616,49.702,174.749
-0.43,0.033,-0.741,-14.954,-7.019,-19.531,-176.874,49.955,175.721
-0.492,0.105,-0.818,-16.785,10.376,-14.526,-177.429,49.96,176.682
-0.361,0.075,-0.808,-3.052,3.906,-13.611,-177.698,49.543,177.435
-0.484,0.019,-0.82,1.831,-4.7,-16.113,-177.484,49.779,178.303
-0.526,0.008,-0.782,1.892,2.197,-12.024,-177.166,49.938,179.203
-0.536,0.001,-0.768,1.282,3.54,-12.207,-176.885,49.949,-179.857
-0.486,-0.019,-0.762,2.441,8.728,-14.648,-176.55,49.686,-178.786
-0.555,-0.004,-0.822,0.671,14.709,-11.292,-176.254,49.389,-177.693
-0.438,-0.018,-0.804,0.427,10.864,-6.226,-176.05,48.834,-176.814
-0.488,0.039,-0.876,-0.549,14.771,0.427,-176.133,48.554,-176.364
-0.514,0.047,-0.94,6.287,-0.671,3.357,-176.144,48.12,-176.254
-0.434,-0.064,-0.966,8.972,24.78,-1.953,-175.748,47.785,-175.979
-0.336,-0.105,-1.026,7.141,12.451,-0.549,-175.287,46.928,-175.693
-0.338,-0.064,-1.011,1.709,-1.16,9.827,-175.221,46.697,-176.012
-0.438,-0.021,-1.077,0.122,1.648,11.23,-175.386,46.725,-176.682
-0.511,-0.047,-1.143,3.113,4.578,9.155,-175.452,46.615,-177.297
-0.305,-0.063,-1.018,1.831,14.526,4.822,-175.468,46.066,-177.715
-0.189,-0.112,-0.954,4.517,11.108,0.366,-175.303,45.417,-178.033
-0.105,-0.094,-0.929,0.671,13.733,5.798,-175.221,44.626,-178.649
-0.056,-0.05,-0.967,-1.77,13.489,8.911,-175.386,43.748,-179.747
-0.028,0.007,-0.98,3.235,2.38,6.531,-175.556,43.006,178.973
-0.145,-0.073,-0.938,8.118,-11.78,-1.282,-175.265,43.033,178.077
-0.209,-0.077,-0.818,7.507,-18.127,-2.319,-174.919,43.429,177.325
-0.3,-0.085,-0.759,7.08,-15.137,-2.319,-174.507,44.061,176.83
-0.316,-0.098,-0.758,7.751,-4.761,-3.967,-174.089,44.346,176.523
-0.344,-0.156,-0.82,7.629,-1.77,-7.324,-173.474,44.401,176.605
-0.356,-0.183,-0.86,5.066,3.784,-10.62,-172.881,44.291,176.973
-0.382,-0.211,-0.881,0.977,-1.404,-14.893,-172.337,44.225,177.643
-0.318,-0.19,-0.849,-2.93,4.333,-16.174,-171.958,44.11,178.473
-0.352,-0.213,-0.854,-5.127,-4.089,-16.357,-171.634,44.11,179.335
-0.327,-0.161,-0.925,-9.399,9.277,-14.832,-171.634,43.973,-179.835
-0.232,-0.156,-0.937,-7.629,-0.854,-18.616,-171.595,43.605,-178.989
-0.364,-0.184,-0.954,-5.493,-12.878,-22.949,-171.365,43.989,-177.979
-0.445,-0.164,-0.954,-10.437,-9.949,-18.433,-171.271,44.401,-176.847
-0.368,-0.032,-0.883,-12.329,-5.615,-4.333,-171.661,44.736,-176.188
-0.374,-0.047,-0.865,0.122,-11.719,-10.193,-171.705,45.132,-175.655
-0.433,-0.085,-0.865,0.793,-1.16,-10.559,-171.425,45.544,-174.853
-0.337,-0.111,-0.884,0.183,-3.479,-9.277,-171.2,45.516,-174.161
-0.453,-0.067,-0.917,-5.31,6.042,1.892,-171.315,45.654,-173.82
-0.281,-0.041,-0.901,0.488,6.592,3.601,-171.573,45.176,-173.963
-0.341,-0.033,-0.934,0.183,10.193,3.967,-171.689,44.923,-174.133
-0.255,-0.063,-0.938,2.747,3.601,1.587,-171.711,44.445,-174.342
-0.397,-0.033,-0.963,-1.343,6.165,4.089,-171.815,44.467,-174.567
-0.163,-0.022,-0.897,5.493,10.254,-1.77,-171.87,43.835,-174.803
-0.221,-0.066,-0.893,3.052,-8.728,-2.197,-171.678,43.726,-174.93
-0.333,-0.061,-0.94,-0.549,-2.563,-4.395,-171.656,43.967,-174.996
-0.357,-0.027,-0.977,-2.441,-0.977,2.869,-171.771,43.973,-175.062
-0.297,0.012,-0.962,4.272,0.0,10.925,-172.002,43.967,-175.616
-0.305,-0.044,-0.934,9.277,-7.446,5.188,-171.843,44.187,-176.122
-0.31,-0.095,-0.87,6.287,-13.062,2.319,-171.573,44.659,-176.38
-0.438,-0.077,-0.917,2.502,-10.864,3.296,-171.513,45.258,-176.567
-0.411,-0.08,-0.927,2.747,0.305,7.996,-171.552,45.45,-176.852
-0.332,-0.087,-0.926,2.136,3.235,8.423,-171.628,45.374,-177.303
-0.315,-0.088,-0.912,2.869,-2.38,8.789,-171.656,45.423,-177.715
-0.327,-0.076,-0.895,6.042,-1.648,14.282,-171.7,45.604,-178.418
-0.332,-0.121,-0.872,8.484,-7.324,11.475,-171.502,45.873,-179.077
-0.364,-0.103,-0.911,5.737,3.113,20.264,-171.568,46.022,179.923
-0.312,-0.088,-0.899,4.578,0.0,19.653,-171.727,45.989,178.786
-0.344,-0.085,-0.886,5.981,-7.202,19.47,-171.821,46.208,177.687
-0.443,-0.092,-0.9,6.958,-5.554,13.123,-171.832,46.642,176.737
-0.43,-0.107,-0.9,7.996,3.357,6.836,-171.628,46.741,176.292
-0.394,-0.137,-0.882,7.812,5.859,0.549,-171.299,46.577,176.133
-0.345,-0.159,-0.876,6.287,6.531,-0.305,-170.931,46.307,176.171
-0.375,-0.16,-0.909,3.113,6.287,-0.305,-170.645,46.022,176.21
-0.33,-0.167,-0.899,2.319,4.517,1.099,-170.453,45.753,176.193
-0.391,-0.138,-0.907,1.221,-0.366,4.089,-170.398,45.775,176.023
-0.346,-0.143,-0.882,0.488,2.625,2.075,-170.354,45.725,175.842
-0.37,-0.141,-0.898,-1.587,2.747,0.916,-170.332,45.665,175.792
-0.35,-0.126,-0.898,0.183,0.305,0.0,-170.349,45.588,175.721
-0.368,-0.135,-0.898,1.038,2.319,1.404,-170.255,45.555,175.71
-0.362,-0.132,-0.909,1.343,2.258,3.845,-170.233,45.478,175.496
-0.345,-0.123,-0.913,1.526,2.014,4.944,-170.228,45.385,175.204
-0.343,-0.13,-0.908,0.366,-2.258,4.333,-170.195,45.396,174.93
-0.36,-0.129,-0.896,1.282,-2.441,1.282,-170.167,45.527,174.76
-0.368,-0.126,-0.894,0.977,-3.052,1.709,-170.123,45.676,174.655
-0.367,-0.127,-0.893,0.916,-0.671,0.122,-170.063,45.78,174.595
-0.39,-0.145,-0.901,-0.732,-2.502,-0.366,-169.997,45.895,174.622
-0.367,-0.125,-0.893,-1.892,1.221,-0.244,-170.041,45.928,174.683
-0.367,-0.124,-0.888,-1.404,-0.427,-0.793,-170.085,45.939,174.754
-0.375,-0.124,-0.907,0.488,0.671,-0.549,-170.079,45.972,174.803
-0.361,-0.12,-0.9,-0.854,-0.244,0.916,-170.096,45.983,174.754
-0.366,-0.124,-0.896,-0.061,-1.282,-0.427,-170.079,46.038,174.776
-0.366,-0.126,-0.902,-0.122,-1.282,-1.465,-170.057,46.099,174.809
-0.366,-0.122,-0.894,-0.183,-1.587,-2.075,-170.024,46.165,174.908
-0.378,-0.136,-0.898,-0.488,-2.075,-1.892,-169.964,46.258,175.051
-0.383,-0.12,-0.894,-2.502,-0.977,-0.732,-170.024,46.351,175.117
-0.365,-0.101,-0.896,-0.793,0.671,0.0,-170.079,46.346,175.193
-0.383,-0.129,-0.894,0.61,-0.916,-0.305,-170.035,46.384,175.237
-0.365,-0.112,-0.904,-0.671,4.15,0.305,-170.09,46.324,175.182
-0.363,-0.111,-0.897,-0.366,-3.784,-0.488,-170.09,46.318,175.226
-0.381,-0.119,-0.899,0.122,0.793,1.404,-170.085,46.401,175.21
-0.365,-0.109,-0.892,0.366,-0.916,1.648,-170.118,46.412,175.106
-0.381,-0.114,-0.888,0.793,0.061,1.77,-170.123,46.478,175.018
-0.386,-0.112,-0.894,0.183,1.77,1.648,-170.134,46.467,174.946
-0.366,-0.103,-0.895,2.625,2.747,0.244,-170.129,46.368,174.875
-0.391,-0.118,-0.902,0.977,0.549,2.197,-170.057,46.329,174.842
-0.36,-0.116,-0.881,3.418,4.15,2.014,-169.986,46.214,174.798
-0.396,-0.136,-0.902,2.686,4.211,3.784,-169.887,46.099,174.688
-0.345,-0.138,-0.899,0.977,7.874,5.859,-169.915,45.791,174.424
-0.361,-0.127,-0.904,-0.61,5.554,5.981,-170.035,45.566,174.084
-0.354,-0.118,-0.91,-0.488,7.019,6.653,-170.173,45.313,173.743
-0.317,-0.111,-0.906,0.183,5.127,7.385,-170.316,45.049,173.293
-0.353,-0.117,-0.921,1.343,4.028,6.409,-170.387,44.929,172.848
-0.32,-0.11,-0.916,0.977,4.272,6.226,-170.475,44.753,172.386
-0.31,-0.111,-0.905,1.343,0.305,5.371,-170.519,44.67,171.974
-0.342,-0.108,-0.912,0.427,-0.122,6.409,-170.574,44.714,171.562
-0.338,-0.102,-0.909,1.648,1.526,4.333,-170.629,44.692,171.178
-0.343,-0.111,-0.908,1.709,0.061,4.089,-170.618,44.676,170.887
-0.344,-0.115,-0.911,1.16,2.319,2.808,-170.601,44.643,170.645
