-0.239,-0.07,-0.946,1.465,4.944,-5.005,-172.936,37.507,124.656
-0.191,-0.073,-0.952,2.747,4.822,-2.38,-172.809,37.227,124.59
-0.216,-0.085,-0.954,0.854,1.038,-3.296,-172.667,37.117,124.568
-0.185,-0.074,-0.949,1.892,1.16,-2.014,-172.59,37.018,124.464
-0.227,-0.085,-0.947,2.686,-1.343,-2.808,-172.441,37.057,124.426
-0.221,-0.088,-0.941,2.808,0.366,-1.831,-172.304,37.046,124.332
-0.225,-0.106,-0.955,1.831,2.563,-1.099,-172.156,36.974,124.217
-0.206,-0.101,-0.945,0.549,0.916,-0.977,-172.095,36.887,124.052
-0.211,-0.089,-0.95,-0.366,1.465,-0.061,-172.095,36.843,123.882
-0.21,-0.095,-0.958,1.892,0.122,0.61,-172.035,36.804,123.668
-0.195,-0.11,-0.954,1.465,0.916,0.488,-171.936,36.777,123.448
-0.215,-0.096,-0.954,0.793,-1.526,1.587,-171.903,36.815,123.19
-0.197,-0.095,-0.953,0.549,0.244,2.747,-171.876,36.826,122.877
-0.202,-0.096,-0.947,1.16,-2.625,0.122,-171.848,36.881,122.613
-0.226,-0.089,-0.946,-0.732,-1.099,0.305,-171.837,36.985,122.421
-0.216,-0.091,-0.938,0.549,-1.099,-1.038,-171.826,37.018,122.283
-0.22,-0.095,-0.945,0.183,0.122,0.122,-171.804,37.057,122.135
-0.228,-0.095,-0.946,-0.122,-0.732,0.61,-171.799,37.084,121.976
-0.214,-0.092,-0.944,0.0,0.732,0.916,-171.815,37.057,121.783
-0.239,-0.093,-0.945,-0.061,0.0,1.892,-171.821,37.084,121.591
-0.208,-0.091,-0.942,0.244,2.869,0.427,-171.837,36.991,121.421
-0.215,-0.087,-0.953,0.0,0.854,0.183,-171.837,36.936,121.317
-0.214,-0.091,-0.949,1.465,0.488,-0.427,-171.799,36.909,121.223
-0.223,-0.093,-0.946,0.183,1.038,-1.221,-171.76,36.887,121.19
-0.21,-0.078,-0.942,2.258,0.854,0.671,-171.705,36.837,121.113
-0.226,-0.095,-0.937,3.113,1.282,0.61,-171.579,36.821,120.965
-0.217,-0.098,-0.946,3.418,3.113,0.305,-171.442,36.727,120.811
-0.198,-0.119,-0.943,2.197,3.723,-0.793,-171.288,36.568,120.707
-0.182,-0.101,-0.958,1.526,3.418,0.671,-171.233,36.392,120.531
-0.204,-0.112,-0.949,0.732,0.061,2.38,-171.178,36.332,120.306
-0.191,-0.097,-0.949,0.916,1.892,-0.061,-171.161,36.277,120.086
-0.199,-0.103,-0.948,1.526,1.831,-1.648,-171.101,36.194,119.993
-0.196,-0.125,-0.956,1.709,3.174,-3.052,-170.986,36.063,119.987
-0.176,-0.125,-0.949,1.099,0.427,-1.831,-170.903,35.931,119.976
-0.205,-0.119,-0.957,-0.549,0.977,0.61,-170.881,35.92,119.855
-0.191,-0.117,-0.953,2.136,-0.732,-1.587,-170.815,35.892,119.751
-0.191,-0.131,-0.959,0.0,2.197,1.282,-170.755,35.865,119.57
-0.168,-0.123,-0.948,-0.122,-1.221,-2.197,-170.728,35.81,119.487
-0.197,-0.127,-0.948,-0.244,-0.793,-0.732,-170.711,35.859,119.41
-0.198,-0.114,-0.949,-1.587,-0.122,0.671,-170.75,35.876,119.284
-0.19,-0.111,-0.951,-0.061,-0.061,-1.831,-170.766,35.876,119.202
-0.182,-0.12,-0.954,-0.305,0.671,-2.563,-170.739,35.832,119.224
-0.171,-0.124,-0.955,0.305,-0.61,-2.441,-170.711,35.777,119.235
-0.192,-0.134,-0.96,-0.732,-0.977,-3.418,-170.678,35.799,119.218
-0.186,-0.12,-0.95,-2.808,-1.587,-3.296,-170.706,35.81,119.262
-0.181,-0.125,-0.938,-2.808,-1.16,-3.906,-170.777,35.832,119.295
-0.198,-0.098,-0.948,-2.502,-0.977,-3.113,-170.881,35.87,119.333
-0.192,-0.114,-0.943,-0.854,-1.099,-3.235,-170.892,35.881,119.394
-0.207,-0.097,-0.948,1.465,-0.061,-0.854,-170.876,35.909,119.427
-0.197,-0.122,-0.944,0.793,-0.122,-0.488,-170.799,35.909,119.399
-0.205,-0.121,-0.944,0.0,1.343,-0.854,-170.771,35.903,119.377
-0.182,-0.121,-0.948,0.061,1.16,-2.075,-170.755,35.804,119.383
-0.198,-0.125,-0.953,-1.343,0.61,-1.16,-170.755,35.777,119.416
-0.181,-0.119,-0.954,-1.648,0.977,-0.793,-170.821,35.722,119.361
-0.193,-0.107,-0.951,-1.892,-0.549,-0.061,-170.892,35.728,119.317
-0.191,-0.115,-0.954,-1.404,-0.671,-1.404,-170.947,35.744,119.273
-0.217,-0.102,-0.949,-1.465,-1.282,0.305,-171.019,35.821,119.224
-0.195,-0.099,-0.946,-0.61,0.671,0.671,-171.057,35.81,119.163
-0.203,-0.098,-0.949,0.0,1.343,0.793,-171.085,35.793,119.097
-0.181,-0.099,-0.955,-1.16,0.977,-0.244,-171.129,35.728,119.07
-0.191,-0.094,-0.947,-1.648,-1.221,-0.366,-171.189,35.744,119.103
-0.203,-0.089,-0.955,-0.549,0.122,-1.038,-171.26,35.793,119.13
-0.187,-0.079,-0.948,-0.305,-1.16,-2.563,-171.293,35.793,119.24
-0.189,-0.093,-0.96,1.282,-0.732,-3.967,-171.249,35.821,119.432
-0.201,-0.095,-0.948,0.366,-1.77,-4.883,-171.183,35.876,119.674
-0.206,-0.112,-0.94,-1.587,0.366,-11.414,-171.145,35.865,120.048
-0.203,-0.125,-0.922,-6.165,-2.991,-20.081,-171.178,35.832,120.861
-0.229,-0.117,-0.958,-10.498,5.432,-19.043,-171.398,35.75,121.855
-0.119,-0.092,-0.979,-7.263,6.836,-11.963,-171.672,35.31,122.569
-0.11,-0.077,-0.977,-3.357,-1.038,-0.183,-171.887,35.162,122.712
-0.129,-0.083,-0.968,0.0,-4.272,-2.686,-171.925,35.244,122.75
-0.173,-0.091,-0.947,4.272,-9.277,-3.296,-171.777,35.519,122.904
-0.23,-0.122,-0.949,2.502,-8.301,-5.188,-171.541,35.903,123.179
-0.22,-0.127,-0.938,-0.549,-6.592,-8.789,-171.431,36.178,123.563
-0.23,-0.106,-0.94,-3.54,-2.625,-9.399,-171.431,36.354,124.135
-0.227,-0.116,-0.949,-4.761,-2.197,-12.512,-171.491,36.431,124.772
-0.188,-0.105,-0.943,-3.601,-1.282,-9.033,-171.568,36.425,125.403
-0.234,-0.099,-0.952,-4.456,-4.395,-4.456,-171.678,36.617,125.815
-0.209,-0.085,-0.934,-1.892,-3.357,-1.709,-171.788,36.744,126.096
-0.242,-0.088,-0.943,-1.099,-1.099,-0.549,-171.854,36.898,126.26
-0.222,-0.081,-0.952,-1.282,1.77,0.244,-171.903,36.887,126.414
-0.209,-0.075,-0.959,-1.343,0.61,1.709,-171.98,36.859,126.519
-0.193,-0.068,-0.936,1.099,-2.808,-1.709,-172.029,36.887,126.612
-0.255,-0.102,-0.944,1.465,-1.16,-1.16,-171.903,37.035,126.887
-0.224,-0.105,-0.949,2.197,3.174,-0.671,-171.815,36.98,127.035
-0.198,-0.093,-0.948,1.587,1.892,6.165,-171.777,36.881,126.985
-0.201,-0.107,-0.951,0.549,1.709,5.249,-171.766,36.832,126.777
-0.218,-0.1,-0.958,-1.465,0.122,3.235,-171.843,36.821,126.584
-0.212,-0.068,-0.952,-2.197,-0.427,3.845,-171.98,36.821,126.48
-0.231,-0.061,-0.944,0.793,-0.916,3.052,-172.062,36.909,126.376
-0.224,-0.081,-0.941,1.831,-1.16,-1.343,-172.007,36.964,126.48
-0.235,-0.094,-0.946,0.305,1.221,-5.249,-171.942,36.964,126.777
-0.207,-0.102,-0.95,-0.916,0.977,-7.812,-171.898,36.876,127.211
-0.204,-0.092,-0.95,-3.967,-0.793,-5.615,-171.969,36.843,127.606
-0.195,-0.076,-0.955,-4.211,0.427,-6.226,-172.106,36.815,128.002
-0.2,-0.091,-0.954,-1.465,-2.991,-5.737,-172.178,36.843,128.392
-0.202,-0.074,-0.956,-1.892,0.122,-1.648,-172.227,36.881,128.661
-0.179,-0.075,-0.954,-0.061,-1.343,0.122,-172.271,36.865,128.727
-0.212,-0.078,-0.953,-1.831,-3.723,-1.709,-172.315,36.985,128.798
-0.209,-0.059,-0.944,-2.686,-3.174,-6.653,-172.397,37.101,129.089
-0.238,-0.067,-0.945,-0.488,-4.822,-9.216,-172.408,37.266,129.567
-0.229,-0.058,-0.942,-0.244,-2.808,-6.409,-172.37,37.397,130.084
-0.214,-0.074,-0.945,2.38,-1.343,-6.287,-172.244,37.447,130.534
-0.227,-0.083,-0.954,0.793,-1.892,-7.751,-172.117,37.518,131.001
-0.214,-0.085,-0.948,-0.366,-1.282,-11.23,-172.024,37.518,131.6
-0.233,-0.085,-0.95,-2.197,0.0,-12.085,-171.974,37.507,132.314
-0.2,-0.077,-0.935,-0.854,-0.854,-11.963,-171.942,37.441,132.99
-0.236,-0.096,-0.942,-0.977,-1.831,-13.306,-171.848,37.48,133.737
-0.231,-0.098,-0.943,-0.671,0.732,-13.184,-171.749,37.425,134.539
-0.221,-0.102,-0.948,0.0,0.488,-7.935,-171.65,37.354,135.214
-0.199,-0.116,-0.947,0.793,0.977,-8.606,-171.519,37.26,135.758
-0.205,-0.105,-0.947,0.305,-1.709,-7.568,-171.42,37.233,136.236
-0.214,-0.104,-0.95,-1.648,-2.258,-5.554,-171.337,37.293,136.692
-0.23,-0.094,-0.942,1.038,-4.089,-8.057,-171.288,37.419,137.12
-0.213,-0.084,-0.94,1.709,-1.953,-6.042,-171.156,37.496,137.62
-0.242,-0.107,-0.956,1.099,-1.16,-7.874,-170.986,37.562,138.142
-0.195,-0.073,-0.958,3.723,-2.747,-10.559,-170.837,37.551,138.741
-0.229,-0.124,-0.945,6.47,-4.517,-4.7,-170.453,37.689,139.312
-0.229,-0.141,-0.938,5.005,-5.432,-5.554,-170.134,37.892,139.686
-0.256,-0.138,-0.93,-0.122,-5.31,-5.737,-169.98,38.128,140.098
-0.27,-0.088,-0.929,1.221,-3.662,-8.789,-169.882,38.309,140.68
-0.227,-0.124,-0.93,2.869,4.761,-4.395,-169.689,38.216,141.136
-0.189,-0.103,-0.927,3.052,-2.319,-8.545,-169.508,38.112,141.625
-0.21,-0.133,-0.906,2.625,-2.808,-12.939,-169.266,38.194,142.289
-0.239,-0.152,-0.942,3.845,-2.197,-19.592,-168.898,38.156,143.322
-0.184,-0.192,-0.963,-1.953,0.427,-23.01,-168.585,37.963,144.514
-0.213,-0.196,-0.99,-0.916,-11.719,-31.982,-168.371,38.095,145.937
-0.192,-0.234,-0.915,-5.798,-19.47,-41.87,-167.992,38.474,148.019
-0.313,-0.233,-0.868,-9.399,-25.208,-45.166,-167.717,39.21,150.392
-0.385,-0.205,-0.87,-11.414,-12.756,-50.476,-167.487,39.798,153.144
-0.311,-0.244,-0.889,-7.69,-7.568,-67.505,-167.075,39.781,156.528
-0.274,-0.343,-0.951,-17.151,-8.972,-82.397,-166.492,39.611,160.856
-0.181,-0.314,-0.955,-31.738,-24.719,-82.336,-166.426,39.6,165.515
-0.346,-0.248,-0.931,-37.903,-35.522,-86.182,-166.783,40.435,170.37
-0.288,-0.19,-0.881,-37.048,-25.94,-95.764,-167.13,41.045,175.737
-0.372,-0.25,-0.897,-36.316,-33.386,-112.671,-167.102,41.677,-177.99
-0.474,-0.207,-0.99,-46.875,-19.409,-116.089,-167.25,41.962,-171.118
-0.245,-0.186,-0.919,-49.622,-15.686,-115.112,-167.761,41.803,-164.344
-0.303,-0.126,-0.934,-54.016,-25.391,-109.253,-168.508,42.061,-157.83
-0.279,-0.043,-0.889,-52.979,-25.085,-107.483,-169.42,42.479,-151.617
-0.369,-0.046,-0.877,-48.767,-23.621,-118.774,-169.991,43.006,-145.135
-0.282,-0.074,-0.832,-49.744,-18.005,-132.385,-170.299,43.154,-138.054
-0.391,-0.063,-0.854,-58.167,-15.015,-136.78,-170.722,43.33,-130.54
-0.316,0.001,-0.903,-57.19,-3.418,-139.16,-171.453,42.918,-123.129
-0.361,0.009,-0.925,-56.641,-3.601,-137.451,-172.084,42.55,-115.714
-0.29,-0.006,-0.929,-47.974,-2.563,-134.521,-172.634,42.105,-108.561
-0.329,-0.053,-0.923,-36.926,-5.493,-123.474,-172.837,41.913,-101.739
-0.305,-0.088,-0.917,-22.827,-12.634,-91.187,-172.722,41.885,-96.097
-0.411,-0.133,-0.917,-20.02,-15.625,-67.993,-172.507,42.363,-91.912
-0.367,-0.092,-0.861,-21.362,-13.428,-56.335,-172.513,42.863,-88.522
-0.499,-0.113,-0.916,-23.621,-13.367,-60.852,-172.579,43.495,-85.353
-0.421,0.0,-0.901,-29.419,-2.563,-56.58,-172.919,43.676,-82.156
-0.439,-0.047,-0.908,-26.611,-4.822,-58.96,-173.271,43.863,-79.173
-0.412,-0.002,-0.884,-33.081,2.93,-62.195,-173.749,43.813,-75.981
-0.422,-0.009,-0.892,-35.217,5.798,-66.223,-174.37,43.572,-72.746
-0.33,0.06,-0.896,-32.41,-0.244,-63.66,-174.974,43.401,-69.406
-0.393,0.063,-0.897,-19.348,-13.306,-50.11,-175.347,43.923,-66.764
-0.425,0.03,-0.926,-10.437,-6.592,-43.152,-175.292,44.407,-64.55
-0.398,0.003,-0.965,-6.592,2.441,-27.1,-175.193,44.572,-63.1
-0.194,-0.073,-0.911,0.732,-7.629,-26.489,-174.924,44.478,-61.946
-0.343,-0.102,-0.906,-1.953,-19.714,-18.982,-174.556,45.242,-60.853
-0.415,-0.091,-0.933,-0.854,-9.705,-11.719,-174.282,45.934,-60.04
-0.361,-0.078,-0.953,0.0,5.737,-7.385,-174.133,45.972,-59.678
-0.269,-0.113,-0.921,1.526,-4.089,-11.475,-173.864,45.797,-59.238
-0.37,-0.114,-0.875,-3.113,-14.648,-14.221,-173.6,46.219,-58.552
-0.443,-0.127,-0.835,-4.333,-11.963,-17.151,-173.353,46.835,-57.667
-0.502,-0.148,-0.862,-10.193,-1.831,-23.438,-173.21,47.192,-56.646
-0.422,-0.112,-0.843,-17.334,0.366,-24.597,-173.287,47.131,-55.371
-0.445,-0.087,-0.835,-14.221,-4.944,-19.958,-173.48,47.318,-54.24
-0.453,-0.077,-0.804,-10.986,-7.629,-14.832,-173.666,47.719,-53.487
-0.462,-0.096,-0.786,-8.179,-7.935,-18.188,-173.639,48.192,-52.663
-0.487,-0.115,-0.817,-6.531,-5.066,-17.7,-173.513,48.598,-51.823
-0.479,-0.171,-0.85,-5.676,-3.052,-22.827,-173.232,48.851,-50.839
-0.433,-0.236,-0.862,-8.972,-12.329,-25.757,-172.853,49.268,-49.499
-0.547,-0.217,-0.977,-17.395,-5.127,-12.024,-172.842,49.889,-48.433
-0.485,-0.066,-1.115,-22.949,-13.428,-1.099,-173.677,50.224,-48.323
-0.649,0.015,-1.263,-18.433,-3.418,-18.677,-174.391,50.839,-47.873
-0.52,0.045,-1.173,-17.517,-5.127,-18.066,-174.688,50.966,-46.912
-0.339,0.12,-0.968,-19.653,-2.869,-6.409,-175.347,51.075,-46.494
-0.42,0.201,-0.916,-14.404,-1.77,-1.343,-176.347,51.257,-46.697
-0.285,0.156,-0.826,-6.714,15.32,-0.183,-176.968,50.702,-46.994
-0.219,0.148,-0.748,-4.395,6.836,8.118,-177.638,50.01,-47.681
-0.242,0.174,-0.691,0.366,-3.784,13.428,-178.33,49.812,-48.752
-0.252,0.087,-0.707,9.277,-6.287,4.211,-178.594,49.883,-49.763
-0.354,0.045,-0.743,3.479,-12.329,1.221,-178.555,50.251,-50.246
-0.376,0.041,-0.765,-0.122,-12.695,-1.221,-178.698,50.724,-50.62
-0.453,0.073,-0.796,-5.798,-8.85,-0.488,-178.995,51.257,-50.845
-0.399,0.079,-0.774,-6.409,-11.292,-1.587,-179.407,51.691,-51.119
-0.448,0.091,-0.8,-8.423,-5.981,-3.967,-179.813,52.13,-51.257
-0.321,0.109,-0.745,-8.728,-2.319,-1.221,179.687,52.295,-51.449
-0.568,0.173,-0.896,-13.367,-20.752,6.165,178.868,53.031,-51.998
-0.369,0.215,-0.818,-7.812,1.282,3.479,178.028,53.163,-52.707
-0.606,0.183,-0.993,0.183,-27.71,-6.958,177.638,54.19,-53.119
-0.717,0.111,-1.118,3.906,-8.057,-17.334,177.946,55.036,-52.811
-0.682,0.086,-1.118,1.16,-19.348,-13.55,178.462,55.657,-52.213
-0.889,0.09,-1.158,-3.235,-17.029,-0.977,178.517,56.739,-52.158
-0.756,0.12,-1.052,-4.211,3.845,8.24,178.088,57.068,-52.701
-0.319,0.048,-0.75,4.578,13.489,8.484,177.764,56.58,-53.438
-0.232,-0.082,-0.672,10.132,-18.188,0.427,178.022,56.464,-53.849
-0.495,-0.135,-0.704,6.531,-7.141,-0.732,178.61,57.228,-53.745
-0.33,-0.086,-0.616,4.395,-4.333,8.545,178.912,57.2,-53.844
-0.473,-0.043,-0.62,0.854,-8.606,21.301,178.808,57.502,-54.553
-0.487,0.01,-0.601,1.038,-7.507,22.827,178.314,57.755,-55.811
-0.634,0.044,-0.682,-0.122,-9.155,18.127,177.814,58.26,-57.008
-0.646,0.036,-0.734,0.183,-1.77,9.155,177.534,58.546,-57.81
-0.64,0.055,-0.767,-2.502,10.62,4.578,177.325,58.436,-58.26
-0.529,-0.006,-0.764,1.709,3.906,-3.784,177.539,58.173,-58.189
-0.56,-0.004,-0.781,-1.892,-0.793,1.221,177.616,58.25,-58.178
-0.531,-0.058,-0.781,-0.549,-2.38,-3.418,177.775,58.425,-58.096
-0.598,-0.077,-0.887,-4.883,-4.578,-1.343,177.962,58.623,-57.805
-0.593,-0.109,-0.858,-10.62,-12.329,-4.028,177.929,59.068,-57.53
-0.734,-0.052,-0.936,-14.404,-12.878,-5.31,177.572,59.821,-57.233
-0.8,0.032,-1.019,-26.367,-9.277,-6.897,177.144,60.441,-56.646
-0.715,0.184,-1.044,-28.32,14.526,-10.498,176.182,60.436,-56.151
-0.354,0.257,-0.966,-34.851,23.315,-19.165,175.391,59.343,-55.096
-0.46,0.341,-0.875,-28.687,1.526,-26.978,174.54,58.914,-53.767
-0.515,0.252,-0.753,-18.86,-2.38,-32.288,174.232,58.986,-52.295
-0.552,0.186,-0.649,-19.836,12.756,-28.809,174.139,58.969,-50.806
-0.387,0.196,-0.584,-16.724,12.939,-25.33,173.974,58.354,-49.515
-0.467,0.166,-0.597,-12.024,0.854,-15.381,173.694,58.288,-48.84
-0.516,0.156,-0.615,-13.062,3.052,-10.437,173.298,58.326,-48.565
-0.576,0.19,-0.694,-10.742,2.686,-8.118,172.859,58.37,-48.45
-0.644,0.197,-0.741,-4.272,2.075,-4.333,172.59,58.392,-48.505
-0.649,0.182,-0.713,2.319,6.165,-0.305,172.474,58.381,-48.829
-0.633,0.159,-0.689,6.348,5.066,3.235,172.667,58.288,-49.186
-0.568,0.173,-0.646,9.277,4.944,12.024,172.65,58.134,-50.109
-0.665,0.207,-0.8,5.859,6.226,13.794,172.634,58.068,-51.103
-0.497,0.295,-0.912,8.911,4.211,11.23,172.485,57.519,-52.141
-0.775,0.354,-1.093,16.907,-22.217,4.211,172.634,58.282,-53.075
-0.67,0.217,-1.08,23.315,-5.371,-13.245,173.551,58.777,-53.344
-0.74,0.075,-1.073,21.973,-9.827,-17.578,175.089,59.381,-52.635
-0.431,0.002,-0.864,12.817,14.465,8.972,176.034,59.227,-52.493
-0.4,-0.052,-0.855,18.127,8.667,10.62,176.396,58.497,-53.185
-0.325,-0.071,-0.84,14.709,18.433,11.902,177.05,57.552,-53.553
-0.306,-0.091,-0.752,8.362,-0.427,13.245,177.473,56.805,-53.948
-0.474,-0.028,-0.591,1.526,-7.874,14.709,177.429,56.942,-54.454
-0.625,-0.021,-0.546,2.319,-0.671,4.883,177.396,57.09,-54.871
-0.665,-0.041,-0.555,0.305,23.01,-5.005,177.803,56.596,-54.569
-0.584,-0.054,-0.719,-3.601,30.212,1.465,178.077,55.475,-54.278
-0.496,-0.021,-0.82,-7.324,20.691,8.911,177.819,54.443,-54.542
-0.395,-0.047,-0.762,-6.47,5.127,-3.479,177.665,54.042,-54.547
-0.523,-0.109,-0.86,-8.118,-9.338,-17.7,177.891,54.481,-53.729
-0.459,-0.14,-0.95,-17.517,10.437,-22.156,178.127,54.52,-52.295
-0.473,-0.088,-1.068,-26.855,-21.301,-41.565,178.237,54.965,-50.219
-0.693,0.125,-1.177,-57.129,-18.005,-42.358,177.654,56.085,-47.571
-0.659,0.383,-1.055,-72.815,-16.418,-56.458,175.842,57.244,-44.868
-0.541,0.513,-0.883,-65.002,-5.493,-66.406,174.326,58.063,-41.44
-0.627,0.502,-0.838,-40.649,-2.563,-64.331,173.48,58.733,-38.243
-0.569,0.408,-0.738,-27.588,15.808,-52.124,173.43,58.865,-35.568
-0.488,0.324,-0.645,-13.855,19.836,-41.199,173.6,58.359,-33.69
-0.408,0.24,-0.557,-9.399,20.325,-22.705,173.727,57.722,-32.772
-0.349,0.212,-0.532,-4.578,13.733,-14.771,173.54,57.096,-32.745
-0.44,0.111,-0.579,-3.723,-0.793,-17.334,173.595,57.145,-32.728
-0.578,0.144,-0.685,-6.958,1.526,-18.494,173.491,57.409,-32.679
-0.629,0.117,-0.755,-7.324,7.507,-21.179,173.837,57.48,-32.036
-0.547,0.166,-0.742,-3.662,8.545,-12.146,173.897,57.305,-31.838
-0.588,0.17,-0.767,2.502,1.038,-7.751,174.194,57.343,-31.849
-0.548,0.179,-0.746,9.399,-0.732,0.061,174.485,57.469,-32.377
-0.699,0.146,-0.81,16.785,-5.981,1.77,174.985,57.914,-33.212
-0.652,0.15,-0.881,15.869,1.587,4.883,175.638,57.986,-34.003
-0.774,0.146,-0.965,15.686,-14.221,9.827,176.039,58.568,-35.145
-0.875,0.185,-1.075,9.705,-5.737,18.433,176.072,59.172,-36.617
-0.604,0.161,-1.024,11.963,33.081,16.357,175.902,58.453,-38.221
-0.134,0.101,-0.902,23.01,19.287,7.812,176.314,56.86,-39.26
-0.381,-0.103,-0.898,19.897,2.075,-6.958,177.534,56.536,-39.424
-0.26,-0.031,-0.833,5.92,20.081,9.155,178.187,55.635,-39.424
-0.192,-0.019,-0.729,3.235,4.395,13.916,178.154,54.63,-40.089
-0.312,-0.026,-0.687,2.563,-8.179,8.667,178.143,54.437,-40.583
-0.473,-0.04,-0.697,0.183,-11.78,5.737,178.138,54.728,-40.968
-0.541,-0.025,-0.747,-1.831,-0.488,5.005,178.116,54.871,-41.298
-0.559,-0.04,-0.782,-1.16,0.0,4.333,178.127,54.849,-41.66
-0.567,0.001,-0.832,-7.08,6.226,15.198,177.775,54.712,-42.424
-0.411,0.009,-0.794,-4.089,4.089,11.719,177.314,54.388,-43.358
-0.49,0.004,-0.836,-4.456,-10.925,11.23,176.929,54.701,-44.203
-0.414,-0.015,-0.833,-6.958,-11.169,8.24,176.517,55.096,-44.923
-0.547,-0.007,-0.915,-8.301,-16.479,0.488,176.127,55.893,-45.341
-0.626,-0.046,-0.947,-5.249,-28.564,-15.93,176.226,57.036,-45.022
-0.827,0.027,-1.146,-16.357,-16.357,-7.996,176.303,58.233,-44.407
-0.75,0.226,-1.118,-22.034,2.686,-3.418,175.6,58.634,-44.253
-0.341,0.329,-0.89,-15.076,16.235,-11.169,174.946,58.024,-44.011
-0.486,0.361,-0.844,-13.0,-22.217,-9.521,174.545,58.14,-43.643
-0.599,0.291,-0.694,-8.484,1.648,-18.555,174.144,58.777,-43.286
-0.451,0.237,-0.602,-3.906,9.033,-21.973,174.254,58.475,-42.226
-0.398,0.141,-0.524,0.671,5.92,-16.052,174.562,58.244,-41.281
-0.441,0.103,-0.549,2.136,0.0,-10.559,174.814,58.189,-40.699
-0.54,0.096,-0.629,0.916,1.892,-2.747,174.886,58.288,-40.573
-0.628,0.109,-0.744,2.625,4.883,0.549,174.886,58.277,-40.737
-0.597,0.09,-0.779,2.625,5.981,1.709,174.968,58.085,-40.974
-0.597,0.114,-0.759,1.648,2.38,5.798,174.902,58.002,-41.407
-0.607,0.12,-0.758,2.441,2.197,8.972,174.743,58.013,-42.072
-0.524,0.159,-0.73,3.174,-2.441,12.878,174.479,58.002,-42.951
-0.646,0.192,-0.812,7.263,-4.028,12.207,174.298,58.326,-43.907
-0.515,0.278,-0.9,12.268,-7.812,10.193,174.183,58.442,-44.918
-0.804,0.227,-0.971,19.531,-51.453,-0.916,174.82,60.079,-45.412
-1.002,0.209,-1.076,29.175,-12.634,4.028,175.479,61.727,-46.099
-0.898,0.07,-1.024,27.771,5.371,7.69,176.638,62.023,-46.571
-0.338,0.036,-0.765,25.269,32.41,26.123,177.242,60.875,-47.714
-0.451,-0.04,-0.863,33.569,9.277,14.648,177.907,59.875,-49.197
-0.288,-0.056,-0.733,24.109,20.874,26.184,178.808,58.771,-50.405
-0.395,-0.072,-0.694,18.066,2.563,29.114,178.995,58.024,-52.328
-0.343,-0.043,-0.641,13.245,4.272,16.785,179.149,57.568,-53.871
-0.458,-0.055,-0.639,10.925,-14.832,9.46,179.55,57.673,-54.767
-0.667,-0.072,-0.677,6.348,-6.287,9.583,179.824,58.255,-55.508
-0.613,-0.07,-0.707,3.235,1.709,9.705,179.923,58.293,-56.25
-0.618,-0.068,-0.738,-1.465,2.686,13.0,179.808,58.315,-57.074
-0.585,-0.038,-0.744,-2.747,5.493,15.625,179.363,58.195,-58.162
-0.531,-0.079,-0.791,-1.587,7.935,12.146,179.143,57.903,-59.03
-0.529,-0.075,-0.915,-5.493,7.751,17.7,178.665,57.535,-60.106
-0.561,-0.076,-0.958,-7.385,-5.737,10.376,178.11,57.53,-61.122
-0.628,0.026,-1.073,-14.954,-8.423,14.465,177.407,57.744,-61.952
-0.74,0.184,-1.135,-15.442,-2.747,7.568,176.364,58.057,-62.913
-0.452,0.244,-0.941,-14.832,15.686,-5.798,175.721,57.656,-62.979
-0.344,0.307,-0.869,-20.02,-7.324,-6.836,175.062,57.112,-62.661
-0.544,0.298,-0.788,-15.93,-4.822,-19.531,174.331,57.568,-62.15
-0.49,0.249,-0.688,-9.949,9.583,-25.085,174.293,57.409,-60.793
-0.425,0.188,-0.584,-3.235,6.165,-17.395,174.402,57.09,-59.612
-0.47,0.158,-0.561,-1.831,6.897,-12.756,174.523,56.915,-58.788
-0.502,0.136,-0.607,-0.488,12.695,-11.414,174.622,56.591,-58.129
-0.532,0.116,-0.656,-2.747,7.69,-11.963,174.776,56.294,-57.426
-0.58,0.099,-0.735,-5.249,15.137,-15.198,174.875,55.997,-56.635
-0.54,0.158,-0.776,-10.986,13.611,-11.108,174.792,55.563,-55.827
-0.5,0.145,-0.808,-7.202,11.719,-14.099,174.743,55.113,-55.042
-0.487,0.196,-0.845,-7.874,9.766,-9.521,174.584,54.811,-54.404
-0.489,0.199,-0.857,-5.188,-11.414,-10.132,174.474,54.976,-53.915
-0.621,0.261,-0.961,-1.038,-15.869,-7.812,174.331,55.728,-53.63
-0.576,0.217,-1.047,5.371,-29.541,-12.085,174.584,56.854,-53.284
-1.016,0.214,-1.167,5.371,-41.077,-10.01,174.897,58.98,-53.015
-0.59,0.119,-0.879,8.118,9.338,-3.601,175.303,59.299,-52.795
-0.363,0.026,-0.8,17.395,6.714,-7.446,176.023,58.777,-52.515
-0.518,-0.11,-0.802,15.564,19.043,-4.7,177.325,58.398,-51.943
-0.258,-0.044,-0.718,4.761,27.527,24.841,177.539,56.843,-52.581
-0.307,-0.044,-0.705,3.296,8.972,21.729,177.231,55.794,-53.992
-0.353,0.031,-0.653,3.723,-4.944,23.682,176.913,55.41,-55.305
-0.502,0.026,-0.687,8.606,-10.986,31.677,176.561,55.635,-57.025
-0.569,0.06,-0.72,14.16,-7.507,35.461,176.182,55.876,-59.15
-0.625,0.023,-0.743,18.127,-1.709,34.302,176.1,56.025,-61.254
-0.559,0.033,-0.771,16.479,5.859,33.813,176.028,55.756,-63.314
-0.514,0.008,-0.77,15.198,6.348,27.954,176.094,55.481,-65.083
-0.521,0.02,-0.817,13.184,1.404,24.17,176.133,55.261,-66.654
-0.513,-0.019,-0.896,11.353,8.362,19.226,176.325,54.97,-67.89
-0.509,-0.036,-0.979,5.92,-2.136,15.564,176.391,54.728,-68.967
-0.537,-0.022,-1.043,-1.343,-16.235,8.789,176.375,55.179,-69.697
-0.675,0.091,-1.128,-1.221,-13.0,4.211,176.094,55.86,-70.334
-0.698,0.061,-1.122,-3.662,-4.761,-20.203,176.567,56.349,-69.813
-0.423,0.131,-0.924,-15.686,23.56,-10.864,176.792,55.92,-68.769
-0.32,0.304,-0.828,-24.048,-3.906,2.38,175.792,55.201,-68.67
-0.442,0.284,-0.725,-14.282,-8.423,-15.198,174.935,55.536,-68.423
-0.412,0.287,-0.625,-6.287,-1.038,-18.677,174.666,55.728,-67.505
-0.358,0.179,-0.538,3.662,-6.653,-22.583,174.974,55.948,-66.385
-0.517,0.116,-0.572,5.615,-4.578,-22.827,175.589,56.426,-65.149
-0.599,0.11,-0.635,0.488,12.634,-14.465,176.089,56.431,-64.072
-0.631,0.109,-0.735,3.113,25.452,-13.672,176.446,55.772,-63.188
-0.552,0.07,-0.803,2.869,26.794,-11.169,176.918,54.673,-62.287
-0.482,0.057,-0.803,-0.916,22.644,-5.432,177.155,53.712,-61.573
-0.479,0.086,-0.796,-7.263,5.249,0.793,176.979,53.251,-61.205
-0.512,0.165,-0.809,-6.836,10.01,0.61,176.523,53.053,-61.007
-0.464,0.235,-0.895,-1.648,12.329,5.859,176.149,52.537,-60.919
-0.445,0.212,-0.941,8.911,-2.991,4.822,176.127,52.361,-60.996
-0.641,0.234,-1.141,11.169,-5.066,3.235,176.248,52.685,-61.1
-0.486,0.139,-1.148,19.653,4.333,-9.033,177.094,52.427,-60.529
-0.654,-0.021,-1.15,14.587,-13.184,-0.61,178.055,52.888,-59.848
-0.401,-0.076,-0.95,0.61,7.263,26.855,178.132,52.877,-60.106
-0.353,-0.012,-0.874,0.244,11.292,33.203,177.336,52.438,-61.331
-0.135,0.007,-0.743,2.625,12.146,28.687,176.786,51.394,-62.369
-0.198,-0.015,-0.641,4.883,-5.066,13.55,176.655,50.999,-62.792
-0.345,-0.027,-0.625,1.77,-10.071,5.981,176.847,51.196,-62.529
-0.443,0.009,-0.704,-1.648,-5.554,5.981,176.858,51.504,-62.216
-0.497,0.034,-0.789,-2.563,-6.165,4.456,176.797,51.729,-61.886
-0.599,0.043,-0.868,-0.61,1.648,-0.183,176.77,51.96,-61.479
-0.497,0.035,-0.846,-1.099,10.681,-3.662,176.918,51.68,-60.776
-0.463,0.018,-0.828,0.244,2.808,-6.47,177.138,51.526,-59.947
-0.425,-0.011,-0.76,-0.854,-0.427,-8.911,177.429,51.614,-58.991
-0.486,-0.038,-0.792,-5.981,-7.69,-12.817,177.66,52.037,-57.849
-0.51,-0.068,-0.878,-14.893,2.991,-18.738,177.66,52.361,-56.442
-0.346,-0.084,-0.969,-25.208,-11.78,-38.513,177.539,52.614,-54.278
-0.471,0.008,-1.113,-50.903,-15.869,-43.335,177.001,53.674,-51.147
-0.507,0.148,-1.099,-41.321,-36.255,-50.537,176.105,54.965,-48.049
-0.958,0.228,-1.149,-36.133,-7.385,-67.688,175.968,56.613,-44.225
-0.479,0.303,-0.813,-28.32,24.414,-80.383,176.803,56.332,-39.172
-0.6,0.226,-0.789,-19.714,3.906,-93.933,178.154,55.986,-33.442
-0.583,0.065,-0.75,-39.429,38.757,-93.201,179.39,55.322,-27.361
-0.289,0.158,-0.664,-44.861,28.931,-83.862,179.55,53.751,-21.577
-0.311,0.089,-0.61,-36.133,4.456,-68.787,179.434,53.212,-16.65
-0.383,0.096,-0.602,-30.09,-2.441,-52.979,179.198,53.372,-12.706
-0.483,0.07,-0.657,-18.738,-1.953,-41.565,179.121,53.657,-9.525
-0.596,0.029,-0.744,-12.634,2.441,-31.372,179.203,53.904,-7.234
-0.645,0.007,-0.828,-15.991,12.329,-26.917,179.264,53.773,-5.422
-0.569,0.05,-0.829,-20.569,25.513,-22.705,179.006,53.004,-3.79
-0.418,0.08,-0.791,-13.855,14.648,-18.311,178.671,52.229,-2.488
-0.509,0.023,-0.765,-9.033,-1.892,-16.785,178.671,52.278,-1.236
-0.56,0.026,-0.737,-8.301,-4.028,-19.043,178.676,52.652,-0.093
-0.693,0.069,-0.803,-12.268,4.211,-20.447,178.682,52.976,1.121
-0.68,0.134,-0.938,-7.507,9.399,-22.949,178.775,52.855,2.444
-0.778,0.124,-1.182,-3.784,15.625,-29.907,179.198,52.537,3.994
-0.782,0.062,-1.299,-17.822,47.058,-36.255,179.654,51.454,6.059
-0.174,0.213,-1.033,-31.982,57.068,-38.025,179.187,49.005,8.284
0.06,0.269,-0.949,-20.508,22.4,-55.42,178.654,46.994,11.118
-0.129,0.228,-0.93,-29.053,15.076,-45.105,178.506,46.225,14.535
-0.008,0.256,-0.803,-21.851,0.671,-49.011,177.88,45.582,17.463
-0.146,0.101,-0.736,-20.508,-14.343,-69.519,177.847,45.829,21.275
-0.266,0.019,-0.742,-23.743,-14.954,-65.369,177.902,46.505,25.373
-0.28,-0.109,-0.74,-26.367,-14.587,-60.73,177.984,47.148,29.207
-0.411,-0.14,-0.749,-41.016,-24.109,-63.66,177.594,48.246,32.613
-0.523,-0.06,-0.763,-51.697,-13.428,-83.862,177.094,49.444,36.788
-0.538,0.005,-0.769,-59.082,-2.747,-82.336,176.534,50.295,41.44
-0.483,0.041,-0.795,-50.232,5.981,-80.811,176.039,50.713,45.961
-0.343,0.005,-0.822,-39.734,9.155,-72.937,175.897,50.784,50.169
-0.391,-0.088,-0.879,-41.138,6.47,-78.491,176.05,50.933,54.492
-0.396,-0.156,-0.938,-58.167,0.977,-84.961,175.941,51.158,59.288
-0.455,0.086,-0.964,-64.087,-0.671,-66.711,174.869,51.619,63.517
-0.505,0.278,-0.994,-26.917,-3.784,-33.569,174.051,52.081,66.456
-0.516,0.265,-0.959,7.568,-11.169,-13.245,174.238,52.509,67.983
-0.465,0.29,-0.8,6.042,-16.296,-2.136,174.655,53.135,68.659
-0.474,0.226,-0.68,8.911,-25.574,-21.423,175.078,54.174,69.626
-0.645,0.142,-0.675,-1.343,-33.325,-30.823,175.787,55.833,71.537
-0.783,0.137,-0.694,-9.766,-12.573,-35.522,176.199,57.327,73.828
-0.669,0.197,-0.676,-8.24,4.272,-25.879,176.451,57.799,76.113
-0.652,0.109,-0.696,0.916,-1.221,-20.996,176.803,58.008,78.008
-0.621,0.068,-0.629,-2.563,-1.038,-10.62,177.111,58.359,79.442
-0.706,0.058,-0.641,-4.7,-9.399,-10.071,177.017,59.008,80.338
-0.712,0.109,-0.606,-16.541,3.418,-4.761,176.583,59.464,81.178
-0.693,0.211,-0.637,-9.094,12.939,-3.601,175.902,59.348,81.881
-0.647,0.273,-0.698,5.005,10.925,4.456,175.589,59.024,82.348
-0.651,0.233,-0.809,31.982,5.737,-2.747,176.358,58.859,82.93
-0.702,0.117,-0.872,50.842,-13.428,4.028,178.231,59.304,83.337
-0.838,0.015,-0.923,58.472,-5.127,13.123,-179.577,60.046,83.062
-0.642,-0.013,-0.873,56.274,0.793,28.87,-177.775,60.178,81.832
-0.404,-0.072,-0.821,53.406,1.526,28.198,-176.32,59.963,80.041
-0.53,-0.189,-0.831,43.945,5.066,18.921,-174.589,59.936,78.772
-0.5,-0.188,-0.834,25.513,13.0,23.438,-173.633,59.458,77.3
-0.383,-0.144,-0.752,12.39,10.01,18.555,-173.32,58.81,75.85
-0.442,-0.088,-0.744,3.967,-4.333,14.465,-173.397,58.656,74.658
-0.482,-0.094,-0.739,0.61,-2.441,4.272,-173.513,58.733,73.916
-0.5,-0.088,-0.737,-7.69,-4.333,-5.554,-173.524,58.788,73.856
-0.504,-0.122,-0.763,-7.324,-4.7,-11.536,-173.463,58.898,74.224
-0.513,-0.098,-0.814,-10.864,-2.136,-10.681,-173.403,59.002,74.784
-0.487,-0.118,-0.824,-4.517,-16.846,-10.315,-173.293,59.315,75.245
-0.612,-0.116,-0.79,4.089,-36.987,-7.568,-172.815,60.645,75.767
-0.782,-0.229,-0.792,5.066,-38.574,-9.949,-171.87,62.545,76.388
-0.934,-0.222,-0.819,-1.465,-25.452,-20.325,-171.046,64.078,77.261
-0.867,-0.244,-0.792,-20.935,-16.724,-24.902,-170.316,64.819,78.673
-0.671,-0.093,-0.69,-38.574,9.521,-19.043,-170.777,64.781,79.821
-0.501,0.056,-0.646,-50.964,17.761,-22.827,-172.183,64.001,80.793
-0.463,0.18,-0.667,-54.81,-7.996,-41.565,-173.502,63.671,82.897
-0.836,0.188,-0.784,-53.467,-2.686,-57.312,-174.26,64.215,86.385
-0.678,0.195,-0.794,-50.232,24.536,-60.12,-174.847,63.463,90.308
-0.584,0.114,-0.775,-49.194,18.494,-67.627,-175.078,62.298,94.702
-0.523,0.142,-0.712,-51.453,5.188,-57.373,-175.638,61.573,98.926
-0.613,0.122,-0.672,-47.729,-6.287,-55.603,-176.32,61.633,102.87
-0.561,0.175,-0.617,-44.006,-5.798,-46.692,-176.962,61.87,106.611
-0.625,0.227,-0.67,-37.659,-5.371,-41.016,-177.781,62.254,109.814
-0.602,0.275,-0.717,-33.325,2.502,-40.588,-178.352,62.276,112.961
-0.899,0.196,-0.964,-15.991,-6.287,-59.631,-178.209,62.452,116.603
-0.733,-0.105,-0.958,-11.353,15.93,-55.237,-176.649,62.238,121.13
-0.393,-0.186,-0.875,-19.104,18.799,-34.302,-176.1,61.276,124.146
-0.491,-0.081,-0.855,-27.832,-13.245,-24.475,-176.292,61.089,126.255
-0.696,0.029,-0.82,-25.085,9.705,-15.32,-176.902,61.161,127.782
-0.571,0.006,-0.767,-20.508,17.822,-16.602,-177.308,60.271,129.271
-0.486,0.022,-0.722,-20.203,15.747,-16.357,-177.781,59.403,130.743
-0.593,-0.037,-0.747,-19.958,12.024,-23.071,-178.011,58.854,132.517
-0.534,0.013,-0.775,-24.536,19.104,-17.334,-178.423,58.046,134.352
-0.529,0.008,-0.778,-19.531,15.503,-17.639,-178.951,57.332,135.934
-0.481,0.015,-0.777,-13.489,13.367,-19.714,-179.171,56.678,137.598
-0.529,-0.061,-0.824,-5.005,11.475,-22.522,-178.808,56.245,139.493
-0.498,-0.086,-0.868,-2.136,15.808,-4.822,-178.539,55.569,140.828
-0.432,-0.259,-0.981,-5.066,9.949,-7.263,-178.275,54.943,141.614
-0.556,-0.186,-1.129,-22.644,-13.428,-8.301,-178.539,54.888,142.366
-0.803,-0.09,-1.315,-43.579,9.277,-14.404,-179.418,55.151,143.366
-0.362,0.249,-1.083,-52.124,22.217,-17.395,178.83,54.223,144.728
-0.166,0.445,-0.865,-42.847,-13.794,-12.634,177.056,53.91,145.931
-0.501,0.5,-0.804,-23.01,-21.545,-2.319,175.353,54.97,146.212
-0.405,0.358,-0.739,-7.568,11.78,-15.015,174.754,54.838,147.025
-0.255,0.261,-0.667,-1.953,4.333,-20.447,174.743,54.283,148.392
-0.412,0.171,-0.664,-0.61,-9.583,-24.902,174.941,54.531,149.843
-0.458,0.158,-0.637,-4.944,-11.658,-19.775,175.084,55.058,151.32
-0.559,0.147,-0.668,-1.221,-10.864,-20.874,175.182,55.734,152.699
-0.565,0.106,-0.72,-1.16,1.648,-19.775,175.545,56.096,154.341
-0.548,0.121,-0.777,-0.122,-0.977,-14.526,175.869,56.212,155.819
-0.554,0.121,-0.809,1.221,1.16,-11.841,176.177,56.431,157.039
-0.454,0.16,-0.776,0.183,-5.615,-10.437,176.402,56.569,158.077
-0.606,0.164,-0.892,1.587,-8.911,-10.681,176.622,57.178,158.994
-0.509,0.205,-0.92,4.517,-13.367,-3.662,176.814,57.448,159.703
-0.66,0.127,-0.935,8.667,-30.151,-3.967,177.193,58.716,160.126
-0.957,0.18,-1.111,14.771,-19.653,6.287,177.385,60.046,160.137
-0.768,0.043,-1.024,25.513,-2.441,8.484,178.044,60.436,159.988
-0.466,-0.02,-0.792,25.208,0.0,28.503,178.594,60.469,159.241
-0.377,-0.103,-0.739,29.236,-12.817,26.55,178.874,60.546,157.621
-0.535,-0.141,-0.754,25.391,3.357,17.029,179.72,60.754,156.698
-0.36,-0.152,-0.749,17.517,14.282,21.24,-179.758,59.947,155.698
-0.363,-0.149,-0.691,10.559,-7.629,17.883,-179.473,59.689,154.633
-0.481,-0.101,-0.629,5.737,-24.353,22.461,-179.517,60.386,153.386
-0.682,-0.063,-0.647,5.615,-25.818,27.283,-179.901,61.633,151.897
-0.666,-0.047,-0.655,6.897,-7.568,28.931,179.583,62.281,150.436
-0.667,-0.066,-0.677,5.737,-3.296,26.184,179.105,62.617,149.128
-0.627,-0.033,-0.68,4.395,-5.92,18.433,178.632,62.897,148.096
-0.689,0.076,-0.761,13.062,-3.418,-1.343,178.83,63.292,147.892
-0.618,-0.113,-0.799,19.47,16.418,-0.671,-179.951,63.067,148.535
-0.489,-0.164,-0.851,8.484,3.601,6.409,-179.236,62.441,148.535
-0.675,-0.131,-0.873,1.953,-15.747,3.174,-178.929,62.996,148.293
-0.838,-0.019,-1.012,-4.883,-14.648,2.502,-178.978,63.594,148.035
-0.935,0.027,-1.067,-6.836,1.892,-12.268,-178.813,64.017,148.497
-0.679,0.094,-0.909,-14.16,21.362,-17.7,-178.577,63.435,149.689
-0.444,0.198,-0.845,-27.649,15.503,-9.705,-179.083,62.298,150.661
-0.46,0.25,-0.734,-25.696,-1.648,-18.066,179.918,62.128,151.436
-0.516,0.242,-0.681,-24.109,-5.188,-31.372,179.489,62.271,153.034
-0.536,0.25,-0.594,-19.348,3.784,-42.297,179.495,62.353,155.33
-0.495,0.203,-0.53,-13.672,10.376,-53.589,-179.802,62.007,158.434
-0.514,0.095,-0.531,-5.493,5.31,-55.664,-178.572,61.732,161.949
-0.669,0.012,-0.632,-4.15,-2.014,-46.265,-177.297,61.87,165.19
-0.698,-0.042,-0.691,-2.869,12.695,-35.217,-176.182,61.672,167.937
-0.673,-0.008,-0.761,-3.784,13.489,-20.508,-175.616,61.161,169.854
-0.557,-0.055,-0.718,-4.639,3.54,-14.648,-175.177,60.875,171.26
-0.634,0.026,-0.804,-6.653,-1.16,-6.104,-175.226,61.029,172.139
-0.526,0.033,-0.807,-1.099,-2.625,-2.747,-175.27,61.106,172.656
-0.745,0.081,-0.921,5.493,-12.146,7.568,-175.446,61.771,172.601
-0.716,0.084,-1.02,13.489,-13.855,10.742,-175.589,62.139,172.002
-0.967,-0.074,-1.136,22.644,-2.014,5.615,-175.018,62.699,171.623
-0.645,-0.203,-0.979,21.545,12.878,12.756,-174.26,62.325,171.244
-0.288,-0.259,-0.763,9.155,6.104,42.786,-174.496,61.699,169.481
-0.471,-0.223,-0.718,4.517,-6.47,30.884,-175.424,61.941,167.042
-0.381,-0.147,-0.65,-1.831,9.766,42.114,-176.468,61.545,164.652
-0.347,-0.11,-0.614,-5.859,-0.183,50.049,-178.132,61.089,161.477
-0.41,-0.047,-0.608,-8.972,-13.855,47.485,-179.945,61.227,158.269
-0.506,-0.008,-0.648,-10.376,-32.349,41.931,178.176,62.183,155.281
-0.644,-0.044,-0.686,-11.414,-44.189,39.917,176.287,63.902,152.512
-0.875,0.058,-0.736,-15.564,-26.489,49.5,173.754,65.506,149.431
-0.683,0.107,-0.633,-8.484,-8.301,60.364,170.914,65.687,145.865
-0.69,0.21,-0.651,0.305,-4.211,49.561,168.398,65.561,142.377
-0.67,0.214,-0.682,14.648,-2.197,28.137,167.245,65.347,140.114
-0.767,0.171,-0.753,13.855,6.409,22.705,167.108,65.127,138.829
-0.574,0.145,-0.792,8.789,9.216,17.334,167.036,64.303,137.851
-0.693,0.193,-0.807,5.066,-11.353,0.244,167.064,64.468,137.302
-0.818,0.187,-0.844,9.644,-11.353,-9.705,167.585,65.083,137.439
-0.885,0.159,-0.846,9.094,-1.343,-14.832,168.536,65.627,138.142
-0.726,0.144,-0.836,7.446,4.822,-26.978,169.948,65.682,139.658
-0.667,0.181,-0.784,0.061,8.362,-29.663,171.447,65.775,141.652
-0.553,0.235,-0.76,-8.911,12.451,-26.367,172.535,65.418,143.712
-0.603,0.293,-0.768,-13.306,19.348,-19.592,172.727,64.819,145.162
-0.585,0.293,-0.751,-12.207,20.874,-27.527,173.046,63.907,146.915
-0.532,0.281,-0.7,-7.996,22.217,-25.574,173.436,62.996,148.738
-0.456,0.229,-0.602,1.648,13.55,-25.391,174.1,62.265,150.463
-0.42,0.182,-0.527,6.775,-0.854,-19.104,174.864,62.089,151.826
-0.586,0.156,-0.564,14.038,-6.165,-13.0,175.594,62.496,152.732
-0.651,0.12,-0.618,14.099,-2.136,-10.986,176.429,62.754,153.567
-0.693,0.082,-0.71,14.404,14.038,-10.01,177.319,62.65,154.49
-0.653,0.107,-0.732,8.972,12.085,-7.568,178.077,62.117,155.374
-0.58,0.125,-0.767,7.385,16.785,-3.113,178.599,61.529,156.061
-0.587,0.184,-0.86,10.254,18.616,3.052,178.808,60.771,156.259
-0.492,0.151,-0.84,16.724,-6.042,3.723,179.203,60.293,156.143
-0.875,0.11,-1.013,18.738,-23.376,1.892,179.753,61.122,155.929
-0.811,0.021,-1.042,26.306,12.878,8.24,-179.478,61.375,155.715
-0.653,-0.059,-1.001,29.358,7.08,19.409,-178.693,60.881,154.99
-0.338,-0.133,-0.81,28.809,8.423,31.86,-178.187,60.37,153.386
-0.498,-0.183,-0.771,25.94,-9.521,21.973,-177.753,60.513,151.507
-0.57,-0.22,-0.754,15.686,25.818,21.484,-177.231,59.859,150.073
-0.319,-0.192,-0.719,2.869,28.625,20.203,-177.347,58.211,148.447
-0.366,-0.133,-0.702,-8.423,10.193,14.404,-177.682,57.244,147.107
-0.412,-0.021,-0.708,-9.094,-4.7,12.756,-178.363,57.008,145.811
-0.556,-0.02,-0.713,-5.066,-8.728,7.324,-178.731,57.332,144.97
-0.622,-0.01,-0.719,-2.197,0.0,3.906,-178.879,57.552,144.58
-0.544,-0.072,-0.703,-0.916,-2.258,0.732,-178.813,57.651,144.547
-0.684,-0.021,-0.764,-6.165,-1.099,3.662,-179.017,58.035,144.547
-0.614,-0.035,-0.745,-3.052,7.202,1.343,-179.193,58.024,144.69
-0.502,-0.049,-0.709,-3.174,3.296,1.038,-179.253,57.854,144.959
-0.624,-0.062,-0.772,-5.31,6.775,-1.404,-179.313,57.947,145.256
-0.556,-0.072,-0.809,-8.057,-3.845,-5.188,-179.374,57.739,145.706
-0.599,-0.123,-0.896,-12.207,-0.549,-11.292,-179.374,58.057,146.448
-0.632,-0.101,-0.974,-19.104,-5.066,-6.47,-179.577,58.321,147.162
-0.569,-0.003,-1.022,-23.926,-4.456,-2.319,179.659,58.442,147.387
-0.921,0.118,-1.197,-18.738,-10.559,-16.479,179.061,59.008,147.98
-0.5,0.136,-0.992,-13.855,25.146,-26.672,179.225,58.376,149.645
-0.304,0.25,-0.892,-20.996,-4.883,-13.977,179.022,57.667,151.002
-0.546,0.292,-0.793,-8.667,-10.925,-14.954,178.423,58.282,151.606
-0.509,0.162,-0.717,0.671,10.132,-29.053,178.967,58.09,153.248
-0.318,0.098,-0.566,1.465,5.859,-22.095,179.588,57.607,154.924
-0.435,0.036,-0.584,-2.136,-7.08,-19.653,-179.989,57.75,156.286
-0.486,0.024,-0.623,-5.127,3.479,-20.02,-179.764,57.81,157.709
-0.586,0.026,-0.721,-13.123,-1.038,-18.127,-179.659,57.859,159.307
-0.607,0.05,-0.759,-16.052,6.47,-12.024,-179.962,57.854,160.724
-0.609,0.104,-0.778,-14.038,5.188,-4.456,179.456,57.689,161.735
-0.572,0.126,-0.766,-8.667,5.493,0.854,178.841,57.568,162.296
-0.552,0.116,-0.746,-1.282,-6.226,-2.808,178.539,57.601,162.839
-0.65,0.116,-0.8,0.549,-2.136,0.732,178.44,58.046,163.367
-0.535,0.225,-0.771,13.245,-2.441,5.92,178.462,58.134,163.696
-0.665,0.023,-0.858,13.733,-15.137,2.869,178.901,58.744,163.685
-0.637,0.068,-0.896,-8.057,-4.028,-7.019,178.885,59.293,164.191
-0.612,0.134,-0.959,-10.742,-4.211,-13.245,178.687,59.54,165.284
-0.816,0.169,-1.11,-6.47,-15.503,-7.507,178.495,60.117,166.185
-0.894,0.135,-1.131,3.418,8.301,3.784,178.401,60.304,166.586
-0.293,0.054,-0.744,12.451,21.79,12.268,178.44,59.227,166.421
-0.365,-0.032,-0.704,21.729,-26.184,-0.549,179.061,59.442,166.234
-0.595,-0.082,-0.73,18.616,11.658,6.897,-179.912,59.832,166.41
-0.28,-0.095,-0.668,15.015,15.747,12.085,-179.374,58.733,166.097
-0.434,-0.078,-0.682,4.15,-6.47,10.01,-179.165,58.59,165.674
-0.525,-0.06,-0.67,1.343,-6.775,9.46,-179.116,58.821,165.487
-0.645,-0.034,-0.73,-0.122,-2.502,10.498,-179.313,59.161,165.306
-0.603,-0.01,-0.728,4.15,4.578,12.817,-179.467,59.084,165.223
-0.596,-0.055,-0.741,7.08,1.953,11.353,-179.445,59.068,165.157
-0.61,-0.024,-0.76,6.287,2.319,15.076,-179.495,59.101,165.037
-0.544,-0.023,-0.728,6.836,0.244,18.799,-179.637,59.101,164.652
-0.599,-0.03,-0.804,7.141,1.709,15.686,-179.786,59.156,164.185
-0.562,-0.053,-0.869,5.432,11.719,12.634,-179.813,58.881,163.938
-0.516,-0.097,-0.886,3.906,-6.714,-0.488,-179.676,58.744,163.982
-0.609,-0.096,-0.936,-7.446,-17.212,0.854,-179.555,59.348,164.377
-0.906,-0.04,-1.115,-10.62,-9.888,2.258,-179.945,60.156,164.542
-0.767,0.081,-1.123,-10.681,14.221,-3.052,179.583,59.897,164.971
-0.396,0.097,-0.877,-2.991,18.799,-23.682,-179.978,58.969,166.366
-0.419,0.184,-0.803,-17.151,-12.085,-4.822,-179.951,58.738,167.47
-0.548,0.21,-0.733,-11.719,4.028,-7.385,179.22,59.019,167.668
-0.379,0.183,-0.617,-12.817,6.47,-20.386,179.05,58.513,168.876
-0.386,0.144,-0.579,-9.338,-3.479,-22.949,178.951,58.513,170.233
-0.498,0.108,-0.633,-6.226,-2.869,-23.682,179.127,58.81,171.81
-0.513,0.077,-0.654,-4.639,-5.127,-17.212,179.341,58.964,173.243
-0.623,0.073,-0.722,-3.845,-5.981,-14.709,179.423,59.37,174.474
-0.699,0.091,-0.766,-5.432,-0.488,-9.888,179.495,59.645,175.666
-0.6,0.081,-0.733,-4.7,9.949,-6.287,179.456,59.491,176.671
-0.608,0.153,-0.772,-5.31,-0.61,-2.075,179.099,59.376,177.314
-0.547,0.163,-0.813,-3.418,10.01,-0.061,178.863,59.26,177.847
-0.552,0.232,-0.972,3.845,-1.038,2.258,178.572,58.832,178.006
-0.514,0.146,-0.891,12.451,-7.446,-2.258,178.879,59.156,178.16
-0.722,0.123,-1.066,18.372,-19.531,4.7,179.313,59.843,177.979
-0.857,0.015,-1.133,21.851,-14.465,6.287,179.962,60.595,177.649
-0.709,-0.098,-1.008,17.09,-0.916,16.846,-179.506,60.798,177.188
-0.358,-0.083,-0.671,4.517,-9.583,31.006,-179.989,60.881,175.787
-0.647,-0.021,-0.701,9.949,-12.085,16.663,179.495,61.672,174.523
-0.45,-0.069,-0.643,17.883,27.71,15.564,179.923,60.809,174.128
-0.393,-0.089,-0.632,15.869,14.282,19.836,-179.692,59.722,173.447
-0.456,-0.089,-0.623,10.132,2.197,17.029,-179.467,59.392,172.744
-0.555,-0.021,-0.638,3.357,-1.953,17.822,-179.572,59.442,172.2
-0.637,-0.015,-0.707,5.859,-0.244,11.902,-179.725,59.612,171.914
-0.681,-0.021,-0.738,6.226,7.385,6.348,-179.604,59.606,172.156
-0.604,-0.055,-0.766,6.165,15.137,5.615,-179.385,59.15,172.617
-0.567,-0.032,-0.755,1.709,7.69,8.057,-179.33,58.777,173.018
-0.542,-0.014,-0.758,2.563,5.31,11.536,-179.456,58.579,173.09
-0.582,-0.024,-0.831,5.371,4.639,10.193,-179.533,58.464,172.963
-0.51,-0.063,-0.809,3.845,7.385,5.188,-179.423,58.233,172.936
-0.585,-0.088,-0.868,-2.502,-5.981,-0.122,-179.335,58.244,173.128
-0.54,-0.105,-0.863,-9.949,-7.385,-2.93,-179.379,58.519,173.617
-0.594,-0.093,-0.937,-15.503,-13.977,-2.075,-179.808,59.095,173.925
-0.624,-0.067,-1.022,-17.456,-20.325,-1.587,179.643,59.826,174.172
-0.802,-0.003,-1.104,-20.325,-24.353,-1.648,179.006,61.007,174.287
-0.568,0.143,-0.979,-18.066,-12.329,-10.315,178.319,61.705,174.606
-0.47,0.214,-0.837,-15.381,-25.085,-3.235,177.979,62.38,175.056
-0.814,0.262,-0.813,-15.015,-7.69,12.268,176.528,63.243,174.073
-0.544,0.198,-0.623,-10.498,26.062,-21.24,176.133,62.397,174.655
-0.459,0.142,-0.529,-9.827,35.156,-31.921,176.583,61.04,176.688
-0.357,0.133,-0.531,-11.658,40.344,-37.476,177.193,59.326,179.275
-0.369,0.152,-0.624,-8.484,15.198,-30.945,177.693,58.096,-178.358
-0.499,0.071,-0.709,-3.418,1.221,-25.452,178.138,57.87,-176.583
-0.681,0.093,-0.803,-8.057,1.77,-14.954,178.308,58.063,-175.21
-0.611,0.115,-0.796,-2.686,15.259,-9.338,178.281,57.689,-174.139
-0.556,0.118,-0.788,-0.244,12.268,-0.488,178.281,57.134,-173.419
-0.504,0.087,-0.739,4.089,1.526,-2.93,178.275,56.821,-173.035
-0.55,0.104,-0.75,1.587,-2.563,0.0,178.374,57.025,-172.628
-0.571,0.128,-0.837,3.296,-6.104,-0.61,178.325,57.288,-172.458
-0.518,0.228,-0.973,-0.61,8.423,5.676,178.165,57.222,-172.375
-0.537,0.223,-0.994,5.676,-29.785,4.944,177.913,57.81,-172.853
-0.864,0.198,-1.136,11.475,-18.555,-0.305,177.891,59.046,-173.32
-0.771,0.034,-1.092,20.691,-6.409,-7.874,178.874,59.464,-172.908
-0.505,-0.085,-0.839,22.034,9.399,2.441,179.918,59.365,-172.683
-0.346,-0.154,-0.691,19.348,-8.911,3.723,-179.193,59.161,-172.842
-0.422,-0.163,-0.634,17.761,-4.272,0.0,-178.055,59.551,-172.595
-0.484,-0.185,-0.616,7.69,-0.366,15.991,-177.402,59.579,-172.755
-0.51,-0.122,-0.64,-3.357,20.386,11.719,-177.61,59.139,-173.057
-0.521,-0.07,-0.652,-9.827,10.864,3.052,-177.874,58.37,-172.601
-0.681,-0.029,-0.739,-10.559,13.794,0.0,-178.231,58.024,-171.815
-0.544,-0.037,-0.723,-5.92,27.405,-4.517,-178.412,57.074,-170.788
-0.469,-0.066,-0.809,-6.836,13.306,-4.456,-178.434,56.266,-169.684
-0.437,-0.045,-0.772,-8.057,-4.944,0.122,-178.61,56.124,-168.964
-0.569,-0.056,-0.793,-5.615,-7.629,0.0,-178.819,56.646,-168.536
-0.555,-0.083,-0.874,-5.554,4.211,-0.183,-178.912,56.728,-168.014
-0.527,-0.097,-0.969,-10.376,2.808,-0.122,-179.182,56.431,-167.668
-0.692,-0.088,-1.127,-14.954,-1.953,-19.287,-179.236,56.624,-166.646
-0.937,0.042,-1.362,-26.672,12.451,-30.579,-179.368,56.497,-164.817
-0.354,0.09,-1.049,-35.461,44.434,-56.458,-179.33,54.822,-161.79
-0.226,0.285,-0.911,-47.424,-5.493,-44.983,-180.0,53.828,-158.972
-0.461,0.32,-0.801,-30.579,-0.977,-41.077,178.918,54.3,-157.33
-0.305,0.217,-0.675,-12.207,16.357,-55.969,179.214,53.701,-154.797
-0.154,0.034,-0.543,-5.737,4.395,-49.072,-179.973,53.119,-152.298
-0.306,0.032,-0.591,-13.428,-32.349,-43.579,-179.506,53.789,-150.337
-0.605,0.045,-0.668,-13.55,-32.227,-41.809,-179.198,55.475,-148.403
-0.733,0.025,-0.738,-15.869,-5.554,-39.856,-178.797,56.536,-146.096
-0.66,0.051,-0.755,-18.616,11.536,-35.95,-178.555,56.536,-143.641
-0.58,0.056,-0.748,-17.273,14.587,-27.1,-178.583,56.047,-141.603
-0.531,0.093,-0.754,-14.771,13.855,-17.517,-178.835,55.602,-140.142
-0.544,0.044,-0.769,-5.066,-1.404,-20.996,-178.835,55.47,-138.961
-0.538,0.107,-0.816,-10.071,4.578,-4.761,-178.973,55.585,-138.159
-0.504,0.108,-0.817,-1.099,-13.977,-9.338,-179.16,55.898,-137.873
-0.626,0.179,-0.924,-3.357,-20.081,-2.319,-179.247,56.964,-137.642
-0.389,0.116,-0.988,7.996,-46.692,-13.611,-179.072,58.486,-137.565
-1.011,0.045,-1.056,4.822,-87.158,-12.939,-178.407,62.325,-137.071
-1.055,-0.012,-1.055,0.183,-13.733,-8.24,-178.143,64.446,-136.758
-0.605,-0.016,-0.856,-6.165,20.325,-4.639,-178.105,64.116,-136.258
-0.417,-0.059,-0.857,1.038,22.583,-14.404,-177.88,62.957,-135.736
-0.301,-0.085,-0.792,-6.775,33.386,-6.714,-177.512,61.298,-135.082
-0.221,-0.046,-0.642,-12.939,21.973,-7.08,-177.869,59.661,-135.044
-0.341,-0.021,-0.678,-18.616,10.498,-17.7,-178.083,58.634,-134.451
-0.424,0.017,-0.655,-13.916,-4.517,-24.719,-178.187,58.282,-133.401
-0.618,-0.036,-0.692,-11.536,-3.54,-37.048,-177.72,58.447,-131.688
-0.657,-0.128,-0.745,-17.761,17.212,-57.129,-176.66,58.156,-128.628
-0.565,-0.08,-0.751,-27.771,20.325,-56.946,-175.941,57.178,-125.046
-0.577,-0.115,-0.795,-27.527,20.203,-64.819,-175.281,56.277,-121.278
-0.448,-0.11,-0.783,-29.114,20.264,-64.087,-174.655,55.223,-117.35
-0.428,-0.151,-0.795,-27.649,-4.028,-62.012,-174.133,54.783,-113.692
-0.516,-0.17,-0.88,-30.212,-1.038,-62.195,-173.54,54.827,-109.94
-0.427,-0.164,-0.834,-29.053,-10.803,-64.453,-173.057,54.893,-106.298
-0.56,-0.128,-0.926,-38.33,-10.62,-63.11,-172.634,55.212,-102.475
-0.496,-0.062,-0.872,-39.856,-13.794,-66.04,-172.546,55.399,-98.795
-0.789,0.011,-0.984,-39.368,-6.042,-67.81,-172.408,55.887,-95.054
-0.467,0.07,-0.835,-33.936,6.042,-59.692,-172.403,55.36,-91.89
-0.337,0.058,-0.668,-27.527,-23.743,-63.66,-172.189,55.651,-88.923
-0.685,-0.002,-0.703,-33.447,-34.363,-69.702,-171.601,57.151,-85.474
-0.75,0.006,-0.76,-44.312,-4.578,-67.749,-171.376,57.87,-81.947
-0.678,0.056,-0.774,-51.453,16.907,-60.059,-171.898,57.393,-78.915
-0.496,0.142,-0.746,-49.377,13.855,-54.871,-172.881,56.508,-76.432
-0.52,0.117,-0.746,-38.696,-7.324,-55.969,-173.535,56.365,-74.048
-0.604,0.119,-0.742,-31.738,-8.484,-52.124,-173.853,56.893,-71.785
-0.539,0.117,-0.702,-21.118,-10.071,-42.114,-173.875,57.409,-69.906
-0.572,0.103,-0.722,-9.46,-22.156,-34.546,-173.672,58.255,-68.626
-0.729,0.082,-0.809,-3.784,-27.893,-23.926,-173.21,59.639,-67.753
-0.966,0.063,-0.986,4.272,-26.672,-18.738,-172.672,61.084,-67.39
-0.645,-0.053,-0.788,4.089,2.686,-20.02,-171.815,61.584,-66.951
-0.732,-0.136,-0.972,-2.808,24.78,-18.738,-171.293,60.941,-66.638
-0.263,-0.121,-0.823,-13.428,34.058,-13.794,-171.398,59.079,-66.489
-0.205,-0.092,-0.75,-17.944,-23.315,-15.259,-171.914,58.782,-66.324
-0.711,-0.182,-0.79,-16.418,-27.039,-42.419,-171.414,60.172,-64.534
-0.584,-0.119,-0.808,-25.574,8.423,-34.485,-171.14,59.936,-62.545
-0.521,-0.136,-0.803,-32.532,11.719,-34.119,-171.387,59.161,-60.98
-0.458,-0.026,-0.784,-34.363,-0.671,-31.25,-171.964,58.634,-59.414
-0.529,-0.046,-0.762,-27.405,-6.775,-36.255,-172.365,58.689,-57.914
-0.53,-0.089,-0.751,-27.1,-8.179,-44.8,-172.288,58.821,-55.937
-0.548,-0.146,-0.762,-26.978,-10.071,-54.382,-171.881,59.041,-53.405
-0.607,-0.179,-0.828,-33.081,-10.071,-56.824,-171.332,59.255,-50.411
-0.589,-0.19,-0.863,-37.842,3.662,-53.467,-171.052,59.117,-47.461
-0.375,-0.137,-0.86,-41.382,-0.732,-47.729,-171.233,58.552,-44.879
-0.515,-0.116,-0.871,-31.433,-28.625,-60.791,-171.112,58.986,-41.968
-0.926,-0.157,-0.973,-34.607,-34.485,-68.542,-170.184,60.2,-38.221
-0.636,-0.059,-0.809,-50.354,-0.366,-55.542,-170.134,60.282,-35.013
-0.364,0.029,-0.622,-63.11,-25.269,-49.194,-171.14,60.507,-32.52
-0.742,0.075,-0.643,-64.148,-46.326,-60.181,-172.189,62.496,-29.63
-0.773,0.166,-0.676,-65.369,-1.16,-51.88,-173.265,63.309,-26.993
-0.681,0.173,-0.7,-52.734,16.785,-45.959,-174.468,62.82,-25.274
-0.61,0.193,-0.73,-46.875,21.118,-37.659,-175.545,61.974,-24.022
-0.547,0.176,-0.73,-36.621,7.568,-34.607,-176.545,61.469,-23.258
-0.617,0.152,-0.721,-30.701,-4.7,-35.095,-177.149,61.666,-22.434
-0.704,0.153,-0.714,-25.757,-7.019,-25.208,-177.726,62.276,-21.967
-0.629,0.144,-0.655,-21.606,-5.798,-19.104,-178.215,62.737,-21.841
-0.62,0.188,-0.662,-15.442,-1.709,-13.611,-178.841,63.188,-22.198
-0.556,0.184,-0.641,-7.629,-8.057,-13.855,-179.099,63.616,-22.593
-0.709,0.164,-0.738,1.16,-24.597,-12.268,-179.088,64.594,-23.143
-0.837,0.15,-0.818,-0.488,-27.283,-5.981,-178.94,66.072,-23.818
-0.79,0.182,-0.872,3.113,-5.92,3.235,-179.176,67.028,-24.983
-0.72,0.116,-0.924,12.573,-12.939,-2.441,-179.138,67.451,-26.23
-1.082,0.054,-1.123,11.719,-14.526,3.906,-178.781,68.269,-27.257
-0.739,0.034,-0.964,11.414,10.559,14.099,-178.918,68.027,-28.823
-0.397,-0.05,-0.745,20.752,1.404,2.869,-178.632,67.522,-30.081
-0.672,-0.149,-0.786,28.442,-5.92,-16.479,-176.869,67.819,-29.767
-0.477,-0.22,-0.705,22.583,22.583,0.061,-175.133,66.934,-29.498
-0.313,-0.237,-0.593,5.249,6.958,14.648,-174.781,65.967,-30.267
-0.415,-0.138,-0.538,-6.47,-13.977,10.62,-175.089,66.127,-30.844
-0.577,-0.07,-0.551,-8.484,-20.996,12.573,-175.649,66.923,-31.448
-0.718,-0.05,-0.631,-4.944,-14.16,9.766,-176.221,67.709,-32.234
-0.758,-0.087,-0.679,-4.028,-4.456,4.822,-176.407,68.159,-32.783
-0.738,-0.065,-0.68,-7.141,6.104,13.611,-176.891,68.148,-33.646
-0.666,-0.075,-0.704,-5.31,14.221,15.137,-177.72,67.676,-34.931
-0.642,-0.052,-0.738,-5.493,16.846,14.465,-178.473,66.995,-36.118
-0.601,-0.067,-0.795,-6.042,8.362,10.62,-179.094,66.209,-37.112
-0.722,-0.064,-0.818,-5.554,-1.16,-5.554,-179.341,66.226,-37.403
-0.675,-0.059,-0.845,-9.155,-4.333,-5.188,-179.171,66.182,-37.018
-0.834,-0.052,-0.923,-6.958,-13.367,-9.644,-179.138,66.638,-36.711
-0.914,0.018,-0.992,-8.667,0.366,-10.864,-178.846,66.907,-36.057
-0.629,0.055,-0.856,-16.785,19.653,-6.042,-178.973,66.253,-35.689
-0.502,0.227,-0.835,-34.546,8.057,7.874,179.566,65.347,-36.063
-0.566,0.296,-0.767,-26.245,2.441,-7.874,177.863,65.16,-36.573
-0.59,0.294,-0.724,-20.02,4.639,-20.264,177.22,64.94,-36.118
-0.441,0.199,-0.57,-12.085,12.085,-26.489,177.177,64.512,-35.392
-0.352,0.168,-0.483,-9.827,-4.761,-26.917,177.402,64.424,-34.552
-0.564,0.122,-0.549,-5.188,-18.005,-24.414,177.649,65.248,-34.03
-0.684,0.107,-0.649,-3.052,-7.812,-20.691,178.116,65.918,-33.497
-0.766,0.081,-0.681,-0.305,0.854,-17.273,178.638,66.319,-33.096
-0.693,0.102,-0.679,-1.099,-1.099,-7.629,179.0,66.396,-33.003
-0.693,0.071,-0.65,1.526,-4.395,-6.958,179.209,66.736,-33.289
-0.662,0.125,-0.612,2.258,-10.254,-3.723,179.319,67.231,-33.695
-0.753,0.073,-0.648,6.287,-18.921,-9.155,179.736,68.137,-33.997
-0.749,0.158,-0.674,1.953,-6.348,2.197,179.89,68.945,-34.486
-0.862,0.109,-0.713,12.39,-12.817,-8.728,-179.89,69.675,-35.167
-0.783,0.111,-0.729,8.179,8.301,-5.31,-179.187,69.977,-35.321
-0.663,0.042,-0.733,14.526,6.409,-10.864,-178.369,69.642,-35.431
-0.788,0.043,-0.842,13.367,-8.667,-1.953,-177.55,69.796,-35.53
-1.118,-0.05,-0.966,22.217,-0.671,1.038,-176.699,70.258,-35.997
-0.904,-0.034,-0.94,20.996,25.146,21.545,-176.435,69.51,-37.326
-0.386,-0.144,-0.727,27.893,38.574,27.161,-176.44,67.698,-39.391
-0.364,-0.199,-0.727,19.958,3.479,17.395,-176.199,66.813,-40.726
-0.43,-0.202,-0.666,11.047,3.906,11.719,-175.765,66.467,-41.05
-0.477,-0.167,-0.656,0.366,-3.845,13.733,-175.814,66.324,-41.309
-0.503,-0.132,-0.609,-5.066,-10.864,12.695,-176.094,66.467,-41.473
-0.645,-0.099,-0.616,-6.531,-23.56,14.648,-176.638,67.275,-41.803
-0.771,-0.065,-0.619,-4.7,-16.724,14.282,-177.275,68.324,-42.38
-0.785,-0.077,-0.617,0.122,-7.507,16.357,-177.83,68.928,-43.209
-0.806,-0.085,-0.654,0.366,4.333,21.118,-178.478,69.131,-44.363
-0.674,-0.079,-0.615,-1.038,6.958,24.109,-179.33,68.846,-45.78
-0.776,-0.042,-0.691,-3.418,4.578,26.978,179.648,68.78,-47.285
-0.614,-0.014,-0.678,0.427,16.602,29.602,178.445,68.176,-49.081
-0.603,-0.009,-0.705,2.38,5.981,25.085,177.495,67.67,-50.674
-0.775,-0.02,-0.765,3.967,0.793,15.076,176.946,67.643,-51.779
-0.757,0.006,-0.784,-2.563,7.019,15.015,176.55,67.247,-52.454
-0.801,0.027,-0.854,-4.639,15.381,10.132,176.083,66.638,-52.976
-0.963,0.156,-1.008,-13.672,17.09,6.348,175.408,66.017,-53.284
-0.659,0.213,-0.908,-13.855,42.114,-4.517,175.001,64.418,-52.982
-0.371,0.294,-0.854,-21.79,27.893,-4.944,174.507,62.578,-52.388
-0.521,0.343,-0.794,-18.677,7.874,-7.202,173.584,61.985,-52.218
-0.444,0.318,-0.744,-16.418,21.973,-16.907,173.051,61.155,-51.757
-0.32,0.27,-0.632,-10.742,11.292,-21.179,172.897,60.386,-50.971
-0.388,0.264,-0.611,-6.531,-0.488,-17.944,172.776,60.172,-50.477
-0.5,0.247,-0.644,-0.916,0.305,-17.822,172.798,60.315,-50.323
-0.588,0.208,-0.691,2.563,-2.502,-23.254,173.227,60.447,-49.905
-0.671,0.183,-0.709,3.357,6.897,-22.766,173.875,60.645,-49.301
-0.672,0.153,-0.717,3.784,8.301,-24.048,174.743,60.496,-48.472
-0.617,0.151,-0.729,3.296,16.724,-18.86,175.529,60.128,-47.73
-0.533,0.116,-0.71,4.517,4.089,-17.761,176.287,59.815,-47.12
-0.584,0.108,-0.705,3.052,-5.798,-17.273,176.913,60.134,-46.62
-0.587,0.096,-0.722,1.465,-10.498,-16.968,177.528,60.688,-46.055
-0.699,0.178,-0.828,-4.333,-1.526,-3.296,177.599,61.238,-45.967
-0.571,0.241,-0.825,5.493,2.991,2.93,177.451,61.057,-46.544
-0.605,0.216,-0.848,12.207,-7.385,2.502,177.545,61.364,-47.384
-0.6,0.164,-0.904,22.4,-3.296,-10.254,178.358,61.545,-47.653
-0.736,0.094,-0.974,28.87,-27.405,-10.193,179.802,62.314,-47.483
-1.039,-0.037,-1.079,32.959,-3.418,1.221,-178.55,63.342,-47.516
-0.524,-0.101,-0.825,33.386,17.334,22.644,-177.589,62.781,-48.587
-0.448,-0.178,-0.824,37.231,0.061,16.052,-176.627,62.325,-49.812
-0.464,-0.206,-0.773,35.522,15.686,14.099,-175.226,61.93,-50.301
-0.25,-0.266,-0.646,25.94,11.536,19.287,-174.051,61.002,-50.757
-0.318,-0.271,-0.59,6.165,-12.817,13.489,-173.529,60.996,-50.922
-0.505,-0.173,-0.625,-5.432,-13.55,11.658,-173.496,61.628,-50.565
-0.617,-0.171,-0.683,-3.052,-5.066,4.395,-173.6,62.084,-50.224
-0.621,-0.149,-0.71,-4.639,2.747,9.827,-173.694,62.1,-49.993
-0.691,-0.131,-0.775,-2.319,5.554,11.719,-174.007,62.056,-50.202
-0.572,-0.135,-0.717,1.099,5.188,13.428,-174.265,61.831,-50.614
-0.626,-0.128,-0.719,0.0,0.977,20.264,-174.666,61.886,-51.312
-0.614,-0.146,-0.74,-1.16,-0.244,18.921,-175.232,62.001,-52.207
-0.595,-0.134,-0.762,-6.714,0.488,21.057,-175.902,62.073,-52.982
-0.596,-0.125,-0.845,-8.24,9.949,22.034,-176.841,61.902,-53.943
-0.595,-0.06,-0.848,-10.62,-0.549,20.386,-177.984,61.782,-54.904
-0.699,-0.034,-0.98,-9.155,-0.244,15.747,-178.923,61.787,-55.618
-0.598,-0.062,-0.97,-4.333,0.916,5.493,-179.346,61.589,-55.827
-0.78,0.0,-1.038,-12.207,-0.732,-3.967,-179.621,61.798,-55.514
-0.479,0.066,-0.854,-29.541,10.376,-6.531,179.824,61.337,-54.805
-0.391,0.226,-0.763,-44.373,-12.573,-6.348,178.182,61.15,-54.278
-0.582,0.262,-0.746,-42.603,-25.696,-21.667,176.396,62.172,-53.624
-0.643,0.32,-0.725,-34.79,1.587,-27.283,175.199,62.864,-52.515
-0.488,0.292,-0.663,-17.7,9.644,-28.198,174.716,62.639,-51.482
-0.464,0.248,-0.637,-6.897,8.606,-26.978,174.93,62.331,-50.543
-0.534,0.189,-0.665,-0.854,6.897,-24.17,175.402,62.144,-49.911
-0.491,0.16,-0.67,0.916,6.836,-22.034,175.952,61.875,-49.373
-0.554,0.109,-0.67,-0.916,-10.498,-22.461,176.534,62.199,-48.823
-0.681,0.095,-0.666,-3.296,-14.099,-23.865,176.99,63.045,-48.23
-0.726,0.115,-0.667,-7.751,-8.667,-25.208,177.528,63.781,-47.346
-0.717,0.143,-0.657,-2.197,6.409,-25.208,178.154,64.061,-46.439
-0.725,0.149,-0.71,5.981,5.432,-26.245,179.176,64.012,-45.505
-0.704,0.075,-0.787,11.963,18.188,-23.01,-179.401,63.578,-44.621
-0.582,0.031,-0.809,13.062,24.231,-15.015,-178.16,62.595,-44.099
-0.71,-0.001,-0.828,4.211,4.578,-13.489,-177.347,62.375,-43.824
-0.594,0.044,-0.834,0.977,14.709,-26.611,-176.616,61.749,-43.072
-0.618,-0.0,-0.894,-3.174,11.597,-35.583,-175.551,61.15,-41.567
-0.804,-0.184,-1.11,-26.306,4.15,-42.297,-174.792,60.787,-39.556
-0.547,-0.16,-1.078,-72.998,-7.324,-32.166,-175.792,60.595,-37.293
-0.515,0.102,-0.811,-78.735,-19.958,-16.663,-178.868,61.463,-35.821
-0.48,0.135,-0.775,-39.062,-19.592,-2.563,178.489,62.172,-35.447
-0.536,0.034,-0.742,-7.629,10.254,23.193,177.193,62.276,-36.046
-0.42,-0.062,-0.731,13.733,18.311,54.077,176.061,61.166,-38.463
-0.348,-0.093,-0.673,19.653,13.367,84.29,174.721,59.766,-42.468
-0.424,0.03,-0.635,29.053,2.686,98.45,173.057,58.64,-47.741
-0.624,0.047,-0.721,33.508,0.0,83.862,172.013,57.914,-52.855
-0.594,0.076,-0.742,26.794,18.555,62.439,171.557,56.717,-56.689
-0.618,0.014,-0.788,11.414,20.142,34.546,171.447,55.547,-59.013
-0.538,0.068,-0.789,-5.371,28.564,23.254,171.118,54.223,-60.117
-0.444,0.117,-0.782,-14.648,22.583,13.367,170.425,52.998,-60.771
-0.269,0.113,-0.776,-16.663,2.441,1.892,169.739,52.421,-60.991
-0.355,0.105,-0.778,-25.513,-31.86,-29.297,169.091,53.525,-60.337
-0.782,0.173,-0.944,-31.189,-13.367,-41.26,168.816,55.421,-58.37
-0.532,0.251,-1.026,-30.09,5.371,-38.391,168.53,55.789,-56.321
-0.523,0.403,-1.101,-22.888,-2.625,-41.748,168.409,56.096,-54.338
-0.74,0.461,-1.1,-9.094,0.488,-35.522,168.827,56.871,-52.586
-0.386,0.445,-0.917,10.132,17.151,-21.606,169.612,56.536,-51.647
-0.318,0.407,-0.818,13.55,3.113,-10.864,170.442,56.129,-51.74
-0.4,0.375,-0.76,13.977,-4.028,-14.893,171.035,56.255,-52.438
-0.422,0.315,-0.707,11.597,-5.127,-31.128,171.914,56.569,-52.586
-0.53,0.282,-0.705,6.348,-5.981,-34.729,172.903,57.184,-52.207
-0.543,0.24,-0.669,4.517,8.423,-41.992,173.941,57.464,-51.405
-0.471,0.214,-0.627,4.456,10.376,-46.143,175.221,57.371,-50.114
-0.515,0.133,-0.614,7.568,3.479,-48.34,176.786,57.513,-48.587
-0.569,0.052,-0.637,8.179,7.08,-44.922,178.401,57.662,-47.06
-0.615,0.01,-0.693,3.845,7.446,-37.72,179.923,57.656,-45.588
-0.617,0.041,-0.756,3.235,8.85,-24.658,-179.066,57.491,-44.709
-0.61,0.052,-0.818,4.333,15.198,-15.32,-178.319,57.09,-44.379
-0.568,0.098,-0.903,2.563,9.155,2.747,-177.946,56.678,-44.681
-0.508,0.155,-0.996,6.714,20.996,7.568,-178.072,56.003,-45.802
-0.605,0.093,-1.095,11.047,-5.981,5.188,-177.913,55.854,-46.796
-0.751,0.036,-1.212,16.907,15.503,20.813,-177.808,55.761,-48.131
-0.271,-0.036,-0.976,20.935,14.099,34.363,-177.814,54.734,-50.251
-0.242,-0.093,-0.863,21.851,-13.794,35.4,-177.786,54.542,-52.438
-0.4,-0.101,-0.826,25.146,-11.353,20.081,-177.33,55.124,-53.91
-0.32,-0.118,-0.781,27.832,-4.944,13.245,-176.44,55.228,-54.684
-0.313,-0.263,-0.768,17.883,-3.662,6.958,-175.303,55.239,-54.899
-0.279,-0.247,-0.738,-2.38,-8.179,10.864,-174.979,55.294,-54.877
-0.391,-0.171,-0.742,-13.062,-23.254,17.7,-175.529,55.959,-55.129
-0.57,-0.122,-0.755,-13.611,-21.667,22.583,-176.418,57.041,-55.701
-0.601,-0.086,-0.764,-10.62,-8.24,30.762,-177.616,57.656,-56.997
-0.618,-0.062,-0.748,-8.484,-4.761,36.072,-178.879,57.947,-58.733
-0.581,-0.022,-0.716,-5.554,-3.967,42.358,179.72,58.123,-60.936
-0.65,0.033,-0.741,-2.441,-2.747,42.725,178.297,58.337,-63.402
-0.512,0.057,-0.766,0.244,1.953,37.903,177.22,58.255,-65.643
-0.497,0.075,-0.831,8.728,-23.315,4.211,176.66,58.733,-67.077
-0.684,-0.02,-0.848,10.01,-17.09,-1.404,177.242,59.854,-67.066
-0.662,-0.107,-0.9,5.676,-8.545,4.15,177.781,60.227,-67.094
-0.714,-0.07,-0.926,-2.625,-3.235,13.123,177.781,60.667,-67.456
-0.796,0.067,-1.039,-9.094,5.127,21.118,177.023,60.612,-68.395
-0.754,0.183,-1.046,-9.216,11.169,13.489,176.067,60.156,-69.472
-0.483,0.194,-0.906,-8.85,32.166,-7.385,175.776,59.052,-69.456
-0.29,0.304,-0.883,-22.705,15.869,0.916,175.204,57.618,-69.197
-0.433,0.333,-0.802,-15.32,7.69,-13.245,174.199,57.129,-69.384
-0.309,0.34,-0.725,-10.559,13.794,-18.677,173.908,56.42,-68.917
-0.282,0.271,-0.637,0.61,-8.667,-19.836,173.974,56.376,-68.659
-0.43,0.234,-0.632,6.592,-15.991,-21.484,174.315,57.178,-68.604
-0.493,0.158,-0.623,9.888,-18.738,-22.766,175.067,58.118,-68.384
-0.627,0.138,-0.64,9.033,-15.93,-20.691,175.792,59.172,-68.154
-0.706,0.098,-0.681,6.775,-4.7,-21.973,176.699,59.886,-67.593
-0.708,0.083,-0.71,4.211,7.874,-19.897,177.539,60.024,-66.912
-0.633,0.086,-0.749,0.488,20.569,-16.357,178.215,59.491,-66.242
-0.514,0.112,-0.764,0.793,16.113,-15.625,178.704,58.821,-65.682
-0.586,0.167,-0.865,2.747,7.446,-10.254,179.121,58.464,-65.297
-0.571,0.172,-0.961,11.292,6.592,-4.761,179.572,57.98,-65.286
-0.72,0.123,-1.055,17.822,-2.502,-9.155,-179.681,58.145,-65.369
-0.803,0.036,-1.12,20.813,9.644,-13.062,-178.473,58.057,-65.072
-0.545,-0.049,-1.04,17.029,12.085,-4.517,-177.363,57.404,-64.814
-0.273,-0.121,-0.898,16.479,13.306,4.639,-176.677,56.805,-65.006
-0.127,-0.323,-0.901,8.789,-28.992,8.362,-176.023,56.926,-65.171
-0.363,-0.149,-0.809,-9.033,-35.522,35.034,-176.671,58.414,-65.989
-0.423,-0.128,-0.705,-2.014,-22.888,34.729,-177.775,59.458,-67.516
-0.459,-0.126,-0.598,-6.958,-20.203,34.363,-178.868,60.233,-68.994
-0.596,-0.127,-0.556,-15.93,-17.273,35.339,179.709,61.007,-70.521
-0.776,-0.006,-0.629,-20.081,7.08,32.959,177.808,61.216,-72.208
-0.622,0.042,-0.618,-16.052,23.499,24.353,176.27,60.287,-73.482
-0.597,0.049,-0.714,-12.695,17.273,14.893,175.259,59.431,-74.207
-0.621,0.084,-0.761,-8.972,17.578,15.198,174.485,58.777,-74.773
-0.525,0.083,-0.752,-4.883,13.0,14.099,173.892,58.024,-75.388
-0.526,0.047,-0.809,-4.028,10.254,9.155,173.551,57.596,-75.795
-0.559,0.041,-0.909,-7.629,10.742,6.531,173.205,57.162,-76.031
-0.522,0.038,-1.01,-11.353,-4.15,-5.127,172.925,56.777,-75.833
-0.677,0.089,-1.129,-22.217,-8.362,-11.23,172.606,57.145,-75.086
-0.728,0.272,-1.15,-28.748,3.662,-16.846,171.903,57.448,-74.163
-0.36,0.427,-0.943,-25.574,14.954,-30.334,171.458,57.036,-72.576
-0.352,0.626,-0.895,1.587,-13.367,-19.348,171.409,56.948,-71.274
-0.524,0.388,-0.814,27.527,-6.348,-5.554,172.057,57.502,-71.565
-0.51,0.21,-0.736,22.217,0.916,-22.827,173.397,57.585,-71.367
-0.38,0.135,-0.581,10.376,7.996,-36.072,174.754,57.431,-70.104
-0.375,0.092,-0.524,-2.747,-2.869,-44.189,175.891,57.568,-68.187
-0.456,0.076,-0.515,-11.658,-4.883,-48.828,176.726,58.03,-65.869
-0.645,0.079,-0.627,-16.235,-2.197,-50.171,177.407,58.607,-63.347
-0.684,0.083,-0.693,-18.555,16.052,-46.753,178.066,58.513,-60.727
-0.599,0.102,-0.736,-21.24,18.066,-36.316,178.374,57.958,-58.519
-0.637,0.104,-0.758,-17.883,13.916,-34.546,178.473,57.629,-56.739
-0.54,0.119,-0.754,-17.944,16.846,-30.151,178.511,57.025,-55.102
-0.539,0.153,-0.781,-18.127,2.869,-31.738,178.484,56.843,-53.547
-0.636,0.201,-0.836,-15.32,1.343,-28.809,178.451,57.047,-52.081
-0.648,0.207,-0.898,-6.104,-0.305,-37.231,178.77,57.156,-50.493
-1.017,0.162,-1.043,-1.953,0.122,-42.542,179.626,57.684,-48.516
-0.873,0.026,-1.165,-5.249,57.556,-42.969,-179.242,56.453,-46.219
-0.179,0.068,-0.97,-17.273,61.096,-41.016,-178.698,53.58,-43.923
0.044,0.136,-0.962,-14.343,18.799,-44.25,-178.61,51.454,-41.594
-0.11,0.097,-0.957,-13.489,9.399,-43.579,-178.253,50.707,-38.859
-0.053,0.047,-0.877,-9.583,5.249,-49.011,-177.792,49.916,-35.892
-0.198,-0.005,-0.781,-12.268,-7.019,-47.485,-177.286,49.587,-32.745
-0.327,-0.075,-0.75,-15.198,2.197,-54.688,-176.808,49.34,-29.493
-0.237,-0.101,-0.764,-22.827,10.376,-69.397,-176.292,48.56,-25.615
-0.32,-0.079,-0.816,-26.428,-11.414,-69.58,-175.952,48.433,-21.467
-0.45,-0.096,-0.819,-25.024,-9.094,-71.411,-175.567,48.746,-17.336
-0.437,-0.126,-0.787,-25.024,-12.39,-70.312,-175.073,49.092,-13.266
-0.509,-0.169,-0.782,-26.184,-10.071,-68.604,-174.584,49.587,-9.327
-0.449,-0.206,-0.793,-35.339,0.671,-69.641,-174.32,49.686,-5.526
-0.394,-0.206,-0.841,-41.565,0.244,-78.735,-174.276,49.493,-1.417
-0.398,-0.178,-0.948,-49.5,0.244,-81.055,-174.408,49.29,3.071
-0.331,-0.141,-0.939,-48.035,-9.338,-89.478,-174.584,49.257,7.927
-0.675,-0.057,-1.076,-46.021,-28.32,-91.248,-174.732,49.971,12.92
-0.555,-0.032,-0.967,-48.828,-4.028,-88.989,-174.507,50.361,18.215
-0.559,0.124,-0.886,-49.744,-1.038,-68.115,-175.106,50.554,22.456
-0.329,0.191,-0.745,-44.25,-10.803,-71.716,-175.935,50.625,26.087
-0.543,0.128,-0.708,-44.983,-35.889,-78.552,-176.254,51.96,30.465
-0.652,0.153,-0.699,-52.612,-22.644,-83.618,-176.874,53.405,34.991
-0.746,0.205,-0.752,-55.969,3.174,-82.153,-177.528,54.053,39.688
-0.586,0.234,-0.758,-47.302,12.207,-77.393,-178.171,53.707,44.171
-0.572,0.142,-0.736,-41.016,6.042,-78.857,-178.385,53.652,48.884
-0.571,0.187,-0.725,-40.283,-2.319,-66.895,-178.852,53.871,53.229
-0.61,0.133,-0.712,-29.663,-2.625,-61.646,-178.989,54.355,57.404
-0.564,0.221,-0.698,-21.606,-4.456,-42.419,-179.28,54.767,60.776
-0.645,0.192,-0.74,-8.301,-3.357,-36.865,-179.171,55.261,63.71
-0.682,0.244,-0.803,1.77,-1.892,-22.461,-178.901,55.552,66.226
-0.638,0.279,-0.852,13.0,-1.587,-16.541,-178.489,55.69,68.192
-0.727,0.162,-0.898,35.461,-14.343,-15.991,-177.259,56.228,70.071
-0.667,-0.008,-0.893,44.983,5.981,-13.733,-175.166,56.64,71.812
-0.316,-0.181,-0.809,43.64,18.921,-14.16,-172.93,55.992,73.136
-0.284,-0.336,-0.872,21.973,5.859,-36.072,-170.667,55.14,74.938
-0.388,-0.314,-0.972,-0.977,6.531,-39.185,-168.986,54.558,77.509
-0.338,-0.315,-0.93,-18.921,4.822,-34.546,-168.322,53.762,79.706
-0.345,-0.174,-0.84,-37.598,-7.385,-24.902,-168.81,53.41,81.579
-0.459,-0.043,-0.826,-30.579,-15.259,-12.024,-169.871,53.778,82.919
-0.502,-0.082,-0.815,-20.447,-4.456,-19.531,-170.53,54.036,84.177
-0.469,-0.125,-0.821,-22.705,2.136,-26.245,-170.826,53.795,85.995
-0.52,-0.127,-0.846,-28.198,1.099,-34.363,-171.222,53.602,88.176
-0.432,-0.133,-0.798,-26.245,0.183,-39.49,-171.48,53.278,90.736
-0.515,-0.156,-0.812,-27.771,-11.108,-39.795,-171.628,53.509,93.461
-0.455,-0.18,-0.749,-30.579,-11.719,-38.391,-171.826,53.822,96.224
-0.599,-0.196,-0.774,-35.889,-13.245,-38.696,-172.222,54.492,98.976
-0.549,-0.176,-0.784,-43.213,-10.071,-30.884,-173.024,54.827,101.53
-0.646,-0.154,-0.826,-47.18,-12.939,-28.137,-174.183,55.503,103.892
-0.617,-0.1,-0.84,-47.363,-14.893,-18.127,-175.6,56.228,106.04
-0.75,-0.047,-0.982,-46.57,-4.089,-2.38,-177.407,57.052,107.496
-0.622,0.057,-1.095,-41.077,1.709,10.132,-179.572,57.074,108.138
-0.682,0.227,-1.216,-33.752,15.137,7.812,178.292,56.937,108.38
-0.121,0.257,-0.938,-26.855,5.554,-10.681,177.089,55.948,109.501
-0.425,0.411,-0.812,-43.396,-48.462,-4.761,175.375,57.057,110.511
-0.685,0.378,-0.783,-31.494,-8.789,-30.029,173.809,58.431,112.088
-0.367,0.324,-0.672,-34.363,20.142,-42.419,173.265,57.903,115.411
-0.243,0.337,-0.619,-29.297,6.653,-37.842,172.738,57.305,118.713
-0.347,0.312,-0.599,-18.066,-10.925,-34.607,172.326,57.574,121.426
-0.495,0.263,-0.656,-9.094,-14.282,-37.842,172.425,58.25,124.146
-0.666,0.185,-0.693,-3.418,-9.644,-36.926,172.996,59.15,126.996
-0.611,0.193,-0.703,-7.08,3.052,-26.978,173.43,59.376,129.666
-0.674,0.186,-0.735,-0.305,2.075,-25.818,173.87,59.469,132.105
-0.59,0.161,-0.683,-0.793,3.296,-15.137,174.397,59.507,134.33
-0.671,0.164,-0.69,5.432,-6.042,-12.085,174.672,59.788,135.956
-0.605,0.172,-0.716,5.31,1.404,-3.54,175.012,60.068,137.357
-0.652,0.175,-0.75,12.817,-10.742,-3.296,175.314,60.381,138.362
-0.675,0.228,-0.822,9.888,-5.92,6.165,175.545,60.76,139.043
-0.599,0.206,-0.805,12.634,-7.141,0.549,175.792,61.078,139.554
-0.612,0.195,-0.884,12.939,-9.521,-0.183,176.182,61.479,140.235
-0.849,0.149,-1.061,17.639,-21.545,4.456,176.583,62.161,140.696
-1.038,0.129,-1.095,15.869,-14.465,28.32,176.611,63.04,140.301
-0.563,0.055,-0.791,27.588,13.611,33.63,176.303,62.65,138.9
-0.335,-0.089,-0.695,35.156,-13.062,11.597,177.1,62.424,138.268
-0.588,-0.174,-0.698,34.18,-4.333,-2.441,178.907,63.083,138.785
-0.429,-0.23,-0.666,26.123,11.658,3.235,-179.39,62.628,139.367
-0.397,-0.241,-0.629,9.949,4.028,4.028,-178.374,62.177,139.603
-0.5,-0.182,-0.63,-2.625,-9.399,-0.549,-177.83,62.298,140.021
-0.645,-0.137,-0.628,-6.775,-10.742,-1.709,-177.605,62.891,140.609
-0.77,-0.094,-0.714,-10.01,3.723,-1.221,-177.654,63.144,141.372
-0.648,-0.079,-0.692,-7.69,13.855,2.319,-177.781,62.704,142.185
-0.636,-0.058,-0.705,-6.47,10.376,6.531,-178.116,62.292,142.657
-0.615,-0.055,-0.705,-4.272,8.362,7.69,-178.456,61.996,143.031
-0.577,-0.069,-0.697,-4.333,5.981,12.573,-178.868,61.793,143.152
-0.63,-0.081,-0.8,-5.249,8.362,19.165,-179.484,61.611,142.921
-0.523,-0.077,-0.792,-5.066,1.892,23.193,179.632,61.326,142.234
-0.612,-0.062,-0.809,-7.263,-23.254,23.132,178.726,61.798,141.361
-0.783,-0.028,-0.894,-5.188,-7.019,21.423,177.814,62.666,140.499
-0.751,0.038,-0.973,-4.822,-0.488,19.531,176.979,62.721,139.79
-0.852,0.105,-1.08,-4.822,0.793,6.592,176.468,62.715,139.587
-0.678,0.146,-0.972,-6.775,23.193,-10.193,176.49,62.122,140.482
-0.291,0.205,-0.853,-24.353,26.062,-3.601,176.188,60.59,141.724
-0.395,0.34,-0.766,-27.527,-14.038,1.526,174.567,60.524,141.866
-0.509,0.306,-0.691,-21.118,-13.489,-18.005,173.573,61.084,142.701
-0.596,0.307,-0.638,-18.433,-3.784,-17.517,172.958,61.523,144.097
-0.469,0.282,-0.558,-10.803,4.089,-16.846,172.579,61.353,145.574
-0.572,0.276,-0.578,-3.601,-5.127,-12.939,172.392,61.556,146.832
-0.619,0.208,-0.571,4.883,-2.38,-17.822,172.645,61.826,148.184
-0.637,0.156,-0.592,6.592,2.136,-18.982,173.26,62.04,149.826
-0.721,0.138,-0.667,2.258,1.282,-15.686,173.892,62.292,151.529
-0.678,0.155,-0.708,-0.366,16.113,-14.771,174.265,62.1,153.166
-0.576,0.187,-0.729,-4.517,8.911,-13.123,174.584,61.716,154.858
-0.627,0.271,-0.83,-3.662,14.709,-6.592,174.441,61.474,156.044
-0.628,0.261,-0.835,2.075,-8.362,-8.301,174.452,61.353,157.011
-0.727,0.219,-0.951,12.451,-9.46,-13.55,174.842,61.738,158.0
-0.997,0.108,-1.043,22.522,-8.545,-10.193,175.979,62.441,159.153
-0.758,0.002,-0.94,21.057,21.118,8.911,176.995,61.93,159.725
-0.333,-0.061,-0.76,23.56,24.841,19.531,177.512,60.535,159.412
-0.407,-0.128,-0.763,23.682,13.0,12.39,178.303,59.804,159.066
-0.323,-0.13,-0.746,16.418,18.127,19.104,178.973,58.766,158.643
-0.28,-0.14,-0.702,9.399,6.592,19.409,179.225,57.92,157.786
-0.394,-0.087,-0.677,4.089,-13.062,16.541,179.28,57.953,157.006
-0.589,-0.086,-0.73,3.967,-19.287,12.573,179.28,58.722,156.456
-0.611,-0.07,-0.693,3.662,-9.644,13.062,179.385,59.332,156.379
-0.673,-0.046,-0.705,0.061,-8.911,20.203,179.143,59.832,156.099
-0.657,-0.025,-0.712,3.784,1.953,19.104,178.693,60.156,155.715
-0.592,-0.047,-0.729,3.54,5.127,18.982,178.462,60.029,155.528
-0.58,-0.04,-0.784,1.953,7.019,21.362,178.006,59.897,155.105
-0.584,-0.061,-0.868,-0.793,1.953,15.198,177.632,59.672,154.792
-0.637,-0.078,-0.938,-5.676,-5.798,6.531,177.374,59.705,154.814
-0.752,-0.028,-1.03,-14.282,-12.756,2.563,177.045,60.161,155.138
-0.982,0.136,-1.125,-19.897,11.475,0.488,176.237,60.568,155.594
-0.51,0.181,-0.927,-22.766,35.156,-12.146,175.693,59.31,156.83
-0.277,0.31,-0.829,-28.564,18.433,-12.451,174.974,57.892,158.329
-0.461,0.335,-0.783,-21.667,-0.793,-13.489,174.029,57.733,159.296
-0.487,0.332,-0.73,-15.686,14.587,-23.926,173.617,57.376,160.801
-0.365,0.279,-0.624,-5.737,10.193,-28.992,173.754,56.794,162.757
-0.44,0.212,-0.604,-2.991,-0.61,-28.076,174.139,56.772,164.691
-0.517,0.186,-0.602,-2.502,5.371,-24.719,174.468,56.832,166.498
-0.588,0.158,-0.657,-3.113,11.658,-21.423,174.776,56.607,168.322
-0.545,0.146,-0.687,-1.831,7.507,-20.447,175.023,56.245,170.057
-0.628,0.126,-0.786,-1.404,10.437,-19.287,175.342,56.168,171.793
-0.519,0.207,-0.794,-4.578,9.521,-9.583,175.457,55.849,173.271
-0.515,0.215,-0.854,-0.488,4.211,-5.066,175.441,55.695,174.238
-0.477,0.284,-0.954,4.395,5.554,0.977,175.314,55.448,174.738
-0.566,0.208,-0.926,11.841,-17.761,0.0,175.474,55.953,174.913
-0.821,0.202,-1.117,18.799,-16.113,2.441,175.853,56.662,175.007
-0.829,0.026,-1.085,28.076,15.991,3.967,176.825,56.942,175.259
-0.396,-0.037,-0.873,24.841,22.095,14.343,177.792,55.822,175.369
-0.286,-0.142,-0.817,29.724,8.484,4.578,178.995,55.074,175.402
-0.241,-0.173,-0.842,19.165,7.08,13.123,-179.83,54.591,175.485
-0.129,-0.164,-0.788,10.315,-5.859,19.165,-179.456,54.316,174.699
-0.259,-0.164,-0.729,-4.15,-34.729,10.803,-179.456,55.14,173.996
-0.541,-0.087,-0.728,-10.01,-35.4,7.263,-179.83,56.64,173.628
-0.654,-0.053,-0.723,-3.906,-13.55,7.812,179.94,57.656,173.743
-0.71,-0.042,-0.749,7.446,-1.831,14.282,179.951,57.991,173.809
-0.631,-0.082,-0.71,14.526,15.198,27.649,-179.962,57.673,173.386
-0.601,-0.058,-0.739,6.897,8.728,41.382,179.621,57.178,172.178
-0.556,-0.019,-0.73,6.653,15.625,38.452,178.846,56.684,170.711
-0.542,-0.007,-0.751,1.343,7.141,31.067,178.171,56.168,169.568
-0.537,-0.014,-0.803,0.061,12.695,21.057,177.567,55.811,168.876
-0.494,-0.031,-0.851,-1.831,3.906,12.695,177.209,55.437,168.657
-0.472,-0.085,-0.941,-6.775,3.601,10.742,176.88,55.311,168.563
-0.542,-0.061,-0.954,-13.977,-9.033,3.845,176.38,55.613,168.618
-0.59,0.065,-1.032,-23.315,-18.005,8.24,175.501,56.118,168.613
-0.845,0.218,-1.124,-23.01,-2.441,-3.54,174.37,56.799,168.701
-0.578,0.25,-0.998,-18.982,22.461,-21.118,174.029,56.255,170.123
-0.238,0.283,-0.85,-24.414,22.095,-19.958,173.688,55.052,171.848
-0.398,0.39,-0.819,-28.748,-7.751,-15.32,172.579,55.025,172.776
-0.443,0.354,-0.761,-21.423,7.263,-29.114,171.87,55.058,174.106
-0.392,0.375,-0.712,-13.489,8.667,-28.442,171.568,54.772,175.803
-0.345,0.312,-0.635,0.61,4.517,-31.921,171.843,54.586,177.512
-0.422,0.226,-0.634,3.601,-1.587,-29.541,172.513,54.739,179.193
-0.533,0.181,-0.674,2.869,1.77,-29.419,173.15,54.959,-179.143
-0.542,0.159,-0.717,-1.648,9.399,-28.32,173.743,54.844,-177.281
-0.578,0.139,-0.775,-3.479,10.132,-29.175,174.265,54.69,-175.325
-0.545,0.158,-0.791,-6.287,11.414,-23.499,174.655,54.448,-173.425
-0.504,0.175,-0.793,-4.883,7.019,-16.846,174.847,54.218,-171.92
-0.495,0.216,-0.798,-2.014,2.563,-14.038,174.941,54.223,-170.793
-0.479,0.257,-0.845,1.892,1.953,-9.277,175.1,54.294,-169.904
-0.556,0.283,-0.963,13.794,-1.099,-7.812,175.369,54.459,-169.442
-0.647,0.231,-1.184,20.813,-4.883,-11.23,176.226,54.553,-168.876
-0.757,0.048,-1.251,25.269,4.639,-10.681,177.578,54.69,-168.19
-0.348,-0.031,-0.973,14.099,11.047,8.179,178.44,54.13,-168.03
-0.176,-0.073,-0.806,16.357,-14.343,6.47,178.846,54.042,-168.618
-0.48,-0.116,-0.812,16.235,-9.827,-1.77,179.797,54.745,-168.607
-0.262,-0.107,-0.73,12.634,12.268,15.32,-179.594,54.157,-169.003
-0.286,-0.125,-0.674,6.836,-7.996,12.939,-179.324,53.937,-169.788
-0.424,-0.107,-0.672,-0.061,-14.465,6.958,-179.187,54.404,-170.178
-0.586,-0.059,-0.729,-4.272,-6.897,7.812,-179.28,54.926,-170.255
-0.568,-0.052,-0.768,0.732,2.869,5.432,-179.39,54.932,-170.156
-0.59,-0.064,-0.794,1.282,9.705,10.01,-179.335,54.778,-169.969
-0.501,-0.05,-0.764,-0.244,5.188,15.198,-179.517,54.459,-170.112
-0.55,-0.025,-0.803,-0.061,9.521,16.418,-179.813,54.305,-170.42
-0.49,-0.04,-0.792,1.404,5.92,16.113,179.901,53.992,-170.815
-0.518,-0.076,-0.888,-0.244,11.597,10.742,179.703,53.767,-171.068
-0.422,-0.102,-0.952,-4.15,12.207,9.827,179.539,53.108,-171.107
-0.398,-0.13,-1.031,-7.08,-0.671,5.859,179.264,52.745,-171.227
-0.482,-0.168,-1.044,-12.634,-18.982,3.967,179.072,53.24,-171.123
-0.681,0.046,-1.159,-23.132,-10.071,17.761,177.924,53.954,-171.7
-0.57,0.156,-1.079,-18.86,-0.427,7.141,176.841,54.053,-172.018
-0.406,0.22,-0.908,-13.672,1.343,-0.244,176.039,53.893,-172.018
-0.416,0.265,-0.829,-21.057,-12.695,5.615,175.139,54.02,-172.123
-0.422,0.291,-0.727,-18.921,-2.441,-3.967,173.963,54.371,-172.304
-0.383,0.303,-0.662,-11.536,2.93,-9.094,173.238,54.256,-171.909
-0.373,0.215,-0.628,-4.578,10.132,-10.803,172.991,53.954,-171.348
-0.296,0.211,-0.625,-1.648,3.845,-8.484,172.864,53.553,-170.837
-0.506,0.179,-0.709,-2.869,-8.484,-8.301,172.782,53.844,-170.491
-0.583,0.197,-0.771,-4.883,3.296,-7.751,172.579,54.069,-170.046
-0.595,0.175,-0.782,-5.615,6.958,-10.01,172.452,54.014,-169.283
-0.565,0.226,-0.825,-6.287,12.573,-6.409,172.172,53.712,-168.525
-0.494,0.193,-0.767,-1.709,4.883,-10.254,172.161,53.432,-167.657
-0.535,0.168,-0.741,1.648,-0.061,-9.216,172.288,53.553,-166.871
-0.614,0.165,-0.789,-1.099,1.343,-7.69,172.436,53.828,-166.108
-0.489,0.248,-0.781,-1.404,7.69,-2.075,172.414,53.712,-165.432
-0.551,0.295,-0.921,11.902,-0.793,-2.686,172.54,53.696,-165.092
-0.63,0.318,-0.972,14.893,-5.249,6.165,172.958,53.998,-165.103
-0.667,0.234,-1.046,25.452,2.258,0.305,173.743,54.102,-165.19
-0.749,0.133,-1.146,31.25,12.939,-3.967,175.122,53.844,-164.8
-0.502,-0.032,-1.112,30.701,35.889,7.812,176.605,52.564,-164.498
-0.044,-0.125,-0.86,18.066,20.874,25.085,177.44,50.861,-165.146
-0.329,-0.09,-0.843,17.456,-7.019,22.583,177.759,50.768,-166.564
-0.282,-0.071,-0.796,17.761,22.705,40.955,178.11,49.867,-168.223
-0.163,-0.066,-0.737,16.479,5.005,42.236,178.204,48.823,-170.601
-0.327,-0.043,-0.711,11.658,-11.292,29.968,178.297,48.823,-172.716
-0.473,-0.032,-0.746,9.644,-10.559,25.635,178.423,49.235,-174.139
-0.507,-0.03,-0.774,11.047,0.305,24.719,178.539,49.417,-175.117
-0.518,-0.063,-0.83,11.536,6.653,21.484,178.786,49.334,-175.693
-0.437,-0.039,-0.829,6.287,7.568,27.71,178.846,48.988,-176.265
-0.446,-0.033,-0.836,6.592,2.441,23.804,178.726,48.895,-177.006
-0.433,-0.03,-0.863,4.028,4.517,24.719,178.627,48.801,-177.61
-0.428,-0.063,-0.966,2.93,11.169,18.066,178.5,48.499,-178.204
-0.312,-0.075,-1.054,-3.54,5.493,7.69,178.434,47.939,-178.412
-0.383,-0.094,-1.134,-13.977,-2.075,1.038,178.215,48.038,-178.423
-0.519,0.048,-1.248,-24.475,-12.756,-1.16,177.341,48.45,-178.599
-0.488,0.146,-1.205,-23.865,-5.066,-16.907,176.468,48.84,-178.193
-0.212,0.192,-0.985,-30.09,2.686,-23.804,175.787,48.801,-177.034
-0.266,0.375,-0.907,-37.292,-18.677,-13.794,174.364,49.213,-176.6
-0.365,0.404,-0.812,-23.315,-9.338,-34.18,173.238,49.922,-175.864
-0.359,0.306,-0.698,-14.832,-6.165,-44.373,173.079,50.455,-174.012
-0.348,0.247,-0.628,-13.184,0.366,-37.048,173.057,50.795,-172.156
-0.329,0.205,-0.619,-11.414,-4.822,-33.081,172.985,51.026,-170.612
-0.44,0.188,-0.649,-9.583,-6.47,-34.851,172.974,51.597,-169.058
-0.54,0.169,-0.709,-10.315,-0.061,-37.842,173.161,52.119,-167.168
-0.572,0.175,-0.77,-11.353,9.705,-38.879,173.414,52.3,-164.938
-0.545,0.172,-0.794,-15.442,15.137,-33.447,173.622,52.125,-162.603
-0.516,0.227,-0.826,-12.329,15.625,-30.273,173.54,51.79,-160.659
-0.421,0.209,-0.801,-8.728,9.766,-31.433,173.782,51.487,-158.681
-0.479,0.218,-0.8,-0.793,-4.883,-33.691,174.095,51.779,-157.017
-0.526,0.232,-0.856,-2.991,-0.549,-28.442,174.617,52.234,-155.358
-0.545,0.248,-0.92,7.629,-9.155,-26.794,175.21,52.63,-153.979
-0.58,0.132,-1.017,14.709,-3.418,-20.02,176.27,53.141,-152.82
-0.798,0.072,-1.211,10.742,-4.089,-18.494,177.259,53.492,-151.826
-0.714,0.079,-1.266,-3.296,21.667,-9.155,177.698,53.053,-150.936
-0.226,0.091,-0.975,-2.136,22.4,-7.385,177.709,51.883,-150.375
-0.233,-0.0,-0.857,2.686,-8.667,-13.062,178.044,51.669,-150.018
-0.242,0.028,-0.785,-2.197,13.611,-8.118,178.308,51.345,-149.738
-0.146,-0.003,-0.677,-3.662,-4.089,-8.667,178.341,50.768,-149.865
-0.298,-0.02,-0.642,-7.263,-14.771,-20.264,178.44,51.108,-149.65
-0.438,-0.021,-0.673,-7.69,-17.334,-25.574,178.676,51.773,-148.771
-0.597,-0.051,-0.736,-8.667,-5.554,-31.189,179.187,52.493,-147.118
-0.551,-0.044,-0.789,-7.08,4.456,-31.86,179.714,52.608,-145.085
-0.543,-0.093,-0.799,-6.836,9.949,-31.799,-179.604,52.509,-142.888
-0.524,-0.105,-0.783,-9.277,7.324,-28.503,-179.066,52.295,-140.834
-0.515,-0.096,-0.748,-12.085,-0.366,-26.611,-178.726,52.284,-138.878
-0.616,-0.1,-0.768,-15.808,-1.953,-29.48,-178.451,52.685,-136.802
-0.538,-0.087,-0.797,-18.555,2.197,-30.518,-178.374,52.855,-134.692
-0.563,-0.083,-0.945,-27.527,-0.183,-26.001,-178.539,53.102,-132.599
-0.474,-0.044,-1.049,-28.015,1.465,-25.208,-179.138,53.108,-130.957
-0.589,-0.023,-1.115,-29.663,-18.86,-39.978,-179.5,53.74,-128.947
-0.886,0.009,-1.301,-36.377,13.123,-49.133,-179.572,54.168,-126.178
-0.202,0.183,-1.042,-45.471,30.396,-48.95,179.731,52.668,-123.464
-0.009,0.294,-0.772,-43.213,-34.302,-51.147,178.792,52.784,-121.24
-0.697,0.33,-0.892,-48.401,-40.527,-39.856,177.347,55.305,-119.905
-0.322,0.366,-0.814,-34.18,30.09,-48.828,176.331,54.899,-118.169
-0.239,0.257,-0.746,-17.639,-3.052,-52.734,176.193,54.382,-116.153
-0.389,0.13,-0.658,-19.775,-12.634,-55.359,176.446,55.052,-114.181
-0.403,0.167,-0.608,-19.47,-13.672,-50.476,176.589,55.86,-112.159
-0.543,0.121,-0.636,-11.597,-14.099,-54.321,177.028,56.832,-110.105
-0.62,0.055,-0.682,-10.864,-2.075,-55.115,178.033,57.546,-107.545
-0.599,0.041,-0.699,-15.503,1.892,-46.509,178.912,57.805,-104.991
-0.611,0.103,-0.744,-21.118,4.761,-33.997,179.165,57.903,-103.046
-0.56,0.132,-0.719,-19.348,5.92,-30.151,179.138,57.892,-101.541
-0.48,0.176,-0.662,-14.465,-2.563,-27.466,179.061,58.063,-100.404
-0.615,0.144,-0.698,-7.507,-15.503,-32.349,179.363,58.854,-99.24
-0.751,0.147,-0.807,-4.7,-10.315,-33.081,179.934,59.705,-97.927
-0.88,0.132,-0.967,-1.77,-2.808,-32.043,-179.154,60.26,-96.427
-0.551,0.129,-0.838,6.409,7.507,-24.17,-178.215,60.255,-95.328
-0.675,0.007,-0.938,16.724,-5.554,-28.015,-176.814,60.595,-94.367
-0.411,-0.095,-0.912,5.31,12.39,-25.391,-175.518,60.178,-93.334
-0.254,-0.148,-0.813,-11.658,-1.343,-33.447,-174.803,59.744,-92.0
-0.514,-0.15,-0.797,-18.372,-31.86,-60.303,-173.963,60.436,-89.423
-0.676,-0.179,-0.851,-22.949,-0.061,-62.012,-172.491,60.864,-85.611
-0.532,-0.16,-0.838,-32.104,16.724,-43.03,-171.876,60.018,-82.634
-0.398,-0.074,-0.762,-38.635,5.676,-34.729,-172.348,59.101,-80.673
-0.475,-0.038,-0.706,-37.292,-13.672,-44.8,-172.798,59.052,-78.514
-0.591,-0.052,-0.668,-34.668,-15.625,-53.345,-172.798,59.595,-75.811
-0.635,-0.11,-0.687,-33.813,-9.583,-60.669,-172.425,59.985,-72.675
-0.642,-0.158,-0.767,-36.621,-3.418,-64.392,-171.832,60.084,-69.153
-0.65,-0.162,-0.851,-39.368,-1.587,-60.303,-171.431,59.974,-65.693
-0.599,-0.212,-0.895,-44.312,5.615,-52.612,-171.354,59.584,-62.595
-0.527,-0.147,-0.937,-49.316,-0.488,-44.8,-172.018,59.123,-60.117
-0.548,-0.152,-0.823,-43.884,-21.179,-59.265,-172.249,59.579,-57.123
-0.801,-0.021,-0.854,-44.495,-26.001,-54.382,-172.365,60.595,-53.97
-0.626,0.004,-0.771,-44.434,-1.038,-53.955,-172.485,60.732,-51.18
-0.383,0.068,-0.612,-57.739,-8.057,-52.795,-173.095,60.716,-48.477
-0.668,0.15,-0.685,-69.214,-38.879,-52.673,-174.468,62.128,-45.961
-0.818,0.246,-0.773,-72.266,7.141,-65.796,-175.913,62.809,-43.127
-0.607,0.28,-0.773,-66.406,28.931,-78.308,-176.819,61.782,-39.688
-0.477,0.263,-0.771,-52.368,18.616,-80.322,-177.177,60.677,-36.035
-0.568,0.18,-0.782,-40.894,-1.221,-69.092,-177.16,60.458,-32.811
-0.583,0.14,-0.722,-36.316,-4.333,-53.345,-177.242,60.721,-30.394
-0.641,0.146,-0.702,-31.067,-12.146,-44.434,-177.55,61.304,-28.773
-0.617,0.141,-0.644,-25.391,-2.869,-38.574,-177.676,61.859,-27.427
-0.57,0.116,-0.612,-17.456,-7.019,-33.875,-177.731,62.249,-26.521
-0.685,0.083,-0.676,-13.977,-8.301,-27.588,-177.44,62.853,-25.681
-0.678,0.131,-0.75,-7.629,-7.202,-16.724,-177.435,63.336,-25.554
-0.859,0.153,-0.906,-4.333,-23.132,-8.606,-177.369,64.457,-25.851
-1.106,0.147,-1.122,3.906,-16.846,-13.855,-177.171,65.797,-26.312
-0.929,0.055,-1.123,7.141,4.089,-21.973,-176.177,65.918,-26.054
-0.637,-0.046,-0.998,2.686,12.146,-11.841,-175.43,65.539,-25.939
-0.374,-0.069,-0.868,-1.648,9.644,-3.845,-175.369,64.77,-26.362
-0.379,-0.082,-0.836,0.061,11.841,-9.827,-175.177,64.083,-26.461
-0.321,-0.077,-0.802,-2.441,16.418,-4.517,-174.99,63.034,-26.433
-0.228,-0.074,-0.647,-8.606,4.822,3.967,-175.276,62.111,-26.763
-0.323,-0.035,-0.579,-10.681,-17.456,1.404,-175.853,62.056,-27.142
-0.549,-0.026,-0.614,-11.475,-19.836,-0.061,-176.331,62.765,-27.334
-0.609,0.011,-0.664,-8.484,-9.277,0.244,-176.808,63.254,-27.713
-0.74,-0.02,-0.746,-4.944,-1.221,-1.221,-177.061,63.539,-28.163
-0.663,-0.031,-0.761,-1.892,8.728,-3.479,-177.144,63.331,-28.575
-0.562,-0.06,-0.741,-2.686,4.517,-3.479,-177.039,62.963,-28.85
-0.593,-0.091,-0.708,-4.272,-6.897,-7.202,-176.907,63.078,-28.976
-0.643,-0.1,-0.71,-8.85,-8.545,-7.629,-176.765,63.463,-28.845
-0.695,-0.093,-0.702,-12.756,-10.925,-7.446,-176.88,64.05,-28.768
-0.7,-0.105,-0.705,-13.55,-12.634,-12.512,-176.918,64.633,-28.471
-0.758,-0.127,-0.777,-17.944,-15.259,-10.01,-176.984,65.506,-28.021
-0.886,-0.077,-1.008,-20.508,-8.728,1.953,-177.632,66.028,-28.158
-0.944,-0.022,-1.249,-10.803,16.968,0.916,-178.363,65.709,-28.713
-0.63,-0.009,-1.136,-10.132,6.714,-13.0,-178.319,65.072,-28.482
-0.311,0.142,-0.792,-29.053,-0.916,3.357,-179.022,64.819,-28.4
-0.524,0.355,-0.712,-31.616,-34.729,15.137,178.528,65.786,-29.811
-0.511,0.274,-0.582,-10.315,3.845,-17.273,177.413,66.138,-30.377
-0.412,0.184,-0.477,-2.563,-5.188,-18.005,177.545,66.083,-30.015
-0.507,0.117,-0.465,2.625,-10.62,-13.794,177.803,66.572,-30.009
-0.608,0.096,-0.516,4.7,-5.798,-16.052,178.215,67.039,-30.07
-0.75,0.055,-0.607,3.296,0.854,-20.996,179.028,67.396,-29.685
-0.768,0.032,-0.658,-3.174,12.146,-17.151,179.819,67.225,-29.097
-0.734,0.045,-0.682,-8.911,19.714,-11.841,-179.885,66.676,-28.768
-0.61,0.083,-0.668,-9.827,19.287,-7.996,-179.967,65.814,-28.702
-0.671,0.08,-0.692,-4.456,7.69,-8.362,-179.978,65.396,-28.729
-0.6,0.098,-0.712,-3.174,13.611,-1.465,179.945,64.841,-29.031
-0.699,0.137,-0.779,-0.793,10.864,3.967,179.67,64.517,-29.756
-0.535,0.172,-0.771,2.808,4.211,8.606,179.363,64.017,-30.767
-0.727,0.168,-0.863,7.141,-15.259,4.211,179.193,64.644,-31.811
-0.709,0.216,-0.906,9.766,-7.568,0.183,179.154,65.132,-32.679
-0.845,0.124,-1.0,17.334,-14.038,-13.184,179.995,65.693,-32.789
-1.044,0.059,-1.095,15.93,-1.953,-9.155,-178.885,66.121,-32.536
-0.703,-0.033,-0.885,21.79,21.24,0.0,-177.957,65.484,-32.789
-0.4,-0.188,-0.706,28.076,-2.075,-12.39,-176.644,64.77,-32.915
-0.52,-0.3,-0.704,18.372,18.188,-13.184,-174.446,64.523,-31.718
-0.217,-0.172,-0.577,-6.042,28.503,31.921,-174.446,62.957,-32.338
-0.292,-0.039,-0.567,-8.423,2.014,29.602,-175.919,62.133,-34.217
-0.483,-0.011,-0.628,-3.052,-11.597,13.672,-176.776,62.238,-35.272
-0.664,-0.048,-0.704,-0.793,-11.78,3.845,-176.979,62.77,-35.634
-0.758,-0.077,-0.765,0.0,-1.587,-5.066,-176.841,63.111,-35.612
-0.65,-0.093,-0.745,-2.441,11.292,-4.15,-176.539,62.842,-35.31
-0.577,-0.1,-0.704,-4.639,2.38,-0.427,-176.473,62.556,-35.211
-0.657,-0.076,-0.712,-10.437,-1.709,4.517,-176.83,62.71,-35.403
-0.635,-0.034,-0.717,-10.803,2.197,7.935,-177.473,62.737,-35.848
-0.661,-0.045,-0.749,-7.812,5.432,6.897,-178.066,62.661,-36.365
-0.62,-0.049,-0.779,-6.958,11.23,7.446,-178.544,62.26,-36.832
-0.566,-0.076,-0.807,-7.935,1.404,7.446,-179.044,61.99,-37.326
-0.618,-0.092,-0.867,-13.916,-13.611,3.174,-179.599,62.386,-37.546
-0.689,-0.052,-0.946,-18.921,-8.362,6.409,179.544,62.93,-37.738
-0.962,0.06,-1.164,-19.287,-15.015,7.629,178.533,63.539,-38.04
-0.708,0.107,-1.088,-10.559,20.752,-3.723,177.814,63.331,-38.161
-0.188,0.179,-0.831,-17.944,9.338,0.122,177.407,62.172,-37.804
-0.512,0.264,-0.795,-21.362,-35.767,1.709,176.177,62.864,-38.029
-0.624,0.242,-0.698,-17.273,-11.902,-15.503,175.265,63.869,-37.897
-0.514,0.229,-0.573,-14.709,-8.728,-18.311,174.919,64.254,-37.117
-0.495,0.167,-0.487,-8.972,-11.475,-15.869,174.705,64.786,-36.552
-0.511,0.14,-0.458,-3.418,-15.93,-13.367,174.661,65.544,-36.222
-0.643,0.144,-0.518,-1.465,-19.47,-5.737,174.551,66.566,-36.337
-0.728,0.129,-0.576,1.465,-11.23,-7.263,174.534,67.445,-36.601
-0.805,0.13,-0.637,0.732,-2.38,-8.24,174.798,67.983,-36.535
-0.761,0.129,-0.643,-0.183,10.376,-4.333,174.979,67.917,-36.552
-0.643,0.142,-0.622,-0.793,17.822,-1.526,175.056,67.341,-36.645
-0.572,0.16,-0.621,0.671,5.981,0.305,174.985,66.901,-36.931
-0.782,0.172,-0.688,4.883,-8.545,-4.15,175.04,67.247,-37.205
-0.953,0.189,-0.811,3.479,10.254,6.897,175.172,67.313,-37.535
-0.661,0.214,-0.735,9.399,31.921,16.724,174.831,66.033,-38.644
-0.608,0.178,-0.768,23.315,25.879,3.906,175.155,64.781,-39.43
-0.638,0.084,-0.846,33.386,7.019,-4.822,176.539,63.924,-39.507
-1.041,0.055,-1.101,27.954,11.658,7.996,178.0,63.82,-39.628
-0.903,0.049,-1.175,27.71,32.959,17.456,178.841,62.573,-40.441
-0.481,0.015,-0.927,26.855,44.312,27.344,179.341,60.524,-41.71
-0.181,-0.08,-0.705,28.992,11.719,19.409,179.94,58.87,-42.929
-0.433,-0.098,-0.719,21.79,0.061,13.428,-179.165,58.744,-43.401
-0.27,-0.059,-0.659,17.639,31.494,23.987,-178.72,57.662,-44.094
-0.202,-0.09,-0.644,15.259,6.897,14.465,-178.286,56.453,-44.67
-0.404,-0.053,-0.686,8.972,-9.399,11.902,-177.94,56.492,-44.791
-0.547,-0.082,-0.743,7.751,-9.338,2.869,-177.528,56.898,-44.615
-0.61,-0.061,-0.818,4.944,0.977,0.549,-177.144,57.079,-44.258
-0.539,-0.105,-0.817,3.967,3.479,-2.014,-176.726,56.931,-43.824
-0.543,-0.115,-0.808,-2.808,-5.92,-3.601,-176.484,57.079,-43.275
-0.543,-0.1,-0.775,-9.521,-3.845,-5.066,-176.484,57.343,-42.599
-0.534,-0.063,-0.728,-12.39,-8.179,-4.944,-176.748,57.7,-41.962
-0.542,-0.075,-0.736,-10.925,-4.517,-9.46,-176.891,58.101,-41.171
-0.569,-0.078,-0.765,-10.986,-4.456,-10.315,-176.946,58.354,-40.254
-0.631,-0.085,-0.833,-13.611,-14.587,-8.911,-177.05,58.76,-39.38
-0.737,-0.087,-0.87,-13.184,-18.25,-12.573,-177.204,59.76,-38.458
-0.682,-0.093,-0.918,-18.677,-7.446,-4.089,-177.429,60.425,-37.606
-0.756,0.014,-1.029,-20.203,-16.296,10.803,-178.407,60.996,-37.59
-0.855,0.117,-1.122,-13.611,9.949,18.311,-179.764,61.271,-38.386
-0.556,0.121,-1.017,-1.587,8.24,4.089,179.5,60.656,-38.979
-0.393,0.112,-0.862,-1.343,7.812,-6.958,179.539,60.26,-38.683
-0.39,0.158,-0.814,-11.963,-6.226,1.648,179.313,60.068,-38.282
-0.477,0.187,-0.802,-13.855,8.484,-0.366,178.391,59.832,-38.375
-0.271,0.151,-0.696,-11.108,15.381,-17.517,178.039,58.881,-37.573
-0.295,0.109,-0.624,-8.911,-11.169,-20.752,178.066,58.727,-36.271
-0.512,0.093,-0.631,-6.531,-17.7,-18.86,178.171,59.442,-35.101
-0.521,0.088,-0.61,-4.089,-13.428,-13.672,178.281,60.073,-34.288
-0.7,0.088,-0.683,-3.662,-13.0,-9.46,178.336,60.875,-33.794
-0.677,0.079,-0.709,-2.38,1.099,-8.728,178.391,61.177,-33.464
-0.672,0.104,-0.718,-2.808,5.249,-5.859,178.412,61.194,-33.217
-0.617,0.125,-0.707,-0.977,4.822,-0.366,178.358,61.089,-33.206
-0.622,0.135,-0.713,2.075,-8.667,1.038,178.259,61.26,-33.442
-0.588,0.12,-0.706,2.93,-2.808,0.122,178.264,61.694,-33.701
-0.652,0.186,-0.75,1.648,-17.395,1.404,178.05,62.238,-34.096
-0.729,0.152,-0.787,5.493,-4.211,-3.845,178.116,62.875,-34.283
-0.642,0.156,-0.812,10.254,-1.465,-3.357,178.423,62.996,-34.31
-0.646,0.124,-0.848,15.991,-2.075,-7.141,179.077,63.138,-34.189
-0.77,0.078,-0.948,19.287,-12.207,-8.24,-179.907,63.463,-33.838
-0.973,0.021,-1.062,21.423,1.587,-0.793,-178.83,63.858,-33.624
-0.838,0.002,-1.004,20.386,13.855,16.113,-178.374,63.479,-34.332
-0.36,-0.082,-0.772,29.663,32.166,14.771,-177.814,62.073,-35.365
-0.335,-0.227,-0.768,34.912,12.756,-5.432,-176.155,61.068,-35.299
-0.282,-0.258,-0.663,15.869,2.991,8.179,-174.749,60.485,-34.876
-0.362,-0.183,-0.602,-0.305,-10.986,28.137,-174.919,60.661,-35.623
-0.463,-0.074,-0.568,-7.385,-26.428,29.48,-175.919,61.534,-36.876
-0.688,-0.005,-0.643,-4.15,-20.386,28.625,-176.973,62.77,-38.172
-0.755,0.011,-0.719,4.822,-7.996,26.489,-177.896,63.424,-39.716
-0.703,0.002,-0.727,8.728,9.094,23.071,-178.423,63.457,-41.144
-0.599,-0.029,-0.69,11.78,7.263,18.982,-178.643,63.127,-42.341
-0.631,-0.034,-0.683,6.287,-5.432,17.639,-178.802,63.16,-43.336
-0.627,-0.033,-0.681,4.15,1.709,14.893,-179.132,63.38,-44.253
-0.7,-0.047,-0.738,-2.563,-1.343,10.193,-179.473,63.506,-44.885
-0.593,-0.069,-0.74,-7.751,10.132,4.639,-179.857,63.331,-45.143
-0.696,-0.076,-0.82,-14.893,-6.287,2.014,179.621,63.391,-45.126
-0.741,-0.028,-0.918,-19.287,-0.549,2.625,178.83,63.567,-45.049
-0.861,-0.014,-1.023,-19.714,-1.404,-2.747,178.055,63.71,-44.857
-0.902,0.066,-1.095,-17.517,12.207,-22.4,177.852,63.539,-43.775
-0.513,0.084,-0.868,-17.273,27.283,-35.034,178.478,62.562,-41.534
-0.361,0.208,-0.802,-28.381,-0.916,-18.616,178.429,61.859,-39.716
-0.596,0.303,-0.809,-19.958,6.287,-10.559,177.44,61.897,-39.15
-0.395,0.25,-0.763,-10.132,11.597,-20.142,177.253,61.166,-38.227
-0.342,0.191,-0.653,-2.93,-3.479,-19.653,177.413,60.991,-37.244
-0.502,0.133,-0.637,0.183,-17.273,-17.212,177.715,61.573,-36.458
-0.466,0.062,-0.573,-4.333,-4.272,-16.296,177.99,61.891,-35.788
-0.663,0.115,-0.654,-11.475,-6.958,-15.93,177.918,62.347,-35.112
-0.567,0.071,-0.627,-11.169,3.479,-26.489,177.995,62.402,-34.113
-0.749,0.075,-0.709,-12.451,-6.958,-29.358,178.423,62.858,-32.558
-0.636,0.103,-0.696,-10.498,7.141,-14.893,178.627,62.946,-31.443
-0.648,0.084,-0.714,-6.226,-0.183,-10.193,178.665,63.029,-30.948
-0.662,0.158,-0.752,-4.761,0.488,-2.563,178.418,63.193,-30.932
-0.656,0.172,-0.784,0.244,-5.798,-2.075,178.281,63.419,-31.097
-0.769,0.166,-0.829,4.761,-15.869,-1.953,178.204,64.127,-31.448
-0.992,0.143,-1.007,7.751,-11.963,-4.7,178.456,64.863,-31.619
-0.973,0.057,-1.016,11.536,11.169,1.77,178.962,64.924,-31.794
-0.578,0.023,-0.85,10.01,34.668,23.132,178.852,63.682,-32.877
-0.25,-0.027,-0.781,17.456,15.076,20.325,178.654,62.144,-34.409
-0.464,-0.095,-0.752,15.259,2.686,12.817,179.138,61.853,-35.129
-0.433,-0.054,-0.703,10.559,8.85,23.865,179.116,61.238,-36.205
-0.443,-0.077,-0.662,9.155,3.174,17.822,179.094,60.82,-37.26
-0.51,-0.041,-0.661,5.371,-6.409,18.494,178.989,60.771,-38.172
-0.622,-0.016,-0.661,1.526,0.366,19.592,178.693,60.925,-39.183
-0.622,-0.003,-0.688,3.601,0.061,15.625,178.33,60.87,-40.215
-0.657,0.009,-0.698,3.357,-0.305,12.756,178.149,60.958,-41.028
-0.646,-0.002,-0.703,5.188,-2.38,11.23,178.132,61.084,-41.715
-0.586,-0.015,-0.695,10.01,-0.305,8.301,178.22,61.249,-42.374
-0.57,-0.027,-0.718,7.08,0.061,11.719,178.434,61.381,-42.951
-0.594,-0.067,-0.823,4.578,-0.977,10.803,178.528,61.425,-43.577
-0.641,-0.047,-0.856,-5.676,-3.113,7.935,178.275,61.694,-44.11
-0.618,0.01,-0.95,-10.803,-0.366,-1.404,177.918,61.716,-44.176
-0.637,0.149,-1.09,-4.761,-13.489,-24.109,178.094,61.99,-43.341
-1.012,0.145,-1.263,0.488,-11.292,-52.734,179.747,62.952,-40.71
-0.638,0.06,-0.96,-5.066,23.01,-58.716,-178.028,62.391,-37.073
-0.428,0.125,-0.874,-25.94,4.883,-34.973,-177.352,61.403,-34.453
-0.578,0.139,-0.766,-29.724,9.644,-31.86,-177.863,61.122,-32.805
-0.464,0.124,-0.629,-22.522,26.855,-40.466,-177.973,60.029,-30.767
-0.311,0.034,-0.508,-23.926,22.278,-38.025,-177.929,58.738,-28.729
-0.365,0.074,-0.525,-27.1,6.104,-30.029,-178.369,58.14,-27.109
-0.557,0.082,-0.639,-18.921,4.395,-26.245,-178.753,58.052,-25.845
-0.63,0.028,-0.709,-13.55,0.122,-25.879,-178.764,58.035,-24.648
-0.656,0.048,-0.746,-12.573,7.324,-15.869,-178.83,58.123,-23.769
-0.631,0.06,-0.744,-11.536,2.502,-6.104,-179.094,58.096,-23.467
-0.544,0.092,-0.734,-6.409,5.371,0.488,-179.539,58.024,-23.687
-0.551,0.093,-0.754,-0.793,-6.897,-0.122,-179.824,58.26,-24.082
-0.572,0.136,-0.801,-0.366,-3.662,6.104,179.94,58.656,-24.587
-0.647,0.16,-0.87,9.521,-27.222,5.676,179.687,59.321,-25.444
-0.723,0.109,-0.981,13.245,-22.278,7.385,179.896,60.595,-26.175
-0.941,0.052,-1.126,14.709,-23.743,9.155,-179.934,61.902,-27.131
-0.831,0.031,-1.133,11.414,8.789,11.902,-179.813,62.111,-28.043
-0.286,0.047,-0.908,22.766,18.921,12.756,-179.544,61.106,-28.993
-0.411,-0.12,-0.832,30.518,1.526,7.507,-178.347,60.721,-29.471
-0.347,-0.129,-0.651,16.479,10.315,26.794,-177.841,60.046,-30.487
-0.38,-0.099,-0.61,6.592,15.991,30.029,-178.237,59.277,-32.13
-0.283,-0.048,-0.578,-0.793,-0.732,20.874,-178.753,58.623,-33.338
-0.592,-0.003,-0.626,-6.592,-22.278,14.771,-179.341,59.31,-34.151
-0.674,0.037,-0.668,-2.197,-8.179,11.841,-179.907,60.002,-34.915
-0.729,-0.014,-0.723,2.441,-2.991,3.418,179.967,60.491,-35.403
-0.673,-0.024,-0.749,0.549,7.629,2.869,-180.0,60.502,-35.678
-0.622,-0.036,-0.78,-0.977,15.198,2.502,-179.923,60.123,-35.81
-0.522,-0.033,-0.764,0.671,9.705,4.028,-179.934,59.617,-36.013
-0.612,-0.072,-0.788,1.892,15.137,9.094,-179.929,59.222,-36.359
-0.676,-0.044,-0.904,2.502,25.146,10.254,179.989,58.332,-36.859
-0.611,-0.045,-1.009,3.296,33.203,15.93,179.907,56.827,-37.535
-0.583,0.0,-1.2,0.549,34.302,12.207,179.747,55.151,-38.205
-0.56,0.098,-1.212,-3.601,23.438,1.221,179.659,53.849,-38.342
-0.249,0.114,-0.964,-4.822,33.997,-14.648,179.802,52.278,-37.672
-0.228,0.197,-0.898,-21.179,-1.77,-11.719,179.374,51.422,-36.804
-0.376,0.191,-0.817,-20.874,-2.075,-31.616,178.764,51.548,-35.541
-0.371,0.171,-0.712,-22.4,-1.77,-41.077,178.5,51.586,-33.431
-0.319,0.124,-0.616,-20.02,-3.235,-38.635,178.275,51.713,-31.415
-0.41,0.1,-0.621,-20.081,-3.479,-37.72,178.083,52.042,-29.493
-0.444,0.122,-0.661,-21.301,-2.502,-33.691,177.764,52.262,-27.856
-0.576,0.109,-0.73,-23.071,-1.77,-41.748,177.512,52.723,-26.115
-0.561,0.071,-0.744,-31.921,3.54,-59.143,177.435,52.982,-23.615
-0.634,0.069,-0.792,-49.072,9.399,-73.914,177.177,53.245,-20.204
-0.494,0.161,-0.763,-53.528,13.184,-75.134,176.616,53.135,-16.249
-0.475,0.146,-0.76,-49.988,0.549,-69.824,176.067,53.405,-12.453
-0.524,0.244,-0.817,-41.504,-11.23,-51.453,175.314,54.179,-9.459
-0.485,0.279,-0.845,-20.63,-19.287,-31.067,174.727,55.195,-7.756
-0.727,0.225,-0.906,-11.963,-39.673,-30.701,174.617,56.986,-6.658
-0.823,0.256,-0.995,-6.104,-16.113,-38.574,174.88,58.535,-5.4
-0.862,0.161,-1.175,-5.676,-6.836,-46.875,175.99,59.348,-3.246
-0.69,0.188,-1.159,-13.55,9.155,-28.931,176.589,59.491,-1.39
-0.198,0.167,-0.928,-1.465,0.488,-26.428,176.929,59.194,-0.126
-0.429,-0.021,-0.86,3.967,-23.682,-39.368,178.264,60.057,1.967
-0.344,0.031,-0.706,-11.047,-6.47,-16.968,178.83,60.496,3.565
-0.36,0.053,-0.625,-13.428,-9.705,-13.306,178.616,60.661,4.373
-0.411,0.062,-0.54,-16.846,-3.174,-16.663,178.352,60.771,5.279
-0.541,0.025,-0.593,-15.259,-7.751,-26.184,178.314,60.991,6.476
-0.63,0.002,-0.621,-16.541,3.784,-29.419,178.55,61.21,7.938
-0.646,-0.027,-0.674,-14.16,3.357,-33.875,178.967,61.183,9.503
-0.7,-0.08,-0.732,-19.348,8.789,-35.156,179.583,61.144,11.299
-0.568,-0.054,-0.739,-25.085,15.564,-36.377,179.967,60.667,13.217
-0.523,-0.063,-0.754,-27.039,-2.686,-40.222,-179.736,60.54,15.32
-0.593,-0.038,-0.775,-29.358,-6.104,-44.983,-179.456,60.903,17.677
-0.631,-0.086,-0.798,-29.968,-5.493,-53.955,-178.907,61.315,20.5
-0.683,-0.069,-0.872,-36.682,-4.028,-59.814,-178.27,61.606,23.84
-0.8,-0.08,-0.88,-36.682,2.625,-75.439,-177.314,61.88,27.861
-0.753,0.038,-0.862,-40.1,-0.427,-72.937,-176.38,61.765,32.195
-0.495,0.129,-0.644,-47.913,-1.465,-54.871,-176.265,61.705,35.711
-0.606,0.189,-0.614,-39.429,-34.424,-57.129,-176.473,62.82,38.837
-0.754,0.092,-0.618,-45.166,-21.973,-62.561,-176.314,64.319,42.358
-0.823,0.14,-0.642,-55.237,-2.93,-63.049,-176.424,65.012,46.104
-0.7,0.18,-0.645,-55.298,15.015,-56.152,-176.979,64.693,49.521
-0.65,0.2,-0.665,-50.354,17.578,-54.016,-177.654,64.072,52.839
-0.607,0.201,-0.651,-40.405,8.301,-51.819,-178.127,63.611,56.299
-0.677,0.173,-0.647,-27.649,-3.113,-50.903,-178.182,63.737,59.843
-0.635,0.208,-0.602,-16.785,-3.662,-40.039,-177.913,64.012,63.182
-0.666,0.164,-0.596,-2.563,-11.292,-29.785,-177.363,64.49,66.044
-0.776,0.18,-0.652,2.258,-16.968,-18.494,-176.907,65.314,68.187
-0.861,0.164,-0.727,10.01,-14.404,-24.597,-176.221,66.209,70.241
-0.973,0.099,-0.84,23.987,-32.166,-30.762,-174.589,67.346,72.85
-1.025,-0.081,-0.87,32.837,-21.423,-35.522,-171.87,68.736,75.795
-0.68,-0.219,-0.683,19.104,19.165,-21.24,-169.343,68.659,78.146
-0.555,-0.216,-0.733,12.939,35.767,-31.25,-168.124,66.984,79.343
-0.391,-0.367,-0.811,0.671,34.18,-47.974,-165.976,64.77,81.936
-0.451,-0.33,-0.847,-29.053,13.245,-28.992,-165.399,63.281,83.925
-0.4,-0.174,-0.733,-49.805,-6.531,-22.4,-166.487,62.693,85.243
-0.588,-0.078,-0.696,-52.429,-26.306,-35.4,-167.651,63.237,87.352
-0.704,-0.107,-0.702,-50.11,-10.498,-44.678,-168.245,63.693,90.352
-0.691,-0.104,-0.725,-51.697,3.357,-41.992,-169.036,63.397,93.307
-0.609,-0.14,-0.746,-50.11,14.16,-45.776,-169.794,62.666,96.422
-0.525,-0.15,-0.717,-49.805,8.667,-46.021,-170.48,61.842,99.69
-0.557,-0.139,-0.719,-49.194,-8.789,-47.302,-171.134,61.639,103.013
-0.619,-0.166,-0.726,-49.622,-14.587,-50.232,-171.519,62.029,106.683
-0.682,-0.165,-0.746,-54.688,-20.752,-46.692,-172.002,62.726,110.517
-0.663,-0.162,-0.789,-58.289,-22.095,-39.49,-172.831,63.627,114.208
-0.471,-0.238,-0.655,-55.42,-37.842,-34.668,-173.793,65.028,117.609
-0.89,-0.148,-0.775,-58.289,-87.097,-25.452,-174.924,68.115,120.504
-1.217,-0.129,-0.998,-58.105,-24.78,-27.283,-175.891,71.098,123.783
-0.833,0.255,-0.882,-76.965,15.259,-1.038,-178.533,71.169,126.057
-0.466,0.508,-0.743,-60.364,-18.86,-6.775,178.044,70.988,127.277
-0.727,0.462,-0.672,-50.72,-26.489,-10.193,175.545,72.301,128.738
-0.64,0.43,-0.603,-42.664,-1.465,-19.958,173.578,72.669,130.622
-0.584,0.367,-0.595,-35.217,8.24,-27.71,172.595,72.323,133.303
-0.521,0.339,-0.583,-26.306,19.287,-28.687,172.255,71.516,136.318
-0.499,0.276,-0.569,-15.869,11.108,-26.55,172.282,70.735,139.098
-0.593,0.222,-0.606,-13.916,0.549,-26.978,172.48,70.483,141.669
-0.638,0.127,-0.597,-14.038,1.648,-30.884,173.046,70.505,144.569
-0.688,0.156,-0.606,-15.076,-8.118,-23.315,173.337,70.774,147.25
-0.763,0.145,-0.614,-10.315,-0.732,-21.851,173.568,71.131,149.639
-0.723,0.133,-0.586,-5.554,2.319,-19.104,174.051,71.191,152.089
-0.752,0.102,-0.614,-1.404,-1.587,-14.709,174.578,71.274,154.265
-0.747,0.105,-0.612,-0.916,2.747,-4.7,174.941,71.373,156.039
-0.619,0.095,-0.531,2.38,-3.479,-2.014,174.979,71.4,157.225
-0.651,0.106,-0.517,2.93,-22.644,-0.366,174.941,72.043,158.165
-0.925,0.081,-0.616,6.409,-33.447,-6.348,175.012,73.581,159.099
-1.094,0.061,-0.67,-1.404,-23.01,-2.136,175.232,75.262,160.34
-0.887,0.131,-0.633,-3.418,29.785,5.066,174.721,74.828,161.169
-0.661,0.098,-0.643,1.953,23.438,-8.667,175.1,73.471,162.768
-0.816,0.11,-0.725,1.953,0.427,-8.423,175.627,73.13,164.366
-1.013,0.088,-0.803,-0.977,-13.184,-14.404,176.254,73.564,166.031
-1.225,0.118,-0.958,-5.127,2.319,-13.489,176.792,73.894,167.921
-0.893,0.106,-0.792,-10.803,19.043,-6.897,176.94,73.4,169.59
-0.458,0.023,-0.594,-4.333,18.494,-9.46,176.984,72.257,170.969
-0.745,-0.063,-0.731,-3.54,27.222,-23.193,178.336,71.796,173.458
-0.396,0.023,-0.649,-7.935,42.969,7.141,178.594,69.675,174.853
-0.335,0.019,-0.538,-8.667,13.245,10.986,177.869,68.143,174.814
-0.477,0.048,-0.529,-10.376,-19.897,6.653,177.05,68.148,174.672
-0.665,0.035,-0.541,-8.667,-21.912,-0.793,176.424,69.203,174.836
-0.765,0.019,-0.588,-6.775,-18.311,-7.446,176.27,70.192,175.715
-0.832,0.002,-0.63,-5.31,-7.263,-5.676,176.336,70.983,176.918
-0.752,0.001,-0.611,-3.723,-1.038,0.0,176.347,71.257,178.006
-0.732,-0.002,-0.623,-2.014,-0.793,1.892,176.199,71.439,178.742
-0.716,-0.027,-0.642,-1.953,-2.38,0.366,176.204,71.609,179.583
-0.719,-0.046,-0.663,-3.662,0.244,0.61,176.265,71.73,-179.544
-0.748,-0.049,-0.657,-3.601,-12.451,-1.343,176.259,72.158,-178.731
-0.883,0.0,-0.755,-6.714,-7.69,9.888,176.023,72.801,-178.171
-0.896,0.05,-0.845,-5.554,-4.578,16.174,175.056,72.911,-178.533
-1.114,0.271,-1.001,1.404,1.343,15.625,174.045,72.999,-179.132
-0.888,0.182,-0.904,9.827,23.01,-8.728,174.639,72.279,-178.506
-0.542,0.228,-0.745,-3.235,2.502,3.54,175.122,71.18,-177.616
-0.762,0.216,-0.678,-4.272,16.968,3.723,174.523,70.994,-177.792
-0.406,0.179,-0.52,0.0,30.151,-13.489,174.65,69.489,-177.006
-0.322,0.074,-0.442,3.357,9.949,-21.606,175.562,68.505,-175.496
-0.435,0.04,-0.449,1.892,-14.526,-17.273,176.44,68.643,-174.078
-0.688,0.043,-0.538,2.136,-21.973,-8.789,176.913,69.626,-173.199
-0.799,0.048,-0.583,0.671,-17.944,-4.15,177.182,70.692,-172.502
-0.905,0.055,-0.622,0.61,-9.888,-2.38,177.209,71.526,-171.931
-0.825,0.06,-0.585,-2.747,3.845,-3.418,177.22,71.79,-171.194
-0.708,0.079,-0.532,-3.723,5.005,-0.854,177.171,71.697,-170.403
-0.731,0.095,-0.578,-0.61,-5.615,0.793,176.929,71.911,-169.986
-0.751,0.148,-0.612,-4.761,0.305,8.179,176.385,72.153,-169.942
-0.838,0.177,-0.681,-0.732,7.141,3.906,175.748,71.938,-170.112
-0.724,0.072,-0.696,-5.127,13.672,-9.094,175.875,71.45,-169.371
-0.75,0.092,-0.772,-13.55,-0.122,-10.742,175.803,71.202,-168.3
-1.014,0.12,-0.922,-12.39,-4.272,-13.489,175.71,71.543,-167.206
-1.234,0.119,-1.061,-9.644,-2.075,-5.432,175.66,71.812,-166.311
-0.612,0.054,-0.736,-9.277,21.301,6.348,175.139,71.093,-166.086
-0.407,0.003,-0.751,-5.615,11.841,-0.793,174.727,70.054,-165.976
-0.502,-0.007,-0.745,-16.724,4.456,-3.296,174.661,69.692,-165.487
-0.469,0.16,-0.658,-5.859,16.052,18.372,173.771,68.879,-165.948
-0.453,0.079,-0.594,8.179,8.423,20.447,173.15,67.824,-167.283
-0.554,0.031,-0.595,14.954,-0.671,13.245,173.068,67.357,-168.448
-0.585,0.022,-0.571,5.92,-1.587,13.123,173.183,67.209,-169.124
-0.711,0.067,-0.614,9.338,-10.803,12.024,173.029,67.407,-169.766
-0.783,0.064,-0.625,11.536,3.235,18.616,173.007,67.648,-170.354
-0.724,0.037,-0.663,15.442,4.883,17.273,172.914,67.341,-171.151
-0.694,0.036,-0.678,17.151,13.977,17.7,173.167,66.896,-171.623
-0.645,0.004,-0.75,18.066,12.695,16.846,173.524,66.193,-172.145
-0.565,0.017,-0.788,12.756,10.803,21.362,173.732,65.468,-172.804
-0.714,0.068,-0.827,18.677,0.61,11.414,173.925,65.319,-173.562
-0.775,0.026,-0.948,16.724,25.452,8.545,174.803,64.578,-173.622
-0.522,0.058,-0.967,15.137,6.836,1.953,175.512,63.446,-173.694
-0.949,0.088,-1.062,9.033,-4.639,-13.123,176.534,63.831,-173.161
-0.579,0.128,-0.858,4.456,25.269,-16.296,177.77,63.001,-171.859
-0.407,0.271,-0.818,2.747,-3.784,-11.414,178.319,62.238,-171.079
-0.605,0.165,-0.741,17.944,-8.85,-14.648,179.187,62.776,-170.574
-0.542,0.037,-0.689,2.686,-1.099,-11.475,-179.973,62.902,-170.019
-0.457,0.062,-0.584,-6.775,9.949,-8.728,-179.923,62.677,-169.541
-0.36,0.04,-0.53,-10.742,0.977,-11.353,179.885,62.238,-169.036
-0.54,0.061,-0.58,-14.893,-6.714,-15.137,179.61,62.501,-168.305
-0.657,0.071,-0.656,-13.306,-7.324,-18.188,179.434,62.886,-167.294
-0.739,0.063,-0.709,-13.0,5.127,-17.334,179.44,63.116,-166.009
-0.732,0.09,-0.738,-11.536,13.916,-10.498,179.258,62.781,-164.954
-0.628,0.08,-0.726,-10.254,17.09,-7.08,179.033,62.106,-164.174
-0.588,0.083,-0.738,-5.554,10.559,-8.545,178.868,61.584,-163.531
-0.575,0.096,-0.734,-5.066,5.188,-9.521,178.879,61.397,-162.839
-0.617,0.08,-0.785,-5.188,3.906,-11.108,178.901,61.282,-162.186
-0.556,0.12,-0.797,-2.38,1.709,-10.437,179.077,61.155,-161.439
-0.611,0.099,-0.835,2.502,-17.395,-4.395,179.236,61.716,-161.142
-0.76,0.119,-0.902,7.812,-11.475,-2.625,179.44,62.556,-161.109
-0.918,0.026,-1.041,13.672,-12.817,-6.653,-179.714,63.155,-160.714
-0.969,0.048,-1.094,8.24,7.568,8.179,-179.313,63.424,-160.735
-0.521,0.046,-0.875,9.216,13.489,17.151,-179.484,62.765,-161.548
-0.333,-0.028,-0.655,18.677,-15.015,5.31,-179.335,62.688,-162.416
-0.593,-0.088,-0.663,13.977,2.075,4.578,-178.555,63.204,-162.664
-0.396,-0.095,-0.629,10.132,31.921,9.583,-178.226,62.133,-163.147
-0.298,-0.116,-0.669,0.061,26.489,8.667,-178.099,60.54,-163.592
-0.345,-0.076,-0.688,-10.254,-2.258,6.592,-178.5,59.683,-164.147
-0.587,-0.075,-0.733,-13.672,-17.761,-4.333,-178.89,60.238,-164.185
-0.656,-0.035,-0.725,-15.381,-8.789,-3.052,-179.28,60.76,-163.784
-0.722,-0.025,-0.76,-13.245,5.92,0.366,-179.764,60.881,-163.471
-0.578,-0.004,-0.715,-9.216,12.024,6.775,179.731,60.414,-163.378
-0.561,0.005,-0.725,-4.883,2.502,10.132,179.225,60.172,-163.669
-0.588,-0.005,-0.736,0.0,-1.526,10.193,178.879,60.26,-164.059
-0.625,-0.026,-0.798,1.038,6.104,11.23,178.66,60.205,-164.476
-0.559,-0.039,-0.87,-0.183,8.484,10.254,178.495,59.81,-164.85
-0.593,-0.073,-0.927,-1.953,-0.366,-1.587,178.456,59.755,-164.982
-0.708,0.007,-1.054,-9.583,0.305,-2.441,178.401,59.793,-164.691
-0.812,0.079,-1.173,-9.888,5.981,-11.353,178.341,59.612,-164.147
-0.638,0.135,-1.045,-8.667,36.072,-17.822,178.55,58.683,-163.092
-0.287,0.181,-0.846,-13.611,25.208,-11.414,178.599,56.887,-162.131
-0.425,0.243,-0.834,-11.719,6.592,-13.55,178.127,56.277,-161.746
-0.292,0.147,-0.693,-8.362,0.061,-26.367,178.176,55.937,-160.84
-0.392,0.107,-0.619,-10.193,-17.883,-25.146,178.253,56.415,-159.758
-0.49,0.081,-0.586,-12.634,-9.949,-19.226,178.176,57.173,-158.818
-0.502,0.087,-0.619,-12.817,-0.977,-13.672,177.874,57.398,-158.066
-0.561,0.071,-0.669,-12.756,2.686,-13.123,177.528,57.491,-157.368
-0.568,0.061,-0.722,-14.954,5.249,-13.0,177.22,57.431,-156.495
-0.61,0.097,-0.799,-17.7,10.681,-7.629,176.693,57.233,-155.775
-0.523,0.125,-0.793,-13.184,7.385,-5.127,176.111,56.876,-155.297
-0.525,0.157,-0.799,-10.986,-3.54,-0.793,175.529,56.953,-155.16
-0.575,0.16,-0.78,-8.24,-10.803,0.061,175.04,57.458,-155.176
-0.599,0.217,-0.821,-4.272,-5.798,2.563,174.507,57.876,-155.402
-0.603,0.25,-0.904,3.113,-10.925,0.793,174.32,58.239,-155.577
-0.837,0.238,-1.039,10.071,-24.048,0.0,174.38,59.222,-155.885
-0.933,0.198,-1.146,13.245,6.775,-0.244,174.792,59.771,-156.017
-0.576,0.109,-0.977,17.151,12.268,0.0,175.457,59.238,-155.956
-0.244,0.03,-0.763,15.259,-2.136,4.395,176.182,58.854,-156.066
-0.486,-0.005,-0.851,18.25,-21.118,-3.479,176.885,59.546,-156.379
-0.38,0.015,-0.767,17.029,14.526,18.738,177.567,59.425,-156.835
-0.223,-0.019,-0.662,17.944,-2.075,31.738,177.632,58.645,-158.522
-0.416,-0.013,-0.612,15.93,-21.484,30.212,177.446,58.969,-160.648
-0.558,-0.013,-0.618,14.526,-16.785,27.893,177.308,59.656,-162.46
-0.607,0.013,-0.677,16.235,-12.451,25.024,177.198,60.178,-163.954
-0.658,-0.035,-0.704,17.212,-14.771,24.109,177.385,60.826,-165.119
-0.686,-0.003,-0.747,14.16,-7.751,31.128,177.182,61.348,-166.586
-0.612,0.013,-0.707,17.09,-3.418,30.457,176.962,61.589,-168.107
-0.604,-0.001,-0.76,20.142,-7.324,28.87,176.896,61.853,-169.64
-0.637,-0.009,-0.83,20.63,-2.136,30.518,176.929,62.029,-171.183
-0.628,-0.019,-0.903,20.813,-2.075,25.208,177.056,61.908,-172.656
-0.708,-0.062,-0.956,16.479,-14.404,6.775,177.858,62.369,-173.145
-0.964,0.07,-1.089,8.301,2.441,9.888,178.204,62.814,-173.546
-0.693,0.115,-0.98,4.578,25.33,4.7,178.44,62.062,-173.716
-0.389,0.169,-0.885,-5.432,16.724,3.845,178.352,60.798,-173.804
-0.542,0.213,-0.833,-11.23,-7.263,-4.883,177.803,60.639,-173.969
-0.567,0.173,-0.717,-13.55,7.202,-23.071,177.578,60.634,-173.271
-0.437,0.15,-0.604,-17.456,17.151,-28.198,177.61,60.024,-171.705
-0.403,0.144,-0.568,-17.761,14.893,-30.457,177.567,59.343,-169.986
-0.397,0.105,-0.57,-13.916,7.751,-31.311,177.671,58.898,-168.179
-0.512,0.089,-0.636,-13.062,-6.042,-30.029,177.803,59.095,-166.476
-0.638,0.079,-0.705,-11.719,-6.409,-26.672,178.028,59.617,-164.8
-0.66,0.097,-0.735,-11.719,0.793,-18.86,178.094,59.908,-163.394
-0.711,0.108,-0.791,-10.62,5.188,-9.766,177.935,59.985,-162.438
-0.508,0.136,-0.702,-10.742,5.005,-2.686,177.49,59.766,-161.999
-0.568,0.138,-0.733,-3.174,-14.16,-7.385,177.171,60.238,-161.713
-0.633,0.161,-0.755,-4.517,-13.245,-6.165,177.1,61.078,-161.318
-0.715,0.179,-0.852,0.244,-29.419,-7.507,177.067,62.034,-161.065
-1.069,0.201,-1.128,2.136,-4.211,-3.906,177.166,63.226,-160.796
-0.907,0.14,-1.139,17.822,17.944,-7.812,177.759,62.99,-160.378
-0.308,-0.008,-0.841,19.531,19.836,2.808,178.802,61.941,-160.109
-0.445,-0.121,-0.842,15.198,-22.156,-5.493,179.533,61.941,-160.406
-0.542,-0.123,-0.793,4.15,18.005,0.549,-179.632,62.023,-160.093
-0.277,-0.068,-0.673,-5.615,17.639,14.404,-179.896,60.749,-160.714
-0.367,-0.026,-0.575,-12.207,7.324,2.136,179.588,59.991,-161.268
-0.463,-0.027,-0.598,-14.526,-3.906,-8.057,179.214,59.777,-161.125
-0.604,-0.032,-0.647,-17.761,-4.395,-9.521,178.923,60.007,-160.45
-0.687,-0.018,-0.723,-13.794,4.395,-9.583,178.671,60.112,-159.598
-0.63,-0.024,-0.733,-11.536,7.812,-8.118,178.555,59.919,-158.676
-0.612,-0.01,-0.756,-8.728,12.939,-3.845,178.429,59.606,-157.945
-0.499,-0.019,-0.763,-4.272,7.69,-2.319,178.407,59.178,-157.434
-0.521,-0.028,-0.89,-0.977,6.226,1.648,178.478,58.969,-157.137
-0.522,-0.031,-1.013,1.282,11.047,7.996,178.434,58.568,-157.379
-0.629,-0.052,-1.137,5.554,-8.301,-8.667,178.775,58.574,-157.407
-0.986,0.125,-1.226,-5.798,4.15,-20.02,179.291,58.799,-156.649
-0.427,0.117,-0.873,-10.62,32.898,-31.738,179.967,57.695,-154.968
-0.44,0.227,-0.808,-19.897,-11.841,-31.738,-179.885,57.074,-153.27
-0.594,0.172,-0.686,-19.531,9.888,-42.664,-179.857,57.426,-151.458
-0.364,0.16,-0.572,-19.958,18.311,-52.917,-179.539,56.646,-148.815
-0.31,0.104,-0.526,-18.372,9.583,-56.885,-179.094,56.085,-145.953
-0.41,0.05,-0.563,-17.822,2.136,-61.584,-178.418,55.926,-142.8
-0.528,0.009,-0.637,-19.043,-3.357,-62.134,-177.698,56.069,-139.504
-0.678,-0.023,-0.731,-20.874,6.897,-62.622,-176.885,56.261,-135.956
-0.65,-0.055,-0.785,-26.978,16.663,-57.922,-176.309,55.745,-132.462
-0.509,-0.0,-0.834,-29.175,25.94,-44.739,-176.325,54.745,-129.562
-0.45,0.016,-0.846,-20.142,11.658,-34.607,-176.473,53.992,-127.463
-0.488,-0.03,-0.827,-13.55,0.305,-28.992,-176.385,53.811,-125.804
-0.526,-0.009,-0.85,-16.296,4.395,-17.578,-176.49,53.762,-124.601
-0.517,0.051,-0.871,-8.85,-1.892,-15.198,-176.759,53.734,-123.909
-0.605,0.056,-0.922,-1.038,-11.23,-13.916,-176.567,54.102,-123.206
-0.849,0.094,-1.101,3.418,-9.277,-5.188,-176.336,54.778,-122.893
-0.837,0.093,-1.238,10.071,29.907,4.333,-175.924,54.36,-122.91
-0.333,0.083,-1.027,22.583,29.968,9.338,-175.589,52.905,-123.69
-0.115,-0.078,-0.919,33.691,10.864,11.353,-174.606,51.85,-124.612
-0.185,-0.168,-0.886,21.545,12.39,36.377,-173.853,51.279,-126.26
-0.024,-0.135,-0.787,14.709,1.343,43.884,-174.084,50.674,-129.04
-0.101,-0.128,-0.713,3.113,-25.146,26.367,-174.468,50.966,-131.462
-0.28,-0.068,-0.681,-1.709,-36.56,12.817,-174.864,52.163,-132.918
-0.452,-0.085,-0.715,1.038,-35.339,4.456,-174.985,53.619,-133.605
-0.59,-0.121,-0.742,0.0,-21.79,0.671,-174.814,54.888,-133.632
-0.589,-0.156,-0.782,-0.916,-9.216,-1.282,-174.683,55.492,-133.434
-0.536,-0.167,-0.738,-9.033,-8.362,-3.174,-174.672,55.975,-132.929
-0.561,-0.147,-0.728,-13.428,-14.16,-7.08,-174.88,56.569,-132.242
-0.567,-0.101,-0.725,-17.517,-11.536,-4.272,-175.237,57.321,-131.44
-0.613,-0.098,-0.754,-13.0,-15.991,-5.981,-175.578,58.085,-130.754
-0.588,-0.078,-0.798,-13.55,-3.967,-0.366,-175.935,58.667,-130.215
-0.451,-0.08,-0.833,-10.62,-13.062,-3.235,-176.298,58.958,-129.902
-0.707,-0.109,-0.871,-11.353,-27.1,-9.705,-176.298,60.342,-129.106
-0.855,-0.033,-1.035,-17.029,-26.611,3.967,-176.814,61.567,-128.782
-0.995,0.103,-1.163,-14.465,-17.7,0.977,-177.709,62.661,-128.925
-0.801,0.224,-1.064,-12.146,0.977,-5.798,-178.231,63.018,-128.705
-0.534,0.332,-0.854,-14.221,-6.287,-2.625,-178.879,62.996,-128.661
-0.698,0.305,-0.8,-5.493,-3.357,-15.93,-179.445,63.452,-128.699
-0.503,0.144,-0.609,-0.122,18.311,-43.335,-178.698,62.99,-127.266
-0.328,-0.008,-0.443,0.488,14.771,-56.824,-177.067,62.166,-124.536
-0.331,-0.167,-0.454,-13.916,8.362,-55.054,-175.38,61.578,-121.349
-0.343,-0.021,-0.499,-35.339,-2.441,-42.053,-175.1,61.298,-118.619
-0.559,0.044,-0.574,-24.597,-24.841,-42.847,-175.012,62.073,-116.109
-0.747,-0.005,-0.614,-13.611,-24.902,-44.556,-174.254,63.391,-113.478
-0.666,0.015,-0.542,-13.0,-26.672,-27.893,-173.524,64.644,-111.27
-0.875,-0.035,-0.616,0.0,-34.729,-40.283,-172.354,66.385,-109.078
-0.805,0.016,-0.55,-5.249,-23.499,-18.982,-171.019,67.89,-106.902
-0.978,0.117,-0.685,-8.728,-12.573,12.939,-171.667,69.099,-107.194
-0.985,0.219,-0.834,2.319,12.329,4.333,-172.766,69.197,-108.342
-0.938,0.009,-0.9,28.442,0.0,-33.203,-171.156,68.983,-107.419
-0.745,-0.189,-0.787,32.349,26.245,-32.227,-168.234,68.417,-105.507
-0.359,-0.271,-0.648,20.508,38.818,-23.315,-166.08,66.5,-104.293
-0.397,-0.336,-0.722,4.517,19.043,-22.156,-164.762,64.951,-103.326
-0.417,-0.257,-0.776,-11.108,8.972,-22.217,-164.158,63.836,-102.079
-0.561,-0.248,-0.83,-14.648,5.31,-27.832,-163.768,63.133,-100.563
-0.462,-0.219,-0.773,-21.912,9.705,-34.058,-163.504,62.106,-98.795
-0.508,-0.192,-0.729,-27.161,-5.066,-40.649,-163.295,61.414,-96.57
-0.588,-0.199,-0.732,-29.907,-4.822,-51.025,-162.993,61.035,-93.823
-0.587,-0.232,-0.724,-35.706,-6.47,-59.998,-162.554,60.518,-90.478
-0.56,-0.268,-0.703,-41.321,-5.066,-71.228,-162.059,59.93,-86.473
-0.499,-0.281,-0.69,-48.157,-7.69,-67.139,-161.801,59.304,-82.321
-0.567,-0.314,-0.74,-52.063,-13.367,-63.477,-161.949,59.03,-78.426
-0.508,-0.319,-0.763,-58.533,-15.686,-57.312,-162.46,58.903,-74.734
-0.555,-0.334,-0.804,-61.89,-33.508,-58.167,-163.12,59.398,-70.972
-0.892,-0.316,-0.905,-60.547,-47.241,-67.993,-163.372,60.754,-66.555
-0.834,-0.2,-0.837,-67.993,-35.645,-60.059,-163.806,61.754,-62.342
-0.506,0.101,-0.661,-96.069,-54.016,-36.316,-165.734,63.007,-59.277
-0.898,0.112,-0.699,-96.436,-47.18,-78.857,-167.728,65.457,-55.514
-0.841,0.199,-0.702,-110.413,-23.621,-97.168,-169.019,66.418,-50.092
-0.868,0.245,-0.709,-111.633,9.705,-104.492,-170.195,66.445,-44.209
-0.787,0.347,-0.759,-96.313,14.832,-100.586,-171.409,65.391,-38.677
-0.579,0.343,-0.688,-72.388,28.564,-70.435,-172.634,64.226,-34.722
-0.522,0.246,-0.665,-48.889,11.841,-70.496,-173.441,63.281,-31.954
-0.483,0.135,-0.579,-35.706,1.465,-74.158,-173.21,62.99,-28.867
-0.561,0.053,-0.605,-32.166,-9.644,-66.528,-172.579,63.204,-25.79
-0.512,0.081,-0.606,-32.043,-4.944,-49.561,-172.244,63.572,-23.39
-0.5,0.181,-0.762,-26.123,-18.005,-29.419,-172.711,64.023,-22.335
-0.841,0.087,-0.953,-8.484,-44.434,-40.466,-172.43,65.836,-21.193
-1.381,-0.103,-1.275,1.221,-47.241,-55.237,-170.349,68.302,-18.517
-0.827,-0.251,-0.996,-1.587,2.38,-41.687,-168.025,68.571,-15.892
-0.378,-0.25,-0.855,-12.207,5.676,-3.906,-167.822,67.917,-15.535
-0.549,-0.151,-0.845,-13.123,5.798,7.568,-168.596,67.731,-16.172
-0.352,-0.073,-0.795,-11.169,15.442,30.457,-170.343,66.841,-18.243
-0.284,-0.005,-0.719,-12.207,6.775,26.978,-172.403,66.105,-20.671
-0.338,-0.009,-0.649,-9.644,-18.494,15.991,-173.804,66.006,-22.176
-0.581,-0.026,-0.648,-10.315,-21.179,12.207,-174.886,66.786,-23.275
-0.653,-0.025,-0.683,-6.409,-10.193,0.427,-175.649,67.297,-24.082
-0.676,-0.085,-0.688,-5.188,-11.047,-8.972,-175.616,67.615,-24.126
-0.66,-0.087,-0.639,-10.132,-13.0,-5.31,-175.562,68.11,-23.994
-0.588,-0.081,-0.533,-13.794,-22.156,-2.441,-175.836,68.901,-24.088
-0.723,-0.046,-0.562,-15.808,-20.569,0.549,-176.347,70.076,-24.335
-0.768,-0.017,-0.62,-12.024,-6.042,3.479,-177.034,70.686,-24.928
-0.952,0.021,-0.828,-12.268,-1.221,5.981,-177.775,70.944,-25.741
-0.781,0.031,-0.756,-3.601,12.512,-0.122,-178.198,70.626,-26.422
-0.652,0.019,-0.669,0.854,2.319,0.916,-178.187,70.307,-26.922
-0.597,-0.006,-0.569,0.366,-13.367,4.578,-178.319,70.664,-27.691
-0.741,-0.011,-0.564,-0.488,-19.47,2.991,-178.5,71.653,-28.411
-0.823,-0.025,-0.585,-1.77,-11.78,2.502,-178.72,72.46,-29.114
-0.863,-0.049,-0.626,0.0,1.038,-0.366,-178.704,72.762,-29.553
-0.929,-0.068,-0.741,0.244,3.723,2.747,-178.616,72.664,-29.976
-1.141,-0.054,-0.887,5.981,10.62,0.61,-178.434,72.603,-30.46
-1.023,-0.023,-0.954,0.916,33.447,5.798,-178.198,71.505,-30.927
-0.729,0.047,-0.892,-2.563,41.565,-2.258,-178.352,69.631,-31.476
-0.383,0.105,-0.734,-14.832,35.522,-3.906,-178.358,67.659,-31.344
-0.475,0.259,-0.779,-23.193,12.451,5.249,-179.588,66.445,-31.844
-0.454,0.209,-0.68,-16.357,30.64,-19.226,179.495,65.303,-31.926
-0.349,0.166,-0.606,-12.878,8.85,-37.903,179.775,64.122,-30.465
-0.484,0.065,-0.577,-13.672,-6.531,-39.612,-179.55,64.116,-28.504
-0.618,0.091,-0.627,-18.677,-0.61,-30.09,-179.253,64.319,-26.878
-0.639,0.096,-0.696,-13.977,5.371,-22.827,-179.198,64.199,-25.823
-0.551,0.086,-0.687,-9.827,-3.845,-15.808,-179.247,64.193,-25.28
-0.601,0.089,-0.62,-7.507,-22.278,-11.597,-179.363,65.034,-25.06
-0.624,0.061,-0.552,-2.625,-27.771,-13.245,-179.225,66.407,-24.84
-0.65,0.104,-0.564,-3.235,-21.912,-0.427,-179.286,67.725,-25.049
-0.833,0.138,-0.714,0.366,-18.066,6.165,-179.747,68.769,-26.027
-0.99,0.153,-0.844,9.277,-3.967,2.625,-179.874,69.373,-26.993
-0.827,0.162,-0.931,7.385,10.681,21.606,179.813,69.153,-28.405
-0.768,0.06,-0.975,16.174,7.568,11.597,179.412,68.67,-30.185
-0.955,0.001,-0.988,19.043,-33.203,-1.343,179.819,69.219,-30.981
-0.781,-0.112,-0.75,15.015,-11.719,8.484,-179.385,70.373,-31.393
-0.539,-0.084,-0.646,10.376,4.15,24.109,-179.61,70.318,-32.783
-0.545,-0.117,-0.628,9.277,19.104,18.494,-179.918,69.774,-34.206
-0.353,-0.074,-0.576,0.0,20.752,25.757,179.539,68.401,-35.519
-0.547,-0.05,-0.605,-5.493,0.977,23.499,178.517,67.758,-36.98
-0.627,-0.017,-0.612,-3.052,3.601,14.771,177.704,67.527,-38.046
-0.706,0.02,-0.652,0.488,1.465,14.832,177.275,67.341,-38.881
-0.718,0.025,-0.659,3.967,-0.061,14.465,176.924,67.291,-39.88
-0.72,0.017,-0.665,5.493,6.47,13.55,176.737,67.143,-40.825
-0.632,-0.003,-0.615,4.517,2.808,10.681,176.644,66.94,-41.638
-0.638,0.007,-0.623,3.113,1.16,8.24,176.506,66.978,-42.341
-0.666,-0.032,-0.682,3.906,-2.747,0.244,176.715,67.088,-42.578
-0.625,-0.054,-0.739,2.808,-0.732,-0.427,177.138,67.148,-42.462
-0.702,-0.072,-0.718,1.282,-7.141,-1.953,177.402,67.703,-42.369
-0.848,-0.017,-0.743,-6.775,-28.32,5.005,177.396,68.555,-42.413
-0.823,0.013,-0.764,-3.601,-0.732,9.521,176.891,69.263,-42.984
-0.858,0.046,-0.845,0.549,-2.747,5.676,176.638,69.269,-43.489
-0.996,0.01,-0.881,6.836,-4.578,-6.042,176.946,69.62,-43.572
-0.866,0.041,-0.802,-5.371,9.888,-0.61,177.402,69.587,-43.231
-0.698,0.131,-0.74,-25.879,33.875,9.338,176.572,68.533,-43.484
-0.549,0.3,-0.738,-39.368,50.171,14.16,174.556,66.396,-44.138
-0.4,0.399,-0.756,-27.771,59.998,-2.258,172.771,63.605,-44.324
-0.233,0.324,-0.726,-13.428,46.387,-10.01,172.167,60.859,-43.704
-0.325,0.25,-0.688,-10.437,17.029,-8.484,171.793,59.398,-43.275
-0.39,0.214,-0.67,-10.315,5.432,-7.202,171.348,58.81,-43.044
-0.488,0.218,-0.674,-11.047,-4.639,-7.141,170.771,58.788,-43.017
-0.574,0.258,-0.695,-10.742,-4.272,-4.761,170.14,59.008,-43.127
-0.646,0.251,-0.713,-7.385,-2.625,-7.141,169.667,59.277,-43.292
-0.71,0.253,-0.75,-7.019,12.817,-5.676,169.42,59.167,-43.281
-0.631,0.254,-0.729,-5.737,26.001,-5.31,169.327,58.31,-43.127
-0.469,0.281,-0.705,-3.113,29.175,-3.174,169.294,57.057,-43.0
-0.583,0.344,-0.793,-2.808,20.203,5.737,169.135,56.234,-43.308
-0.503,0.398,-0.81,7.751,24.719,5.737,168.986,55.036,-43.901
-0.523,0.329,-0.871,23.987,19.287,13.245,169.431,54.064,-44.698
-0.563,0.22,-0.909,24.902,11.23,16.663,170.079,53.35,-45.983
-0.488,0.191,-0.994,24.475,19.958,7.935,170.892,52.427,-46.862
-0.556,0.187,-1.072,14.221,6.836,15.381,171.584,51.779,-47.499
-0.457,0.196,-1.025,15.198,21.362,23.315,171.782,50.839,-48.56
-0.339,0.098,-0.9,19.836,13.977,29.907,172.046,49.801,-49.927
-0.245,0.049,-0.867,24.719,16.174,21.667,172.579,48.741,-51.202
-0.203,-0.021,-0.889,20.813,15.076,14.099,173.529,47.747,-51.696
-0.155,-0.074,-0.867,16.785,9.216,6.287,174.49,46.928,-51.691
-0.12,-0.087,-0.792,4.883,-7.996,8.057,175.111,46.67,-51.498
-0.264,-0.062,-0.719,-7.019,-29.175,2.808,175.166,47.488,-51.306
-0.459,-0.027,-0.777,-20.264,-37.17,-9.949,174.776,49.197,-50.729
-0.604,0.107,-0.827,-27.405,-17.822,-9.46,173.985,50.51,-49.966
-0.491,0.219,-0.868,-20.996,9.888,3.723,173.007,50.581,-49.79
-0.407,0.214,-0.846,-4.883,-0.488,-3.662,172.469,50.427,-49.911
-0.449,0.161,-0.866,5.859,-4.639,-4.517,172.766,50.696,-49.664
-0.431,0.018,-0.824,10.498,-11.475,-4.395,173.293,51.081,-49.653
-0.562,0.051,-0.894,-1.892,-10.071,-0.244,173.546,51.784,-49.647
-0.462,0.061,-0.915,1.526,16.968,1.587,173.661,51.68,-49.642
-0.308,0.024,-0.927,2.502,-6.042,-2.686,173.892,51.158,-49.565
-0.487,-0.05,-0.957,-11.536,-20.752,-9.949,174.078,51.982,-49.087
-0.564,0.094,-0.979,-19.592,-14.648,-10.437,173.562,52.91,-48.532
-0.707,0.117,-1.029,-21.423,-17.639,-15.808,173.079,53.822,-47.774
-0.608,0.184,-0.989,-20.508,11.658,-17.456,172.59,54.053,-46.884
-0.259,0.272,-0.854,-29.358,24.658,-13.672,171.996,53.13,-45.813
-0.253,0.437,-0.824,-27.405,-12.024,-10.925,170.7,52.943,-45.423
-0.426,0.334,-0.797,-19.165,-11.108,-32.471,170.041,53.69,-44.604
-0.485,0.312,-0.739,-18.799,-8.972,-36.499,169.744,54.47,-43.281
-0.479,0.31,-0.675,-18.066,-3.54,-31.86,169.497,55.085,-42.1
-0.519,0.281,-0.676,-14.221,0.122,-31.25,169.338,55.525,-41.116
-0.494,0.205,-0.688,-15.259,12.451,-34.058,169.371,55.563,-39.924
-0.505,0.206,-0.712,-20.02,17.151,-37.17,169.382,55.366,-38.386
-0.524,0.182,-0.729,-18.555,17.395,-34.546,169.481,55.063,-36.694
-0.521,0.188,-0.754,-19.897,14.282,-24.597,169.426,54.695,-35.338
-0.527,0.15,-0.767,-19.531,17.273,-24.719,169.156,54.349,-34.387
-0.386,0.287,-0.785,-19.836,2.38,-13.672,168.745,54.091,-33.508
-0.583,0.298,-0.828,-6.104,-0.61,6.714,168.212,54.294,-33.86
-0.507,0.349,-0.863,2.502,3.479,2.38,167.772,54.036,-34.794
-0.545,0.299,-0.898,3.113,-9.949,1.831,167.866,54.377,-35.403
-0.683,0.292,-1.016,13.0,-1.831,4.15,167.904,54.723,-36.321
-0.647,0.211,-1.042,13.733,4.578,15.503,168.294,54.454,-37.321
-0.555,0.201,-0.956,5.798,4.272,21.667,168.14,54.097,-38.82
-0.357,0.226,-0.778,4.639,0.0,17.761,167.964,53.751,-40.051
-0.34,0.223,-0.783,10.925,12.878,10.193,167.943,53.262,-41.039
-0.243,0.145,-0.801,17.883,18.005,5.31,168.657,52.213,-41.276
-0.187,0.105,-0.844,11.047,12.207,15.869,169.239,51.18,-41.611
-0.202,0.143,-0.783,4.639,-11.414,5.859,169.332,50.817,-42.012
-0.422,0.169,-0.751,0.183,-22.766,-0.183,169.387,51.57,-42.05
-0.583,0.181,-0.788,2.502,-2.319,-5.737,169.486,52.224,-42.056
-0.492,0.163,-0.814,8.362,0.854,-4.639,169.975,52.191,-41.88
-0.464,0.131,-0.834,10.132,6.104,-0.183,170.469,52.103,-42.001
-0.493,0.03,-0.805,4.883,-1.77,-1.831,171.035,52.081,-42.067
-0.484,0.051,-0.778,-2.93,-2.625,-2.991,171.194,52.24,-42.072
-0.551,0.104,-0.824,-11.902,4.211,-2.319,171.057,52.394,-41.99
-0.51,0.162,-0.858,-3.113,8.179,1.221,170.793,52.163,-42.05
-0.532,0.107,-0.938,8.24,-1.282,-0.671,171.041,51.96,-42.138
-0.667,0.047,-1.039,-3.235,2.869,4.639,171.387,52.031,-42.248
-0.52,0.176,-1.064,-13.489,26.978,0.549,170.947,51.224,-42.418
-0.253,0.367,-0.97,-21.851,18.127,-7.629,170.414,50.268,-41.924
-0.212,0.368,-0.927,-10.559,-5.859,-13.062,169.975,50.01,-41.248
-0.338,0.37,-0.908,0.0,-8.301,-3.601,169.574,50.312,-41.281
-0.307,0.289,-0.849,8.423,-7.263,0.916,169.755,50.499,-41.44
-0.28,0.23,-0.787,12.573,-20.02,4.333,169.958,50.955,-42.061
-0.322,0.234,-0.689,7.202,-35.217,6.348,169.964,52.081,-42.841
-0.473,0.229,-0.695,8.362,-34.241,0.854,169.86,53.619,-43.748
-0.569,0.2,-0.681,2.075,-20.203,-3.418,169.821,54.893,-44.407
-0.552,0.224,-0.657,-0.061,-20.569,-2.93,169.711,55.887,-44.874
-0.648,0.23,-0.698,3.723,-9.399,-1.221,169.547,56.799,-45.555
-0.54,0.209,-0.687,7.996,-1.526,1.587,169.744,57.167,-46.093
-0.48,0.211,-0.664,13.794,-14.526,12.817,169.871,57.486,-47.142
-0.708,0.306,-0.773,13.367,-17.639,23.865,169.667,58.387,-48.961
-0.761,0.304,-0.868,27.039,-15.93,19.653,169.634,58.865,-51.048
-0.833,0.273,-0.99,24.475,-4.089,19.47,170.085,59.343,-52.795
-0.811,0.163,-1.095,31.433,13.916,8.423,170.936,59.035,-53.959
-0.54,0.133,-0.97,19.409,11.78,20.996,171.755,58.326,-54.794
-0.288,0.105,-0.772,18.982,-2.502,20.203,171.898,57.953,-56.179
-0.419,0.058,-0.817,21.301,-8.728,2.258,172.617,58.206,-56.629
-0.378,-0.005,-0.812,20.203,5.249,-2.502,173.809,58.024,-56.234
-0.321,-0.063,-0.784,14.282,-5.554,-5.676,174.93,57.892,-55.53
-0.439,-0.039,-0.767,0.793,-21.545,-0.122,175.562,58.48,-54.8
-0.506,0.034,-0.702,-3.479,-24.048,1.526,175.529,59.458,-54.498
-0.611,0.039,-0.674,-2.075,-27.344,-2.869,175.507,60.656,-54.223
-0.639,0.081,-0.635,0.549,-18.555,1.465,175.518,61.699,-54.086
-0.743,0.042,-0.725,6.165,-8.118,6.958,175.573,62.479,-54.371
-0.612,0.059,-0.667,6.836,-3.601,8.972,175.649,62.704,-54.844
-0.631,0.002,-0.621,9.033,-10.864,3.784,175.809,63.155,-55.327
-0.723,-0.029,-0.67,5.737,-7.568,-0.732,176.243,63.825,-55.327
-0.7,-0.055,-0.755,4.7,6.042,2.136,176.578,63.94,-55.278
-0.672,-0.109,-0.777,0.183,19.531,-3.54,177.039,63.556,-54.877
-0.731,-0.108,-0.888,-6.958,1.526,-12.207,177.44,63.1,-54.009
-0.811,-0.007,-1.043,-16.907,16.541,-8.423,177.495,62.737,-52.943
-0.552,0.048,-0.978,-16.113,12.207,-18.738,177.556,61.957,-51.603
-0.511,0.14,-0.91,-17.09,-6.775,-19.226,177.583,61.957,-50.114
-0.499,0.202,-0.812,-24.78,-9.46,-9.766,177.166,62.353,-49.026
-0.621,0.335,-0.813,-25.879,-12.756,0.549,175.726,62.897,-49.026
-0.542,0.312,-0.754,-16.541,2.502,-14.526,174.781,62.919,-48.845
-0.507,0.251,-0.688,-12.329,-1.465,-21.24,174.578,62.908,-48.032
-0.499,0.213,-0.601,-8.24,-12.573,-23.376,174.606,63.314,-47.148
-0.635,0.158,-0.555,-2.93,-9.033,-24.231,174.869,64.138,-46.351
-0.657,0.106,-0.57,-1.831,-2.93,-30.273,175.578,64.594,-45.22
-0.63,0.046,-0.573,-0.793,3.235,-27.527,176.567,64.869,-43.781
-0.65,-0.019,-0.603,-4.395,-9.094,-10.986,177.155,65.237,-42.863
-0.75,0.073,-0.656,-8.301,-6.042,8.972,176.748,65.847,-43.154
-0.718,0.127,-0.659,-5.798,-2.991,11.902,175.952,66.171,-44.099
-0.661,0.186,-0.643,-3.906,0.427,11.169,175.095,66.297,-45.203
-0.678,0.235,-0.705,-1.343,-5.31,8.85,174.424,66.478,-46.208
-0.72,0.145,-0.7,1.221,-11.475,3.113,173.979,67.083,-47.137
-0.816,0.164,-0.822,-8.606,-9.583,3.845,173.359,67.632,-47.785
-0.965,0.229,-0.963,-6.409,-12.512,4.028,172.606,68.121,-48.406
-1.061,0.208,-1.017,3.174,10.315,20.63,172.068,68.192,-49.34
-0.583,0.216,-0.814,16.052,22.339,31.006,171.189,66.923,-51.306
-0.415,0.03,-0.78,30.151,6.165,16.541,171.639,65.934,-52.559
-0.506,-0.018,-0.742,25.94,3.906,11.597,172.562,65.588,-53.075
-0.494,-0.036,-0.713,23.254,8.972,17.578,173.386,64.995,-53.487
-0.467,-0.042,-0.658,18.677,7.08,20.386,173.864,64.325,-54.146
-0.501,-0.025,-0.624,17.09,-5.859,16.418,174.309,64.056,-54.679
-0.635,0.008,-0.632,12.756,-15.625,20.813,174.501,64.512,-55.404
-0.697,0.024,-0.667,12.573,-5.493,19.836,174.375,64.902,-56.475
-0.667,0.017,-0.649,7.996,-3.296,14.343,174.424,65.083,-57.189
-0.698,0.028,-0.664,4.272,-1.77,13.855,174.276,65.215,-57.843
-0.66,0.025,-0.659,1.038,2.502,9.583,174.111,65.259,-58.304
-0.648,0.025,-0.672,-0.793,-0.916,6.042,173.936,65.297,-58.563
-0.674,0.031,-0.717,-3.662,-1.038,2.197,173.826,65.402,-58.546
-0.598,-0.02,-0.718,-4.15,5.92,-3.174,173.853,65.5,-58.211
-0.751,0.009,-0.857,-7.141,-9.338,-6.226,173.936,65.764,-57.519
-0.669,0.058,-0.883,-12.634,-4.578,11.23,173.48,65.825,-57.398
-0.745,0.144,-0.899,-11.23,-14.16,8.118,172.524,66.231,-57.865
-0.958,0.227,-0.965,-11.353,-19.104,-13.123,172.09,67.148,-57.568
-0.852,0.27,-0.843,-24.719,12.817,-27.283,172.37,67.522,-55.871
-0.537,0.328,-0.713,-29.846,13.0,-40.71,172.529,66.797,-53.421
-0.593,0.325,-0.678,-26.917,14.465,-41.26,172.804,66.66,-50.861
-0.455,0.321,-0.606,-19.47,9.521,-32.776,173.057,66.264,-48.768
-0.468,0.229,-0.544,-7.812,1.282,-30.823,173.298,66.22,-47.461
-0.577,0.147,-0.549,-7.751,-2.991,-36.011,174.067,66.511,-45.802
-0.698,0.13,-0.59,-14.221,4.028,-32.043,174.639,66.786,-44.149
-0.705,0.14,-0.614,-17.822,17.212,-31.372,175.095,66.566,-42.413
-0.65,0.132,-0.616,-10.62,19.47,-34.79,175.655,65.934,-40.611
-0.677,0.097,-0.644,-8.057,13.672,-31.25,176.633,65.5,-38.677
-0.699,0.088,-0.673,-7.385,11.475,-21.912,177.226,65.16,-37.37
-0.646,0.09,-0.657,-10.925,8.85,-18.372,177.643,64.918,-36.304
-0.632,0.11,-0.659,-9.277,-2.625,-21.667,177.786,64.962,-35.442
-0.724,0.145,-0.695,-11.536,0.732,-16.235,178.017,65.336,-34.486
-0.718,0.151,-0.692,-0.977,-6.348,-11.353,178.099,65.616,-34.14
-0.832,0.194,-0.833,2.563,-10.742,-3.845,178.198,66.143,-34.217
-0.908,0.146,-0.989,17.395,0.0,-16.418,178.956,66.423,-34.074
-1.029,0.026,-1.113,17.639,0.549,-15.625,-179.456,66.577,-33.206
-0.576,-0.046,-0.905,4.456,24.536,-2.869,-178.66,65.748,-32.855
-0.323,-0.019,-0.827,3.54,6.958,-29.236,-178.05,64.83,-31.97
-0.471,-0.15,-0.755,-8.179,19.226,-53.406,-175.715,64.232,-28.273
-0.321,-0.129,-0.67,-21.057,25.146,-34.607,-174.809,62.688,-25.362
-0.378,-0.111,-0.614,-28.564,14.099,-36.499,-174.567,61.452,-22.786
-0.454,-0.075,-0.614,-31.25,5.981,-41.077,-174.501,60.683,-20.078
-0.585,-0.093,-0.682,-34.607,4.333,-41.687,-174.501,60.315,-17.386
-0.626,-0.089,-0.75,-39.551,10.864,-45.715,-174.633,59.875,-14.683
-0.508,-0.041,-0.754,-39.368,8.301,-44.128,-175.023,59.2,-12.156
-0.536,-0.076,-0.74,-33.691,-1.77,-53.223,-175.067,59.057,-9.349
-0.565,-0.12,-0.733,-30.701,-5.737,-62.012,-174.584,59.15,-6.004
-0.544,-0.199,-0.778,-34.18,-0.732,-69.763,-173.76,59.128,-2.159
-0.5,-0.22,-0.799,-44.678,3.479,-71.594,-173.051,58.799,2.104
-0.607,-0.126,-0.972,-49.194,-5.554,-62.866,-173.079,58.513,5.894
-0.704,-0.11,-0.928,-40.466,-5.92,-70.984,-172.689,58.651,9.948
-0.695,-0.039,-0.898,-44.495,-4.517,-59.143,-172.595,58.623,13.475
-0.521,0.013,-0.741,-49.744,-1.587,-62.927,-172.914,58.486,16.727
-0.386,0.122,-0.595,-52.856,-21.851,-61.951,-173.386,58.876,20.215
-0.717,0.111,-0.664,-54.504,-47.852,-60.059,-173.963,60.776,23.681
-0.867,0.162,-0.703,-61.34,-3.845,-62.317,-174.71,62.128,26.917
-0.712,0.209,-0.685,-57.739,18.311,-60.791,-175.6,61.815,29.718
-0.599,0.196,-0.694,-48.645,15.991,-64.575,-176.094,61.117,32.706
-0.553,0.181,-0.698,-39.368,8.362,-62.683,-176.369,60.694,35.876
-0.619,0.11,-0.709,-33.813,-7.812,-64.026,-176.188,60.837,39.496
-0.623,0.152,-0.694,-33.752,-4.883,-53.772,-176.072,61.238,42.907
-0.63,0.158,-0.711,-26.123,-11.475,-47.241,-176.039,61.699,46.022
-0.652,0.211,-0.732,-21.24,-16.052,-38.086,-176.023,62.386,49.026
-0.805,0.21,-0.862,-5.981,-18.921,-39.307,-175.754,63.149,52.064
-0.911,0.081,-0.876,16.296,-18.188,-54.26,-173.749,63.984,56.085
-0.82,-0.055,-0.816,30.212,8.606,-44.739,-170.799,64.111,59.919
-0.444,-0.148,-0.67,31.311,31.494,-24.536,-168.404,62.748,61.968
-0.399,-0.255,-0.727,35.645,5.981,-31.494,-166.086,61.688,63.534
-0.578,-0.419,-0.789,17.944,8.118,-32.715,-163.575,61.062,65.49
-0.519,-0.443,-0.77,-6.531,19.287,-33.813,-162.296,59.875,66.912
-0.436,-0.39,-0.726,-30.334,8.667,-30.212,-162.18,58.672,68.203
-0.503,-0.29,-0.721,-46.692,-0.916,-29.114,-163.032,58.123,69.467
-0.527,-0.213,-0.705,-50.842,-2.686,-31.555,-164.224,57.783,70.928
-0.524,-0.117,-0.681,-45.654,-4.028,-26.306,-165.476,57.601,72.383
-0.612,-0.119,-0.86,-27.527,10.193,-10.925,-166.553,57.437,73.317
-0.486,-0.204,-0.965,-20.325,25.024,1.343,-167.514,56.607,73.515
-0.14,-0.16,-0.986,-22.949,9.766,12.695,-168.898,55.481,73.004
-0.517,-0.152,-1.034,-19.104,-54.504,-10.437,-169.838,56.47,73.339
-0.792,-0.088,-0.894,-33.63,-22.217,-19.226,-170.151,58.332,75.201
-0.517,0.096,-0.759,-46.936,-30.945,-0.427,-171.722,59.079,76.328
-0.837,0.249,-0.779,-44.128,-8.911,-0.244,-174.1,60.513,77.25
-0.519,0.266,-0.728,-25.452,16.907,-8.972,-175.798,59.848,78.953
-0.437,0.205,-0.711,-9.155,12.878,-18.677,-176.424,58.969,81.315
-0.525,0.132,-0.742,-6.104,-1.404,-19.226,-176.407,58.656,83.963
-0.571,0.1,-0.725,-11.658,-5.615,-17.944,-176.589,58.689,86.435
-0.65,0.117,-0.686,-19.348,-13.489,-17.212,-177.127,59.172,88.918
-0.705,0.22,-0.688,-13.672,-13.123,-15.808,-177.814,59.875,91.505
-0.655,0.156,-0.688,-1.831,-1.648,-15.93,-177.951,60.216,94.18
-0.628,0.144,-0.769,1.343,7.446,-7.874,-177.957,59.996,96.531
-0.553,0.16,-0.868,1.587,8.728,-1.465,-177.968,59.464,98.454
-0.499,0.205,-0.884,-0.305,-21.24,2.563,-178.401,59.601,99.558
-0.794,0.201,-1.011,1.77,-44.556,-8.301,-178.583,61.221,100.854
-1.115,0.077,-1.159,8.972,-15.442,-22.461,-178.017,62.902,102.958
-0.812,-0.073,-1.055,2.991,12.329,-24.17,-176.858,62.77,105.76
-0.343,-0.143,-0.812,-2.625,32.532,-12.817,-176.303,61.545,107.825
-0.271,-0.242,-0.777,-5.92,-2.197,-25.879,-175.908,60.601,109.314
-0.467,-0.299,-0.733,-11.78,-3.235,-41.199,-174.781,60.612,111.594
-0.456,-0.3,-0.673,-28.442,2.014,-23.438,-174.315,60.304,113.313
-0.43,-0.168,-0.604,-40.71,-0.061,0.977,-175.468,59.98,113.247
-0.554,-0.023,-0.643,-41.138,-9.216,8.606,-177.418,60.205,112.341
-0.598,0.053,-0.658,-30.396,2.136,3.235,-179.039,60.326,112.319
-0.582,-0.008,-0.67,-28.503,-4.272,-3.906,179.703,60.518,113.236
-0.621,-0.05,-0.707,-33.875,-10.742,-14.954,178.665,61.122,114.972
-0.674,-0.047,-0.722,-37.17,-2.869,-20.386,177.676,61.738,117.285
-0.645,-0.055,-0.779,-34.607,-0.061,-22.583,176.918,61.979,120.053
-0.681,-0.102,-0.805,-31.189,-1.038,-24.048,176.396,62.347,122.745
-0.924,-0.058,-0.968,-36.56,-25.146,-25.085,175.952,63.248,125.453
-0.938,0.068,-1.044,-46.631,10.193,-23.682,175.067,63.918,128.298
-0.545,0.195,-0.854,-49.011,19.836,-38.452,174.199,63.523,131.869
-0.327,0.32,-0.741,-55.115,-0.977,-31.555,173.32,63.122,135.428
-0.612,0.498,-0.756,-46.936,-6.836,-14.221,171.326,63.655,137.313
-0.503,0.487,-0.698,-16.968,13.123,-17.273,170.244,63.391,139.076
-0.422,0.405,-0.659,-3.052,13.184,-18.494,170.145,62.617,140.856
-0.397,0.292,-0.58,1.404,-1.099,-29.724,170.673,62.331,142.938
-0.479,0.231,-0.546,-4.883,-11.536,-34.363,171.304,62.781,145.349
-0.596,0.236,-0.561,-10.254,-12.329,-35.217,171.716,63.583,147.925
-0.662,0.226,-0.584,-10.742,-9.827,-36.987,172.211,64.347,150.804
-0.73,0.206,-0.66,-5.737,-1.099,-39.429,172.963,64.957,153.94
-0.683,0.222,-0.694,-5.066,-2.014,-27.771,173.749,65.264,156.857
-0.704,0.191,-0.725,3.174,-0.549,-24.963,174.589,65.605,159.318
-0.636,0.244,-0.725,7.019,3.052,-11.658,175.188,65.577,161.038
-0.753,0.226,-0.784,14.893,-12.085,-11.963,175.941,65.841,162.29
-0.802,0.156,-0.833,22.278,-15.869,-31.555,177.523,66.445,164.196
-0.991,-0.027,-0.935,25.085,-6.531,-37.964,-179.846,67.192,167.162
-0.929,-0.067,-0.996,9.277,6.104,-17.212,-177.742,67.176,169.909
-0.547,-0.166,-0.786,20.569,16.785,5.005,-176.874,66.588,170.898
-0.458,-0.274,-0.676,7.69,-9.644,2.93,-176.347,66.368,171.156
-0.651,-0.235,-0.684,-3.052,8.728,-5.737,-175.798,66.473,172.178
-0.488,-0.193,-0.628,-6.165,28.809,5.127,-175.66,65.457,173.216
-0.397,-0.161,-0.593,-9.399,23.865,13.306,-176.133,64.105,173.452
-0.439,-0.139,-0.615,-9.155,2.136,11.597,-176.666,63.43,173.496
-0.579,-0.107,-0.635,-7.507,-14.465,13.184,-177.226,63.907,173.551
-0.689,-0.099,-0.638,-3.54,-15.564,12.817,-177.654,64.748,173.859
-0.747,-0.114,-0.656,-2.38,-6.714,18.799,-178.204,65.468,174.089
-0.719,-0.084,-0.657,-4.639,2.625,24.048,-179.105,65.693,174.012
-0.66,-0.055,-0.651,-4.7,9.216,29.724,179.687,65.49,173.535
-0.652,-0.034,-0.721,-3.601,14.465,31.372,178.391,64.99,172.787
-0.679,-0.006,-0.829,-2.686,16.113,29.358,177.22,64.276,171.942
-0.549,-0.026,-0.824,-2.014,15.686,23.865,176.391,63.364,171.233
-0.623,-0.102,-0.893,-2.93,-14.16,5.859,175.957,63.402,170.81
-0.756,-0.075,-0.972,-15.991,-13.611,24.597,175.364,64.012,170.447
-0.612,0.059,-0.89,-22.766,-20.447,37.109,173.161,64.446,168.459
-0.766,0.258,-0.912,-31.982,-28.32,22.827,170.706,65.407,166.36
-0.552,0.324,-0.713,-30.762,-9.338,-11.108,168.832,66.121,165.773
-0.606,0.417,-0.692,-37.292,-22.034,-18.86,167.778,66.846,166.718
-0.721,0.413,-0.665,-29.846,-5.371,-24.963,166.63,67.742,167.69
-0.699,0.412,-0.64,-24.841,6.409,-34.973,166.421,68.022,169.728
-0.597,0.385,-0.57,-13.245,14.954,-37.537,166.899,67.846,172.244
-0.566,0.304,-0.521,-4.15,14.465,-40.955,168.118,67.654,175.034
-0.573,0.259,-0.521,0.244,9.033,-40.894,169.552,67.511,177.814
-0.666,0.199,-0.542,2.319,5.371,-43.823,171.156,67.692,-179.341
-0.762,0.133,-0.578,-0.977,9.216,-46.326,172.985,67.863,-176.1
-0.712,0.111,-0.595,-5.249,23.315,-43.396,174.6,67.429,-172.766
-0.71,0.07,-0.628,-6.348,17.883,-42.969,176.166,66.863,-169.393
-0.631,0.081,-0.614,-7.812,9.033,-33.508,177.352,66.533,-166.448
-0.698,0.041,-0.643,-3.235,-0.122,-33.569,178.374,66.709,-163.998
-0.82,0.097,-0.705,-13.55,7.019,-20.63,178.984,66.907,-161.851
-0.715,0.037,-0.715,-15.564,12.756,-23.315,179.16,66.473,-160.115
-0.684,0.092,-0.788,-24.78,5.493,-22.644,179.099,66.187,-158.253
-0.91,0.121,-0.994,-14.343,4.7,-31.738,179.121,66.209,-156.341
-0.918,0.065,-1.065,-9.094,5.188,-17.883,179.676,65.984,-154.446
-0.765,0.033,-0.926,-2.747,17.273,10.132,179.478,65.572,-154.122
-0.385,0.01,-0.753,9.888,19.409,24.475,178.863,64.451,-155.127
-0.369,-0.078,-0.699,16.724,11.047,26.489,178.66,63.633,-156.588
-0.397,-0.045,-0.714,16.479,5.798,33.813,178.374,62.946,-158.428
-0.391,-0.07,-0.686,18.311,2.991,33.875,178.143,62.435,-160.444
-0.421,-0.021,-0.693,21.973,-8.423,35.706,178.006,62.26,-162.493
-0.552,-0.008,-0.697,30.273,-17.151,39.612,178.088,62.661,-164.74
-0.59,-0.076,-0.716,32.898,-11.108,40.039,178.297,63.078,-167.031
-0.622,-0.092,-0.719,23.438,-14.526,38.025,178.352,63.55,-169.008
-0.58,-0.086,-0.681,12.756,-17.395,36.682,177.913,64.21,-170.843
-0.703,-0.069,-0.725,6.165,-27.527,29.541,177.204,65.297,-172.354
-0.641,-0.025,-0.682,-0.671,-21.851,30.212,176.237,66.357,-173.65
-0.788,0.076,-0.78,-1.587,-10.071,21.912,175.062,67.137,-174.875
-0.662,0.0,-0.81,8.118,6.287,4.028,174.985,67.083,-175.012
-0.635,-0.045,-0.783,10.193,-20.874,-0.732,175.54,67.374,-174.666
-0.928,-0.084,-0.91,1.16,-19.409,9.888,175.963,68.483,-174.595
-0.918,0.06,-0.905,-6.104,-16.174,17.822,175.144,69.153,-175.391
-0.907,0.194,-0.852,-7.141,-1.282,12.817,174.293,69.56,-176.045
-0.486,0.243,-0.57,-6.348,5.371,7.69,173.595,69.214,-176.435
-0.675,0.349,-0.622,-10.254,-17.517,9.949,172.573,69.483,-177.133
-0.708,0.312,-0.591,-5.554,12.878,-5.249,171.859,69.461,-177.446
-0.664,0.307,-0.578,-3.418,20.874,-17.639,172.079,68.714,-176.385
-0.561,0.22,-0.558,3.174,27.649,-25.94,173.029,67.67,-174.644
-0.517,0.177,-0.549,7.935,16.968,-26.611,174.287,66.846,-172.771
-0.615,0.11,-0.572,9.277,1.831,-23.743,175.578,66.725,-171.129
-0.74,0.078,-0.628,5.981,3.296,-20.02,176.594,66.852,-169.722
-0.712,0.084,-0.63,0.671,11.719,-15.625,177.418,66.632,-168.25
-0.646,0.153,-0.632,0.732,7.324,-8.484,177.671,66.281,-167.36
-0.672,0.18,-0.659,6.958,-0.183,-4.395,178.105,66.379,-166.641
-0.688,0.145,-0.737,15.869,0.671,5.554,178.374,66.429,-166.674
-0.777,0.123,-0.752,15.015,-5.615,5.554,178.61,66.813,-167.075
-0.797,0.104,-0.855,13.672,-3.296,-1.343,178.989,66.962,-167.212
-0.908,0.08,-0.961,15.381,-2.258,-4.761,179.599,67.137,-166.987
-0.987,-0.036,-1.001,17.761,6.897,-1.831,-179.385,67.148,-166.547
-0.575,-0.068,-0.782,17.09,21.423,10.132,-178.83,66.412,-166.707
-0.416,-0.055,-0.71,24.353,7.202,5.371,-178.149,65.528,-167.124
-0.562,-0.079,-0.661,43.762,18.921,13.428,-176.715,64.907,-167.613
-0.587,-0.316,-0.685,34.729,40.222,16.113,-175.254,63.314,-168.574
-0.293,-0.271,-0.659,12.512,43.823,13.672,-174.556,61.013,-169.069
-0.377,-0.218,-0.692,0.427,3.418,13.245,-174.474,59.991,-169.722
-0.615,-0.163,-0.709,-6.348,1.16,7.874,-174.595,60.051,-169.92
-0.582,-0.146,-0.716,-5.066,8.667,9.155,-174.831,59.711,-169.915
-0.548,-0.165,-0.737,-7.08,8.484,5.92,-175.1,59.403,-169.794
-0.518,-0.155,-0.725,-11.414,-4.089,6.042,-175.49,59.425,-169.607
-0.516,-0.132,-0.713,-15.137,-10.986,8.24,-176.116,59.859,-169.557
-0.632,-0.108,-0.732,-12.817,-14.343,9.216,-176.83,60.787,-169.585
-0.737,-0.104,-0.812,-7.69,-17.151,5.981,-177.38,61.458,-169.607
-0.66,-0.209,-0.848,-5.31,10.315,2.38,-177.336,61.826,-169.096
-0.598,-0.057,-0.923,-16.174,0.854,24.292,-178.198,61.518,-169.519
-0.761,0.079,-1.01,-14.954,-12.512,18.921,-179.61,61.875,-170.81
-0.803,0.192,-1.055,-10.498,13.489,7.507,179.374,61.886,-171.606
-0.391,0.212,-0.93,-15.869,27.283,2.38,178.704,60.634,-171.881
-0.322,0.345,-0.858,-17.395,-6.836,-2.991,177.709,59.875,-172.315
-0.542,0.292,-0.803,-10.193,-1.343,-14.343,177.05,60.145,-172.529
-0.43,0.267,-0.692,-8.484,2.441,-21.057,176.935,59.914,-171.991
-0.491,0.218,-0.639,-2.991,-0.854,-25.024,177.1,59.941,-171.194
-0.493,0.144,-0.62,-5.066,-2.625,-27.649,177.506,60.046,-170.046
-0.578,0.113,-0.625,-10.925,-8.911,-25.085,177.698,60.54,-168.816
-0.605,0.139,-0.633,-10.986,-6.714,-21.606,177.632,61.046,-167.69
-0.682,0.114,-0.656,-8.728,-7.812,-19.226,177.682,61.661,-166.575
-0.696,0.132,-0.683,-6.653,-0.916,-15.808,177.726,62.034,-165.515
-0.651,0.144,-0.722,0.0,1.526,-13.367,177.902,62.216,-164.553
-0.597,0.131,-0.705,1.77,-5.554,-12.756,178.27,62.507,-163.718
-0.705,0.206,-0.823,-0.549,-8.24,-10.193,178.467,63.062,-163.147
-0.665,0.125,-0.782,8.789,-19.714,-29.968,179.214,63.748,-162.109
-1.079,0.103,-1.043,10.498,-9.521,-31.86,-179.313,64.83,-160.241
-0.914,-0.026,-1.05,17.883,20.569,-25.757,-177.523,64.534,-158.395
-0.602,-0.107,-0.921,16.052,24.414,1.038,-176.204,63.501,-157.555
-0.314,-0.114,-0.816,16.785,22.217,20.203,-175.963,62.166,-158.494
-0.409,-0.175,-0.814,18.005,22.461,0.183,-175.529,61.089,-159.483
-0.244,-0.249,-0.739,7.812,18.494,-10.193,-174.49,59.771,-159.318
-0.279,-0.238,-0.673,-6.409,-2.075,-1.343,-174.199,59.156,-159.51
-0.433,-0.179,-0.648,-15.503,-20.508,2.197,-174.523,59.54,-159.928
-0.553,-0.118,-0.621,-15.015,-15.503,9.216,-175.139,60.282,-160.285
-0.63,-0.101,-0.667,-12.146,-15.198,13.489,-175.908,60.969,-160.757
-0.696,-0.074,-0.671,-10.193,-2.747,15.869,-176.688,61.551,-161.18
-0.625,-0.072,-0.701,-7.202,-0.488,13.184,-177.49,61.6,-161.658
-0.669,-0.073,-0.752,-6.409,3.113,10.681,-178.017,61.765,-161.801
-0.553,-0.074,-0.768,-9.094,4.211,13.367,-178.621,61.529,-162.098
-0.718,-0.058,-0.906,-10.925,0.977,13.184,-179.357,61.523,-162.521
-0.52,-0.031,-0.854,-11.597,9.277,21.179,179.698,61.144,-163.229
-0.65,-0.011,-0.931,-8.789,-10.254,15.991,178.638,61.177,-164.312
-0.728,0.023,-0.986,-7.019,-8.789,12.634,177.924,61.485,-165.086
-1.125,0.116,-1.16,-9.949,3.479,10.315,177.209,61.837,-165.745
-0.446,0.234,-0.791,-19.287,47.302,17.395,176.155,60.266,-166.245
-0.244,0.376,-0.696,-18.005,-2.258,6.104,174.853,58.843,-166.921
-0.581,0.361,-0.721,-5.92,3.418,-15.259,174.029,59.161,-167.272
-0.333,0.268,-0.688,2.014,32.41,-38.879,174.869,58.074,-165.602
-0.307,0.172,-0.681,8.24,11.047,-39.551,176.177,57.217,-163.619
-0.426,0.097,-0.646,5.554,-2.625,-27.771,177.237,57.233,-162.252
-0.537,0.07,-0.665,-0.366,-2.869,-22.4,177.797,57.426,-161.307
-0.64,0.058,-0.73,-5.127,2.38,-25.452,178.242,57.59,-160.054
-0.56,0.094,-0.708,-6.958,6.653,-19.714,178.561,57.475,-158.692
-0.584,0.15,-0.729,0.488,-2.319,-2.441,178.561,57.541,-158.192
-0.595,0.152,-0.743,2.686,3.845,3.479,178.473,57.667,-158.34
-0.636,0.189,-0.86,5.92,0.183,-0.305,178.478,57.623,-158.489
-0.727,0.237,-1.026,8.057,7.812,2.502,178.566,57.382,-158.659
-0.751,0.181,-1.112,17.151,4.211,-8.85,179.044,57.151,-158.67
-0.786,0.03,-1.15,26.184,23.254,-13.245,-179.615,56.766,-158.038
-0.17,-0.139,-0.959,38.879,36.621,-3.662,-177.902,55.08,-157.648
-0.024,-0.371,-0.824,31.433,-5.371,10.986,-176.001,54.146,-158.099
-0.375,-0.253,-0.853,5.676,-30.029,31.677,-175.688,54.915,-160.027
-0.481,-0.179,-0.772,-0.671,-5.066,26.917,-176.243,55.596,-162.246
-0.326,-0.167,-0.677,-10.62,-10.498,14.343,-176.748,55.591,-163.559
-0.499,-0.106,-0.673,-18.433,-17.456,9.827,-177.539,56.272,-164.295
-0.596,-0.04,-0.665,-18.25,-8.057,10.01,-178.44,56.86,-164.614
-0.568,-0.022,-0.683,-12.207,0.793,12.756,-179.28,57.019,-164.954
-0.593,-0.005,-0.733,-8.484,5.859,14.587,179.967,57.003,-165.361
-0.476,-0.021,-0.695,-4.211,5.554,11.536,179.418,56.766,-165.767
-0.578,-0.035,-0.809,-4.761,-3.174,12.39,179.028,56.948,-166.097
-0.566,-0.032,-0.912,-3.418,11.292,18.555,178.473,56.717,-166.75
-0.594,-0.061,-1.069,2.319,3.479,12.512,178.171,56.239,-167.536
-0.532,0.063,-1.189,-10.132,-6.836,22.583,177.726,55.822,-168.481
-0.616,0.158,-1.118,-5.493,-4.15,9.094,176.896,56.124,-169.788
-0.335,0.172,-0.861,-17.334,-4.639,-0.61,176.391,56.058,-170.272
-0.54,0.253,-0.813,-27.283,-20.142,-7.812,175.232,56.684,-170.673
-0.483,0.224,-0.724,-34.607,3.235,-29.846,174.183,57.063,-170.052
-0.379,0.252,-0.634,-40.649,2.686,-46.143,173.419,57.101,-168.113
-0.403,0.208,-0.576,-40.161,-2.747,-50.415,172.738,57.442,-165.69
-0.541,0.253,-0.609,-40.161,0.0,-41.382,171.958,57.991,-163.438
-0.479,0.305,-0.616,-28.564,7.874,-29.114,171.161,58.019,-161.664
-0.62,0.295,-0.675,-17.944,0.732,-25.085,170.612,58.239,-160.488
-0.706,0.262,-0.705,-11.902,15.259,-27.649,170.568,58.26,-159.077
-0.624,0.234,-0.686,-1.648,28.564,-28.32,171.079,57.546,-157.291
-0.628,0.198,-0.697,2.136,29.663,-15.747,171.727,56.574,-155.825
-0.493,0.176,-0.74,10.498,28.687,-8.728,172.315,55.349,-155.001
-0.524,0.177,-0.77,9.766,16.235,-4.761,172.98,54.646,-154.506
-0.567,0.165,-0.796,10.437,12.573,-4.517,173.622,54.185,-154.155
-0.55,0.276,-0.863,11.414,22.705,-0.793,173.958,53.547,-154.089
-0.565,0.312,-0.941,19.104,7.874,-5.737,174.655,52.921,-153.973
-0.562,0.23,-1.053,27.222,18.555,-18.433,175.908,52.531,-153.528
-0.427,0.141,-1.09,28.931,7.935,-25.146,177.748,51.938,-152.441
-0.504,0.021,-1.177,28.259,-5.371,-9.888,179.456,52.004,-151.732
-0.317,-0.044,-1.018,24.719,-3.418,8.911,-179.456,52.13,-152.254
-0.167,-0.215,-0.846,23.926,-23.804,-19.958,-178.198,52.515,-152.562
-0.365,-0.332,-0.838,-0.549,-20.142,-48.523,-176.38,53.553,-150.853
-0.296,-0.199,-0.813,-32.166,-0.061,-29.114,-175.902,53.608,-148.821
-0.242,-0.052,-0.792,-46.387,-1.404,-24.719,-176.99,53.262,-147.612
-0.287,0.036,-0.732,-41.687,-18.738,-32.776,-178.22,53.525,-146.305
-0.458,0.013,-0.689,-33.203,-27.527,-37.842,-178.89,54.58,-144.569
-0.592,0.009,-0.687,-26.428,-15.808,-36.438,-179.171,55.591,-142.57
-0.598,-0.028,-0.709,-18.25,-4.333,-41.321,-178.956,56.069,-140.273
-0.638,-0.072,-0.741,-19.836,1.587,-44.739,-178.429,56.288,-137.56
-0.533,-0.068,-0.724,-23.987,7.08,-39.001,-178.16,56.195,-134.918
-0.521,-0.064,-0.747,-23.621,-8.85,-42.48,-177.979,56.464,-132.352
-0.517,-0.091,-0.757,-20.63,-10.742,-49.927,-177.457,57.123,-129.391
-0.739,-0.115,-0.935,-23.926,-8.728,-50.964,-176.759,57.821,-126.216
-0.673,-0.11,-0.962,-29.297,4.456,-56.702,-176.204,57.843,-122.888
-0.662,-0.133,-0.981,-39.185,7.324,-63.721,-175.567,57.689,-118.954
-0.506,0.077,-0.93,-48.889,15.442,-43.64,-176.105,57.047,-115.829
-0.279,0.157,-0.783,-41.321,-6.47,-45.654,-176.995,56.656,-113.483
-0.344,0.136,-0.667,-41.504,-43.945,-49.805,-177.589,57.799,-111.099
-0.731,0.131,-0.693,-52.551,-53.65,-53.528,-178.336,60.348,-108.561
-0.759,0.182,-0.681,-58.044,-21.362,-56.702,-179.33,62.232,-105.721
-0.753,0.188,-0.659,-64.087,1.343,-62.439,179.758,62.897,-102.409
-0.579,0.282,-0.616,-57.983,16.052,-66.101,178.984,62.617,-98.751
-0.677,0.231,-0.721,-43.518,10.864,-70.862,178.907,62.413,-94.988
-0.637,0.203,-0.727,-39.062,12.634,-62.195,179.176,62.166,-91.417
-0.576,0.217,-0.696,-31.311,-2.075,-49.805,179.16,62.238,-88.726
-0.635,0.238,-0.664,-23.621,-12.939,-40.771,179.198,63.023,-86.655
-0.587,0.272,-0.61,-12.878,-14.587,-33.081,179.324,63.946,-85.265
-0.716,0.284,-0.672,-0.549,-18.494,-28.625,179.769,65.089,-84.21
-0.696,0.239,-0.719,18.433,-6.653,-31.982,-179.044,65.775,-83.106
-0.977,0.117,-0.896,41.748,-22.705,-40.527,-176.451,66.747,-81.491
-0.76,-0.067,-0.781,53.528,-3.235,-41.26,-172.639,67.451,-79.497
-0.675,-0.312,-0.796,51.88,21.545,-37.415,-168.387,66.94,-77.591
-0.316,-0.403,-0.696,30.396,23.682,-21.362,-165.416,65.319,-76.8
-0.52,-0.482,-0.751,13.123,-13.0,-34.851,-163.191,64.825,-75.894
-0.604,-0.424,-0.75,-12.695,-2.197,-25.33,-161.653,64.567,-74.504
-0.538,-0.36,-0.672,-34.546,3.723,-16.724,-161.735,64.034,-73.965
-0.557,-0.23,-0.661,-45.044,2.441,-23.804,-162.795,63.463,-73.531
-0.589,-0.183,-0.697,-42.908,8.118,-33.142,-163.63,62.721,-72.427
-0.521,-0.227,-0.716,-37.17,9.583,-40.161,-164.081,61.76,-70.944
-0.471,-0.272,-0.73,-36.133,-1.16,-45.227,-164.185,61.007,-69.044
-0.557,-0.321,-0.796,-37.415,-19.531,-48.34,-164.02,60.936,-66.638
-0.672,-0.383,-0.773,-45.227,-33.691,-48.157,-163.779,61.661,-63.825
-0.759,-0.303,-0.791,-52.124,-18.188,-41.504,-164.185,62.353,-61.392
-0.674,-0.295,-0.718,-50.293,-13.428,-54.504,-164.487,62.452,-58.793
-0.839,-0.248,-0.817,-57.922,-19.165,-50.293,-164.724,62.644,-55.783
-0.835,-0.036,-0.905,-62.256,31.433,-40.955,-165.998,61.859,-53.679
-0.4,0.093,-0.721,-61.035,41.138,-35.156,-167.849,59.755,-52.278
-0.292,0.162,-0.689,-56.519,-10.559,-41.504,-169.81,58.672,-50.817
-0.752,0.117,-0.771,-56.458,-15.869,-60.364,-170.969,59.529,-48.093
-0.513,0.156,-0.713,-53.345,17.029,-63.416,-171.942,58.969,-45.066
-0.5,0.14,-0.763,-47.913,10.254,-52.307,-172.815,58.195,-42.369
-0.5,0.146,-0.758,-37.903,-4.211,-41.504,-173.82,57.947,-40.457
-0.644,0.153,-0.768,-29.114,-11.047,-29.053,-174.639,58.447,-39.111
-0.675,0.151,-0.769,-20.142,-0.671,-19.531,-175.402,58.821,-38.54
-0.598,0.167,-0.752,-10.193,4.7,-16.296,-175.869,58.799,-38.342
-0.549,0.124,-0.721,-0.488,-3.601,-13.489,-175.853,58.936,-38.254
-0.577,0.104,-0.707,3.235,-5.615,-7.935,-175.666,59.387,-38.364
-0.562,0.095,-0.759,6.042,-0.732,-0.488,-175.562,59.656,-38.853
-0.445,0.153,-0.828,4.211,-12.024,15.259,-175.99,60.007,-40.117
-0.533,0.055,-0.801,16.296,-54.016,-3.113,-175.952,61.771,-41.155
-0.995,-0.044,-0.865,8.789,-64.453,-19.165,-174.869,65.039,-40.551
-1.021,-0.087,-0.934,4.883,-29.785,-25.146,-173.716,67.044,-39.501
-1.061,-0.076,-1.058,-2.258,-18.677,-25.94,-172.48,68.143,-38.007
-0.878,-0.163,-0.915,8.545,-1.709,-24.17,-171.134,68.687,-36.535
-0.592,-0.372,-0.693,4.822,12.207,-26.062,-169.634,68.192,-35.206
-0.457,-0.421,-0.546,-23.254,28.687,-17.09,-168.821,66.923,-33.728
-0.482,-0.174,-0.575,-48.035,62.378,11.719,-170.475,64.825,-33.706
-0.166,0.072,-0.571,-49.072,78.857,26.611,-173.732,61.177,-35.272
-0.061,0.157,-0.718,-25.146,33.997,20.813,-176.292,58.118,-36.694
-0.413,0.142,-0.812,-6.653,-7.141,15.686,-177.682,57.382,-37.645
-0.672,0.079,-0.879,9.033,12.573,11.78,-178.061,57.14,-38.513
-0.48,-0.016,-0.854,16.602,14.099,3.052,-177.698,56.168,-39.15
-0.471,-0.137,-0.802,15.381,8.728,-9.827,-176.721,55.635,-38.958
-0.485,-0.16,-0.733,3.113,-7.263,-10.01,-175.946,55.602,-38.348
-0.628,-0.158,-0.781,-1.648,3.906,-9.644,-175.496,55.783,-37.716
-0.487,-0.181,-0.792,-4.517,19.409,-4.395,-175.27,55.074,-37.315
-0.377,-0.188,-0.847,-8.24,3.967,-3.418,-175.27,54.415,-37.035
-0.51,-0.158,-0.946,-14.648,3.967,4.395,-175.534,54.443,-36.766
-0.458,-0.11,-1.001,-18.433,2.319,9.827,-176.38,54.19,-37.095
-0.516,-0.032,-1.083,-19.714,-1.221,7.69,-177.451,54.113,-37.452
-0.541,-0.064,-1.172,-15.991,-6.897,-4.089,-178.171,54.146,-37.375
-0.554,0.015,-1.131,-24.963,-2.136,-6.287,-178.863,54.487,-36.881
-0.288,0.123,-0.917,-39.49,-9.705,-3.662,179.879,54.448,-36.42
-0.519,0.324,-0.898,-49.744,-26.672,3.723,177.501,55.349,-36.497
-0.445,0.319,-0.784,-40.283,0.671,-15.808,175.27,55.904,-36.442
-0.281,0.31,-0.659,-29.419,-1.892,-32.898,174.062,55.844,-35.266
-0.312,0.267,-0.614,-18.005,-15.442,-27.71,173.535,56.371,-33.904
-0.363,0.239,-0.583,-12.146,-22.766,-15.686,173.029,57.327,-33.365
-0.542,0.248,-0.637,-9.888,-29.48,-12.329,172.359,58.656,-33.47
-0.671,0.209,-0.649,-6.653,-19.714,-20.996,172.117,60.018,-33.311
-0.715,0.188,-0.7,-6.47,-6.531,-24.902,172.332,60.897,-32.618
-0.729,0.185,-0.744,-5.92,9.521,-18.86,172.639,61.117,-31.893
-0.521,0.177,-0.661,-0.732,7.446,-16.663,173.04,60.87,-31.289
-0.589,0.14,-0.678,1.465,-19.714,-15.32,173.518,61.567,-30.894
-0.703,0.176,-0.801,-0.977,-7.751,-11.597,173.765,62.529,-30.74
-0.674,0.271,-0.941,-0.61,-15.137,-10.559,173.919,63.012,-30.553
-0.836,0.252,-1.009,3.113,-24.292,-4.089,174.023,63.973,-30.674
-1.203,0.184,-1.146,12.085,-6.165,0.916,174.133,65.056,-31.124
-0.493,0.156,-0.782,6.409,31.372,34.18,173.897,64.067,-32.399
-0.264,0.125,-0.73,24.17,-8.789,19.348,173.326,62.968,-34.453
-0.589,-0.013,-0.719,29.541,-10.437,0.244,174.413,63.671,-34.975
-0.478,-0.013,-0.671,22.095,12.085,19.409,175.353,63.287,-35.486
-0.446,-0.03,-0.59,15.442,7.263,22.827,175.578,62.584,-36.678
-0.456,-0.001,-0.573,9.827,-5.005,13.489,175.644,62.336,-37.617
-0.558,0.016,-0.596,5.737,-20.691,7.446,175.754,63.007,-38.128
-0.727,0.027,-0.642,7.446,-21.24,1.221,175.963,64.166,-38.463
-0.836,-0.016,-0.719,6.897,-1.404,-0.854,176.479,64.819,-38.491
-0.685,-0.001,-0.681,3.54,12.329,0.0,176.885,64.523,-38.441
-0.633,-0.006,-0.671,2.075,8.423,4.211,177.144,64.16,-38.54
-0.619,0.002,-0.719,1.77,7.751,4.211,177.231,63.902,-38.782
-0.666,-0.009,-0.805,0.854,10.62,2.258,177.363,63.578,-38.886
-0.543,-0.023,-0.832,-2.991,8.85,-3.967,177.523,62.952,-38.683
-0.634,-0.117,-0.794,-7.019,-5.432,-20.813,178.16,63.369,-37.452
-0.674,-0.072,-0.82,-20.508,-4.028,-1.648,178.149,63.666,-36.48
-0.71,-0.004,-0.867,-22.461,-6.226,-5.493,177.33,63.891,-36.2
-1.012,0.093,-1.023,-24.414,2.136,-19.348,176.918,64.254,-35.211
-0.777,0.118,-0.981,-24.231,30.518,-34.302,177.122,63.479,-33.305
-0.419,0.223,-0.814,-33.447,25.574,-31.067,177.166,62.15,-31.047
-0.433,0.353,-0.783,-40.1,-3.479,-18.127,176.138,61.721,-29.592
-0.525,0.379,-0.719,-27.1,-0.854,-24.719,174.902,61.913,-28.658
-0.519,0.293,-0.645,-13.916,10.254,-35.767,174.776,61.765,-27.12
-0.444,0.194,-0.595,-4.028,18.25,-38.818,175.49,61.177,-25.192
-0.436,0.103,-0.6,0.732,6.836,-35.034,176.49,60.754,-23.357
-0.572,0.074,-0.638,1.404,-1.038,-24.658,177.292,60.886,-22.006
-0.663,0.023,-0.684,-0.732,3.235,-21.606,177.957,60.985,-21.033
-0.662,0.02,-0.703,-6.531,11.108,-16.479,178.391,60.804,-20.171
-0.637,0.044,-0.731,-8.789,10.437,-11.658,178.429,60.414,-19.677
-0.607,0.095,-0.739,-11.841,11.475,-4.517,178.237,60.101,-19.418
-0.502,0.167,-0.745,-6.897,-5.676,-2.686,177.852,60.002,-19.534
-0.603,0.183,-0.748,0.061,-18.86,-14.587,177.819,60.809,-19.429
-0.732,0.198,-0.773,2.319,-13.123,-15.198,178.226,61.798,-18.929
-0.798,0.143,-0.819,5.432,1.892,-21.24,178.857,62.238,-18.375
-0.806,0.13,-0.948,6.592,17.09,-27.71,179.94,61.979,-17.205
-0.872,0.036,-1.076,22.827,18.066,-28.748,-178.506,61.243,-15.93
-0.761,-0.123,-1.059,19.287,32.776,-12.817,-176.583,60.161,-14.782
-0.346,-0.094,-0.821,13.977,33.447,15.259,-176.061,58.508,-15.298
-0.29,-0.182,-0.752,23.926,11.475,-1.77,-175.364,57.431,-15.798
-0.424,-0.209,-0.828,11.902,22.644,17.761,-174.567,56.563,-15.98
-0.217,-0.141,-0.759,-0.122,33.691,46.509,-175.303,54.926,-17.891
-0.159,-0.021,-0.698,0.0,6.775,49.194,-176.6,53.833,-20.38
-0.372,-0.047,-0.744,11.353,-10.864,27.466,-177.028,53.948,-21.945
-0.464,-0.103,-0.768,12.878,-14.343,18.677,-176.792,54.426,-22.709
-0.599,-0.147,-0.79,11.23,-9.46,16.846,-176.517,55.025,-23.461
-0.518,-0.188,-0.767,5.127,-1.526,14.954,-176.342,55.179,-24.142
-0.458,-0.17,-0.761,-3.479,-7.935,21.851,-176.572,55.503,-24.928
-0.549,-0.016,-0.842,1.831,-23.071,8.24,-176.973,56.393,-25.708
-0.562,-0.101,-0.917,10.803,7.507,10.071,-176.627,56.805,-25.9
-0.461,-0.231,-1.037,3.296,8.362,13.123,-176.413,56.25,-26.433
-0.539,-0.136,-1.097,-7.874,-10.193,14.221,-176.71,56.327,-26.812
-0.738,-0.021,-1.129,-9.644,-12.939,12.085,-177.407,57.025,-27.301
-0.531,0.058,-0.98,-12.085,-3.174,4.272,-177.99,57.244,-27.488
-0.342,0.167,-0.797,-18.738,-10.071,10.071,-178.896,57.371,-27.68
-0.516,0.24,-0.773,-19.226,-23.926,12.451,179.648,58.244,-28.356
-0.519,0.248,-0.735,-14.526,-5.554,1.831,178.385,58.782,-28.916
-0.487,0.24,-0.702,-12.146,0.916,-2.319,177.512,58.755,-29.114
-0.447,0.229,-0.653,-11.047,-0.732,-4.7,176.781,58.705,-29.246
-0.49,0.212,-0.63,-9.521,-10.559,-11.047,176.226,59.057,-29.202
-0.644,0.202,-0.65,-8.728,-10.742,-15.808,175.869,59.777,-28.96
-0.683,0.17,-0.659,-5.92,4.761,-20.447,175.908,60.112,-28.438
-0.653,0.156,-0.66,-3.662,9.521,-24.17,176.27,60.002,-27.614
-0.657,0.133,-0.69,-3.662,16.052,-29.48,176.896,59.727,-26.483
-0.645,0.12,-0.743,-3.845,18.311,-33.142,177.726,59.271,-24.999
-0.537,0.135,-0.766,0.0,13.123,-26.123,178.473,58.711,-23.665
-0.575,0.139,-0.807,3.479,6.226,-17.761,179.258,58.519,-22.648
-0.649,0.166,-0.867,12.451,1.282,-7.141,179.758,58.359,-22.451
-0.644,0.098,-0.943,16.052,11.597,-7.751,-179.401,58.228,-22.374
-0.775,0.063,-1.137,19.531,18.677,-7.324,-178.484,57.596,-22.297
-0.646,-0.031,-1.229,20.691,27.405,0.366,-177.369,56.481,-22.209
-0.371,-0.006,-1.064,19.958,20.508,30.09,-176.973,55.338,-23.225
-0.024,-0.053,-0.763,30.273,-10.742,28.503,-176.786,54.701,-25.06
-0.431,-0.218,-0.764,38.757,-40.527,-2.869,-175.155,56.135,-25.164
-0.475,-0.235,-0.743,22.583,0.305,21.545,-173.848,56.695,-25.373
-0.359,-0.242,-0.7,10.132,-0.244,23.438,-173.628,56.486,-26.516
-0.398,-0.174,-0.68,-0.793,-8.057,14.526,-173.694,56.662,-27.103
-0.49,-0.146,-0.689,-1.404,-11.414,9.888,-173.798,57.151,-27.411
-0.562,-0.147,-0.705,-3.357,-17.151,6.653,-173.853,57.832,-27.565
-0.667,-0.121,-0.751,-5.676,-3.174,8.911,-174.04,58.42,-27.79
-0.596,-0.115,-0.729,-4.211,-0.61,10.559,-174.402,58.546,-28.334
-0.551,-0.085,-0.729,-3.54,2.563,10.376,-174.803,58.618,-28.954
-0.545,-0.115,-0.763,-3.54,2.502,9.216,-175.078,58.634,-29.471
-0.566,-0.133,-0.85,-4.395,4.639,7.507,-175.375,58.541,-29.916
-0.467,-0.144,-0.831,-8.606,7.69,9.766,-175.776,58.217,-30.328
-0.525,-0.155,-0.867,-8.24,-22.034,1.587,-176.232,58.502,-30.569
-0.767,-0.144,-0.997,-13.672,-16.113,8.667,-176.539,59.496,-30.454
-0.8,-0.037,-1.071,-11.353,-10.437,15.137,-177.506,60.018,-31.168
-0.833,0.106,-1.074,-11.78,7.202,10.132,-178.325,60.233,-31.811
-0.441,0.153,-0.826,-13.489,18.921,-1.038,-178.967,59.464,-32.119
-0.515,0.267,-0.775,-21.667,2.563,-9.338,-179.824,59.073,-31.91
-0.449,0.234,-0.764,-16.479,23.865,-28.503,179.725,58.277,-31.02
-0.292,0.164,-0.675,-9.46,20.203,-33.691,179.956,57.14,-29.355
-0.264,0.068,-0.625,-7.019,-2.197,-20.691,-179.835,56.711,-28.109
-0.465,0.091,-0.639,-7.019,-9.949,-6.653,179.896,57.096,-27.708
-0.534,0.11,-0.688,-0.366,-2.258,-3.235,179.599,57.288,-27.834
-0.563,0.074,-0.746,1.526,0.0,-2.319,179.615,57.371,-27.982
-0.649,0.063,-0.802,4.395,2.563,-2.747,179.703,57.404,-28.18
-0.515,0.081,-0.78,0.488,5.249,6.653,179.659,57.118,-28.597
-0.601,0.066,-0.771,1.77,-6.104,1.648,179.55,57.316,-29.092
-0.53,0.082,-0.732,0.244,-7.874,4.272,179.412,57.656,-29.537
-0.653,0.107,-0.775,-0.549,-11.047,0.671,179.203,58.315,-29.998
-0.612,0.154,-0.783,0.977,-8.789,2.38,179.072,58.848,-30.372
-0.677,0.091,-0.888,2.563,-17.273,-2.075,178.951,59.513,-30.872
-0.895,0.08,-1.047,-15.991,-10.864,-7.751,178.824,60.436,-30.723
-1.003,0.192,-1.159,-6.897,3.357,2.197,178.143,60.749,-30.822
-0.58,0.099,-0.978,0.305,28.564,17.7,177.665,59.859,-31.597
-0.116,0.055,-0.739,11.841,10.742,18.494,177.314,58.601,-32.833
-0.459,-0.05,-0.769,18.433,-5.92,3.174,177.968,58.771,-33.212
-0.33,-0.007,-0.74,12.207,17.456,25.757,178.204,57.986,-34.014
-0.286,-0.032,-0.717,8.728,3.113,26.428,177.995,57.189,-35.387
-0.436,0.015,-0.729,3.723,-9.155,17.029,177.709,57.189,-36.376
-0.514,-0.002,-0.722,4.822,-5.554,9.46,177.704,57.387,-36.887
-0.559,0.025,-0.745,3.174,-1.404,9.705,177.676,57.486,-37.354
-0.524,0.002,-0.728,3.54,-2.747,6.287,177.737,57.519,-37.738
-0.605,0.013,-0.771,1.892,-4.883,8.118,177.753,57.816,-38.084
-0.577,0.002,-0.797,2.075,-1.343,8.667,177.665,57.953,-38.595
-0.555,-0.008,-0.819,0.793,2.686,7.446,177.599,57.997,-39.012
-0.508,-0.028,-0.822,-0.305,-3.418,3.174,177.616,57.975,-39.205
-0.639,-0.057,-0.934,-2.502,-12.329,-4.456,177.665,58.348,-39.106
-0.638,-0.088,-0.985,-10.681,-3.784,-5.554,177.83,58.738,-38.507
-0.781,0.025,-1.089,-16.907,-9.46,6.897,177.264,59.101,-38.403
-0.823,0.13,-1.107,-17.334,8.057,-0.61,176.468,59.216,-38.491
-0.304,0.217,-0.793,-16.296,23.132,-7.812,175.924,58.244,-38.051
-0.457,0.264,-0.796,-19.104,-19.531,-8.24,175.408,58.381,-37.425
-0.508,0.304,-0.748,-12.329,13.123,-10.01,174.666,58.458,-37.134
-0.349,0.232,-0.684,-5.676,6.714,-17.09,174.628,57.821,-36.31
-0.397,0.164,-0.626,-6.104,-3.235,-16.724,174.655,57.865,-35.513
-0.477,0.156,-0.622,-8.606,-6.042,-14.404,174.496,58.173,-34.876
-0.543,0.154,-0.654,-8.667,-3.296,-14.771,174.315,58.48,-34.288
-0.6,0.153,-0.702,-7.263,2.686,-13.184,174.216,58.623,-33.695
-0.591,0.153,-0.715,-6.287,3.845,-11.719,174.172,58.601,-33.179
-0.576,0.166,-0.722,-4.822,4.944,-6.348,174.117,58.585,-32.8
-0.628,0.189,-0.745,-0.488,-1.099,-4.395,174.012,58.683,-32.728
-0.515,0.167,-0.693,2.197,-1.282,-5.676,174.166,58.832,-32.607
-0.647,0.17,-0.767,2.563,-7.69,-6.287,174.287,59.31,-32.591
-0.61,0.203,-0.823,0.427,-1.221,-3.418,174.413,59.59,-32.52
-0.739,0.213,-0.867,6.287,-10.132,-4.089,174.479,60.194,-32.646
-0.827,0.229,-1.052,10.498,-7.629,-0.366,174.738,60.568,-32.86
-0.93,0.137,-1.148,14.832,16.296,4.883,175.254,60.606,-33.118
-0.464,0.064,-0.984,13.428,21.667,27.405,175.331,59.442,-34.178
-0.346,-0.031,-0.889,16.235,1.099,16.479,175.391,58.738,-35.392
-0.486,0.011,-0.865,12.573,8.24,19.409,175.633,58.464,-36.118
-0.218,0.021,-0.703,10.62,10.01,21.606,175.677,57.53,-37.068
-0.321,0.049,-0.629,6.287,-6.653,16.724,175.627,57.327,-37.793
-0.349,0.044,-0.623,5.432,-6.897,8.972,175.6,57.316,-38.254
-0.498,0.025,-0.652,4.089,-16.663,1.16,175.798,57.859,-38.271
-0.635,0.036,-0.704,3.967,-10.742,4.211,175.93,58.508,-38.37
-0.637,0.008,-0.73,4.333,-0.854,4.578,176.155,58.76,-38.524
-0.595,0.014,-0.777,1.16,8.484,8.362,176.144,58.678,-38.864
-0.551,0.022,-0.832,-2.502,5.249,8.545,176.017,58.343,-39.183
-0.46,0.027,-0.83,-4.028,-0.366,13.062,175.638,58.173,-39.705
-0.523,0.011,-0.881,-1.831,-14.709,6.653,175.331,58.458,-40.139
-0.617,0.0,-0.941,-4.333,-9.216,5.493,175.078,59.041,-40.413
-0.767,-0.01,-1.021,-3.967,-21.606,-14.038,175.122,59.837,-40.078
-0.844,0.072,-1.095,-8.972,-0.61,-15.442,175.452,60.463,-39.029
-0.567,0.131,-0.904,-13.611,-6.348,-14.587,175.655,60.661,-37.936
-0.557,0.198,-0.797,-21.973,-12.939,-11.414,175.292,61.188,-37.09
-0.637,0.269,-0.74,-31.006,4.578,-15.625,174.227,61.551,-36.469
-0.5,0.257,-0.684,-28.32,20.386,-41.626,173.881,61.002,-34.547
-0.422,0.221,-0.634,-25.696,21.851,-53.894,174.227,60.211,-31.575
-0.407,0.157,-0.563,-24.902,16.235,-58.96,174.864,59.694,-28.224
-0.484,0.136,-0.597,-25.269,6.287,-55.481,175.353,59.551,-25.054
-0.639,0.13,-0.688,-31.189,8.667,-46.57,175.594,59.661,-22.22
-0.61,0.183,-0.715,-27.832,18.738,-39.124,175.369,59.293,-20.034
-0.499,0.157,-0.667,-19.592,7.263,-45.471,175.551,58.892,-17.759
-0.724,0.116,-0.731,-18.86,0.122,-42.725,175.984,59.299,-15.463
-0.654,0.108,-0.699,-19.47,13.367,-43.274,176.396,59.293,-13.26
-0.565,0.11,-0.644,-19.226,3.113,-33.813,176.732,59.299,-11.245
-0.516,0.111,-0.585,-16.174,1.892,-27.161,176.814,59.551,-9.827
-0.607,0.148,-0.674,-13.062,-5.798,-19.714,176.83,59.925,-8.784
-0.875,0.199,-0.907,-5.371,-9.216,-15.991,176.693,60.606,-8.35
-0.839,0.132,-1.0,-4.578,4.333,-18.921,177.045,60.991,-7.723
-0.892,0.072,-1.097,-0.305,3.235,-33.02,177.709,61.018,-6.592
-0.935,0.065,-1.16,-4.272,11.597,-20.325,178.643,60.842,-5.109
-0.641,0.057,-1.009,-5.859,30.884,-1.404,178.715,59.919,-4.867
-0.223,0.089,-0.904,-1.099,30.396,-6.348,178.643,58.239,-4.79
-0.167,0.115,-0.874,-6.775,31.494,-3.357,178.737,56.618,-4.23
-0.09,0.227,-0.863,-4.761,20.813,-1.831,178.347,54.965,-3.895
-0.069,0.138,-0.736,-1.099,0.977,-23.132,178.627,54.091,-2.538
-0.234,0.039,-0.677,-2.625,-27.832,-37.048,179.302,54.547,-0.225
-0.469,-0.083,-0.656,-12.146,-30.64,-48.096,-179.857,55.8,2.615
-0.59,-0.069,-0.69,-24.048,-11.963,-52.49,-179.286,56.667,5.636
-0.583,-0.076,-0.711,-25.269,-6.042,-52.673,-178.764,57.162,8.597
-0.608,-0.091,-0.731,-26.245,-6.226,-54.138,-178.231,57.535,11.464
-0.572,-0.121,-0.709,-32.898,-5.188,-53.284,-177.698,57.903,14.431
-0.587,-0.111,-0.748,-35.461,-2.625,-56.213,-177.418,58.244,17.353
-0.53,-0.13,-0.786,-35.767,-6.042,-56.335,-177.039,58.469,20.462
-0.622,-0.127,-0.848,-37.048,-5.371,-52.063,-176.776,58.865,23.467
-0.646,-0.102,-0.907,-37.231,-4.578,-48.706,-176.649,59.079,26.263
-0.776,0.034,-0.965,-37.72,1.16,-46.997,-176.814,59.293,28.762
-0.557,0.081,-0.82,-31.738,1.648,-60.852,-176.523,59.024,31.767
-0.31,0.11,-0.586,-39.856,-12.146,-55.908,-176.347,59.145,35.035
-0.709,0.072,-0.656,-41.565,-54.199,-64.636,-176.287,61.254,38.535
-0.856,0.167,-0.718,-53.528,-3.357,-58.594,-176.594,62.54,41.902
-0.738,0.154,-0.722,-51.086,18.738,-60.303,-177.067,62.166,44.989
-0.589,0.196,-0.713,-49.988,20.63,-61.34,-177.556,61.293,48.285
-0.579,0.164,-0.715,-40.344,7.324,-60.73,-177.797,60.859,51.833
-0.573,0.173,-0.676,-37.109,-7.629,-48.462,-178.066,61.084,55.173
-0.617,0.157,-0.652,-25.146,-10.986,-42.236,-178.226,61.765,58.085
-0.58,0.229,-0.611,-19.592,-16.052,-26.062,-178.484,62.551,60.496
-0.757,0.226,-0.697,-6.897,-26.489,-22.522,-178.753,63.688,62.413
-0.937,0.169,-0.828,5.676,-25.635,-31.677,-178.138,64.973,64.731
-1.03,0.044,-0.863,14.648,-6.104,-33.081,-176.479,66.061,67.407
-0.824,-0.02,-0.79,19.775,37.537,-20.142,-174.683,65.522,69.39
-0.403,-0.099,-0.745,23.682,49.133,-6.287,-173.436,63.32,69.911
-0.193,-0.182,-0.768,15.137,15.198,-8.606,-172.403,61.639,70.12
-0.546,-0.24,-0.827,4.761,-17.151,-21.24,-171.293,61.82,71.109
-0.628,-0.229,-0.843,-12.268,11.169,-14.282,-170.777,61.584,71.988
-0.533,-0.176,-0.829,-24.292,15.93,-11.414,-171.172,60.677,72.318
-0.416,-0.075,-0.758,-31.433,7.935,-13.977,-172.101,59.87,72.68
-0.508,-0.04,-0.753,-31.372,-6.775,-22.705,-172.892,59.81,73.658
-0.541,-0.108,-0.753,-31.433,-5.31,-38.086,-173.205,59.925,75.476
-0.551,-0.139,-0.775,-36.072,-6.836,-49.561,-173.227,60.024,78.074
-0.581,-0.186,-0.849,-40.588,0.977,-54.993,-173.04,59.903,81.161
-0.4,-0.147,-0.886,-48.157,11.658,-42.48,-173.397,59.189,83.886
-0.496,-0.1,-0.95,-43.396,-19.653,-47.546,-174.051,59.084,86.369
-0.75,-0.142,-0.927,-37.415,-22.827,-62.317,-173.826,60.046,89.852
-0.585,-0.05,-0.782,-47.485,-12.634,-47.119,-173.831,60.557,93.318
-0.378,0.006,-0.546,-57.922,-38.94,-50.537,-174.479,61.474,96.625
-0.859,0.122,-0.605,-66.956,-71.96,-52.917,-175.397,64.451,100.69
-0.921,0.216,-0.625,-67.81,-21.362,-50.903,-176.578,66.736,105.65
-0.859,0.237,-0.63,-59.326,7.812,-46.692,-177.891,67.148,110.687
-0.692,0.256,-0.619,-50.781,28.503,-43.335,-179.039,66.237,115.422
-0.611,0.236,-0.631,-37.72,13.611,-44.739,-179.731,65.275,119.899
-0.74,0.207,-0.666,-32.104,10.742,-46.082,-179.984,64.935,124.338
-0.715,0.166,-0.68,-28.015,17.151,-49.561,-179.89,64.308,128.897
-0.535,0.185,-0.625,-27.344,24.353,-42.725,-179.775,63.325,133.248
-0.615,0.183,-0.728,-14.954,5.615,-45.166,-179.61,62.743,137.12
-0.77,0.101,-0.835,-4.028,-4.822,-46.692,-178.473,62.891,141.328
-0.838,0.027,-0.878,-2.136,-14.832,-31.616,-177.352,63.452,144.888
-0.998,0.067,-1.068,-1.465,6.958,-22.034,-176.847,63.754,147.574
-0.794,-0.021,-1.072,4.944,7.08,-21.362,-175.869,63.215,150.266
-0.56,-0.054,-0.938,2.625,28.381,-5.554,-175.336,62.364,152.051
-0.403,-0.051,-0.953,7.263,24.414,-2.38,-175.15,60.93,152.963
-0.298,-0.107,-0.912,13.794,48.523,-5.127,-174.496,59.002,153.781
-0.047,-0.132,-0.787,8.423,34.424,13.916,-174.045,56.563,153.754
0.013,-0.097,-0.596,1.038,-12.207,29.175,-174.507,55.629,152.183
-0.269,-0.027,-0.555,-1.892,-43.701,28.992,-175.397,56.684,150.068
-0.565,-0.042,-0.633,6.348,-41.016,16.174,-175.924,58.546,148.623
-0.644,-0.121,-0.684,8.972,-29.785,0.061,-175.627,60.095,148.612
-0.715,-0.207,-0.741,6.104,-16.968,-5.859,-174.869,61.216,149.859
-0.643,-0.248,-0.721,-1.831,-7.69,-4.517,-174.353,61.837,151.392
-0.636,-0.226,-0.716,-16.174,-17.7,4.517,-174.556,62.556,152.639
-0.786,-0.126,-0.719,-22.4,-26.245,5.493,-175.507,63.924,153.633
-0.798,-0.139,-0.69,-19.165,-23.926,-2.686,-176.254,65.429,155.121
-0.851,-0.113,-0.715,-21.545,-14.038,4.089,-177.034,66.467,156.643
-0.66,-0.121,-0.634,-19.836,4.028,12.268,-178.193,66.824,157.632
-0.655,-0.043,-0.675,-22.217,-6.104,25.33,179.967,67.11,157.61
-0.819,0.009,-0.801,-19.775,-24.109,22.4,177.968,67.896,157.011
-1.294,0.163,-1.086,-10.986,-8.179,10.132,176.501,68.994,156.835
-0.935,0.178,-0.992,9.766,20.142,-1.648,176.49,68.61,157.61
-0.547,0.181,-0.809,5.798,39.856,0.977,177.127,67.165,158.681
-0.296,0.277,-0.738,-2.563,17.334,14.648,176.924,65.473,158.857
-0.485,0.202,-0.748,-5.554,21.545,6.287,175.963,64.589,158.099
-0.271,0.158,-0.674,-14.771,28.32,-25.391,175.842,63.045,159.044
-0.209,0.146,-0.605,-16.602,-4.456,-34.119,176.061,62.232,160.917
-0.46,0.086,-0.587,-19.592,-33.508,-31.433,176.116,63.232,162.51
-0.649,0.114,-0.588,-19.958,-31.921,-27.344,175.979,64.836,164.064
-0.832,0.137,-0.652,-19.348,-26.062,-16.418,175.616,66.335,165.487
-0.897,0.157,-0.669,-16.663,0.549,-17.761,175.204,67.066,166.992
-0.752,0.167,-0.629,-13.306,8.911,-16.968,175.193,66.929,168.948
-0.671,0.162,-0.593,-6.714,6.714,-11.414,175.155,66.769,170.508
-0.68,0.161,-0.62,-1.526,-0.671,-9.033,175.204,66.885,171.722
-0.664,0.142,-0.618,0.366,-6.714,-3.906,175.314,67.313,172.628
-0.714,0.245,-0.665,-3.601,0.488,7.141,174.743,67.566,172.755
-0.739,0.211,-0.739,16.357,-1.831,-15.625,174.957,67.418,173.26
-0.777,0.101,-0.737,17.029,-18.311,-23.743,176.545,68.027,174.919
-0.902,0.037,-0.735,19.409,-8.911,-24.475,178.297,69.016,176.743
-0.954,-0.007,-0.813,18.616,-0.977,-25.146,-179.659,69.362,178.907
-1.157,-0.05,-1.054,17.517,12.695,-11.719,-177.814,69.153,-179.171
-0.944,-0.058,-0.962,32.288,33.569,19.897,-176.929,68.231,-179.017
-0.335,-0.205,-0.583,36.743,33.813,26.55,-176.342,66.522,179.703
-0.338,-0.294,-0.616,32.959,-4.272,4.028,-175.161,65.781,178.978
-0.688,-0.242,-0.691,15.686,32.837,20.264,-174.029,65.292,178.802
-0.241,-0.219,-0.636,15.015,48.035,45.166,-174.666,62.902,176.517
-0.245,-0.224,-0.642,4.395,0.183,37.476,-175.386,61.683,173.578
-0.534,-0.159,-0.64,-2.563,-20.447,33.02,-176.237,62.238,170.87
-0.717,-0.141,-0.652,-3.967,-12.024,34.851,-177.33,62.985,168.58
-0.771,-0.095,-0.737,-5.554,2.93,36.743,-178.632,63.182,166.844
-0.629,-0.077,-0.712,-3.418,17.334,39.246,-179.984,62.677,165.212
-0.54,-0.048,-0.705,-3.845,0.183,36.011,178.649,62.287,163.422
-0.601,-0.056,-0.731,-2.136,-4.272,26.001,177.643,62.413,161.873
-0.666,-0.086,-0.812,-2.502,-9.277,15.076,177.1,62.682,160.873
-0.681,-0.09,-0.734,-0.732,-5.92,9.094,176.825,63.309,160.247
-0.809,-0.089,-0.824,-1.953,-16.785,17.09,176.561,63.814,159.483
-1.054,0.077,-0.979,-18.677,19.836,43.457,175.254,63.902,157.923
-0.74,0.257,-1.065,-21.606,50.964,30.151,172.98,61.875,156.094
-0.272,0.344,-0.956,-29.114,53.833,0.0,171.749,59.183,156.0
-0.132,0.465,-0.888,-33.142,-2.197,-15.381,170.596,57.744,156.495
-0.448,0.373,-0.806,-29.236,-19.104,-29.236,169.393,58.502,156.874
-0.455,0.314,-0.67,-29.48,-6.775,-40.344,168.799,59.238,158.379
-0.462,0.287,-0.609,-28.259,-3.052,-30.884,168.25,59.667,159.999
-0.504,0.339,-0.608,-24.841,-3.967,-21.606,167.426,59.98,161.093
-0.548,0.331,-0.614,-12.573,1.892,-24.841,167.003,60.255,162.235
-0.556,0.293,-0.619,-6.348,-3.601,-26.672,167.173,60.584,163.691
-0.64,0.236,-0.619,-4.7,-5.127,-26.611,167.509,61.227,165.157
-0.681,0.229,-0.641,-6.042,-1.221,-25.452,167.888,61.776,166.794
-0.691,0.23,-0.641,-5.432,0.0,-23.01,168.239,62.205,168.393
-0.634,0.216,-0.648,-2.502,6.165,-22.339,168.772,62.435,170.101
-0.676,0.242,-0.759,-4.211,2.625,-19.897,169.184,62.617,171.623
-0.579,0.285,-0.83,-7.935,9.583,-16.541,169.525,62.556,173.002
-0.778,0.346,-0.938,-3.54,-23.01,-18.616,169.519,63.188,173.82
-1.073,0.283,-1.085,7.507,3.967,-29.785,170.299,64.083,175.106
-0.724,0.222,-0.946,11.841,16.846,-16.968,171.777,63.704,176.907
-0.467,0.173,-0.772,16.724,15.32,4.944,172.579,62.99,177.325
-0.394,0.046,-0.748,35.278,6.348,-8.423,173.76,62.336,177.226
-0.377,-0.102,-0.733,27.466,12.268,-8.24,175.902,61.891,177.847
-0.321,-0.155,-0.746,11.902,2.502,18.616,176.517,61.227,176.973
-0.378,-0.068,-0.685,-9.399,-10.071,13.245,176.034,61.155,175.49
-0.499,0.075,-0.667,-5.493,-22.949,15.076,175.281,61.732,174.172
-0.606,0.037,-0.655,2.502,-23.621,13.184,174.76,62.666,172.859
-0.692,-0.001,-0.678,8.423,-19.043,5.493,174.875,63.622,172.326
-0.748,-0.014,-0.688,2.991,-10.864,15.381,174.831,64.314,171.826
-0.696,0.008,-0.655,-0.427,-4.272,17.334,174.331,64.605,171.129
-0.7,0.054,-0.65,0.977,0.0,16.968,173.82,64.715,170.541
-0.697,0.055,-0.642,6.165,-1.648,16.357,173.452,64.836,169.948
-0.678,0.027,-0.657,6.287,-0.977,16.541,173.276,64.907,169.442
-0.72,0.016,-0.717,4.761,3.357,18.066,172.925,64.973,168.821
-0.629,-0.019,-0.702,-4.028,10.071,17.822,172.469,64.671,168.294
-0.732,0.04,-0.792,-14.465,-3.723,16.968,171.475,64.484,167.563
-0.658,0.109,-0.821,-17.456,2.991,21.179,170.277,64.292,166.833
-0.708,0.184,-0.866,-8.545,2.991,25.146,168.832,64.072,165.531
-0.778,0.163,-0.969,0.0,-6.104,12.756,168.118,63.891,164.443
-0.883,0.231,-1.028,-0.671,9.827,15.32,167.723,63.748,163.614
-0.466,0.217,-0.8,-6.47,19.409,2.136,167.542,62.748,163.361
-0.423,0.227,-0.759,-35.889,-8.362,-7.324,166.794,62.468,163.542
-0.668,0.417,-0.747,-59.021,1.038,-9.644,164.323,62.825,163.482
-0.536,0.459,-0.687,-51.88,18.86,-33.203,162.581,62.446,165.042
-0.436,0.448,-0.591,-37.292,20.752,-40.039,161.878,62.1,167.514
-0.446,0.384,-0.581,-18.86,4.761,-39.551,161.917,62.122,169.816
-0.522,0.335,-0.556,-12.085,4.028,-28.87,162.136,62.452,171.552
-0.578,0.315,-0.571,-7.69,-4.089,-21.423,162.202,62.732,172.776
-0.653,0.273,-0.573,-7.812,-1.587,-18.921,162.241,63.298,173.738
-0.692,0.254,-0.596,-11.292,4.028,-16.968,162.246,63.6,174.869
-0.746,0.278,-0.646,-14.526,15.747,-14.465,162.131,63.583,176.149
-0.649,0.303,-0.635,-9.888,21.057,-13.733,162.12,63.073,177.589
-0.636,0.289,-0.651,-2.197,15.93,-15.808,162.482,62.65,179.022
-0.662,0.299,-0.719,2.808,16.785,-14.038,163.13,62.276,-179.594
-0.634,0.312,-0.732,6.287,15.564,-7.996,163.867,61.859,-178.484
-0.58,0.335,-0.719,13.977,4.7,-9.766,164.564,61.518,-177.814
-0.771,0.318,-0.799,10.62,-0.61,-14.099,165.498,61.88,-177.105
-0.66,0.379,-0.851,16.479,25.391,-26.367,166.86,61.425,-175.611
-0.66,0.444,-0.993,28.076,2.808,-30.457,168.915,61.232,-173.76
-0.755,0.384,-0.996,42.664,-12.085,-22.766,171.365,61.771,-172.524
-0.61,0.209,-0.794,60.486,3.784,-17.029,174.348,62.15,-171.711
-0.417,-0.041,-0.654,79.773,-1.038,-23.01,178.314,62.034,-170.782
-0.598,-0.346,-0.667,72.449,12.329,-18.188,-177.094,61.924,-169.552
-0.502,-0.388,-0.777,38.94,45.41,4.761,-174.276,60.266,-169.217
-0.166,-0.271,-0.775,16.663,44.006,20.752,-173.364,57.794,-170.096
-0.212,-0.205,-0.79,9.399,-4.822,21.606,-173.15,56.651,-171.788
-0.507,-0.18,-0.762,7.08,-18.066,21.912,-173.123,57.167,-173.584
-0.586,-0.195,-0.749,8.362,-3.662,20.447,-173.101,57.596,-175.034
-0.591,-0.216,-0.747,5.066,0.244,19.592,-173.068,57.667,-176.083
-0.555,-0.199,-0.721,-0.305,1.16,22.095,-173.293,57.717,-177.061
-0.636,-0.146,-0.734,-2.38,1.709,22.522,-173.798,57.881,-178.066
-0.564,-0.1,-0.744,0.916,8.911,22.949,-174.375,57.728,-179.094
-0.579,-0.115,-0.815,3.418,12.939,24.109,-174.76,57.491,179.874
-0.382,-0.122,-0.865,5.371,13.428,28.381,-175.204,56.805,178.396
-0.398,-0.165,-0.918,5.676,-5.92,25.208,-175.523,56.816,176.693
-0.586,-0.192,-0.945,1.892,-23.193,15.015,-175.809,57.7,175.21
-0.679,-0.169,-1.016,-9.338,-25.269,19.043,-176.314,58.678,173.947
-0.748,0.142,-1.038,-8.179,-36.56,19.043,-177.352,60.112,172.48
-0.828,0.148,-0.955,30.762,-8.789,8.24,-177.006,61.249,171.606
-0.494,-0.079,-0.782,3.479,7.385,12.39,-176.407,61.062,170.997
-0.576,0.125,-0.79,-26.245,-2.747,4.272,-177.753,61.046,170.173
-0.485,0.119,-0.72,-35.278,15.137,-30.884,-178.676,60.612,171.167
-0.423,0.197,-0.683,-39.246,7.874,-34.241,-179.561,59.98,173.068
-0.452,0.161,-0.638,-31.311,-3.052,-36.011,179.775,59.93,175.056
-0.538,0.177,-0.617,-28.137,-3.54,-32.837,179.236,60.172,176.957
-0.622,0.184,-0.639,-24.17,2.563,-29.236,178.737,60.326,178.753
-0.601,0.145,-0.63,-19.409,9.399,-34.729,178.544,60.222,-179.22
-0.666,0.129,-0.708,-17.578,11.536,-42.48,178.654,60.002,-176.825
-0.641,0.08,-0.726,-19.531,20.691,-54.26,179.297,59.518,-173.611
-0.603,0.068,-0.755,-15.869,14.16,-54.382,-179.896,58.92,-170.096
-0.596,0.074,-0.747,-15.198,13.55,-39.917,-179.22,58.535,-167.13
-0.559,0.096,-0.753,-5.554,7.141,-26.794,-178.808,58.184,-165.13
-0.682,0.104,-0.888,0.0,13.184,-10.193,-178.484,57.936,-164.004
-0.562,0.082,-0.841,10.315,17.212,-7.324,-178.143,57.327,-163.537
-0.644,0.063,-0.982,12.451,8.484,-8.179,-177.462,56.849,-163.048
-0.625,-0.007,-1.008,18.799,22.217,-14.099,-176.451,56.074,-162.416
-0.708,-0.051,-1.104,17.212,25.452,-6.226,-175.309,55.074,-161.768
-0.383,-0.033,-1.041,20.63,39.062,11.841,-174.694,53.317,-162.18
-0.075,-0.12,-0.911,33.813,3.54,3.54,-173.672,52.169,-163.043
-0.269,-0.216,-0.841,31.189,-10.071,1.648,-172.002,52.306,-163.449
-0.296,-0.238,-0.787,30.884,-3.906,15.564,-170.728,52.421,-164.438
-0.269,-0.301,-0.742,23.438,-7.324,22.4,-169.711,52.46,-165.91
-0.35,-0.28,-0.709,13.0,-12.634,25.452,-169.222,52.833,-167.547
-0.441,-0.273,-0.693,7.568,-19.348,18.921,-169.025,53.575,-168.975
-0.588,-0.277,-0.709,4.639,-13.977,10.803,-168.695,54.443,-169.492
-0.59,-0.293,-0.714,3.54,2.808,14.771,-168.492,54.888,-169.684
-0.561,-0.271,-0.732,-1.465,5.859,24.78,-168.739,54.899,-170.228
-0.499,-0.235,-0.748,-3.296,14.587,30.64,-169.442,54.761,-171.255
-0.474,-0.232,-0.852,-2.502,8.423,29.114,-170.129,54.52,-172.452
-0.477,-0.228,-0.925,-2.197,17.761,28.32,-170.865,54.174,-173.798
-0.372,-0.269,-0.987,-3.174,-4.15,13.855,-171.359,53.8,-174.935
-0.585,-0.298,-1.076,-14.832,-19.47,11.841,-171.672,54.459,-175.43
-0.697,-0.091,-1.087,-23.621,-19.043,25.574,-173.073,55.459,-176.616
-0.652,0.155,-1.044,-14.893,-1.953,-7.08,-174.056,55.997,-176.946
-0.403,0.245,-0.882,-5.615,9.766,-4.333,-174.315,55.338,-176.451
-0.417,0.14,-0.843,-7.935,11.536,0.732,-174.869,54.948,-176.688
-0.248,0.128,-0.76,-10.071,4.761,-13.672,-175.435,54.344,-176.605
-0.31,0.103,-0.681,-9.705,-13.855,-23.376,-175.682,54.454,-175.891
-0.441,0.063,-0.667,-11.658,-15.137,-33.508,-175.693,55.085,-174.633
-0.488,0.014,-0.676,-15.015,-9.399,-42.175,-175.452,55.497,-172.606
-0.599,-0.004,-0.712,-17.822,-10.498,-41.992,-175.199,55.959,-170.178
-0.615,-0.054,-0.693,-17.7,1.16,-44.128,-174.897,56.223,-167.531
-0.627,-0.056,-0.695,-15.442,6.165,-59.143,-174.342,56.113,-164.383
-0.651,-0.172,-0.726,-23.499,9.521,-72.449,-173.183,55.651,-159.988
-0.585,-0.082,-0.746,-36.865,15.442,-48.34,-173.123,54.97,-156.165
-0.633,-0.072,-0.783,-37.354,4.395,-32.166,-173.765,54.761,-153.517
-0.596,0.096,-0.785,-36.194,9.216,-5.005,-175.221,54.613,-152.227
-0.641,0.205,-0.878,-21.973,21.912,13.062,-176.902,54.141,-152.38
-0.542,0.292,-0.958,-0.916,28.198,16.113,-178.083,53.108,-153.265
-0.517,0.187,-1.166,26.611,35.217,4.517,-177.852,51.52,-153.88
-0.429,-0.098,-1.239,36.438,31.067,5.127,-176.429,49.911,-154.171
-0.168,-0.233,-1.123,7.446,21.667,52.185,-175.897,48.664,-155.676
-0.064,-0.011,-0.918,19.104,-18.555,54.993,-176.765,48.422,-159.214
-0.357,-0.111,-0.878,28.381,-10.498,27.466,-176.287,49.136,-161.708
-0.276,-0.14,-0.864,24.78,11.047,17.761,-175.402,48.823,-163.152
-0.155,-0.18,-0.86,14.343,10.254,26.367,-174.749,47.988,-164.487
-0.085,-0.128,-0.745,3.54,-14.038,42.358,-174.913,47.807,-166.69
-0.34,-0.092,-0.716,2.991,-38.269,35.156,-175.512,49.026,-169.272
-0.49,-0.073,-0.707,3.784,-27.71,27.161,-175.88,50.515,-171.035
-0.536,-0.138,-0.726,8.911,-11.78,13.672,-175.858,51.526,-171.931
-0.53,-0.172,-0.76,1.221,-9.155,7.08,-175.66,52.009,-171.969
-0.549,-0.169,-0.795,-3.723,-3.54,7.202,-175.677,52.493,-171.683
-0.433,-0.146,-0.769,-6.104,-6.958,12.695,-175.984,52.872,-171.634
-0.569,-0.133,-0.887,-7.385,-5.249,18.188,-176.484,53.481,-171.936
-0.417,-0.114,-0.922,-8.301,-0.488,22.034,-177.237,53.503,-172.667
-0.574,-0.124,-0.983,-9.46,-20.935,12.451,-177.847,54.371,-173.199
-0.619,-0.054,-1.062,-17.456,-21.057,17.334,-178.83,55.25,-173.848
-0.79,0.006,-1.111,-21.851,-15.198,3.601,-179.918,56.245,-174.117
-0.589,0.146,-1.011,-26.306,21.118,-12.39,179.176,56.08,-173.425
-0.212,0.271,-0.896,-34.546,9.705,-16.663,178.231,54.965,-172.348
-0.495,0.351,-0.861,-22.766,-7.263,-34.668,177.27,55.223,-171.205
-0.423,0.235,-0.73,-15.015,8.301,-47.913,177.473,55.228,-168.893
-0.28,0.188,-0.62,-10.132,-2.625,-40.283,177.83,55.058,-166.608
-0.376,0.106,-0.569,-6.042,-21.79,-39.124,178.259,55.783,-164.74
-0.499,0.073,-0.567,-6.287,-27.222,-35.645,178.781,57.068,-162.861
-0.677,0.054,-0.626,-9.155,-23.315,-31.982,179.209,58.524,-160.983
-0.758,0.039,-0.667,-12.39,-2.563,-29.236,179.528,59.436,-158.983
-0.723,0.055,-0.697,-15.259,12.634,-22.949,179.604,59.359,-157.072
-0.632,0.104,-0.706,-13.184,23.01,-14.038,179.39,58.7,-155.616
-0.582,0.097,-0.726,-3.235,10.986,-13.672,179.385,58.167,-154.49
-0.599,0.117,-0.732,-1.709,5.188,-10.071,179.5,58.079,-153.6
-0.633,0.172,-0.743,-0.793,-1.953,-14.16,179.698,58.25,-152.732
-0.607,0.26,-0.71,1.77,-5.554,-20.142,-179.978,58.656,-151.6
-0.886,0.151,-0.751,21.301,-18.738,-35.339,-178.742,59.777,-150.013
-1.117,-0.029,-0.925,23.743,13.123,-33.142,-176.424,60.057,-147.612
-1.011,-0.017,-1.157,18.433,88.318,-8.728,-175.188,57.656,-146.47
-0.081,0.017,-1.03,27.039,110.596,-12.207,-174.32,52.734,-146.124
0.398,-0.237,-1.171,59.814,41.443,-38.025,-171.815,48.631,-145.107
0.181,-0.57,-1.061,17.761,-5.188,-27.344,-168.799,47.472,-143.795
0.064,-0.195,-0.867,-23.682,-26.611,9.277,-169.129,47.571,-144.404
-0.103,-0.049,-0.816,-27.527,-23.865,1.282,-170.607,48.301,-145.8
-0.09,-0.041,-0.769,-14.404,-26.917,-16.113,-171.53,48.735,-146.239
-0.252,-0.159,-0.724,-10.742,-50.903,-22.217,-171.667,49.988,-145.915
-0.512,-0.231,-0.681,-15.503,-56.213,-27.283,-171.53,52.136,-144.706
-0.713,-0.31,-0.685,-21.301,-30.518,-31.982,-171.249,53.954,-142.46
-0.63,-0.329,-0.67,-33.264,-11.047,-21.667,-171.491,54.695,-140.103
-0.641,-0.249,-0.665,-45.715,-2.563,-11.597,-172.755,55.217,-138.351
-0.571,-0.166,-0.622,-51.025,3.052,-19.409,-174.364,55.377,-136.527
-0.615,-0.134,-0.616,-54.565,1.831,-31.433,-175.88,55.613,-134.138
-0.584,-0.065,-0.74,-55.969,24.902,-36.316,-177.319,55.234,-131.358
-0.405,0.022,-0.974,-49.438,29.907,-42.114,-178.495,54.042,-128.48
-0.467,0.059,-1.177,-16.541,-42.969,-58.777,-178.616,54.305,-125.381
-0.959,-0.107,-1.185,-16.724,-32.715,-53.65,-177.517,56.371,-122.086
-0.461,0.012,-0.792,-39.551,-3.357,-26.306,-177.512,56.909,-119.526
-0.382,0.135,-0.542,-45.044,-28.564,-28.503,-178.907,57.739,-118.141
-0.561,0.258,-0.486,-48.828,-30.884,-46.57,179.934,59.321,-116.06
-0.798,0.212,-0.619,-41.077,-21.179,-63.904,179.451,60.952,-113.049
-0.909,0.202,-0.781,-51.88,17.578,-64.392,179.352,61.54,-109.341
-0.658,0.292,-0.796,-54.749,46.753,-53.772,178.66,60.315,-105.941
-0.349,0.371,-0.775,-40.955,30.029,-61.279,177.852,58.651,-102.969
-0.431,0.219,-0.692,-28.687,-10.437,-67.749,178.066,58.788,-99.75
-0.645,0.153,-0.673,-30.029,-14.709,-66.04,178.506,59.947,-96.548
-0.623,0.233,-0.68,-31.25,2.136,-55.725,178.693,60.436,-93.615
-0.554,0.329,-0.713,-20.203,12.329,-43.091,178.797,60.337,-91.368
-0.521,0.328,-0.786,4.822,-6.531,-38.391,179.478,60.436,-89.786
-0.816,0.186,-0.967,21.912,-14.893,-29.724,-179.017,61.32,-88.671
-0.912,0.012,-0.98,35.339,-11.23,-28.259,-176.874,62.314,-87.759
-0.589,-0.116,-0.833,28.564,20.081,-22.644,-174.606,62.034,-86.721
-0.197,-0.192,-0.773,16.479,34.668,-14.221,-173.177,60.408,-86.276
-0.27,-0.215,-0.792,14.709,-13.428,-35.522,-171.782,59.551,-85.21
-0.541,-0.313,-0.808,4.089,-18.433,-48.157,-169.53,59.892,-82.425
-0.627,-0.35,-0.805,-16.357,-1.953,-46.509,-167.855,59.969,-79.255
-0.437,-0.273,-0.696,-37.72,5.066,-37.537,-167.602,59.249,-76.641
-0.498,-0.165,-0.674,-53.65,-11.23,-28.015,-168.437,59.024,-74.388
-0.618,-0.018,-0.66,-55.115,-10.681,-16.724,-170.2,59.491,-72.883
-0.735,0.013,-0.821,-33.264,14.893,-30.823,-171.628,59.436,-71.708
-0.481,-0.141,-0.823,-16.663,34.241,-57.007,-171.304,57.942,-69.428
-0.297,-0.321,-0.958,-21.606,20.691,-65.552,-170.222,56.201,-66.121
-0.343,-0.395,-0.977,-49.683,1.099,-65.918,-169.893,55.322,-62.32
-0.55,-0.152,-1.047,-58.044,-16.846,-54.81,-170.771,55.311,-58.733
-0.636,-0.052,-0.962,-59.814,-10.01,-46.204,-171.766,55.772,-55.662
-0.273,0.259,-0.794,-77.209,-5.737,-24.658,-174.375,55.574,-54.179
-0.55,0.353,-0.814,-63.354,-36.011,-59.326,-176.71,56.981,-52.064
-0.61,0.297,-0.818,-57.861,-0.549,-82.825,-177.589,57.574,-48.593
-0.488,0.234,-0.819,-43.701,17.578,-93.201,-177.621,57.118,-44.451
-0.376,0.111,-0.806,-30.151,0.366,-87.769,-176.836,56.574,-40.133
-0.446,0.062,-0.732,-26.55,-14.893,-63.354,-176.254,56.909,-36.744
-0.623,0.053,-0.712,-24.292,-28.015,-49.744,-176.045,57.969,-34.431
-0.682,0.072,-0.729,-23.193,-4.028,-39.917,-175.963,58.942,-32.646
-0.502,0.089,-0.694,-17.761,-3.418,-30.029,-176.039,59.013,-31.503
-0.614,0.069,-0.742,-14.526,-6.287,-23.071,-176.05,59.54,-30.745
-0.634,0.2,-0.92,-13.855,5.92,-4.578,-176.589,59.59,-30.822
-0.438,0.154,-0.863,3.54,-14.893,-8.728,-176.946,59.678,-31.498
-0.659,0.038,-0.747,8.362,-68.604,-23.01,-176.276,61.87,-31.311
-1.131,-0.073,-0.774,0.61,-59.021,-24.414,-175.199,65.352,-30.443
-1.212,0.024,-0.841,-6.958,-4.761,-25.94,-174.38,66.687,-29.421
-1.209,0.166,-0.813,0.671,48.218,-3.479,-174.067,65.671,-29.355
-0.625,0.124,-0.746,22.156,120.056,25.391,-174.364,61.458,-31.547
0.255,-0.057,-0.973,55.359,84.595,11.414,-173.32,56.354,-33.887
0.244,-0.357,-0.9,52.734,-7.08,3.784,-170.881,54.734,-34.667
-0.374,-0.362,-0.913,22.4,-25.024,-4.944,-168.86,55.448,-33.843
-0.398,-0.276,-0.78,3.052,9.583,1.343,-168.135,55.162,-33.459
-0.366,-0.213,-0.738,-5.981,8.484,-5.615,-168.074,54.223,-33.256
-0.419,-0.205,-0.735,-4.883,9.644,-17.944,-167.866,53.503,-32.552
-0.44,-0.217,-0.741,-1.953,0.549,-26.062,-167.283,52.916,-31.339
-0.511,-0.278,-0.728,-3.601,0.916,-23.132,-166.542,52.635,-29.993
-0.484,-0.318,-0.756,-10.925,4.456,-13.55,-166.207,52.355,-29.114
-0.476,-0.323,-0.875,-21.667,14.526,-4.15,-166.558,51.883,-28.795
-0.367,-0.292,-0.982,-30.64,24.597,7.141,-167.723,50.949,-29.136
-0.145,-0.21,-1.01,-30.884,-2.441,5.981,-169.294,50.103,-29.718
-0.367,-0.277,-0.979,-26.001,-43.945,-8.423,-170.156,51.389,-29.136
-0.618,-0.18,-1.039,-33.813,-46.692,2.502,-171.304,53.421,-28.63
-0.776,-0.095,-1.07,-33.325,-37.292,3.174,-172.705,55.36,-28.603
-0.836,0.045,-1.107,-28.259,1.587,-2.808,-174.073,56.223,-28.729
-0.264,0.191,-0.838,-39.185,26.794,23.193,-176.034,55.003,-29.729
-0.192,0.408,-0.736,-32.227,-24.902,22.949,-178.89,55.102,-31.756
-0.487,0.304,-0.702,-14.282,-23.804,-9.46,179.648,56.431,-32.64
-0.388,0.25,-0.629,-16.174,-5.127,-24.17,179.066,56.882,-32.36
-0.452,0.2,-0.647,-11.23,-3.479,-36.377,178.868,57.288,-31.514
-0.452,0.16,-0.658,-10.498,-5.31,-39.124,179.187,57.541,-30.108
-0.578,0.142,-0.699,-8.789,-13.062,-36.926,179.495,58.189,-28.801
-0.686,0.095,-0.701,-5.859,-12.268,-38.452,-179.89,59.084,-27.372
-0.741,0.093,-0.71,-4.822,1.77,-33.02,-179.149,59.634,-26.016
-0.646,0.098,-0.693,-1.343,14.404,-29.236,-178.401,59.464,-24.917
-0.592,0.081,-0.73,2.625,13.977,-28.564,-177.561,59.057,-23.934
-0.491,0.067,-0.814,5.188,13.55,-20.02,-176.693,58.486,-23.17
-0.46,0.053,-1.0,7.385,20.874,-4.639,-176.116,57.761,-23.038
-0.385,0.088,-0.978,10.071,-11.719,5.31,-175.995,57.59,-23.681
-0.736,0.077,-1.145,13.245,-23.193,-0.977,-175.71,58.513,-24.197
-0.777,0.007,-1.103,16.541,-7.568,-4.395,-174.924,59.178,-24.269
-0.645,-0.031,-0.952,18.127,-5.92,2.625,-174.265,59.436,-24.697
-0.46,-0.068,-0.755,24.963,-1.709,6.836,-173.529,59.535,-25.373
-0.458,-0.161,-0.685,34.607,0.122,3.601,-172.266,59.623,-25.972
-0.381,-0.255,-0.659,32.959,8.057,6.042,-170.717,59.2,-26.417
-0.341,-0.317,-0.621,22.766,3.54,10.315,-169.481,58.925,-26.895
-0.368,-0.263,-0.619,1.953,-8.118,18.188,-169.162,58.925,-27.598
-0.552,-0.21,-0.662,-4.15,-17.029,12.817,-169.387,59.656,-28.158
-0.638,-0.223,-0.704,-4.761,-10.071,6.165,-169.541,60.298,-28.444
-0.741,-0.201,-0.779,-9.521,1.77,10.559,-169.871,60.688,-28.79
-0.587,-0.175,-0.746,-8.85,16.724,17.944,-170.612,60.249,-29.729
-0.534,-0.153,-0.734,-10.62,4.15,23.438,-171.634,59.919,-31.069
-0.573,-0.104,-0.729,-11.353,-2.563,27.222,-172.848,60.079,-32.58
-0.669,-0.074,-0.792,-9.705,4.578,26.001,-174.117,60.309,-34.206
-0.651,0.031,-0.876,0.977,23.743,5.615,-174.963,59.749,-35.425
-0.351,-0.173,-0.938,14.954,15.564,-21.301,-173.864,58.458,-34.744
-0.419,-0.363,-0.841,1.16,-25.513,-5.798,-172.689,58.953,-33.64
-0.759,-0.249,-0.947,-22.827,-27.649,14.282,-173.375,60.381,-33.805
-0.833,-0.103,-0.993,-28.137,-15.686,8.789,-174.792,61.271,-34.255
-0.705,-0.002,-0.91,-20.081,-2.991,1.099,-175.908,61.633,-34.42
-0.546,0.06,-0.783,-25.513,-5.249,9.277,-176.929,61.809,-34.618
-0.562,0.325,-0.782,-31.799,-8.85,28.809,-179.434,62.117,-36.244
-0.632,0.362,-0.836,-9.766,17.273,7.507,178.797,61.831,-37.7
-0.367,0.255,-0.764,4.7,31.677,-6.409,178.61,60.337,-37.98
-0.295,0.132,-0.716,11.902,10.132,-12.634,179.072,59.233,-37.842
-0.374,0.052,-0.68,6.042,-7.263,-12.573,179.687,59.046,-37.425
-0.525,0.059,-0.677,-2.93,-16.907,-6.409,179.78,59.601,-37.216
-0.635,0.075,-0.7,-6.226,-6.226,-9.705,179.626,60.178,-37.051
-0.624,0.078,-0.692,-6.165,-1.282,-9.521,179.522,60.386,-36.793
-0.635,0.103,-0.712,-5.859,6.104,-6.165,179.368,60.397,-36.661
-0.633,0.087,-0.71,-1.038,2.38,-4.578,179.297,60.293,-36.705
-0.63,0.086,-0.729,0.183,11.841,-2.625,179.346,60.145,-36.804
-0.554,0.14,-0.748,0.61,8.057,5.371,179.176,59.705,-37.299
-0.55,0.168,-0.76,6.836,3.723,0.366,179.165,59.568,-37.815
-0.53,0.197,-0.739,13.184,0.305,1.709,179.445,59.584,-38.287
-0.54,0.135,-0.768,21.545,-14.099,-0.916,-179.918,59.941,-38.776
-0.805,0.058,-0.88,23.56,-8.423,-9.399,-178.857,60.732,-38.908
-0.677,0.008,-0.882,19.409,19.043,-23.254,-177.308,60.381,-38.117
-0.483,-0.027,-0.931,16.785,24.353,-24.597,-175.77,59.189,-36.953
-0.426,-0.083,-0.91,13.245,-13.489,-22.644,-174.326,58.634,-35.678
-1.312,-0.049,-1.147,16.174,-38.818,-29.297,-172.755,60.161,-34.036
-0.911,-0.136,-0.975,22.156,46.631,-25.879,-170.903,59.782,-32.651
-0.251,-0.258,-0.64,25.513,55.298,-39.246,-168.959,57.112,-31.459
-0.153,-0.354,-0.803,15.564,43.274,-51.147,-166.635,54.41,-29.262
-0.128,-0.267,-0.798,1.526,53.528,-29.419,-165.201,51.663,-27.147
0.051,-0.204,-0.753,-6.348,21.912,7.874,-165.262,49.224,-26.851
-0.262,-0.217,-0.729,-4.944,-16.663,9.46,-165.575,49.048,-26.856
-0.49,-0.215,-0.754,-0.366,-10.864,6.104,-165.635,49.68,-26.631
-0.458,-0.214,-0.76,4.517,0.793,11.047,-165.58,49.779,-26.889
-0.508,-0.258,-0.762,7.324,4.333,6.836,-165.333,49.807,-27.268
-0.468,-0.278,-0.757,4.211,7.019,4.456,-165.075,49.598,-27.57
-0.5,-0.305,-0.782,1.465,11.353,0.854,-164.861,49.329,-27.702
-0.385,-0.334,-0.794,-2.93,13.062,2.869,-164.767,48.807,-27.806
-0.382,-0.331,-0.906,-6.653,15.259,12.634,-165.053,48.384,-28.246
-0.267,-0.32,-0.994,-4.15,1.648,24.963,-165.586,47.972,-29.235
-0.35,-0.459,-0.992,1.892,-14.343,27.039,-165.613,48.73,-29.971
-0.585,-0.26,-1.132,-5.615,-10.315,57.556,-166.608,49.927,-31.937
-0.509,-0.219,-1.175,-6.958,-2.869,42.053,-167.778,50.471,-34.321
-0.34,-0.187,-1.047,-17.334,1.587,19.653,-168.92,50.641,-35.733
-0.194,-0.124,-0.929,-54.993,-19.531,9.216,-170.728,50.839,-36.019
-0.457,0.077,-0.931,-77.759,-21.057,-14.648,-173.941,51.938,-35.508
-0.357,0.213,-0.83,-75.745,-6.409,-39.246,-176.968,52.218,-33.596
-0.231,0.283,-0.646,-59.937,-23.56,-31.067,-179.522,52.723,-31.564
-0.375,0.265,-0.575,-37.842,-45.532,-23.682,178.517,54.366,-30.289
-0.548,0.22,-0.569,-22.034,-36.682,-19.165,177.286,56.464,-29.608
-0.582,0.165,-0.578,-12.695,-22.888,-17.944,176.616,57.931,-29.295
-0.693,0.121,-0.657,-13.55,-16.235,-21.423,176.364,59.15,-28.74
-0.745,0.151,-0.722,-11.414,8.972,-15.869,176.155,59.535,-28.196
-0.67,0.192,-0.747,-9.949,20.447,-6.531,175.913,59.024,-27.971
-0.555,0.224,-0.733,1.404,14.893,-1.892,175.71,58.343,-28.191
-0.597,0.177,-0.754,11.047,8.179,-2.686,176.056,58.068,-28.438
-0.56,0.223,-0.792,15.381,10.315,9.827,176.38,57.744,-29.158
-0.536,0.187,-0.798,27.527,-3.784,4.761,177.061,57.689,-30.042
-0.689,0.179,-0.873,23.193,-12.085,8.789,177.808,58.228,-30.932
-0.806,0.212,-1.022,24.414,6.653,-3.357,178.594,58.607,-31.558
-0.596,0.125,-1.012,31.677,4.7,-15.198,-179.857,58.222,-31.289
-0.787,-0.02,-1.111,26.978,5.005,-6.042,-178.193,58.326,-30.861
-0.309,-0.087,-0.848,24.658,23.376,6.836,-177.226,57.382,-31.256
-0.259,-0.236,-0.721,28.32,-11.963,-21.118,-175.677,57.003,-30.806
-0.472,-0.254,-0.768,17.395,5.676,-12.573,-173.76,57.173,-29.279
-0.32,-0.271,-0.765,5.432,23.193,8.118,-172.958,56.184,-28.927
-0.261,-0.191,-0.719,-9.583,9.094,21.606,-173.238,55.195,-29.405
-0.454,-0.128,-0.758,-12.329,-5.798,18.677,-174.161,55.217,-30.174
-0.493,-0.105,-0.729,-9.949,0.732,10.925,-174.798,55.272,-30.536
-0.552,-0.083,-0.753,-5.737,-4.028,15.442,-175.369,55.382,-31.086
-0.612,-0.118,-0.779,-1.526,5.066,13.245,-175.704,55.464,-31.712
-0.481,-0.123,-0.752,-3.723,6.042,17.7,-176.116,55.212,-32.487
-0.539,-0.093,-0.792,-4.944,5.005,23.621,-176.77,55.157,-33.53
-0.513,-0.083,-0.837,-1.648,8.301,26.306,-177.451,54.926,-34.805
-0.517,-0.08,-0.966,0.183,17.578,28.381,-178.088,54.311,-36.2
-0.41,-0.091,-1.061,0.916,-2.014,24.231,-178.572,53.635,-37.452
-0.648,-0.047,-1.139,-4.089,-15.076,24.78,-178.967,54.201,-38.326
-0.617,0.048,-1.092,-7.996,-5.737,25.024,-179.956,54.602,-39.65
-0.443,0.137,-0.957,-16.296,2.625,4.639,179.127,54.624,-40.27
-0.267,0.236,-0.854,-23.438,3.967,0.305,178.215,54.207,-40.04
-0.331,0.312,-0.825,-25.208,-12.329,6.348,176.682,54.261,-40.248
-0.408,0.321,-0.775,-23.682,-16.052,-5.493,175.199,54.778,-40.375
-0.468,0.346,-0.709,-15.686,-18.494,-15.259,174.139,55.525,-40.084
-0.498,0.277,-0.619,-4.761,-18.433,-23.254,173.804,56.459,-39.446
-0.615,0.231,-0.607,0.793,-12.024,-25.269,174.078,57.431,-38.584
-0.625,0.189,-0.599,3.967,4.272,-24.17,174.672,57.827,-37.683
-0.629,0.204,-0.627,3.113,9.705,-23.376,175.27,57.892,-36.821
-0.553,0.121,-0.663,7.751,12.39,-35.889,176.407,57.706,-35.392
-0.553,0.098,-0.732,-0.427,9.521,-26.794,177.429,57.574,-33.854
-0.555,0.133,-0.804,-4.7,12.024,-21.79,177.814,57.321,-32.816
-0.577,0.213,-0.88,-5.737,8.179,-19.653,178.028,57.068,-31.805
-0.6,0.231,-0.977,4.456,-3.906,-15.564,178.358,56.953,-31.02
-0.768,0.183,-1.051,13.855,-10.071,-11.047,178.956,57.475,-30.575
-0.894,0.067,-1.108,25.024,7.385,-8.179,-179.967,57.799,-30.278
-0.434,-0.049,-0.917,25.574,34.851,6.531,-178.786,56.689,-30.405
-0.134,-0.128,-0.847,31.86,12.207,8.423,-177.693,55.256,-30.927
-0.311,-0.201,-0.854,26.794,4.089,2.502,-176.27,54.954,-30.905
-0.239,-0.24,-0.826,17.883,7.385,3.54,-175.078,54.388,-30.646
-0.249,-0.281,-0.803,5.859,-7.812,2.319,-174.265,54.108,-30.218
-0.398,-0.213,-0.805,-5.249,-14.893,14.465,-174.111,54.476,-29.954
-0.474,-0.159,-0.798,-6.348,-15.747,25.452,-174.644,55.091,-30.558
-0.504,-0.114,-0.751,-2.563,-18.982,30.945,-175.38,55.92,-31.707
-0.507,-0.121,-0.682,-1.221,-20.874,37.415,-176.182,56.92,-33.294
-0.514,-0.097,-0.637,-5.92,-25.818,45.166,-177.473,58.167,-35.458
-0.616,-0.019,-0.656,-8.301,-23.865,48.584,-179.203,59.387,-38.035
-0.825,0.109,-0.741,-4.944,-0.671,44.861,178.995,60.084,-40.748
-0.723,0.073,-0.941,17.639,39.978,14.099,178.605,58.837,-42.275
-0.301,-0.113,-1.039,21.912,43.823,8.911,179.5,56.739,-42.561
-0.392,-0.164,-0.975,6.775,-38.635,14.16,-179.94,56.624,-42.902
-0.961,0.01,-1.064,-10.498,-32.41,22.095,179.412,58.519,-43.748
-0.726,0.075,-1.005,-13.0,8.362,-7.141,178.742,58.914,-43.995
-0.309,0.168,-0.865,-27.161,31.921,-16.602,178.44,57.854,-42.808
-0.235,0.375,-0.827,-31.433,-21.179,-14.099,177.303,57.376,-41.77
-0.436,0.304,-0.707,-21.545,-33.752,-20.569,176.281,58.755,-40.963
-0.531,0.277,-0.6,-15.747,-39.551,-31.494,175.798,60.491,-39.776
-0.614,0.222,-0.528,-8.301,-31.372,-32.166,175.842,62.38,-38.447
-0.668,0.171,-0.511,-7.507,-21.912,-31.311,176.226,63.891,-37.117
-0.717,0.158,-0.539,-9.094,-4.272,-29.541,176.627,64.731,-35.815
-0.725,0.135,-0.571,-6.531,3.906,-33.691,177.303,65.083,-34.283
-0.719,0.089,-0.595,-3.784,11.536,-36.865,178.358,65.05,-32.426
-0.733,0.065,-0.625,-5.92,13.245,-33.691,179.484,64.825,-30.509
-0.693,0.081,-0.646,-5.249,17.883,-28.687,-179.659,64.347,-28.916
-0.652,0.122,-0.729,-5.493,15.442,-20.203,-179.072,63.858,-27.751
-0.641,0.174,-0.817,1.343,10.498,-12.573,-178.682,63.446,-27.136
-0.621,0.168,-0.923,10.132,7.324,-3.906,-178.303,62.985,-27.092
-0.88,0.094,-1.057,16.113,-10.864,-9.766,-177.665,63.474,-27.054
-0.918,-0.041,-1.125,14.771,12.085,-11.047,-176.501,63.539,-26.532
-0.556,-0.107,-0.91,9.033,10.193,7.202,-175.979,62.831,-26.609
-0.407,-0.122,-0.687,-0.793,-7.996,13.184,-176.331,62.754,-27.411
-0.625,-0.156,-0.697,7.751,0.0,-15.015,-176.023,63.105,-27.191
-0.469,-0.238,-0.67,0.061,30.457,-11.963,-175.051,62.144,-26.12
-0.308,-0.365,-0.691,-16.357,25.208,4.333,-174.908,60.606,-25.571
-0.361,-0.215,-0.68,-41.321,5.188,54.993,-176.973,59.865,-26.845
-0.521,-0.024,-0.686,-29.114,1.831,76.843,179.302,59.59,-30.558
-0.658,0.048,-0.709,-14.587,19.409,67.322,176.303,58.727,-34.486
-0.648,0.077,-0.758,-6.592,38.391,53.711,174.413,56.986,-37.463
-0.367,0.067,-0.763,-3.845,39.856,43.396,173.243,54.668,-39.677
-0.308,0.114,-0.825,-12.512,6.226,38.208,172.029,53.454,-41.495
-0.449,0.248,-0.848,-16.785,-15.198,33.936,170.338,53.503,-43.412
-0.557,0.26,-0.872,-3.601,-15.32,12.695,169.31,53.981,-44.643
-0.653,0.155,-0.992,2.136,8.24,-13.184,169.365,54.261,-44.604
-0.504,0.071,-1.123,-1.465,10.925,-31.128,170.327,53.8,-42.869
-0.661,0.173,-1.32,-14.465,1.282,-33.142,170.843,54.283,-40.957
-0.232,0.331,-0.961,-21.973,-2.38,-27.344,170.837,54.349,-39.117
-0.165,0.401,-0.728,-29.114,-51.27,-32.654,170.283,55.591,-37.612
-0.552,0.352,-0.644,-43.518,-56.885,-57.129,169.206,58.716,-35.931
-0.575,0.27,-0.555,-58.411,-21.912,-109.009,169.085,61.315,-31.767
-0.671,0.316,-0.55,-67.078,-5.005,-134.705,170.151,63.265,-24.835
-0.608,0.277,-0.497,-63.293,13.855,-149.475,172.271,64.391,-16.463
-0.706,0.261,-0.514,-53.772,10.62,-124.146,174.732,65.11,-8.416
-0.81,0.236,-0.578,-35.217,24.475,-90.271,176.721,65.182,-2.527
-0.637,0.085,-0.584,-15.015,37.109,-75.317,178.698,64.116,1.686
-0.67,-0.046,-0.646,-11.169,26.672,-64.331,-179.198,63.133,5.317
-0.655,-0.097,-0.678,-18.86,28.625,-42.847,-178.011,62.106,7.877
-0.621,-0.026,-0.686,-23.071,21.973,-28.442,-177.836,61.155,9.393
-0.558,0.048,-0.685,-17.944,10.742,-19.287,-178.0,60.557,10.239
-0.75,0.101,-0.792,-10.62,7.812,-8.179,-178.154,60.48,10.58
-0.745,0.171,-0.858,-0.671,6.47,8.667,-178.599,60.282,9.833
-1.187,0.164,-1.148,17.334,8.667,15.015,-178.594,60.694,8.564
-0.717,0.175,-1.113,37.048,35.95,19.714,-178.149,59.524,6.806
-0.214,-0.001,-0.878,57.739,32.837,14.587,-176.528,57.914,5.273
-0.243,-0.238,-0.947,54.199,9.888,6.958,-174.144,56.887,4.499
-0.1,-0.234,-0.852,23.315,16.113,32.837,-172.837,55.948,3.549
-0.106,-0.198,-0.795,3.052,-7.385,33.02,-173.128,55.464,1.873
-0.219,-0.111,-0.767,-10.498,-22.949,41.382,-174.117,55.909,0.472
-0.384,-0.026,-0.767,-4.822,-31.616,65.918,-175.941,56.97,-2.065
-0.418,-0.076,-0.723,-0.122,-27.893,79.163,-178.088,58.101,-5.916
-0.507,0.073,-0.704,6.042,-40.833,78.552,179.511,59.431,-10.415
-0.667,0.194,-0.648,33.203,-42.236,83.557,177.671,61.133,-15.436
-0.735,0.106,-0.621,50.415,-38.635,71.838,176.841,62.77,-20.638
-0.713,0.028,-0.565,41.87,-28.137,53.223,176.556,64.16,-24.95
-0.692,-0.088,-0.563,12.695,-33.691,18.86,176.347,65.654,-27.554
-0.807,-0.216,-0.546,-37.842,-31.006,-24.902,175.935,67.505,-27.4
-0.974,-0.178,-0.548,-102.966,-1.709,-79.956,175.161,68.967,-23.522
-1.033,-0.088,-0.573,-156.616,24.353,-135.498,174.54,69.324,-15.529
-1.021,-0.031,-0.648,-202.332,35.4,-206.543,174.842,69.011,-3.214
-0.943,0.15,-0.538,-236.938,31.555,-234.253,175.128,69.291,11.849
-0.998,0.259,-0.468,-233.582,18.25,-252.747,176.385,70.142,28.861
-0.793,0.502,-0.383,-202.454,24.231,-185.12,176.786,70.51,43.33
-0.72,0.592,-0.416,-132.019,4.333,-123.291,176.171,71.093,52.85
-0.933,0.456,-0.52,-78.064,-1.16,-66.284,175.111,71.697,60.634
-0.903,0.342,-0.512,-53.833,28.442,-49.011,174.029,71.356,66.237
-0.805,0.338,-0.543,-37.598,39.307,-41.565,173.315,69.917,71.164
-0.768,0.347,-0.602,-25.33,50.598,-25.696,173.156,68.005,75.619
-0.646,0.344,-0.629,-1.404,47.974,-18.188,173.013,65.671,78.679
-0.57,0.199,-0.585,18.188,36.011,-3.54,173.694,63.792,81.063
-0.628,0.158,-0.626,15.015,7.935,6.47,173.93,62.902,82.101
-0.667,0.137,-0.608,11.23,6.348,-9.277,174.359,62.754,83.359
-0.71,0.211,-0.637,10.193,4.333,-7.202,174.754,62.759,84.781
-0.714,0.21,-0.647,6.653,0.427,-9.705,175.314,62.864,86.364
-0.764,0.293,-0.72,23.804,0.977,-12.085,175.842,62.996,87.808
-0.818,0.085,-0.72,55.969,-9.277,-32.532,178.698,63.627,90.406
-0.763,-0.074,-0.855,72.021,-5.554,-3.845,-177.693,64.319,92.247
-0.521,-0.207,-0.801,64.941,18.982,31.494,-175.012,64.105,91.582
-0.304,-0.257,-0.708,45.532,-2.014,36.194,-173.831,63.512,88.978
-0.709,-0.308,-0.745,23.376,-17.639,1.404,-172.584,64.303,87.594
-0.747,-0.257,-0.792,4.578,20.02,-6.348,-171.557,64.111,87.27
-0.515,-0.287,-0.733,-19.897,28.625,-6.226,-171.37,62.666,86.924
-0.519,-0.135,-0.724,-38.696,12.39,-9.338,-172.414,61.595,86.605
-0.545,-0.069,-0.704,-40.161,8.972,-18.372,-173.611,60.98,86.913
-0.562,-0.066,-0.716,-40.1,6.165,-26.428,-174.551,60.551,87.896
-0.622,-0.081,-0.748,-37.048,7.141,-36.743,-175.128,60.222,89.566
-0.673,-0.16,-0.792,-37.292,20.142,-52.002,-175.111,59.524,92.076
-0.574,-0.18,-0.846,-46.021,28.625,-50.842,-175.259,58.195,94.85
-0.374,-0.194,-0.854,-57.068,22.766,-54.688,-175.941,56.821,97.592
-0.393,-0.092,-0.908,-63.965,-13.611,-59.448,-176.962,56.585,100.684
-0.745,-0.043,-0.897,-59.021,-23.315,-68.42,-177.676,57.832,104.398
-0.784,0.035,-0.877,-54.443,-8.301,-70.618,-178.083,58.535,108.677
-0.396,0.121,-0.659,-65.186,9.155,-54.443,-178.907,58.343,112.906
-0.578,0.238,-0.672,-62.378,-45.349,-44.556,179.401,59.727,116.307
-0.725,0.352,-0.717,-48.34,-15.747,-39.185,177.797,61.447,119.531
-0.711,0.305,-0.715,-28.748,7.507,-33.203,176.984,61.831,122.723
-0.562,0.245,-0.711,-19.104,17.151,-27.344,176.633,61.183,125.601
-0.531,0.19,-0.73,-16.235,11.475,-28.87,176.462,60.656,128.243
-0.557,0.166,-0.726,-17.09,-5.676,-29.785,176.402,60.617,130.88
-0.624,0.125,-0.757,-18.86,-6.653,-32.532,176.353,61.155,133.528
-0.586,0.181,-0.733,-25.574,-11.597,-30.762,176.138,61.727,136.208
-0.68,0.213,-0.709,-21.667,-19.836,-38.574,176.017,62.737,139.032
-0.75,0.12,-0.509,-11.23,-38.391,-49.194,176.677,64.385,142.482
-1.147,0.183,-0.65,-28.625,-53.284,-26.733,176.699,67.505,145.514
-1.035,0.293,-0.746,-8.545,32.837,-16.846,176.298,67.841,147.75
-0.549,0.248,-0.747,9.644,68.97,-16.174,176.979,65.116,150.139
-0.375,0.172,-0.962,26.306,34.424,1.892,178.072,62.578,151.54
-1.021,-0.009,-1.356,27.344,16.296,11.597,178.879,61.985,151.523
-0.238,-0.11,-0.993,27.1,38.757,0.0,-179.896,59.925,151.919
-0.375,-0.275,-0.928,23.621,-6.653,0.427,-178.528,59.442,152.1
-0.371,-0.249,-0.861,3.723,4.883,10.803,-177.781,59.057,151.902
-0.309,-0.162,-0.764,-6.165,-0.061,28.259,-178.27,58.557,150.672
-0.363,-0.117,-0.688,-10.498,-13.428,21.484,-179.22,58.574,149.052
-0.48,-0.071,-0.682,-10.315,-18.799,10.681,-179.934,59.106,148.123
-0.506,-0.05,-0.631,-11.658,-14.099,15.503,179.456,59.722,147.629
-0.558,-0.03,-0.612,-9.888,-20.447,12.695,178.665,60.491,147.101
-0.649,-0.018,-0.646,-9.827,-17.395,12.695,177.957,61.469,146.931
-0.679,-0.004,-0.687,-8.179,-10.559,11.169,177.16,62.249,146.871
-0.652,-0.039,-0.737,-6.042,-12.024,5.554,176.715,62.886,147.184
-0.63,-0.069,-0.806,-4.639,-6.897,6.836,176.418,63.413,147.524
-0.707,-0.063,-0.944,-6.714,-2.625,11.536,175.963,63.671,147.486
-0.756,-0.036,-0.978,-0.549,-20.02,-5.371,175.946,64.407,147.766
-0.976,0.113,-1.089,-6.165,-15.747,7.751,175.875,65.402,148.019
-0.557,0.143,-0.84,-12.024,-5.371,13.55,174.99,65.61,147.502
-0.509,0.263,-0.728,-28.137,-31.433,17.395,173.243,66.292,146.651
-0.689,0.312,-0.691,-31.555,-23.254,21.851,170.524,67.467,145.146
-0.579,0.365,-0.62,-21.729,-8.972,-2.075,168.503,67.896,144.613
-0.474,0.33,-0.524,-10.376,-9.521,-9.644,167.673,68.236,145.113
-0.504,0.227,-0.491,-2.991,-16.357,-18.311,167.591,68.868,146.025
-0.585,0.198,-0.492,-5.188,-19.958,-19.592,167.778,69.868,147.211
-0.65,0.167,-0.51,-8.484,-25.085,-26.978,168.052,71.12,148.694
-0.786,0.178,-0.533,-13.672,-27.71,-30.762,168.42,72.801,150.623
-0.779,0.225,-0.507,-13.0,-23.315,-35.4,169.008,74.421,153.04
-0.883,0.241,-0.53,-4.883,-21.118,-36.56,170.101,75.987,155.753
-0.818,0.221,-0.489,5.92,-10.803,-40.039,172.04,77.097,158.923
-0.897,0.131,-0.5,16.052,-5.798,-38.635,174.787,77.932,162.323
-0.893,0.09,-0.489,19.226,2.625,-32.654,177.709,78.212,165.619
-1.0,0.097,-0.595,21.179,24.048,-14.893,179.857,77.783,167.822
-0.722,0.067,-0.552,23.926,34.363,-19.226,-178.209,76.317,169.585
-0.637,0.009,-0.55,22.949,-10.864,-26.917,-175.853,75.91,171.804
-1.028,-0.066,-0.641,12.268,-13.916,-42.603,-173.013,76.838,174.963
-0.943,-0.085,-0.626,7.019,9.399,-55.725,-169.354,76.536,179.626
-0.982,-0.146,-0.75,9.277,12.39,-45.349,-166.201,75.619,-176.27
-0.961,-0.166,-0.802,11.536,17.822,-36.011,-163.757,74.537,-173.205
-0.601,-0.275,-0.62,28.381,26.855,-26.123,-161.417,73.103,-171.019
-0.536,-0.441,-0.602,27.71,8.606,-16.602,-159.208,71.933,-169.678
-0.649,-0.457,-0.628,17.029,30.396,-5.676,-157.56,70.851,-168.766
-0.522,-0.426,-0.642,7.446,43.518,19.043,-157.714,69.126,-169.673
-0.323,-0.414,-0.598,-6.348,33.081,31.616,-159.104,67.473,-171.854
-0.433,-0.315,-0.619,-13.123,-0.977,26.062,-160.714,66.995,-173.815
-0.575,-0.29,-0.595,-15.076,-14.526,18.677,-161.807,67.462,-174.803
-0.737,-0.3,-0.597,-14.038,-16.785,10.925,-162.526,68.318,-175.001
-0.77,-0.316,-0.594,-14.954,-2.747,15.137,-163.268,68.873,-175.056
-0.741,-0.267,-0.574,-21.118,5.127,30.396,-165.015,69.088,-176.039
-0.711,-0.2,-0.586,-24.353,10.681,39.734,-167.563,69.137,-177.775
-0.705,-0.14,-0.609,-23.621,12.695,40.344,-170.469,69.022,-179.901
-0.663,-0.092,-0.626,-22.583,9.583,40.283,-173.331,68.785,177.957
-0.669,-0.093,-0.705,-16.602,9.766,36.194,-175.765,68.544,176.017
-0.752,-0.059,-0.818,-15.259,13.245,38.33,-178.127,68.176,173.919
-0.568,-0.042,-0.819,-17.151,-3.418,28.625,179.632,67.473,171.782
-0.794,-0.056,-0.925,-13.733,-22.4,8.667,178.445,68.011,170.793
-1.035,-0.002,-1.037,-18.86,-13.611,10.559,177.44,68.835,170.222
-0.928,0.11,-0.948,-27.222,13.977,7.751,176.089,68.813,169.816
-0.469,0.202,-0.693,-33.691,18.982,2.441,174.584,67.769,169.783
-0.529,0.313,-0.649,-38.391,-16.418,1.587,172.766,67.687,169.689
-0.637,0.339,-0.587,-31.616,-5.066,-7.446,170.75,68.236,169.431
-0.53,0.299,-0.52,-25.085,7.141,-21.729,169.915,68.181,170.447
-0.543,0.266,-0.523,-16.602,6.47,-24.719,169.722,68.049,171.996
-0.588,0.263,-0.546,-12.207,5.676,-15.137,169.684,67.956,173.298
-0.645,0.272,-0.58,-3.052,0.977,-6.958,169.376,67.879,173.809
-0.68,0.251,-0.579,1.831,-4.761,-1.282,169.25,68.049,174.018
-0.732,0.23,-0.595,11.353,-8.362,1.343,169.135,68.434,173.82
-0.755,0.167,-0.585,13.489,-7.507,1.831,169.426,68.906,173.743
-0.761,0.166,-0.603,12.878,-5.92,6.348,169.519,69.318,173.469
-0.672,0.184,-0.582,15.503,-14.709,4.822,169.673,69.824,173.139
-0.776,0.173,-0.582,19.592,-17.517,-0.244,170.063,70.79,172.842
-0.805,0.182,-0.589,17.761,-21.24,-0.854,170.81,71.796,172.914
-0.857,0.196,-0.608,19.226,-3.967,1.465,171.376,72.559,172.859
-0.963,0.226,-0.697,18.921,-9.46,4.7,171.876,73.059,172.705
-0.871,0.208,-0.743,25.085,16.479,-2.869,172.579,72.856,172.667
-0.775,0.124,-0.764,26.855,2.075,-16.174,174.43,72.449,173.71
-1.03,0.076,-0.864,17.395,-12.451,-6.348,176.061,72.955,174.606
-0.764,0.167,-0.699,9.216,9.521,8.606,176.342,72.955,174.468
-0.628,0.196,-0.641,30.212,6.104,2.991,176.765,72.471,174.056
-0.537,0.097,-0.601,53.528,24.109,-0.366,178.753,71.73,174.084
-0.356,-0.055,-0.612,66.895,15.625,10.315,-178.605,70.582,173.622
-0.342,-0.252,-0.574,51.575,-18.555,25.085,-176.776,70.587,171.892
-0.633,-0.176,-0.596,28.015,-36.316,10.01,-175.671,71.927,170.453
-0.749,-0.181,-0.605,22.339,-24.231,-5.371,-174.155,73.163,170.458
-0.812,-0.236,-0.577,20.142,-25.513,-12.268,-172.117,74.224,171.53
-0.791,-0.32,-0.499,7.446,-25.635,-3.967,-170.349,75.399,172.733
-0.875,-0.219,-0.488,-7.935,-24.78,2.686,-169.882,76.74,173.469
-0.842,-0.149,-0.472,-10.62,-6.836,0.061,-169.98,77.618,174.144
-0.88,-0.207,-0.487,-8.484,-13.184,-7.69,-169.645,78.118,175.303
-0.999,-0.232,-0.549,-0.916,-2.258,0.183,-169.151,78.662,176.49
-1.021,-0.307,-0.637,0.488,19.897,2.136,-169.03,78.475,176.918
-0.833,-0.312,-0.635,-5.92,18.555,9.155,-169.371,77.393,176.803
-1.146,-0.282,-0.833,-10.498,6.653,6.531,-169.662,77.108,176.968
-1.071,-0.059,-0.806,-14.526,43.64,26.123,-171.392,76.13,175.842
-0.52,0.155,-0.687,-6.409,66.345,3.357,-173.128,73.444,174.49
-0.382,0.214,-0.738,19.104,15.747,3.479,-173.051,71.169,174.254
-0.747,0.079,-0.709,23.499,8.911,20.203,-172.859,70.801,172.93
-0.689,0.053,-0.687,30.701,39.49,11.658,-172.837,69.434,171.293
-0.486,-0.049,-0.57,28.625,49.866,7.385,-172.112,67.066,170.294
-0.484,-0.097,-0.579,14.587,26.489,1.709,-171.639,65.281,169.552
-0.62,-0.062,-0.63,1.16,25.024,-12.268,-171.249,64.237,169.766
-0.49,-0.076,-0.616,-8.301,28.931,-35.217,-170.695,62.672,171.074
-0.575,-0.056,-0.661,-27.649,1.038,-55.42,-169.964,61.902,173.903
-0.669,-0.061,-0.674,-31.616,7.446,-76.172,-168.981,61.403,178.193
-0.584,-0.068,-0.723,-34.485,5.859,-68.42,-168.162,60.579,-177.369
-0.689,0.007,-0.837,-34.851,-3.296,-33.936,-168.234,60.491,-174.26
-0.69,0.067,-0.938,-16.174,12.512,-14.099,-168.942,60.222,-172.958
-0.633,0.066,-0.958,-4.456,-14.893,11.719,-169.629,59.952,-173.09
-0.962,-0.009,-1.146,13.611,-5.798,16.418,-170.167,60.985,-174.1
-0.683,-0.122,-1.008,20.569,7.935,12.939,-169.948,60.947,-175.034
-0.329,-0.256,-0.763,26.794,2.258,6.653,-169.277,60.677,-175.847
-0.373,-0.353,-0.698,16.541,-24.17,2.38,-168.256,61.133,-176.303
-0.499,-0.366,-0.691,3.113,-9.338,3.418,-167.591,61.87,-176.638
-0.502,-0.328,-0.7,-8.85,8.179,1.16,-167.58,61.716,-177.122
-0.411,-0.31,-0.688,-15.198,10.803,-0.732,-167.91,60.897,-177.484
-0.531,-0.274,-0.693,-26.001,10.62,-3.479,-168.58,60.298,-177.66
-0.562,-0.188,-0.681,-36.316,19.226,-15.747,-169.541,59.354,-177.16
-0.572,-0.183,-0.719,-43.335,29.114,-36.072,-170.409,57.991,-175.485
-0.458,-0.166,-0.749,-53.162,23.01,-57.556,-171.046,56.426,-172.288
-0.465,-0.03,-0.752,-51.331,7.08,-38.757,-172.106,55.602,-169.376
-0.539,-0.006,-0.814,-23.804,4.883,-31.372,-172.755,55.366,-167.305
-0.531,-0.06,-0.873,0.122,10.681,-11.963,-172.711,54.992,-166.102
-0.497,-0.221,-1.063,2.136,21.118,-6.409,-172.211,54.261,-165.553
-0.36,-0.159,-0.999,-10.193,14.587,-6.775,-172.244,53.454,-165.267
-0.667,0.013,-1.109,-7.874,-10.437,-8.179,-172.656,53.476,-165.185
-0.527,0.046,-1.004,1.831,24.353,-14.465,-172.48,52.976,-164.652
-0.373,0.046,-0.876,3.479,11.658,-3.906,-172.161,52.059,-164.344
-0.382,0.038,-0.816,3.174,8.789,-5.493,-172.139,51.548,-164.57
-0.397,0.013,-0.837,3.235,14.648,-16.418,-171.958,50.938,-164.317
-0.316,-0.01,-0.791,-2.38,9.888,-6.653,-171.76,50.169,-163.9
-0.442,-0.007,-0.824,-4.883,6.592,-2.136,-172.101,49.911,-164.108
-0.304,0.036,-0.79,-3.723,7.08,-8.606,-172.419,49.373,-164.064
-0.512,-0.005,-0.859,0.244,-2.686,-10.132,-172.392,49.482,-163.762
-0.379,-0.051,-0.82,0.732,6.409,-16.052,-172.205,49.164,-163.224
-0.485,-0.083,-0.842,-5.981,0.366,-16.602,-172.084,49.125,-162.466
-0.399,-0.09,-0.811,-8.972,5.981,-24.963,-172.09,48.84,-161.378
-0.395,-0.104,-0.763,-10.803,-5.981,-26.978,-171.991,48.851,-159.89
-0.568,-0.056,-0.833,-14.954,-6.775,-13.367,-172.172,49.351,-158.692
-0.483,0.025,-0.878,-9.338,11.658,6.897,-172.776,49.224,-158.456
-0.427,0.085,-0.982,1.099,9.644,18.372,-173.441,48.763,-159.214
-0.442,-0.009,-0.985,7.08,7.751,10.132,-173.568,48.702,-160.032
-0.46,-0.038,-1.05,10.071,5.432,-1.221,-173.375,48.439,-160.406
-0.471,-0.067,-1.031,7.568,2.075,-2.075,-173.013,48.296,-160.461
-0.536,-0.08,-1.056,6.714,6.897,-1.892,-172.678,48.17,-160.422
-0.349,-0.076,-0.985,4.456,19.287,9.888,-172.634,47.538,-160.834
-0.179,-0.122,-0.89,6.165,22.522,0.793,-172.513,46.533,-161.362
-0.07,-0.11,-0.862,5.92,18.433,5.859,-172.343,45.368,-161.977
-0.118,-0.124,-0.859,5.493,13.367,13.428,-172.233,44.517,-163.125
-0.119,-0.072,-0.879,5.554,11.536,23.682,-172.375,43.715,-164.949
-0.142,-0.096,-0.886,10.132,5.066,17.334,-172.375,43.132,-166.849
-0.198,-0.168,-0.859,12.329,-3.662,5.005,-171.996,42.913,-168.113
-0.326,-0.259,-0.897,4.517,-3.357,9.033,-171.535,42.957,-168.926
-0.258,-0.204,-0.885,-4.272,7.324,15.442,-171.738,42.693,-170.145
-0.257,-0.181,-0.883,-8.789,-6.104,6.409,-172.007,42.638,-170.969
-0.324,-0.138,-0.888,-12.634,-5.737,4.211,-172.496,42.907,-171.568
-0.351,-0.099,-0.889,-11.047,-11.108,-2.441,-172.941,43.27,-171.738
-0.414,-0.1,-0.902,-8.118,-8.057,-1.343,-173.238,43.808,-171.672
-0.339,-0.116,-0.877,-4.944,-4.211,2.136,-173.403,44.083,-171.612
-0.38,-0.104,-0.994,-6.653,-7.019,6.592,-173.622,44.412,-171.826
-0.441,-0.173,-0.968,-7.935,4.395,-5.005,-173.765,44.786,-171.749
-0.372,-0.053,-1.051,-14.648,5.066,3.662,-174.304,44.577,-171.683
-0.269,-0.073,-1.008,-8.911,-0.854,-3.174,-174.781,44.396,-171.771
-0.422,-0.03,-1.045,-11.23,-8.789,-1.099,-175.21,44.709,-171.826
-0.359,-0.042,-1.027,-9.827,-1.038,-11.902,-175.518,44.846,-171.612
-0.378,0.055,-0.985,-15.93,3.479,-5.798,-175.984,44.885,-171.233
-0.199,0.083,-0.879,-14.893,-3.235,-7.202,-176.644,44.703,-171.118
-0.351,0.154,-0.85,-18.494,-13.916,-0.61,-177.599,45.253,-171.304
-0.349,0.162,-0.865,-11.841,9.033,-8.423,-178.363,45.269,-171.244
-0.217,0.114,-0.885,-0.488,8.85,-11.292,-178.599,44.681,-170.931
-0.224,0.058,-0.872,1.465,-6.897,-8.728,-178.544,44.615,-170.771
-0.325,0.016,-0.847,0.427,-14.343,-9.338,-178.467,45.143,-170.673
-0.432,0.017,-0.824,-5.005,-15.137,-4.517,-178.533,45.912,-170.53
-0.483,0.069,-0.828,-1.953,0.549,0.854,-178.824,46.313,-170.585
-0.373,0.035,-0.812,2.075,-0.916,1.953,-178.863,46.324,-170.563
-0.39,0.06,-0.829,1.587,-5.493,6.714,-178.962,46.566,-170.788
-0.448,0.067,-0.861,2.258,-4.822,9.094,-179.044,46.989,-171.107
-0.391,0.123,-0.919,6.47,-5.859,19.531,-179.247,47.236,-171.821
-0.538,0.062,-0.922,16.113,-9.094,17.395,-179.171,48.01,-172.809
-0.455,0.004,-0.98,18.799,-3.967,9.399,-178.748,48.235,-173.535
-0.466,-0.015,-1.005,13.123,-4.7,11.597,-178.187,48.505,-173.936
-0.559,-0.007,-1.06,11.475,-3.662,14.038,-177.94,48.774,-174.644
-0.498,0.041,-1.031,10.376,4.7,18.799,-177.819,48.724,-175.468
-0.363,-0.016,-0.94,15.198,10.925,10.62,-177.539,48.356,-176.27
-0.246,-0.119,-0.884,16.235,9.338,-4.089,-176.682,47.84,-176.336
-0.143,-0.095,-0.865,6.958,7.141,7.568,-176.204,47.263,-176.754
-0.224,-0.078,-0.883,6.287,-7.019,11.475,-176.006,47.203,-177.786
-0.245,-0.076,-0.886,8.667,-0.366,12.512,-175.836,47.197,-179.006
-0.293,-0.085,-0.898,8.545,-12.268,8.911,-175.589,47.324,179.824
-0.352,-0.112,-0.865,5.066,-10.803,4.211,-175.265,47.763,179.055
-0.358,-0.116,-0.829,2.869,-10.803,4.028,-175.111,48.181,178.418
-0.333,-0.148,-0.812,-0.549,-12.634,-0.427,-174.902,48.62,178.121
-0.407,-0.115,-0.835,-2.991,-20.142,3.296,-174.897,49.378,177.836
-0.457,-0.112,-0.833,-2.991,-20.874,7.568,-174.968,50.334,177.479
-0.505,-0.06,-0.851,-3.052,-17.212,11.597,-175.226,51.257,176.968
-0.516,-0.06,-0.832,8.667,-12.207,10.193,-175.259,52.07,176.462
-0.497,-0.131,-0.86,7.263,-8.911,10.559,-174.968,52.635,176.067
-0.534,-0.183,-0.882,1.892,-12.756,-3.052,-174.716,53.218,175.99
-0.723,-0.172,-0.954,-5.615,-9.094,-16.479,-174.326,54.025,177.006
-0.626,-0.036,-0.958,-15.442,3.418,-2.075,-174.666,54.08,177.759
-0.486,0.041,-0.852,-14.343,4.211,-3.601,-175.237,54.02,178.198
-0.47,0.093,-0.808,-9.583,-7.629,-5.615,-175.671,54.179,178.649
-0.438,0.125,-0.806,-7.385,1.465,-2.502,-176.144,54.311,178.868
-0.423,0.1,-0.843,-3.113,11.169,-2.563,-176.369,54.097,179.066
-0.3,0.099,-0.877,2.808,12.085,0.122,-176.561,53.361,178.874
-0.213,0.085,-0.779,3.418,-11.902,4.883,-176.682,53.256,178.352
-0.571,0.062,-0.796,9.094,-25.818,-6.714,-176.578,54.338,177.973
-0.582,0.018,-0.769,9.338,-6.897,-7.202,-176.067,55.063,178.253
-0.541,-0.026,-0.782,8.789,4.395,-7.141,-175.54,55.118,178.693
-0.469,-0.041,-0.757,8.301,2.869,-3.235,-175.106,54.921,179.05
-0.546,-0.071,-0.759,5.554,-3.113,-0.305,-174.727,55.058,179.33
-0.591,-0.044,-0.772,2.319,1.953,3.235,-174.661,55.206,179.429
-0.559,-0.02,-0.754,0.977,2.502,3.723,-174.677,55.212,179.566
-0.574,0.0,-0.761,4.15,3.235,7.446,-174.803,55.245,179.467
-0.542,-0.008,-0.785,5.432,0.366,10.742,-174.836,55.294,179.253
-0.549,0.002,-0.782,5.31,-4.089,12.146,-174.996,55.563,178.813
-0.557,0.047,-0.791,5.554,-2.93,20.447,-175.314,55.975,178.105
-0.544,0.045,-0.793,13.0,-11.475,18.738,-175.583,56.453,177.05
-0.751,0.069,-0.915,14.099,-14.16,24.902,-175.71,57.239,175.946
-0.635,0.027,-0.842,21.79,-5.798,21.057,-175.693,57.662,174.716
-0.653,-0.054,-0.782,22.217,-5.493,13.428,-175.155,58.184,174.029
-0.549,-0.125,-0.787,18.311,11.108,9.827,-174.617,58.09,173.562
-0.405,-0.146,-0.769,15.32,11.353,15.747,-174.172,57.53,172.991
-0.494,-0.129,-0.823,10.071,4.333,26.489,-174.276,57.382,171.552
-0.506,-0.129,-0.862,12.268,10.315,16.785,-174.326,57.025,170.09
-0.47,-0.166,-0.88,9.766,16.174,8.972,-174.018,56.343,169.113
-0.402,-0.182,-0.846,4.15,12.207,2.319,-173.688,55.514,168.459
-0.457,-0.151,-0.834,-1.892,3.235,2.014,-173.518,55.085,167.926
-0.468,-0.125,-0.833,-2.441,3.967,-0.732,-173.524,54.783,167.399
-0.51,-0.117,-0.848,-4.333,3.357,-7.629,-173.392,54.586,167.366
-0.477,-0.123,-0.835,-1.587,1.892,-11.902,-173.134,54.3,167.684
-0.515,-0.142,-0.853,-5.859,4.456,-18.982,-172.755,54.119,168.42
-0.445,-0.159,-0.832,-9.521,5.005,-28.809,-172.288,53.696,169.766
-0.472,-0.161,-0.851,-15.991,2.991,-34.729,-171.925,53.443,171.464
-0.391,-0.152,-0.82,-16.663,0.0,-41.077,-171.595,53.124,173.518
-0.492,-0.156,-0.892,-18.921,-8.179,-43.64,-171.189,53.141,175.792
-0.588,-0.2,-0.938,-16.296,-1.648,-50.842,-170.601,53.196,178.473
-0.433,-0.15,-0.863,-24.78,2.014,-37.964,-170.387,52.85,-178.989
-0.463,-0.094,-0.843,-26.794,-8.484,-35.645,-170.64,52.877,-176.951
-0.435,-0.061,-0.837,-25.635,0.977,-44.8,-170.826,52.773,-174.639
-0.529,-0.036,-0.874,-26.672,-8.362,-46.631,-170.87,52.822,-171.974
