0.071,-0.132,-0.966,-0.549,0.488,0.732,-165.201,19.138,126.447
0.085,-0.134,-0.963,0.488,0.427,-0.854,-165.328,19.133,126.42
0.09,-0.139,-0.962,-0.061,-0.977,-0.122,-165.443,19.155,126.436
0.079,-0.133,-0.962,0.0,-1.404,-1.343,-165.575,19.232,126.48
0.067,-0.137,-0.961,-0.122,-0.366,0.061,-165.696,19.292,126.513
0.078,-0.132,-0.959,0.488,0.0,1.038,-165.795,19.314,126.453
0.07,-0.139,-0.962,0.0,0.183,0.305,-165.883,19.336,126.414
0.077,-0.135,-0.96,-0.244,0.061,-0.183,-165.998,19.341,126.392
0.068,-0.133,-0.959,-0.244,0.0,-0.366,-166.113,19.358,126.403
0.069,-0.139,-0.962,0.305,1.282,-0.122,-166.207,19.358,126.392
0.076,-0.14,-0.956,-0.671,0.0,-0.061,-166.306,19.336,126.403
0.074,-0.132,-0.966,-0.61,2.014,0.305,-166.432,19.319,126.409
0.093,-0.128,-0.965,0.488,0.122,0.549,-166.525,19.281,126.37
0.087,-0.138,-0.964,-0.183,-0.183,-0.183,-166.602,19.292,126.359
0.082,-0.136,-0.958,0.0,-0.549,-1.099,-166.701,19.314,126.381
0.081,-0.136,-0.964,-0.305,0.366,1.038,-166.789,19.325,126.376
0.085,-0.129,-0.961,0.061,-0.671,2.258,-166.871,19.347,126.255
0.073,-0.14,-0.965,-0.183,-0.366,0.549,-166.937,19.402,126.161
0.085,-0.13,-0.96,-0.793,-0.488,-0.488,-167.053,19.413,126.145
0.069,-0.129,-0.964,-0.549,-0.366,-0.549,-167.157,19.457,126.178
0.072,-0.13,-0.958,0.61,-1.221,-0.488,-167.234,19.495,126.2
0.069,-0.134,-0.955,0.061,0.671,-0.366,-167.289,19.528,126.194
0.059,-0.139,-0.959,0.122,0.183,-0.61,-167.349,19.534,126.216
0.087,-0.126,-0.967,0.061,3.052,0.366,-167.421,19.44,126.205
0.092,-0.138,-0.962,0.793,-0.061,-0.183,-167.448,19.396,126.189
0.08,-0.135,-0.963,-0.061,-0.244,-0.61,-167.503,19.407,126.2
0.088,-0.132,-0.959,0.427,0.549,-0.427,-167.558,19.402,126.238
0.076,-0.142,-0.959,0.671,-1.343,0.0,-167.585,19.429,126.233
0.075,-0.143,-0.961,-0.793,1.038,-0.549,-167.64,19.446,126.255
0.078,-0.13,-0.96,-0.61,-0.671,0.305,-167.734,19.44,126.222
0.088,-0.128,-0.964,0.427,1.709,1.465,-167.783,19.424,126.172
0.078,-0.14,-0.961,0.305,-1.648,0.0,-167.805,19.446,126.112
0.072,-0.135,-0.955,-0.61,0.854,-1.343,-167.871,19.462,126.151
0.071,-0.135,-0.958,0.061,0.488,-0.61,-167.937,19.44,126.194
0.085,-0.133,-0.964,0.366,2.502,1.709,-167.964,19.38,126.134
0.089,-0.14,-0.961,0.061,0.793,0.366,-167.986,19.319,126.074
0.097,-0.134,-0.962,-0.122,0.977,0.366,-168.03,19.27,126.008
0.083,-0.132,-0.963,0.0,-0.427,-1.038,-168.08,19.276,126.008
0.083,-0.136,-0.958,-0.305,0.061,-0.854,-168.129,19.27,126.046
0.081,-0.135,-0.959,0.305,0.244,-0.488,-168.173,19.265,126.046
0.083,-0.136,-0.96,0.427,1.526,1.16,-168.184,19.226,126.013
0.101,-0.137,-0.961,0.244,1.282,1.892,-168.19,19.16,125.909
0.088,-0.137,-0.97,-0.122,1.038,-0.305,-168.223,19.149,125.876
0.092,-0.132,-0.959,-0.793,-1.465,-0.183,-168.283,19.144,125.87
0.082,-0.139,-0.953,0.122,-0.488,-1.831,-168.338,19.182,125.931
0.079,-0.134,-0.966,0.61,1.282,0.61,-168.365,19.182,125.953
0.092,-0.144,-0.958,0.732,-0.427,2.258,-168.338,19.166,125.87
0.083,-0.141,-0.957,-0.061,0.122,0.61,-168.344,19.199,125.766
0.077,-0.137,-0.956,-0.793,0.732,-0.366,-168.393,19.193,125.744
0.098,-0.134,-0.962,-1.099,1.953,0.305,-168.464,19.116,125.744
0.085,-0.134,-0.963,-0.305,1.038,0.916,-168.519,19.067,125.711
0.105,-0.13,-0.965,-0.366,1.77,1.404,-168.552,18.99,125.618
0.096,-0.125,-0.958,0.488,-0.244,1.587,-168.569,18.984,125.508
0.085,-0.132,-0.963,0.366,0.366,-0.671,-168.58,18.99,125.475
0.097,-0.138,-0.953,0.244,0.366,-1.16,-168.596,18.946,125.502
0.084,-0.141,-0.96,0.061,0.977,-1.526,-168.624,18.924,125.541
0.109,-0.127,-0.962,0.183,0.793,1.587,-168.651,18.858,125.513
0.096,-0.144,-0.96,1.038,-1.404,0.122,-168.624,18.902,125.442
0.084,-0.142,-0.961,-0.61,-0.244,-1.831,-168.651,18.951,125.491
0.101,-0.131,-0.955,0.427,0.122,1.038,-168.684,18.929,125.508
0.081,-0.144,-0.959,0.427,-0.549,1.404,-168.662,18.968,125.425
0.088,-0.139,-0.957,0.0,1.526,-0.244,-168.673,18.951,125.42
0.097,-0.14,-0.962,-0.244,0.0,0.0,-168.695,18.907,125.42
0.091,-0.142,-0.957,-0.854,0.671,0.122,-168.728,18.896,125.392
0.096,-0.132,-0.965,-0.854,1.587,-0.122,-168.794,18.847,125.359
0.111,-0.139,-0.956,-0.305,-0.183,0.732,-168.827,18.792,125.31
0.087,-0.14,-0.962,-1.404,0.366,-0.122,-168.882,18.82,125.277
0.11,-0.121,-0.963,-0.427,1.038,2.014,-168.948,18.77,125.211
0.104,-0.139,-0.963,0.427,-1.343,2.38,-168.931,18.803,125.09
0.097,-0.137,-0.957,-0.305,-1.526,1.343,-168.948,18.858,124.969
0.076,-0.134,-0.956,-0.977,-0.244,-0.671,-169.003,18.918,124.969
0.09,-0.131,-0.956,-0.671,-0.061,0.549,-169.058,18.907,124.964
0.085,-0.138,-0.959,-0.732,0.977,0.061,-169.096,18.902,124.953
0.095,-0.129,-0.961,-1.099,0.305,0.0,-169.162,18.875,124.937
0.1,-0.128,-0.96,-0.366,0.488,0.366,-169.206,18.853,124.931
0.091,-0.131,-0.962,-0.366,0.488,0.671,-169.233,18.853,124.898
0.094,-0.129,-0.955,-0.244,0.0,0.488,-169.255,18.836,124.876
0.085,-0.136,-0.958,-0.061,1.099,0.427,-169.272,18.82,124.849
0.112,-0.127,-0.964,-0.671,2.258,0.366,-169.305,18.732,124.794
0.108,-0.132,-0.963,-0.244,-0.244,0.305,-169.327,18.693,124.761
0.103,-0.128,-0.961,-0.122,-0.488,0.488,-169.349,18.699,124.728
0.099,-0.13,-0.957,0.0,-0.427,0.0,-169.36,18.715,124.706
0.092,-0.126,-0.958,-0.793,-0.488,-0.244,-169.393,18.732,124.711
0.093,-0.125,-0.96,0.244,0.305,-0.427,-169.42,18.732,124.717
0.097,-0.125,-0.959,0.122,0.0,-0.183,-169.431,18.721,124.722
0.093,-0.128,-0.963,0.0,0.488,-0.549,-169.442,18.721,124.744
0.101,-0.127,-0.959,0.854,-0.488,-0.244,-169.437,18.71,124.761
0.099,-0.13,-0.957,0.549,0.305,0.0,-169.42,18.715,124.766
0.091,-0.137,-0.959,0.61,-0.244,-0.61,-169.398,18.721,124.788
0.096,-0.127,-0.96,0.0,0.916,0.122,-169.404,18.693,124.827
0.118,-0.137,-0.963,0.549,1.16,-0.244,-169.382,18.627,124.86
0.1,-0.138,-0.959,0.0,-2.197,-0.305,-169.382,18.666,124.871
0.11,-0.133,-0.96,0.061,1.16,0.122,-169.393,18.66,124.876
0.095,-0.131,-0.961,0.0,-1.709,1.343,-169.387,18.682,124.816
0.101,-0.135,-0.957,0.305,-0.732,-0.427,-169.382,18.715,124.788
0.082,-0.133,-0.959,-0.488,-0.488,-0.732,-169.404,18.765,124.805
0.097,-0.131,-0.959,-0.305,0.122,0.427,-169.426,18.754,124.794
0.092,-0.129,-0.959,-0.122,-0.061,0.549,-169.437,18.759,124.75
0.086,-0.131,-0.954,0.0,0.793,0.122,-169.442,18.759,124.722
0.1,-0.13,-0.958,0.0,1.282,0.244,-169.448,18.71,124.722
0.097,-0.126,-0.962,0.244,1.404,0.305,-169.453,18.66,124.706
0.116,-0.13,-0.962,0.305,0.977,-0.549,-169.442,18.583,124.733
0.096,-0.131,-0.959,0.427,-0.732,-1.831,-169.448,18.589,124.81
0.103,-0.133,-0.956,0.732,1.099,-1.099,-169.431,18.539,124.904
0.097,-0.132,-0.96,0.732,0.854,-0.305,-169.404,18.495,124.92
0.105,-0.143,-0.961,0.916,1.282,-0.61,-169.36,18.43,124.915
0.104,-0.133,-0.958,-0.732,0.183,-0.793,-169.376,18.391,124.904
0.105,-0.129,-0.959,-0.671,0.732,-2.502,-169.42,18.358,124.964
0.098,-0.122,-0.957,0.366,-0.244,-2.502,-169.453,18.342,125.052
0.117,-0.138,-0.953,1.282,1.831,-1.831,-169.409,18.254,125.162
0.113,-0.146,-0.962,1.221,1.404,-1.282,-169.36,18.177,125.217
0.125,-0.134,-0.966,0.427,1.099,0.854,-169.332,18.1,125.173
0.115,-0.144,-0.961,0.61,-1.404,-0.183,-169.288,18.094,125.118
0.112,-0.141,-0.956,0.0,-1.16,-1.038,-169.283,18.133,125.123
0.093,-0.138,-0.956,0.0,-0.671,-0.916,-169.288,18.182,125.184
0.104,-0.142,-0.953,-0.427,-0.427,0.061,-169.288,18.188,125.206
0.104,-0.132,-0.962,-0.122,1.343,0.305,-169.305,18.182,125.2
0.11,-0.136,-0.957,-0.183,-0.488,0.671,-169.305,18.16,125.178
0.114,-0.132,-0.963,-0.427,1.587,-0.793,-169.327,18.133,125.206
0.107,-0.122,-0.959,1.099,-1.526,1.282,-169.316,18.149,125.195
0.111,-0.144,-0.952,1.404,-0.061,0.122,-169.244,18.166,125.173
0.094,-0.143,-0.957,-0.671,0.244,-1.526,-169.25,18.182,125.217
0.102,-0.122,-0.963,-0.61,1.404,-1.587,-169.299,18.116,125.299
0.116,-0.137,-0.957,1.282,1.831,-2.991,-169.283,18.001,125.409
0.092,-0.151,-0.947,-2.136,3.479,-7.324,-169.332,17.875,125.645
0.119,-0.129,-0.945,-2.319,3.418,-10.315,-169.536,17.622,126.112
0.135,-0.157,-0.952,-2.686,5.005,-7.141,-169.678,17.369,126.513
0.159,-0.14,-0.968,-3.296,3.052,-2.258,-169.838,17.111,126.667
0.158,-0.125,-0.971,-3.54,0.122,2.014,-169.975,17.023,126.617
0.129,-0.101,-0.96,-2.075,-2.441,3.418,-170.09,17.073,126.464
0.123,-0.1,-0.95,-0.305,-2.625,0.427,-170.145,17.183,126.376
0.114,-0.134,-0.948,-2.38,-2.93,-5.554,-170.217,17.298,126.579
0.087,-0.109,-0.959,-6.592,-3.357,-5.554,-170.502,17.435,126.903
0.112,-0.078,-0.961,-5.127,0.916,-2.075,-170.837,17.441,127.156
0.12,-0.084,-0.958,0.0,0.061,-2.93,-170.964,17.435,127.31
0.124,-0.094,-0.966,2.808,0.793,-2.258,-170.92,17.413,127.507
0.131,-0.116,-0.96,3.723,-1.16,-0.732,-170.771,17.397,127.595
0.101,-0.122,-0.958,1.587,-0.671,-3.845,-170.673,17.457,127.771
0.114,-0.12,-0.948,2.502,1.099,-3.723,-170.601,17.408,127.969
0.116,-0.13,-0.96,2.319,2.197,-2.319,-170.497,17.32,128.128
0.126,-0.126,-0.96,0.305,1.587,1.526,-170.431,17.227,128.117
0.128,-0.11,-0.958,0.183,1.526,1.16,-170.409,17.155,128.013
0.125,-0.111,-0.964,3.296,3.052,-0.732,-170.327,17.062,128.051
0.151,-0.132,-0.954,5.188,2.014,2.869,-170.101,16.919,128.007
0.136,-0.156,-0.964,2.441,1.831,3.967,-169.865,16.853,127.826
0.144,-0.135,-0.959,-0.671,0.366,2.563,-169.805,16.798,127.612
0.135,-0.125,-0.957,-0.854,0.671,-0.244,-169.827,16.771,127.551
0.135,-0.124,-0.95,-0.61,-0.488,-1.16,-169.86,16.749,127.551
0.12,-0.124,-0.955,-0.916,0.854,-2.869,-169.92,16.732,127.672
0.132,-0.12,-0.956,-0.427,0.732,-0.732,-169.964,16.655,127.787
0.136,-0.118,-0.957,-0.183,1.648,0.0,-169.986,16.606,127.798
0.132,-0.12,-0.956,0.061,-0.122,-1.77,-169.997,16.578,127.853
0.136,-0.117,-0.954,1.038,1.831,-2.563,-170.002,16.512,127.98
0.146,-0.128,-0.959,2.93,2.258,0.671,-169.904,16.397,128.024
0.158,-0.147,-0.957,1.16,0.488,1.709,-169.783,16.326,127.925
0.134,-0.13,-0.961,-0.916,0.244,0.0,-169.788,16.326,127.875
0.156,-0.117,-0.957,0.854,0.549,-0.488,-169.794,16.282,127.87
0.143,-0.137,-0.951,1.465,-1.648,0.488,-169.717,16.304,127.859
0.131,-0.138,-0.95,-0.61,-0.244,-2.686,-169.717,16.342,127.908
0.136,-0.132,-0.952,-2.869,0.122,-3.052,-169.816,16.304,128.046
0.133,-0.112,-0.962,-1.77,0.916,-3.479,-169.975,16.276,128.199
0.137,-0.113,-0.955,-3.906,0.488,-3.113,-170.118,16.216,128.331
0.159,-0.111,-0.96,-1.099,1.526,-3.906,-170.261,16.133,128.518
0.142,-0.103,-0.955,0.488,-1.709,-1.587,-170.321,16.122,128.672
0.135,-0.123,-0.957,3.052,0.549,-0.122,-170.25,16.144,128.732
0.138,-0.144,-0.947,0.977,0.854,0.122,-170.134,16.1,128.743
0.147,-0.132,-0.956,-0.305,1.587,-1.16,-170.123,16.029,128.787
0.148,-0.115,-0.958,1.16,2.014,1.831,-170.101,15.952,128.754
0.167,-0.135,-0.958,1.038,0.793,1.404,-170.008,15.875,128.672
0.147,-0.133,-0.951,-0.305,-0.793,-0.61,-169.991,15.886,128.65
0.144,-0.12,-0.952,-0.488,0.793,-0.427,-170.024,15.87,128.677
0.15,-0.119,-0.956,-0.183,0.183,0.427,-170.03,15.837,128.677
0.148,-0.119,-0.954,0.671,1.16,-1.526,-170.024,136.873,2.752
0.139,-0.006,-0.863,-5.127,-18.677,62.927,-174.243,19.286,94.537
0.0,-0.018,-0.93,-4.272,-24.109,60.852,-174.282,20.253,91.236
0.163,-0.125,-0.798,5.005,-7.751,49.377,-174.056,21.017,88.253
0.033,-0.156,-0.798,-2.93,-36.804,51.392,-173.875,22.148,85.529
-0.048,-0.185,-0.808,-3.113,-19.104,54.688,-173.842,23.582,82.568
-0.002,-0.162,-0.818,-5.554,-23.376,59.021,-173.919,24.692,79.233
0.08,-0.171,-0.811,-5.554,-23.315,58.96,-174.012,25.845,75.811
-0.084,-0.099,-0.863,-14.893,-57.129,60.364,-174.402,27.795,72.521
-0.28,0.038,-0.758,-11.108,-38.757,78.003,-175.276,30.471,68.659
-0.141,0.06,-0.85,0.427,-7.08,118.286,-175.979,31.404,63.133
-0.021,0.091,-0.862,11.047,-17.7,126.465,-176.44,32.069,56.536
-0.285,0.108,-0.926,18.127,-28.442,149.475,-176.781,33.607,49.417
-0.292,0.096,-0.975,32.898,-6.714,161.499,-176.946,34.464,41.028
-0.189,0.0,-0.963,30.884,6.958,148.682,-176.77,34.552,32.882
-0.051,0.028,-0.914,20.63,-4.883,138.977,-176.902,34.59,25.34
-0.171,0.084,-0.926,17.639,-16.785,127.869,-177.319,35.305,18.435
-0.136,0.057,-0.962,22.949,-1.831,122.253,-177.599,35.618,11.959
-0.072,0.021,-0.946,18.25,0.61,126.648,-177.891,35.612,5.416
-0.176,0.042,-0.949,14.099,-21.118,117.676,-178.336,35.799,-0.884
-0.181,0.023,-0.828,25.574,-15.137,117.981,-178.671,36.546,-7.053
-0.305,-0.019,-0.875,23.438,-16.968,111.755,-178.731,37.277,-13.123
-0.363,-0.041,-1.013,32.349,9.46,98.999,-178.572,37.375,-18.759
-0.186,-0.098,-1.001,26.855,7.507,86.853,-178.0,36.722,-23.659
-0.361,-0.056,-0.922,17.761,-14.282,77.82,-177.731,37.095,-28.015
-0.461,-0.022,-0.844,14.771,1.709,68.787,-177.676,37.59,-31.866
-0.334,0.011,-0.809,17.395,17.334,71.472,-177.621,37.123,-35.651
-0.28,-0.031,-0.842,24.048,13.489,66.833,-177.242,36.678,-39.435
-0.258,-0.089,-0.89,24.597,18.372,54.565,-176.605,36.156,-42.632
-0.187,-0.126,-0.958,22.949,11.108,45.105,-175.875,35.585,-45.242
-0.238,-0.254,-1.125,21.667,15.198,25.94,-174.891,35.283,-46.884
-0.13,-0.261,-1.124,4.761,-0.366,18.311,-174.331,34.854,-47.873
-0.385,-0.135,-1.201,-3.052,-30.334,-1.221,-174.26,35.997,-48.01
-0.425,-0.022,-1.339,-3.418,37.415,-3.54,-174.243,35.98,-47.725
0.374,0.043,-0.982,-7.324,30.273,-6.47,-174.348,33.475,-47.67
0.019,0.176,-0.994,-11.108,-33.325,-3.418,-174.93,33.624,-47.302
-0.221,0.124,-1.021,3.723,-2.38,-15.076,-175.161,34.464,-46.851
-0.073,0.035,-0.947,0.427,8.667,-20.386,-175.007,33.953,-45.978
-0.064,0.06,-0.75,-1.587,-0.977,-15.32,-175.117,33.607,-45.209
-0.173,0.038,-0.683,1.465,-6.531,-10.193,-175.199,33.728,-44.67
-0.165,-0.007,-0.687,4.211,2.747,-5.981,-175.144,33.745,-44.429
-0.231,-0.028,-0.801,-0.183,-2.625,1.099,-175.106,33.799,-44.412
-0.227,0.029,-0.906,-5.493,12.756,10.376,-175.386,33.635,-44.907
-0.106,0.139,-1.001,-0.549,8.362,9.949,-175.814,33.179,-45.648
-0.085,0.092,-1.139,11.292,4.761,4.272,-175.633,32.986,-46.11
0.042,0.096,-1.162,13.977,2.441,12.512,-175.27,32.624,-46.708
-0.269,0.067,-1.298,14.343,-32.776,19.104,-174.836,33.574,-47.56
-0.423,-0.041,-1.375,25.33,9.521,15.442,-174.183,34.184,-48.582
0.119,-0.19,-0.939,24.78,25.024,15.381,-173.145,32.997,-49.51
0.052,-0.25,-0.847,17.761,-20.935,14.099,-172.26,32.948,-50.164
-0.19,-0.265,-0.913,10.681,11.047,13.0,-171.464,33.618,-50.279
0.037,-0.204,-0.84,5.554,18.188,28.015,-171.129,32.673,-51.224
0.046,-0.236,-0.754,-0.427,-6.226,11.108,-170.909,32.245,-51.96
-0.173,-0.203,-0.744,-10.498,-24.902,-2.319,-170.997,33.019,-51.603
-0.301,-0.167,-0.787,-13.184,-11.414,0.122,-171.299,33.887,-51.031
-0.318,-0.119,-0.854,-7.202,0.916,7.751,-171.7,34.261,-51.108
-0.234,-0.151,-0.874,-2.38,13.611,4.578,-171.788,34.003,-51.356
-0.139,-0.156,-0.917,-3.784,4.089,13.794,-171.859,33.701,-51.768
-0.251,-0.155,-0.952,-2.93,-7.629,13.184,-172.035,34.063,-52.372
-0.202,-0.161,-0.944,-1.038,-2.625,15.686,-172.134,34.404,-52.971
-0.187,-0.257,-1.108,-0.061,2.197,7.141,-172.057,34.623,-53.405
-0.16,-0.229,-1.066,-10.315,-15.32,-1.526,-172.26,34.904,-53.3
-0.459,-0.079,-1.347,-12.268,-8.789,-11.597,-172.634,35.799,-52.696
-0.029,0.072,-1.227,-5.798,53.65,-19.714,-172.837,34.25,-51.943
0.333,0.098,-0.966,-8.362,4.272,-23.621,-173.046,32.509,-50.905
-0.111,0.123,-0.999,-11.108,-32.227,-24.231,-173.562,33.558,-49.609
-0.143,0.1,-0.905,-9.766,-0.366,-31.982,-173.985,33.821,-48.137
-0.043,0.117,-0.737,-8.362,-10.254,-26.978,-174.496,33.783,-46.862
-0.145,0.109,-0.684,-7.446,-22.461,-25.085,-174.913,34.448,-45.703
-0.247,0.084,-0.693,0.0,-15.686,-26.123,-175.155,35.343,-44.681
-0.298,0.035,-0.789,-0.244,-5.066,-23.499,-175.128,35.832,-43.737
-0.285,0.013,-0.845,-1.587,0.854,-23.56,-175.155,36.03,-42.946
-0.252,0.039,-0.954,-4.822,4.028,-22.217,-175.265,36.002,-42.155
-0.172,0.047,-1.001,-3.662,3.601,-21.24,-175.369,35.892,-41.369
-0.128,0.082,-1.069,-5.615,-3.601,-10.62,-175.578,35.942,-40.798
-0.21,0.097,-1.271,0.183,-8.057,-3.296,-175.82,36.057,-40.693
-0.362,0.03,-1.363,6.897,-13.367,-3.54,-175.737,36.771,-40.721
-0.387,-0.141,-1.286,13.306,16.357,1.404,-175.254,36.672,-40.853
0.072,-0.209,-0.876,8.057,25.024,19.348,-174.908,35.453,-41.66
0.023,-0.188,-0.834,2.502,-6.348,21.362,-174.814,35.002,-42.726
-0.124,-0.118,-0.86,-6.042,5.371,27.344,-174.979,35.112,-43.621
-0.034,-0.047,-0.792,-0.305,1.343,27.588,-175.27,34.662,-44.956
-0.187,-0.065,-0.723,0.366,-10.864,12.024,-175.265,34.953,-45.665
-0.291,-0.066,-0.733,0.244,-6.775,4.089,-175.204,35.398,-45.917
-0.312,-0.097,-0.824,3.235,1.404,-0.488,-175.018,35.574,-46.066
-0.298,-0.108,-0.886,0.61,6.958,1.343,-174.825,35.53,-46.198
-0.225,-0.142,-0.942,-0.427,9.094,-0.244,-174.688,35.261,-46.368
-0.187,-0.128,-0.96,-3.662,1.282,2.808,-174.721,35.156,-46.511
-0.175,-0.202,-1.032,0.244,-4.456,1.526,-174.633,35.338,-46.62
-0.118,-0.208,-1.147,-5.493,4.517,2.747,-174.573,35.343,-46.675
-0.204,-0.055,-1.161,-8.423,-28.809,-17.883,-174.803,35.815,-46.318
-0.569,-0.04,-1.427,-4.028,-0.061,-36.987,-174.589,36.887,-44.659
0.089,0.046,-1.04,-7.812,45.959,-15.198,-174.617,35.255,-43.643
0.146,0.113,-0.963,-10.071,-18.005,-4.639,-175.084,34.481,-43.385
-0.217,0.119,-0.962,-3.54,-13.489,-8.789,-175.49,35.552,-43.187
-0.086,0.032,-0.801,5.31,6.47,-18.494,-175.347,35.178,-42.687
-0.089,-0.019,-0.726,1.648,-6.226,-17.822,-175.177,35.112,-42.122
-0.161,-0.06,-0.684,-3.479,-13.855,-23.193,-175.133,35.491,-41.303
-0.254,-0.036,-0.723,-9.949,-12.634,-23.621,-175.347,36.134,-40.391
-0.306,-0.037,-0.796,-10.315,-10.315,-26.306,-175.578,36.661,-39.435
-0.26,-0.007,-0.881,-14.099,-12.268,-30.029,-175.864,37.249,-38.414
-0.254,0.067,-0.965,-21.912,-24.597,-25.452,-176.396,38.232,-37.332
-0.316,0.171,-1.012,-13.428,-17.944,-29.236,-177.105,39.424,-36.464
-0.288,0.172,-1.142,-5.737,-4.456,-17.822,-177.303,39.985,-35.711
-0.298,0.137,-1.208,7.202,-21.118,-9.705,-177.325,40.408,-35.728
-0.667,-0.06,-1.384,13.855,-19.714,-9.155,-176.792,41.885,-35.771
-0.237,-0.11,-0.947,10.681,40.894,24.536,-176.369,41.298,-36.595
0.155,-0.087,-0.891,22.888,15.381,40.222,-176.122,39.518,-38.919
-0.161,-0.2,-0.881,15.442,-11.292,26.123,-175.347,39.803,-40.556
-0.114,-0.083,-0.784,4.456,2.93,40.955,-175.358,39.622,-42.374
-0.23,-0.081,-0.77,-0.427,-9.033,29.114,-175.611,39.814,-44.198
-0.253,-0.035,-0.772,-1.221,-4.089,19.043,-175.891,40.051,-45.423
-0.289,-0.065,-0.745,2.93,-16.357,18.982,-175.963,40.556,-46.566
-0.42,-0.072,-0.816,3.601,-17.639,21.912,-175.995,41.572,-47.845
-0.395,-0.092,-0.861,6.958,-6.592,28.809,-175.99,42.248,-49.449
-0.375,-0.083,-0.881,6.042,-3.967,34.485,-176.078,42.682,-51.4
-0.355,-0.099,-0.935,10.864,-5.127,29.175,-176.045,43.05,-53.311
-0.333,-0.124,-1.05,17.639,3.906,16.357,-175.622,43.226,-54.662
-0.357,-0.188,-1.084,15.625,-17.395,12.573,-174.847,43.528,-55.536
-0.629,-0.105,-1.304,4.028,-11.841,6.714,-174.43,44.39,-56.14
-0.366,-0.004,-1.082,-4.944,32.776,-3.479,-174.375,43.995,-56.316
-0.0,0.1,-0.95,-15.259,18.311,-10.376,-174.754,42.391,-56.091
-0.302,0.161,-0.903,-16.479,-6.165,-17.639,-175.485,42.33,-55.514
-0.335,0.162,-0.786,-12.451,26.428,-29.236,-175.984,41.693,-54.3
-0.198,0.145,-0.739,-7.202,34.729,-19.165,-176.364,40.139,-53.113
-0.026,0.092,-0.714,0.061,12.329,-18.188,-176.556,38.782,-52.256
-0.25,0.063,-0.731,-0.244,-10.315,-13.367,-176.644,39.012,-51.537
-0.37,0.019,-0.773,0.549,6.409,-14.221,-176.616,39.078,-50.85
-0.324,0.047,-0.89,1.587,19.287,-7.874,-176.633,38.474,-50.383
-0.284,0.024,-0.983,2.38,23.132,-7.812,-176.512,37.562,-50.015
-0.155,0.08,-1.049,2.563,14.465,-0.061,-176.506,36.7,-49.922
-0.169,0.147,-1.102,2.93,9.338,9.338,-176.578,36.299,-50.378
-0.204,0.137,-1.28,20.691,3.906,15.503,-176.27,35.898,-51.729
-0.307,-0.008,-1.277,23.865,-4.395,10.559,-175.479,36.134,-53.015
-0.02,-0.202,-0.943,24.536,31.982,8.484,-174.402,35.338,-53.998
0.126,-0.302,-0.859,15.442,2.014,12.39,-173.507,34.211,-54.959
-0.048,-0.338,-0.896,-8.24,-0.183,2.075,-173.15,34.266,-55.349
-0.01,-0.129,-0.875,-18.25,-0.427,10.498,-173.776,33.948,-55.613
-0.074,-0.094,-0.833,-9.033,-5.859,12.695,-174.276,33.959,-56.151
-0.162,-0.064,-0.818,-5.066,-14.954,12.39,-174.556,34.321,-56.733
-0.256,-0.06,-0.821,-1.77,-13.306,11.292,-174.655,35.008,-57.233
-0.309,-0.061,-0.844,4.15,-5.92,12.39,-174.639,35.535,-57.777
-0.218,-0.132,-0.864,2.563,-4.272,16.174,-174.452,35.826,-58.453
-0.279,-0.134,-0.933,-2.258,-4.822,15.991,-174.545,36.299,-59.227
-0.214,-0.102,-0.965,-4.211,-4.333,17.944,-174.814,36.568,-60.084
-0.157,-0.161,-1.041,-0.916,-8.667,7.507,-174.875,36.953,-60.677
-0.382,-0.17,-1.11,-4.028,-25.146,-8.606,-174.875,38.018,-60.507
-0.537,-0.103,-1.243,-13.611,-2.991,-12.939,-175.062,38.661,-59.821
-0.188,0.022,-1.08,-10.681,33.447,-26.855,-175.364,37.804,-58.788
0.113,0.072,-0.952,-19.531,9.46,-23.376,-175.754,36.48,-57.382
-0.2,0.176,-0.922,-18.677,-17.7,-14.038,-176.66,37.134,-56.536
-0.105,0.106,-0.829,-2.38,10.864,-28.076,-176.962,36.727,-55.338
-0.103,0.044,-0.749,-5.798,-8.301,-25.94,-177.028,36.535,-53.91
-0.235,0.064,-0.746,-10.193,-10.681,-20.142,-177.33,37.018,-52.69
-0.257,0.092,-0.723,-8.301,-6.836,-16.724,-177.759,37.392,-51.746
-0.314,0.062,-0.795,-3.723,-4.15,-19.897,-178.011,37.749,-50.806
-0.332,0.074,-0.915,-6.348,-0.977,-18.127,-178.182,38.024,-49.785
-0.272,0.066,-1.039,-2.869,10.681,-20.325,-178.237,37.947,-48.746
-0.136,0.113,-1.063,-2.502,0.549,-16.052,-178.303,37.617,-47.758
-0.196,0.162,-1.094,0.0,-13.672,-3.052,-178.396,38.051,-47.269
-0.483,0.154,-1.233,4.456,-21.362,10.925,-178.5,38.842,-47.538
-0.49,0.071,-1.29,17.029,11.414,10.925,-178.281,39.117,-48.153
-0.009,-0.075,-0.954,25.085,39.246,12.146,-177.44,37.634,-48.691
0.05,-0.193,-0.867,27.405,-6.531,10.01,-176.259,36.738,-49.307
-0.192,-0.236,-0.85,15.808,-0.61,9.277,-175.182,37.15,-49.642
-0.039,-0.195,-0.761,7.385,3.113,14.099,-174.683,36.661,-50.372
-0.137,-0.177,-0.728,-0.549,-8.972,5.066,-174.408,36.821,-50.817
-0.235,-0.134,-0.713,-3.113,-13.123,11.047,-174.38,37.26,-51.185
-0.334,-0.122,-0.813,-3.845,-7.996,18.127,-174.485,37.848,-51.954
-0.336,-0.121,-0.886,-3.113,-1.099,21.118,-174.666,38.199,-52.976
-0.27,-0.14,-0.943,-4.089,0.183,21.606,-174.908,38.364,-54.157
-0.227,-0.132,-0.96,-8.301,-5.005,15.991,-175.259,38.584,-55.151
-0.264,-0.119,-1.047,-8.667,-12.329,11.597,-175.677,39.117,-55.865
-0.386,-0.074,-1.215,-7.935,-13.367,-0.916,-176.028,39.655,-56.195
-0.539,-0.014,-1.351,-15.259,-6.47,-12.146,-176.32,40.237,-55.794
-0.242,0.108,-1.166,-15.381,38.757,-26.123,-176.786,39.545,-54.838
0.18,0.173,-0.917,-15.442,4.761,-32.043,-177.177,38.177,-53.432
-0.223,0.175,-0.85,-13.733,-35.767,-29.968,-177.654,39.501,-52.042
-0.266,0.204,-0.812,-2.747,6.653,-42.175,-177.808,39.803,-50.416
-0.148,0.09,-0.725,5.188,0.061,-39.734,-177.297,39.507,-48.499
-0.251,0.044,-0.728,2.563,-7.751,-36.56,-176.88,39.749,-46.873
-0.32,0.015,-0.736,-4.639,-3.418,-43.457,-176.6,40.023,-44.989
-0.333,-0.032,-0.771,-10.132,-0.916,-53.467,-176.413,40.15,-42.594
-0.347,0.006,-0.874,-17.334,1.038,-48.95,-176.545,40.254,-40.084
-0.316,0.041,-0.961,-16.357,4.333,-40.894,-176.786,40.248,-37.881
-0.217,0.091,-0.965,-15.869,-6.47,-28.809,-177.155,40.314,-36.129
-0.242,0.116,-0.99,-12.085,-10.864,-22.644,-177.594,40.891,-34.843
-0.381,0.134,-1.034,-3.845,-25.757,-12.878,-177.973,41.671,-33.997
-0.596,0.054,-1.33,5.371,-17.7,-8.423,-177.968,42.792,-33.492
-0.487,-0.088,-1.191,1.831,22.827,6.958,-177.731,42.88,-33.311
0.103,0.003,-0.906,-0.61,25.574,25.452,-178.143,41.347,-34.211
-0.11,-0.1,-0.869,12.573,-17.761,1.404,-177.918,41.199,-34.634
-0.216,-0.044,-0.8,-0.977,5.249,15.015,-177.687,41.424,-34.552
-0.118,-0.06,-0.762,0.488,10.254,19.348,-177.847,40.798,-35.222
-0.132,-0.032,-0.702,-4.822,-3.906,6.653,-178.066,40.435,-35.414
-0.312,-0.04,-0.756,-3.662,-13.611,-3.357,-178.149,40.935,-35.057
-0.379,-0.053,-0.805,-5.615,-5.676,-9.033,-178.138,41.369,-34.36
-0.41,-0.043,-0.902,-5.493,-6.226,-7.874,-178.198,41.765,-33.695
-0.387,-0.035,-0.928,-7.385,4.15,-3.235,-178.308,41.891,-33.168
-0.339,-0.009,-0.997,-3.357,2.258,7.507,-178.544,41.869,-33.146
-0.269,-0.041,-1.043,-0.977,2.38,7.935,-178.649,41.797,-33.338
-0.364,0.007,-1.207,1.587,-6.653,-16.357,-178.588,41.896,-32.915
-0.566,-0.111,-1.346,0.916,-7.202,-41.626,-177.775,42.446,-30.948
-0.41,0.028,-1.202,-14.771,31.494,-35.522,-177.501,41.951,-28.685
0.062,0.182,-0.946,-16.663,24.78,-37.354,-177.792,40.21,-26.614
-0.267,0.117,-0.848,-14.954,-23.743,-39.49,-177.973,40.496,-24.296
-0.268,0.198,-0.759,-15.564,12.878,-44.983,-178.429,40.644,-21.995
-0.193,0.076,-0.703,-9.277,2.502,-58.533,-178.374,40.259,-19.083
-0.244,0.051,-0.657,-9.644,6.165,-59.143,-178.242,40.111,-15.87
-0.285,0.005,-0.722,-13.55,6.042,-55.481,-178.16,39.897,-12.788
-0.264,0.017,-0.767,-9.949,2.136,-50.964,-178.16,39.716,-9.959
-0.394,-0.004,-0.856,-12.878,-7.935,-44.067,-178.121,40.172,-7.443
-0.391,0.033,-0.86,-15.442,5.31,-36.194,-178.292,40.408,-5.35
-0.255,0.099,-0.835,-13.0,-4.333,-27.954,-178.616,40.512,-3.757
-0.303,0.135,-0.901,-12.39,-18.25,-15.503,-178.989,41.342,-2.593
-0.498,0.177,-1.191,-6.714,-18.494,-11.108,-179.484,42.457,-1.994
-0.592,0.068,-1.274,5.493,-11.841,-21.484,-179.22,43.374,-1.038
-0.675,-0.063,-1.445,10.376,-4.272,-18.799,-178.561,43.929,0.033
-0.147,-0.205,-1.063,-17.395,14.343,-3.479,-178.412,43.445,0.648
0.035,0.113,-0.875,-40.344,-9.521,-4.822,-179.978,43.198,0.934
-0.163,0.19,-0.899,-26.489,1.648,-16.541,178.764,43.495,2.01
-0.09,0.264,-0.891,-8.728,14.832,-12.817,178.044,42.742,3.137
-0.055,0.11,-0.727,6.836,-0.305,-18.25,178.248,42.061,4.427
-0.16,-0.014,-0.607,3.357,-25.208,-15.198,178.737,42.512,5.718
-0.298,-0.009,-0.629,-3.601,-30.884,-19.897,178.901,43.77,6.784
-0.471,-0.02,-0.693,-8.972,-31.067,-28.809,179.028,45.313,8.179
-0.593,0.03,-0.785,-5.432,-3.967,-28.931,179.242,46.395,9.651
-0.398,-0.021,-0.809,9.644,8.85,-36.56,-179.852,46.357,11.239
-0.275,-0.143,-0.806,11.475,2.197,-46.631,-178.319,46.258,13.464
-0.449,-0.196,-0.986,0.488,-5.432,-47.363,-176.929,46.549,16.024
-0.514,-0.113,-1.164,-2.075,-1.526,-40.955,-176.023,46.615,18.303
-0.553,-0.118,-1.142,-4.089,-3.174,-56.885,-174.902,46.824,20.989
-0.479,0.015,-1.035,-20.935,8.728,-47.363,-174.348,46.692,23.868
-0.135,0.267,-0.864,-22.461,5.249,-29.907,-174.99,45.967,25.604
-0.457,0.135,-0.806,-12.878,-45.776,-45.349,-174.919,47.302,27.878
-0.646,0.121,-0.788,-14.832,0.732,-59.387,-174.781,48.483,30.729
-0.354,0.067,-0.769,-16.724,22.522,-67.505,-174.402,47.681,34.069
-0.371,0.068,-0.841,-20.935,13.367,-56.824,-174.309,46.78,37.31
-0.289,0.121,-0.813,-20.752,5.981,-46.631,-174.633,46.187,39.985
-0.361,0.125,-0.804,-13.794,-15.32,-46.326,-174.869,46.384,42.523
-0.467,0.16,-0.823,-14.954,-14.954,-34.18,-174.996,47.203,44.923
-0.534,0.167,-0.944,4.272,-15.137,-30.334,-175.062,47.922,46.664
-0.655,0.066,-1.182,8.972,-11.719,-28.259,-174.298,48.604,48.488
-0.625,-0.056,-1.163,14.648,-2.197,-21.79,-173.265,49.081,49.916
-0.318,-0.122,-0.896,8.484,28.32,-20.508,-172.425,48.439,50.982
0.029,-0.111,-0.942,10.864,25.696,-29.48,-171.667,46.582,52.174
-0.167,-0.218,-0.892,4.944,-21.545,-45.166,-170.359,46.505,54.613
-0.415,-0.149,-0.942,-7.08,-11.414,-27.405,-169.772,46.945,56.733
-0.308,-0.116,-0.886,-8.972,0.305,-25.574,-169.612,46.752,58.178
-0.345,-0.061,-0.867,-9.644,-5.981,-26.001,-169.623,46.653,59.656
-0.321,-0.128,-0.847,-4.761,-1.099,-33.203,-169.349,46.5,61.37
-0.279,-0.163,-0.774,-9.949,-17.151,-32.166,-169.091,46.555,63.276
-0.417,-0.24,-0.812,-11.536,-26.855,-39.978,-168.75,47.417,65.429
-0.504,-0.276,-0.894,-15.32,-12.695,-43.579,-168.393,48.093,67.786
-0.427,-0.326,-0.905,-24.963,-11.169,-45.715,-168.168,48.186,70.175
-0.518,-0.29,-0.951,-33.691,-14.16,-51.819,-168.333,48.604,72.784
-0.518,-0.128,-1.03,-30.823,-20.142,-60.425,-168.574,48.84,75.773
-0.554,-0.099,-1.033,-17.944,-17.029,-65.735,-168.008,49.345,79.514
-0.389,-0.082,-0.917,-34.18,6.653,-47.546,-167.734,49.136,82.853
-0.456,0.069,-0.836,-50.964,-17.944,-32.959,-169.162,49.142,85.1
-0.519,0.156,-0.881,-51.758,16.174,-50.72,-170.975,48.944,87.77
-0.331,0.158,-0.87,-36.865,38.574,-75.073,-172.035,47.12,91.659
-0.18,0.051,-0.883,-26.001,30.396,-87.402,-172.233,44.984,96.509
-0.186,-0.015,-0.856,-33.264,7.507,-74.463,-172.529,43.72,101.206
-0.298,0.064,-0.851,-32.532,-2.563,-59.448,-173.337,43.396,105.046
-0.314,0.098,-0.812,-23.193,-2.625,-51.208,-173.985,43.314,108.402
-0.277,0.095,-0.887,-18.677,-3.906,-40.649,-174.397,43.253,111.363
-0.251,0.171,-1.023,-13.794,-2.014,-27.71,-174.957,43.297,113.593
-0.41,0.082,-1.187,8.423,-35.706,-26.306,-174.814,44.066,115.549
-0.915,-0.028,-1.487,2.747,-30.334,-10.071,-174.353,45.961,117.191
-0.547,-0.104,-1.263,11.78,41.199,-10.803,-173.985,45.599,118.268
0.046,-0.19,-0.905,10.132,40.1,-0.061,-173.458,43.467,119.015
-0.004,-0.202,-0.812,10.437,1.099,0.793,-173.062,42.319,119.048
-0.18,-0.236,-0.857,6.653,8.911,0.244,-172.425,42.122,119.284
-0.063,-0.21,-0.759,-1.343,19.165,15.137,-172.271,41.116,118.79
-0.09,-0.104,-0.696,-12.451,-5.676,18.494,-172.722,40.545,117.795
-0.267,-0.044,-0.75,-11.353,-13.489,13.306,-173.375,41.028,117.01
-0.31,-0.046,-0.763,-4.883,-9.644,4.944,-173.771,41.44,116.724
-0.352,-0.146,-0.896,-1.648,-7.019,-0.732,-173.749,41.863,116.955
-0.316,-0.167,-0.921,-5.859,-5.005,4.15,-173.897,42.149,117.037
-0.287,-0.208,-0.958,-6.104,-6.958,2.38,-174.04,42.495,117.021
-0.272,-0.215,-1.036,-7.812,-4.272,13.062,-174.265,42.781,116.768
-0.299,-0.093,-1.061,4.517,-30.762,36.926,-174.738,43.583,115.159
-0.732,-0.208,-1.294,-5.981,-36.987,-3.784,-174.589,45.599,114.593
-0.495,-0.035,-1.105,-23.743,24.414,-41.626,-174.853,45.588,116.307
-0.077,0.107,-0.97,-43.457,15.747,-36.499,-175.616,44.033,118.795
-0.231,0.338,-0.892,-38.513,-4.7,-25.085,-177.374,44.011,120.487
-0.226,0.275,-0.81,-7.263,13.367,-40.649,-178.116,43.566,122.52
-0.14,0.138,-0.731,-2.93,6.287,-43.762,-177.896,42.891,125.151
-0.249,0.088,-0.696,-4.028,-11.414,-39.062,-177.682,42.902,127.661
-0.352,0.074,-0.706,-4.211,-3.967,-37.903,-177.534,43.275,130.012
-0.387,0.041,-0.758,-5.066,-4.456,-38.94,-177.325,43.429,132.49
-0.437,0.031,-0.896,-4.517,4.395,-38.574,-177.133,43.594,135.033
-0.33,0.026,-0.916,-4.395,3.113,-36.194,-176.88,43.396,137.499
-0.298,0.064,-0.936,-9.521,-9.277,-24.719,-176.808,43.687,139.537
-0.349,0.146,-1.025,-2.197,-8.24,-19.104,-176.924,44.22,140.922
-0.415,0.091,-1.189,5.798,-17.212,-22.339,-176.539,44.67,142.394
-0.573,-0.011,-1.23,3.357,-20.142,-12.268,-176.083,45.807,143.663
-0.782,-0.206,-1.285,5.432,0.916,2.38,-175.809,46.34,144.3
-0.182,-0.111,-0.905,-8.118,54.749,28.32,-176.435,44.681,143.569
0.147,-0.063,-0.813,9.949,9.094,7.446,-176.583,42.973,142.751
-0.217,-0.162,-0.787,3.357,-7.996,2.563,-175.941,43.369,142.762
-0.212,-0.089,-0.754,0.916,5.371,14.526,-175.963,43.099,142.075
-0.254,-0.104,-0.768,-1.343,3.357,5.737,-175.93,42.77,141.471
-0.263,-0.102,-0.796,2.014,-5.188,-1.038,-175.814,42.698,141.323
-0.393,-0.136,-0.831,-2.014,-11.353,-0.61,-175.583,43.105,141.432
-0.417,-0.097,-0.868,-3.052,0.854,10.132,-175.627,43.478,141.394
-0.306,-0.09,-0.844,0.366,-1.282,23.438,-175.825,43.506,140.696
-0.368,-0.108,-0.897,2.197,-9.705,27.649,-176.05,43.962,139.515
-0.353,-0.14,-0.984,2.502,-1.709,31.799,-176.298,44.341,138.082
-0.421,-0.171,-1.149,3.784,-6.165,20.752,-176.391,44.583,136.73
-0.558,-0.139,-1.185,-2.502,-19.47,4.15,-176.353,45.385,136.263
-0.659,0.005,-1.223,-8.484,8.606,-4.456,-176.567,45.758,136.406
-0.136,0.042,-0.836,-12.085,33.203,-18.311,-176.693,44.445,137.313
-0.182,0.133,-0.877,-26.978,-1.648,-18.616,-177.424,43.775,138.373
-0.255,0.202,-0.865,-22.827,20.142,-31.372,-178.352,43.336,139.713
-0.13,0.193,-0.791,-16.296,13.489,-37.598,-178.83,42.308,141.757
-0.185,0.171,-0.717,-5.432,-7.935,-29.236,-179.05,42.22,143.531
-0.354,0.113,-0.698,1.16,-14.771,-27.161,-178.934,42.874,145.031
-0.438,0.076,-0.776,4.211,-8.301,-31.86,-178.588,43.495,146.788
-0.445,0.021,-0.874,3.174,5.188,-35.095,-177.979,43.753,148.964
-0.34,0.034,-0.944,0.0,5.127,-34.485,-177.512,43.517,151.155
-0.289,0.049,-0.948,-3.54,-5.615,-31.921,-177.116,43.621,153.226
-0.377,0.078,-1.03,-4.089,-12.512,-20.386,-176.979,44.171,154.836
-0.483,0.127,-1.224,-2.319,-8.423,1.648,-177.094,44.544,155.544
-0.661,0.065,-1.331,16.296,-6.592,7.08,-177.061,45.148,155.402
-0.595,-0.15,-1.168,21.79,25.452,7.629,-176.21,44.824,155.418
-0.024,-0.13,-0.837,19.653,45.166,24.963,-175.655,42.836,154.693
-0.054,-0.208,-0.795,34.79,1.648,11.414,-174.507,41.968,153.66
-0.158,-0.292,-0.74,20.63,15.259,13.672,-173.134,41.468,152.957
-0.069,-0.287,-0.746,6.775,7.996,24.963,-172.645,40.737,151.392
-0.195,-0.225,-0.744,-8.362,-11.536,18.738,-172.798,40.765,149.804
-0.335,-0.171,-0.789,-9.888,-10.01,14.16,-173.177,41.309,148.656
-0.393,-0.15,-0.85,-9.094,-1.587,17.029,-173.584,41.572,147.728
-0.329,-0.151,-0.916,-6.775,6.714,19.775,-173.99,41.484,146.772
-0.262,-0.122,-0.92,-6.47,0.183,26.306,-174.496,41.446,145.574
-0.259,-0.138,-0.942,-6.042,-7.141,26.123,-174.979,41.748,144.196
-0.285,-0.137,-1.037,-5.615,-7.141,25.94,-175.479,42.127,142.756
-0.379,-0.1,-1.094,-5.554,-22.156,16.296,-175.984,42.709,141.422
-0.634,-0.016,-1.294,-10.803,-19.348,-1.648,-176.303,43.841,141.048
-0.452,0.077,-1.128,-5.981,32.227,-15.259,-176.484,43.737,141.751
0.018,0.19,-0.962,-8.484,22.217,-8.728,-176.671,41.907,142.603
-0.241,0.172,-0.856,-2.502,-10.62,-12.512,-176.968,41.962,143.108
-0.199,0.096,-0.764,-6.775,13.0,-33.63,-176.99,41.633,144.492
-0.159,0.092,-0.692,-7.935,2.258,-35.767,-177.056,41.199,146.503
-0.206,0.08,-0.69,-2.441,-9.827,-33.447,-177.017,41.325,148.365
-0.334,0.027,-0.748,0.305,-11.78,-31.311,-176.743,41.869,150.233
-0.417,-0.014,-0.807,-1.648,-8.789,-27.588,-176.479,42.363,152.067
-0.425,0.018,-0.868,-4.395,-2.808,-20.691,-176.413,42.704,153.759
-0.375,-0.011,-0.981,-0.671,2.991,-21.118,-176.243,42.836,155.341
-0.278,0.051,-0.959,-5.676,-6.226,-19.897,-176.237,42.929,156.802
-0.327,0.077,-1.018,-5.31,-6.836,-13.367,-176.232,43.44,158.143
-0.443,0.136,-1.174,0.244,-14.221,4.456,-176.506,43.824,158.61
-0.576,0.103,-1.174,7.629,-19.836,12.634,-176.594,44.786,158.5
-0.627,-0.004,-1.145,23.315,15.32,18.677,-176.254,45.121,158.082
-0.096,-0.104,-0.811,31.067,29.358,28.503,-175.501,43.841,157.225
-0.221,-0.214,-0.833,37.964,-0.366,17.151,-174.232,43.325,156.138
-0.245,-0.286,-0.836,26.733,25.574,21.057,-172.776,42.775,155.44
-0.086,-0.287,-0.797,16.602,19.592,32.043,-172.013,41.6,153.885
-0.146,-0.257,-0.782,2.319,-2.258,29.236,-171.766,41.155,151.974
-0.281,-0.207,-0.783,-2.502,-7.751,24.292,-171.903,41.49,150.337
-0.373,-0.183,-0.784,-8.24,-8.118,21.362,-172.238,41.907,149.117
-0.416,-0.14,-0.845,-9.766,-0.916,22.644,-172.815,42.264,148.167
-0.351,-0.143,-0.885,-10.193,-0.244,26.489,-173.48,42.473,147.266
-0.349,-0.138,-0.923,-11.78,-8.362,28.442,-174.287,42.94,146.184
-0.354,-0.137,-0.965,-11.902,-13.184,27.527,-175.128,43.616,145.02
-0.378,-0.112,-1.121,-9.094,4.639,25.696,-175.919,43.802,143.822
-0.538,-0.046,-1.269,-9.949,-10.071,7.507,-176.49,44.231,143.223
-0.364,0.041,-1.167,-5.371,22.278,-12.024,-176.721,43.857,143.723
0.0,0.076,-0.879,-15.137,8.911,-16.235,-176.891,42.825,144.734
-0.341,0.159,-0.866,-27.588,-23.438,-12.146,-177.836,43.429,145.525
-0.267,0.2,-0.795,-26.428,19.958,-32.41,-178.951,43.341,146.86
-0.147,0.203,-0.738,-20.996,3.662,-40.527,-179.676,42.654,149.233
-0.211,0.176,-0.724,-6.531,-4.15,-33.875,179.989,42.687,151.414
-0.314,0.126,-0.742,0.427,-8.667,-29.175,-179.868,43.017,153.309
-0.373,0.065,-0.779,3.784,-4.028,-32.043,-179.462,43.336,155.341
-0.414,0.072,-0.873,-0.977,0.244,-30.457,-179.121,43.55,157.467
-0.334,0.033,-0.916,-3.052,4.456,-36.621,-178.731,43.495,159.895
-0.316,0.038,-0.92,-3.662,-9.277,-33.691,-178.445,43.742,162.246
-0.328,0.05,-0.929,-8.118,-13.855,-22.034,-178.352,44.445,164.119
-0.38,0.098,-0.966,-1.831,-10.803,-12.756,-178.412,45.121,165.366
-0.488,0.047,-0.969,2.93,-14.893,-5.859,-178.303,45.791,166.19
-0.651,0.01,-1.19,2.441,-11.414,0.549,-178.198,46.445,166.849
-0.636,0.008,-1.277,9.644,21.362,5.676,-178.088,46.318,167.294
-0.052,-0.111,-0.985,17.212,23.865,7.751,-177.429,44.956,167.569
-0.16,-0.099,-0.799,15.503,-18.555,13.123,-176.869,44.868,167.201
-0.326,-0.117,-0.794,9.705,3.235,34.546,-176.506,45.363,166.207
-0.198,-0.086,-0.805,10.986,2.136,35.461,-176.605,44.984,164.427
-0.272,-0.092,-0.767,5.432,-14.099,23.743,-176.561,45.181,163.12
-0.383,-0.091,-0.756,5.676,-17.151,18.372,-176.534,45.972,162.339
-0.47,-0.107,-0.789,4.822,-11.841,14.587,-176.424,46.719,162.021
-0.47,-0.11,-0.846,5.615,-0.305,16.357,-176.309,47.148,162.015
-0.393,-0.104,-0.887,4.883,3.967,25.269,-176.364,47.219,161.752
-0.321,-0.142,-0.876,5.188,-13.367,25.208,-176.462,47.521,161.098
-0.417,-0.143,-0.95,0.488,-14.893,26.001,-176.699,48.406,160.307
-0.456,-0.089,-1.146,4.395,-21.057,17.029,-176.891,49.12,159.576
-0.753,-0.087,-1.221,3.784,-24.414,3.662,-176.589,50.587,159.675
-0.675,-0.045,-1.118,-1.099,14.771,-8.301,-176.331,50.718,160.554
-0.213,0.048,-0.83,-15.747,28.381,-9.094,-176.534,49.466,161.735
-0.282,0.18,-0.846,-24.414,-6.165,-2.014,-177.539,49.021,162.394
-0.4,0.226,-0.801,-21.179,13.489,-11.23,-178.654,48.878,163.032
-0.238,0.192,-0.773,-10.986,14.343,-21.423,-179.176,47.906,164.443
-0.313,0.157,-0.714,-7.69,-2.686,-11.902,-179.473,47.774,165.597
-0.407,0.118,-0.688,-3.235,-2.502,-20.447,-179.654,47.889,166.767
-0.463,0.08,-0.758,-2.136,3.174,-26.794,-179.517,47.961,168.58
-0.494,0.051,-0.794,-2.808,5.31,-22.278,-179.297,47.862,170.535
-0.479,0.063,-0.864,-4.395,9.033,-18.005,-179.214,47.681,172.299
-0.314,0.118,-0.901,-3.601,6.714,-13.489,-179.28,47.346,173.771
-0.384,0.128,-0.885,-1.038,-18.25,-11.902,-179.269,47.741,174.941
-0.52,0.147,-0.983,1.892,-4.822,-5.249,-179.214,48.505,175.858
-0.404,0.134,-0.994,14.404,-1.587,2.319,-179.0,48.587,176.265
-0.582,-0.008,-1.188,19.653,-17.09,-2.869,-178.209,49.087,176.704
-0.62,-0.152,-1.222,16.602,-1.892,7.812,-177.418,49.653,177.067
-0.321,-0.179,-0.975,7.263,6.531,28.198,-177.286,49.373,176.523
-0.204,-0.116,-0.776,6.958,-6.104,32.593,-177.621,49.279,175.139
-0.377,-0.095,-0.694,3.174,-3.479,22.644,-177.715,49.62,174.15
-0.336,-0.02,-0.711,3.662,18.86,21.851,-177.929,48.999,173.469
-0.269,-0.053,-0.716,2.869,11.841,12.268,-177.929,48.181,173.112
-0.425,-0.042,-0.781,-0.427,2.625,4.944,-177.902,48.01,173.21
-0.464,-0.042,-0.82,0.061,6.409,4.272,-177.88,47.845,173.6
-0.468,-0.023,-0.843,1.648,7.324,5.371,-177.885,47.598,174.051
-0.408,-0.071,-0.87,4.7,9.155,4.15,-177.731,47.324,174.556
-0.434,-0.107,-0.881,1.526,-2.747,3.418,-177.589,47.307,175.062
-0.423,-0.129,-0.899,-2.747,1.038,5.249,-177.556,47.472,175.622
-0.455,-0.119,-1.003,-6.409,5.859,9.216,-177.759,47.538,176.012
-0.496,-0.099,-1.003,-1.953,-14.16,-4.089,-177.957,47.565,176.396
-0.677,0.03,-1.161,-12.939,7.507,-13.062,-177.995,47.95,177.583
-0.377,0.159,-1.008,-7.202,39.551,-26.794,-177.99,46.785,179.319
-0.073,0.22,-0.947,1.343,28.442,-34.607,-177.512,44.863,-178.577
-0.179,0.167,-0.893,4.333,12.878,-28.564,-176.995,44.138,-177.039
-0.086,0.087,-0.825,4.272,11.047,-48.584,-176.347,43.22,-175.117
-0.18,0.026,-0.746,-0.244,-6.104,-54.81,-175.627,43.0,-172.529
-0.317,-0.012,-0.753,-5.432,-7.996,-46.753,-175.144,43.154,-170.041
-0.328,0.042,-0.741,-8.301,1.404,-35.461,-175.084,43.116,-167.981
-0.397,0.012,-0.766,-2.075,-10.559,-40.344,-174.792,43.336,-165.822
-0.49,-0.034,-0.86,2.38,-1.282,-39.673,-174.199,43.775,-163.35
-0.302,-0.067,-0.914,3.479,2.686,-31.616,-173.568,43.638,-161.136
-0.333,-0.056,-0.957,-3.662,-11.902,-22.949,-173.128,43.945,-159.351
-0.339,-0.026,-1.07,-4.7,-4.517,-9.338,-173.112,44.335,-158.247
-0.549,-0.006,-1.192,1.892,-21.057,9.583,-173.353,44.912,-158.159
-0.581,-0.199,-1.237,7.629,14.038,16.968,-173.276,45.313,-158.582
-0.078,-0.138,-0.924,2.625,20.081,37.964,-173.622,44.396,-159.868
-0.125,-0.108,-0.927,14.221,-9.583,24.048,-173.798,44.121,-161.669
-0.255,-0.117,-0.902,18.188,12.024,11.597,-173.177,44.138,-162.609
-0.144,-0.204,-0.812,23.071,8.85,6.409,-172.161,43.352,-163.279
-0.191,-0.297,-0.736,3.784,-11.353,6.592,-171.48,43.275,-163.779
-0.382,-0.233,-0.69,-16.113,-18.799,2.075,-171.705,44.072,-163.839
-0.468,-0.128,-0.686,-22.156,-7.141,-0.61,-172.463,44.72,-163.169
-0.52,-0.082,-0.775,-17.822,6.714,2.441,-173.243,44.945,-162.383
-0.389,-0.065,-0.799,-7.324,17.029,-1.648,-173.782,44.407,-161.73
-0.36,-0.129,-0.923,-2.38,1.282,-11.719,-173.749,44.209,-160.735
-0.269,-0.181,-1.028,-7.263,-1.77,-14.16,-173.551,44.33,-159.505
-0.361,-0.147,-1.089,-1.953,-25.94,-32.898,-173.342,45.022,-158.22
-0.764,-0.164,-1.229,-4.456,-30.945,-65.247,-172.321,46.362,-155.292
-0.479,-0.084,-1.106,-11.902,31.616,-83.74,-171.129,45.923,-150.969
-0.006,0.072,-0.999,-35.156,27.1,-70.496,-170.98,43.775,-146.986
-0.094,0.165,-0.913,-32.227,-17.944,-68.909,-171.722,43.259,-143.899
-0.221,0.156,-0.854,-26.917,-5.737,-74.28,-172.205,43.495,-140.74
-0.181,0.098,-0.77,-15.137,-11.047,-66.589,-172.397,43.341,-137.769
-0.298,0.042,-0.737,-12.939,-15.503,-58.594,-172.321,43.72,-135.17
-0.415,0.045,-0.761,-16.052,-7.69,-51.147,-172.386,44.017,-132.847
-0.431,0.057,-0.788,-10.925,2.93,-55.603,-172.403,43.934,-130.474
-0.412,0.051,-0.82,-8.728,4.822,-59.265,-172.134,43.621,-127.782
-0.375,0.047,-0.864,-3.723,3.357,-62.073,-171.639,43.33,-124.915
-0.359,-0.04,-0.874,0.0,1.221,-60.12,-170.848,43.099,-122.058
-0.278,-0.045,-0.89,-6.714,1.404,-53.528,-170.365,42.841,-119.553
-0.258,0.035,-0.859,-14.526,-7.324,-46.875,-170.266,42.781,-117.268
-0.299,0.122,-0.89,0.61,-26.184,-36.621,-170.211,43.445,-115.653
-0.54,-0.028,-1.01,17.395,-39.001,-42.786,-169.135,45.033,-113.868
-0.625,-0.312,-1.125,23.621,-12.268,-39.001,-167.234,46.23,-111.797
-0.223,-0.359,-0.988,3.967,-1.282,-14.587,-166.108,46.373,-110.528
0.232,-0.273,-0.849,-9.277,-25.574,-8.179,-166.108,46.533,-110.182
-0.237,-0.313,-0.786,-9.583,-95.52,-48.645,-165.591,49.125,-108.259
-0.688,-0.256,-0.846,-28.564,-45.898,-51.208,-164.778,51.905,-104.562
-0.463,-0.196,-0.833,-24.536,6.531,-48.279,-164.614,52.02,-101.651
-0.316,-0.17,-0.751,-34.79,-3.052,-53.955,-164.806,51.125,-99.031
-0.407,-0.213,-0.798,-35.706,-11.719,-66.345,-164.938,50.878,-95.74
-0.43,-0.193,-0.772,-45.166,-16.357,-69.519,-165.223,50.768,-92.021
-0.547,-0.162,-0.84,-43.701,-14.465,-71.472,-165.602,50.905,-88.132
-0.426,-0.19,-0.84,-37.048,-3.723,-67.993,-165.844,50.515,-84.556
-0.431,-0.233,-0.879,-37.903,-12.939,-67.627,-165.938,50.389,-80.958
-0.474,-0.234,-0.901,-39.124,-15.686,-63.721,-166.168,50.521,-77.498
-0.433,-0.248,-0.893,-37.537,-16.785,-75.684,-166.24,50.63,-73.79
-0.56,-0.196,-1.013,-41.443,-27.771,-92.529,-165.965,50.9,-69.099
-0.722,-0.182,-0.998,-41.443,-14.954,-107.3,-165.267,51.147,-63.616
-0.508,0.056,-0.858,-74.951,8.728,-79.956,-166.036,49.922,-59.079
-0.479,0.258,-0.821,-70.679,11.719,-97.961,-168.096,49.059,-55.448
-0.356,0.227,-0.723,-53.528,33.508,-141.479,-168.772,47.225,-50.098
-0.242,0.191,-0.802,-33.569,27.771,-136.23,-168.701,44.863,-44.214
-0.337,0.061,-0.883,-21.851,19.836,-105.652,-168.354,43.22,-39.496
-0.25,0.011,-0.894,-13.489,18.127,-80.872,-168.212,41.699,-36.282
-0.31,0.007,-0.838,-18.311,5.798,-55.115,-168.305,40.924,-34.129
-0.328,0.025,-0.792,-14.343,14.771,-46.692,-168.75,40.254,-32.86
-0.391,0.054,-0.955,-3.113,15.625,-46.448,-168.926,39.419,-31.767
-0.304,-0.071,-1.073,5.981,9.338,-37.292,-168.376,38.749,-30.756
-0.4,-0.058,-1.218,0.0,-6.531,-5.798,-168.344,38.776,-30.894
-0.549,-0.09,-1.358,5.92,-1.526,-9.827,-168.25,39.232,-31.448
-0.29,-0.243,-1.39,20.447,65.002,-28.809,-167.371,37.359,-31.454
0.302,-0.323,-0.946,3.174,55.176,-0.671,-166.805,34.217,-31.943
0.265,-0.263,-0.85,-13.306,26.062,2.197,-167.366,32.25,-32.662
0.175,-0.186,-0.867,-14.893,25.94,-7.08,-167.953,30.74,-32.272
0.382,-0.16,-0.829,-10.864,4.272,11.902,-168.459,29.553,-32.173
0.084,-0.126,-0.797,-18.555,-42.542,16.052,-169.047,30.454,-32.009
-0.104,-0.057,-0.856,-17.09,-33.997,11.597,-169.882,32.02,-31.783
-0.064,-0.086,-0.854,-10.498,-46.509,6.531,-170.524,33.607,-31.668
-0.278,-0.073,-0.937,-9.277,-41.992,8.057,-171.013,35.535,-31.668
-0.322,-0.087,-1.018,-1.831,-11.292,1.953,-171.392,36.854,-32.13
-0.096,-0.145,-0.952,0.427,-9.338,-6.836,-171.348,36.98,-32.289
-0.165,-0.195,-0.946,0.488,-17.517,-2.808,-171.227,37.628,-32.162
-0.298,-0.239,-0.997,-8.972,-14.038,-4.517,-171.238,38.249,-32.064
-0.309,-0.183,-1.028,-22.4,-24.536,-21.912,-171.766,39.117,-31.509
-0.52,-0.071,-1.262,-17.273,-23.01,-45.776,-172.117,40.243,-29.674
-0.345,0.014,-1.176,-5.127,10.925,-44.189,-171.865,40.226,-27.724
0.045,0.048,-0.96,-11.536,16.052,-32.471,-171.788,39.155,-26.45
-0.136,0.161,-0.946,-19.958,-12.329,-32.715,-172.463,39.139,-25.323
-0.124,0.179,-0.883,-12.756,5.127,-50.293,-172.98,38.925,-23.719
0.0,0.097,-0.752,-5.249,-15.137,-54.138,-173.024,38.793,-21.643
-0.218,0.01,-0.762,-5.798,-35.645,-45.959,-172.941,39.952,-19.495
-0.296,-0.021,-0.742,-11.414,-21.545,-36.438,-173.062,41.023,-17.908
-0.367,0.015,-0.761,-10.925,-28.625,-31.372,-173.337,42.133,-16.902
-0.454,0.006,-0.815,-6.836,-17.944,-33.02,-173.375,43.347,-16.051
-0.405,0.026,-0.889,-6.165,-10.986,-29.663,-173.26,44.044,-15.309
-0.335,0.05,-0.914,-4.517,-15.076,-21.179,-173.161,44.67,-14.859
-0.385,0.084,-1.029,-1.77,-10.986,-10.254,-173.238,45.401,-14.958
-0.538,0.07,-1.197,0.244,-26.245,0.0,-173.381,46.187,-15.568
-0.676,-0.009,-1.334,11.108,-6.042,-2.747,-173.26,47.148,-16.337
-0.558,-0.17,-1.198,17.944,22.583,-0.122,-172.557,46.912,-17.062
-0.095,-0.214,-0.914,17.273,38.452,19.287,-172.007,45.291,-18.408
-0.103,-0.27,-0.818,20.02,11.475,19.043,-171.425,44.368,-19.836
-0.088,-0.228,-0.746,8.301,15.259,29.419,-171.129,43.539,-21.061
-0.151,-0.227,-0.72,1.038,3.906,32.654,-171.238,43.187,-22.489
-0.167,-0.173,-0.709,-8.911,1.343,26.733,-171.727,42.962,-23.703
-0.274,-0.152,-0.769,-11.475,-14.587,23.01,-172.365,43.336,-24.609
-0.409,-0.103,-0.825,-13.855,-18.188,24.109,-173.199,44.225,-25.675
-0.479,-0.102,-0.862,-6.531,-7.08,18.066,-173.831,44.929,-26.834
-0.354,-0.114,-0.844,-9.705,-3.54,20.813,-174.391,45.198,-28.076
-0.391,-0.105,-0.903,-12.695,-9.521,22.278,-175.177,45.703,-29.399
-0.308,-0.047,-0.903,-11.719,-6.775,28.076,-176.155,46.115,-30.888
-0.393,-0.031,-1.059,1.77,-7.935,24.17,-176.825,46.62,-32.448
-0.397,-0.075,-1.064,5.066,-15.137,19.47,-176.946,47.005,-33.701
-0.572,-0.011,-1.222,3.113,-18.127,15.503,-177.045,47.851,-34.711
-0.573,0.052,-1.176,5.493,-7.629,-0.671,-176.962,48.532,-35.365
-0.274,0.077,-0.855,-1.099,12.512,-15.198,-176.616,48.411,-35.162
-0.231,0.118,-0.83,-11.047,-4.578,-15.32,-176.682,47.917,-34.662
-0.31,0.152,-0.798,-13.428,6.592,-30.884,-176.995,47.9,-33.865
-0.243,0.143,-0.709,-9.705,7.812,-39.246,-176.957,47.318,-32.443
-0.257,0.089,-0.66,-3.235,-8.911,-29.663,-176.83,47.357,-31.415
-0.356,0.029,-0.683,-3.235,-20.386,-22.583,-176.677,48.175,-30.833
-0.506,0.033,-0.719,-6.104,-20.508,-17.517,-176.677,49.252,-30.542
-0.604,0.061,-0.822,-4.822,-2.686,-17.151,-176.677,49.944,-30.454
-0.489,0.03,-0.828,-0.793,10.254,-18.494,-176.402,49.796,-30.344
-0.4,0.06,-0.878,1.16,4.944,-16.479,-176.138,49.565,-30.278
-0.401,0.022,-0.861,0.366,-9.644,-14.648,-175.732,49.834,-30.086
-0.477,0.065,-0.995,-3.723,-3.601,-0.793,-175.787,50.295,-30.377
-0.437,0.004,-1.009,0.244,-7.935,-5.798,-175.853,50.581,-30.905
-0.6,0.041,-1.214,-3.113,-11.597,2.441,-176.122,51.108,-31.3
-0.705,-0.057,-1.229,14.221,-1.892,1.648,-176.001,51.432,-31.97
-0.392,-0.137,-1.013,8.667,20.63,21.729,-175.633,50.966,-32.871
-0.127,-0.112,-0.82,10.742,15.015,34.485,-175.946,49.856,-34.805
-0.23,-0.18,-0.772,10.01,-3.845,15.625,-175.792,49.636,-35.931
-0.277,-0.133,-0.731,3.479,2.869,18.86,-175.693,49.444,-36.475
-0.303,-0.142,-0.732,0.916,1.099,15.686,-175.737,49.263,-37.068
-0.349,-0.101,-0.733,-1.404,-6.958,12.085,-175.836,49.307,-37.447
-0.434,-0.095,-0.78,-1.648,-11.292,13.367,-175.968,49.812,-37.93
-0.494,-0.073,-0.788,-0.305,-14.709,11.108,-176.144,50.471,-38.562
-0.525,-0.081,-0.818,0.366,-11.841,12.573,-176.232,51.196,-39.243
-0.503,-0.099,-0.845,0.732,-7.446,15.564,-176.375,51.801,-40.139
-0.43,-0.091,-0.803,-2.869,-13.611,20.996,-176.803,52.322,-41.32
-0.517,-0.057,-0.902,-7.996,-17.029,20.386,-177.435,53.3,-42.418
-0.543,-0.04,-0.965,10.559,-22.644,23.071,-177.935,54.097,-43.901
-0.652,-0.141,-0.962,8.606,-20.386,9.521,-177.649,55.349,-44.786
-0.753,-0.099,-1.094,1.587,-11.414,1.282,-177.44,56.085,-45.17
-0.804,0.047,-1.148,-7.202,9.644,-9.399,-177.369,56.354,-45.044
-0.26,0.047,-0.855,-3.296,39.795,-23.499,-176.946,54.888,-44.28
-0.235,0.113,-0.875,-22.095,-16.113,-7.263,-177.127,54.091,-43.627
-0.441,0.202,-0.813,-15.686,-6.531,-17.578,-177.99,54.827,-43.451
-0.334,0.165,-0.679,-10.742,-2.319,-20.569,-178.248,54.712,-43.039
-0.411,0.12,-0.614,-4.333,-9.155,-19.958,-178.319,55.02,-42.935
-0.482,0.09,-0.593,-3.662,-6.775,-16.418,-178.248,55.459,-43.05
-0.563,0.072,-0.667,1.953,-1.892,-17.639,-177.979,55.761,-43.226
-0.565,0.028,-0.738,-1.221,5.005,-15.747,-177.539,55.838,-43.281
-0.578,0.046,-0.752,-2.93,-1.16,-11.169,-177.396,55.937,-43.478
-0.558,0.084,-0.787,-1.16,1.892,-11.841,-177.303,56.063,-43.759
-0.547,0.09,-0.807,-1.831,-6.775,-9.888,-177.127,56.387,-44.033
-0.505,0.088,-0.795,2.93,-1.587,-14.832,-176.891,56.706,-44.286
-0.602,0.065,-0.922,2.869,-7.996,-13.062,-176.424,56.931,-44.341
-0.657,-0.014,-1.034,4.211,-9.888,-15.137,-175.957,57.398,-44.429
-0.866,0.006,-1.169,4.883,-7.141,-6.836,-175.567,57.87,-44.489
-0.716,-0.112,-1.108,7.996,19.043,7.507,-175.172,57.667,-45.071
-0.222,-0.099,-0.778,10.559,26.428,31.189,-175.523,56.387,-46.873
-0.276,-0.18,-0.789,9.949,-9.521,17.151,-175.688,55.887,-48.625
-0.414,-0.129,-0.756,0.854,7.69,13.367,-175.649,55.953,-49.18
-0.368,-0.08,-0.702,-0.427,10.315,30.334,-176.166,55.272,-50.4
-0.416,-0.051,-0.689,1.16,7.568,23.499,-176.814,54.728,-51.971
-0.446,-0.06,-0.683,3.296,0.61,11.841,-176.995,54.498,-52.96
-0.532,-0.075,-0.746,0.061,1.831,8.667,-177.023,54.514,-53.63
-0.522,-0.075,-0.765,-3.235,1.343,6.897,-177.198,54.437,-54.256
-0.508,-0.049,-0.797,-5.859,1.221,9.277,-177.523,54.437,-54.899
-0.492,-0.02,-0.809,-0.732,-3.296,13.062,-177.891,54.608,-55.805
-0.545,-0.047,-0.875,7.935,-6.226,15.808,-177.99,54.871,-56.926
-0.555,-0.095,-0.975,10.559,4.883,13.0,-177.819,54.943,-58.024
-0.515,-0.133,-0.985,7.08,-9.338,3.967,-177.413,54.959,-58.661
-0.854,-0.037,-1.188,-3.357,-6.897,-8.789,-177.248,55.574,-58.766
-0.534,0.063,-1.016,-5.92,26.367,-14.648,-177.028,55.02,-58.217
-0.18,0.119,-0.843,-10.681,20.203,-11.414,-176.99,53.646,-57.777
-0.364,0.149,-0.81,-15.015,-11.23,-15.625,-177.451,53.553,-57.75
-0.398,0.146,-0.722,-19.226,8.179,-31.677,-177.83,53.514,-56.981
-0.388,0.145,-0.673,-18.555,7.874,-36.499,-178.077,53.075,-55.948
-0.392,0.094,-0.694,-13.367,-1.831,-36.499,-178.11,52.916,-55.014
-0.493,0.079,-0.707,-10.01,-0.61,-33.813,-178.022,53.168,-54.185
-0.495,0.006,-0.719,-8.484,-1.404,-31.921,-177.66,53.229,-53.333
-0.532,0.049,-0.742,-12.024,-2.319,-20.264,-177.665,53.542,-52.976
-0.518,0.042,-0.814,-10.498,-0.183,-18.494,-177.698,53.712,-52.872
-0.479,0.073,-0.796,-6.836,-7.935,-16.357,-177.77,54.058,-52.905
-0.531,0.094,-0.857,-9.521,-16.296,-8.484,-177.874,54.816,-53.124
-0.58,0.121,-0.94,-2.686,-2.136,-2.075,-178.176,55.459,-53.822
-0.62,0.117,-0.972,3.967,-15.503,5.432,-178.385,55.959,-54.926
-0.761,0.066,-1.146,10.498,-10.01,11.963,-178.473,56.662,-56.398
-0.805,-0.037,-1.134,17.212,5.737,12.756,-178.226,56.86,-58.024
-0.276,-0.043,-0.815,5.493,26.794,37.659,-178.489,55.657,-60.233
-0.226,-0.03,-0.77,17.761,-3.906,24.353,-178.945,54.954,-62.666
-0.373,-0.152,-0.718,15.625,25.574,0.793,-178.176,54.58,-63.457
-0.161,-0.135,-0.697,6.653,13.733,11.23,-177.698,53.13,-63.896
-0.352,-0.134,-0.695,-1.16,-14.648,13.245,-177.671,53.113,-64.484
-0.481,-0.102,-0.694,-2.258,-12.268,11.108,-177.847,53.707,-65.012
-0.53,-0.086,-0.715,-3.723,-13.245,11.23,-178.061,54.261,-65.577
-0.592,-0.058,-0.785,-4.822,-4.395,14.832,-178.401,54.8,-66.281
-0.479,-0.019,-0.812,-0.061,2.075,21.24,-178.885,54.838,-67.385
-0.496,-0.011,-0.846,4.211,-13.123,23.987,-179.275,55.162,-68.763
-0.54,-0.04,-0.866,8.667,-10.254,25.024,-179.489,55.833,-70.219
-0.625,0.078,-1.062,16.113,-7.69,28.625,-179.648,56.151,-71.922
-0.748,-0.006,-1.115,45.166,-18.677,10.071,-178.517,56.893,-73.279
-0.899,-0.067,-1.109,31.311,-0.732,-1.343,-176.605,57.601,-73.537
-0.479,-0.057,-0.86,19.165,35.645,-17.334,-175.051,56.42,-73.114
-0.35,0.022,-0.878,-5.127,24.719,-25.146,-174.249,54.778,-72.191
-0.285,0.085,-0.801,-15.686,23.926,-38.086,-174.084,53.558,-70.779
-0.265,0.114,-0.678,-20.63,9.827,-49.622,-174.007,52.476,-68.829
-0.343,0.106,-0.657,-15.564,6.287,-54.749,-173.859,51.943,-66.753
-0.335,0.07,-0.707,-7.141,8.301,-56.213,-173.304,51.345,-64.589
-0.417,-0.003,-0.73,-3.052,-6.775,-63.599,-172.332,51.092,-62.199
-0.527,-0.016,-0.773,-0.488,-8.24,-67.261,-171.052,51.306,-59.414
-0.503,-0.103,-0.807,-0.122,-1.831,-72.51,-169.453,51.279,-56.294
-0.44,-0.174,-0.804,1.038,-5.127,-75.684,-167.761,50.949,-52.91
-0.361,-0.281,-0.902,-4.517,0.549,-64.27,-166.091,50.526,-49.664
-0.448,-0.271,-1.018,-22.339,-11.841,-32.227,-165.558,50.35,-47.659
-0.495,-0.084,-1.074,-20.203,-20.447,-4.517,-166.492,50.812,-47.488
-0.656,-0.128,-1.207,-13.489,-32.104,0.0,-167.042,52.158,-47.368
-0.768,-0.149,-1.149,3.357,-12.146,2.38,-167.234,53.295,-47.543
-0.436,-0.133,-0.857,4.7,-0.977,27.893,-167.498,53.547,-48.768
-0.367,-0.074,-0.74,31.067,-2.38,32.532,-167.673,53.888,-51.07
-0.452,-0.29,-0.661,37.964,17.578,21.606,-166.382,53.789,-52.614
-0.303,-0.279,-0.668,25.452,43.579,40.649,-165.921,52.339,-54.926
-0.18,-0.254,-0.696,15.015,44.006,51.025,-166.223,50.57,-57.936
-0.173,-0.218,-0.786,8.24,5.066,48.889,-166.767,49.796,-60.656
-0.375,-0.202,-0.804,5.798,-11.658,34.119,-167.223,50.213,-62.518
-0.516,-0.228,-0.806,1.709,-5.92,30.518,-167.492,50.85,-63.732
-0.494,-0.187,-0.84,6.836,1.526,34.241,-167.981,51.174,-65.286
-0.468,-0.182,-0.871,10.803,-3.113,42.053,-168.338,51.498,-67.159
-0.461,-0.229,-0.862,16.785,-12.695,43.579,-168.525,52.207,-69.291
-0.596,-0.199,-1.058,15.991,-9.583,44.067,-168.712,53.196,-71.45
-0.756,-0.298,-1.084,22.4,1.648,19.897,-168.294,54.047,-72.922
-0.542,-0.296,-1.092,15.747,4.333,-3.723,-167.525,53.707,-73.224
-0.299,-0.213,-0.833,-14.771,4.639,-3.967,-167.349,53.498,-72.746
-0.462,-0.017,-0.862,-36.743,-32.471,-0.061,-168.684,54.234,-72.422
-0.521,0.126,-0.797,-37.72,11.597,-29.297,-170.162,54.591,-71.268
-0.248,0.101,-0.693,-28.076,12.512,-49.438,-170.706,53.372,-69.131
-0.229,0.051,-0.593,-21.118,-4.883,-46.936,-170.832,53.02,-66.786
-0.387,0.007,-0.655,-20.02,-17.822,-43.762,-170.854,53.278,-64.611
-0.557,-0.042,-0.736,-17.944,-5.676,-50.781,-170.662,53.663,-62.221
-0.57,-0.009,-0.834,-25.391,2.441,-49.988,-170.612,53.333,-59.738
-0.538,-0.028,-0.809,-21.973,6.409,-58.594,-170.475,52.971,-57.025
-0.485,-0.04,-0.787,-18.25,-1.221,-59.143,-170.085,52.542,-54.042
-0.51,-0.086,-0.758,-15.015,-6.226,-57.617,-169.486,52.553,-51.053
-0.506,-0.114,-0.746,-16.724,-12.817,-55.847,-168.854,52.74,-48.098
-0.565,-0.138,-0.792,-26.306,-16.479,-54.749,-168.344,53.245,-44.951
-0.677,0.002,-0.974,-26.123,-13.0,-34.424,-168.662,53.712,-42.61
-0.594,-0.088,-0.976,-16.052,-6.897,-47.729,-168.574,53.976,-40.496
-0.755,-0.12,-1.206,-19.836,-16.846,-49.927,-168.08,54.278,-37.667
-0.753,-0.117,-1.299,-19.836,11.658,-45.105,-167.866,54.097,-35.162
-0.208,-0.003,-0.867,-23.376,8.362,-37.537,-168.047,53.146,-33.08
-0.318,-0.039,-0.891,-2.869,-14.526,-59.509,-167.585,52.987,-30.366
-0.345,-0.053,-0.913,-11.719,41.26,-57.373,-166.657,51.476,-27.01
0.041,-0.059,-0.883,5.798,30.396,-46.204,-166.02,48.834,-24.626
-0.05,-0.229,-0.72,0.549,-2.93,-45.898,-165.042,47.494,-21.879
-0.228,-0.271,-0.677,-9.644,-20.325,-53.528,-164.268,47.368,-18.49
-0.325,-0.263,-0.674,-17.029,-14.038,-57.495,-163.718,47.219,-14.865
-0.365,-0.281,-0.709,-16.724,-22.522,-56.946,-163.169,47.274,-11.217
-0.469,-0.291,-0.769,-11.23,-22.583,-53.955,-162.521,47.659,-7.767
-0.429,-0.357,-0.757,-10.864,-16.724,-50.11,-161.702,47.955,-4.614
-0.394,-0.418,-0.774,-15.076,-22.4,-55.908,-160.933,48.214,-1.456
-0.397,-0.448,-0.76,-22.705,-29.48,-60.791,-160.225,48.675,2.203
-0.452,-0.496,-0.829,-27.527,-34.302,-60.059,-159.609,49.323,6.103
-0.596,-0.428,-1.001,-40.71,-33.875,-46.936,-159.554,50.12,9.695
-0.606,-0.324,-0.919,-33.02,-19.47,-51.697,-159.747,50.905,12.931
-0.606,-0.233,-0.913,-36.926,-12.085,-44.006,-160.01,51.037,15.848
-0.326,0.05,-0.761,-54.016,-14.832,-16.785,-161.884,51.163,17.331
-0.479,0.019,-0.747,-45.41,-49.988,-42.48,-163.262,52.751,19.638
-0.664,0.065,-0.765,-55.542,-24.414,-66.406,-164.35,53.943,23.357
-0.58,0.077,-0.765,-53.711,3.662,-75.684,-165.289,53.663,27.493
-0.507,0.11,-0.816,-44.25,7.996,-75.317,-166.146,52.668,31.591
-0.41,0.071,-0.781,-34.851,-0.916,-69.519,-166.624,51.954,35.733
-0.515,0.048,-0.791,-26.245,-31.128,-60.12,-166.877,52.377,39.787
-0.661,0.022,-0.794,-21.057,-16.602,-56.213,-166.734,53.251,43.682
-0.479,0.058,-0.745,-10.01,-8.85,-37.537,-166.635,53.284,46.758
-0.567,0.085,-0.834,-0.305,-23.376,-22.461,-166.476,53.932,49.081
-0.612,-0.019,-0.88,20.569,-29.053,-27.161,-165.619,55.063,51.284
-0.809,-0.196,-0.973,28.015,-45.471,-31.677,-163.707,56.613,53.992
-0.777,-0.478,-0.945,20.508,-17.273,-30.457,-161.362,57.969,56.761
-0.335,-0.478,-0.756,-12.817,23.743,-2.014,-160.757,57.513,57.87
-0.306,-0.365,-0.767,-18.677,-9.705,4.272,-161.669,57.063,57.783
-0.515,-0.198,-0.851,-26.672,-1.16,14.526,-162.889,57.519,57.711
-0.422,-0.212,-0.762,-24.719,7.141,5.249,-164.257,57.261,57.448
-0.473,-0.128,-0.719,-37.964,-5.554,2.93,-165.894,57.206,57.634
-0.593,-0.067,-0.752,-35.217,2.319,-9.644,-167.498,57.283,58.315
-0.544,-0.079,-0.745,-31.067,14.099,-18.86,-168.596,56.656,59.584
-0.49,-0.083,-0.776,-26.428,8.362,-27.039,-169.387,55.992,61.265
-0.504,-0.146,-0.8,-26.062,2.625,-29.297,-169.777,55.657,63.446
-0.448,-0.17,-0.857,-31.006,-2.686,-20.02,-170.458,55.464,65.286
-0.583,-0.162,-0.935,-37.537,-27.405,-13.55,-171.552,56.277,66.846
-0.878,-0.111,-1.071,-37.781,-43.945,-18.86,-172.7,58.085,68.511
-1.036,0.008,-1.208,-26.55,-16.663,-39.673,-173.134,59.777,71.087
-0.538,0.037,-0.943,-30.09,22.827,-47.974,-172.853,59.48,74.531
-0.294,0.146,-0.871,-50.781,13.794,-42.358,-173.408,58.03,77.986
-0.48,0.311,-0.92,-49.744,18.188,-56.702,-174.831,57.338,81.442
-0.293,0.221,-0.765,-33.813,45.776,-101.013,-174.71,55.129,87.012
-0.249,0.147,-0.611,-27.405,34.485,-102.112,-173.743,52.646,93.724
-0.254,0.105,-0.636,-21.24,33.508,-83.13,-173.123,50.422,99.668
-0.275,0.056,-0.651,-11.78,18.555,-78.918,-172.612,48.625,104.777
-0.412,-0.037,-0.821,-10.864,4.517,-81.665,-171.771,47.681,110.061
-0.324,-0.111,-0.933,-15.137,-3.174,-69.641,-171.068,47.142,115.076
-0.412,-0.059,-1.054,-21.118,-22.644,-48.645,-171.024,47.62,119.009
-0.38,-0.039,-1.059,-27.588,-28.625,-38.513,-171.332,48.505,122.388
-0.641,-0.007,-1.219,-22.4,-41.748,-23.682,-171.991,50.12,124.98
-0.792,-0.128,-1.194,-20.935,-25.94,-7.629,-172.584,51.74,126.996
-0.338,-0.132,-0.882,-11.719,40.649,15.442,-173.65,51.075,127.513
-0.071,-0.163,-0.841,2.075,20.569,24.353,-174.38,49.296,127.068
-0.285,-0.235,-0.789,-5.676,10.559,36.987,-174.754,48.878,126.271
-0.152,-0.153,-0.74,-8.057,14.893,53.65,-175.897,48.049,124.371
-0.188,-0.09,-0.701,-14.038,-18.86,54.688,-177.308,47.966,122.003
-0.354,0.027,-0.721,-13.306,-32.654,51.086,-178.896,49.164,119.696
-0.5,0.078,-0.737,-4.822,-31.677,45.349,179.731,50.587,117.708
-0.619,0.096,-0.791,6.47,-22.339,36.316,178.742,51.905,116.197
-0.578,-0.0,-0.855,14.465,-5.31,24.536,178.561,52.526,115.461
-0.541,-0.078,-0.896,16.724,-4.211,11.658,178.907,52.916,115.373
-0.486,-0.13,-0.93,14.038,5.188,-2.014,179.632,52.954,115.95
-0.596,-0.13,-1.05,2.014,-13.0,-16.357,-179.539,53.344,117.307
-0.715,0.006,-1.141,-7.69,-2.563,-27.161,-179.006,53.921,119.328
-0.463,0.071,-0.94,-11.23,14.893,-44.861,-178.286,53.558,122.272
-0.362,0.171,-0.917,-26.733,9.399,-41.26,-178.072,52.822,125.557
-0.42,0.246,-0.812,-26.001,11.414,-44.373,-178.445,52.476,128.573
-0.309,0.254,-0.702,-23.193,15.32,-56.519,-178.533,51.592,132.22
-0.292,0.208,-0.626,-9.583,3.235,-66.467,-178.094,51.125,136.329
-0.365,0.1,-0.61,-4.517,-7.874,-67.078,-177.078,51.196,140.713
-0.507,0.015,-0.708,-3.845,-4.883,-57.8,-176.017,51.449,144.888
-0.478,-0.005,-0.771,-2.747,0.244,-54.26,-175.089,51.509,148.705
-0.546,-0.025,-0.858,-8.911,-8.85,-42.969,-174.348,51.658,152.249
-0.478,0.008,-0.871,-10.559,-0.549,-33.081,-174.04,51.872,155.165
-0.438,0.034,-0.855,-7.08,-15.93,-29.724,-173.859,52.224,157.67
-0.498,0.005,-0.887,-3.662,-19.714,-23.438,-173.469,53.124,160.032
-0.722,0.001,-1.033,-0.183,-27.893,-5.249,-173.414,54.229,161.554
-0.752,-0.049,-1.185,5.798,-6.653,2.991,-173.386,54.954,162.334
-0.734,-0.195,-1.136,16.113,8.24,9.033,-172.996,55.179,162.801
-0.285,-0.228,-0.755,15.442,23.315,18.86,-172.766,54.196,162.581
-0.297,-0.301,-0.759,16.968,2.747,11.292,-172.233,53.718,162.411
-0.358,-0.305,-0.719,8.301,18.127,13.916,-171.716,53.234,162.504
-0.286,-0.301,-0.726,-0.122,21.667,23.926,-171.793,52.185,161.977
-0.269,-0.225,-0.715,-9.766,10.498,26.123,-172.392,51.46,161.208
-0.422,-0.209,-0.747,-7.385,1.343,21.79,-172.974,51.378,160.67
-0.457,-0.16,-0.746,-7.996,8.179,26.123,-173.628,51.202,160.148
-0.532,-0.15,-0.798,-3.052,9.338,28.381,-174.243,51.01,159.489
-0.4,-0.112,-0.795,-1.16,17.639,37.048,-174.908,50.449,158.593
-0.38,-0.097,-0.887,2.197,2.747,40.1,-175.616,50.142,157.236
-0.389,-0.079,-0.898,7.141,-6.592,42.725,-176.193,50.405,155.687
-0.47,-0.092,-1.053,14.648,-2.38,40.039,-176.484,50.768,154.034
-0.488,-0.136,-1.048,20.935,-18.677,17.822,-176.16,51.268,152.952
-0.742,0.009,-1.259,12.085,-15.625,4.456,-175.633,52.152,152.891
-0.416,0.027,-0.977,10.681,21.24,-9.094,-174.842,52.031,153.693
-0.264,0.086,-0.937,-4.089,5.371,-7.08,-174.463,50.988,154.715
-0.396,0.188,-0.834,-7.141,1.587,-15.808,-174.721,50.955,155.627
-0.341,0.125,-0.722,-4.761,11.108,-43.03,-174.38,50.262,157.874
-0.338,0.119,-0.668,-2.319,7.751,-46.448,-173.82,49.62,160.779
-0.343,0.051,-0.666,4.333,0.549,-49.255,-172.969,49.241,163.768
-0.404,-0.06,-0.706,3.845,-1.221,-50.598,-171.909,49.054,166.954
-0.449,-0.143,-0.761,-5.737,-6.47,-47.852,-171.03,49.065,170.206
-0.513,-0.125,-0.839,-15.808,-3.174,-36.682,-170.771,49.224,173.128
-0.445,-0.079,-0.91,-16.541,-0.488,-27.588,-170.964,49.208,175.468
-0.417,-0.07,-0.95,-14.954,-18.494,-22.095,-171.161,49.587,177.545
-0.469,-0.005,-0.935,-16.174,-23.621,-7.629,-171.639,50.581,178.989
-0.637,-0.005,-1.126,-12.39,-27.588,3.723,-172.337,51.729,179.714
-0.786,-0.065,-1.233,-5.127,-19.104,8.728,-173.04,52.965,179.989
-0.539,-0.125,-0.997,-2.197,12.634,28.503,-173.672,53.251,179.648
-0.197,-0.13,-0.826,5.188,14.771,45.532,-174.677,52.493,178.05
-0.331,-0.177,-0.786,13.855,1.038,41.443,-175.166,52.344,176.16
-0.272,-0.138,-0.75,8.972,8.24,56.946,-175.677,51.943,173.996
-0.308,-0.088,-0.723,8.606,1.038,57.373,-176.501,51.757,171.249
-0.315,-0.032,-0.694,15.32,-12.146,44.128,-176.973,51.888,168.959
-0.458,-0.045,-0.719,18.799,-21.912,35.4,-176.874,52.817,167.399
-0.556,-0.04,-0.751,22.522,-19.226,35.217,-176.649,53.833,166.069
-0.619,-0.055,-0.771,28.931,-13.916,36.316,-176.254,54.767,164.778
-0.522,-0.087,-0.793,31.921,-2.747,41.199,-175.82,55.206,163.301
-0.547,-0.211,-0.817,26.917,-11.23,44.067,-175.518,55.822,161.57
-0.574,-0.126,-0.894,16.846,-21.423,42.969,-175.732,56.744,159.807
-0.755,-0.131,-1.053,23.926,-7.385,38.33,-175.77,57.645,158.132
-0.735,-0.088,-1.139,17.09,9.583,20.996,-175.479,57.739,157.126
-0.692,-0.01,-1.094,11.902,19.714,-2.686,-175.04,57.173,157.088
-0.297,-0.0,-0.81,-0.671,28.564,-30.64,-174.15,55.789,158.593
-0.356,0.051,-0.877,-19.653,4.883,-39.49,-173.688,54.816,160.884
-0.311,0.09,-0.793,-23.376,21.484,-62.317,-173.513,53.937,163.911
-0.264,0.086,-0.732,-22.278,10.376,-68.604,-173.024,52.674,167.772
-0.328,0.055,-0.709,-14.099,-3.418,-68.237,-172.397,52.07,171.584
-0.449,0.002,-0.728,-11.902,-6.226,-58.899,-171.645,51.976,175.248
-0.493,-0.042,-0.732,-8.85,-5.92,-51.392,-170.986,51.91,178.511
-0.601,-0.092,-0.776,-9.46,-5.615,-44.678,-170.376,52.042,-178.495
-0.534,-0.084,-0.803,-8.728,8.484,-38.635,-169.964,51.762,-175.825
-0.528,-0.083,-0.829,-8.484,-1.038,-30.823,-169.667,51.581,-173.502
-0.431,-0.089,-0.786,-6.653,-2.014,-26.184,-169.431,51.504,-171.48
-0.533,-0.108,-0.824,-5.676,-21.667,-22.766,-169.156,52.245,-169.596
-0.57,-0.088,-0.816,-10.803,-10.986,-14.465,-169.085,53.004,-167.948
-0.588,-0.073,-0.952,-4.822,-5.859,-9.399,-169.354,53.339,-166.948
-0.661,-0.13,-1.104,-11.108,-8.301,-2.991,-169.59,53.767,-166.031
-0.591,-0.116,-1.163,-0.732,-12.207,8.423,-170.145,54.053,-165.91
-0.669,-0.285,-1.087,6.714,4.456,7.202,-169.958,54.575,-165.756
-0.262,-0.195,-0.8,-0.305,33.63,35.522,-170.519,53.663,-166.679
-0.199,-0.208,-0.809,9.888,19.348,31.677,-171.2,52.421,-168.53
-0.167,-0.199,-0.741,-0.488,19.714,33.203,-171.59,51.394,-170.09
-0.208,-0.168,-0.688,-1.831,-1.77,30.945,-172.26,50.872,-171.859
-0.396,-0.082,-0.721,-2.38,-16.235,22.339,-172.826,51.273,-173.139
-0.505,-0.161,-0.749,8.24,-6.897,16.174,-172.853,51.839,-173.815
-0.498,-0.176,-0.767,1.221,-4.333,17.334,-172.831,52.163,-174.177
-0.492,-0.158,-0.768,-0.916,-8.789,18.555,-173.123,52.608,-174.567
-0.556,-0.117,-0.827,-5.127,-5.31,21.301,-173.606,53.245,-174.952
-0.481,-0.129,-0.82,-0.488,-6.592,20.386,-174.117,53.547,-175.518
-0.537,-0.112,-0.917,0.305,-4.456,21.606,-174.551,54.113,-176.056
-0.582,-0.143,-1.014,9.277,-12.085,11.597,-174.573,54.426,-176.501
-0.594,-0.1,-1.119,2.93,0.916,10.803,-174.326,54.717,-176.396
-0.682,-0.08,-1.168,8.179,-5.493,9.766,-174.106,54.987,-176.561
-0.465,0.017,-0.948,3.235,11.475,-0.916,-173.947,54.701,-176.429
-0.313,0.096,-0.852,-6.897,7.751,-7.69,-174.007,53.921,-175.952
-0.399,0.078,-0.804,-9.644,-1.282,-21.912,-174.084,53.745,-175.023
-0.411,0.072,-0.719,-10.986,4.333,-28.137,-174.067,53.492,-173.491
-0.422,0.079,-0.681,-11.78,-0.61,-19.775,-174.194,53.251,-172.04
-0.447,0.07,-0.687,-6.958,4.211,-18.433,-174.397,53.135,-170.865
-0.473,0.059,-0.703,-5.493,-2.563,-13.611,-174.54,53.047,-169.816
-0.586,-0.002,-0.764,-2.502,-1.282,-13.611,-174.529,53.218,-168.788
-0.488,-0.022,-0.75,-4.15,3.662,-11.23,-174.534,53.306,-167.772
-0.481,-0.045,-0.726,-5.554,-14.282,-6.958,-174.595,53.663,-166.849
-0.568,0.016,-0.756,-8.728,-17.395,-0.183,-175.062,54.597,-166.344
-0.64,0.068,-0.82,-8.911,-13.55,-3.418,-175.518,55.635,-165.784
-0.708,0.13,-1.062,-6.714,6.897,0.793,-175.979,55.794,-165.306
-0.6,0.114,-1.018,1.343,3.052,-0.244,-176.303,55.613,-165.108
-0.673,-0.004,-1.114,7.446,6.042,-8.85,-176.061,55.443,-164.603
-0.693,-0.078,-1.139,7.263,14.221,-9.094,-175.567,55.003,-163.828
-0.327,-0.086,-0.887,4.272,32.776,7.629,-175.386,53.707,-163.641
-0.164,-0.167,-0.843,14.709,11.658,1.77,-175.15,52.344,-164.086
-0.26,-0.191,-0.826,0.183,8.911,3.113,-174.639,51.773,-164.07
-0.25,-0.178,-0.761,-1.953,6.592,10.437,-174.787,51.152,-164.641
-0.305,-0.165,-0.729,-10.986,-0.427,7.629,-175.095,50.757,-165.152
-0.427,-0.114,-0.74,-13.123,-10.925,7.507,-175.633,50.927,-165.443
-0.506,-0.065,-0.76,-13.55,-5.188,10.559,-176.237,51.334,-165.52
-0.505,-0.017,-0.744,-8.301,-6.409,15.869,-176.957,51.669,-165.784
-0.53,-0.021,-0.77,-5.371,-0.854,15.93,-177.556,52.02,-166.163
-0.486,0.007,-0.798,-2.441,-2.197,20.081,-178.138,52.18,-166.646
-0.475,-0.008,-0.854,4.639,-6.653,21.79,-178.517,52.531,-167.322
-0.524,-0.012,-0.984,9.399,-8.24,31.128,-178.857,53.004,-168.569
-0.66,-0.07,-1.153,17.09,-7.568,8.24,-178.583,53.317,-169.349
-0.676,-0.041,-1.24,6.958,3.662,-15.198,-177.654,53.438,-168.602
-0.528,-0.017,-1.044,2.502,11.78,-42.542,-176.429,53.042,-166.498
-0.289,0.077,-0.903,-12.634,12.39,-45.837,-175.594,52.141,-163.85
-0.473,0.146,-0.877,-23.865,0.671,-36.56,-175.671,52.037,-161.796
-0.338,0.181,-0.748,-18.86,17.822,-53.894,-175.792,51.169,-159.45
-0.331,0.131,-0.627,-13.611,11.841,-57.922,-175.435,50.46,-156.495
-0.34,0.074,-0.659,-10.986,8.972,-47.668,-175.034,49.801,-153.82
-0.294,0.067,-0.638,-4.578,5.859,-44.128,-174.776,49.318,-151.688
-0.416,-0.026,-0.722,-1.526,-12.756,-45.776,-174.106,49.477,-149.414
-0.529,-0.062,-0.831,-0.61,-8.545,-41.382,-173.348,50.021,-147.107
-0.434,-0.08,-0.899,-3.723,-5.188,-31.006,-172.639,50.202,-145.02
-0.432,-0.045,-0.926,-5.615,-24.353,-12.39,-172.381,50.922,-143.745
-0.544,-0.009,-0.961,-6.531,-21.545,0.854,-172.59,52.174,-143.377
-0.644,0.042,-1.128,2.075,-23.865,13.611,-173.177,53.108,-143.932
-0.805,-0.14,-1.283,13.489,-19.775,2.014,-172.859,54.267,-144.267
-0.513,-0.19,-0.979,4.7,0.305,15.747,-172.678,54.662,-144.662
-0.3,-0.178,-0.837,8.667,-0.183,20.325,-172.952,54.503,-145.849
-0.396,-0.235,-0.779,7.446,6.897,10.986,-172.683,54.481,-146.486
-0.321,-0.208,-0.709,3.662,18.616,19.226,-172.76,53.597,-147.382
-0.257,-0.211,-0.626,-0.793,12.024,17.273,-172.93,52.778,-148.277
-0.326,-0.163,-0.654,-4.333,-5.371,16.357,-173.21,52.729,-148.931
-0.43,-0.117,-0.663,-5.554,-13.916,15.381,-173.546,53.212,-149.469
-0.6,-0.102,-0.75,-3.296,-11.414,10.376,-173.798,54.014,-149.733
-0.575,-0.079,-0.764,-0.488,4.7,9.644,-174.051,54.322,-149.925
-0.46,-0.139,-0.796,-0.244,-0.244,0.366,-174.018,54.24,-149.804
-0.528,-0.165,-0.829,-4.15,-15.137,-5.676,-173.864,54.871,-149.227
-0.557,-0.155,-0.843,-9.094,-23.865,-8.179,-173.82,55.761,-148.486
-0.845,-0.138,-1.169,-8.667,-7.507,-25.574,-173.518,56.739,-147.151
-0.774,-0.092,-1.179,-14.954,13.489,-42.297,-172.881,56.629,-144.893
-0.53,-0.037,-1.101,-26.062,19.836,-69.275,-172.211,55.53,-141.746
-0.263,0.071,-0.848,-44.983,5.066,-88.013,-171.744,54.476,-137.401
-0.532,0.133,-0.858,-52.979,-5.554,-99.182,-171.733,54.283,-132.495
-0.329,0.145,-0.731,-50.049,27.283,-110.84,-171.694,52.894,-127.156
-0.242,0.09,-0.688,-45.593,9.277,-109.741,-171.557,51.438,-121.822
-0.385,0.008,-0.667,-46.875,2.38,-99.365,-171.53,50.828,-116.873
-0.365,0.086,-0.699,-40.71,5.981,-88.196,-171.925,50.158,-112.654
-0.462,0.007,-0.764,-30.09,-5.188,-81.848,-171.799,49.916,-108.693
-0.552,-0.01,-0.799,-20.752,1.221,-68.42,-171.552,49.828,-105.309
-0.517,-0.079,-0.789,-14.465,3.113,-56.519,-171.085,49.554,-102.508
-0.533,-0.025,-0.808,-13.123,0.061,-37.109,-170.881,49.537,-100.541
-0.44,-0.003,-0.749,-7.08,3.662,-30.396,-170.722,49.411,-99.174
-0.427,-0.027,-0.769,0.0,-5.005,-24.231,-170.403,49.482,-98.179
-0.543,-0.111,-0.858,7.935,-22.644,-28.564,-169.678,50.18,-97.163
-0.574,-0.145,-0.863,5.127,-35.339,-23.132,-168.668,51.564,-95.872
-0.735,-0.136,-1.002,1.892,-37.964,-12.207,-167.899,53.443,-94.9
-0.825,-0.181,-1.007,7.141,-18.921,-15.259,-167.157,55.179,-94.186
-0.496,-0.186,-0.857,-3.662,17.395,-14.526,-166.723,55.157,-93.724
-0.225,-0.131,-0.841,-16.724,21.545,-14.648,-167.031,54.009,-93.455
-0.313,-0.13,-0.865,-12.878,-0.183,-23.01,-167.322,53.481,-92.9
-0.363,-0.11,-0.938,-11.841,13.672,-36.194,-167.3,52.657,-91.78
-0.308,-0.192,-0.873,-18.433,4.272,-45.044,-166.959,51.729,-89.934
-0.319,-0.106,-0.823,-26.306,-7.263,-43.213,-167.19,51.29,-88.017
-0.379,-0.111,-0.786,-27.832,-19.348,-53.345,-167.289,51.443,-85.605
-0.451,-0.115,-0.734,-26.245,-26.855,-50.72,-167.294,52.07,-82.969
-0.514,-0.19,-0.785,-25.818,-21.24,-59.753,-167.069,52.734,-80.156
-0.503,-0.25,-0.824,-27.954,-19.348,-75.195,-166.454,53.075,-76.492
-0.515,-0.312,-0.826,-33.081,-17.761,-85.571,-165.619,53.229,-72.142
-0.483,-0.257,-0.928,-48.523,-11.719,-75.562,-165.24,53.031,-67.654
-0.634,-0.183,-1.025,-39.612,-24.841,-90.332,-165.185,53.113,-63.375
-0.512,-0.126,-0.876,-54.138,-10.498,-94.299,-164.734,52.987,-58.299
-0.501,0.055,-0.907,-75.5,-33.875,-73.303,-165.778,52.921,-54.13
-0.631,0.195,-0.826,-74.036,-18.372,-86.609,-167.327,54.014,-50.229
-0.5,0.186,-0.755,-60.974,-2.075,-105.652,-168.272,53.641,-45.824
-0.519,0.158,-0.806,-54.138,-2.258,-111.694,-168.552,53.24,-40.963
-0.482,0.107,-0.808,-49.683,4.333,-104.553,-168.569,52.581,-36.233
-0.423,0.085,-0.785,-38.086,-3.235,-92.163,-168.624,52.031,-32.25
-0.554,0.011,-0.787,-29.541,-16.235,-77.332,-168.371,52.295,-28.839
-0.53,0.017,-0.738,-23.071,-3.174,-58.655,-168.206,52.438,-26.362
-0.492,0.024,-0.716,-14.954,-4.333,-37.903,-168.129,52.515,-25.01
-0.482,0.05,-0.803,-5.737,-4.517,-17.517,-168.212,52.8,-24.802
-0.641,0.039,-0.939,8.85,-16.785,-5.676,-168.096,53.454,-25.422
-0.861,-0.079,-1.06,19.775,-28.076,-4.517,-167.283,54.904,-26.065
-1.053,-0.173,-1.277,26.062,-10.925,-6.775,-166.053,56.338,-26.559
-0.526,-0.304,-1.002,20.386,18.799,-2.258,-164.778,56.041,-27.18
-0.239,-0.268,-0.973,9.583,23.071,17.09,-164.592,55.19,-28.669
-0.107,-0.3,-0.896,8.179,37.292,5.737,-164.707,53.773,-30.201
0.002,-0.298,-0.832,-3.296,18.677,5.188,-164.828,51.993,-31.02
-0.143,-0.217,-0.773,-16.846,-3.235,-0.793,-165.372,51.345,-31.196
-0.234,-0.163,-0.717,-25.757,-3.723,-9.644,-166.135,51.026,-30.696
-0.293,-0.106,-0.718,-27.405,-9.155,-9.766,-167.119,50.839,-30.114
-0.46,-0.08,-0.798,-23.743,-4.395,-10.925,-168.047,50.911,-29.658
-0.422,-0.095,-0.818,-14.221,4.272,-10.986,-168.679,50.576,-29.471
-0.412,-0.134,-0.798,-13.245,-5.859,-13.367,-169.041,50.51,-29.29
-0.435,-0.151,-0.816,-13.611,-12.512,-14.221,-169.327,50.9,-28.894
-0.468,-0.184,-0.875,-12.451,-9.46,-13.245,-169.563,51.345,-28.504
-0.421,-0.217,-0.947,-14.465,-11.536,-5.859,-169.871,51.691,-28.317
-0.695,-0.205,-1.149,-12.085,-29.785,-9.46,-170.189,52.778,-28.136
-0.78,-0.141,-1.259,-11.292,1.16,-23.254,-170.145,53.355,-27.477
-0.405,-0.121,-0.97,-12.451,11.353,-32.776,-169.81,52.635,-26.329
-0.256,0.045,-0.89,-30.212,1.587,-19.531,-170.338,51.844,-25.461
-0.379,0.124,-0.846,-28.564,10.681,-19.531,-171.48,51.647,-24.972
-0.224,0.128,-0.769,-14.893,17.456,-31.982,-172.216,50.438,-24.318
-0.261,0.023,-0.683,-6.287,-5.92,-35.461,-172.156,49.96,-23.132
-0.388,-0.006,-0.66,-9.583,-13.794,-30.334,-171.996,50.306,-21.962
-0.438,-0.03,-0.685,-6.653,-9.338,-34.668,-171.854,50.718,-20.88
-0.438,-0.014,-0.724,-12.634,-9.766,-30.518,-171.634,51.081,-19.704
-0.504,-0.041,-0.864,-7.69,-12.024,-31.616,-171.48,51.559,-18.671
-0.455,0.009,-0.884,-11.963,-9.705,-21.301,-171.392,52.004,-17.82
-0.51,0.018,-0.989,-7.996,-18.982,-10.254,-171.601,52.8,-17.611
-0.616,0.067,-1.118,-5.31,-18.86,8.85,-172.15,53.663,-18.265
-0.749,-0.024,-1.218,5.737,-24.048,17.334,-172.601,54.91,-19.677
-0.806,-0.143,-1.157,10.437,10.681,23.438,-172.848,55.475,-21.39
-0.226,-0.157,-0.833,13.611,44.25,40.283,-173.392,53.745,-24.011
-0.093,-0.216,-0.744,15.32,7.568,31.677,-173.573,52.646,-26.334
-0.252,-0.194,-0.715,6.897,-0.244,25.574,-173.611,52.493,-27.719
-0.286,-0.187,-0.676,5.798,1.709,23.926,-173.694,52.317,-28.932
-0.399,-0.152,-0.734,0.366,-3.54,22.461,-173.93,52.213,-30.064
-0.445,-0.118,-0.774,2.991,-2.563,20.935,-174.133,52.377,-31.113
-0.514,-0.129,-0.782,6.042,-8.301,20.447,-174.21,52.652,-32.239
-0.547,-0.117,-0.797,4.272,0.488,22.278,-174.298,52.965,-33.404
-0.474,-0.117,-0.799,4.7,0.0,22.4,-174.507,53.036,-34.761
-0.489,-0.097,-0.834,0.732,-2.075,21.667,-174.787,53.179,-36.013
-0.43,-0.116,-0.85,1.709,-3.601,16.663,-175.056,53.41,-37.112
-0.504,-0.127,-0.902,3.479,-13.184,9.766,-175.133,53.871,-37.815
-0.526,-0.16,-0.916,1.404,-8.423,7.629,-175.045,54.443,-38.216
-0.611,-0.081,-1.049,-2.808,-20.142,3.906,-175.177,55.047,-38.529
-0.81,-0.0,-1.151,-1.099,-9.033,-17.273,-174.858,55.931,-38.007
-0.581,-0.02,-1.036,10.437,15.503,-38.757,-173.546,55.432,-36.326
-0.285,0.012,-0.875,-5.432,24.963,-23.865,-172.678,54.124,-34.827
-0.318,0.08,-0.837,-12.939,-5.249,-15.991,-172.809,53.696,-34.025
-0.34,0.114,-0.769,-13.611,-5.859,-27.1,-173.101,53.729,-32.997
-0.42,0.063,-0.729,-13.794,-11.963,-33.997,-173.123,54.025,-31.47
-0.437,0.032,-0.649,-15.259,-8.972,-31.067,-173.15,54.289,-29.932
-0.524,0.039,-0.663,-13.306,-3.052,-25.574,-173.309,54.591,-28.784
-0.53,0.011,-0.688,-9.033,3.235,-24.658,-173.331,54.547,-27.856
-0.557,-0.009,-0.731,-6.653,2.563,-23.987,-173.199,54.454,-26.977
-0.581,-0.024,-0.836,-5.371,6.287,-20.813,-172.991,54.41,-26.175
-0.47,0.001,-0.815,-6.653,3.174,-10.254,-172.914,54.185,-25.675
-0.542,0.011,-0.818,3.906,-13.55,-7.507,-172.947,54.553,-25.626
-0.541,0.001,-0.882,-0.427,-3.784,1.16,-172.744,55.113,-25.642
-0.607,0.061,-1.005,6.775,-7.996,10.803,-173.046,55.349,-26.433
-0.602,-0.023,-1.03,7.568,-10.559,11.23,-172.947,55.964,-27.186
-0.745,-0.047,-1.121,16.968,-5.981,11.292,-172.897,56.475,-28.185
-0.784,-0.176,-1.101,17.334,-5.798,2.075,-172.255,56.755,-28.63
-0.454,-0.216,-0.831,6.531,18.677,16.479,-171.98,56.459,-29.235
-0.274,-0.192,-0.723,10.193,4.822,18.433,-172.222,55.772,-30.399
-0.385,-0.249,-0.688,3.967,11.658,14.648,-172.018,55.585,-30.894
-0.313,-0.176,-0.664,-1.587,12.634,26.794,-172.507,54.838,-31.926
-0.354,-0.148,-0.695,-5.493,10.62,21.79,-173.145,54.338,-32.932
-0.444,-0.11,-0.729,-6.897,-1.526,20.996,-173.743,54.163,-33.679
-0.56,-0.063,-0.777,-5.066,-2.014,14.526,-174.348,54.316,-34.365
-0.513,-0.054,-0.804,1.16,3.784,10.498,-174.65,54.305,-34.838
-0.495,-0.115,-0.763,1.77,-9.277,6.226,-174.644,54.492,-35.101
-0.559,-0.087,-0.795,-3.296,-11.475,14.526,-174.831,55.151,-35.414
-0.553,-0.088,-0.847,2.563,-3.357,17.151,-175.221,55.662,-36.161
-0.536,-0.081,-0.914,5.92,-3.906,23.621,-175.54,55.893,-37.167
-0.689,-0.114,-1.018,13.428,-14.771,12.512,-175.545,56.404,-38.101
-0.851,-0.015,-1.182,7.446,-3.784,3.235,-175.166,56.904,-38.326
-0.594,-0.015,-0.984,6.775,27.832,-16.907,-174.331,56.283,-37.628
-0.258,0.094,-0.875,-6.409,37.781,-9.155,-174.1,54.349,-36.887
-0.301,0.172,-0.815,-1.953,17.151,-5.92,-174.441,53.168,-36.683
-0.296,0.087,-0.785,1.892,22.339,-19.409,-174.194,51.938,-35.925
-0.309,0.044,-0.697,0.427,10.071,-19.043,-173.941,51.064,-34.931
-0.402,0.028,-0.665,-4.211,-2.747,-22.278,-173.776,50.812,-33.821
-0.434,-0.002,-0.723,-1.099,9.521,-26.672,-173.557,50.603,-32.602
-0.43,-0.025,-0.734,-6.653,-2.014,-26.062,-173.298,50.345,-31.256
-0.462,-0.031,-0.819,-7.568,-2.869,-20.325,-173.221,50.488,-30.086
-0.487,0.022,-0.922,-7.507,-3.906,-16.663,-173.304,50.713,-29.158
-0.474,0.012,-0.932,-7.812,-7.568,-7.446,-173.469,51.042,-28.531
-0.63,0.033,-1.292,-17.639,-5.249,6.042,-174.15,51.29,-28.471
-0.708,-0.003,-1.304,-4.639,-2.625,0.671,-174.99,51.762,-28.779
-0.51,-0.114,-1.089,5.188,11.963,12.756,-175.1,51.454,-29.004
-0.266,-0.149,-0.923,5.31,15.381,34.607,-175.474,50.817,-30.344
-0.211,-0.181,-0.804,8.179,11.902,23.01,-175.787,50.158,-31.811
-0.202,-0.174,-0.758,2.563,11.719,20.569,-175.798,49.433,-32.536
-0.18,-0.126,-0.708,2.747,2.93,22.827,-175.968,48.933,-33.371
-0.31,-0.123,-0.737,0.854,-8.606,22.339,-176.078,48.972,-34.096
-0.424,-0.093,-0.748,-1.221,-11.23,24.78,-176.391,49.471,-35.002
-0.479,-0.062,-0.802,-0.854,-6.958,26.855,-176.825,49.861,-36.134
-0.486,-0.037,-0.846,1.099,3.174,25.146,-177.275,50.032,-37.403
-0.405,-0.053,-0.835,0.732,0.122,20.325,-177.578,49.927,-38.441
-0.396,-0.048,-0.831,-0.488,-4.883,14.954,-177.907,50.131,-39.265
-0.459,-0.042,-0.956,-2.686,-4.822,13.672,-178.154,50.504,-39.809
-0.419,-0.08,-1.003,4.333,-10.071,9.155,-178.248,50.696,-40.336
-0.617,-0.103,-1.042,3.174,-31.616,-2.319,-177.99,51.839,-40.375
-0.868,-0.0,-1.186,-1.77,-10.376,-5.005,-177.748,53.08,-40.056
-0.543,0.026,-1.026,-0.061,20.996,-17.883,-177.374,52.718,-39.424
-0.241,0.135,-0.936,-10.071,30.884,-18.188,-177.133,51.361,-38.414
-0.266,0.165,-0.861,-9.094,-0.977,-23.193,-177.275,50.592,-37.469
-0.326,0.132,-0.767,-7.507,7.141,-33.02,-177.127,50.422,-35.991
-0.262,0.087,-0.659,-9.827,0.427,-29.358,-177.045,50.021,-34.514
-0.339,0.076,-0.646,-12.39,-2.258,-28.687,-177.133,50.065,-33.14
-0.358,0.074,-0.661,-9.766,-3.418,-26.062,-177.292,50.081,-31.965
-0.493,0.068,-0.727,-9.644,-12.085,-22.644,-177.38,50.598,-30.965
-0.574,0.056,-0.806,-5.554,-0.977,-25.452,-177.336,51.037,-30.031
-0.534,0.025,-0.822,-4.089,3.357,-25.94,-177.012,51.07,-28.916
-0.473,0.0,-0.89,-2.502,8.362,-18.86,-176.715,50.933,-28.059
-0.424,0.02,-0.879,-5.31,-8.301,-9.705,-176.638,51.026,-27.598
-0.442,0.062,-0.943,-3.235,-3.784,-7.263,-176.737,51.438,-27.411
-0.524,0.082,-1.052,4.517,-20.386,-3.357,-176.721,51.938,-27.394
-0.69,0.005,-1.078,6.104,-27.649,-4.822,-176.418,53.196,-27.383
-0.901,-0.01,-1.208,6.714,-3.296,0.977,-176.177,54.113,-27.504
-0.495,-0.096,-0.943,7.568,33.997,15.198,-176.023,53.405,-28.202
-0.073,-0.056,-0.853,13.306,28.32,23.315,-176.149,51.542,-29.603
-0.247,-0.166,-0.793,14.404,-6.836,18.616,-175.748,51.196,-30.707
-0.348,-0.091,-0.732,6.592,4.761,30.273,-175.809,51.097,-31.998
-0.309,-0.092,-0.73,3.723,9.766,21.118,-176.067,50.658,-33.437
-0.318,-0.063,-0.733,4.211,-2.258,10.803,-176.083,50.317,-34.151
-0.442,-0.082,-0.746,5.493,-9.521,10.498,-175.935,50.658,-34.673
-0.531,-0.073,-0.778,3.845,-6.348,11.963,-175.864,51.097,-35.294
-0.516,-0.075,-0.802,4.333,1.831,15.869,-175.88,51.268,-36.151
-0.482,-0.064,-0.869,4.333,-0.183,21.973,-176.067,51.323,-37.332
-0.48,-0.093,-0.905,5.92,-2.808,22.644,-176.226,51.559,-38.65
-0.454,-0.105,-0.945,7.324,-0.061,23.804,-176.358,51.68,-40.007
-0.518,-0.085,-1.034,12.756,-7.446,9.583,-176.16,51.938,-40.902
-0.67,-0.065,-1.178,11.353,-14.526,14.526,-175.748,52.438,-41.594
-0.601,-0.045,-1.056,2.38,9.46,-10.376,-175.193,52.657,-41.594
-0.248,0.047,-0.826,-7.996,23.438,-8.301,-175.078,51.707,-41.166
-0.335,0.132,-0.842,-15.564,-1.709,-14.526,-175.562,51.18,-40.809
-0.316,0.155,-0.771,-13.123,13.733,-38.513,-175.787,50.718,-39.54
-0.36,0.12,-0.726,-7.263,12.268,-44.922,-175.507,50.004,-37.524
-0.309,0.056,-0.682,-3.906,9.949,-42.358,-175.018,49.23,-35.557
-0.381,0.024,-0.706,-3.601,8.484,-39.49,-174.523,48.84,-33.739
-0.361,0.0,-0.716,-2.686,-1.587,-34.729,-174.084,48.472,-32.135
-0.477,-0.043,-0.825,-3.845,-5.92,-32.349,-173.639,48.763,-30.657
-0.48,-0.017,-0.902,-7.141,0.183,-27.527,-173.403,48.884,-29.399
-0.454,0.015,-0.931,-9.399,-5.859,-18.311,-173.414,49.037,-28.499
-0.47,0.049,-1.035,-8.667,-13.123,-6.287,-173.71,49.565,-28.13
-0.577,0.051,-1.207,-3.723,-10.193,8.911,-174.221,50.208,-28.586
-0.752,-0.059,-1.234,11.841,-10.437,5.066,-174.26,50.977,-29.301
-0.455,-0.157,-1.019,7.629,27.832,13.855,-174.023,50.372,-30.037
-0.114,-0.127,-0.895,11.536,23.743,30.09,-174.232,48.966,-31.646
-0.129,-0.247,-0.837,14.709,0.61,14.099,-173.82,48.521,-32.717
-0.231,-0.194,-0.762,-2.686,-7.568,18.311,-173.787,48.576,-33.239
-0.291,-0.136,-0.73,-7.996,-3.113,17.578,-174.238,48.719,-33.97
-0.301,-0.104,-0.73,-3.113,-10.376,10.376,-174.589,48.862,-34.464
-0.416,-0.112,-0.749,-4.333,-23.865,10.071,-174.738,49.625,-34.772
-0.552,-0.085,-0.75,-4.761,-22.339,10.437,-174.99,50.834,-35.178
-0.542,-0.068,-0.795,-2.686,-9.888,15.442,-175.314,51.713,-35.87
-0.475,-0.029,-0.817,-1.404,-5.554,21.79,-175.77,52.185,-36.964
-0.539,-0.027,-0.904,3.357,-8.423,26.001,-176.243,52.679,-38.364
-0.459,-0.062,-0.968,10.681,-3.662,21.973,-176.473,52.976,-39.814
-0.455,-0.165,-1.106,14.404,-12.329,5.737,-176.034,53.361,-40.501
-0.735,-0.229,-1.199,3.784,-22.644,-7.69,-175.303,54.558,-40.139
-0.627,-0.05,-1.119,-4.211,-5.31,-8.728,-175.106,55.009,-39.622
-0.347,0.015,-0.833,-8.606,2.441,-12.207,-174.941,54.932,-38.914
-0.431,0.106,-0.823,-12.573,-17.944,-8.423,-175.287,55.173,-38.392
-0.443,0.103,-0.746,-13.794,-1.831,-16.296,-175.677,55.541,-37.826
-0.426,0.08,-0.657,-11.353,-8.362,-28.687,-175.71,55.662,-36.639
-0.42,0.025,-0.574,-5.981,-2.625,-30.334,-175.353,55.893,-35.14
-0.448,0.021,-0.582,-5.066,-8.118,-19.958,-175.001,56.129,-33.997
-0.563,0.005,-0.657,-0.122,-6.042,-16.846,-174.732,56.569,-33.305
-0.613,0.002,-0.73,-1.404,-0.488,-13.794,-174.419,56.821,-32.778
-0.668,-0.033,-0.751,-0.854,2.625,-16.968,-174.051,56.953,-32.212
-0.63,-0.008,-0.74,-4.7,10.01,-12.634,-173.809,56.788,-31.69
-0.591,-0.006,-0.705,-1.953,2.014,-15.137,-173.661,56.64,-31.311
-0.606,0.002,-0.677,-2.014,-10.193,-18.311,-173.287,57.008,-30.646
-0.644,0.006,-0.704,-3.662,-12.085,-21.545,-172.793,57.821,-29.8
-0.667,-0.034,-0.699,-6.775,-18.188,-23.071,-172.277,58.716,-28.729
-0.776,0.035,-0.872,-10.559,-14.465,-17.456,-172.211,59.672,-27.905
-0.749,-0.034,-1.019,-8.545,-13.611,-18.25,-171.964,60.441,-27.076
-0.992,-0.068,-1.234,0.793,-9.521,-25.574,-171.497,61.117,-26.109
-0.733,-0.109,-1.167,-10.986,10.071,-15.564,-171.008,60.875,-25.043
-0.354,-0.07,-0.939,-12.024,17.578,-2.441,-171.573,60.189,-24.994
-0.207,-0.147,-0.971,-3.479,11.658,-20.813,-171.568,59.161,-24.434
-0.153,-0.146,-0.893,-22.461,13.977,-24.048,-171.475,58.068,-22.824
-0.212,-0.117,-0.79,-33.142,-12.085,-28.32,-172.018,57.393,-21.061
-0.368,-0.063,-0.679,-46.082,-12.207,-45.044,-172.672,57.546,-18.474
-0.428,-0.066,-0.655,-48.523,-18.066,-66.345,-173.106,57.651,-14.908
-0.569,-0.084,-0.675,-62.195,-8.118,-88.318,-173.221,57.898,-10.256
-0.554,-0.083,-0.664,-66.101,-4.15,-112.427,-173.068,57.689,-4.433
-0.585,-0.127,-0.672,-75.378,-8.728,-123.84,-172.606,57.546,2.313
-0.641,-0.103,-0.696,-80.566,-10.376,-120.483,-172.375,57.7,9.229
-0.578,-0.044,-0.729,-82.825,-6.653,-108.582,-172.59,57.684,15.573
-0.594,-0.013,-0.774,-68.909,-13.733,-101.99,-172.925,57.98,21.231
-0.625,-0.096,-0.826,-56.885,-9.827,-107.361,-172.425,58.233,26.971
-0.59,-0.133,-0.796,-49.622,-7.69,-103.577,-171.398,58.282,32.882
-0.694,-0.104,-0.906,-38.391,-14.832,-90.942,-170.403,58.332,38.046
-0.688,-0.098,-0.88,-33.63,-7.874,-92.102,-168.854,58.42,43.22
-0.57,-0.036,-0.761,-40.771,-9.155,-74.036,-167.943,58.315,47.659
-0.657,0.057,-0.767,-43.152,-27.588,-73.608,-167.75,58.859,51.674
-0.657,0.08,-0.722,-48.706,-8.362,-79.407,-167.602,59.244,56.08
-0.637,0.047,-0.716,-47.791,-8.728,-90.393,-167.305,59.046,61.073
-0.649,0.11,-0.735,-52.612,-5.005,-80.261,-167.311,58.782,66.187
-0.598,0.101,-0.704,-41.382,-9.583,-75.195,-167.514,58.585,70.994
-0.578,0.067,-0.639,-38.574,-19.043,-66.528,-167.437,58.848,75.833
-0.651,0.1,-0.679,-27.832,-20.691,-60.425,-167.41,59.425,80.31
-0.599,0.083,-0.681,-20.447,-11.169,-49.683,-167.009,59.826,84.611
-0.667,0.205,-0.795,-16.357,-19.348,-20.935,-167.239,60.293,87.632
-0.656,0.105,-0.864,20.569,-27.771,-26.794,-166.97,61.15,89.951
-0.903,-0.32,-0.777,48.218,-74.768,-29.358,-164.015,63.506,93.34
-1.075,-0.451,-0.853,21.667,-21.545,-1.343,-161.395,65.88,95.576
-0.557,-0.404,-0.682,5.127,28.564,-0.427,-161.065,65.275,95.46
-0.521,-0.456,-0.797,-16.357,13.123,-11.23,-161.131,64.352,95.526
-0.486,-0.311,-0.807,-32.471,25.635,-16.052,-161.999,63.045,95.949
-0.392,-0.262,-0.719,-42.542,-1.099,-12.634,-163.213,62.199,96.57
-0.537,-0.121,-0.693,-46.509,-14.343,-15.076,-164.778,62.452,97.471
-0.605,-0.143,-0.691,-40.71,-5.371,-25.574,-165.8,62.628,99.091
-0.533,-0.165,-0.645,-40.71,0.366,-29.663,-166.652,62.32,101.058
-0.528,-0.216,-0.636,-46.143,-5.188,-36.926,-167.349,62.183,103.469
-0.667,-0.205,-0.765,-48.645,-16.479,-39.062,-168.047,62.452,106.254
-0.781,-0.265,-0.845,-50.598,-19.47,-41.687,-168.563,63.073,109.385
-0.931,-0.253,-0.993,-51.819,-24.17,-41.87,-169.151,63.858,112.654
-1.03,-0.22,-1.039,-52.49,-35.828,-51.636,-169.409,65.001,116.526
-1.017,-0.039,-0.993,-60.425,-16.296,-54.382,-169.59,66.242,121.135
-0.527,0.195,-0.781,-69.153,25.574,-43.64,-170.722,65.495,125.261
-0.478,0.302,-0.745,-66.162,-4.822,-39.062,-172.59,64.742,128.71
-0.558,0.3,-0.719,-55.42,16.785,-54.871,-174.128,64.33,132.435
-0.349,0.206,-0.559,-41.077,23.132,-66.223,-174.452,62.886,137.093
-0.39,0.122,-0.566,-31.616,8.423,-56.946,-174.37,61.82,141.559
-0.433,0.079,-0.595,-25.574,5.493,-47.668,-174.364,61.232,145.305
-0.537,0.005,-0.648,-22.278,-7.202,-47.18,-174.128,61.095,148.953
-0.676,0.033,-0.773,-26.245,-0.61,-39.734,-174.111,61.216,152.408
-0.571,0.071,-0.788,-21.423,7.874,-36.011,-174.155,60.699,155.566
-0.524,0.12,-0.89,-18.127,0.0,-26.062,-174.315,60.463,158.154
-0.618,0.15,-0.957,-13.306,-14.587,-13.672,-174.65,60.738,159.961
-0.934,0.102,-1.113,-5.554,-30.151,0.854,-175.078,61.617,161.016
-0.969,0.029,-1.129,-0.488,-12.024,14.343,-175.781,62.809,161.252
-0.408,-0.109,-0.698,10.193,11.658,20.203,-176.331,62.606,160.884
-0.491,-0.168,-0.74,15.564,-6.226,16.907,-176.484,62.358,160.351
-0.444,-0.179,-0.725,18.311,11.902,22.705,-176.188,62.183,159.983
-0.394,-0.23,-0.643,18.799,12.329,26.428,-175.957,61.419,159.109
-0.454,-0.212,-0.612,6.165,0.122,17.09,-175.814,61.089,158.483
-0.528,-0.146,-0.611,-2.808,-3.235,19.836,-175.941,61.21,158.313
-0.611,-0.062,-0.661,-3.235,-3.357,22.705,-176.633,61.485,157.868
-0.621,-0.035,-0.712,0.122,-3.113,22.949,-177.275,61.743,157.505
-0.548,-0.051,-0.71,5.676,-7.69,22.034,-177.764,62.111,157.066
-0.716,-0.06,-0.769,3.967,-17.09,27.222,-178.314,62.968,156.385
-0.642,-0.053,-0.81,7.019,0.793,26.306,-178.967,63.237,155.55
-0.723,-0.038,-0.937,7.446,-5.615,26.489,-179.522,63.479,154.644
-0.801,-0.054,-0.973,11.414,-10.681,16.541,-179.665,63.885,154.023
-0.978,0.116,-1.176,6.897,2.686,8.667,-179.753,64.067,153.809
-0.5,0.123,-0.865,8.362,33.264,-7.568,-179.176,62.941,154.561
-0.324,0.186,-0.836,0.0,-9.094,-0.183,-178.83,61.919,155.275
-0.558,0.15,-0.78,-4.456,1.221,-15.747,-178.989,62.254,155.649
-0.456,0.135,-0.655,-7.385,2.747,-42.358,-178.248,61.826,157.917
-0.44,0.109,-0.572,-0.977,-5.676,-38.94,-177.166,61.776,160.692
-0.458,0.047,-0.546,0.916,-30.701,-32.959,-176.1,62.485,163.185
-0.604,-0.017,-0.541,4.578,-34.912,-32.043,-174.897,64.083,165.624
-0.817,-0.104,-0.623,3.174,-20.813,-32.715,-173.425,65.506,168.371
-0.719,-0.114,-0.606,-9.094,-2.38,-25.208,-172.381,65.929,171.052
-0.718,-0.058,-0.643,-18.066,1.404,-13.733,-172.277,66.055,173.134
-0.735,0.012,-0.636,-18.066,4.211,-15.076,-172.705,66.066,174.765
-0.746,0.111,-0.755,-18.005,22.095,-2.869,-173.436,65.468,175.886
-0.759,0.073,-0.854,-3.174,19.226,-5.859,-173.985,64.534,176.517
-0.675,0.018,-0.857,1.16,18.372,-2.441,-174.029,63.66,177.182
-0.663,-0.032,-0.964,10.254,23.499,0.916,-173.963,62.693,177.418
-0.844,-0.143,-1.083,15.564,-3.296,-4.456,-173.293,62.271,177.863
-0.769,-0.146,-0.953,9.766,19.714,14.709,-172.941,61.924,177.935
-0.464,-0.159,-0.766,15.198,33.142,27.71,-173.32,60.54,176.677
-0.359,-0.19,-0.771,16.602,36.987,18.127,-173.227,58.881,175.567
-0.231,-0.23,-0.75,14.709,30.334,16.418,-172.897,57.129,174.65
-0.26,-0.277,-0.669,5.127,4.395,5.371,-172.518,56.102,173.892
-0.519,-0.21,-0.686,-0.916,-3.235,0.366,-172.189,56.041,173.743
-0.492,-0.224,-0.683,5.066,7.019,7.69,-171.81,55.783,173.776
-0.581,-0.207,-0.759,5.066,4.517,19.348,-171.645,55.695,173.419
-0.55,-0.195,-0.756,4.7,10.376,31.677,-171.914,55.53,172.386
-0.465,-0.164,-0.792,0.0,2.991,35.339,-172.54,55.399,170.925
-0.501,-0.159,-0.823,0.183,-0.61,29.175,-173.249,55.58,169.47
-0.514,-0.188,-0.884,0.183,2.258,20.874,-173.738,55.662,168.409
-0.481,-0.25,-0.93,-4.578,-7.08,12.634,-174.007,55.75,167.739
-0.698,-0.229,-0.991,-9.888,-28.503,1.404,-174.26,56.849,167.569
-0.919,-0.087,-1.145,-16.418,-5.737,3.906,-174.76,57.783,167.778
-0.576,0.054,-0.945,-7.202,21.423,3.296,-175.281,57.151,167.871
-0.443,0.208,-0.925,-3.601,44.006,14.648,-175.875,55.602,167.454
-0.125,0.176,-0.884,7.141,38.025,-0.916,-176.05,53.295,166.97
-0.174,0.121,-0.791,0.732,-3.662,-17.7,-175.77,52.443,167.355
-0.454,0.132,-0.712,-7.629,-12.329,-20.935,-175.765,52.938,168.151
-0.406,0.114,-0.665,-7.935,0.122,-27.466,-175.787,52.993,169.387
-0.468,0.087,-0.688,-10.742,-10.986,-30.823,-175.781,53.168,170.991
-0.55,0.032,-0.705,-9.583,-4.578,-35.4,-175.638,53.619,172.936
-0.526,0.016,-0.719,-12.817,-3.174,-30.396,-175.501,53.8,174.974
-0.572,0.023,-0.797,-11.719,-0.854,-28.992,-175.463,54.064,176.863
-0.465,0.073,-0.827,-5.859,2.319,-28.687,-175.298,54.009,178.693
-0.434,0.06,-0.816,0.977,-17.395,-28.687,-174.765,54.366,-179.594
-0.66,0.063,-0.952,2.869,-18.188,-22.4,-174.089,55.377,-178.017
-0.599,0.027,-1.025,6.958,-9.033,-9.644,-173.578,55.69,-177.16
-0.989,-0.053,-1.267,9.46,-18.738,-5.554,-173.112,56.75,-176.655
-0.644,-0.125,-1.017,17.273,32.654,-3.601,-172.386,56.063,-176.303
-0.298,-0.155,-0.818,22.156,24.414,12.817,-171.727,54.739,-176.666
-0.291,-0.228,-0.804,33.936,18.799,11.658,-170.739,53.778,-177.616
-0.19,-0.308,-0.753,27.161,17.151,16.541,-169.508,52.806,-178.616
-0.183,-0.35,-0.706,13.184,-0.122,18.86,-168.893,52.344,179.934
-0.417,-0.259,-0.719,-8.667,-10.193,12.695,-168.986,52.586,178.737
-0.435,-0.226,-0.732,-6.714,0.61,13.855,-169.327,52.69,177.924
-0.513,-0.181,-0.758,-5.371,-6.775,18.982,-169.816,52.872,176.951
-0.531,-0.198,-0.751,-0.793,0.793,17.09,-170.118,53.207,176.144
-0.542,-0.198,-0.786,-3.418,-2.93,24.536,-170.524,53.405,175.232
-0.504,-0.159,-0.812,-4.883,5.127,27.893,-171.238,53.668,174.04
-0.497,-0.147,-0.833,-1.587,-2.869,27.405,-171.98,53.778,172.667
-0.42,-0.145,-0.819,-0.854,3.052,31.189,-172.634,53.937,171.167
-0.603,-0.182,-0.974,2.747,-10.193,24.109,-173.199,54.168,169.525
-0.508,-0.128,-1.094,-5.676,-1.16,28.137,-173.831,54.19,168.019
-0.814,-0.1,-1.256,-4.395,-6.165,12.756,-174.359,54.833,166.86
-0.49,0.002,-1.087,-4.639,24.597,-2.258,-174.65,53.998,166.52
-0.194,0.064,-0.906,-13.062,9.705,-7.568,-174.897,52.965,166.624
-0.384,0.115,-0.838,-14.893,-16.785,-17.639,-175.402,53.256,166.932
-0.438,0.135,-0.757,-19.531,9.949,-27.649,-175.748,53.212,168.041
-0.282,0.126,-0.667,-14.404,4.639,-24.78,-176.083,52.559,169.266
-0.347,0.129,-0.637,-9.949,-5.493,-19.836,-176.358,52.63,170.239
-0.47,0.108,-0.669,-5.249,-5.31,-13.0,-176.545,52.877,170.975
-0.479,0.079,-0.693,1.465,-4.333,-16.235,-176.561,53.069,171.683
-0.592,0.033,-0.771,0.61,-12.329,-14.587,-176.298,53.619,172.617
-0.607,0.004,-0.792,0.61,1.282,-12.268,-176.105,54.053,173.48
-0.526,0.019,-0.83,-0.488,1.282,-10.071,-175.93,54.097,174.331
-0.5,0.013,-0.821,3.113,-8.057,-11.963,-175.726,54.338,175.023
-0.493,0.039,-0.857,1.099,-14.587,-10.925,-175.375,55.003,175.792
-0.564,0.02,-0.96,4.883,-19.287,-10.742,-175.001,55.876,176.446
-0.644,0.014,-1.022,6.287,-26.245,-2.258,-174.633,56.915,176.83
-0.894,-0.038,-1.192,7.324,-20.081,5.31,-174.452,58.101,176.682
-0.719,-0.091,-1.03,7.69,3.052,8.911,-174.348,58.42,176.276
-0.381,-0.13,-0.73,5.981,11.047,17.822,-174.507,58.03,175.408
-0.424,-0.129,-0.689,7.507,-1.404,7.568,-174.617,57.827,174.496
-0.438,-0.161,-0.667,7.08,18.616,0.61,-174.133,57.349,174.364
-0.405,-0.194,-0.728,-0.732,19.653,13.672,-174.128,56.316,173.765
-0.38,-0.169,-0.704,-9.033,13.977,17.883,-174.705,55.47,172.672
-0.45,-0.101,-0.725,-12.573,0.61,21.606,-175.6,55.201,171.409
-0.566,-0.029,-0.747,-7.874,-7.08,20.508,-176.55,55.421,170.134
-0.565,-0.015,-0.772,0.244,3.174,17.822,-177.089,55.662,169.233
-0.539,-0.036,-0.766,4.7,-1.038,24.719,-177.484,55.679,168.157
-0.514,-0.025,-0.762,5.31,-3.052,25.635,-177.935,55.838,166.822
-0.563,-0.064,-0.823,6.165,-9.033,20.874,-178.187,56.255,165.635
-0.575,-0.067,-0.894,7.385,3.296,20.569,-178.44,56.525,164.493
-0.616,-0.114,-0.975,6.592,0.549,10.01,-178.412,56.327,163.608
-0.666,-0.054,-1.083,-0.183,-5.188,9.155,-178.412,56.387,163.01
-0.705,0.011,-1.13,-3.235,2.38,-0.549,-178.44,56.547,162.669
-0.453,0.103,-0.896,-1.831,13.733,-12.024,-178.27,56.091,162.993
-0.308,0.124,-0.875,-7.568,8.423,-15.991,-178.033,55.311,163.685
-0.37,0.147,-0.811,-10.437,1.404,-20.813,-178.171,55.184,164.339
-0.399,0.093,-0.753,-11.78,2.991,-38.635,-177.918,54.888,165.921
-0.35,0.105,-0.687,-10.376,4.822,-39.307,-177.561,54.591,167.959
-0.41,0.074,-0.667,-6.775,-7.568,-31.311,-177.138,54.63,169.777
-0.464,0.062,-0.66,-3.479,-4.395,-27.466,-176.797,54.882,171.271
-0.515,0.023,-0.689,-5.676,-11.292,-26.489,-176.424,55.316,172.809
-0.618,0.011,-0.753,-9.766,-14.038,-27.771,-176.144,56.008,174.507
-0.604,0.004,-0.803,-10.62,-4.028,-29.724,-175.847,56.563,176.413
-0.552,0.071,-0.819,-6.958,-3.662,-27.283,-175.644,56.816,178.198
-0.603,0.038,-0.858,-3.967,-9.644,-23.682,-175.1,57.173,179.934
-0.591,0.039,-0.947,0.0,-3.418,-14.404,-174.771,57.431,-178.901
-0.779,-0.01,-1.084,2.686,-10.315,-9.399,-174.446,57.958,-178.138
-0.891,-0.088,-1.166,4.272,5.249,-4.761,-174.144,58.14,-177.638
-0.526,-0.138,-0.919,1.77,23.071,9.338,-174.139,57.426,-177.61
-0.264,-0.179,-0.807,-0.732,19.043,21.79,-174.672,56.321,-178.605
-0.423,-0.2,-0.814,-6.958,8.972,20.691,-175.325,55.871,-179.813
-0.34,-0.18,-0.732,-16.235,26.306,26.489,-176.501,54.723,178.638
-0.306,-0.079,-0.707,-23.926,11.841,23.682,-178.017,53.707,177.111
-0.368,-0.003,-0.688,-16.602,-6.165,18.494,-179.291,53.525,175.809
-0.495,0.025,-0.715,-8.85,-13.672,23.804,179.747,54.02,174.567
-0.568,0.045,-0.747,2.991,-7.141,30.334,178.984,54.492,173.134
-0.551,0.054,-0.775,10.376,-0.916,38.269,178.451,54.641,171.425
-0.479,0.05,-0.864,19.958,4.822,47.18,178.061,54.465,169.31
-0.317,-0.11,-0.875,35.706,-10.315,68.42,178.028,54.327,166.3
-0.548,-0.05,-0.952,16.846,-36.133,83.252,177.116,55.173,161.472
-0.811,0.04,-1.039,17.944,-22.827,41.565,176.155,56.426,157.462
-0.769,0.102,-1.065,6.653,-3.479,-2.686,176.314,56.788,156.39
-0.614,0.131,-0.963,0.122,15.442,-47.974,177.429,56.75,158.099
-0.365,0.125,-0.855,-14.526,22.888,-57.251,178.918,55.909,161.488
-0.387,0.208,-0.813,-25.757,10.498,-54.382,179.396,55.223,164.559
-0.337,0.207,-0.731,-23.865,14.648,-65.613,179.758,54.657,167.899
-0.3,0.203,-0.671,-15.137,2.991,-65.369,-179.594,54.283,171.464
-0.386,0.085,-0.667,-9.888,-9.277,-62.073,-178.632,54.509,174.847
-0.469,0.05,-0.665,-13.184,-9.399,-61.34,-177.759,55.025,178.171
-0.559,0.032,-0.718,-13.306,-14.465,-50.415,-177.017,55.629,-178.649
-0.583,-0.007,-0.721,-9.521,-3.967,-43.396,-176.38,56.118,-175.919
-0.596,-0.009,-0.764,-11.414,-6.714,-30.701,-175.908,56.486,-173.595
-0.628,-0.011,-0.779,-7.141,-5.981,-20.996,-175.644,56.849,-171.898
-0.552,0.022,-0.762,-5.066,2.136,-12.268,-175.578,57.041,-170.733
-0.606,0.052,-0.86,-3.052,-4.883,-3.235,-175.616,57.332,-170.074
-0.588,0.077,-0.954,-1.526,-5.188,6.226,-175.886,57.387,-170.002
-0.733,0.047,-1.091,5.188,-16.785,2.014,-176.039,58.2,-170.184
-0.904,-0.084,-1.17,15.381,-9.338,-7.69,-175.474,58.892,-169.898
-0.703,-0.185,-1.037,3.967,13.0,4.15,-174.864,58.925,-169.503
-0.277,-0.1,-0.802,-0.793,24.78,19.592,-175.325,57.783,-170.178
-0.323,-0.149,-0.787,2.869,-4.15,15.32,-175.611,57.343,-171.14
-0.314,-0.03,-0.74,-3.113,9.644,24.414,-176.287,56.997,-172.452
-0.328,-0.085,-0.66,-0.427,-4.272,9.949,-176.688,56.7,-173.546
-0.455,-0.057,-0.695,-3.601,-15.991,3.052,-176.891,57.118,-173.941
-0.482,-0.052,-0.686,-4.089,-11.169,1.099,-176.946,57.678,-173.914
-0.562,-0.065,-0.696,-0.061,-21.729,-0.916,-176.918,58.497,-173.793
-0.673,-0.09,-0.709,-0.793,-13.123,0.244,-176.726,59.436,-173.37
-0.628,-0.079,-0.696,0.793,-4.395,5.798,-176.759,59.87,-173.167
-0.623,-0.092,-0.731,0.366,-5.493,9.399,-176.841,60.287,-173.079
-0.618,-0.083,-0.771,0.916,-5.005,12.512,-177.089,60.672,-173.282
-0.697,-0.135,-0.861,1.465,1.343,7.202,-177.155,60.963,-173.375
-0.842,-0.114,-1.05,-1.16,-5.005,-8.85,-177.023,61.15,-172.93
-0.865,0.025,-1.106,-5.859,6.836,-19.775,-176.682,61.227,-171.7
-0.484,0.061,-0.823,-9.644,19.653,-29.846,-175.995,60.524,-169.887
-0.45,0.15,-0.828,-18.127,5.798,-25.696,-175.77,59.711,-168.113
-0.476,0.157,-0.756,-18.738,20.874,-32.654,-175.913,59.172,-166.586
-0.331,0.141,-0.657,-17.212,22.705,-46.143,-175.737,57.794,-164.405
-0.385,0.113,-0.677,-14.038,9.644,-50.415,-175.325,56.904,-161.895
-0.401,0.059,-0.647,-16.052,5.127,-58.533,-174.666,56.382,-159.011
-0.496,0.023,-0.708,-18.127,-1.831,-64.514,-173.941,56.129,-155.649
-0.543,0.036,-0.784,-23.315,11.169,-64.575,-173.337,55.756,-152.067
-0.448,-0.012,-0.756,-19.47,-0.854,-65.369,-172.656,55.206,-148.469
-0.576,0.0,-0.796,-22.522,-13.0,-59.57,-172.101,55.541,-145.031
-0.57,0.003,-0.775,-24.536,-6.165,-52.551,-171.705,55.8,-141.833
-0.483,0.044,-0.748,-21.912,-5.676,-44.556,-171.645,55.898,-139.208
-0.48,0.096,-0.756,-21.545,-14.832,-30.945,-171.788,56.354,-137.175
-0.642,0.086,-0.876,-5.493,-29.541,-29.419,-171.766,57.42,-135.676
-0.926,-0.092,-0.959,15.015,-30.457,-44.006,-170.491,58.958,-133.528
-0.729,-0.269,-0.882,10.376,2.014,-37.415,-168.519,59.48,-130.984
-0.384,-0.303,-0.729,-11.23,36.682,-24.719,-167.618,58.25,-129.282
-0.135,-0.181,-0.706,-25.269,-3.052,-13.245,-168.124,56.986,-128.326
-0.493,-0.19,-0.755,-23.071,-39.673,-28.809,-168.354,58.079,-126.782
-0.652,-0.148,-0.788,-24.658,-10.864,-41.748,-168.146,58.98,-124.321
-0.556,-0.194,-0.744,-26.001,5.737,-51.392,-167.679,58.656,-121.41
-0.476,-0.199,-0.726,-34.119,4.089,-56.702,-167.316,57.849,-118.158
-0.51,-0.179,-0.771,-44.006,-1.282,-63.293,-167.256,57.332,-114.549
-0.495,-0.166,-0.765,-49.316,-8.179,-71.411,-167.355,56.964,-110.479
-0.504,-0.195,-0.786,-53.162,-10.498,-80.505,-167.349,56.805,-105.859
-0.549,-0.197,-0.816,-54.81,-20.63,-87.891,-167.25,56.86,-100.75
-0.633,-0.225,-0.877,-59.692,-8.606,-86.67,-167.124,56.876,-95.455
-0.494,-0.075,-0.901,-58.289,-6.348,-75.195,-167.635,56.332,-90.912
-0.743,-0.072,-1.05,-38.452,-24.475,-79.224,-167.498,56.667,-86.572
-0.512,-0.037,-0.821,-49.927,-3.296,-67.566,-167.404,56.569,-82.557
-0.392,0.026,-0.74,-57.556,-26.184,-63.11,-168.217,56.728,-79.239
-0.673,0.107,-0.733,-68.787,-38.818,-76.294,-169.124,58.255,-75.328
-0.69,0.185,-0.707,-62.439,-15.076,-87.524,-169.821,59.106,-70.922
-0.649,0.157,-0.71,-51.88,-2.319,-91.309,-169.882,59.106,-66.297
-0.58,0.081,-0.79,-48.767,6.409,-77.148,-169.86,58.727,-62.155
-0.485,0.076,-0.75,-48.584,-1.221,-60.73,-170.442,58.228,-59.106
-0.556,0.191,-0.758,-46.387,-14.893,-49.5,-171.332,58.596,-56.717
-0.582,0.209,-0.794,-31.494,-11.047,-43.579,-172.024,59.178,-54.877
-0.628,0.155,-0.913,-15.259,-13.611,-35.461,-172.31,59.749,-53.586
-0.738,-0.033,-0.869,-1.16,-24.902,-31.128,-171.826,60.809,-52.476
-0.623,-0.104,-0.807,-0.793,2.258,-24.414,-171.348,61.309,-51.707
-0.379,-0.171,-0.822,-3.052,23.376,-21.423,-170.881,60.145,-51.119
-0.47,-0.236,-0.856,-10.803,-0.854,-29.785,-170.316,59.656,-49.96
-0.462,-0.151,-0.822,-21.301,12.512,-27.588,-170.272,58.909,-48.593
-0.475,-0.106,-0.83,-34.546,6.042,-24.048,-170.859,58.277,-47.406
-0.462,-0.031,-0.871,-34.18,9.094,-32.288,-171.672,57.519,-46.06
-0.498,-0.05,-0.888,-29.297,6.775,-37.72,-172.079,56.937,-44.341
-0.456,-0.091,-0.85,-26.917,1.343,-40.344,-172.266,56.382,-42.457
-0.512,-0.114,-0.785,-29.419,-12.573,-43.091,-172.343,56.497,-40.331
-0.54,-0.128,-0.759,-33.142,-8.911,-39.124,-172.518,56.81,-38.199
-0.542,-0.13,-0.744,-33.875,-13.367,-35.217,-172.963,57.167,-36.392
-0.649,-0.213,-0.841,-33.936,-9.033,-35.339,-173.238,57.667,-34.514
-0.727,-0.15,-0.982,-35.4,-1.892,-25.024,-173.837,57.87,-33.03
-0.749,-0.051,-1.096,-30.396,7.141,-33.691,-174.37,57.81,-31.696
-0.484,0.06,-1.013,-30.457,24.597,-33.325,-174.694,56.849,-30.075
-0.25,0.155,-0.929,-37.598,8.606,-27.588,-175.435,55.75,-28.784
-0.422,0.293,-0.905,-40.161,0.061,-19.714,-176.94,55.668,-27.982
-0.3,0.285,-0.839,-20.447,22.766,-33.142,-177.88,54.723,-27.147
-0.177,0.211,-0.752,-9.644,8.545,-33.813,-177.99,53.767,-25.911
-0.313,0.139,-0.728,-6.165,-12.573,-23.315,-177.962,53.839,-25.027
-0.416,0.126,-0.713,-4.944,-13.367,-21.362,-178.072,54.338,-24.532
-0.5,0.101,-0.725,-5.92,-14.343,-20.813,-178.061,54.992,-24.055
-0.6,0.094,-0.771,-3.662,-12.878,-21.851,-177.984,55.662,-23.615
-0.579,0.095,-0.757,-3.357,-4.211,-22.339,-177.709,56.168,-23.088
-0.58,0.088,-0.75,-1.038,-10.437,-18.127,-177.402,56.635,-22.709
-0.582,0.068,-0.757,4.517,-6.592,-18.005,-176.83,57.162,-22.33
-0.521,0.059,-0.811,9.033,-8.972,-12.756,-176.221,57.673,-22.176
-0.546,0.064,-0.837,5.737,-8.301,-5.066,-175.759,58.266,-22.324
-0.631,0.029,-0.905,11.536,-13.733,-9.338,-175.358,58.826,-22.582
-0.68,0.003,-1.04,9.766,-11.963,-7.141,-174.787,59.299,-22.626
-0.83,-0.107,-1.109,12.512,-10.62,-7.69,-174.018,59.996,-22.626
-0.708,-0.112,-0.993,7.202,1.648,5.127,-173.524,60.139,-22.89
-0.394,-0.136,-0.772,14.526,13.611,12.695,-173.43,59.755,-23.923
-0.354,-0.237,-0.728,16.785,2.319,2.319,-172.793,59.304,-24.571
-0.446,-0.243,-0.77,7.507,13.794,4.944,-172.161,58.832,-24.752
-0.295,-0.226,-0.712,0.671,19.775,13.306,-172.172,57.772,-25.417
-0.297,-0.189,-0.676,-7.935,-0.977,11.353,-172.513,57.206,-25.994
-0.508,-0.133,-0.707,-11.597,-13.489,11.108,-173.062,57.601,-26.356
-0.57,-0.072,-0.727,-6.958,-2.625,14.282,-173.705,57.931,-27.043
-0.613,-0.077,-0.729,1.648,-7.385,12.207,-174.001,58.195,-27.872
-0.652,-0.1,-0.759,5.615,-0.671,11.902,-174.012,58.513,-28.713
-0.618,-0.136,-0.726,6.104,2.869,8.911,-173.974,58.574,-29.603
-0.581,-0.146,-0.717,-1.648,2.136,10.376,-173.974,58.563,-30.295
-0.535,-0.107,-0.762,-6.104,4.761,16.785,-174.446,58.579,-31.24
-0.541,-0.039,-0.762,-3.723,-3.052,23.132,-175.232,58.64,-32.552
-0.656,-0.049,-0.845,8.911,-0.977,23.499,-175.781,58.854,-34.091
-0.618,-0.121,-0.903,8.545,8.179,23.132,-175.941,58.804,-35.568
-0.58,-0.136,-0.941,5.859,6.775,21.301,-176.221,58.442,-37.013
-0.744,-0.091,-1.091,2.258,-4.211,17.395,-176.539,58.387,-38.167
-0.719,-0.034,-1.202,3.601,17.212,12.756,-176.688,58.129,-39.034
-0.409,0.068,-0.995,2.136,8.911,2.625,-176.715,57.409,-39.501
-0.311,0.146,-0.841,-0.305,0.61,-9.277,-176.561,57.063,-39.309
-0.544,0.147,-0.79,-3.601,0.366,-21.362,-176.254,57.101,-38.485
-0.42,0.179,-0.715,-5.371,29.053,-34.119,-175.886,56.008,-37.205
-0.358,0.146,-0.647,1.343,18.433,-43.762,-175.078,54.739,-35.431
-0.378,0.072,-0.667,5.737,7.812,-41.26,-174.034,54.075,-33.624
-0.441,0.012,-0.652,6.592,-6.042,-34.607,-172.996,54.042,-32.097
-0.519,-0.029,-0.721,4.211,-8.667,-29.053,-172.101,54.426,-30.833
-0.59,-0.006,-0.807,1.404,-2.625,-28.687,-171.436,54.772,-29.745
-0.486,-0.052,-0.83,3.784,-1.282,-31.982,-170.53,54.728,-28.438
-0.57,-0.071,-0.84,1.16,-14.099,-19.836,-169.722,55.107,-27.235
-0.7,0.012,-1.045,1.831,5.371,2.991,-169.629,55.453,-27.142
-0.653,-0.034,-1.114,25.574,8.667,12.756,-169.547,55.085,-28.279
-0.647,-0.256,-1.174,32.837,22.766,14.954,-168.53,54.695,-29.46
-0.167,-0.244,-0.856,37.537,31.433,27.588,-167.761,53.289,-31.229
-0.126,-0.283,-0.801,43.152,-8.423,15.381,-166.41,52.773,-32.585
-0.322,-0.432,-0.762,36.987,-8.118,-13.0,-164.213,53.08,-32.151
-0.251,-0.524,-0.663,13.0,-8.545,-16.296,-162.345,52.888,-30.69
-0.343,-0.492,-0.632,-8.362,-19.714,-6.348,-161.543,53.278,-29.323
-0.497,-0.371,-0.664,-22.156,-24.841,4.822,-161.801,54.256,-28.477
-0.564,-0.297,-0.681,-22.278,-7.324,11.902,-162.631,54.91,-28.411
-0.613,-0.248,-0.73,-22.644,3.235,17.761,-163.79,55.245,-29.042
-0.571,-0.229,-0.766,-16.296,6.409,15.503,-164.938,55.19,-29.971
-0.537,-0.186,-0.769,-14.282,11.902,19.958,-166.003,55.091,-31.02
-0.473,-0.175,-0.761,-8.667,8.911,24.597,-167.075,54.866,-32.459
-0.468,-0.164,-0.804,-3.601,5.92,27.71,-168.019,54.849,-34.036
-0.42,-0.2,-0.794,1.587,1.648,23.438,-168.723,54.871,-35.568
-0.604,-0.289,-0.914,4.028,-11.475,13.062,-168.871,55.333,-36.425
-0.63,-0.214,-1.06,-3.845,-2.441,22.461,-169.266,55.585,-37.332
-0.654,-0.168,-1.098,-4.395,-2.563,12.085,-169.766,55.964,-38.21
-0.55,-0.056,-1.066,-3.784,11.597,-2.563,-170.057,55.8,-38.491
-0.237,0.01,-0.911,-10.559,12.817,-3.479,-170.277,54.871,-38.386
-0.408,0.082,-0.888,-11.658,-16.907,-8.118,-170.815,54.937,-38.145
-0.482,0.069,-0.831,-12.39,2.075,-17.883,-171.14,55.085,-37.485
-0.416,0.08,-0.74,-11.536,-1.404,-17.578,-171.486,54.827,-36.821
-0.414,0.048,-0.654,-7.568,-2.136,-20.264,-171.634,54.778,-36.134
-0.489,0.021,-0.675,-5.005,-2.93,-16.296,-171.65,54.888,-35.552
-0.473,-0.021,-0.672,-2.991,1.587,-14.832,-171.612,54.827,-35.2
-0.555,-0.003,-0.738,-3.906,4.7,-16.174,-171.595,54.822,-34.854
-0.492,-0.067,-0.745,-2.136,5.493,-18.372,-171.31,54.487,-34.321
-0.508,-0.06,-0.808,-3.418,-3.357,-14.526,-171.145,54.52,-33.838
-0.535,-0.009,-0.859,-4.761,-5.615,-11.047,-171.085,54.849,-33.508
-0.55,0.052,-0.943,3.235,0.671,-5.493,-170.936,55.124,-33.371
-0.454,-0.007,-1.046,13.733,-4.944,-0.488,-170.607,54.937,-33.712
-0.627,-0.153,-1.062,14.16,-26.306,-10.803,-169.821,55.854,-33.64
-0.932,-0.256,-1.13,10.681,-20.081,-13.0,-168.827,56.898,-32.964
-0.691,-0.281,-1.038,3.418,27.039,14.832,-168.404,56.86,-33.135
-0.186,-0.224,-0.746,3.845,30.273,28.687,-169.085,55.453,-34.98
-0.241,-0.231,-0.754,6.958,-7.019,17.517,-169.387,54.959,-36.315
-0.463,-0.224,-0.756,-2.075,3.296,19.592,-169.514,55.245,-36.974
-0.317,-0.195,-0.712,-13.0,20.874,20.508,-170.354,54.465,-38.051
-0.32,-0.136,-0.715,-17.639,0.0,14.954,-171.436,53.965,-38.798
-0.457,-0.119,-0.738,-13.794,-4.211,11.292,-172.293,54.168,-39.249
-0.534,-0.102,-0.755,-14.038,-6.531,15.137,-173.156,54.399,-39.897
-0.567,-0.062,-0.784,-11.902,0.0,11.963,-174.045,54.673,-40.688
-0.541,-0.014,-0.784,-9.644,3.54,12.878,-174.781,54.668,-41.479
-0.472,0.005,-0.764,-0.549,-1.892,12.39,-175.314,54.717,-42.413
-0.512,-0.039,-0.789,4.883,-2.136,13.672,-175.468,55.014,-43.325
-0.488,-0.098,-0.827,6.897,-5.066,12.939,-175.594,55.256,-44.385
-0.642,-0.127,-0.953,9.338,-9.094,3.54,-175.43,55.706,-45.005
-0.668,-0.124,-1.118,4.944,-4.639,7.385,-175.117,55.86,-45.319
-0.68,-0.095,-1.166,4.517,2.319,2.563,-174.831,56.129,-45.61
-0.52,-0.002,-1.064,6.348,4.456,-5.798,-174.485,55.865,-45.599
-0.323,0.064,-0.904,-2.014,21.667,-2.197,-174.188,55.08,-45.406
-0.333,0.158,-0.847,-0.549,-2.747,-1.526,-174.485,54.459,-45.637
-0.408,0.062,-0.758,1.77,-1.221,-23.193,-174.21,54.404,-45.242
-0.415,0.054,-0.663,-4.639,-4.517,-27.222,-173.809,54.388,-44.138
-0.371,0.002,-0.57,-3.54,-6.287,-29.907,-173.408,54.498,-42.962
-0.522,-0.006,-0.647,-6.47,-9.705,-25.513,-173.068,54.91,-41.819
-0.487,-0.023,-0.668,-5.676,1.709,-18.25,-172.875,55.014,-41.089
-0.533,0.005,-0.757,-5.676,-2.747,-16.235,-172.826,55.201,-40.638
-0.599,-0.04,-0.803,-4.883,-7.324,-17.517,-172.617,55.492,-40.078
-0.523,-0.018,-0.805,-5.798,-1.16,-11.353,-172.524,55.761,-39.666
-0.497,0.023,-0.788,-2.686,-17.09,-3.845,-172.667,56.36,-39.732
-0.611,0.028,-0.868,-3.418,-10.742,2.075,-172.798,57.228,-40.001
-0.633,0.046,-0.98,3.845,-1.221,9.888,-173.199,57.601,-40.941
-0.714,-0.048,-1.127,13.916,-6.47,3.296,-173.128,57.7,-41.814
-0.792,-0.164,-1.083,11.169,-1.099,6.042,-172.65,58.151,-42.336
-0.424,-0.173,-0.847,8.545,22.217,17.334,-172.678,57.596,-43.347
-0.276,-0.211,-0.808,11.108,8.057,12.39,-172.656,56.739,-44.39
-0.366,-0.216,-0.767,4.639,6.226,13.306,-172.447,56.437,-44.83
-0.368,-0.18,-0.732,-0.183,3.296,17.273,-172.661,56.041,-45.483
-0.406,-0.166,-0.713,-3.113,4.944,13.489,-172.947,55.794,-45.983
-0.428,-0.129,-0.713,-5.127,1.953,16.663,-173.37,55.591,-46.522
-0.499,-0.093,-0.74,-4.456,-4.211,16.113,-173.886,55.651,-47.225
-0.576,-0.059,-0.763,-1.16,3.662,13.977,-174.276,55.772,-47.911
-0.477,-0.101,-0.752,1.221,2.075,13.916,-174.501,55.585,-48.669
-0.523,-0.107,-0.779,-1.831,-2.93,15.564,-174.814,55.805,-49.417
-0.503,-0.103,-0.811,-1.892,-5.676,18.494,-175.303,56.096,-50.35
-0.552,-0.083,-0.865,-0.732,-11.658,17.761,-175.765,56.591,-51.257
-0.747,-0.097,-1.068,6.348,-11.108,10.925,-175.847,57.145,-51.949
-0.596,-0.094,-1.065,4.15,10.864,15.747,-175.77,57.145,-52.559
-0.754,-0.021,-1.125,3.418,-11.108,6.531,-175.836,57.535,-53.218
-0.574,0.027,-1.009,5.798,16.296,-10.742,-175.507,57.321,-53.091
-0.263,0.069,-0.812,-3.601,13.55,-12.024,-175.078,56.365,-52.482
-0.471,0.095,-0.832,-7.568,-13.916,-15.503,-175.089,56.398,-51.833
-0.455,0.088,-0.783,-10.681,15.381,-24.597,-175.073,56.272,-50.894
-0.359,0.072,-0.69,-11.536,3.54,-25.391,-175.1,55.53,-49.774
-0.43,0.047,-0.65,-15.442,-6.287,-21.484,-175.248,55.58,-48.757
-0.477,0.061,-0.643,-14.526,-2.747,-23.987,-175.545,55.772,-47.851
-0.536,0.036,-0.676,-15.015,-2.808,-23.071,-175.732,55.948,-46.895
-0.539,0.031,-0.707,-15.686,-1.953,-21.912,-175.979,56.124,-46.06
-0.638,0.018,-0.747,-15.686,-10.864,-21.912,-176.171,56.64,-45.181
-0.619,0.095,-0.803,-18.86,1.587,-12.451,-176.6,56.986,-44.621
-0.51,0.138,-0.798,-9.094,-3.479,-9.766,-177.122,57.173,-44.561
-0.542,0.136,-0.915,-4.639,-8.667,-8.484,-177.33,57.623,-44.528
-0.597,0.122,-0.999,-1.343,-19.531,-4.456,-177.528,58.228,-44.698
-0.868,0.008,-1.134,4.944,-31.555,-12.817,-177.237,59.612,-44.528
-0.887,-0.095,-1.071,2.075,1.465,-6.409,-176.732,60.469,-44.198
-0.416,-0.11,-0.821,3.967,24.841,9.46,-176.88,59.403,-44.692
-0.313,-0.177,-0.796,7.019,19.531,8.24,-176.781,58.26,-45.148
-0.283,-0.152,-0.76,-1.648,16.052,21.301,-176.913,57.255,-45.637
-0.306,-0.088,-0.729,-4.7,6.775,26.184,-177.649,56.541,-46.615
-0.37,-0.053,-0.709,-5.493,-4.15,18.127,-178.286,56.261,-47.318
-0.51,-0.015,-0.716,-2.258,-9.338,13.062,-178.77,56.514,-47.774
-0.557,-0.039,-0.71,2.502,-10.193,10.925,-178.896,56.898,-48.142
-0.611,-0.047,-0.721,3.845,-8.667,14.038,-178.995,57.437,-48.741
-0.589,-0.039,-0.734,1.099,-3.052,16.846,-179.236,57.739,-49.57
-0.528,-0.041,-0.73,-0.183,-11.23,13.611,-179.594,58.162,-50.411
-0.593,-0.059,-0.77,-1.648,-17.029,1.587,-179.72,59.068,-50.691
-0.633,-0.051,-0.826,-1.16,-11.047,3.662,-179.736,59.821,-50.696
-0.833,-0.029,-0.996,4.578,-4.089,8.057,-179.786,60.222,-51.031
-0.748,0.044,-1.084,5.92,0.671,5.188,-179.775,60.04,-51.416
-0.8,0.106,-1.088,3.784,8.179,-7.935,-179.324,60.095,-51.163
-0.405,0.179,-0.791,5.188,24.17,-10.071,-178.786,59.03,-50.603
-0.544,0.171,-0.761,5.615,-8.118,-12.512,-178.253,58.738,-50.142
-0.489,0.111,-0.769,0.61,26.367,-25.818,-177.693,58.315,-49.389
-0.315,0.129,-0.69,-4.944,22.156,-30.029,-177.144,56.992,-48.049
-0.331,0.087,-0.667,-3.723,9.094,-27.771,-176.743,56.146,-46.758
-0.423,0.068,-0.677,-4.578,7.202,-27.1,-176.424,55.75,-45.588
-0.419,0.022,-0.68,-5.066,7.751,-28.259,-176.05,55.283,-44.33
-0.505,0.001,-0.708,-7.69,-4.578,-27.588,-175.787,55.173,-43.066
-0.619,-0.003,-0.801,-10.376,0.366,-29.114,-175.534,55.404,-41.671
-0.568,-0.0,-0.807,-12.817,5.859,-24.353,-175.32,55.283,-40.314
-0.518,0.052,-0.825,-11.169,-2.014,-17.151,-175.468,55.245,-39.463
-0.601,0.074,-0.962,-8.789,1.77,-10.315,-175.644,55.393,-38.958
-0.686,0.117,-1.187,-5.493,-0.977,4.272,-176.105,55.311,-39.172
-0.759,-0.027,-1.217,9.46,-0.549,-5.92,-176.039,55.585,-39.424
-0.473,-0.089,-0.988,6.287,14.099,-1.709,-175.54,55.096,-39.238
-0.229,-0.105,-0.938,8.24,25.085,9.277,-175.397,53.987,-39.567
-0.145,-0.15,-0.882,8.545,14.709,0.427,-175.078,52.883,-39.567
-0.186,-0.17,-0.796,1.831,-4.272,1.404,-174.666,52.388,-38.919
-0.38,-0.129,-0.736,-2.869,-0.793,6.531,-174.628,52.454,-38.491
-0.252,-0.138,-0.719,1.221,-9.46,6.592,-174.584,52.289,-38.254
-0.47,-0.134,-0.708,-2.197,-31.677,12.146,-174.584,53.295,-38.15
-0.702,-0.118,-0.725,-3.601,-18.738,12.207,-174.82,54.613,-38.419
-0.579,-0.083,-0.709,-5.005,3.174,15.137,-175.243,55.036,-39.045
-0.494,-0.116,-0.691,-5.127,-3.357,5.981,-175.594,55.173,-39.606
-0.577,-0.061,-0.758,-10.254,-8.972,6.165,-175.99,55.668,-39.82
-0.531,-0.1,-0.836,-5.92,-0.549,3.113,-176.303,56.096,-39.979
-0.534,-0.086,-0.918,-5.92,-6.775,6.104,-176.605,56.316,-40.128
-0.466,-0.012,-0.97,3.174,-20.264,7.324,-176.803,56.948,-40.441
-0.952,-0.055,-1.087,7.935,-24.963,4.517,-176.418,58.585,-40.507
-0.796,-0.001,-1.115,3.845,-5.676,-0.244,-176.353,58.931,-40.798
-0.612,0.006,-1.01,-6.47,3.601,-27.039,-175.803,59.008,-39.749
-0.443,0.125,-0.968,-22.766,21.545,-23.071,-175.776,58.151,-38.205
-0.304,0.193,-0.828,-20.081,12.634,-23.376,-176.369,57.211,-37.079
-0.236,0.136,-0.687,-13.367,2.563,-39.978,-176.325,56.607,-35.244
-0.312,0.059,-0.584,-11.047,-5.859,-45.41,-175.814,56.525,-32.789
-0.451,0.027,-0.606,-17.7,-4.211,-48.645,-175.386,56.591,-30.273
-0.505,0.044,-0.701,-21.729,10.986,-51.697,-175.012,56.299,-27.609
-0.501,0.035,-0.742,-17.7,-0.122,-49.805,-174.688,55.827,-25.065
-0.627,0.036,-0.789,-19.775,-7.446,-43.762,-174.386,56.063,-22.775
-0.625,0.018,-0.766,-22.156,0.916,-42.725,-174.205,56.294,-20.731
-0.594,0.053,-0.766,-24.353,5.31,-41.748,-174.276,56.124,-18.864
-0.571,0.087,-0.777,-25.635,9.949,-46.692,-174.364,55.849,-16.924
-0.571,0.08,-0.79,-20.569,9.399,-54.077,-174.172,55.393,-14.628
-0.517,0.07,-0.801,-18.372,14.404,-53.589,-173.765,54.822,-12.195
-0.464,0.052,-0.769,-17.212,2.991,-44.556,-173.419,54.399,-10.02
-0.566,0.12,-0.787,-11.963,-4.089,-26.184,-173.469,54.558,-8.729
-0.565,0.13,-0.82,-5.066,3.174,-16.663,-173.48,54.701,-8.223
-0.511,0.113,-0.869,7.141,1.16,-10.315,-173.342,54.624,-8.256
-0.696,0.019,-1.059,18.677,-17.09,-11.719,-172.711,55.195,-8.322
-0.695,-0.167,-1.054,18.555,-17.09,-20.203,-171.332,56.014,-7.685
-0.409,-0.266,-0.822,7.08,14.587,-20.569,-170.167,56.003,-6.773
-0.183,-0.293,-0.85,-5.066,7.385,-39.612,-169.382,54.745,-5.378
-0.347,-0.335,-0.838,-24.658,-19.897,-60.913,-168.333,54.712,-2.016
-0.468,-0.258,-0.887,-37.842,-6.47,-71.106,-167.816,54.657,2.065
-0.333,-0.228,-0.848,-52.002,-8.118,-81.177,-167.602,54.069,6.652
-0.388,-0.159,-0.808,-60.913,-29.358,-94.666,-167.745,54.086,11.887
-0.551,-0.136,-0.81,-69.824,-28.992,-110.352,-167.811,54.608,18.04
-0.523,-0.099,-0.77,-74.585,-24.78,-120.728,-167.882,54.778,24.736
-0.563,-0.133,-0.749,-71.716,-25.574,-123.718,-167.805,55.113,31.685
-0.526,-0.145,-0.723,-71.106,-25.635,-113.892,-167.734,55.305,38.304
-0.617,-0.111,-0.804,-66.528,-24.963,-97.107,-167.893,55.865,44.088
-0.569,-0.153,-0.808,-53.223,-18.86,-86.365,-167.948,56.173,48.994
-0.604,-0.192,-0.841,-49.072,-21.118,-79.285,-167.833,56.602,53.536
-0.575,-0.223,-0.812,-44.983,-20.081,-75.012,-167.558,57.025,57.881
-0.635,-0.221,-0.875,-44.006,-27.832,-71.289,-167.256,57.623,62.067
-0.656,-0.205,-0.811,-36.987,-29.419,-79.651,-166.509,58.563,66.627
-0.582,-0.107,-0.754,-47.241,-21.79,-74.524,-165.762,59.057,71.488
-0.658,0.021,-0.794,-51.392,-34.363,-60.486,-165.965,59.826,75.916
-0.661,0.097,-0.715,-61.34,-24.902,-51.941,-166.8,60.853,80.31
-0.63,0.119,-0.673,-61.401,-14.648,-58.716,-168.074,61.381,84.886
-0.611,0.125,-0.678,-65.979,-6.287,-66.345,-169.2,61.392,90.154
-0.654,0.152,-0.74,-65.186,-0.916,-71.045,-170.398,61.1,95.729
-0.659,0.127,-0.75,-67.322,-0.732,-77.271,-171.37,60.683,101.722
-0.694,0.158,-0.78,-62.073,5.92,-78.308,-172.249,60.244,107.891
-0.622,0.173,-0.757,-46.57,8.545,-70.557,-172.837,59.496,113.758
-0.583,0.167,-0.728,-27.344,6.104,-49.561,-173.062,58.942,118.691
-0.499,0.133,-0.646,-8.057,1.343,-27.71,-173.172,58.546,122.168
-0.499,0.066,-0.587,3.052,-11.047,-13.184,-173.04,58.777,124.497
-0.678,0.027,-0.664,9.949,-27.954,-4.944,-172.82,59.771,126.255
-0.824,-0.071,-0.698,9.277,-36.499,-4.639,-172.337,61.573,128.057
-0.899,-0.007,-0.748,5.493,-30.457,-9.338,-172.007,63.358,130.084
-1.118,-0.043,-1.001,10.071,-33.447,-1.892,-171.513,65.072,132.006
-1.096,-0.135,-1.084,20.447,-2.502,-13.123,-170.623,66.039,133.846
-0.822,-0.286,-0.996,13.855,6.042,-19.043,-168.931,65.803,136.351
-0.43,-0.194,-0.878,-5.859,40.039,8.423,-169.047,64.429,137.274
-0.213,-0.18,-0.832,-3.418,23.499,0.549,-169.618,62.935,137.357
-0.337,-0.187,-0.816,-3.296,6.897,-8.179,-169.596,61.848,137.884
-0.334,-0.305,-0.75,-11.536,0.488,-6.958,-169.376,61.315,138.625
-0.382,-0.213,-0.645,-31.677,-20.691,-7.019,-170.013,61.359,139.169
-0.561,-0.146,-0.598,-34.485,-30.029,-11.963,-170.865,62.391,140.202
-0.613,-0.08,-0.562,-32.104,-22.827,-8.24,-171.738,63.49,141.707
-0.73,-0.077,-0.628,-24.17,-12.878,-3.418,-172.568,64.473,143.245
-0.646,-0.081,-0.625,-19.165,3.418,4.517,-173.568,64.737,144.393
-0.682,-0.102,-0.7,-12.939,4.456,3.235,-174.435,64.753,145.393
-0.636,-0.111,-0.817,-5.615,14.832,11.353,-175.089,64.325,145.997
-0.566,-0.12,-0.883,-1.099,6.042,12.024,-175.616,63.88,146.124
-0.636,-0.17,-0.872,5.676,-13.489,0.549,-175.413,64.226,146.607
-0.812,-0.111,-0.946,-1.709,-18.555,10.132,-175.413,64.973,146.931
-0.821,-0.063,-0.906,-9.155,-7.324,-0.916,-175.633,65.599,147.426
-0.686,0.037,-0.809,-14.832,16.052,-10.986,-175.853,65.308,148.672
-0.49,0.161,-0.772,-24.231,20.691,-5.615,-176.462,64.105,149.941
-0.622,0.27,-0.784,-16.968,13.55,-6.897,-177.473,63.463,150.749
-0.476,0.265,-0.704,-11.108,19.043,-18.86,-177.792,62.232,152.21
-0.479,0.207,-0.644,-1.831,4.333,-24.597,-177.698,61.644,153.918
-0.475,0.117,-0.567,-0.671,-2.075,-31.86,-177.078,61.496,156.099
-0.563,0.077,-0.582,-0.549,-10.01,-32.349,-176.353,61.76,158.522
-0.664,0.019,-0.609,-0.793,-4.822,-33.569,-175.485,62.177,161.115
-0.719,-0.008,-0.681,-2.747,4.822,-34.668,-174.573,62.188,163.905
-0.66,-0.023,-0.727,-5.432,11.047,-31.738,-173.754,61.875,166.718
-0.565,-0.019,-0.737,-3.723,3.113,-28.381,-173.134,61.419,169.184
-0.577,-0.027,-0.75,-4.15,-7.69,-24.353,-172.452,61.666,171.486
-0.653,0.021,-0.832,-3.784,-4.883,-13.794,-172.227,61.935,173.09
-0.715,-0.036,-0.958,-0.183,-6.47,-12.512,-171.914,62.106,174.397
-0.898,-0.118,-1.143,-3.052,-7.019,-10.437,-171.656,62.474,175.589
-0.916,-0.2,-1.118,-6.836,0.732,-11.658,-171.464,62.6,176.841
-0.527,-0.235,-0.864,-6.165,22.583,0.61,-171.628,61.908,177.616
-0.302,-0.225,-0.712,-7.507,15.381,15.503,-172.321,60.815,177.292
-0.464,-0.205,-0.717,-9.094,17.883,20.081,-173.145,60.2,176.589
-0.317,-0.202,-0.672,-9.644,31.311,22.522,-174.199,58.667,175.545
-0.301,-0.17,-0.646,-20.142,12.39,15.93,-175.243,57.491,174.771
-0.451,-0.123,-0.673,-21.606,-1.587,7.385,-176.237,57.228,174.507
-0.558,-0.044,-0.699,-20.691,-0.854,10.62,-177.242,57.266,174.573
-0.63,-0.007,-0.808,-12.512,7.751,18.372,-178.264,57.266,174.485
-0.571,0.037,-0.8,-1.526,12.817,28.015,-179.236,56.717,173.831
-0.535,0.024,-0.82,8.667,7.08,30.029,-179.819,56.31,172.842
-0.513,-0.001,-0.784,13.062,5.066,31.128,179.874,56.025,171.65
-0.492,-0.013,-0.764,12.268,-1.282,24.963,179.742,55.953,170.612
-0.631,-0.032,-0.877,14.16,-5.066,15.869,179.885,56.08,170.002
-0.484,-0.051,-0.85,9.216,7.629,19.104,-179.918,56.036,169.651
-0.479,-0.04,-0.878,9.521,-0.977,21.484,-179.962,55.827,168.926
-0.489,-0.035,-0.897,10.986,-4.517,18.921,-179.94,55.981,168.124
-0.568,-0.054,-1.023,15.442,-15.869,15.869,-179.676,56.36,167.322
-0.554,-0.129,-1.155,6.104,-36.621,11.841,-179.324,57.563,166.696
-0.878,0.038,-1.094,-4.883,-37.109,0.366,-179.561,59.524,166.355
-0.59,0.069,-0.849,-0.488,0.183,-15.808,-179.11,60.068,167.3
-0.658,0.187,-0.791,-10.681,7.019,-0.61,-179.209,59.914,168.008
-0.459,0.173,-0.731,-2.563,34.912,-5.737,-179.484,58.738,168.492
-0.312,0.17,-0.654,-0.366,28.87,-5.554,-179.55,57.112,169.052
-0.358,0.093,-0.642,3.967,15.808,-8.545,-179.418,56.003,169.596
-0.343,0.086,-0.674,-0.183,16.907,-7.385,-179.319,55.113,170.151
-0.479,0.085,-0.751,0.977,10.376,-8.606,-179.236,54.547,170.722
-0.499,0.06,-0.773,-0.183,9.094,-10.315,-179.099,54.003,171.403
-0.526,0.059,-0.836,-1.953,11.719,-8.545,-178.989,53.564,172.227
-0.54,0.054,-0.82,0.61,10.254,-7.202,-178.912,53.135,172.969
-0.5,0.068,-0.813,-0.793,11.047,-2.319,-178.962,52.69,173.485
-0.472,0.045,-0.838,0.366,7.019,-7.812,-178.874,52.333,174.133
-0.529,0.033,-0.845,-2.075,2.38,-12.146,-178.704,52.322,175.062
-0.456,0.089,-0.895,-6.531,4.517,-9.094,-178.742,52.174,175.93
-0.535,0.116,-1.054,-2.686,-5.859,-7.019,-178.896,52.328,176.506
-0.499,0.145,-1.063,-0.916,-7.568,-7.446,-178.945,52.57,176.995
-0.667,0.1,-1.187,7.751,-4.7,-9.46,-178.638,52.982,177.534
-0.47,0.061,-1.111,5.31,11.536,-5.676,-178.226,52.614,178.072
-0.329,-0.004,-0.915,11.047,-2.93,-1.526,-177.88,52.41,178.248
-0.292,-0.074,-0.769,16.846,-7.202,-8.362,-177.122,52.542,178.434
-0.335,-0.139,-0.733,20.081,1.709,-11.597,-175.913,52.614,178.984
-0.258,-0.202,-0.724,13.55,8.972,-8.179,-174.705,52.114,179.533
-0.249,-0.164,-0.726,0.793,-0.977,-2.136,-174.084,51.696,179.747
-0.381,-0.116,-0.723,-1.282,-9.338,1.404,-173.947,51.795,179.687
-0.516,-0.121,-0.764,1.526,-13.245,-2.075,-173.743,52.273,179.874
-0.55,-0.151,-0.834,3.357,-0.549,-2.93,-173.331,52.635,-179.5
-0.505,-0.162,-0.794,0.488,0.793,0.549,-173.084,52.685,-178.94
-0.542,-0.138,-0.81,-3.113,0.793,5.859,-173.079,52.751,-178.528
-0.538,-0.099,-0.791,-2.747,5.066,11.353,-173.386,52.784,-178.544
-0.5,-0.095,-0.793,-2.563,6.592,9.277,-173.666,52.63,-178.539
-0.523,-0.109,-0.862,-4.456,9.888,11.597,-174.001,52.443,-178.594
-0.414,-0.079,-0.909,-2.502,15.747,12.573,-174.441,51.833,-178.852
-0.458,-0.115,-0.937,-1.282,8.362,15.381,-174.727,51.586,-179.264
-0.402,-0.077,-0.933,1.16,1.892,19.836,-175.128,51.268,179.923
-0.467,-0.107,-0.998,2.502,-4.395,22.461,-175.397,51.443,178.945
-0.618,-0.114,-1.146,2.808,-2.563,12.268,-175.54,51.663,178.182
-0.535,-0.026,-1.169,1.465,4.089,5.615,-175.638,51.619,177.841
-0.316,0.004,-0.959,1.099,-0.488,-5.493,-175.468,51.427,177.951
-0.335,0.046,-0.865,-8.972,-8.362,-3.906,-175.457,51.498,178.264
-0.461,0.116,-0.846,-14.343,0.122,-5.31,-176.111,51.757,178.286
-0.344,0.097,-0.808,-11.963,16.052,-26.794,-176.468,51.152,179.094
-0.262,0.073,-0.732,-9.827,4.395,-29.724,-176.44,50.488,-179.374
-0.385,0.058,-0.699,-4.517,-5.249,-22.522,-176.347,50.477,-178.066
-0.441,0.05,-0.679,-0.366,-1.221,-18.311,-176.16,50.587,-176.984
-0.5,0.009,-0.747,2.258,4.761,-21.118,-175.776,50.554,-175.787
-0.489,-0.01,-0.776,-0.977,6.226,-22.339,-175.375,50.268,-174.386
-0.514,-0.028,-0.842,-5.005,10.498,-20.691,-175.106,50.021,-172.897
-0.435,0.024,-0.846,-6.592,10.01,-15.869,-175.139,49.565,-171.711
-0.392,0.028,-0.863,-2.93,-2.258,-18.738,-175.062,49.482,-170.557
-0.458,0.052,-0.919,-3.967,-7.751,-13.916,-174.99,49.889,-169.547
-0.51,0.053,-1.076,-5.432,-3.662,-8.911,-175.067,50.07,-168.849
-0.454,-0.005,-1.072,2.075,-3.784,-13.123,-175.04,50.361,-168.261
-0.707,-0.051,-1.193,6.104,-12.512,-9.521,-174.672,50.839,-167.552
-0.604,-0.138,-1.112,7.324,17.7,4.089,-174.216,50.784,-167.162
-0.274,-0.1,-0.902,6.226,26.062,25.513,-174.359,49.735,-167.899
-0.154,-0.139,-0.835,17.334,9.766,25.269,-174.353,48.796,-169.31
-0.189,-0.151,-0.793,16.785,14.832,25.94,-173.963,48.23,-170.7
-0.194,-0.177,-0.786,19.836,7.08,27.832,-173.535,47.505,-172.392
-0.214,-0.223,-0.751,13.733,3.54,20.203,-173.013,47.115,-173.936
-0.324,-0.204,-0.771,2.441,-10.132,14.832,-172.727,47.142,-175.007
-0.478,-0.144,-0.776,-0.977,-6.104,14.832,-172.793,47.582,-175.737
-0.457,-0.141,-0.813,1.16,4.578,15.686,-172.87,47.582,-176.292
-0.481,-0.126,-0.857,0.61,7.69,17.578,-173.024,47.505,-176.808
-0.374,-0.098,-0.816,0.793,4.272,21.118,-173.293,47.291,-177.523
-0.479,-0.106,-0.872,2.319,3.357,18.005,-173.48,47.444,-178.165
-0.384,-0.132,-0.885,4.944,5.615,15.442,-173.529,47.291,-178.704
-0.377,-0.176,-0.901,4.456,3.54,12.085,-173.458,47.296,-179.176
-0.463,-0.21,-1.009,2.075,5.432,10.559,-173.37,47.285,-179.506
-0.385,-0.171,-1.065,-4.028,-3.906,14.587,-173.584,47.027,179.896
-0.504,-0.146,-1.138,-4.089,0.732,4.333,-173.765,47.329,179.495
-0.445,-0.059,-1.167,-6.226,7.629,-5.066,-173.842,47.082,179.588
-0.147,0.169,-0.958,-11.23,14.404,-9.338,-174.188,46.434,179.819
-0.174,0.174,-0.896,-0.244,-8.423,-30.09,-174.21,45.989,-179.489
-0.393,0.067,-0.922,-2.686,-1.465,-43.701,-173.721,46.214,-177.874
-0.228,0.038,-0.835,-5.432,17.944,-40.649,-173.348,45.396,-175.919
-0.183,0.026,-0.762,-3.418,-1.038,-27.222,-173.21,44.676,-174.545
-0.347,0.018,-0.761,-0.427,-6.409,-21.729,-173.073,44.846,-173.622
-0.34,-0.007,-0.734,1.77,0.0,-20.508,-172.815,44.824,-172.7
-0.387,-0.026,-0.788,0.671,-2.38,-18.311,-172.612,44.89,-171.815
-0.375,-0.062,-0.793,-3.296,-1.526,-20.813,-172.419,44.956,-170.733
-0.444,-0.052,-0.858,-3.723,-6.409,-20.447,-172.37,45.225,-169.568
-0.407,-0.02,-0.906,-5.31,-0.977,-15.686,-172.343,45.423,-168.453
-0.35,-0.012,-0.917,-1.587,-8.728,-12.512,-172.282,45.714,-167.651
-0.361,-0.009,-0.988,-3.357,-10.437,-14.465,-172.244,46.236,-166.948
-0.462,-0.016,-1.089,-1.099,-18.921,-16.724,-172.255,46.884,-166.262
-0.559,-0.102,-1.219,-0.549,-20.142,-19.897,-171.947,47.527,-165.163
-0.6,-0.185,-1.183,3.113,1.648,-4.944,-171.579,48.148,-164.383
-0.293,-0.17,-0.954,2.319,13.245,16.968,-171.628,47.725,-164.734
-0.127,-0.137,-0.827,6.958,4.7,25.635,-171.892,47.192,-166.097
-0.221,-0.159,-0.786,9.644,2.502,19.653,-171.848,47.104,-167.547
-0.184,-0.207,-0.74,9.094,3.54,9.888,-171.562,46.796,-168.657
-0.267,-0.236,-0.747,0.305,-4.089,1.953,-171.288,46.637,-169.233
-0.346,-0.234,-0.759,-5.737,-1.648,6.592,-171.266,46.67,-169.574
-0.357,-0.194,-0.808,-6.531,-1.221,12.634,-171.53,46.67,-170.085
-0.437,-0.178,-0.825,-4.883,-2.197,13.672,-171.804,46.851,-170.662
-0.492,-0.188,-0.831,-2.869,6.958,15.076,-172.04,46.895,-171.172
-0.413,-0.177,-0.801,-7.324,6.592,19.958,-172.469,46.648,-171.777
-0.451,-0.121,-0.843,-11.169,8.911,25.574,-173.238,46.62,-172.573
-0.317,-0.045,-0.893,-9.827,12.939,35.461,-174.227,46.198,-173.886
-0.258,0.013,-0.912,2.93,-1.038,42.236,-175.078,46.132,-175.952
-0.303,-0.067,-0.924,13.123,-4.7,32.166,-175.237,46.401,-178.044
-0.409,-0.145,-0.982,15.259,-8.545,20.935,-174.941,46.829,-179.544
-0.424,-0.157,-1.052,4.761,-18.127,19.165,-174.82,47.208,179.209
-0.594,-0.131,-1.122,5.31,-15.076,11.292,-174.792,48.17,178.253
-0.592,-0.105,-1.156,4.883,-1.892,2.869,-174.507,48.604,177.962
-0.344,-0.01,-1.015,-1.648,14.16,-10.437,-174.276,48.318,178.116
-0.179,0.065,-0.958,-13.672,10.01,-12.329,-174.375,47.455,178.561
-0.297,0.134,-0.933,-14.16,-1.221,-12.085,-175.007,47.263,178.687
-0.241,0.11,-0.823,-9.216,2.014,-21.362,-175.375,47.016,179.182
-0.245,0.095,-0.713,-5.676,-9.766,-17.639,-175.562,47.054,179.78
-0.32,0.075,-0.675,-2.625,-11.169,-14.465,-175.655,47.477,-179.775
-0.397,0.05,-0.676,-0.366,-6.104,-14.832,-175.616,47.834,-179.286
-0.447,0.02,-0.733,-1.648,1.831,-15.137,-175.534,47.917,-178.577
-0.555,0.016,-0.844,-3.723,10.254,-14.587,-175.545,47.741,-177.759
-0.443,0.02,-0.867,-2.808,22.522,-13.306,-175.523,46.912,-176.863
-0.376,0.009,-0.897,3.174,12.634,-6.958,-175.43,46.236,-176.303
-0.392,-0.013,-0.852,2.136,-2.38,-2.075,-175.298,46.198,-176.089
-0.474,0.003,-0.873,2.319,-2.93,-0.793,-175.232,46.516,-175.984
-0.406,0.034,-0.99,1.953,4.15,-3.601,-175.161,46.494,-175.831
-0.435,0.028,-1.034,4.15,-4.395,-10.071,-175.018,46.703,-175.556
-0.61,-0.012,-1.223,4.761,-0.671,-20.874,-174.6,46.895,-174.765
-0.523,-0.085,-1.22,5.249,25.269,-16.296,-174.04,46.335,-173.776
-0.126,-0.205,-0.996,6.714,27.588,0.0,-173.606,44.863,-173.447
-0.05,-0.239,-0.835,2.136,2.075,18.555,-173.535,44.011,-174.364
-0.187,-0.148,-0.846,-1.587,1.038,25.33,-173.782,44.055,-175.99
-0.109,-0.084,-0.842,-3.906,5.92,34.546,-174.353,43.594,-178.22
-0.106,-0.035,-0.812,-4.761,-5.31,20.569,-174.968,43.369,179.632
-0.253,-0.02,-0.787,-2.686,-20.63,12.878,-175.364,43.857,178.193
-0.405,-0.033,-0.773,1.831,-18.066,8.24,-175.501,44.698,177.242
-0.482,-0.068,-0.814,4.028,-8.301,5.005,-175.375,45.335,176.825
-0.435,-0.097,-0.839,3.357,2.197,2.869,-175.188,45.461,176.732
-0.415,-0.093,-0.844,-0.122,-5.005,1.038,-175.084,45.692,176.83
-0.448,-0.106,-0.839,-0.61,-5.615,-0.916,-175.007,46.132,177.056
-0.455,-0.107,-0.851,-3.418,-2.014,1.099,-175.029,46.489,177.314
-0.404,-0.104,-0.867,-4.944,1.16,5.859,-175.21,46.62,177.341
-0.4,-0.107,-0.953,-1.831,-2.808,3.845,-175.397,46.785,177.226
-0.473,-0.17,-1.013,-3.54,0.671,2.258,-175.375,47.104,177.259
-0.394,-0.166,-1.092,-9.033,-0.366,6.897,-175.611,46.928,177.056
-0.548,-0.079,-1.247,-10.986,2.563,5.676,-176.116,47.093,176.611
-0.504,-0.035,-1.26,-7.507,14.648,-13.55,-176.331,46.725,176.77
-0.02,0.057,-0.935,-18.616,23.987,-16.174,-176.55,45.527,177.495
-0.182,0.179,-0.855,-25.818,-32.41,-13.855,-177.473,45.582,177.759
-0.389,0.215,-0.836,-18.311,-7.263,-30.396,-178.341,46.703,178.352
-0.164,0.134,-0.745,-9.644,4.272,-45.471,-178.385,46.434,-179.885
-0.208,0.099,-0.72,-7.141,-13.672,-41.626,-178.154,46.675,-177.99
-0.315,0.071,-0.714,-5.005,-17.944,-33.997,-177.918,47.351,-176.435
-0.44,0.081,-0.748,-6.226,-19.653,-27.1,-177.808,48.274,-175.15
-0.482,0.055,-0.783,-4.761,-10.376,-29.663,-177.599,48.983,-173.705
-0.515,0.024,-0.814,-3.418,-10.315,-30.64,-177.237,49.581,-172.007
-0.523,0.033,-0.815,-6.042,-7.141,-24.658,-176.957,50.109,-170.392
-0.565,0.042,-0.824,-2.441,-5.859,-21.912,-176.732,50.609,-168.986
-0.486,0.037,-0.813,-1.099,-7.141,-17.578,-176.407,50.982,-167.684
-0.548,0.028,-0.76,4.395,-22.522,-13.611,-176.001,52.004,-166.668
-0.522,0.11,-0.79,4.639,-16.663,-4.761,-175.721,53.13,-165.976
-0.612,0.054,-0.846,14.16,-26.062,-5.066,-175.221,54.344,-165.542
-0.747,0.037,-0.945,13.428,-23.682,-0.61,-174.694,55.739,-165.262
-0.822,-0.085,-1.119,18.188,-11.047,-9.644,-173.848,56.722,-164.795
-0.778,-0.179,-1.199,11.047,0.244,-14.954,-172.826,57.085,-163.883
-0.45,-0.207,-1.007,-4.822,10.986,-8.789,-172.233,56.799,-162.96
-0.19,-0.139,-0.918,-2.014,0.122,-17.761,-172.233,56.217,-162.449
-0.292,-0.189,-0.896,-15.564,-4.456,-29.907,-171.678,56.129,-161.049
-0.186,-0.116,-0.822,-18.372,3.052,-27.588,-171.727,55.574,-159.868
-0.246,-0.091,-0.718,-23.315,-6.836,-30.701,-171.881,55.184,-158.637
-0.319,-0.092,-0.633,-22.949,-11.841,-33.63,-172.013,55.19,-157.17
-0.478,-0.12,-0.683,-23.193,-16.052,-42.603,-171.903,55.519,-155.094
-0.509,-0.111,-0.693,-27.893,3.052,-46.143,-171.76,55.399,-152.43
-0.547,-0.12,-0.744,-31.738,-3.967,-53.955,-171.617,55.173,-149.31
-0.589,-0.076,-0.787,-33.508,10.803,-65.491,-171.491,54.756,-145.646
-0.482,-0.125,-0.762,-33.997,5.127,-77.576,-171.008,54.02,-141.279
-0.537,-0.139,-0.763,-35.522,-4.883,-86.304,-170.453,53.751,-136.439
-0.534,-0.181,-0.743,-38.452,-5.554,-87.219,-169.766,53.575,-131.265
-0.588,-0.204,-0.824,-38.086,-9.46,-85.266,-169.211,53.569,-126.161
-0.523,-0.241,-0.828,-39.917,-2.747,-85.205,-168.657,53.35,-121.097
-0.54,-0.294,-0.863,-41.077,-17.334,-84.9,-168.129,53.333,-116.005
-0.736,-0.227,-0.97,-40.955,-13.855,-80.994,-167.761,53.613,-111.011
-0.475,-0.173,-0.923,-35.828,-3.662,-77.271,-167.311,53.245,-106.353
-0.478,-0.127,-0.853,-38.208,-14.038,-63.232,-167.009,53.306,-102.222
-0.392,0.012,-0.786,-49.438,-18.127,-49.072,-167.701,53.509,-99.157
-0.624,0.059,-0.835,-54.993,-26.245,-60.303,-168.745,54.52,-96.152
-0.577,0.079,-0.821,-60.486,-0.732,-87.036,-169.585,54.514,-92.126
-0.488,0.111,-0.795,-60.73,8.179,-98.206,-170.239,53.828,-87.314
-0.405,0.139,-0.809,-56.274,4.395,-96.375,-170.799,52.976,-82.491
-0.424,0.143,-0.809,-48.279,-10.559,-83.252,-171.304,52.855,-78.217
-0.513,0.122,-0.797,-36.56,-18.066,-77.576,-171.617,53.355,-74.575
-0.515,0.08,-0.761,-33.691,-18.616,-71.96,-171.524,54.014,-71.038
-0.515,0.116,-0.75,-27.039,-20.691,-56.213,-171.541,54.838,-68.137
-0.489,0.174,-0.775,-19.47,-21.667,-39.612,-171.667,55.695,-66.16
-0.554,0.134,-0.875,2.075,-35.034,-36.255,-171.381,57.036,-64.825
-0.774,-0.053,-0.954,15.015,-61.462,-33.447,-169.849,59.249,-63.21
-0.955,-0.209,-0.899,20.752,-57.861,-18.921,-167.888,62.402,-61.875
-0.787,-0.161,-0.82,19.043,-13.367,0.0,-166.696,64.182,-61.727
-0.405,-0.234,-0.715,26.306,22.949,-6.958,-165.553,63.809,-62.194
-0.504,-0.411,-0.75,13.611,-6.226,-21.057,-164.009,63.287,-62.018
-0.581,-0.411,-0.824,-22.583,11.108,-30.945,-163.158,62.704,-60.677
-0.501,-0.295,-0.733,-48.157,5.798,-35.645,-163.586,61.765,-58.667
-0.498,-0.164,-0.608,-60.608,-11.841,-39.551,-164.822,61.414,-56.365
-0.715,-0.079,-0.717,-63.232,-7.385,-40.894,-166.19,61.6,-53.701
-0.61,-0.059,-0.704,-52.979,14.221,-39.673,-167.509,60.908,-51.504
-0.572,-0.065,-0.795,-45.227,19.104,-37.842,-168.64,59.87,-49.697
-0.487,-0.125,-0.794,-37.598,16.968,-38.696,-169.382,58.744,-47.917
-0.442,-0.167,-0.784,-33.875,1.77,-38.94,-169.882,58.063,-46.055
-0.602,-0.196,-0.829,-34.241,-12.939,-41.931,-170.107,58.222,-43.797
-0.74,-0.209,-0.937,-37.781,-16.602,-39.917,-170.359,58.607,-41.495
-0.708,-0.176,-0.871,-39.795,-25.574,-43.579,-170.634,59.458,-39.045
-0.964,-0.091,-1.107,-40.894,-6.653,-47.058,-170.7,60.331,-36.332
-0.545,0.071,-0.979,-39.795,29.114,-37.964,-171.244,59.299,-34.272
-0.241,0.23,-0.852,-39.978,10.071,-32.837,-172.222,58.057,-32.855
-0.45,0.334,-0.833,-33.936,-18.25,-32.166,-173.392,58.244,-31.657
-0.49,0.267,-0.804,-23.132,12.573,-53.833,-173.864,58.255,-30.108
-0.413,0.202,-0.769,-20.447,14.404,-60.913,-173.573,57.31,-27.697
-0.354,0.137,-0.773,-15.503,15.32,-59.143,-173.221,56.316,-25.422
-0.408,0.115,-0.766,-19.165,-1.892,-53.833,-172.897,55.887,-23.143
-0.471,0.084,-0.724,-12.268,-2.075,-56.458,-172.513,55.778,-20.951
-0.511,0.003,-0.709,-11.414,-4.822,-56.091,-171.733,55.778,-18.501
-0.529,-0.013,-0.751,-10.071,-2.441,-48.95,-171.03,55.756,-16.342
-0.486,-0.042,-0.84,-7.446,-0.793,-44.434,-170.31,55.624,-14.425
-0.413,-0.037,-0.899,-11.414,-11.169,-33.691,-169.821,55.756,-12.81
-0.642,0.015,-1.125,-12.512,-26.184,-23.987,-169.783,56.574,-11.607
-0.779,-0.074,-1.18,-4.517,-24.17,-19.775,-169.607,57.448,-10.734
-0.721,-0.16,-1.082,-2.686,-0.793,-11.78,-169.316,58.008,-10.063
-0.289,-0.179,-0.753,3.723,19.043,12.451,-169.47,57.393,-10.574
-0.34,-0.236,-0.754,12.268,8.423,14.587,-169.579,56.777,-11.744
-0.276,-0.232,-0.702,6.042,22.827,25.94,-169.667,55.876,-13.002
-0.294,-0.236,-0.662,4.7,5.432,24.963,-170.052,55.195,-14.535
-0.355,-0.199,-0.645,-3.174,-3.052,25.269,-170.491,55.058,-15.771
-0.518,-0.171,-0.67,-1.77,-16.663,22.766,-170.991,55.701,-16.891
-0.617,-0.119,-0.72,0.0,-3.967,29.724,-171.562,56.31,-18.292
-0.587,-0.121,-0.783,5.859,10.864,34.851,-172.183,56.365,-20.308
-0.501,-0.141,-0.801,11.719,9.583,33.997,-172.65,56.008,-22.522
-0.477,-0.167,-0.858,9.338,4.395,37.048,-173.035,55.893,-24.659
-0.473,-0.194,-0.955,8.85,0.854,36.926,-173.518,55.926,-26.785
-0.58,-0.175,-1.143,5.005,-10.193,26.855,-173.941,56.058,-28.488
-0.728,-0.129,-1.211,-5.066,-12.024,16.724,-174.265,56.711,-29.35
-0.612,-0.034,-1.118,-4.883,6.653,5.737,-174.688,56.788,-29.844
-0.306,0.079,-0.882,-16.174,9.705,8.667,-175.309,56.135,-30.141
-0.506,0.254,-0.856,-13.306,-6.897,6.592,-176.649,56.173,-30.877
-0.437,0.2,-0.71,-5.859,14.648,-21.606,-177.006,55.761,-30.619
-0.412,0.171,-0.633,-2.747,11.963,-30.09,-176.759,55.036,-29.498
-0.414,0.115,-0.566,-0.122,14.343,-36.133,-176.221,54.404,-28.18
-0.454,0.086,-0.613,1.038,20.142,-44.8,-175.419,53.63,-26.548
-0.5,0.002,-0.676,1.648,18.555,-48.096,-174.337,52.718,-24.56
-0.461,-0.044,-0.789,-2.38,21.851,-43.518,-173.419,51.823,-22.648
-0.461,-0.088,-0.869,-7.935,12.085,-35.95,-172.793,51.026,-20.929
-0.372,-0.017,-0.905,-13.306,4.761,-23.926,-172.755,50.532,-19.649
-0.429,-0.029,-0.93,-9.705,-15.503,-25.513,-172.776,50.861,-18.528
-0.407,0.042,-0.977,-13.489,-7.446,-15.808,-173.035,51.35,-17.584
-0.545,0.007,-1.053,-7.568,-32.288,-9.583,-173.392,52.262,-17.095
-0.74,-0.057,-1.235,-1.099,-26.611,-13.855,-173.359,53.542,-16.474
-0.774,-0.21,-1.153,0.0,1.648,-3.052,-173.007,54.305,-16.024
-0.28,-0.148,-0.833,-3.662,26.184,26.123,-173.677,53.245,-17.133
-0.206,-0.158,-0.786,10.437,10.315,24.109,-174.089,52.493,-18.638
-0.233,-0.176,-0.729,7.629,10.071,26.855,-174.073,51.866,-19.742
-0.252,-0.194,-0.68,4.517,9.46,32.104,-174.331,51.367,-21.171
-0.333,-0.163,-0.693,-3.479,-8.545,30.029,-174.803,51.213,-22.495
-0.462,-0.097,-0.706,-6.775,-9.155,34.607,-175.573,51.696,-23.934
-0.5,-0.055,-0.79,-3.601,-3.601,35.95,-176.49,52.048,-25.708
-0.481,-0.023,-0.814,-2.197,-4.639,39.673,-177.407,52.256,-27.724
-0.493,-0.041,-0.884,5.432,-8.423,34.973,-178.165,52.646,-29.773
-0.47,-0.084,-0.899,8.545,-11.658,30.884,-178.555,53.13,-31.547
-0.6,-0.082,-1.066,9.338,-8.24,28.32,-178.759,53.729,-33.102
-0.633,-0.047,-1.14,13.794,-4.028,17.7,-178.704,53.811,-34.316
-0.598,0.061,-1.184,10.803,3.906,9.888,-178.401,53.8,-34.964
-0.26,0.057,-0.864,9.949,12.207,-6.836,-177.737,53.201,-34.816
-0.367,0.163,-0.884,-8.118,-9.277,-1.343,-177.72,53.069,-34.453
-0.361,0.2,-0.802,-4.822,13.0,-18.311,-177.979,52.828,-33.992
-0.317,0.154,-0.715,-4.395,7.446,-36.133,-177.599,52.114,-32.382
-0.338,0.119,-0.654,1.038,2.563,-35.461,-177.045,51.806,-30.646
-0.435,0.093,-0.655,2.93,-4.272,-31.067,-176.369,51.839,-29.152
-0.509,0.063,-0.688,8.118,2.258,-27.1,-175.622,51.938,-28.01
-0.476,-0.02,-0.73,7.751,1.221,-20.691,-174.842,51.883,-27.18
-0.476,-0.1,-0.838,3.235,-5.981,-13.611,-174.282,52.119,-26.581
-0.493,-0.064,-0.829,-10.315,-9.705,-3.052,-174.276,52.614,-26.329
-0.479,0.053,-0.833,-13.245,-17.334,-3.296,-174.886,53.295,-26.373
-0.537,0.106,-0.97,-10.254,-11.292,-6.836,-175.331,54.113,-26.18
-0.644,0.078,-1.169,0.0,-13.245,-11.78,-175.556,54.547,-26.016
-0.658,-0.023,-1.236,-1.221,-9.583,-13.611,-175.199,55.085,-25.351
-0.721,-0.089,-1.128,6.531,-8.179,-1.587,-174.963,55.651,-25.093
-0.391,-0.142,-0.855,8.423,13.611,10.071,-174.831,55.366,-25.532
-0.278,-0.21,-0.75,13.367,6.287,9.216,-174.496,54.767,-26.142
-0.327,-0.239,-0.737,5.615,7.385,10.437,-174.117,54.393,-26.477
-0.331,-0.197,-0.686,-2.686,15.869,16.907,-174.282,53.679,-27.098
-0.306,-0.17,-0.689,-9.705,5.981,16.235,-174.765,52.987,-27.773
-0.449,-0.11,-0.719,-11.902,-7.08,13.672,-175.435,53.124,-28.328
-0.524,-0.091,-0.766,-12.329,-2.869,14.832,-176.089,53.383,-28.9
-0.521,-0.049,-0.764,-8.85,-2.502,18.127,-176.869,53.553,-29.828
-0.531,-0.028,-0.81,-7.141,3.845,19.836,-177.605,53.646,-30.938
-0.475,-0.044,-0.84,-2.808,-4.395,16.663,-178.198,53.608,-32.042
-0.541,-0.068,-0.915,-2.197,-2.502,16.235,-178.61,53.91,-32.964
-0.525,-0.057,-0.985,-0.732,2.258,15.869,-179.011,53.932,-33.92
-0.574,-0.053,-1.062,1.038,-7.263,6.47,-179.132,54.047,-34.508
-0.707,0.076,-1.161,-2.502,-7.324,4.578,-179.319,54.41,-34.898
-0.459,0.084,-0.976,1.16,20.935,-11.597,-179.094,54.097,-34.7
-0.273,0.185,-0.934,-9.033,13.062,-2.808,-179.099,52.971,-34.321
-0.353,0.2,-0.851,-6.348,4.395,-5.554,-179.544,52.668,-34.343
-0.262,0.192,-0.755,-3.113,-0.244,-18.311,-179.643,52.295,-33.821
-0.341,0.141,-0.671,1.831,-12.756,-22.278,-179.379,52.652,-32.992
-0.417,0.083,-0.616,3.784,-15.198,-24.719,-178.83,53.289,-32.042
-0.551,0.076,-0.655,3.845,-4.456,-21.729,-178.297,53.871,-31.24
-0.544,0.027,-0.692,5.005,0.916,-24.109,-177.605,53.91,-30.471
-0.538,-0.017,-0.748,-0.305,0.671,-20.996,-176.946,54.097,-29.619
-0.581,0.002,-0.821,-4.456,0.488,-18.005,-176.666,54.25,-28.993
-0.502,0.055,-0.846,-7.385,0.61,-15.198,-176.583,54.289,-28.438
-0.552,0.044,-0.962,-6.775,-10.681,-10.254,-176.484,54.728,-27.949
-0.546,0.112,-1.056,-7.385,-10.254,4.7,-176.951,55.19,-28.207
-0.708,0.084,-1.155,0.122,-20.203,3.052,-177.413,56.107,-28.817
-0.75,0.002,-1.137,7.324,-1.16,1.77,-177.363,56.667,-29.202
-0.404,-0.05,-0.866,7.996,14.587,18.066,-177.33,56.283,-30.026
-0.286,-0.061,-0.819,17.456,10.498,22.339,-177.457,55.47,-31.503
-0.262,-0.112,-0.77,19.836,8.057,20.081,-177.012,54.816,-32.618
-0.392,-0.15,-0.732,17.456,2.869,21.24,-176.567,54.492,-33.717
-0.322,-0.159,-0.704,6.226,13.428,17.09,-176.325,53.871,-34.673
-0.444,-0.103,-0.742,0.549,0.122,12.146,-176.358,53.503,-35.294
-0.525,-0.083,-0.739,2.686,7.385,11.475,-176.375,53.328,-35.837
-0.527,-0.113,-0.788,6.348,8.484,10.925,-176.254,52.949,-36.508
-0.503,-0.122,-0.798,3.174,10.315,14.587,-176.182,52.608,-37.233
-0.442,-0.098,-0.797,-0.061,6.226,19.043,-176.396,52.3,-38.221
-0.479,-0.101,-0.836,-0.549,-3.784,18.799,-176.726,52.427,-39.282
-0.464,-0.089,-0.905,-1.221,2.136,21.362,-177.133,52.537,-40.375
-0.43,-0.099,-0.986,0.122,-0.366,21.484,-177.539,52.471,-41.545
-0.539,-0.04,-1.14,-2.991,-6.897,12.39,-177.825,52.822,-42.319
-0.719,0.064,-1.19,0.61,-13.916,-2.258,-178.022,53.383,-42.643
-0.466,0.11,-1.042,1.831,19.714,-22.034,-177.572,53.212,-41.94
-0.225,0.131,-0.941,-2.075,11.841,-19.287,-177.05,52.092,-40.781
-0.335,0.094,-0.841,-2.502,-1.465,-19.836,-176.858,51.916,-39.902
-0.331,0.07,-0.728,-7.874,-0.122,-26.855,-176.649,51.68,-38.661
-0.337,0.068,-0.63,-8.85,-5.798,-24.597,-176.627,51.718,-37.425
-0.416,0.053,-0.63,-9.583,-11.902,-23.621,-176.649,52.081,-36.293
-0.487,0.071,-0.68,-7.08,-1.77,-18.86,-176.693,52.498,-35.398
-0.512,0.021,-0.697,-5.31,-3.967,-16.724,-176.616,52.674,-34.761
-0.587,0.047,-0.81,-4.15,2.38,-13.428,-176.644,52.899,-34.31
-0.545,0.027,-0.827,-3.784,13.794,-11.108,-176.572,52.614,-33.959
-0.453,0.033,-0.856,-0.183,4.883,-10.437,-176.501,52.224,-33.706
-0.476,0.059,-0.855,-0.488,-7.935,-14.038,-176.287,52.542,-33.283
-0.543,0.098,-0.903,2.93,-8.301,-20.508,-175.88,53.058,-32.596
-0.63,0.048,-1.078,4.517,-0.366,-26.917,-175.122,53.278,-31.487
-0.635,-0.003,-1.147,3.235,-5.127,-21.179,-174.468,53.399,-30.454
-0.7,-0.124,-1.189,6.165,21.362,-4.517,-173.831,53.218,-29.855
-0.245,-0.078,-0.871,3.54,25.208,32.104,-174.128,51.982,-30.916
-0.171,-0.039,-0.789,16.235,1.648,39.001,-174.749,51.262,-33.173
-0.389,-0.141,-0.808,21.24,9.399,23.56,-174.397,51.174,-34.645
-0.253,-0.156,-0.75,20.996,23.071,24.292,-173.941,50.158,-35.903
-0.262,-0.243,-0.737,12.573,8.24,13.55,-173.315,49.334,-36.672
-0.362,-0.147,-0.703,1.465,-2.014,15.869,-173.161,49.147,-37.134
-0.468,-0.098,-0.762,1.282,1.465,17.334,-173.221,49.268,-37.722
-0.448,-0.089,-0.799,10.742,11.78,11.169,-173.156,49.01,-38.452
-0.457,-0.147,-0.873,9.216,7.202,9.46,-172.722,48.653,-38.886
-0.4,-0.177,-0.896,7.202,8.85,14.893,-172.469,48.389,-39.512
-0.394,-0.193,-0.906,3.418,-5.31,16.418,-172.419,48.488,-40.226
-0.411,-0.174,-0.952,0.427,-4.456,18.86,-172.595,48.867,-40.979
-0.461,-0.185,-1.085,1.953,-12.085,14.893,-172.705,49.208,-41.622
-0.564,-0.183,-1.146,-4.272,-15.381,9.521,-172.722,50.021,-41.825
-0.741,-0.124,-1.201,-5.005,-1.892,-4.7,-172.826,50.663,-41.704
-0.371,-0.025,-1.04,-11.963,26.123,-17.822,-172.903,49.686,-40.924
-0.13,0.152,-0.906,-22.705,-1.221,-13.245,-173.535,48.669,-40.034
-0.378,0.176,-0.827,-17.7,-10.864,-23.987,-174.309,49.136,-39.045
-0.326,0.117,-0.727,-14.587,4.639,-45.166,-174.468,48.911,-37.161
-0.298,0.093,-0.677,-12.878,-7.202,-47.18,-174.419,48.774,-34.821
-0.413,0.045,-0.699,-9.583,-6.653,-46.509,-174.177,49.054,-32.454
-0.424,0.025,-0.715,-8.85,2.93,-37.781,-173.947,49.048,-30.41
-0.45,0.008,-0.774,-9.277,1.465,-33.691,-173.815,48.906,-28.795
-0.437,-0.017,-0.787,-12.39,-1.648,-34.424,-173.716,48.955,-27.219
-0.476,0.023,-0.855,-12.695,-4.761,-32.227,-173.76,49.153,-25.664
-0.405,0.069,-0.919,-10.62,-7.385,-30.029,-173.787,49.444,-24.252
-0.446,0.022,-0.932,-7.446,-28.32,-27.1,-173.655,50.389,-22.846
-0.799,0.037,-1.197,-14.587,-33.447,-10.071,-173.892,51.894,-21.978
-0.89,-0.031,-1.305,5.859,5.676,-10.864,-173.99,52.811,-21.802
-0.347,-0.215,-1.007,6.104,34.485,-6.47,-173.353,51.367,-21.5
-0.106,-0.128,-0.933,-0.305,16.235,19.775,-173.65,50.229,-22.236
-0.2,-0.173,-0.903,7.141,10.62,8.118,-173.617,49.62,-22.808
-0.119,-0.148,-0.806,-1.831,5.798,14.709,-173.694,48.818,-23.214
-0.266,-0.091,-0.747,-0.488,-4.517,10.742,-173.892,48.631,-23.456
-0.306,-0.14,-0.762,2.136,0.305,10.193,-173.853,48.527,-23.708
-0.396,-0.125,-0.788,-0.854,-10.254,5.005,-173.853,48.642,-23.884
-0.518,-0.112,-0.816,-2.197,-2.014,4.822,-173.853,49.005,-23.923
-0.401,-0.105,-0.758,-0.732,5.005,11.597,-173.969,48.878,-24.357
-0.429,-0.107,-0.774,-5.737,-3.052,13.245,-174.254,48.95,-25.021
-0.499,-0.045,-0.783,-10.498,-5.188,15.869,-174.88,49.345,-25.823
-0.447,-0.023,-0.827,-3.296,-1.343,7.446,-175.419,49.592,-26.548
-0.49,-0.065,-0.905,2.563,-10.559,5.31,-175.463,50.103,-26.922
-0.452,-0.097,-0.865,4.639,-16.602,4.15,-175.314,50.795,-27.246
-0.697,-0.109,-1.131,2.441,-23.987,0.0,-175.062,51.976,-27.29
-0.755,-0.137,-1.197,-0.793,-8.911,-8.484,-174.666,52.839,-26.966
-0.65,-0.001,-1.196,1.892,0.732,-22.095,-174.342,53.026,-26.246
-0.254,-0.054,-0.925,-3.479,13.0,-38.696,-173.359,52.449,-24.417
-0.244,0.073,-0.896,-20.386,-13.306,-26.733,-173.276,52.224,-22.599
-0.354,0.083,-0.868,-21.24,3.174,-39.124,-173.655,52.377,-20.874
-0.205,0.044,-0.802,-30.334,7.69,-68.298,-173.628,51.416,-17.754
-0.267,0.043,-0.776,-34.119,-8.667,-68.848,-173.661,51.042,-13.876
-0.329,0.024,-0.725,-38.025,-20.142,-71.289,-173.848,51.312,-9.937
-0.48,0.068,-0.731,-40.527,-25.208,-72.083,-174.172,52.114,-5.966
-0.595,0.068,-0.734,-39.429,-14.709,-72.327,-174.397,52.938,-2.131
-0.521,0.121,-0.724,-34.18,-7.629,-71.472,-174.545,53.333,1.434
-0.514,0.112,-0.68,-28.809,-15.076,-71.289,-174.337,53.866,4.905
-0.572,0.092,-0.672,-20.813,-20.935,-73.914,-173.743,54.767,8.448
-0.625,0.092,-0.69,-17.944,-10.803,-70.435,-172.798,55.624,11.97
-0.521,0.142,-0.744,-15.076,-2.991,-51.453,-172.106,55.838,14.639
-0.606,0.144,-0.967,4.272,-13.0,-40.955,-171.348,56.299,16.474
-0.606,-0.05,-1.036,18.433,-29.114,-29.114,-169.81,57.239,18.111
-0.778,-0.221,-0.936,27.954,-46.082,-21.057,-167.822,59.376,19.407
-0.689,-0.327,-0.789,21.912,-25.085,-26.55,-165.685,60.947,20.737
-0.378,-0.293,-0.635,5.554,1.953,-19.348,-164.317,60.947,21.764
-0.479,-0.375,-0.679,0.793,-22.461,-31.799,-162.966,61.254,23.28
-0.575,-0.315,-0.746,-23.499,-3.052,-36.377,-162.202,61.249,25.285
-0.517,-0.262,-0.742,-46.631,11.658,-57.617,-162.131,60.298,27.823
-0.41,-0.157,-0.723,-56.58,3.845,-73.364,-162.515,58.903,31.185
-0.522,-0.195,-0.758,-61.89,-9.766,-88.684,-162.631,58.052,35.673
-0.536,-0.15,-0.784,-64.331,-3.723,-91.431,-162.872,57.184,40.589
-0.552,-0.194,-0.792,-58.105,-9.521,-87.769,-163.114,56.426,45.313
-0.545,-0.227,-0.796,-56.03,-12.939,-82.703,-163.323,55.948,49.807
-0.584,-0.257,-0.819,-57.922,-21.362,-71.655,-163.647,55.937,53.959
-0.58,-0.162,-0.823,-56.519,-16.785,-56.641,-164.509,56.206,57.272
-0.584,-0.214,-0.872,-45.593,-17.883,-58.838,-165.103,56.464,60.244
-0.688,-0.241,-0.913,-36.987,-23.254,-73.486,-164.894,56.915,63.902
-0.613,-0.169,-0.839,-50.964,-23.254,-69.885,-164.63,57.228,67.956
-0.545,0.089,-0.858,-72.937,-15.686,-68.298,-165.701,57.409,71.719
-0.553,0.154,-0.77,-72.754,-26.489,-98.022,-166.619,57.739,77.234
-0.628,0.144,-0.753,-75.5,-11.841,-108.032,-167.212,57.717,84.37
-0.482,0.107,-0.743,-75.806,5.005,-111.511,-167.926,56.75,91.895
-0.524,0.104,-0.801,-71.106,8.24,-113.281,-168.624,55.492,99.575
-0.444,0.117,-0.8,-62.5,14.893,-97.839,-169.42,54.025,106.617
-0.536,0.093,-0.844,-47.852,3.418,-81.726,-170.145,53.086,112.659
-0.466,0.084,-0.817,-36.072,10.437,-69.153,-170.684,52.213,118.021
-0.366,0.063,-0.777,-26.978,1.648,-51.392,-171.14,51.487,122.448
-0.478,0.087,-0.805,-20.508,-10.864,-34.607,-171.535,51.52,125.947
-0.567,0.11,-0.985,-3.174,-7.324,-28.198,-171.749,51.707,128.76
-0.722,-0.051,-1.106,9.888,-34.058,-28.687,-171.046,52.465,131.55
-1.033,-0.143,-1.361,0.122,-15.198,-19.287,-170.277,53.921,134.269
-0.602,-0.167,-1.088,1.343,19.592,-15.015,-169.958,53.586,136.472
-0.186,-0.176,-0.872,-2.258,24.719,1.648,-170.063,52.399,137.604
-0.215,-0.228,-0.833,5.737,7.629,-11.841,-169.882,51.729,138.296
-0.191,-0.274,-0.8,-3.784,20.813,-13.123,-169.398,50.647,139.329
-0.118,-0.192,-0.766,-18.311,10.803,4.822,-169.882,49.609,139.279
-0.234,-0.083,-0.724,-23.499,-9.705,4.761,-170.953,49.417,138.807
-0.422,-0.015,-0.747,-17.944,-6.165,0.366,-171.892,49.724,138.801
-0.391,-0.045,-0.781,-7.69,2.563,-3.357,-172.354,49.537,139.318
-0.447,-0.105,-0.816,-5.554,-1.648,-8.362,-172.474,49.554,140.273
-0.405,-0.129,-0.814,-8.484,0.305,-5.31,-172.612,49.543,141.394
-0.403,-0.121,-0.837,-11.047,-6.531,5.676,-173.029,49.697,142.07
-0.427,-0.142,-0.933,-5.066,-0.305,8.789,-173.474,50.032,142.355
-0.395,-0.169,-1.022,-0.244,-0.366,12.939,-173.782,50.026,142.229
-0.487,-0.247,-1.078,-0.488,-17.578,4.333,-173.793,50.499,142.064
-0.658,-0.13,-1.232,-11.23,-6.592,6.592,-174.095,51.125,142.037
-0.438,-0.097,-1.118,-13.245,3.784,-3.845,-174.507,51.075,142.339
-0.218,0.022,-0.872,-21.729,0.0,-2.686,-175.166,50.883,142.833
-0.41,0.147,-0.824,-28.503,-17.517,3.357,-176.424,51.24,142.91
-0.496,0.219,-0.798,-20.203,12.207,-12.878,-177.589,51.202,143.509
-0.295,0.17,-0.721,-8.484,30.029,-21.301,-177.94,49.85,145.102
-0.226,0.101,-0.671,-3.296,2.38,-18.494,-177.929,49.037,146.64
-0.384,0.095,-0.703,-1.221,-7.08,-14.16,-177.924,49.279,147.876
-0.434,0.065,-0.714,-0.61,-5.737,-13.245,-177.858,49.532,149.09
-0.549,0.058,-0.766,0.0,-4.15,-15.93,-177.742,49.894,150.485
-0.533,0.04,-0.779,0.0,9.827,-17.395,-177.523,49.818,152.183
-0.487,0.026,-0.811,-0.366,10.925,-15.259,-177.314,49.433,153.902
-0.468,0.044,-0.85,1.282,11.108,-10.132,-177.155,49.081,155.396
-0.431,0.038,-0.881,2.136,-0.854,-4.578,-176.99,48.884,156.511
-0.478,0.094,-1.033,4.333,11.658,0.366,-176.946,48.906,157.209
-0.37,0.042,-1.047,14.282,-5.188,-6.104,-176.589,48.631,157.747
-0.637,-0.089,-1.258,14.648,-17.029,-9.888,-175.77,49.296,158.555
-0.69,-0.158,-1.261,8.484,13.367,-4.15,-175.067,49.532,159.318
-0.219,-0.152,-0.926,4.272,31.25,7.446,-174.792,48.263,159.582
-0.088,-0.138,-0.83,9.583,2.686,12.39,-174.677,47.203,158.994
-0.368,-0.226,-0.796,10.376,0.0,8.24,-174.117,47.373,158.423
-0.22,-0.173,-0.771,2.869,21.79,26.306,-174.111,46.445,157.203
-0.161,-0.129,-0.718,-2.563,0.916,26.184,-174.463,45.813,155.473
-0.366,-0.109,-0.714,-0.854,-14.404,17.761,-174.732,46.296,154.193
-0.427,-0.1,-0.754,-3.296,-2.258,23.132,-175.018,46.659,153.221
-0.43,-0.107,-0.781,1.221,-1.16,20.752,-175.342,46.862,152.331
-0.438,-0.12,-0.84,-3.113,-0.61,22.766,-175.649,47.071,151.655
-0.41,-0.119,-0.919,-0.916,-1.587,23.804,-176.083,47.241,150.721
-0.393,-0.141,-0.99,-0.977,-0.061,22.949,-176.364,47.395,149.716
-0.453,-0.12,-1.155,6.104,0.122,18.86,-176.561,47.329,148.447
-0.424,-0.083,-1.252,-4.211,-2.625,14.893,-176.567,47.23,147.53
-0.455,-0.008,-1.16,-0.671,-11.108,-6.592,-176.682,47.67,147.036
-0.352,0.069,-0.913,-12.512,6.348,-13.855,-176.611,47.752,147.662
-0.274,0.187,-0.894,-20.203,5.31,-5.371,-177.369,47.23,148.046
-0.234,0.178,-0.811,-12.878,5.127,-26.733,-177.99,46.95,148.859
-0.247,0.142,-0.73,-6.775,-4.333,-29.358,-178.05,46.763,150.48
-0.315,0.073,-0.667,-0.732,-5.737,-25.452,-177.907,46.989,151.908
-0.339,0.07,-0.691,-2.686,-5.249,-21.851,-177.726,47.175,153.265
-0.423,0.019,-0.755,0.305,-6.653,-23.804,-177.457,47.521,154.677
-0.455,0.02,-0.775,-5.615,-8.179,-18.738,-177.314,47.9,156.099
-0.496,0.027,-0.859,-5.737,-4.333,-17.029,-177.33,48.384,157.423
-0.466,0.079,-0.883,-5.493,-3.418,-11.841,-177.462,48.647,158.56
-0.423,0.052,-0.852,-2.747,-15.381,-10.254,-177.473,49.186,159.505
-0.486,0.069,-0.952,-2.991,-11.841,-10.437,-177.534,50.065,160.34
-0.509,0.137,-1.084,-6.104,-9.705,0.244,-177.83,50.565,160.818
-0.589,0.135,-1.151,4.333,-10.01,-2.93,-177.968,51.13,161.005
-0.611,0.0,-1.174,11.475,-1.099,-8.118,-177.418,51.405,161.609
-0.369,-0.073,-0.965,9.888,9.46,-3.418,-176.841,51.213,162.087
-0.189,-0.088,-0.806,11.658,-1.16,-2.075,-176.342,50.79,162.213
-0.238,-0.106,-0.753,13.245,-7.202,-6.409,-175.573,50.938,162.35
-0.286,-0.159,-0.72,14.465,-7.019,-6.897,-174.6,51.064,162.554
-0.324,-0.157,-0.695,6.897,-2.747,2.808,-173.881,51.141,162.51
-0.412,-0.139,-0.726,6.531,-7.874,4.211,-173.535,51.229,162.142
-0.493,-0.183,-0.714,6.531,-10.01,-7.141,-172.963,51.641,162.318
-0.581,-0.188,-0.727,-0.427,-9.766,-7.751,-172.403,52.163,163.158
-0.638,-0.175,-0.753,-4.211,3.723,-2.258,-172.211,52.515,164.092
-0.517,-0.147,-0.776,-3.296,15.747,4.944,-172.365,52.097,164.608
-0.482,-0.158,-0.822,-0.549,8.789,9.705,-172.518,51.779,164.734
-0.444,-0.188,-0.863,0.671,5.676,17.334,-172.727,51.691,164.388
-0.508,-0.187,-0.993,0.61,6.165,27.466,-173.134,51.619,163.372
-0.396,-0.167,-1.039,5.981,-1.648,27.649,-173.578,51.356,161.779
-0.665,-0.146,-1.174,1.038,-21.24,21.118,-173.677,52.174,160.598
-0.675,-0.071,-1.082,1.587,11.292,8.057,-173.87,52.657,159.796
-0.266,0.101,-0.869,-16.235,29.968,2.197,-174.326,51.471,159.538
-0.319,0.225,-0.815,-15.503,-2.38,-14.771,-175.155,50.817,159.719
-0.448,0.136,-0.769,-7.874,13.55,-41.87,-175.193,50.526,161.246
-0.354,0.053,-0.742,-3.357,26.855,-39.551,-174.716,49.395,163.608
-0.229,0.003,-0.652,-0.854,19.592,-22.461,-174.424,48.076,165.179
-0.339,-0.007,-0.671,-2.014,-2.808,-22.522,-174.216,47.675,166.36
-0.447,-0.002,-0.734,-1.709,1.709,-18.677,-174.056,47.741,167.52
-0.448,-0.016,-0.836,-4.089,7.629,-22.4,-173.892,47.609,168.788
-0.423,-0.004,-0.922,-4.883,5.554,-30.457,-173.661,47.28,170.436
-0.374,-0.028,-1.007,-7.568,-3.54,-31.921,-173.414,47.219,172.282
-0.491,0.004,-1.159,-13.733,-4.333,-18.982,-173.562,47.521,173.705
-0.509,0.035,-1.302,-6.714,-10.01,-3.418,-174.056,47.675,174.155
-0.695,-0.111,-1.246,3.052,-5.92,-4.517,-173.963,48.417,174.512
-0.23,-0.113,-0.803,5.188,23.926,20.996,-174.117,47.714,173.985
-0.157,-0.185,-0.797,18.188,5.554,25.818,-174.018,46.906,172.403
-0.319,-0.271,-0.787,13.245,16.052,17.883,-173.436,46.522,171.194
-0.2,-0.255,-0.724,4.089,21.973,29.114,-173.331,45.352,169.656
-0.215,-0.167,-0.691,-6.714,2.625,35.095,-173.793,44.681,167.602
-0.376,-0.129,-0.748,-5.92,-2.625,33.936,-174.408,44.857,165.58
-0.365,-0.055,-0.787,-2.625,4.456,40.466,-175.111,44.824,163.559
-0.372,-0.107,-0.872,2.197,7.935,37.903,-175.556,44.725,161.614
-0.298,-0.13,-0.932,3.845,1.465,35.767,-175.935,44.533,159.653
-0.369,-0.177,-1.066,0.916,-2.136,23.804,-176.127,44.698,157.945
-0.429,-0.137,-1.254,0.183,1.099,12.268,-176.259,44.583,156.693
-0.442,-0.097,-1.282,-3.723,-3.357,-6.226,-176.144,44.736,156.324
-0.288,0.015,-1.111,-8.301,10.01,-15.991,-176.16,44.445,156.709
-0.061,0.094,-0.946,-19.47,4.822,-18.127,-176.473,43.753,157.379
-0.286,0.205,-0.918,-22.705,-13.855,-11.658,-177.473,44.187,157.703
-0.199,0.19,-0.839,-13.184,3.113,-25.33,-178.132,44.011,158.472
-0.238,0.169,-0.749,-10.254,-13.367,-22.766,-178.5,44.269,159.538
-0.342,0.125,-0.705,-6.042,-12.39,-24.353,-178.687,44.863,160.615
-0.348,0.108,-0.677,-3.784,-7.202,-25.269,-178.72,45.308,161.927
-0.436,0.071,-0.723,-1.404,-7.019,-24.414,-178.61,45.769,163.345
-0.457,0.06,-0.813,-1.831,4.761,-20.264,-178.489,45.851,164.762
-0.417,0.049,-0.902,-4.333,9.033,-16.235,-178.374,45.681,166.108
-0.369,0.101,-0.941,-0.427,1.648,-14.038,-178.423,45.538,167.102
-0.421,0.1,-1.047,-0.427,-9.338,-11.047,-178.264,45.802,168.003
-0.53,0.131,-1.308,2.991,7.874,5.432,-178.286,46.022,168.267
-0.468,0.08,-1.258,15.198,-2.075,1.648,-178.143,45.917,168.036
-0.361,-0.088,-1.072,18.921,4.211,-0.793,-177.369,45.912,168.118
-0.112,-0.156,-0.848,15.869,8.057,6.042,-176.578,45.456,167.964
-0.279,-0.189,-0.799,11.78,-4.333,5.249,-175.952,45.412,167.476
-0.254,-0.182,-0.792,3.601,19.043,14.099,-175.627,44.747,166.789
-0.198,-0.139,-0.771,-0.061,14.832,18.372,-175.682,43.857,165.668
-0.252,-0.083,-0.738,-1.282,-3.357,21.179,-175.902,43.522,164.339
-0.393,-0.062,-0.75,1.404,-5.737,21.973,-176.056,43.846,163.141
-0.457,-0.055,-0.807,3.54,5.127,26.978,-176.182,43.978,162.087
-0.37,-0.072,-0.868,4.944,12.207,31.86,-176.38,43.638,160.829
-0.326,-0.063,-0.915,4.15,1.831,33.386,-176.633,43.473,159.39
-0.345,-0.112,-0.946,7.751,-9.277,29.602,-176.732,43.835,157.906
-0.346,-0.132,-1.013,7.263,-8.789,26.489,-176.726,44.352,156.517
-0.487,-0.129,-1.147,8.362,-12.573,17.456,-176.6,44.846,155.303
-0.51,-0.013,-1.271,-1.221,5.005,14.221,-176.6,45.033,154.424
-0.216,-0.025,-1.041,1.16,17.029,-7.324,-176.479,44.517,154.232
-0.072,0.052,-0.975,-17.273,2.197,-5.31,-176.627,43.715,154.523
-0.269,0.194,-0.914,-21.912,-10.254,0.305,-177.748,44.066,154.237
-0.221,0.21,-0.816,-11.108,3.174,-21.179,-178.528,43.929,154.616
-0.238,0.171,-0.742,-4.395,-6.104,-26.55,-178.693,43.912,155.808
-0.285,0.086,-0.733,-2.441,-6.653,-32.776,-178.506,44.182,157.357
-0.341,0.126,-0.738,-7.935,-5.554,-29.541,-178.517,44.456,159.005
-0.396,0.096,-0.739,-4.456,-6.226,-37.17,-178.418,44.764,160.922
-0.441,0.073,-0.77,-6.104,-5.31,-38.879,-178.176,45.198,163.284
-0.42,0.084,-0.848,-5.066,0.122,-33.142,-177.99,45.417,165.515
-0.359,0.074,-0.892,-2.625,-4.578,-30.212,-177.737,45.681,167.52
-0.367,0.099,-0.947,-0.549,-12.695,-24.902,-177.462,46.225,169.167
-0.479,0.062,-1.118,1.526,-10.864,-21.423,-177.072,46.873,170.585
-0.526,0.041,-1.262,2.991,5.615,-12.878,-176.869,47.164,171.557
-0.586,-0.116,-1.25,8.24,-3.662,-19.47,-176.27,47.175,172.678
-0.26,-0.143,-0.896,0.977,16.663,-6.714,-175.853,46.835,173.595
-0.149,-0.159,-0.824,4.761,0.061,-10.071,-175.54,46.181,174.04
-0.231,-0.164,-0.811,0.793,4.822,-13.672,-174.946,46.099,174.754
-0.222,-0.172,-0.803,-2.197,13.489,-15.442,-174.573,45.401,175.386
-0.146,-0.178,-0.723,-9.338,3.479,-25.024,-174.293,44.681,176.375
-0.334,-0.175,-0.764,-12.39,-13.0,-24.17,-174.161,44.808,177.665
-0.394,-0.16,-0.793,-13.184,-3.662,-15.259,-174.155,45.11,178.973
-0.408,-0.127,-0.804,-11.047,-9.216,-3.296,-174.359,45.428,179.808
-0.477,-0.118,-0.877,-6.958,-0.916,4.517,-174.606,45.862,-179.736
-0.34,-0.133,-0.851,-4.211,0.122,9.644,-174.831,45.895,-179.55
-0.412,-0.152,-0.896,-5.31,-13.672,12.329,-175.106,46.478,-179.654
-0.444,-0.135,-0.993,-7.507,-5.371,17.761,-175.556,47.027,-179.978
-0.527,-0.124,-1.24,-6.226,2.686,15.137,-175.995,47.115,179.588
-0.516,-0.042,-1.286,-6.531,5.92,4.883,-176.314,47.098,179.511
-0.372,0.039,-1.12,-5.981,7.996,-6.592,-176.512,46.747,179.912
-0.157,0.138,-0.954,-17.944,0.549,-8.972,-176.918,46.203,-179.489
-0.37,0.177,-0.892,-24.78,-5.066,-13.611,-177.825,46.549,-178.978
-0.22,0.213,-0.813,-18.005,14.465,-37.292,-178.638,46.005,-177.715
-0.208,0.132,-0.7,-10.864,-6.775,-45.532,-178.693,45.769,-175.479
-0.319,0.037,-0.659,-5.371,-19.165,-41.87,-178.462,46.362,-173.282
-0.414,0.025,-0.721,-14.16,-19.165,-29.175,-178.352,47.384,-171.332
-0.499,0.048,-0.735,-7.935,-20.081,-29.053,-178.522,48.351,-169.722
-0.592,0.015,-0.746,-11.963,-7.812,-33.325,-178.33,49.29,-167.657
-0.529,0.058,-0.795,-10.864,3.479,-31.616,-178.297,49.554,-165.471
-0.479,0.074,-0.798,-10.559,-2.93,-28.381,-178.253,49.768,-163.46
-0.453,0.061,-0.889,-9.583,-18.982,-22.339,-178.22,50.543,-161.719
-0.45,0.092,-1.066,-14.221,-19.348,5.859,-178.764,51.724,-161.098
-0.663,0.224,-1.178,-1.343,-49.805,30.09,179.918,53.394,-162.51
-0.897,0.115,-1.218,15.808,-24.292,8.728,179.753,55.25,-163.515
-0.436,0.068,-0.942,15.869,9.277,10.254,-179.846,55.382,-163.839
-0.237,-0.038,-0.899,24.78,10.376,1.465,-179.017,54.651,-164.081
-0.172,-0.08,-0.822,11.78,10.254,2.93,-178.16,53.965,-164.147
-0.148,-0.091,-0.798,4.456,-5.371,9.766,-177.979,53.498,-164.833
-0.297,-0.047,-0.741,-2.991,-20.081,11.719,-178.231,53.806,-165.789
-0.427,-0.021,-0.666,1.587,-23.376,10.254,-178.517,54.58,-166.663
-0.563,-0.023,-0.652,4.822,-19.836,2.991,-178.456,55.525,-166.998
-0.578,-0.055,-0.708,5.554,0.427,-9.46,-177.984,55.981,-166.476
-0.591,-0.062,-0.732,-0.122,-3.601,-18.616,-177.336,56.14,-165.168
-0.61,-0.114,-0.728,-7.751,1.77,-30.212,-176.682,56.321,-163.235
-0.564,-0.114,-0.732,-17.883,3.967,-40.527,-176.155,56.321,-160.565
-0.524,-0.146,-0.763,-23.438,2.686,-52.246,-175.605,56.266,-157.198
-0.546,-0.156,-0.818,-28.442,-2.258,-54.993,-175.106,56.338,-153.463
-0.614,-0.128,-0.909,-32.166,0.244,-60.303,-174.672,56.349,-149.573
-0.524,-0.031,-0.826,-35.889,7.202,-67.261,-174.271,56.069,-145.388
-0.661,-0.015,-0.886,-35.339,-0.854,-79.59,-173.677,55.827,-140.795
-0.461,0.087,-0.771,-45.044,25.818,-81.055,-173.425,54.86,-135.994
-0.372,0.097,-0.82,-45.532,1.038,-84.229,-173.469,53.91,-131.435
-0.619,0.076,-0.832,-53.284,-9.155,-92.712,-173.578,54.196,-126.491
-0.48,0.142,-0.771,-44.067,7.568,-90.759,-173.754,53.828,-121.503
-0.511,0.111,-0.811,-36.621,0.61,-82.52,-173.611,53.514,-116.944
-0.492,0.061,-0.797,-29.358,-1.16,-77.881,-173.337,53.333,-112.83
-0.48,0.054,-0.791,-31.128,-5.371,-71.167,-173.051,53.322,-108.99
-0.498,0.07,-0.794,-28.992,-9.949,-62.927,-172.925,53.608,-105.568
-0.447,0.11,-0.782,-26.978,-13.367,-48.523,-172.996,54.031,-102.783
-0.567,0.143,-0.885,-22.278,-22.4,-36.804,-173.331,54.888,-100.871
-0.782,0.071,-1.088,-10.254,-27.893,-44.312,-173.282,56.014,-99.064
-0.755,-0.081,-0.982,-9.033,-25.391,-51.208,-172.359,57.332,-96.548
-0.542,-0.163,-0.776,-10.986,-10.62,-52.429,-171.277,57.997,-93.735
-0.371,-0.178,-0.672,-19.897,5.249,-47.241,-170.475,57.788,-90.983
-0.528,-0.137,-0.81,-22.278,-6.531,-35.278,-170.349,57.623,-88.824
-0.506,-0.132,-0.859,-22.4,17.151,-34.546,-170.398,56.959,-87.017
-0.447,-0.123,-0.858,-29.114,19.592,-35.034,-170.552,55.838,-85.15
-0.367,-0.02,-0.801,-28.809,5.737,-33.203,-171.123,54.904,-83.507
-0.492,-0.055,-0.806,-21.973,-2.502,-40.71,-171.233,54.739,-81.557
-0.483,-0.096,-0.796,-22.217,1.099,-43.274,-171.161,54.52,-79.42
-0.387,-0.171,-0.77,-22.217,-7.446,-48.95,-170.969,54.311,-77.069
-0.528,-0.19,-0.863,-26.428,-8.301,-55.664,-170.645,54.498,-74.18
-0.408,-0.241,-0.867,-27.344,10.01,-60.364,-170.178,53.987,-70.972
-0.527,-0.161,-1.058,-35.645,-11.169,-59.753,-170.019,53.492,-67.709
-0.7,-0.124,-1.036,-33.02,-3.845,-79.102,-169.601,53.58,-63.831
-0.288,0.009,-0.772,-52.429,20.691,-68.359,-169.689,52.515,-59.969
-0.425,0.175,-0.824,-59.082,-30.823,-61.523,-171.096,52.317,-56.992
-0.604,0.197,-0.871,-51.086,0.061,-86.06,-172.084,53.02,-53.481
-0.412,0.13,-0.789,-41.931,9.766,-93.994,-172.244,52.278,-49.268
-0.384,0.044,-0.818,-33.63,10.376,-90.881,-172.007,51.482,-45.11
-0.349,0.012,-0.782,-33.936,-2.441,-76.904,-171.909,50.977,-41.435
-0.474,0.045,-0.827,-30.212,-10.62,-58.533,-172.139,51.185,-38.628
-0.541,0.038,-0.84,-26.367,-3.052,-46.814,-172.43,51.438,-36.595
-0.368,0.065,-0.818,-23.071,-1.099,-35.767,-172.875,51.317,-35.195
-0.431,0.099,-0.826,-20.508,-19.348,-25.391,-173.419,51.943,-34.343
-0.48,0.106,-0.904,-12.085,-20.813,-21.484,-173.798,52.861,-33.794
-0.631,0.027,-1.108,-1.16,-36.865,-23.926,-173.672,54.333,-33.223
-0.94,0.018,-1.281,-3.54,-14.954,-23.804,-173.375,55.778,-32.525
-0.751,-0.056,-1.18,-2.38,-1.221,-26.794,-172.837,56.014,-31.701
-0.384,-0.095,-0.906,-0.977,22.522,-22.461,-172.299,55.481,-30.905
-0.176,-0.166,-0.769,8.972,15.564,-18.799,-171.727,54.229,-30.416
-0.22,-0.251,-0.762,2.625,10.803,-14.404,-170.887,53.366,-29.729
-0.267,-0.213,-0.785,-8.118,19.775,-0.061,-170.782,52.432,-29.46
-0.182,-0.131,-0.726,-18.494,8.545,7.812,-171.486,51.345,-29.85
-0.342,-0.062,-0.709,-20.447,-12.085,3.54,-172.458,51.323,-30.146
-0.472,-0.045,-0.739,-15.808,-10.254,-2.014,-173.238,51.751,-30.229
-0.482,-0.078,-0.78,-11.169,-9.644,-2.075,-173.688,52.13,-30.289
-0.502,-0.105,-0.843,-8.118,-5.92,2.808,-174.084,52.564,-30.608
-0.432,-0.137,-0.87,-7.874,-9.277,9.644,-174.507,52.921,-31.223
-0.542,-0.141,-1.06,-4.944,-4.089,13.123,-174.996,53.372,-32.075
-0.598,-0.11,-1.158,-1.892,-14.893,4.944,-175.254,53.597,-32.761
-0.783,-0.055,-1.265,-6.897,-6.958,-11.902,-175.155,54.3,-32.552
-0.413,0.002,-0.998,-11.292,19.592,-17.944,-175.029,53.624,-31.844
-0.235,0.198,-0.882,-25.94,-1.16,-4.272,-175.787,52.971,-31.525
-0.43,0.262,-0.823,-14.099,9.399,-10.315,-176.885,53.174,-31.789
-0.223,0.173,-0.694,-6.042,7.568,-31.372,-177.039,52.333,-31.108
-0.359,0.108,-0.64,-2.014,-16.174,-26.611,-176.819,52.564,-30.119
-0.509,0.067,-0.627,-0.671,-13.55,-27.832,-176.457,53.328,-29.284
-0.509,0.043,-0.663,0.61,3.784,-28.809,-175.946,53.668,-28.394
-0.508,0.001,-0.706,-1.953,-1.16,-28.076,-175.397,53.646,-27.526
-0.535,-0.027,-0.827,-6.958,3.784,-29.297,-174.919,53.723,-26.516
-0.479,0.007,-0.851,-10.986,2.502,-33.081,-174.617,53.624,-25.318
-0.521,0.074,-0.959,-14.099,-4.639,-29.053,-174.49,53.712,-24.088
-0.552,0.113,-1.126,-10.132,5.493,-22.644,-174.496,53.624,-23.126
-0.603,0.092,-1.182,2.319,-13.611,-6.531,-174.49,53.795,-22.939
-0.814,-0.048,-1.27,13.611,-2.93,-1.282,-174.183,54.448,-23.286
-0.341,-0.126,-0.865,12.878,24.231,10.681,-173.826,53.591,-24.038
-0.145,-0.188,-0.795,15.808,9.521,15.625,-173.578,52.635,-25.208
-0.229,-0.216,-0.731,7.446,-0.854,10.193,-173.21,52.449,-25.774
-0.286,-0.188,-0.661,1.099,0.244,18.127,-173.249,52.295,-26.455
-0.405,-0.149,-0.671,-6.47,2.93,17.151,-173.65,52.114,-27.334
-0.448,-0.128,-0.687,-5.798,1.221,12.146,-174.117,51.943,-28.109
-0.533,-0.132,-0.779,-8.118,0.244,8.484,-174.441,52.015,-28.652
-0.517,-0.111,-0.792,-8.301,4.333,12.085,-174.924,51.987,-29.301
-0.461,-0.087,-0.823,-11.108,3.479,20.874,-175.583,51.921,-30.289
-0.456,-0.064,-0.838,-6.775,-6.592,26.672,-176.506,52.136,-31.756
-0.483,-0.058,-0.89,-6.836,-7.568,35.217,-177.484,52.526,-33.525
-0.514,-0.038,-1.041,-1.16,-2.38,39.185,-178.561,52.773,-35.733
-0.644,-0.012,-1.115,5.432,-18.188,25.208,-179.214,53.201,-37.672
-0.861,0.003,-1.288,3.601,1.648,2.869,-179.154,53.641,-38.353
-0.368,0.101,-0.946,-0.549,41.138,0.732,-179.083,52.344,-38.502
-0.088,0.147,-0.911,-9.033,9.399,-3.174,-179.214,50.751,-38.419
-0.441,0.237,-0.859,-18.372,-8.423,0.549,179.879,51.185,-38.573
-0.357,0.261,-0.755,-6.592,20.081,-18.311,179.313,50.46,-38.353
-0.23,0.166,-0.649,-0.122,3.54,-28.137,179.577,49.889,-37.343
-0.359,0.139,-0.628,6.165,-16.113,-24.475,-179.995,50.361,-36.458
-0.484,0.068,-0.696,8.301,-9.399,-25.574,-179.236,51.141,-35.59
-0.443,0.067,-0.783,6.104,-4.15,-25.33,-178.533,51.422,-34.722
-0.497,0.027,-0.864,2.197,-10.498,-25.269,-177.808,51.916,-33.701
-0.551,0.064,-0.937,-4.333,-12.512,-18.066,-177.413,52.641,-32.805
-0.629,0.112,-1.126,-5.493,6.409,-6.104,-177.484,52.85,-32.443
-0.59,0.104,-1.158,5.554,-6.287,3.357,-177.715,52.701,-32.822
-0.69,-0.079,-1.161,16.602,8.972,3.479,-177.242,52.949,-33.195
-0.219,-0.139,-0.801,16.663,29.114,25.391,-176.841,51.833,-34.162
-0.222,-0.2,-0.769,18.188,12.695,33.936,-176.677,50.74,-35.892
-0.269,-0.147,-0.763,15.991,11.414,33.813,-176.501,50.043,-37.507
-0.353,-0.181,-0.718,19.165,7.446,29.724,-176.111,49.587,-38.985
-0.396,-0.207,-0.679,12.146,10.803,17.517,-175.578,49.076,-39.913
-0.428,-0.208,-0.762,3.296,11.841,16.174,-175.254,48.62,-40.463
-0.383,-0.144,-0.766,-0.549,12.573,26.794,-175.446,48.12,-41.479
-0.346,-0.111,-0.846,-1.953,3.723,34.18,-175.886,47.823,-42.951
-0.415,-0.086,-0.907,-0.549,-4.883,36.987,-176.501,48.131,-44.687
-0.418,-0.079,-0.904,1.892,-3.174,31.494,-177.028,48.345,-46.362
-0.469,-0.083,-1.042,3.357,2.197,24.536,-177.297,48.417,-47.598
-0.438,-0.13,-1.114,12.024,-5.249,5.371,-177.072,48.263,-48.257
-0.679,-0.049,-1.32,-1.038,-4.211,-5.005,-176.589,48.68,-47.933
-0.357,0.024,-1.052,-2.197,30.396,-15.442,-176.342,47.966,-47.296
-0.087,0.098,-0.924,-20.081,6.897,-14.771,-176.468,46.714,-46.318
-0.32,0.219,-0.856,-24.658,-11.536,-10.986,-177.556,47.038,-45.681
-0.264,0.211,-0.768,-15.93,6.897,-27.954,-178.325,46.868,-44.709
-0.207,0.199,-0.666,-8.24,0.488,-30.884,-178.616,46.604,-43.336
-0.304,0.108,-0.66,-1.404,-13.611,-36.316,-178.429,46.873,-41.836
-0.412,0.079,-0.665,-3.174,-8.728,-36.438,-178.088,47.516,-40.226
-0.419,0.039,-0.733,-2.991,-8.362,-39.673,-177.671,47.933,-38.529
-0.484,0.022,-0.849,-6.042,-6.531,-41.504,-177.198,48.461,-36.634
-0.424,0.028,-0.918,-12.939,-4.578,-36.133,-176.88,48.774,-34.717
-0.471,0.082,-1.005,-12.756,-15.015,-28.992,-176.951,49.422,-33.234
-0.554,0.132,-1.126,-16.968,-7.751,-16.968,-177.303,49.971,-32.19
-0.595,0.181,-1.269,-1.831,-2.197,-0.977,-177.825,50.125,-32.108
-0.606,-0.022,-1.227,11.719,2.38,2.747,-177.632,50.361,-32.393
-0.141,-0.091,-0.8,17.212,19.775,14.16,-177.204,49.477,-33.014
-0.315,-0.204,-0.774,23.132,-9.46,7.568,-176.424,49.395,-33.624
-0.329,-0.23,-0.749,10.132,18.677,17.09,-175.622,49.081,-33.882
-0.252,-0.179,-0.729,3.113,14.282,29.541,-175.655,48.153,-34.98
-0.27,-0.115,-0.718,-0.366,7.568,26.55,-175.93,47.56,-36.156
-0.388,-0.082,-0.731,-0.183,-5.371,26.55,-176.232,47.549,-37.244
-0.454,-0.052,-0.785,1.892,2.014,27.1,-176.578,47.714,-38.458
-0.416,-0.07,-0.864,4.639,6.042,31.494,-176.841,47.576,-39.875
-0.397,-0.117,-0.958,6.47,-1.587,31.311,-177.078,47.571,-41.468
-0.397,-0.161,-0.99,3.052,-5.92,26.978,-177.237,47.823,-42.775
-0.598,-0.071,-1.328,0.854,0.427,21.423,-177.534,47.928,-43.852
-0.585,-0.011,-1.345,3.845,10.803,-6.775,-177.281,47.9,-43.874
-0.277,0.088,-1.067,2.441,31.494,-11.841,-176.858,46.725,-43.132
-0.021,0.161,-0.949,-7.446,5.188,-7.324,-176.83,45.478,-42.523
-0.328,0.209,-0.865,-7.751,-18.25,-17.761,-177.182,46.137,-41.797
-0.321,0.136,-0.752,-3.784,7.324,-40.1,-177.012,46.016,-40.139
-0.198,0.091,-0.678,-3.723,-2.441,-36.194,-176.748,45.742,-38.249
-0.328,0.012,-0.691,-7.812,-18.982,-29.968,-176.611,46.34,-36.65
-0.409,0.04,-0.7,-17.456,-15.503,-22.705,-176.863,47.159,-35.365
-0.446,0.089,-0.761,-15.503,-11.902,-33.752,-177.336,47.845,-34.146
-0.521,0.109,-0.881,-15.93,-6.165,-40.222,-177.446,48.505,-32.349
-0.445,0.093,-0.939,-7.507,-2.563,-36.804,-177.275,48.746,-30.498
-0.43,0.092,-1.016,-3.479,-2.441,-21.484,-177.045,49.01,-29.174
-0.464,0.104,-1.152,1.709,-2.991,-1.221,-177.028,49.098,-28.773
-0.702,0.065,-1.261,11.902,-17.09,12.695,-177.127,49.713,-29.377
-0.497,-0.103,-1.051,16.479,15.076,13.0,-176.715,49.779,-30.19
-0.15,-0.132,-0.817,22.034,11.963,21.301,-176.259,49.016,-31.234
-0.285,-0.238,-0.78,22.827,-0.977,13.855,-175.358,48.9,-31.976
-0.25,-0.19,-0.727,13.367,13.306,23.804,-174.781,48.411,-32.706
-0.298,-0.194,-0.739,5.493,7.69,25.208,-174.694,47.906,-33.799
-0.338,-0.153,-0.721,-0.977,4.333,16.174,-174.798,47.554,-34.519
-0.43,-0.137,-0.787,-5.92,3.906,16.479,-175.001,47.477,-35.03
-0.392,-0.075,-0.795,-3.052,7.69,23.315,-175.474,47.208,-35.991
-0.423,-0.07,-0.82,-0.732,-2.319,23.132,-175.831,47.263,-37.079
-0.429,-0.092,-0.891,1.587,-1.526,27.039,-176.16,47.477,-38.315
-0.434,-0.136,-0.965,0.305,-6.042,24.963,-176.501,47.796,-39.6
-0.49,-0.108,-1.146,-2.38,7.202,20.325,-176.885,47.889,-40.649
-0.563,-0.041,-1.286,-1.221,0.549,2.38,-177.061,47.796,-41.111
-0.478,0.047,-1.204,-0.916,17.944,-9.766,-176.951,47.477,-40.715
-0.062,0.087,-0.905,-8.362,24.658,-7.935,-176.907,46.165,-40.106
-0.209,0.142,-0.896,-18.555,-13.245,-4.944,-177.589,45.895,-39.672
-0.261,0.204,-0.849,-17.395,3.296,-18.433,-178.473,46.0,-39.012
-0.178,0.136,-0.694,-9.155,-5.737,-31.616,-178.781,45.807,-37.612
-0.271,0.077,-0.619,-8.484,-25.33,-31.433,-178.775,46.538,-35.969
-0.494,0.106,-0.641,-9.216,-25.269,-29.785,-178.824,47.906,-34.536
-0.541,0.07,-0.714,-4.395,0.305,-34.546,-178.627,48.532,-33.129
-0.451,0.059,-0.775,-5.615,7.202,-35.583,-178.281,48.483,-31.597
-0.423,0.038,-0.891,-7.751,6.592,-32.593,-177.957,48.301,-30.075
-0.436,0.089,-0.939,-7.507,3.54,-28.015,-177.808,48.285,-28.718
-0.416,0.129,-0.978,-3.906,0.366,-14.16,-177.786,48.246,-27.916
-0.527,0.139,-1.212,1.526,-0.488,4.456,-177.863,48.219,-27.96
-0.612,0.086,-1.235,16.357,-5.92,11.169,-177.88,48.543,-28.85
-0.55,-0.083,-1.091,21.79,16.663,14.771,-177.204,48.422,-29.674
-0.173,-0.103,-0.855,24.353,21.423,29.236,-176.715,47.384,-31.08
-0.247,-0.198,-0.852,28.564,8.118,18.616,-175.842,46.769,-32.388
-0.144,-0.197,-0.827,24.292,17.639,20.386,-174.792,45.956,-33.14
-0.175,-0.23,-0.765,15.625,2.441,22.217,-174.012,45.363,-34.008
-0.296,-0.208,-0.745,5.859,-0.305,13.55,-173.562,45.275,-34.525
-0.359,-0.176,-0.731,-1.831,-5.31,12.085,-173.414,45.346,-34.805
-0.433,-0.105,-0.786,-2.319,0.122,16.541,-173.557,45.577,-35.283
-0.475,-0.111,-0.824,1.587,1.831,23.743,-173.732,45.692,-36.266
-0.372,-0.107,-0.884,3.784,13.489,29.724,-173.979,45.417,-37.7
-0.286,-0.131,-0.969,4.639,-6.47,28.809,-174.177,45.456,-39.183
-0.438,-0.193,-1.032,2.441,-18.127,15.93,-174.216,46.274,-40.084
-0.714,-0.129,-1.317,-6.042,-10.315,-2.258,-174.304,47.016,-40.15
-0.561,-0.093,-1.219,-8.789,17.822,-28.259,-174.139,46.813,-39.078
-0.168,-0.0,-0.932,-17.456,30.823,-35.156,-174.1,45.423,-37.299
-0.091,0.165,-0.891,-27.832,1.587,-18.799,-174.842,44.456,-35.903
-0.24,0.138,-0.926,-12.085,2.93,-47.18,-175.342,44.489,-34.382
-0.204,0.089,-0.841,-20.325,0.977,-55.542,-175.391,43.984,-31.542
-0.291,0.081,-0.752,-14.954,-8.301,-43.335,-175.644,44.022,-29.081
-0.381,0.072,-0.682,-10.62,-2.93,-38.33,-175.759,44.242,-27.114
-0.315,0.076,-0.704,-2.502,4.272,-30.151,-175.721,44.116,-25.67
-0.419,0.034,-0.759,1.892,-0.305,-24.536,-175.435,44.143,-24.609
-0.459,0.015,-0.788,3.052,9.888,-15.625,-175.078,44.099,-23.961
-0.448,0.028,-0.851,4.944,8.301,-13.184,-174.809,43.792,-23.73
-0.403,0.07,-0.918,2.38,11.658,-11.169,-174.584,43.506,-23.56
-0.399,0.105,-1.062,5.554,11.353,-8.24,-174.402,43.193,-23.511
-0.367,0.149,-1.21,9.583,5.066,10.986,-174.287,42.808,-24.088
-0.5,0.066,-1.271,26.672,-1.892,4.883,-173.727,43.187,-24.988
-0.323,-0.133,-1.179,26.611,13.306,-1.892,-172.491,42.731,-25.258
-0.051,-0.239,-0.89,19.531,7.324,-0.977,-171.552,42.259,-25.455
-0.098,-0.272,-0.882,9.155,-9.033,-18.86,-170.728,42.166,-24.774
-0.102,-0.266,-0.876,-1.038,7.385,-26.794,-170.046,41.83,-23.176
0.004,-0.193,-0.845,-15.991,-2.197,-24.719,-169.991,41.193,-21.616
-0.079,-0.112,-0.828,-17.334,-16.724,-31.921,-170.25,41.16,-19.715
-0.168,-0.156,-0.804,-15.564,-21.973,-43.64,-170.266,41.616,-17.26
-0.246,-0.173,-0.795,-22.705,-26.978,-51.147,-170.305,42.231,-14.425
-0.343,-0.184,-0.815,-31.921,-26.672,-70.435,-170.48,43.039,-11.014
-0.44,-0.157,-0.845,-42.419,-25.757,-87.891,-170.782,43.797,-6.718
-0.43,-0.147,-0.828,-46.204,-18.982,-97.656,-171.151,44.379,-1.873
-0.402,-0.126,-0.836,-45.898,-22.583,-98.206,-171.491,44.973,3.098
-0.367,-0.128,-0.799,-42.236,-22.156,-92.59,-171.672,45.698,7.943
-0.435,-0.1,-0.972,-38.574,-12.756,-79.651,-171.865,46.263,12.156
-0.428,-0.072,-1.131,-26.978,-3.479,-82.825,-171.799,46.143,16.057
-0.384,-0.134,-0.996,-16.357,-29.297,-98.022,-170.865,46.67,20.682
-0.385,-0.084,-0.751,-34.729,-28.015,-85.51,-170.123,47.653,25.505
-0.395,0.081,-0.75,-35.706,-36.133,-79.529,-170.31,48.604,29.509
-0.607,0.059,-0.825,-39.429,-31.433,-81.36,-170.294,50.048,33.717
-0.603,0.042,-0.842,-37.231,-5.676,-85.266,-170.338,50.493,37.738
-0.439,0.06,-0.852,-41.443,2.563,-87.83,-170.502,50.054,41.841
-0.437,0.05,-0.84,-41.931,-10.986,-81.604,-170.728,49.988,46.121
-0.44,0.078,-0.8,-37.659,-21.851,-74.158,-171.112,50.46,50.114
-0.514,0.099,-0.805,-36.682,-25.94,-60.852,-171.453,51.443,53.839
-0.503,0.14,-0.855,-32.41,-18.433,-41.321,-172.095,52.366,56.689
-0.618,0.212,-1.075,-23.193,-20.081,-30.701,-173.084,53.212,58.694
-0.647,-0.045,-0.958,-0.61,-26.733,-55.359,-172.612,54.371,61.425
-0.435,-0.148,-0.728,-5.127,-5.676,-57.861,-171.321,54.981,64.863
-0.412,-0.226,-0.791,-8.24,-2.197,-60.547,-170.101,54.613,68.093
-0.571,-0.279,-0.834,-21.729,-6.592,-62.073,-168.904,54.646,71.565
-0.554,-0.219,-0.859,-28.381,10.498,-48.706,-168.701,54.053,74.169
-0.444,-0.121,-0.843,-40.1,11.23,-39.429,-169.233,53.163,76.179
-0.357,-0.055,-0.8,-32.776,-8.24,-42.175,-169.953,52.894,78.212
-0.488,-0.153,-0.802,-27.405,-22.583,-49.805,-169.964,53.492,81.002
-0.487,-0.193,-0.778,-28.015,-10.498,-52.49,-169.794,53.976,83.979
-0.527,-0.182,-0.85,-22.461,-2.808,-55.054,-169.442,53.932,86.962
-0.379,-0.26,-0.934,-19.348,21.545,-59.937,-168.673,52.894,90.071
-0.502,-0.134,-1.134,-26.184,-19.104,-63.232,-168.245,52.339,93.318
-0.438,-0.053,-0.859,-32.959,-4.211,-63.66,-167.547,52.657,97.537
-0.466,0.047,-0.854,-49.805,-34.607,-39.246,-168.431,52.844,100.635
-0.624,0.124,-0.822,-53.223,-13.794,-60.791,-169.75,54.014,104.161
-0.47,0.142,-0.758,-48.218,0.916,-68.298,-170.684,53.646,108.726
-0.498,0.072,-0.756,-40.649,-0.488,-72.632,-171.266,53.306,113.566
-0.47,0.064,-0.793,-37.964,4.272,-63.843,-171.727,52.817,118.35
-0.5,0.051,-0.803,-31.677,3.662,-54.016,-172.205,52.383,122.542
-0.487,0.099,-0.814,-24.78,2.747,-40.283,-172.749,51.987,126.013
-0.443,0.042,-0.782,-16.174,1.587,-33.386,-173.057,51.828,128.903
-0.396,0.061,-0.768,-18.005,-5.249,-21.118,-173.546,51.801,131.171
-0.604,0.086,-0.926,-12.695,-19.592,-16.846,-174.111,52.504,133.011
-0.699,0.026,-1.026,2.319,-24.353,-18.494,-173.996,53.536,134.901
-0.948,-0.097,-1.279,9.827,-24.902,-13.672,-173.287,54.899,136.791
-1.013,-0.17,-1.294,8.24,-11.536,-6.714,-172.628,55.789,138.296
-0.651,-0.201,-1.042,-2.686,36.499,18.25,-172.771,55.228,138.752
-0.142,-0.133,-0.806,-2.38,52.795,36.072,-174.007,52.833,137.433
-0.076,-0.181,-0.79,3.845,16.663,13.489,-174.38,51.152,136.324
-0.265,-0.146,-0.792,3.54,15.564,12.268,-174.326,50.312,135.747
-0.218,-0.154,-0.719,2.258,11.414,16.113,-174.326,49.384,134.907
-0.286,-0.118,-0.669,-6.409,-0.244,18.494,-174.567,48.994,133.978
-0.394,-0.06,-0.704,-10.376,-0.183,19.958,-175.243,49.005,132.973
-0.379,-0.052,-0.77,-10.437,2.686,14.954,-175.941,48.878,132.303
-0.38,-0.092,-0.878,-7.568,-2.441,10.01,-176.55,48.977,131.951
-0.435,-0.112,-0.958,-7.08,-8.606,7.446,-176.962,49.219,131.77
-0.442,-0.137,-1.02,-3.052,1.526,5.554,-177.127,49.46,131.688
-0.494,-0.118,-0.989,0.427,-21.24,-4.7,-177.028,49.883,131.797
-0.714,-0.044,-1.154,-7.996,-13.062,-14.282,-176.781,50.872,132.726
-0.414,0.043,-0.958,-11.23,18.494,-19.409,-176.737,50.554,134.094
-0.203,0.153,-0.916,-23.376,14.282,-13.733,-177.226,49.532,135.385
-0.342,0.25,-0.868,-18.005,10.62,-18.127,-178.143,49.131,136.39
-0.196,0.173,-0.796,-10.62,19.165,-41.443,-178.204,47.988,138.538
-0.291,0.153,-0.756,-9.888,2.258,-35.156,-178.16,47.477,140.889
-0.356,0.125,-0.717,-7.019,2.991,-29.358,-178.198,47.258,142.822
-0.334,0.066,-0.693,0.0,3.967,-34.79,-177.951,46.994,144.904
-0.399,0.009,-0.728,-2.93,-1.526,-30.029,-177.506,46.978,147.14
-0.481,0.036,-0.86,-4.883,2.93,-26.428,-177.407,47.049,149.057
-0.407,0.056,-0.96,-4.456,14.587,-29.846,-177.22,46.653,151.073
-0.31,0.058,-1.041,-7.751,5.31,-24.048,-176.984,46.187,153.067
-0.334,0.211,-1.156,-3.113,-1.953,-4.7,-177.242,46.066,154.111
-0.493,0.127,-1.185,17.273,-20.691,8.972,-177.1,46.533,154.149
-0.635,-0.102,-1.241,21.851,-1.282,4.517,-176.347,47.263,154.1
-0.203,-0.156,-0.813,9.644,13.184,14.099,-175.853,46.791,153.946
-0.223,-0.141,-0.762,9.277,-7.141,15.442,-175.726,46.62,153.292
-0.334,-0.166,-0.766,9.399,14.648,12.756,-175.342,46.516,152.82
-0.159,-0.16,-0.809,4.944,27.1,18.921,-175.193,45.198,152.018
-0.106,-0.153,-0.79,-1.404,10.01,14.343,-175.243,44.182,151.062
-0.312,-0.113,-0.786,-5.859,-8.667,8.789,-175.424,44.214,150.386
-0.422,-0.089,-0.828,-5.615,-1.892,9.46,-175.688,44.412,149.958
-0.398,-0.092,-0.846,-4.578,0.549,12.817,-175.941,44.462,149.601
-0.37,-0.053,-0.844,-5.615,-2.869,20.508,-176.375,44.632,148.964
-0.438,-0.048,-0.889,-4.456,-6.042,23.804,-176.863,45.099,148.107
-0.381,-0.042,-0.94,0.183,4.089,27.283,-177.369,45.214,147.101
-0.325,-0.056,-1.005,1.099,5.554,27.954,-177.759,45.055,145.931
-0.321,-0.104,-1.056,5.066,-8.362,16.479,-177.891,44.995,144.855
-0.466,-0.144,-1.094,-4.517,-17.517,8.301,-177.874,45.775,144.338
-0.628,-0.035,-1.211,-10.071,-5.92,8.545,-178.297,46.406,143.926
-0.461,0.039,-1.131,-5.676,17.883,-8.362,-178.61,46.143,144.064
-0.09,-0.003,-0.854,-5.92,13.55,-19.958,-178.412,45.269,145.129
-0.317,0.068,-0.816,-18.494,-23.315,-8.789,-178.748,45.582,145.865
-0.436,0.104,-0.825,-15.747,19.226,-12.085,-179.418,45.692,146.486
-0.164,0.111,-0.793,-13.794,26.611,-15.564,-179.896,44.275,147.524
-0.168,0.168,-0.816,-10.193,9.644,-7.141,179.604,43.456,148.233
-0.203,0.16,-0.783,-0.732,0.916,-0.916,179.308,43.176,148.447
-0.279,0.138,-0.756,4.7,-6.287,-0.122,179.28,43.264,148.546
-0.375,0.107,-0.763,6.47,-7.263,-3.479,179.396,43.599,148.76
-0.443,0.045,-0.792,3.601,-3.113,-10.071,179.594,43.923,149.414
-0.441,-0.001,-0.801,-9.216,6.592,-10.742,179.544,43.94,150.474
-0.468,0.133,-0.948,-13.062,4.822,-0.427,178.89,43.929,151.183
-0.306,0.198,-0.973,-8.057,12.451,-0.977,178.27,43.588,151.65
-0.281,0.215,-1.096,-1.709,0.244,-2.991,177.995,43.401,152.15
-0.324,0.215,-1.051,0.305,-20.63,4.211,177.792,43.797,152.221
-0.535,-0.037,-1.263,7.446,-17.883,-12.024,177.836,44.841,152.292
-0.525,-0.261,-1.179,-41.077,-2.808,-24.109,177.698,45.511,153.605
-0.171,0.143,-0.923,-56.58,12.634,0.916,175.281,45.209,154.297
-0.097,0.151,-0.837,-23.376,-4.639,-10.071,173.546,44.764,154.473
-0.292,0.154,-0.841,-8.606,-2.014,2.441,173.04,45.016,154.633
-0.203,0.086,-0.801,13.794,9.155,16.785,173.145,44.363,153.929
-0.219,-0.151,-0.759,-4.211,-0.549,12.512,173.397,43.956,153.138
-0.326,0.027,-0.754,-34.302,-9.46,18.921,172.15,44.044,152.205
-0.34,0.265,-0.756,-19.958,-10.315,31.799,170.486,44.225,150.804
-0.438,0.261,-0.804,12.085,-13.977,46.265,169.843,44.511,148.843
-0.426,0.247,-0.868,27.283,-2.686,68.359,169.794,44.28,146.036
-0.344,0.166,-0.936,41.87,-10.62,67.322,170.398,43.934,142.811
-0.437,0.102,-1.055,51.514,-13.733,72.815,171.447,44.127,139.329
-0.525,0.075,-1.325,48.401,-3.784,49.011,172.897,44.033,136.241
-0.504,0.152,-1.278,38.147,-0.977,21.057,174.512,44.165,134.604
-0.259,0.15,-1.005,41.26,15.259,-4.7,176.364,43.808,134.286
-0.031,0.097,-0.932,18.738,13.0,-24.109,178.204,42.946,135.192
-0.232,0.181,-0.871,0.671,-8.667,-38.452,178.956,43.072,136.522
-0.219,0.131,-0.807,-0.183,13.916,-75.012,179.802,42.836,139.433
-0.2,0.128,-0.766,-6.592,10.559,-78.735,-179.33,42.303,143.388
-0.218,0.097,-0.752,-8.728,6.165,-84.534,-178.638,41.896,147.486
-0.262,0.043,-0.745,-14.038,4.089,-92.407,-178.022,41.605,152.106
-0.33,0.02,-0.778,-23.071,2.197,-93.994,-177.737,41.545,156.934
-0.347,0.018,-0.863,-26.794,6.47,-98.633,-177.66,41.396,162.037
-0.34,0.006,-0.907,-31.677,3.357,-93.384,-177.781,41.27,167.184
-0.292,0.003,-0.878,-30.518,-4.028,-82.458,-178.044,41.396,171.914
-0.339,0.115,-0.917,-25.94,-15.869,-57.983,-178.489,42.111,175.644
-0.414,0.198,-1.038,2.869,-5.432,-7.324,-178.572,42.786,177.369
-0.382,0.081,-1.145,30.518,-0.244,31.128,-178.0,42.764,176.457
-0.578,-0.045,-1.308,24.78,0.488,45.532,-177.396,43.303,174.551
-0.342,-0.12,-1.122,26.917,26.062,58.044,-176.935,42.583,172.233
-0.027,-0.138,-0.877,22.217,6.958,65.186,-176.743,41.66,168.997
-0.192,-0.145,-0.858,17.822,-9.338,37.231,-176.462,41.869,166.24
-0.21,-0.166,-0.865,20.081,11.902,28.381,-175.847,41.737,164.515
-0.13,-0.235,-0.873,11.108,15.198,32.837,-175.303,40.908,162.631
-0.103,-0.188,-0.866,-1.404,9.216,35.645,-175.358,40.172,160.422
-0.182,-0.137,-0.822,-8.85,-10.376,38.94,-175.853,40.073,157.994
-0.321,-0.024,-0.833,-6.714,-7.08,41.687,-176.633,40.463,155.457
-0.336,-0.026,-0.842,2.686,-4.089,38.574,-177.023,40.655,153.226
-0.313,-0.015,-0.856,6.348,-4.7,33.447,-177.188,40.886,151.337
-0.35,-0.086,-0.933,1.587,-7.385,12.329,-177.182,41.32,150.2
-0.355,-0.06,-1.091,-0.549,-6.958,0.366,-177.193,41.737,150.024
-0.211,-0.098,-1.145,1.526,8.972,-0.732,-177.006,41.616,149.947
-0.246,-0.069,-1.104,-1.16,-38.818,-13.184,-176.836,42.303,149.98
-0.677,0.057,-1.18,-6.897,-23.438,-22.156,-176.743,44.319,150.776
-0.121,0.078,-0.849,0.366,17.639,-33.569,-176.331,43.715,152.271
-0.36,0.071,-0.838,-11.597,-30.273,-37.964,-176.083,44.291,154.023
-0.361,0.144,-0.792,-20.874,0.061,-48.523,-176.254,44.863,156.357
-0.356,0.2,-0.778,-10.986,5.432,-35.4,-176.495,44.758,158.741
-0.378,0.197,-0.799,-3.845,18.372,-9.399,-176.666,44.182,160.065
-0.233,0.243,-0.726,18.921,27.649,10.193,-176.874,43.055,160.043
-0.195,0.042,-0.724,42.358,6.592,1.953,-175.776,42.166,159.802
-0.28,-0.116,-0.747,49.927,-2.93,1.038,-173.798,42.226,159.84
-0.362,-0.27,-0.835,42.542,-6.958,-2.502,-171.617,42.506,159.961
-0.381,-0.282,-0.866,20.874,-9.705,-2.197,-169.986,42.968,160.285
-0.44,-0.239,-0.946,9.888,-8.728,-8.118,-169.118,43.561,160.686
-0.547,-0.167,-1.158,-3.235,-15.198,-11.963,-168.717,43.918,161.433
-0.815,-0.22,-1.269,-5.493,-12.146,-22.217,-168.525,44.973,162.79
-0.466,-0.265,-1.071,-5.92,36.011,-27.893,-168.382,43.951,164.443
-0.019,-0.244,-0.883,-12.268,46.387,-17.578,-168.569,41.776,165.432
-0.012,-0.311,-0.84,-7.446,17.212,-24.658,-168.569,40.166,166.086
-0.096,-0.183,-0.805,-20.935,7.629,0.488,-169.156,39.397,165.921
-0.132,-0.184,-0.791,-12.695,8.179,-1.038,-169.816,38.936,165.125
-0.195,-0.192,-0.824,-8.484,-2.686,-1.892,-170.068,38.606,164.789
-0.212,-0.154,-0.745,-0.488,-5.798,7.324,-170.217,38.628,164.13
-0.336,-0.196,-0.854,12.268,-3.662,10.071,-169.865,39.018,163.433
-0.273,-0.286,-0.88,7.751,4.517,21.118,-169.305,39.023,162.532
-0.247,-0.288,-0.929,3.418,-0.305,14.038,-169.058,39.029,161.4
-0.327,-0.229,-1.015,3.418,7.751,2.991,-168.926,39.155,160.681
-0.401,-0.212,-1.191,7.08,-4.395,-5.432,-168.53,38.672,160.455
-0.379,-0.185,-1.133,-3.418,4.456,-27.405,-168.041,38.661,161.235
-0.125,-0.068,-0.948,-8.545,28.992,-46.875,-167.822,37.529,163.076
-0.097,0.065,-0.946,-20.142,10.437,-27.527,-168.311,36.348,164.658
-0.044,0.067,-0.908,-11.169,9.46,-36.865,-168.893,35.53,165.91
-0.156,0.045,-0.89,-10.803,-9.46,-38.635,-169.327,35.381,167.635
-0.193,-0.024,-0.901,-11.047,2.441,-41.321,-169.656,35.195,169.53
-0.167,0.01,-0.893,-13.855,-0.488,-32.593,-170.2,34.898,171.238
-0.191,-0.041,-0.876,-9.949,-8.972,-38.574,-170.618,34.909,172.875
-0.241,0.024,-0.836,-20.02,-0.305,-29.724,-171.326,35.041,174.562
-0.175,0.009,-0.893,-9.338,-1.221,-30.884,-171.898,34.882,176.089
-0.241,-0.013,-0.945,-1.77,-2.563,-28.442,-172.062,34.953,177.599
-0.243,0.04,-0.976,-1.892,-6.104,-11.536,-172.172,35.074,178.676
-0.235,-0.004,-1.111,5.92,5.798,-4.333,-172.15,35.272,179.116
-0.421,-0.142,-1.162,17.334,-11.536,-8.972,-171.601,35.612,179.583
-0.385,-0.185,-1.215,10.01,18.433,2.075,-171.046,35.546,179.923
-0.064,-0.21,-1.044,9.033,36.011,6.714,-170.695,34.475,179.786
0.171,-0.225,-0.9,11.841,22.095,4.944,-170.277,32.871,179.22
0.134,-0.216,-0.85,5.249,2.319,3.723,-169.805,32.195,178.583
0.012,-0.213,-0.808,6.836,-6.165,7.874,-169.492,32.201,177.567
-0.014,-0.207,-0.787,-1.831,-0.854,8.118,-169.343,32.13,176.55
-0.025,-0.195,-0.848,1.221,-2.441,6.226,-169.321,31.976,175.479
-0.06,-0.237,-0.875,0.0,-0.793,-2.258,-169.156,31.871,174.891
-0.1,-0.215,-0.886,-4.761,-9.094,4.639,-169.167,31.959,174.348
-0.167,-0.208,-0.859,-2.869,-6.226,0.366,-169.206,32.261,173.892
-0.171,-0.188,-0.891,-5.066,-2.808,2.38,-169.266,32.454,173.71
-0.202,-0.211,-0.913,-2.747,-3.296,1.892,-169.294,32.596,173.573
-0.177,-0.211,-0.934,-0.732,-1.587,0.122,-169.266,32.745,173.606
-0.227,-0.253,-0.971,-2.625,-5.371,-2.258,-169.146,33.036,173.798
-0.153,-0.229,-0.906,-3.845,-6.165,-2.502,-169.151,33.283,174.029
-0.286,-0.25,-1.018,-6.042,-13.672,-6.104,-169.178,33.832,174.386
-0.272,-0.277,-1.012,-6.165,-0.854,-9.644,-169.222,34.228,175.067
-0.271,-0.229,-1.085,-13.916,-5.676,-2.014,-169.459,34.453,175.721
-0.249,-0.104,-1.137,-12.146,12.573,7.08,-170.013,34.453,175.825
0.005,0.031,-1.06,-10.315,20.508,17.273,-170.612,33.69,175.287
0.089,0.17,-0.92,-8.728,-0.244,36.133,-171.392,33.179,173.705
-0.04,0.127,-0.949,13.123,0.854,24.17,-171.683,33.376,171.799
-0.027,-0.047,-0.919,14.771,0.61,16.174,-171.233,33.118,170.722
-0.132,-0.053,-0.898,8.667,-3.601,29.297,-171.112,33.3,169.178
-0.162,-0.063,-0.841,8.362,-5.249,27.222,-171.063,33.552,167.58
-0.226,-0.058,-0.856,7.874,-2.319,27.649,-171.035,33.887,166.113
-0.25,-0.086,-0.91,7.141,9.888,25.146,-170.964,33.832,164.811
-0.163,-0.074,-0.979,6.409,17.395,30.884,-170.969,33.3,163.422
-0.123,-0.083,-0.979,5.371,5.798,40.955,-171.013,32.992,161.554
-0.224,-0.051,-0.952,4.089,-2.014,53.284,-171.194,33.316,159.175
-0.31,-0.049,-0.896,13.0,3.418,60.12,-171.365,33.739,156.335
-0.292,-0.138,-1.037,25.208,25.94,51.636,-171.03,33.492,153.583
0.038,-0.277,-0.889,19.226,33.02,46.021,-170.233,32.267,151.227
0.004,-0.232,-0.885,-2.38,3.235,47.058,-170.063,31.685,148.42
-0.074,-0.095,-0.9,-4.15,11.414,41.687,-170.524,31.668,145.646
-0.014,-0.137,-0.944,7.935,14.404,35.706,-170.574,31.102,143.119
0.022,-0.183,-0.949,8.118,12.268,32.593,-170.299,30.509,140.839
0.013,-0.16,-0.934,5.188,2.563,34.119,-170.118,30.218,138.543
-0.035,-0.179,-0.891,7.019,-2.808,28.32,-169.893,30.289,136.428
-0.181,-0.157,-0.99,5.31,-2.502,26.794,-169.728,30.531,134.511
-0.09,-0.163,-0.938,6.165,10.254,20.569,-169.481,30.311,132.885
-0.075,-0.172,-0.943,8.057,4.028,15.259,-169.162,30.119,131.517
-0.053,-0.211,-0.952,5.554,5.554,10.315,-168.81,29.938,130.446
-0.083,-0.184,-0.969,3.418,0.305,11.108,-168.613,29.844,129.375
-0.111,-0.168,-0.96,5.066,-0.61,13.428,-168.409,29.932,128.26
-0.097,-0.175,-0.938,7.324,3.967,9.338,-168.124,29.938,127.255
-0.094,-0.192,-0.954,4.272,1.587,8.179,-167.811,29.855,126.431
-0.069,-0.188,-0.945,5.188,1.892,2.686,-167.585,29.784,125.706
-0.125,-0.202,-0.961,3.662,-1.099,-0.61,-167.322,29.811,125.266
-0.1,-0.191,-0.955,3.845,4.822,0.183,-167.119,29.707,124.887
-0.068,-0.207,-0.953,4.578,2.991,2.625,-166.866,29.52,124.431
-0.071,-0.208,-0.957,3.906,1.221,3.235,-166.635,29.46,123.876
-0.086,-0.194,-0.961,3.235,-0.732,2.258,-166.459,29.46,123.327
-0.09,-0.215,-0.962,2.625,-0.977,0.122,-166.256,29.504,122.937
-0.074,-0.204,-0.954,2.319,1.221,0.732,-166.119,29.487,122.558
-0.069,-0.189,-0.954,2.869,-4.578,1.16,-165.992,29.586,122.179
-0.116,-0.196,-0.95,3.479,-3.784,0.549,-165.811,29.817,121.893
-0.107,-0.21,-0.941,5.493,-3.174,-1.77,-165.564,29.96,121.69
-0.101,-0.217,-0.935,2.747,-3.357,-2.686,-165.344,30.097,121.613
-0.133,-0.213,-0.951,2.869,-3.906,-4.7,-165.19,30.273,121.547
-0.119,-0.227,-0.942,5.249,-2.502,-5.249,-164.943,30.372,121.597
-0.145,-0.237,-0.935,2.38,-3.357,-1.343,-164.745,30.553,121.498
-0.114,-0.221,-0.93,0.793,-1.16,1.648,-164.636,30.619,121.278
-0.139,-0.214,-0.942,2.991,0.305,2.625,-164.553,30.729,120.905
-0.126,-0.218,-0.94,3.967,-1.282,3.235,-164.394,30.811,120.536
-0.141,-0.235,-0.941,4.15,1.221,3.54,-164.18,30.905,120.201
-0.112,-0.246,-0.933,3.113,-0.549,3.418,-163.998,30.921,119.817
-0.141,-0.243,-0.938,1.77,0.671,1.465,-163.9,31.014,119.443
-0.112,-0.227,-0.938,-1.343,-1.038,0.61,-163.894,31.02,119.152
-0.127,-0.23,-0.943,-1.099,1.648,0.305,-163.927,31.064,118.905
-0.113,-0.23,-0.94,0.793,-2.014,0.916,-163.927,31.069,118.652
-0.119,-0.232,-0.94,-0.122,0.549,2.747,-163.916,31.146,118.339
-0.134,-0.241,-0.943,0.366,-1.038,4.089,-163.905,31.234,117.949
-0.12,-0.227,-0.943,-2.014,1.16,6.348,-163.976,31.289,117.427
-0.124,-0.216,-0.949,0.427,-0.977,4.883,-164.026,31.355,116.949
-0.124,-0.236,-0.932,0.244,-1.343,6.958,-164.009,31.481,116.505
-0.146,-0.214,-0.942,0.183,-0.305,6.714,-164.059,31.641,115.988
-0.14,-0.227,-0.94,1.587,-1.709,8.667,-164.037,31.767,115.488
-0.133,-0.22,-0.935,2.136,1.038,9.705,-164.02,31.899,114.829
-0.154,-0.221,-0.94,2.441,-0.183,11.353,-163.96,32.047,114.208
-0.138,-0.214,-0.934,4.089,-0.061,11.841,-163.889,32.19,113.489
-0.154,-0.225,-0.944,5.615,-0.061,9.338,-163.729,32.344,112.835
-0.15,-0.261,-0.931,4.272,0.305,6.775,-163.504,32.448,112.33
-0.148,-0.249,-0.938,3.235,2.319,8.179,-163.389,32.509,111.769
-0.142,-0.239,-0.926,2.319,0.305,8.545,-163.312,32.558,111.154
-0.152,-0.25,-0.94,1.404,2.869,7.751,-163.251,32.607,110.55
-0.15,-0.243,-0.932,1.953,-0.244,7.507,-163.207,32.64,110.001
-0.151,-0.248,-0.935,1.526,2.869,5.798,-163.163,32.679,109.49
-0.143,-0.242,-0.93,0.183,2.014,6.775,-163.152,32.662,109.006
-0.126,-0.25,-0.937,2.075,1.465,4.028,-163.13,32.64,108.506
-0.159,-0.245,-0.936,0.0,-0.671,5.798,-163.12,32.739,108.111
-0.123,-0.247,-0.93,0.977,1.892,5.493,-163.12,32.728,107.6
-0.148,-0.253,-0.941,0.793,-2.319,5.493,-163.092,32.849,107.15
-0.149,-0.254,-0.939,-0.61,0.61,5.066,-163.12,32.937,106.688
-0.143,-0.25,-0.929,-1.038,-2.197,3.418,-163.158,33.008,106.337
-0.167,-0.241,-0.925,-1.709,-1.038,3.601,-163.251,33.146,105.958
-0.171,-0.232,-0.931,-0.671,-0.366,1.831,-163.334,33.217,105.656
-0.162,-0.237,-0.938,-2.319,1.587,3.113,-163.416,33.239,105.353
-0.143,-0.23,-0.923,-2.563,0.244,2.625,-163.531,33.217,105.062
-0.157,-0.228,-0.94,-0.244,-0.305,3.113,-163.63,33.283,104.777
-0.147,-0.227,-0.941,-1.282,1.221,5.554,-163.696,33.316,104.464
-0.146,-0.244,-0.935,-0.305,-1.892,3.784,-163.74,33.376,104.123
-0.166,-0.234,-0.932,-1.343,-1.648,5.005,-163.812,33.525,103.771
-0.176,-0.22,-0.953,-1.77,0.977,6.897,-163.927,33.618,103.343
-0.162,-0.244,-0.936,-2.136,-1.16,7.446,-164.026,33.695,102.87
-0.16,-0.212,-0.938,-2.319,0.244,9.705,-164.224,33.838,102.294
