-0.27,0.085,-0.927,1.709,2.502,0.183,177.792,41.072,88.325
-0.285,0.076,-0.93,2.258,0.732,0.488,177.874,41.034,88.11
-0.281,0.056,-0.934,1.099,0.549,-1.099,177.973,41.006,87.891
-0.29,0.073,-0.932,-0.916,2.258,-2.808,177.984,40.963,87.737
-0.272,0.066,-0.928,-0.854,1.343,-3.174,178.006,40.891,87.704
-0.297,0.073,-0.937,-1.587,3.113,-2.258,177.984,40.82,87.599
-0.251,0.089,-0.936,-1.038,2.197,-1.221,177.935,40.666,87.495
-0.27,0.074,-0.934,0.122,-0.061,-1.77,177.957,40.666,87.407
-0.273,0.089,-0.938,-0.671,2.075,-0.366,177.929,40.622,87.275
-0.261,0.079,-0.934,-0.061,-0.732,-2.258,177.935,40.589,87.198
-0.28,0.08,-0.938,0.671,-0.305,-3.784,177.979,40.627,87.177
-0.269,0.079,-0.935,0.366,-0.183,-3.662,178.05,40.638,87.248
-0.29,0.062,-0.938,1.221,-0.549,-2.319,178.138,40.699,87.27
-0.259,0.061,-0.933,-0.61,-0.793,-2.319,178.182,40.704,87.209
-0.299,0.056,-0.931,-0.549,-2.502,-0.793,178.193,40.836,87.133
-0.28,0.083,-0.932,-1.953,0.854,1.648,178.099,40.858,86.891
-0.301,0.07,-0.928,-0.244,-2.869,0.244,178.083,40.93,86.693
-0.29,0.072,-0.928,0.732,2.441,3.418,178.055,40.957,86.38
-0.281,0.081,-0.929,1.648,0.549,5.859,178.039,40.886,85.984
-0.271,0.08,-0.941,2.502,1.953,7.202,178.05,40.809,85.496
-0.275,0.069,-0.935,3.357,-1.77,7.202,178.088,40.798,84.99
-0.267,0.063,-0.934,0.916,0.61,6.287,178.094,40.792,84.534
-0.289,0.087,-0.935,0.549,-1.77,6.531,178.028,40.836,84.078
-0.275,0.082,-0.931,1.892,0.61,7.324,177.99,40.814,83.595
-0.269,0.084,-0.935,2.136,-0.122,4.272,177.979,40.77,83.177
-0.283,0.092,-0.939,1.953,-0.793,6.287,177.995,40.809,82.809
-0.268,0.089,-0.935,5.615,-0.793,5.31,178.099,40.803,82.403
-0.274,0.06,-0.933,6.531,-1.953,4.822,178.319,40.853,82.035
-0.292,0.049,-0.933,2.747,-0.488,2.136,178.489,40.913,81.705
-0.273,0.061,-0.929,0.732,-0.977,1.038,178.539,40.935,81.458
-0.304,0.059,-0.925,1.038,0.122,0.305,178.583,40.995,81.266
-0.272,0.055,-0.936,0.305,2.93,0.732,178.621,40.908,81.068
-0.271,0.063,-0.937,0.549,0.793,-0.488,178.643,40.82,80.914
-0.274,0.044,-0.938,-0.183,1.038,0.549,178.676,40.798,80.75
-0.268,0.053,-0.938,-0.61,1.038,-0.854,178.665,40.743,80.563
-0.256,0.06,-0.937,-1.343,-1.587,-0.122,178.627,40.732,80.414
-0.291,0.063,-0.938,-1.282,-0.671,-0.977,178.588,40.814,80.261
-0.274,0.069,-0.932,-0.854,-1.465,-0.305,178.55,40.842,80.156
-0.279,0.071,-0.927,1.404,0.122,0.122,178.561,40.864,80.046
-0.281,0.054,-0.939,0.305,0.244,0.244,178.61,40.864,79.926
-0.28,0.059,-0.933,0.183,-2.563,-1.221,178.632,40.919,79.849
-0.286,0.06,-0.935,0.427,0.122,-0.305,178.654,40.963,79.733
-0.293,0.052,-0.931,-0.366,-0.854,0.916,178.671,41.012,79.585
-0.276,0.057,-0.933,-0.549,1.526,0.793,178.643,40.979,79.398
-0.275,0.067,-0.932,-0.488,0.061,-0.305,178.61,40.946,79.25
-0.285,0.056,-0.936,-0.122,-0.366,-1.16,178.621,40.957,79.206
-0.29,0.058,-0.928,-0.549,0.793,-1.343,178.616,40.957,79.151
-0.279,0.065,-0.928,-1.77,1.953,-0.732,178.583,40.897,79.08
-0.293,0.068,-0.932,-1.404,2.197,-3.784,178.544,40.836,79.091
-0.293,0.058,-0.927,-3.113,5.737,-9.216,178.539,40.677,79.316
-0.266,0.07,-0.929,-4.822,7.263,-13.916,178.517,40.413,79.849
-0.261,0.082,-0.938,-4.272,6.226,-12.878,178.473,40.155,80.464
-0.254,0.078,-0.94,-1.892,6.042,-10.803,178.484,39.913,81.013
-0.244,0.068,-0.941,-0.793,2.014,-7.507,178.533,39.743,81.425
-0.256,0.067,-0.939,-0.244,3.235,-4.578,178.583,39.633,81.7
-0.253,0.069,-0.947,0.427,1.343,-0.977,178.616,39.54,81.782
-0.251,0.057,-0.939,2.197,1.465,-0.183,178.682,39.463,81.755
-0.242,0.055,-0.941,-0.122,0.427,-1.404,178.737,39.419,81.771
-0.266,0.06,-0.941,-0.916,0.671,-0.488,178.72,39.413,81.744
-0.23,0.048,-0.942,-1.282,1.16,-3.357,178.704,39.315,81.788
-0.269,0.065,-0.945,-2.93,1.343,-2.197,178.627,39.32,81.898
-0.23,0.069,-0.94,-2.563,0.854,-2.197,178.539,39.243,81.996
-0.264,0.077,-0.947,0.916,-0.305,0.488,178.528,39.26,82.035
-0.24,0.074,-0.94,2.93,2.014,3.113,178.572,39.188,81.887
-0.257,0.046,-0.946,1.709,-1.16,2.441,178.676,39.194,81.733
-0.25,0.058,-0.933,-0.793,-0.122,-0.305,178.671,39.199,81.612
-0.27,0.075,-0.944,-0.305,1.282,-0.305,178.638,39.199,81.601
-0.256,0.071,-0.936,0.732,1.77,-1.77,178.654,39.117,81.612
-0.261,0.077,-0.931,-0.122,2.93,-2.808,178.693,39.023,81.722
-0.258,0.068,-0.939,-0.732,6.897,-6.226,178.726,38.82,81.942
-0.233,0.062,-0.942,-4.639,6.042,-11.414,178.693,38.529,82.425
-0.229,0.083,-0.946,-5.005,5.005,-14.282,178.583,38.342,83.101
-0.22,0.042,-0.96,-3.845,1.953,-16.846,178.588,38.265,83.925
-0.194,0.053,-0.963,-3.113,6.287,-8.728,178.561,38.062,84.567
-0.161,0.062,-0.95,-1.648,0.549,1.77,178.495,37.881,84.683
-0.2,0.069,-0.955,-1.099,-0.854,7.874,178.391,37.87,84.375
-0.206,0.08,-0.945,1.099,-4.761,5.005,178.319,37.919,84.051
-0.249,0.074,-0.953,-1.648,-5.31,5.005,178.242,38.139,83.804
-0.252,0.1,-0.932,-2.441,-5.249,2.197,178.083,38.348,83.666
-0.281,0.104,-0.929,0.732,-1.648,-0.183,178.0,38.568,83.71
-0.249,0.065,-0.936,2.136,2.625,-1.587,178.077,38.529,83.837
-0.247,0.062,-0.953,0.0,4.578,-0.427,178.143,38.403,83.979
-0.2,0.076,-0.944,1.343,0.732,2.136,178.138,38.21,83.897
-0.267,0.074,-0.939,3.906,-1.831,7.141,178.204,38.304,83.639
-0.251,0.069,-0.947,4.395,0.549,9.888,178.319,38.287,83.205
-0.236,0.079,-0.941,1.831,0.183,12.634,178.347,38.243,82.639
-0.241,0.095,-0.937,3.418,1.038,7.263,178.308,38.216,82.101
-0.228,0.067,-0.949,5.005,3.296,2.136,178.478,38.095,81.991
-0.209,0.033,-0.955,4.333,3.845,2.625,178.682,37.903,81.876
-0.187,0.047,-0.959,1.282,3.174,6.531,178.742,37.7,81.628
-0.205,0.045,-0.965,1.648,-1.343,6.958,178.759,37.645,81.227
-0.209,0.055,-0.952,0.244,-2.38,11.169,178.709,37.678,80.7
-0.233,0.062,-0.944,-1.343,-2.38,7.629,178.583,37.766,80.151
-0.235,0.075,-0.943,-0.916,-1.404,6.592,178.445,37.804,79.761
-0.221,0.093,-0.953,-1.709,1.099,7.019,178.297,37.755,79.387
-0.22,0.085,-0.948,0.732,-2.991,5.615,178.204,37.776,79.041
-0.217,0.081,-0.947,1.221,-1.465,0.793,178.171,37.853,78.843
-0.217,0.051,-0.951,-1.953,-1.221,-3.174,178.198,37.892,78.915
-0.232,0.086,-0.946,-5.188,-2.625,-3.174,178.022,38.007,79.03
-0.211,0.088,-0.942,-1.953,-2.808,-2.319,177.891,38.117,79.184
-0.233,0.082,-0.951,0.122,-1.892,1.953,177.836,38.238,79.156
-0.228,0.079,-0.944,0.305,-2.014,3.296,177.819,38.298,79.014
-0.227,0.072,-0.947,-0.549,-1.953,3.235,177.781,38.364,78.827
-0.239,0.103,-0.945,-0.305,-2.686,4.578,177.671,38.458,78.591
-0.239,0.09,-0.938,0.427,-4.578,4.15,177.632,38.617,78.382
-0.254,0.081,-0.939,1.953,-4.272,7.202,177.61,38.804,78.047
-0.238,0.068,-0.938,1.77,-4.639,11.292,177.572,38.969,77.509
-0.261,0.037,-0.946,1.953,-7.874,17.151,177.506,39.238,76.685
-0.289,0.041,-0.939,0.427,-6.409,21.912,177.308,39.496,75.498
-0.285,0.05,-0.94,-0.732,-3.601,27.71,177.012,39.611,74.042
-0.305,0.065,-0.94,-0.854,-3.357,31.677,176.627,39.677,72.334
-0.275,0.073,-0.916,-1.404,-2.808,37.598,176.182,39.655,70.378
-0.234,0.089,-0.912,1.892,0.427,42.542,175.704,39.507,68.099
-0.286,0.075,-0.971,2.869,-0.61,42.542,175.369,39.342,65.83
-0.189,0.094,-0.952,1.526,-0.916,43.518,174.974,39.012,63.463
-0.226,0.094,-0.926,5.554,-7.935,44.861,174.677,39.018,61.139
-0.217,0.116,-0.913,11.719,-14.587,61.401,174.43,39.139,58.277
-0.292,0.126,-0.947,18.188,-16.052,68.054,174.359,39.452,54.783
-0.289,0.063,-0.986,20.691,-8.484,79.041,174.452,39.551,50.806
-0.204,0.109,-0.951,18.25,-17.639,87.585,174.309,39.534,46.318
-0.228,0.115,-0.913,15.991,-27.1,96.741,173.979,39.952,41.303
-0.348,0.191,-0.891,19.592,-34.79,94.238,173.474,40.787,36.019
-0.366,0.176,-0.928,27.405,-15.076,84.534,173.331,41.331,31.069
-0.209,0.13,-0.89,25.818,-15.198,67.627,173.535,41.402,26.9
-0.246,0.119,-0.865,21.973,-22.461,58.533,173.721,41.913,23.423
-0.229,0.157,-0.865,15.564,-24.048,61.401,173.633,42.49,20.028
-0.465,0.257,-0.956,16.235,-25.757,69.58,173.199,43.341,16.205
-0.278,0.212,-0.908,24.719,-11.169,67.383,172.985,43.374,12.134
-0.416,0.196,-0.963,23.499,-26.245,60.669,172.996,44.011,8.476
-0.351,0.163,-0.915,24.475,-13.367,72.815,172.914,44.225,4.455
-0.384,0.174,-0.922,20.569,-13.672,78.003,172.595,44.385,0.082
-0.313,0.184,-0.89,17.273,-18.494,77.759,172.084,44.401,-4.417
-0.368,0.253,-0.881,13.184,-23.132,77.332,171.321,44.813,-8.904
-0.342,0.268,-0.855,18.25,-19.287,74.219,170.574,45.115,-13.354
-0.344,0.299,-0.891,19.409,-23.193,74.707,169.969,45.33,-17.699
-0.254,0.242,-0.872,26.55,-21.79,74.402,169.563,45.538,-22.099
-0.404,0.264,-0.931,27.344,-30.945,76.05,169.217,45.994,-26.488
-0.334,0.186,-0.883,29.175,-36.621,75.623,168.97,46.533,-31.031
-0.515,0.133,-0.891,38.94,-27.161,61.584,169.118,47.499,-35.151
-0.373,0.042,-0.878,30.518,-18.86,57.373,169.662,47.708,-38.496
-0.45,0.061,-0.895,25.208,-12.085,54.993,169.86,47.928,-41.671
-0.428,0.103,-0.908,19.531,-7.324,50.781,169.964,47.829,-44.445
-0.372,0.117,-0.871,18.677,-6.165,51.758,169.986,47.571,-47.148
-0.407,0.149,-0.811,15.137,-16.968,49.805,169.854,47.692,-49.85
-0.475,0.175,-0.797,15.625,-11.719,44.189,169.684,47.961,-52.427
-0.513,0.194,-0.837,17.761,-2.258,40.222,169.678,47.977,-54.679
-0.402,0.142,-0.83,20.874,0.793,32.471,169.942,47.631,-56.656
-0.454,0.131,-0.846,18.616,-8.728,30.334,170.338,47.664,-58.288
-0.457,0.087,-0.849,18.127,-5.554,24.78,170.717,47.834,-59.843
-0.497,0.087,-0.871,14.709,-6.836,19.226,171.096,48.098,-61.018
-0.487,0.017,-0.845,8.85,-11.169,10.498,171.469,48.472,-61.826
-0.517,0.057,-0.868,-1.648,-21.118,7.874,171.535,49.285,-62.281
-0.545,0.098,-0.958,-7.385,-15.686,12.939,171.216,50.268,-62.842
-0.629,0.188,-1.091,-5.859,-15.93,11.23,170.623,51.015,-63.594
-0.777,0.226,-1.246,-0.793,4.272,-5.066,170.513,51.46,-63.671
-0.262,0.181,-1.005,-3.479,33.386,-10.01,170.898,50.345,-62.803
-0.053,0.29,-0.82,-17.517,-16.663,-8.423,170.651,49.966,-62.084
-0.51,0.446,-0.887,-8.728,-14.526,3.052,169.695,51.048,-62.358
-0.363,0.337,-0.856,-0.122,10.193,-5.432,169.552,50.614,-62.391
-0.333,0.288,-0.802,3.906,6.653,-8.057,169.656,50.224,-62.122
-0.207,0.189,-0.652,-0.122,-2.625,-9.033,169.794,50.059,-61.831
-0.315,0.223,-0.575,-3.479,-23.132,-9.888,169.568,50.806,-61.699
-0.471,0.251,-0.618,-3.296,-19.714,-11.536,169.343,51.943,-61.617
-0.521,0.212,-0.746,0.732,-3.235,-17.7,169.448,52.679,-61.216
-0.412,0.221,-0.762,-2.075,-6.897,-13.55,169.596,53.102,-60.672
-0.557,0.278,-0.882,-8.179,-10.132,-9.888,169.475,53.817,-60.375
-0.373,0.258,-0.831,-8.301,-6.348,-10.742,169.239,54.146,-60.04
-0.586,0.353,-0.948,-6.836,-27.222,-5.737,168.706,55.124,-60.079
-0.714,0.322,-1.002,-6.165,-20.508,-3.174,168.19,56.387,-60.441
-0.881,0.289,-1.112,4.7,-10.925,-12.024,168.14,57.239,-60.452
-0.552,0.17,-0.967,0.793,13.611,5.432,168.448,57.156,-60.287
-0.281,0.127,-0.845,5.737,-2.747,11.353,168.294,56.706,-60.881
-0.41,0.068,-0.813,5.676,-6.958,2.869,168.475,56.931,-61.221
-0.369,0.059,-0.745,4.395,-3.662,0.488,168.783,56.948,-61.15
-0.455,0.058,-0.717,-2.258,-8.057,0.854,168.97,57.145,-60.985
-0.491,0.093,-0.69,-5.31,-3.296,-0.549,168.865,57.294,-60.87
-0.502,0.108,-0.667,-5.615,-7.202,-5.249,168.882,57.535,-60.496
-0.567,0.104,-0.682,-5.615,-10.437,-3.418,168.843,58.09,-60.249
-0.61,0.109,-0.702,-5.188,-6.409,-3.54,168.772,58.618,-60.073
-0.583,0.095,-0.705,-4.15,-4.028,-2.563,168.761,58.997,-59.908
-0.57,0.116,-0.72,-4.089,-9.888,-1.648,168.679,59.403,-59.826
-0.588,0.088,-0.771,-2.014,-12.085,-4.15,168.728,60.018,-59.705
-0.638,0.081,-0.846,-7.996,-2.014,6.653,168.602,60.551,-59.738
-0.641,0.104,-0.902,-7.202,-19.531,-4.089,168.245,60.87,-59.886
-0.751,0.165,-0.933,-10.681,-17.761,-2.319,168.008,61.924,-59.716
-1.015,0.279,-1.067,-5.798,-12.878,-5.432,167.761,62.875,-59.656
-0.739,0.311,-0.932,-9.155,19.897,-1.648,167.739,62.737,-59.299
-0.327,0.355,-0.72,-14.038,12.146,-4.578,167.426,61.831,-58.964
-0.592,0.44,-0.709,-11.353,-12.756,-9.644,166.844,62.287,-58.821
-0.6,0.382,-0.664,-7.446,13.672,-13.977,166.597,62.161,-58.524
-0.589,0.331,-0.603,-4.333,27.344,-19.592,166.888,61.419,-57.59
-0.401,0.239,-0.503,-1.099,24.902,-21.423,167.487,60.337,-56.409
-0.44,0.174,-0.499,-1.038,9.583,-16.052,167.888,59.969,-55.673
-0.568,0.164,-0.583,-4.272,3.357,-11.841,168.063,60.035,-55.25
-0.584,0.22,-0.631,-5.92,7.08,-10.559,168.03,59.974,-54.921
-0.624,0.261,-0.71,-7.568,4.639,-12.878,167.921,60.106,-54.608
-0.664,0.267,-0.738,-5.981,-1.099,-23.254,168.311,60.562,-53.635
-0.553,0.327,-0.701,-5.554,-4.7,-14.709,168.497,60.93,-52.883
-0.696,0.37,-0.818,-0.183,-11.719,-6.47,168.42,61.639,-52.844
-0.75,0.322,-0.837,6.104,-22.095,-9.338,168.382,62.545,-53.207
-1.106,0.304,-1.039,8.484,0.549,-4.211,168.668,63.506,-53.377
-0.809,0.235,-0.956,11.78,32.532,13.794,169.003,62.606,-53.751
-0.419,0.136,-0.823,22.705,61.462,29.663,169.327,60.101,-54.734
-0.266,0.07,-0.902,32.043,43.823,28.748,170.134,57.2,-55.849
-0.255,0.026,-0.816,30.945,45.166,39.734,171.041,54.641,-57.134
-0.089,-0.019,-0.765,25.696,21.545,40.527,171.65,52.399,-58.771
-0.173,-0.018,-0.718,12.878,-21.362,26.489,171.964,52.07,-60.046
-0.484,0.056,-0.741,9.216,-38.818,14.282,172.062,53.394,-60.87
-0.657,0.042,-0.779,10.925,-20.996,6.104,172.419,54.635,-61.326
-0.609,0.006,-0.756,12.024,-12.695,-0.549,173.101,55.344,-61.32
-0.583,-0.044,-0.783,6.104,4.028,11.902,173.617,55.635,-61.458
-0.414,-0.024,-0.723,-7.141,-1.343,22.339,173.232,55.448,-62.281
-0.493,0.113,-0.749,-11.658,-19.226,24.902,172.134,55.876,-63.501
-0.579,0.098,-0.843,-4.272,-11.169,18.127,171.216,56.585,-64.72
-0.713,0.12,-1.005,-1.892,-13.489,9.949,170.711,57.019,-65.522
-0.725,0.075,-1.097,-2.625,9.155,1.038,170.744,57.283,-65.605
-0.752,0.245,-1.19,-7.69,6.958,1.892,170.524,56.975,-65.561
-0.412,0.235,-0.929,-12.573,20.142,-7.996,170.398,56.25,-65.11
-0.295,0.381,-0.818,-27.283,-9.155,-4.517,169.733,55.827,-64.556
-0.546,0.445,-0.754,-18.616,-2.686,-8.24,168.415,56.415,-64.726
-0.441,0.41,-0.7,-10.498,11.108,-24.78,168.08,56.14,-64.028
-0.361,0.349,-0.63,-1.709,15.747,-23.865,168.278,55.695,-63.105
-0.404,0.275,-0.623,1.465,6.042,-27.527,168.832,55.508,-62.122
-0.432,0.247,-0.613,2.38,11.78,-24.78,169.354,55.377,-61.276
-0.487,0.217,-0.65,2.869,6.042,-30.212,170.063,55.311,-60.178
-0.597,0.176,-0.749,2.441,16.663,-29.724,170.876,55.228,-58.942
-0.508,0.169,-0.794,-3.967,19.287,-28.32,171.645,54.63,-57.475
-0.511,0.206,-0.803,-5.676,11.414,-18.372,171.936,54.305,-56.475
-0.428,0.263,-0.785,-5.493,-1.953,-16.785,171.958,54.223,-55.898
-0.602,0.334,-0.949,-3.479,8.728,-3.052,171.958,54.58,-55.613
-0.516,0.345,-0.982,11.047,5.188,-2.747,171.876,54.245,-56.041
-0.61,0.228,-1.096,19.897,-4.028,-15.93,172.76,54.278,-55.876
-0.643,0.083,-1.062,22.705,3.601,-8.301,174.056,54.525,-55.481
-0.388,0.017,-0.972,15.747,18.066,10.559,174.897,53.91,-55.695
-0.204,-0.067,-0.886,12.695,5.188,2.197,175.485,53.058,-56.052
-0.264,-0.06,-0.823,1.587,0.977,-2.686,176.034,52.85,-55.684
-0.259,-0.05,-0.784,-3.601,-4.456,0.0,176.199,52.668,-55.278
-0.271,-0.025,-0.73,-9.705,-11.597,-0.732,176.116,52.817,-54.849
-0.409,0.013,-0.73,-8.911,-19.043,-1.16,175.875,53.465,-54.498
-0.492,0.054,-0.732,-7.751,-18.188,0.0,175.627,54.24,-54.316
-0.617,0.037,-0.782,-1.709,-13.245,-3.601,175.589,55.003,-54.201
-0.602,-0.004,-0.777,-2.747,-0.427,-4.578,175.792,55.36,-53.893
-0.583,-0.002,-0.761,-5.066,0.61,-0.183,175.792,55.481,-53.751
-0.529,0.015,-0.727,-7.69,-1.038,4.944,175.556,55.552,-53.877
-0.573,0.037,-0.755,-6.592,0.427,9.094,175.15,55.745,-54.283
-0.525,0.046,-0.809,-6.287,-1.526,12.146,174.666,55.794,-54.893
-0.418,0.06,-0.888,-5.859,-13.672,9.155,174.15,56.003,-55.552
-0.631,0.088,-0.963,3.357,-25.146,2.93,173.925,57.03,-55.986
-0.664,0.034,-1.021,-2.93,-19.287,6.348,173.974,58.008,-56.327
-0.804,0.13,-1.081,-6.104,-7.751,-2.38,173.71,58.76,-56.519
-0.727,0.234,-1.071,-8.118,18.677,-3.906,173.6,58.596,-56.234
-0.242,0.206,-0.825,-11.963,19.348,-7.019,173.447,57.338,-55.805
-0.508,0.312,-0.801,-21.057,-20.447,-2.136,172.705,57.535,-55.657
-0.577,0.334,-0.731,-15.381,10.803,-7.996,171.705,57.761,-55.838
-0.485,0.307,-0.703,-6.531,12.024,-16.663,171.447,57.173,-55.388
-0.382,0.225,-0.625,-7.385,21.423,-12.695,171.458,56.558,-54.871
-0.192,0.17,-0.517,-5.188,0.305,-13.855,171.337,56.052,-54.558
-0.467,0.197,-0.566,-6.409,-23.56,-16.052,171.112,56.959,-54.399
-0.647,0.133,-0.639,0.244,-11.292,-26.245,171.447,58.112,-53.795
-0.627,0.165,-0.724,-4.517,-14.954,-23.071,171.881,58.903,-52.916
-0.765,0.141,-0.761,-4.822,-11.353,-16.052,172.205,60.106,-52.262
-0.554,0.179,-0.644,-4.089,-7.507,-5.615,172.134,60.606,-52.185
-0.612,0.191,-0.707,-5.92,-9.766,0.427,171.887,61.375,-52.465
-0.783,0.202,-0.849,2.502,-2.258,-11.658,171.7,61.754,-52.751
-0.827,0.242,-0.992,-3.174,16.113,-9.216,172.079,61.606,-52.191
-0.636,0.227,-1.018,1.587,33.508,6.042,172.112,60.353,-52.152
-0.61,0.198,-1.129,5.249,12.573,9.155,172.134,59.117,-52.52
-0.491,0.141,-0.942,3.784,8.118,25.635,171.804,58.403,-53.547
-0.414,0.097,-0.852,6.531,9.46,29.602,171.172,57.579,-55.14
-0.399,0.012,-0.829,13.184,20.447,18.921,171.145,56.574,-56.217
-0.225,-0.026,-0.73,3.54,11.841,30.701,171.167,55.316,-57.118
-0.33,0.017,-0.662,-3.54,-2.869,27.71,170.508,54.789,-58.442
-0.378,0.036,-0.637,-6.348,-4.15,14.587,169.98,54.597,-59.178
-0.466,0.091,-0.694,-8.179,-7.202,17.517,169.442,54.673,-59.749
-0.52,0.168,-0.725,-3.296,-7.507,26.794,168.646,54.827,-60.963
-0.579,0.167,-0.787,1.648,-10.62,27.1,167.975,55.058,-62.501
-0.536,0.187,-0.819,4.517,-2.441,26.428,167.415,55.003,-64.05
-0.525,0.138,-0.839,8.606,-7.019,13.062,167.355,55.135,-65.072
-0.521,0.133,-0.895,4.333,-3.174,13.55,167.36,55.212,-65.786
-0.524,0.141,-0.979,-1.526,-1.77,-2.991,167.476,55.344,-65.934
-0.556,0.283,-1.048,-10.132,-19.531,-4.944,167.311,55.613,-65.709
-0.842,0.354,-1.082,-16.907,0.0,-19.836,167.047,56.629,-65.132
-0.438,0.341,-0.849,-24.719,21.057,-25.696,166.899,56.201,-63.622
-0.466,0.365,-0.778,-41.565,-2.686,-23.621,165.976,55.97,-62.243
-0.457,0.434,-0.627,-45.898,9.705,-20.691,164.333,56.168,-61.194
-0.416,0.486,-0.536,-31.067,2.136,-18.555,162.806,56.129,-60.381
-0.45,0.437,-0.508,-15.32,14.465,-14.343,161.823,56.085,-60.007
-0.446,0.359,-0.545,-6.409,23.071,-20.264,161.647,55.569,-59.359
-0.441,0.289,-0.625,-4.639,27.405,-26.855,161.993,54.855,-58.145
-0.513,0.238,-0.688,-12.329,20.386,-25.818,162.263,54.388,-56.75
-0.523,0.29,-0.761,-19.226,23.071,-21.973,162.114,53.828,-55.399
-0.49,0.338,-0.762,-20.325,18.066,-13.184,161.708,53.339,-54.355
-0.489,0.399,-0.766,-13.794,4.517,-9.46,161.098,53.075,-53.915
-0.486,0.463,-0.788,-14.526,9.949,-3.174,160.56,53.026,-53.69
-0.498,0.58,-0.921,-5.188,0.061,-2.93,159.999,52.734,-53.806
-0.573,0.562,-0.965,0.244,0.61,-6.226,159.928,53.036,-53.817
-0.764,0.595,-1.106,23.254,10.864,-0.732,160.373,52.938,-53.866
-0.468,0.394,-1.016,38.269,28.076,20.325,161.801,51.768,-54.108
-0.082,0.261,-0.851,41.504,19.714,35.828,163.065,50.004,-55.421
-0.158,0.053,-0.822,40.771,-17.09,-3.357,164.8,49.559,-56.201
-0.293,0.067,-0.804,17.456,-4.456,4.822,166.218,50.004,-55.948
-0.256,0.089,-0.765,10.132,-6.409,8.545,166.789,49.867,-56.096
-0.263,0.143,-0.734,8.179,-8.118,12.756,167.119,49.856,-56.294
-0.377,0.141,-0.753,12.573,-19.226,12.39,167.421,50.169,-56.799
-0.498,0.14,-0.755,16.602,-15.808,17.273,167.855,50.795,-57.475
-0.596,0.159,-0.806,21.301,-3.601,30.64,168.261,50.955,-58.749
-0.486,0.103,-0.812,24.841,7.141,34.485,168.81,50.4,-60.298
-0.474,0.09,-0.846,18.921,2.319,36.316,169.2,50.004,-61.924
-0.412,0.067,-0.855,10.254,-6.836,28.259,169.327,49.812,-63.419
-0.445,0.082,-0.848,0.671,-15.259,16.907,169.151,50.323,-64.369
-0.54,0.116,-0.911,-2.014,-16.357,12.085,168.838,51.01,-64.99
-0.626,0.078,-0.959,-5.432,-7.935,1.648,168.69,51.63,-65.116
-0.614,0.151,-1.021,-14.526,-0.305,0.61,168.327,51.801,-64.836
-0.533,0.269,-1.019,-18.066,17.029,-7.324,167.772,51.597,-64.259
-0.371,0.303,-0.941,-18.127,22.949,-16.357,167.52,50.883,-62.99
-0.203,0.432,-0.864,-22.644,14.832,-12.573,166.943,50.004,-61.754
-0.365,0.446,-0.807,-16.602,-1.953,-16.724,166.278,49.927,-60.831
-0.364,0.448,-0.768,-11.169,11.353,-18.494,165.773,49.812,-59.881
-0.271,0.361,-0.715,-5.737,9.216,-20.386,165.608,49.455,-58.804
-0.264,0.287,-0.683,-5.432,2.625,-20.142,165.558,49.34,-57.777
-0.342,0.264,-0.681,-6.226,-2.686,-19.897,165.526,49.526,-56.761
-0.442,0.29,-0.708,-5.737,-3.967,-14.526,165.333,49.867,-56.03
-0.537,0.266,-0.776,-4.089,4.639,-15.747,165.322,50.114,-55.25
-0.468,0.28,-0.773,-3.845,7.324,-10.498,165.339,49.999,-54.492
-0.519,0.296,-0.803,-0.488,6.226,-2.991,165.306,49.922,-54.086
-0.45,0.311,-0.77,2.075,2.625,2.014,165.284,49.823,-54.047
-0.46,0.355,-0.791,4.333,0.366,7.996,165.179,49.839,-54.377
-0.511,0.433,-0.94,7.751,9.949,10.986,165.119,49.543,-54.838
-0.528,0.396,-0.995,15.442,2.686,5.981,165.465,49.235,-55.195
-0.535,0.358,-1.19,19.287,20.142,8.789,165.992,48.702,-55.437
-0.205,0.176,-0.967,20.264,11.536,3.174,166.899,47.84,-55.355
-0.184,0.113,-0.812,16.724,-16.113,5.493,167.668,47.703,-55.3
-0.369,0.091,-0.882,16.785,2.991,15.198,168.382,48.109,-55.459
-0.172,0.105,-0.864,14.099,9.399,23.926,168.865,47.164,-55.997
-0.139,0.068,-0.815,9.644,-7.263,11.658,169.283,46.708,-56.387
-0.329,0.088,-0.752,2.563,-26.306,0.183,169.59,47.346,-56.25
-0.522,0.105,-0.766,2.747,-14.038,2.869,169.777,48.34,-56.019
-0.424,0.104,-0.77,4.517,-1.221,8.911,169.931,48.51,-56.036
-0.472,0.102,-0.807,1.709,-7.263,16.296,169.975,48.735,-56.36
-0.421,0.097,-0.829,2.625,-5.31,18.005,169.744,48.873,-57.129
-0.495,0.099,-0.854,-1.709,-11.597,10.254,169.563,49.334,-57.546
-0.425,0.058,-0.902,-3.54,-4.395,6.104,169.431,49.642,-57.645
-0.59,0.084,-1.115,-8.179,-6.897,-2.502,169.288,50.081,-57.332
-0.625,0.139,-1.193,-17.578,10.071,0.366,169.003,50.109,-56.678
-0.49,0.299,-1.138,-18.921,15.198,-0.366,168.206,49.51,-56.234
-0.189,0.347,-0.856,-18.311,11.475,-7.446,167.646,48.856,-55.338
-0.398,0.54,-0.819,-8.667,-8.24,-4.395,166.926,48.911,-54.838
-0.402,0.502,-0.795,0.122,23.865,-13.0,166.723,48.598,-54.24
-0.279,0.393,-0.736,5.371,24.963,-19.104,167.151,47.505,-52.971
-0.19,0.286,-0.65,5.066,16.357,-19.958,167.596,46.664,-51.718
-0.31,0.245,-0.665,-5.249,1.16,-27.039,167.783,46.505,-50.411
-0.388,0.331,-0.712,-6.409,3.113,-33.508,167.728,46.796,-48.845
-0.427,0.3,-0.797,-2.747,12.207,-38.025,168.047,46.884,-46.923
-0.423,0.217,-0.805,-5.737,16.907,-51.208,168.569,46.807,-44.489
-0.378,0.161,-0.781,-18.616,12.085,-65.918,169.08,46.818,-41.177
-0.493,0.175,-0.782,-29.785,8.423,-73.364,169.2,47.362,-37.277
-0.425,0.266,-0.796,-32.837,11.597,-75.256,169.08,47.791,-33.19
-0.438,0.236,-0.782,-29.785,-2.197,-73.792,169.14,48.647,-29.125
-0.486,0.322,-0.867,-33.203,-4.395,-51.086,168.766,49.631,-25.955
-0.568,0.324,-0.916,-16.602,-6.104,-53.04,168.453,50.647,-23.516
-0.778,0.314,-1.118,-19.348,-1.221,-55.298,168.788,51.718,-20.555
-0.574,0.337,-1.166,-18.127,29.175,-40.039,169.014,51.383,-17.858
-0.251,0.376,-1.125,-13.611,14.771,-29.724,169.063,50.658,-15.656
-0.169,0.24,-0.944,4.761,-13.855,-36.133,169.453,50.955,-13.826
-0.278,0.18,-0.893,-3.662,-5.493,-33.447,170.354,51.663,-11.47
-0.188,0.149,-0.802,-9.521,0.366,-27.771,170.766,51.729,-9.393
-0.25,0.148,-0.728,-9.827,-2.747,-28.381,170.887,51.718,-7.432
-0.298,0.076,-0.709,-13.733,0.488,-36.072,171.183,51.773,-5.191
-0.299,0.133,-0.703,-13.977,-4.333,-42.236,171.431,51.938,-2.681
-0.41,0.063,-0.718,-11.353,-12.756,-50.72,172.029,52.608,0.126
-0.567,0.002,-0.775,-10.925,-7.507,-55.115,172.963,53.553,3.214
-0.51,0.009,-0.772,-14.038,-9.155,-57.983,173.93,54.278,6.394
-0.602,-0.055,-0.764,-16.907,-15.503,-58.655,175.062,55.492,9.783
-0.573,-0.044,-0.747,-22.4,-7.874,-51.025,175.71,56.349,12.706
-0.53,-0.09,-0.749,-29.846,-8.423,-51.941,176.353,57.2,15.798
-0.651,-0.021,-0.872,-30.396,-4.517,-46.57,176.55,57.788,18.567
-0.755,0.034,-1.023,-38.513,16.907,-38.086,176.484,57.739,21.132
-0.523,0.04,-0.9,-32.776,20.569,-49.561,176.457,57.047,23.895
-0.411,0.198,-0.76,-38.33,3.113,-37.903,176.067,56.766,26.51
-0.418,0.282,-0.692,-38.818,-14.587,-33.997,175.21,57.206,28.564
-0.72,0.234,-0.722,-44.495,-21.851,-56.03,174.694,58.766,31.41
-0.814,0.301,-0.758,-54.688,3.113,-61.89,173.958,59.716,34.871
-0.653,0.319,-0.67,-51.636,16.541,-60.303,173.271,59.782,38.661
-0.597,0.312,-0.654,-37.292,4.211,-56.641,172.76,59.799,42.27
-0.598,0.21,-0.6,-29.602,-1.16,-52.49,172.776,60.408,45.753
-0.669,0.252,-0.625,-22.949,-8.179,-39.124,172.661,61.177,48.582
-0.664,0.249,-0.629,-22.095,-1.465,-29.419,172.612,61.88,50.938
-0.563,0.412,-0.61,-18.311,-6.897,-12.939,171.854,62.292,52.366
-0.724,0.414,-0.708,-9.949,-9.277,-9.155,171.194,63.023,53.427
-0.975,0.514,-0.928,10.986,-10.437,-18.311,170.76,63.468,54.272
-0.743,0.184,-0.832,19.104,6.958,-55.237,173.249,63.809,57.678
-0.535,0.111,-0.741,11.414,10.437,-22.278,175.215,63.715,60.606
-0.328,0.138,-0.611,15.93,-2.075,13.367,175.441,63.397,60.842
-0.623,0.031,-0.683,37.292,-18.372,-13.977,176.666,64.094,61.106
-0.717,-0.096,-0.803,31.006,17.944,-19.836,179.044,63.979,62.562
-0.498,-0.23,-0.77,16.418,39.612,-34.241,-178.577,62.413,64.567
-0.466,-0.281,-0.81,-16.846,7.446,-46.387,-176.797,61.018,67.242
-0.762,-0.195,-0.862,-27.832,2.808,-48.889,-175.913,60.952,70.258
-0.572,-0.158,-0.836,-32.593,35.645,-31.25,-175.616,59.821,72.735
-0.344,-0.122,-0.779,-35.767,21.973,-30.212,-176.105,58.195,74.416
-0.431,-0.138,-0.798,-37.17,-10.254,-40.039,-176.429,57.843,76.641
-0.59,-0.114,-0.827,-42.114,-7.69,-34.119,-176.863,58.282,79.025
-0.646,-0.073,-0.922,-39.49,-8.24,-30.212,-177.561,58.574,81.079
-0.783,0.04,-0.974,-30.518,-11.169,-30.762,-178.198,59.079,83.002
-0.854,0.081,-0.969,-21.301,-4.944,-32.532,-178.116,59.716,85.342
-0.474,0.034,-0.719,-14.282,17.456,-33.142,-177.88,59.321,87.61
-0.264,0.025,-0.564,-32.837,-6.653,-36.072,-177.814,59.09,90.231
-0.718,0.175,-0.672,-48.279,-22.583,-33.386,-178.907,60.255,92.675
-0.677,0.209,-0.763,-58.777,32.715,-39.429,179.528,59.815,95.504
-0.518,0.265,-0.816,-64.087,45.654,-51.331,177.891,57.98,99.157
-0.363,0.299,-0.811,-65.674,30.09,-60.791,176.287,56.327,103.392
-0.526,0.359,-0.837,-57.861,6.348,-60.364,174.814,55.986,107.661
-0.473,0.287,-0.734,-46.936,9.094,-56.946,173.76,55.882,111.731
-0.619,0.262,-0.708,-35.034,-6.409,-52.002,173.007,56.354,115.499
-0.506,0.245,-0.628,-30.09,1.648,-42.419,172.502,56.794,118.894
-0.626,0.295,-0.709,-24.109,-18.433,-36.133,172.04,57.585,121.822
-0.65,0.348,-0.784,-18.616,7.629,-17.456,171.486,58.239,124.03
-0.664,0.417,-0.926,-10.132,-10.986,-19.043,170.953,58.326,125.706
-0.958,0.371,-1.159,-3.723,18.86,-13.794,170.881,58.727,127.337
-0.604,0.344,-1.127,-2.686,32.288,-10.193,171.063,57.365,129.095
-0.333,0.188,-0.985,-1.404,23.621,0.0,171.096,55.997,130.248
-0.267,0.099,-0.803,2.258,6.47,-9.216,171.129,55.124,130.995
-0.371,0.023,-0.793,4.211,12.39,-11.414,171.782,54.739,132.22
-0.261,0.029,-0.798,1.648,22.583,1.953,172.183,53.597,132.918
-0.161,0.09,-0.792,-5.005,15.564,9.46,172.101,52.366,132.935
-0.26,0.105,-0.778,-1.892,-9.583,-4.517,171.996,52.053,132.957
-0.455,0.04,-0.755,-1.221,-11.23,-15.686,172.348,52.537,133.704
-0.546,0.014,-0.793,-1.831,-5.859,-13.672,172.76,52.927,134.703
-0.61,0.027,-0.833,-5.005,7.874,-6.042,173.057,53.036,135.692
-0.41,0.037,-0.81,-8.301,8.545,0.488,172.996,52.482,136.302
-0.569,0.084,-0.839,-6.531,4.456,1.282,172.727,52.597,136.692
-0.43,0.058,-0.853,-7.202,7.935,2.625,172.557,52.207,137.12
-0.494,0.064,-0.98,-5.676,5.554,-1.648,172.392,52.059,137.521
-0.553,0.049,-1.083,-7.141,-5.981,-8.118,172.463,52.053,138.159
-0.681,0.105,-1.147,-10.193,-2.991,-11.597,172.518,52.515,139.048
-0.526,0.248,-1.074,-11.108,10.193,-5.249,172.343,52.454,139.916
-0.213,0.366,-0.845,-7.202,5.798,-17.639,172.238,52.053,140.905
-0.45,0.431,-0.81,-0.366,-9.705,-14.954,172.304,52.344,141.949
-0.417,0.334,-0.771,10.315,10.986,-30.884,172.958,52.339,143.481
-0.331,0.203,-0.744,12.024,10.986,-24.536,174.007,51.861,145.316
-0.348,0.176,-0.654,5.188,-1.892,-17.334,174.672,51.768,146.667
-0.339,0.134,-0.628,7.751,-4.883,-22.156,175.161,51.96,147.849
-0.427,0.085,-0.667,6.897,-17.761,-27.405,175.941,52.707,149.447
-0.49,0.041,-0.745,2.319,-15.381,-16.724,176.539,53.624,150.804
-0.579,0.12,-0.791,-2.686,-18.127,-7.263,176.644,54.679,151.622
-0.618,0.15,-0.816,-2.808,-6.897,-3.845,176.561,55.344,152.194
-0.601,0.176,-0.837,-0.366,1.831,-12.512,176.567,55.519,153.012
-0.566,0.225,-0.957,-3.723,7.141,-4.761,176.666,55.421,154.067
-0.648,0.234,-1.131,6.531,2.136,7.751,176.484,55.08,154.199
-0.749,0.166,-1.179,10.437,-2.991,15.93,176.435,55.184,153.787
-0.599,0.06,-1.04,18.494,14.526,24.78,176.369,54.86,152.748
-0.201,-0.141,-0.807,22.217,17.517,11.292,176.962,53.822,151.996
-0.337,-0.174,-0.841,12.268,1.221,-1.953,177.841,53.459,151.826
-0.262,-0.149,-0.76,0.977,9.094,15.076,178.297,52.943,151.49
-0.267,-0.113,-0.756,-4.272,-2.747,21.057,178.006,52.443,150.194
-0.373,-0.042,-0.723,-8.24,-10.803,22.461,177.418,52.52,148.722
-0.478,0.002,-0.722,-3.418,-15.381,17.761,176.863,52.987,147.393
-0.547,0.012,-0.75,0.427,-12.878,13.916,176.655,53.586,146.53
-0.577,-0.004,-0.769,4.089,-8.362,13.977,176.605,54.13,145.887
-0.555,-0.005,-0.749,1.526,-4.7,16.479,176.495,54.432,145.25
-0.532,-0.018,-0.772,-1.831,-1.953,17.09,176.21,54.624,144.536
-0.485,0.008,-0.826,-4.578,3.967,18.25,175.688,54.586,143.756
-0.417,-0.002,-0.875,-4.333,5.371,16.968,175.15,54.36,142.888
-0.514,0.011,-1.003,-1.77,-5.676,5.676,174.803,54.509,142.185
-0.587,0.114,-1.11,-8.545,-22.339,9.033,174.43,54.877,141.553
-0.818,0.244,-1.173,-8.545,-5.859,0.244,173.892,55.783,141.021
-0.458,0.204,-0.954,-9.705,19.775,-13.611,173.881,55.305,141.68
-0.302,0.28,-0.816,-25.574,-14.648,-4.517,173.271,54.97,142.278
-0.51,0.28,-0.679,-23.193,-23.743,-19.165,172.057,56.173,142.537
-0.52,0.294,-0.659,-28.503,6.287,-26.917,171.387,56.744,143.981
-0.349,0.294,-0.581,-21.79,19.836,-28.564,170.804,56.228,145.827
-0.375,0.275,-0.598,-14.954,4.395,-31.372,170.585,55.871,147.794
-0.514,0.223,-0.622,-6.775,3.296,-28.442,170.673,56.019,149.601
-0.568,0.197,-0.675,-2.808,7.751,-25.269,171.019,56.08,151.37
-0.645,0.15,-0.73,2.93,7.202,-27.771,171.678,56.107,153.226
-0.591,0.117,-0.764,-4.517,20.264,-22.522,172.304,55.75,155.154
-0.534,0.167,-0.803,-11.78,11.169,-20.691,172.392,55.327,156.791
-0.483,0.167,-0.77,-19.165,3.174,-29.114,172.337,55.464,158.577
-0.528,0.254,-0.842,-29.358,-2.747,-28.992,171.87,55.827,160.483
-0.649,0.372,-0.96,-25.757,4.944,-30.64,171.129,56.146,162.235
-0.721,0.38,-1.108,-10.193,-2.93,-32.349,170.947,56.201,164.114
-0.805,0.186,-1.1,6.653,8.545,-30.579,171.788,56.563,166.086
-0.448,0.143,-0.826,-12.817,29.114,-12.939,172.26,55.854,167.574
-0.3,0.178,-0.756,2.197,23.499,-41.931,172.617,54.613,169.277
-0.399,-0.029,-0.772,11.78,29.846,-57.312,174.781,53.849,172.7
-0.231,-0.092,-0.766,3.54,35.034,-16.479,176.248,52.311,175.012
-0.145,-0.109,-0.682,0.671,1.892,5.005,176.66,51.235,175.27
-0.497,-0.047,-0.713,-0.916,-4.761,25.574,176.451,51.328,174.227
-0.412,0.051,-0.787,-1.648,17.822,48.34,175.666,50.62,172.293
-0.394,0.043,-0.848,12.939,8.24,38.94,175.204,49.818,170.118
-0.467,-0.03,-0.862,14.832,5.798,30.823,175.38,49.378,168.503
-0.434,-0.1,-0.856,-1.221,10.559,22.217,175.397,48.851,167.399
-0.406,0.038,-0.887,-14.038,14.038,24.536,174.639,48.17,166.481
-0.246,0.069,-0.981,-11.536,18.555,38.086,173.655,47.098,165.097
-0.262,0.143,-1.104,-3.174,-6.897,41.321,172.711,46.571,162.872
-0.39,0.201,-1.143,5.554,-8.24,31.372,172.139,46.67,160.653
-0.483,0.25,-1.224,6.653,-20.02,7.874,172.189,47.049,159.434
-0.521,0.407,-1.083,-6.104,1.282,-20.63,172.31,47.549,159.719
-0.252,0.321,-0.85,1.892,13.306,-51.819,172.969,47.329,161.823
-0.395,0.292,-0.825,-9.277,2.075,-51.941,173.633,47.401,164.592
-0.355,0.235,-0.755,-9.705,20.447,-51.453,174.045,47.181,167.443
-0.249,0.203,-0.697,-10.01,21.057,-40.527,174.271,46.395,170.052
-0.234,0.17,-0.615,-7.507,8.789,-33.813,174.32,45.895,172.062
-0.394,0.139,-0.667,-2.319,-0.122,-35.095,174.507,45.983,173.886
-0.464,0.095,-0.72,-1.099,10.437,-33.936,174.93,46.099,175.891
-0.458,0.091,-0.781,-4.944,12.39,-30.334,175.314,45.873,177.962
-0.444,0.113,-0.896,-7.141,20.203,-24.719,175.441,45.417,179.791
-0.306,0.132,-0.924,-13.611,11.902,-18.677,175.325,44.923,-178.61
-0.302,0.161,-0.979,-7.996,-7.263,-18.188,174.99,45.126,-177.605
-0.127,0.142,-1.043,-19.958,-28.992,-2.747,174.485,46.027,-177.067
-0.398,0.321,-0.994,-22.278,-81.726,7.263,172.908,48.658,-178.171
-0.967,0.375,-1.111,-10.376,-62.439,-0.732,171.661,52.278,-179.072
-0.86,0.238,-1.053,14.954,4.395,3.174,171.793,53.383,-179.028
-0.375,0.107,-0.828,19.104,34.241,35.645,172.073,52.114,-179.687
-0.1,0.059,-0.846,28.259,21.301,45.41,172.189,50.18,178.27
-0.088,-0.023,-0.796,19.592,-1.221,41.443,172.606,49.164,176.127
-0.255,0.002,-0.763,11.353,-10.742,37.17,172.535,48.994,173.738
-0.338,0.024,-0.796,10.315,-9.888,26.672,172.502,48.999,171.821
-0.372,0.045,-0.816,12.39,-6.775,28.015,172.65,49.01,170.349
-0.42,0.03,-0.843,13.977,-11.292,27.466,172.853,49.125,168.843
-0.482,0.002,-0.834,10.925,-8.667,25.146,173.112,49.449,167.618
-0.477,0.018,-0.819,3.784,-5.859,28.381,173.029,49.625,166.454
-0.466,0.055,-0.796,0.305,-3.235,27.283,172.667,49.713,165.372
-0.485,0.09,-0.841,1.465,-4.333,26.367,172.277,49.768,164.405
-0.457,0.075,-0.871,2.075,2.625,24.231,171.936,49.763,163.521
-0.311,0.089,-0.881,1.831,-2.869,13.123,171.76,49.609,162.949
-0.429,0.173,-1.072,14.343,-20.142,2.136,172.073,50.229,162.647
-0.493,0.039,-1.112,9.094,-30.396,-0.549,172.804,51.301,162.46
-0.77,0.174,-1.126,-1.221,-16.113,-10.132,173.084,52.679,162.724
-0.495,0.227,-0.939,-7.935,17.761,-15.686,173.414,52.405,164.009
-0.313,0.374,-0.815,-17.7,4.028,-3.479,172.886,51.636,164.784
-0.465,0.357,-0.759,-17.09,4.333,-15.869,172.068,51.74,165.383
-0.342,0.314,-0.699,-15.991,16.113,-28.687,171.634,51.251,166.965
-0.396,0.275,-0.69,-12.878,7.141,-25.94,171.359,50.988,168.761
-0.373,0.266,-0.654,-12.39,11.719,-14.404,170.964,50.68,170.107
-0.438,0.257,-0.695,-5.92,6.592,-18.005,170.612,50.389,171.211
-0.5,0.212,-0.722,-4.639,10.986,-19.165,170.612,50.273,172.645
-0.501,0.158,-0.74,-5.371,13.123,-18.372,170.678,49.971,174.177
-0.512,0.247,-0.775,-10.193,13.916,-11.292,170.431,49.636,175.54
-0.497,0.237,-0.826,-7.202,18.982,-10.498,170.239,49.158,176.792
-0.379,0.281,-0.811,-3.113,11.414,-9.827,170.079,48.576,177.874
-0.392,0.244,-0.864,0.305,12.573,-9.338,170.189,48.296,178.841
-0.482,0.265,-0.994,4.395,-2.93,-11.23,170.365,48.104,179.643
-0.585,0.254,-1.171,1.282,5.188,-4.761,170.673,48.235,-179.572
-0.594,0.234,-1.235,9.583,14.221,1.526,170.947,47.791,-179.165
-0.386,0.176,-1.132,7.141,10.681,16.296,171.238,47.109,-179.171
-0.142,0.16,-0.875,8.972,14.526,34.912,171.041,46.219,179.621
-0.149,0.072,-0.817,23.376,4.944,24.719,171.442,45.434,178.259
-0.126,0.036,-0.766,21.301,0.488,34.424,172.068,44.819,176.71
-0.217,0.01,-0.772,17.517,-5.981,35.645,172.524,44.478,174.754
-0.255,0.027,-0.776,12.573,-4.456,32.166,172.766,44.275,172.87
-0.284,0.036,-0.787,9.46,-8.728,20.508,173.024,44.247,171.524
-0.414,0.037,-0.873,5.92,-2.258,17.334,173.265,44.407,170.711
-0.337,0.053,-0.865,3.784,5.554,15.625,173.375,44.149,170.244
-0.316,0.064,-0.907,0.732,0.122,17.517,173.419,43.934,169.849
-0.366,0.092,-0.91,2.014,-3.174,19.165,173.298,43.956,169.217
-0.274,0.082,-0.908,4.211,-4.089,18.066,173.276,43.978,168.58
-0.354,0.066,-0.944,3.906,-11.841,16.907,173.265,44.374,167.849
-0.403,0.082,-1.052,1.892,-13.367,7.507,173.249,44.758,167.338
-0.406,0.029,-1.119,-4.211,-6.958,-2.014,173.403,45.187,167.536
-0.553,0.281,-1.238,-2.686,-8.667,-20.935,173.474,45.797,168.305
-0.435,0.179,-1.115,9.521,20.02,-41.992,174.534,45.549,170.585
-0.194,0.177,-0.915,-6.836,19.653,-24.231,175.265,44.698,172.804
-0.282,0.264,-0.859,-13.123,-2.869,-7.935,174.765,44.506,173.518
-0.287,0.266,-0.815,-12.695,16.113,-24.597,174.293,44.171,174.556
-0.159,0.207,-0.733,-15.076,14.404,-28.442,173.969,43.5,176.171
-0.243,0.189,-0.696,-15.32,0.0,-35.645,173.557,43.336,177.896
-0.336,0.182,-0.729,-15.93,5.859,-29.663,173.199,43.489,179.742
-0.336,0.188,-0.742,-8.179,1.77,-27.344,172.859,43.44,-178.654
-0.435,0.158,-0.812,-5.31,1.587,-28.442,172.881,43.704,-176.924
-0.448,0.092,-0.833,-8.667,5.371,-28.076,173.029,43.94,-174.974
-0.396,0.208,-0.855,-15.808,6.287,-14.893,172.617,43.907,-173.408
-0.367,0.282,-0.912,-14.16,5.493,-15.93,172.128,44.0,-172.117
-0.312,0.4,-0.961,-7.385,-4.517,-15.564,171.678,44.127,-171.074
-0.427,0.322,-1.1,3.113,-7.08,-25.208,171.969,44.632,-169.827
-0.449,0.231,-1.092,6.042,-3.357,-17.517,172.419,45.302,-168.651
-0.554,0.122,-1.259,5.005,-10.864,-4.089,172.804,45.67,-168.014
-0.439,0.107,-1.137,0.244,1.709,29.846,172.595,45.698,-168.58
-0.204,0.117,-0.885,4.456,-11.108,41.748,172.007,45.687,-170.392
-0.272,0.091,-0.804,16.724,-7.629,30.151,171.92,45.846,-172.194
-0.174,0.037,-0.802,14.282,5.859,32.41,172.288,45.401,-173.529
-0.137,0.021,-0.783,14.954,4.15,30.518,172.551,44.687,-175.177
-0.197,-0.021,-0.769,8.85,-9.033,18.494,172.903,44.39,-176.528
-0.359,0.004,-0.804,0.0,-8.301,13.367,173.035,44.61,-177.38
-0.389,0.032,-0.852,-2.38,-0.244,6.653,173.002,44.681,-177.638
-0.394,0.05,-0.876,-2.991,0.244,2.563,173.018,44.676,-177.319
-0.363,0.057,-0.871,-4.089,0.732,5.493,172.985,44.725,-176.935
-0.358,0.089,-0.888,-3.845,-1.282,8.24,172.831,44.764,-176.765
-0.335,0.105,-0.922,-2.93,-1.831,7.935,172.645,44.841,-176.797
-0.316,0.111,-0.961,-3.479,-6.531,6.287,172.491,44.989,-176.841
-0.379,0.125,-1.088,-0.61,-15.808,1.709,172.43,45.445,-176.918
-0.42,0.087,-1.13,0.366,-3.479,7.874,172.579,45.95,-176.836
-0.553,0.225,-1.221,6.714,-16.296,1.648,172.568,46.461,-177.188
-0.467,0.234,-1.091,0.977,14.282,-15.991,173.09,46.467,-176.276
-0.214,0.285,-0.869,-7.019,3.601,-22.888,173.392,46.066,-174.82
-0.46,0.317,-0.837,-13.977,2.197,-28.503,173.139,46.39,-173.452
-0.26,0.291,-0.765,-18.005,22.156,-45.776,172.936,45.758,-171.118
-0.235,0.205,-0.687,-17.456,12.024,-51.697,172.837,45.363,-168.333
-0.291,0.202,-0.66,-18.921,0.732,-46.753,172.639,45.445,-165.685
-0.407,0.168,-0.688,-16.113,-0.366,-43.823,172.436,45.873,-163.345
-0.455,0.185,-0.77,-18.494,4.395,-40.71,172.216,46.214,-160.966
-0.534,0.182,-0.831,-18.494,11.78,-38.574,171.985,46.406,-158.577
-0.412,0.192,-0.849,-22.461,15.076,-37.109,171.683,46.126,-156.072
-0.428,0.206,-0.869,-20.813,11.353,-34.546,171.249,46.066,-153.814
-0.329,0.171,-0.846,-28.076,5.371,-51.575,170.821,46.126,-151.408
-0.464,0.378,-0.949,-43.823,-3.235,-46.814,170.079,46.884,-148.282
-0.543,0.519,-1.027,-7.446,-6.104,-16.602,169.118,47.28,-147.063
-0.728,0.41,-1.187,4.089,-1.038,-7.874,169.305,47.823,-146.492
-0.414,0.341,-1.052,15.442,39.368,8.423,169.695,46.736,-146.404
0.01,0.176,-0.965,24.841,15.381,-3.723,170.618,45.269,-146.36
-0.188,0.02,-0.844,12.695,-9.155,-9.644,171.738,45.511,-146.069
-0.211,0.126,-0.852,-2.502,5.981,12.451,171.705,45.231,-146.558
-0.09,0.171,-0.784,-6.104,1.77,1.343,171.315,44.709,-147.14
-0.171,0.116,-0.736,-1.282,-14.587,-12.512,171.282,44.94,-147.145
-0.392,0.041,-0.799,-0.732,-11.719,-23.071,171.568,45.676,-146.591
-0.418,-0.014,-0.843,-10.864,-3.601,-31.982,171.958,46.154,-145.08
-0.438,0.016,-0.887,-20.63,7.019,-24.597,171.958,46.412,-143.091
-0.293,0.09,-0.823,-17.456,-4.761,-10.864,171.486,46.428,-141.751
-0.41,0.08,-0.754,-9.094,-24.597,-9.766,171.194,47.351,-141.021
-0.552,0.049,-0.752,-4.883,-23.254,-13.794,171.2,48.763,-140.306
-0.551,0.053,-0.838,-10.193,-7.324,-18.555,171.343,49.861,-139.059
-0.494,0.083,-0.914,-9.277,-1.709,-26.062,171.48,50.427,-137.466
-0.475,0.096,-1.012,-6.897,-7.935,-38.818,172.051,50.988,-135.291
-0.703,0.146,-1.196,-10.925,-3.845,-46.448,172.793,51.806,-132.726
-0.697,0.223,-1.249,-17.273,18.555,-50.11,173.524,51.823,-129.655
-0.403,0.286,-1.081,-16.602,26.245,-51.697,174.045,51.004,-126.634
-0.186,0.34,-0.829,-16.724,-5.493,-48.34,174.315,50.784,-124.14
-0.497,0.29,-0.745,-22.217,-9.033,-40.771,174.276,51.833,-122.283
-0.32,0.292,-0.686,-21.24,16.174,-41.382,173.914,51.52,-120.547
-0.331,0.285,-0.67,-21.057,3.357,-34.729,173.518,51.378,-118.971
-0.402,0.251,-0.666,-15.076,-2.686,-31.494,173.09,51.641,-117.911
-0.477,0.203,-0.654,-15.808,-5.92,-36.499,172.919,52.224,-116.625
-0.617,0.194,-0.71,-17.639,-3.235,-40.894,172.815,52.938,-115.021
-0.569,0.167,-0.692,-20.447,4.517,-43.03,172.853,53.372,-112.967
-0.608,0.191,-0.711,-20.02,6.409,-39.368,172.771,53.734,-110.989
-0.571,0.166,-0.708,-19.409,6.958,-42.358,172.848,53.954,-108.885
-0.549,0.183,-0.723,-18.127,8.423,-36.194,172.936,54.185,-106.87
-0.511,0.243,-0.722,-11.902,-2.075,-29.236,172.963,54.426,-105.337
-0.587,0.251,-0.721,-7.202,-11.292,-16.968,173.057,55.234,-104.414
-0.562,0.368,-0.724,-2.747,-17.212,-2.441,172.689,56.151,-104.617
-0.911,0.389,-1.042,22.278,-23.56,-18.616,173.123,57.426,-104.826
-0.851,0.144,-1.042,33.936,-5.615,-14.343,175.139,58.442,-104.216
-0.479,-0.057,-0.917,25.818,14.465,13.184,176.385,58.189,-104.804
-0.229,-0.101,-0.836,1.77,7.263,4.333,176.622,57.458,-105.568
-0.39,-0.03,-0.831,-13.916,3.357,-26.794,176.874,57.393,-104.617
-0.379,0.059,-0.828,-22.827,6.042,-29.785,176.88,56.997,-102.997
-0.428,0.037,-0.813,-31.189,6.775,-50.171,177.017,56.717,-100.591
-0.448,0.091,-0.766,-40.344,1.892,-60.974,177.006,56.607,-97.443
-0.54,0.054,-0.739,-50.11,10.681,-83.252,177.122,56.64,-93.307
-0.53,0.123,-0.782,-58.777,11.841,-84.229,177.067,56.398,-88.572
-0.508,0.096,-0.8,-54.504,17.334,-93.384,176.984,56.124,-83.76
-0.505,0.072,-0.872,-59.082,9.766,-91.492,177.078,55.898,-78.635
-0.544,0.101,-0.916,-58.472,12.207,-84.595,176.792,55.844,-73.954
-0.428,0.121,-0.902,-56.702,13.977,-84.9,176.446,55.508,-69.521
-0.509,0.083,-0.917,-47.302,-6.897,-97.778,176.528,55.706,-64.808
-0.646,0.048,-0.873,-51.819,-7.385,-103.027,177.22,56.618,-59.409
-0.544,0.131,-0.712,-59.998,-7.69,-84.778,177.358,57.354,-54.492
-0.661,0.356,-0.722,-64.331,-27.893,-70.007,176.298,58.535,-51.064
-0.794,0.371,-0.73,-61.768,-5.615,-72.876,175.594,60.084,-47.703
-0.683,0.399,-0.664,-53.467,11.536,-73.975,175.056,60.447,-44.489
-0.604,0.333,-0.624,-49.988,22.705,-79.346,175.023,60.315,-41.023
-0.63,0.292,-0.688,-48.645,30.09,-75.134,175.078,59.892,-37.584
-0.524,0.235,-0.676,-44.373,26.306,-76.599,175.193,59.172,-34.255
-0.571,0.24,-0.729,-43.213,20.264,-68.176,175.259,58.903,-31.124
-0.432,0.252,-0.657,-40.222,7.812,-51.941,175.018,58.716,-28.762
-0.472,0.314,-0.735,-32.104,1.099,-29.724,174.293,59.046,-27.609
-0.668,0.362,-0.919,-14.038,-15.259,-21.851,173.337,59.513,-27.757
-0.962,0.22,-1.106,-4.028,-28.259,-28.32,173.633,61.084,-27.537
-0.992,0.205,-1.198,2.441,12.085,-6.287,173.848,61.749,-27.751
-0.5,0.089,-0.997,-4.272,14.099,7.751,173.815,61.013,-28.504
-0.318,0.102,-0.884,-9.644,2.747,18.188,172.892,60.392,-29.943
-0.317,0.094,-0.804,-4.456,-2.075,9.033,172.062,60.134,-31.113
-0.386,0.104,-0.794,-2.563,2.563,17.395,171.541,59.782,-31.965
-0.305,0.118,-0.766,0.0,13.855,27.588,170.832,58.793,-33.333
-0.199,0.128,-0.696,2.686,-6.653,26.672,170.173,57.986,-34.788
-0.442,0.135,-0.68,8.484,-26.794,23.193,169.656,58.442,-36.326
-0.61,0.147,-0.703,8.728,-16.968,26.489,169.173,58.997,-38.177
-0.551,0.126,-0.711,9.399,-6.47,25.146,168.821,59.095,-40.084
-0.591,0.12,-0.724,6.287,-9.521,22.278,168.431,59.194,-41.907
-0.575,0.12,-0.75,1.038,-3.174,15.259,168.03,59.337,-43.369
-0.589,0.139,-0.822,-2.502,-2.747,8.118,167.756,59.31,-44.264
-0.581,0.148,-0.948,-3.906,2.747,1.953,167.635,59.079,-44.692
-0.587,0.177,-0.942,-3.479,-2.258,-5.188,167.69,59.244,-44.687
-0.858,0.318,-1.088,2.625,-18.188,-25.94,168.074,59.859,-44.225
-0.741,0.325,-0.962,7.629,13.306,-26.733,169.475,60.304,-42.737
-0.447,0.264,-0.79,8.85,23.804,-15.442,170.678,59.568,-41.847
-0.462,0.329,-0.786,-8.362,14.038,-7.996,170.98,58.782,-41.611
-0.414,0.322,-0.768,-11.902,29.602,-22.4,170.876,57.761,-41.237
-0.345,0.263,-0.711,-13.733,25.696,-31.921,171.019,56.646,-40.106
-0.291,0.192,-0.613,-19.226,14.099,-32.776,171.041,55.854,-38.793
-0.472,0.248,-0.653,-23.438,10.62,-24.414,170.53,55.701,-37.859
-0.368,0.223,-0.628,-18.799,5.615,-31.128,170.145,55.36,-36.969
-0.587,0.221,-0.678,-17.334,-4.822,-28.809,169.909,55.953,-36.074
-0.563,0.217,-0.699,-17.883,6.226,-21.851,169.651,56.14,-35.436
-0.576,0.289,-0.756,-11.353,10.437,-12.817,169.321,56.08,-35.228
-0.5,0.326,-0.779,-4.272,4.578,-0.183,169.063,55.898,-35.645
-0.539,0.251,-0.809,5.066,2.686,-3.235,169.058,55.838,-36.37
-0.548,0.304,-0.942,-0.488,2.563,1.099,169.025,55.69,-36.931
-0.634,0.252,-1.04,-1.831,1.038,-0.061,168.909,55.953,-37.496
-0.656,0.306,-1.123,-3.54,-0.793,15.503,168.415,55.789,-38.381
-0.74,0.241,-1.154,-1.648,4.822,22.156,167.739,55.618,-39.776
-0.263,0.186,-0.862,0.122,15.747,27.588,167.031,54.624,-41.254
-0.249,0.129,-0.776,8.179,-10.254,19.897,166.668,53.97,-42.451
-0.39,0.061,-0.754,8.85,3.54,24.597,166.69,53.904,-43.347
-0.311,0.076,-0.721,3.967,10.132,36.438,166.426,52.894,-44.588
-0.28,0.103,-0.737,0.427,4.639,25.146,166.047,51.971,-45.72
-0.386,0.144,-0.747,-1.77,-8.972,21.606,165.69,51.729,-46.472
-0.462,0.19,-0.78,-1.526,-8.362,19.043,165.256,51.806,-47.368
-0.462,0.232,-0.768,1.038,-5.798,20.813,164.883,51.812,-48.389
-0.527,0.23,-0.81,6.836,-6.592,13.733,164.745,51.954,-49.417
-0.473,0.196,-0.792,8.484,-2.625,11.23,164.96,51.932,-50.07
-0.456,0.164,-0.832,7.019,1.831,9.827,165.196,51.91,-50.636
-0.403,0.157,-0.825,4.15,-9.094,9.094,165.339,51.921,-51.114
-0.504,0.184,-0.913,-0.549,-8.545,4.944,165.322,52.256,-51.46
-0.473,0.195,-0.889,-1.77,-4.822,-0.244,165.333,52.614,-51.509
-0.54,0.296,-0.94,7.874,-14.343,-12.817,165.602,53.179,-51.207
-0.69,0.208,-1.036,13.062,-5.676,-18.738,166.69,53.893,-50.405
-0.722,0.25,-1.061,5.066,10.986,-16.174,167.646,54.064,-49.499
-0.415,0.308,-0.896,-4.211,23.865,-19.714,168.261,53.333,-48.417
-0.39,0.361,-0.826,-11.047,10.986,-28.931,168.591,52.767,-47.054
-0.38,0.301,-0.719,-13.428,24.414,-44.983,168.953,52.432,-45.203
-0.298,0.31,-0.695,-17.212,26.733,-47.852,169.305,51.625,-42.891
-0.272,0.28,-0.718,-17.944,31.128,-41.321,169.481,50.784,-40.765
-0.157,0.272,-0.695,-18.921,11.841,-30.701,169.239,49.966,-39.249
-0.377,0.296,-0.726,-15.991,-7.141,-24.048,168.673,50.306,-38.419
-0.493,0.269,-0.737,-8.545,-1.099,-25.391,168.448,50.724,-37.798
-0.52,0.278,-0.796,-2.563,3.967,-16.296,168.431,50.922,-37.491
-0.489,0.213,-0.81,-0.122,9.094,-9.888,168.635,50.828,-37.458
-0.433,0.207,-0.805,-2.441,-1.892,-1.77,168.585,50.757,-37.798
-0.465,0.17,-0.781,-2.136,-3.601,-1.343,168.431,51.103,-38.304
-0.415,0.21,-0.807,-3.967,-12.024,3.418,168.179,51.465,-38.82
-0.495,0.234,-0.902,-0.061,-0.183,18.066,167.86,51.899,-39.787
-0.47,0.429,-0.914,5.493,-23.438,32.349,167.047,51.916,-41.754
-0.705,0.379,-1.049,5.676,-19.653,33.386,166.443,52.822,-44.214
-0.422,0.41,-0.977,9.277,-5.554,40.771,165.515,52.663,-46.961
-0.691,0.325,-1.066,12.024,-38.757,34.119,164.905,53.185,-49.68
-0.637,0.234,-1.006,7.751,1.892,50.232,164.152,53.58,-52.52
-0.26,0.187,-0.817,9.827,-0.549,46.509,163.301,52.586,-55.217
-0.345,0.124,-0.753,13.306,-11.658,23.193,163.076,52.377,-57.036
-0.318,0.112,-0.696,10.864,2.686,17.822,163.378,52.207,-57.695
-0.248,0.099,-0.69,9.521,0.427,20.813,163.652,51.674,-58.233
-0.352,0.16,-0.73,3.967,-10.864,19.226,163.691,51.63,-58.815
-0.438,0.21,-0.75,6.775,-12.268,12.573,163.691,51.839,-59.381
-0.503,0.204,-0.771,8.179,-6.531,11.719,163.889,52.114,-59.87
-0.547,0.203,-0.826,6.714,-5.31,12.573,164.042,52.224,-60.48
-0.442,0.181,-0.79,3.845,0.0,12.146,164.125,52.147,-61.046
-0.526,0.204,-0.83,0.854,-10.986,6.836,164.059,52.405,-61.545
-0.469,0.182,-0.799,1.16,-8.179,0.732,164.125,52.8,-61.749
-0.589,0.212,-0.956,-1.831,-3.845,-2.563,164.279,53.267,-61.672
-0.45,0.229,-0.934,-3.479,2.991,-9.155,164.432,53.41,-61.298
-0.642,0.331,-1.059,-4.272,-14.404,-24.536,164.718,53.948,-60.386
-0.715,0.341,-1.039,-0.916,4.333,-36.743,165.416,54.684,-58.942
-0.461,0.333,-0.871,-8.179,17.273,-39.978,166.503,54.673,-56.722
-0.338,0.336,-0.762,-16.724,9.338,-37.659,166.981,54.465,-54.739
-0.425,0.368,-0.71,-22.095,12.207,-31.433,166.855,54.503,-53.3
-0.354,0.364,-0.687,-19.958,19.653,-30.396,166.487,54.042,-52.317
-0.339,0.321,-0.69,-18.677,18.86,-32.776,166.284,53.531,-51.345
-0.375,0.327,-0.666,-19.836,10.925,-25.146,165.921,53.234,-50.696
-0.435,0.308,-0.649,-15.625,6.348,-26.184,165.493,53.163,-50.427
-0.557,0.259,-0.683,-11.536,4.211,-29.114,165.41,53.503,-49.966
-0.572,0.283,-0.696,-11.719,7.324,-13.733,165.284,53.613,-49.73
-0.588,0.318,-0.733,-6.653,15.686,-0.854,164.993,53.355,-50.164
-0.516,0.383,-0.75,1.953,13.184,8.85,164.784,52.723,-51.158
-0.469,0.352,-0.763,11.414,6.287,6.409,164.888,52.383,-52.46
-0.515,0.399,-0.926,9.399,0.732,12.756,164.976,52.322,-53.915
-0.446,0.358,-0.941,13.977,-3.174,17.822,164.971,52.174,-55.783
-0.751,0.383,-1.131,16.113,-9.949,17.761,164.993,52.46,-57.585
-0.562,0.252,-1.072,17.151,25.757,29.297,165.284,51.757,-59.211
-0.122,0.15,-0.932,14.893,24.963,37.048,165.471,49.966,-60.826
-0.09,0.127,-0.866,15.869,-3.723,25.818,165.657,48.873,-62.238
-0.197,0.099,-0.806,16.357,-7.935,23.621,166.086,48.642,-63.133
-0.241,0.064,-0.786,13.672,-9.155,17.273,166.564,48.51,-63.77
-0.255,0.019,-0.767,6.897,-14.343,6.165,167.097,48.68,-63.82
-0.405,0.06,-0.801,-0.977,-19.531,4.822,167.316,49.334,-63.649
-0.454,0.109,-0.823,-3.418,-10.62,9.521,167.245,49.834,-63.704
-0.437,0.139,-0.786,-1.465,-12.634,13.977,167.064,50.219,-64.155
-0.445,0.169,-0.773,-1.648,-14.771,17.7,166.707,50.636,-65.017
-0.525,0.163,-0.788,-1.892,-15.869,11.658,166.355,51.345,-65.901
-0.477,0.162,-0.773,-3.052,-13.062,5.31,166.108,51.85,-66.445
-0.51,0.198,-0.847,-3.235,-1.953,5.676,165.861,52.311,-66.841
-0.58,0.212,-0.975,-1.709,-12.024,2.808,165.789,52.498,-67.148
-0.438,0.173,-0.992,-0.916,7.446,-0.61,165.866,52.586,-67.28
-0.651,0.313,-1.103,-5.92,-19.592,-12.329,165.91,53.053,-67.088
-0.71,0.353,-1.049,-3.296,7.019,-22.339,166.196,53.729,-66.412
-0.35,0.338,-0.805,-7.568,18.799,-26.367,166.783,53.339,-65.154
-0.397,0.465,-0.802,-14.587,1.892,-15.198,166.69,53.047,-64.468
-0.395,0.404,-0.758,-7.08,15.198,-21.24,166.503,52.899,-64.358
-0.354,0.377,-0.734,-5.737,14.038,-20.874,166.575,52.449,-64.078
-0.312,0.321,-0.66,-5.615,7.812,-20.813,166.602,52.191,-64.067
-0.373,0.311,-0.634,-4.639,-3.235,-23.132,166.569,52.405,-64.16
-0.422,0.23,-0.667,-2.075,4.211,-25.391,166.8,52.795,-64.067
-0.376,0.219,-0.631,-7.263,-14.221,-16.663,166.827,53.311,-64.105
-0.597,0.242,-0.734,-3.418,-13.0,-11.841,166.575,54.327,-64.644
-0.535,0.257,-0.719,-6.47,-9.094,-6.226,166.388,55.031,-65.154
-0.54,0.317,-0.765,-7.812,-22.034,-5.92,165.927,55.838,-65.901
-0.625,0.383,-0.826,-3.479,-13.306,0.061,165.504,56.948,-66.808
-0.558,0.395,-0.864,7.446,-14.038,8.423,165.212,57.338,-68.198
-0.705,0.354,-0.927,10.681,-15.259,11.78,165.031,58.2,-69.961
-0.778,0.319,-1.08,15.137,-4.211,6.775,165.174,58.398,-71.329
-0.715,0.24,-1.068,13.062,8.24,18.188,165.476,58.244,-72.499
-0.284,0.174,-0.863,9.644,17.944,34.79,165.273,57.085,-74.185
-0.223,0.106,-0.807,11.78,-14.16,23.743,165.048,56.371,-75.981
-0.405,0.098,-0.767,10.742,-10.925,24.17,164.96,56.525,-77.432
-0.367,0.069,-0.694,4.028,-6.592,30.151,164.702,56.294,-78.893
-0.399,0.112,-0.684,-0.549,-17.09,24.475,164.147,56.206,-80.349
-0.508,0.149,-0.655,0.0,-23.865,19.653,163.548,56.821,-81.711
-0.581,0.17,-0.629,1.648,-22.888,16.052,163.087,57.579,-82.974
-0.707,0.216,-0.687,5.676,-13.0,18.921,162.735,58.282,-84.282
-0.605,0.204,-0.657,9.949,-2.197,20.142,162.609,58.299,-85.583
-0.642,0.22,-0.732,9.277,-4.028,17.273,162.603,58.354,-86.77
-0.552,0.185,-0.768,10.864,6.165,11.902,162.779,58.167,-87.654
-0.561,0.161,-0.818,4.639,-4.517,1.587,163.136,58.255,-87.973
-0.686,0.22,-0.96,0.183,2.625,-4.639,163.4,58.321,-87.891
-0.706,0.353,-1.077,-9.705,-1.892,-11.23,163.691,58.288,-87.242
-0.676,0.365,-1.027,-1.465,13.794,-28.564,164.202,58.403,-86.122
-0.371,0.37,-0.781,-10.071,19.47,-32.227,165.262,58.024,-84.029
-0.48,0.436,-0.748,-12.39,0.854,-17.212,165.3,57.821,-82.936
-0.515,0.424,-0.673,-8.423,20.081,-27.1,165.273,57.607,-81.98
-0.41,0.35,-0.641,-1.587,36.682,-37.476,166.042,56.651,-80.321
-0.324,0.303,-0.607,0.122,33.02,-42.542,167.135,55.53,-78.558
-0.333,0.261,-0.61,2.869,28.442,-46.936,168.354,54.662,-76.712
-0.407,0.192,-0.666,2.075,16.846,-47.18,169.623,54.174,-74.844
-0.522,0.127,-0.758,-2.625,8.667,-41.138,170.678,54.075,-73.163
-0.545,0.121,-0.788,-10.742,12.085,-28.87,171.238,54.053,-71.834
-0.606,0.175,-0.835,-12.878,2.808,-19.958,171.26,54.053,-71.049
-0.445,0.178,-0.78,-12.451,10.254,-15.564,171.151,53.932,-70.499
-0.451,0.233,-0.784,-12.329,-18.005,-16.174,170.859,54.415,-70.214
-0.522,0.204,-0.825,-11.902,-9.033,-11.658,170.601,55.366,-70.082
-0.638,0.338,-0.961,-15.198,-24.597,3.113,169.684,56.184,-70.675
-0.606,0.343,-0.973,-10.01,-13.123,9.521,168.624,56.931,-71.867
-0.799,0.329,-1.051,3.052,-18.982,11.963,167.937,57.684,-73.207
-0.712,0.215,-1.069,3.967,4.15,26.001,167.498,57.634,-74.751
-0.325,0.166,-0.843,6.775,14.16,42.969,166.558,56.651,-77.031
-0.302,0.106,-0.773,9.949,-3.113,31.799,166.014,55.816,-79.113
-0.286,0.084,-0.7,9.033,1.892,32.959,165.74,55.201,-80.766
-0.309,0.098,-0.669,5.92,-6.47,29.175,165.432,54.706,-82.299
-0.378,0.11,-0.648,4.761,-11.475,20.142,165.201,54.613,-83.507
-0.556,0.129,-0.714,0.061,-13.977,12.512,165.009,54.976,-84.353
-0.532,0.168,-0.717,-1.038,-0.549,7.69,164.828,55.14,-84.809
-0.587,0.193,-0.757,-3.174,-4.639,7.69,164.74,55.261,-85.045
-0.533,0.196,-0.745,-1.526,4.028,9.766,164.531,55.25,-85.413
-0.516,0.224,-0.758,-1.831,-5.493,9.155,164.295,55.217,-85.858
-0.491,0.2,-0.759,-1.404,-0.61,6.775,164.092,55.404,-86.287
-0.438,0.189,-0.741,-3.113,-12.207,0.183,163.878,55.701,-86.55
-0.684,0.212,-0.917,-5.737,-8.24,-9.155,163.757,56.508,-86.424
-0.578,0.25,-0.948,-12.085,-9.277,-12.939,163.729,56.909,-85.737
-0.758,0.286,-1.046,-9.277,-8.728,-24.048,163.801,57.783,-84.814
-0.915,0.5,-1.143,-7.812,3.723,-27.222,164.097,58.387,-83.441
-0.41,0.375,-0.783,-7.507,30.64,-36.621,165.201,57.865,-81.288
-0.499,0.391,-0.767,-13.306,7.568,-42.786,165.938,57.442,-79.019
-0.497,0.353,-0.707,-21.423,36.438,-51.575,166.487,57.123,-76.476
-0.283,0.308,-0.57,-22.278,35.217,-59.814,167.141,56.03,-73.174
-0.327,0.238,-0.552,-24.292,19.775,-65.857,167.717,55.519,-69.829
-0.415,0.194,-0.562,-29.236,16.174,-73.181,168.245,55.525,-66.226
-0.508,0.187,-0.625,-35.461,20.569,-73.242,168.734,55.624,-62.232
-0.574,0.199,-0.691,-35.645,25.757,-67.993,168.953,55.41,-58.376
-0.552,0.215,-0.729,-36.682,31.982,-57.983,169.058,54.899,-54.772
-0.537,0.2,-0.738,-32.471,23.804,-47.18,168.904,54.338,-51.85
-0.502,0.236,-0.702,-28.381,16.907,-37.109,168.519,54.025,-49.642
-0.56,0.207,-0.698,-21.912,4.7,-33.63,168.338,54.218,-47.818
-0.462,0.255,-0.671,-17.944,8.362,-25.879,168.03,54.311,-46.483
-0.674,0.306,-0.854,-12.817,-12.268,-26.855,167.959,55.14,-45.286
-0.693,0.399,-1.032,-6.165,-9.46,-18.127,167.838,55.86,-44.555
-0.766,0.316,-1.243,-7.568,-28.87,-26.794,168.047,57.382,-43.649
-0.852,0.266,-1.205,-8.728,-38.33,-37.231,168.261,59.557,-42.363
-0.547,0.234,-0.854,-26.489,-6.287,-27.1,168.448,60.919,-40.446
-0.441,0.277,-0.766,-22.278,19.47,-30.396,168.157,60.908,-38.633
-0.22,0.359,-0.722,-27.283,31.921,-21.606,167.986,59.606,-36.414
-0.263,0.352,-0.686,-18.127,19.409,-20.203,167.569,58.414,-34.579
-0.354,0.299,-0.644,-14.16,18.127,-24.536,167.421,57.486,-32.723
-0.384,0.21,-0.646,-9.338,23.376,-32.471,167.695,56.607,-30.476
-0.405,0.204,-0.662,-14.648,17.151,-30.701,168.014,55.838,-28.147
-0.511,0.187,-0.72,-11.414,11.719,-39.368,168.311,55.497,-25.779
-0.501,0.134,-0.753,-10.071,17.334,-43.03,169.008,55.3,-23.011
-0.471,0.07,-0.741,-8.423,5.249,-43.03,169.843,55.294,-20.248
-0.511,0.013,-0.771,-16.968,-2.197,-45.776,170.579,55.789,-17.43
-0.496,0.042,-0.732,-22.766,-3.235,-47.852,171.024,56.448,-14.502
-0.614,0.048,-0.818,-26.184,-2.502,-56.458,171.579,57.2,-11.162
-0.594,0.023,-0.829,-29.236,0.488,-64.209,172.315,57.799,-7.306
-0.783,0.079,-0.984,-32.898,-2.502,-68.542,173.145,58.546,-3.027
-0.671,0.062,-0.89,-35.461,17.029,-64.392,173.979,58.953,1.285
-0.547,0.306,-0.848,-37.109,3.845,-50.598,173.897,58.727,4.812
-0.451,0.295,-0.655,-31.006,-0.183,-54.626,174.133,59.052,8.377
-0.675,0.255,-0.706,-26.794,-9.277,-56.335,174.419,59.87,11.953
-0.65,0.25,-0.733,-36.804,17.273,-63.416,174.666,60.029,15.837
-0.616,0.234,-0.742,-42.419,26.55,-67.932,174.886,59.524,20.308
-0.5,0.278,-0.728,-46.387,22.766,-65.735,174.716,58.694,24.884
-0.575,0.237,-0.724,-42.419,6.348,-64.148,174.474,58.541,29.427
-0.564,0.257,-0.65,-40.527,-7.629,-53.284,173.974,58.986,33.497
-0.595,0.212,-0.585,-31.921,-16.602,-51.392,173.6,60.035,37.2
-0.674,0.271,-0.587,-29.602,-7.751,-36.865,173.238,61.15,40.468
-0.684,0.271,-0.618,-16.907,4.333,-32.349,172.936,61.441,43.242
-0.712,0.35,-0.69,-18.616,11.719,-17.639,172.562,61.375,45.665
-0.652,0.311,-0.722,-4.517,-3.357,-26.123,172.392,61.331,47.9
-0.954,0.358,-0.984,2.197,-24.963,-30.396,172.963,62.529,50.565
-0.844,0.167,-0.962,14.587,-12.451,-37.842,174.457,63.677,53.492
-0.643,-0.014,-0.855,7.568,6.287,-30.64,176.243,64.171,56.547
-0.393,-0.081,-0.819,-3.113,25.208,-30.762,177.396,63.171,59.15
-0.534,-0.097,-0.853,-18.066,20.569,-43.396,178.588,62.375,62.518
-0.406,-0.067,-0.877,-40.161,27.771,-36.621,178.737,60.914,65.621
-0.383,0.062,-0.803,-55.054,10.803,-30.945,177.792,59.897,68.456
-0.527,0.143,-0.773,-51.147,-6.165,-27.405,176.292,59.826,70.911
-0.611,0.137,-0.749,-42.969,1.16,-30.64,175.089,60.057,73.438
-0.606,0.135,-0.708,-37.231,1.892,-28.137,174.188,60.15,76.08
-0.64,0.133,-0.726,-30.945,12.268,-29.602,173.529,60.117,78.739
-0.465,0.096,-0.696,-29.419,12.085,-33.752,173.199,59.661,81.661
-0.559,0.033,-0.718,-31.616,-2.563,-42.419,173.057,59.914,84.897
-0.625,0.041,-0.72,-37.72,-5.066,-42.114,172.837,60.48,88.292
-0.651,0.037,-0.751,-38.208,5.31,-42.847,172.612,60.991,91.835
-0.688,0.062,-0.831,-38.696,-4.578,-44.006,172.414,61.348,95.438
-0.764,0.101,-0.846,-44.189,-20.447,-44.25,172.062,62.507,99.042
-0.99,0.227,-1.083,-40.039,-4.578,-38.025,171.508,63.732,102.398
-0.846,0.323,-1.131,-37.903,19.348,-48.096,171.508,63.677,106.386
-0.421,0.398,-0.923,-33.936,14.893,-51.208,171.865,63.078,110.814
-0.562,0.49,-0.836,-34.363,-20.996,-35.217,171.672,63.655,114.34
-0.524,0.4,-0.675,-31.372,2.808,-34.729,171.085,64.166,117.103
-0.414,0.368,-0.555,-28.503,2.319,-32.288,170.596,64.122,120.114
-0.327,0.28,-0.438,-24.475,5.859,-24.841,170.068,63.913,122.728
-0.443,0.28,-0.473,-16.418,-0.671,-29.236,169.601,63.809,125.112
-0.531,0.225,-0.549,-12.39,3.174,-28.687,169.689,63.836,127.782
-0.694,0.181,-0.643,-9.033,-3.54,-24.048,169.81,64.05,130.199
-0.725,0.144,-0.67,-10.315,1.465,-20.569,169.986,64.352,132.506
-0.69,0.209,-0.665,-11.353,10.132,-8.24,169.788,64.369,134.401
-0.729,0.202,-0.707,-6.775,11.23,-7.446,169.541,64.067,135.945
-0.485,0.203,-0.639,-6.775,16.113,0.488,169.305,63.331,137.324
-0.643,0.26,-0.692,-3.479,-13.855,-0.061,168.766,63.572,138.032
-0.61,0.252,-0.698,-4.639,-3.906,-0.793,168.508,63.946,138.9
-0.763,0.325,-0.79,-5.127,-33.447,1.099,167.849,64.803,139.345
-0.845,0.3,-0.865,-3.113,-2.258,-5.371,167.41,65.819,139.949
-0.955,0.314,-0.995,-2.625,-14.038,-15.747,167.596,66.346,141.438
-1.021,0.282,-1.046,-3.174,3.235,-1.465,167.717,66.682,142.723
-0.629,0.238,-0.837,-1.465,17.7,16.113,167.201,65.923,143.036
-0.401,0.124,-0.711,8.85,-4.028,7.324,166.965,65.237,143.13
-0.503,0.07,-0.672,9.155,12.573,14.221,167.157,64.913,143.289
-0.408,0.041,-0.597,6.897,17.456,14.954,167.245,63.776,143.295
-0.378,0.021,-0.575,2.075,9.094,6.836,167.448,62.886,143.602
-0.499,0.059,-0.602,-3.845,-12.085,-0.366,167.558,62.897,144.141
-0.671,0.114,-0.675,-7.385,-7.69,2.991,167.377,63.474,144.668
-0.715,0.138,-0.713,-5.188,-3.235,1.282,167.113,63.732,145.256
-0.64,0.136,-0.692,-3.54,3.54,3.601,166.97,63.781,145.948
-0.652,0.134,-0.688,-1.16,-2.38,4.211,166.822,63.853,146.508
-0.546,0.117,-0.663,-1.465,-0.427,7.263,166.652,63.847,146.942
-0.624,0.107,-0.719,-1.892,-0.61,3.357,166.465,64.012,147.343
-0.662,0.124,-0.789,-0.183,-7.019,-4.944,166.547,64.276,148.107
-0.649,0.153,-0.854,-2.93,-8.057,2.686,166.641,64.6,148.821
-0.784,0.232,-0.955,-2.686,-9.644,7.996,166.317,65.012,148.914
-0.921,0.325,-1.062,-0.732,-3.54,3.296,166.091,65.182,149.139
-0.763,0.358,-0.968,3.235,8.606,-7.141,166.306,64.946,149.958
-0.457,0.269,-0.697,0.183,0.549,-12.817,167.02,64.759,151.408
-0.719,0.313,-0.715,-7.446,-3.052,-3.235,166.816,65.16,152.128
-0.504,0.297,-0.598,-10.193,22.278,-8.423,166.536,64.506,153.122
-0.393,0.233,-0.53,-5.432,13.977,-16.235,166.69,63.71,154.698
-0.426,0.176,-0.521,-2.686,-1.892,-14.343,167.053,63.501,156.231
-0.514,0.21,-0.544,-3.906,0.427,0.305,166.926,63.666,156.989
-0.609,0.21,-0.59,-0.061,-13.672,-3.906,166.701,63.913,157.44
-0.75,0.208,-0.65,0.0,-3.845,-2.563,166.531,64.512,157.923
-0.713,0.2,-0.645,-2.686,1.526,-1.099,166.487,64.66,158.676
-0.593,0.226,-0.59,-3.174,3.113,5.432,166.135,64.589,159.126
-0.595,0.254,-0.603,0.061,-9.46,1.709,165.806,64.88,159.412
-0.669,0.299,-0.676,2.869,-11.414,3.723,165.454,65.418,159.483
-0.882,0.315,-0.825,7.568,-15.991,-0.671,165.344,66.121,159.587
-0.871,0.311,-0.857,2.075,-4.761,6.226,165.295,66.566,159.78
-0.785,0.28,-0.859,5.249,4.456,3.967,165.146,66.401,159.884
-1.083,0.307,-1.066,6.104,-6.775,-1.282,165.278,66.594,160.28
-0.79,0.225,-0.905,0.0,21.423,17.151,165.223,66.017,160.505
-0.32,0.176,-0.646,0.427,17.578,31.067,164.344,64.506,159.686
-0.511,0.127,-0.728,6.042,10.376,15.015,164.026,63.918,159.082
-0.278,0.122,-0.634,-0.793,26.123,34.546,163.685,62.353,158.527
-0.32,0.157,-0.57,-2.808,-2.502,30.823,162.691,61.051,157.143
-0.51,0.228,-0.61,-1.282,-18.188,18.311,161.79,61.073,155.88
-0.576,0.208,-0.596,2.563,-22.827,4.822,161.334,61.699,155.22
-0.77,0.21,-0.667,2.502,-21.118,-1.16,161.224,62.886,155.171
-0.723,0.213,-0.653,0.671,-4.211,2.747,161.153,63.463,155.44
-0.681,0.222,-0.679,0.732,-1.831,4.211,161.109,63.688,155.852
-0.628,0.21,-0.667,1.282,-0.916,8.484,160.977,63.787,156.044
-0.571,0.222,-0.671,1.526,-7.812,10.071,160.697,63.82,155.945
-0.73,0.213,-0.788,4.272,-14.587,0.854,160.642,64.479,155.94
-0.643,0.192,-0.764,1.221,-2.625,8.179,160.626,64.786,156.061
-0.761,0.241,-0.865,-1.221,-8.606,10.01,160.285,65.001,155.841
-0.807,0.309,-0.954,0.427,-0.671,2.808,160.197,64.946,155.967
-0.98,0.4,-1.038,2.075,1.831,-7.385,160.505,65.078,156.654
-0.598,0.333,-0.783,2.869,20.203,-19.653,161.598,64.594,158.417
-0.453,0.375,-0.638,-6.348,-13.062,-13.489,162.383,64.523,160.109
-0.681,0.349,-0.611,-5.127,-6.287,-8.484,162.153,65.38,160.598
-0.54,0.359,-0.555,-7.935,16.052,-10.132,162.092,65.105,161.598
-0.498,0.309,-0.543,-4.517,16.174,-15.198,162.285,64.501,162.977
-0.479,0.3,-0.521,-3.113,10.742,-16.479,162.686,64.078,164.526
-0.593,0.274,-0.565,1.648,8.301,-15.198,163.103,63.929,165.899
-0.641,0.265,-0.6,2.075,11.841,-9.155,163.537,63.688,167.119
-0.649,0.25,-0.642,1.465,15.869,-9.705,163.905,63.226,168.239
-0.669,0.243,-0.67,-1.526,11.963,-11.169,164.328,62.88,169.557
-0.565,0.271,-0.643,-4.028,5.371,-8.423,164.476,62.644,170.673
-0.632,0.284,-0.684,-1.953,-7.751,-11.597,164.57,63.138,171.557
-0.661,0.346,-0.711,-3.479,-7.812,-2.808,164.454,63.677,172.145
-0.765,0.386,-0.838,1.221,-2.991,0.0,164.097,63.825,172.266
-0.832,0.394,-0.926,3.052,-8.484,-4.7,164.037,64.133,172.612
-0.987,0.271,-1.034,7.996,-0.305,-6.714,164.493,64.38,173.232
-0.668,0.191,-0.899,5.127,26.733,15.32,164.811,63.605,173.633
-0.259,0.152,-0.75,8.118,26.123,26.978,164.592,61.754,173.062
-0.42,0.116,-0.737,15.32,1.099,14.526,164.806,60.996,172.419
-0.464,0.091,-0.71,13.733,12.39,23.926,165.097,60.293,171.689
-0.357,0.079,-0.666,11.475,8.484,19.409,165.322,59.205,170.947
-0.489,0.088,-0.676,5.737,-11.658,13.123,165.46,58.997,170.321
-0.614,0.104,-0.698,0.061,-1.648,12.329,165.399,59.233,169.915
-0.561,0.157,-0.697,-1.038,1.648,11.414,165.207,59.024,169.805
-0.578,0.154,-0.709,-0.366,-0.61,9.583,165.031,58.986,169.75
-0.571,0.175,-0.722,-0.671,-6.165,10.01,164.817,59.035,169.7
-0.605,0.167,-0.769,-1.404,-5.432,9.46,164.515,59.365,169.514
-0.547,0.174,-0.773,-0.305,-9.766,5.92,164.306,59.606,169.453
-0.717,0.15,-0.934,-1.16,-12.634,-0.305,164.344,60.271,169.64
-0.565,0.147,-0.871,-2.075,4.211,1.831,164.41,60.491,170.063
-0.737,0.296,-1.007,-5.615,-15.381,-1.831,164.246,60.881,170.343
-0.773,0.488,-0.979,-1.77,-6.653,-7.324,164.169,61.419,170.771
-0.663,0.504,-0.811,22.766,5.615,-20.447,165.19,61.694,171.942
-0.542,0.266,-0.773,7.08,19.47,-16.479,166.761,61.062,173.606
-0.445,0.309,-0.715,-8.362,31.86,-14.343,167.097,59.991,175.001
-0.387,0.296,-0.663,-11.902,23.804,-25.33,167.272,58.81,176.743
-0.353,0.291,-0.609,-9.949,17.944,-25.513,167.476,58.03,178.599
-0.425,0.265,-0.61,-3.479,6.348,-22.217,167.723,57.673,-179.846
-0.479,0.234,-0.634,1.099,3.052,-22.461,168.118,57.651,-178.517
-0.592,0.192,-0.672,3.113,-3.845,-24.658,168.745,57.986,-177.067
-0.598,0.172,-0.688,0.122,1.526,-21.545,169.398,58.376,-175.534
-0.599,0.192,-0.726,-0.122,0.366,-15.747,169.854,58.678,-174.172
-0.597,0.19,-0.737,-0.061,-4.395,-16.968,170.239,59.002,-172.991
-0.524,0.223,-0.742,-2.441,-2.441,-10.559,170.436,59.398,-171.991
-0.635,0.282,-0.836,-4.15,-23.499,-8.606,170.359,60.238,-171.409
-0.725,0.284,-0.879,-0.488,-8.667,-1.16,170.074,61.155,-171.266
-0.658,0.285,-0.885,4.7,-17.639,-1.831,169.98,61.666,-171.178
-0.902,0.235,-1.039,8.667,-10.62,4.15,170.068,62.419,-171.304
-0.83,0.235,-1.023,11.597,16.113,20.569,170.118,62.122,-171.716
-0.394,0.112,-0.838,17.578,32.227,39.429,169.788,60.408,-173.188
-0.244,0.022,-0.802,15.564,2.441,26.062,169.717,59.189,-174.661
-0.311,-0.014,-0.722,9.155,0.977,22.339,169.744,58.755,-175.814
-0.387,-0.023,-0.705,-3.906,-10.681,19.836,169.343,58.623,-176.995
-0.429,0.016,-0.7,-10.986,-14.404,20.203,168.624,58.755,-178.039
-0.519,0.135,-0.663,-11.292,-16.907,19.409,167.585,59.167,-179.138
-0.676,0.193,-0.713,-0.305,-18.738,4.639,166.948,59.87,-179.769
-0.622,0.113,-0.666,3.418,-10.01,1.831,167.047,60.529,-179.67
-0.728,0.115,-0.733,-3.174,-10.803,7.141,167.031,61.199,-179.528
-0.649,0.163,-0.686,-3.906,-1.77,14.343,166.492,61.403,-179.725
-0.622,0.209,-0.67,1.16,-6.47,20.203,165.872,61.545,179.775
-0.667,0.229,-0.709,12.756,-9.827,27.283,165.339,61.776,178.671
-0.615,0.166,-0.71,21.79,-14.282,31.738,165.075,61.952,177.111
-0.699,0.199,-0.812,24.536,-15.503,42.114,164.778,62.303,175.139
-0.837,0.188,-0.892,32.532,-18.005,40.222,164.597,62.595,172.716
-0.995,0.296,-1.004,31.433,-7.874,31.372,164.811,62.693,170.898
-0.809,0.284,-0.936,33.447,34.912,21.423,165.888,61.732,170.316
-0.356,0.226,-0.79,30.09,55.542,12.878,167.388,59.332,170.656
-0.188,0.312,-0.813,11.902,24.414,12.451,168.25,57.178,170.793
-0.318,0.306,-0.747,24.109,12.146,0.854,168.909,56.261,170.59
-0.368,0.229,-0.735,17.639,10.62,5.127,169.777,55.497,170.48
-0.363,0.198,-0.692,12.512,7.202,3.54,170.244,54.833,170.211
-0.387,0.213,-0.671,10.193,-0.122,5.737,170.53,54.465,169.975
-0.521,0.267,-0.702,13.062,-2.502,6.958,170.684,54.454,169.568
-0.529,0.274,-0.689,21.851,0.732,3.784,171.151,54.41,169.382
-0.52,0.167,-0.729,28.992,1.709,5.615,172.123,54.371,169.376
-0.533,0.112,-0.782,23.987,-1.038,11.108,172.991,54.377,169.113
-0.519,0.087,-0.807,12.634,0.0,7.812,173.507,54.465,168.876
-0.504,0.163,-0.896,3.54,2.93,4.395,173.562,54.388,168.838
-0.518,0.189,-1.057,1.099,12.085,6.836,173.524,54.031,168.904
-0.479,0.262,-1.072,0.427,-8.118,13.062,173.084,53.822,168.333
-0.813,0.246,-1.202,11.414,-4.883,9.644,173.062,54.152,167.745
-0.485,0.072,-1.021,15.442,9.155,14.099,173.48,53.624,167.305
-0.309,-0.08,-0.846,16.418,2.502,13.062,173.963,53.24,166.652
-0.396,-0.062,-0.788,10.559,-7.202,17.578,174.293,53.284,165.74
-0.416,-0.045,-0.739,8.118,8.545,26.184,174.37,53.004,164.515
-0.333,-0.009,-0.677,7.568,4.333,29.724,174.276,52.289,163.015
-0.421,0.045,-0.697,8.118,-0.183,31.128,174.139,52.031,161.406
-0.472,0.061,-0.7,8.423,-3.845,28.32,173.979,51.932,159.873
-0.554,0.088,-0.765,9.583,0.854,23.682,173.903,51.982,158.752
-0.506,0.057,-0.776,8.179,6.409,20.569,173.919,51.779,158.011
-0.491,0.042,-0.836,3.357,7.568,15.076,173.936,51.498,157.621
-0.427,0.025,-0.846,-5.737,4.028,10.01,173.688,51.224,157.341
-0.44,0.047,-0.872,-13.367,-5.371,0.244,173.243,51.317,157.324
-0.458,0.021,-0.91,-17.395,-5.005,-12.329,172.771,51.735,157.681
-0.654,0.069,-1.066,-25.94,-11.719,-22.034,172.271,52.416,158.659
-0.672,0.134,-1.137,-40.527,-8.301,-42.114,171.689,53.102,160.532
-0.726,0.248,-1.166,-45.654,13.855,-82.886,171.497,53.646,164.427
-0.292,0.237,-0.873,-54.138,32.41,-130.859,172.315,53.421,171.211
-0.294,0.398,-0.786,-71.533,2.441,-101.257,172.293,53.459,177.841
-0.522,0.484,-0.808,-38.208,12.329,-73.303,171.524,53.987,-178.072
-0.385,0.303,-0.699,-36.56,27.771,-81.36,171.799,53.405,-173.716
-0.367,0.259,-0.657,-33.081,29.297,-90.698,172.156,52.811,-168.904
-0.279,0.18,-0.563,-35.095,10.498,-90.637,172.623,52.526,-163.883
-0.495,0.142,-0.614,-33.386,3.662,-88.074,172.925,53.064,-159.291
-0.635,0.108,-0.671,-38.757,16.235,-90.027,173.419,53.459,-154.308
-0.562,0.136,-0.736,-41.016,25.757,-80.811,173.655,53.124,-149.282
-0.554,0.201,-0.823,-39.673,21.057,-63.049,173.611,52.872,-144.904
-0.45,0.275,-0.829,-26.001,2.869,-49.805,173.326,52.712,-141.79
-0.499,0.305,-0.889,-17.517,10.437,-24.536,173.188,52.987,-139.779
-0.606,0.347,-1.04,0.671,-8.484,-16.724,172.952,52.982,-139.114
-0.76,0.248,-1.23,3.54,3.418,-13.0,173.326,53.295,-138.593
-0.685,0.132,-1.225,10.437,15.991,-4.211,173.99,52.965,-138.148
-0.225,0.094,-0.912,6.165,14.282,22.949,174.023,52.053,-138.917
-0.241,0.075,-0.844,13.794,-3.784,18.494,173.908,51.669,-140.537
-0.212,-0.021,-0.802,7.507,13.489,14.771,174.216,51.048,-141.592
-0.119,-0.014,-0.747,-6.47,6.287,18.616,173.903,50.158,-142.828
-0.232,0.044,-0.71,-12.329,-7.202,9.277,173.161,49.889,-144.031
-0.423,0.083,-0.751,-9.338,-9.705,2.502,172.628,50.076,-144.712
-0.455,0.059,-0.752,-8.179,0.488,-2.502,172.381,50.087,-144.86
-0.492,0.058,-0.739,-8.85,2.991,-4.395,172.211,50.092,-144.586
-0.505,0.062,-0.746,-10.986,4.211,-3.174,172.024,50.026,-144.113
-0.474,0.107,-0.746,-13.184,5.066,4.089,171.568,49.977,-143.877
-0.492,0.158,-0.791,-11.169,-2.563,6.775,170.991,50.054,-143.921
-0.534,0.178,-0.842,-1.831,-8.545,-1.953,170.59,50.477,-144.064
-0.489,0.148,-0.857,4.517,-8.423,-10.132,170.793,51.037,-143.784
-0.562,0.064,-1.025,6.714,-7.263,-21.606,171.59,51.844,-142.894
-0.504,0.004,-1.063,0.732,-0.793,-35.034,172.54,52.234,-141.427
-0.734,0.06,-1.241,-15.686,-2.014,-52.551,173.502,52.839,-138.785
-0.447,0.192,-1.165,-33.936,33.081,-50.72,173.754,52.108,-135.736
-0.062,0.315,-0.835,-41.016,-4.028,-64.392,173.441,51.779,-132.599
-0.464,0.467,-0.775,-43.03,-40.283,-50.476,172.447,53.613,-130.54
-0.472,0.404,-0.769,-33.569,21.606,-49.561,171.755,54.102,-128.622
-0.276,0.438,-0.747,-25.33,8.85,-43.152,171.222,53.602,-126.705
-0.423,0.323,-0.703,-12.695,-2.075,-34.241,170.931,53.888,-125.656
-0.467,0.255,-0.656,-6.897,-0.305,-36.56,171.041,54.261,-124.59
-0.495,0.139,-0.648,-6.714,2.625,-47.668,171.617,54.646,-122.953
-0.528,0.13,-0.661,-15.869,0.183,-53.772,172.282,55.151,-120.63
-0.551,0.152,-0.669,-18.066,7.263,-54.382,172.82,55.58,-117.993
-0.562,0.129,-0.687,-19.47,4.578,-54.626,173.447,55.887,-115.186
-0.54,0.169,-0.686,-26.794,7.69,-46.875,173.749,56.179,-112.582
-0.504,0.233,-0.672,-25.33,0.549,-43.701,173.688,56.442,-110.385
-0.587,0.288,-0.732,-16.541,-14.771,-43.701,173.721,57.244,-108.495
-0.759,0.197,-0.801,-2.258,-24.902,-53.284,174.567,58.815,-106.397
-0.865,0.227,-0.864,-1.404,-28.015,-32.471,175.677,60.628,-104.464
-0.812,0.126,-0.847,14.648,-12.085,-24.658,176.743,62.001,-103.601
-0.839,0.075,-0.939,19.836,0.427,-19.958,178.248,62.688,-102.717
-0.389,-0.012,-0.803,12.878,17.883,-3.845,179.308,62.04,-102.48
-0.257,-0.059,-0.784,3.296,-6.226,-12.268,179.896,61.765,-102.415
-0.498,-0.081,-0.802,-3.662,-11.23,-33.691,-179.182,62.276,-101.14
-0.569,-0.119,-0.84,-15.869,9.827,-46.387,-178.033,62.034,-98.734
-0.486,-0.107,-0.825,-35.461,16.785,-46.265,-177.457,61.111,-95.845
-0.444,-0.021,-0.76,-50.781,7.874,-45.654,-177.918,60.337,-93.126
-0.535,0.054,-0.715,-51.208,2.625,-53.589,-178.621,60.117,-90.264
-0.624,0.072,-0.746,-49.5,7.141,-53.162,-179.149,59.892,-87.264
-0.501,0.055,-0.735,-45.654,17.578,-53.955,-179.637,59.304,-84.43
-0.518,-0.023,-0.76,-42.542,-1.587,-71.838,-179.665,59.052,-81.09
-0.643,-0.041,-0.867,-46.326,-0.122,-80.261,-179.214,59.293,-76.827
-0.593,-0.087,-0.865,-56.58,5.432,-80.078,-178.879,59.233,-72.345
-0.539,-0.082,-0.829,-61.34,3.967,-87.708,-178.813,59.106,-67.588
-0.71,-0.017,-0.938,-63.782,-8.24,-90.881,-178.72,59.238,-62.501
-0.665,-0.003,-0.854,-62.744,-4.761,-89.722,-178.495,59.661,-57.338
-0.607,0.132,-0.787,-66.772,0.427,-69.214,-178.929,59.93,-53.102
-0.597,0.319,-0.726,-73.608,-26.367,-49.744,179.418,60.645,-50.466
-0.728,0.361,-0.644,-64.88,-17.944,-55.603,177.704,62.287,-48.351
-0.73,0.321,-0.623,-58.411,-1.953,-72.693,176.946,63.089,-45.423
-0.729,0.278,-0.626,-60.791,21.729,-77.148,176.721,63.199,-41.825
-0.572,0.225,-0.629,-62.012,31.555,-81.238,176.611,62.397,-37.897
-0.624,0.223,-0.674,-63.232,19.104,-75.745,176.215,61.946,-34.206
-0.664,0.299,-0.721,-54.993,22.888,-59.204,175.616,61.54,-31.174
-0.562,0.256,-0.705,-33.386,21.057,-38.818,175.012,60.892,-29.526
-0.489,0.276,-0.659,-22.034,13.062,-20.203,174.457,60.485,-28.883
-0.498,0.253,-0.648,-9.888,-3.54,-10.071,173.87,60.469,-29.295
-0.462,0.233,-0.683,-9.216,-17.273,2.014,173.221,61.122,-30.366
-0.73,0.305,-0.75,-0.916,-41.748,4.517,172.106,62.644,-32.267
-0.994,0.26,-0.85,4.517,-46.631,-1.221,171.749,64.869,-33.854
-1.082,0.348,-0.979,10.742,-14.648,11.597,171.2,66.473,-35.804
-1.079,0.234,-1.054,16.541,-12.39,2.686,171.535,67.242,-37.266
-0.792,0.176,-0.979,12.085,12.268,14.16,171.628,67.181,-38.76
-0.414,0.102,-0.868,4.089,11.597,15.442,171.37,66.248,-40.254
-0.337,0.079,-0.75,3.54,2.93,9.583,171.035,65.803,-41.462
-0.395,0.073,-0.766,1.953,0.183,2.136,171.013,65.385,-42.039
-0.414,0.076,-0.741,-4.761,12.756,5.615,170.975,64.677,-42.303
-0.312,0.104,-0.607,-4.089,0.732,8.484,170.612,63.896,-42.786
-0.502,0.125,-0.594,-0.916,-13.611,9.338,170.129,64.012,-43.649
-0.568,0.14,-0.628,3.845,-5.127,9.705,169.843,64.078,-44.648
-0.685,0.092,-0.699,4.517,-3.784,4.089,169.931,64.33,-45.412
-0.605,0.094,-0.7,2.625,2.319,5.005,169.948,64.166,-46.099
-0.598,0.066,-0.717,0.244,-2.869,-0.061,170.079,64.171,-46.511
-0.651,0.033,-0.794,-1.831,2.441,-2.258,170.266,64.297,-46.653
-0.59,0.017,-0.829,-3.906,-0.427,-5.432,170.458,64.127,-46.571
-0.742,0.018,-0.932,-15.93,-8.118,-12.268,170.596,64.517,-46.093
-0.908,0.2,-1.056,-21.973,-16.663,-15.259,170.283,65.105,-45.494
-0.93,0.239,-1.027,-20.63,7.935,-29.053,170.354,65.715,-44.28
-0.445,0.301,-0.757,-29.175,24.292,-21.057,170.475,64.968,-42.649
-0.511,0.42,-0.72,-26.001,-1.465,-16.541,169.651,64.627,-41.99
-0.489,0.342,-0.596,-17.578,12.756,-33.325,169.563,64.473,-40.93
-0.442,0.274,-0.514,-14.038,9.583,-33.081,169.937,64.243,-39.468
-0.507,0.208,-0.503,-13.428,8.423,-31.799,170.228,64.177,-38.326
-0.562,0.212,-0.529,-14.954,12.817,-26.733,170.469,63.962,-37.288
-0.616,0.22,-0.564,-11.719,16.663,-23.315,170.651,63.6,-36.447
-0.665,0.195,-0.678,-7.263,18.188,-24.658,171.035,63.138,-35.585
-0.621,0.143,-0.694,-10.01,19.714,-18.494,171.486,62.617,-34.733
-0.61,0.218,-0.77,-9.338,7.996,-9.521,171.315,62.084,-34.519
-0.525,0.238,-0.734,-10.559,4.883,-2.136,171.052,61.924,-34.607
-0.508,0.324,-0.759,-6.714,-5.981,8.85,170.288,61.864,-35.453
-0.621,0.318,-0.88,5.859,-17.212,5.493,169.711,62.358,-36.705
-0.82,0.357,-0.946,5.31,-36.072,24.17,169.003,63.556,-38.573
-0.949,0.328,-1.059,20.996,-8.24,25.452,168.058,64.21,-41.298
-0.908,0.19,-1.036,27.283,1.282,20.691,168.3,64.232,-43.165
-0.499,0.017,-0.795,21.667,33.875,32.043,168.64,62.968,-44.907
-0.328,-0.019,-0.721,13.306,15.625,27.283,168.728,61.276,-46.412
-0.319,-0.039,-0.654,7.019,14.404,32.349,168.574,60.183,-47.741
-0.332,0.049,-0.652,0.244,-3.235,40.894,167.739,59.398,-49.559
-0.407,0.112,-0.651,3.784,-10.559,44.922,166.707,59.084,-51.844
-0.549,0.185,-0.681,8.362,-15.198,37.781,165.795,59.095,-54.223
-0.596,0.193,-0.69,11.78,-9.338,25.513,165.405,59.222,-56.052
-0.622,0.182,-0.76,10.864,-8.301,12.451,165.471,59.425,-57.173
-0.575,0.143,-0.713,5.859,-8.85,5.188,165.674,59.749,-57.739
-0.635,0.175,-0.749,-1.16,-6.409,7.751,165.569,60.183,-58.222
-0.569,0.18,-0.707,-1.648,-6.958,8.545,165.273,60.414,-58.804
-0.584,0.197,-0.745,-1.831,-9.888,12.085,164.861,60.677,-59.557
-0.738,0.214,-0.843,1.953,-3.296,7.629,164.498,60.991,-60.304
-0.59,0.198,-0.868,0.183,1.831,6.287,164.509,60.809,-60.595
-0.674,0.173,-0.942,-0.183,-6.47,-5.859,164.564,60.958,-60.661
-0.845,0.242,-1.049,-4.7,-7.019,-19.47,165.009,61.523,-59.886
-0.834,0.276,-1.043,-6.409,8.301,-33.63,165.767,61.913,-58.321
-0.441,0.271,-0.729,-18.433,15.808,-46.509,166.932,61.82,-55.569
-0.553,0.382,-0.724,-29.602,-2.563,-34.485,167.234,62.001,-53.069
-0.517,0.392,-0.651,-23.071,21.545,-35.706,167.086,61.875,-51.224
-0.394,0.358,-0.567,-14.526,26.367,-38.025,167.531,61.068,-48.999
-0.387,0.265,-0.555,-6.042,20.935,-34.424,168.168,60.392,-47.126
-0.382,0.229,-0.56,-2.136,7.812,-24.841,168.734,60.018,-45.775
-0.524,0.198,-0.596,0.549,-6.653,-16.968,169.041,60.304,-45.17
-0.665,0.188,-0.676,-1.038,-2.441,-13.611,169.25,60.815,-44.824
-0.658,0.175,-0.724,-3.906,2.563,-15.686,169.492,60.952,-44.313
-0.668,0.192,-0.764,-9.766,2.38,-13.55,169.579,61.188,-43.687
-0.577,0.23,-0.716,-10.437,-2.991,-11.353,169.409,61.254,-43.231
-0.629,0.291,-0.787,-5.798,-3.54,-8.301,169.233,61.754,-42.94
-0.686,0.337,-0.875,-2.991,-9.46,0.305,168.97,61.985,-43.05
-0.701,0.312,-0.957,-2.625,-15.137,3.296,168.536,62.534,-43.621
-0.891,0.302,-1.09,2.136,-9.644,5.31,168.091,63.133,-44.341
-0.725,0.22,-0.996,1.709,4.333,15.259,167.756,63.116,-45.082
-0.359,0.139,-0.806,4.333,15.808,24.414,167.19,62.089,-46.208
-0.378,0.061,-0.726,8.423,-1.465,14.099,167.003,61.447,-47.043
-0.382,0.043,-0.659,5.554,6.104,19.226,166.959,60.93,-47.631
-0.426,0.064,-0.643,2.38,-7.446,18.066,166.685,60.584,-48.367
-0.515,0.068,-0.617,-0.854,-12.39,11.475,166.388,60.837,-48.944
-0.615,0.108,-0.642,-2.197,-14.526,6.531,166.135,61.403,-49.279
-0.612,0.146,-0.663,-2.136,-9.338,8.24,165.855,61.886,-49.664
-0.672,0.197,-0.689,0.244,-12.817,10.986,165.493,62.441,-50.295
-0.603,0.169,-0.677,3.906,-10.437,9.949,165.267,62.82,-50.999
-0.666,0.172,-0.709,2.991,-15.564,15.015,164.866,63.435,-51.943
-0.74,0.167,-0.835,0.977,-0.061,20.752,164.361,63.726,-53.02
-0.712,0.192,-0.928,8.606,6.226,16.418,163.9,63.215,-54.069
-0.736,0.119,-1.018,0.549,-5.676,-2.38,164.405,63.215,-54.02
-0.878,0.34,-1.026,-5.737,-4.761,-9.521,164.328,63.622,-53.718
-0.648,0.327,-0.784,-8.484,10.132,-23.865,164.899,63.798,-52.388
-0.496,0.4,-0.709,-17.761,15.198,-17.334,165.256,63.325,-50.779
-0.494,0.369,-0.638,-15.991,21.301,-28.625,165.262,62.853,-49.34
-0.438,0.392,-0.607,-16.235,25.33,-35.278,165.663,62.084,-47.192
-0.457,0.299,-0.591,-8.85,23.621,-38.33,166.317,61.364,-44.973
-0.443,0.273,-0.58,-8.606,16.907,-33.325,167.02,60.859,-42.907
-0.508,0.21,-0.603,-5.493,6.47,-28.137,167.52,60.721,-41.391
-0.619,0.222,-0.647,-6.165,0.793,-24.414,167.849,60.974,-40.21
-0.679,0.193,-0.669,-7.141,3.906,-20.935,168.195,61.271,-39.139
-0.626,0.186,-0.663,-6.226,9.094,-18.677,168.481,61.254,-38.134
-0.623,0.217,-0.691,-6.897,2.686,-14.771,168.679,61.342,-37.315
-0.587,0.202,-0.719,-1.892,-1.221,-18.372,168.997,61.622,-36.541
-0.63,0.309,-0.784,-9.155,-3.418,-6.714,168.975,62.089,-36.068
-0.721,0.368,-0.883,-2.869,-20.996,-7.935,168.816,62.628,-35.947
-0.651,0.3,-0.928,5.859,-6.042,-9.766,168.832,63.38,-35.931
-0.775,0.248,-1.037,9.827,-27.405,-12.695,169.382,64.122,-35.541
-0.907,0.135,-1.036,7.019,-10.315,4.211,169.876,65.187,-35.458
-0.611,0.167,-0.813,2.014,4.15,34.546,169.096,65.039,-36.777
-0.458,0.133,-0.753,10.315,8.301,29.907,168.091,64.122,-38.727
-0.396,0.078,-0.68,14.221,17.761,22.766,168.014,63.073,-39.792
-0.357,0.021,-0.627,12.634,9.277,21.179,168.195,61.919,-40.583
-0.475,0.041,-0.628,7.019,1.465,17.151,168.206,61.414,-41.292
-0.447,0.04,-0.634,1.831,-2.075,14.221,168.184,61.04,-41.759
-0.606,0.101,-0.664,0.0,-18.311,10.498,167.899,61.529,-42.303
-0.697,0.124,-0.658,1.77,-14.587,11.108,167.618,62.254,-42.94
-0.729,0.101,-0.68,3.174,-5.92,15.137,167.399,62.682,-43.715
-0.673,0.125,-0.665,0.732,0.671,20.63,166.954,62.672,-44.714
-0.617,0.117,-0.712,2.502,0.732,20.752,166.426,62.463,-45.868
-0.626,0.133,-0.811,-1.465,-1.16,22.705,165.789,62.375,-47.038
-0.619,0.169,-0.901,-3.54,-7.141,16.052,165.179,62.21,-47.966
-0.619,0.207,-0.916,-3.296,-4.211,12.207,164.707,62.375,-48.582
-0.783,0.355,-1.011,-3.601,-10.254,10.132,164.163,62.584,-49.208
-0.821,0.502,-1.017,8.85,-2.747,-1.648,164.075,62.853,-49.471
-0.449,0.306,-0.771,29.053,19.775,-7.69,165.416,62.342,-48.955
-0.374,0.236,-0.745,6.897,-6.042,4.456,166.481,61.738,-48.653
-0.502,0.265,-0.692,-2.136,-5.188,-3.967,166.278,61.963,-48.906
-0.48,0.304,-0.639,-8.545,3.296,-4.395,166.097,61.859,-48.549
-0.463,0.317,-0.614,-4.395,5.249,-1.038,165.707,61.556,-48.483
-0.467,0.304,-0.601,0.488,-1.892,-3.967,165.536,61.403,-48.483
-0.574,0.274,-0.609,1.282,-5.92,-1.526,165.388,61.628,-48.691
-0.642,0.273,-0.628,2.319,-1.099,-7.446,165.311,61.864,-48.834
-0.663,0.235,-0.627,-0.671,-2.014,-13.733,165.624,62.161,-48.395
-0.682,0.239,-0.66,-2.991,6.287,-12.39,165.822,62.358,-47.884
-0.633,0.239,-0.657,-2.869,8.362,-14.16,166.168,62.309,-47.137
-0.59,0.233,-0.649,-1.831,-2.136,-8.545,166.328,62.43,-46.703
-0.709,0.249,-0.707,0.549,-6.226,-7.874,166.443,63.04,-46.571
-0.696,0.263,-0.675,-0.549,-3.967,-4.517,166.52,63.419,-46.533
-0.814,0.358,-0.845,1.587,8.179,-5.554,166.421,63.594,-46.549
-0.738,0.309,-0.927,7.568,5.798,-1.77,166.893,63.342,-46.296
-0.899,0.313,-1.104,10.315,12.573,7.08,167.009,63.04,-46.708
-0.572,0.125,-0.979,8.423,23.315,8.362,167.531,62.007,-46.807
-0.257,0.103,-0.799,-0.549,10.071,25.33,167.228,60.826,-47.516
-0.471,0.129,-0.807,4.7,-1.465,21.362,166.668,60.375,-48.647
-0.342,0.148,-0.715,5.31,13.0,23.682,166.349,59.431,-49.603
-0.425,0.115,-0.638,7.935,1.709,10.193,166.349,58.76,-50.202
-0.528,0.103,-0.621,5.554,-0.122,2.869,166.696,58.552,-50.251
-0.604,0.124,-0.643,4.456,9.216,4.578,166.992,58.293,-50.246
-0.545,0.112,-0.696,4.395,17.09,1.953,167.426,57.656,-50.109
-0.564,0.123,-0.713,1.282,4.761,0.0,167.745,57.321,-49.916
-0.595,0.134,-0.723,-1.526,7.385,2.502,167.866,57.162,-49.856
-0.592,0.125,-0.778,-2.38,11.169,-0.183,167.937,56.909,-49.752
-0.499,0.089,-0.791,-10.376,7.08,-4.517,167.943,56.558,-49.356
-0.508,0.07,-0.895,-16.479,4.272,-14.709,167.739,56.624,-48.62
-0.613,0.11,-0.998,-24.475,7.629,-27.71,167.629,56.915,-47.131
-0.64,0.387,-1.064,-25.818,7.751,-38.696,167.481,56.788,-45.088
-0.83,0.382,-1.097,-1.099,13.123,-74.402,168.777,57.123,-41.649
-0.558,0.211,-0.899,-5.249,41.138,-72.144,171.178,56.618,-37.167
-0.367,0.183,-0.801,-28.992,34.363,-61.768,172.518,55.195,-33.107
-0.476,0.221,-0.688,-51.636,36.987,-65.918,172.233,54.218,-29.537
-0.366,0.265,-0.633,-63.232,45.837,-82.275,171.425,52.833,-25.241
-0.314,0.295,-0.6,-66.772,37.292,-88.013,170.442,51.707,-20.369
-0.411,0.295,-0.637,-60.608,32.593,-96.436,169.47,51.163,-15.452
-0.35,0.319,-0.68,-52.795,32.471,-75.806,168.629,50.603,-10.931
-0.478,0.309,-0.728,-31.86,11.902,-60.669,168.058,50.609,-7.509
-0.596,0.243,-0.759,-9.399,21.179,-27.954,168.025,50.51,-5.543
-0.55,0.207,-0.778,-0.061,28.381,2.563,168.069,49.587,-5.186
-0.43,0.233,-0.84,6.348,30.823,20.386,168.036,48.17,-5.966
-0.31,0.185,-0.885,12.085,17.212,15.747,168.278,47.038,-6.872
-0.194,0.17,-0.993,-0.793,-0.916,19.409,168.3,46.615,-7.707
-0.392,0.475,-1.036,-10.193,-36.499,38.513,167.086,47.148,-9.558
-0.56,0.536,-1.172,6.836,-14.771,25.94,166.179,47.994,-11.651
-0.509,0.429,-1.237,18.005,-12.512,12.207,166.306,48.4,-12.816
-0.233,0.341,-0.974,12.146,-22.644,23.682,166.426,48.867,-14.024
-0.148,0.274,-0.804,23.56,-36.499,16.785,166.448,49.691,-15.529
-0.333,0.158,-0.798,24.109,-27.771,20.203,167.113,50.966,-16.611
-0.267,0.148,-0.741,19.897,-11.719,27.222,167.349,51.218,-18.133
-0.249,0.083,-0.715,15.869,-16.479,15.442,167.717,51.317,-19.182
-0.345,0.06,-0.719,11.23,-23.315,9.583,168.08,51.905,-19.863
-0.496,0.06,-0.702,9.827,-25.33,8.85,168.36,52.85,-20.468
-0.67,0.083,-0.735,6.897,-6.592,21.912,168.442,53.443,-21.484
-0.476,0.095,-0.808,6.592,11.292,26.123,168.393,52.932,-22.808
-0.348,0.142,-0.834,4.822,-7.202,22.034,168.184,52.581,-24.148
-0.469,0.156,-0.795,2.441,-28.381,17.578,167.899,53.443,-25.362
-0.528,0.137,-0.815,2.93,-16.418,14.771,167.618,54.355,-26.494
-0.432,0.188,-0.896,-1.892,-17.456,17.639,167.201,54.855,-27.548
-0.602,0.289,-1.079,2.563,-19.043,9.644,166.734,55.459,-28.575
-0.618,0.265,-1.092,5.005,-31.128,-8.728,166.976,56.503,-28.696
-0.752,0.304,-1.0,1.831,-18.25,-7.568,167.426,57.925,-28.444
-0.541,0.327,-0.771,0.61,-7.629,-11.475,167.723,58.557,-28.141
-0.569,0.358,-0.672,-8.972,-11.78,-17.456,167.668,59.156,-27.784
-0.602,0.322,-0.607,-20.203,5.127,-39.368,167.728,59.738,-26.472
-0.522,0.316,-0.544,-23.132,21.423,-53.101,168.019,59.705,-24.044
-0.482,0.239,-0.536,-23.01,26.184,-62.988,168.788,59.376,-20.814
-0.489,0.195,-0.557,-20.752,23.315,-59.998,169.667,59.041,-17.441
-0.536,0.146,-0.618,-19.653,18.066,-50.598,170.436,58.788,-14.474
-0.603,0.131,-0.641,-16.418,11.169,-43.701,170.98,58.755,-12.09
-0.703,0.099,-0.694,-16.418,12.756,-38.879,171.573,58.832,-9.976
-0.633,0.069,-0.678,-19.287,24.658,-31.799,172.007,58.414,-8.113
-0.591,0.138,-0.709,-19.775,14.16,-23.926,171.969,57.969,-6.773
-0.592,0.145,-0.711,-15.32,8.484,-22.522,172.062,57.947,-5.609
-0.596,0.187,-0.734,-9.827,-4.15,-19.226,172.128,58.255,-4.746
-0.623,0.277,-0.763,-1.892,-14.221,-15.808,172.172,58.997,-4.285
-0.863,0.287,-0.935,10.437,-24.414,-17.09,172.853,60.397,-3.851
-1.008,0.248,-1.084,16.113,-20.874,-13.306,173.864,61.705,-3.576
-0.842,0.197,-1.131,9.094,9.827,-9.644,174.677,62.051,-3.417
-0.275,0.159,-0.927,-2.625,23.926,-7.141,175.095,61.177,-3.01
-0.275,0.126,-0.941,0.671,4.639,-27.588,175.71,60.507,-1.741
-0.211,0.171,-0.833,-8.24,6.287,-10.071,176.105,59.996,-0.198
-0.292,0.115,-0.756,-7.69,-8.728,-6.104,175.886,59.694,0.643
-0.387,0.145,-0.74,-11.963,-5.432,-14.465,175.578,59.727,1.588
-0.416,0.056,-0.686,-12.024,-1.099,-31.311,175.809,59.694,3.367
-0.489,0.042,-0.675,-13.855,5.554,-34.729,176.259,59.529,5.614
-0.525,0.004,-0.713,-18.555,9.46,-41.565,176.825,59.183,8.069
-0.523,0.027,-0.735,-27.161,14.282,-43.701,177.177,58.705,10.739
-0.521,0.021,-0.723,-27.588,-1.221,-50.659,177.457,58.612,13.541
-0.591,-0.013,-0.701,-29.419,-5.188,-55.786,177.957,59.084,16.661
-0.592,-0.056,-0.729,-32.898,1.648,-58.655,178.517,59.469,19.968
-0.532,-0.066,-0.726,-38.086,-4.15,-59.692,178.907,59.749,23.362
-0.671,-0.081,-0.809,-41.138,-9.094,-63.11,179.297,60.469,26.993
-0.679,-0.042,-0.832,-48.889,-0.305,-49.438,179.247,60.842,30.256
-0.774,0.071,-0.893,-39.307,-8.118,-56.091,178.852,61.199,33.036
-0.698,0.053,-0.831,-39.429,-7.446,-55.725,179.374,61.683,36.584
-0.578,0.09,-0.69,-45.593,-3.113,-48.035,179.346,62.243,39.688
-0.635,0.21,-0.671,-50.964,-21.545,-48.767,178.61,62.968,42.495
-0.743,0.206,-0.668,-55.725,-6.836,-58.167,177.935,64.067,45.786
-0.744,0.195,-0.675,-59.937,10.986,-69.824,177.561,64.347,49.938
-0.638,0.217,-0.651,-67.2,26.245,-70.618,177.144,63.825,54.723
-0.57,0.235,-0.67,-64.392,18.25,-69.458,176.418,63.094,59.661
-0.564,0.247,-0.64,-65.308,0.671,-62.439,175.501,63.067,64.506
-0.652,0.247,-0.623,-58.289,-15.747,-57.19,174.424,63.929,68.928
-0.694,0.304,-0.611,-53.223,-14.16,-43.945,173.276,65.116,72.828
-0.679,0.383,-0.606,-36.377,-8.423,-25.879,171.953,65.869,75.8
-0.647,0.39,-0.576,-16.968,-12.024,-14.648,171.068,66.473,77.964
-0.692,0.39,-0.59,-1.099,-12.39,-11.047,170.541,67.137,79.579
-0.782,0.325,-0.673,9.155,-18.188,-13.428,170.728,67.901,81.26
-0.986,0.274,-0.801,21.179,-33.02,-22.644,171.612,69.302,83.029
-0.996,0.039,-0.799,21.973,-22.583,-33.875,173.705,71.021,85.721
-0.765,-0.089,-0.754,5.981,27.405,-3.174,175.347,70.999,87.973
-0.434,-0.062,-0.689,-6.226,25.635,22.461,174.968,69.274,87.951
-0.633,-0.011,-0.748,-6.348,0.122,0.732,174.232,68.763,87.567
-0.67,0.002,-0.718,-11.597,8.301,-9.46,174.359,68.56,88.396
-0.64,0.033,-0.68,-17.639,12.695,-10.132,174.359,68.027,89.473
-0.648,0.029,-0.652,-19.043,9.46,-19.653,174.43,67.615,90.978
-0.678,0.031,-0.651,-24.963,12.634,-18.311,174.49,67.236,92.812
-0.655,0.027,-0.633,-29.724,14.526,-21.912,174.26,66.753,94.708
-0.598,0.024,-0.579,-35.156,13.0,-25.146,173.969,66.368,96.921
-0.646,0.042,-0.628,-40.039,6.531,-24.658,173.392,66.176,99.196
-0.767,0.057,-0.712,-40.71,0.977,-27.405,172.623,66.44,101.547
-0.81,0.067,-0.764,-42.297,2.319,-26.001,171.892,66.791,104.057
-0.752,0.056,-0.774,-42.664,0.793,-26.855,171.14,66.967,106.551
-0.936,0.115,-0.849,-48.279,-15.198,-26.672,170.217,67.978,109.05
-1.036,0.325,-0.922,-45.41,5.31,-13.794,168.613,68.489,110.984
-0.853,0.361,-0.9,-29.358,25.635,-30.029,168.052,67.917,113.687
-0.553,0.31,-0.774,-30.273,37.415,-33.997,168.563,66.775,117.449
-0.464,0.425,-0.728,-46.387,7.263,-24.658,167.877,65.885,120.355
-0.526,0.429,-0.671,-46.021,30.579,-35.645,166.74,65.33,123.14
-0.333,0.403,-0.612,-43.335,36.743,-46.143,166.322,63.946,127.057
-0.305,0.338,-0.56,-34.851,21.545,-49.255,166.196,62.946,131.039
-0.409,0.307,-0.555,-24.902,8.85,-45.898,166.289,62.611,134.659
-0.557,0.293,-0.606,-17.883,0.549,-32.654,166.421,62.704,137.615
-0.681,0.252,-0.653,-6.47,6.958,-25.94,166.575,62.836,139.922
-0.708,0.231,-0.686,-5.798,10.925,-19.165,167.02,62.677,142.224
-0.606,0.217,-0.673,-5.493,20.996,-7.874,167.179,62.095,144.036
-0.508,0.233,-0.655,-1.526,5.92,-8.24,167.206,61.573,145.443
-0.587,0.235,-0.723,-3.479,1.526,-5.859,167.261,61.71,146.613
-0.607,0.34,-0.884,-5.371,-1.77,-4.822,167.042,61.71,147.563
-0.64,0.336,-0.895,-3.357,-22.522,-11.414,166.948,62.391,148.464
-1.0,0.343,-1.077,-2.197,-19.958,-16.052,166.943,63.71,149.442
-1.002,0.325,-1.04,-1.16,-13.184,-18.738,167.267,64.55,150.897
-0.646,0.162,-0.774,8.606,16.479,-8.728,168.113,64.611,152.479
-0.319,0.118,-0.724,16.785,11.23,11.108,168.755,63.397,153.144
-0.458,0.055,-0.769,16.235,24.414,20.874,169.398,62.501,153.029
-0.281,0.104,-0.726,7.69,16.479,37.17,169.08,60.881,151.82
-0.387,0.133,-0.641,2.808,-6.653,28.564,168.344,60.024,150.134
-0.561,0.148,-0.624,9.644,-18.066,11.23,167.943,60.364,149.062
-0.604,0.077,-0.622,9.521,-10.254,2.014,168.272,60.859,148.997
-0.679,0.081,-0.651,5.371,-5.493,0.0,168.673,61.381,149.502
-0.651,0.072,-0.647,0.061,2.014,4.333,168.799,61.556,150.101
-0.676,0.071,-0.699,-2.747,0.732,-0.427,168.766,61.71,150.798
-0.622,0.056,-0.74,-6.47,7.69,0.671,168.712,61.672,151.688
-0.521,0.056,-0.749,-12.329,-0.732,6.042,168.322,61.551,152.265
-0.7,0.127,-0.863,-13.245,-6.714,7.263,167.569,61.853,152.336
-0.651,0.159,-0.904,-13.672,-4.517,7.385,166.877,62.018,152.408
-0.741,0.194,-1.004,-11.23,-2.502,-4.883,166.349,62.232,152.661
-0.838,0.318,-1.081,-22.522,1.892,-22.949,166.185,62.402,154.006
-0.587,0.335,-0.902,-22.949,13.733,-61.584,166.904,62.474,157.143
-0.484,0.259,-0.749,-46.631,7.141,-89.233,168.459,62.776,162.675
-0.649,0.371,-0.661,-56.274,15.991,-62.012,168.448,63.364,167.399
-0.514,0.375,-0.574,-43.518,26.489,-53.467,168.19,62.858,171.414
-0.446,0.322,-0.53,-26.428,24.536,-37.17,168.052,62.122,174.556
-0.475,0.28,-0.541,-15.93,18.982,-32.654,168.074,61.501,176.951
-0.565,0.211,-0.601,-12.207,21.729,-31.433,168.376,60.952,179.198
-0.574,0.162,-0.635,-13.916,23.987,-34.729,168.788,60.244,-178.363
-0.597,0.133,-0.674,-19.043,20.203,-29.663,169.146,59.727,-175.803
-0.662,0.168,-0.73,-17.944,18.188,-17.7,169.036,59.255,-173.837
-0.532,0.27,-0.712,-13.611,19.897,-0.427,168.618,58.541,-172.601
-0.532,0.244,-0.75,6.714,-3.479,-1.587,168.376,58.299,-172.397
-0.542,0.268,-0.742,-1.831,-5.127,3.723,168.382,58.7,-172.249
-0.606,0.268,-0.796,7.507,-6.592,-2.93,168.344,59.062,-172.304
-0.657,0.398,-0.917,5.92,-3.601,6.47,168.3,59.271,-172.419
-0.694,0.353,-0.997,16.785,-11.353,1.099,168.514,59.518,-172.815
-0.887,0.242,-1.088,20.569,-4.883,-0.854,169.31,60.073,-172.848
-0.63,0.2,-1.012,10.742,18.188,26.367,169.503,59.431,-173.441
-0.258,0.146,-0.818,18.433,5.005,29.297,169.222,58.348,-174.99
-0.368,0.039,-0.72,24.475,-7.202,14.221,169.816,58.431,-176.149
-0.333,-0.009,-0.691,20.264,4.578,20.081,170.458,58.063,-177.209
-0.305,0.004,-0.683,10.193,2.075,23.865,170.722,57.42,-178.434
-0.416,0.001,-0.691,5.92,-7.568,18.494,170.684,57.189,-179.692
-0.562,0.02,-0.716,2.625,-7.69,11.23,170.634,57.327,179.478
-0.638,-0.0,-0.746,-1.953,-0.671,4.944,170.717,57.486,179.368
-0.558,0.053,-0.782,-8.728,6.897,9.155,170.519,57.338,179.544
-0.52,0.08,-0.765,-10.498,-7.751,7.568,170.09,57.343,179.566
-0.604,0.125,-0.763,-9.766,-7.874,11.169,169.437,57.805,179.33
-0.558,0.167,-0.744,-10.193,-9.521,16.846,168.591,58.063,178.764
-0.578,0.173,-0.816,-4.517,-6.409,19.592,167.761,58.354,177.929
-0.604,0.177,-0.877,-0.122,-12.024,15.808,167.135,58.497,177.023
-0.626,0.101,-0.928,-5.066,-3.784,13.367,166.805,58.892,176.49
-0.665,0.204,-0.99,-6.165,-5.005,14.893,166.075,58.881,175.776
-0.819,0.334,-1.109,-8.118,-5.005,7.08,165.438,58.975,175.226
-0.593,0.361,-0.966,-8.301,31.616,2.686,165.185,58.206,175.441
-0.175,0.418,-0.784,-13.184,15.564,-1.038,164.883,56.783,175.919
-0.493,0.438,-0.718,-8.057,-17.761,-8.423,164.18,57.288,175.616
-0.482,0.374,-0.652,-7.629,11.353,-23.621,164.081,57.53,176.265
-0.398,0.326,-0.615,-0.61,12.634,-26.611,164.498,57.173,177.781
-0.399,0.229,-0.586,0.61,3.479,-24.231,165.13,57.09,179.209
-0.515,0.242,-0.63,2.258,1.953,-14.832,165.504,57.25,-179.835
-0.564,0.22,-0.651,0.916,-1.587,-10.803,165.795,57.426,-179.16
-0.617,0.194,-0.674,1.038,4.639,-12.573,166.08,57.607,-178.423
-0.67,0.18,-0.706,-2.502,9.46,-11.475,166.421,57.645,-177.402
-0.602,0.196,-0.698,-7.507,14.893,-5.005,166.454,57.288,-176.462
-0.573,0.249,-0.717,-6.409,7.874,-4.211,166.262,57.025,-175.792
-0.563,0.274,-0.729,-3.479,2.502,-6.287,166.218,57.107,-175.166
-0.573,0.342,-0.777,-3.113,-2.747,-4.272,166.113,57.327,-174.76
-0.659,0.404,-0.931,0.244,-6.226,-6.348,166.058,57.651,-174.479
-0.573,0.396,-0.968,0.488,-3.174,-4.883,166.102,57.942,-174.243
-0.639,0.347,-1.013,11.475,-9.827,-15.625,166.553,58.398,-173.886
-0.878,0.231,-1.108,15.015,-8.301,-13.062,167.607,59.128,-173.194
-0.344,0.193,-0.808,8.057,19.714,21.423,167.882,58.409,-173.436
-0.263,0.133,-0.78,21.118,-7.507,9.827,168.118,57.739,-174.435
-0.419,0.083,-0.786,21.24,0.488,10.193,168.937,57.739,-175.161
-0.371,0.008,-0.785,13.55,10.742,19.348,169.541,57.079,-176.067
-0.258,0.017,-0.741,-0.244,1.404,25.024,169.409,56.162,-177.402
-0.421,0.081,-0.724,-3.662,-28.503,15.625,168.75,56.42,-178.989
-0.553,0.098,-0.659,-3.113,-30.273,15.808,168.195,57.53,179.72
-0.68,0.081,-0.683,2.38,-22.583,15.991,167.662,58.656,178.522
-0.659,0.128,-0.684,-0.244,-7.141,26.184,167.135,59.167,177.512
-0.648,0.144,-0.728,6.714,-2.136,30.64,166.509,59.15,176.204
-0.559,0.139,-0.733,7.996,-2.014,33.813,166.009,58.931,174.76
-0.618,0.152,-0.858,6.836,-3.113,35.278,165.383,58.777,173.029
-0.583,0.217,-1.001,4.395,-1.77,33.081,164.74,58.326,171.326
-0.515,0.208,-0.989,4.944,-4.395,22.461,164.372,58.189,169.898
-0.75,0.351,-1.071,1.587,-24.963,13.55,163.812,58.744,168.503
-0.7,0.363,-0.971,0.0,-4.944,-2.136,163.729,59.167,168.041
-0.425,0.357,-0.731,-3.174,11.353,-11.353,164.015,58.975,168.629
-0.46,0.421,-0.706,-10.193,-6.653,-15.93,163.998,58.947,169.332
-0.516,0.363,-0.647,-11.902,6.104,-30.212,164.037,59.238,170.414
-0.533,0.382,-0.612,-15.137,16.235,-33.569,164.268,59.167,172.337
-0.473,0.35,-0.563,-11.23,25.513,-37.109,164.674,58.689,174.595
-0.48,0.324,-0.583,-3.357,21.179,-37.781,165.394,58.129,177.05
-0.566,0.253,-0.636,0.122,21.606,-29.907,166.267,57.744,179.236
-0.537,0.204,-0.635,1.892,22.034,-22.522,167.025,57.063,-178.962
-0.604,0.189,-0.72,-1.465,15.442,-18.188,167.585,56.678,-177.528
-0.543,0.19,-0.727,-6.287,17.883,-14.832,167.888,56.217,-176.237
-0.54,0.253,-0.788,-6.226,6.775,-13.306,167.937,55.964,-175.199
-0.429,0.242,-0.77,-6.775,2.502,-10.193,167.964,56.03,-174.408
-0.603,0.433,-0.98,-8.423,-1.526,4.761,167.377,56.206,-174.463
-0.431,0.419,-0.985,2.93,-3.235,0.916,167.124,55.909,-174.792
-0.833,0.395,-1.251,12.207,-14.587,-4.944,167.223,56.728,-175.166
-0.504,0.237,-1.065,7.141,-3.113,-1.587,167.761,56.744,-175.133
-0.355,0.155,-0.839,3.967,-22.339,8.118,167.662,57.244,-175.869
-0.442,0.082,-0.725,8.484,-30.029,-6.287,167.75,58.42,-176.561
-0.47,0.08,-0.684,7.568,-9.399,5.92,168.173,59.205,-176.814
-0.437,0.039,-0.65,7.141,2.38,15.381,168.289,59.106,-177.589
-0.38,0.05,-0.647,3.662,-1.282,17.273,168.206,58.678,-178.473
-0.517,0.06,-0.695,1.404,-13.916,13.733,167.981,58.854,-179.451
-0.574,0.086,-0.674,-0.305,-16.663,14.038,167.651,59.343,179.648
-0.701,0.08,-0.72,-2.625,-13.55,13.611,167.305,60.051,178.923
-0.645,0.121,-0.711,-5.066,-1.404,19.897,166.652,60.26,178.165
-0.582,0.167,-0.693,-6.165,-2.502,26.855,165.767,60.189,177.177
-0.611,0.205,-0.728,-2.625,-5.188,29.419,164.729,60.112,175.798
-0.571,0.245,-0.734,0.183,-2.197,27.344,163.735,59.947,174.276
-0.581,0.269,-0.77,2.93,0.793,14.526,163.273,59.744,173.32
-0.679,0.235,-0.913,7.751,-7.812,-5.676,163.521,59.881,173.227
-0.66,0.199,-0.989,5.188,-3.601,-3.113,164.224,60.205,173.688
-0.834,0.308,-1.065,8.667,-7.812,2.869,164.465,60.59,173.425
-0.733,0.346,-1.034,11.353,14.893,0.0,165.125,60.326,173.568
-0.313,0.33,-0.775,9.399,21.912,2.869,165.828,59.205,173.809
-0.449,0.399,-0.761,6.653,-16.113,2.319,165.938,59.068,173.348
-0.553,0.306,-0.665,2.014,11.292,-11.963,166.234,59.178,173.397
-0.469,0.308,-0.602,-0.122,21.24,-20.325,166.707,58.513,174.496
-0.423,0.219,-0.601,0.366,22.095,-26.428,167.454,57.794,176.105
-0.389,0.204,-0.588,-0.244,16.724,-16.724,168.047,57.112,177.561
-0.485,0.202,-0.629,0.916,7.202,-17.517,168.42,56.783,178.533
-0.561,0.195,-0.677,-1.77,3.784,-16.235,168.832,56.816,179.594
-0.65,0.206,-0.725,-0.549,7.385,-15.137,169.107,56.871,-179.418
-0.597,0.202,-0.769,-3.967,12.939,-10.559,169.393,56.629,-178.363
-0.507,0.211,-0.716,-4.395,2.686,-10.132,169.426,56.541,-177.561
-0.55,0.259,-0.769,-3.784,-10.803,-14.099,169.448,57.068,-176.858
-0.539,0.304,-0.854,-5.249,-6.104,-5.737,169.316,57.662,-176.424
-0.694,0.329,-0.957,1.953,-21.484,-9.888,169.173,58.486,-176.314
-0.713,0.342,-1.042,5.31,-10.559,-3.967,169.338,59.068,-176.182
-0.898,0.219,-1.112,15.32,5.798,5.127,169.827,59.293,-176.336
-0.448,0.16,-0.946,8.545,32.043,29.236,169.821,57.838,-177.22
-0.168,0.07,-0.843,15.259,3.723,19.043,169.794,56.602,-178.572
-0.412,0.045,-0.793,11.536,-6.042,9.644,170.134,56.695,-179.561
-0.376,0.002,-0.735,4.944,5.798,17.822,170.327,56.305,179.434
-0.359,-0.001,-0.686,-0.732,2.808,9.399,170.222,55.739,178.473
-0.381,0.016,-0.661,-8.606,-8.362,4.517,170.096,55.591,178.006
-0.562,0.068,-0.668,-11.169,-21.362,1.648,169.684,56.294,177.621
-0.716,0.119,-0.705,-9.399,-4.028,10.071,169.146,56.959,177.363
-0.626,0.107,-0.707,-7.874,9.521,17.7,168.552,56.827,177.078
-0.558,0.137,-0.74,-7.08,7.08,22.217,167.789,56.327,176.512
-0.497,0.167,-0.765,-9.216,-1.343,27.283,166.877,56.08,175.627
-0.438,0.21,-0.744,-5.554,-16.296,25.574,165.74,56.332,174.177
-0.657,0.249,-0.881,0.0,-28.625,18.982,164.855,57.321,172.689
-0.741,0.248,-1.059,3.967,-10.193,13.55,164.482,57.799,171.65
-0.651,0.251,-1.08,0.427,-13.55,8.728,164.366,58.112,171.041
-0.88,0.351,-1.152,-3.784,-4.944,-4.15,164.152,58.738,170.728
-0.482,0.364,-0.915,-8.606,23.499,-15.808,164.482,58.211,171.76
-0.242,0.451,-0.793,-16.052,2.808,-13.0,164.46,57.546,172.798
-0.504,0.506,-0.733,-4.761,-10.437,-25.818,164.158,58.217,173.271
-0.448,0.361,-0.609,-1.709,6.836,-44.861,165.086,58.568,175.237
-0.451,0.275,-0.528,2.502,13.55,-50.11,166.371,58.672,177.869
-0.468,0.221,-0.537,0.427,21.729,-48.706,167.877,58.436,-179.176
-0.454,0.187,-0.562,0.183,17.334,-45.532,169.239,57.991,-176.303
-0.593,0.172,-0.635,-0.061,10.681,-42.542,170.458,57.964,-173.655
-0.615,0.127,-0.661,2.136,14.832,-41.321,171.705,57.887,-171.013
-0.613,0.155,-0.732,-3.906,9.216,-29.541,172.711,57.783,-168.629
-0.528,0.115,-0.757,-2.563,5.493,-28.931,173.43,57.783,-166.723
-0.591,0.189,-0.812,-6.042,-9.705,-21.912,173.875,58.304,-165.146
-0.636,0.196,-0.906,-5.737,-6.47,-8.667,174.023,58.87,-164.24
-0.704,0.271,-1.044,0.61,-5.066,6.104,173.562,59.178,-164.498
-0.801,0.215,-1.188,10.315,-10.803,1.099,173.617,59.491,-164.828
-0.627,0.106,-1.058,11.353,-1.77,13.977,173.809,59.645,-165.427
-0.39,0.025,-0.924,13.367,0.671,18.677,173.809,59.409,-166.553
-0.365,-0.05,-0.834,13.794,-6.165,13.367,174.1,59.326,-167.563
-0.404,-0.068,-0.761,7.263,0.305,21.851,174.106,59.112,-168.81
-0.32,-0.104,-0.659,-0.854,-0.183,19.592,173.837,58.656,-170.035
-0.471,-0.03,-0.617,-8.606,-13.794,16.357,173.243,58.804,-171.085
-0.64,0.012,-0.636,-12.512,-6.592,10.986,172.557,59.178,-171.749
-0.69,0.068,-0.666,-14.526,14.832,9.277,171.925,59.052,-171.722
-0.598,0.1,-0.693,-16.907,22.156,13.733,171.129,58.184,-171.612
-0.498,0.152,-0.657,-19.409,12.146,10.742,170.052,57.415,-171.65
-0.582,0.175,-0.666,-16.846,-0.183,-0.488,169.118,57.31,-171.502
-0.545,0.16,-0.7,-15.625,0.0,-8.484,168.514,57.563,-170.832
-0.578,0.155,-0.799,-15.198,-7.263,-12.39,168.124,58.09,-169.953
-0.624,0.16,-0.883,-10.376,-13.0,-24.231,168.041,58.865,-168.832
-0.733,0.125,-0.915,-13.611,-14.832,-31.738,168.497,60.035,-167.053
-1.018,0.208,-1.038,-13.184,-14.648,-47.302,169.102,61.408,-164.745
-0.777,0.267,-1.035,-30.457,21.24,-49.988,169.904,61.469,-161.411
-0.422,0.273,-0.83,-43.823,20.691,-68.42,170.464,61.122,-157.335
-0.426,0.444,-0.813,-55.908,11.902,-69.092,170.359,60.985,-153.133
-0.491,0.44,-0.752,-45.593,32.471,-72.632,170.31,60.551,-149.041
-0.478,0.424,-0.695,-36.316,29.602,-72.144,170.684,59.601,-144.833
-0.526,0.273,-0.626,-27.71,31.372,-74.89,171.431,58.876,-140.757
-0.451,0.202,-0.556,-28.931,39.124,-83.435,172.403,57.827,-136.203
-0.424,0.135,-0.549,-30.945,27.588,-83.069,173.392,56.959,-131.446
-0.504,0.162,-0.637,-29.602,28.32,-71.96,174.067,56.382,-127.106
-0.512,0.141,-0.684,-24.536,20.081,-65.369,174.683,55.761,-123.305
-0.54,0.163,-0.712,-26.367,9.766,-50.293,175.089,55.618,-120.103
-0.499,0.204,-0.703,-22.217,5.493,-38.086,174.996,55.69,-117.889
-0.48,0.299,-0.716,-21.118,-7.08,-27.954,174.666,56.052,-116.378
-0.648,0.27,-0.809,-4.089,-21.79,-36.377,174.617,57.14,-115.23
-0.894,0.313,-1.043,-4.578,-27.771,-28.748,175.133,58.711,-113.901
-0.887,0.121,-0.989,8.972,-4.272,-33.63,176.243,60.2,-112.538
-0.533,0.126,-0.919,6.714,23.132,-26.672,177.314,59.683,-111.121
-0.242,0.007,-0.856,2.991,25.33,-26.367,178.423,58.491,-109.731
-0.156,-0.024,-0.821,-4.211,-8.118,-25.757,179.088,58.057,-108.567
-0.477,-0.048,-0.843,-9.583,-16.968,-34.424,179.703,58.722,-107.073
-0.585,0.0,-0.897,-17.517,6.47,-33.203,-179.824,58.777,-105.2
-0.376,-0.006,-0.828,-18.311,6.958,-39.185,-179.423,58.118,-103.156
-0.539,-0.011,-0.788,-25.269,-8.24,-44.983,-179.066,58.266,-100.811
-0.523,-0.022,-0.757,-32.227,-0.427,-55.603,-178.802,58.37,-97.971
-0.556,-0.025,-0.767,-38.086,-0.488,-63.11,-178.495,58.381,-94.499
-0.527,-0.073,-0.735,-41.809,-0.488,-70.801,-178.165,58.425,-90.626
-0.559,-0.104,-0.737,-47.058,-8.057,-78.857,-177.759,58.656,-86.243
-0.636,-0.134,-0.788,-53.223,-8.972,-78.796,-177.341,59.123,-81.48
-0.657,-0.119,-0.834,-58.777,-0.488,-68.115,-177.369,59.431,-77.042
-0.634,-0.083,-0.847,-59.204,0.671,-63.232,-177.858,59.502,-73.169
-0.719,0.023,-0.943,-59.753,-1.526,-61.829,-178.517,59.535,-69.549
-0.682,0.051,-0.861,-53.223,6.348,-74.829,-178.632,59.59,-65.511
-0.544,0.093,-0.73,-65.979,14.099,-67.322,-179.055,59.216,-61.512
-0.542,0.291,-0.697,-74.158,-12.817,-60.181,179.319,59.315,-58.42
-0.688,0.317,-0.672,-70.19,-8.85,-71.35,177.995,60.419,-55.063
-0.7,0.319,-0.685,-60.608,14.16,-79.041,177.237,60.683,-51.35
-0.569,0.29,-0.66,-59.937,22.034,-79.407,176.852,60.249,-47.401
-0.59,0.283,-0.73,-56.03,19.958,-73.547,176.424,59.875,-43.737
-0.559,0.285,-0.719,-49.438,15.686,-66.711,175.924,59.568,-40.562
-0.646,0.283,-0.751,-40.1,11.963,-52.612,175.474,59.535,-38.013
-0.558,0.273,-0.697,-29.297,15.442,-41.199,175.089,59.293,-36.172
-0.533,0.241,-0.681,-17.273,6.958,-29.053,174.847,59.161,-35.074
-0.466,0.231,-0.636,-10.986,5.92,-15.381,174.578,59.123,-34.766
-0.499,0.206,-0.658,-6.653,-19.348,-13.733,174.309,59.535,-34.958
-0.824,0.194,-0.832,0.244,-26.184,-14.954,174.276,61.144,-35.2
-0.795,0.26,-0.825,-7.141,-19.287,5.554,174.029,62.287,-35.865
-0.796,0.279,-0.93,2.258,0.977,5.432,173.315,62.765,-37.299
-0.676,0.221,-0.975,6.042,-4.822,-8.301,173.408,62.847,-37.958
-1.787,0.28,-2.237,0.244,-19.409,-15.869,173.941,63.754,-37.831
-0.705,0.17,-1.024,-13.611,-0.061,-4.15,173.705,64.193,-37.87
-0.432,0.196,-0.903,-13.062,0.427,-0.732,173.002,63.957,-38.183
-0.326,0.123,-0.761,-3.601,1.648,2.502,172.579,63.726,-38.54
-0.375,0.111,-0.752,0.916,-7.446,10.315,172.222,63.512,-39.238
-0.344,0.112,-0.721,2.808,2.686,15.869,171.777,63.056,-40.281
-0.353,0.09,-0.652,6.226,-8.972,7.08,171.612,62.82,-41.039
-0.509,0.06,-0.669,1.587,-20.569,3.601,171.617,63.276,-41.517
-0.555,0.122,-0.729,1.343,-8.85,0.488,171.464,63.682,-41.968
-0.62,0.063,-0.698,-1.038,-22.522,-11.169,171.738,64.347,-41.902
-0.687,0.021,-0.649,-6.348,-18.555,-13.855,172.029,65.457,-41.49
-0.688,0.012,-0.618,-13.489,-13.489,-15.198,172.2,66.352,-40.886
-0.689,0.023,-0.622,-16.663,-5.676,-10.803,172.172,67.022,-40.243
-0.731,0.061,-0.665,-18.982,-0.977,-2.93,171.733,67.28,-40.012
-0.716,0.08,-0.731,-19.592,0.977,-0.916,171.096,67.313,-40.045
-0.702,0.117,-0.77,-17.395,-5.127,0.61,170.327,67.522,-40.237
-0.799,0.156,-0.863,-14.343,-10.132,0.61,169.623,67.923,-40.556
-0.945,0.246,-0.996,-7.141,-3.357,-2.686,169.102,68.203,-40.897
-0.811,0.233,-0.915,1.465,8.301,-15.259,169.563,68.159,-40.408
-0.595,0.202,-0.774,-3.357,14.465,-9.338,170.359,67.703,-39.556
-0.59,0.31,-0.791,-20.386,15.198,7.019,169.53,66.775,-39.875
-0.465,0.311,-0.704,-23.682,18.005,-15.564,168.75,65.858,-39.595
-0.505,0.314,-0.612,-22.644,8.362,-23.193,168.376,65.457,-38.502
-0.487,0.245,-0.526,-17.395,6.958,-24.414,168.25,65.253,-37.408
-0.539,0.25,-0.516,-12.878,10.071,-13.733,168.063,65.056,-36.782
-0.569,0.236,-0.534,-6.287,1.099,-9.583,167.789,64.918,-36.799
-0.682,0.212,-0.571,-2.869,-1.831,-11.902,167.75,65.182,-36.848
-0.798,0.19,-0.622,-1.282,5.005,-10.376,167.943,65.44,-36.771
-0.697,0.199,-0.615,-5.798,18.677,1.221,168.03,65.094,-36.821
-0.648,0.267,-0.61,-4.883,5.371,2.93,167.58,64.638,-37.463
-0.523,0.247,-0.613,-4.272,10.986,1.038,167.41,64.44,-37.87
-0.647,0.425,-0.851,-3.723,4.089,13.489,166.624,63.984,-38.903
-0.765,0.354,-0.929,4.578,-3.479,3.052,166.3,64.045,-39.935
-0.788,0.367,-1.001,11.902,7.141,6.226,166.3,63.814,-40.726
-0.826,0.317,-1.058,14.954,-8.118,-1.221,166.75,63.726,-41.265
-0.814,0.178,-0.966,17.395,12.695,5.737,167.487,63.847,-41.66
-0.347,0.112,-0.693,15.015,7.507,14.771,167.8,62.919,-42.49
-0.434,0.038,-0.705,19.47,2.563,4.211,168.459,62.661,-42.995
-0.423,0.034,-0.734,16.602,19.348,13.245,169.321,61.831,-43.138
-0.298,0.021,-0.764,10.742,24.231,29.846,169.497,60.183,-44.039
-0.292,0.023,-0.706,0.061,-10.193,20.325,169.178,59.464,-45.038
-0.616,0.1,-0.675,-4.944,-31.799,5.371,168.706,60.474,-45.643
-0.691,0.126,-0.656,-3.479,-18.311,5.737,168.338,61.485,-46.093
-0.729,0.143,-0.669,-1.77,-4.822,10.925,168.014,62.045,-46.692
-0.615,0.137,-0.619,1.099,-3.296,15.442,167.591,62.122,-47.648
-0.698,0.167,-0.696,0.183,-5.92,18.127,167.124,62.32,-48.779
-0.61,0.171,-0.707,2.625,5.92,23.071,166.525,62.183,-50.153
-0.566,0.167,-0.734,3.052,-5.493,14.954,166.042,61.979,-51.378
-0.729,0.151,-0.816,0.61,-13.55,8.423,165.811,62.325,-52.191
-0.711,0.107,-0.874,-2.136,3.296,7.019,165.602,62.578,-52.723
-0.685,0.178,-0.926,-7.935,-1.404,8.728,165.168,62.479,-53.097
-0.766,0.245,-1.02,-6.287,-10.498,0.0,164.855,62.693,-53.284
-0.875,0.385,-1.05,-7.446,1.953,-1.343,164.564,63.029,-53.278
-0.457,0.301,-0.75,-8.301,14.16,-15.503,164.844,62.562,-52.46
-0.485,0.419,-0.747,-19.287,-7.263,-11.719,164.542,62.567,-51.713
-0.523,0.366,-0.681,-14.771,6.409,-18.982,164.174,62.71,-51.075
-0.438,0.365,-0.585,-11.963,12.024,-18.127,164.114,62.413,-50.098
-0.403,0.29,-0.527,-4.028,9.521,-19.836,164.295,62.012,-49.274
-0.512,0.252,-0.556,-2.625,6.104,-14.526,164.608,61.968,-48.598
-0.539,0.233,-0.567,-3.174,0.244,-7.812,164.68,61.891,-48.384
-0.681,0.279,-0.648,-1.709,0.183,-3.784,164.509,62.106,-48.598
-0.668,0.261,-0.644,0.793,5.798,-2.319,164.537,62.089,-48.779
-0.67,0.266,-0.658,2.808,5.371,1.892,164.548,61.968,-49.114
-0.582,0.239,-0.616,3.296,4.883,4.089,164.575,61.842,-49.609
-0.688,0.294,-0.708,3.418,-3.235,2.747,164.438,61.913,-50.295
-0.55,0.335,-0.715,0.061,5.127,3.845,164.416,61.88,-50.74
-0.667,0.422,-0.842,3.845,-11.292,0.183,164.152,61.99,-51.422
-0.649,0.393,-0.832,2.502,-10.559,-2.625,164.185,62.562,-51.888
-0.814,0.41,-1.012,8.606,-2.625,-6.409,164.273,62.957,-52.289
-0.877,0.335,-1.082,8.789,-3.296,-14.343,165.081,63.243,-51.894
-0.638,0.209,-0.907,6.897,17.09,-1.526,165.707,63.007,-51.636
-0.299,0.139,-0.727,9.399,8.606,-2.502,166.262,62.144,-51.432
-0.47,0.079,-0.745,12.756,4.211,-6.897,167.151,61.99,-50.938
-0.436,0.045,-0.709,6.409,15.259,3.784,167.926,61.265,-50.449
-0.304,0.055,-0.69,0.305,11.658,7.874,168.074,60.315,-50.405
-0.428,0.09,-0.673,-9.583,-24.902,-2.258,167.948,60.562,-50.169
-0.627,0.112,-0.666,-8.118,-24.292,-4.639,167.58,61.793,-50.059
-0.681,0.137,-0.635,-8.728,-23.865,-3.906,167.294,62.886,-49.971
-0.782,0.143,-0.624,-6.104,-16.785,0.916,166.91,64.028,-50.235
-0.729,0.164,-0.601,-3.54,-2.197,4.639,166.586,64.517,-50.669
-0.696,0.187,-0.636,-2.502,1.953,8.179,166.355,64.649,-51.18
-0.626,0.185,-0.647,1.953,8.118,7.08,166.102,64.446,-51.828
-0.612,0.136,-0.712,0.61,6.104,0.671,166.185,64.226,-52.103
-0.706,0.12,-0.816,-2.075,7.202,-2.808,166.317,64.144,-52.026
-0.63,0.127,-0.858,-8.24,5.859,0.366,166.317,63.787,-51.773
-0.647,0.212,-0.901,-11.658,-6.409,9.583,165.723,63.721,-52.064
-0.978,0.338,-1.084,-3.296,-0.488,3.845,165.146,63.918,-52.57
-0.849,0.388,-1.084,-1.587,20.935,0.977,165.234,63.199,-52.493
-0.404,0.311,-0.779,1.831,31.25,-14.099,165.883,61.919,-51.669
-0.375,0.316,-0.742,-10.742,-1.526,-13.672,166.328,61.331,-50.62
-0.519,0.321,-0.672,-11.475,6.348,-17.944,166.064,61.43,-50.125
-0.449,0.299,-0.591,-8.179,10.742,-27.893,166.382,61.117,-48.856
-0.45,0.199,-0.538,-2.808,5.737,-23.682,166.954,61.035,-47.725
-0.496,0.207,-0.57,-2.93,5.737,-11.841,167.278,61.013,-47.131
-0.534,0.178,-0.583,-2.258,-3.784,-8.728,167.349,61.068,-47.065
-0.676,0.207,-0.65,-4.028,-2.197,-3.723,167.217,61.485,-47.241
-0.666,0.211,-0.681,-3.906,7.446,-1.526,167.091,61.458,-47.494
-0.606,0.24,-0.676,-2.136,6.775,3.174,166.954,61.243,-47.834
-0.666,0.269,-0.722,2.563,1.282,6.226,166.696,61.166,-48.593
-0.521,0.259,-0.646,3.54,-4.944,8.484,166.514,61.172,-49.488
-0.7,0.299,-0.731,6.836,-16.907,5.676,166.234,61.842,-50.636
-0.744,0.344,-0.84,5.127,-9.521,10.315,165.992,62.26,-51.762
-0.748,0.36,-0.906,8.118,-3.906,8.911,165.734,62.512,-52.982
-0.692,0.312,-0.902,10.071,-7.263,2.38,165.872,62.677,-53.795
-0.863,0.292,-1.029,10.254,-3.784,5.554,166.069,63.045,-54.476
-0.546,0.244,-0.876,8.24,17.761,18.005,166.014,62.281,-55.41
-0.378,0.17,-0.807,13.428,1.831,7.324,166.19,61.496,-56.14
-0.484,0.124,-0.792,15.198,8.972,6.653,166.844,61.111,-56.327
-0.373,0.049,-0.675,13.672,14.282,10.864,167.465,60.194,-56.585
-0.386,0.087,-0.66,4.822,5.005,13.123,167.745,59.425,-56.854
-0.378,0.104,-0.592,2.686,-5.554,7.69,167.756,59.117,-57.173
-0.585,0.126,-0.633,4.028,-22.095,-2.441,167.844,59.766,-57.343
-0.695,0.103,-0.681,4.211,-11.414,-3.052,168.162,60.645,-57.36
-0.754,0.107,-0.728,2.747,-2.808,-1.404,168.503,61.21,-57.321
-0.64,0.085,-0.691,-0.427,3.784,1.587,168.728,61.243,-57.338
-0.62,0.087,-0.713,-3.662,0.977,1.77,168.734,61.293,-57.431
-0.61,0.125,-0.743,-7.568,-0.427,3.845,168.459,61.452,-57.623
-0.525,0.129,-0.756,-8.85,0.244,4.944,168.036,61.436,-57.876
-0.714,0.159,-0.915,-5.188,-4.639,0.793,167.657,61.738,-58.112
-0.663,0.216,-0.956,-7.629,-4.456,2.014,167.355,61.694,-58.217
-0.742,0.237,-1.034,-7.263,-3.54,-3.174,167.256,61.979,-58.085
-0.82,0.416,-1.08,-8.667,4.456,-5.005,167.031,62.023,-57.87
-0.413,0.368,-0.843,-7.202,26.917,-13.916,167.283,61.084,-57.047
-0.461,0.445,-0.801,-8.85,-0.793,-11.475,167.102,60.612,-56.525
-0.503,0.276,-0.708,-0.305,13.245,-28.992,167.542,60.436,-55.662
-0.352,0.183,-0.555,0.732,10.559,-27.1,168.448,60.013,-54.207
-0.435,0.146,-0.532,-0.244,1.709,-21.912,169.118,59.98,-53.234
-0.478,0.132,-0.558,-1.16,5.066,-16.663,169.612,59.969,-52.482
-0.573,0.165,-0.61,-5.554,0.854,-12.695,169.794,60.057,-52.042
-0.642,0.152,-0.649,-7.141,-3.235,-16.113,169.893,60.337,-51.608
-0.677,0.193,-0.689,-9.827,-0.061,-9.827,169.838,60.782,-51.251
-0.603,0.239,-0.686,-9.644,0.793,-1.099,169.514,60.903,-51.345
-0.55,0.264,-0.697,-2.502,-3.357,-1.404,169.085,61.161,-51.806
-0.565,0.253,-0.737,0.061,-11.841,-0.61,168.97,61.589,-52.245
-0.677,0.271,-0.851,5.31,-10.681,-1.953,168.816,62.172,-52.899
-0.66,0.276,-0.933,8.057,-15.564,-5.859,169.025,62.704,-53.185
-0.751,0.237,-0.99,9.644,-13.855,-0.244,169.354,63.413,-53.509
-0.998,0.224,-1.131,12.451,-10.376,5.127,169.618,64.034,-54.064
-0.633,0.199,-0.927,6.47,12.939,26.367,169.36,63.534,-55.217
-0.366,0.161,-0.8,19.592,2.93,16.602,169.167,62.71,-56.58
-0.47,0.09,-0.789,22.278,3.54,18.005,169.865,62.342,-57.211
-0.425,0.076,-0.624,20.996,16.235,39.612,169.926,61.276,-58.722
-0.472,0.064,-0.593,20.935,27.832,32.593,169.948,59.782,-60.386
-0.391,0.062,-0.595,20.081,25.085,20.691,170.403,58.008,-61.342
-0.539,0.063,-0.727,13.794,13.306,13.977,170.997,57.096,-61.809
-0.551,0.064,-0.75,11.475,15.32,7.568,171.508,56.316,-62.018
-0.517,0.063,-0.784,7.019,11.658,5.981,171.985,55.717,-62.012
-0.537,0.051,-0.77,0.61,1.77,3.174,172.255,55.464,-61.957
-0.613,0.101,-0.782,-2.319,4.639,3.113,172.227,55.503,-61.902
-0.481,0.064,-0.785,-1.587,16.724,1.465,172.299,55.047,-61.716
-0.484,0.052,-0.807,-3.235,8.301,0.61,172.277,54.608,-61.507
-0.466,0.074,-0.894,-7.446,6.897,3.54,172.128,54.25,-61.243
-0.451,0.102,-0.915,-11.841,-12.146,12.695,171.562,54.327,-61.419
-0.588,0.15,-1.01,-10.742,-11.719,15.381,170.695,54.899,-62.023
-0.613,0.249,-1.056,-8.057,-12.451,15.198,169.832,55.234,-62.754
-0.7,0.274,-1.112,-1.587,-5.981,0.793,169.464,55.613,-63.094
-0.574,0.302,-1.033,-3.784,7.996,-5.432,169.525,55.536,-62.704
-0.29,0.283,-0.869,-9.827,10.62,-8.179,169.486,54.91,-62.084
-0.412,0.367,-0.861,-18.799,1.953,-4.883,168.75,54.8,-61.749
-0.284,0.332,-0.75,-14.282,14.587,-29.358,168.376,54.212,-60.694
-0.249,0.233,-0.599,-8.606,-1.465,-37.415,168.607,54.091,-58.903
-0.389,0.212,-0.559,-5.737,-14.404,-35.645,168.986,54.778,-57.233
-0.55,0.172,-0.577,-0.427,-4.028,-25.085,169.453,55.558,-55.975
-0.579,0.188,-0.64,-1.526,2.93,-16.174,169.81,55.816,-55.217
-0.592,0.173,-0.708,0.244,4.272,-14.221,170.123,55.909,-54.69
-0.604,0.171,-0.787,-3.662,2.258,-10.437,170.381,56.058,-54.201
-0.541,0.201,-0.797,-5.249,5.554,-2.686,170.338,56.085,-54.009
-0.491,0.245,-0.768,-5.005,-13.489,-0.244,170.008,56.415,-54.212
-0.534,0.247,-0.773,-0.122,-14.832,-1.282,169.733,57.305,-54.558
-0.589,0.299,-0.837,-3.784,-32.471,2.197,169.305,58.442,-55.135
-0.635,0.292,-0.895,-2.502,-21.057,4.944,168.684,59.716,-55.992
-0.812,0.371,-1.08,1.221,-19.104,3.296,168.162,60.612,-56.75
-0.867,0.307,-1.154,7.385,-0.183,8.057,168.113,60.936,-57.343
-0.537,0.241,-0.945,9.766,8.118,20.813,167.91,60.353,-58.315
-0.272,0.104,-0.756,17.822,-7.507,11.292,168.08,59.925,-59.161
-0.528,0.019,-0.722,21.484,-3.54,2.014,169.008,60.359,-59.145
-0.349,0.006,-0.678,9.277,15.503,21.851,169.585,59.689,-59.288
-0.321,0.052,-0.647,3.357,-5.981,16.602,169.442,59.008,-59.865
-0.536,0.104,-0.644,2.686,-15.259,8.362,169.365,59.398,-60.073
-0.636,0.095,-0.645,4.578,-8.606,6.226,169.426,59.897,-60.222
-0.662,0.101,-0.705,3.967,6.653,7.69,169.547,59.963,-60.386
-0.608,0.104,-0.705,1.465,3.418,8.179,169.596,59.722,-60.579
-0.61,0.12,-0.74,0.183,2.747,8.484,169.514,59.639,-60.837
-0.588,0.131,-0.736,1.16,1.282,9.155,169.36,59.634,-61.15
-0.482,0.119,-0.726,-0.183,-2.075,12.878,169.118,59.595,-61.633
-0.588,0.159,-0.785,2.075,-7.08,13.855,168.679,59.886,-62.364
-0.632,0.148,-0.853,2.625,-15.747,8.057,168.497,60.26,-62.886
-0.654,0.142,-0.89,0.854,-8.545,8.423,168.311,60.765,-63.303
-0.745,0.176,-0.964,-0.854,-9.766,0.61,168.173,61.238,-63.408
-0.916,0.296,-1.118,-0.305,-9.583,-11.78,168.294,61.787,-62.968
-0.771,0.231,-1.001,6.714,14.282,-30.945,169.525,61.968,-61.342
-0.304,0.188,-0.752,-10.01,18.616,-32.104,170.799,61.199,-58.936
-0.62,0.289,-0.742,-20.02,3.418,-30.518,170.75,61.414,-57.233
-0.51,0.258,-0.651,-25.757,24.78,-43.091,171.035,60.875,-54.789
-0.418,0.227,-0.545,-18.677,28.259,-36.377,171.332,59.936,-52.377
-0.401,0.179,-0.517,-13.611,16.357,-31.86,171.595,59.161,-50.543
-0.494,0.171,-0.555,-10.01,9.216,-27.1,171.843,58.92,-49.103
-0.594,0.161,-0.628,-6.653,15.137,-24.414,172.134,58.711,-47.895
-0.617,0.19,-0.698,-10.071,18.738,-21.118,172.43,58.282,-46.774
-0.591,0.195,-0.711,-9.827,20.02,-18.677,172.579,57.673,-45.769
-0.52,0.199,-0.68,-9.644,16.174,-17.822,172.606,57.123,-44.945
-0.504,0.187,-0.644,-11.353,1.892,-24.048,172.645,57.151,-44.022
-0.524,0.232,-0.687,-15.32,-7.568,-18.372,172.48,57.634,-43.204
-0.807,0.287,-0.881,-9.277,-10.315,-22.827,172.244,58.541,-42.627
-0.661,0.275,-0.912,-6.592,7.568,-16.968,172.408,58.755,-41.841
-0.894,0.303,-1.173,2.869,1.16,-20.081,172.595,59.128,-41.369
-0.693,0.176,-1.123,2.38,-5.005,-29.541,173.617,59.211,-39.985
-0.772,0.105,-1.144,-0.488,-3.174,-22.766,174.298,59.886,-38.776
-0.329,0.1,-0.962,-8.911,13.55,-24.048,174.732,59.458,-37.381
-0.175,0.058,-0.899,-18.616,21.729,-35.095,175.314,58.656,-35.035
-0.045,0.146,-0.874,-27.71,14.954,-40.344,175.452,57.404,-32.091
-0.189,0.082,-0.682,-28.015,-4.333,-60.181,175.814,57.03,-28.218
-0.306,0.033,-0.585,-37.17,-16.541,-81.116,176.578,57.458,-23.22
-0.492,-0.008,-0.548,-47.729,-18.005,-100.525,177.451,58.442,-17.402
-0.697,0.007,-0.625,-55.298,-1.038,-112.793,178.522,59.288,-10.86
-0.658,0.021,-0.662,-53.406,21.057,-99.304,179.539,59.079,-4.669
-0.621,0.007,-0.715,-48.218,31.311,-85.388,-179.764,58.134,0.423
-0.577,0.008,-0.776,-39.978,14.404,-82.092,-179.171,57.343,4.867
-0.587,-0.06,-0.764,-37.781,8.301,-77.759,-178.44,57.145,9.08
-0.553,-0.105,-0.754,-38.757,4.7,-81.177,-177.781,56.975,13.239
-0.563,-0.187,-0.837,-44.983,1.221,-80.139,-176.99,56.97,17.792
-0.67,-0.123,-0.965,-49.927,-10.132,-65.796,-177.023,57.222,21.583
-0.726,-0.12,-0.958,-57.739,-9.705,-61.462,-177.33,58.112,25.164
-0.658,0.09,-0.852,-55.664,-17.09,-49.744,-178.407,58.755,27.911
-0.479,0.192,-0.654,-63.904,-13.611,-34.058,-179.901,59.524,30.097
-0.544,0.382,-0.573,-58.35,-40.955,-37.292,177.962,60.897,31.844
-0.841,0.3,-0.646,-56.091,-20.996,-61.401,176.66,62.919,34.711
-0.795,0.319,-0.671,-64.697,20.569,-67.444,175.946,63.397,38.771
-0.604,0.341,-0.651,-61.462,35.034,-66.528,175.106,62.474,43.237
-0.572,0.342,-0.689,-56.458,29.053,-66.345,174.359,61.408,48.477
-0.498,0.312,-0.657,-51.27,23.01,-70.618,173.798,60.485,54.13
-0.538,0.262,-0.625,-45.776,3.174,-68.726,173.551,60.375,59.886
-0.552,0.279,-0.591,-40.1,-5.127,-59.448,173.194,60.837,65.045
-0.623,0.276,-0.599,-33.386,-10.559,-48.828,172.914,61.65,69.637
-0.741,0.274,-0.659,-21.973,-17.639,-47.058,172.782,62.65,73.784
-0.825,0.268,-0.699,-18.494,-23.865,-38.635,172.974,64.072,77.767
-0.979,0.348,-0.854,-7.751,-25.208,-26.733,172.952,65.506,80.936
-1.031,0.207,-0.943,3.662,-9.033,-31.982,173.881,66.742,84.243
-0.723,0.048,-0.79,4.822,23.193,-30.212,175.237,66.599,87.638
-0.336,-0.092,-0.842,-9.583,39.734,-26.123,176.358,64.726,90.703
-0.484,-0.044,-0.88,-32.043,18.799,-30.273,176.633,63.787,93.318
-0.502,0.069,-0.844,-40.344,9.827,-26.428,175.924,63.056,95.438
-0.516,0.135,-0.745,-43.152,7.019,-24.353,174.996,62.644,97.614
-0.587,0.152,-0.686,-38.269,-11.719,-24.597,173.908,62.836,99.673
-0.666,0.121,-0.625,-34.119,-7.996,-28.564,173.161,63.545,102.085
-0.676,0.083,-0.619,-35.095,-8.545,-26.001,172.551,64.166,104.771
-0.7,0.083,-0.587,-37.415,-2.747,-23.743,171.672,64.797,107.38
-0.785,0.09,-0.632,-38.696,5.493,-25.513,170.815,65.204,110.341
-0.753,0.107,-0.641,-37.598,19.043,-24.231,170.008,65.034,113.593
-0.69,0.092,-0.658,-34.302,19.226,-30.029,169.492,64.589,117.142
-0.705,0.099,-0.709,-34.241,5.615,-28.015,169.069,64.561,120.679
-0.713,0.08,-0.741,-33.936,-7.568,-28.442,168.514,65.182,123.783
-0.954,0.167,-0.914,-34.79,-14.465,-25.208,167.926,66.407,126.678
-0.974,0.263,-1.031,-31.128,17.761,-23.804,167.448,66.632,129.507
-0.637,0.341,-0.969,-31.921,20.325,-31.311,167.437,65.984,132.874
-0.438,0.448,-0.839,-32.41,3.174,-26.245,167.151,65.643,135.742
-0.622,0.441,-0.765,-36.194,-5.127,-14.16,166.031,66.094,137.373
-0.535,0.494,-0.694,-38.391,11.841,-19.287,164.707,65.775,139.136
-0.405,0.473,-0.628,-30.273,24.536,-26.001,164.004,64.918,141.553
-0.297,0.458,-0.565,-15.991,10.925,-28.931,163.773,64.116,143.992
-0.43,0.36,-0.543,-6.897,-4.333,-30.518,163.998,64.127,146.124
-0.591,0.307,-0.569,-2.197,-1.404,-29.236,164.421,64.506,148.14
-0.629,0.226,-0.584,0.732,-0.488,-32.288,165.273,64.737,150.535
-0.709,0.187,-0.595,1.221,0.366,-26.55,166.207,65.226,152.985
-0.721,0.194,-0.625,0.854,3.967,-18.677,166.981,65.358,155.204
-0.667,0.179,-0.644,3.601,16.846,-13.123,167.69,65.259,157.192
-0.612,0.192,-0.666,1.831,2.93,-12.756,168.267,64.885,158.961
-0.625,0.216,-0.7,-4.333,1.465,-9.766,168.629,65.039,160.527
-0.702,0.266,-0.746,1.038,-10.864,-17.09,168.794,65.544,161.851
-0.888,0.288,-0.835,-3.479,-16.479,-19.348,169.255,66.555,163.471
-0.944,0.253,-0.952,-2.991,-5.92,-34.119,170.041,67.187,165.679
-0.958,0.257,-1.035,-4.333,8.728,-31.921,171.244,67.544,168.547
-0.576,0.124,-0.826,5.798,32.471,-23.621,172.683,66.66,171.134
-0.312,0.042,-0.798,20.203,16.296,-17.822,174.265,65.253,172.93
-0.434,-0.109,-0.766,24.841,10.193,-8.057,176.204,64.72,174.067
-0.453,-0.148,-0.712,16.052,10.864,5.371,177.292,63.94,174.166
-0.401,-0.182,-0.626,-0.366,4.333,7.141,177.698,63.276,174.018
-0.484,-0.102,-0.589,-10.132,-16.602,9.155,177.473,63.391,173.848
-0.659,-0.049,-0.604,-13.916,-25.208,16.357,176.704,64.396,173.524
-0.785,-0.001,-0.638,-10.681,-6.592,23.438,175.54,65.248,173.035
-0.764,0.015,-0.688,-6.714,8.362,30.823,174.216,65.209,172.375
-0.613,-0.003,-0.661,-7.202,11.963,37.781,172.727,64.55,171.332
-0.577,0.018,-0.657,-10.559,-2.197,37.903,171.063,64.188,170.068
-0.627,0.087,-0.74,-11.108,-1.831,42.236,169.118,64.155,168.47
-0.63,0.148,-0.785,-7.751,-3.052,39.856,167.267,63.842,166.657
-0.646,0.176,-0.832,-2.747,-3.845,31.006,165.844,63.655,164.998
-0.664,0.219,-0.921,-3.784,-10.376,23.743,164.828,63.495,163.674
-0.75,0.271,-0.964,-7.141,-13.855,13.794,163.993,63.759,162.636
-0.9,0.343,-1.022,-6.226,-0.671,-5.432,163.603,64.16,162.565
-0.579,0.344,-0.85,-10.925,18.372,-16.846,163.965,63.737,163.845
-0.443,0.471,-0.772,-19.958,7.751,-7.996,163.779,63.127,164.927
-0.565,0.442,-0.715,-14.648,3.235,-17.029,163.235,63.062,165.498
-0.578,0.417,-0.627,-16.785,15.32,-31.738,163.262,62.952,167.113
-0.47,0.346,-0.521,-11.353,27.161,-41.565,163.867,62.391,169.645
-0.42,0.283,-0.482,-7.202,21.973,-46.692,164.998,61.826,172.733
-0.502,0.23,-0.589,-5.066,21.545,-40.588,166.152,61.452,175.655
-0.579,0.207,-0.666,-7.507,16.968,-33.081,167.053,61.04,178.105
-0.687,0.177,-0.73,-6.226,21.484,-36.377,167.882,60.721,-179.489
-0.587,0.159,-0.708,-9.583,18.86,-30.029,168.717,60.194,-176.946
-0.602,0.181,-0.699,-9.583,11.414,-18.555,169.058,59.925,-175.133
-0.586,0.204,-0.705,-2.869,11.108,-14.404,169.266,59.634,-173.848
-0.516,0.159,-0.69,-0.977,3.113,-12.634,169.678,59.579,-172.798
-0.634,0.193,-0.748,-3.967,-9.644,-14.16,169.871,60.079,-171.974
-0.567,0.26,-0.77,-7.69,-0.427,-9.46,169.909,60.419,-171.14
-0.663,0.334,-0.872,-2.075,-16.296,-4.333,169.618,60.969,-170.975
-0.739,0.326,-0.941,-0.977,-11.23,-1.709,169.431,61.661,-171.057
-0.865,0.305,-1.093,7.629,-0.916,-3.052,169.47,61.875,-171.107
-0.795,0.16,-1.081,6.226,8.606,-0.366,169.937,61.666,-170.887
-0.378,0.104,-0.824,2.197,20.02,13.855,169.887,60.71,-171.189
-0.333,0.03,-0.759,15.015,-12.207,3.845,170.063,60.293,-171.931
-0.396,-0.009,-0.719,9.399,-1.648,19.653,170.42,60.326,-172.881
-0.448,0.004,-0.691,7.568,-0.305,22.461,170.233,59.969,-174.386
-0.364,-0.016,-0.62,5.066,0.488,19.287,170.123,59.447,-175.66
-0.554,0.035,-0.677,0.061,-19.409,14.404,169.909,59.733,-176.71
-0.627,0.071,-0.691,-0.305,-7.08,17.822,169.536,60.194,-177.545
-0.676,0.122,-0.76,0.0,-2.258,23.804,169.041,60.298,-178.314
-0.585,0.141,-0.726,3.723,-0.549,27.71,168.387,60.095,-179.357
-0.593,0.131,-0.722,6.714,-4.15,25.085,167.91,60.051,179.544
-0.586,0.14,-0.71,6.287,-9.827,21.057,167.492,60.233,178.511
-0.553,0.132,-0.731,5.554,-8.118,15.564,167.223,60.507,177.731
-0.693,0.167,-0.857,3.113,-7.935,12.268,167.042,60.809,177.144
-0.564,0.125,-0.842,0.977,4.211,14.465,166.915,60.727,176.638
-0.548,0.182,-0.862,0.061,-5.188,16.968,166.421,60.529,175.677
-0.737,0.271,-0.964,-1.831,-19.714,9.521,165.954,60.952,174.721
-0.924,0.529,-1.105,11.597,-1.343,-1.892,165.959,61.375,174.298
-0.584,0.365,-0.889,20.264,16.479,-22.766,167.481,60.991,175.27
-0.505,0.233,-0.753,9.033,2.563,-33.203,169.437,60.831,177.303
-0.589,0.258,-0.741,-4.639,20.569,-17.212,170.145,60.672,178.566
-0.472,0.236,-0.68,-6.958,28.748,-23.193,170.541,59.513,179.956
-0.414,0.182,-0.619,-7.324,26.55,-24.353,170.98,58.403,-178.412
-0.41,0.152,-0.616,-6.958,16.357,-25.024,171.343,57.535,-176.863
-0.451,0.139,-0.616,-8.972,7.507,-20.142,171.612,57.2,-175.479
-0.574,0.158,-0.675,-6.714,6.47,-15.503,171.645,57.129,-174.452
-0.565,0.152,-0.697,-4.883,10.986,-15.747,171.815,56.942,-173.331
-0.577,0.158,-0.752,-6.287,7.141,-12.573,171.903,56.766,-172.282
-0.573,0.174,-0.785,-8.972,6.836,-12.573,171.903,56.739,-171.288
-0.462,0.213,-0.763,-9.155,1.587,-7.874,171.672,56.662,-170.612
-0.535,0.26,-0.842,-7.202,-8.789,-7.263,171.398,57.118,-170.233
-0.55,0.297,-0.891,0.488,-12.817,-5.249,171.194,57.524,-170.189
-0.687,0.234,-0.988,4.333,-17.883,-9.644,171.469,58.513,-169.997
-0.783,0.174,-1.022,13.123,-14.587,-15.686,172.101,59.31,-169.557
-1.004,0.107,-1.176,6.042,-2.014,-4.272,172.875,59.985,-168.948
-0.505,0.091,-0.929,-2.136,36.133,27.466,172.529,58.694,-169.492
-0.162,0.054,-0.76,9.338,5.676,21.851,171.958,57.31,-170.953
-0.323,0.031,-0.718,8.301,-3.601,24.414,171.92,57.063,-172.332
-0.25,0.055,-0.655,5.92,2.014,39.124,171.376,56.497,-174.468
-0.354,0.067,-0.665,4.883,-11.414,30.884,170.744,56.184,-176.797
-0.479,0.081,-0.671,3.967,-17.151,17.761,170.277,56.426,-178.577
-0.597,0.071,-0.721,0.305,-13.489,9.949,170.134,57.052,-179.368
-0.664,0.103,-0.752,-0.488,-3.906,10.254,169.904,57.453,-179.714
-0.596,0.111,-0.771,0.61,4.639,10.071,169.739,57.398,-179.797
-0.552,0.114,-0.766,-0.366,-0.122,12.939,169.547,57.283,-179.951
-0.519,0.124,-0.754,-3.052,-3.479,13.977,169.162,57.393,179.681
-0.54,0.145,-0.769,-4.822,-10.254,13.367,168.58,57.629,179.105
-0.588,0.168,-0.875,-5.493,-12.634,5.371,168.124,58.019,178.764
-0.628,0.163,-0.934,-5.31,-5.859,4.822,167.816,58.618,178.649
-0.718,0.228,-1.011,-3.418,-8.972,2.136,167.459,58.953,178.423
-0.743,0.287,-1.038,-0.183,-3.113,-5.676,167.531,59.211,178.649
-0.747,0.378,-1.025,7.996,5.371,-16.052,168.113,59.26,179.374
-0.349,0.218,-0.754,5.432,26.306,-20.935,169.514,58.618,-179.017
-0.45,0.313,-0.759,-6.348,2.258,-7.019,169.761,58.057,-178.292
-0.494,0.256,-0.692,-9.766,15.747,-21.484,169.728,57.717,-177.599
-0.449,0.273,-0.649,-12.268,25.208,-23.132,169.788,56.92,-176.144
-0.357,0.214,-0.6,-9.216,22.4,-24.78,169.937,55.97,-174.6
-0.398,0.238,-0.612,-3.418,13.245,-21.24,170.129,55.382,-173.249
-0.501,0.178,-0.677,0.793,8.24,-23.254,170.568,55.157,-172.029
-0.521,0.149,-0.708,-2.38,9.216,-20.386,171.085,54.976,-170.689
-0.529,0.157,-0.789,-7.446,9.46,-14.832,171.271,54.789,-169.541
-0.525,0.214,-0.818,-8.667,-0.488,-14.038,171.227,54.849,-168.596
-0.469,0.23,-0.807,-5.92,-8.85,-9.949,171.074,55.245,-168.025
-0.602,0.288,-0.949,-5.798,-12.573,4.15,170.634,55.942,-168.124
-0.633,0.31,-1.001,-0.549,-13.55,10.986,169.958,56.437,-168.948
-0.814,0.274,-1.12,6.531,-15.625,7.996,169.673,57.036,-169.722
-0.596,0.177,-1.013,4.028,4.944,22.827,169.404,56.97,-170.64
-0.325,0.147,-0.861,4.333,4.15,36.011,168.646,56.25,-172.414
-0.326,0.09,-0.81,10.986,-2.136,28.87,168.234,55.783,-174.342
-0.356,0.105,-0.741,16.479,5.31,32.104,168.118,55.129,-176.254
-0.274,0.045,-0.693,16.174,7.08,28.748,168.294,54.179,-178.077
-0.328,0.044,-0.661,11.292,-12.329,20.691,168.525,53.822,-179.676
-0.597,0.089,-0.756,9.399,-8.606,20.508,168.585,54.168,178.912
-0.451,0.087,-0.706,8.728,-0.061,21.362,168.673,53.932,177.924
-0.609,0.129,-0.839,7.69,-3.784,21.545,168.706,53.91,176.995
-0.48,0.106,-0.778,8.118,-2.502,18.921,168.739,53.882,176.21
-0.5,0.122,-0.799,6.653,-6.348,18.311,168.75,53.954,175.435
-0.51,0.137,-0.821,4.333,-7.507,19.226,168.58,54.24,174.551
-0.444,0.104,-0.855,5.066,-6.348,11.902,168.558,54.371,173.848
-0.587,0.136,-1.072,4.15,-15.442,4.15,168.607,54.965,173.309
-0.58,0.103,-1.076,4.822,-10.254,-5.737,169.069,55.657,173.337
-0.768,0.215,-1.146,3.235,-18.799,-3.174,169.349,56.497,173.276
-0.676,0.257,-1.036,7.812,0.549,-10.315,169.898,56.898,173.578
-0.314,0.199,-0.787,0.549,16.968,-1.77,170.497,56.36,174.062
-0.391,0.307,-0.774,-10.742,-9.094,2.319,169.953,56.162,173.611
-0.43,0.289,-0.71,-11.292,7.019,-11.597,169.525,56.135,173.639
-0.43,0.291,-0.667,-9.216,8.85,-15.198,169.272,55.789,174.243
-0.355,0.261,-0.62,-7.019,6.348,-21.667,169.239,55.486,175.133
-0.457,0.237,-0.649,-4.944,-8.667,-21.484,169.338,55.783,176.1
-0.506,0.201,-0.636,-5.493,-10.681,-16.479,169.415,56.442,176.885
-0.624,0.243,-0.691,-3.357,-10.925,-12.268,169.305,57.233,177.418
-0.627,0.207,-0.69,-0.916,-0.122,-13.855,169.453,57.744,178.154
-0.621,0.217,-0.743,-2.014,0.427,-13.733,169.651,57.986,179.083
-0.593,0.201,-0.756,-5.676,0.122,-17.212,169.816,58.288,-179.912
-0.556,0.206,-0.763,-11.353,-9.521,-23.56,169.953,58.815,-178.665
-0.739,0.236,-0.909,-15.381,-7.935,-28.137,170.019,59.667,-177.182
-0.686,0.256,-0.898,-15.259,-2.136,-27.222,170.101,60.26,-175.529
-0.888,0.286,-1.064,-7.263,1.526,-14.587,170.217,60.639,-174.309
-0.742,0.233,-1.031,-3.235,18.677,5.615,170.118,60.101,-173.99
-0.379,0.177,-0.847,0.916,31.128,19.348,169.678,58.667,-174.584
-0.187,0.117,-0.837,9.644,7.324,8.362,169.689,57.398,-175.342
-0.346,0.067,-0.8,12.207,3.174,10.498,170.123,57.107,-176.122
-0.368,0.073,-0.771,11.292,-0.793,19.47,170.211,56.585,-177.534
-0.356,0.021,-0.709,2.625,-8.606,18.616,170.184,56.305,-178.995
-0.509,0.058,-0.691,2.136,-19.287,14.587,169.838,56.678,179.544
-0.592,0.067,-0.659,0.916,-16.846,15.015,169.623,57.343,178.517
-0.671,0.14,-0.698,3.601,-4.028,28.503,169.156,57.766,177.369
-0.588,0.144,-0.667,8.24,-3.357,30.151,168.618,57.645,175.963
-0.581,0.144,-0.738,13.0,-2.136,26.611,168.354,57.645,174.716
-0.59,0.113,-0.754,15.808,-11.292,20.813,168.316,57.859,173.54
-0.642,0.113,-0.874,13.733,-7.324,19.287,168.508,58.178,172.612
-0.659,0.133,-1.031,15.381,-2.808,20.325,168.772,58.222,171.628
-0.616,0.125,-1.032,14.709,-7.08,14.16,169.107,58.359,170.651
-0.912,0.265,-1.136,4.395,-6.897,5.188,169.217,58.892,169.942
-0.503,0.231,-0.923,-0.549,32.837,-14.648,169.816,57.997,170.645
-0.253,0.339,-0.844,-16.052,15.076,-13.062,169.969,56.783,171.683
-0.417,0.317,-0.744,-12.878,-2.93,-26.55,169.673,56.887,172.332
-0.452,0.3,-0.688,-18.86,7.874,-34.668,169.761,56.97,173.952
-0.37,0.298,-0.642,-15.32,13.672,-31.494,169.717,56.602,175.594
-0.404,0.247,-0.604,-13.55,4.15,-36.743,169.832,56.481,177.286
-0.493,0.204,-0.59,-14.404,1.892,-38.391,170.024,56.706,179.165
-0.611,0.186,-0.656,-14.16,10.925,-34.79,170.261,56.904,-178.802
-0.527,0.174,-0.678,-14.465,16.174,-27.954,170.425,56.602,-176.858
-0.596,0.194,-0.762,-14.343,4.15,-24.475,170.398,56.547,-175.215
-0.507,0.218,-0.736,-15.442,7.996,-19.348,170.244,56.624,-173.842
-0.582,0.262,-0.811,-13.672,-11.963,-21.301,169.991,56.953,-172.716
-0.521,0.282,-0.845,-14.404,4.944,-14.465,169.783,57.469,-171.705
-0.625,0.359,-0.907,-7.812,-25.085,-10.803,169.206,58.002,-171.409
-0.768,0.327,-1.011,-4.395,-16.541,-14.038,169.107,59.15,-171.019
-0.869,0.26,-1.081,5.92,-10.437,-13.794,169.382,60.018,-170.552
-0.611,0.161,-0.946,1.77,5.31,-0.244,169.722,60.084,-170.2
-0.3,0.101,-0.786,4.395,-3.845,8.423,169.629,59.749,-170.645
-0.521,0.049,-0.803,7.446,-0.549,2.319,169.788,59.98,-171.189
-0.381,0.073,-0.783,1.465,11.963,8.789,170.008,59.31,-171.436
-0.286,0.051,-0.668,0.916,2.136,11.047,169.871,58.64,-172.189
-0.455,0.074,-0.634,-2.991,-19.592,3.723,169.695,58.914,-172.892
-0.621,0.057,-0.608,-7.263,-2.258,2.869,169.453,59.48,-173.221
-0.662,0.098,-0.664,-9.827,1.77,-2.197,169.211,59.518,-172.886
-0.596,0.104,-0.666,-9.644,12.024,-0.427,168.948,59.348,-172.293
-0.545,0.087,-0.634,-10.62,-4.944,-3.54,168.679,59.321,-171.7
-0.705,0.049,-0.653,-9.338,-17.151,-16.846,168.563,60.271,-170.848
-0.704,0.031,-0.674,-13.977,-6.531,-11.23,168.618,61.26,-169.552
-0.769,0.077,-0.747,-20.508,-12.451,-4.15,168.14,62.144,-168.651
-0.734,0.149,-0.786,-20.325,-8.057,-1.709,167.316,62.776,-168.069
-0.881,0.259,-0.94,-18.677,-7.812,-1.953,166.454,63.452,-167.695
-0.936,0.363,-1.026,-16.968,-0.427,-6.165,165.784,63.842,-167.25
-0.745,0.389,-0.966,-18.982,26.672,-15.869,165.586,63.506,-166.097
-0.309,0.419,-0.866,-28.931,37.964,-23.56,165.564,61.979,-164.191
-0.401,0.522,-0.849,-32.227,18.738,-34.363,164.927,61.133,-162.548
-0.446,0.413,-0.741,-34.79,27.649,-61.035,165.114,60.551,-159.653
-0.385,0.369,-0.656,-35.645,36.377,-74.707,165.718,59.793,-155.605
-0.388,0.283,-0.626,-35.95,27.527,-88.501,166.701,59.31,-150.842
-0.425,0.257,-0.593,-40.955,26.917,-90.393,167.613,59.095,-145.805
-0.437,0.262,-0.584,-43.091,21.362,-85.999,168.239,58.92,-140.9
-0.518,0.24,-0.605,-38.696,7.874,-84.29,168.854,59.238,-136.23
-0.613,0.267,-0.648,-28.259,6.592,-72.998,169.547,59.848,-131.99
-0.66,0.167,-0.667,-25.085,12.146,-65.063,170.53,60.271,-128.188
-0.639,0.212,-0.674,-24.292,14.709,-52.185,171.238,60.304,-124.827
-0.522,0.22,-0.666,-18.311,15.686,-38.391,171.694,60.084,-122.228
-0.501,0.23,-0.674,-16.602,-11.108,-26.184,171.81,60.37,-120.602
-0.776,0.318,-0.776,-9.644,-29.358,-23.01,171.442,61.76,-119.932
-0.92,0.292,-0.876,4.333,-32.837,-37.964,172.139,63.627,-118.691
-0.936,0.148,-0.873,20.142,-17.7,-37.17,174.056,65.5,-116.9
-0.731,0.066,-0.774,25.696,9.155,-25.269,176.292,65.88,-115.269
-0.392,-0.009,-0.726,31.982,28.564,-17.09,178.517,64.792,-114.142
-0.439,-0.185,-0.782,33.569,-0.061,-27.039,-178.802,64.341,-112.808
-0.578,-0.314,-0.866,-4.7,12.024,-32.898,-176.874,63.924,-110.885
-0.498,-0.232,-0.789,-49.377,19.531,-47.546,-176.413,62.842,-107.831
-0.523,-0.049,-0.715,-74.951,6.47,-55.298,-177.407,62.122,-104.216
-0.641,0.078,-0.725,-75.928,6.958,-64.575,-178.61,61.842,-100.129
-0.559,0.09,-0.688,-67.871,10.986,-62.744,-179.643,61.337,-96.021
-0.573,0.051,-0.708,-62.622,5.371,-66.65,179.566,61.133,-91.846
-0.599,0.018,-0.771,-64.27,0.122,-65.369,178.989,61.21,-87.523
-0.656,0.069,-0.821,-58.044,-0.244,-61.584,178.292,61.523,-83.474
-0.622,0.051,-0.829,-51.147,14.038,-57.678,177.995,61.589,-79.508
-0.54,0.085,-0.858,-46.997,2.319,-62.317,177.709,61.177,-75.789
-0.855,0.068,-0.949,-48.767,-3.418,-82.458,178.231,61.716,-71.202
-0.657,0.131,-0.779,-63.354,17.212,-76.294,178.484,61.622,-66.588
-0.575,0.31,-0.707,-80.383,-0.183,-69.702,177.424,61.375,-62.628
-0.688,0.381,-0.675,-74.28,-2.502,-73.425,176.116,62.172,-58.947
-0.657,0.409,-0.641,-59.082,23.56,-80.078,175.496,62.172,-55.091
-0.545,0.299,-0.636,-45.776,32.532,-85.571,175.864,61.364,-50.867
-0.551,0.244,-0.711,-43.762,28.381,-77.087,176.342,60.546,-46.862
-0.558,0.239,-0.736,-46.753,22.583,-67.505,176.265,59.897,-43.599
-0.588,0.256,-0.738,-43.213,12.085,-61.523,175.984,59.601,-40.715
-0.615,0.297,-0.746,-31.982,15.564,-47.913,175.671,59.436,-38.513
-0.537,0.268,-0.703,-16.418,8.911,-29.175,175.545,59.128,-37.211
-0.518,0.205,-0.658,-4.761,5.615,-15.503,175.507,59.095,-36.887
-0.576,0.211,-0.692,3.296,-7.141,-5.615,175.441,59.282,-37.365
-0.596,0.107,-0.692,1.587,-20.935,-5.493,175.567,60.161,-38.013
-0.687,0.162,-0.668,-3.784,-54.871,-6.836,175.21,62.155,-38.859
-0.939,0.155,-0.684,5.615,-69.885,-19.348,175.265,65.671,-39.342
-1.177,0.195,-0.836,9.033,-64.27,-19.043,175.93,69.23,-39.408
-1.321,0.164,-1.002,19.043,-8.484,-19.531,177.27,71.642,-39.084
-0.909,0.085,-0.906,19.409,22.095,-11.353,179.006,71.318,-38.589
-0.679,0.051,-0.946,14.221,53.955,4.089,179.879,69.34,-38.941
-0.228,-0.001,-0.885,17.639,72.205,12.024,-179.703,65.94,-39.836
0.018,-0.064,-0.899,19.531,27.039,9.644,-179.171,63.265,-40.605
-0.283,-0.056,-0.852,6.348,-4.639,24.963,-179.154,62.584,-41.358
-0.235,-0.074,-0.723,-2.808,-3.174,44.617,179.604,62.1,-43.319
-0.317,-0.052,-0.69,-16.541,-25.818,69.763,177.083,62.216,-46.456
-0.492,0.027,-0.676,-18.799,-26.733,88.562,173.232,62.672,-51.268
-0.544,0.161,-0.669,-16.479,-23.193,92.102,169.156,62.737,-56.673
-0.704,0.381,-0.671,0.916,-30.151,84.473,165.152,62.732,-62.589
-0.729,0.321,-0.647,13.0,-7.812,42.542,162.999,62.606,-67.061
-0.702,0.266,-0.655,4.028,0.427,9.46,162.504,62.424,-68.829
-0.683,0.209,-0.684,0.122,13.123,-21.79,162.883,62.353,-68.621
-0.757,0.207,-0.815,-4.272,14.16,-45.837,164.207,62.435,-66.506
-0.724,0.103,-1.042,-8.972,9.888,-41.931,166.152,62.358,-63.358
-0.883,0.295,-1.12,-8.179,-0.366,-33.997,166.943,62.897,-61.447
-0.734,0.288,-0.934,-8.362,13.062,-55.542,168.481,63.276,-58.667
-0.417,0.26,-0.776,-31.677,28.503,-60.608,170.079,62.699,-54.838
-0.633,0.488,-0.818,-43.884,34.363,-63.354,170.085,62.078,-51.356
-0.428,0.454,-0.711,-33.142,52.307,-101.99,171.414,60.474,-46.159
-0.279,0.318,-0.612,-20.264,41.321,-108.215,173.622,59.112,-40.254
-0.325,0.147,-0.559,-16.357,13.733,-109.497,176.061,58.59,-34.481
-0.47,0.092,-0.584,-17.151,16.479,-96.619,178.132,58.425,-29.301
-0.516,0.014,-0.643,-22.644,21.423,-89.172,179.89,57.783,-24.5
-0.542,0.002,-0.719,-30.151,25.757,-81.116,-178.989,56.799,-20.127
-0.549,0.006,-0.807,-39.062,26.367,-70.74,-178.467,55.767,-16.188
-0.503,0.134,-0.877,-35.889,18.25,-55.786,-178.698,54.844,-13.096
-0.391,0.148,-0.971,-31.25,7.629,-36.316,-179.105,54.163,-10.838
-0.609,0.134,-1.227,-28.015,-12.878,-0.244,179.857,54.393,-10.063
-0.667,0.182,-1.247,-18.005,-13.245,39.49,177.88,54.948,-11.514
-0.379,0.163,-1.038,-5.737,-6.104,77.82,175.457,54.965,-15.117
-0.193,0.115,-0.92,12.878,-20.02,85.51,173.112,54.657,-19.973
-0.315,0.019,-0.805,25.269,-27.893,67.078,171.985,55.025,-24.137
-0.394,0.01,-0.752,25.879,-25.391,64.575,171.392,55.475,-27.713
-0.439,0.009,-0.73,22.949,-17.883,63.049,170.843,55.706,-31.234
-0.416,0.034,-0.703,17.09,-11.78,59.082,170.239,55.574,-34.492
-0.477,0.077,-0.679,9.216,-21.79,53.101,169.409,55.761,-37.551
-0.604,0.119,-0.725,9.033,-15.015,53.162,168.415,56.113,-40.551
-0.603,0.176,-0.715,10.864,-9.766,53.589,167.382,56.052,-43.726
-0.618,0.171,-0.692,15.198,-5.249,45.41,166.789,55.909,-46.549
-0.601,0.137,-0.72,15.076,4.211,40.161,166.448,55.574,-48.977
-0.542,0.179,-0.779,4.822,1.038,37.659,165.905,55.091,-51.13
-0.452,0.179,-0.812,1.343,4.822,29.236,165.317,54.602,-52.861
-0.504,0.248,-0.947,1.099,-7.69,12.817,164.828,54.575,-53.998
-0.681,0.245,-1.032,-0.244,-16.724,-7.324,164.822,55.19,-54.218
-0.769,0.303,-1.108,-4.7,-11.108,-20.203,165.07,55.953,-53.635
-0.605,0.318,-1.026,-5.005,13.855,-34.485,165.762,56.431,-52.042
-0.207,0.333,-0.851,-14.282,17.578,-32.471,166.635,55.926,-49.719
-0.358,0.494,-0.81,-15.625,-4.883,-22.644,166.317,55.953,-48.384
-0.37,0.408,-0.686,-9.888,0.793,-40.405,166.487,56.228,-46.807
-0.364,0.388,-0.583,-5.493,-2.869,-38.086,166.926,56.585,-44.951
-0.459,0.324,-0.553,-1.648,-6.775,-40.466,167.454,57.25,-43.478
-0.539,0.29,-0.552,3.418,9.644,-53.711,168.585,57.755,-41.44
-0.574,0.235,-0.593,8.972,22.522,-65.125,170.601,57.673,-38.441
-0.597,0.17,-0.679,12.756,35.217,-74.585,173.221,57.014,-34.799
-0.508,0.069,-0.753,12.817,43.03,-87.341,176.32,55.849,-30.388
-0.434,-0.023,-0.878,-1.038,28.87,-85.938,179.055,54.608,-25.648
-0.39,-0.047,-0.932,-13.428,13.184,-70.74,-179.209,53.855,-21.335
-0.474,0.019,-1.018,-21.729,-9.888,-31.189,-178.863,53.882,-18.649
-0.635,-0.111,-1.146,-48.584,-16.052,17.029,179.742,54.481,-18.38
-0.796,0.095,-1.229,-75.684,-9.277,27.039,175.93,55.113,-19.748
-0.319,0.26,-0.89,-58.899,10.254,53.833,171.562,54.542,-21.808
-0.147,0.301,-0.791,-19.653,-13.733,69.885,167.975,53.641,-25.186
-0.313,0.21,-0.746,18.616,-27.832,69.153,166.179,53.773,-28.96
-0.343,0.174,-0.684,29.724,-28.137,81.665,165.3,53.707,-33.234
-0.414,0.101,-0.689,28.809,-16.602,75.378,164.663,53.498,-37.672
-0.408,0.169,-0.716,18.005,-19.226,57.19,164.114,53.163,-41.281
-0.488,0.202,-0.739,13.0,-17.09,41.443,163.647,53.229,-44.033
-0.555,0.219,-0.775,12.146,-16.724,27.222,163.416,53.531,-45.989
-0.594,0.256,-0.803,7.935,-8.484,24.719,163.224,53.8,-47.565
-0.483,0.222,-0.77,7.751,-3.235,16.846,163.158,53.756,-48.746
-0.48,0.241,-0.763,4.028,-17.395,15.32,163.004,54.091,-49.828
-0.527,0.221,-0.764,6.653,-22.217,11.047,162.784,54.943,-50.993
-0.576,0.224,-0.823,7.568,-20.874,6.409,162.757,55.931,-51.899
-0.722,0.261,-0.967,6.897,-23.193,0.793,162.999,56.843,-52.405
-0.635,0.219,-0.988,13.123,-0.183,-9.644,163.79,57.557,-52.229
-0.885,0.513,-1.135,16.663,-15.137,-31.128,164.872,58.403,-51.405
-0.541,0.277,-0.944,30.823,31.189,-49.988,167.569,58.585,-48.994
-0.231,0.251,-0.818,9.521,10.254,-32.104,170.211,57.761,-46.154
-0.444,0.29,-0.73,0.671,-4.944,-14.404,170.689,57.958,-45.346
-0.384,0.252,-0.636,-9.033,5.859,-37.781,171.134,57.936,-44.033
-0.438,0.293,-0.619,-8.911,6.836,-42.969,171.645,57.936,-42.001
-0.45,0.219,-0.6,-9.338,4.211,-47.974,172.485,57.991,-39.677
-0.5,0.199,-0.639,-6.714,5.554,-42.419,173.194,58.107,-37.573
-0.577,0.177,-0.683,-6.836,3.235,-38.879,173.908,58.304,-35.7
-0.596,0.134,-0.704,-7.324,4.395,-38.025,174.633,58.453,-33.959
-0.615,0.12,-0.758,-5.859,11.23,-42.48,175.474,58.475,-32.003
-0.596,0.097,-0.778,-8.545,9.583,-39.734,176.402,58.304,-29.888
-0.53,0.064,-0.791,-7.202,8.545,-37.72,177.215,58.107,-27.944
-0.629,0.103,-0.888,-10.193,-0.122,-25.513,177.792,58.271,-26.301
-0.607,0.146,-0.953,-8.423,-3.479,-4.456,177.687,58.25,-25.862
-0.723,0.136,-1.061,-4.15,-8.24,0.549,177.369,58.694,-26.093
-0.854,0.101,-1.125,-0.244,-0.854,5.249,177.089,59.035,-26.559
-0.476,-0.082,-0.951,-6.165,19.043,26.306,176.633,58.354,-27.482
-0.228,-0.026,-0.8,-13.489,2.014,47.546,174.897,57.398,-29.734
-0.403,-0.006,-0.769,-6.836,-7.751,40.588,173.265,57.255,-32.042
-0.341,0.017,-0.699,-6.531,-3.357,48.645,171.859,56.898,-34.294
-0.389,0.072,-0.639,-2.197,-9.338,50.049,170.37,56.629,-36.909
-0.427,0.145,-0.62,9.094,-16.235,33.813,169.382,56.629,-39.271
-0.578,0.101,-0.684,15.198,-19.836,21.973,169.349,57.272,-40.853
-0.622,0.046,-0.723,10.62,-11.475,17.151,169.448,57.799,-42.171
-0.643,0.069,-0.762,2.808,-5.432,16.602,169.371,58.206,-43.204
-0.563,0.122,-0.771,-1.953,-3.235,20.02,168.926,58.189,-44.308
-0.608,0.163,-0.895,1.343,0.183,23.56,168.409,58.2,-45.577
-0.536,0.198,-1.028,5.432,2.441,21.423,168.025,57.739,-46.857
-0.547,0.116,-1.027,9.766,-12.634,0.977,168.3,58.096,-47.384
-0.768,0.255,-1.082,-0.977,-30.884,-6.287,168.415,59.139,-47.444
-0.744,0.296,-0.957,-1.16,-7.324,-19.775,168.794,60.079,-46.862
-0.528,0.299,-0.791,-11.047,9.644,-13.55,169.184,60.139,-45.824
-0.483,0.369,-0.741,-15.381,4.333,-13.794,168.706,59.832,-45.396
-0.413,0.374,-0.652,-16.235,6.897,-22.4,168.409,59.645,-44.55
-0.462,0.35,-0.602,-10.193,3.662,-28.503,168.349,59.661,-43.495
-0.422,0.345,-0.557,-6.836,9.46,-30.151,168.558,59.617,-42.347
-0.484,0.312,-0.571,-2.441,5.737,-36.682,169.102,59.661,-41.061
-0.568,0.249,-0.594,-0.183,5.249,-46.021,170.107,59.914,-39.309
-0.667,0.229,-0.648,-2.93,11.414,-50.11,171.321,60.167,-37.15
-0.643,0.155,-0.707,-2.014,21.606,-53.833,172.892,59.991,-34.486
-0.575,0.133,-0.809,-5.066,23.438,-39.429,174.26,59.403,-31.998
-0.501,0.135,-0.813,-5.676,12.268,-24.963,174.974,58.881,-30.465
-0.573,0.2,-0.859,-4.639,-2.625,-15.503,175.221,58.892,-29.658
-0.703,0.265,-1.025,-1.16,0.854,-8.24,175.298,58.936,-29.35
-0.766,0.19,-1.079,9.399,1.892,-21.484,175.957,59.03,-28.773
-0.776,-0.007,-1.083,10.925,12.817,-14.038,177.056,58.903,-27.867
-0.387,-0.151,-0.843,3.967,25.513,11.597,177.341,57.827,-28.032
-0.337,-0.115,-0.827,-2.136,11.23,26.245,176.869,56.805,-29.081
-0.327,-0.121,-0.835,-5.127,19.104,39.185,176.056,55.695,-30.619
-0.269,-0.07,-0.788,-15.381,9.827,41.504,174.683,54.536,-32.536
-0.348,-0.015,-0.723,-23.071,-7.629,37.964,173.068,54.086,-34.255
-0.449,0.047,-0.693,-19.775,-7.874,33.813,171.37,54.108,-35.914
-0.503,0.124,-0.718,-12.878,-5.859,37.598,169.882,54.047,-37.656
-0.487,0.19,-0.744,-0.183,-0.183,46.631,168.662,53.734,-39.836
-0.52,0.204,-0.847,10.193,-2.808,52.673,167.745,53.328,-42.578
-0.432,0.189,-0.85,13.184,-5.493,46.509,167.141,52.789,-45.313
-0.391,0.148,-0.821,8.423,-13.123,32.837,166.734,52.822,-47.532
-0.403,0.154,-0.831,1.77,-28.442,22.034,166.256,53.41,-49.164
-0.724,0.184,-0.944,-3.845,-26.672,7.263,165.679,54.8,-50.262
-0.534,0.262,-1.012,-16.174,-11.902,-1.099,165.152,55.129,-50.389
-0.773,0.426,-1.136,-19.043,-13.55,-9.033,164.438,56.003,-50.18
-0.608,0.531,-1.068,-6.897,10.742,-24.048,164.366,56.228,-49.175
-0.14,0.5,-0.831,-3.418,1.526,-31.128,165.059,55.975,-47.433
-0.396,0.501,-0.743,3.052,-36.682,-36.56,165.471,57.48,-46.192
-0.488,0.293,-0.622,2.869,-15.625,-49.438,166.553,59.008,-44.357
-0.394,0.282,-0.514,-0.854,-9.216,-47.485,167.657,59.969,-42.05
-0.476,0.218,-0.497,2.075,-16.479,-39.856,168.723,60.985,-40.139
-0.658,0.19,-0.557,5.493,-9.155,-39.001,169.821,62.111,-38.43
-0.652,0.19,-0.604,1.587,5.066,-29.053,170.991,62.573,-36.793
-0.768,0.155,-0.678,3.723,0.183,-25.757,171.936,62.908,-35.524
-0.644,0.131,-0.618,-2.502,14.648,-20.874,172.787,62.902,-34.332
-0.736,0.153,-0.726,-1.587,12.695,-25.146,173.469,62.672,-33.173
-0.556,0.128,-0.685,-4.7,22.034,-25.635,174.359,62.106,-31.685
-0.454,0.144,-0.67,-4.517,-4.15,-28.198,175.023,61.804,-30.256
-0.723,0.099,-0.821,-7.812,-8.545,-25.146,175.743,62.71,-28.757
-0.793,0.186,-0.897,-7.507,5.066,-19.653,175.809,63.029,-27.872
-0.68,0.159,-0.965,-6.775,11.597,-21.423,176.331,62.606,-26.581
-0.833,0.185,-1.141,1.77,0.0,-11.841,176.6,62.402,-25.878
-0.841,0.022,-1.12,3.113,5.92,-6.287,177.27,62.391,-25.225
-0.383,-0.043,-0.782,0.671,20.081,16.296,177.012,61.639,-25.73
-0.369,-0.036,-0.787,3.601,2.441,10.681,176.699,60.925,-26.433
-0.374,-0.054,-0.751,6.104,13.977,19.409,176.688,60.227,-26.938
-0.344,-0.117,-0.698,-2.258,0.916,27.283,176.199,59.562,-28.037
-0.439,-0.049,-0.663,-10.925,-18.494,15.564,175.342,59.771,-28.927
-0.556,-0.028,-0.616,-14.282,-19.836,10.315,174.562,60.617,-29.41
-0.666,0.042,-0.639,-14.038,-19.653,10.071,173.694,61.485,-29.899
-0.677,0.051,-0.689,-8.057,-5.554,14.893,172.925,62.084,-30.613
-0.622,0.065,-0.708,-6.165,-5.127,21.851,172.106,62.32,-31.712
-0.637,0.073,-0.713,-3.601,-11.902,18.982,171.151,62.633,-33.091
-0.609,0.087,-0.741,-4.395,-10.925,20.691,170.327,63.007,-34.31
-0.872,0.111,-0.928,-2.197,-15.259,13.062,169.645,63.523,-35.403
-0.644,0.102,-0.911,-6.287,5.859,15.442,169.2,63.474,-36.074
-0.943,0.278,-1.042,-8.301,-13.916,0.671,168.503,63.896,-36.634
-0.754,0.381,-0.958,-2.258,11.963,-28.992,169.008,63.957,-35.574
-0.465,0.312,-0.753,-8.728,23.56,-28.748,170.266,63.314,-33.289
-0.542,0.412,-0.729,-15.442,2.93,-24.109,170.233,62.919,-31.943
-0.6,0.31,-0.68,-14.16,19.653,-44.678,170.755,62.682,-29.817
-0.514,0.301,-0.649,-15.076,24.292,-44.312,171.573,61.913,-27.043
-0.427,0.236,-0.554,-11.719,20.691,-42.847,172.271,61.199,-24.615
-0.548,0.2,-0.569,-9.766,15.259,-44.128,173.046,60.826,-22.225
-0.561,0.174,-0.584,-11.78,26.794,-44.067,173.859,60.249,-19.847
-0.523,0.151,-0.62,-10.925,25.94,-42.542,174.644,59.376,-17.457
-0.548,0.108,-0.647,-6.104,7.446,-42.603,175.485,58.953,-15.205
-0.625,0.087,-0.732,-5.676,-6.042,-31.372,176.364,59.365,-13.255
-0.686,0.167,-0.717,-4.578,-15.686,-11.414,176.655,60.2,-12.387
-0.694,0.135,-0.686,4.272,-15.259,-11.23,176.935,61.276,-12.178
-0.739,0.245,-0.751,7.385,-10.437,1.648,177.094,62.073,-12.415
-0.854,0.239,-0.926,16.602,-4.578,4.333,177.396,62.518,-13.096
-1.049,0.196,-1.151,30.518,8.667,-2.075,178.341,62.693,-13.634
-0.832,0.051,-1.121,33.752,29.907,3.235,179.94,61.732,-13.887
-0.351,0.0,-0.938,31.433,36.255,22.095,-179.187,59.991,-15.013
-0.171,-0.087,-0.878,41.138,8.972,7.751,-177.929,58.859,-15.897
-0.21,-0.168,-0.851,26.978,-3.479,-4.272,-176.215,58.502,-15.551
-0.186,-0.21,-0.796,4.7,-6.531,-16.113,-174.952,58.337,-14.288
-0.261,-0.211,-0.755,-11.78,-15.198,-34.18,-174.067,58.442,-12.008
-0.353,-0.218,-0.686,-26.733,-20.569,-39.49,-173.419,58.793,-8.998
-0.53,-0.165,-0.65,-30.151,-29.114,-44.739,-173.117,59.628,-5.911
-0.688,-0.169,-0.669,-30.334,-17.334,-38.635,-172.722,60.485,-2.939
-0.651,-0.188,-0.645,-33.875,-4.822,-35.278,-172.645,60.815,-0.626
-0.714,-0.161,-0.692,-39.185,0.305,-41.809,-172.793,60.903,1.62
-0.618,-0.188,-0.677,-47.668,7.812,-52.307,-172.914,60.568,4.356
-0.579,-0.18,-0.715,-55.725,6.958,-54.26,-173.298,60.189,7.405
-0.574,-0.143,-0.8,-57.068,5.676,-55.115,-173.908,59.821,10.552
-0.551,-0.078,-0.839,-55.664,6.042,-50.903,-174.705,59.398,13.486
-0.621,-0.046,-0.921,-52.063,-2.502,-56.03,-175.336,59.128,16.551
-0.667,-0.07,-0.884,-47.119,0.305,-69.58,-175.342,59.249,20.319
-0.649,0.036,-0.849,-46.143,-1.16,-64.148,-175.32,59.2,24.12
-0.423,0.117,-0.695,-52.49,-7.69,-41.687,-176.072,59.315,26.9
-0.563,0.171,-0.636,-51.514,-45.166,-43.884,-177.33,60.754,29.158
-0.823,0.178,-0.644,-63.599,-31.311,-47.852,-178.66,62.902,31.729
-0.762,0.257,-0.639,-62.927,3.662,-53.833,179.945,63.622,34.486
-0.614,0.285,-0.644,-52.979,17.212,-53.467,178.951,63.292,37.496
-0.59,0.281,-0.675,-39.551,10.864,-50.354,178.401,62.919,40.622
-0.659,0.248,-0.692,-27.405,-0.549,-45.227,178.215,62.974,43.665
-0.666,0.245,-0.687,-21.484,3.174,-39.307,178.248,63.171,46.511
-0.606,0.257,-0.654,-10.62,-0.488,-31.86,178.391,63.254,49.026
-0.557,0.258,-0.594,-2.258,-6.165,-23.621,178.704,63.545,51.251
-0.668,0.262,-0.654,12.817,-17.517,-26.306,179.22,64.155,53.256
-0.965,0.23,-0.837,22.644,-23.499,-30.029,-179.236,65.226,55.75
-1.009,0.064,-0.827,40.039,-8.911,-28.748,-176.786,66.242,58.162
-0.839,-0.081,-0.746,46.692,4.883,-21.606,-173.842,66.599,59.903
-0.642,-0.187,-0.732,36.865,27.893,-1.404,-171.573,65.797,60.189
-0.45,-0.241,-0.7,23.987,29.907,8.423,-170.579,64.468,59.205
-0.517,-0.273,-0.708,10.437,19.592,9.583,-170.206,63.397,58.079
-0.612,-0.22,-0.776,14.893,43.213,13.672,-170.085,61.913,56.673
-0.445,-0.306,-0.854,10.62,51.025,18.127,-169.991,59.513,54.816
-0.221,-0.287,-0.863,-6.958,29.907,12.695,-170.381,57.464,53.273
-0.371,-0.217,-0.805,-25.94,-3.418,-4.15,-171.123,56.915,52.949
-0.549,-0.176,-0.803,-38.391,-0.122,-27.466,-171.931,56.766,53.888
-0.533,-0.186,-0.805,-49.255,11.78,-46.936,-172.639,56.107,55.931
-0.516,-0.142,-0.812,-58.228,-1.709,-57.251,-173.562,55.574,58.618
-0.571,-0.181,-0.829,-59.753,-5.92,-70.129,-174.271,55.629,62.018
-0.527,-0.147,-0.763,-69.824,-17.578,-66.162,-175.15,55.942,65.588
-0.667,-0.076,-0.833,-75.195,-7.507,-63.354,-176.451,56.651,68.95
-0.694,0.042,-0.94,-65.002,2.38,-68.97,-177.72,56.717,72.427
-0.752,0.173,-1.01,-50.659,13.916,-59.387,-178.451,56.618,76.3
-0.346,0.122,-0.731,-35.522,27.405,-42.542,-178.934,55.541,79.783
-0.273,0.274,-0.663,-48.95,-28.015,-35.889,179.918,55.311,82.623
-0.856,0.368,-0.803,-40.039,-22.644,-46.265,178.66,57.228,85.919
-0.522,0.283,-0.701,-39.49,25.94,-62.378,178.22,56.437,90.621
-0.529,0.205,-0.801,-37.292,30.09,-67.322,178.011,55.41,95.944
-0.416,0.21,-0.753,-43.03,19.409,-61.646,177.545,54.338,101.036
-0.528,0.247,-0.768,-36.194,9.338,-52.124,176.847,53.992,105.452
-0.567,0.269,-0.779,-29.968,12.939,-41.931,176.215,53.657,109.38
-0.47,0.231,-0.765,-20.081,15.259,-34.241,175.721,53.124,112.736
-0.501,0.23,-0.763,-17.7,5.615,-33.02,175.369,52.91,115.818
-0.444,0.262,-0.765,-16.052,8.728,-30.457,175.084,52.751,118.872
-0.405,0.295,-0.802,-13.245,0.854,-17.395,174.705,52.635,121.349
-0.551,0.3,-0.943,-2.075,-14.038,-21.973,174.37,53.097,123.201
-0.717,0.249,-1.068,1.221,-26.611,-28.381,174.71,54.146,125.447
-0.897,0.11,-1.154,3.113,-19.165,-35.278,175.474,55.574,128.007
-0.84,0.044,-1.106,-6.042,5.371,-26.855,176.232,56.288,130.919
-0.395,-0.052,-0.895,-8.362,27.954,-10.071,176.347,55.508,133.022
-0.274,-0.118,-0.853,-12.085,10.071,-14.282,176.27,54.58,134.407
-0.312,-0.08,-0.825,-15.259,12.939,-11.108,176.27,54.113,135.681
-0.319,-0.027,-0.825,-10.742,17.212,10.559,175.875,53.196,135.78
-0.168,-0.042,-0.711,-15.076,6.409,19.958,175.144,52.24,134.874
-0.339,0.043,-0.692,-18.799,-18.005,19.714,173.979,52.377,133.511
-0.483,0.066,-0.684,-19.348,-13.245,12.817,172.826,52.954,132.55
-0.479,0.099,-0.705,-18.799,-2.563,10.803,171.76,53.141,132.286
-0.517,0.136,-0.765,-16.724,-5.127,8.728,170.722,53.355,132.314
-0.5,0.135,-0.805,-13.489,-2.319,8.179,169.909,53.492,132.528
-0.498,0.111,-0.856,-10.559,-6.531,7.751,169.244,53.707,132.682
-0.47,0.129,-0.965,-10.193,-0.549,14.282,168.547,53.729,132.517
-0.671,0.159,-1.048,-8.911,-18.921,-0.916,167.959,54.305,132.281
-0.708,0.298,-1.105,-16.968,-3.357,-8.118,167.443,54.822,132.682
-0.508,0.292,-0.985,-18.738,16.174,-27.161,167.327,54.794,134.313
-0.251,0.422,-0.894,-31.433,13.245,-16.663,166.849,54.234,136.165
-0.333,0.521,-0.826,-19.348,-2.686,-25.696,165.959,54.124,137.45
-0.371,0.429,-0.723,-10.315,-3.174,-30.212,165.844,54.448,139.142
-0.41,0.373,-0.651,-6.592,-7.996,-29.053,165.916,54.91,140.834
-0.411,0.32,-0.591,-5.31,-10.803,-33.691,166.124,55.585,142.63
-0.507,0.293,-0.585,-3.906,-11.597,-35.583,166.498,56.574,144.69
-0.507,0.228,-0.559,-2.869,-8.423,-38.208,167.058,57.404,147.041
-0.609,0.219,-0.615,-6.47,-6.165,-35.339,167.596,58.321,149.513
-0.667,0.194,-0.654,-6.104,2.93,-38.025,168.256,58.887,152.265
-0.573,0.192,-0.689,-9.705,8.301,-29.297,168.81,59.052,154.984
-0.624,0.198,-0.729,-5.92,-6.348,-29.663,169.156,59.568,157.165
-0.659,0.221,-0.78,-14.526,2.747,-26.733,169.563,60.106,159.5
-0.674,0.297,-0.835,-7.629,10.376,-22.156,169.673,60.123,161.439
-0.799,0.301,-0.955,0.0,-3.418,-18.86,170.101,60.095,163.125
-0.862,0.271,-1.05,4.15,16.052,-15.808,170.76,59.969,164.674
-0.729,0.178,-1.031,10.437,26.611,-6.653,171.562,59.172,166.014
-0.345,0.077,-0.833,15.869,29.968,8.484,172.244,57.821,166.624
-0.259,0.025,-0.761,26.367,5.615,13.611,172.991,56.706,166.262
-0.44,-0.02,-0.769,28.442,11.536,23.376,173.969,56.201,165.344
-0.438,-0.034,-0.703,30.823,28.809,39.856,174.694,54.904,163.784
-0.394,-0.026,-0.686,33.569,26.306,51.697,175.27,53.19,161.581
-0.48,-0.019,-0.723,43.945,26.367,53.284,176.05,51.674,159.077
-0.376,-0.125,-0.753,39.551,22.034,46.204,177.253,50.273,156.918
-0.425,-0.103,-0.833,27.527,3.418,39.49,178.11,49.757,154.94
-0.467,-0.108,-0.827,12.817,-7.69,32.227,178.511,49.867,153.133
-0.592,-0.042,-0.858,5.493,-1.526,33.569,178.407,50.175,151.512
-0.461,-0.085,-0.88,4.883,17.7,32.837,178.16,49.664,150.002
-0.435,-0.08,-0.988,2.258,16.907,26.245,177.896,48.867,148.557
-0.405,-0.101,-0.993,-7.263,1.099,15.686,177.594,48.455,147.31
-0.618,0.109,-1.175,-19.714,4.822,15.381,176.693,48.351,146.168
-0.346,0.155,-1.085,-13.916,20.508,-11.78,176.127,47.532,146.069
-0.09,0.162,-0.935,-20.081,18.311,-14.893,175.776,46.571,146.783
-0.201,0.288,-0.891,-25.696,-3.784,-7.385,174.76,46.198,146.942
-0.203,0.278,-0.828,-20.447,2.625,-21.423,173.798,46.11,147.299
-0.271,0.278,-0.789,-18.677,-10.498,-23.621,173.112,46.274,148.211
-0.364,0.271,-0.738,-12.878,-7.141,-24.414,172.562,46.802,149.139
-0.387,0.258,-0.729,-7.629,-0.122,-25.513,172.343,47.087,150.414
-0.389,0.219,-0.75,-3.113,0.183,-21.545,172.337,47.252,151.705
-0.425,0.195,-0.767,-2.38,1.831,-20.691,172.425,47.439,152.924
-0.448,0.188,-0.783,-3.54,1.404,-21.729,172.535,47.576,154.237
-0.461,0.187,-0.793,-4.15,4.456,-18.25,172.639,47.714,155.583
-0.518,0.188,-0.827,-2.869,1.16,-17.212,172.716,47.906,156.824
-0.389,0.209,-0.916,-1.953,10.803,-8.301,172.727,47.736,157.786
-0.291,0.291,-1.015,-8.362,-3.723,-3.906,172.48,47.725,158.209
-0.445,0.391,-1.084,-2.686,-23.56,-11.047,172.15,48.505,158.423
-0.625,0.323,-1.136,10.986,-19.592,-17.822,172.458,49.735,158.972
-0.6,0.105,-1.084,19.775,7.751,-13.0,173.535,50.257,159.933
-0.2,0.01,-0.85,17.517,10.254,0.244,174.501,49.702,160.433
-0.271,0.006,-0.772,20.63,-15.747,0.122,175.364,49.768,160.241
-0.34,-0.077,-0.792,31.128,6.287,0.244,176.737,50.026,160.104
-0.29,-0.118,-0.793,24.475,-0.244,0.061,178.187,49.647,159.857
-0.362,-0.209,-0.758,19.348,-1.953,-9.277,179.648,49.653,159.906
-0.419,-0.161,-0.744,3.235,-5.249,-3.784,-179.385,49.719,160.06
-0.484,-0.123,-0.773,-2.686,1.221,6.653,-179.033,49.894,160.01
-0.522,-0.083,-0.831,-4.639,5.676,13.977,-179.176,49.796,159.615
-0.409,-0.064,-0.832,-6.287,8.789,21.79,-179.615,49.466,158.862
-0.449,-0.028,-0.859,-4.517,-0.854,20.447,179.868,49.427,157.912
-0.396,-0.055,-0.854,-3.418,-5.798,19.714,179.429,49.587,156.923
-0.473,-0.054,-0.966,-1.709,-3.052,18.433,179.055,49.916,155.945
-0.581,-0.076,-1.098,-3.235,-19.653,5.737,178.863,50.345,155.182
-0.653,-0.009,-1.262,-20.569,-5.798,-1.282,178.467,50.922,155.056
-0.302,0.076,-1.047,-30.579,3.052,-12.512,177.567,50.916,155.435
-0.229,0.249,-0.904,-50.781,-26.611,-11.536,175.88,51.454,155.825
-0.468,0.37,-0.826,-35.522,-8.118,-22.4,173.958,52.581,156.22
-0.323,0.346,-0.728,-24.292,-1.831,-28.809,172.985,52.756,157.549
-0.33,0.244,-0.651,-13.55,-13.245,-31.25,172.617,53.19,159.044
-0.432,0.219,-0.625,-10.559,-13.55,-30.64,172.54,54.042,160.549
-0.504,0.211,-0.626,-8.423,-9.338,-25.452,172.562,54.767,162.07
-0.594,0.196,-0.686,-7.385,0.671,-24.78,172.568,55.228,163.531
-0.568,0.167,-0.669,-9.338,2.197,-25.146,172.755,55.443,165.35
-0.598,0.176,-0.741,-4.7,8.057,-20.081,172.842,55.536,166.97
-0.509,0.143,-0.763,-6.042,3.418,-17.822,173.035,55.563,168.503
-0.387,0.112,-0.784,-7.141,-16.907,-16.602,173.095,56.107,169.706
-0.582,0.145,-0.779,-15.869,-48.523,-13.489,172.678,58.145,170.321
-0.681,0.297,-0.791,-15.564,-36.377,-4.578,171.81,60.255,170.541
-0.846,0.354,-0.869,-2.686,-21.667,-4.089,171.167,61.672,170.552
-0.791,0.301,-0.901,2.197,-4.333,-5.981,171.255,62.32,171.052
-0.904,0.231,-1.022,11.658,6.287,-12.573,171.793,62.507,171.793
-0.792,0.178,-0.995,7.446,6.226,-5.493,172.485,62.232,172.683
-0.435,0.098,-0.767,9.949,23.376,5.798,172.864,61.447,172.93
-0.446,0.0,-0.725,22.522,-4.822,-7.812,173.738,61.117,173.123
-0.469,-0.053,-0.688,12.756,12.207,6.348,174.743,60.837,173.304
-0.434,-0.065,-0.668,11.353,17.395,5.31,175.309,59.963,173.183
-0.412,-0.081,-0.648,4.761,5.676,6.287,175.792,59.249,173.134
-0.53,-0.075,-0.665,2.563,-8.057,9.583,176.012,59.299,172.93
-0.656,-0.046,-0.713,3.845,-3.479,14.709,175.984,59.656,172.54
-0.643,-0.07,-0.727,2.319,3.357,19.775,175.919,59.645,172.139
-0.576,-0.037,-0.74,-0.305,5.188,28.137,175.386,59.464,171.321
-0.625,0.0,-0.82,-2.258,0.488,29.846,174.595,59.348,170.145
-0.585,0.004,-0.856,-1.831,5.737,31.555,173.749,59.101,168.876
-0.631,0.039,-0.967,-0.671,8.85,33.875,172.886,58.574,167.355
-0.801,0.097,-1.103,3.235,8.972,21.851,172.315,58.151,166.047
-0.617,0.196,-1.086,-5.31,27.893,20.996,171.837,56.893,165.251
-0.23,0.276,-0.836,-12.207,25.33,15.808,171.107,55.278,164.564
-0.337,0.434,-0.842,-19.104,-7.996,18.066,169.821,54.739,163.504
-0.417,0.405,-0.778,-11.902,10.071,-0.61,168.651,54.492,162.702
-0.326,0.379,-0.72,-8.057,10.803,-22.095,168.42,53.888,163.548
-0.405,0.291,-0.653,-4.456,5.859,-20.447,168.574,53.723,164.663
-0.419,0.292,-0.67,-1.099,15.625,-17.944,168.701,53.377,165.707
-0.386,0.264,-0.65,-1.282,1.343,-20.203,168.931,53.064,166.8
-0.556,0.257,-0.676,-1.648,-7.812,-27.71,169.178,53.591,168.019
-0.605,0.207,-0.678,0.0,6.897,-36.011,169.755,54.086,169.926
-0.603,0.187,-0.732,-1.77,10.071,-33.936,170.53,54.223,172.277
-0.545,0.222,-0.77,-5.371,11.963,-22.522,171.008,54.146,174.276
-0.433,0.168,-0.765,-0.427,0.305,-25.024,171.414,54.163,175.858
-0.526,0.164,-0.872,-5.615,0.427,-22.827,171.815,54.608,177.341
-0.604,0.268,-1.07,-14.099,-2.869,-11.658,171.634,54.723,178.297
-0.486,0.246,-1.09,-12.085,10.254,-11.047,171.332,54.63,178.962
-0.762,0.311,-1.273,-4.639,-17.517,-15.686,171.107,55.036,179.467
-0.58,0.155,-1.096,-6.775,7.874,2.93,171.074,55.168,179.758
-0.305,0.103,-0.827,2.075,-1.953,13.306,170.579,54.822,179.006
-0.44,-0.007,-0.801,7.568,-3.357,3.418,170.815,54.921,178.467
-0.377,-0.027,-0.762,0.977,15.93,15.259,170.969,54.245,177.995
-0.201,-0.027,-0.679,-9.094,7.629,13.0,170.689,53.251,177.259
-0.345,0.042,-0.635,-12.939,-22.034,2.441,170.173,53.399,176.616
-0.569,0.084,-0.675,-11.658,-16.113,6.165,169.656,54.333,176.199
-0.548,0.138,-0.739,-7.935,-3.296,17.273,168.997,54.641,175.71
-0.524,0.146,-0.79,-3.113,-7.446,18.005,168.387,54.789,175.007
-0.524,0.166,-0.812,-1.587,-12.085,20.142,167.866,55.162,174.172
-0.528,0.168,-0.85,4.028,-10.559,21.179,167.36,55.525,173.09
-0.554,0.174,-0.965,4.395,-4.211,22.156,167.047,55.635,172.018
-0.544,0.193,-1.079,5.615,-8.057,11.414,166.943,55.459,171.112
-0.701,0.236,-1.141,-1.587,-17.639,6.165,166.981,56.014,170.629
-0.643,0.289,-1.064,0.916,-0.183,5.371,166.855,56.255,170.25
-0.369,0.329,-0.773,-0.122,0.854,11.536,166.734,56.008,169.865
-0.494,0.449,-0.764,1.404,-12.695,20.02,166.113,56.025,168.695
-0.411,0.383,-0.674,5.249,7.812,4.883,165.773,55.761,167.877
-0.368,0.314,-0.632,2.93,0.0,-15.808,166.031,55.613,168.371
-0.412,0.234,-0.604,-2.197,0.488,-28.87,166.476,55.893,169.645
-0.48,0.248,-0.628,-6.897,2.747,-28.564,166.844,56.184,171.326
-0.47,0.219,-0.634,-9.338,1.709,-23.987,167.08,56.316,172.941
-0.561,0.178,-0.704,-13.977,-3.845,-18.677,166.981,56.706,174.199
-0.677,0.2,-0.748,-26.184,-2.136,-12.451,166.382,57.244,175.281
-0.588,0.289,-0.739,-28.076,10.437,-8.728,165.289,57.233,176.226
-0.487,0.348,-0.707,-20.813,-1.77,-10.803,164.301,57.255,177.072
-0.609,0.359,-0.723,-11.475,-19.104,-14.282,163.702,58.134,177.737
-0.653,0.444,-0.796,-1.77,-12.39,-3.174,163.334,59.03,178.072
-0.916,0.495,-1.117,4.883,-7.629,14.343,162.96,59.535,177.605
-0.762,0.477,-1.038,12.939,10.254,24.353,162.532,59.26,176.534
-0.575,0.341,-0.922,22.156,3.357,16.418,162.719,58.7,175.611
-0.333,0.177,-0.808,22.583,10.803,11.597,163.449,57.975,175.1
-0.351,0.135,-0.761,19.897,6.287,4.028,164.328,57.491,174.847
-0.314,0.087,-0.728,14.526,6.592,5.554,165.223,56.893,174.71
-0.349,0.112,-0.692,7.324,1.953,10.925,165.575,56.415,174.155
-0.385,0.116,-0.654,6.653,-10.742,3.601,165.844,56.382,173.655
-0.564,0.126,-0.677,6.226,-19.775,-1.587,166.168,57.134,173.414
-0.642,0.108,-0.682,5.249,-9.827,-3.723,166.558,57.909,173.622
-0.709,0.117,-0.749,-2.686,0.427,0.854,166.756,58.348,174.106
-0.551,0.142,-0.718,-8.057,7.263,5.859,166.558,58.156,174.545
-0.556,0.194,-0.736,-8.728,-1.282,10.01,165.998,58.107,174.584
-0.547,0.2,-0.733,-4.211,-8.362,5.371,165.465,58.332,174.446
-0.661,0.312,-0.845,6.531,-9.094,7.324,165.278,58.771,174.337
-0.821,0.192,-1.018,33.203,10.193,-1.465,166.24,58.788,174.359
-0.733,0.108,-1.126,12.268,9.583,-3.357,167.899,58.348,175.188
-0.76,0.22,-1.127,-1.099,15.808,-13.0,168.409,58.068,175.897
-0.342,0.248,-0.787,-16.235,28.015,-32.166,168.986,57.266,177.874
-0.398,0.374,-0.746,-31.555,-9.094,-27.222,168.646,57.167,179.703
-0.55,0.363,-0.688,-28.259,16.174,-41.199,168.113,57.365,-178.44
-0.445,0.335,-0.605,-23.254,27.527,-56.335,168.404,56.788,-175.21
-0.367,0.231,-0.534,-21.118,25.635,-62.134,169.063,56.168,-171.541
-0.456,0.208,-0.574,-17.883,14.709,-59.631,169.728,56.025,-167.937
-0.527,0.184,-0.613,-18.494,16.602,-44.678,170.189,55.882,-164.894
-0.552,0.176,-0.652,-13.916,21.606,-36.926,170.458,55.497,-162.378
-0.568,0.181,-0.685,-12.207,16.418,-30.09,170.744,55.107,-160.153
-0.582,0.196,-0.748,-7.568,18.616,-23.804,170.925,54.728,-158.357
-0.539,0.212,-0.806,-5.676,6.409,-22.461,171.183,54.454,-156.736
-0.438,0.237,-0.797,-7.019,-8.24,-11.353,171.282,54.8,-155.66
-0.657,0.339,-0.809,0.427,-37.476,-10.925,171.063,56.201,-155.407
-0.953,0.419,-1.009,12.634,-20.081,-13.733,171.189,57.849,-155.27
-1.002,0.335,-1.157,18.86,4.395,-15.808,172.365,58.661,-154.314
-0.665,0.22,-1.088,26.611,36.133,-10.376,173.71,57.87,-153.446
-0.03,0.077,-0.995,28.992,49.011,-8.789,175.402,55.607,-152.562
0.005,-0.02,-1.063,21.301,6.165,-10.62,176.935,54.278,-152.133
-0.034,-0.027,-0.951,1.343,-18.005,-5.798,177.44,54.289,-152.446
-0.229,-0.009,-0.833,-13.55,-32.593,-23.132,177.297,55.223,-152.584
-0.345,0.002,-0.702,-21.729,-27.832,-45.471,177.374,56.371,-151.265
-0.429,0.026,-0.635,-21.545,-19.409,-52.429,177.858,57.283,-148.821
-0.522,-0.006,-0.619,-18.066,-8.728,-57.434,178.72,57.892,-145.789
-0.532,-0.079,-0.621,-21.851,-1.526,-61.157,179.857,58.151,-142.086
-0.614,-0.093,-0.664,-25.208,-4.456,-66.467,-179.099,58.497,-137.988
-0.645,-0.134,-0.682,-30.518,1.343,-69.031,-178.022,58.777,-133.484
-0.587,-0.169,-0.678,-34.058,5.31,-68.115,-177.111,58.76,-128.919
-0.589,-0.223,-0.735,-39.856,0.244,-68.542,-176.336,58.81,-124.277
-0.618,-0.169,-0.842,-47.546,1.282,-60.12,-176.083,58.804,-119.905
-0.811,-0.111,-1.031,-50.781,-4.028,-62.866,-176.072,58.969,-115.692
-0.641,-0.093,-0.926,-40.527,9.521,-70.923,-175.924,58.898,-111.451
-0.64,-0.004,-0.883,-53.955,0.244,-62.195,-175.732,58.755,-107.144
-0.397,0.163,-0.709,-70.435,3.845,-42.725,-177.067,58.469,-104.117
-0.505,0.273,-0.652,-71.533,-37.354,-50.415,-179.138,59.376,-101.656
-0.775,0.322,-0.67,-74.89,-24.841,-58.105,178.863,61.221,-98.943
-0.745,0.357,-0.658,-72.205,12.512,-66.345,177.281,61.776,-95.625
-0.551,0.365,-0.623,-62.134,24.963,-67.444,176.177,61.155,-92.087
-0.525,0.385,-0.631,-54.199,20.203,-62.256,175.27,60.688,-88.934
-0.551,0.366,-0.633,-43.945,3.296,-65.979,174.749,60.749,-85.946
-0.636,0.38,-0.647,-34.546,4.272,-63.599,174.65,61.331,-83.09
-0.636,0.354,-0.687,-19.714,7.507,-65.186,175.237,61.628,-80.173
-0.519,0.345,-0.697,-15.747,7.263,-47.607,176.028,61.749,-77.756
-0.675,0.363,-0.831,1.831,-9.705,-45.593,176.677,62.38,-76.317
-0.915,0.314,-1.011,18.25,-30.029,-49.133,178.352,63.506,-74.581
-0.831,-0.007,-0.923,34.79,-4.211,-42.786,-178.671,64.874,-72.581
-0.438,-0.167,-0.877,36.255,33.142,5.798,-176.407,64.089,-72.076
-0.31,-0.327,-0.85,26.062,5.493,9.766,-175.397,62.88,-73.361
-0.524,-0.257,-0.875,-7.08,-0.916,-10.254,-174.792,62.644,-73.295
-0.511,-0.169,-0.799,-28.198,-0.183,-14.587,-174.792,62.413,-72.092
-0.56,-0.035,-0.722,-39.551,-3.113,-14.038,-175.776,62.265,-71.065
-0.604,0.099,-0.734,-31.128,6.714,-20.264,-176.737,62.073,-69.917
-0.501,0.019,-0.714,-13.123,-0.671,-22.827,-176.765,61.743,-68.692
-0.576,-0.102,-0.713,-14.099,-4.7,-19.714,-176.622,61.968,-67.676
-0.659,-0.116,-0.758,-28.564,-5.554,-20.569,-176.836,62.227,-66.522
-0.634,-0.086,-0.757,-37.231,5.249,-21.973,-177.599,62.177,-65.319
-0.676,-0.077,-0.845,-43.884,9.705,-25.391,-178.445,61.815,-63.787
-0.709,-0.046,-0.894,-46.753,7.019,-26.855,-179.55,61.479,-62.265
-0.892,0.05,-0.966,-47.546,-10.132,-33.997,179.308,61.804,-60.568
-0.891,0.05,-1.06,-44.983,16.968,-48.706,178.94,61.809,-58.013
-0.314,0.088,-0.805,-59.998,35.767,-42.419,178.281,60.474,-55.3
-0.35,0.437,-0.834,-81.299,8.911,-28.137,175.902,59.409,-53.481
-0.438,0.491,-0.834,-56.824,31.555,-50.354,173.606,58.672,-51.839
-0.297,0.474,-0.75,-46.814,29.419,-65.979,172.76,57.437,-48.988
-0.299,0.319,-0.682,-31.982,18.677,-70.374,172.595,56.744,-46.027
-0.376,0.29,-0.665,-31.738,12.695,-70.374,172.722,56.519,-42.984
-0.387,0.189,-0.625,-30.212,13.123,-71.167,172.974,56.338,-39.902
-0.513,0.214,-0.661,-34.485,4.089,-64.819,173.04,56.492,-36.903
-0.588,0.179,-0.686,-30.396,9.094,-64.575,173.15,56.733,-34.091
-0.574,0.198,-0.765,-26.917,12.878,-59.509,173.513,56.788,-31.223
-0.498,0.155,-0.789,-28.931,3.174,-53.833,173.732,56.915,-28.762
-0.571,0.269,-0.868,-29.968,-3.235,-38.757,173.491,57.568,-26.856
-0.471,0.429,-0.983,-25.391,-2.197,-10.803,172.617,57.678,-26.312
-0.616,0.434,-1.0,0.305,-29.236,-0.122,171.7,58.661,-27.268
-0.988,0.312,-1.216,18.25,-5.005,-5.188,171.837,59.601,-28.196
-0.495,0.114,-0.936,19.714,14.282,0.854,172.853,59.112,-28.521
-0.332,0.02,-0.8,25.513,-4.272,11.902,173.43,58.64,-29.614
-0.418,-0.101,-0.766,24.475,1.831,-1.343,174.677,58.689,-30.031
-0.365,-0.073,-0.747,6.531,8.667,23.621,175.199,58.14,-30.69
-0.32,-0.043,-0.74,-2.441,8.301,28.198,174.644,57.299,-32.184
-0.389,0.0,-0.719,-6.653,-9.827,20.447,173.936,56.986,-33.42
-0.521,0.031,-0.679,-8.423,-15.808,16.724,173.15,57.365,-34.525
-0.633,0.033,-0.709,-6.165,-9.644,16.296,172.54,57.876,-35.53
-0.602,0.056,-0.731,-6.958,1.831,29.48,171.7,57.865,-37.04
-0.532,0.066,-0.734,-8.484,-4.272,34.79,170.568,57.695,-39.051
-0.565,0.159,-0.802,-9.399,-8.423,40.527,169.008,57.722,-41.523
-0.514,0.197,-0.846,-8.423,-8.911,41.199,167.426,57.634,-44.105
-0.602,0.259,-0.993,-3.418,-5.188,32.715,166.069,57.519,-46.445
-0.761,0.287,-1.083,-0.366,-16.357,10.925,165.41,57.838,-47.878
-0.9,0.446,-1.148,-1.831,9.888,0.793,165.114,57.936,-48.433
-0.335,0.385,-0.826,-2.258,42.114,-2.502,165.498,56.437,-47.994
-0.233,0.509,-0.789,-5.798,-1.038,0.122,165.311,55.366,-47.955
-0.415,0.437,-0.732,0.549,0.0,-13.55,165.097,55.558,-48.241
-0.396,0.363,-0.635,2.808,9.827,-38.025,165.723,55.552,-47.153
-0.34,0.253,-0.55,2.93,16.724,-43.091,166.816,55.382,-45.363
-0.377,0.231,-0.569,-2.38,11.719,-41.565,167.789,55.179,-43.484
-0.474,0.208,-0.602,-4.395,6.042,-44.312,168.58,55.294,-41.671
-0.592,0.181,-0.649,-7.08,6.836,-45.959,169.437,55.657,-39.661
-0.648,0.175,-0.702,-9.949,15.259,-45.41,170.228,55.789,-37.568
-0.6,0.172,-0.78,-16.113,21.729,-41.26,170.942,55.569,-35.387
-0.492,0.294,-0.842,-17.944,18.188,-30.273,171.057,55.042,-33.706
-0.523,0.307,-0.929,-11.23,9.827,-32.654,171.31,54.882,-32.206
-0.473,0.376,-1.001,-6.348,8.789,-20.569,171.398,54.481,-31.218
-0.604,0.296,-1.076,2.808,-7.263,-23.56,171.793,54.926,-30.443
-0.825,0.227,-1.177,15.869,5.676,-17.7,172.694,55.173,-29.691
-0.524,0.077,-1.054,18.677,27.893,5.798,173.677,54.212,-29.575
-0.094,-0.011,-0.891,21.79,20.813,20.935,174.304,52.608,-30.427
-0.178,-0.09,-0.791,23.132,-16.785,5.859,175.254,52.592,-30.905
-0.292,-0.097,-0.718,7.202,-15.503,20.874,175.743,53.069,-31.377
-0.355,-0.045,-0.705,-4.639,-6.775,28.748,175.221,53.223,-32.58
-0.382,0.019,-0.695,-8.301,-10.62,22.949,174.424,53.207,-33.75
-0.536,0.044,-0.759,-5.493,-17.09,14.832,173.798,53.756,-34.645
-0.642,0.059,-0.788,0.793,-4.028,17.639,173.392,54.229,-35.524
-0.519,0.025,-0.783,2.258,7.324,26.611,173.128,54.014,-36.689
-0.459,0.055,-0.843,-0.366,3.052,41.199,172.485,53.569,-38.496
-0.454,0.128,-0.912,-0.122,-10.986,46.57,171.392,53.35,-40.99
-0.555,0.127,-1.007,3.479,-9.399,39.001,170.469,53.547,-43.385
-0.663,0.16,-1.162,3.662,-8.728,19.287,170.002,53.613,-45.011
-0.714,0.235,-1.182,-1.343,8.545,0.61,169.986,53.707,-45.379
-0.314,0.257,-0.892,-3.479,26.123,-7.141,170.184,52.729,-44.83
-0.172,0.359,-0.834,-17.029,-3.479,2.441,169.827,52.037,-44.451
-0.434,0.414,-0.78,-12.39,-6.592,2.686,168.739,52.416,-44.989
-0.345,0.392,-0.703,-11.475,7.69,-21.179,168.245,52.163,-44.566
-0.394,0.346,-0.685,-4.883,9.705,-35.095,168.365,52.064,-43.253
-0.371,0.276,-0.654,-2.563,15.076,-42.114,169.003,51.855,-41.364
-0.381,0.287,-0.668,-1.038,12.207,-34.79,169.568,51.619,-39.699
-0.479,0.241,-0.688,2.563,5.859,-39.49,170.31,51.685,-38.09
-0.516,0.179,-0.748,0.427,10.803,-41.321,171.222,51.773,-36.26
-0.515,0.162,-0.803,-3.052,14.221,-39.978,172.101,51.729,-34.294
-0.458,0.18,-0.865,-5.737,9.521,-34.79,172.733,51.542,-32.476
-0.448,0.182,-0.892,-5.615,-0.305,-29.175,173.188,51.713,-30.932
-0.53,0.249,-0.976,-6.714,0.305,-13.0,173.282,52.037,-29.987
-0.569,0.309,-1.062,3.235,-2.502,2.197,173.068,52.042,-30.031
-0.682,0.231,-1.177,15.625,-8.057,-0.61,173.304,52.207,-30.377
-0.479,0.047,-1.011,15.869,12.634,8.545,174.062,52.125,-30.602
-0.167,-0.02,-0.869,14.648,6.653,18.066,174.441,51.394,-31.322
-0.301,-0.075,-0.825,16.418,0.854,9.338,175.045,51.268,-31.756
-0.214,-0.08,-0.789,8.484,2.136,20.752,175.457,50.779,-32.212
-0.25,-0.076,-0.76,1.343,-5.676,24.231,175.369,50.614,-33.041
-0.353,-0.029,-0.75,-2.808,-16.663,20.508,175.051,50.9,-33.821
-0.489,0.011,-0.758,-2.808,-14.343,22.644,174.633,51.493,-34.689
-0.495,0.043,-0.759,-0.549,-6.47,29.175,174.155,51.74,-35.92
-0.472,0.069,-0.8,1.404,-4.395,37.292,173.507,51.795,-37.683
-0.453,0.103,-0.848,3.296,-8.911,41.87,172.749,51.861,-39.809
-0.461,0.065,-0.886,6.104,-18.127,37.231,172.106,52.207,-41.957
-0.584,0.065,-1.001,5.798,-12.146,31.799,171.595,52.756,-43.835
-0.649,0.096,-1.147,3.784,-5.798,18.921,171.299,52.844,-45.137
-0.593,0.108,-1.161,-5.066,-0.183,6.897,171.321,52.91,-45.456
-0.438,0.21,-1.01,-12.329,1.465,-3.601,171.002,52.883,-45.297
-0.205,0.307,-0.814,-26.123,3.174,2.136,170.305,52.592,-44.835
-0.334,0.468,-0.75,-24.78,-7.69,8.179,168.662,52.603,-45.187
-0.333,0.441,-0.687,-14.648,-1.221,-18.433,167.668,52.614,-44.984
-0.372,0.424,-0.659,-4.944,3.601,-27.771,167.481,52.69,-43.923
-0.396,0.333,-0.676,1.16,1.77,-35.706,167.97,52.866,-42.501
-0.462,0.294,-0.673,4.456,-3.479,-35.889,168.695,53.322,-40.974
-0.569,0.235,-0.694,3.296,-4.272,-31.494,169.475,53.965,-39.617
-0.596,0.194,-0.701,2.686,7.629,-32.41,170.222,54.327,-38.304
-0.534,0.167,-0.74,-1.282,9.949,-32.837,171.041,54.366,-36.711
-0.542,0.141,-0.78,-4.15,6.653,-31.738,171.705,54.459,-35.167
-0.518,0.187,-0.787,-6.958,3.113,-28.931,172.161,54.668,-33.684
-0.595,0.268,-0.965,-10.193,7.263,-12.817,172.326,54.871,-32.607
-0.502,0.323,-1.056,-7.874,0.916,-5.066,172.029,54.47,-32.278
-0.735,0.294,-1.166,0.122,-11.475,-12.207,171.914,55.031,-31.97
-0.639,0.14,-1.074,7.141,7.324,-10.803,172.375,55.234,-31.421
-0.303,0.032,-0.854,5.371,8.301,3.357,172.793,54.789,-31.102
-0.33,-0.022,-0.807,8.057,3.296,4.639,173.007,54.421,-31.207
-0.293,-0.046,-0.789,4.822,11.108,13.916,173.342,53.849,-31.201
-0.252,-0.042,-0.758,-3.296,3.784,27.588,173.073,53.108,-31.899
-0.321,0.01,-0.75,-9.277,-9.033,29.053,172.288,52.844,-32.981
-0.44,0.047,-0.75,-9.155,-15.076,30.09,171.299,53.113,-34.255
-0.539,0.075,-0.756,-5.92,-11.292,31.189,170.305,53.438,-35.739
-0.55,0.098,-0.777,-4.456,-2.808,36.987,169.382,53.416,-37.419
-0.485,0.175,-0.77,-3.296,0.977,47.119,168.234,52.976,-39.633
-0.439,0.216,-0.744,-1.892,-9.583,47.852,166.998,52.707,-42.171
-0.489,0.235,-0.794,1.831,-17.883,44.678,165.85,52.872,-44.742
-0.495,0.222,-0.823,2.075,-14.954,44.861,164.778,53.058,-47.307
-0.537,0.265,-0.963,6.226,-7.507,41.809,163.85,52.982,-49.713
-0.49,0.235,-0.969,10.498,-20.081,20.752,163.504,53.064,-51.416
-0.728,0.327,-1.085,2.869,-21.667,14.099,163.323,53.773,-52.526
-0.708,0.377,-1.047,1.709,3.601,-1.648,163.29,54.113,-52.894
-0.296,0.375,-0.78,-2.991,25.574,-10.925,163.658,53.492,-52.092
-0.259,0.476,-0.751,-13.489,-5.188,-7.996,163.564,52.96,-51.279
-0.409,0.469,-0.726,-6.592,7.812,-23.56,163.174,53.157,-50.713
-0.325,0.415,-0.681,-2.258,15.686,-43.701,163.74,52.954,-48.79
-0.329,0.346,-0.625,3.601,9.399,-48.889,164.707,52.96,-46.412
-0.386,0.305,-0.629,5.432,8.484,-46.326,165.921,53.19,-44.006
-0.438,0.271,-0.631,5.31,3.235,-42.053,166.992,53.448,-41.99
-0.557,0.236,-0.644,4.15,4.395,-47.974,168.135,53.926,-39.869
-0.617,0.179,-0.699,1.709,12.878,-49.622,169.503,54.229,-37.375
-0.591,0.176,-0.769,-2.197,24.719,-44.495,170.684,53.921,-34.948
-0.488,0.186,-0.831,-7.019,23.071,-43.396,171.661,53.388,-32.536
-0.449,0.233,-0.901,-6.775,10.376,-45.349,172.381,53.168,-30.273
-0.532,0.268,-1.043,-10.864,14.343,-35.828,173.029,53.042,-28.043
-0.489,0.277,-1.052,-1.587,-2.319,-28.87,173.348,53.02,-26.499
-0.873,0.151,-1.224,12.451,-3.296,-33.936,174.342,53.608,-24.868
-0.419,-0.033,-0.98,5.859,39.185,-9.338,175.545,52.817,-23.467
0.009,-0.031,-0.868,4.395,19.104,17.639,175.737,51.015,-23.472
-0.222,-0.058,-0.813,7.751,-11.169,16.113,175.809,50.773,-23.967
-0.363,-0.039,-0.829,2.93,-5.371,35.706,175.616,50.878,-24.911
-0.279,-0.056,-0.758,-2.747,1.892,43.335,174.908,50.433,-26.68
-0.324,-0.029,-0.74,-7.324,-12.39,37.415,174.001,50.257,-28.422
-0.403,0.02,-0.705,-10.681,-20.935,37.842,172.919,50.757,-30.141
-0.523,0.104,-0.751,-9.216,-16.907,45.837,171.617,51.339,-32.25
-0.49,0.149,-0.796,-2.991,-9.033,54.26,170.25,51.465,-34.98
-0.451,0.192,-0.862,3.418,-15.747,52.185,169.025,51.52,-37.941
-0.526,0.191,-0.939,6.653,-18.127,45.471,168.184,51.899,-40.605
-0.495,0.167,-0.995,9.033,-8.362,31.677,167.701,52.059,-42.682
-0.634,0.217,-1.164,4.578,-14.465,10.498,167.679,52.262,-43.61
-0.656,0.312,-1.165,-6.226,-2.014,1.404,167.585,52.619,-43.753
-0.405,0.321,-0.924,-7.874,13.062,-23.01,167.739,52.399,-42.781
-0.343,0.464,-0.765,-22.766,-13.489,-24.902,167.547,52.421,-41.27
-0.569,0.399,-0.685,-17.151,9.399,-48.95,167.217,53.212,-39.699
-0.348,0.405,-0.613,-25.208,28.625,-62.988,167.585,52.85,-36.48
-0.327,0.342,-0.604,-12.512,24.597,-61.951,168.03,52.377,-33.283
-0.362,0.264,-0.611,-9.827,19.348,-61.035,168.843,52.092,-30.114
-0.393,0.215,-0.653,-6.714,14.893,-54.199,169.59,51.938,-27.328
-0.532,0.141,-0.728,-7.141,2.747,-55.908,170.475,52.207,-24.626
-0.616,0.119,-0.797,-13.855,16.846,-43.213,171.112,52.52,-22.181
-0.457,0.184,-0.787,-19.165,9.46,-36.621,171.293,52.234,-20.16
-0.547,0.213,-0.847,-15.686,-1.038,-30.579,171.31,52.701,-18.561
-0.499,0.312,-0.875,-13.245,-0.854,-19.897,171.112,53.036,-17.534
-0.542,0.396,-0.989,-5.737,4.272,-3.235,170.81,53.223,-17.249
-0.613,0.376,-1.019,7.996,-24.475,-5.92,170.695,53.751,-17.573
-0.821,0.301,-1.172,14.343,9.033,0.977,171.189,54.36,-17.787
-0.369,0.261,-1.021,16.846,11.108,22.4,171.398,53.569,-18.754
-0.228,0.112,-0.892,23.865,-12.939,14.038,171.771,53.377,-19.951
-0.367,-0.033,-0.78,25.085,-18.738,-11.475,173.002,54.245,-19.83
-0.368,-0.139,-0.749,2.808,8.24,-9.766,174.15,54.421,-18.946
-0.256,-0.066,-0.742,-14.954,17.273,1.77,174.194,53.58,-18.32
-0.288,0.016,-0.719,-17.273,-2.747,4.761,173.611,52.982,-18.083
-0.475,0.059,-0.699,-9.766,-14.526,6.287,173.002,53.322,-18.182
-0.633,0.067,-0.776,-5.31,-3.296,9.766,172.656,53.751,-18.556
-0.543,0.059,-0.75,-6.409,2.197,14.465,172.255,53.63,-19.276
-0.597,0.083,-0.759,-10.681,0.183,8.301,171.749,53.646,-19.995
-0.576,0.113,-0.712,-16.052,2.869,3.052,171.14,53.674,-20.424
-0.55,0.149,-0.72,-16.785,0.183,-12.451,170.552,53.86,-20.402
-0.51,0.131,-0.775,-18.921,-3.662,-19.531,170.288,54.333,-19.655
-0.538,0.127,-0.897,-18.738,-9.094,-28.259,170.057,55.085,-18.638
-0.758,0.148,-1.09,-20.447,-22.827,-52.429,170.354,56.415,-16.584
-1.023,0.232,-1.239,-34.058,3.723,-65.979,170.892,57.717,-13.387
-0.528,0.288,-0.956,-50.964,38.94,-76.111,171.244,57.145,-9.108
-0.197,0.484,-0.895,-63.66,25.208,-72.327,170.695,56.036,-4.609
-0.403,0.533,-0.832,-50.415,24.109,-64.209,169.805,55.849,-0.698
-0.209,0.467,-0.719,-33.752,19.409,-66.772,169.497,55.063,3.34
-0.389,0.343,-0.641,-18.921,-3.54,-54.138,169.574,55.228,6.905
-0.486,0.256,-0.574,-12.024,-4.822,-56.03,169.942,55.854,9.959
-0.552,0.168,-0.565,-9.583,1.038,-62.073,170.777,56.519,13.046
-0.594,0.101,-0.602,-11.658,5.615,-66.589,171.974,57.085,16.309
-0.632,0.124,-0.634,-18.616,4.578,-59.998,173.073,57.607,19.413
-0.651,0.115,-0.675,-16.479,13.184,-55.542,174.034,57.876,22.176
-0.596,0.211,-0.707,-15.686,15.015,-48.523,174.792,57.81,24.56
-0.531,0.188,-0.7,-11.292,4.639,-46.387,175.649,57.799,26.867
-0.55,0.249,-0.72,-7.08,-8.301,-32.288,176.27,58.293,28.74
-0.67,0.349,-0.781,-3.662,-14.648,-10.315,176.27,59.249,29.399
-0.893,0.335,-0.975,17.334,-12.39,-24.292,176.693,60.145,29.894
-0.655,0.054,-0.928,22.644,4.944,-44.861,178.802,60.425,31.904
-0.365,-0.127,-0.819,9.155,21.729,-33.691,-179.209,59.777,34.178
-0.288,-0.139,-0.866,0.244,1.221,-38.452,-177.984,59.008,36.255
-0.423,-0.091,-0.841,-19.287,-4.028,-26.733,-177.319,58.991,38.43
-0.54,-0.08,-0.827,-28.32,-5.798,-37.659,-177.303,59.084,40.452
-0.53,0.033,-0.738,-44.373,-3.479,-44.25,-177.731,59.156,42.99
-0.642,-0.006,-0.741,-46.631,-1.038,-66.162,-177.973,59.304,46.329
-0.582,0.032,-0.732,-55.237,7.812,-72.937,-178.072,59.117,50.482
-0.524,-0.026,-0.741,-51.27,4.883,-74.463,-178.149,58.876,54.816
-0.542,-0.047,-0.81,-53.284,0.916,-70.618,-178.165,58.914,59.205
-0.584,-0.058,-0.866,-54.871,6.775,-62.927,-178.456,58.843,63.188
-0.513,0.017,-0.938,-57.495,23.743,-60.181,-179.154,58.14,66.824
-0.611,0.044,-1.015,-46.326,-2.441,-88.989,-179.291,57.585,71.334
-0.512,0.096,-0.694,-64.331,1.526,-80.322,-178.956,57.859,76.959
-0.748,0.432,-0.687,-63.965,-26.428,-58.96,179.725,58.546,81.31
-0.855,0.367,-0.723,-59.631,21.667,-82.092,178.89,58.964,86.594
-0.567,0.318,-0.689,-60.425,37.781,-104.187,178.709,57.645,93.834
-0.419,0.229,-0.703,-59.082,32.471,-99.976,178.577,56.146,101.234
-0.495,0.226,-0.744,-56.091,23.254,-89.233,178.055,55.305,107.847
-0.479,0.207,-0.771,-51.636,14.099,-78.613,177.435,54.668,113.714
-0.491,0.236,-0.787,-47.119,11.23,-60.547,176.638,54.459,118.647
-0.448,0.264,-0.795,-39.49,-3.296,-53.406,175.814,54.547,122.723
-0.489,0.35,-0.915,-35.95,-15.991,-41.321,174.902,55.146,126.14
-0.763,0.353,-1.109,-20.935,-34.424,-47.668,174.271,56.656,129.073
-0.983,0.179,-1.189,-10.803,-38.391,-53.711,174.957,58.722,132.764
-0.95,0.125,-1.122,-14.099,-8.179,-19.165,175.232,60.353,135.555
-0.461,0.057,-0.88,-12.085,20.325,-1.831,174.825,59.93,137.01
-0.348,0.006,-0.833,1.831,20.691,-7.141,174.732,58.92,138.082
-0.305,-0.083,-0.809,-1.77,25.94,1.221,175.259,57.662,139.219
-0.241,-0.019,-0.756,-13.428,25.696,20.203,174.738,56.118,139.103
-0.094,-0.011,-0.589,-18.86,9.216,13.489,173.782,54.789,138.549
-0.32,0.065,-0.592,-20.325,-22.461,6.653,172.755,54.998,138.131
-0.521,0.124,-0.659,-16.846,-12.39,15.991,171.639,55.618,137.637
-0.533,0.149,-0.724,-9.338,-6.042,19.775,170.579,55.772,137.076
-0.573,0.15,-0.778,-4.395,-10.193,18.494,169.739,55.997,136.582
-0.525,0.103,-0.821,-0.305,-3.54,12.634,169.277,56.283,136.401
-0.556,0.125,-0.857,-0.183,-3.723,11.292,168.975,56.459,136.39
-0.533,0.134,-0.921,0.427,-8.24,7.202,168.81,56.508,136.401
-0.561,0.146,-0.989,-4.456,-17.944,2.319,168.766,57.068,136.571
-0.839,0.253,-1.096,-7.507,-4.028,-6.836,168.602,57.81,136.989
-0.672,0.321,-0.961,-12.573,21.484,-16.846,168.657,57.519,138.4
-0.308,0.342,-0.745,-19.409,34.241,-15.259,168.629,56.272,140.317
-0.347,0.425,-0.742,-20.691,6.226,-12.756,168.03,55.41,141.768
-0.356,0.413,-0.695,-17.029,16.785,-17.578,167.344,55.003,143.031
-0.257,0.386,-0.65,-13.733,9.888,-21.545,166.948,54.322,144.635
-0.389,0.344,-0.643,-8.484,-4.395,-25.085,166.718,54.388,146.157
-0.445,0.345,-0.667,-6.287,3.052,-23.376,166.63,54.619,147.706
-0.484,0.302,-0.67,-2.625,-5.066,-22.827,166.778,54.844,149.31
-0.623,0.315,-0.711,1.465,-6.592,-18.433,166.921,55.426,150.623
-0.616,0.237,-0.694,7.263,2.441,-22.034,167.52,55.761,152.221
-0.666,0.243,-0.742,6.714,5.005,-14.282,168.118,55.992,153.781
-0.557,0.173,-0.679,6.348,10.193,-12.085,168.712,55.811,155.182
-0.524,0.184,-0.697,2.563,1.526,-10.62,169.074,55.849,156.407
-0.579,0.212,-0.717,-3.418,-4.272,-7.08,169.173,56.305,157.429
-0.607,0.285,-0.831,0.61,6.348,-5.798,169.135,56.409,158.291
-0.583,0.302,-0.861,1.343,0.854,-2.014,169.195,56.437,158.983
-0.498,0.288,-0.911,9.521,13.062,-7.751,169.415,56.041,159.609
-0.476,0.217,-0.931,10.803,-17.395,-19.653,170.189,56.146,160.681
-1.081,0.163,-1.115,12.329,-30.151,-19.043,171.107,57.816,161.785
-0.996,0.093,-1.107,8.118,10.01,1.953,171.749,58.343,162.603
-0.372,-0.063,-0.755,13.062,45.654,18.311,172.112,56.92,162.812
-0.256,-0.089,-0.839,14.221,33.142,18.799,172.639,54.926,162.609
-0.081,-0.058,-0.807,2.014,38.33,43.884,172.716,52.685,161.532
-0.107,-0.004,-0.735,-3.662,0.183,45.959,171.859,51.141,158.983
-0.303,0.037,-0.7,-11.292,-16.479,38.208,170.722,50.894,156.302
-0.366,0.058,-0.659,-12.268,-25.146,27.649,169.596,51.378,154.226
-0.503,0.124,-0.691,-12.756,-33.264,26.978,168.409,52.493,152.479
-0.595,0.174,-0.782,-7.385,-24.17,31.982,167.201,53.487,150.765
-0.513,0.16,-0.841,-0.244,-17.883,31.494,166.245,54.091,149.123
-0.558,0.16,-0.95,5.249,-27.1,29.48,165.558,54.866,147.409
-0.657,0.191,-1.086,7.08,-17.639,32.776,165.015,55.426,145.574
-0.804,0.274,-1.193,6.836,-23.132,17.456,164.685,56.195,144.075
-0.48,0.392,-0.899,3.54,4.028,-3.54,164.548,56.464,143.608
-0.22,0.311,-0.674,-6.775,-18.372,-14.893,165.13,56.667,144.525
-0.6,0.432,-0.656,-14.832,-36.255,0.427,164.119,58.31,144.218
-0.564,0.414,-0.613,-11.353,10.803,-18.372,163.449,58.777,144.602
-0.436,0.417,-0.55,-3.113,13.184,-29.968,163.746,58.563,146.536
-0.468,0.29,-0.538,4.028,2.747,-38.208,164.625,58.612,148.804
-0.595,0.286,-0.573,0.977,4.822,-33.447,165.558,59.112,151.128
-0.569,0.239,-0.588,1.038,11.597,-28.931,166.437,59.128,153.369
-0.593,0.238,-0.668,0.061,12.329,-26.917,167.124,59.145,155.44
-0.593,0.251,-0.695,-2.93,8.362,-26.733,167.789,59.079,157.511
-0.57,0.345,-0.733,-5.188,3.479,-27.161,168.245,59.161,159.445
-0.743,0.348,-0.961,0.061,20.142,-27.405,168.97,59.31,161.51
-0.533,0.398,-1.056,6.958,18.921,-13.977,169.673,58.118,163.065
-0.758,0.247,-1.134,20.447,-23.56,-19.775,170.744,58.782,163.976
-0.721,0.06,-0.989,26.306,10.742,-0.427,172.211,59.139,164.636
-0.293,-0.045,-0.795,25.879,10.986,19.47,173.101,58.239,164.141
-0.457,-0.104,-0.792,22.949,-3.54,7.751,173.941,58.123,163.323
-0.428,-0.105,-0.738,7.935,7.812,8.484,174.76,57.805,163.037
-0.402,-0.117,-0.699,2.441,5.737,0.793,175.155,57.277,162.817
-0.4,-0.139,-0.653,-2.441,-7.385,4.211,175.534,57.211,162.817
-0.542,-0.095,-0.668,-11.475,-18.25,19.409,175.182,57.805,162.12
-0.681,0.023,-0.744,-14.343,-7.08,35.156,173.985,58.359,160.703
-0.587,0.104,-0.75,-9.766,5.31,45.715,172.321,58.151,158.736
-0.497,0.139,-0.757,-1.709,-3.235,42.114,170.881,57.766,156.61
-0.551,0.167,-0.769,4.028,-19.104,40.344,169.717,58.008,154.391
-0.673,0.129,-0.865,13.062,-13.916,28.87,169.041,58.601,152.43
-0.658,0.118,-0.997,14.465,-1.953,28.931,168.887,58.535,150.93
-0.746,0.085,-1.061,9.155,-18.494,11.963,168.942,59.139,149.854
-0.953,0.32,-1.17,1.221,3.418,14.282,168.64,59.447,149.101
-0.375,0.21,-0.899,2.563,35.156,2.502,168.948,58.123,149.227
-0.137,0.35,-0.856,-19.409,-0.854,3.54,168.536,57.036,149.293
-0.451,0.408,-0.776,-11.108,-9.827,-6.897,167.58,57.491,148.92
-0.484,0.426,-0.68,-10.071,-2.808,-13.794,167.212,57.634,149.425
-0.498,0.36,-0.596,7.812,10.803,-19.043,167.476,57.48,150.392
-0.472,0.284,-0.57,15.076,14.832,-11.353,168.25,56.959,151.479
-0.41,0.182,-0.554,18.005,10.62,-11.719,169.228,56.387,152.408
-0.507,0.184,-0.589,15.93,-4.089,-16.907,170.217,56.448,153.386
-0.669,0.205,-0.711,18.738,6.714,-23.804,171.348,56.838,154.709
-0.582,0.164,-0.763,20.569,20.569,-28.992,173.106,56.497,156.802
-0.505,0.125,-0.76,22.278,5.127,-32.349,174.919,56.085,158.895
-0.766,0.138,-1.072,19.592,20.447,-20.264,176.671,56.14,160.823
-0.579,0.104,-1.046,13.794,10.498,-12.085,177.715,55.415,161.845
-0.799,0.04,-1.111,16.052,2.136,-27.222,178.918,55.327,163.109
-0.609,-0.067,-1.004,13.733,27.1,-12.817,-179.764,54.662,164.509
-0.237,-0.228,-0.884,16.968,39.551,0.977,-178.792,52.795,164.795
-0.149,-0.321,-0.8,2.075,4.211,-0.854,-178.099,51.801,164.564
-0.361,-0.161,-0.814,-12.695,0.732,19.104,-178.484,51.724,163.499
-0.214,-0.114,-0.794,-8.789,9.705,31.494,-179.379,50.905,161.411
-0.258,-0.058,-0.826,-9.766,-7.446,35.583,179.632,50.603,158.928
-0.365,-0.055,-0.783,-1.404,-19.409,29.175,178.896,50.982,156.539
-0.489,-0.028,-0.752,-0.305,-27.893,40.649,178.226,51.971,154.1
-0.568,0.037,-0.718,5.615,-18.921,51.88,177.303,52.844,151.089
-0.584,0.051,-0.746,7.263,-16.113,48.889,176.473,53.542,148.293
-0.607,0.042,-0.829,6.775,0.732,45.166,175.6,53.882,145.772
-0.513,-0.006,-0.883,-0.854,7.751,28.687,174.88,53.492,143.877
-0.509,-0.026,-0.974,-13.611,10.803,5.127,174.364,53.08,143.119
-0.672,0.089,-1.02,-28.564,-11.23,-19.775,173.716,53.097,143.361
-0.854,0.229,-1.064,-35.461,0.244,-36.011,173.09,53.707,144.904
-0.55,0.335,-0.894,-24.17,21.301,-19.287,172.584,53.564,147.019
-0.286,0.371,-0.817,-11.23,16.724,16.113,171.821,52.608,147.255
-0.408,0.403,-0.775,-11.597,16.418,-5.188,170.914,52.009,147.041
-0.29,0.379,-0.734,-13.306,34.424,-36.743,170.799,50.746,148.826
-0.225,0.349,-0.702,-12.329,22.522,-46.387,170.947,49.724,151.419
-0.31,0.321,-0.688,-13.611,10.437,-48.828,171.085,49.422,154.028
-0.318,0.295,-0.675,-7.324,6.653,-52.185,171.354,49.4,156.703
-0.497,0.283,-0.789,1.282,10.437,-51.086,172.024,49.559,159.439
-0.416,0.199,-0.817,4.578,16.418,-48.218,173.09,49.18,162.235
-0.454,0.188,-0.896,3.479,11.536,-40.466,174.029,48.928,164.685
-0.475,0.229,-0.966,5.127,8.85,-20.447,174.694,48.807,166.377
-0.602,0.306,-1.133,9.338,-5.31,2.258,175.007,48.571,166.822
-0.734,0.149,-1.149,20.02,2.502,1.16,175.616,48.994,166.772
-0.454,0.034,-0.944,23.743,28.381,-3.418,176.633,48.334,167.108
-0.144,-0.08,-0.868,22.217,24.231,5.676,177.759,47.021,167.322
-0.117,-0.206,-0.883,12.634,11.963,-0.671,178.704,46.176,167.025
-0.108,-0.103,-0.854,2.563,-4.578,13.977,179.066,45.736,166.306
-0.253,-0.131,-0.877,9.888,-0.366,15.564,179.247,45.604,164.669
-0.252,-0.157,-0.883,0.977,2.686,7.141,179.588,45.258,163.526
-0.281,-0.131,-0.854,-2.502,-0.244,9.216,179.626,44.94,162.405
-0.314,-0.109,-0.835,-7.385,-3.235,11.475,179.484,44.857,161.268
-0.313,-0.025,-0.809,-7.019,-5.615,16.846,179.116,44.901,160.005
-0.346,0.029,-0.819,0.305,-9.46,-1.892,179.077,45.236,159.219
-0.445,-0.039,-0.865,-1.526,-7.69,-19.409,179.539,45.764,159.818
-0.436,-0.085,-0.931,-11.536,-2.075,-10.559,179.599,45.983,160.516
-0.418,-0.09,-1.012,-14.832,6.531,-10.742,179.379,45.945,161.06
-0.522,0.006,-1.108,-14.221,6.409,-20.142,179.044,45.604,161.669
-0.428,0.082,-1.09,-22.522,-1.16,-15.198,178.676,45.434,162.642
-0.481,0.114,-1.012,-23.193,5.554,-22.278,178.11,45.577,163.652
-0.247,0.243,-0.889,-30.518,17.334,-10.986,177.133,45.033,164.68
-0.289,0.381,-0.88,-26.428,1.343,-5.432,175.699,44.67,164.993
-0.267,0.345,-0.838,-11.169,7.629,-16.724,174.76,44.478,165.465
-0.269,0.271,-0.785,-4.211,2.747,-18.127,174.49,44.313,166.377
-0.286,0.199,-0.737,-0.183,-0.183,-23.071,174.452,44.368,167.278
-0.318,0.168,-0.728,-3.479,-0.61,-22.4,174.529,44.522,168.415
-0.349,0.167,-0.754,-5.005,1.77,-21.301,174.463,44.676,169.481
-0.393,0.17,-0.792,-6.409,0.793,-21.24,174.391,44.824,170.645
-0.434,0.181,-0.901,-4.822,13.306,-16.541,174.315,44.692,171.733
-0.401,0.186,-0.935,-1.526,7.263,-14.771,174.364,44.385,172.76
-0.409,0.226,-0.915,-0.854,-4.517,-2.38,174.326,44.522,173.298
-0.472,0.308,-0.946,3.174,2.869,14.16,174.117,44.725,172.991
-0.509,0.32,-0.993,22.766,0.122,9.033,174.282,44.604,172.304
-0.485,0.141,-1.113,29.358,17.334,-1.282,175.402,44.198,172.37
-0.174,-0.046,-0.931,25.94,18.066,7.08,176.721,43.319,172.491
-0.125,-0.058,-0.896,18.372,8.484,5.798,177.61,42.654,171.98
-0.138,-0.095,-0.902,12.634,8.667,0.732,178.467,42.166,171.639
-0.073,-0.079,-0.901,6.714,7.751,6.47,178.989,41.528,171.002
-0.087,-0.029,-0.901,2.014,-3.906,14.954,179.171,41.122,169.86
-0.17,-0.032,-0.846,5.554,-17.395,12.024,179.258,41.32,168.393
-0.333,-0.019,-0.833,4.15,-16.907,12.878,179.407,41.984,167.124
-0.368,-0.027,-0.859,5.249,-4.211,7.935,179.604,42.391,166.196
-0.341,-0.042,-0.84,4.272,-2.808,3.723,179.89,42.512,165.795
-0.352,-0.031,-0.888,0.244,3.662,6.226,-179.945,42.484,165.504
-0.291,-0.019,-0.908,-2.625,5.737,10.376,-179.978,42.264,165.103
-0.307,0.009,-0.938,-0.488,-1.526,9.277,179.89,42.215,164.52
-0.337,-0.017,-0.927,1.526,-5.92,2.197,179.945,42.429,164.152
-0.38,-0.054,-0.921,1.16,-6.653,-4.272,-179.841,42.808,164.191
-0.375,-0.064,-0.964,-4.15,-1.221,-1.404,-179.725,43.039,164.383
-0.373,-0.03,-0.946,-6.165,-7.935,1.282,-179.863,43.319,164.339
-0.412,-0.03,-0.971,-6.653,-1.099,3.052,179.956,43.627,164.295
-0.366,0.0,-0.937,-8.423,-8.362,4.028,179.615,43.918,164.064
-0.344,0.031,-0.927,-8.484,-9.094,2.014,179.258,44.346,163.85
-0.438,0.06,-0.998,-8.606,-5.188,0.732,178.929,44.78,163.757
-0.281,0.176,-1.022,-10.864,11.475,11.719,178.352,44.561,163.46
-0.143,0.189,-0.982,-2.136,-6.47,7.202,177.858,44.242,162.856
-0.291,0.215,-0.95,-1.038,-14.893,17.212,177.429,44.742,161.9
-0.262,0.204,-0.924,4.15,-9.399,18.921,177.039,45.033,160.653
-0.292,0.217,-0.871,8.972,-15.808,25.635,176.737,45.45,159.192
-0.349,0.17,-0.816,17.334,-15.442,20.63,176.748,46.0,157.703
-0.389,0.138,-0.791,17.395,-14.16,23.315,176.957,46.555,156.379
-0.402,0.081,-0.784,17.334,-7.202,22.888,177.22,46.923,155.143
-0.455,0.085,-0.825,15.625,-8.179,30.64,177.286,47.236,153.715
-0.422,0.081,-0.877,14.038,3.113,37.537,177.237,47.219,152.045
-0.425,0.117,-0.903,17.456,-6.958,47.668,177.05,47.23,149.821
-0.358,0.091,-0.867,18.127,-5.554,58.594,176.819,47.291,146.992
-0.314,0.143,-0.81,16.541,-20.752,75.745,176.133,47.714,143.19
-0.519,0.272,-0.868,21.057,-28.687,89.905,175.045,48.455,138.472
-0.661,0.247,-0.944,37.109,-24.414,85.388,174.331,49.224,133.621
-0.456,0.095,-0.848,41.016,0.854,76.843,174.32,49.373,129.435
-0.375,0.011,-0.813,35.828,-5.249,61.646,174.633,49.12,125.843
-0.4,0.044,-0.846,26.978,-3.479,66.101,174.716,48.994,122.234
-0.408,0.028,-0.881,22.888,0.183,62.927,174.672,48.675,118.466
-0.335,0.073,-0.898,20.447,6.775,68.237,174.424,48.032,114.549
-0.316,0.081,-0.89,22.034,-3.235,62.927,174.194,47.483,110.511
-0.365,0.07,-0.875,22.766,-6.165,55.664,174.172,47.291,106.765
-0.385,0.076,-0.917,24.597,0.122,51.453,174.348,47.027,103.332
-0.362,0.082,-0.933,26.306,-2.747,50.781,174.672,46.686,99.998
-0.38,0.047,-0.915,26.794,-3.174,42.847,175.172,46.511,96.872
-0.399,0.025,-0.868,21.912,-9.949,36.011,175.726,46.626,94.158
-0.395,0.061,-0.889,16.907,1.099,35.217,176.039,46.615,91.516
-0.337,0.086,-0.891,19.592,-3.174,31.921,176.364,46.472,89.061
-0.358,0.075,-0.915,20.508,-3.967,30.029,176.781,46.505,86.721
-0.369,0.031,-0.904,21.179,-6.47,18.982,177.407,46.67,84.836
-0.377,0.037,-0.88,13.916,-12.146,21.423,177.918,47.01,83.128
-0.491,0.064,-0.907,11.963,-13.0,19.714,178.138,47.593,81.282
-0.482,0.086,-0.884,9.277,-5.127,23.682,178.248,48.01,79.448
-0.387,0.068,-0.884,13.0,4.578,18.921,178.347,47.972,77.563
-0.371,0.037,-0.893,11.353,-2.747,15.076,178.627,47.917,76.036
-0.391,0.01,-0.888,6.226,-2.869,8.179,178.835,48.027,74.762
-0.443,0.036,-0.909,1.404,-0.793,7.751,178.885,48.159,73.724
-0.382,0.054,-0.886,-0.61,-2.258,8.179,178.753,48.148,72.62
-0.444,0.085,-0.891,-0.916,-2.869,10.01,178.533,48.312,71.516
-0.418,0.097,-0.876,-0.854,-0.183,12.146,178.281,48.334,70.356
-0.424,0.098,-0.873,1.221,0.793,10.864,178.028,48.307,69.159
