-0.262,0.0,-0.937,0.61,-0.305,3.662,-177.792,40.155,140.746
-0.29,0.014,-0.935,0.244,0.305,2.258,-177.825,40.199,140.543
-0.282,0.013,-0.929,1.099,1.953,3.601,-177.825,40.15,140.389
-0.274,0.016,-0.935,2.502,3.784,2.625,-177.803,40.018,140.246
-0.265,0.008,-0.942,3.479,4.639,3.906,-177.704,39.842,140.109
-0.251,-0.002,-0.94,3.479,2.625,5.371,-177.599,39.683,139.867
-0.268,-0.003,-0.944,1.892,2.563,4.639,-177.545,39.6,139.554
-0.242,0.01,-0.943,1.465,3.662,4.883,-177.539,39.424,139.29
-0.235,0.015,-0.955,2.258,3.174,4.028,-177.517,39.26,139.016
-0.233,-0.001,-0.943,3.601,-0.488,1.892,-177.402,39.194,138.823
-0.261,-0.016,-0.947,3.113,-0.244,-0.732,-177.248,39.232,138.757
-0.241,-0.023,-0.942,1.709,-0.427,-1.953,-177.122,39.216,138.774
-0.264,-0.021,-0.944,1.465,-0.732,-0.244,-177.023,39.265,138.763
-0.256,-0.021,-0.943,0.61,0.977,1.648,-176.973,39.265,138.642
-0.249,-0.01,-0.944,1.099,0.0,1.892,-176.946,39.243,138.466
-0.26,-0.019,-0.944,1.038,0.0,2.93,-176.902,39.254,138.252
-0.244,-0.031,-0.943,0.183,2.319,0.977,-176.869,39.188,138.104
-0.237,-0.013,-0.942,-0.977,0.183,3.357,-176.924,39.128,137.906
-0.249,-0.02,-0.949,0.183,0.854,3.662,-176.957,39.106,137.659
-0.24,-0.007,-0.945,0.671,1.221,4.761,-176.99,39.056,137.357
-0.236,-0.014,-0.946,0.671,0.793,6.775,-177.006,39.007,136.994
-0.227,-0.003,-0.948,1.77,-0.061,6.897,-177.034,38.969,136.544
-0.243,-0.013,-0.951,2.38,-1.099,7.324,-177.001,39.001,136.115
-0.26,-0.014,-0.947,2.441,-2.258,6.653,-176.979,39.095,135.648
-0.249,-0.008,-0.943,0.793,-0.793,6.531,-176.968,39.139,135.242
-0.246,-0.01,-0.944,1.709,-1.099,5.432,-176.968,39.183,134.868
-0.251,-0.009,-0.938,1.343,-2.014,4.517,-176.957,39.265,134.55
-0.266,-0.013,-0.946,1.221,-0.854,3.418,-176.935,39.353,134.291
-0.247,-0.007,-0.942,1.16,0.244,3.723,-176.929,39.359,134.022
-0.263,-0.022,-0.942,1.221,-2.319,0.488,-176.88,39.43,133.852
-0.262,-0.016,-0.942,0.122,1.343,1.038,-176.863,39.441,133.726
-0.253,-0.008,-0.94,0.366,-0.305,3.357,-176.874,39.424,133.5
-0.269,-0.007,-0.941,1.038,0.183,4.15,-176.88,39.446,133.231
-0.253,-0.015,-0.94,-0.671,1.099,2.38,-176.891,39.413,133.033
-0.252,0.003,-0.943,0.366,2.258,0.549,-176.935,39.364,132.88
-0.244,-0.004,-0.942,1.648,1.404,0.061,-176.896,39.287,132.792
-0.232,-0.017,-0.943,2.258,0.916,-0.427,-176.797,39.21,132.709
-0.247,-0.011,-0.946,2.319,0.916,0.671,-176.71,39.183,132.599
-0.238,-0.026,-0.951,2.991,0.793,2.075,-176.578,39.128,132.44
-0.239,-0.036,-0.948,3.174,-0.671,1.831,-176.451,39.106,132.231
-0.225,-0.032,-0.947,1.709,-0.305,4.272,-176.364,39.106,131.957
-0.256,-0.031,-0.948,1.465,-3.235,2.808,-176.32,39.199,131.638
-0.242,-0.039,-0.938,-1.404,-2.747,2.319,-176.309,39.293,131.413
-0.265,-0.023,-0.945,-1.404,-0.488,-0.916,-176.38,39.391,131.259
-0.245,-0.019,-0.94,-1.709,-2.014,-0.916,-176.429,39.43,131.215
-0.261,-0.03,-0.946,-0.977,-0.61,-0.061,-176.462,39.496,131.138
-0.231,-0.014,-0.941,-2.38,-0.977,1.099,-176.561,39.496,130.995
-0.271,-0.008,-0.946,-2.014,-3.845,0.854,-176.666,39.65,130.858
-0.253,-0.009,-0.935,-1.282,-1.587,-0.427,-176.732,39.743,130.792
-0.278,0.003,-0.94,-0.916,-2.808,2.136,-176.814,39.886,130.655
-0.283,-0.006,-0.943,-0.183,-0.305,0.732,-176.841,39.963,130.562
-0.28,-0.009,-0.928,-1.953,-1.709,2.502,-176.902,40.007,130.452
-0.265,0.021,-0.938,1.404,3.174,2.991,-177.001,39.985,130.265
-0.258,0.006,-0.94,1.77,-0.549,1.465,-176.962,39.941,130.128
-0.263,-0.008,-0.948,2.93,1.282,-1.038,-176.863,39.941,130.078
-0.249,-0.018,-0.939,1.77,-1.892,-1.465,-176.743,39.935,130.128
-0.281,-0.016,-0.94,0.488,-0.244,-2.502,-176.671,40.023,130.166
-0.267,-0.016,-0.938,0.916,0.061,-2.991,-176.605,40.012,130.248
-0.255,-0.021,-0.938,0.549,0.366,-3.845,-176.528,39.985,130.331
-0.28,-0.025,-0.948,0.122,0.793,-5.798,-176.44,39.985,130.523
-0.255,-0.041,-0.938,-0.793,-0.488,-6.042,-176.358,39.952,130.77
-0.267,-0.026,-0.939,-2.502,2.014,-4.517,-176.375,39.924,130.963
-0.252,-0.014,-0.943,-1.953,-0.488,-2.441,-176.435,39.88,131.045
-0.268,-0.014,-0.943,-0.488,0.916,-2.869,-176.451,39.88,131.111
-0.261,-0.035,-0.938,-1.526,-1.587,-3.418,-176.424,39.891,131.232
-0.272,-0.018,-0.936,-2.808,1.404,-4.456,-176.495,39.897,131.375
-0.259,-0.009,-0.938,-3.601,0.183,-2.747,-176.6,39.853,131.523
-0.258,-0.003,-0.943,-1.587,1.77,-3.052,-176.677,39.803,131.66
-0.246,-0.007,-0.939,0.183,0.183,-2.747,-176.693,39.743,131.776
-0.27,-0.017,-0.942,-1.099,0.793,-1.404,-176.666,39.743,131.924
-0.243,0.002,-0.933,-0.305,2.014,-3.052,-176.693,39.633,132.012
-0.289,-0.001,-0.929,-1.343,2.747,-6.348,-176.677,39.567,132.22
-0.284,-0.019,-0.926,-1.831,8.484,-14.771,-176.633,39.293,132.698
-0.259,-0.023,-0.934,-4.578,14.832,-17.578,-176.594,38.749,133.572
-0.191,-0.042,-0.96,-7.568,13.977,-13.672,-176.677,38.035,134.379
-0.162,0.011,-0.963,-8.911,8.972,-3.601,-177.006,37.452,134.747
-0.185,0.023,-0.974,-4.883,2.625,-1.587,-177.297,37.194,134.775
-0.168,0.036,-0.966,-0.183,0.183,-2.808,-177.424,37.062,134.808
-0.241,-0.0,-0.959,-1.038,-6.47,-3.845,-177.396,37.282,134.995
-0.234,0.006,-0.936,-3.967,-2.258,-7.08,-177.501,37.425,135.253
-0.257,0.032,-0.946,-1.526,0.793,-8.24,-177.578,37.491,135.681
-0.229,0.001,-0.953,2.075,1.282,-9.644,-177.446,37.43,136.208
-0.208,-0.019,-0.946,2.197,1.16,-6.653,-177.264,37.375,136.675
-0.22,-0.036,-0.953,0.549,-1.282,-5.554,-177.122,37.419,137.005
-0.234,-0.004,-0.954,0.183,-1.648,1.221,-177.105,37.496,137.109
-0.237,-0.005,-0.947,1.587,-1.77,1.587,-177.072,37.579,137.054
-0.241,-0.025,-0.945,1.465,0.793,1.831,-176.979,37.628,137.027
-0.23,0.012,-0.951,-0.854,1.343,5.31,-177.05,37.59,136.796
-0.222,0.002,-0.945,-1.221,-0.793,-0.61,-177.1,37.573,136.714
-0.247,0.012,-0.952,0.61,1.038,-3.418,-177.127,37.612,136.846
-0.203,-0.011,-0.949,2.319,3.967,-2.502,-177.017,37.469,137.065
-0.213,-0.015,-0.958,1.099,2.38,1.587,-176.935,37.348,137.082
-0.196,-0.016,-0.958,1.831,0.488,3.052,-176.891,37.244,136.945
-0.215,-0.02,-0.957,0.0,0.916,3.296,-176.88,37.222,136.758
-0.209,-0.001,-0.952,-1.404,0.732,1.77,-176.951,37.167,136.615
-0.226,-0.001,-0.948,-0.061,-0.549,0.305,-176.99,37.178,136.593
-0.216,0.014,-0.948,-0.366,2.075,-0.732,-177.039,37.123,136.588
-0.215,0.007,-0.953,-0.427,1.038,-0.732,-177.034,37.068,136.681
-0.211,0.005,-0.958,1.038,1.099,-3.174,-177.017,37.018,136.791
-0.192,-0.02,-0.957,1.16,1.343,-4.761,-176.907,36.92,137.01
-0.217,-0.003,-0.955,-1.221,-0.488,-5.615,-176.907,36.92,137.225
-0.194,0.003,-0.951,-0.488,0.061,-5.859,-176.896,36.898,137.494
-0.212,-0.025,-0.954,0.061,-0.366,-6.958,-176.814,36.914,137.807
-0.187,-0.013,-0.955,-0.244,2.136,-3.296,-176.776,36.826,138.043
-0.197,-0.012,-0.958,-0.793,-2.136,-1.953,-176.77,36.815,138.137
-0.214,-0.007,-0.95,-1.648,-2.197,-3.601,-176.808,36.92,138.214
-0.212,0.006,-0.949,-1.892,-1.343,-6.165,-176.858,36.985,138.477
-0.208,0.003,-0.951,-1.282,0.732,-6.104,-176.869,36.985,138.823
-0.22,-0.011,-0.958,-0.854,-0.977,-7.812,-176.847,36.996,139.208
-0.193,-0.014,-0.948,-0.854,0.0,-8.789,-176.83,36.969,139.631
-0.23,-0.004,-0.948,-2.38,0.488,-7.446,-176.841,36.991,140.054
-0.212,-0.017,-0.955,-1.221,1.648,-4.517,-176.841,36.92,140.372
-0.202,-0.017,-0.948,-1.343,2.563,-5.31,-176.863,36.799,140.636
-0.201,-0.017,-0.958,-3.418,2.075,-3.662,-176.924,36.689,140.878
-0.225,0.012,-0.957,-3.723,0.244,-3.174,-177.083,36.667,141.026
-0.2,0.038,-0.95,-3.113,1.892,-2.319,-177.237,36.584,141.213
-0.221,0.037,-0.962,1.77,2.502,-6.714,-177.22,36.508,141.515
-0.2,0.052,-0.96,3.113,2.136,-6.409,-177.094,36.37,141.921
-0.182,0.021,-0.96,6.47,5.127,-7.996,-176.797,36.194,142.344
-0.175,0.002,-0.953,7.019,-2.136,-16.357,-176.418,36.101,142.987
-0.157,-0.012,-0.951,2.991,2.808,-24.536,-176.028,36.041,144.042
-0.175,-0.022,-0.974,0.732,-0.488,-32.227,-175.693,35.953,145.497
-0.114,-0.025,-0.968,-2.441,0.977,-34.79,-175.446,35.771,147.184
-0.124,-0.024,-0.968,-2.014,-7.019,-41.138,-175.259,35.81,149.002
-0.129,-0.06,-0.967,-5.615,-11.169,-45.776,-175.023,36.063,151.15
-0.172,-0.098,-0.947,-11.719,-19.836,-54.321,-174.919,36.606,153.567
-0.243,-0.064,-0.943,-18.311,-14.893,-56.763,-175.034,37.31,156.39
-0.174,-0.046,-0.924,-18.555,-15.442,-57.312,-175.259,37.782,159.208
-0.25,-0.043,-0.899,-18.616,-20.996,-60.242,-175.413,38.622,162.268
-0.323,-0.039,-0.95,-13.916,-13.55,-70.984,-175.38,39.304,165.69
-0.29,-0.086,-0.967,-14.526,-6.287,-77.759,-174.985,39.556,169.832
-0.302,-0.087,-0.956,-10.01,-8.179,-88.623,-174.452,39.76,174.315
-0.283,-0.175,-0.9,-14.099,-12.939,-97.961,-173.655,40.078,179.506
-0.304,-0.183,-0.901,-20.264,-10.62,-103.516,-173.002,40.331,-174.935
-0.299,-0.146,-0.933,-27.1,-2.808,-103.088,-172.661,40.298,-169.349
-0.284,-0.146,-0.955,-28.137,-0.183,-109.863,-172.414,39.99,-163.521
-0.242,-0.151,-0.966,-29.785,0.366,-110.901,-172.249,39.534,-157.566
-0.193,-0.136,-0.938,-31.433,-6.104,-113.708,-172.189,39.133,-151.54
-0.273,-0.108,-0.913,-31.433,-14.771,-111.511,-172.178,39.183,-145.47
-0.399,-0.077,-0.93,-24.109,-8.118,-110.046,-172.057,39.326,-139.548
-0.25,-0.094,-0.913,-21.851,10.803,-107.971,-171.722,38.732,-133.726
-0.237,-0.162,-0.94,-23.01,-2.686,-106.567,-171.414,38.128,-128.062
-0.174,-0.066,-0.93,-27.527,2.869,-99.06,-171.541,37.617,-122.712
-0.172,-0.065,-0.928,-24.597,-10.437,-92.712,-171.7,37.326,-117.74
-0.304,-0.049,-0.934,-27.405,-7.263,-86.487,-171.98,37.463,-113.137
-0.257,-0.021,-0.957,-27.649,0.244,-94.482,-172.37,37.178,-108.523
-0.246,0.002,-0.976,-27.466,1.77,-100.159,-172.733,36.777,-103.601
-0.183,0.0,-0.966,-21.545,4.211,-100.708,-172.958,36.249,-98.635
-0.175,-0.064,-0.955,-18.433,-7.568,-97.9,-172.974,35.997,-93.763
-0.256,-0.077,-0.936,-23.315,-5.859,-94.421,-173.106,36.085,-89.033
-0.248,-0.08,-0.935,-26.794,-6.409,-95.764,-173.392,36.09,-84.276
-0.244,-0.031,-0.955,-26.733,1.404,-90.393,-173.82,35.953,-79.656
-0.232,-0.025,-0.949,-26.794,-4.089,-83.313,-174.276,35.848,-75.405
-0.241,-0.005,-0.927,-23.804,-8.667,-75.134,-174.76,36.046,-71.559
-0.25,0.036,-0.918,-22.949,-6.287,-66.284,-175.243,36.343,-68.198
-0.269,0.053,-0.928,-18.738,-11.23,-60.852,-175.644,36.733,-65.215
-0.291,0.078,-0.935,-15.93,-10.925,-55.786,-175.968,37.337,-62.54
-0.305,0.045,-0.954,-8.85,-13.245,-53.345,-176.034,37.93,-60.095
-0.284,0.028,-0.938,-3.479,-10.986,-42.725,-175.897,38.573,-57.942
-0.293,-0.053,-0.932,-3.296,-18.921,-35.522,-175.578,39.287,-56.283
-0.343,-0.043,-0.948,-12.268,-18.127,-31.494,-175.589,40.292,-54.761
-0.389,-0.013,-0.995,-14.343,-22.278,-25.696,-175.897,41.309,-53.514
-0.415,0.015,-0.965,-7.507,-13.916,-2.441,-176.237,42.292,-53.026
-0.235,-0.028,-0.789,5.493,-24.719,19.226,-176.44,43.226,-53.943
-0.48,-0.063,-0.895,3.296,-30.701,17.029,-176.495,44.896,-55.074
-0.44,-0.058,-0.908,2.258,-0.549,17.639,-176.677,45.582,-56.162
-0.347,-0.046,-0.95,-4.333,6.836,10.132,-176.935,45.45,-57.008
-0.3,-0.006,-0.917,-4.028,0.793,4.333,-177.231,45.269,-57.464
-0.365,-0.03,-0.842,-6.348,-17.09,-2.625,-177.374,45.703,-57.546
-0.506,0.029,-0.849,-8.545,-8.179,0.305,-177.731,46.511,-57.607
-0.417,-0.005,-0.836,-6.042,-1.831,-8.85,-177.951,46.703,-57.596
-0.453,-0.001,-0.799,-9.827,-5.432,-11.78,-178.105,47.049,-57.195
-0.467,-0.021,-0.792,-9.644,-3.052,-16.235,-178.264,47.39,-56.667
-0.473,-0.025,-0.841,-10.437,1.16,-17.456,-178.358,47.609,-55.948
-0.464,-0.066,-0.93,-13.306,-0.916,-22.156,-178.418,47.736,-55.069
-0.533,-0.038,-1.014,-15.991,-10.376,-21.24,-178.583,48.131,-53.987
-0.611,-0.021,-1.204,-17.639,2.563,-15.137,-178.901,48.499,-53.163
-0.502,0.015,-1.254,-22.949,9.399,-16.174,-179.429,48.208,-52.421
-0.334,0.147,-1.138,-15.625,3.906,-27.893,-179.94,47.944,-51.427
-0.207,0.1,-0.944,-14.954,-6.165,-30.457,-179.835,47.961,-49.812
-0.296,0.228,-0.928,-20.142,-6.165,-5.066,179.368,48.329,-49.323
-0.278,0.184,-0.926,-11.169,11.963,-15.93,178.764,47.906,-49.081
-0.161,0.145,-0.865,-10.62,9.705,-19.714,178.467,47.17,-48.323
-0.221,0.095,-0.765,-11.414,-11.414,-17.7,178.165,47.175,-47.615
-0.34,0.115,-0.67,-14.771,-12.878,-7.996,177.578,47.719,-47.285
-0.41,0.112,-0.663,-10.437,-10.193,-8.911,176.995,48.23,-47.263
-0.444,0.151,-0.712,-11.78,-3.296,-3.723,176.435,48.636,-47.318
-0.485,0.188,-0.801,-6.348,3.296,-3.54,175.902,48.768,-47.593
-0.465,0.181,-0.873,-4.395,11.292,-3.357,175.66,48.538,-47.747
-0.365,0.162,-0.864,-3.662,5.737,-1.892,175.43,48.164,-47.983
-0.399,0.246,-0.848,-8.484,-3.235,2.441,174.979,48.274,-48.367
-0.399,0.283,-0.915,-0.122,-1.343,5.676,174.463,48.4,-49.054
-0.47,0.25,-0.959,9.705,-18.921,2.136,174.375,48.757,-49.796
-1.489,0.398,-2.362,6.592,-11.719,1.099,174.573,49.752,-50.378
-0.572,0.193,-1.156,7.812,18.982,4.7,174.771,49.329,-50.867
-0.293,0.121,-1.021,8.667,13.062,6.897,175.001,48.549,-51.378
-0.097,0.033,-0.898,13.123,-3.296,6.47,175.342,48.137,-51.916
-0.336,-0.068,-0.897,13.184,-4.517,1.831,176.056,48.494,-52.075
-0.19,-0.037,-0.887,5.249,12.024,17.273,176.292,47.774,-52.575
-0.185,-0.03,-0.783,4.944,-11.108,13.306,176.462,47.527,-53.097
-0.398,0.02,-0.741,4.333,-24.963,18.127,176.468,48.334,-53.833
-0.471,0.016,-0.681,8.545,-10.864,17.883,176.523,49.016,-54.794
-0.553,0.026,-0.755,4.272,-8.484,20.935,176.583,49.521,-55.794
-0.516,0.074,-0.739,7.874,4.028,20.63,176.396,49.62,-57.074
-0.52,0.0,-0.833,7.141,7.019,14.404,176.589,49.532,-57.986
-0.431,0.039,-0.828,3.845,5.127,15.869,176.594,49.202,-58.821
-0.436,0.016,-0.866,11.353,5.737,10.742,176.765,49.164,-59.562
-0.458,-0.103,-1.082,10.864,6.836,-3.906,177.424,48.84,-59.727
-0.657,-0.123,-1.255,-7.385,1.099,-17.761,178.066,48.966,-58.859
-0.54,0.06,-1.23,-20.569,29.114,-6.714,177.77,48.356,-58.03
-0.177,0.174,-1.034,-24.902,33.203,-12.573,177.034,46.791,-57.272
-0.055,0.306,-0.977,-26.367,11.047,-12.512,176.105,45.654,-56.371
-0.203,0.378,-0.929,-13.367,-3.052,-10.681,175.221,45.582,-55.887
-0.251,0.291,-0.877,-1.77,1.343,-17.334,175.034,45.385,-55.338
-0.236,0.233,-0.772,0.732,-5.798,-16.357,175.062,45.445,-54.789
-0.342,0.238,-0.739,1.221,-15.076,-7.507,175.045,45.961,-54.597
-0.36,0.225,-0.702,8.911,1.709,1.343,174.99,46.241,-55.074
-0.289,0.152,-0.646,6.409,-7.996,-9.766,175.259,46.346,-55.278
-0.506,0.14,-0.698,4.7,-8.972,-21.545,175.545,47.104,-54.877
-0.559,0.061,-0.77,-0.061,15.137,-24.902,176.05,47.313,-53.998
-0.427,0.098,-0.862,-8.667,24.231,-18.921,176.221,46.538,-53.004
-0.392,0.108,-0.919,-10.742,17.7,-13.489,176.072,45.928,-52.3
-0.241,0.183,-0.917,-14.893,5.188,-3.967,175.633,45.368,-51.938
-0.467,0.298,-1.124,-12.939,-7.507,2.258,174.842,45.764,-52.163
-0.297,0.295,-1.097,0.671,-0.427,-0.916,174.364,45.731,-52.559
-0.572,0.188,-1.173,2.075,-26.306,-11.292,174.463,46.599,-52.548
-0.516,0.129,-1.151,1.038,16.418,-2.747,174.584,46.873,-52.432
-0.168,0.098,-0.983,3.784,21.606,9.216,174.611,45.791,-52.663
-0.057,0.056,-0.905,13.0,-0.061,13.733,174.875,45.016,-53.273
-0.215,0.021,-0.919,16.357,-2.563,20.386,175.375,44.978,-54.064
-0.129,0.0,-0.832,14.893,-7.08,23.01,175.831,44.714,-55.063
-0.199,0.006,-0.776,10.681,-21.606,20.203,176.166,45.154,-55.981
-0.304,0.011,-0.729,5.798,-34.546,13.672,176.32,46.285,-56.766
-0.466,0.009,-0.732,4.456,-35.095,0.488,176.534,47.928,-57.079
-0.546,0.005,-0.759,4.089,-22.034,-1.709,176.825,49.312,-57.09
-0.578,-0.02,-0.781,1.953,-10.986,2.563,177.083,50.158,-57.206
-0.556,-0.031,-0.749,-1.465,-7.324,4.211,177.166,50.757,-57.442
-0.562,0.014,-0.807,-4.333,-0.977,11.353,176.995,51.169,-57.876
-0.414,-0.021,-0.821,-4.7,-5.737,18.25,176.6,51.405,-58.727
-0.192,-0.08,-0.953,-12.39,-33.691,36.804,175.655,52.119,-60.244
-0.605,0.067,-0.941,-24.17,-79.834,35.461,173.82,54.761,-62.518
-0.936,0.206,-0.891,-19.165,-35.583,14.404,171.804,57.618,-64.396
-1.001,0.247,-1.032,-15.198,-13.184,-10.803,171.041,58.618,-64.644
-0.861,0.359,-1.048,-5.554,36.255,-26.245,171.167,58.436,-63.616
-0.336,0.217,-0.78,-7.263,59.021,-42.236,172.546,56.277,-61.078
-0.282,0.344,-0.746,-19.958,22.583,-36.56,172.881,54.712,-58.903
-0.51,0.311,-0.771,-12.817,43.518,-34.302,173.007,53.707,-57.255
-0.193,0.276,-0.708,-11.597,45.166,-36.255,173.227,51.367,-55.58
-0.323,0.233,-0.648,-14.465,7.69,-34.302,173.232,50.696,-54.135
-0.532,0.256,-0.645,-7.629,15.381,-25.269,173.046,50.515,-53.306
-0.458,0.204,-0.662,1.343,36.133,-23.56,173.408,49.455,-52.498
-0.404,0.19,-0.773,9.521,24.475,-20.203,174.04,48.296,-51.817
-0.326,0.147,-0.951,13.916,20.081,-12.451,174.831,47.516,-51.471
-0.26,0.237,-0.92,6.409,-18.372,8.057,175.226,47.422,-51.888
-0.56,0.253,-0.918,12.878,-31.799,9.521,175.281,48.84,-53.097
-0.698,0.291,-1.162,16.724,10.864,11.475,175.479,49.323,-54.349
-0.567,0.132,-1.286,21.484,14.343,3.784,176.204,48.647,-55.179
-0.444,0.039,-1.201,16.235,25.269,17.456,176.896,47.725,-56.025
-0.09,-0.024,-0.914,20.874,27.222,10.62,177.462,46.296,-56.997
-0.105,-0.17,-0.812,25.879,2.625,-9.949,178.786,45.439,-56.964
-0.241,-0.178,-0.845,15.32,7.629,2.38,179.995,45.088,-56.563
-0.139,-0.226,-0.771,7.69,10.681,5.493,-179.253,44.352,-56.547
-0.266,-0.156,-0.778,-7.324,-6.592,8.972,-179.143,44.154,-56.563
-0.398,-0.104,-0.776,-10.498,1.892,5.493,-179.379,44.258,-56.646
-0.376,-0.092,-0.795,-9.521,4.578,-4.517,-179.566,44.033,-56.459
-0.375,-0.105,-0.803,-14.954,11.536,-2.869,-179.808,43.72,-56.146
-0.371,-0.067,-0.856,-18.433,8.789,-6.287,179.714,43.347,-55.849
-0.332,-0.016,-0.889,-18.433,18.188,-11.719,179.22,42.825,-55.322
-0.241,-0.026,-0.99,-12.695,8.24,-31.25,179.033,42.259,-54.272
-0.226,-0.098,-1.132,-27.222,16.113,-70.679,179.121,41.836,-51.625
-0.289,0.002,-1.206,-40.344,4.028,-83.374,178.863,41.715,-47.461
-0.517,0.187,-1.271,-43.945,6.104,-99.121,178.204,41.732,-42.968
-0.318,0.35,-1.04,-47.241,40.283,-117.249,177.61,41.001,-37.667
-0.187,0.329,-0.904,-43.213,23.254,-117.676,177.067,39.88,-31.811
-0.25,0.363,-0.877,-34.79,14.893,-78.491,176.182,39.65,-27.4
-0.167,0.265,-0.8,-22.827,12.695,-52.49,175.38,39.293,-24.895
-0.214,0.26,-0.764,-18.127,4.578,-34.973,174.666,39.265,-23.428
-0.151,0.242,-0.679,-11.414,2.625,-26.489,174.029,39.271,-22.731
-0.251,0.226,-0.722,-7.202,-10.437,-18.188,173.589,39.743,-22.423
-0.318,0.186,-0.785,-0.671,-2.808,-9.766,173.348,40.243,-22.566
-0.307,0.137,-0.833,4.028,-10.132,3.845,173.309,40.616,-23.214
-0.451,0.101,-0.911,3.784,-5.554,16.357,173.254,41.116,-24.494
-0.329,0.154,-0.886,-0.122,3.479,29.053,172.947,40.974,-26.252
-0.374,0.13,-0.893,7.202,-7.629,34.546,172.711,41.045,-28.405
-0.327,0.173,-0.842,8.118,-7.202,50.964,172.397,41.111,-31.207
-0.383,0.27,-0.897,20.569,-18.311,67.139,172.205,41.468,-34.799
-0.342,0.354,-0.919,30.762,-8.85,79.346,172.288,41.699,-39.095
-0.381,0.368,-1.043,54.565,-20.63,66.772,172.974,41.765,-43.709
-0.472,0.271,-1.191,42.664,-17.822,49.927,174.276,42.446,-47.296
-0.542,0.129,-1.286,41.443,-4.883,32.166,175.496,42.852,-49.944
-0.246,-0.014,-1.067,25.635,16.663,44.128,176.506,42.418,-52.114
0.084,-0.013,-0.91,24.963,5.371,43.335,176.918,41.364,-54.662
-0.097,-0.127,-0.899,23.193,-17.029,26.428,177.803,41.561,-56.365
-0.107,-0.125,-0.846,16.907,-3.662,37.231,178.407,41.611,-57.997
-0.101,-0.171,-0.792,6.165,-14.771,33.142,178.665,41.693,-59.788
-0.212,-0.096,-0.735,-6.775,-27.649,37.048,178.308,42.435,-61.578
-0.353,-0.034,-0.731,-8.789,-29.724,41.382,177.506,43.61,-63.721
-0.442,0.024,-0.746,-6.897,-23.926,40.1,176.638,44.643,-65.912
-0.511,0.073,-0.816,0.427,-10.132,41.931,175.913,45.39,-68.104
-0.384,0.021,-0.854,3.052,-0.183,39.49,175.496,45.363,-70.214
-0.423,0.018,-0.937,-1.343,-5.493,26.123,175.062,45.555,-71.895
-0.39,0.008,-1.016,-10.559,-0.244,7.996,174.633,45.577,-72.658
-0.398,0.095,-1.048,-22.095,15.991,-20.325,174.111,45.45,-72.098
-0.319,0.31,-1.181,-39.307,0.977,-25.757,173.21,44.918,-70.648
-0.32,0.414,-1.077,-32.227,13.123,-50.232,172.04,45.132,-68.659
-0.107,0.423,-0.99,-29.358,14.282,-54.932,171.53,44.637,-65.506
-0.082,0.42,-0.858,-18.005,-9.766,-46.021,171.035,44.813,-62.798
-0.22,0.318,-0.765,-13.489,-22.705,-51.392,170.876,45.835,-60.48
-0.329,0.315,-0.704,-12.756,-20.142,-68.298,170.964,47.252,-57.601
-0.352,0.259,-0.666,-10.925,-16.052,-74.951,171.552,48.565,-53.817
-0.487,0.207,-0.662,-7.751,-14.282,-61.951,172.244,49.872,-50.295
-0.58,0.131,-0.701,-4.883,-1.526,-46.814,172.925,50.685,-47.433
-0.543,0.128,-0.7,-5.676,7.874,-25.085,173.254,50.878,-45.549
-0.545,0.149,-0.757,0.183,6.531,-15.564,173.474,50.878,-44.451
-0.567,0.136,-0.807,1.892,8.85,-6.287,173.793,50.883,-43.764
-0.424,0.183,-0.782,7.263,5.005,-1.648,173.969,50.641,-43.572
-0.583,0.144,-0.792,9.888,-12.573,-5.737,174.446,51.284,-43.38
-0.577,0.154,-0.827,4.883,-0.183,-0.122,174.798,51.691,-43.193
-0.615,0.255,-0.95,12.573,13.794,0.061,174.814,51.537,-43.396
-0.455,0.132,-0.956,15.808,2.991,-8.667,175.638,51.147,-42.962
-0.667,0.097,-1.108,14.16,3.845,-2.808,176.38,51.306,-42.627
-0.544,0.014,-1.119,6.775,20.02,5.798,176.946,50.674,-42.572
-0.333,0.064,-1.032,1.038,20.081,17.944,176.792,49.669,-43.193
-0.188,0.005,-0.873,12.146,8.179,2.38,176.951,48.823,-43.715
-0.254,-0.081,-0.841,15.564,14.16,-0.244,177.803,48.29,-43.599
-0.175,-0.172,-0.823,9.46,24.17,13.489,178.555,47.126,-43.824
-0.099,-0.135,-0.792,-2.747,15.015,25.635,178.561,45.802,-44.758
-0.199,-0.069,-0.794,-8.728,-5.493,27.954,178.066,45.39,-45.895
-0.345,-0.025,-0.785,-4.517,-9.949,28.625,177.479,45.582,-47.225
-0.37,-0.009,-0.822,-5.554,-1.343,32.471,176.957,45.621,-48.669
-0.403,0.019,-0.877,0.305,-5.737,33.508,176.44,45.593,-50.328
-0.336,0.043,-0.875,1.465,-2.991,39.062,175.952,45.599,-52.224
-0.394,-0.013,-0.929,5.188,-16.602,32.288,175.671,45.939,-54.097
-0.373,0.01,-0.983,1.892,-4.761,28.442,175.391,46.302,-55.613
-0.553,0.004,-1.142,10.803,-13.306,12.878,175.501,46.626,-56.624
-0.427,0.051,-1.213,-8.301,9.277,16.968,175.616,46.346,-57.052
-0.333,0.201,-1.084,-11.78,-0.488,8.667,175.018,46.225,-57.634
-0.244,0.321,-0.894,-22.278,2.441,5.676,174.194,46.022,-57.832
-0.302,0.513,-0.837,-20.691,-2.625,-2.136,172.837,45.928,-58.118
-0.284,0.451,-0.768,-6.897,7.08,-27.222,172.288,45.873,-57.497
-0.264,0.38,-0.732,1.526,5.127,-30.945,172.326,45.731,-56.239
-0.298,0.292,-0.715,5.554,5.859,-28.687,172.678,45.72,-55.052
-0.327,0.237,-0.72,6.836,6.104,-30.151,173.161,45.621,-53.806
-0.338,0.19,-0.765,7.568,9.827,-30.884,173.738,45.5,-52.449
-0.39,0.143,-0.771,7.568,-2.014,-32.349,174.463,45.61,-50.916
-0.494,0.131,-0.812,6.592,1.587,-30.457,175.166,46.0,-49.417
-0.457,0.114,-0.837,7.019,10.315,-29.541,175.979,45.95,-47.823
-0.343,0.1,-0.844,9.338,1.587,-22.766,176.786,45.934,-46.439
-0.404,0.049,-0.84,14.16,-13.0,-21.179,177.715,46.472,-45.269
-0.527,0.068,-0.928,9.521,-5.554,-3.174,178.462,47.203,-44.561
-0.54,0.142,-1.057,13.428,0.793,13.855,178.748,47.236,-44.923
-0.49,0.132,-1.107,15.747,-3.845,16.052,179.116,47.357,-45.577
-0.612,0.07,-1.175,22.644,9.705,12.695,179.643,47.466,-46.247
-0.355,-0.069,-1.09,14.038,31.433,9.705,-179.67,46.412,-46.533
-0.014,-0.155,-0.95,8.789,24.719,4.761,-179.242,44.879,-46.522
-0.128,-0.182,-0.954,-5.493,3.906,1.831,-178.978,44.193,-45.989
-0.055,-0.07,-0.876,-8.118,8.423,21.729,-179.352,43.594,-45.895
-0.097,-0.072,-0.806,-7.935,-13.062,26.978,-179.868,43.44,-46.5
-0.225,-0.03,-0.796,-11.108,-14.771,26.978,179.456,43.874,-47.175
-0.239,-0.003,-0.762,-8.667,-16.907,24.292,178.742,44.341,-47.856
-0.36,0.007,-0.78,-6.897,-24.963,21.118,178.149,45.192,-48.466
-0.493,0.029,-0.813,-5.127,-18.127,19.958,177.616,46.198,-49.059
-0.448,0.026,-0.825,-2.38,-6.409,20.203,177.16,46.664,-49.719
-0.436,0.035,-0.856,-7.263,-4.883,22.888,176.6,46.961,-50.438
-0.452,0.078,-0.889,-4.822,-7.69,21.118,175.902,47.269,-51.268
-0.42,0.066,-0.938,-1.953,3.479,15.625,175.49,47.34,-51.806
-0.397,0.036,-0.998,-1.77,-3.296,2.808,175.369,47.362,-51.795
-0.437,0.024,-1.071,-8.301,-0.061,-6.47,175.303,47.571,-51.13
-0.653,0.11,-1.214,-13.062,-18.372,-12.085,175.023,48.131,-50.246
-0.514,0.193,-1.064,-11.292,14.832,-17.456,174.781,48.411,-49.043
-0.234,0.26,-0.881,-15.747,15.808,-17.578,174.661,47.675,-47.499
-0.359,0.34,-0.824,-17.578,-5.737,-13.977,174.029,47.593,-46.296
-0.412,0.308,-0.811,-14.648,20.447,-34.912,173.551,47.428,-44.753
-0.225,0.268,-0.729,-12.817,26.428,-55.298,173.633,46.489,-41.83
-0.17,0.171,-0.628,-8.24,10.01,-61.829,174.106,45.945,-38.287
-0.375,0.142,-0.688,-10.803,2.563,-59.143,174.562,46.126,-34.805
-0.369,0.149,-0.727,-13.0,19.897,-56.152,174.869,45.917,-31.432
-0.413,0.112,-0.787,-13.184,7.751,-61.401,175.27,45.731,-27.999
-0.514,0.096,-0.846,-15.625,13.123,-60.486,175.622,45.78,-24.505
-0.447,0.111,-0.853,-18.921,19.958,-53.589,175.765,45.417,-21.253
-0.425,0.13,-0.882,-17.029,11.841,-48.035,175.759,45.137,-18.38
-0.269,0.073,-0.941,-20.142,10.193,-36.255,175.644,44.989,-15.936
-0.054,0.118,-0.876,-30.884,-29.419,-29.968,174.891,45.621,-13.991
-0.589,0.303,-0.91,-27.405,-72.021,-26.123,173.738,48.735,-12.585
-0.862,0.255,-1.031,-1.282,-27.039,-34.119,173.639,51.246,-11.157
-0.817,0.124,-1.232,-8.362,12.512,-42.114,174.49,51.982,-8.795
-0.395,0.131,-1.042,-16.357,27.588,-32.349,174.771,51.207,-6.515
-0.092,0.167,-0.934,-18.799,18.677,-27.1,174.606,50.153,-4.554
-0.181,0.169,-0.908,-22.522,1.77,-27.71,174.375,49.823,-2.488
-0.169,0.238,-0.848,-16.785,0.977,-22.522,173.848,49.631,-0.709
-0.216,0.138,-0.787,-6.897,-8.484,-30.212,173.886,49.675,1.263
-0.324,0.066,-0.733,-9.155,-14.16,-27.405,174.122,50.202,3.257
-0.401,0.051,-0.718,-8.301,-11.902,-31.799,174.276,50.806,5.114
-0.408,-0.008,-0.682,-8.789,-11.78,-34.729,174.765,51.476,7.234
-0.52,-0.017,-0.729,-6.47,-18.311,-30.029,175.248,52.498,9.086
-0.606,-0.025,-0.771,-8.606,-8.667,-24.963,175.688,53.377,10.613
-0.5,-0.02,-0.787,-7.69,5.981,-28.564,176.199,53.602,12.195
-0.45,-0.051,-0.811,-6.287,5.066,-33.081,176.94,53.613,14.068
-0.416,-0.054,-0.875,-10.437,2.686,-35.767,177.693,53.586,16.205
-0.638,0.046,-1.069,-11.414,-6.409,-39.124,178.319,53.828,18.452
-0.605,-0.002,-0.998,-13.245,10.803,-50.72,179.33,53.954,21.335
-0.54,0.14,-0.867,-25.513,19.531,-43.274,179.632,53.443,24.099
-0.344,0.246,-0.758,-20.752,0.916,-39.185,179.418,52.784,26.411
-0.541,0.187,-0.75,-17.639,-14.404,-40.1,179.379,53.448,28.762
-0.618,0.16,-0.756,-17.883,-0.061,-43.64,179.423,54.003,31.163
-0.557,0.167,-0.754,-17.822,7.629,-42.419,179.484,53.976,33.624
-0.55,0.14,-0.758,-17.883,4.639,-37.231,179.566,53.954,35.947
-0.451,0.173,-0.691,-15.808,-7.507,-26.978,179.335,54.19,37.727
-0.584,0.151,-0.697,-9.033,-28.809,-25.696,179.176,55.366,39.183
-0.628,0.168,-0.657,-8.606,-26.733,-19.043,179.149,57.008,40.441
-0.628,0.21,-0.645,-0.122,-25.513,-11.047,179.039,58.48,41.116
-0.8,0.151,-0.74,9.277,-25.513,-15.869,179.429,60.051,41.737
-0.927,0.097,-0.916,12.634,-9.949,-16.357,-179.654,61.095,42.561
-0.876,0.015,-0.933,13.794,-1.953,-16.724,-178.55,61.727,43.319
-0.752,-0.071,-0.958,7.751,22.888,-16.052,-177.473,61.326,44.16
-0.296,-0.121,-0.782,-13.611,41.321,-6.836,-177.363,59.623,44.648
-0.143,-0.064,-0.805,-25.208,7.202,-21.118,-177.94,58.37,45.439
-0.451,-0.022,-0.841,-28.87,-13.428,-36.011,-178.094,58.651,47.565
-0.549,-0.004,-0.835,-18.921,13.123,-18.677,-178.193,58.552,49.438
-0.426,0.013,-0.749,-22.034,4.517,1.953,-178.874,57.843,49.966
-0.542,0.053,-0.749,-22.034,-0.183,9.155,179.89,57.755,49.675
-0.566,0.109,-0.745,-14.16,6.714,1.282,178.786,57.557,49.356
-0.484,0.043,-0.746,-9.949,6.775,-10.925,178.407,57.211,49.691
-0.522,-0.01,-0.767,-14.16,-3.601,-26.672,178.456,57.239,50.773
-0.549,-0.043,-0.815,-20.691,7.385,-36.987,178.715,57.365,52.674
-0.501,-0.017,-0.837,-25.452,1.221,-40.466,178.863,57.178,54.965
-0.549,-0.001,-0.891,-25.94,-1.77,-41.443,179.033,57.387,57.437
-0.775,0.043,-0.997,-12.146,-13.855,-47.607,179.604,57.903,60.062
-0.727,0.058,-0.939,-12.39,-1.892,-37.659,-179.423,58.277,62.715
-0.482,0.057,-0.789,-23.865,13.855,-16.479,-179.302,58.046,64.418
-0.389,0.204,-0.733,-36.987,-12.329,-9.277,179.247,57.898,65.056
-0.617,0.25,-0.752,-50.232,-21.362,-23.682,177.506,59.052,66.302
-0.659,0.35,-0.76,-45.898,11.353,-46.814,176.083,59.376,68.807
-0.454,0.295,-0.694,-35.95,23.132,-63.293,175.875,58.612,72.845
-0.499,0.257,-0.78,-30.151,12.085,-60.73,176.072,58.178,77.173
-0.418,0.282,-0.746,-26.733,10.315,-44.373,175.957,57.816,80.711
-0.46,0.249,-0.714,-17.639,-8.179,-44.556,176.017,57.914,83.897
-0.428,0.295,-0.706,-13.0,-11.292,-27.71,175.984,58.475,86.49
-0.632,0.32,-0.82,-0.549,-39.551,-15.076,175.803,59.579,88.066
-0.82,0.209,-0.864,11.108,-44.189,-16.724,176.199,61.743,89.297
-0.949,0.154,-0.788,18.005,-33.875,-14.587,176.902,63.957,90.461
-1.007,0.096,-0.874,22.034,19.47,-10.193,177.995,64.528,91.725
-0.427,-0.106,-0.719,32.043,86.487,-6.836,179.577,61.831,92.922
-0.145,-0.255,-0.855,21.24,29.968,-18.738,-178.5,58.755,94.164
-0.442,-0.259,-0.917,-8.728,3.845,-22.034,-177.325,58.222,95.713
-0.48,-0.106,-0.842,-19.226,10.132,-8.85,-177.38,57.772,96.735
-0.421,-0.031,-0.742,-23.56,2.258,2.319,-178.204,57.261,96.905
-0.54,0.045,-0.79,-20.325,0.305,-6.897,-179.061,57.217,97.234
-0.535,-0.01,-0.814,-11.963,8.545,-18.311,-179.171,56.931,98.394
-0.519,-0.034,-0.804,-19.226,5.676,-15.503,-179.335,56.607,99.657
-0.485,-0.059,-0.787,-22.583,-2.502,-19.714,-179.714,56.596,100.97
-0.581,-0.041,-0.897,-24.292,-8.911,-17.395,179.769,56.986,102.266
-0.545,-0.116,-0.893,-26.733,-9.583,-17.578,179.423,57.42,103.672
-0.658,-0.071,-0.956,-24.963,-18.677,-19.958,178.846,58.233,104.87
-0.839,-0.052,-1.086,-22.522,-16.479,-38.025,178.83,59.37,106.76
-0.601,0.013,-0.966,-44.495,20.813,-36.255,178.879,59.398,109.528
-0.331,0.29,-0.882,-69.031,9.766,-19.897,177.133,58.381,111.577
-0.525,0.484,-0.87,-62.012,0.061,-35.4,174.589,58.469,113.456
-0.448,0.416,-0.78,-40.1,29.785,-51.025,173.54,57.838,116.719
-0.258,0.371,-0.671,-28.076,21.79,-50.476,173.221,56.64,120.366
-0.345,0.304,-0.633,-15.198,0.305,-44.556,173.287,56.354,123.552
-0.424,0.214,-0.602,-9.888,1.221,-47.485,173.688,56.475,126.546
-0.45,0.119,-0.625,-9.827,-5.859,-52.124,174.402,56.805,129.864
-0.66,0.115,-0.712,-15.503,-7.751,-44.556,174.941,57.596,133.044
-0.677,0.12,-0.754,-13.611,19.348,-38.696,175.358,57.475,136.038
-0.642,0.16,-0.801,-16.724,31.006,-30.457,175.534,56.486,138.73
-0.506,0.201,-0.836,-14.038,42.053,-29.724,175.627,54.954,141.246
-0.438,0.242,-0.957,-7.935,32.532,-26.123,175.853,53.361,143.608
-0.365,0.212,-1.059,1.892,14.404,-13.306,176.16,52.262,145.157
-0.573,0.24,-1.209,7.263,-0.61,-5.981,176.265,52.339,145.75
-0.402,0.104,-1.076,18.921,1.892,-16.113,177.16,52.053,146.711
-0.397,-0.018,-0.928,15.93,-5.493,-9.827,178.303,52.229,147.706
-0.32,-0.038,-0.798,14.771,-1.526,-5.859,179.138,52.174,148.239
-0.354,-0.076,-0.814,12.878,1.526,-2.747,-179.912,52.169,148.777
-0.292,-0.085,-0.779,10.315,8.606,4.333,-179.313,51.652,148.799
-0.339,-0.075,-0.777,1.099,5.798,1.038,-178.94,51.207,148.788
-0.378,-0.055,-0.771,-0.488,9.827,-5.066,-178.753,50.691,149.019
-0.336,-0.077,-0.858,-2.075,6.592,-10.315,-178.445,50.213,149.678
-0.365,-0.063,-0.828,-2.747,-11.597,-6.226,-178.242,50.268,150.249
-0.507,-0.069,-0.818,1.404,-21.118,-4.028,-177.99,51.18,150.667
-0.586,-0.094,-0.792,3.296,-13.672,0.427,-177.649,52.092,151.029
-0.519,-0.113,-0.726,1.648,-9.827,4.395,-177.462,52.668,151.21
-0.624,-0.125,-0.781,-1.16,-7.69,6.958,-177.435,53.366,151.375
-0.544,-0.125,-0.781,-5.127,0.854,16.113,-177.753,53.558,151.166
-0.587,-0.103,-0.81,0.793,3.723,23.743,-178.253,53.762,150.48
-0.495,-0.193,-0.961,3.113,10.925,26.062,-178.55,53.35,149.453
-0.588,-0.164,-1.066,-1.77,14.648,23.56,-178.923,53.124,148.403
-0.517,0.005,-1.149,-9.338,14.709,20.508,-179.626,52.163,147.294
-0.45,0.081,-1.063,-9.094,17.517,9.094,179.786,51.548,146.722
-0.238,0.131,-0.926,-16.846,16.479,3.784,179.193,50.515,146.519
-0.3,0.235,-0.893,-29.053,-3.662,-0.671,177.962,50.103,146.387
-0.365,0.274,-0.844,-33.386,3.174,-13.367,176.501,50.092,146.788
-0.288,0.315,-0.786,-31.189,5.737,-17.639,175.078,49.741,147.728
-0.262,0.301,-0.72,-21.545,-1.77,-20.569,173.996,49.614,148.821
-0.308,0.251,-0.671,-12.695,-9.46,-22.4,173.408,49.938,149.98
-0.421,0.247,-0.716,-6.287,-8.972,-17.822,173.101,50.449,151.013
-0.536,0.222,-0.769,0.732,-3.967,-15.686,173.101,50.878,151.957
-0.549,0.171,-0.815,3.967,9.277,-17.456,173.452,50.861,153.149
-0.476,0.192,-0.803,2.075,10.925,-13.428,173.754,50.565,154.308
-0.465,0.147,-0.771,3.845,0.061,-19.775,174.194,50.51,155.533
-0.579,0.146,-0.773,0.122,-1.831,-18.005,174.633,50.971,156.901
-0.463,0.173,-0.776,0.244,10.376,-15.015,174.82,50.894,158.099
-0.423,0.21,-0.83,-5.798,-4.578,-8.057,174.908,51.048,159.175
-0.524,0.305,-0.993,2.197,0.488,2.93,174.567,51.136,159.39
-0.419,0.209,-1.089,10.864,-5.005,-5.615,174.891,51.147,159.648
-0.541,0.144,-1.164,18.799,-10.437,-8.606,175.6,51.553,159.972
-0.696,0.015,-1.246,19.043,-8.362,-3.357,176.666,52.125,160.378
-0.362,-0.053,-0.96,12.817,15.32,20.325,177.215,51.768,159.955
-0.212,-0.097,-0.883,21.423,-8.301,8.911,177.671,51.268,158.939
-0.382,-0.188,-0.836,13.306,2.991,-2.869,178.846,51.575,158.829
-0.177,-0.094,-0.815,2.014,19.165,25.635,179.11,50.576,157.983
-0.074,-0.076,-0.725,-1.648,-8.24,24.048,178.72,49.993,156.132
-0.341,-0.031,-0.719,-6.47,-39.307,11.78,178.27,51.048,154.698
-0.558,-0.008,-0.734,-3.296,-31.616,9.705,177.951,52.619,153.737
-0.591,-0.033,-0.766,-0.061,-14.709,11.23,177.819,53.58,153.111
-0.575,-0.049,-0.757,-3.174,-17.7,13.245,177.539,54.355,152.479
-0.613,-0.042,-0.739,-8.545,-13.55,13.977,177.039,55.261,151.979
-0.596,0.007,-0.719,-10.437,-9.644,17.456,176.243,55.876,151.37
-0.58,0.042,-0.743,-7.751,-4.7,23.132,175.32,56.31,150.485
-0.512,0.04,-0.713,-1.221,-5.005,25.696,174.501,56.525,149.348
-0.64,0.059,-0.953,5.798,1.038,26.733,173.979,56.591,148.107
-0.48,0.032,-0.985,8.972,5.493,28.015,173.721,56.206,146.7
-0.554,0.119,-1.074,7.568,-15.076,25.635,173.463,56.217,145.124
-0.75,0.263,-1.117,16.235,-22.522,8.179,173.48,57.052,143.811
-0.699,0.172,-0.944,20.752,11.169,-5.005,174.507,57.387,143.817
-0.356,0.158,-0.866,-0.122,26.184,-4.272,175.27,56.239,144.36
-0.376,0.287,-0.822,-13.489,5.737,-9.583,174.935,55.525,144.734
-0.417,0.282,-0.735,-12.268,8.545,-26.733,174.716,55.19,145.827
-0.387,0.268,-0.677,-9.155,12.878,-31.982,174.836,54.734,147.634
-0.377,0.202,-0.623,-2.502,8.85,-35.339,175.32,54.355,149.683
-0.427,0.174,-0.646,-1.709,4.578,-32.532,175.864,54.196,151.655
-0.476,0.131,-0.692,1.282,4.089,-34.668,176.517,54.19,153.655
-0.581,0.082,-0.75,-1.465,-0.488,-33.691,177.303,54.393,155.797
-0.577,0.077,-0.784,-5.676,12.939,-32.776,177.885,54.283,157.95
-0.521,0.13,-0.824,-6.348,11.719,-33.142,178.303,53.915,160.131
-0.451,0.05,-0.817,-5.737,-2.014,-37.354,179.0,53.795,162.405
-0.54,0.065,-0.902,-10.071,-3.662,-30.273,179.473,54.245,164.493
-0.512,0.125,-0.945,-13.733,-4.395,-14.771,179.412,54.454,165.883
-0.599,0.176,-1.042,-14.038,-7.507,3.052,178.846,54.893,166.322
-0.661,0.281,-1.151,-4.7,-12.695,9.338,177.863,55.289,165.806
-0.596,0.172,-1.053,7.446,-8.24,5.188,177.61,55.723,165.383
-0.407,0.056,-0.825,13.855,-9.827,4.272,177.825,56.091,165.075
-0.401,-0.038,-0.754,24.414,-20.447,-8.667,178.621,56.673,164.982
-0.523,-0.168,-0.766,26.794,-4.7,-19.409,-179.5,57.458,165.916
-0.417,-0.212,-0.765,14.404,19.775,-2.563,-178.072,56.777,166.542
-0.274,-0.194,-0.756,-1.343,14.709,13.306,-177.786,55.745,166.124
-0.34,-0.083,-0.716,-8.911,-9.338,17.822,-178.38,55.569,164.96
-0.515,-0.042,-0.711,-5.676,-16.602,13.245,-178.929,56.19,163.987
-0.585,-0.04,-0.726,-1.953,-7.874,14.221,-179.28,56.717,163.339
-0.634,-0.027,-0.775,-1.587,-2.625,18.921,-179.714,56.986,162.653
-0.584,-0.044,-0.771,-1.648,0.549,21.057,179.769,57.057,161.917
-0.56,-0.014,-0.763,-4.517,-4.456,27.771,178.929,57.244,160.834
-0.592,0.005,-0.799,-2.869,-8.301,22.766,178.094,57.623,159.725
-0.604,-0.021,-0.88,5.31,-1.709,16.357,177.649,57.903,158.912
-0.627,-0.077,-1.002,4.944,7.812,7.874,177.687,57.816,158.549
-0.635,-0.064,-1.062,-7.019,-11.78,1.099,177.775,57.761,158.522
-0.89,0.085,-1.137,-7.69,-7.935,-10.925,177.682,58.563,158.868
-0.451,0.095,-0.849,-9.399,25.024,-8.789,177.858,57.986,159.774
-0.341,0.229,-0.842,-23.071,9.399,2.075,177.281,56.964,160.186
-0.407,0.296,-0.797,-16.174,6.653,-6.104,176.182,56.635,160.192
-0.367,0.244,-0.696,-7.629,2.258,-20.691,175.924,56.255,161.054
-0.418,0.183,-0.649,-1.465,0.061,-17.212,176.078,56.266,162.131
-0.444,0.137,-0.614,0.977,-1.587,-14.465,176.292,56.299,163.043
-0.494,0.12,-0.636,1.343,-3.296,-15.015,176.572,56.475,164.02
-0.582,0.074,-0.714,1.526,0.061,-16.541,176.968,56.722,165.212
-0.591,0.055,-0.737,-3.662,2.991,-15.625,177.281,56.766,166.531
-0.596,0.066,-0.773,-8.057,6.714,-11.78,177.314,56.739,167.783
-0.56,0.088,-0.764,-10.559,2.38,-10.315,177.105,56.651,168.854
-0.546,0.142,-0.773,-9.644,-2.991,-8.362,176.847,56.893,169.854
-0.585,0.194,-0.818,-5.676,-10.193,-3.967,176.528,57.332,170.436
-0.664,0.271,-0.964,-5.371,2.93,4.517,176.083,57.612,170.678
-0.559,0.244,-0.955,3.052,-6.042,-3.052,175.831,57.601,170.799
-0.907,0.299,-1.177,3.662,-11.597,-0.732,175.787,58.173,171.013
-0.71,0.203,-1.103,17.578,24.719,0.061,176.138,57.843,171.238
-0.249,0.02,-0.795,29.358,27.1,2.502,177.215,56.426,171.524
-0.221,-0.133,-0.705,30.09,-14.343,-4.028,178.638,55.904,171.513
-0.469,-0.21,-0.688,16.968,-11.963,-10.376,-179.846,56.7,171.969
-0.418,-0.203,-0.658,-1.587,6.226,5.005,-179.209,56.602,172.266
-0.429,-0.114,-0.678,-11.292,8.24,14.038,-179.654,56.151,171.914
-0.473,-0.046,-0.709,-11.23,0.183,12.085,179.681,55.948,171.513
-0.564,-0.029,-0.759,-8.667,0.732,11.047,179.143,55.964,171.359
-0.569,-0.035,-0.772,-6.287,6.165,9.216,178.72,55.86,171.365
-0.565,-0.034,-0.788,-6.836,5.188,9.766,178.325,55.712,171.469
-0.498,-0.021,-0.783,-7.446,5.676,12.085,177.836,55.486,171.469
-0.5,0.001,-0.802,-7.202,-2.136,14.282,177.275,55.519,171.288
-0.526,0.0,-0.909,-3.723,1.77,19.653,176.693,55.552,170.793
-0.49,0.041,-1.013,3.662,-2.075,25.94,176.116,55.371,169.816
-0.695,0.007,-1.138,12.878,-12.634,19.043,176.094,55.805,168.75
-0.665,0.13,-1.162,10.315,2.808,17.822,176.133,55.833,167.844
-0.38,0.122,-0.922,3.235,8.85,5.005,176.331,55.41,167.481
-0.338,0.201,-0.838,-14.587,-8.789,-0.183,176.067,55.118,167.47
-0.499,0.244,-0.783,-26.062,-4.761,-2.563,174.941,55.569,167.432
-0.368,0.254,-0.689,-27.954,9.399,-13.794,173.782,55.217,168.069
-0.388,0.321,-0.655,-22.949,3.174,-19.958,172.782,54.976,169.14
-0.453,0.275,-0.631,-8.911,5.127,-24.841,172.491,54.91,170.601
-0.483,0.244,-0.694,-3.235,15.808,-20.02,172.584,54.558,172.079
-0.444,0.174,-0.699,3.54,14.832,-22.095,173.062,53.904,173.639
-0.511,0.16,-0.743,0.366,2.991,-18.616,173.491,53.789,175.078
-0.515,0.137,-0.735,3.235,2.502,-17.456,173.903,53.828,176.429
-0.584,0.138,-0.767,-3.723,-4.639,-14.771,174.194,54.196,177.726
-0.559,0.161,-0.771,-4.15,1.038,-16.296,174.249,54.525,179.017
-0.581,0.243,-0.886,-8.972,-2.991,-10.925,174.106,54.822,-179.791
-0.553,0.283,-0.995,0.671,7.996,-7.874,173.947,54.586,-179.006
-0.628,0.27,-1.165,6.592,-3.54,-6.714,174.194,54.635,-178.319
-0.729,0.134,-1.214,11.78,5.31,-3.174,174.76,54.695,-177.83
-0.418,0.087,-1.001,8.057,14.038,11.414,175.034,54.13,-177.753
-0.227,-0.022,-0.834,20.569,2.197,7.69,175.474,53.454,-178.16
-0.368,-0.097,-0.785,15.93,-7.202,10.498,176.358,53.608,-178.462
-0.324,-0.054,-0.736,8.972,6.226,35.278,176.446,53.251,-179.681
-0.326,-0.082,-0.731,3.601,2.991,29.846,176.138,52.767,178.638
-0.346,-0.016,-0.742,-5.737,-0.916,28.992,175.567,52.372,177.264
-0.391,0.027,-0.744,-6.897,-3.845,26.733,174.803,52.278,176.001
-0.463,0.063,-0.748,-5.798,-12.817,23.682,174.056,52.515,174.891
-0.576,0.103,-0.803,-2.991,-3.418,22.522,173.37,52.828,174.012
-0.513,0.075,-0.796,-2.502,1.221,17.395,172.925,52.723,173.518
-0.505,0.16,-0.851,-3.235,6.592,18.25,172.425,52.553,173.232
-0.419,0.176,-0.891,5.249,2.014,25.391,171.98,52.152,172.535
-0.354,0.087,-0.855,10.132,-11.23,15.808,171.898,52.207,171.645
-0.635,-0.001,-0.995,9.521,-23.621,-5.188,172.386,53.278,171.639
-0.669,0.119,-1.104,-3.418,-18.25,2.136,172.507,53.866,171.914
-0.799,0.172,-1.153,1.709,5.859,-5.432,172.656,54.564,172.436
-0.341,0.224,-0.893,3.54,35.217,-6.165,173.145,53.432,173.469
-0.207,0.265,-0.827,-4.333,0.305,-2.319,173.408,52.339,174.172
-0.426,0.294,-0.79,-2.686,-9.216,-8.423,173.073,52.751,174.232
-0.406,0.229,-0.714,-7.385,4.333,-19.226,173.156,52.773,175.133
-0.381,0.264,-0.668,-8.179,7.263,-17.883,172.98,52.597,176.259
-0.341,0.209,-0.622,-7.385,3.235,-19.104,172.914,52.372,177.479
-0.435,0.231,-0.666,-5.066,-2.686,-18.616,172.776,52.553,178.599
-0.519,0.187,-0.688,-1.282,-1.831,-21.057,172.919,52.844,179.901
-0.615,0.21,-0.784,-1.953,4.089,-16.052,173.057,53.058,-178.792
-0.523,0.172,-0.798,1.099,19.714,-16.418,173.381,52.635,-177.352
-0.47,0.163,-0.809,0.61,5.432,-14.221,173.705,52.284,-176.023
-0.447,0.15,-0.8,1.526,2.747,-19.287,174.062,52.366,-174.754
-0.49,0.158,-0.821,-4.028,-13.367,-18.982,174.386,52.916,-173.381
-0.533,0.219,-0.93,-3.723,6.592,-11.536,174.391,53.322,-172.359
-0.591,0.26,-1.025,0.0,-13.55,-3.845,174.298,53.503,-171.854
-0.834,0.24,-1.183,8.423,-2.197,1.953,174.282,54.08,-171.815
-0.517,0.117,-1.0,14.893,14.526,-0.549,174.798,53.696,-171.535
-0.266,0.027,-0.88,15.93,19.104,9.521,175.452,52.839,-171.409
-0.262,-0.043,-0.822,23.193,9.949,0.0,176.342,52.081,-171.557
-0.186,-0.081,-0.779,10.01,14.587,6.836,177.286,51.246,-171.541
-0.193,-0.054,-0.738,0.366,-0.793,6.47,177.446,50.63,-172.128
-0.32,-0.015,-0.734,-8.545,-5.981,-2.197,177.374,50.62,-172.359
-0.43,0.021,-0.732,-6.348,-11.536,-6.104,177.226,50.85,-172.178
-0.544,-0.013,-0.797,-5.188,-7.141,-9.155,177.336,51.367,-171.475
-0.557,0.002,-0.805,-4.272,1.404,-3.357,177.391,51.537,-170.612
-0.449,-0.003,-0.774,-5.127,0.061,5.371,177.27,51.531,-170.096
-0.508,0.011,-0.813,-5.31,-9.949,13.367,176.88,51.993,-170.068
-0.57,0.044,-0.89,-2.991,-7.935,21.24,176.254,52.454,-170.601
-0.516,-0.004,-0.931,1.16,-0.916,14.038,175.908,52.69,-171.074
-0.596,0.017,-1.017,-1.465,-6.958,2.563,175.809,52.927,-171.035
-0.778,-0.007,-1.204,-3.418,9.766,-15.442,176.111,53.026,-170.079
-0.397,0.129,-1.111,-15.869,30.09,-23.743,176.292,51.965,-168.376
-0.126,0.179,-0.908,-23.315,12.695,-27.405,176.21,50.905,-166.613
-0.361,0.294,-0.838,-33.63,-13.306,-19.775,175.254,51.114,-165.586
-0.366,0.306,-0.74,-24.963,2.808,-37.903,174.315,51.394,-164.366
-0.25,0.254,-0.665,-17.822,2.869,-46.875,174.117,51.378,-162.175
-0.318,0.187,-0.639,-8.057,-15.015,-46.448,174.353,51.877,-159.983
-0.503,0.13,-0.685,-8.545,-7.568,-42.908,174.842,52.767,-157.863
-0.407,0.136,-0.702,-8.911,7.385,-37.598,175.248,52.872,-155.704
-0.41,0.102,-0.775,-5.005,-9.705,-36.743,175.726,53.168,-153.671
-0.487,0.068,-0.766,-2.991,-28.625,-27.344,176.27,54.355,-151.974
-0.62,0.084,-0.76,-3.235,-24.109,-7.568,176.38,55.854,-151.194
-0.514,0.067,-0.667,-3.052,-16.052,0.0,176.259,56.843,-150.941
-0.459,0.081,-0.596,-4.944,-25.574,-0.977,175.864,57.898,-150.93
-0.793,0.083,-0.73,-4.578,-42.358,-16.785,175.864,59.952,-150.26
-0.9,0.202,-0.802,-12.756,-16.541,-2.136,175.633,61.545,-149.447
-0.879,0.316,-0.839,-3.54,0.854,11.047,174.65,61.891,-149.854
-0.843,0.234,-0.885,8.911,0.488,-15.93,174.88,61.946,-149.474
-0.913,0.09,-1.032,13.916,9.46,-40.161,176.534,62.067,-147.442
-0.846,-0.028,-1.091,3.479,12.573,-42.664,178.599,61.93,-144.591
-0.491,-0.046,-0.926,-7.019,33.02,-36.255,179.978,60.941,-141.943
-0.229,0.026,-0.91,-8.789,28.076,-46.57,-179.017,59.42,-139.482
-0.21,-0.008,-0.837,-12.207,20.569,-61.279,-177.578,58.052,-136.324
-0.186,0.004,-0.732,-21.301,-1.709,-42.297,-176.852,57.217,-133.77
-0.291,-0.014,-0.659,-26.062,-18.738,-41.321,-176.874,57.42,-132.039
-0.411,-0.035,-0.612,-26.184,-19.775,-51.758,-176.721,58.079,-129.787
-0.531,-0.069,-0.624,-30.701,-12.878,-54.565,-176.309,58.645,-126.804
-0.628,-0.062,-0.67,-30.518,-8.24,-57.617,-175.902,59.035,-123.453
-0.605,-0.093,-0.693,-28.442,0.061,-58.044,-175.287,59.134,-119.872
-0.647,-0.169,-0.729,-30.273,-9.46,-60.425,-174.551,59.398,-116.125
-0.69,-0.18,-0.746,-39.368,-0.061,-55.115,-174.15,59.667,-112.401
-0.571,-0.155,-0.713,-40.527,0.244,-55.969,-174.062,59.546,-108.858
-0.647,-0.159,-0.785,-37.598,-1.526,-58.044,-173.76,59.617,-105.156
-0.68,-0.149,-0.836,-35.828,-1.099,-50.476,-173.447,59.601,-101.667
-0.698,-0.113,-0.842,-30.273,4.883,-48.218,-173.21,59.491,-98.696
-0.593,0.023,-0.808,-34.119,7.08,-40.649,-173.265,59.046,-96.158
-0.425,0.138,-0.775,-46.997,9.521,-28.259,-174.089,58.464,-94.406
-0.592,0.205,-0.799,-45.715,-16.174,-38.391,-175.402,58.716,-92.999
-0.687,0.235,-0.851,-47.607,9.766,-57.312,-176.435,59.002,-90.939
-0.506,0.148,-0.777,-45.41,12.878,-76.66,-176.649,58.359,-87.654
-0.473,0.129,-0.745,-44.312,2.625,-78.491,-176.622,58.024,-83.908
-0.572,0.07,-0.744,-40.161,-6.897,-76.599,-176.413,58.217,-80.184
-0.545,0.122,-0.704,-42.847,-3.967,-57.373,-176.512,58.519,-77.025
-0.57,0.126,-0.714,-30.518,-11.963,-52.856,-176.737,58.986,-74.685
-0.554,0.163,-0.698,-27.344,-7.874,-40.1,-176.841,59.628,-72.828
-0.623,0.196,-0.796,-17.822,-14.282,-29.297,-177.067,60.244,-71.818
-0.711,0.187,-0.875,-7.263,-18.982,-31.799,-176.979,61.249,-71.076
-0.885,0.017,-0.976,10.132,-27.283,-45.044,-175.496,62.584,-69.467
-0.63,-0.019,-0.813,10.254,5.615,-25.635,-173.881,63.078,-68.115
-0.28,-0.116,-0.619,15.076,12.024,-18.921,-172.645,62.474,-67.659
-0.533,-0.209,-0.746,7.08,-27.161,-31.128,-171.277,62.726,-66.676
-0.736,-0.184,-0.809,-14.038,2.563,-28.748,-170.107,63.314,-64.786
-0.597,-0.214,-0.749,-25.024,9.705,-28.198,-169.783,62.748,-63.281
-0.546,-0.117,-0.716,-40.527,3.479,-21.912,-170.403,62.194,-61.996
-0.548,-0.034,-0.734,-45.959,6.165,-18.494,-171.722,61.886,-61.035
-0.537,0.015,-0.761,-41.199,0.488,-25.574,-173.112,61.589,-60.117
-0.53,-0.018,-0.754,-30.396,-3.052,-35.278,-173.732,61.474,-58.683
-0.591,-0.061,-0.794,-18.738,-8.057,-39.978,-173.485,61.655,-56.733
-0.601,-0.112,-0.792,-2.747,-4.761,-28.931,-172.672,61.842,-54.954
-0.503,-0.203,-0.789,0.854,0.0,-7.568,-171.953,61.793,-54.234
-0.729,-0.195,-0.952,-6.836,-23.071,-6.042,-171.815,62.287,-54.152
-0.825,-0.181,-0.996,-26.672,-3.662,-29.602,-171.612,62.842,-52.932
-0.37,0.084,-0.682,-41.87,4.761,-27.222,-172.216,62.457,-51.279
-0.578,0.23,-0.716,-33.569,-35.522,-9.827,-173.584,63.188,-50.751
-0.703,0.138,-0.774,-31.25,4.456,-18.005,-174.836,63.935,-50.74
-0.541,0.14,-0.697,-34.119,15.137,-39.49,-175.49,63.149,-49.636
-0.533,0.096,-0.701,-33.813,6.531,-42.114,-175.82,62.573,-47.972
-0.627,0.142,-0.741,-34.363,3.967,-38.147,-176.309,62.446,-46.434
-0.599,0.119,-0.732,-22.766,7.141,-34.18,-176.572,62.139,-45.137
-0.621,0.139,-0.759,-13.184,6.897,-24.658,-176.699,61.908,-44.335
-0.54,0.124,-0.699,-7.385,2.197,-14.648,-176.633,61.749,-44.017
-0.538,0.186,-0.69,1.953,0.061,-0.122,-176.891,61.842,-44.648
-0.589,0.185,-0.751,10.559,-10.254,-1.587,-176.88,62.084,-45.681
-0.762,0.125,-0.896,24.536,-22.644,-10.498,-176.243,62.996,-46.467
-0.89,-0.088,-0.971,17.517,-37.659,-12.695,-174.683,64.484,-46.39
-1.144,-0.049,-1.168,8.057,-13.367,-7.263,-173.99,66.044,-46.505
-0.703,-0.151,-0.966,-0.427,12.817,-16.968,-173.183,65.748,-46.198
-0.529,-0.162,-0.844,-10.437,6.165,-18.982,-172.881,65.363,-45.478
-0.409,-0.168,-0.713,-12.451,11.23,-23.804,-172.562,64.627,-44.319
-0.415,-0.171,-0.723,-11.963,13.611,-18.616,-172.156,63.781,-42.99
-0.454,-0.161,-0.768,-11.169,30.701,-3.357,-172.293,62.468,-42.495
-0.254,-0.132,-0.704,-17.273,22.339,11.841,-173.139,60.804,-42.913
-0.381,-0.057,-0.675,-20.203,-12.695,15.564,-174.49,60.628,-43.621
-0.553,-0.052,-0.663,-22.095,-17.456,11.78,-175.776,61.287,-44.209
-0.643,-0.037,-0.713,-22.156,-12.878,15.747,-177.226,61.957,-45.066
-0.63,-0.025,-0.722,-20.386,-4.15,23.01,-178.929,62.271,-46.461
-0.555,-0.035,-0.69,-17.822,-8.545,23.743,179.39,62.501,-48.071
-0.695,0.002,-0.792,-16.113,-16.907,24.78,177.715,63.171,-49.746
-0.757,0.013,-0.888,-7.507,1.404,25.94,176.303,63.435,-51.465
-0.684,-0.011,-0.952,-3.479,3.906,21.912,175.353,63.111,-53.009
-0.803,0.018,-1.015,-6.47,-16.174,-2.686,174.853,63.331,-53.745
-0.822,0.118,-1.042,-13.977,8.118,-17.09,175.001,63.693,-53.02
-0.456,0.206,-0.838,-28.809,25.024,-16.541,174.853,62.897,-51.954
-0.379,0.41,-0.857,-40.039,2.319,-24.17,173.919,62.128,-50.812
-0.532,0.39,-0.801,-27.405,4.272,-44.25,173.331,62.26,-49.34
-0.463,0.297,-0.671,-19.165,12.329,-62.561,174.161,62.051,-46.577
-0.352,0.209,-0.528,-9.644,14.282,-61.035,175.441,61.688,-43.753
-0.395,0.116,-0.524,-10.376,3.906,-60.486,176.836,61.611,-41.138
-0.517,0.085,-0.583,-15.747,-0.366,-61.951,178.105,61.826,-38.348
-0.631,0.059,-0.668,-18.982,6.775,-59.143,179.253,61.952,-35.486
-0.683,0.07,-0.795,-19.592,12.024,-53.223,-179.824,61.65,-32.816
-0.606,0.051,-0.825,-20.447,21.606,-37.598,-179.176,60.996,-30.69
-0.512,0.107,-0.77,-14.038,-7.629,-26.428,-179.198,60.639,-29.663
-0.521,0.128,-0.687,-9.216,-17.09,-22.461,-179.028,61.342,-28.812
-0.713,0.148,-0.805,-4.395,-28.748,-13.184,-178.89,62.556,-28.499
-0.751,0.184,-0.893,-1.221,-2.686,-4.883,-178.896,63.528,-28.768
-0.648,0.158,-0.88,6.653,-20.63,-5.371,-178.896,63.918,-29.482
-0.87,0.071,-1.017,13.55,-26.672,-13.672,-178.264,65.303,-29.669
-0.896,-0.025,-0.979,6.409,-19.165,-1.587,-177.517,66.478,-29.784
-0.635,-0.017,-0.796,1.16,2.197,8.972,-177.731,66.819,-30.641
-0.475,-0.045,-0.688,6.47,-2.258,1.282,-177.918,66.654,-31.404
-0.493,-0.104,-0.686,10.01,4.456,-5.92,-177.16,66.5,-31.168
-0.45,-0.148,-0.666,11.536,8.667,-5.554,-176.314,65.967,-30.795
-0.416,-0.155,-0.646,3.723,5.432,1.404,-175.633,65.468,-30.394
-0.438,-0.143,-0.669,-0.488,-12.756,5.798,-175.54,65.446,-30.361
-0.666,-0.149,-0.683,-4.7,-16.113,-3.662,-175.402,66.198,-29.949
-0.656,-0.164,-0.651,-8.972,-9.949,-4.395,-175.182,66.621,-29.312
-0.739,-0.128,-0.657,-9.216,-11.475,-0.183,-175.298,67.176,-29.048
-0.771,-0.102,-0.644,-7.141,-0.305,7.812,-175.545,67.571,-29.207
-0.685,-0.095,-0.609,-6.47,5.859,17.883,-176.21,67.467,-30.179
-0.691,-0.089,-0.641,-10.315,5.981,14.099,-177.16,67.396,-31.465
-0.635,-0.067,-0.661,-19.775,0.732,8.606,-178.083,67.17,-32.223
-0.778,-0.048,-0.781,-17.7,7.629,10.01,-179.193,67.264,-32.871
-0.668,-0.016,-0.802,-15.93,1.16,14.282,179.61,66.846,-33.755
-1.159,0.003,-0.862,-1.648,2.991,9.338,178.808,67.044,-34.612
-1.125,0.001,-0.948,11.414,63.721,22.949,178.874,65.402,-35.579
-0.691,0.083,-0.974,0.793,81.848,27.832,178.325,62.051,-37.447
0.013,0.147,-0.934,-4.028,74.951,18.127,177.814,57.958,-38.617
0.011,0.277,-0.812,-13.367,-6.531,13.306,176.869,56.376,-39.205
-0.475,0.297,-0.811,-6.958,-14.771,4.761,175.864,56.953,-39.518
-0.501,0.259,-0.739,1.465,12.085,-7.385,175.699,56.574,-39.622
-0.228,0.179,-0.761,6.897,14.099,-12.878,176.067,55.64,-39.49
-0.322,0.145,-0.708,0.61,-23.132,-9.521,176.27,55.948,-39.282
-0.538,0.153,-0.647,0.61,-29.236,-15.32,176.292,57.277,-39.15
-0.649,0.122,-0.626,-1.343,-18.494,-20.874,176.605,58.491,-38.848
-0.654,0.127,-0.691,-1.892,3.601,-19.409,176.995,59.024,-38.458
-0.605,0.144,-0.765,-3.845,0.366,-15.503,177.303,59.073,-38.227
-0.578,0.167,-0.761,-2.869,-2.075,-21.484,177.589,59.387,-37.963
-0.552,0.161,-0.746,-1.221,-15.198,-26.733,178.215,59.941,-37.277
-0.698,0.173,-0.859,0.061,-12.268,-18.25,178.709,60.958,-36.832
-0.702,0.138,-0.923,2.686,-9.766,-8.057,179.022,61.496,-36.931
-0.765,0.036,-1.041,-4.944,-22.461,16.968,178.698,62.227,-37.842
-0.898,0.03,-1.033,4.456,-11.841,45.349,177.286,63.193,-40.386
-0.486,0.111,-0.803,2.502,10.681,54.993,175.336,62.721,-43.989
-0.321,0.021,-0.779,16.174,1.16,21.545,174.628,62.018,-46.198
-0.459,-0.017,-0.75,8.911,-3.418,12.756,174.902,62.012,-46.714
-0.466,-0.009,-0.738,8.972,9.033,27.039,174.71,61.469,-47.675
-0.397,-0.018,-0.689,3.601,4.028,25.269,174.337,60.765,-48.807
-0.492,0.027,-0.687,1.831,-5.31,21.667,173.848,60.595,-49.79
-0.542,0.031,-0.664,2.625,-9.766,18.188,173.496,60.771,-50.669
-0.674,0.07,-0.702,4.883,-13.184,18.738,173.139,61.232,-51.746
-0.69,0.05,-0.701,6.165,-0.488,17.517,172.93,61.469,-52.894
-0.635,0.063,-0.7,0.977,-2.747,20.813,172.595,61.414,-54.069
-0.612,0.104,-0.731,4.028,-1.16,23.438,171.98,61.501,-55.525
-0.575,0.105,-0.815,5.981,-11.536,23.621,171.497,61.666,-57.085
-0.489,-0.015,-0.879,6.042,-23.804,23.865,171.107,62.232,-58.618
-0.744,0.185,-0.951,-3.113,-31.189,34.241,169.865,63.364,-60.595
-0.799,0.211,-0.902,11.78,-33.997,21.301,168.876,64.473,-62.633
-1.065,0.289,-0.954,11.353,-14.282,17.151,168.536,65.572,-64.27
-0.684,0.263,-0.838,12.451,19.104,-3.662,168.898,65.264,-64.94
-0.442,0.267,-0.766,-0.427,25.208,-17.273,169.898,64.199,-64.155
-0.502,0.311,-0.732,-6.409,16.052,-18.005,170.343,63.484,-63.463
-0.45,0.287,-0.673,-8.85,21.423,-31.128,170.87,62.666,-62.523
-0.481,0.278,-0.642,-5.493,15.686,-40.649,171.733,62.128,-61.133
-0.463,0.236,-0.589,-3.784,13.611,-43.03,172.897,61.798,-59.639
-0.517,0.195,-0.591,-3.54,8.911,-41.565,173.974,61.65,-58.321
-0.58,0.16,-0.618,-4.089,10.742,-46.936,175.172,61.6,-56.805
-0.621,0.135,-0.644,-6.714,10.803,-51.025,176.556,61.496,-54.849
-0.66,0.075,-0.734,-9.155,18.433,-52.002,177.979,61.205,-52.581
-0.588,0.098,-0.749,-12.085,19.104,-45.593,179.099,60.584,-50.444
-0.535,0.082,-0.735,-11.292,7.69,-38.513,179.907,60.161,-48.768
-0.666,0.089,-0.915,-13.123,14.832,-31.067,-179.528,59.941,-47.461
-0.521,0.091,-0.936,-10.62,19.409,-28.809,-179.22,58.964,-46.489
-0.563,0.097,-1.004,-19.897,-10.01,-16.907,-179.269,58.826,-45.775
-0.818,0.161,-1.13,-11.597,-0.916,-15.503,-179.786,59.238,-45.588
-0.813,0.071,-1.138,1.404,12.573,-13.428,-179.522,58.986,-45.291
-0.459,0.021,-0.874,8.179,34.058,18.677,-179.445,57.881,-46.022
-0.25,-0.004,-0.793,25.024,23.438,26.245,-179.445,56.217,-47.966
-0.281,-0.147,-0.781,30.579,15.564,23.071,-178.599,55.261,-49.4
-0.243,-0.178,-0.741,22.034,17.883,28.564,-177.962,54.212,-50.74
-0.255,-0.179,-0.705,10.986,6.042,23.376,-177.654,53.416,-51.713
-0.395,-0.132,-0.734,-1.648,-6.897,18.25,-177.709,53.427,-52.213
-0.475,-0.06,-0.748,-2.747,-0.793,17.456,-178.066,53.514,-52.767
-0.527,-0.033,-0.817,-4.028,4.272,24.292,-178.55,53.372,-53.718
-0.486,0.005,-0.816,1.221,7.751,29.297,-179.187,52.998,-55.217
-0.48,0.001,-0.839,5.127,2.747,35.217,-179.786,52.795,-57.107
-0.413,-0.035,-0.865,4.333,-7.263,37.659,179.632,52.762,-59.189
-0.375,-0.13,-1.043,0.732,-17.822,36.743,178.912,53.295,-61.287
-0.461,-0.1,-1.113,-6.836,-37.598,38.391,177.891,54.371,-63.232
-0.667,0.025,-1.081,-16.113,-42.053,42.542,176.385,56.135,-65.418
-0.889,0.223,-1.096,-13.062,-13.672,23.499,174.551,57.387,-67.451
-0.461,0.212,-0.881,-10.071,23.071,10.62,173.804,56.854,-68.247
-0.249,0.341,-0.779,-17.639,1.038,9.827,172.864,55.844,-68.956
-0.434,0.349,-0.823,-9.827,-5.615,-4.15,171.815,56.146,-69.763
-0.211,0.229,-0.751,-4.7,-0.854,-26.794,171.898,56.063,-69.456
-0.335,0.208,-0.723,-3.967,-23.987,-29.114,172.211,56.904,-69.005
-0.449,0.156,-0.633,-1.099,-22.461,-23.438,172.529,58.107,-68.851
-0.57,0.168,-0.605,-2.869,-22.949,-16.907,172.672,59.255,-68.994
-0.669,0.154,-0.619,-2.136,-10.925,-19.958,172.936,60.211,-68.972
-0.716,0.132,-0.656,-4.028,-1.465,-19.653,173.37,60.749,-68.61
-0.661,0.112,-0.673,-2.93,10.681,-20.447,173.864,60.798,-68.093
-0.668,0.139,-0.734,-9.399,7.629,-12.268,174.117,60.672,-67.725
-0.572,0.188,-0.715,-8.362,8.179,-13.123,174.166,60.485,-67.522
-0.639,0.242,-0.831,-2.075,1.953,-12.39,174.254,60.562,-67.434
-0.57,0.27,-0.917,-2.38,11.169,-4.089,174.375,60.342,-67.588
-0.586,0.259,-0.906,6.836,-8.972,-12.817,174.424,60.342,-68.049
-0.899,0.199,-1.073,6.775,-13.611,-20.63,175.188,61.068,-67.797
-0.86,0.084,-1.082,10.925,16.907,-14.404,176.111,61.232,-67.407
-0.427,0.008,-0.851,6.165,31.006,7.263,176.754,59.996,-67.462
-0.251,0.025,-0.768,13.611,9.399,15.503,176.737,58.749,-68.56
-0.365,-0.038,-0.736,16.296,7.324,11.78,177.204,58.299,-69.417
-0.296,-0.017,-0.69,13.489,6.042,19.409,177.451,57.574,-70.406
-0.403,-0.067,-0.673,10.315,-0.671,15.198,177.687,57.321,-71.274
-0.537,-0.005,-0.663,4.578,3.052,19.287,177.61,57.052,-72.153
-0.642,-0.046,-0.77,12.878,16.541,10.681,177.825,56.574,-72.894
-0.444,-0.053,-0.781,8.301,21.851,14.343,178.187,55.426,-73.405
-0.534,-0.067,-0.801,3.296,-1.221,15.869,178.253,55.124,-74.125
-0.547,-0.018,-0.791,-2.197,8.606,20.325,177.924,54.976,-74.976
-0.55,0.018,-0.833,-2.197,5.31,26.245,177.33,54.668,-76.196
-0.488,0.031,-0.848,4.15,6.836,27.588,176.759,54.25,-77.651
-0.534,0.012,-0.882,7.935,-5.493,20.203,176.534,54.245,-78.942
-0.727,-0.015,-1.069,11.536,5.188,8.911,176.781,54.3,-79.755
-0.682,0.057,-1.22,-2.686,21.606,5.371,177.028,53.525,-80.002
-0.388,0.148,-1.09,-7.385,42.786,-2.869,176.929,52.053,-79.832
-0.017,0.244,-0.9,-11.963,30.518,-7.446,176.765,49.96,-79.211
-0.2,0.342,-0.839,-8.728,-15.015,-5.92,176.204,49.554,-78.81
-0.355,0.234,-0.791,2.502,-2.136,-22.583,176.177,49.988,-78.865
-0.289,0.197,-0.742,-4.089,1.465,-33.203,176.468,49.894,-78.184
-0.343,0.184,-0.706,-3.235,-1.16,-37.292,176.847,50.01,-77.086
-0.389,0.169,-0.69,-1.404,1.648,-39.001,177.336,50.12,-75.866
-0.458,0.128,-0.768,0.793,6.042,-42.175,178.072,50.125,-74.421
-0.486,0.112,-0.809,-0.427,9.949,-41.992,178.868,49.933,-72.856
-0.462,0.081,-0.814,-2.625,8.545,-42.175,179.61,49.702,-71.18
-0.483,0.061,-0.785,-4.639,2.197,-39.062,-179.764,49.691,-69.521
-0.502,0.081,-0.825,-6.226,2.93,-31.921,-179.319,49.823,-68.121
-0.42,0.135,-0.928,-7.08,7.751,-19.958,-179.088,49.708,-67.11
-0.345,0.248,-1.161,-11.414,4.395,-2.502,-179.5,49.367,-67.028
-0.356,0.169,-1.086,4.822,-16.113,-12.939,-179.797,49.839,-67.236
-0.578,0.059,-1.144,11.536,-26.794,-24.17,-179.214,50.817,-66.72
-0.725,-0.142,-1.122,23.621,-6.104,-18.921,-177.786,51.888,-65.671
-0.318,-0.163,-0.911,8.85,31.982,23.621,-177.089,51.048,-65.891
-0.118,-0.152,-0.872,16.479,13.306,24.719,-177.061,49.741,-67.28
-0.217,-0.171,-0.859,2.563,4.028,21.973,-176.825,49.285,-68.027
-0.202,-0.116,-0.805,0.854,3.662,21.301,-177.061,48.895,-68.714
-0.221,-0.134,-0.758,-2.747,-11.719,10.071,-177.16,48.9,-68.912
-0.364,-0.126,-0.751,-4.456,-17.822,4.517,-177.193,49.559,-68.61
-0.452,-0.107,-0.745,-6.592,-13.367,7.324,-177.33,50.219,-68.395
-0.531,-0.084,-0.801,-5.432,-6.958,13.672,-177.638,50.74,-68.549
-0.54,-0.053,-0.816,-5.249,2.93,23.499,-178.16,50.856,-69.296
-0.452,-0.031,-0.84,-1.526,8.484,28.687,-178.797,50.598,-70.516
-0.43,-0.012,-0.848,-0.366,0.549,29.602,-179.379,50.46,-71.856
-0.436,0.014,-0.877,4.211,-3.662,32.593,-179.934,50.559,-73.367
-0.449,-0.04,-0.924,10.01,-6.409,28.503,179.824,50.883,-74.855
-0.476,-0.071,-1.024,8.24,-9.277,24.719,179.747,51.207,-76.058
-0.581,-0.095,-1.104,3.357,-5.31,17.456,179.687,51.685,-76.91
-0.606,0.028,-1.19,-5.188,-10.559,13.428,179.324,51.877,-77.487
-0.567,0.146,-1.111,2.441,10.925,-1.038,179.176,52.048,-77.602
-0.196,0.159,-0.892,-7.812,24.536,1.16,179.313,50.927,-77.267
-0.255,0.312,-0.838,-10.864,-5.493,0.61,178.495,50.4,-77.531
-0.354,0.16,-0.797,-0.549,3.296,-36.011,178.539,50.405,-76.811
-0.343,0.154,-0.753,-11.047,6.653,-40.955,178.967,50.164,-74.795
-0.285,0.112,-0.675,-9.094,1.343,-35.767,179.182,49.944,-72.982
-0.398,0.155,-0.677,-11.719,-8.301,-27.344,179.083,50.229,-71.642
-0.475,0.124,-0.672,-8.24,-1.709,-28.442,179.072,50.598,-70.428
-0.511,0.119,-0.717,-6.653,5.066,-30.151,179.193,50.641,-69.115
-0.571,0.104,-0.808,-7.202,12.817,-29.785,179.418,50.51,-67.687
-0.501,0.134,-0.835,-6.042,27.161,-23.743,179.599,49.642,-66.39
-0.413,0.164,-0.835,0.854,15.442,-20.386,179.824,48.829,-65.413
-0.491,0.142,-0.825,9.644,-0.061,-20.691,-179.594,48.801,-64.528
-0.503,0.012,-0.769,11.658,-5.92,-28.32,-178.594,49.213,-63.419
-0.494,0.03,-0.847,1.648,-6.042,-28.992,-177.814,49.713,-62.007
-0.504,-0.013,-0.934,-7.568,-11.047,-32.104,-177.248,50.301,-60.337
-0.588,0.078,-0.994,-11.597,-20.142,-34.302,-177.149,51.103,-58.557
-1.006,0.105,-1.276,-15.625,3.906,-32.166,-177.006,52.086,-56.602
-0.51,0.122,-1.208,-11.047,54.749,-30.334,-177.028,50.328,-54.959
0.054,0.058,-1.036,3.967,44.861,-38.757,-176.721,47.878,-53.19
0.105,-0.14,-0.984,5.737,11.414,-50.232,-175.463,46.176,-50.433
0.033,0.005,-0.941,-14.648,8.667,-23.438,-175.106,45.401,-47.834
0.142,0.01,-0.933,-7.263,-7.141,-22.278,-175.204,44.742,-45.983
0.045,-0.039,-0.863,-15.686,-35.156,-31.372,-175.128,45.308,-43.38
-0.192,-0.079,-0.815,-16.418,-52.979,-46.326,-174.957,46.934,-40.117
-0.429,-0.115,-0.799,-30.823,-44.739,-58.472,-174.743,48.84,-36.167
-0.488,-0.025,-0.789,-34.607,-21.606,-71.777,-174.831,49.905,-31.981
-0.491,-0.066,-0.765,-36.987,-14.038,-86.914,-174.551,50.427,-27.109
-0.489,-0.05,-0.737,-39.978,-11.597,-84.717,-174.331,50.806,-22.077
-0.522,-0.015,-0.756,-33.875,-3.967,-73.303,-174.243,51.141,-17.644
-0.426,-0.074,-0.766,-27.344,0.366,-74.768,-173.881,51.048,-13.53
-0.463,-0.137,-0.834,-27.1,-1.16,-75.5,-173.353,50.982,-9.333
-0.421,-0.201,-0.888,-28.992,0.244,-79.468,-172.766,50.762,-4.966
-0.434,-0.216,-0.89,-33.997,-14.832,-76.172,-172.255,50.79,-0.401
-0.569,-0.185,-0.944,-32.227,-23.621,-65.552,-171.947,51.471,3.818
-0.643,-0.215,-0.919,-33.264,-20.203,-69.031,-171.584,52.454,7.789
-0.586,-0.104,-0.881,-52.856,-8.484,-68.909,-171.65,52.866,11.898
-0.35,0.093,-0.734,-72.083,-9.46,-51.941,-173.079,52.91,15.375
-0.61,0.207,-0.738,-64.758,-38.94,-66.04,-174.886,54.355,18.825
-0.77,0.204,-0.782,-63.843,2.686,-79.651,-175.99,55.195,23.17
-0.54,0.234,-0.751,-59.814,21.362,-82.825,-176.924,54.503,27.79
-0.409,0.21,-0.749,-55.603,14.343,-84.656,-177.704,53.712,32.662
-0.508,0.244,-0.775,-53.04,-3.906,-81.421,-178.533,53.773,37.639
-0.495,0.252,-0.764,-47.363,-1.648,-78.247,-179.182,54.014,42.616
-0.547,0.268,-0.802,-36.438,-7.324,-75.623,-179.5,54.443,47.554
-0.437,0.238,-0.765,-26.245,-6.653,-67.81,-179.335,54.882,52.366
-0.438,0.232,-0.74,-17.456,-35.767,-49.316,-179.149,55.816,56.437
-0.732,0.143,-0.838,-6.165,-40.955,-48.035,-178.682,57.865,59.952
-0.947,0.132,-0.956,2.136,-34.424,-47.913,-177.66,59.656,63.474
-0.746,-0.054,-0.856,9.094,-19.348,-43.762,-175.908,61.073,67.006
-0.591,-0.129,-0.797,1.16,15.442,-30.212,-174.441,61.265,69.901
-0.349,-0.136,-0.784,1.038,9.094,-22.095,-173.721,60.095,71.752
-0.626,-0.236,-0.906,-3.662,-11.902,-36.011,-172.463,60.397,74.18
-0.546,-0.18,-0.822,-13.672,18.86,-26.55,-171.76,59.908,76.465
-0.405,-0.163,-0.771,-23.743,17.273,-20.264,-171.81,58.793,78.124
-0.417,-0.119,-0.736,-28.32,5.371,-23.804,-172.277,58.162,79.788
-0.435,-0.103,-0.692,-29.846,4.578,-27.161,-172.749,57.744,81.722
-0.638,-0.091,-0.817,-31.311,-9.155,-32.776,-173.15,57.739,83.979
-0.735,-0.127,-0.846,-31.067,-3.296,-36.438,-173.408,58.085,86.66
-0.62,-0.14,-0.835,-33.813,15.015,-31.616,-173.809,57.667,89.214
-0.48,-0.138,-0.786,-34.729,11.108,-26.733,-174.501,57.008,91.423
-0.457,-0.124,-0.778,-40.161,-3.601,-18.372,-175.496,56.882,93.268
-0.719,-0.057,-0.906,-39.124,-26.611,-24.109,-176.677,57.859,95.092
-0.941,-0.01,-1.12,-41.199,-2.441,-28.809,-177.501,58.705,97.537
-0.694,0.039,-1.08,-37.659,24.658,-37.048,-178.292,58.26,100.267
-0.358,0.077,-0.955,-45.227,28.809,-39.185,-178.945,56.937,103.464
-0.233,0.188,-0.821,-59.326,2.502,-27.222,179.544,56.058,106.238
-0.428,0.32,-0.818,-59.509,-2.747,-23.376,177.193,56.228,108.369
-0.263,0.321,-0.722,-48.279,13.428,-25.391,175.215,55.728,110.665
-0.233,0.36,-0.65,-32.043,-3.357,-23.743,173.688,55.344,112.89
-0.406,0.287,-0.669,-12.39,-15.198,-20.813,172.974,55.701,114.791
-0.534,0.25,-0.692,-3.723,-9.46,-20.081,172.804,56.255,116.559
-0.561,0.162,-0.714,2.441,-2.686,-23.438,173.221,56.536,118.614
-0.618,0.112,-0.755,-0.732,-1.465,-25.269,173.76,56.827,120.861
-0.61,0.112,-0.761,-7.141,6.775,-20.752,174.089,56.86,123.107
-0.574,0.138,-0.752,-6.958,8.423,-16.479,174.21,56.728,125.145
-0.532,0.16,-0.738,-3.845,-0.183,-14.587,174.26,56.651,126.887
-0.568,0.122,-0.74,-2.563,-5.493,-15.381,174.567,57.167,128.688
-0.615,0.228,-0.812,-3.723,-6.714,-6.897,174.463,57.552,130.023
-0.655,0.224,-0.888,3.174,-1.77,-10.437,174.633,57.909,131.353
-0.781,0.22,-0.985,0.916,-19.348,-17.212,175.001,58.64,132.88
-0.771,0.189,-1.009,5.188,6.409,-25.574,175.622,59.167,134.819
-0.87,0.081,-1.076,2.93,-5.798,-32.715,176.792,59.343,137.439
-0.448,0.071,-0.735,-3.357,22.217,-0.366,177.204,59.145,139.318
-0.326,0.051,-0.683,14.648,6.47,4.089,177.248,58.266,139.801
-0.487,-0.063,-0.802,21.179,31.921,5.249,178.182,57.546,140.416
-0.249,-0.086,-0.82,14.954,47.485,18.555,178.874,55.278,140.537
-0.093,-0.088,-0.794,6.897,15.564,22.583,179.055,53.361,139.944
-0.348,-0.06,-0.719,1.892,-32.837,9.888,178.995,53.762,139.373
-0.637,-0.066,-0.678,1.831,-29.419,5.554,179.088,55.3,139.356
-0.668,-0.093,-0.757,5.493,-2.686,3.235,179.385,56.014,139.796
-0.599,-0.075,-0.767,2.502,11.536,18.616,179.429,55.789,139.955
-0.515,-0.061,-0.792,3.54,16.113,33.63,178.978,55.184,139.136
-0.47,-0.019,-0.849,4.211,10.925,39.062,178.292,54.547,137.758
-0.483,-0.043,-0.943,7.751,7.08,39.368,177.731,54.119,136.214
-0.422,-0.057,-0.994,7.385,5.859,36.133,177.27,53.663,134.659
-0.512,-0.104,-0.951,5.676,-39.917,16.907,177.111,54.278,133.544
-0.914,0.044,-1.118,-4.15,-15.259,26.306,176.743,55.794,132.753
-0.675,0.176,-1.053,-2.991,11.23,33.569,175.847,55.69,131.6
-0.336,0.266,-0.873,-8.423,30.151,23.193,174.902,54.421,130.682
-0.26,0.4,-0.86,-13.489,3.296,-3.479,174.012,53.394,130.638
-0.368,0.28,-0.747,-16.357,2.747,-39.307,173.82,53.355,132.341
-0.414,0.248,-0.696,-22.766,10.315,-54.26,173.914,53.251,135.505
-0.305,0.246,-0.625,-21.912,19.165,-49.866,174.007,52.756,139.021
-0.283,0.237,-0.617,-12.085,-0.793,-43.823,174.095,52.432,142.097
-0.479,0.183,-0.687,-7.019,-11.23,-44.495,174.446,53.069,144.822
-0.603,0.125,-0.737,-10.864,-0.977,-48.34,175.034,53.69,147.909
-0.578,0.122,-0.783,-16.235,0.671,-47.302,175.452,54.025,151.172
-0.541,0.124,-0.794,-19.226,2.38,-40.405,175.6,54.3,154.215
-0.57,0.165,-0.838,-17.944,-0.61,-32.837,175.545,54.641,156.797
-0.471,0.18,-0.822,-10.742,1.709,-31.677,175.66,54.811,159.115
-0.523,0.197,-0.861,-8.179,-12.817,-27.771,175.908,55.432,161.224
-0.54,0.26,-0.949,-7.996,-11.353,-20.325,175.93,55.997,162.861
-0.726,0.248,-1.105,-4.333,-32.715,-24.231,176.072,57.195,164.399
-0.956,0.21,-1.161,6.47,-14.038,-19.348,176.473,58.623,165.899
-0.487,0.064,-0.825,11.719,3.113,-7.507,177.314,58.727,167.19
-0.348,0.019,-0.745,25.696,-7.751,-4.395,178.165,58.727,167.805
-0.457,-0.153,-0.735,31.86,-3.296,-12.146,-179.934,59.128,168.849
-0.395,-0.181,-0.707,22.095,9.521,5.188,-178.44,58.782,169.497
-0.355,-0.227,-0.717,9.827,8.423,14.526,-177.704,58.211,169.415
-0.397,-0.181,-0.729,-2.197,-2.991,15.381,-177.726,57.947,169.008
-0.499,-0.154,-0.727,-7.935,-12.207,13.916,-178.088,58.255,168.662
-0.599,-0.093,-0.747,-10.742,-15.991,16.663,-178.759,58.964,168.376
-0.635,-0.087,-0.734,-7.507,-11.23,20.264,-179.517,59.656,167.948
-0.619,-0.052,-0.701,-8.24,-13.977,31.616,179.445,60.315,167.091
-0.659,-0.022,-0.728,-2.563,-11.353,40.771,178.05,60.996,165.52
-0.617,0.01,-0.706,1.16,-10.254,46.692,176.539,61.447,163.488
-0.633,0.003,-0.759,7.996,-9.094,48.035,175.259,61.804,161.279
-0.72,0.081,-0.88,12.024,-1.709,42.725,174.21,61.913,159.077
-0.614,0.026,-0.887,20.508,-7.751,21.362,174.161,61.798,157.879
-0.845,0.02,-0.966,18.555,-35.217,11.292,174.787,63.089,157.489
-1.007,0.155,-1.016,15.93,-3.174,20.569,174.913,64.182,156.813
-0.67,0.127,-0.862,10.742,31.616,12.268,175.204,63.358,156.533
-0.384,0.174,-0.821,-5.493,43.701,12.451,175.122,61.243,156.638
-0.329,0.23,-0.77,-17.944,11.108,0.549,174.282,59.799,156.682
-0.423,0.251,-0.709,-23.743,5.615,-19.104,173.573,59.409,157.626
-0.41,0.284,-0.646,-18.677,12.085,-25.635,173.095,59.052,159.208
-0.4,0.22,-0.621,-9.766,10.376,-30.64,173.238,58.541,161.252
-0.436,0.203,-0.651,-6.714,6.104,-27.161,173.524,58.26,163.202
-0.54,0.169,-0.694,-4.822,-2.991,-22.4,173.842,58.354,164.872
-0.652,0.174,-0.783,-5.432,2.93,-16.235,173.936,58.519,166.212
-0.599,0.143,-0.751,-5.981,2.136,-18.127,174.095,58.508,167.629
-0.589,0.142,-0.719,-6.531,-2.869,-16.113,174.205,58.738,169.036
-0.626,0.126,-0.779,-6.348,-6.531,-11.108,174.188,59.255,170.184
-0.439,0.198,-0.716,-7.568,-8.545,1.77,173.798,59.551,170.744
-0.513,0.209,-0.618,1.526,-42.847,0.0,173.364,61.04,170.673
-0.807,0.274,-0.71,2.869,-18.066,-1.709,173.018,62.787,170.623
-0.737,0.171,-0.722,12.512,-8.667,-22.034,173.573,63.424,171.546
-0.91,0.195,-0.969,2.808,7.568,-14.16,174.501,63.94,173.172
-0.594,0.14,-0.915,11.23,23.743,-11.23,175.21,62.919,174.37
-0.815,0.083,-1.064,11.78,-14.893,-22.949,176.309,62.897,175.77
-0.883,0.021,-0.953,9.521,-20.996,-15.747,177.561,63.896,177.341
-0.717,-0.049,-0.746,9.216,-2.869,-3.662,178.347,64.682,178.264
-0.515,-0.115,-0.639,7.141,12.573,-2.808,178.934,64.314,178.967
-0.478,-0.133,-0.686,3.601,23.438,-1.404,179.599,63.55,179.874
-0.377,-0.084,-0.68,-3.54,35.278,23.865,179.363,62.007,179.78
-0.299,-0.022,-0.687,-6.104,23.315,38.33,178.171,60.309,178.27
-0.384,-0.002,-0.69,-3.723,-2.625,31.189,177.006,59.727,176.594
-0.582,0.041,-0.724,-2.319,-16.785,22.827,176.149,60.079,175.309
-0.667,0.05,-0.721,2.808,-11.169,16.235,175.638,60.699,174.545
-0.669,0.032,-0.687,1.648,-7.935,14.832,175.342,61.117,174.133
-0.648,0.0,-0.706,-1.343,-0.732,11.536,175.001,61.353,173.93
-0.647,0.028,-0.729,-7.751,-1.465,13.855,174.419,61.49,173.815
-0.599,0.052,-0.743,-4.089,2.441,17.029,173.655,61.441,173.441
-0.655,0.056,-0.888,1.709,3.845,16.724,173.128,61.304,173.002
-0.65,0.007,-0.967,5.249,4.7,15.381,173.024,60.864,172.639
-0.667,-0.014,-1.044,3.052,-6.836,14.404,172.892,60.853,172.172
-0.759,0.056,-1.039,-6.409,-14.526,13.428,172.551,61.353,171.705
-0.647,0.16,-0.897,-12.024,-4.7,9.521,171.826,61.694,171.326
-0.475,0.258,-0.724,-23.56,0.61,13.611,170.788,61.578,171.096
-0.555,0.414,-0.72,-30.64,-2.747,15.808,168.777,61.485,170.299
-0.487,0.43,-0.683,-22.522,21.423,-1.648,167.162,60.82,170.173
-0.414,0.443,-0.661,-13.245,19.592,-14.465,166.586,59.832,171.183
-0.396,0.362,-0.601,1.587,15.076,-23.438,166.877,59.189,172.612
-0.451,0.307,-0.604,9.277,7.568,-18.311,167.624,58.854,173.969
-0.556,0.275,-0.66,14.404,5.432,-11.475,168.327,58.7,174.814
-0.584,0.223,-0.677,15.076,4.761,-13.672,169.2,58.579,175.721
-0.65,0.175,-0.73,10.559,3.54,-14.771,170.074,58.645,176.808
-0.556,0.145,-0.695,6.165,6.897,-15.259,170.837,58.59,178.077
-0.621,0.143,-0.723,0.916,-1.831,-10.132,171.238,58.788,179.077
-0.613,0.19,-0.764,-3.662,4.517,-14.587,171.48,58.92,-179.824
-0.571,0.184,-0.78,-2.808,7.568,-19.958,171.881,58.975,-178.407
-0.581,0.274,-0.888,-8.545,2.869,-11.719,172.013,58.738,-177.155
-0.611,0.275,-0.953,-7.08,-2.625,-15.625,172.007,58.931,-176.16
-0.891,0.345,-1.175,0.0,-3.174,-6.409,171.964,59.211,-175.408
-0.704,0.243,-1.046,8.911,15.808,9.277,172.09,58.892,-175.221
-0.341,0.16,-0.776,22.705,24.231,20.996,172.238,57.722,-175.858
-0.26,0.034,-0.754,39.551,1.953,5.432,173.381,56.706,-176.479
-0.406,-0.085,-0.753,35.4,0.061,-1.343,175.27,56.689,-176.446
-0.371,-0.155,-0.775,22.4,9.094,7.507,176.688,56.168,-176.495
-0.319,-0.194,-0.738,3.723,-0.549,24.353,177.067,55.75,-177.242
-0.435,-0.057,-0.741,-6.165,-10.803,33.936,176.292,55.838,-178.89
-0.55,0.021,-0.759,-4.944,-9.155,36.377,175.243,56.085,179.308
-0.562,0.051,-0.763,-4.211,-4.822,41.992,174.1,56.168,177.407
-0.575,0.094,-0.766,-5.615,-0.732,46.509,172.683,56.003,175.254
-0.529,0.123,-0.716,-3.113,-3.235,45.166,171.304,55.8,173.106
-0.592,0.221,-0.757,-3.967,-6.287,49.866,169.788,55.767,170.826
-0.505,0.226,-0.777,15.503,-1.892,40.405,168.761,55.453,168.646
-0.531,0.154,-0.819,20.935,-13.245,33.936,168.563,55.519,166.827
-0.534,0.074,-0.847,23.865,-14.099,30.273,168.745,55.86,165.223
-0.621,0.028,-0.861,21.79,-24.536,34.729,168.882,56.607,163.46
-0.623,0.043,-0.893,13.428,-20.752,44.861,168.651,57.244,161.334
-0.756,0.153,-1.023,5.188,-21.423,46.509,167.679,57.794,158.67
-0.872,0.34,-1.139,9.399,-1.465,15.869,166.954,58.096,156.918
-0.494,0.241,-0.917,4.211,29.114,-11.353,167.811,57.437,157.665
-0.213,0.352,-0.819,-16.113,12.695,-21.423,168.168,56.459,159.219
-0.415,0.403,-0.767,-20.203,-4.822,-30.762,167.866,56.799,160.664
-0.402,0.392,-0.697,-15.686,14.099,-42.664,167.992,56.722,162.85
-0.36,0.354,-0.637,-8.118,17.456,-49.805,168.701,56.365,165.718
-0.368,0.284,-0.608,0.549,13.489,-49.744,169.799,56.03,168.657
-0.452,0.23,-0.641,3.235,11.841,-45.837,171.019,55.833,171.392
-0.524,0.192,-0.695,7.202,10.559,-48.462,172.408,55.717,174.161
-0.581,0.123,-0.734,3.479,14.954,-46.509,173.908,55.481,177.16
-0.583,0.097,-0.793,-2.625,23.499,-42.725,175.04,55.042,-179.973
-0.475,0.146,-0.792,-8.423,22.4,-34.973,175.787,54.168,-177.286
-0.425,0.135,-0.802,-0.916,11.536,-30.273,176.347,53.635,-175.177
-0.508,0.167,-0.867,-3.723,-1.282,-23.499,176.874,53.58,-173.496
-0.505,0.17,-0.97,3.113,2.869,-21.973,177.325,53.657,-172.139
-0.544,0.13,-0.987,5.432,-9.705,-21.118,178.006,53.959,-170.876
-0.563,0.12,-1.044,3.662,-1.099,-12.268,178.533,54.289,-169.931
-0.733,0.121,-1.162,10.376,1.099,-6.165,179.011,54.305,-169.371
-0.478,0.014,-1.057,15.503,29.663,3.418,179.648,53.547,-169.162
-0.138,-0.081,-0.833,18.921,9.155,0.549,-179.583,52.377,-169.283
-0.361,-0.163,-0.797,18.494,-19.226,-22.644,-178.264,52.888,-168.712
-0.421,-0.186,-0.796,10.62,14.771,-16.113,-176.841,52.734,-167.47
-0.204,-0.194,-0.788,2.625,15.93,6.592,-176.292,51.641,-167.366
-0.234,-0.16,-0.755,-8.667,-9.644,10.01,-176.495,51.438,-168.074
-0.419,-0.071,-0.743,-16.968,-18.005,14.465,-177.226,51.993,-168.898
-0.587,-0.016,-0.777,-11.719,-7.935,15.991,-178.143,52.619,-169.667
-0.594,-0.009,-0.827,-7.568,15.747,17.578,-178.857,52.339,-170.184
-0.416,-0.019,-0.803,-6.042,15.381,20.386,-179.511,51.471,-170.788
-0.422,0.004,-0.767,-4.639,0.061,15.259,179.89,51.213,-171.387
-0.57,0.011,-0.833,-3.296,-2.258,10.437,179.462,51.471,-171.755
-0.419,-0.039,-0.893,-6.836,18.494,9.216,179.105,51.081,-171.859
-0.307,-0.077,-0.946,-10.498,6.226,-0.488,178.715,50.444,-171.76
-0.494,-0.054,-1.054,-14.709,-18.066,-6.042,178.358,50.746,-171.409
-0.629,-0.075,-1.082,-10.864,1.953,-1.831,178.022,51.471,-170.969
-0.534,-0.01,-1.118,-14.404,5.798,10.864,177.418,51.086,-170.969
-0.508,0.098,-1.151,-15.381,5.676,10.986,176.622,50.801,-171.299
-0.328,0.227,-1.038,-18.738,13.062,13.184,175.622,50.18,-171.865
-0.262,0.285,-0.925,-23.315,-7.263,-0.977,174.507,49.872,-172.332
-0.345,0.298,-0.79,-30.945,-4.7,-14.099,173.188,50.229,-172.282
-0.26,0.283,-0.606,-33.997,6.165,-36.865,172.051,50.208,-171.107
-0.157,0.306,-0.522,-31.555,4.7,-51.88,171.277,50.142,-168.937
-0.319,0.262,-0.558,-17.883,-13.977,-59.082,171.145,50.922,-166.399
-0.527,0.263,-0.686,-11.658,-15.259,-52.063,171.343,52.13,-163.976
-0.698,0.259,-0.776,-4.15,-8.301,-41.016,171.832,53.234,-161.774
-0.629,0.244,-0.792,-0.183,3.113,-19.226,172.326,53.58,-160.192
-0.554,0.231,-0.771,7.629,11.108,-14.526,172.678,53.586,-159.285
-0.414,0.181,-0.72,10.986,6.348,-16.968,173.419,53.383,-158.286
-0.483,0.198,-0.774,10.132,-8.423,-12.39,174.122,53.723,-157.516
-0.533,0.204,-0.842,9.644,-4.883,-5.432,174.633,54.212,-157.143
-0.492,0.198,-0.822,12.512,-17.334,-1.892,175.029,54.712,-157.132
-0.68,0.191,-1.007,12.39,-22.034,7.996,175.309,55.833,-157.544
-0.655,0.134,-1.046,28.625,-2.258,11.658,175.737,56.31,-158.395
-0.842,-0.002,-1.192,36.011,-10.437,11.169,176.951,56.678,-159.066
-0.608,-0.078,-1.065,28.87,18.677,37.842,177.731,56.162,-160.461
-0.318,-0.119,-0.917,31.982,14.343,41.077,178.132,55.096,-162.664
-0.228,-0.201,-0.78,27.588,0.305,28.015,178.929,54.641,-164.46
-0.294,-0.182,-0.75,17.456,-2.808,26.855,179.478,54.443,-166.163
-0.288,-0.189,-0.696,7.446,0.366,23.499,179.714,54.207,-167.794
-0.319,-0.122,-0.658,-1.831,-7.446,18.555,179.615,54.097,-169.2
-0.472,-0.065,-0.708,-2.441,-16.785,15.564,179.379,54.558,-170.288
-0.583,-0.051,-0.724,-0.61,-11.353,15.137,179.198,55.206,-170.986
-0.609,-0.061,-0.768,-0.305,-8.179,16.052,179.006,55.734,-171.497
-0.64,-0.031,-0.784,-3.174,4.15,20.874,178.577,55.948,-172.018
-0.509,-0.01,-0.784,-4.333,8.179,21.973,177.94,55.668,-172.689
-0.524,0.014,-0.803,-5.676,-0.427,18.677,177.308,55.519,-173.342
-0.523,0.025,-0.811,-2.197,0.305,15.93,176.759,55.602,-173.979
-0.487,0.022,-0.815,2.441,3.54,18.188,176.424,55.525,-174.661
-0.466,-0.026,-0.885,2.93,-3.113,15.32,176.232,55.393,-175.512
-0.583,-0.042,-0.898,0.183,-13.367,3.601,176.193,55.948,-176.012
-0.688,0.064,-1.042,-10.376,-0.916,7.568,175.825,56.184,-176.353
-0.649,0.093,-1.124,-16.052,-2.747,-5.127,175.419,56.217,-176.276
-0.585,0.242,-1.062,-19.104,-1.16,-12.146,174.781,56.404,-175.902
-0.377,0.269,-0.861,-21.484,-8.24,-15.869,174.282,56.58,-175.276
-0.511,0.329,-0.776,-25.391,-21.79,-11.658,173.249,57.475,-175.095
-0.467,0.294,-0.677,-18.188,0.671,-21.362,172.502,57.936,-174.562
-0.376,0.292,-0.593,-23.193,1.465,-23.438,171.936,57.964,-173.584
-0.446,0.272,-0.611,-17.395,5.859,-35.889,171.645,58.002,-172.172
-0.447,0.258,-0.641,-15.076,17.151,-41.138,171.799,57.761,-170.156
-0.513,0.21,-0.703,-13.245,11.658,-43.091,172.277,57.409,-167.871
-0.562,0.2,-0.743,-15.564,11.78,-43.945,172.694,57.266,-165.558
-0.602,0.204,-0.745,-18.677,10.071,-46.082,173.09,57.184,-163.059
-0.612,0.211,-0.75,-20.752,10.681,-48.035,173.408,57.156,-160.439
-0.537,0.193,-0.702,-21.912,9.155,-46.814,173.754,57.129,-157.698
-0.535,0.204,-0.699,-20.874,6.042,-44.983,173.93,57.266,-155.198
-0.481,0.227,-0.666,-21.179,1.526,-40.649,174.051,57.475,-152.902
-0.587,0.248,-0.729,-16.418,-10.681,-40.466,174.133,58.09,-150.914
-0.736,0.234,-0.805,-7.202,-11.475,-44.617,174.672,59.101,-148.804
-0.706,0.192,-0.793,-8.606,-9.766,-33.813,175.468,59.98,-146.744
-0.86,0.297,-1.039,-2.014,-7.629,-21.851,175.666,60.65,-145.657
-0.656,0.136,-0.935,9.521,-4.211,-32.41,176.874,61.309,-144.196
-0.434,0.016,-0.868,10.01,11.475,-24.414,178.198,61.166,-142.795
-0.357,-0.141,-0.827,-1.953,-14.893,-35.828,179.429,61.238,-141.356
-0.449,-0.112,-0.682,-25.208,-37.598,-56.519,-179.626,62.71,-138.763
-0.744,-0.123,-0.725,-24.109,-26.245,-76.599,-177.946,64.308,-134.473
-0.696,-0.145,-0.74,-39.185,6.836,-68.604,-176.292,64.413,-129.617
-0.616,-0.093,-0.728,-47.791,16.479,-56.091,-175.715,63.748,-125.513
-0.57,-0.072,-0.678,-56.152,8.972,-58.899,-175.88,62.979,-121.904
-0.663,-0.066,-0.694,-66.895,4.944,-78.125,-176.094,62.688,-117.587
-0.712,-0.054,-0.713,-79.346,14.832,-92.285,-176.254,62.249,-112.17
-0.619,-0.022,-0.699,-86.182,19.897,-100.281,-176.644,61.353,-106.26
-0.553,0.024,-0.736,-84.839,14.099,-99.67,-177.133,60.601,-100.228
-0.688,0.031,-0.838,-72.388,13.428,-99.731,-177.44,60.211,-94.488
-0.52,0.027,-0.889,-63.538,35.156,-96.558,-177.341,58.947,-88.989
-0.492,0.016,-0.876,-52.917,9.155,-109.497,-176.781,57.953,-83.425
-0.684,0.031,-0.908,-58.716,-7.08,-116.882,-175.781,57.892,-77.179
-0.619,0.093,-0.793,-69.214,8.484,-99.426,-175.479,57.761,-71.411
-0.473,0.238,-0.695,-70.801,-2.197,-82.214,-176.364,57.48,-67.094
-0.685,0.262,-0.756,-60.669,-7.324,-80.566,-177.182,58.052,-63.342
-0.622,0.271,-0.729,-53.04,17.578,-79.163,-177.621,57.849,-59.689
-0.543,0.297,-0.738,-44.495,13.428,-65.979,-178.105,57.31,-56.755
-0.519,0.189,-0.684,-34.668,0.0,-67.688,-178.198,57.327,-54.152
-0.607,0.235,-0.7,-33.203,-11.963,-55.603,-178.33,57.942,-51.833
-0.589,0.247,-0.691,-26.306,-4.517,-40.588,-178.489,58.749,-50.213
-0.518,0.367,-0.674,-14.099,-4.822,-15.747,-179.116,59.194,-49.982
-0.627,0.308,-0.722,13.916,-26.978,-13.611,-179.143,60.244,-50.68
-0.782,0.244,-0.758,27.161,-44.312,-3.906,-178.352,62.353,-51.63
-1.054,0.134,-0.854,47.363,-42.175,1.831,-177.034,64.902,-53.015
-1.015,-0.042,-0.927,52.063,10.376,10.925,-175.188,66.099,-54.525
-0.563,-0.193,-0.791,48.401,66.101,19.653,-173.639,64.265,-56.547
-0.139,-0.282,-0.751,35.889,51.575,26.855,-172.776,61.243,-58.953
-0.313,-0.329,-0.887,21.545,8.728,-0.916,-171.705,60.134,-59.903
-0.406,-0.257,-0.911,-0.122,25.635,-0.671,-171.068,59.019,-59.711
-0.235,-0.199,-0.821,-14.221,9.094,4.7,-171.409,57.832,-59.908
-0.442,-0.099,-0.829,-22.4,-12.024,-8.484,-172.051,57.865,-59.535
-0.502,-0.057,-0.811,-20.264,4.211,-21.79,-172.43,57.662,-58.552
-0.473,-0.134,-0.816,-20.386,0.122,-32.043,-172.375,57.244,-57.041
-0.484,-0.137,-0.793,-24.902,-0.977,-37.598,-172.343,56.964,-55.157
-0.531,-0.198,-0.789,-27.832,-2.808,-43.335,-172.139,56.816,-52.888
-0.556,-0.174,-0.826,-35.4,2.319,-39.551,-172.288,56.618,-50.652
-0.563,-0.159,-0.859,-42.419,6.104,-38.391,-172.798,56.173,-48.593
-0.511,-0.134,-0.783,-46.692,0.244,-41.199,-173.639,55.882,-46.549
-0.624,-0.065,-0.784,-54.26,-7.141,-38.391,-174.716,56.074,-44.434
-0.675,0.04,-0.83,-48.035,5.981,-32.654,-176.089,56.162,-42.72
-0.519,0.015,-0.812,-36.865,11.78,-25.94,-177.204,55.756,-41.55
-0.45,-0.09,-0.884,-27.71,0.549,-34.607,-177.786,55.514,-40.336
-0.498,-0.103,-0.994,-34.668,-6.836,-33.752,-178.16,55.695,-38.721
-0.603,-0.046,-1.089,-41.809,-3.967,-27.161,-178.879,56.03,-37.172
-0.493,0.161,-1.055,-42.969,-9.216,-21.545,179.687,56.162,-36.282
-0.467,0.355,-0.968,-37.109,-13.123,-19.47,178.352,56.7,-35.579
-0.507,0.531,-0.898,-16.052,-16.541,-11.658,177.198,57.448,-35.607
-0.462,0.258,-0.829,-5.31,11.108,-7.874,176.863,57.404,-36.189
-0.315,0.246,-0.761,-22.644,23.743,-21.545,176.155,56.426,-36.288
-0.241,0.276,-0.744,-27.527,17.456,-32.166,175.419,55.41,-35.464
-0.304,0.329,-0.736,-26.917,6.348,-29.053,174.54,54.943,-34.651
-0.361,0.329,-0.723,-13.672,-0.671,-24.597,173.881,54.877,-34.222
-0.447,0.273,-0.725,-2.075,-6.714,-24.231,173.699,55.151,-34.085
-0.554,0.214,-0.785,0.732,-6.287,-21.118,173.958,55.651,-33.926
-0.512,0.187,-0.714,3.845,-4.822,-17.517,174.287,56.058,-33.909
-0.622,0.196,-0.798,3.662,-9.583,-12.878,174.611,56.64,-34.113
-0.519,0.162,-0.78,4.15,-5.31,-14.221,175.001,57.112,-34.283
-0.522,0.175,-0.764,-0.244,-18.616,-9.216,175.309,57.865,-34.442
-0.625,0.263,-0.91,0.488,-5.615,-4.028,175.182,58.683,-35.052
-0.565,0.241,-0.897,3.845,-14.465,-13.916,175.32,59.172,-35.458
-0.729,0.209,-1.145,2.258,-3.113,-18.311,175.748,59.87,-35.283
-0.459,0.099,-1.157,-4.456,-15.076,-2.014,175.924,60.024,-35.305
-0.471,0.217,-0.863,-11.414,-59.143,20.081,174.6,61.875,-36.848
-0.635,0.215,-0.686,14.038,-53.589,4.456,173.644,64.418,-38.71
-0.687,-0.031,-0.645,32.043,-21.301,-18.494,175.15,66.072,-38.809
-0.625,-0.116,-0.65,23.193,7.996,-11.719,177.144,66.193,-38.177
-0.468,-0.179,-0.639,13.428,25.452,-7.874,178.616,65.204,-37.694
-0.396,-0.147,-0.658,-2.38,18.311,-14.526,179.615,64.039,-36.804
-0.567,-0.05,-0.709,-8.301,2.625,-15.93,-179.786,63.622,-35.656
-0.66,-0.06,-0.775,-3.723,6.897,-15.503,-179.154,63.369,-34.579
-0.614,-0.113,-0.759,0.549,9.888,-13.794,-178.456,62.963,-33.734
-0.531,-0.172,-0.679,-5.798,-2.686,-12.146,-177.786,62.693,-32.932
-0.646,-0.125,-0.672,-15.564,-17.944,-4.7,-177.671,63.276,-32.349
-0.756,-0.053,-0.691,-18.005,-10.01,1.587,-178.215,64.094,-32.355
-0.719,-0.035,-0.702,-15.808,3.235,1.892,-178.868,64.303,-32.618
-0.663,-0.051,-0.732,-11.597,5.92,1.587,-179.374,64.177,-32.888
-0.623,-0.059,-0.737,-12.695,8.301,9.888,-180.0,63.924,-33.409
-0.598,-0.071,-0.805,-15.442,4.028,14.526,179.088,63.572,-34.283
-0.617,-0.026,-0.766,-16.296,-6.592,16.052,177.847,63.787,-35.332
-0.654,-0.009,-0.781,-14.832,-8.118,22.095,176.495,64.067,-36.661
-0.733,0.048,-0.828,-16.602,-17.517,30.334,174.771,64.528,-38.518
-0.867,0.18,-0.915,-14.832,-21.545,37.964,172.568,65.264,-41.039
-0.899,0.291,-0.909,-7.568,-14.404,43.213,170.349,65.83,-44.039
-0.704,0.422,-0.782,4.944,-3.235,43.945,168.289,65.621,-47.351
-0.594,0.481,-0.788,20.813,16.846,34.668,167.311,64.99,-50.18
-0.482,0.415,-0.777,33.386,26.672,23.987,167.426,63.452,-52.333
-0.355,0.271,-0.734,26.55,27.161,-1.404,168.486,61.842,-53.212
-0.358,0.227,-0.659,15.625,5.249,-16.968,169.706,61.029,-52.861
-0.455,0.212,-0.597,17.883,0.854,-23.743,170.936,61.029,-52.092
-0.558,0.173,-0.609,18.433,5.676,-20.813,172.43,61.013,-51.147
-0.598,0.165,-0.653,15.991,23.01,-11.963,173.639,60.529,-50.57
-0.591,0.181,-0.714,12.634,25.024,-9.521,174.595,59.414,-50.202
-0.525,0.144,-0.755,15.686,19.348,-10.864,175.545,58.497,-49.845
-0.559,0.119,-0.751,15.747,5.615,-7.08,176.462,58.14,-49.647
-0.555,0.045,-0.753,16.907,5.31,-11.963,177.462,58.035,-49.362
-0.547,0.052,-0.766,7.202,2.014,-13.428,178.369,58.024,-48.757
-0.542,0.072,-0.847,1.465,7.202,-13.489,178.989,57.903,-48.082
-0.518,0.161,-0.955,-5.249,9.705,-7.935,179.083,57.48,-47.576
-0.491,0.182,-0.913,-6.47,-8.484,-14.526,179.061,57.524,-47.087
-0.619,0.323,-0.986,6.592,-8.484,-15.869,179.258,58.03,-46.406
-0.643,0.184,-0.987,33.813,-8.972,-11.597,-179.412,58.332,-46.005
-0.733,0.001,-1.01,44.495,-1.587,3.784,-177.512,58.678,-46.022
-0.532,-0.15,-0.897,48.95,20.325,21.362,-175.842,58.217,-47.021
-0.323,-0.311,-0.776,44.556,16.052,16.113,-174.216,57.107,-48.224
-0.359,-0.399,-0.776,27.039,-7.874,-0.427,-172.447,56.904,-48.197
-0.507,-0.319,-0.773,14.648,5.249,4.7,-171.151,56.986,-47.521
-0.384,-0.317,-0.739,5.615,18.127,16.846,-170.656,56.349,-47.653
-0.297,-0.238,-0.726,-10.62,7.263,20.63,-170.986,55.646,-48.137
-0.442,-0.123,-0.735,-14.709,-11.841,16.418,-171.804,55.854,-48.461
-0.58,-0.071,-0.752,-7.385,-11.902,12.695,-172.447,56.503,-48.609
-0.571,-0.114,-0.771,-0.732,3.967,20.63,-172.908,56.706,-49.208
-0.522,-0.151,-0.772,-4.272,0.061,19.043,-173.485,56.728,-50.037
-0.521,-0.088,-0.763,-5.737,-3.052,25.208,-174.287,56.915,-50.96
-0.582,-0.105,-0.773,-0.366,-9.338,29.48,-175.122,57.398,-52.267
-0.597,-0.116,-0.799,5.188,-0.916,34.058,-175.787,57.788,-53.773
-0.53,-0.114,-0.799,3.174,-0.916,43.945,-176.715,57.903,-55.833
-0.585,-0.088,-0.843,-2.502,-7.202,42.236,-177.957,58.2,-58.035
-0.611,-0.027,-0.866,-8.545,-12.268,39.185,-179.418,58.716,-60.035
-0.736,0.039,-0.957,-7.019,-2.686,29.541,179.269,59.117,-61.666
-0.703,0.095,-1.021,-4.761,4.761,20.02,178.27,58.925,-62.869
-0.6,0.155,-1.02,-2.197,19.714,9.766,177.72,58.425,-63.446
-0.328,0.157,-0.889,-5.005,20.447,1.77,177.484,57.195,-63.484
-0.415,0.244,-0.887,-13.611,2.319,3.662,176.814,56.646,-63.512
-0.403,0.243,-0.833,-7.385,18.372,-16.602,176.375,56.014,-63.116
-0.322,0.173,-0.746,-5.615,18.555,-23.926,176.594,55.014,-61.787
-0.308,0.12,-0.651,-4.639,11.047,-24.902,176.869,54.229,-60.408
-0.351,0.12,-0.634,-10.437,2.991,-16.235,176.913,53.888,-59.233
-0.46,0.159,-0.701,-6.47,-3.906,-9.949,176.594,53.915,-58.694
-0.583,0.148,-0.771,-6.165,1.099,-11.963,176.435,54.113,-58.217
-0.552,0.164,-0.787,-5.676,7.141,-13.428,176.364,53.948,-57.585
-0.542,0.178,-0.813,-3.54,11.597,-14.038,176.358,53.696,-56.959
-0.458,0.152,-0.766,-3.418,3.906,-15.93,176.501,53.459,-56.206
-0.522,0.149,-0.774,-6.592,-10.681,-12.39,176.457,53.904,-55.607
-0.554,0.156,-0.817,-8.545,2.075,-6.226,176.193,54.278,-55.267
-0.496,0.25,-1.021,-2.563,24.719,-3.54,175.721,53.674,-55.239
-0.435,0.205,-1.084,0.244,0.366,-11.841,175.814,53.02,-54.8
-0.715,0.202,-1.204,8.24,1.465,-11.292,176.193,53.174,-54.152
-0.633,0.134,-1.197,16.235,21.606,-3.601,176.896,52.635,-53.729
-0.198,0.007,-0.903,22.522,35.095,-1.343,177.896,51.064,-53.459
-0.107,-0.083,-0.805,20.081,-5.798,-12.268,179.138,50.136,-52.872
-0.353,-0.093,-0.789,20.569,-3.479,-17.151,-179.407,50.515,-51.553
-0.229,-0.135,-0.788,12.512,12.817,4.639,-178.281,49.911,-50.768
-0.203,-0.138,-0.773,4.028,-2.38,8.484,-177.836,49.438,-50.663
-0.35,-0.06,-0.75,-2.808,-17.273,7.812,-177.852,49.828,-50.559
-0.504,-0.053,-0.766,-0.122,-17.029,3.845,-177.819,50.636,-50.389
-0.542,-0.075,-0.787,1.282,-3.723,7.019,-177.753,51.114,-50.345
-0.492,-0.071,-0.784,0.122,-0.305,12.573,-177.869,51.257,-50.707
-0.533,-0.072,-0.824,1.038,-4.089,10.986,-177.973,51.509,-51.103
-0.488,-0.075,-0.848,-0.122,6.714,20.752,-178.187,51.504,-51.746
-0.472,-0.047,-0.85,-0.488,-3.174,23.315,-178.654,51.548,-52.784
-0.44,-0.085,-0.822,-2.075,-9.216,20.935,-179.066,51.894,-53.718
-0.626,-0.068,-0.922,-7.141,-13.855,12.39,-179.599,52.652,-54.388
-0.523,-0.087,-0.903,-11.719,-1.343,14.954,179.791,53.058,-54.866
-0.68,-0.014,-1.04,-15.259,-7.202,16.235,178.846,53.361,-55.508
-0.701,0.034,-1.125,-10.681,8.179,11.902,178.044,53.377,-56.069
-0.533,0.156,-1.134,-8.118,24.658,9.46,177.44,52.575,-56.448
-0.183,0.328,-0.9,4.333,26.794,-5.31,177.336,51.279,-56.36
-0.244,0.239,-0.906,12.085,8.972,9.216,177.753,50.301,-56.228
-0.258,0.102,-0.875,6.104,17.639,-3.967,177.902,49.438,-56.678
-0.235,0.05,-0.796,-22.034,13.55,-34.424,177.946,48.538,-55.41
-0.233,0.18,-0.707,-32.166,9.949,-33.325,177.105,47.955,-53.448
-0.27,0.218,-0.685,-27.039,-5.066,-31.982,176.149,47.834,-51.817
-0.397,0.194,-0.735,-25.146,-9.277,-39.307,175.457,48.439,-50.103
-0.473,0.23,-0.77,-25.635,1.892,-42.908,174.897,48.79,-48.082
-0.459,0.211,-0.766,-16.968,4.272,-44.495,174.672,48.977,-46.0
-0.454,0.198,-0.799,-10.193,3.601,-37.537,174.776,49.136,-44.061
-0.492,0.158,-0.846,-0.671,1.16,-29.358,175.106,49.427,-42.632
-0.408,0.187,-0.846,-3.479,-2.93,-17.639,175.358,49.642,-41.699
-0.5,0.192,-0.904,1.709,-14.709,-19.165,175.589,50.411,-41.1
-0.498,0.206,-0.968,-2.563,-12.817,-18.188,175.897,51.141,-40.364
-0.548,0.167,-0.964,-1.892,-16.479,-26.184,176.133,52.174,-39.545
-0.699,0.202,-1.138,1.221,-1.892,-24.475,176.528,52.806,-38.397
-0.658,0.087,-1.199,7.568,20.325,-14.404,177.253,52.553,-37.447
-0.326,0.08,-1.022,5.92,34.79,8.545,177.572,51.152,-37.375
-0.033,-0.007,-0.868,19.043,9.827,-0.427,178.061,49.735,-37.667
-0.243,-0.118,-0.808,13.611,-10.559,-11.169,179.176,49.85,-37.068
-0.278,-0.119,-0.755,5.859,2.625,-0.977,179.896,49.768,-36.497
-0.224,-0.086,-0.798,-2.625,0.0,3.113,-179.923,49.444,-36.315
-0.318,-0.033,-0.772,-3.479,-15.808,5.493,-179.995,49.697,-36.277
-0.459,-0.028,-0.745,-2.136,-20.569,4.883,179.907,50.548,-36.414
-0.573,-0.028,-0.774,-2.991,-10.01,7.08,179.819,51.257,-36.623
-0.54,-0.004,-0.792,-0.366,2.563,12.268,179.599,51.405,-37.216
-0.478,-0.01,-0.786,-0.122,-1.343,14.709,179.396,51.427,-37.991
-0.503,-0.005,-0.809,0.793,-4.456,15.991,179.138,51.707,-38.903
-0.458,-0.037,-0.802,1.831,-7.202,14.648,178.967,52.064,-39.776
-0.537,-0.041,-0.929,0.183,0.488,10.193,178.781,52.421,-40.507
-0.452,-0.062,-0.95,-2.014,-2.625,0.122,178.759,52.361,-40.765
-0.54,-0.043,-1.064,-12.878,-17.334,0.305,178.649,52.806,-40.638
-0.688,0.089,-1.136,-18.188,-9.583,1.221,177.951,53.569,-40.699
-0.575,0.173,-1.082,-14.404,8.911,-12.207,177.369,53.668,-40.424
-0.29,0.173,-0.889,-18.921,17.456,-15.259,177.116,52.921,-39.551
-0.326,0.28,-0.865,-25.635,-7.324,-9.766,176.177,52.635,-39.001
-0.395,0.292,-0.812,-21.362,1.343,-18.799,175.226,52.789,-38.452
-0.395,0.291,-0.764,-16.907,-0.183,-24.78,174.661,52.789,-37.496
-0.341,0.237,-0.649,-12.329,-0.183,-29.846,174.441,52.85,-36.332
-0.436,0.214,-0.661,-11.475,-7.935,-31.616,174.364,53.284,-35.112
-0.515,0.178,-0.661,-9.949,2.38,-34.79,174.457,53.69,-33.766
-0.473,0.175,-0.672,-10.315,2.38,-34.363,174.683,53.789,-32.289
-0.612,0.172,-0.772,-8.606,0.427,-31.311,174.908,54.174,-30.976
-0.555,0.137,-0.743,-7.69,9.033,-29.602,175.292,54.234,-29.652
-0.544,0.19,-0.804,-4.578,1.099,-25.574,175.501,54.316,-28.625
-0.497,0.168,-0.768,-4.761,2.258,-20.935,175.897,54.602,-27.664
-0.547,0.217,-0.884,-1.831,1.404,-11.719,175.99,54.717,-27.191
-0.542,0.204,-0.928,2.38,1.404,-9.583,176.149,54.794,-27.021
-0.721,0.217,-1.12,8.972,-0.671,-10.193,176.429,54.91,-26.906
-0.742,0.053,-1.19,14.709,9.949,-12.451,177.292,54.723,-26.537
-0.549,-0.045,-1.062,6.409,22.705,9.033,177.94,54.075,-26.51
-0.176,0.017,-0.879,2.747,24.841,28.076,177.61,52.635,-27.664
-0.14,-0.022,-0.825,13.367,8.057,11.78,177.605,51.658,-28.674
-0.211,-0.065,-0.754,10.437,-0.427,13.123,178.094,51.224,-29.004
-0.292,-0.087,-0.753,7.629,-4.15,16.907,178.319,51.015,-29.63
-0.364,-0.069,-0.732,1.221,-8.057,17.395,178.325,51.136,-30.273
-0.443,-0.017,-0.753,2.563,-11.353,21.423,178.121,51.411,-31.207
-0.53,-0.005,-0.75,3.784,-8.667,24.536,177.918,51.866,-32.41
-0.53,-0.009,-0.744,7.141,-5.981,24.353,177.72,52.114,-33.827
-0.582,-0.024,-0.781,4.578,-2.747,23.804,177.534,52.438,-35.206
-0.513,-0.021,-0.809,2.38,4.822,24.719,177.253,52.361,-36.562
-0.474,-0.005,-0.856,3.296,5.005,26.611,176.929,52.18,-37.963
-0.463,0.0,-0.945,5.31,1.709,27.649,176.633,51.949,-39.468
-0.467,0.013,-1.052,3.357,-0.366,23.804,176.385,51.707,-40.82
-0.466,0.034,-1.079,-3.662,-8.606,18.25,176.127,51.877,-41.797
-0.705,0.191,-1.19,-6.653,-9.338,11.169,175.523,52.306,-42.621
-0.48,0.197,-1.064,-8.179,11.719,-3.54,175.215,52.086,-42.764
-0.288,0.248,-0.938,-15.259,14.16,-11.169,174.902,51.438,-42.231
-0.307,0.297,-0.849,-18.616,-0.916,-15.015,174.271,51.086,-41.567
-0.327,0.273,-0.778,-16.296,1.953,-31.738,173.793,51.064,-40.474
-0.358,0.244,-0.69,-18.799,-1.526,-37.781,173.622,51.196,-38.694
-0.428,0.255,-0.63,-17.7,7.019,-36.743,173.364,51.317,-36.985
-0.482,0.247,-0.668,-13.672,23.01,-37.842,173.326,50.839,-35.228
-0.375,0.255,-0.724,-10.254,26.978,-35.156,173.397,49.911,-33.569
-0.403,0.21,-0.763,-4.944,7.202,-34.363,173.65,49.537,-32.036
-0.559,0.162,-0.82,-3.906,7.935,-30.029,173.996,49.68,-30.712
-0.434,0.188,-0.806,-3.54,20.203,-24.048,174.282,49.153,-29.603
-0.469,0.171,-0.815,-1.831,4.089,-22.522,174.6,49.021,-28.641
-0.43,0.187,-0.814,0.916,6.531,-25.085,174.935,48.994,-27.724
-0.458,0.217,-0.839,-3.235,6.531,-20.203,175.248,49.18,-26.779
-0.453,0.258,-0.963,3.235,12.024,-16.785,175.463,48.829,-26.115
-0.454,0.222,-1.127,9.155,6.958,-22.034,176.034,48.516,-25.318
-0.606,0.135,-1.229,18.494,10.437,-22.034,177.072,48.356,-24.274
-0.393,0.041,-1.202,15.991,26.184,-5.066,178.198,47.422,-23.571
-0.091,-0.013,-0.933,17.273,15.259,6.836,178.912,46.329,-23.648
-0.204,-0.068,-0.874,17.517,-0.916,2.075,179.692,45.901,-23.741
-0.143,-0.088,-0.893,12.451,18.066,5.432,-179.5,45.247,-23.588
-0.066,-0.103,-0.836,8.362,2.38,4.089,-178.962,44.489,-23.505
-0.188,-0.089,-0.766,2.747,-11.353,-2.38,-178.533,44.539,-23.038
-0.343,-0.079,-0.75,2.075,-22.095,-1.526,-178.209,45.269,-22.566
-0.472,-0.098,-0.783,0.183,-4.822,-0.183,-177.918,45.829,-22.275
-0.415,-0.097,-0.843,-1.343,4.089,2.686,-177.819,45.802,-22.28
-0.379,-0.099,-0.849,-5.615,3.357,4.761,-177.88,45.659,-22.418
-0.4,-0.096,-0.835,-6.958,-5.676,0.671,-178.061,45.829,-22.533
-0.471,-0.11,-0.815,-10.498,-14.221,-6.104,-178.204,46.511,-22.269
-0.473,-0.07,-0.866,-13.062,-4.089,-1.282,-178.561,47.131,-22.088
-0.55,-0.118,-0.997,-12.512,0.366,-8.667,-178.764,47.455,-21.758
-0.5,-0.069,-1.126,-13.306,18.372,-5.859,-179.132,47.087,-21.445
-0.408,-0.004,-1.19,-21.79,11.841,-16.174,-179.583,46.439,-20.852
-0.233,0.131,-1.041,-27.527,15.625,-19.104,179.676,45.807,-19.764
-0.082,0.237,-0.91,-28.931,1.648,-24.414,178.72,45.269,-18.534
-0.319,0.262,-0.91,-29.907,-6.226,-30.273,177.737,45.538,-16.946
-0.233,0.302,-0.887,-29.968,20.447,-30.884,176.688,45.066,-15.222
-0.173,0.343,-0.862,-24.719,13.306,-28.992,175.633,44.187,-13.563
-0.211,0.294,-0.817,-15.564,5.249,-32.227,174.99,43.797,-11.909
-0.211,0.242,-0.742,-9.399,-5.859,-39.001,174.699,43.874,-10.02
-0.352,0.178,-0.725,-7.324,-21.484,-43.457,174.749,44.846,-7.965
-0.478,0.156,-0.731,-6.958,-13.367,-42.603,174.897,46.005,-6.026
-0.484,0.15,-0.758,-8.85,-0.183,-38.452,175.095,46.62,-4.274
-0.492,0.191,-0.783,-10.62,3.357,-31.128,175.144,46.906,-2.851
-0.439,0.23,-0.797,-10.376,14.221,-26.245,175.062,46.807,-1.785
-0.393,0.242,-0.822,-3.54,11.414,-26.794,175.133,46.566,-0.775
-0.299,0.292,-0.829,-3.601,7.69,-19.348,175.161,46.357,0.077
-0.354,0.285,-0.898,9.155,-9.949,-22.827,175.391,46.571,0.873
-0.634,0.186,-1.104,19.287,-21.301,-27.588,176.303,47.56,1.901
-0.597,0.058,-1.04,15.076,-2.747,-22.522,177.594,48.444,2.944
-0.431,-0.022,-1.001,13.245,13.611,-26.184,178.764,48.345,3.972
-0.25,-0.054,-0.955,3.174,17.273,-20.996,179.687,47.615,5.175
-0.109,-0.053,-0.836,-3.296,2.686,-16.785,-179.901,47.06,6.202
-0.292,-0.022,-0.843,-7.202,-23.438,-23.193,-179.72,47.472,7.377
-0.491,-0.037,-0.904,-5.859,0.305,-25.696,-179.396,48.186,8.86
-0.314,-0.036,-0.912,-4.883,18.677,-25.146,-179.039,47.379,10.234
-0.265,-0.07,-0.922,-8.301,14.526,-26.55,-178.682,46.527,11.711
-0.247,-0.047,-0.882,-14.465,0.061,-27.954,-178.627,46.115,13.25
-0.408,-0.017,-0.867,-19.226,-6.836,-33.752,-178.77,46.368,14.985
-0.402,0.002,-0.844,-17.639,4.578,-37.903,-178.852,46.346,16.93
-0.392,-0.039,-0.896,-14.832,6.592,-41.748,-178.742,46.176,18.984
-0.321,-0.028,-0.884,-16.113,5.127,-39.246,-178.682,45.912,21.028
-0.322,-0.086,-0.89,-18.005,-2.075,-43.03,-178.583,45.923,23.176
-0.373,-0.043,-0.955,-23.438,-5.005,-40.039,-178.737,46.203,25.345
-0.424,-0.018,-1.024,-22.705,-7.629,-38.269,-178.995,46.5,27.378
-0.406,-0.035,-0.967,-21.301,-12.329,-38.269,-179.16,47.054,29.383
-0.542,0.028,-0.991,-22.4,-16.846,-33.752,-179.429,47.895,31.196
-0.532,0.089,-0.92,-19.104,0.916,-33.203,-179.676,48.439,32.844
-0.371,0.101,-0.834,-20.203,11.597,-28.198,-179.896,48.208,34.393
-0.266,0.119,-0.793,-24.536,9.46,-31.738,179.654,47.714,35.931
-0.4,0.177,-0.822,-32.288,-4.333,-36.804,178.885,47.791,37.798
-0.46,0.243,-0.86,-31.86,16.724,-40.527,177.973,47.659,39.974
-0.354,0.239,-0.878,-28.381,26.489,-44.434,177.22,46.741,42.451
-0.252,0.241,-0.895,-28.32,24.353,-48.096,176.567,45.67,45.302
-0.254,0.223,-0.87,-22.339,4.333,-50.659,176.094,45.236,48.362
-0.363,0.208,-0.841,-20.142,-9.644,-44.983,175.693,45.709,51.196
-0.429,0.229,-0.806,-19.531,-11.169,-36.072,175.221,46.472,53.558
-0.372,0.259,-0.758,-15.076,-5.066,-26.184,174.749,47.021,55.486
-0.421,0.27,-0.833,-4.272,-17.334,-24.292,174.507,47.719,57.09
-0.565,0.199,-0.867,1.648,-27.893,-30.64,174.831,49.191,58.876
-0.604,0.267,-0.874,-3.235,-17.212,-16.907,174.957,50.587,60.282
-0.497,0.281,-0.891,6.042,-18.25,-20.447,175.139,51.493,61.469
-0.594,0.215,-0.938,15.32,-23.193,-28.015,175.957,52.899,63.078
-0.637,0.074,-0.956,20.02,-8.179,-39.49,177.506,53.926,65.237
-0.348,-0.022,-0.827,11.353,13.55,-41.26,179.22,53.899,67.775
-0.218,-0.108,-0.848,2.686,4.395,-46.021,-179.269,53.372,70.428
-0.437,-0.108,-0.871,-12.268,-9.155,-55.542,-178.066,53.641,73.488
-0.463,-0.064,-0.922,-16.174,9.399,-48.706,-177.352,53.405,76.476
-0.39,-0.096,-0.911,-30.64,11.902,-45.959,-177.078,52.767,79.299
-0.291,0.026,-0.823,-39.978,-6.042,-35.4,-177.825,52.449,81.573
-0.501,0.078,-0.81,-36.621,-24.963,-39.246,-178.682,53.366,83.815
-0.544,0.079,-0.755,-28.442,-10.376,-47.302,-179.05,54.196,86.589
-0.521,0.0,-0.765,-21.545,-9.705,-50.842,-178.835,54.734,89.72
-0.537,-0.062,-0.784,-21.667,-8.301,-55.237,-178.347,55.261,93.082
-0.549,-0.137,-0.81,-25.635,-3.967,-55.847,-177.737,55.646,96.68
-0.504,-0.138,-0.811,-30.945,-2.93,-52.002,-177.49,55.844,100.003
-0.486,-0.141,-0.867,-32.288,0.671,-51.086,-177.248,55.898,103.304
-0.7,-0.112,-0.943,-28.015,-20.447,-49.561,-177.056,56.382,106.436
-0.797,-0.075,-0.933,-36.743,-10.559,-31.677,-176.979,57.195,109.374
-0.85,0.109,-0.862,-30.823,24.902,-14.038,-177.88,57.14,111.242
-0.461,0.18,-0.74,-31.128,62.927,-0.305,-179.072,54.954,112.522
-0.283,0.312,-0.747,-30.09,32.593,-4.089,179.231,52.586,113.39
-0.479,0.315,-0.856,-23.499,18.982,-34.851,178.171,51.713,115.274
-0.32,0.233,-0.843,-23.193,50.781,-50.293,177.913,50.092,118.63
-0.197,0.209,-0.873,-24.597,35.645,-48.401,177.616,47.977,122.195
-0.261,0.213,-0.866,-23.438,18.921,-36.56,177.056,46.851,125.085
-0.329,0.241,-0.885,-17.761,8.545,-28.198,176.407,46.219,127.26
-0.372,0.231,-0.891,-11.597,11.963,-22.583,176.012,45.824,129.194
-0.339,0.205,-0.863,-7.385,6.042,-18.555,175.748,45.363,130.831
-0.396,0.208,-0.843,-3.662,6.714,-19.409,175.616,45.209,132.429
-0.353,0.197,-0.801,-3.601,4.517,-14.648,175.573,45.0,133.984
-0.427,0.236,-0.829,1.282,4.517,-9.399,175.496,44.918,135.242
-0.452,0.306,-0.958,12.268,11.108,-3.662,175.704,44.599,136.225
-0.531,0.19,-1.021,25.696,-4.089,-19.348,176.786,44.522,137.527
-0.748,0.287,-1.15,27.588,18.127,-27.405,178.033,44.736,139.367
-0.436,0.065,-1.152,47.791,75.134,-47.668,-179.544,42.473,142.339
-0.069,-0.178,-1.156,46.143,73.792,-27.405,-176.803,38.985,145.135
0.168,-0.3,-1.015,24.902,58.167,10.559,-175.034,35.563,145.783
0.132,-0.238,-0.875,11.902,27.893,22.461,-174.265,33.591,144.811
0.217,-0.208,-0.868,10.498,37.659,24.109,-173.721,31.74,143.344
0.281,-0.165,-0.827,-2.38,15.503,27.344,-173.518,30.07,141.581
0.129,-0.1,-0.755,-8.057,-18.677,17.212,-173.776,29.8,140.015
-0.12,-0.074,-0.849,-2.808,-23.01,7.69,-173.979,30.624,139.158
-0.149,-0.121,-0.948,1.16,-5.432,0.793,-173.881,31.031,138.856
-0.105,-0.168,-0.987,-0.61,-8.606,-5.798,-173.716,31.163,138.977
-0.098,-0.202,-0.942,-6.165,-21.729,-8.484,-173.672,31.811,139.378
-0.205,-0.171,-0.89,-13.123,-30.212,-3.357,-173.985,33.14,139.669
-0.259,-0.13,-0.899,-14.038,-21.362,8.85,-174.485,34.393,139.614
-0.189,-0.153,-0.891,-3.357,-18.86,14.893,-174.803,35.398,139.054
-0.21,-0.186,-0.992,-6.775,-14.954,17.944,-175.001,36.315,138.417
-0.15,-0.209,-0.957,-10.62,-22.156,16.663,-175.358,37.073,137.571
-0.214,-0.174,-1.055,-18.982,-24.719,18.494,-175.984,38.21,136.708
-0.268,-0.119,-1.142,-22.522,-25.818,18.311,-176.984,39.391,135.676
-0.31,-0.029,-1.16,-24.963,-36.133,3.174,-178.138,40.798,135.027
-0.434,0.05,-1.177,-27.039,-34.18,-18.86,-179.099,42.556,135.527
-0.207,0.104,-0.966,-28.259,-12.39,-28.198,-179.929,43.649,137.01
-0.228,0.224,-0.92,-39.673,-30.396,-21.545,178.841,44.473,138.505
-0.359,0.298,-0.86,-31.494,-24.475,-26.733,177.352,45.928,139.812
-0.32,0.258,-0.746,-25.024,-19.409,-37.72,176.457,46.945,141.817
-0.324,0.216,-0.673,-16.235,-17.822,-45.532,176.105,47.961,144.404
-0.37,0.167,-0.634,-12.573,-19.226,-43.64,176.155,49.037,147.217
-0.419,0.15,-0.646,-11.78,-19.531,-33.02,176.133,50.142,149.683
-0.527,0.174,-0.739,-8.118,-18.188,-28.809,176.056,51.284,151.793
-0.591,0.105,-0.771,-5.249,-17.212,-30.762,176.325,52.41,154.083
-0.586,0.076,-0.781,-7.874,-10.986,-25.574,176.484,53.339,156.313
-0.565,0.052,-0.765,-12.085,-16.724,-20.508,176.473,54.327,158.351
-0.567,0.165,-0.726,-13.428,-24.292,-12.451,176.056,55.47,159.939
-0.674,0.285,-0.752,-4.517,-20.142,-8.728,175.71,56.937,161.131
-0.611,0.338,-0.809,15.503,10.681,-19.104,175.946,57.321,162.394
-0.473,0.038,-0.826,28.442,-4.272,-42.786,177.995,57.277,164.927
-0.624,-0.048,-0.94,7.874,-11.841,-29.236,179.802,57.936,167.52
-0.758,-0.043,-1.008,0.854,-11.414,-20.813,-179.297,58.524,169.426
-0.914,0.017,-1.139,-3.723,1.038,-7.141,-178.934,58.87,170.843
-0.682,-0.033,-1.014,4.089,23.743,-0.732,-178.813,58.414,171.694
-0.242,-0.089,-0.731,3.723,15.686,6.775,-178.676,57.2,172.117
-0.404,-0.087,-0.738,6.287,-11.169,2.441,-178.451,57.36,172.266
-0.464,-0.112,-0.75,1.831,17.639,16.541,-178.391,57.041,172.112
-0.334,-0.107,-0.767,-4.761,25.818,19.714,-178.951,55.772,171.326
-0.287,-0.123,-0.745,-16.541,6.348,15.259,-179.665,54.816,170.678
-0.45,-0.042,-0.752,-21.606,-10.681,10.681,179.231,54.981,170.151
-0.535,0.01,-0.736,-19.226,-11.169,11.475,178.127,55.432,169.816
-0.566,0.027,-0.729,-9.949,-11.108,8.728,177.347,55.986,169.695
-0.6,0.022,-0.724,-0.977,-14.526,12.817,176.891,56.678,169.53
-0.673,-0.023,-0.758,-0.977,-5.249,19.714,176.572,57.338,169.277
-0.566,0.016,-0.763,-0.854,6.287,25.635,175.869,57.283,168.624
-0.501,0.035,-0.829,-0.183,0.0,28.259,175.177,57.112,167.8
-0.597,0.051,-0.953,7.507,-1.953,23.254,174.639,57.178,166.789
-0.539,-0.004,-0.936,7.874,2.319,20.508,174.589,57.107,166.025
-0.613,0.055,-1.044,4.578,-5.981,23.315,174.348,56.981,165.02
-0.74,0.177,-1.139,2.441,-9.583,15.32,173.996,57.173,164.015
-0.738,0.223,-1.061,12.878,11.536,-4.456,174.221,57.305,163.872
-0.31,0.159,-0.798,4.211,27.466,-11.353,175.193,56.124,164.877
-0.302,0.269,-0.745,-7.141,-10.559,-4.7,175.117,55.794,165.289
-0.514,0.239,-0.734,-6.287,-5.92,-21.118,175.018,56.382,165.899
-0.441,0.228,-0.697,-10.803,19.348,-38.391,175.342,55.997,167.811
-0.324,0.186,-0.657,-8.362,12.146,-45.471,175.979,55.355,170.447
-0.422,0.177,-0.678,-6.348,-0.488,-39.062,176.55,55.366,172.771
-0.49,0.145,-0.704,-1.526,-1.709,-36.377,177.198,55.558,174.842
-0.572,0.113,-0.733,0.0,-3.052,-31.189,177.935,55.876,176.803
-0.649,0.083,-0.777,2.197,4.272,-33.142,178.726,56.041,178.764
-0.563,0.036,-0.755,-0.244,10.01,-36.316,179.758,55.827,-178.83
-0.533,0.0,-0.723,-0.244,-1.587,-33.569,-179.357,55.849,-176.523
-0.605,-0.023,-0.746,-6.775,-12.329,-28.625,-178.599,56.393,-174.38
-0.64,0.036,-0.791,-8.728,-1.099,-24.475,-178.275,57.041,-172.518
-0.573,0.042,-0.792,-5.249,-10.559,-24.902,-177.918,57.327,-170.766
-0.755,0.074,-0.988,-12.085,-6.104,-8.789,-177.83,57.991,-169.475
-0.643,0.059,-1.002,-5.249,4.822,-16.418,-178.0,58.096,-168.607
-0.897,0.011,-1.179,-0.366,-1.404,-21.057,-177.561,58.145,-167.25
-0.677,-0.111,-1.088,-4.761,36.011,-5.981,-177.198,57.294,-166.207
-0.217,-0.104,-0.876,-7.263,47.363,21.606,-177.858,55.113,-166.652
-0.043,-0.091,-0.799,2.197,6.592,27.771,-178.66,53.608,-168.344
-0.359,-0.141,-0.834,0.244,-8.85,22.461,-178.973,53.718,-169.898
-0.3,-0.091,-0.771,-1.038,-2.441,29.053,-179.577,53.525,-171.645
-0.311,-0.086,-0.704,-4.761,-18.372,31.067,179.709,53.8,-173.535
-0.423,-0.064,-0.679,-5.737,-25.33,33.63,178.802,54.69,-175.518
-0.54,0.011,-0.704,-6.897,-22.766,43.457,177.528,55.646,-177.792
-0.622,0.059,-0.777,-1.282,-9.033,49.744,176.111,56.206,179.665
-0.559,0.062,-0.821,6.836,-2.136,47.546,174.957,56.124,177.171
-0.496,0.075,-0.791,12.024,-5.92,41.504,174.188,56.047,174.908
-0.536,-0.023,-0.805,13.0,-14.526,22.095,173.985,56.442,173.227
-0.578,-0.031,-0.83,-1.099,-5.859,5.493,174.012,56.97,172.661
-0.557,0.021,-0.886,1.587,-5.066,-5.249,174.21,57.206,172.98
-0.579,0.081,-0.979,-4.028,-11.597,5.371,174.413,57.524,173.15
-0.828,0.198,-1.111,-1.831,-16.663,2.319,174.205,58.354,172.809
-0.709,0.259,-1.022,3.723,22.034,-6.47,174.315,58.293,172.996
-0.331,0.212,-0.842,-0.732,20.935,-17.212,174.968,57.112,174.018
-0.439,0.291,-0.802,-10.681,-9.155,-13.611,174.913,57.101,174.71
-0.496,0.294,-0.76,-5.432,4.883,-21.851,174.825,57.228,175.479
-0.39,0.251,-0.666,-3.418,9.216,-28.625,175.21,56.887,176.88
-0.427,0.197,-0.687,-0.671,8.667,-30.579,175.792,56.602,178.462
-0.38,0.142,-0.66,0.122,5.676,-30.273,176.451,56.327,-179.907
-0.48,0.12,-0.717,0.305,-6.226,-27.039,176.995,56.519,-178.506
-0.559,0.057,-0.717,-1.282,-5.676,-24.536,177.589,56.964,-177.122
-0.629,0.05,-0.76,-5.127,-0.488,-19.897,177.957,57.283,-175.842
-0.573,0.062,-0.759,-11.353,4.028,-13.794,178.006,57.294,-174.732
-0.575,0.09,-0.778,-15.259,3.479,-10.01,177.704,57.321,-173.848
-0.518,0.152,-0.752,-13.184,-3.967,-9.033,177.193,57.42,-173.205
-0.561,0.165,-0.749,-6.287,-11.719,-9.155,176.88,57.997,-172.656
-0.634,0.181,-0.809,-0.854,-13.184,-5.371,176.776,58.738,-172.277
-0.748,0.169,-0.928,7.141,-5.005,-8.423,176.896,59.315,-172.013
-0.928,0.083,-1.156,8.667,6.958,-20.691,177.693,59.409,-171.09
-0.763,0.014,-1.151,1.282,27.893,-20.691,178.649,58.623,-169.634
-0.431,-0.021,-0.956,-3.601,21.606,-15.869,179.193,57.508,-168.404
-0.209,-0.03,-0.75,0.977,6.409,-11.108,179.478,56.722,-167.772
-0.364,-0.123,-0.756,2.319,2.38,-11.353,-179.797,56.635,-167.141
-0.271,-0.05,-0.724,-8.484,15.015,19.714,179.962,55.794,-167.618
-0.295,0.038,-0.677,-8.606,0.977,32.715,178.731,55.151,-169.547
-0.376,0.012,-0.695,-8.179,-6.897,24.902,177.665,55.025,-171.337
-0.512,0.034,-0.735,-7.324,-17.212,18.25,176.754,55.497,-172.678
-0.588,0.039,-0.769,-7.08,-9.399,17.273,175.99,55.997,-173.666
-0.598,0.04,-0.75,-6.897,-10.986,16.418,175.265,56.492,-174.485
-0.588,0.07,-0.736,-6.775,-10.742,15.381,174.518,57.014,-175.204
-0.609,0.086,-0.767,-2.563,-9.277,13.428,173.859,57.557,-175.853
-0.539,0.092,-0.77,-1.465,-5.615,16.724,173.375,57.914,-176.468
-0.508,0.066,-0.754,1.587,-9.583,16.235,172.87,58.288,-177.341
-0.62,0.047,-0.814,3.54,-11.597,9.155,172.584,58.837,-178.039
-0.581,0.052,-0.867,-2.93,-4.639,12.817,172.386,59.057,-178.456
-0.601,0.086,-0.921,-2.625,-9.766,11.841,171.936,59.376,-179.121
-0.729,0.142,-1.059,-1.221,-7.202,6.47,171.694,59.716,-179.583
-0.794,0.288,-1.096,3.052,-4.578,-3.418,171.694,60.013,-179.698
-0.543,0.33,-0.889,21.912,4.944,-20.813,172.941,59.996,-178.742
-0.43,0.151,-0.762,18.372,-7.446,-10.62,174.468,60.051,-177.951
-0.623,0.154,-0.769,-2.93,-1.526,-8.057,174.749,60.496,-177.786
-0.469,0.216,-0.708,-8.728,20.935,-22.339,174.886,59.76,-176.765
-0.387,0.201,-0.672,-3.967,16.113,-29.907,175.358,58.975,-175.204
-0.396,0.147,-0.623,0.0,5.859,-36.804,176.27,58.634,-173.298
-0.45,0.125,-0.639,3.113,3.174,-39.062,177.369,58.59,-171.271
-0.569,0.059,-0.709,9.644,-0.366,-34.058,178.764,58.689,-169.184
-0.603,-0.037,-0.751,3.601,0.061,-27.283,-179.984,58.815,-167.41
-0.585,-0.045,-0.747,-6.958,2.014,-21.362,-179.286,58.909,-165.861
-0.533,-0.032,-0.676,-16.113,-8.423,-19.531,-179.193,59.123,-164.542
-0.604,0.002,-0.689,-18.433,-11.169,-22.705,-179.286,59.821,-163.059
-0.6,0.009,-0.705,-14.587,-12.573,-22.766,-179.253,60.513,-161.455
-0.751,0.073,-0.881,-13.428,-14.282,-5.493,-179.379,61.408,-160.356
-0.724,0.114,-0.872,2.258,0.0,0.0,-179.731,61.782,-160.23
-0.916,0.058,-1.042,8.789,-11.536,-2.625,-179.374,62.281,-160.016
-0.82,-0.02,-1.031,15.747,9.46,-12.512,-178.561,62.106,-159.521
-0.904,-0.151,-1.077,0.732,-3.113,-13.855,-177.446,62.271,-158.346
-0.557,-0.078,-0.847,-15.625,25.146,9.766,-177.885,61.578,-158.154
-0.316,0.039,-0.773,-4.395,26.978,15.503,-178.962,60.106,-159.038
-0.285,-0.029,-0.751,8.362,21.179,12.207,-178.863,58.909,-159.593
-0.297,-0.01,-0.714,6.775,15.869,40.71,-179.412,57.722,-161.537
-0.254,-0.031,-0.65,-1.099,0.244,43.274,179.44,57.019,-164.295
-0.501,0.059,-0.68,-10.437,-26.245,44.128,177.737,57.464,-167.184
-0.55,0.081,-0.677,-10.193,-15.015,35.095,176.017,58.206,-169.684
-0.628,0.118,-0.732,-5.371,-13.489,29.541,174.567,58.749,-171.612
-0.618,0.122,-0.756,0.61,-5.554,26.978,173.568,59.03,-173.139
-0.57,0.139,-0.756,8.362,-5.066,28.076,172.837,59.139,-174.633
-0.575,0.123,-0.75,15.198,-11.658,23.132,172.529,59.398,-176.094
-0.625,0.079,-0.86,18.86,-2.075,18.555,172.705,59.678,-177.231
-0.589,0.043,-0.9,20.691,-7.263,5.005,173.304,59.7,-177.869
-0.738,0.008,-1.014,15.93,-9.277,-8.728,174.474,60.255,-177.589
-0.868,0.095,-1.121,9.705,3.967,-5.31,175.408,60.463,-177.056
-0.638,0.125,-0.958,8.972,15.93,-12.878,176.314,59.875,-176.303
-0.474,0.152,-0.852,-0.488,21.79,-12.939,177.089,58.947,-175.303
-0.495,0.199,-0.818,-7.202,11.597,-13.672,177.215,58.233,-174.584
-0.457,0.2,-0.735,-10.315,13.916,-22.888,177.281,57.612,-173.535
-0.432,0.179,-0.654,-11.719,7.324,-27.71,177.358,57.195,-172.156
-0.35,0.157,-0.55,-12.085,2.625,-34.607,177.545,57.074,-170.447
-0.449,0.131,-0.579,-7.751,-9.033,-39.368,178.011,57.464,-168.448
-0.579,0.083,-0.664,-4.822,0.0,-37.537,178.698,57.92,-166.295
-0.678,0.039,-0.744,-2.38,3.113,-25.208,179.407,58.079,-164.41
-0.611,0.018,-0.752,-3.723,14.893,-17.639,179.813,57.788,-163.054
-0.581,0.029,-0.777,-4.578,4.15,-10.498,-179.984,57.513,-162.021
-0.543,0.04,-0.753,-5.31,-3.235,-7.08,-179.978,57.645,-161.345
-0.636,0.071,-0.824,-7.019,-9.949,-2.502,179.879,58.151,-160.889
-0.661,0.18,-0.954,-8.606,-1.77,8.789,179.231,58.48,-161.038
-0.772,0.179,-1.065,-1.404,-15.991,4.395,178.638,58.909,-161.521
-0.96,0.091,-1.196,3.967,12.695,-0.122,178.55,59.348,-161.653
-0.469,0.03,-0.949,0.305,30.09,12.024,178.462,58.024,-161.873
-0.183,0.025,-0.826,4.089,10.62,17.883,178.0,56.761,-162.9
-0.437,-0.039,-0.837,3.967,0.977,6.775,178.055,56.711,-163.592
-0.314,-0.003,-0.813,5.249,22.705,17.395,177.94,55.563,-164.471
-0.23,-0.036,-0.726,0.0,7.507,15.686,177.759,54.586,-165.547
-0.359,-0.001,-0.69,0.427,-15.442,6.592,177.578,54.651,-166.393
-0.531,-0.016,-0.673,0.305,-12.817,3.662,177.621,55.3,-166.783
-0.501,-0.011,-0.715,2.441,-0.916,7.019,177.698,55.459,-166.959
-0.547,-0.026,-0.788,1.831,-2.075,9.583,177.693,55.613,-167.267
-0.558,0.0,-0.809,-0.793,-1.587,11.353,177.556,55.69,-167.58
-0.532,0.001,-0.847,0.183,1.953,8.179,177.402,55.712,-167.871
-0.499,-0.01,-0.85,-0.732,-2.075,9.888,177.352,55.761,-168.052
-0.546,0.004,-0.981,0.793,-0.732,10.803,177.166,55.811,-168.497
-0.509,-0.036,-0.942,-2.319,-8.606,6.958,177.111,56.047,-168.794
-0.771,0.056,-1.084,-3.601,-17.639,6.836,176.754,56.744,-169.222
-0.788,0.16,-1.144,-5.371,3.845,3.54,176.457,57.014,-169.442
-0.565,0.188,-1.009,-0.854,18.127,-11.841,176.605,56.519,-168.942
-0.324,0.262,-0.867,-7.324,13.916,-14.893,176.808,55.569,-168.058
-0.514,0.219,-0.797,-5.676,10.315,-27.527,177.006,55.349,-166.998
-0.369,0.184,-0.7,-14.221,37.048,-51.331,177.539,54.069,-164.658
-0.225,0.132,-0.583,-16.296,29.846,-66.589,178.292,52.592,-161.246
-0.31,-0.011,-0.608,-24.109,11.414,-78.857,178.995,51.905,-157.429
-0.43,-0.137,-0.648,-62.561,12.451,-112.122,179.22,51.625,-152.067
-0.561,0.03,-0.721,-87.769,14.16,-129.272,178.467,51.476,-144.904
-0.586,0.087,-0.782,-85.938,19.775,-115.051,177.325,51.268,-137.895
-0.562,0.23,-0.819,-70.923,19.409,-81.299,175.847,51.048,-132.347
-0.451,0.205,-0.787,-41.016,12.878,-49.927,174.716,50.817,-128.721
-0.436,0.182,-0.748,-21.973,-4.272,-26.672,173.958,51.07,-126.843
-0.479,0.105,-0.706,-14.038,-9.888,-17.639,173.622,51.751,-125.848
-0.603,0.274,-0.826,-6.531,-11.353,1.77,173.057,52.509,-125.667
-0.748,0.209,-0.973,23.682,-8.667,-3.967,173.282,53.108,-125.997
-0.811,0.146,-1.11,23.193,-11.047,2.93,174.468,53.773,-126.052
-0.872,0.129,-1.171,22.217,8.057,-0.427,175.479,54.069,-126.26
-0.729,0.139,-1.169,21.179,19.836,4.333,176.501,53.525,-126.238
-0.276,0.127,-0.892,12.207,37.659,18.616,176.918,52.004,-126.87
-0.078,0.042,-0.82,18.005,25.818,3.601,177.528,50.471,-127.43
-0.109,0.12,-0.859,-6.47,28.381,16.541,177.435,48.939,-128.084
-0.024,0.236,-0.862,-4.639,26.245,21.79,176.55,47.175,-129.567
-0.032,0.143,-0.724,5.31,-0.061,9.521,176.177,46.148,-130.957
-0.255,0.064,-0.742,7.874,-15.015,-0.61,176.243,46.351,-131.891
-0.332,0.007,-0.738,4.211,-1.404,-8.423,176.567,46.494,-132.034
-0.367,-0.005,-0.775,3.784,-6.104,-13.672,176.984,46.511,-131.633
-0.416,0.001,-0.792,4.028,-5.92,-10.559,177.44,46.851,-131.017
-0.511,-0.042,-0.867,6.531,-4.7,-13.855,178.116,47.258,-130.243
-0.422,-0.06,-0.865,6.348,3.906,-10.376,178.737,47.368,-129.435
-0.42,-0.043,-0.88,4.761,-3.052,-17.639,179.401,47.477,-128.425
-0.45,-0.145,-0.956,3.906,-8.179,-23.865,-179.709,47.9,-127.106
-0.417,-0.164,-0.993,-15.198,-2.869,-35.767,-179.077,48.252,-125.233
-0.473,-0.049,-1.029,-29.968,-5.798,-70.801,-178.929,48.582,-122.157
-0.473,0.088,-1.042,-41.809,-6.592,-72.327,-178.83,48.862,-117.806
-0.342,0.184,-0.826,-39.062,2.258,-47.119,-179.385,49.016,-114.609
-0.329,0.308,-0.748,-31.677,-21.057,-30.273,179.528,49.499,-113.0
-0.593,0.267,-0.78,-25.146,-23.499,-30.823,178.676,50.971,-111.863
-0.559,0.29,-0.798,-21.667,12.024,-40.161,178.072,51.251,-110.385
-0.465,0.263,-0.802,-19.47,16.479,-47.607,177.918,50.817,-108.259
-0.378,0.225,-0.789,-13.0,17.578,-48.584,178.011,50.262,-106.073
-0.363,0.144,-0.787,-17.456,-0.793,-48.584,178.187,50.18,-103.87
-0.518,0.131,-0.793,-34.18,-5.737,-59.57,177.88,50.812,-101.409
-0.414,0.309,-0.747,-33.875,-0.793,-55.115,177.198,51.196,-98.613
-0.478,0.243,-0.769,-16.663,-12.573,-46.57,176.984,51.894,-96.383
-0.554,0.28,-0.824,-6.47,-19.47,-31.189,176.957,52.927,-94.966
-0.661,0.16,-0.836,9.888,-31.067,-29.724,177.567,54.448,-93.988
-0.881,0.21,-1.038,11.353,-31.25,-13.123,178.352,56.283,-93.351
-0.801,0.091,-1.004,27.588,-3.235,-8.85,179.456,57.519,-93.235
-0.517,0.011,-0.874,26.367,13.611,0.122,-179.275,57.382,-93.334
-0.237,-0.057,-0.882,26.245,29.358,2.625,-178.204,56.228,-93.741
-0.267,-0.231,-0.913,17.151,8.789,-21.301,-176.726,55.3,-93.296
-0.389,-0.165,-0.924,-10.62,14.954,-15.503,-176.166,54.481,-92.159
-0.279,-0.132,-0.866,-17.761,14.221,-17.944,-176.27,53.465,-91.071
-0.315,-0.058,-0.766,-23.926,-10.132,-16.968,-176.699,53.24,-89.896
-0.487,-0.013,-0.75,-22.522,-14.526,-19.226,-177.198,53.778,-88.759
-0.518,-0.018,-0.75,-18.616,-3.235,-22.156,-177.446,54.091,-87.484
-0.478,-0.024,-0.756,-17.7,3.418,-21.851,-177.649,54.075,-86.254
-0.415,-0.053,-0.787,-14.526,0.854,-27.893,-177.654,53.899,-84.88
-0.477,-0.113,-0.825,-15.564,-8.301,-35.522,-177.308,54.157,-82.974
-0.6,-0.158,-0.921,-21.667,-12.817,-36.377,-177.078,54.701,-80.898
-0.643,-0.159,-1.02,-32.166,-2.136,-32.532,-177.105,55.124,-78.701
-0.668,0.014,-1.035,-34.546,-5.92,-30.884,-177.819,55.415,-76.959
-0.577,0.125,-1.024,-37.109,-17.09,-37.231,-178.363,55.668,-74.932
-0.416,0.177,-0.749,-40.588,-6.531,-33.264,-179.028,56.602,-72.966
-0.429,0.354,-0.616,-45.532,-27.588,-26.55,179.445,57.156,-71.785
-0.718,0.326,-0.727,-32.654,-7.996,-46.448,178.286,58.585,-70.483
-0.517,0.278,-0.683,-32.654,40.894,-60.608,178.259,57.827,-67.896
-0.464,0.274,-0.794,-28.442,40.955,-66.101,178.478,56.168,-64.786
-0.377,0.239,-0.858,-26.672,42.847,-62.195,178.715,54.415,-61.798
-0.269,0.214,-0.837,-23.01,22.827,-57.678,178.759,52.982,-59.178
-0.414,0.167,-0.782,-21.79,-5.92,-45.654,178.687,52.998,-57.09
-0.432,0.163,-0.737,-14.404,-1.587,-36.011,178.528,53.24,-55.64
-0.472,0.121,-0.796,-10.193,-12.756,-30.029,178.55,53.811,-54.536
-0.522,0.165,-0.86,-11.719,-16.418,-22.461,178.456,54.613,-53.773
-0.744,0.218,-1.07,-3.479,-23.376,-18.799,178.44,55.761,-53.289
-0.963,0.187,-1.227,4.639,-20.691,-8.423,178.698,57.107,-53.157
-0.68,0.051,-1.153,15.503,29.358,-13.0,179.401,56.931,-53.141
-0.226,-0.084,-0.965,6.531,21.79,-7.935,-179.714,55.64,-52.751
-0.269,-0.128,-0.964,-0.366,19.043,-6.897,-179.423,54.63,-52.586
-0.134,-0.155,-0.904,-9.216,18.921,-12.146,-179.193,53.322,-51.839
-0.249,-0.078,-0.9,-19.409,13.672,-2.563,-179.473,52.355,-51.021
-0.125,-0.03,-0.722,-23.01,12.146,10.01,179.643,51.224,-50.883
-0.254,0.058,-0.665,-25.146,-17.395,10.132,178.369,51.004,-51.147
-0.447,0.096,-0.67,-18.188,-23.682,4.028,177.231,51.817,-51.471
-0.596,0.106,-0.735,-10.498,-15.381,0.671,176.523,52.674,-51.768
-0.597,0.093,-0.794,-9.094,-0.488,1.16,176.072,53.047,-52.064
-0.479,0.077,-0.787,-6.042,6.287,-2.197,175.798,52.905,-52.234
-0.436,0.056,-0.793,-2.747,-2.258,-8.484,175.77,52.993,-52.147
-0.512,0.017,-0.884,-2.808,-1.404,-11.353,175.99,53.229,-51.724
-0.477,-0.035,-0.942,-4.578,-1.16,-16.846,176.342,53.339,-50.988
-0.468,-0.04,-0.97,-9.705,-8.606,-17.761,176.583,53.784,-49.982
-0.641,0.03,-1.103,-14.954,-12.756,-15.869,176.528,54.404,-49.081
-0.673,0.13,-1.157,-19.348,-5.31,-28.381,176.457,54.948,-47.856
-0.469,0.148,-0.988,-22.095,8.179,-46.082,176.693,55.036,-45.709
-0.33,0.272,-0.886,-41.077,-3.662,-37.903,176.364,54.855,-43.308
-0.467,0.363,-0.791,-37.598,-2.319,-30.273,175.155,55.36,-41.715
-0.324,0.342,-0.685,-26.367,9.888,-32.166,174.287,55.08,-40.292
-0.354,0.323,-0.66,-14.221,-0.916,-26.367,173.765,55.025,-39.155
-0.379,0.229,-0.647,-8.179,-3.235,-22.644,173.568,55.212,-38.447
-0.433,0.221,-0.662,-7.568,-8.911,-22.461,173.403,55.629,-37.875
-0.567,0.178,-0.709,-5.432,-15.625,-27.039,173.441,56.426,-37.172
-0.632,0.147,-0.713,-9.583,-7.568,-29.419,173.672,57.283,-36.129
-0.642,0.166,-0.688,-10.803,-2.441,-32.104,173.919,57.865,-34.887
-0.576,0.147,-0.748,-12.146,2.319,-37.72,174.402,58.266,-33.294
-0.496,0.149,-0.792,-15.259,-14.832,-41.687,174.946,58.931,-31.36
-0.75,0.242,-0.905,-14.16,-9.644,-36.743,175.199,60.106,-29.658
-0.753,0.241,-1.026,-11.23,-3.052,-31.067,175.715,60.364,-28.01
-0.967,0.229,-1.173,-3.784,2.502,-19.775,175.968,60.831,-27.092
-0.765,0.055,-1.033,6.775,31.372,-21.851,176.852,59.952,-26.142
-0.21,-0.02,-0.85,0.366,47.546,8.24,177.237,57.717,-25.823
-0.223,-0.061,-0.815,9.338,16.602,3.845,177.347,56.168,-26.142
-0.345,-0.103,-0.742,5.798,19.226,12.024,177.742,55.085,-26.213
-0.242,-0.081,-0.722,-0.488,16.602,19.775,177.632,53.888,-26.845
-0.309,-0.048,-0.705,-5.066,-9.949,14.404,177.314,53.443,-27.427
-0.377,0.033,-0.704,-6.714,-26.978,11.353,176.847,54.168,-27.938
-0.703,0.091,-0.753,2.808,-31.921,10.925,176.567,55.662,-28.515
-0.73,0.073,-0.725,14.587,7.812,27.039,176.517,56.255,-29.784
-0.673,0.041,-0.71,18.616,19.958,30.273,176.611,55.519,-31.701
-0.623,0.039,-0.724,21.606,36.804,27.1,177.006,54.179,-33.404
-0.477,0.097,-0.832,27.71,47.302,26.306,177.616,52.196,-35.041
-0.29,0.063,-1.014,54.504,36.072,24.414,179.264,50.301,-36.398
-0.118,-0.219,-1.25,63.232,-5.432,26.733,-178.22,49.427,-37.82
-0.366,-0.429,-1.224,22.034,-61.157,-2.38,-176.094,51.317,-37.793
-0.831,-0.11,-1.182,-25.33,-64.514,-8.606,-176.094,54.531,-36.694
-0.492,0.044,-0.868,-26.123,-10.742,-17.883,-176.836,55.844,-35.618
-0.511,0.226,-0.813,-39.185,-29.358,-33.997,-177.671,56.519,-33.959
-0.568,0.194,-0.752,-24.475,-1.099,-43.335,-178.017,57.321,-31.657
-0.469,0.049,-0.673,-31.25,9.949,-33.752,-178.275,57.025,-29.789
-0.42,0.072,-0.607,-42.236,11.108,-32.654,-179.214,56.508,-28.202
-0.445,0.166,-0.615,-42.297,9.46,-29.358,179.456,56.162,-26.752
-0.369,0.216,-0.64,-27.893,6.226,-27.405,178.396,55.833,-25.615
-0.525,0.187,-0.717,-8.667,-13.306,-24.292,178.022,56.288,-24.763
-0.603,0.11,-0.761,-5.859,-10.925,-26.55,178.215,57.003,-24.049
-0.638,0.083,-0.8,-9.583,-5.493,-30.701,178.61,57.722,-22.961
-0.601,0.128,-0.848,-13.916,-6.592,-30.396,178.808,58.184,-21.736
-0.623,0.178,-0.95,-13.123,5.31,-17.212,178.742,58.409,-20.896
-0.655,0.228,-1.105,-9.338,-14.282,-5.31,178.352,58.458,-20.825
-0.888,0.14,-1.238,1.831,-3.784,0.122,178.061,59.343,-21.286
-0.493,0.032,-0.896,4.211,5.493,1.282,178.171,58.969,-21.671
-0.383,-0.045,-0.815,7.324,-2.38,5.981,178.259,58.81,-22.192
-0.438,-0.093,-0.746,5.615,13.062,0.916,178.627,58.59,-22.308
-0.307,-0.075,-0.747,1.831,16.907,9.033,178.759,57.469,-22.522
-0.31,-0.075,-0.703,-2.747,-2.38,2.93,178.742,56.904,-22.643
-0.463,-0.032,-0.695,-6.836,-15.32,6.348,178.594,57.233,-22.61
-0.582,-0.018,-0.722,-1.831,-9.827,7.324,178.347,57.783,-22.945
-0.615,0.01,-0.757,0.244,-3.662,15.625,178.127,58.068,-23.676
-0.557,0.0,-0.741,3.54,-3.418,20.508,177.781,58.129,-24.994
-0.548,-0.001,-0.738,3.784,-9.583,20.081,177.44,58.447,-26.417
-0.604,-0.007,-0.791,2.441,-15.503,18.738,177.067,59.013,-27.834
-0.595,0.002,-0.827,-0.427,-15.137,19.958,176.589,59.755,-29.196
-0.554,-0.019,-0.831,2.625,-16.113,16.418,176.155,60.502,-30.493
-0.639,0.007,-0.846,7.568,-13.489,12.39,175.99,61.331,-31.547
-0.775,0.099,-1.022,4.517,-14.404,16.724,175.754,61.749,-32.673
-0.753,0.113,-1.055,3.784,7.019,4.761,175.671,61.842,-33.464
-0.448,0.167,-0.907,-1.587,5.432,-16.235,176.078,61.408,-33.08
-0.488,0.174,-0.799,-17.7,-11.597,-23.682,176.358,61.573,-31.866
-0.627,0.187,-0.752,-28.992,-4.639,-35.583,176.067,62.128,-30.416
-0.573,0.199,-0.663,-40.405,2.441,-54.81,175.941,62.249,-27.922
-0.614,0.194,-0.627,-43.579,12.39,-68.176,176.061,62.26,-24.659
-0.541,0.158,-0.583,-47.668,22.949,-72.998,176.429,61.743,-20.973
-0.535,0.143,-0.591,-53.04,18.921,-70.557,176.468,61.205,-17.523
-0.606,0.103,-0.626,-53.162,15.442,-77.576,176.424,60.963,-14.046
-0.597,0.08,-0.66,-57.739,17.883,-77.698,176.567,60.683,-10.157
-0.666,0.112,-0.741,-52.979,19.897,-61.89,176.309,60.386,-6.894
-0.576,0.08,-0.716,-43.579,17.029,-52.368,176.006,59.865,-4.427
-0.584,0.139,-0.736,-39.917,13.977,-43.335,175.638,59.595,-2.472
-0.634,0.094,-0.791,-33.081,5.676,-49.622,175.573,59.474,-0.648
-0.686,0.209,-0.864,-32.288,11.658,-29.785,175.298,59.491,0.791
-0.708,0.275,-0.958,-13.245,1.465,-17.578,174.924,59.381,1.044
-0.959,0.228,-1.114,8.179,-5.371,-6.775,175.199,59.832,0.516
-0.81,0.154,-1.058,13.062,31.311,13.672,175.633,59.183,-0.807
-0.205,0.086,-0.762,14.648,36.011,32.043,175.518,57.211,-3.12
-0.262,0.013,-0.812,16.357,2.747,24.109,175.534,56.288,-5.208
-0.269,0.112,-0.763,-2.563,9.094,42.053,174.721,55.629,-7.289
-0.198,0.136,-0.71,-1.404,-2.014,39.917,173.375,54.888,-9.701
-0.343,0.125,-0.716,4.395,-13.489,29.114,172.524,54.783,-11.426
-0.491,0.121,-0.757,7.996,-13.855,24.78,171.991,55.031,-13.151
-0.489,0.109,-0.784,10.864,-5.981,19.714,171.848,55.162,-14.76
-0.533,0.07,-0.813,10.071,-7.141,18.555,171.87,55.294,-16.342
-0.482,0.119,-0.793,9.216,-5.554,18.25,171.804,55.355,-17.902
-0.508,0.156,-0.851,11.658,-12.634,16.052,171.87,55.646,-19.374
-0.451,0.13,-0.889,17.944,-14.648,16.907,172.112,56.058,-20.852
-0.525,0.075,-0.917,20.264,-26.733,19.592,172.469,56.92,-22.412
-0.753,0.09,-1.063,21.118,-25.635,11.658,172.859,57.958,-23.917
-0.855,0.128,-1.151,17.151,-1.099,10.376,173.557,58.475,-24.89
-0.564,0.238,-0.955,9.583,11.169,22.217,173.628,57.898,-26.307
-0.336,0.244,-0.761,8.057,0.0,17.822,173.54,57.393,-27.806
-0.55,0.275,-0.708,-0.732,-17.334,16.052,172.87,57.947,-29.559
-0.487,0.324,-0.659,-5.92,4.944,7.629,172.018,57.986,-31.168
-0.413,0.313,-0.636,4.028,3.662,-6.958,171.788,57.739,-32.146
-0.477,0.196,-0.657,9.521,-4.883,-12.939,172.31,58.085,-32.695
-0.491,0.175,-0.658,6.592,-12.146,-12.207,172.7,58.661,-33.283
-0.581,0.18,-0.646,11.414,-9.338,-20.874,173.441,59.464,-33.365
-0.691,0.148,-0.685,15.686,-9.216,-16.541,174.485,60.161,-33.404
-0.677,0.073,-0.674,15.625,-0.244,-19.531,175.831,60.71,-33.283
-0.641,0.14,-0.676,15.076,-0.854,-8.667,176.935,60.98,-33.278
-0.669,0.078,-0.732,15.137,0.366,-7.019,177.968,61.265,-33.618
-0.609,0.144,-0.738,13.672,3.784,3.906,178.561,61.309,-34.283
-0.745,0.117,-0.862,20.142,-10.742,3.967,179.099,61.578,-35.305
-0.757,0.008,-0.928,19.653,-9.766,8.057,179.896,62.281,-36.2
-0.865,-0.153,-1.145,13.794,-21.484,27.893,179.956,63.018,-37.771
-0.72,-0.188,-1.044,-8.667,-14.404,49.622,178.555,63.776,-40.342
-0.439,0.012,-0.812,-17.517,-11.597,70.19,175.347,64.045,-44.16
-0.477,0.054,-0.78,0.671,-15.869,50.232,172.771,64.237,-47.626
-0.456,0.054,-0.733,5.249,-4.517,48.401,171.359,64.039,-50.059
-0.466,0.024,-0.701,10.315,-6.409,47.119,170.129,63.66,-52.559
-0.38,0.026,-0.59,9.277,-9.277,44.25,169.2,63.331,-54.745
-0.512,0.052,-0.618,10.498,-24.109,41.809,168.206,63.671,-57.019
-0.596,0.075,-0.611,7.996,-23.682,47.546,167.053,64.182,-59.562
-0.708,0.199,-0.667,5.737,-13.733,49.927,165.333,64.473,-62.666
-0.686,0.162,-0.689,6.47,-8.667,25.452,164.306,64.468,-64.896
-0.691,0.226,-0.735,-0.977,-7.568,25.94,163.493,64.55,-66.297
-0.663,0.268,-0.753,6.592,-5.615,32.898,162.548,64.451,-68.027
-0.66,0.289,-0.795,20.081,-15.503,43.335,161.73,64.297,-70.4
-0.802,0.328,-0.859,31.921,-30.518,46.692,160.939,64.468,-73.586
-0.927,0.371,-0.988,32.166,-17.822,47.302,160.494,64.819,-76.816
-0.745,0.427,-0.834,31.494,0.427,30.884,160.318,64.468,-79.332
-0.467,0.369,-0.688,32.349,12.207,-2.441,161.642,63.754,-79.722
-0.537,0.384,-0.666,15.198,-8.301,-1.099,162.548,63.885,-79.832
-0.522,0.299,-0.587,13.123,7.935,-32.837,163.883,64.056,-78.799
-0.545,0.305,-0.608,3.54,19.409,-45.41,165.685,63.968,-76.322
-0.464,0.219,-0.57,-0.916,28.198,-57.373,167.838,63.413,-72.988
-0.491,0.19,-0.599,-10.803,19.226,-63.477,169.75,62.99,-69.252
-0.526,0.098,-0.611,-18.616,12.207,-74.341,171.59,62.985,-65.006
-0.633,0.075,-0.682,-30.762,-2.136,-69.214,172.974,63.479,-60.606
-0.653,0.095,-0.693,-33.508,-1.282,-52.124,173.721,64.138,-56.876
-0.584,0.188,-0.646,-18.555,-14.709,-30.579,173.655,64.731,-54.745
-0.792,0.167,-0.719,-13.794,-20.691,-23.193,173.958,66.039,-53.223
-0.865,0.175,-0.764,-10.498,0.122,-12.329,173.952,66.802,-52.399
-0.926,0.285,-0.903,-15.869,0.732,5.92,173.227,66.599,-52.399
-0.997,0.253,-1.092,-3.113,6.226,2.136,172.365,66.473,-52.921
-0.649,0.133,-0.888,-1.892,12.817,14.221,172.051,65.874,-53.223
-0.478,0.072,-0.797,2.808,11.719,25.391,171.189,65.056,-54.349
-0.446,0.025,-0.698,3.906,9.277,19.043,170.678,64.341,-55.25
-0.377,0.022,-0.638,-2.197,16.663,25.574,170.118,63.309,-55.926
-0.345,0.054,-0.642,-5.798,14.526,23.193,169.299,62.205,-56.569
-0.327,0.102,-0.625,-4.944,0.305,17.517,168.646,61.474,-56.86
-0.53,0.162,-0.662,1.343,-23.438,15.564,168.102,61.848,-57.283
-0.736,0.167,-0.722,16.846,-16.968,19.897,167.866,62.622,-58.266
-0.649,0.119,-0.688,21.606,-5.371,26.55,168.058,62.781,-59.507
-0.659,0.103,-0.714,20.264,-7.812,23.132,168.157,62.836,-60.875
-0.634,0.101,-0.714,11.292,-7.141,22.705,168.19,63.056,-61.957
-0.68,0.142,-0.758,3.54,-11.536,21.851,167.607,63.303,-63.254
-0.688,0.173,-0.793,-0.183,-8.179,13.855,167.02,63.578,-64.155
-0.941,0.192,-1.051,0.366,-11.108,-3.845,166.882,63.995,-64.259
-0.975,0.261,-1.08,-6.165,10.315,-12.146,167.25,64.391,-63.364
-0.658,0.243,-0.869,-4.089,25.269,-25.635,168.052,63.715,-61.6
-0.424,0.315,-0.733,-16.602,19.226,-24.353,168.805,62.836,-59.403
-0.555,0.41,-0.727,-12.024,4.822,-20.813,168.734,62.666,-57.947
-0.421,0.283,-0.61,-5.371,17.883,-38.635,169.387,62.199,-56.08
-0.493,0.202,-0.609,-7.69,8.484,-43.03,170.425,62.067,-53.652
-0.411,0.146,-0.544,-11.597,14.282,-43.579,171.354,61.793,-51.092
-0.496,0.146,-0.581,-15.137,-0.183,-33.875,171.92,61.886,-48.818
-0.599,0.171,-0.613,-12.939,-3.784,-28.259,172.062,62.292,-47.23
-0.692,0.166,-0.659,-14.099,-1.099,-27.527,172.326,62.759,-45.709
-0.725,0.153,-0.673,-18.372,4.639,-30.884,172.529,63.034,-44.121
-0.711,0.176,-0.687,-21.851,12.756,-35.889,172.776,63.04,-42.1
-0.617,0.214,-0.692,-20.325,4.883,-27.954,172.897,62.974,-40.276
-0.668,0.228,-0.69,-10.559,-8.85,-20.142,172.947,63.572,-39.194
-0.75,0.291,-0.74,-3.906,-11.108,-15.076,172.963,64.336,-38.644
-0.938,0.319,-0.915,-1.465,-20.569,-10.193,173.068,65.22,-38.381
-1.021,0.276,-0.979,2.502,-3.052,-9.949,173.123,66.242,-38.386
-0.769,0.205,-0.917,2.014,10.864,-2.197,173.37,66.033,-38.221
-0.467,0.088,-0.854,1.953,22.4,2.808,173.32,65.187,-38.342
-0.3,-0.025,-0.865,4.395,5.92,-7.751,173.617,64.308,-37.903
-0.345,-0.07,-0.813,-13.855,-1.953,-7.202,173.979,64.127,-36.678
-0.393,0.037,-0.717,-24.048,1.77,-11.658,173.54,63.864,-35.354
-0.472,0.043,-0.654,-28.198,2.441,-33.386,173.485,63.688,-33.08
-0.545,0.047,-0.621,-36.499,6.165,-48.889,173.831,63.583,-29.696
-0.615,-0.009,-0.617,-51.331,8.972,-68.298,174.282,63.545,-25.428
-0.679,0.076,-0.643,-62.317,9.216,-77.942,174.523,63.644,-20.468
-0.705,0.08,-0.644,-62.744,14.282,-81.238,174.864,63.704,-15.326
-0.702,0.109,-0.641,-56.702,14.526,-73.425,175.117,63.633,-10.596
-0.665,0.094,-0.61,-48.95,14.465,-63.171,175.353,63.534,-6.592
-0.623,0.05,-0.593,-45.898,18.738,-56.641,175.479,63.265,-3.224
-0.574,-0.01,-0.604,-45.959,15.808,-64.026,175.743,62.974,0.253
-0.673,-0.056,-0.715,-56.152,0.305,-74.585,176.237,63.221,4.477
-0.859,0.018,-0.837,-54.565,-3.784,-64.88,176.462,63.979,8.646
-1.091,0.094,-1.0,-47.058,2.075,-60.73,176.462,64.391,12.107
-0.701,0.223,-0.816,-57.678,30.64,-48.34,176.55,63.853,15.628
-0.531,0.271,-0.721,-44.983,16.663,-51.941,175.93,63.04,18.397
-0.486,0.396,-0.602,-58.228,-1.404,-44.861,175.182,62.963,21.467
-0.69,0.436,-0.678,-50.598,-1.587,-43.884,173.677,63.517,24.296
-0.639,0.346,-0.678,-50.476,25.024,-65.43,172.991,63.243,28.367
-0.589,0.372,-0.692,-49.072,28.931,-71.045,172.919,62.424,33.772
-0.523,0.322,-0.669,-41.199,25.085,-62.073,172.958,61.534,39.221
-0.49,0.351,-0.647,-35.583,13.062,-48.645,172.606,60.93,43.923
-0.602,0.315,-0.665,-24.475,-4.272,-44.922,172.43,61.062,48.109
-0.593,0.297,-0.61,-24.353,1.526,-30.457,172.178,61.348,51.707
-0.543,0.362,-0.587,-13.672,6.836,-23.56,171.661,61.216,54.668
-0.608,0.33,-0.635,0.671,1.343,-21.057,171.859,61.139,57.678
-0.671,0.351,-0.732,10.559,-0.549,-17.883,172.277,61.051,60.315
-0.783,0.252,-0.813,20.386,-12.329,-23.804,173.546,61.628,63.078
-0.771,0.232,-0.856,32.654,-35.095,-18.372,174.974,62.754,65.38
-1.001,0.03,-0.91,42.969,-50.842,-29.297,177.363,65.33,67.709
-0.778,-0.112,-0.677,27.71,-19.531,-26.245,-179.978,67.28,70.115
-0.689,-0.209,-0.689,11.353,11.719,-20.874,-178.0,67.549,71.917
-0.607,-0.211,-0.766,-10.01,39.062,-14.771,-176.951,66.396,73.026
-0.48,-0.153,-0.818,-25.391,38.818,-13.489,-177.149,64.325,73.553
-0.408,-0.112,-0.814,-42.175,23.01,-22.949,-177.737,62.661,74.641
-0.44,0.024,-0.688,-54.443,-8.728,-23.682,-179.017,62.199,76.124
-0.707,0.122,-0.687,-53.406,-17.273,-31.25,179.473,62.968,77.97
-0.652,0.119,-0.618,-46.082,-4.639,-39.734,178.638,63.495,80.848
-0.677,0.147,-0.603,-32.898,-12.085,-34.607,178.088,64.155,84.062
-0.795,0.037,-0.728,-25.024,1.526,-19.348,177.66,64.698,86.847
-0.7,-0.028,-0.697,-31.921,17.273,-23.56,177.111,64.319,89.506
-0.675,0.058,-0.75,-40.283,23.315,-24.597,176.232,63.616,92.203
-0.676,0.073,-0.75,-42.114,17.456,-36.194,175.518,62.93,95.383
-0.704,0.091,-0.756,-42.603,20.081,-39.307,175.04,62.402,99.119
-0.582,0.0,-0.666,-39.429,7.751,-49.255,174.677,62.095,103.107
-0.911,-0.002,-0.922,-44.434,4.028,-53.223,174.672,62.551,107.655
-0.743,0.074,-1.026,-54.993,38.574,-36.194,174.287,61.886,112.039
-0.344,0.361,-0.94,-66.223,30.151,-28.015,172.639,60.293,115.34
-0.499,0.581,-0.875,-48.096,-7.629,-55.115,171.052,60.079,118.735
-0.605,0.357,-0.851,-42.664,26.55,-49.683,170.958,60.178,123.08
-0.365,0.417,-0.765,-51.819,48.34,-52.795,170.162,58.519,127.299
-0.201,0.427,-0.737,-49.011,45.471,-68.237,169.634,56.569,132.248
-0.179,0.434,-0.727,-40.039,20.447,-70.129,169.31,55.371,137.219
-0.368,0.392,-0.711,-29.297,0.427,-61.279,169.189,55.421,141.389
-0.409,0.326,-0.677,-16.296,-3.235,-61.89,169.464,55.822,145.256
-0.553,0.264,-0.7,-10.071,-13.123,-59.143,170.195,56.75,149.068
-0.545,0.158,-0.683,-7.08,-0.977,-54.199,171.255,57.475,152.924
-0.618,0.164,-0.733,-8.789,-4.15,-48.767,172.117,58.041,156.555
-0.561,0.151,-0.74,-6.836,6.348,-41.382,173.09,58.359,160.093
-0.593,0.199,-0.839,-3.845,0.061,-29.114,173.732,58.469,162.867
-0.589,0.224,-0.91,-4.7,10.132,-17.944,174.155,58.409,164.982
-0.648,0.228,-1.008,6.714,-13.977,-13.733,174.435,58.601,166.388
-0.905,0.149,-1.11,9.46,-17.639,-12.024,175.122,59.551,167.717
-0.717,0.097,-0.951,8.423,-0.549,2.93,175.583,59.996,168.646
-0.437,0.072,-0.768,16.907,7.996,14.221,175.814,59.7,168.832
-0.4,0.008,-0.692,35.95,3.052,4.578,176.743,59.398,168.854
-0.363,-0.124,-0.69,39.917,19.287,9.155,178.616,58.733,169.184
-0.327,-0.211,-0.724,24.963,11.841,18.982,179.956,57.783,168.898
-0.365,-0.179,-0.715,3.662,3.845,16.846,-179.615,57.211,168.278
-0.484,-0.107,-0.743,-2.38,-7.141,8.85,-179.709,57.189,168.003
-0.57,-0.133,-0.741,-6.531,-9.216,0.427,-179.681,57.645,168.53
-0.612,-0.106,-0.75,-10.071,-3.357,4.639,-179.874,58.019,169.398
-0.591,-0.085,-0.727,-10.437,-2.319,14.526,179.544,58.239,169.893
-0.602,-0.013,-0.734,-10.376,-0.977,27.222,178.539,58.436,169.717
-0.599,0.035,-0.742,-1.038,-3.967,29.114,177.473,58.629,169.008
-0.625,0.045,-0.826,2.686,1.587,36.682,176.633,58.722,168.052
-0.559,0.019,-0.882,10.803,8.728,38.391,175.853,58.354,166.619
-0.533,0.002,-0.965,13.123,-3.357,35.4,175.446,57.986,165.146
-0.578,-0.027,-0.961,11.841,-7.08,33.997,175.199,58.239,163.636
-0.759,0.085,-1.066,8.972,-13.0,31.982,174.743,58.629,162.026
-0.772,0.194,-1.105,10.071,7.019,21.484,174.402,58.596,160.834
-0.389,0.203,-0.857,5.005,36.316,8.24,174.534,57.343,160.648
-0.314,0.298,-0.844,-7.141,4.517,-3.723,174.49,56.036,160.862
-0.526,0.277,-0.79,-3.54,3.906,-22.339,174.43,56.058,161.587
-0.439,0.253,-0.748,-5.737,22.278,-26.611,174.831,55.393,163.295
-0.329,0.206,-0.659,-1.953,12.146,-28.503,175.287,54.619,165.092
-0.373,0.184,-0.636,-2.258,3.906,-30.273,175.737,54.382,166.811
-0.44,0.141,-0.631,-3.052,-0.732,-34.363,176.298,54.487,168.755
-0.546,0.148,-0.717,-4.272,2.441,-36.743,176.808,54.695,170.914
-0.543,0.086,-0.751,-4.639,6.653,-45.776,177.654,54.668,173.644
-0.513,0.115,-0.81,-9.705,6.042,-42.48,178.352,54.651,176.528
-0.519,0.129,-0.865,-8.179,-2.197,-42.664,178.995,54.822,179.242
-0.395,0.028,-0.841,-4.456,-11.047,-43.396,179.819,55.184,-178.165
-0.627,0.083,-0.924,-23.804,-29.297,-32.104,-179.973,56.569,-175.919
-0.663,0.121,-0.949,-12.573,-13.306,-16.602,179.764,57.211,-174.457
-0.845,0.107,-1.135,-9.155,-5.188,-8.179,179.495,57.953,-173.589
-0.658,0.041,-1.036,1.77,5.981,4.883,179.291,57.788,-173.265
-0.403,-0.027,-0.836,3.906,6.958,20.63,179.044,57.409,-173.76
-0.377,-0.021,-0.771,13.916,1.648,26.245,178.638,57.134,-175.128
-0.329,-0.08,-0.746,20.63,8.972,20.569,178.907,56.624,-176.446
-0.333,-0.143,-0.765,20.508,3.418,19.47,179.621,56.129,-177.49
-0.354,-0.111,-0.725,18.25,-2.502,29.419,179.989,55.844,-179.039
-0.442,-0.138,-0.725,16.663,-10.376,26.794,-179.698,55.97,179.297
-0.528,-0.112,-0.71,13.245,-13.733,24.841,-179.462,56.459,177.984
-0.604,-0.094,-0.762,10.498,-5.981,32.043,-179.484,56.915,176.808
-0.608,-0.126,-0.762,8.301,-0.732,32.959,-179.775,57.096,175.605
-0.597,-0.018,-0.785,6.836,6.104,39.124,179.648,57.003,174.419
-0.557,-0.045,-0.784,14.099,6.47,42.847,179.121,56.739,172.831
-0.545,-0.025,-0.849,9.399,3.601,46.143,178.478,56.47,170.947
-0.51,-0.062,-0.886,7.019,-4.272,37.476,177.863,56.42,169.03
-0.653,-0.021,-0.998,5.737,-13.855,21.362,177.495,56.816,167.668
-0.837,0.009,-1.113,0.793,0.427,22.583,177.473,57.349,166.998
-0.701,0.153,-1.1,4.639,30.945,24.719,176.896,56.514,165.861
-0.37,0.188,-0.902,7.507,41.321,-7.568,177.155,54.679,165.872
-0.116,0.22,-0.854,-5.127,25.94,-13.245,177.643,52.806,166.783
-0.273,0.284,-0.84,2.686,-18.127,-11.475,177.599,52.63,167.047
-0.507,0.121,-0.803,-0.854,-11.536,-19.165,177.852,53.421,167.3
-0.456,0.062,-0.719,-29.053,9.583,-52.551,177.902,53.388,169.036
-0.396,0.132,-0.647,-46.387,9.521,-85.449,177.753,53.146,173.035
-0.41,0.208,-0.734,-43.152,7.263,-79.895,177.605,53.119,177.858
-0.4,0.13,-0.72,-29.602,-3.052,-63.11,177.605,53.278,-178.319
-0.545,0.113,-0.752,-24.963,-14.282,-51.208,177.594,54.119,-175.276
-0.659,0.108,-0.778,-15.808,-6.836,-26.794,177.539,54.921,-173.079
-0.567,0.103,-0.771,-5.31,7.141,-5.981,177.314,54.91,-172.145
-0.569,0.127,-0.822,-5.615,3.479,0.183,177.039,54.921,-171.755
-0.44,0.138,-0.776,-1.648,-0.183,-4.944,176.869,54.844,-171.409
-0.599,0.181,-0.894,-5.798,-6.165,-5.066,176.671,55.366,-171.002
-0.587,0.26,-0.942,-4.456,3.723,4.333,176.144,55.289,-171.03
-0.815,0.17,-1.162,8.667,-1.465,-4.211,176.193,55.377,-170.942
-0.587,0.082,-1.082,13.123,25.94,19.287,176.479,54.794,-171.074
-0.272,-0.014,-0.85,15.015,15.808,36.682,176.353,53.509,-172.584
-0.296,-0.039,-0.771,17.151,-1.221,23.743,176.342,52.998,-174.364
-0.324,-0.014,-0.777,12.756,10.559,22.095,176.644,52.586,-175.551
-0.241,-0.055,-0.746,10.437,8.362,23.376,176.841,51.806,-176.841
-0.273,0.0,-0.727,4.944,1.343,26.367,176.748,51.251,-178.352
-0.422,0.0,-0.778,10.986,-4.822,30.029,176.66,51.125,179.973
-0.457,0.029,-0.833,19.775,3.296,41.321,176.671,50.883,177.995
-0.462,-0.023,-0.848,26.55,-2.441,48.706,176.946,50.669,175.644
-0.48,-0.054,-0.836,25.879,-7.996,49.316,177.237,50.718,173.145
-0.467,-0.029,-0.812,19.592,-4.395,55.176,177.253,50.96,170.623
-0.482,0.007,-0.794,18.738,-13.245,53.223,176.957,51.169,167.8
-0.494,0.009,-0.845,15.991,0.0,44.434,176.781,51.427,165.504
-0.456,0.007,-0.862,11.963,-3.052,41.26,176.545,51.334,163.427
-0.424,0.004,-0.865,9.583,-4.395,30.151,176.32,51.411,161.614
-0.56,-0.002,-0.966,6.592,-11.78,22.217,176.27,51.718,160.236
-0.518,-0.013,-1.011,1.465,-12.756,24.78,176.006,52.037,158.796
-0.798,0.099,-1.178,-3.784,-12.817,19.592,175.479,52.795,157.374
-0.613,0.169,-1.11,0.061,24.048,-0.671,175.254,52.564,156.956
-0.188,0.184,-0.886,-11.475,32.654,-11.902,175.424,51.026,157.687
-0.217,0.361,-0.851,-21.606,-3.052,-7.385,174.743,50.306,158.055
-0.337,0.352,-0.812,-7.874,3.662,-18.066,174.089,50.361,158.313
-0.355,0.284,-0.79,-4.822,6.165,-27.71,174.089,50.076,159.34
-0.308,0.225,-0.705,-6.653,5.737,-33.142,174.282,49.878,160.807
-0.333,0.189,-0.648,-10.193,-5.31,-39.734,174.435,50.065,162.603
-0.436,0.194,-0.663,-11.78,-1.465,-37.903,174.479,50.532,164.564
-0.497,0.192,-0.7,-9.766,0.0,-33.264,174.551,50.801,166.465
-0.561,0.204,-0.752,-5.066,-1.709,-28.992,174.677,51.152,168.223
-0.504,0.202,-0.788,-4.15,4.272,-22.827,174.891,51.4,169.81
-0.534,0.206,-0.879,3.479,2.563,-25.696,175.254,51.553,171.277
-0.437,0.146,-0.921,2.869,9.583,-30.64,176.067,51.416,173.123
-0.402,0.15,-1.031,-0.305,7.141,-18.433,176.545,51.18,174.479
-0.573,0.2,-1.158,-0.305,-8.545,-2.319,176.561,51.328,174.836
-0.655,0.099,-1.211,10.925,4.822,-3.662,176.841,51.471,174.908
-0.266,0.018,-0.961,9.766,18.311,11.475,177.237,50.762,174.683
-0.15,-0.031,-0.862,14.893,-9.766,9.888,177.567,50.197,173.743
-0.38,-0.116,-0.846,12.695,-12.39,2.563,178.231,50.823,172.98
-0.262,-0.109,-0.792,0.0,4.211,10.742,178.533,50.603,172.194
-0.247,-0.07,-0.755,-7.019,-9.644,9.888,178.27,50.471,171.079
-0.387,-0.042,-0.74,-10.254,-18.86,5.859,177.858,50.944,170.063
-0.514,-0.012,-0.733,-8.423,-16.785,3.845,177.446,51.729,169.409
-0.54,-0.038,-0.73,-7.935,-9.644,3.967,177.209,52.328,169.288
-0.602,-0.002,-0.779,-8.606,-6.775,11.047,176.765,52.855,169.211
-0.544,0.011,-0.784,-7.141,3.357,19.836,176.138,52.943,168.794
-0.495,0.053,-0.818,-4.578,-3.296,26.001,175.397,52.987,167.926
-0.474,0.076,-0.846,-1.526,-6.714,33.447,174.584,53.223,166.465
-0.518,0.107,-0.887,4.395,-16.602,31.433,173.859,53.635,164.685
-0.608,0.087,-1.035,10.01,-8.484,28.137,173.573,54.058,163.081
-0.52,0.065,-1.028,8.484,-5.676,25.513,173.441,54.146,161.592
-0.724,0.15,-1.076,8.667,-14.526,7.751,173.353,54.723,160.389
-0.602,0.188,-0.979,7.141,9.277,-11.658,173.93,54.877,160.499
-0.295,0.166,-0.831,-3.235,23.804,-15.808,174.65,54.058,161.466
-0.319,0.308,-0.82,-19.714,-0.854,-14.038,174.309,53.514,162.01
-0.438,0.305,-0.766,-18.188,8.301,-31.433,173.837,53.514,162.971
-0.437,0.274,-0.698,-20.203,14.221,-37.231,173.655,53.108,164.806
-0.473,0.28,-0.653,-15.686,26.367,-32.715,173.452,52.465,166.745
-0.25,0.26,-0.687,-7.324,21.79,-32.532,173.491,51.367,168.662
-0.386,0.261,-0.717,-1.282,-4.7,-30.457,173.721,51.284,170.217
-0.52,0.187,-0.764,5.676,3.052,-35.645,174.353,51.636,171.799
-0.483,0.137,-0.76,2.563,9.216,-34.79,175.265,51.564,173.826
-0.478,0.102,-0.833,-0.305,2.197,-30.518,175.924,51.559,175.605
-0.522,0.093,-0.807,-3.845,1.343,-26.428,176.353,51.823,177.188
-0.486,0.118,-0.812,-7.568,-1.221,-13.916,176.446,51.993,178.336
-0.473,0.153,-0.97,-7.69,-1.343,-7.019,176.254,52.163,178.879
-0.513,0.196,-1.002,-3.479,-6.409,-7.141,175.968,52.646,179.116
-0.605,0.153,-1.082,-2.686,-19.714,-13.123,176.05,53.229,179.566
-0.647,0.089,-1.168,-3.967,-0.244,-6.836,176.111,53.767,-179.984
-0.395,0.084,-1.004,-3.906,7.263,5.92,175.853,53.575,179.984
-0.217,0.009,-0.901,5.859,-5.432,3.174,175.765,53.201,179.462
-0.383,-0.061,-0.828,6.531,-14.832,-8.179,176.281,53.751,179.275
-0.369,-0.056,-0.804,2.747,-1.587,0.977,176.726,53.871,179.132
-0.35,-0.09,-0.752,-1.099,0.427,0.366,176.951,53.734,178.802
-0.391,-0.058,-0.729,-7.08,-0.488,0.977,176.973,53.597,178.566
-0.398,-0.037,-0.724,-10.254,0.671,5.615,176.704,53.416,178.242
-0.469,-0.051,-0.747,-11.475,-7.385,3.235,176.342,53.553,178.055
-0.578,0.001,-0.791,-20.264,-3.723,10.315,175.545,53.839,177.819
-0.525,0.045,-0.803,-14.893,7.019,7.751,174.672,53.734,177.693
-0.482,0.071,-0.753,-14.16,-6.653,7.751,173.941,53.762,177.599
-0.542,0.106,-0.802,-8.362,-7.446,8.728,173.326,54.278,177.413
-0.445,0.195,-0.835,1.648,-16.663,11.047,172.925,54.772,176.973
-0.587,0.117,-0.887,31.799,-33.752,23.376,173.353,56.184,175.842
-0.703,-0.07,-0.944,25.757,-31.128,37.598,173.754,57.475,173.694
-0.883,0.059,-1.147,3.662,7.263,28.076,173.414,58.239,171.854
-0.626,0.205,-1.064,2.197,11.597,8.362,173.15,57.601,171.211
-0.309,0.229,-0.798,-0.916,18.066,5.554,173.183,56.794,171.057
-0.422,0.333,-0.807,-8.789,-11.353,7.263,172.722,56.459,170.552
-0.487,0.313,-0.759,-3.296,9.399,-4.883,172.112,56.503,170.101
-0.436,0.265,-0.717,-4.089,14.587,-21.545,172.249,55.904,170.898
-0.329,0.197,-0.615,-2.38,12.939,-28.076,172.656,55.338,172.282
-0.443,0.188,-0.637,-4.7,0.427,-26.001,173.073,55.256,173.721
-0.47,0.165,-0.658,-4.272,9.094,-27.588,173.381,55.217,175.095
-0.54,0.139,-0.707,-6.836,4.456,-31.25,173.798,55.212,176.819
-0.58,0.128,-0.752,-10.437,10.62,-31.982,174.133,55.14,178.731
-0.522,0.136,-0.784,-11.475,11.414,-28.32,174.408,54.915,-179.275
-0.498,0.166,-0.808,-10.864,0.916,-20.081,174.402,54.844,-177.825
-0.525,0.172,-0.83,-11.475,-6.653,-16.052,174.32,55.333,-176.754
-0.509,0.248,-0.833,-10.742,-13.367,-10.925,173.969,55.909,-176.127
-0.57,0.268,-0.854,-3.113,-15.442,-11.719,173.793,56.865,-175.638
-0.681,0.285,-0.904,4.333,-30.64,-5.615,173.749,57.964,-175.518
-0.969,0.186,-1.119,12.39,-14.282,-5.493,174.089,59.271,-175.452
-0.738,0.068,-1.024,8.911,6.958,5.676,174.628,59.491,-175.27
-0.389,0.067,-0.83,8.972,13.672,21.79,174.419,58.749,-176.078
-0.33,-0.101,-0.782,9.094,-9.399,-0.732,174.716,58.524,-176.699
-0.455,0.02,-0.722,0.122,-3.113,8.362,174.869,58.788,-176.957
-0.462,-0.023,-0.727,7.935,8.484,17.517,174.842,58.436,-177.825
-0.366,-0.056,-0.699,-0.244,17.029,11.597,174.875,57.535,-178.539
-0.399,-0.007,-0.68,-10.01,0.0,5.31,174.672,56.959,-178.863
-0.528,0.061,-0.69,-15.32,-9.521,4.456,174.089,57.167,-179.061
-0.623,0.125,-0.712,-12.817,-3.906,4.7,173.392,57.508,-179.138
-0.624,0.117,-0.712,-7.385,1.831,3.479,172.914,57.59,-179.05
-0.608,0.123,-0.701,-7.629,0.549,1.953,172.54,57.651,-178.781
-0.613,0.131,-0.671,-6.958,-4.578,0.854,172.167,57.947,-178.484
-0.681,0.153,-0.685,-6.592,-6.653,-2.075,171.771,58.491,-178.16
-0.621,0.133,-0.677,-4.272,3.54,-5.371,171.667,58.799,-177.468
-0.671,0.141,-0.729,-8.484,-5.188,-5.371,171.431,59.139,-176.841
-0.645,0.1,-0.808,-9.705,10.132,-16.602,171.425,59.249,-175.704
-0.736,0.086,-0.863,-15.32,-8.728,-24.17,171.552,59.617,-174.106
-0.928,0.119,-1.043,-18.127,-0.427,-28.198,171.716,60.216,-172.205
-0.744,0.208,-1.098,-28.198,33.569,-20.081,171.584,59.793,-170.244
-0.415,0.304,-0.99,-25.33,13.0,-38.818,171.376,58.837,-168.179
-0.41,0.244,-0.837,-31.982,-3.418,-55.725,171.766,59.041,-165.311
-0.517,0.405,-0.816,-48.706,13.245,-46.814,171.194,59.387,-162.653
-0.349,0.396,-0.767,-35.828,49.561,-86.853,171.233,58.239,-158.912
-0.252,0.324,-0.722,-39.978,32.593,-100.647,172.31,56.865,-153.298
-0.403,0.28,-0.726,-29.053,24.536,-85.022,173.112,56.223,-148.431
-0.402,0.197,-0.682,-27.893,24.414,-82.397,173.914,55.464,-144.179
-0.506,0.175,-0.718,-32.227,13.916,-89.172,174.699,55.195,-139.587
-0.459,0.208,-0.707,-33.997,18.25,-89.478,175.369,54.932,-134.813
-0.503,0.157,-0.714,-26.062,3.54,-89.661,176.336,55.091,-129.99
-0.53,0.155,-0.72,-23.132,1.465,-73.608,177.226,55.437,-125.766
-0.54,0.172,-0.749,-21.912,2.38,-56.335,177.814,55.772,-122.459
-0.51,0.221,-0.744,-8.85,-5.798,-48.218,178.325,56.102,-119.938
-0.583,0.216,-0.773,0.427,-13.123,-35.095,179.127,56.871,-118.048
-0.677,0.182,-0.863,6.409,-10.62,-18.433,179.907,57.689,-116.993
-0.757,0.149,-0.948,18.86,-1.465,-9.094,-179.434,58.239,-116.719
-0.57,0.034,-0.902,26.489,14.893,-8.972,-178.363,57.975,-116.642
-0.281,-0.081,-0.812,21.667,18.005,-12.207,-176.951,57.074,-116.285
-0.365,-0.146,-0.841,22.766,0.305,-29.114,-175.375,56.53,-115.428
-0.407,-0.245,-0.875,2.686,8.301,-36.804,-173.573,56.135,-113.505
-0.385,-0.207,-0.856,-14.16,5.615,-45.715,-172.584,55.437,-111.171
-0.386,-0.149,-0.81,-30.273,-4.578,-55.42,-172.09,54.987,-108.155
-0.461,-0.138,-0.801,-37.109,-8.484,-66.345,-171.815,54.932,-104.491
-0.475,-0.122,-0.778,-42.969,-7.507,-71.777,-171.639,54.855,-100.366
-0.526,-0.118,-0.825,-46.997,-6.775,-70.923,-171.672,54.838,-96.196
-0.554,-0.098,-0.86,-50.293,0.366,-69.153,-172.057,54.641,-92.252
-0.44,-0.088,-0.889,-49.011,11.414,-67.688,-172.485,53.932,-88.429
-0.348,-0.102,-0.889,-44.8,-0.671,-66.345,-172.897,53.399,-84.809
-0.363,-0.117,-0.875,-40.466,-16.296,-72.51,-172.985,53.492,-80.936
-0.568,-0.118,-0.935,-36.377,-30.457,-80.078,-172.568,54.338,-76.542
-0.802,-0.179,-0.932,-26.001,-26.611,-93.445,-171.387,55.481,-71.472
-0.633,-0.161,-0.762,-39.307,-8.972,-78.552,-170.228,55.849,-66.407
-0.488,-0.01,-0.717,-64.697,-7.69,-52.734,-170.75,55.838,-62.704
-0.616,0.161,-0.758,-70.374,-9.705,-58.35,-172.496,56.327,-59.826
-0.623,0.235,-0.788,-68.542,23.01,-76.477,-174.023,55.926,-56.371
-0.436,0.243,-0.788,-62.683,36.194,-85.388,-175.204,54.371,-52.57
-0.418,0.211,-0.851,-55.908,26.794,-87.646,-176.039,52.844,-48.587
-0.395,0.208,-0.868,-45.898,19.714,-81.482,-176.754,51.762,-44.912
-0.464,0.144,-0.858,-37.964,4.028,-74.402,-177.177,51.317,-41.561
-0.452,0.16,-0.812,-34.363,1.953,-57.373,-177.676,51.317,-38.919
-0.389,0.147,-0.738,-26.123,-6.714,-50.964,-178.116,51.564,-36.925
-0.436,0.149,-0.746,-25.818,-18.433,-40.955,-178.5,52.399,-35.299
-0.583,0.208,-0.915,-21.667,-15.259,-28.015,-179.121,53.383,-34.382
-0.59,0.178,-0.976,-7.629,-16.174,-20.874,-179.401,54.218,-33.964
-0.875,0.187,-1.167,-6.897,-23.193,-14.465,-179.594,55.558,-33.926
-0.818,0.135,-1.242,4.395,16.418,-12.512,-179.341,55.64,-33.871
-0.439,0.025,-1.032,7.69,25.635,-1.587,-179.022,54.641,-34.206
-0.17,-0.062,-0.901,8.057,21.912,0.671,-178.726,53.24,-34.678
-0.169,-0.098,-0.831,8.057,10.315,-1.648,-178.275,52.333,-34.761
-0.259,-0.072,-0.846,7.019,15.381,7.935,-177.929,51.493,-34.887
-0.154,-0.067,-0.772,4.089,14.587,19.165,-177.863,50.378,-35.519
-0.241,-0.032,-0.725,2.93,-7.263,19.043,-178.044,49.894,-36.409
-0.403,-0.017,-0.76,1.282,-6.531,17.517,-178.242,50.098,-37.249
-0.423,-0.018,-0.805,4.089,0.854,11.23,-178.38,50.043,-38.068
-0.447,-0.053,-0.845,1.221,3.052,7.812,-178.33,49.9,-38.628
-0.403,-0.077,-0.83,-0.977,0.366,2.014,-178.341,49.79,-38.99
-0.429,-0.083,-0.879,-5.005,0.427,0.671,-178.391,49.845,-39.073
-0.419,-0.095,-0.907,-4.456,2.869,0.488,-178.5,49.741,-39.161
-0.407,-0.113,-0.995,-8.606,4.15,3.052,-178.682,49.526,-39.26
-0.449,-0.108,-1.031,-13.489,-8.972,-0.854,-179.116,49.702,-39.298
-0.595,-0.028,-1.133,-19.897,-11.963,-6.714,-179.703,50.202,-39.001
-0.501,0.056,-1.141,-21.606,10.315,-12.512,179.681,50.197,-38.452
-0.213,0.154,-0.971,-28.564,12.268,-14.587,178.879,49.57,-37.661
-0.225,0.329,-0.907,-32.593,-5.615,-9.155,177.512,49.279,-37.128
-0.322,0.324,-0.85,-16.052,1.099,-24.353,176.572,49.411,-36.491
-0.279,0.273,-0.761,-11.719,5.432,-32.532,176.303,49.197,-35.25
-0.287,0.201,-0.693,-6.592,1.282,-34.851,176.347,49.059,-33.849
-0.35,0.185,-0.688,-6.409,-0.122,-30.09,176.424,49.125,-32.591
-0.417,0.164,-0.7,-2.747,-2.808,-26.733,176.528,49.318,-31.624
-0.451,0.131,-0.745,-3.113,2.563,-26.917,176.781,49.537,-30.734
-0.491,0.142,-0.8,-3.296,2.319,-30.701,177.083,49.636,-29.724
-0.445,0.118,-0.855,-5.92,8.484,-29.48,177.473,49.664,-28.531
-0.413,0.154,-0.896,-7.141,-3.174,-27.832,177.654,49.724,-27.438
-0.393,0.174,-0.887,-8.362,-13.245,-25.574,177.731,50.35,-26.461
-0.519,0.23,-0.973,-8.179,-18.555,-21.301,177.632,51.339,-25.686
-0.618,0.265,-1.088,-4.944,-11.841,-15.137,177.473,52.07,-25.269
-0.772,0.151,-1.218,10.498,-8.118,-28.992,178.066,52.718,-24.494
-0.506,-0.003,-1.056,13.611,27.771,-15.259,179.193,52.207,-23.566
-0.085,-0.079,-0.869,14.587,20.996,3.174,179.945,50.713,-23.544
-0.226,-0.042,-0.838,18.86,-12.573,-8.972,-179.116,50.757,-23.286
-0.196,-0.157,-0.759,20.203,5.676,-3.784,-177.819,50.554,-22.538
-0.232,-0.187,-0.717,9.949,-12.451,9.644,-176.99,50.493,-22.401
-0.374,-0.15,-0.742,5.859,-8.484,15.625,-176.682,50.911,-22.703
-0.42,-0.128,-0.784,2.625,-14.038,18.066,-176.649,51.229,-23.351
-0.524,-0.115,-0.815,1.221,-5.92,20.691,-176.797,51.795,-24.203
-0.484,-0.132,-0.81,0.793,-3.54,19.653,-177.012,51.938,-25.23
-0.477,-0.111,-0.796,-5.676,-5.615,22.705,-177.435,52.234,-26.307
-0.501,-0.084,-0.813,-9.094,-7.935,24.536,-178.132,52.635,-27.504
-0.498,-0.021,-0.838,-9.277,-11.78,26.855,-179.105,53.119,-28.927
-0.451,-0.045,-0.86,-8.545,-10.132,28.564,179.973,53.652,-30.405
-0.504,-0.001,-0.916,-9.033,-21.423,26.428,178.841,54.465,-31.998
-0.625,-0.002,-0.97,-7.568,-18.066,18.555,178.0,55.497,-33.179
-0.651,0.107,-1.083,-9.583,-23.926,16.663,177.034,56.255,-34.299
-0.805,0.181,-1.121,-1.648,-20.386,0.244,176.66,57.491,-34.739
-0.524,0.175,-0.93,4.456,15.015,3.479,176.786,57.426,-34.904
-0.29,0.211,-0.863,-6.836,5.798,10.681,176.424,56.552,-35.431
-0.453,0.234,-0.794,-9.888,-11.414,-5.127,175.71,56.865,-35.766
-0.458,0.207,-0.686,-13.428,6.104,-21.606,175.49,56.898,-35.024
-0.452,0.207,-0.657,-12.695,4.395,-21.301,175.309,56.673,-34.041
-0.447,0.19,-0.603,-11.169,6.042,-20.813,175.155,56.602,-33.19
-0.45,0.205,-0.614,-8.85,1.343,-13.306,174.919,56.486,-32.684
-0.569,0.182,-0.66,-5.188,-6.409,-18.372,174.798,56.865,-32.349
-0.623,0.152,-0.707,-2.319,2.258,-22.4,175.034,57.25,-31.69
-0.614,0.148,-0.724,-5.493,2.625,-17.09,175.331,57.437,-31.009
-0.587,0.188,-0.765,-5.005,1.221,-16.174,175.435,57.568,-30.542
-0.549,0.163,-0.76,-2.319,-2.991,-19.531,175.671,57.914,-29.993
-0.607,0.206,-0.899,-5.859,-1.953,-13.428,175.792,58.293,-29.476
-0.628,0.213,-0.97,0.061,-6.836,-8.545,175.787,58.491,-29.323
-0.78,0.198,-1.088,3.418,-16.541,-3.235,175.847,59.139,-29.388
-0.842,0.086,-1.064,7.202,0.061,2.258,176.028,59.667,-29.734
-0.53,0.039,-0.864,5.554,20.325,16.174,175.952,59.024,-30.471
-0.323,0.025,-0.775,13.062,17.212,21.24,175.77,57.761,-31.701
-0.318,-0.055,-0.768,19.165,12.817,12.451,176.331,56.97,-32.366
-0.367,-0.079,-0.73,17.029,6.104,16.907,176.951,56.327,-32.91
-0.399,-0.101,-0.713,11.047,6.836,19.775,177.347,55.756,-33.651
-0.463,-0.067,-0.71,6.714,-3.845,18.616,177.501,55.569,-34.393
-0.555,-0.02,-0.75,5.066,-2.075,20.142,177.435,55.684,-35.277
-0.515,-0.034,-0.748,6.348,2.502,22.095,177.402,55.569,-36.244
-0.536,-0.019,-0.781,0.549,-1.892,26.855,177.045,55.536,-37.562
-0.541,0.0,-0.843,-1.587,1.282,25.269,176.506,55.503,-38.881
-0.545,0.007,-0.856,0.366,-7.568,21.851,175.913,55.591,-40.199
-0.599,-0.007,-0.957,-0.122,0.549,16.602,175.611,55.756,-41.111
-0.741,0.065,-1.087,0.305,-4.15,10.742,175.364,55.745,-41.792
-0.623,0.081,-1.105,-3.784,13.977,3.052,175.38,55.344,-41.885
-0.417,0.186,-0.954,-8.24,11.047,-8.301,175.254,54.794,-41.567
-0.312,0.283,-0.896,-19.287,7.446,-17.7,175.1,54.289,-40.545
-0.4,0.356,-0.85,-16.968,13.733,-23.193,174.545,53.921,-39.507
-0.252,0.275,-0.725,-12.268,14.16,-35.461,174.622,53.119,-37.782
-0.275,0.254,-0.686,-8.362,-6.775,-29.48,174.606,53.091,-36.293
-0.393,0.179,-0.641,-4.822,-15.198,-29.297,174.787,53.767,-35.046
-0.508,0.189,-0.651,-2.808,-8.24,-24.719,174.963,54.459,-34.063
-0.528,0.134,-0.693,0.0,3.54,-25.146,175.419,54.679,-33.146
-0.544,0.132,-0.733,-0.549,4.944,-22.888,175.897,54.723,-32.239
-0.542,0.115,-0.768,-0.977,3.357,-20.996,176.358,54.772,-31.426
-0.52,0.125,-0.803,-2.014,1.526,-18.677,176.726,54.855,-30.69
-0.494,0.137,-0.837,-4.578,-5.676,-16.235,176.984,55.135,-30.037
-0.503,0.159,-0.917,-2.441,-4.333,-11.841,177.105,55.569,-29.564
-0.53,0.2,-1.021,-2.38,-8.728,-0.061,177.034,55.739,-29.498
-0.591,0.164,-1.069,4.517,-14.282,-0.427,176.858,56.387,-29.916
-0.843,0.091,-1.148,6.47,-17.517,-6.226,177.116,57.239,-29.971
-0.689,0.032,-1.034,-2.625,1.648,8.362,177.05,57.475,-30.328
-0.403,-0.021,-0.772,-1.892,8.606,13.428,176.539,57.112,-31.168
-0.37,-0.048,-0.726,-1.038,-6.836,9.033,176.254,56.964,-31.811
-0.412,-0.022,-0.739,-2.319,7.202,16.479,175.984,56.843,-32.393
-0.378,0.0,-0.715,0.549,5.92,25.085,175.463,56.239,-33.525
-0.395,-0.004,-0.691,0.183,-0.122,26.794,174.957,55.833,-34.843
-0.494,0.02,-0.7,0.244,-6.226,25.757,174.37,55.871,-36.266
-0.551,0.06,-0.735,-1.282,-5.615,21.24,173.842,55.986,-37.557
-0.568,0.078,-0.768,-0.671,0.427,19.714,173.37,56.069,-38.732
-0.526,0.073,-0.775,0.0,-4.089,17.7,172.969,56.047,-39.864
-0.532,0.097,-0.77,-0.61,-8.24,16.846,172.507,56.294,-40.984
-0.524,0.105,-0.824,0.671,-8.911,17.456,172.09,56.629,-42.083
-0.542,0.104,-0.85,4.395,-10.071,17.029,171.733,56.981,-43.226
-0.634,0.096,-0.953,4.456,-16.602,13.367,171.562,57.404,-44.214
-0.663,0.111,-0.986,0.671,-12.085,12.329,171.381,58.041,-45.049
-0.868,0.208,-1.096,-0.488,-10.986,5.859,171.123,58.672,-45.747
-0.727,0.262,-1.009,4.578,17.517,-9.46,171.398,58.469,-45.61
-0.314,0.236,-0.776,-0.916,31.433,-13.062,172.112,57.228,-44.676
-0.342,0.311,-0.761,-7.812,-7.996,-9.46,172.112,56.821,-44.143
-0.443,0.285,-0.714,-5.981,-1.038,-17.09,171.92,57.156,-43.764
-0.483,0.281,-0.704,-8.484,5.066,-23.682,171.985,57.162,-42.874
-0.376,0.239,-0.624,-4.761,12.451,-27.161,172.277,56.81,-41.737
-0.436,0.215,-0.637,-4.272,2.441,-25.879,172.579,56.728,-40.677
-0.508,0.178,-0.663,-3.601,2.075,-27.405,172.969,56.854,-39.606
-0.509,0.148,-0.7,-6.531,-3.967,-30.945,173.408,57.145,-38.414
-0.607,0.163,-0.752,-12.207,-9.583,-28.32,173.749,57.821,-37.09
-0.644,0.18,-0.802,-9.399,-2.075,-26.55,173.831,58.447,-36.052
-0.546,0.164,-0.721,-13.123,-10.254,-27.222,174.139,58.92,-34.794
-0.665,0.229,-0.834,-9.949,-9.583,-19.592,174.045,59.788,-33.97
-0.681,0.232,-0.896,-9.521,-14.465,-12.329,174.045,60.315,-33.426
-0.703,0.202,-0.956,-4.822,-7.629,-7.019,173.721,61.177,-33.464
-0.963,0.168,-1.093,-3.723,-20.386,-10.376,173.65,61.908,-33.371
-0.788,0.074,-0.97,-6.836,19.897,5.188,173.507,62.056,-33.426
-0.345,0.075,-0.743,-4.883,24.17,19.226,172.749,60.667,-34.288
-0.323,0.017,-0.718,5.554,2.563,10.254,172.491,59.996,-35.079
-0.413,0.032,-0.714,9.216,6.897,14.221,172.606,59.529,-35.623
-0.405,0.001,-0.688,9.583,3.357,19.287,172.722,58.969,-36.458
-0.451,0.01,-0.666,9.155,-2.319,17.395,172.793,58.716,-37.359
-0.536,0.028,-0.675,8.972,-7.08,10.315,172.969,58.832,-38.068
-0.635,0.044,-0.755,8.667,2.563,8.911,173.309,58.931,-38.496
-0.536,0.041,-0.734,11.047,4.028,12.268,173.65,58.568,-39.073
-0.568,0.025,-0.776,10.498,-3.296,17.822,173.892,58.651,-39.919
-0.604,0.004,-0.808,7.751,-9.583,19.165,173.87,58.925,-41.05
-0.578,0.023,-0.834,5.798,-7.568,24.78,173.617,59.205,-42.314
-0.61,0.033,-0.933,8.301,-4.395,24.353,173.276,59.376,-43.759
-0.718,0.055,-0.998,10.742,-17.395,7.69,173.32,59.689,-44.714
-0.893,0.188,-1.103,-0.671,-3.784,6.836,173.441,60.348,-45.06
-0.534,0.176,-0.875,1.099,21.179,-5.249,173.655,59.799,-44.951
-0.345,0.283,-0.801,-12.939,11.536,-4.761,173.677,58.793,-44.401
-0.542,0.305,-0.77,-11.353,0.793,-10.803,173.188,58.716,-44.05
-0.436,0.284,-0.697,-12.695,19.409,-21.057,173.068,58.085,-43.094
-0.387,0.25,-0.641,-8.24,9.827,-24.902,173.106,57.535,-41.902
-0.409,0.195,-0.59,-6.958,1.709,-25.757,173.315,57.448,-40.693
-0.483,0.197,-0.611,-4.578,-0.061,-24.475,173.546,57.629,-39.595
-0.563,0.16,-0.671,-1.953,1.77,-24.475,173.897,57.859,-38.562
-0.6,0.134,-0.704,-4.272,0.061,-25.085,174.386,58.019,-37.386
-0.614,0.117,-0.764,-5.737,7.751,-21.118,174.754,58.222,-36.315
-0.63,0.178,-0.793,-6.104,-1.709,-16.663,174.902,58.173,-35.469
-0.526,0.179,-0.729,-3.906,-3.784,-15.625,175.089,58.436,-34.755
-0.657,0.188,-0.895,0.427,-3.296,-14.832,175.32,58.991,-34.195
-0.676,0.233,-0.973,-1.099,8.118,-3.418,175.402,59.117,-33.931
-0.744,0.228,-1.116,8.24,-2.625,-5.981,175.463,58.771,-33.981
-0.793,0.055,-1.167,7.568,22.827,-0.793,176.067,58.64,-33.772
-0.26,0.03,-0.818,0.916,24.048,16.541,175.957,57.118,-34.217
-0.343,0.026,-0.79,8.118,-13.489,6.958,175.704,56.761,-34.915
-0.473,-0.038,-0.795,10.986,14.893,2.808,176.292,56.816,-34.816
-0.206,-0.024,-0.731,5.92,20.996,20.325,176.468,55.486,-35.206
-0.259,-0.042,-0.713,0.671,-3.784,13.794,176.287,54.899,-35.848
-0.428,0.005,-0.706,-6.958,-15.503,3.906,176.067,55.256,-35.887
-0.592,0.022,-0.736,-5.371,-12.024,1.282,175.864,55.882,-35.804
-0.585,0.034,-0.721,-3.662,-4.517,1.587,175.748,56.19,-35.76
-0.636,0.016,-0.759,-3.174,-3.052,5.31,175.655,56.508,-35.903
-0.574,0.052,-0.737,-4.7,0.305,14.282,175.248,56.58,-36.502
-0.587,0.057,-0.771,-3.113,-0.793,12.939,174.743,56.717,-37.337
-0.536,0.076,-0.811,-2.991,-0.061,16.846,174.271,56.728,-38.139
-0.551,0.04,-0.889,-3.296,-2.319,12.817,173.831,56.766,-38.952
-0.582,0.08,-0.993,-3.113,-4.395,13.611,173.381,56.783,-39.622
-0.688,0.087,-1.065,-4.15,-11.78,11.841,172.974,57.167,-40.265
-0.86,0.258,-1.162,-2.686,-3.54,6.775,172.463,57.585,-40.88
-0.529,0.217,-0.933,5.31,22.949,-11.414,172.798,57.118,-40.567
-0.291,0.27,-0.863,-6.042,14.587,-10.01,173.287,56.025,-39.633
-0.432,0.257,-0.788,-8.972,-0.061,-14.465,173.106,55.898,-39.018
-0.412,0.258,-0.699,-18.127,8.057,-28.076,172.985,55.673,-37.766
-0.443,0.272,-0.644,-13.306,4.15,-37.476,172.947,55.646,-36.008
-0.439,0.219,-0.583,-9.46,8.179,-43.091,173.43,55.629,-33.838
-0.466,0.178,-0.631,-4.333,11.902,-41.016,174.084,55.525,-31.74
-0.528,0.13,-0.681,-3.052,11.658,-41.565,174.919,55.289,-29.68
-0.517,0.097,-0.75,-4.761,20.02,-37.048,175.748,54.893,-27.669
-0.452,0.106,-0.709,-6.165,3.296,-29.48,176.303,54.591,-26.027
-0.602,0.13,-0.712,-5.249,-11.536,-26.489,176.633,55.223,-24.813
-0.613,0.125,-0.733,-5.615,-7.751,-29.236,177.056,56.074,-23.61
-0.572,0.092,-0.773,-7.629,-17.7,-31.311,177.567,56.975,-22.203
-0.749,0.099,-0.861,-11.292,-23.376,-32.043,177.957,58.266,-20.731
-0.861,0.25,-0.966,-14.648,-21.79,-17.09,177.896,59.557,-19.742
-1.089,0.24,-1.166,-6.958,-21.484,-10.437,177.726,61.062,-19.446
-0.75,0.173,-1.099,5.493,28.198,-11.536,177.841,61.029,-19.292
-0.2,-0.009,-0.94,14.221,30.762,1.099,178.561,59.458,-19.061
-0.111,-0.06,-0.922,5.798,2.075,6.897,178.868,58.491,-19.336
-0.193,0.049,-0.847,-4.639,-3.662,0.366,178.781,58.2,-19.116
-0.25,0.033,-0.811,-4.272,-7.385,-7.324,178.775,57.991,-18.424
-0.325,-0.036,-0.78,-14.832,-12.512,-23.987,178.967,58.134,-16.886
-0.444,-0.042,-0.736,-26.611,-15.686,-38.696,179.099,58.585,-14.502
-0.558,-0.034,-0.696,-35.889,-9.033,-50.293,179.182,59.095,-11.525
-0.587,0.004,-0.709,-42.725,9.033,-54.321,179.154,59.052,-8.267
-0.557,-0.005,-0.688,-48.401,6.958,-63.11,179.055,58.749,-4.779
-0.613,-0.002,-0.678,-54.993,7.935,-73.73,178.945,58.727,-0.818
-0.542,0.015,-0.66,-61.218,9.888,-79.529,178.748,58.513,3.51
-0.634,0.0,-0.748,-62.5,6.714,-89.05,178.72,58.656,8.273
-0.617,-0.021,-0.792,-67.322,12.512,-88.074,178.649,58.497,13.184
-0.592,0.018,-0.844,-73.181,15.869,-85.693,178.215,58.228,18.001
-0.61,0.135,-0.931,-70.923,6.775,-80.566,177.479,57.991,22.604
-0.692,0.104,-0.869,-47.485,-1.526,-96.558,177.501,58.546,27.449
-0.7,0.151,-0.819,-53.955,12.817,-84.045,178.116,58.738,32.613
-0.438,0.248,-0.699,-58.289,14.954,-69.824,177.775,58.222,36.771
-0.502,0.279,-0.64,-53.406,-25.94,-75.562,177.248,58.914,40.935
-0.725,0.292,-0.664,-51.636,-18.799,-74.707,176.814,60.617,45.313
-0.717,0.259,-0.667,-50.72,6.958,-79.468,176.776,61.315,50.109
-0.658,0.252,-0.696,-48.706,24.17,-77.454,176.847,60.947,55.239
-0.543,0.266,-0.665,-47.18,17.029,-69.031,176.682,60.32,60.222
-0.592,0.257,-0.661,-40.588,-4.517,-63.477,176.418,60.513,64.935
-0.609,0.25,-0.613,-35.706,-5.798,-59.204,176.287,61.188,69.478
-0.631,0.263,-0.625,-29.968,-6.714,-52.124,176.237,61.782,73.828
-0.687,0.274,-0.694,-28.442,1.465,-41.016,176.144,62.199,77.761
-0.678,0.35,-0.766,-18.494,3.479,-33.447,175.781,62.183,81.035
-0.79,0.283,-0.842,0.0,-17.212,-37.048,176.358,62.748,84.441
-0.879,0.189,-0.828,19.531,-27.405,-34.607,177.583,64.034,87.479
-0.941,0.013,-0.861,24.109,-15.625,-27.771,179.648,65.374,90.505
-0.526,-0.136,-0.627,14.343,39.246,-6.897,-178.857,64.913,92.505
-0.368,-0.112,-0.751,9.766,21.545,-6.287,-178.187,63.04,93.268
-0.526,-0.195,-0.834,-2.075,11.597,-15.625,-177.264,62.567,94.274
-0.453,-0.139,-0.776,-11.292,26.855,-15.137,-176.929,61.408,95.125
-0.397,-0.091,-0.758,-22.644,19.043,-12.817,-177.034,60.018,95.883
-0.628,-0.019,-0.848,-25.269,3.479,-17.7,-177.556,59.474,96.669
-0.667,-0.001,-0.917,-22.339,32.959,-25.757,-177.781,58.513,98.113
-0.47,-0.036,-0.844,-19.836,40.039,-33.875,-177.726,56.519,100.107
-0.429,-0.075,-0.792,-28.503,18.127,-40.344,-177.676,55.173,102.513
-0.456,-0.03,-0.75,-32.898,12.817,-40.039,-177.968,54.52,105.04
-0.519,-0.034,-0.792,-30.701,3.357,-41.565,-178.308,54.218,107.617
-0.63,-0.1,-0.907,-25.879,11.719,-46.875,-178.275,54.053,110.61
-0.597,-0.16,-0.98,-32.898,5.859,-42.786,-178.325,53.498,113.489
-0.941,-0.136,-1.185,-42.48,-8.423,-49.805,-178.687,54.064,116.483
-0.497,0.026,-0.989,-50.293,35.828,-50.598,-179.517,53.245,119.954
-0.258,0.211,-0.865,-62.988,19.226,-43.335,179.116,52.163,123.393
-0.216,0.384,-0.786,-62.988,14.404,-23.865,176.819,51.394,125.914
-0.252,0.507,-0.804,-46.57,16.357,-17.517,174.38,50.724,127.595
-0.148,0.443,-0.819,-17.761,22.278,-24.353,173.04,49.587,129.397
-0.199,0.257,-0.81,-3.845,4.333,-27.527,172.875,48.829,131.385
-0.258,0.193,-0.767,-6.836,-4.211,-24.109,172.864,48.735,133.077
-0.386,0.208,-0.762,-10.986,-11.23,-23.254,172.645,49.087,134.637
-0.466,0.225,-0.784,-9.827,-2.93,-22.461,172.403,49.521,136.241
-0.428,0.201,-0.759,-7.385,-2.319,-25.94,172.392,49.68,138.175
-0.531,0.202,-0.792,-5.554,-3.845,-20.081,172.397,50.109,140.015
-0.536,0.199,-0.815,-3.296,0.61,-13.672,172.452,50.356,141.707
-0.435,0.228,-0.845,-0.916,2.319,-5.249,172.381,50.4,142.965
-0.404,0.297,-0.916,-3.601,-15.381,-5.005,172.178,50.839,143.784
-0.491,0.344,-1.076,-1.282,-20.63,-8.545,172.024,51.746,144.553
-0.659,0.301,-1.128,5.127,-29.907,-10.315,172.106,53.097,145.223
-0.825,0.211,-1.181,8.667,-4.761,-4.517,172.436,54.02,145.964
-0.231,0.067,-0.808,11.658,20.264,0.916,172.892,53.278,146.656
-0.202,-0.017,-0.706,14.465,-13.306,-2.502,173.551,52.932,147.014
-0.411,-0.043,-0.749,13.733,-5.188,-1.282,174.37,53.509,147.228
-0.352,-0.046,-0.747,10.742,5.859,2.136,175.095,53.19,147.327
-0.346,-0.07,-0.725,3.967,-7.202,0.0,175.71,53.069,147.409
-0.484,-0.05,-0.728,1.282,-14.954,-3.174,176.072,53.608,147.53
-0.553,-0.041,-0.72,-2.136,-15.747,0.183,176.347,54.393,147.887
-0.599,-0.013,-0.773,0.366,-5.188,8.118,176.364,55.052,148.162
-0.541,-0.013,-0.755,0.977,-2.502,14.465,176.254,55.278,148.195
-0.548,-0.019,-0.793,0.0,-2.869,18.738,175.974,55.475,147.876
-0.526,-0.027,-0.827,0.183,-2.014,18.738,175.605,55.635,147.398
-0.53,-0.033,-0.897,-1.465,0.488,18.555,175.237,55.662,146.838
-0.587,-0.012,-1.083,-4.761,-6.348,14.832,174.847,55.695,146.157
-0.663,0.025,-1.149,-10.803,-4.089,5.127,174.518,56.03,145.887
-0.438,0.178,-1.091,-16.785,-10.376,0.0,173.793,56.266,145.717
-0.26,0.24,-0.862,-18.005,-41.077,-18.677,173.32,57.579,146.085
-0.706,0.318,-0.846,-29.968,-28.625,-10.62,172.408,59.496,146.404
-0.48,0.331,-0.74,-25.818,8.606,-27.954,171.436,59.694,147.404
-0.437,0.316,-0.663,-16.113,-1.16,-31.555,171.359,59.656,149.474
-0.447,0.24,-0.589,-6.897,-7.629,-21.729,171.425,59.952,151.078
-0.553,0.226,-0.592,-2.136,-4.211,-16.968,171.53,60.403,152.298
-0.525,0.212,-0.596,0.305,-0.061,-16.357,171.777,60.518,153.512
-0.602,0.204,-0.615,5.432,-12.756,-19.714,172.244,61.018,154.885
-0.756,0.107,-0.657,8.362,-2.38,-20.874,173.051,61.754,156.423
-0.694,0.127,-0.652,0.549,7.629,-15.076,173.76,61.837,158.137
-0.683,0.139,-0.715,2.625,16.541,-10.254,174.177,61.529,159.576
-0.599,0.174,-0.761,-1.465,9.399,-5.432,174.348,61.013,160.62
-0.58,0.17,-0.802,-3.174,10.071,-10.498,174.512,60.743,161.708
-0.768,0.256,-1.009,-6.287,-0.488,-8.301,174.397,60.688,162.598
-0.679,0.187,-1.016,-2.686,7.874,-12.207,174.512,60.463,163.531
-0.911,0.142,-1.108,4.272,-1.648,-15.686,174.979,60.765,164.68
-0.621,0.064,-0.935,2.686,28.748,6.104,175.314,59.958,165.3
-0.267,0.078,-0.804,13.123,26.123,16.235,175.309,58.239,164.861
-0.312,-0.057,-0.769,19.653,10.132,10.193,176.017,57.497,164.295
-0.348,-0.071,-0.738,12.817,12.207,10.193,176.605,56.711,163.608
-0.328,-0.089,-0.714,7.507,3.479,5.493,177.078,55.992,163.059
-0.468,-0.078,-0.693,1.892,-8.423,7.446,177.369,55.975,162.543
-0.603,-0.041,-0.705,1.16,-9.277,7.69,177.413,56.371,162.087
-0.586,-0.057,-0.709,3.235,-0.305,10.01,177.479,56.646,161.889
-0.622,-0.063,-0.733,-0.671,-1.038,10.742,177.49,56.81,161.834
-0.587,-0.058,-0.734,-4.822,3.54,15.503,177.204,56.865,161.713
-0.586,0.0,-0.789,-6.226,7.263,21.912,176.583,56.777,161.307
-0.541,0.028,-0.813,-2.136,3.235,26.611,175.836,56.563,160.417
-0.533,0.038,-0.841,0.061,-1.709,28.32,175.15,56.453,159.186
-0.664,0.063,-1.005,2.075,-5.188,25.513,174.584,56.547,157.857
-0.595,0.058,-1.027,1.099,-0.549,23.01,174.155,56.53,156.676
-0.805,0.137,-1.102,-1.282,-13.489,5.249,173.771,57.047,155.896
-0.579,0.161,-0.997,-3.357,13.367,-9.338,173.958,56.882,156.313
-0.268,0.236,-0.856,-10.132,16.663,-4.761,173.974,56.091,156.923
-0.319,0.346,-0.834,-10.864,-12.756,0.122,173.271,56.003,156.649
-0.435,0.24,-0.756,-9.583,-4.7,-21.24,173.013,56.332,156.984
-0.444,0.24,-0.686,-13.184,-3.906,-30.334,172.974,56.618,158.253
-0.473,0.201,-0.653,-15.32,1.099,-32.41,173.068,56.838,159.966
-0.444,0.237,-0.62,-15.869,2.563,-29.297,172.947,56.915,161.697
-0.514,0.202,-0.635,-12.268,-5.127,-31.738,173.013,57.211,163.51
-0.603,0.21,-0.654,-9.399,-3.723,-28.809,173.062,57.761,165.245
-0.606,0.151,-0.691,-5.737,5.493,-32.593,173.502,58.085,167.261
-0.622,0.165,-0.737,-7.263,6.714,-26.55,173.974,58.129,169.31
-0.546,0.132,-0.786,-6.714,12.024,-28.32,174.397,57.969,171.189
-0.632,0.156,-0.88,-9.644,4.333,-29.419,174.831,58.008,173.167
-0.62,0.193,-0.996,-12.695,6.592,-17.761,174.924,57.788,174.699
-0.771,0.227,-1.062,-6.287,-8.24,-11.597,174.738,58.195,175.496
-0.896,0.178,-1.136,-0.366,4.089,-1.038,174.721,58.37,175.897
-0.477,0.081,-0.87,4.883,27.161,12.085,174.688,57.404,175.776
-0.251,0.041,-0.796,11.78,13.0,18.127,174.666,56.173,174.996
-0.429,-0.044,-0.793,18.86,9.277,9.46,175.259,55.75,174.315
-0.313,-0.043,-0.769,11.292,25.391,24.536,175.655,54.465,173.397
-0.293,-0.059,-0.742,6.714,11.169,30.029,175.551,53.333,171.722
-0.337,-0.0,-0.739,0.916,-3.113,25.574,175.199,52.789,169.964
-0.472,0.022,-0.761,0.793,-10.498,21.484,174.858,52.927,168.486
-0.554,0.044,-0.787,1.77,-1.526,21.606,174.523,53.108,167.261
-0.522,0.038,-0.795,2.197,-0.061,21.912,174.26,52.993,166.229
-0.487,0.058,-0.812,1.099,3.235,28.381,173.859,52.877,165.064
-0.476,0.061,-0.842,1.465,-1.343,31.25,173.309,52.69,163.597
-0.456,0.076,-0.893,1.526,-0.732,31.067,172.683,52.575,161.949
-0.428,0.058,-0.928,2.563,-4.395,21.973,172.271,52.515,160.483
-0.544,0.059,-0.984,-0.549,-12.451,14.832,172.007,52.866,159.379
-0.583,0.124,-1.063,-6.348,-14.465,9.644,171.617,53.168,158.434
-0.744,0.274,-1.139,-7.69,-2.808,-2.991,171.249,53.767,158.126
-0.433,0.292,-0.932,-1.221,19.714,-26.733,171.727,53.267,159.247
-0.334,0.324,-0.858,-7.08,10.132,-19.592,172.183,52.663,160.686
-0.365,0.282,-0.802,-3.296,16.296,-14.343,172.178,52.229,161.384
-0.211,0.208,-0.69,-8.301,10.071,-27.466,172.359,51.515,162.598
-0.364,0.21,-0.667,-12.329,-10.254,-28.198,172.282,51.839,163.839
-0.491,0.227,-0.694,-11.963,1.465,-25.94,172.117,52.284,165.086
-0.43,0.228,-0.698,-9.216,9.583,-19.836,171.991,52.092,166.366
-0.491,0.212,-0.736,-6.042,2.747,-17.029,171.898,52.053,167.41
-0.516,0.198,-0.748,-0.793,5.554,-17.151,171.974,52.086,168.437
-0.491,0.185,-0.76,-0.366,5.249,-11.597,172.216,52.053,169.437
-0.514,0.176,-0.814,3.479,2.808,-13.794,172.447,52.059,170.255
-0.448,0.162,-0.838,1.221,2.014,-13.489,172.837,52.152,171.183
-0.537,0.212,-0.946,-0.916,-5.371,-12.268,173.029,52.46,171.876
-0.532,0.263,-1.045,-1.038,3.052,-7.324,173.15,52.498,172.425
-0.527,0.266,-1.064,5.31,-6.592,-5.127,173.304,52.729,172.623
-0.751,0.222,-1.202,10.254,-4.578,-4.639,173.677,53.102,172.755
-0.532,0.065,-1.052,0.793,13.489,7.935,173.925,52.767,172.744
-0.277,0.087,-0.771,-6.592,0.916,23.254,173.172,52.278,171.727
-0.374,0.102,-0.733,10.315,-0.977,11.353,172.875,52.169,170.645
-0.311,0.008,-0.744,15.137,20.874,13.977,173.441,51.416,170.052
-0.216,-0.034,-0.748,14.343,18.86,13.977,174.029,50.153,169.283
-0.295,-0.055,-0.772,0.61,-1.831,7.141,174.402,49.609,168.525
-0.437,0.015,-0.79,-5.676,-5.798,8.057,174.287,49.68,167.855
-0.472,0.046,-0.804,-4.883,-2.014,8.972,174.034,49.779,167.3
-0.506,0.067,-0.824,-2.808,-0.122,9.888,173.826,49.85,166.899
-0.453,0.093,-0.808,-1.831,-0.916,18.372,173.557,49.796,166.339
-0.488,0.123,-0.832,-0.732,-7.08,24.963,173.123,49.977,165.317
-0.459,0.131,-0.866,3.906,-2.625,25.085,172.661,50.092,164.059
-0.479,0.114,-0.979,6.714,-4.944,23.132,172.447,50.186,162.85
-0.406,0.061,-0.969,7.751,-4.395,14.648,172.452,50.257,161.801
-0.56,0.042,-1.062,2.197,-10.559,2.625,172.595,50.702,161.246
-0.59,0.106,-1.127,-5.554,-6.47,-3.052,172.595,50.999,161.147
-0.519,0.178,-1.067,-7.08,8.301,-11.475,172.612,51.026,161.559
-0.23,0.208,-0.834,-14.221,13.0,-15.625,172.579,50.455,162.405
-0.396,0.314,-0.818,-23.682,-12.146,-8.667,171.799,50.641,162.784
-0.447,0.319,-0.784,-17.822,19.836,-19.348,171.03,50.482,163.427
-0.261,0.312,-0.725,-17.029,24.414,-29.175,170.711,49.449,165.064
-0.223,0.272,-0.665,-8.728,5.554,-31.25,170.629,49.032,166.718
-0.374,0.219,-0.704,-7.08,-3.296,-26.978,170.667,49.323,168.063
-0.415,0.227,-0.709,-7.202,2.563,-24.414,170.667,49.559,169.321
-0.512,0.242,-0.782,-5.92,0.061,-24.17,170.689,49.735,170.645
-0.538,0.224,-0.802,-4.944,10.315,-22.888,170.815,49.905,172.117
-0.468,0.267,-0.819,-5.127,13.0,-18.982,170.898,49.57,173.546
-0.432,0.2,-0.838,3.601,5.371,-27.405,171.326,49.515,175.062
-0.419,0.245,-0.867,2.136,-0.122,-15.991,171.777,49.691,176.358
-0.531,0.242,-1.002,2.93,-3.052,-8.85,172.134,50.004,177.111
-0.533,0.315,-1.045,7.629,8.606,2.991,172.222,50.021,177.248
-0.586,0.254,-1.18,21.484,2.075,-2.563,172.864,49.697,177.303
-0.493,0.072,-1.103,19.409,15.32,6.226,173.831,49.367,177.358
-0.194,-0.001,-0.87,19.47,14.587,7.324,174.551,48.4,177.039
-0.28,-0.107,-0.875,16.846,0.61,-4.7,175.622,48.137,177.05
-0.272,-0.062,-0.883,8.85,22.339,15.93,176.265,47.329,176.743
-0.161,-0.044,-0.823,10.315,14.832,34.79,176.402,46.06,175.122
-0.16,-0.024,-0.804,10.315,1.526,41.748,176.391,45.313,172.776
-0.301,-0.005,-0.771,15.808,-17.151,39.062,176.473,45.368,170.233
-0.452,-0.006,-0.793,15.015,-16.235,42.358,176.66,45.934,167.844
-0.46,-0.031,-0.817,15.564,0.305,40.222,176.808,46.159,165.718
-0.418,-0.015,-0.85,7.08,0.061,38.391,176.803,46.049,163.949
-0.375,-0.018,-0.866,4.456,-1.099,30.701,176.605,45.983,162.383
-0.379,-0.018,-0.865,-1.099,-8.972,24.109,176.331,46.225,161.12
-0.457,0.002,-0.964,-3.784,-8.606,17.883,175.963,46.664,160.065
-0.428,0.008,-1.079,-3.296,-6.104,11.78,175.704,46.851,159.373
-0.409,-0.005,-1.089,-8.911,-7.263,6.531,175.518,47.263,158.939
-0.624,0.163,-1.178,-14.038,-17.09,-1.404,174.941,47.999,158.648
-0.453,0.195,-1.085,-8.911,8.728,-19.043,174.798,48.06,159.39
-0.258,0.259,-0.888,-19.958,6.165,-17.578,174.573,47.873,160.571
-0.293,0.396,-0.828,-24.719,-3.113,-13.123,173.518,47.812,161.18
-0.362,0.375,-0.816,-16.541,12.756,-31.128,172.848,47.73,162.411
-0.262,0.35,-0.765,-12.634,21.423,-34.302,172.623,46.967,164.35
-0.2,0.301,-0.711,-6.348,14.771,-29.175,172.557,46.263,166.091
-0.227,0.261,-0.682,-6.897,-1.892,-21.973,172.37,46.115,167.283
-0.407,0.244,-0.726,-8.484,-6.653,-19.104,172.051,46.5,168.184
-0.479,0.284,-0.772,-4.272,-1.282,-21.973,171.777,46.884,169.189
-0.509,0.264,-0.811,-0.488,3.174,-28.992,171.936,47.142,170.722
-0.526,0.207,-0.839,0.549,11.23,-32.715,172.381,47.241,172.667
-0.397,0.187,-0.829,-5.981,16.846,-38.33,172.771,46.939,174.908
-0.338,0.158,-0.858,-12.451,7.385,-47.363,173.106,46.846,177.583
-0.372,0.244,-0.969,-18.616,5.92,-36.499,173.062,46.978,-179.929
-0.435,0.261,-1.028,-10.864,-6.226,-31.433,172.87,47.263,-178.143
-0.692,0.315,-1.281,-5.249,-2.869,-29.846,172.908,47.851,-176.545
-0.504,0.235,-1.25,0.732,19.226,-23.804,173.353,47.472,-174.974
-0.176,0.057,-1.014,2.197,10.315,-18.25,173.87,46.934,-173.694
-0.181,-0.016,-0.821,5.005,-19.531,-11.597,174.254,47.186,-173.216
-0.32,-0.027,-0.839,-0.122,6.592,-2.502,174.644,47.631,-172.991
-0.05,0.04,-0.739,-3.418,13.123,5.737,174.6,46.538,-173.216
-0.125,0.041,-0.704,-4.456,-15.747,-3.906,174.501,46.538,-173.584
-0.252,0.077,-0.714,-4.089,-21.484,-14.282,174.485,47.247,-173.529
-0.409,0.007,-0.725,-1.038,-30.884,-28.198,174.935,48.543,-172.667
-0.667,-0.027,-0.769,-4.211,-14.099,-31.189,175.578,49.927,-170.964
-0.599,-0.042,-0.833,-12.756,16.968,-20.264,176.006,50.158,-168.931
-0.456,0.026,-0.837,-15.442,15.686,-14.282,175.842,49.51,-167.327
-0.471,0.045,-0.811,-15.32,-1.221,-15.503,175.594,49.499,-165.916
-0.561,0.094,-0.832,-14.404,-1.099,-11.23,175.243,49.85,-164.734
-0.491,0.089,-0.86,-12.207,1.16,-9.705,174.93,50.125,-163.669
-0.368,0.072,-0.812,-6.47,-13.062,-8.24,174.688,50.532,-162.845
-0.693,0.004,-1.014,-2.197,-31.616,-9.521,174.765,51.916,-162.158
-0.642,0.033,-1.093,-5.005,1.099,3.052,174.716,52.581,-161.719
-0.661,0.16,-1.174,-7.874,-7.263,-0.122,174.441,52.943,-161.483
-0.557,0.185,-1.083,0.061,15.747,-11.047,174.595,52.811,-160.763
-0.165,0.257,-0.917,-12.939,15.747,-1.953,174.496,51.784,-160.142
-0.315,0.37,-0.843,-12.512,-9.766,4.517,173.589,51.866,-160.538
-0.323,0.306,-0.816,-1.16,12.451,-16.296,173.298,51.531,-160.483
-0.197,0.233,-0.722,-1.343,6.348,-30.579,173.65,51.042,-159.302
-0.301,0.15,-0.646,0.427,-10.742,-36.56,174.194,51.317,-157.879
-0.457,0.1,-0.636,-4.028,-10.559,-37.048,174.781,52.059,-156.198
-0.514,0.125,-0.69,-10.742,11.658,-33.691,175.078,52.158,-154.38
-0.491,0.183,-0.725,-16.052,8.484,-39.246,175.21,51.921,-152.271
-0.486,0.194,-0.748,-16.418,8.362,-45.105,175.369,51.949,-149.815
-0.431,0.186,-0.743,-15.442,-0.244,-49.744,175.611,52.042,-147.167
-0.466,0.205,-0.759,-17.7,-8.911,-49.194,175.847,52.778,-144.531
-0.482,0.218,-0.812,-16.724,-14.893,-48.34,176.067,53.602,-141.976
-0.639,0.175,-0.948,-6.714,-28.381,-50.415,176.539,55.003,-139.532
-0.915,0.044,-0.974,-1.16,-37.476,-45.044,177.556,57.014,-137.043
-0.684,-0.015,-0.905,-5.737,-3.113,-32.898,178.374,58.096,-134.934
-0.438,-0.056,-0.82,-8.972,29.785,-26.306,179.099,57.42,-132.929
-0.142,-0.002,-0.726,-15.198,2.502,-12.39,179.044,56.431,-131.792
-0.585,-0.005,-0.783,-6.714,-30.396,-31.006,179.297,57.607,-130.529
-0.659,-0.062,-0.833,-12.207,24.353,-34.424,-179.901,57.612,-128.326
-0.366,-0.027,-0.75,-19.836,27.039,-34.668,-179.544,56.195,-126.057
-0.373,-0.038,-0.736,-24.231,3.479,-46.082,-179.291,55.624,-123.536
-0.53,-0.036,-0.775,-28.687,2.075,-54.932,-178.984,55.635,-120.438
-0.565,-0.061,-0.805,-30.273,0.427,-61.035,-178.583,55.574,-116.927
-0.599,-0.1,-0.858,-29.358,11.23,-64.331,-178.083,55.475,-113.176
-0.546,-0.106,-0.972,-32.104,27.954,-67.322,-177.473,54.58,-109.16
-0.375,-0.006,-1.025,-40.649,17.212,-59.448,-177.385,53.273,-105.441
-0.389,-0.028,-0.946,-32.043,-7.996,-77.759,-177.182,53.174,-101.629
-0.684,0.038,-0.988,-52.185,-5.798,-75.867,-176.984,53.657,-97.229
-0.307,0.204,-0.762,-51.941,12.939,-68.298,-177.863,53.185,-93.554
-0.267,0.18,-0.713,-52.917,-28.198,-73.73,-178.572,53.399,-89.978
-0.679,0.182,-0.769,-60.73,-35.034,-78.064,-179.484,55.388,-86.369
-0.585,0.266,-0.733,-63.293,4.211,-84.473,179.577,56.058,-82.299
-0.575,0.276,-0.732,-50.842,7.568,-85.51,179.138,56.151,-78.036
-0.486,0.262,-0.694,-43.335,8.179,-75.806,178.918,56.091,-74.257
-0.56,0.19,-0.723,-36.926,1.038,-79.529,178.978,56.371,-70.708
-0.515,0.227,-0.739,-41.565,2.686,-72.876,178.989,56.662,-67.159
-0.555,0.222,-0.77,-33.264,-7.996,-70.984,179.11,57.2,-63.875
-0.585,0.264,-0.845,-21.423,-11.108,-59.753,179.401,57.991,-61.133
-0.635,0.164,-0.807,-3.174,-31.982,-55.847,-179.539,59.409,-58.749
-0.848,0.076,-0.843,19.714,-28.137,-44.373,-177.764,61.254,-56.761
-0.751,-0.07,-0.87,14.832,-4.883,-27.771,-175.699,62.155,-55.261
-0.454,-0.119,-0.752,0.427,32.288,-10.132,-174.809,61.551,-54.767
-0.297,-0.108,-0.83,-4.517,9.888,-16.541,-174.721,60.101,-54.673
-0.596,-0.173,-0.922,-13.123,0.732,-41.321,-173.853,59.98,-52.883
-0.542,-0.114,-0.91,-20.752,20.203,-31.494,-173.425,59.128,-50.883
-0.401,-0.061,-0.809,-28.442,12.268,-20.386,-173.776,58.019,-49.609
-0.486,-0.012,-0.786,-23.315,0.122,-17.761,-174.446,57.667,-48.73
-0.521,-0.053,-0.775,-18.738,3.296,-24.658,-174.787,57.431,-47.807
-0.497,-0.133,-0.781,-22.4,8.423,-36.926,-174.699,56.986,-46.181
-0.48,-0.165,-0.778,-32.349,5.066,-40.833,-174.716,56.558,-44.028
-0.447,-0.142,-0.79,-39.734,0.854,-39.551,-175.193,56.288,-41.852
-0.491,-0.118,-0.882,-41.077,-4.395,-37.781,-175.831,56.31,-39.688
-0.54,-0.141,-0.963,-39.246,-10.498,-39.856,-176.358,56.541,-37.48
-0.702,-0.102,-1.027,-39.062,-17.761,-39.978,-176.841,57.25,-35.206
-0.847,-0.06,-1.121,-37.109,-8.728,-38.513,-177.188,57.953,-33.047
-0.582,0.073,-0.997,-45.349,22.888,-36.072,-177.951,57.426,-31.174
-0.249,0.261,-0.784,-57.068,-6.897,-36.255,-179.357,56.717,-29.416
-0.604,0.41,-0.751,-56.763,-26.184,-29.419,178.588,57.964,-28.13
-0.489,0.421,-0.718,-35.889,20.142,-37.903,177.056,58.063,-27.103
-0.371,0.386,-0.731,-20.325,14.709,-39.734,176.512,57.409,-25.834
-0.367,0.235,-0.691,-11.292,9.827,-39.856,176.594,57.008,-24.637
-0.436,0.193,-0.684,-12.634,-0.977,-39.124,176.732,57.036,-23.395
-0.482,0.143,-0.696,-9.399,3.479,-37.231,177.017,57.178,-22.115
-0.558,0.134,-0.717,-7.507,-1.587,-33.447,177.358,57.349,-20.978
-0.595,0.112,-0.792,-5.92,6.775,-29.846,177.814,57.458,-19.935
-0.524,0.096,-0.746,-0.854,-4.15,-23.499,178.396,57.53,-19.078
-0.591,0.098,-0.817,6.958,-4.7,-5.005,178.775,58.019,-19.122
-0.547,0.092,-0.754,7.507,-12.817,8.606,178.951,58.497,-19.962
-0.579,0.203,-0.766,16.968,-20.325,25.146,178.66,59.348,-21.89
-0.704,0.192,-0.901,17.517,-13.062,16.602,178.588,60.2,-23.945
-0.638,0.12,-0.931,8.789,-15.808,-12.268,179.033,60.842,-24.604
-0.927,0.108,-1.136,5.005,-4.456,-30.334,179.978,61.573,-23.665
-0.749,-0.024,-1.054,4.761,26.672,-10.986,-178.83,61.013,-22.571
-0.293,-0.086,-0.773,16.296,47.485,17.7,-178.605,59.019,-23.236
-0.254,-0.166,-0.784,17.09,8.667,20.203,-178.314,57.48,-24.532
-0.376,-0.093,-0.804,8.85,20.63,32.715,-178.33,56.75,-25.873
-0.275,-0.093,-0.751,7.874,10.742,33.142,-178.775,55.613,-27.751
-0.384,-0.065,-0.694,0.793,0.0,20.935,-179.132,55.195,-29.075
-0.478,-0.053,-0.683,2.258,0.244,12.939,-179.33,55.063,-29.855
-0.593,-0.056,-0.74,7.507,11.169,15.381,-179.297,54.794,-30.586
-0.507,-0.095,-0.788,3.662,19.531,27.832,-179.335,53.998,-31.8
-0.436,-0.025,-0.824,0.061,14.771,33.691,-179.978,53.157,-33.668
-0.446,-0.004,-0.832,0.122,1.343,26.855,179.445,52.844,-35.327
-0.444,-0.008,-0.846,0.916,-5.31,22.705,178.951,52.888,-36.755
-0.475,-0.013,-0.925,-1.587,-1.587,21.301,178.506,53.069,-37.941
-0.455,-0.06,-0.968,-1.16,-5.737,13.794,178.132,53.146,-38.903
-0.481,-0.083,-0.996,-7.996,-18.372,3.845,177.841,53.696,-39.249
-0.777,0.066,-1.161,-17.639,-22.278,13.733,177.017,54.651,-39.727
-0.638,0.183,-1.128,-11.536,11.353,7.629,176.089,54.63,-40.43
-0.231,0.297,-0.822,-13.123,7.385,-6.409,175.583,54.036,-40.397
-0.419,0.334,-0.759,-2.747,-11.597,-20.996,175.457,54.234,-39.836
-0.434,0.228,-0.756,3.784,22.583,-32.593,176.017,54.08,-38.716
-0.292,0.158,-0.722,-4.761,18.921,-33.936,176.786,52.993,-37.09
-0.339,0.182,-0.721,-11.047,9.46,-34.302,176.962,52.454,-35.662
-0.357,0.164,-0.687,-12.756,0.854,-46.143,177.209,52.322,-33.81
-0.459,0.156,-0.714,-11.597,-1.404,-53.04,177.605,52.603,-31.536
-0.513,0.087,-0.733,-13.916,-5.554,-57.068,178.292,52.982,-28.905
-0.54,0.088,-0.841,-16.296,4.456,-53.284,178.83,53.405,-26.296
-0.498,0.113,-0.82,-16.113,-7.935,-47.119,179.225,53.652,-23.972
-0.524,0.129,-0.837,-14.099,-13.123,-40.833,179.555,54.41,-21.945
-0.583,0.095,-0.861,-9.949,-17.273,-25.818,179.775,55.366,-20.555
-0.746,0.192,-1.098,-11.841,-16.113,8.423,179.149,56.212,-20.709
-0.797,0.146,-1.174,6.287,-2.258,11.719,178.588,56.64,-21.918
-0.684,0.026,-1.128,13.611,15.625,15.137,178.781,56.365,-22.912
-0.252,-0.049,-0.856,16.724,23.01,32.288,178.742,55.173,-24.549
-0.221,-0.08,-0.808,18.005,1.038,33.569,178.687,54.437,-26.45
-0.235,-0.084,-0.774,12.573,3.723,40.833,178.583,53.943,-28.251
-0.253,-0.107,-0.746,9.766,-4.944,33.081,178.325,53.63,-30.037
-0.311,-0.084,-0.705,2.625,-20.813,26.062,178.116,53.899,-31.267
-0.514,-0.021,-0.733,0.977,-30.212,26.611,177.654,54.981,-32.492
-0.594,-0.007,-0.774,3.906,-16.174,27.771,177.22,55.937,-33.887
-0.566,0.021,-0.775,7.629,-8.301,30.823,176.765,56.376,-35.546
-0.538,0.01,-0.75,7.019,-12.756,29.419,176.396,56.761,-37.271
-0.566,0.024,-0.779,5.676,-15.32,26.428,175.963,57.36,-38.952
-0.537,0.021,-0.763,5.798,-15.93,20.935,175.6,58.063,-40.397
-0.6,0.03,-0.77,6.226,-21.057,12.756,175.441,58.931,-41.435
-0.688,0.068,-0.925,8.362,-15.137,10.376,175.507,59.711,-42.149
-0.671,0.031,-1.008,8.484,-5.859,10.925,175.776,60.057,-42.748
-0.832,0.142,-1.088,5.737,-5.615,1.16,175.891,60.502,-43.16
-0.692,0.146,-1.022,11.78,18.311,-23.315,176.918,60.09,-42.319
-0.338,0.133,-0.812,1.16,25.879,-24.963,178.242,58.92,-40.644
-0.47,0.189,-0.812,-7.996,-5.92,-21.545,178.594,58.596,-39.419
-0.469,0.182,-0.775,-11.169,16.846,-33.875,178.901,58.282,-37.881
-0.308,0.173,-0.666,-11.719,9.216,-35.95,179.291,57.557,-35.914
-0.393,0.144,-0.641,-9.399,-7.019,-34.119,179.615,57.502,-34.124
-0.521,0.125,-0.656,-7.935,-4.333,-30.518,179.94,57.859,-32.552
-0.552,0.094,-0.664,-6.775,-7.69,-26.733,-179.758,58.145,-31.284
-0.667,0.083,-0.693,-4.944,-11.963,-28.137,-179.401,58.826,-30.108
-0.663,0.067,-0.707,-0.732,-1.831,-23.499,-178.802,59.392,-28.949
-0.585,0.032,-0.681,3.967,-5.188,-16.052,-178.226,59.722,-28.268
-0.558,-0.03,-0.719,2.747,-18.311,-17.151,-177.484,60.353,-27.603
-0.669,0.017,-0.735,-3.357,-26.428,-13.672,-177.078,61.732,-26.949
-0.821,0.094,-0.835,-3.54,-18.005,-10.437,-176.891,62.913,-26.444
-0.8,0.078,-0.943,-0.977,2.869,0.0,-176.99,63.16,-26.576
-0.879,0.064,-1.102,6.531,-7.996,-10.376,-176.819,63.298,-26.532
-0.825,-0.09,-1.032,13.367,9.094,-4.517,-175.842,63.408,-26.065
-0.346,-0.06,-0.747,10.559,20.813,22.827,-175.957,62.479,-27.065
-0.303,-0.162,-0.691,25.085,-5.981,4.517,-175.485,62.133,-27.85
-0.441,-0.196,-0.687,7.507,-0.61,12.207,-174.781,62.249,-27.905
-0.416,-0.159,-0.688,5.676,11.78,19.531,-174.979,61.804,-28.674
-0.448,-0.11,-0.69,2.869,-1.282,21.179,-175.353,61.304,-29.603
-0.547,-0.117,-0.681,5.798,-8.85,17.273,-175.534,61.551,-30.361
-0.68,-0.093,-0.723,6.287,-9.216,22.522,-175.737,62.023,-31.278
-0.636,-0.112,-0.702,8.423,-0.488,25.696,-176.067,62.265,-32.607
-0.668,-0.11,-0.721,6.897,-3.845,25.024,-176.462,62.507,-34.041
-0.652,-0.101,-0.734,2.014,2.136,27.71,-177.017,62.677,-35.502
-0.582,-0.046,-0.722,0.244,-0.793,30.334,-177.94,62.699,-37.183
-0.598,-0.039,-0.746,1.282,-4.272,26.855,-178.808,62.935,-38.787
-0.702,-0.056,-0.817,5.188,-4.761,21.301,-179.445,63.265,-40.15
-0.776,-0.022,-0.939,0.916,-5.249,23.804,179.967,63.342,-41.369
-0.914,0.015,-1.063,0.183,6.897,15.93,179.418,63.435,-42.396
-0.799,0.111,-1.109,3.113,25.635,2.319,179.346,62.446,-42.676
-0.312,0.117,-0.779,-5.798,30.09,-3.174,179.379,60.881,-42.424
-0.474,0.203,-0.781,-20.813,-6.775,-10.559,178.934,60.425,-41.77
-0.526,0.223,-0.69,-19.531,18.127,-24.231,178.396,60.134,-40.704
-0.42,0.219,-0.625,-19.043,23.193,-27.161,178.204,59.03,-39.144
-0.359,0.184,-0.596,-7.446,10.376,-31.006,178.237,58.228,-37.689
-0.49,0.134,-0.631,-3.601,2.319,-29.907,178.687,58.096,-36.183
-0.551,0.07,-0.684,-3.357,5.737,-29.358,179.22,57.991,-34.788
-0.557,0.018,-0.695,-10.254,-3.662,-29.785,179.736,58.096,-33.25
-0.713,0.031,-0.788,-13.733,-4.517,-31.189,179.951,58.585,-31.745
-0.554,0.051,-0.777,-20.996,4.333,-26.184,-179.934,58.667,-30.125
-0.578,0.082,-0.768,-16.418,-12.756,-28.748,179.923,59.123,-28.74
-0.669,0.148,-0.823,-16.785,-9.399,-20.691,179.885,59.826,-27.361
-0.835,0.167,-0.998,-6.531,-3.662,-16.602,179.857,60.205,-26.505
-0.909,0.098,-1.136,5.92,4.578,-10.559,-179.692,60.293,-25.889
-0.706,0.005,-1.079,2.93,21.057,9.583,-179.539,59.634,-26.082
-0.306,-0.038,-0.84,2.014,26.306,24.17,179.852,58.387,-27.246
-0.283,-0.029,-0.806,4.456,0.854,20.508,179.297,57.651,-28.405
-0.287,-0.04,-0.774,3.479,13.55,31.372,178.835,57.019,-29.515
-0.298,-0.044,-0.748,6.775,-2.686,27.954,178.297,56.459,-30.861
-0.359,-0.079,-0.712,5.432,-8.85,23.865,178.105,56.481,-31.767
-0.493,-0.045,-0.71,5.127,-17.517,25.94,177.786,56.964,-32.822
-0.511,-0.019,-0.708,4.395,-13.123,31.616,177.347,57.437,-34.206
-0.577,0.086,-0.775,9.277,-20.081,39.673,176.671,58.134,-36.068
-0.591,0.095,-0.792,23.499,-12.634,53.833,175.957,58.645,-38.82
-0.586,0.003,-0.795,26.611,-15.503,44.617,175.627,59.09,-41.743
-0.618,-0.03,-0.831,22.705,-17.944,33.875,175.583,59.7,-43.978
-0.629,-0.049,-0.884,15.32,-12.756,25.024,175.644,60.37,-45.555
-0.787,0.006,-1.004,11.475,-11.78,18.799,175.688,61.057,-46.648
-0.795,0.138,-1.022,9.033,-13.916,5.371,175.66,61.469,-47.39
-0.702,0.232,-0.901,12.329,1.709,-11.169,176.517,61.853,-46.873
-0.438,0.198,-0.816,4.272,14.16,-1.892,177.182,61.238,-46.384
-0.45,0.218,-0.776,-4.517,0.427,-13.611,177.166,60.952,-45.989
-0.476,0.191,-0.689,-10.803,-2.625,-28.564,177.462,60.974,-44.533
-0.524,0.19,-0.645,-13.184,1.404,-31.982,177.649,61.062,-42.852
-0.477,0.165,-0.58,-12.939,5.737,-32.776,177.962,60.919,-41.056
-0.535,0.146,-0.591,-10.864,3.479,-33.325,178.248,60.881,-39.386
-0.561,0.09,-0.619,-13.306,4.883,-36.072,178.726,60.859,-37.546
-0.634,0.086,-0.716,-14.038,8.362,-40.833,179.132,60.815,-35.557
-0.609,0.06,-0.713,-18.799,7.202,-40.894,179.736,60.667,-33.223
-0.665,0.101,-0.836,-19.226,2.38,-32.532,179.989,60.612,-31.19
-0.583,0.121,-0.766,-16.418,-1.282,-28.931,-179.907,60.732,-29.526
-0.676,0.225,-0.907,-11.597,5.371,-12.085,179.918,60.892,-28.51
-0.636,0.238,-0.907,8.179,-10.559,-7.446,179.868,60.815,-28.306
-0.841,0.093,-1.066,19.165,-10.01,0.244,-179.533,61.578,-28.372
-0.754,-0.017,-0.995,15.198,-2.197,2.747,-179.022,61.826,-28.801
-0.473,-0.118,-0.776,12.146,11.902,-1.77,-178.445,61.567,-28.9
-0.404,-0.166,-0.704,12.268,-7.69,-13.245,-177.556,61.37,-28.356
-0.531,-0.189,-0.752,8.179,9.888,-7.751,-176.402,61.331,-27.301
-0.372,-0.181,-0.706,2.747,19.958,13.184,-176.122,60.309,-27.345
-0.317,-0.126,-0.677,-5.005,4.578,21.118,-176.622,59.595,-28.114
-0.461,-0.06,-0.668,-4.944,-13.55,17.334,-177.237,59.843,-28.795
-0.603,-0.035,-0.679,-1.221,-12.329,14.832,-177.687,60.469,-29.41
-0.673,-0.046,-0.738,3.296,-3.052,15.198,-177.946,60.771,-30.13
-0.604,-0.07,-0.732,4.395,5.249,17.761,-178.171,60.716,-31.025
-0.605,-0.084,-0.76,1.77,-4.272,24.17,-178.577,60.765,-32.173
-0.581,-0.05,-0.769,0.244,-9.644,29.175,-179.352,61.117,-33.679
-0.64,-0.046,-0.868,-1.404,-13.55,34.729,179.67,61.727,-35.453
-0.665,-0.008,-0.977,2.502,-4.944,30.151,178.544,62.1,-37.381
-0.697,-0.048,-1.003,2.625,-2.319,16.418,178.116,62.353,-38.524
-0.866,0.08,-1.085,-4.089,-10.864,12.268,177.539,62.556,-39.293
-0.635,0.148,-0.893,-1.587,12.695,-5.432,177.341,62.369,-39.359
-0.45,0.172,-0.758,-9.766,7.874,-7.568,177.556,61.776,-38.622
-0.558,0.258,-0.731,-14.038,-1.282,-2.38,176.902,61.661,-38.452
-0.565,0.227,-0.682,-15.686,14.709,-18.616,176.49,61.249,-37.82
-0.498,0.216,-0.604,-16.418,23.01,-31.799,176.462,60.408,-36.348
-0.459,0.167,-0.569,-14.954,22.4,-43.03,176.88,59.496,-34.217
-0.484,0.173,-0.6,-12.695,25.208,-44.312,177.435,58.7,-31.91
-0.443,0.127,-0.645,-11.108,16.846,-42.969,178.088,57.876,-29.658
-0.566,0.052,-0.752,-10.498,8.85,-45.593,178.77,57.656,-27.416
-0.587,-0.129,-0.755,-28.076,6.958,-46.875,179.253,57.486,-24.917
-0.538,0.026,-0.719,-65.186,4.883,-47.363,178.286,57.464,-22.154
-0.51,0.226,-0.685,-39.307,-3.662,-33.447,176.946,57.75,-19.968
-0.714,0.279,-0.811,-14.16,-16.724,-30.701,176.446,58.552,-18.616
-0.73,0.308,-0.966,13.123,-4.761,-11.536,177.1,59.315,-17.617
-0.729,0.236,-1.02,34.485,-9.827,46.753,177.49,59.875,-19.171
-0.672,0.2,-1.077,51.208,-10.742,54.749,177.198,59.914,-23.093
-0.842,-0.068,-1.085,46.387,-28.564,31.311,178.083,60.914,-25.9
-0.676,-0.074,-0.938,22.583,-0.671,28.198,178.489,61.507,-27.872
-0.425,-0.145,-0.778,15.442,1.892,11.658,178.764,61.238,-29.009
-0.378,-0.193,-0.683,5.493,-5.188,-1.465,179.357,61.265,-28.943
-0.542,-0.123,-0.748,-6.47,13.184,11.902,179.44,61.024,-28.801
-0.332,-0.059,-0.683,-8.484,31.128,29.602,178.528,59.513,-29.85
-0.326,0.009,-0.652,-13.611,5.371,24.231,177.413,58.447,-30.987
-0.502,0.072,-0.689,-9.888,-7.69,14.282,176.462,58.502,-31.767
-0.579,0.069,-0.709,-5.554,-3.113,7.568,175.974,58.656,-32.184
-0.593,0.087,-0.762,-4.639,-0.549,7.507,175.562,58.738,-32.629
-0.581,0.075,-0.738,-2.502,-2.93,-1.16,175.386,58.87,-32.822
-0.581,0.036,-0.731,-2.747,-10.315,-7.874,175.485,59.337,-32.613
-0.667,-0.008,-0.795,-6.775,-15.686,-16.052,175.704,60.238,-31.976
-0.613,0.014,-0.765,-13.733,-19.226,-15.198,175.792,61.095,-31.168
-0.916,0.027,-0.942,-18.188,-22.461,-32.349,175.968,62.479,-29.877
-0.873,0.096,-1.014,-32.654,5.859,-50.232,176.479,63.012,-27.334
-0.743,0.124,-0.987,-41.199,17.395,-87.83,177.528,62.858,-23.038
-0.466,0.153,-0.827,-64.941,30.273,-121.216,179.072,62.023,-16.512
-0.48,0.239,-0.748,-86.914,17.395,-170.776,-179.506,61.068,-7.74
-0.555,0.13,-0.677,-93.201,22.339,-169.922,-177.764,60.37,2.758
-0.471,0.103,-0.601,-100.647,26.245,-128.479,-177.693,59.106,11.206
-0.482,0.184,-0.59,-89.783,18.616,-94.666,-179.176,58.255,17.034
-0.464,0.162,-0.6,-71.472,15.564,-76.782,179.423,57.711,21.456
-0.539,0.182,-0.657,-55.542,5.92,-67.139,178.391,57.607,25.186
-0.594,0.172,-0.705,-40.283,7.568,-61.279,177.841,57.651,28.422
-0.665,0.078,-0.75,-35.095,4.456,-55.664,177.792,57.838,31.498
-0.622,0.125,-0.697,-36.011,6.348,-49.255,177.572,57.925,34.2
-0.621,0.131,-0.677,-26.672,2.38,-40.527,177.462,58.195,36.425
-0.651,0.193,-0.726,-10.803,11.108,-26.733,177.374,58.228,37.892
-0.553,0.216,-0.749,-6.592,10.376,-9.583,177.556,57.903,38.837
-0.687,0.313,-0.841,22.644,-4.272,2.014,177.523,57.975,38.732
-0.857,0.097,-0.97,51.88,-6.287,-4.578,179.33,58.343,38.842
-0.776,-0.057,-0.905,51.636,14.343,8.179,-178.27,58.53,38.584
-0.376,-0.134,-0.749,39.062,23.01,32.837,-176.803,57.535,36.991
-0.351,-0.112,-0.789,20.691,5.615,37.476,-176.523,57.074,34.629
-0.388,-0.042,-0.823,13.855,8.179,26.245,-176.748,56.64,32.618
-0.433,-0.079,-0.851,6.165,11.23,5.615,-176.567,56.151,31.855
-0.482,-0.099,-0.928,-7.507,17.456,-4.517,-176.501,55.36,31.921
-0.363,0.019,-0.891,-25.146,22.095,-7.263,-177.198,54.113,32.322
-0.332,0.074,-0.815,-22.461,3.418,-16.602,-178.022,53.454,33.118
-0.481,0.095,-0.77,-17.334,-10.376,-34.424,-178.292,53.63,34.777
-0.534,0.037,-0.732,-8.179,3.174,-51.086,-177.638,53.822,37.397
-0.468,-0.04,-0.771,-0.549,17.517,-53.284,-176.451,53.223,40.248
-0.44,-0.156,-0.914,-2.625,8.789,-50.964,-175.089,52.465,43.094
-0.468,-0.237,-0.954,-18.433,-7.324,-42.297,-174.37,52.427,45.538
-0.487,-0.117,-0.956,-35.156,-4.944,-37.17,-174.655,52.734,47.648
-0.503,0.018,-1.017,-25.146,-21.973,-47.607,-174.99,53.102,49.85
-0.529,0.073,-0.911,15.747,-32.593,-48.279,-173.727,54.498,52.976
-0.634,-0.227,-0.866,22.644,-33.508,-18.86,-171.645,55.86,54.921
-0.611,-0.167,-0.786,-22.888,-8.972,-24.658,-170.903,56.97,56.212
-0.415,-0.091,-0.645,-48.706,-10.803,-33.203,-171.722,57.008,57.755
-0.69,-0.01,-0.718,-83.008,-14.771,-58.105,-173.392,57.81,60.403
-0.646,0.283,-0.764,-92.224,25.696,-73.914,-175.721,57.426,64.16
-0.463,0.333,-0.758,-71.472,37.231,-83.313,-177.506,55.854,69.137
-0.375,0.261,-0.786,-56.824,26.001,-70.312,-178.715,54.371,74.339
-0.415,0.177,-0.79,-49.988,8.362,-68.848,-179.703,53.646,79.239
-0.511,0.215,-0.783,-49.988,2.808,-59.937,179.171,53.591,83.749
-0.453,0.208,-0.777,-43.945,6.348,-54.871,178.121,53.448,87.907
-0.519,0.223,-0.817,-33.63,5.92,-49.805,177.336,53.361,91.785
-0.449,0.215,-0.821,-27.954,7.08,-38.757,176.792,53.135,95.213
-0.477,0.244,-0.828,-15.564,-9.155,-25.696,176.292,53.35,97.778
-0.696,0.257,-0.945,1.404,-26.001,-19.043,176.292,54.382,99.794
-0.737,0.12,-0.931,25.574,-15.93,-19.043,177.259,55.75,101.646
-0.678,0.027,-0.991,27.832,4.089,-11.108,178.792,56.168,103.42
-0.266,-0.144,-0.779,23.743,33.203,-3.235,-179.72,55.206,104.672
-0.275,-0.147,-0.787,4.578,-9.46,-3.54,-178.951,54.415,105.161
-0.583,-0.089,-0.849,-9.094,-4.639,-6.47,-178.759,54.959,105.727
-0.496,-0.077,-0.792,-11.963,12.573,-3.845,-178.934,54.635,106.26
-0.472,-0.036,-0.789,-12.878,13.55,-1.404,-179.368,54.02,106.617
-0.49,-0.014,-0.821,-11.963,15.869,5.127,-179.78,53.366,106.919
-0.378,0.002,-0.798,-9.155,8.667,11.292,179.615,52.712,106.716
-0.506,0.024,-0.883,-11.963,-4.15,7.812,178.962,52.778,106.441
-0.414,-0.03,-0.818,-16.846,-5.92,-4.395,178.374,52.987,106.705
-0.504,-0.044,-0.865,-28.076,-12.939,-22.522,177.764,53.696,107.743
-0.512,-0.025,-0.882,-39.551,-17.212,-35.217,177.061,54.487,109.622
-0.719,0.027,-0.934,-47.546,-35.645,-41.626,176.138,56.107,111.918
-0.986,0.167,-1.104,-46.509,-10.437,-36.987,175.067,57.777,114.516
-0.758,0.218,-1.096,-34.058,16.235,-41.443,174.562,57.656,117.515
-0.265,0.29,-0.845,-38.635,21.057,-50.293,174.282,56.92,121.009
-0.42,0.409,-0.779,-49.622,-18.555,-52.673,173.628,57.25,124.525
-0.541,0.562,-0.811,-44.189,4.578,-48.096,172.419,57.953,127.82
-0.466,0.468,-0.775,-24.841,22.583,-42.48,172.035,57.431,131.177
-0.438,0.421,-0.778,-23.682,20.569,-32.593,171.656,56.486,134.0
-0.357,0.397,-0.703,-21.24,15.869,-30.151,171.063,55.679,136.346
-0.416,0.366,-0.69,-16.785,6.409,-39.978,170.667,55.333,138.73
-0.406,0.283,-0.663,-13.794,9.216,-48.157,170.848,55.223,141.757
-0.446,0.199,-0.671,-10.559,4.395,-45.593,171.26,55.261,144.877
-0.442,0.181,-0.68,-11.963,4.272,-41.748,171.601,55.382,147.728
-0.498,0.177,-0.722,-13.489,-8.728,-38.391,171.958,55.898,150.458
-0.533,0.199,-0.753,-10.803,-9.766,-35.339,172.194,56.684,152.875
-0.602,0.239,-0.852,-12.695,-10.803,-29.236,172.31,57.48,155.028
-0.701,0.105,-1.025,-25.146,-11.902,-42.419,172.381,58.282,157.434
-0.866,0.136,-1.046,-63.538,-22.278,-58.411,171.705,59.755,160.873
-0.86,0.381,-1.059,-49.316,17.822,-36.621,170.409,60.331,164.323
-0.374,0.274,-0.792,-21.24,22.827,-1.16,169.464,59.288,165.85
-0.437,0.169,-0.765,10.559,4.272,3.845,169.151,58.672,166.053
-0.348,-0.034,-0.729,10.01,24.414,7.69,169.706,57.739,166.229
-0.279,-0.112,-0.716,-16.235,11.78,4.7,169.711,56.64,166.443
-0.317,0.095,-0.651,-29.175,-2.93,8.362,168.607,56.217,166.503
-0.435,0.197,-0.675,-9.338,-18.066,12.573,167.481,56.486,166.025
-0.585,0.151,-0.723,4.761,-21.301,16.602,167.014,57.217,165.251
-0.608,0.111,-0.736,6.653,-14.771,18.86,166.789,57.892,164.438
-0.645,0.138,-0.775,3.479,-12.207,18.494,166.454,58.332,163.74
-0.603,0.121,-0.741,0.916,-10.803,20.935,166.009,58.744,163.081
-0.534,0.173,-0.729,-1.465,-12.634,28.992,165.201,59.057,162.054
-0.577,0.178,-0.749,2.686,-26.245,33.936,164.163,59.656,160.395
-0.561,0.209,-0.81,4.395,-17.029,41.931,162.944,60.024,158.28
-0.736,0.273,-0.907,8.667,-25.757,40.344,161.774,60.491,155.858
-0.682,0.386,-0.995,12.268,-17.334,25.391,161.125,60.513,154.067
-0.896,0.46,-1.035,15.076,-20.935,-6.47,161.389,61.584,153.49
-0.598,0.354,-0.749,4.333,10.803,-27.161,162.702,61.913,155.11
-0.489,0.468,-0.709,-8.362,5.615,-21.484,163.405,61.776,157.055
-0.49,0.487,-0.693,8.606,19.836,-17.456,163.96,61.518,158.61
-0.36,0.455,-0.643,40.527,16.785,10.803,165.119,60.474,159.296
-0.403,0.316,-0.615,61.951,-3.296,32.104,166.657,59.678,158.0
-0.482,0.203,-0.647,62.195,-6.348,24.536,168.272,59.414,156.121
-0.486,0.067,-0.657,46.326,-8.057,-3.906,170.343,59.496,155.539
-0.542,0.041,-0.686,15.137,-13.0,-28.198,172.139,60.161,156.533
-0.625,0.046,-0.675,-15.137,-17.334,-49.194,173.452,61.249,159.055
-0.638,0.066,-0.664,-38.879,-12.878,-73.547,174.221,62.441,162.966
-0.746,0.083,-0.643,-59.937,-20.02,-108.215,175.243,63.99,168.948
-0.77,0.151,-0.645,-54.26,-11.23,-128.906,177.363,65.528,177.177
-0.746,0.018,-0.661,-39.856,-6.287,-119.324,-179.44,66.478,-174.117
-0.735,0.088,-0.628,-19.531,-6.348,-50.659,-177.429,66.984,-168.431
-0.794,0.125,-0.687,20.264,-14.099,13.184,-177.089,67.544,-167.657
-0.842,-0.047,-0.726,41.138,2.075,37.72,-176.968,68.126,-169.514
-0.728,-0.133,-0.743,33.264,18.311,32.41,-176.913,67.522,-171.678
-0.715,-0.019,-0.798,18.372,12.024,25.146,-177.028,66.879,-173.095
-0.848,-0.064,-0.877,15.869,1.709,11.23,-176.896,66.758,-173.848
-0.978,-0.009,-0.946,11.963,3.418,16.113,-176.852,66.731,-174.265
-0.66,-0.095,-0.789,21.057,41.321,35.461,-177.094,65.715,-175.562
-0.448,-0.213,-0.731,27.71,39.185,42.786,-177.424,63.748,-177.742
-0.36,-0.204,-0.732,19.775,38.513,57.129,-177.929,61.831,179.566
-0.289,-0.141,-0.715,16.296,32.227,59.692,-178.868,59.952,176.248
-0.362,-0.132,-0.711,13.55,16.296,45.41,-179.561,58.519,173.167
-0.454,-0.111,-0.713,9.155,15.625,26.794,-179.747,57.557,171.194
-0.488,-0.096,-0.71,7.507,1.343,16.357,-179.703,57.047,170.079
-0.61,-0.107,-0.774,1.831,-10.132,22.217,-179.67,57.255,169.25
-0.549,-0.06,-0.747,-2.441,-0.61,29.602,179.61,57.535,167.86
-0.553,-0.012,-0.748,-7.202,-3.967,19.47,178.89,57.678,166.888
-0.645,0.024,-0.808,-3.601,-7.446,16.418,178.182,58.052,166.108
-0.617,-0.055,-0.884,3.601,8.606,5.493,178.138,57.936,165.905
-0.641,-0.088,-1.069,1.404,3.845,4.517,178.407,57.717,166.009
-0.706,-0.012,-1.098,-7.385,-3.54,3.784,178.38,57.805,166.025
-0.773,0.181,-1.122,-6.165,10.437,-0.671,178.006,57.777,166.02
-0.291,0.156,-0.82,-12.817,23.682,-7.751,178.033,56.651,166.674
-0.318,0.327,-0.837,-19.653,-1.099,-2.502,177.166,55.986,166.86
-0.439,0.264,-0.809,-4.333,-1.404,-19.897,176.754,56.041,167.289
-0.432,0.219,-0.782,-4.089,10.193,-17.7,176.885,55.822,168.267
-0.375,0.165,-0.716,-1.282,3.845,-14.526,176.995,55.289,169.03
-0.417,0.125,-0.659,-7.202,-4.578,-15.564,176.984,55.366,169.717
-0.48,0.125,-0.647,-6.775,-7.935,-21.179,176.929,55.701,170.667
-0.583,0.143,-0.682,-6.897,-8.057,-15.381,176.913,56.228,171.744
-0.582,0.108,-0.703,-1.831,-2.014,-15.32,177.006,56.585,172.744
-0.651,0.14,-0.756,-1.709,-2.441,-10.193,177.056,57.008,173.606
-0.606,0.157,-0.777,-7.263,5.31,-4.456,177.012,57.036,174.337
-0.596,0.186,-0.79,-8.362,3.418,-10.071,176.677,57.003,174.93
-0.637,0.281,-0.863,-11.963,20.752,-15.259,176.309,56.64,175.935
-0.707,0.194,-0.876,-1.831,15.991,-27.466,176.572,55.931,177.468
-0.789,0.168,-1.083,1.77,33.813,-27.649,177.177,55.031,179.368
-0.458,0.062,-1.026,4.517,31.799,-16.907,177.94,53.405,-179.055
-0.451,-0.031,-0.928,10.193,7.446,-15.137,178.676,52.888,-178.088
-0.294,-0.069,-0.823,13.855,32.166,0.244,179.445,51.866,-177.594
-0.163,-0.099,-0.874,18.555,43.091,11.963,-179.764,49.911,-177.907
-0.078,-0.142,-0.826,13.489,29.175,11.353,-179.033,47.812,-178.759
-0.184,-0.12,-0.828,5.127,8.606,3.967,-178.605,46.73,-179.61
-0.238,-0.095,-0.844,-0.916,1.526,0.854,-178.369,46.165,179.819
-0.317,-0.076,-0.866,-0.61,-0.488,-4.211,-178.209,45.967,179.489
-0.329,-0.073,-0.864,-0.244,-1.709,-4.578,-177.957,45.835,179.506
-0.346,-0.071,-0.869,0.732,-6.897,-1.648,-177.682,45.939,179.522
-0.375,-0.065,-0.853,0.549,-14.709,-3.296,-177.473,46.395,179.533
-0.508,-0.084,-0.872,0.244,-9.338,-12.573,-177.133,47.098,-179.967
-0.421,-0.097,-0.926,-2.075,5.493,-14.282,-176.776,47.082,-179.061
-0.477,-0.116,-1.095,-7.568,10.803,-13.672,-176.512,46.747,-178.061
-0.238,-0.12,-1.045,-9.033,15.381,-11.292,-176.495,45.961,-177.297
-0.474,-0.055,-1.137,-7.751,-10.01,-18.372,-176.495,46.088,-176.583
-0.451,0.017,-1.106,-6.836,14.282,-21.24,-176.391,45.797,-175.556
-0.258,0.124,-0.92,-15.503,17.7,-13.306,-176.589,44.967,-174.666
-0.239,0.226,-0.881,-5.554,1.587,-21.423,-176.962,44.39,-174.023
-0.332,0.092,-0.847,2.747,-0.061,-28.625,-176.66,44.495,-172.815
-0.343,0.022,-0.856,-0.366,9.949,-22.583,-176.325,44.236,-171.617
-0.24,-0.01,-0.821,-4.333,6.592,-13.855,-176.254,43.726,-170.782
-0.316,0.007,-0.817,-5.249,-2.258,-10.376,-176.457,43.638,-170.354
-0.369,0.016,-0.824,-5.615,0.916,-10.376,-176.627,43.704,-169.871
-0.383,-0.027,-0.86,-5.005,4.883,-13.977,-176.743,43.632,-169.25
-0.359,-0.008,-0.904,-10.681,6.409,-10.742,-176.929,43.391,-168.47
-0.333,-0.002,-0.859,-10.986,-1.221,-9.705,-177.281,43.33,-167.844
-0.444,0.058,-0.871,-11.169,-6.775,-3.052,-177.748,43.731,-167.421
-0.354,0.103,-0.838,-7.385,-4.211,0.916,-178.259,44.011,-167.338
-0.39,0.141,-0.865,-4.333,-4.15,9.521,-178.709,44.478,-167.531
-0.415,0.111,-0.907,11.597,-4.517,10.437,-178.901,44.769,-168.212
-0.432,0.059,-1.015,8.972,-1.038,12.695,-178.737,44.945,-168.81
-0.475,-0.005,-1.1,10.498,7.507,6.409,-178.44,44.896,-169.217
-0.455,0.016,-1.16,10.559,14.954,12.146,-178.209,44.39,-169.684
-0.285,-0.049,-1.019,12.573,17.578,18.25,-177.885,43.627,-170.464
-0.205,-0.037,-0.856,8.24,6.836,22.766,-177.797,43.094,-171.694
-0.101,-0.062,-0.827,9.827,19.348,17.456,-177.599,42.325,-172.842
-0.108,-0.072,-0.88,8.789,14.343,14.893,-177.308,41.38,-173.979
-0.055,-0.094,-0.859,7.08,10.559,10.254,-177.028,40.529,-175.089
-0.11,-0.077,-0.909,2.014,2.258,1.953,-176.841,40.001,-175.984
-0.157,-0.099,-0.888,4.578,-5.249,-6.47,-176.55,39.825,-176.369
-0.252,-0.104,-0.891,2.869,-8.24,-1.404,-176.193,39.974,-176.605
-0.28,-0.109,-0.872,5.493,-4.578,1.892,-175.886,40.161,-176.979
-0.311,-0.136,-0.888,5.554,-5.127,-0.854,-175.468,40.342,-177.16
-0.345,-0.16,-0.89,2.014,-0.488,1.038,-175.1,40.496,-177.16
-0.321,-0.144,-0.936,0.366,1.404,2.441,-174.93,40.446,-177.171
-0.308,-0.143,-0.944,-3.601,6.226,5.188,-174.913,40.402,-177.275
-0.196,-0.159,-0.948,-3.784,0.183,-2.075,-174.924,40.21,-177.286
-0.343,-0.132,-1.022,-9.949,-10.01,-0.244,-175.1,40.512,-177.275
-0.215,-0.089,-1.008,-12.207,-4.211,6.531,-175.512,40.671,-177.506
-0.44,-0.073,-1.079,-11.841,-10.01,3.296,-175.93,41.325,-177.759
-0.403,0.013,-1.131,-12.024,9.766,0.488,-176.528,41.105,-177.935
-0.198,0.062,-1.007,-17.639,29.358,-11.963,-177.061,40.199,-177.501
-0.051,0.173,-0.872,-20.996,4.272,-8.24,-177.918,39.166,-177.122
-0.278,0.264,-0.939,-12.634,-0.488,-4.15,-178.863,39.353,-177.144
-0.122,0.171,-0.925,5.676,17.273,-12.207,-179.099,38.644,-176.99
-0.17,0.09,-0.92,5.005,-6.897,-7.996,-178.929,38.419,-176.77
-0.203,0.024,-0.855,2.563,-4.761,-7.019,-178.797,38.633,-176.715
-0.261,0.034,-0.831,-0.671,-10.803,-9.827,-178.819,38.996,-176.583
-0.292,0.031,-0.831,-4.333,-5.432,-7.751,-178.918,39.419,-176.287
-0.303,0.035,-0.856,-4.456,-7.996,-6.47,-179.066,39.76,-175.984
-0.36,0.098,-0.883,-1.587,-2.441,0.061,-179.302,40.111,-175.913
-0.287,0.062,-0.88,5.859,-1.77,-0.061,-179.203,40.193,-175.869
-0.359,0.026,-0.898,6.897,-5.676,1.099,-178.94,40.633,-175.831
-0.276,0.018,-0.904,3.052,2.563,9.155,-178.792,40.699,-175.979
-0.408,0.084,-0.968,8.667,-6.592,15.442,-178.852,41.061,-176.71
-0.323,0.037,-1.025,13.184,-0.122,9.949,-178.517,41.072,-177.281
-0.363,-0.012,-1.021,12.207,-1.465,10.986,-178.061,41.331,-177.731
-0.407,0.016,-1.061,5.798,2.686,16.663,-177.88,41.402,-178.391
-0.267,0.059,-1.028,11.23,12.573,22.034,-177.863,40.968,-179.418
-0.217,0.012,-0.982,9.949,1.892,22.217,-177.649,40.622,179.451
-0.189,-0.027,-0.936,16.113,7.935,14.832,-177.358,40.424,178.325
-0.07,-0.086,-0.925,14.282,9.46,14.404,-176.776,39.853,177.44
-0.119,-0.12,-0.929,11.719,5.249,10.315,-176.276,39.468,176.347
-0.075,-0.13,-0.894,4.333,-0.122,5.798,-175.902,39.045,175.463
-0.147,-0.115,-0.872,-0.244,-5.371,1.953,-175.792,39.029,174.666
-0.199,-0.081,-0.854,-6.958,-11.475,1.892,-175.88,39.227,174.084
-0.274,-0.05,-0.875,-3.723,-7.446,1.221,-176.078,39.589,173.568
-0.295,-0.046,-0.91,-4.028,-3.723,0.0,-176.16,39.787,173.337
-0.258,-0.058,-0.893,-0.122,-3.296,0.183,-176.16,39.853,173.188
-0.292,-0.059,-0.906,-1.343,-3.357,-2.808,-176.105,40.084,173.205
-0.31,-0.079,-0.916,-0.854,-4.028,-3.357,-176.006,40.292,173.375
-0.288,-0.1,-0.938,-1.221,1.77,-2.625,-175.919,40.38,173.535
-0.248,-0.089,-0.992,-3.296,0.916,-1.953,-175.935,40.331,173.573
-0.273,-0.103,-1.004,-3.784,-5.859,-4.944,-175.941,40.512,173.699
-0.312,-0.104,-0.973,-4.578,-18.982,-5.31,-175.979,41.094,173.842
-0.477,-0.099,-1.034,-9.644,-7.751,-3.113,-176.138,41.88,174.073
-0.456,-0.111,-1.079,-8.301,6.47,-5.005,-176.369,41.995,174.43
-0.209,-0.102,-0.959,-12.085,13.306,-9.949,-176.616,41.457,174.968
-0.243,0.076,-0.932,-38.025,-10.498,-1.526,-177.572,41.446,175.353
-0.333,0.293,-0.961,-26.978,3.54,-9.216,-179.258,41.77,175.424
-0.193,0.174,-0.949,-10.315,12.207,-23.865,-179.923,41.248,176.331
-0.153,0.076,-0.889,-12.207,-3.479,-18.799,179.753,41.034,177.292
-0.244,0.106,-0.806,-17.151,-17.639,-9.888,179.11,41.539,177.753
-0.329,0.181,-0.771,-13.367,-11.658,-3.784,178.259,42.248,177.781
-0.335,0.163,-0.78,-8.728,-6.165,-1.953,177.676,42.665,177.841
-0.344,0.149,-0.806,-2.014,-3.723,-6.409,177.325,42.929,178.022
-0.379,0.114,-0.845,-0.305,-0.916,-7.507,177.281,43.16,178.495
-0.376,0.092,-0.859,1.892,2.686,-3.723,177.308,43.226,178.879
-0.366,0.101,-0.846,4.456,-1.221,-0.916,177.413,43.308,179.138
-0.413,0.076,-0.845,6.531,-3.723,-0.244,177.665,43.605,179.341
-0.379,0.13,-0.874,8.423,1.831,6.165,177.863,43.693,179.352
-0.447,0.051,-0.951,14.465,-6.775,-0.916,178.478,44.028,179.506
-0.561,0.107,-1.083,16.174,-9.277,6.104,178.989,44.462,179.451
-0.607,-0.012,-1.182,18.066,16.602,-7.996,179.956,44.698,179.879
-0.281,0.007,-1.098,11.475,22.156,-3.967,-179.253,43.66,-179.44
-0.334,0.029,-1.082,2.319,-3.967,-2.075,-178.852,43.38,-179.187
-0.239,0.082,-1.0,0.977,12.695,-3.54,-178.792,43.215,-179.083
-0.112,0.021,-0.932,2.136,7.996,-15.198,-178.517,42.649,-178.687
-0.098,0.068,-0.95,-0.732,8.789,-9.399,-178.412,42.105,-178.374
-0.035,0.044,-0.91,0.732,4.333,-5.31,-178.336,41.539,-178.418
-0.043,0.036,-0.838,5.676,-11.292,-7.568,-178.22,41.462,-178.731
-0.209,-0.025,-0.828,3.906,-20.142,-12.878,-177.858,42.105,-178.737
-0.296,-0.021,-0.837,3.418,-9.277,-15.442,-177.55,42.567,-178.5
-0.266,-0.057,-0.865,3.113,-1.953,-19.226,-177.067,42.616,-177.814
-0.297,-0.067,-0.867,3.357,-4.333,-15.747,-176.611,42.72,-177.111
-0.293,-0.087,-0.876,1.282,-0.183,-11.658,-176.204,42.72,-176.479
-0.284,-0.1,-0.875,-1.16,-3.906,-7.263,-175.968,42.803,-176.061
-0.32,-0.091,-0.891,-2.93,-7.202,-10.498,-175.875,43.055,-175.655
-0.368,-0.089,-0.905,-9.46,-8.789,-10.559,-175.88,43.418,-175.056
-0.406,-0.027,-0.917,-11.475,-5.92,-15.747,-176.116,43.764,-174.287
-0.403,-0.051,-0.946,-7.629,8.057,-23.926,-176.116,43.797,-173.029
-0.263,0.009,-0.99,-12.39,14.709,-11.963,-176.265,43.149,-171.914
-0.207,0.01,-0.912,-5.249,-5.066,-20.996,-176.446,42.852,-171.172
-0.38,-0.02,-0.922,-6.348,-13.123,-27.771,-176.254,43.341,-169.898
-0.361,-0.018,-0.902,-12.451,7.324,-19.47,-176.259,43.511,-168.585
-0.223,0.074,-0.892,-8.85,4.7,-8.728,-176.655,43.099,-167.871
-0.319,0.022,-0.93,-0.305,-0.488,-17.7,-176.699,43.066,-167.305
-0.281,-0.023,-0.944,-1.099,4.944,-21.79,-176.44,42.847,-166.273
-0.216,-0.04,-0.918,-7.141,-0.366,-17.273,-176.331,42.66,-165.328
-0.33,0.01,-0.935,-6.836,-9.216,-10.803,-176.512,42.962,-164.806
-0.378,0.007,-0.946,-4.761,-1.282,-17.212,-176.572,43.16,-164.163
-0.368,-0.003,-0.951,-4.578,5.737,-17.212,-176.506,43.055,-163.207
-0.257,0.009,-0.942,-2.197,6.165,-18.921,-176.462,42.643,-162.345
