-0.278,-0.032,-0.945,10.193,-3.052,35.645,-176.962,38.364,-22.236
-0.231,-0.022,-0.947,11.475,0.549,32.227,-176.836,38.359,-23.934
-0.217,-0.047,-0.954,10.254,0.977,29.48,-176.611,38.337,-25.378
-0.243,-0.049,-0.933,8.972,-3.418,23.193,-176.429,38.436,-26.625
-0.271,-0.054,-0.944,7.385,0.732,19.958,-176.248,38.546,-27.587
-0.222,-0.07,-0.938,6.409,2.197,17.761,-176.078,38.463,-28.46
-0.278,-0.059,-0.941,3.174,-2.38,12.146,-175.99,38.54,-29.097
-0.24,-0.041,-0.949,2.808,6.409,17.7,-175.984,38.414,-29.784
-0.219,-0.053,-0.927,4.944,0.549,17.7,-175.946,38.315,-30.597
-0.252,-0.03,-0.923,1.77,0.366,20.447,-176.012,38.353,-31.492
-0.27,-0.021,-0.923,2.197,1.587,20.203,-176.1,38.337,-32.415
-0.329,-0.014,-0.966,1.892,3.784,18.799,-176.248,38.287,-33.393
-0.219,-0.01,-0.942,0.671,14.099,11.353,-176.369,37.809,-34.102
-0.158,-0.026,-0.924,0.854,7.568,7.446,-176.418,37.348,-34.492
-0.198,-0.032,-0.97,-0.427,7.935,3.174,-176.462,37.018,-34.645
-0.202,-0.007,-0.975,0.122,1.099,10.437,-176.534,36.793,-34.854
-0.236,-0.008,-0.959,1.282,3.845,12.573,-176.627,36.716,-35.354
-0.166,0.001,-0.951,1.953,3.723,13.367,-176.704,36.48,-35.92
-0.191,-0.01,-0.96,0.977,2.014,11.963,-176.743,36.37,-36.436
-0.178,0.004,-0.964,1.465,-0.366,10.986,-176.83,36.277,-36.92
-0.212,-0.004,-0.958,0.977,-2.563,10.315,-176.88,36.359,-37.348
-0.22,-0.002,-0.959,1.709,-1.526,8.179,-176.924,36.458,-37.722
-0.206,-0.003,-0.942,1.038,-2.136,10.376,-176.962,36.535,-38.101
-0.234,-0.01,-0.95,1.16,-1.16,7.751,-176.995,36.656,-38.447
-0.206,0.005,-0.95,1.221,1.892,5.859,-177.045,36.617,-38.754
-0.228,-0.01,-0.951,0.427,-1.526,5.432,-177.034,36.656,-38.914
-0.195,-0.004,-0.948,0.244,3.906,6.714,-177.105,36.557,-39.188
-0.196,0.017,-0.954,1.831,1.282,6.409,-177.144,36.464,-39.452
-0.203,-0.014,-0.963,1.648,2.319,6.165,-177.111,36.392,-39.71
-0.183,-0.008,-0.961,-0.183,1.099,3.662,-177.133,36.293,-39.82
-0.18,0.006,-0.957,0.0,-0.549,6.348,-177.204,36.271,-40.001
-0.198,0.0,-0.959,0.793,0.977,5.92,-177.237,36.293,-40.215
-0.193,-0.001,-0.954,0.549,-1.648,3.296,-177.259,36.271,-40.342
-0.213,-0.001,-0.957,-0.671,0.549,4.272,-177.303,36.304,-40.452
-0.172,0.011,-0.96,0.977,1.953,5.371,-177.358,36.2,-40.622
-0.17,0.004,-0.962,2.075,-0.366,7.141,-177.352,36.14,-40.875
-0.2,-0.007,-0.96,1.892,-3.052,5.92,-177.308,36.216,-41.078
-0.19,0.017,-0.958,1.709,-1.16,7.385,-177.33,36.293,-41.347
-0.202,-0.007,-0.949,3.235,-3.418,5.798,-177.259,36.387,-41.567
-0.212,-0.005,-0.955,1.343,-0.732,4.456,-177.215,36.48,-41.765
-0.199,0.001,-0.954,1.77,-1.709,4.028,-177.188,36.519,-41.918
-0.213,-0.012,-0.957,1.892,-1.709,4.272,-177.122,36.606,-42.05
-0.198,0.0,-0.952,2.014,-1.953,3.479,-177.094,36.672,-42.198
-0.224,0.0,-0.944,2.625,-3.174,2.808,-177.017,36.821,-42.297
-0.226,-0.016,-0.955,3.906,-0.244,-0.183,-176.863,36.898,-42.297
-0.21,-0.01,-0.954,3.296,0.244,0.549,-176.715,36.903,-42.27
-0.209,-0.034,-0.946,3.906,-2.441,-1.831,-176.506,36.958,-42.155
-0.23,-0.022,-0.953,1.099,0.549,-2.014,-176.391,37.024,-42.006
-0.209,-0.025,-0.947,0.488,-1.587,-3.967,-176.303,37.018,-41.77
-0.219,-0.03,-0.955,0.0,0.122,-3.418,-176.221,37.068,-41.501
-0.199,-0.027,-0.95,-0.61,0.183,-2.441,-176.21,37.046,-41.331
-0.211,-0.017,-0.946,-0.183,-1.892,-2.38,-176.204,37.09,-41.144
-0.235,-0.027,-0.961,-0.427,-0.122,-3.845,-176.177,37.156,-40.952
-0.215,-0.034,-0.946,-0.488,-0.671,-4.517,-176.133,37.156,-40.682
-0.221,-0.029,-0.948,-1.77,1.221,-4.761,-176.133,37.156,-40.402
-0.226,-0.019,-0.945,-1.404,-0.427,-3.235,-176.155,37.145,-40.139
-0.212,-0.014,-0.951,-1.038,3.235,-5.066,-176.182,37.068,-39.93
-0.21,-0.023,-0.958,-0.427,0.427,-4.761,-176.127,37.013,-39.611
-0.214,0.005,-0.95,-0.366,1.892,-5.249,-176.138,36.953,-39.413
-0.232,-0.006,-0.938,-2.93,4.944,-12.085,-176.111,36.788,-38.936
-0.252,-0.024,-0.92,-8.362,11.963,-28.442,-176.199,36.354,-37.881
-0.181,-0.0,-0.939,-14.038,15.442,-37.048,-176.479,35.651,-36.14
-0.146,0.006,-0.991,-10.498,18.433,-29.541,-176.748,34.832,-34.47
-0.058,0.042,-0.982,-4.456,9.521,-13.367,-176.99,34.091,-33.508
-0.112,-0.002,-1.0,5.432,-0.488,-8.911,-176.825,33.92,-32.959
-0.125,-0.047,-0.973,8.667,-8.85,-4.272,-176.424,34.063,-32.596
-0.219,-0.054,-0.941,3.906,-11.719,-4.028,-176.083,34.568,-32.289
-0.241,-0.03,-0.937,2.075,-2.258,-4.395,-175.902,34.904,-31.998
-0.197,-0.044,-0.941,4.395,0.977,-3.479,-175.699,34.931,-31.811
-0.18,-0.066,-0.958,1.282,3.296,-2.563,-175.507,34.838,-31.657
-0.156,-0.047,-0.963,-0.061,1.465,-0.671,-175.446,34.728,-31.542
-0.177,-0.052,-0.96,0.916,-2.136,1.77,-175.402,34.772,-31.547
-0.187,-0.049,-0.964,0.244,-0.977,3.052,-175.353,34.849,-31.597
-0.188,-0.035,-0.951,0.366,-2.258,3.052,-175.369,34.948,-31.756
-0.202,-0.03,-0.953,1.099,0.0,1.831,-175.336,35.035,-31.805
-0.174,-0.042,-0.958,3.357,2.991,3.296,-175.226,34.937,-31.937
-0.173,-0.04,-0.966,5.371,2.197,7.385,-175.056,34.838,-32.195
-0.177,-0.07,-0.958,5.31,-0.122,7.751,-174.825,34.816,-32.58
-0.185,-0.042,-0.956,1.648,0.244,8.85,-174.754,34.849,-32.959
-0.179,-0.034,-0.95,2.502,-0.183,2.502,-174.716,34.854,-33.223
-0.181,-0.051,-0.952,3.662,3.174,2.197,-174.584,34.799,-33.3
-0.15,-0.076,-0.97,2.258,4.395,0.671,-174.419,34.568,-33.305
-0.147,-0.062,-0.966,-0.427,0.305,7.874,-174.402,34.453,-33.497
-0.146,-0.047,-0.957,-0.244,-0.671,7.385,-174.479,34.442,-33.838
-0.18,-0.045,-0.966,0.488,-0.183,6.104,-174.518,34.492,-34.102
-0.153,-0.042,-0.961,-0.305,0.671,1.77,-174.551,34.448,-34.266
-0.178,-0.047,-0.96,0.366,-1.465,0.854,-174.551,34.486,-34.261
-0.164,-0.058,-0.957,0.305,-0.488,-0.977,-174.523,34.497,-34.211
-0.17,-0.045,-0.957,-0.427,-0.549,-2.38,-174.529,34.525,-34.118
-0.177,-0.059,-0.962,0.793,0.0,-2.075,-174.485,34.547,-33.964
-0.15,-0.071,-0.958,-0.916,0.183,-2.38,-174.441,34.492,-33.799
-0.161,-0.054,-0.958,-1.038,-1.648,-1.953,-174.496,34.547,-33.712
-0.181,-0.066,-0.953,-3.235,-2.197,-4.028,-174.534,34.656,-33.431
-0.165,-0.054,-0.966,-3.601,-0.061,-3.052,-174.666,34.656,-33.228
-0.155,-0.037,-0.956,-1.465,-1.16,1.892,-174.781,34.673,-33.179
-0.161,-0.042,-0.966,-0.061,-0.549,2.869,-174.814,34.722,-33.267
-0.172,-0.059,-0.963,-0.122,-4.028,3.845,-174.809,34.832,-33.387
-0.193,-0.043,-0.954,-0.427,-3.479,3.662,-174.869,35.013,-33.558
-0.173,-0.035,-0.944,-0.183,-1.526,-0.122,-174.924,35.09,-33.651
-0.216,-0.023,-0.964,-1.831,-0.671,2.258,-174.974,35.217,-33.64
-0.166,-0.025,-0.951,0.977,-0.854,1.77,-175.029,35.211,-33.761
-0.186,-0.035,-0.956,3.296,-0.305,5.981,-174.985,35.283,-33.948
-0.195,-0.052,-0.953,4.333,-0.61,6.165,-174.858,35.332,-34.244
-0.189,-0.064,-0.961,3.662,3.357,6.409,-174.716,35.288,-34.547
-0.172,-0.068,-0.953,3.54,0.061,7.08,-174.595,35.195,-34.876
-0.204,-0.066,-0.963,1.953,1.892,5.31,-174.507,35.195,-35.178
-0.197,-0.068,-0.958,1.465,1.343,6.348,-174.446,35.129,-35.436
-0.2,-0.058,-0.949,1.831,1.587,9.155,-174.435,35.096,-35.837
-0.186,-0.08,-0.935,5.676,2.319,9.888,-174.315,35.046,-36.315
-0.182,-0.094,-0.947,4.089,2.808,13.977,-174.161,34.969,-36.898
-0.164,-0.09,-0.944,7.08,2.991,16.968,-173.99,34.882,-37.623
-0.197,-0.115,-0.977,13.672,4.822,24.963,-173.589,34.805,-38.633
-0.127,-0.148,-0.984,10.193,7.507,24.963,-173.167,34.53,-39.853
-0.09,-0.115,-0.962,7.324,-3.723,28.198,-172.936,34.541,-41.039
-0.163,-0.122,-0.95,4.578,-9.583,29.846,-172.815,35.002,-42.314
-0.232,-0.109,-0.954,3.723,-7.751,21.118,-172.793,35.513,-43.401
-0.211,-0.11,-0.959,2.808,-1.709,17.09,-172.771,35.799,-44.225
-0.195,-0.124,-0.938,-1.892,-7.202,15.381,-172.809,36.068,-44.868
-0.246,-0.098,-0.939,-0.732,-8.118,17.761,-172.996,36.535,-45.527
-0.266,-0.102,-0.946,-0.488,-3.601,21.851,-173.177,36.936,-46.439
-0.238,-0.113,-0.933,-1.343,-0.916,17.883,-173.342,37.139,-47.318
-0.206,-0.103,-0.929,-4.822,-0.488,15.625,-173.606,37.244,-48.087
-0.254,-0.038,-0.961,-7.141,0.0,17.517,-174.04,37.381,-48.785
-0.233,-0.029,-0.972,-2.686,5.005,12.939,-174.424,37.293,-49.559
-0.182,-0.002,-0.931,-3.662,4.517,10.62,-174.694,37.062,-50.059
-0.238,0.029,-0.921,-2.38,2.136,5.371,-174.946,37.018,-50.493
-0.23,0.028,-0.943,1.099,12.146,-2.869,-175.023,36.656,-50.554
-0.179,0.0,-0.964,-0.977,10.071,-6.165,-175.056,36.112,-50.389
-0.173,0.002,-0.971,-3.357,11.963,-6.348,-175.182,35.546,-50.114
-0.143,-0.004,-0.995,-6.165,9.277,-3.357,-175.457,35.041,-49.971
-0.101,0.011,-0.962,-6.714,3.723,-3.54,-175.825,34.678,-49.807
-0.123,-0.023,-0.955,-4.211,-2.991,-3.113,-176.094,34.656,-49.647
-0.168,-0.024,-0.98,-7.69,-2.991,1.099,-176.385,34.821,-49.466
-0.132,-0.008,-0.949,-7.996,-7.385,9.521,-176.825,34.98,-49.713
-0.227,0.053,-0.963,-7.324,-15.137,15.259,-177.363,35.53,-50.317
-0.257,0.047,-0.959,-3.235,-7.202,16.235,-177.792,36.074,-51.119
-0.224,0.058,-0.917,-4.15,-13.611,15.442,-178.198,36.53,-52.02
-0.316,0.044,-0.915,-2.38,-13.0,6.592,-178.511,37.271,-52.652
-0.324,0.052,-0.917,-4.761,-4.761,3.967,-178.802,37.771,-53.015
-0.366,0.015,-0.927,-5.92,0.61,-6.409,-179.05,38.018,-53.102
-0.304,0.089,-0.947,-8.362,8.85,-3.601,-179.412,37.897,-52.932
-0.308,0.072,-0.906,-4.089,-4.883,0.427,-179.687,37.952,-53.02
-0.383,0.098,-0.905,-3.113,3.479,4.211,-179.962,38.21,-53.339
-0.331,0.073,-0.871,2.991,-0.427,0.427,-179.995,38.221,-53.597
-0.37,0.047,-0.938,4.456,9.583,3.296,-179.874,38.298,-53.849
-0.238,0.026,-1.021,6.165,11.475,3.235,-179.643,37.798,-54.141
-0.21,0.031,-1.088,6.348,7.202,4.7,-179.374,37.513,-54.41
-0.201,0.074,-1.207,1.831,-7.202,5.737,-179.275,37.562,-54.734
-0.336,0.155,-1.323,-2.075,-10.071,16.724,-179.473,38.046,-55.217
-0.155,0.072,-1.173,7.141,-0.488,28.442,-179.692,38.287,-56.459
0.098,-0.014,-0.862,10.986,-24.353,40.588,-179.714,38.425,-58.255
-0.191,-0.086,-0.874,15.808,-27.222,29.846,-179.434,39.842,-59.93
-0.109,-0.107,-0.82,14.954,-9.888,28.198,-178.967,40.221,-61.183
-0.156,-0.111,-0.797,5.554,-16.968,20.874,-178.616,40.66,-62.106
-0.267,-0.038,-0.772,-2.38,-24.78,21.484,-178.693,41.512,-62.853
-0.397,0.016,-0.754,-4.761,-25.391,18.555,-179.028,42.676,-63.666
-0.466,0.11,-0.805,-4.517,-12.024,24.048,-179.599,43.638,-64.698
-0.394,0.049,-0.835,2.808,-0.366,14.954,-179.879,43.945,-65.715
-0.387,0.046,-0.893,2.197,-1.404,11.414,179.934,44.138,-66.445
-0.304,-0.024,-0.948,-2.625,1.038,8.057,179.835,44.193,-66.857
-0.344,-0.02,-0.998,-6.775,-19.897,7.446,179.418,44.753,-67.286
-0.521,-0.035,-1.143,-9.644,-24.292,-9.766,179.165,45.868,-67.061
-1.446,0.013,-2.58,-13.428,-23.865,-16.907,179.022,47.324,-66.193
-0.644,0.185,-1.212,-13.794,14.587,-17.517,178.632,47.642,-65.319
-0.009,0.101,-0.919,-9.888,24.17,-32.166,178.835,46.434,-63.748
-0.348,0.262,-0.889,-16.602,-10.498,-13.855,178.297,46.664,-62.704
-0.337,0.206,-0.851,-7.324,10.925,-23.254,178.017,46.417,-61.842
-0.212,0.12,-0.697,-4.395,4.456,-23.438,178.061,46.055,-60.793
-0.192,0.113,-0.54,-12.451,-20.447,-18.433,177.863,46.461,-59.925
-0.343,0.13,-0.596,-9.521,-24.048,-23.376,177.479,47.653,-59.2
-0.433,0.157,-0.776,-4.578,-4.822,-33.325,177.506,48.56,-58.068
-0.456,0.17,-0.986,-5.249,-5.92,-31.189,177.891,48.922,-56.503
-0.48,0.208,-1.045,-5.676,-10.437,-10.559,177.918,49.411,-55.679
-0.76,0.239,-1.349,-1.526,-5.798,9.949,177.468,49.883,-56.085
-0.525,0.086,-1.154,1.16,11.658,14.648,177.1,49.653,-57.057
-0.177,-0.036,-0.981,10.437,27.771,12.207,177.078,48.499,-57.854
-0.165,-0.114,-0.841,11.414,3.296,2.319,177.605,47.763,-58.019
-0.276,-0.099,-0.765,9.277,1.099,12.085,178.066,47.494,-58.184
-0.305,-0.068,-0.732,4.761,0.549,19.47,178.308,47.291,-58.749
-0.329,-0.014,-0.693,6.653,4.456,26.062,178.281,47.038,-59.799
-0.293,-0.021,-0.713,7.874,-1.77,22.888,178.412,46.824,-60.842
-0.408,0.024,-0.764,6.287,-6.531,30.212,178.325,47.071,-62.15
-0.454,-0.023,-0.823,7.019,-8.301,24.414,178.303,47.318,-63.517
-0.568,-0.019,-0.937,5.737,-7.996,17.639,178.226,47.829,-64.644
-0.652,-0.073,-1.127,4.761,15.503,-0.183,178.544,47.791,-64.995
-0.617,0.049,-1.191,-2.197,23.987,-24.658,178.918,47.043,-64.297
-0.359,0.149,-1.162,-8.911,43.579,-44.312,179.484,45.61,-62.232
0.071,0.203,-0.981,-16.174,34.119,-41.26,179.736,43.517,-59.859
-0.149,0.316,-0.933,-13.184,-2.319,-32.471,179.357,43.028,-58.123
-0.158,0.219,-0.859,-2.136,8.728,-38.452,179.434,42.665,-56.541
-0.162,0.159,-0.747,1.953,-6.531,-38.086,179.714,42.594,-55.003
-0.274,0.116,-0.655,-2.747,-27.1,-33.264,179.978,43.462,-53.608
-0.452,0.035,-0.716,-3.967,-9.583,-37.292,-179.857,44.506,-52.306
-0.28,0.141,-0.803,-11.841,15.137,-43.152,-179.824,44.209,-50.499
-0.275,0.113,-0.99,-3.601,-3.418,-31.006,-179.637,44.077,-48.999
-0.393,0.146,-1.021,-2.014,-13.062,-16.785,-179.55,44.615,-48.197
-0.542,0.2,-1.175,4.517,-12.268,11.047,-179.654,45.28,-48.642
-0.682,0.151,-1.237,23.682,7.385,25.146,-179.583,45.648,-50.323
-0.151,-0.112,-0.989,35.522,29.175,19.836,-178.517,44.407,-51.833
-0.14,-0.195,-0.871,24.719,-17.395,28.442,-177.561,44.017,-53.339
-0.291,-0.247,-0.865,21.179,-0.916,17.761,-176.616,44.621,-54.36
-0.216,-0.19,-0.784,9.094,-8.606,21.667,-176.045,44.555,-55.184
-0.306,-0.146,-0.699,3.723,-15.869,19.958,-175.814,45.143,-55.964
-0.41,-0.089,-0.655,4.028,-19.897,21.545,-175.792,46.082,-56.821
-0.47,-0.072,-0.732,2.38,-3.723,30.884,-175.897,46.774,-58.057
-0.397,-0.119,-0.824,3.296,-0.61,33.997,-176.16,46.983,-59.771
-0.394,-0.143,-0.939,-0.977,-5.981,33.508,-176.671,47.296,-61.606
-0.448,-0.14,-1.008,-12.451,-14.648,26.184,-177.424,47.906,-63.089
-0.565,-0.11,-1.136,-9.033,-6.165,3.906,-178.044,48.466,-63.754
-0.636,-0.064,-1.164,-11.414,-14.526,-27.344,-177.99,49.12,-62.836
-0.58,0.092,-1.128,-15.93,28.381,-24.109,-177.94,48.834,-61.353
-0.061,0.164,-0.955,-19.897,28.076,-13.733,-178.423,47.016,-60.672
-0.265,0.243,-0.86,-22.339,-15.381,-20.691,-179.291,47.131,-60.095
-0.358,0.221,-0.719,-14.038,3.418,-31.433,-179.775,47.291,-59.145
-0.334,0.173,-0.644,-7.507,9.583,-30.64,-179.912,47.01,-58.129
-0.274,0.061,-0.609,-6.897,-3.296,-33.02,-179.747,46.818,-57.085
-0.378,0.077,-0.7,-4.211,-4.15,-29.602,-179.681,47.263,-56.113
-0.418,0.057,-0.816,-10.376,-7.996,-29.419,-179.55,47.664,-55.151
-0.413,0.06,-0.964,-14.587,-9.094,-31.372,-179.599,48.17,-54.031
-0.546,0.188,-1.092,-20.813,-15.259,-22.095,179.852,48.961,-53.152
-0.655,0.212,-1.23,-19.043,-3.601,-13.245,179.198,49.521,-52.646
-0.598,0.164,-1.212,-8.728,12.329,12.39,178.396,49.246,-53.146
-0.339,0.039,-0.992,1.526,17.334,25.146,177.61,48.653,-54.679
-0.157,-0.063,-0.856,12.268,12.268,19.226,177.578,47.461,-56.146
-0.212,-0.097,-0.811,11.658,13.428,12.817,177.995,46.818,-56.992
-0.196,-0.098,-0.722,8.362,2.258,10.925,178.462,46.219,-57.508
-0.296,-0.086,-0.687,2.319,-2.014,8.484,178.709,46.11,-57.953
-0.328,-0.042,-0.637,-2.563,-13.855,8.301,178.775,46.412,-58.277
-0.521,-0.008,-0.778,-2.441,-17.151,13.855,178.616,47.373,-58.947
-0.464,-0.009,-0.948,1.648,0.244,20.813,178.385,47.659,-60.04
-0.412,-0.028,-1.022,4.15,-4.883,19.592,178.286,47.791,-61.216
-0.464,-0.067,-1.094,8.606,-9.094,11.536,178.473,48.214,-62.073
-0.688,-0.007,-1.337,5.249,-4.272,-15.076,179.028,48.444,-62.067
-0.432,0.056,-1.109,-11.536,25.94,-30.273,179.791,48.049,-60.546
-0.048,0.266,-0.935,-21.79,22.644,-17.517,179.401,46.478,-59.398
-0.335,0.284,-0.874,-13.611,-7.812,-27.1,178.885,46.445,-58.519
-0.305,0.238,-0.753,-3.784,14.404,-35.583,178.863,46.165,-57.277
-0.283,0.124,-0.654,0.732,5.615,-35.4,179.242,45.753,-55.959
-0.327,0.061,-0.598,-1.465,-0.977,-35.522,179.67,45.769,-54.641
-0.335,-0.0,-0.648,-5.554,0.549,-36.255,-179.934,45.961,-53.229
-0.376,0.097,-0.766,-11.78,-1.038,-34.18,-179.929,46.181,-51.866
-0.422,0.071,-0.926,-13.062,-9.033,-39.856,-179.764,46.56,-50.186
-0.492,0.17,-1.101,-18.494,-2.93,-30.396,-179.989,47.126,-48.691
-0.379,0.217,-1.131,-19.714,-4.578,-6.775,179.253,47.23,-48.235
-0.62,0.212,-1.207,-5.127,-21.484,2.625,178.385,48.137,-48.768
-0.682,0.039,-1.142,8.728,7.812,9.094,178.325,48.571,-49.466
-0.126,-0.055,-0.809,15.076,24.536,23.376,178.544,47.34,-50.614
-0.314,-0.128,-0.847,22.339,3.784,15.32,179.143,46.879,-51.729
-0.193,-0.184,-0.776,12.817,23.865,21.057,179.874,45.824,-52.482
-0.179,-0.111,-0.732,1.77,7.751,30.762,179.907,44.978,-53.701
-0.165,-0.071,-0.759,2.991,-5.798,21.484,179.841,44.824,-54.789
-0.203,-0.024,-0.735,4.089,-33.691,22.522,179.863,45.544,-55.629
-0.468,-0.023,-0.859,4.15,-34.79,36.804,179.676,47.252,-57.052
-0.486,0.013,-0.972,5.737,-15.808,46.143,179.154,48.279,-59.249
-0.447,-0.027,-0.968,15.32,-14.038,33.447,178.918,48.944,-61.408
-0.528,0.0,-1.141,13.977,-2.625,17.029,179.143,49.224,-62.737
-0.703,0.001,-1.154,9.521,-4.456,-15.076,179.951,49.526,-62.633
-0.475,0.158,-0.992,-10.01,31.555,-8.301,-179.736,48.911,-61.705
-0.16,0.238,-0.946,-19.287,10.376,-7.629,179.643,47.686,-61.243
-0.4,0.295,-0.817,-24.17,6.165,-23.376,178.709,47.708,-60.529
-0.289,0.294,-0.727,-14.221,20.325,-44.556,178.297,46.901,-58.815
-0.294,0.174,-0.709,-7.202,15.93,-54.321,178.555,46.274,-56.442
-0.251,0.096,-0.638,-6.775,3.967,-48.767,178.962,46.011,-54.014
-0.32,0.055,-0.685,-5.981,-4.272,-43.762,179.258,46.23,-51.96
-0.484,0.057,-0.901,-9.888,-2.136,-37.903,179.489,46.653,-49.999
-0.404,0.09,-0.956,-12.146,-4.028,-28.809,179.495,46.78,-48.417
-0.507,0.178,-1.067,-13.489,-7.507,-10.071,179.028,47.34,-47.642
-0.586,0.251,-1.319,-12.817,-6.409,12.573,178.182,47.565,-47.84
-0.559,0.115,-1.229,8.24,12.024,12.024,177.66,47.769,-48.691
-0.105,-0.017,-0.9,13.184,19.165,24.292,177.852,46.741,-49.477
-0.271,-0.06,-0.92,19.226,7.263,34.973,178.0,46.038,-50.955
-0.155,-0.114,-0.882,16.785,30.212,32.227,178.44,44.742,-52.344
-0.038,-0.118,-0.742,7.324,9.033,31.616,178.759,43.456,-53.432
-0.188,-0.031,-0.713,-2.38,-15.137,34.912,178.489,43.38,-54.684
-0.267,0.025,-0.703,2.625,-13.0,33.386,178.138,43.841,-55.981
-0.342,0.063,-0.731,3.296,-24.414,41.992,177.797,44.577,-57.64
-0.476,0.105,-0.875,9.583,-17.273,42.175,177.38,45.406,-59.722
-0.452,0.038,-0.929,14.282,-12.695,28.992,177.352,46.038,-61.43
-0.474,-0.039,-1.002,12.634,-10.681,13.855,177.72,46.626,-62.232
-0.434,-0.07,-1.047,12.207,0.305,1.221,178.259,46.901,-62.342
-0.682,-0.105,-1.26,7.385,-22.156,-27.527,179.269,47.527,-61.172
-0.713,0.019,-1.214,-17.639,16.235,-33.325,179.841,48.032,-59.002
-0.049,0.186,-0.921,-36.438,41.565,-30.945,179.302,46.214,-56.909
-0.182,0.36,-0.852,-38.33,-5.066,-24.292,177.858,45.615,-55.168
-0.239,0.325,-0.818,-14.954,10.925,-30.945,176.847,45.478,-53.652
-0.153,0.216,-0.699,-7.08,-3.357,-30.945,176.688,45.225,-51.932
-0.316,0.172,-0.688,-5.188,-20.935,-32.166,176.677,45.939,-50.339
-0.415,0.126,-0.678,-5.188,-12.634,-41.687,176.83,46.851,-48.516
-0.479,0.085,-0.729,-8.301,-7.629,-51.208,177.231,47.626,-46.077
-0.452,0.085,-0.786,-15.686,-5.005,-48.767,177.599,48.224,-43.38
-0.436,0.171,-0.871,-15.381,-8.057,-42.725,177.649,48.867,-40.979
-0.45,0.192,-0.912,-11.841,-19.775,-34.729,177.731,49.823,-38.914
-0.533,0.242,-1.08,-8.362,-11.108,-12.634,177.512,50.718,-37.837
-0.665,0.197,-1.16,-2.93,-26.428,-2.319,177.149,51.861,-37.678
-0.857,0.111,-1.229,8.789,-0.427,-3.357,177.144,52.559,-37.639
-0.272,0.012,-0.89,3.296,22.522,5.066,177.347,51.702,-37.551
-0.278,-0.052,-0.909,9.949,4.822,-13.245,177.808,51.136,-37.09
-0.215,-0.085,-0.834,2.014,21.118,-17.456,178.72,50.317,-35.563
-0.204,-0.054,-0.728,-4.272,5.432,-3.784,178.984,49.581,-34.618
-0.384,-0.007,-0.698,-9.216,0.916,-13.794,178.984,49.351,-33.723
-0.434,0.019,-0.69,-11.353,14.16,-18.738,179.039,49.005,-32.399
-0.393,-0.0,-0.729,-10.071,6.653,-28.931,179.149,48.527,-30.866
-0.505,-0.029,-0.787,-11.475,7.141,-35.889,179.456,48.466,-28.878
-0.448,-0.063,-0.785,-16.968,12.817,-40.344,179.714,48.181,-26.669
-0.403,-0.085,-0.855,-23.132,10.193,-50.537,179.879,47.867,-24.06
-0.357,-0.052,-0.906,-25.024,1.77,-50.659,179.934,47.834,-21.083
-0.436,-0.089,-0.974,-24.78,-5.432,-48.462,-179.973,48.175,-18.144
-0.734,-0.012,-1.221,-24.475,2.441,-60.242,-179.995,48.466,-15.211
-0.664,0.006,-1.278,-46.265,40.894,-86.731,-179.874,47.455,-10.827
-0.146,0.228,-0.95,-54.077,43.823,-81.055,179.302,45.516,-6.092
-0.059,0.349,-0.871,-42.48,-7.935,-63.599,178.204,44.808,-2.109
-0.439,0.381,-0.84,-33.63,-2.869,-33.936,177.012,45.621,0.445
-0.251,0.322,-0.765,-9.583,14.832,-31.006,176.385,45.038,2.263
-0.288,0.227,-0.76,-1.709,0.61,-24.963,176.32,44.819,3.9
-0.309,0.142,-0.711,4.395,-9.583,-22.827,176.534,45.154,5.257
-0.399,0.087,-0.681,2.747,-26.245,-21.79,176.83,46.258,6.389
-0.583,0.109,-0.703,-6.409,-12.573,-21.423,176.907,47.582,7.366
-0.464,0.174,-0.79,-8.85,7.141,-22.949,176.841,47.95,8.361
-0.413,0.21,-0.862,-4.333,12.634,-26.672,176.885,47.752,9.536
-0.282,0.208,-0.827,-5.249,-10.071,-23.865,177.078,47.823,10.915
-0.47,0.31,-0.892,-4.7,-27.405,-8.667,176.781,49.005,11.624
-0.692,0.215,-1.032,12.085,-27.832,-26.001,176.929,50.438,12.321
-0.565,0.112,-0.975,2.38,-2.563,-7.446,177.632,51.372,13.403
-0.289,0.108,-0.835,16.357,16.357,2.258,177.83,50.977,13.288
-0.247,-0.041,-0.835,27.588,-8.423,-22.766,179.165,50.718,14.03
-0.395,-0.12,-0.901,11.78,-0.122,-17.7,-179.368,50.977,15.408
-0.323,-0.109,-0.855,-2.38,-8.667,-20.447,-178.698,51.048,16.567
-0.443,-0.055,-0.801,-18.616,-18.494,-22.278,-178.665,51.751,17.93
-0.506,0.01,-0.806,-23.071,-12.146,-33.203,-178.962,52.476,19.528
-0.525,-0.031,-0.795,-24.902,-6.958,-48.279,-178.885,52.976,21.956
-0.457,-0.065,-0.776,-37.903,-5.188,-56.335,-178.945,53.311,24.911
-0.539,-0.036,-0.819,-42.786,-10.01,-63.477,-179.187,53.932,28.356
-0.493,-0.051,-0.805,-43.518,0.305,-58.899,-179.451,54.25,31.789
-0.586,-0.045,-0.907,-46.387,2.075,-67.078,-179.742,54.437,35.288
-0.639,0.04,-1.033,-46.021,10.254,-78.918,-179.863,54.283,39.364
-0.658,0.152,-0.974,-46.936,15.442,-96.252,-179.5,54.08,44.407
-0.241,0.203,-0.763,-54.382,19.287,-80.017,-179.604,53.163,49.526
-0.466,0.168,-0.718,-50.11,-33.264,-83.923,179.819,53.822,54.24
-0.695,0.228,-0.77,-61.035,-4.517,-78.369,179.05,55.146,59.112
-0.494,0.257,-0.737,-59.082,14.404,-75.256,178.127,55.124,63.951
-0.48,0.304,-0.795,-48.096,8.301,-72.449,177.253,54.811,68.719
-0.505,0.316,-0.763,-38.635,8.667,-53.345,176.627,54.745,72.966
-0.442,0.38,-0.725,-16.541,-4.089,-32.41,176.045,54.745,75.932
-0.604,0.32,-0.739,5.188,-12.329,-15.564,176.111,55.448,77.855
-0.496,0.351,-0.76,20.569,-7.69,0.549,176.44,55.695,78.915
-0.535,0.233,-0.799,28.687,-10.193,18.066,176.979,56.151,79.03
-0.406,0.272,-0.822,28.198,-17.883,29.907,176.924,56.481,77.948
-0.813,0.14,-1.0,32.959,-45.105,7.446,177.556,58.101,77.432
-0.821,-0.037,-0.963,20.325,-15.747,-3.296,178.594,59.584,77.805
-0.427,-0.11,-0.801,14.16,26.123,-15.137,179.588,59.271,78.75
-0.378,-0.129,-0.788,2.502,-2.869,-14.832,-179.385,58.425,79.964
-0.622,-0.056,-0.846,1.77,2.625,-13.855,-178.709,58.656,81.035
-0.498,-0.102,-0.785,0.183,8.24,-10.315,-178.05,58.195,81.931
-0.495,0.003,-0.736,-9.155,-3.906,-9.033,-177.924,58.041,82.606
-0.606,-0.05,-0.783,-7.446,-1.404,-22.217,-177.589,58.315,83.771
-0.583,-0.045,-0.806,-9.827,12.695,-22.888,-177.242,58.035,85.265
-0.517,-0.108,-0.8,-15.625,9.827,-24.353,-176.957,57.464,86.869
-0.537,-0.125,-0.82,-20.081,5.676,-18.921,-177.023,57.151,88.319
-0.586,-0.123,-0.9,-19.653,6.531,-13.855,-177.341,56.915,89.412
-0.619,-0.167,-0.982,-22.095,2.197,-18.677,-177.665,56.689,90.445
-0.849,-0.083,-1.11,-38.208,-16.846,-34.363,-178.149,57.222,92.181
-0.633,0.016,-1.024,-47.241,28.259,-66.101,-178.511,57.03,95.471
-0.198,0.142,-0.886,-69.946,28.076,-74.463,-179.011,55.36,100.168
-0.353,0.414,-0.827,-64.27,2.258,-73.425,179.462,55.052,104.628
-0.407,0.324,-0.778,-38.208,18.494,-88.013,179.396,54.377,109.973
-0.307,0.196,-0.698,-26.611,16.418,-86.914,179.989,53.569,115.505
-0.371,0.024,-0.633,-41.443,-5.066,-85.327,-179.583,53.273,120.817
-0.435,0.112,-0.656,-49.805,-2.808,-85.632,-179.824,53.591,126.2
-0.46,0.082,-0.788,-43.213,-1.465,-79.529,179.978,53.833,131.462
-0.54,0.151,-0.93,-41.931,-1.831,-63.538,179.637,54.097,136.055
-0.445,0.159,-0.942,-34.363,-6.958,-56.58,179.357,54.333,140.048
-0.589,0.263,-1.097,-28.259,-15.869,-32.837,178.808,55.025,143.02
-0.857,0.238,-1.253,-19.714,-20.203,-12.024,178.094,55.854,144.706
-0.63,0.07,-1.039,-4.761,6.042,-3.479,177.495,56.266,145.536
-0.256,-0.05,-0.797,-2.441,14.709,2.991,177.369,55.514,146.173
-0.458,-0.077,-0.832,5.188,10.986,-1.587,177.451,55.08,146.596
-0.277,-0.124,-0.731,0.549,25.879,1.343,177.852,53.828,147.206
-0.223,-0.1,-0.663,-6.958,2.991,9.277,177.792,53.026,147.316
-0.416,-0.039,-0.67,-8.179,-12.878,10.315,177.336,53.339,147.025
-0.435,-0.014,-0.679,-7.935,-9.888,13.184,176.94,53.712,146.821
-0.519,0.025,-0.757,-4.944,-14.038,20.691,176.298,54.338,146.239
-0.476,0.028,-0.856,-0.427,-18.433,21.362,175.77,54.992,145.558
-0.474,0.111,-0.984,5.676,-25.757,34.546,175.182,56.069,144.294
-0.68,0.161,-1.018,71.472,-45.898,58.167,175.49,57.821,141.465
-0.965,-0.192,-1.06,54.626,-33.813,31.86,177.308,59.464,138.774
-0.831,0.012,-1.043,10.925,10.315,-9.033,178.594,60.002,138.713
-0.305,0.162,-0.758,-9.155,24.902,-6.592,179.028,58.958,139.774
-0.524,0.312,-0.805,-16.357,-13.611,-11.719,178.555,58.887,140.592
-0.493,0.27,-0.69,-6.409,17.639,-34.485,178.555,58.694,142.24
-0.423,0.161,-0.618,-7.812,13.611,-38.635,179.231,57.997,144.844
-0.371,0.105,-0.56,-12.329,-4.028,-38.391,179.714,57.722,147.464
-0.512,0.097,-0.593,-12.39,-3.052,-25.879,179.742,58.123,149.529
-0.556,0.076,-0.66,-13.916,-1.282,-32.104,179.846,58.288,151.633
-0.635,0.059,-0.739,-12.39,0.061,-31.677,-179.907,58.502,153.979
-0.604,0.091,-0.866,-14.832,0.61,-24.78,-179.901,58.513,155.973
-0.64,0.161,-0.956,-16.846,-3.174,-17.944,179.945,58.793,157.665
-0.815,0.228,-1.149,-5.981,-5.798,-1.526,179.473,59.068,158.434
-0.94,0.073,-1.118,12.695,3.418,2.563,179.473,59.453,158.582
-0.447,-0.107,-0.824,21.79,39.368,12.939,-179.896,58.118,158.593
-0.253,-0.176,-0.802,21.79,16.357,27.161,-179.489,56.585,157.577
-0.361,-0.202,-0.734,13.184,19.531,32.227,-179.171,55.745,156.204
-0.261,-0.139,-0.662,9.277,13.733,36.987,-179.44,54.679,154.281
-0.36,-0.084,-0.662,6.287,-1.648,35.645,-179.758,54.229,152.298
-0.452,-0.051,-0.672,10.254,-4.272,35.217,179.984,54.245,150.419
-0.569,-0.05,-0.758,14.282,-5.005,37.109,179.808,54.487,148.552
-0.585,-0.085,-0.865,14.465,0.0,39.185,179.681,54.575,146.673
-0.53,-0.115,-0.89,13.0,-4.883,37.659,179.484,54.63,144.695
-0.55,-0.148,-0.955,9.155,-7.507,28.931,179.335,54.965,142.905
-0.832,-0.018,-1.296,-0.671,-6.409,14.893,179.138,55.19,141.691
-0.655,0.039,-1.172,-1.892,11.536,-12.451,179.506,55.146,142.059
-0.249,0.146,-0.844,-14.893,21.301,-11.841,179.544,54.174,142.971
-0.375,0.295,-0.846,-22.095,-19.287,-11.292,178.813,54.212,143.542
-0.489,0.292,-0.734,-13.367,0.671,-23.804,178.27,54.641,144.531
-0.481,0.234,-0.663,-9.583,5.31,-29.48,178.286,54.454,146.261
-0.401,0.178,-0.58,-7.69,18.921,-31.799,178.418,53.882,148.211
-0.409,0.131,-0.588,-7.568,12.451,-38.391,178.748,53.328,150.524
-0.407,0.017,-0.656,-10.803,11.658,-63.904,179.341,52.872,153.523
-0.531,0.014,-0.811,-32.349,1.892,-70.129,-179.995,52.883,157.791
-0.628,0.117,-0.988,-35.217,10.681,-60.181,179.857,52.888,161.724
-0.521,0.208,-1.083,-28.687,15.808,-32.532,179.462,52.388,164.784
-0.559,0.253,-1.236,-14.404,1.282,4.333,178.566,52.031,165.663
-0.64,0.165,-1.191,4.211,0.122,18.799,177.764,52.158,164.993
-0.312,0.017,-0.869,20.996,10.498,17.029,177.753,51.691,164.059
-0.36,-0.157,-0.814,31.616,3.052,-4.517,178.934,51.339,163.757
-0.261,-0.213,-0.761,16.663,22.827,13.428,-179.703,50.559,163.812
-0.148,-0.123,-0.699,5.432,12.451,44.434,-179.791,49.466,161.922
-0.227,-0.056,-0.681,3.174,-0.671,45.41,179.615,48.961,159.142
-0.354,-0.02,-0.732,7.812,-14.771,37.415,179.16,49.186,156.616
-0.431,-0.045,-0.752,8.972,-13.55,30.884,179.072,49.686,154.715
-0.498,-0.066,-0.863,10.071,-11.292,31.799,179.017,50.262,153.083
-0.461,-0.087,-0.927,7.385,-11.414,34.79,178.846,50.729,151.348
-0.463,-0.058,-0.942,5.859,-20.813,33.813,178.484,51.465,149.403
-0.686,-0.021,-1.175,10.01,-16.113,18.677,178.407,52.317,147.909
-0.615,0.012,-1.168,7.202,-3.174,-16.113,179.028,52.822,148.008
-0.384,0.106,-0.908,-7.69,2.136,-19.226,179.681,52.932,149.227
-0.431,0.196,-0.845,-21.362,-10.01,-14.832,179.451,52.96,150.244
-0.425,0.238,-0.774,-23.682,14.221,-22.4,178.632,52.96,151.282
-0.299,0.262,-0.694,-20.996,7.446,-26.917,178.039,52.361,152.941
-0.373,0.204,-0.639,-10.925,-2.991,-31.738,177.748,52.339,154.693
-0.425,0.154,-0.61,-8.667,1.831,-32.837,177.808,52.52,156.687
-0.421,0.112,-0.645,-9.766,-1.587,-33.63,177.984,52.614,158.835
-0.52,0.104,-0.803,-13.794,-5.188,-38.025,178.088,53.047,161.169
-0.585,0.138,-0.937,-17.883,-5.981,-43.823,178.22,53.525,163.9
-0.621,0.185,-1.02,-19.47,-4.7,-28.32,178.143,54.003,166.344
-0.719,0.272,-1.185,-11.597,0.793,1.709,177.418,54.196,167.212
-0.609,0.179,-1.116,2.869,9.277,14.526,176.732,53.899,166.838
-0.287,0.02,-0.867,12.451,4.456,7.141,176.797,53.416,166.575
-0.375,-0.084,-0.72,14.404,-13.306,-0.183,177.38,53.723,166.558
-0.428,-0.131,-0.722,11.658,7.996,7.08,178.05,53.701,166.619
-0.326,-0.137,-0.713,3.235,16.907,21.912,178.198,52.905,166.08
-0.28,-0.045,-0.68,-2.625,-0.793,21.606,177.825,52.273,165.064
-0.459,-0.045,-0.7,-0.61,-11.902,13.733,177.572,52.614,164.328
-0.546,-0.015,-0.757,-2.441,-6.836,20.508,177.27,53.047,163.85
-0.524,-0.005,-0.838,0.61,1.953,24.78,176.841,53.163,163.262
-0.507,0.001,-0.956,5.432,-3.418,32.166,176.413,53.135,162.307
-0.499,-0.007,-1.024,8.728,-8.545,30.762,176.05,53.328,160.933
-0.51,-0.007,-1.169,7.446,-9.705,11.841,176.127,53.542,160.01
-0.686,0.099,-1.145,-0.427,-23.254,-15.808,176.44,54.569,160.236
-0.505,0.185,-0.953,-3.174,10.803,-19.958,176.984,54.877,161.642
-0.268,0.229,-0.805,-7.263,-10.315,-11.841,177.171,54.547,162.746
-0.545,0.279,-0.77,-9.888,-16.113,-9.888,176.759,55.563,163.251
-0.477,0.208,-0.692,-2.014,13.55,-28.564,177.001,55.399,164.74
-0.319,0.187,-0.627,-0.305,11.169,-34.119,177.578,54.767,166.904
-0.429,0.107,-0.63,-0.793,-3.052,-34.302,178.336,54.805,169.129
-0.515,0.076,-0.687,-4.7,8.789,-38.513,178.945,54.756,171.53
-0.502,0.046,-0.736,-6.348,3.662,-42.725,179.725,54.553,174.424
-0.522,-0.005,-0.777,-5.798,2.991,-41.443,-179.511,54.673,177.325
-0.559,0.025,-0.879,-9.583,-10.803,-33.936,-178.945,54.943,179.984
-0.494,0.056,-0.899,-11.902,-10.498,-27.466,-178.599,55.497,-177.753
-0.728,0.145,-1.082,-21.362,-17.822,-4.395,-178.967,56.393,-176.364
-0.712,0.293,-1.159,-9.766,-4.944,6.897,179.769,56.766,-176.369
-0.711,0.061,-0.987,14.709,-32.959,-9.216,-179.978,57.728,-175.875
-0.586,-0.037,-0.68,20.081,-9.521,15.625,-179.434,59.008,-175.814
-0.49,-0.116,-0.694,31.799,9.583,12.268,-178.764,58.854,-176.309
-0.384,-0.219,-0.716,25.452,29.236,24.963,-177.687,57.909,-176.561
-0.294,-0.251,-0.683,14.404,15.808,46.814,-177.77,56.794,-178.182
-0.366,-0.197,-0.671,-3.54,-3.418,51.147,-178.759,56.47,179.588
-0.509,-0.052,-0.712,-12.939,-6.348,51.514,179.61,56.783,177.413
-0.565,0.111,-0.78,-5.127,-0.549,50.903,177.83,56.81,175.204
-0.51,0.089,-0.765,15.259,6.47,33.325,177.1,56.448,173.535
-0.443,-0.035,-0.817,19.531,-8.362,26.184,177.358,56.415,172.601
-0.569,-0.09,-0.81,13.123,-26.062,26.855,177.363,57.393,171.447
-0.661,-0.056,-0.939,10.071,-8.789,30.64,177.171,58.046,170.354
-0.671,-0.077,-0.962,11.169,-21.545,14.221,177.111,58.519,169.387
-0.917,0.085,-1.15,-8.484,-16.663,7.751,177.05,59.453,169.343
-0.716,0.192,-0.962,-14.771,16.235,-16.785,176.71,59.705,170.173
-0.365,0.265,-0.777,-23.438,17.639,-26.672,176.726,58.793,172.277
-0.469,0.317,-0.737,-24.658,-2.075,-29.175,176.193,58.705,174.029
-0.418,0.318,-0.642,-22.034,9.46,-45.288,176.045,58.585,176.418
-0.472,0.208,-0.626,-18.188,8.545,-57.495,176.479,58.376,179.583
-0.44,0.182,-0.599,-22.949,13.611,-60.242,177.072,58.068,-176.704
-0.45,0.179,-0.627,-18.372,2.075,-52.734,177.495,57.892,-173.249
-0.512,0.105,-0.64,-11.841,-1.343,-46.387,178.072,58.063,-170.255
-0.639,0.064,-0.743,-11.475,-0.732,-41.687,178.671,58.486,-167.454
-0.562,0.019,-0.798,-18.433,3.296,-34.607,179.039,58.469,-164.877
-0.58,0.046,-0.842,-27.649,-5.005,-31.006,178.852,58.799,-162.576
-0.682,0.204,-0.936,-33.63,-12.634,-20.569,178.028,59.496,-160.768
-0.758,0.322,-1.096,-23.621,-8.728,-11.902,176.973,59.903,-159.758
-0.938,0.211,-1.108,-6.531,-15.991,-20.203,176.688,60.958,-158.785
-0.691,0.045,-0.923,-1.343,10.681,-11.963,176.951,61.035,-157.632
-0.283,-0.055,-0.723,-4.028,1.648,-6.714,177.089,60.326,-156.819
-0.54,-0.026,-0.715,0.183,7.507,11.414,176.99,60.348,-156.632
-0.404,-0.031,-0.648,1.953,25.635,21.301,176.589,59.216,-157.242
-0.38,-0.055,-0.645,-0.305,23.56,19.836,176.265,57.843,-157.753
-0.358,-0.054,-0.654,-1.648,5.249,21.545,175.809,57.014,-158.307
-0.438,-0.009,-0.681,-4.456,-17.883,23.682,175.237,57.156,-158.989
-0.643,0.053,-0.759,1.77,-25.269,28.198,174.49,58.228,-160.021
-0.624,0.154,-0.854,19.836,-21.973,51.27,173.688,59.073,-161.977
-0.654,0.015,-0.887,30.64,-23.071,46.509,173.348,59.908,-164.707
-0.758,0.039,-0.958,31.25,-15.93,38.513,173.375,60.639,-166.932
-0.844,-0.014,-1.086,28.015,-9.277,12.146,174.183,60.897,-167.811
-0.852,0.11,-1.032,15.991,0.977,-0.854,175.27,61.32,-167.344
-0.449,0.153,-0.765,3.357,27.771,-5.066,175.886,60.485,-166.608
-0.487,0.287,-0.758,-17.883,4.761,-16.541,175.847,59.716,-165.569
-0.509,0.326,-0.68,-19.836,17.761,-50.964,175.946,59.398,-163.284
-0.42,0.235,-0.665,-19.287,21.423,-77.942,177.138,58.672,-159.099
-0.351,0.225,-0.599,-17.639,17.151,-98.572,178.792,58.019,-153.946
-0.554,0.162,-0.658,-14.404,14.099,-127.38,-178.616,57.689,-147.36
-0.602,0.156,-0.677,-14.954,43.518,-132.751,-175.666,56.316,-139.96
-0.536,-0.016,-0.74,-0.122,43.701,-133.24,-172.623,53.893,-132.687
-0.347,-0.23,-0.861,2.197,27.893,-101.379,-169.805,51.614,-126.42
-0.323,-0.321,-0.812,-3.357,-15.259,-56.458,-167.992,50.762,-122.239
-0.528,-0.2,-0.786,-10.01,-36.499,-21.179,-167.327,51.938,-119.844
-0.689,-0.044,-0.892,-9.583,-33.508,6.348,-167.454,53.619,-118.96
-1.078,0.089,-1.224,15.137,-6.531,15.076,-167.932,55.069,-119.63
-0.595,-0.142,-1.119,38.94,51.27,-4.028,-166.767,54.003,-120.163
-0.025,-0.213,-0.977,40.527,53.04,13.55,-165.443,51.356,-121.317
0.038,-0.405,-1.004,30.884,14.771,1.343,-163.982,49.878,-122.415
-0.141,-0.24,-0.788,-13.855,6.409,12.512,-164.108,49.186,-123.173
-0.125,-0.074,-0.778,-1.892,3.906,12.085,-165.02,48.724,-124.519
-0.096,-0.196,-0.72,11.597,-18.494,-12.817,-164.581,48.669,-124.827
-0.288,-0.314,-0.689,14.709,-32.104,-20.386,-163.306,49.444,-123.909
-0.442,-0.349,-0.67,8.484,-30.701,-17.334,-162.103,50.449,-122.574
-0.498,-0.404,-0.698,2.991,-26.062,-24.475,-160.939,51.367,-120.674
-0.5,-0.495,-0.683,-11.414,-27.1,-33.508,-159.873,52.158,-117.966
-0.525,-0.486,-0.656,-34.18,-31.433,-31.189,-159.587,53.119,-114.977
-0.592,-0.428,-0.684,-53.162,-26.367,-27.405,-160.334,54.25,-112.028
-0.641,-0.375,-0.774,-53.955,-4.15,-31.006,-161.741,54.838,-109.468
-0.6,-0.394,-0.875,-54.321,8.911,-38.025,-163.07,54.3,-106.963
-0.606,-0.289,-1.017,-53.589,9.888,-27.466,-164.603,53.58,-104.733
-0.513,-0.117,-0.963,-49.866,8.423,-16.602,-166.388,52.982,-103.392
-0.215,0.114,-0.735,-47.729,10.559,-17.273,-168.371,52.262,-102.656
-0.389,0.148,-0.777,-41.016,-26.611,-35.583,-169.86,52.515,-101.503
-0.645,0.176,-0.812,-49.133,-2.747,-53.589,-171.041,53.207,-99.393
-0.558,0.16,-0.849,-36.743,25.574,-72.571,-171.683,52.141,-96.542
-0.354,0.158,-0.858,-35.217,30.212,-76.843,-172.002,50.433,-93.34
-0.334,0.093,-0.866,-29.297,-2.136,-67.932,-172.233,49.669,-90.363
-0.358,0.12,-0.754,-29.297,-25.085,-43.64,-172.771,50.361,-88.286
-0.619,0.112,-0.729,-15.32,-39.673,-23.01,-173.359,52.191,-87.462
-0.629,0.228,-0.768,-13.306,2.014,-16.235,-173.963,53.207,-87.347
-0.373,0.143,-0.845,-7.812,-0.732,-21.729,-174.111,53.004,-87.105
-0.412,0.171,-1.004,-7.385,-23.254,-15.015,-174.606,53.668,-87.16
-0.777,0.006,-1.076,7.568,-59.998,-16.479,-174.391,55.849,-87.017
-0.587,-0.146,-0.846,24.231,-20.691,-4.883,-173.54,58.002,-87.089
-0.44,-0.293,-0.764,19.47,9.155,11.047,-172.469,58.173,-87.66
-0.518,-0.207,-0.839,2.563,12.207,24.536,-172.65,57.673,-89.154
-0.438,-0.189,-0.872,-10.62,26.062,8.484,-173.232,56.596,-90.302
-0.278,-0.135,-0.863,-26.489,11.536,-9.521,-173.936,55.503,-90.253
-0.323,-0.042,-0.753,-36.56,-24.536,-19.836,-174.897,55.563,-89.363
-0.578,0.003,-0.718,-36.56,-29.724,-29.846,-175.787,56.882,-87.907
-0.586,0.001,-0.685,-30.579,-10.681,-40.1,-176.155,57.656,-85.924
-0.574,-0.04,-0.72,-26.184,-0.671,-42.542,-176.094,57.854,-83.677
-0.557,-0.109,-0.797,-21.545,-1.343,-44.861,-175.765,57.849,-81.332
-0.563,-0.173,-0.895,-24.292,-2.258,-43.579,-175.298,57.843,-78.838
-0.529,-0.219,-0.994,-31.006,-5.371,-40.039,-175.062,57.958,-76.382
-0.525,-0.084,-1.035,-36.56,-27.71,-41.748,-175.342,58.469,-74.064
-0.694,-0.071,-0.948,-36.987,-32.898,-54.871,-174.996,60.101,-70.906
-0.567,0.094,-0.813,-46.57,6.165,-41.26,-175.056,60.65,-68.0
-0.509,0.271,-0.708,-57.129,-25.208,-16.235,-176.896,60.815,-66.995
-0.664,0.326,-0.709,-52.307,-12.329,-32.532,-179.121,61.968,-66.561
-0.573,0.276,-0.638,-39.185,6.775,-55.359,-179.967,62.221,-64.764
-0.591,0.207,-0.669,-25.879,17.7,-59.448,-179.753,61.82,-62.276
-0.554,0.151,-0.708,-21.912,18.066,-48.706,-179.176,61.188,-59.969
-0.535,0.151,-0.692,-18.433,10.559,-33.875,-179.0,60.661,-58.53
-0.572,0.171,-0.709,-15.198,9.155,-26.855,-179.094,60.43,-57.772
-0.523,0.137,-0.738,-8.057,4.578,-34.729,-178.89,60.178,-56.97
-0.595,0.129,-0.805,-13.489,-7.69,-31.189,-178.478,60.557,-55.887
-0.673,0.207,-0.909,-15.808,-8.118,-27.649,-178.627,61.095,-55.256
-0.588,0.133,-0.913,-6.958,-16.968,-39.124,-178.116,61.672,-54.097
-1.07,0.068,-1.213,-2.197,-37.659,-42.419,-177.116,63.49,-52.531
-1.077,-0.123,-1.174,-1.526,4.7,-44.678,-175.358,64.083,-50.356
-0.496,-0.12,-0.857,-18.311,43.579,-9.094,-175.161,62.644,-49.559
-0.128,-0.085,-0.727,-13.977,25.269,-8.972,-175.897,60.579,-49.807
-0.373,-0.146,-0.779,-9.155,6.714,-24.17,-175.468,59.963,-48.631
-0.293,-0.094,-0.674,-15.381,19.287,5.127,-175.831,58.799,-48.362
-0.362,-0.081,-0.667,-22.949,-0.183,4.883,-176.77,58.085,-48.675
-0.472,-0.012,-0.65,-25.574,-4.639,5.981,-177.979,58.123,-48.961
-0.569,0.029,-0.713,-21.179,1.16,6.836,-179.22,58.14,-49.488
-0.487,-0.007,-0.796,-12.878,8.728,8.545,179.841,57.832,-50.175
-0.448,-0.045,-0.867,-10.925,-6.104,7.812,179.066,57.689,-50.938
-0.577,-0.08,-0.993,-10.498,-5.432,-0.549,178.61,57.986,-51.262
-0.586,-0.08,-1.091,-11.108,-12.207,-17.273,178.522,58.129,-50.872
-0.86,-0.058,-1.087,-17.944,-27.771,-44.128,179.127,59.469,-48.966
-0.59,0.14,-0.856,-23.865,10.071,-58.289,179.89,59.738,-46.0
-0.378,0.268,-0.794,-38.269,2.991,-53.65,-179.681,59.304,-42.924
-0.537,0.349,-0.761,-36.072,5.798,-47.791,179.863,59.447,-40.814
-0.383,0.351,-0.702,-28.076,19.47,-61.646,179.808,58.672,-38.584
-0.401,0.235,-0.666,-17.883,11.292,-71.472,-179.473,58.206,-35.942
-0.435,0.106,-0.663,-19.958,6.042,-76.233,-178.418,57.98,-32.937
-0.452,0.08,-0.642,-26.794,4.7,-73.853,-177.616,57.81,-29.778
-0.478,0.041,-0.639,-27.161,-6.592,-76.172,-176.819,57.953,-26.455
-0.681,0.008,-0.751,-25.269,-9.644,-80.322,-175.699,58.59,-22.747
-0.624,-0.051,-0.812,-30.212,11.292,-68.054,-174.633,58.469,-19.276
-0.59,0.054,-0.966,-38.452,4.517,-46.021,-174.666,58.024,-16.853
-0.501,0.154,-1.011,-30.945,2.197,-33.142,-175.32,57.728,-15.447
-0.699,0.118,-1.102,-11.902,-31.494,-21.912,-175.66,58.403,-14.623
-0.943,-0.004,-1.188,4.761,-18.555,-6.531,-175.605,59.689,-14.656
-0.664,-0.117,-0.915,11.902,4.15,12.939,-175.259,60.09,-15.496
-0.277,-0.168,-0.763,8.545,19.592,43.457,-175.798,59.304,-17.908
-0.356,-0.2,-0.741,6.897,8.057,43.579,-176.781,58.81,-20.72
-0.248,-0.148,-0.661,-1.709,5.249,67.627,-178.418,58.14,-24.055
-0.372,-0.074,-0.654,-5.066,-3.601,79.346,179.225,57.914,-28.235
-0.446,0.01,-0.678,-1.282,-6.409,78.064,176.858,57.711,-32.585
-0.522,0.113,-0.741,6.348,-9.216,79.651,174.738,57.563,-37.112
-0.569,0.128,-0.777,21.79,-9.216,74.28,173.21,57.486,-41.743
-0.534,0.101,-0.738,28.442,-14.282,67.505,172.386,57.409,-46.071
-0.554,0.07,-0.776,26.733,-14.099,59.998,171.815,57.673,-49.999
-0.618,0.059,-0.847,22.4,-17.7,43.64,171.365,58.035,-53.262
-0.614,0.061,-0.898,17.944,-5.981,27.405,171.337,58.299,-55.393
-0.581,0.029,-0.873,15.198,-19.531,4.761,171.733,58.656,-56.354
-0.786,0.099,-0.996,0.549,-23.376,3.906,172.211,59.854,-56.475
-0.871,0.234,-1.033,-5.31,-6.836,-1.099,172.002,60.628,-56.728
-0.504,0.269,-0.838,-10.864,26.489,-22.888,172.123,60.15,-56.025
-0.453,0.331,-0.859,-23.254,10.925,-31.067,172.375,59.348,-54.344
-0.47,0.333,-0.771,-21.729,16.907,-43.274,172.348,59.062,-52.608
-0.417,0.317,-0.68,-20.325,14.282,-47.974,172.711,58.574,-50.433
-0.337,0.306,-0.571,-16.357,11.902,-42.236,172.908,58.31,-48.895
-0.328,0.271,-0.517,-9.705,-0.916,-45.105,173.381,58.442,-47.664
-0.477,0.221,-0.573,-1.831,-9.521,-48.462,174.111,59.194,-46.686
-0.647,0.106,-0.628,0.854,-12.268,-52.734,175.54,60.282,-45.088
-0.705,0.068,-0.723,-3.601,-3.113,-38.94,176.77,61.018,-43.539
-0.698,-0.04,-0.758,-5.066,1.648,-27.527,177.77,61.414,-42.347
-0.582,0.227,-0.851,-20.142,10.803,3.418,177.094,61.106,-42.578
-0.722,0.225,-1.029,-6.409,3.967,-22.217,176.957,61.128,-42.638
-0.664,0.257,-1.118,-9.644,-7.874,-12.146,176.935,60.71,-42.402
-0.978,0.039,-1.286,-1.831,-3.967,-26.794,177.039,61.436,-42.193
-0.526,-0.03,-0.886,-11.169,11.536,-16.235,177.737,61.106,-41.05
-0.363,-0.074,-0.715,5.92,-5.371,-0.122,177.72,60.765,-41.072
-0.459,-0.204,-0.65,6.714,-2.991,-5.554,178.55,61.133,-40.754
-0.357,-0.087,-0.596,-5.31,15.93,27.893,178.374,60.579,-41.27
-0.39,-0.088,-0.705,-6.226,17.883,29.907,177.38,59.485,-42.808
-0.357,-0.041,-0.718,-11.536,4.456,27.649,176.375,58.612,-44.077
-0.479,0.035,-0.712,-10.132,-17.761,25.33,175.287,58.722,-45.297
-0.607,0.084,-0.707,-2.869,-21.484,24.048,174.265,59.568,-46.862
-0.671,0.052,-0.755,4.578,-12.329,17.761,173.809,60.249,-48.34
-0.578,0.026,-0.79,5.798,-5.371,19.958,173.584,60.441,-49.785
-0.682,0.074,-0.921,7.507,-11.414,18.311,173.282,60.848,-51.345
-0.728,0.127,-1.11,23.071,1.953,13.55,173.76,60.82,-52.432
-0.673,-0.006,-0.94,16.479,-12.39,-10.437,174.88,61.035,-52.718
-0.754,0.173,-0.947,-7.263,-0.488,-16.052,175.501,61.683,-52.015
-0.418,0.253,-0.753,-20.203,25.513,-8.362,175.314,60.705,-51.301
-0.495,0.41,-0.727,-15.93,13.062,-17.09,174.573,60.09,-50.68
-0.482,0.359,-0.697,-0.183,27.893,-36.011,174.875,59.123,-49.048
-0.394,0.252,-0.602,11.23,25.085,-44.373,176.243,57.964,-46.483
-0.369,0.138,-0.61,15.991,11.963,-35.645,177.869,57.217,-44.061
-0.44,0.067,-0.603,14.832,0.671,-29.48,179.214,56.975,-42.297
-0.619,0.04,-0.743,6.958,0.488,-30.884,-179.599,57.145,-40.655
-0.53,-0.028,-0.759,-1.526,8.362,-41.077,-178.451,57.014,-38.6
-0.501,0.011,-0.862,-15.32,-4.517,-41.565,-177.715,56.975,-36.255
-0.464,-0.04,-0.791,-20.508,-27.405,-47.241,-177.133,57.805,-33.607
-0.688,0.078,-0.863,-31.555,-32.593,-28.564,-177.413,59.453,-31.536
-0.793,0.134,-0.95,-24.841,-23.376,-21.545,-178.193,60.809,-30.267
-0.958,0.11,-1.058,-15.442,-20.996,-10.681,-178.704,61.957,-29.394
-0.9,-0.004,-1.035,0.0,2.93,7.019,-179.039,62.331,-29.427
-0.497,-0.032,-0.824,6.592,28.198,38.33,-179.819,61.452,-31.102
-0.291,-0.067,-0.796,20.691,24.109,38.94,179.5,59.875,-33.723
-0.28,-0.132,-0.75,17.517,17.7,38.513,179.478,58.716,-35.931
-0.33,-0.137,-0.728,9.766,8.789,41.321,178.984,57.772,-38.513
-0.395,-0.108,-0.726,0.671,0.061,35.522,178.319,57.189,-40.858
-0.417,-0.048,-0.709,-1.221,-6.775,31.86,177.589,57.014,-42.891
-0.541,0.032,-0.715,-0.549,-18.005,34.668,176.748,57.404,-44.995
-0.608,0.062,-0.714,6.958,-16.235,33.936,175.952,58.046,-47.241
-0.591,0.015,-0.735,9.399,-16.418,32.593,175.435,58.689,-49.384
-0.589,0.008,-0.796,7.935,-14.771,37.659,174.814,59.359,-51.663
-0.551,0.061,-0.863,6.042,-18.616,39.307,173.864,59.854,-54.278
-0.618,0.089,-0.949,16.052,-34.119,19.775,173.337,60.76,-56.47
-1.01,0.078,-1.018,8.423,-38.33,13.184,173.458,62.743,-57.766
-1.039,0.203,-1.035,9.949,1.282,-6.165,173.699,63.364,-58.217
-0.557,0.219,-0.738,3.113,27.893,-20.63,174.803,62.628,-57.014
-0.455,0.287,-0.815,-6.653,18.677,-14.526,175.413,61.414,-55.662
-0.423,0.287,-0.702,-9.216,15.991,-19.958,175.358,60.771,-54.662
-0.479,0.239,-0.64,-5.188,11.658,-38.33,175.941,60.255,-52.586
-0.393,0.181,-0.56,-2.502,16.907,-44.128,176.88,59.645,-49.993
-0.384,0.137,-0.604,0.0,1.526,-46.387,178.105,59.387,-47.142
-0.544,0.062,-0.637,2.625,-7.202,-47.18,179.423,59.738,-44.379
-0.65,-0.015,-0.707,0.61,-5.798,-49.255,-179.006,60.205,-41.435
-0.676,-0.039,-0.748,-8.301,-2.625,-46.875,-177.638,60.54,-38.502
-0.633,-0.029,-0.812,-19.653,-1.648,-37.72,-176.808,60.732,-35.832
-0.748,0.063,-0.924,-29.236,-9.521,-26.367,-176.907,61.15,-33.854
-0.758,0.186,-1.074,-24.658,12.451,-4.883,-177.759,61.117,-32.822
-0.846,0.113,-1.108,-7.446,-10.925,-0.244,-178.682,61.15,-32.8
-0.69,-0.023,-0.938,1.953,13.489,3.662,-178.973,61.1,-32.888
-0.353,-0.139,-0.705,-0.305,16.663,16.418,-179.242,60.211,-33.503
-0.61,-0.131,-0.757,-2.747,8.545,4.028,-179.577,59.832,-34.091
-0.469,-0.088,-0.688,-3.479,42.419,21.118,-179.929,58.228,-34.772
-0.241,-0.101,-0.713,-2.014,35.339,29.297,179.39,56.157,-36.337
-0.28,-0.055,-0.687,-2.075,-3.235,30.884,178.665,55.371,-38.084
-0.486,-0.024,-0.689,3.967,-6.348,35.156,178.028,55.585,-40.051
-0.464,-0.006,-0.705,8.972,-5.432,43.03,177.391,55.569,-42.462
-0.541,0.001,-0.822,11.78,-5.981,45.044,176.825,55.723,-45.088
-0.512,-0.005,-0.852,15.686,-6.104,42.603,176.353,55.794,-47.763
-0.613,-0.02,-1.019,19.409,-0.366,28.015,176.375,55.871,-49.845
-0.63,-0.008,-1.156,19.714,-4.456,12.634,176.962,55.624,-51.081
-0.688,0.127,-1.128,14.832,-20.386,-0.671,177.803,56.288,-51.422
-0.55,0.048,-0.909,3.906,0.854,0.549,178.544,56.777,-51.383
-0.448,0.244,-0.844,-24.536,0.916,14.526,177.748,56.525,-51.855
-0.498,0.399,-0.801,-20.508,11.841,-6.165,176.204,56.272,-52.322
-0.411,0.327,-0.712,-5.066,18.494,-43.762,176.182,55.47,-50.658
-0.373,0.208,-0.655,-0.366,21.057,-50.72,177.198,54.723,-47.769
-0.367,0.147,-0.645,-0.488,16.296,-58.167,178.407,53.987,-44.561
-0.345,0.083,-0.637,-2.075,13.062,-63.293,179.709,53.399,-40.99
-0.453,-0.021,-0.726,-13.733,0.488,-63.965,-179.22,53.267,-37.354
-0.493,-0.037,-0.765,-31.677,-9.155,-74.585,-178.704,53.652,-33.415
-0.587,0.01,-0.868,-41.443,-6.775,-81.726,-178.369,54.223,-28.773
-0.5,0.083,-0.912,-40.771,-3.235,-75.684,-178.33,54.525,-24.318
-0.593,0.096,-0.995,-41.565,-8.118,-61.89,-178.385,54.976,-20.281
-0.695,0.09,-0.967,-31.189,-39.49,-19.287,-179.209,56.129,-18.111
-0.976,0.111,-0.995,-24.231,-28.809,13.123,179.209,58.129,-18.364
-0.567,0.065,-0.775,5.676,21.423,27.71,178.072,58.112,-19.698
-0.36,0.009,-0.873,17.151,25.146,34.424,177.676,56.678,-21.5
-0.34,-0.067,-0.873,20.081,36.682,32.837,177.88,55.168,-23.198
-0.167,-0.057,-0.821,14.16,27.039,42.725,177.836,53.218,-25.28
-0.205,-0.068,-0.767,10.498,1.831,31.006,177.643,52.136,-27.394
-0.356,-0.042,-0.721,1.16,-13.794,24.17,177.457,52.18,-28.9
-0.465,-0.017,-0.733,1.16,-9.888,23.01,177.116,52.548,-30.256
-0.508,0.013,-0.776,0.793,-5.127,29.48,176.638,52.729,-31.8
-0.451,0.055,-0.834,2.686,-6.775,35.217,176.056,52.8,-33.651
-0.528,0.079,-0.912,10.986,-16.052,37.659,175.573,53.3,-35.815
-0.432,0.068,-0.909,16.907,-21.79,40.771,175.199,53.877,-38.287
-0.485,0.029,-0.943,16.663,-24.475,36.194,175.095,54.838,-40.562
-0.693,0.045,-1.049,19.226,-21.973,17.883,175.243,55.926,-42.308
-0.812,0.179,-1.157,6.348,-16.174,8.667,175.259,56.656,-43.303
-0.512,0.176,-0.895,2.686,11.353,-18.677,175.82,56.689,-42.759
-0.458,0.279,-0.815,-9.583,-2.441,-20.996,176.133,56.398,-41.506
-0.493,0.244,-0.683,-20.203,15.32,-37.109,176.138,56.481,-39.858
-0.451,0.182,-0.629,-23.438,24.292,-63.599,176.435,55.745,-36.766
-0.362,0.145,-0.562,-32.593,25.879,-76.904,176.924,54.855,-32.481
-0.41,0.091,-0.572,-37.048,19.043,-87.769,177.352,54.212,-27.592
-0.506,0.098,-0.655,-44.556,19.775,-96.069,177.715,53.839,-22.928
-0.56,0.0,-0.715,-56.824,23.132,-110.779,178.149,53.361,-18.589
-0.562,0.07,-0.752,-68.665,19.47,-113.953,178.127,52.943,-13.59
-0.587,0.111,-0.789,-67.871,17.395,-105.103,177.792,52.745,-8.718
-0.515,0.143,-0.771,-52.612,10.071,-91.736,177.462,52.652,-4.565
-0.511,0.141,-0.74,-31.311,-6.104,-71.167,177.638,53.207,-1.428
-0.542,0.204,-0.864,-17.273,-17.395,-27.588,177.781,54.229,-0.192
-0.828,0.307,-1.078,9.827,-22.156,29.175,177.325,55.602,-2.109
-0.91,0.229,-1.194,25.635,1.892,21.484,177.286,55.975,-5.219
-0.714,0.163,-1.301,24.109,25.574,-5.798,178.253,55.272,-6.515
-0.11,-0.025,-0.944,10.62,31.25,-4.578,179.297,53.926,-6.899
-0.053,-0.017,-0.933,5.249,-7.385,-3.113,179.566,53.207,-7.432
-0.161,0.131,-0.811,-20.569,0.0,22.339,178.682,53.141,-8.377
-0.24,0.146,-0.691,-8.24,-12.39,-0.305,177.446,52.982,-9.509
-0.356,0.084,-0.661,-2.441,-8.545,-11.963,177.231,53.196,-9.47
-0.419,0.017,-0.672,-2.625,-11.841,-14.587,177.396,53.514,-9.141
-0.494,-0.023,-0.681,-4.944,-6.897,-19.714,177.621,53.965,-8.712
-0.472,-0.023,-0.659,-10.742,-11.658,-29.541,177.984,54.465,-7.762
-0.6,-0.073,-0.742,-10.254,-16.052,-38.696,178.566,55.443,-6.284
-0.61,-0.089,-0.821,-15.808,0.061,-32.593,179.203,56.025,-4.581
-0.52,-0.085,-0.824,-19.287,-2.625,-25.696,179.385,56.201,-3.312
-0.498,-0.048,-0.841,-19.958,-7.263,-27.466,179.434,56.569,-2.071
-0.53,-0.047,-0.842,-18.372,-19.043,-30.334,179.632,57.316,-0.626
-0.615,0.022,-0.936,-21.057,-11.78,-27.832,179.747,58.096,0.862
-0.678,0.032,-0.863,-11.902,-16.479,-39.856,-179.791,59.013,2.626
-0.834,0.14,-0.932,-14.465,-10.132,-35.767,-179.225,59.744,4.548
-0.594,0.189,-0.784,-13.855,10.803,-34.18,-178.813,59.59,6.224
-0.353,0.203,-0.603,-12.207,-6.958,-37.903,-178.292,59.535,8.08
-0.631,0.159,-0.65,-7.935,-26.489,-44.983,-177.583,60.787,10.151
-0.708,0.155,-0.685,-15.869,-1.099,-55.298,-176.616,61.474,12.87
-0.654,0.119,-0.718,-22.339,15.747,-51.025,-175.957,61.128,15.606
-0.542,0.147,-0.714,-27.466,12.451,-45.288,-175.869,60.436,18.007
-0.546,0.155,-0.699,-27.466,-3.54,-43.457,-175.995,60.353,20.292
-0.623,0.153,-0.705,-22.339,-12.573,-44.434,-176.023,60.826,22.676
-0.575,0.181,-0.685,-20.203,-5.432,-37.109,-175.913,61.353,24.988
-0.625,0.196,-0.734,-12.268,-16.663,-23.682,-176.017,61.87,26.669
-0.79,0.107,-0.822,2.808,-24.048,-28.259,-175.721,62.985,28.109
-1.075,0.02,-0.958,11.169,-37.72,-23.926,-174.6,64.594,29.724
-0.836,-0.06,-0.823,12.146,8.362,-10.681,-173.502,65.528,30.69
-0.354,-0.075,-0.673,18.494,38.452,2.441,-172.941,64.067,30.498
-0.291,-0.174,-0.738,23.376,-8.972,-6.897,-171.936,63.281,30.575
-0.697,-0.226,-0.816,10.254,-12.268,-16.235,-170.442,63.946,31.855
-0.603,-0.251,-0.776,2.869,13.489,-22.827,-169.266,63.413,33.245
-0.473,-0.218,-0.694,-14.282,10.62,-18.555,-168.734,62.54,34.612
-0.491,-0.177,-0.656,-20.935,-2.258,-18.555,-168.81,62.177,35.876
-0.574,-0.148,-0.696,-25.33,0.0,-18.25,-169.08,62.128,37.227
-0.506,-0.161,-0.675,-23.987,1.343,-21.973,-169.387,61.88,38.589
-0.533,-0.226,-0.737,-21.667,-5.249,-33.691,-169.239,61.782,40.545
-0.688,-0.275,-0.862,-30.396,-16.113,-28.076,-168.97,62.106,42.88
-0.593,-0.188,-0.787,-38.147,-18.25,-12.207,-169.684,62.688,44.412
-0.738,-0.137,-0.873,-35.339,-33.264,-19.592,-170.574,63.842,45.797
-0.949,-0.131,-0.928,-25.269,-32.349,-38.574,-170.524,65.457,48.219
-0.838,-0.029,-0.793,-30.212,-12.817,-42.725,-169.98,66.302,51.29
-0.527,-0.015,-0.668,-49.561,-5.371,-47.729,-169.75,66.198,54.69
-0.643,0.091,-0.646,-70.007,-29.846,-52.246,-170.513,66.951,58.552
-0.702,0.181,-0.606,-70.557,-10.803,-64.697,-171.458,67.626,63.21
-0.738,0.207,-0.646,-55.115,8.423,-64.331,-171.903,67.308,68.297
-0.661,0.106,-0.662,-42.236,22.095,-53.345,-172.068,66.127,72.894
-0.573,0.103,-0.644,-38.452,12.085,-39.001,-172.678,65.127,76.558
-0.646,0.163,-0.703,-34.241,3.906,-29.053,-173.551,64.698,79.574
-0.595,0.162,-0.705,-20.447,3.235,-27.527,-174.04,64.473,82.397
-0.488,0.207,-0.738,-16.052,-5.005,-15.442,-174.606,64.254,84.584
-0.689,0.145,-0.786,-2.747,-41.138,-24.902,-174.507,65.369,86.94
-1.179,0.07,-0.978,7.202,-46.021,-15.32,-173.765,67.742,89.484
-1.434,-0.034,-1.091,25.33,-17.334,-0.671,-172.776,69.357,91.269
-0.808,-0.172,-0.796,33.386,47.058,40.894,-172.491,68.725,90.775
-0.44,-0.277,-0.757,28.381,47.485,34.241,-173.221,66.412,88.484
-0.321,-0.343,-0.716,10.132,40.894,0.305,-172.87,64.369,88.066
-0.389,-0.263,-0.722,-11.292,28.931,7.568,-172.782,62.639,88.473
-0.279,-0.194,-0.629,-24.536,21.79,19.47,-173.864,61.227,88.055
-0.378,-0.052,-0.611,-35.522,-4.211,24.841,-175.809,60.716,87.226
-0.545,0.034,-0.667,-31.128,-0.916,21.545,-177.99,60.886,86.435
-0.587,0.057,-0.722,-20.02,0.916,16.296,-179.659,60.815,86.028
-0.566,-0.023,-0.755,-10.925,1.831,3.296,179.445,60.694,86.248
-0.565,-0.081,-0.742,-17.883,-9.583,-4.7,178.945,60.985,87.155
-0.719,-0.098,-0.875,-18.982,-4.578,-14.526,178.594,61.507,88.55
-0.627,-0.114,-0.915,-20.386,-2.014,-19.531,178.599,61.556,90.461
-0.904,-0.014,-1.004,-32.104,-28.687,-28.748,178.369,62.809,92.659
-0.821,0.131,-0.931,-33.203,1.953,-44.189,178.407,63.452,95.944
-0.457,0.176,-0.716,-45.349,5.432,-47.302,178.336,63.287,99.822
-0.63,0.325,-0.751,-56.946,1.404,-48.828,177.484,63.616,103.683
-0.494,0.404,-0.694,-45.044,17.273,-58.105,176.907,63.1,108.1
-0.441,0.311,-0.632,-25.818,17.822,-57.251,177.133,62.408,112.676
-0.42,0.218,-0.595,-22.949,9.399,-58.35,177.72,61.716,117.114
-0.502,0.143,-0.602,-24.902,5.188,-63.416,178.369,61.479,121.674
-0.549,0.091,-0.613,-28.32,-0.305,-65.308,179.088,61.43,126.535
-0.642,0.085,-0.682,-33.081,1.831,-58.899,179.528,61.589,131.188
-0.6,0.076,-0.726,-34.973,7.263,-59.204,179.879,61.562,135.786
-0.675,0.11,-0.866,-35.522,-3.723,-56.396,-179.978,61.6,140.235
-0.67,0.156,-0.936,-34.851,5.066,-51.941,-179.835,61.655,144.492
-0.766,0.232,-1.087,-27.466,4.7,-38.269,-179.956,61.463,148.063
-0.882,0.125,-1.104,-18.616,-20.447,-29.602,179.978,61.919,150.82
-0.771,-0.014,-0.947,-13.367,16.052,-16.357,179.907,62.117,153.007
-0.298,-0.083,-0.694,-13.916,23.621,-6.653,179.583,60.837,154.528
-0.487,-0.11,-0.737,-14.648,4.822,-8.484,179.363,60.513,155.995
-0.375,-0.032,-0.663,-19.653,13.611,14.587,178.407,59.689,156.566
-0.4,-0.023,-0.682,-17.151,8.85,17.151,177.259,59.15,156.561
-0.482,-0.008,-0.68,-13.306,-8.484,11.963,176.221,59.123,156.517
-0.505,0.015,-0.643,-13.0,-13.611,15.564,175.32,59.54,156.577
-0.593,0.023,-0.708,-11.353,-18.738,16.296,174.342,60.37,156.434
-0.616,0.07,-0.726,-7.019,-20.935,20.386,173.298,61.26,156.105
-0.661,0.079,-0.794,-2.319,-21.729,22.888,172.293,62.194,155.468
-0.708,0.112,-0.92,2.563,-3.052,25.269,171.464,62.759,154.764
-0.625,0.141,-0.998,10.681,-1.831,19.043,171.063,62.485,154.199
-0.796,0.114,-1.046,15.198,-31.982,-3.296,171.552,63.171,154.396
-0.962,0.203,-1.005,4.883,-1.953,-3.967,172.156,64.221,155.193
-0.501,0.182,-0.663,3.784,8.484,-15.808,173.04,63.913,156.857
-0.591,0.305,-0.677,-5.249,-8.667,-2.441,173.123,63.957,157.972
-0.604,0.264,-0.629,-4.7,8.362,-11.108,172.991,63.995,158.945
-0.579,0.279,-0.605,-3.906,13.428,-16.663,173.183,63.495,160.593
-0.496,0.186,-0.548,-0.061,16.052,-23.621,173.721,62.891,162.537
-0.495,0.17,-0.537,-0.61,4.15,-21.118,174.265,62.617,164.52
-0.594,0.128,-0.599,0.061,4.395,-19.47,174.705,62.688,166.251
-0.599,0.102,-0.616,2.319,-1.221,-21.973,175.347,62.743,168.102
-0.669,0.046,-0.654,1.221,-11.047,-24.963,176.182,63.391,170.123
-0.76,0.09,-0.725,-4.639,-10.01,-22.034,176.803,64.215,172.095
-0.736,0.135,-0.771,-9.888,-10.193,-21.912,177.242,64.935,174.122
-0.802,0.185,-0.868,-12.512,-7.446,-11.536,177.215,65.599,175.726
-0.877,0.188,-0.912,-6.836,-16.052,-8.301,176.814,66.204,176.682
-1.061,0.098,-1.039,-1.892,-0.549,-11.414,176.808,66.83,177.737
-0.598,0.014,-0.772,-1.099,27.283,1.648,176.995,66.215,178.797
-0.405,-0.037,-0.78,6.531,20.325,8.057,176.891,64.77,179.05
-0.417,-0.091,-0.779,6.775,27.283,16.418,177.083,63.605,179.138
-0.302,-0.095,-0.721,0.732,12.756,37.903,176.391,62.287,177.957
-0.393,-0.026,-0.682,-1.709,-3.601,45.227,174.99,61.721,175.836
-0.482,0.013,-0.661,2.136,-12.573,41.504,173.721,61.743,173.727
-0.56,0.044,-0.677,6.958,-16.785,39.978,172.705,62.056,171.766
-0.583,0.079,-0.646,11.108,-15.747,46.509,171.711,62.518,169.645
-0.638,0.077,-0.663,15.869,-25.94,49.438,170.541,63.105,167.003
-0.674,0.09,-0.715,14.465,-17.212,46.509,169.453,63.754,164.504
-0.773,0.115,-0.874,15.198,-7.996,41.321,168.437,64.111,162.219
-0.666,0.141,-0.951,18.188,-2.258,20.935,168.157,63.825,160.906
-0.876,0.113,-1.052,21.912,-19.836,-8.362,169.074,64.534,161.005
-0.898,0.228,-0.995,10.925,-7.629,-15.503,170.316,65.325,162.125
-0.516,0.185,-0.662,3.418,6.592,-26.123,171.755,65.462,164.086
-0.67,0.276,-0.694,-13.245,-13.062,-15.991,172.288,65.775,165.828
-0.547,0.271,-0.593,-14.343,14.526,-33.569,172.452,65.852,167.701
-0.525,0.273,-0.561,-11.353,9.216,-42.786,173.348,65.555,170.739
-0.464,0.194,-0.505,-7.141,10.986,-47.974,174.545,65.264,173.974
-0.569,0.128,-0.548,-6.226,0.671,-44.678,175.864,65.391,177.198
-0.592,0.055,-0.586,-5.981,1.526,-37.964,177.023,65.522,-179.885
-0.675,0.061,-0.627,-9.521,-6.836,-28.381,177.704,65.94,-177.545
-0.703,0.039,-0.66,-8.24,-5.859,-29.602,178.423,66.429,-175.221
-0.737,0.076,-0.711,-7.263,-4.028,-22.888,179.022,66.945,-173.134
-0.701,0.123,-0.729,-5.798,-5.554,-18.311,179.451,67.187,-171.425
-0.816,0.153,-0.87,-4.333,6.287,-9.766,179.731,67.363,-170.145
-0.814,0.109,-0.896,2.502,-15.869,-7.019,179.89,67.473,-169.398
-1.121,0.015,-1.064,8.545,9.155,-5.249,-179.731,68.132,-168.684
-0.63,-0.047,-0.801,5.249,26.184,17.883,-179.615,67.203,-168.558
-0.299,-0.068,-0.703,2.991,23.438,31.372,179.456,65.649,-169.86
-0.459,-0.056,-0.71,4.15,-2.319,18.738,178.781,65.215,-170.975
-0.485,-0.019,-0.653,-0.244,2.869,31.006,178.033,64.94,-172.117
-0.512,-0.035,-0.63,-3.052,1.892,28.809,176.913,64.567,-173.617
-0.54,-0.023,-0.624,-7.202,-13.55,20.63,175.875,64.622,-174.694
-0.625,-0.002,-0.625,-6.104,-19.775,17.456,174.941,65.38,-175.424
-0.688,0.033,-0.618,-2.197,-22.522,18.799,174.078,66.385,-176.133
-0.735,0.09,-0.648,6.531,-17.639,26.672,173.26,67.253,-177.204
-0.717,0.086,-0.66,22.766,-9.399,27.71,172.776,67.725,-178.643
-0.798,0.001,-0.734,30.334,-14.282,20.691,173.15,68.297,-179.67
-0.819,-0.064,-0.777,29.053,0.916,22.095,173.732,68.527,179.473
-0.833,-0.062,-0.853,25.024,6.653,13.55,174.507,68.264,179.083
-0.911,0.008,-0.937,14.648,-1.343,10.01,175.243,68.198,179.127
-0.944,0.117,-0.995,1.465,21.973,-2.808,175.6,67.802,179.604
-0.499,0.153,-0.727,-11.414,37.842,-23.682,176.331,66.215,-178.506
-0.546,0.252,-0.717,-27.771,17.273,-24.719,176.369,65.11,-176.391
-0.52,0.272,-0.661,-29.663,30.579,-42.419,176.281,64.039,-173.892
-0.457,0.271,-0.624,-24.963,28.748,-46.326,176.556,62.732,-170.744
-0.483,0.21,-0.624,-18.982,18.494,-45.471,176.973,61.771,-167.745
-0.495,0.183,-0.643,-15.503,19.348,-43.091,177.391,61.062,-164.987
-0.47,0.095,-0.637,-11.719,8.545,-45.837,178.044,60.474,-162.186
-0.543,0.015,-0.645,-13.55,-10.254,-42.48,178.813,60.688,-159.384
-0.67,0.004,-0.674,-16.663,-10.559,-37.048,179.324,61.501,-156.797
-0.697,0.045,-0.715,-19.714,-8.606,-28.503,179.55,62.095,-154.495
-0.65,0.12,-0.74,-18.311,-4.15,-23.376,179.418,62.567,-152.666
-0.756,0.178,-0.849,-13.977,-7.629,-19.531,179.264,63.051,-151.172
-0.732,0.191,-0.901,-6.897,-5.249,-14.099,179.214,63.325,-150.002
-0.841,0.154,-0.959,-0.61,-7.385,-10.132,179.302,63.918,-149.183
-0.961,0.053,-1.025,9.338,-1.16,-12.878,179.852,64.094,-148.332
-0.706,-0.013,-0.905,4.761,33.02,7.019,-179.736,63.276,-147.859
-0.282,0.0,-0.79,11.841,45.288,29.785,179.764,61.029,-148.914
-0.267,-0.124,-0.776,20.447,17.639,16.724,-179.995,59.518,-149.98
-0.314,-0.125,-0.717,10.925,9.949,25.696,-179.901,58.618,-150.996
-0.37,-0.137,-0.692,2.441,-0.244,26.917,179.846,58.129,-152.216
-0.45,-0.092,-0.676,-1.343,-9.46,23.254,179.341,58.195,-153.27
-0.551,-0.029,-0.7,-3.235,-16.724,22.827,178.759,58.661,-154.122
-0.638,0.002,-0.739,1.526,-10.864,26.794,178.127,59.37,-155.078
-0.658,-0.02,-0.751,5.432,-14.343,27.954,177.528,59.908,-156.215
-0.632,0.028,-0.789,5.92,-10.071,39.429,176.77,60.469,-157.67
-0.681,0.03,-0.842,16.479,-9.338,40.283,175.924,60.936,-159.692
-0.679,0.005,-0.924,22.522,-2.502,34.424,175.71,60.974,-161.45
-0.795,-0.054,-0.999,22.644,-3.174,14.221,176.215,61.172,-162.328
-0.807,0.134,-1.048,11.597,7.874,7.935,176.677,60.969,-162.394
-0.567,0.153,-0.861,9.949,28.381,-4.456,177.374,60.084,-161.906
-0.394,0.255,-0.834,-5.127,23.01,-4.333,177.676,58.623,-161.202
-0.426,0.287,-0.766,-9.033,26.001,-24.292,177.594,57.634,-160.302
-0.284,0.218,-0.651,-10.132,31.799,-59.753,178.325,56.107,-157.599
-0.309,0.077,-0.65,-15.808,20.02,-74.097,179.511,55.058,-153.732
-0.351,0.045,-0.662,-25.33,13.611,-73.73,-179.632,54.311,-149.683
-0.455,0.035,-0.71,-29.419,0.793,-66.162,-179.198,54.064,-145.86
-0.582,0.06,-0.763,-31.677,-4.089,-57.312,-179.165,54.223,-142.454
-0.594,0.066,-0.768,-30.701,2.869,-52.429,-179.247,54.547,-139.285
-0.588,0.086,-0.821,-27.161,1.465,-46.082,-179.385,54.564,-136.412
-0.376,0.135,-0.881,-22.156,9.338,-37.72,-179.506,54.448,-133.967
-0.224,0.136,-1.033,-12.573,-32.837,-33.691,-179.484,54.888,-132.144
-0.475,0.188,-0.926,-8.057,-67.566,-17.578,-179.5,57.294,-131.177
-1.017,0.106,-0.883,7.996,-72.144,-19.104,-179.247,60.886,-130.77
-1.063,0.027,-0.997,16.052,-28.992,-14.221,-178.242,62.99,-129.968
-0.968,-0.143,-0.965,19.653,-0.61,-0.549,-177.056,63.798,-129.474
-0.489,-0.154,-0.715,15.686,21.484,26.367,-176.83,63.122,-130.276
-0.458,-0.161,-0.767,20.935,23.621,35.4,-177.127,62.15,-132.144
-0.252,-0.179,-0.675,14.893,29.907,48.706,-177.594,60.579,-134.401
-0.326,-0.182,-0.631,3.906,11.597,55.298,-178.704,59.557,-137.236
-0.393,-0.09,-0.688,-3.479,9.033,49.805,179.791,58.854,-139.861
-0.412,-0.057,-0.69,-1.465,-3.235,39.368,178.715,58.53,-141.844
-0.56,0.03,-0.754,1.038,-13.55,41.138,177.556,58.799,-143.932
-0.594,0.023,-0.787,4.272,-13.672,36.987,176.644,59.304,-145.898
-0.585,0.052,-0.808,8.911,-14.465,33.813,175.847,59.799,-147.81
-0.649,0.02,-0.848,13.855,-20.081,28.931,175.485,60.518,-149.458
-0.628,-0.025,-0.876,18.86,-11.841,26.062,175.397,61.117,-150.963
-0.843,-0.048,-1.022,18.738,-17.456,13.428,175.759,61.743,-151.963
-0.906,0.058,-1.056,0.854,-7.996,3.479,176.149,62.375,-152.106
-0.677,0.208,-0.902,-7.812,11.23,-6.592,176.144,62.298,-151.716
-0.464,0.315,-0.771,-19.104,13.245,-8.24,175.913,61.606,-151.002
-0.515,0.341,-0.69,-18.066,7.385,-18.433,175.276,61.359,-150.447
-0.463,0.24,-0.598,-22.095,9.766,-44.861,175.358,61.007,-148.59
-0.557,0.26,-0.601,-26.672,15.93,-58.289,175.638,60.793,-145.761
-0.489,0.222,-0.571,-28.259,29.785,-70.312,176.38,59.985,-142.015
-0.483,0.194,-0.611,-23.987,25.94,-74.341,177.286,59.052,-137.961
-0.547,0.116,-0.669,-19.226,18.616,-74.463,178.5,58.464,-133.846
-0.556,0.06,-0.695,-18.372,9.766,-64.148,179.599,58.129,-130.133
-0.632,0.062,-0.762,-17.395,3.174,-48.767,-179.665,58.178,-127.189
-0.584,0.122,-0.812,-13.794,4.333,-32.532,-179.236,58.217,-125.052
-0.591,0.149,-0.814,-4.333,-8.728,-22.217,-179.017,58.524,-123.832
-0.533,0.159,-0.786,2.686,-5.432,-3.845,-178.819,58.964,-123.426
-0.706,0.143,-0.842,7.996,-38.818,19.104,-179.11,60.024,-124.459
-0.778,0.156,-0.849,23.804,-23.499,-0.854,-179.22,61.54,-125.843
-0.955,0.014,-0.98,31.25,-21.484,-18.188,-177.457,62.952,-125.338
-0.759,-0.137,-0.925,30.029,17.639,-3.723,-175.594,63.1,-124.893
-0.413,-0.233,-0.84,24.292,22.644,-5.31,-174.298,61.974,-124.997
-0.454,-0.334,-0.931,9.705,18.066,-21.667,-172.766,61.04,-124.14
-0.31,-0.221,-0.823,-11.169,32.471,-6.775,-172.365,59.392,-123.409
-0.244,-0.118,-0.719,-16.418,18.005,1.038,-172.969,57.898,-123.519
-0.412,-0.124,-0.713,-16.602,6.348,7.812,-173.677,57.217,-123.86
-0.45,-0.11,-0.761,-15.686,28.198,8.057,-174.617,56.239,-124.536
-0.285,-0.105,-0.695,-18.799,10.071,-8.606,-175.199,54.948,-124.459
-0.487,-0.085,-0.712,-20.569,-26.611,-21.606,-175.49,55.558,-123.475
-0.623,-0.061,-0.68,-23.071,-27.893,-23.926,-175.627,56.904,-121.954
-0.629,-0.046,-0.685,-23.376,-8.606,-20.386,-175.941,57.849,-120.608
-0.47,-0.056,-0.644,-22.461,-10.742,-24.963,-176.193,58.299,-119.185
-0.592,-0.077,-0.775,-17.7,-13.977,-31.433,-176.116,59.024,-117.493
-0.715,-0.11,-0.9,-18.188,-14.465,-36.011,-175.6,59.81,-115.362
-0.871,-0.071,-0.951,-16.113,-18.494,-56.702,-174.908,60.677,-112.786
-0.749,-0.092,-0.854,-27.1,-17.029,-78.491,-173.293,61.32,-108.545
-0.519,0.083,-0.739,-59.814,7.507,-47.546,-172.969,61.348,-104.634
-0.471,0.203,-0.703,-51.941,-7.812,-48.096,-174.397,61.177,-102.519
-0.632,0.15,-0.76,-45.654,-4.7,-70.374,-174.738,61.474,-99.437
-0.579,0.079,-0.74,-43.701,12.024,-74.89,-174.452,61.122,-95.658
-0.47,0.119,-0.718,-40.649,2.014,-65.735,-174.331,60.557,-92.214
-0.55,0.081,-0.699,-33.813,-13.367,-54.932,-174.216,60.925,-89.412
-0.523,0.134,-0.621,-29.053,-31.555,-39.734,-174.386,61.985,-87.44
-0.688,0.129,-0.648,-25.146,-40.527,-31.311,-174.534,63.957,-86.056
-0.696,0.212,-0.64,-23.132,-23.682,-20.569,-175.034,65.539,-85.325
-0.815,0.292,-0.735,-17.822,-19.775,-16.785,-175.655,66.709,-85.161
-0.903,0.216,-0.855,7.385,-18.616,-42.603,-174.924,67.703,-84.172
-0.872,-0.099,-0.778,22.217,-17.7,-51.331,-171.7,69.044,-81.37
-0.747,-0.202,-0.773,22.888,28.259,-29.663,-169.041,68.774,-79.536
-0.384,-0.285,-0.709,19.409,33.936,-23.987,-167.316,66.725,-78.915
-0.506,-0.325,-0.74,6.836,6.226,-37.17,-165.339,65.572,-77.377
-0.605,-0.322,-0.768,-3.357,8.972,-35.889,-163.707,64.682,-75.333
-0.544,-0.323,-0.711,-32.41,7.751,-28.809,-163.174,63.792,-73.482
-0.54,-0.177,-0.68,-44.067,-2.502,-26.733,-163.943,63.21,-71.895
-0.589,-0.117,-0.661,-40.405,-7.629,-33.936,-164.713,63.122,-70.093
-0.605,-0.153,-0.655,-37.781,-6.165,-34.607,-165.13,63.078,-68.126
-0.586,-0.168,-0.694,-36.316,0.427,-35.339,-165.586,62.831,-66.308
-0.62,-0.239,-0.781,-33.447,-5.188,-35.95,-165.679,62.551,-64.259
-0.745,-0.254,-0.859,-38.147,-4.761,-24.475,-166.196,62.622,-62.677
-0.652,-0.198,-0.887,-40.405,3.357,-25.391,-167.135,62.32,-61.474
-0.669,-0.161,-0.888,-40.955,-4.456,-44.189,-167.624,62.232,-59.491
-0.476,-0.013,-0.769,-51.147,2.38,-50.415,-168.217,61.688,-56.986
-0.622,0.066,-0.8,-72.937,-32.776,-51.758,-169.497,62.15,-54.289
-0.768,0.225,-0.785,-73.853,-7.935,-66.406,-171.057,62.869,-51.163
-0.542,0.151,-0.684,-54.504,15.564,-80.933,-171.568,62.161,-47.527
-0.497,0.085,-0.731,-46.204,23.621,-72.388,-171.508,60.974,-43.885
-0.365,0.098,-0.714,-37.903,8.423,-48.645,-171.903,59.804,-41.506
-0.476,0.09,-0.698,-28.137,-10.01,-35.522,-172.452,59.87,-40.155
-0.466,0.108,-0.679,-25.085,-11.719,-26.55,-173.013,60.315,-39.375
-0.58,0.137,-0.798,-16.968,-18.127,-24.78,-173.54,60.969,-38.952
-0.612,0.097,-0.921,-7.996,-34.851,-29.907,-173.43,62.117,-38.254
-0.894,0.04,-0.939,0.488,-70.618,-24.658,-172.733,64.693,-37.332
-1.352,-0.078,-1.151,-10.498,-48.462,-15.137,-172.062,67.885,-36.656
-0.915,-0.037,-0.915,-12.207,7.019,-11.169,-172.161,68.384,-36.513
-0.49,-0.081,-0.746,-7.141,20.874,2.38,-172.776,67.56,-37.299
-0.432,-0.168,-0.699,-0.977,8.606,-8.545,-172.881,66.786,-37.82
-0.541,-0.18,-0.697,-4.456,11.23,-8.606,-172.573,66.176,-37.645
-0.516,-0.208,-0.678,-11.78,22.461,-2.197,-172.65,65.11,-37.694
-0.411,-0.142,-0.578,-24.658,9.827,9.644,-173.611,64.199,-38.265
-0.481,-0.054,-0.592,-26.733,2.075,16.846,-175.298,63.979,-39.397
-0.517,-0.029,-0.62,-22.766,-5.737,19.226,-177.067,63.962,-40.82
-0.617,-0.007,-0.706,-18.616,-8.179,19.714,-178.687,64.27,-42.336
-0.603,-0.017,-0.746,-9.216,-6.226,16.724,179.94,64.583,-43.94
-0.724,-0.052,-0.863,-6.531,-1.343,8.362,179.242,64.797,-45.033
-0.684,-0.06,-0.98,-6.47,6.775,0.427,178.918,64.402,-45.626
-0.893,0.012,-1.114,-17.456,-18.005,-14.648,178.907,64.764,-45.379
-0.862,0.159,-1.025,-17.517,7.324,-32.166,178.962,65.204,-44.341
-0.417,0.152,-0.684,-24.597,10.681,-44.983,179.742,64.616,-42.16
-0.665,0.292,-0.752,-37.903,-1.221,-28.381,179.478,64.633,-40.523
-0.531,0.268,-0.684,-33.081,28.32,-51.27,179.116,63.858,-38.892
-0.441,0.258,-0.636,-33.63,20.691,-54.688,179.335,62.836,-36.398
-0.429,0.184,-0.592,-34.058,5.005,-58.289,179.467,62.435,-34.036
-0.542,0.155,-0.596,-34.546,0.61,-66.284,179.758,62.682,-31.311
-0.529,0.116,-0.575,-33.447,0.732,-72.449,-179.566,62.803,-28.07
-0.658,0.074,-0.696,-34.912,-1.77,-66.101,-178.808,63.171,-24.829
-0.655,0.088,-0.765,-34.546,7.08,-60.303,-178.33,63.182,-22.011
-0.588,0.103,-0.815,-37.659,-1.038,-49.438,-178.132,63.144,-19.545
-0.646,0.146,-0.873,-40.405,-8.728,-32.227,-178.748,63.545,-18.067
-0.831,0.214,-1.043,-38.086,-16.479,-10.437,179.819,64.16,-17.803
-1.005,0.133,-1.073,-21.423,-11.719,-8.606,178.451,65.143,-18.254
-0.691,0.096,-0.889,-10.681,22.461,12.207,177.539,64.808,-19.05
-0.31,0.028,-0.726,2.441,18.555,28.015,176.418,63.38,-21.055
-0.447,-0.04,-0.726,11.841,5.31,16.418,176.034,62.809,-22.819
-0.386,-0.039,-0.66,11.902,9.338,25.452,175.99,62.051,-24.318
-0.418,-0.051,-0.67,9.46,5.676,28.931,175.715,61.408,-26.142
-0.466,-0.03,-0.678,8.484,-4.944,23.376,175.424,61.057,-27.823
-0.565,-0.047,-0.706,6.836,-7.751,16.846,175.38,61.205,-29.059
-0.614,-0.021,-0.723,4.333,-6.042,16.785,175.237,61.425,-30.223
-0.637,-0.005,-0.737,2.502,-5.615,17.212,175.023,61.578,-31.41
-0.605,0.014,-0.749,1.953,-2.502,19.409,174.688,61.688,-32.69
-0.583,0.017,-0.736,2.502,-7.874,19.226,174.243,61.897,-34.091
-0.62,0.026,-0.833,3.601,-10.437,28.87,173.688,62.161,-35.739
-0.662,0.078,-0.969,8.545,-4.944,37.292,172.87,62.243,-38.084
-0.725,0.007,-1.012,9.521,-11.047,9.644,172.776,62.507,-39.567
-0.939,0.203,-1.092,-10.864,-7.263,-8.362,172.579,62.897,-39.864
-0.567,0.253,-0.798,-19.897,16.663,-18.982,172.546,62.71,-39.029
-0.414,0.352,-0.716,-25.635,5.066,-13.977,172.112,62.084,-38.101
-0.541,0.364,-0.668,-19.165,6.836,-19.47,171.365,62.089,-37.634
-0.485,0.348,-0.622,-12.451,15.32,-26.062,171.249,61.65,-36.667
-0.415,0.285,-0.601,-4.456,8.667,-27.344,171.497,61.227,-35.645
-0.498,0.187,-0.593,1.831,-7.385,-25.269,172.007,61.474,-34.761
-0.562,0.15,-0.585,4.395,-13.672,-18.311,172.54,62.199,-34.206
-0.623,0.057,-0.566,6.104,-18.494,-11.292,173.084,63.166,-34.063
-0.78,0.054,-0.626,-7.507,-7.324,-7.507,173.128,64.094,-34.167
-0.726,0.123,-0.679,-14.832,10.437,-15.93,173.007,64.105,-33.75
-0.597,0.142,-0.665,-22.705,10.62,-18.494,172.98,63.891,-32.723
-0.643,0.269,-0.769,-22.583,1.648,-15.32,172.255,63.88,-32.179
-0.746,0.315,-0.868,-21.118,6.531,-14.16,171.898,64.017,-31.443
-0.785,0.349,-0.955,-9.155,-5.798,-15.015,171.464,64.034,-31.108
-0.99,0.32,-1.071,-10.681,-2.136,-2.93,171.134,64.578,-31.058
-0.824,0.209,-1.009,5.798,16.724,-17.09,171.359,64.1,-30.762
-0.321,0.116,-0.726,6.287,29.236,9.521,171.98,62.957,-30.361
-0.336,0.05,-0.746,14.16,16.663,22.095,171.87,61.562,-31.388
-0.303,0.052,-0.693,13.794,14.099,32.593,171.749,60.348,-32.723
-0.368,0.015,-0.695,14.16,2.38,32.593,171.491,59.42,-34.426
-0.456,0.026,-0.692,12.329,-9.216,24.048,171.326,59.145,-35.848
-0.531,0.028,-0.683,11.536,-13.184,20.996,171.376,59.398,-36.953
-0.619,0.035,-0.708,13.062,-12.817,24.658,171.348,59.865,-38.232
-0.602,0.057,-0.705,12.451,-11.841,32.776,171.129,60.156,-39.941
-0.603,0.047,-0.726,13.611,-14.038,32.593,170.722,60.573,-41.968
-0.662,0.063,-0.803,12.207,-17.883,30.273,170.349,61.084,-43.852
-0.682,0.058,-0.91,9.766,-1.282,31.189,169.991,61.293,-45.599
-0.671,0.095,-0.982,9.949,-8.972,12.329,169.887,61.249,-46.719
-0.81,0.176,-1.036,1.343,-20.813,-5.127,170.332,61.996,-46.588
-0.861,0.319,-1.004,-6.714,6.287,-4.333,170.431,62.595,-46.214
-0.423,0.361,-0.724,-4.944,24.353,-14.038,170.629,61.661,-45.346
-0.449,0.38,-0.715,-1.16,5.859,-17.761,170.997,61.078,-44.308
-0.471,0.331,-0.673,0.793,6.714,-29.907,171.606,60.892,-43.011
-0.493,0.263,-0.608,1.343,5.371,-34.424,172.65,60.848,-41.166
-0.555,0.22,-0.612,3.357,7.629,-38.94,173.65,60.831,-39.348
-0.535,0.157,-0.599,-0.732,14.16,-38.696,174.891,60.606,-37.194
-0.533,0.109,-0.606,-1.526,4.944,-38.269,175.864,60.436,-35.228
-0.572,0.086,-0.641,-2.747,-2.808,-39.49,176.935,60.699,-33.113
-0.633,0.092,-0.75,-5.859,0.61,-31.494,177.852,61.128,-31.19
-0.603,0.111,-0.788,-6.653,-3.906,-27.466,178.456,61.364,-29.581
-0.691,0.137,-0.854,-11.414,-13.306,-15.625,178.737,61.952,-28.328
-0.786,0.19,-0.994,-7.507,-8.423,3.418,178.275,62.474,-28.202
-0.945,0.167,-1.086,2.502,-17.639,6.409,177.693,63.419,-28.883
-0.988,0.035,-1.093,14.771,8.057,5.92,177.979,63.699,-29.273
-0.375,-0.018,-0.763,16.479,43.701,32.532,177.869,61.996,-30.58
-0.24,-0.112,-0.795,26.978,11.353,18.555,178.143,60.54,-31.981
-0.327,-0.148,-0.742,16.479,7.202,19.409,178.885,59.941,-32.476
-0.326,-0.161,-0.703,8.85,-0.183,22.888,178.967,59.551,-33.333
-0.339,-0.098,-0.642,1.648,-13.611,23.499,178.753,59.612,-34.107
-0.537,-0.072,-0.616,4.089,-32.959,19.653,178.456,60.71,-34.948
-0.708,-0.055,-0.675,1.099,-16.174,29.419,178.044,61.864,-36.019
-0.685,-0.018,-0.712,3.418,-3.479,37.842,177.105,62.227,-37.881
-0.619,0.026,-0.765,3.967,0.916,45.593,175.924,62.15,-40.221
-0.6,0.035,-0.828,7.263,-2.014,43.457,174.743,61.996,-42.748
-0.71,0.03,-0.988,7.019,2.197,29.724,173.947,61.831,-44.731
-0.703,0.058,-1.04,5.981,-3.479,3.784,173.848,61.512,-45.445
-0.844,0.183,-1.076,-2.747,-10.437,-3.357,174.029,61.968,-45.203
-0.478,0.176,-0.783,-9.644,12.817,-13.855,174.298,61.831,-44.357
-0.468,0.318,-0.764,-19.836,-11.047,-9.949,173.936,61.705,-43.456
-0.537,0.315,-0.674,-18.677,-1.465,-19.226,173.282,62.144,-42.77
-0.554,0.298,-0.626,-13.55,2.563,-36.072,173.408,62.271,-41.05
-0.45,0.241,-0.542,-10.559,9.583,-38.147,173.952,62.089,-38.985
-0.545,0.18,-0.558,-6.714,2.808,-37.537,174.677,62.183,-36.969
-0.554,0.153,-0.566,-4.944,7.812,-36.926,175.43,62.166,-35.074
-0.655,0.129,-0.629,-7.019,7.324,-33.142,176.232,62.199,-33.228
-0.606,0.131,-0.669,-4.272,10.376,-35.339,177.034,62.007,-31.432
-0.643,0.105,-0.768,-2.747,8.545,-37.048,178.154,62.018,-29.399
-0.608,0.148,-0.842,-3.845,-1.648,-29.236,179.0,61.946,-27.697
-0.679,0.161,-0.927,-5.005,-2.197,-20.935,179.621,62.276,-26.329
-0.726,0.162,-0.974,0.732,-18.433,-9.277,179.819,62.545,-25.763
-1.016,0.051,-1.117,11.658,-17.761,-15.381,-179.67,63.605,-25.28
-0.734,-0.09,-0.903,13.184,9.583,-3.479,-178.61,63.858,-24.692
-0.37,-0.186,-0.769,11.658,20.02,9.033,-178.187,62.968,-25.01
-0.47,-0.208,-0.771,7.141,9.033,5.676,-177.792,62.347,-25.219
-0.356,-0.201,-0.687,-1.831,17.761,33.325,-178.143,61.458,-26.115
-0.351,-0.151,-0.659,-12.024,8.911,47.791,-179.67,60.639,-28.279
-0.417,-0.059,-0.644,-13.794,-6.653,49.377,178.281,60.359,-30.855
-0.537,0.006,-0.638,-11.353,-14.282,46.631,176.353,60.661,-33.387
-0.659,0.09,-0.726,-4.944,-9.399,47.729,174.534,60.996,-36.068
-0.587,0.067,-0.695,1.526,-7.751,51.819,172.914,61.024,-39.045
-0.636,0.108,-0.769,3.723,-12.207,47.852,171.392,61.194,-42.028
-0.617,0.13,-0.793,6.714,-11.902,44.434,170.085,61.37,-44.841
-0.724,0.186,-0.886,10.376,-5.31,31.921,169.173,61.49,-47.181
-0.761,0.124,-1.017,15.686,-4.7,-3.357,169.552,61.342,-47.889
-0.878,0.182,-1.095,6.714,-5.981,-20.996,170.7,61.793,-46.989
-0.625,0.242,-0.885,1.282,20.264,-21.423,171.766,61.71,-45.604
-0.376,0.316,-0.774,-5.981,17.639,-17.944,172.639,60.699,-44.055
-0.472,0.382,-0.713,-2.38,5.981,-17.151,172.678,60.381,-43.325
-0.486,0.341,-0.642,4.578,8.667,-35.278,173.397,60.139,-42.001
-0.467,0.262,-0.585,6.958,14.893,-43.091,174.633,59.821,-40.177
-0.448,0.159,-0.573,8.85,13.428,-54.382,176.44,59.431,-37.612
-0.447,0.083,-0.591,5.432,10.071,-53.589,178.248,59.139,-34.854
-0.53,0.048,-0.632,-2.014,0.305,-49.316,179.753,59.189,-32.212
-0.575,0.0,-0.694,-3.662,2.075,-50.72,-178.896,59.403,-29.559
-0.636,0.037,-0.821,-9.583,1.221,-44.8,-177.825,59.453,-27.021
-0.531,0.044,-0.83,-9.033,5.493,-37.659,-176.979,59.299,-24.796
-0.651,0.086,-1.038,-8.85,1.831,-26.306,-176.534,59.288,-23.17
-0.616,0.05,-1.056,-8.667,-10.803,-16.602,-176.385,59.238,-22.126
-0.901,-0.024,-1.171,-3.601,-13.794,-11.475,-176.364,60.156,-21.44
-0.593,-0.066,-0.938,-1.221,10.498,6.042,-176.473,59.936,-21.456
-0.322,-0.157,-0.85,7.08,11.841,14.832,-176.776,59.035,-22.352
-0.423,-0.177,-0.813,5.981,13.672,10.864,-176.589,58.469,-22.747
-0.391,-0.179,-0.742,0.549,16.113,20.081,-176.765,57.519,-23.489
-0.351,-0.154,-0.666,-11.108,12.695,22.888,-177.484,56.706,-24.5
-0.364,-0.112,-0.664,-14.648,-5.981,23.01,-178.511,56.354,-25.505
-0.538,-0.052,-0.713,-14.343,-14.771,27.405,-179.654,56.849,-26.609
-0.604,0.014,-0.767,-9.949,-0.671,41.199,178.918,57.2,-28.427
-0.513,0.041,-0.763,-4.944,2.38,42.419,177.451,56.975,-30.817
-0.45,0.054,-0.716,-3.723,-17.212,38.208,176.105,57.162,-33.146
-0.58,0.028,-0.793,-7.446,-17.334,31.86,174.858,57.986,-35.162
-0.629,0.062,-0.943,-11.475,-7.568,30.212,173.452,58.431,-36.991
-0.601,0.137,-1.094,-6.287,-7.385,13.367,172.469,58.376,-38.134
-0.82,0.122,-1.173,-0.61,-20.325,-8.85,172.502,59.31,-38.101
-0.677,0.188,-1.013,-5.127,1.892,-18.433,172.925,59.705,-37.194
-0.346,0.243,-0.733,-16.724,0.366,-24.719,173.177,59.606,-35.777
-0.712,0.321,-0.752,-24.658,-17.273,-21.545,172.694,60.551,-34.651
-0.553,0.321,-0.64,-20.569,21.423,-39.978,172.507,60.315,-32.975
-0.429,0.286,-0.587,-13.245,25.33,-46.753,173.073,59.562,-30.476
-0.343,0.208,-0.538,-7.385,19.897,-49.927,174.012,58.815,-27.867
-0.507,0.195,-0.601,-3.052,12.634,-46.265,175.029,58.486,-25.411
-0.611,0.155,-0.667,2.197,26.062,-41.382,176.188,57.914,-23.225
-0.538,0.127,-0.716,5.432,35.095,-32.654,177.396,56.717,-21.379
-0.465,0.065,-0.757,7.385,15.564,-27.039,178.462,55.679,-20.028
-0.56,0.047,-0.791,4.456,6.348,-23.743,179.374,55.503,-18.847
-0.545,0.083,-0.778,2.319,0.061,-17.639,179.956,55.453,-18.001
-0.519,0.089,-0.798,1.709,2.747,-12.695,-179.55,55.558,-17.336
-0.535,0.169,-0.907,5.371,-2.136,-6.348,-179.352,55.574,-17.172
-0.757,0.063,-1.077,16.174,-7.996,-21.973,-178.407,56.047,-16.551
-0.967,-0.004,-1.246,15.32,4.883,-28.503,-176.984,56.162,-15.304
-0.679,-0.11,-1.154,10.315,27.222,-31.616,-175.54,55.338,-13.81
-0.195,-0.193,-0.913,12.207,30.09,-32.532,-174.128,53.762,-12.134
-0.1,-0.263,-0.878,-2.441,13.489,-29.114,-172.991,52.619,-10.338
-0.106,-0.145,-0.835,-22.034,14.709,-18.799,-173.035,51.575,-8.745
-0.059,-0.052,-0.776,-33.813,0.488,-17.517,-173.864,50.691,-7.443
-0.234,-0.038,-0.71,-32.654,-28.137,-38.635,-174.688,50.916,-5.383
-0.46,-0.094,-0.66,-34.363,-32.837,-57.19,-174.88,52.059,-2.153
-0.657,-0.088,-0.744,-35.767,-14.893,-57.861,-174.924,53.091,1.318
-0.519,-0.092,-0.766,-31.067,4.822,-48.645,-175.001,53.069,4.197
-0.47,-0.057,-0.839,-31.067,2.808,-34.18,-175.292,52.949,6.356
-0.326,-0.043,-0.755,-21.24,-7.202,-32.593,-175.649,52.993,7.982
-0.427,-0.11,-0.783,-11.719,-20.325,-42.175,-175.364,53.646,9.992
-0.527,-0.183,-0.875,-14.648,-10.498,-47.791,-174.529,54.344,12.596
-0.628,-0.143,-0.999,-17.212,-11.169,-49.377,-173.804,54.591,15.32
-0.714,-0.097,-1.031,-19.592,-6.531,-55.664,-172.958,54.882,18.331
-0.586,0.022,-0.918,-27.039,5.798,-47.607,-172.529,54.706,21.138
-0.339,0.052,-0.713,-24.353,-7.69,-51.147,-172.48,54.558,23.588
-0.487,0.044,-0.672,-29.297,-37.903,-59.937,-172.211,55.607,26.807
-0.733,0.027,-0.745,-36.499,-22.217,-64.087,-171.996,56.992,30.366
-0.639,0.108,-0.757,-43.579,4.272,-54.749,-172.354,57.085,33.431
-0.593,0.101,-0.781,-38.818,5.005,-54.932,-172.875,56.816,36.167
-0.552,0.134,-0.749,-35.156,-4.578,-47.913,-173.414,56.744,38.82
-0.586,0.079,-0.739,-27.588,-7.324,-45.593,-173.688,57.118,41.391
-0.548,0.123,-0.705,-25.33,-17.212,-31.311,-174.084,57.733,43.456
-0.639,0.137,-0.728,-21.057,-25.818,-21.057,-174.622,58.892,44.962
-0.703,0.198,-0.801,-12.512,-20.569,-16.663,-175.254,60.145,46.011
-0.826,0.151,-0.944,-6.104,-24.109,-14.587,-175.375,61.276,47.104
-0.775,-0.02,-0.956,5.249,-10.925,-18.311,-174.996,62.402,48.164
-0.456,-0.07,-0.757,-1.404,3.479,-1.526,-174.716,62.6,48.867
-0.427,-0.069,-0.753,0.244,-6.714,-5.127,-174.963,62.457,48.862
-0.585,-0.102,-0.787,-7.446,0.61,-17.273,-174.49,62.661,49.993
-0.612,-0.109,-0.801,-11.841,6.592,-18.677,-174.331,62.26,51.042
-0.527,-0.069,-0.75,-21.423,12.085,-21.729,-174.364,61.611,52.339
-0.505,-0.042,-0.717,-23.01,2.625,-27.039,-174.556,61.177,53.806
-0.536,-0.064,-0.696,-24.231,-2.258,-33.813,-174.496,61.128,55.783
-0.511,-0.097,-0.667,-26.306,-6.409,-35.339,-174.397,61.205,57.925
-0.583,-0.151,-0.739,-27.222,-12.939,-40.649,-174.15,61.655,60.364
-0.668,-0.135,-0.807,-30.029,-12.512,-35.583,-174.007,62.188,62.726
-0.708,-0.085,-0.88,-36.194,-2.136,-27.649,-174.304,62.43,64.66
-0.763,-0.047,-0.93,-30.579,-13.245,-45.044,-174.578,62.611,66.819
-0.836,0.023,-0.931,-35.095,-17.944,-57.617,-173.925,63.303,70.4
-0.573,0.07,-0.74,-39.978,4.639,-55.908,-173.304,63.528,74.443
-0.543,0.145,-0.654,-44.617,-20.63,-50.476,-173.562,63.534,78.179
-0.707,0.169,-0.69,-49.683,-15.381,-52.612,-174.04,64.407,82.211
-0.71,0.139,-0.687,-48.157,14.16,-66.162,-174.359,64.336,86.847
-0.533,0.127,-0.667,-47.302,24.597,-65.552,-174.435,63.001,92.043
-0.501,0.119,-0.665,-43.945,4.761,-51.208,-174.847,62.133,96.619
-0.587,0.124,-0.639,-38.208,-6.714,-38.696,-175.567,62.227,100.294
-0.688,0.162,-0.695,-32.532,-0.671,-28.748,-176.429,62.452,103.332
-0.496,0.139,-0.595,-22.766,1.77,-23.621,-177.105,62.243,106.002
-0.658,0.196,-0.743,-15.381,-11.78,-18.799,-177.698,62.617,108.287
-0.778,0.147,-0.818,-6.104,-24.292,-16.846,-177.781,63.468,110.462
-0.904,0.133,-0.878,-2.319,-26.978,-7.507,-177.907,64.836,112.176
-1.345,0.08,-1.165,-8.728,-39.185,-6.287,-178.22,66.665,113.588
-0.767,-0.023,-0.938,-3.418,42.297,-16.724,-178.132,66.363,115.516
-0.357,-0.06,-0.836,-9.705,23.621,-3.479,-178.209,64.797,117.169
-0.362,-0.138,-0.784,-3.113,21.423,-13.672,-178.11,63.715,118.455
-0.345,-0.127,-0.784,-8.85,21.118,-8.118,-177.737,62.474,119.789
-0.291,-0.106,-0.739,-18.311,16.602,2.991,-178.088,61.271,120.278
-0.318,0.014,-0.663,-24.353,-3.296,8.423,-179.193,60.612,120.179
-0.47,0.05,-0.632,-20.02,-11.963,6.104,179.621,60.837,120.053
-0.556,0.072,-0.63,-13.611,-14.221,1.892,178.704,61.249,120.24
-0.604,-0.006,-0.708,-10.071,-9.583,-3.296,178.259,61.886,121.003
-0.604,-0.022,-0.717,-13.733,-15.564,-1.465,177.83,62.463,121.893
-0.713,-0.033,-0.816,-14.221,-12.634,-2.93,177.27,63.276,122.712
-0.846,-0.017,-1.01,-10.803,3.113,-10.193,177.105,63.572,124.008
-0.833,-0.039,-1.054,-9.827,-5.432,-23.071,177.506,63.704,125.975
-0.811,0.138,-1.043,-18.86,-0.427,-22.888,177.671,64.028,128.156
-0.416,0.133,-0.746,-23.315,13.245,-31.921,177.957,63.677,130.798
-0.578,0.286,-0.795,-30.884,5.615,-24.414,177.583,63.276,133.237
-0.396,0.237,-0.719,-23.621,26.428,-40.527,177.501,62.254,136.016
-0.406,0.224,-0.665,-19.836,7.263,-46.265,177.929,61.507,139.422
-0.464,0.127,-0.612,-18.372,0.732,-52.246,178.599,61.287,142.96
-0.525,0.112,-0.609,-20.02,3.174,-49.316,179.231,61.304,146.635
-0.525,0.063,-0.588,-19.47,-4.7,-49.316,179.797,61.293,150.271
-0.694,0.022,-0.661,-21.484,-7.141,-46.326,-179.637,61.842,153.962
-0.661,0.041,-0.672,-25.269,1.892,-40.405,-179.302,62.067,157.566
-0.658,0.104,-0.74,-23.926,-0.244,-30.945,-179.407,62.161,160.582
-0.591,0.092,-0.744,-21.729,-4.883,-28.564,-179.407,62.468,163.328
-0.635,0.172,-0.796,-15.503,-14.16,-16.479,-179.764,63.007,165.322
-0.817,0.16,-0.914,-11.475,-17.273,-9.277,179.94,63.82,166.646
-0.82,0.159,-0.966,-4.822,-11.108,-6.165,179.561,64.457,167.547
-0.996,0.035,-1.066,2.93,-7.446,-13.733,179.89,64.962,168.788
-0.809,-0.046,-0.937,-1.404,11.963,-0.671,-179.819,64.814,169.948
-0.414,-0.053,-0.723,0.488,26.55,16.418,179.692,63.682,169.948
-0.431,-0.102,-0.722,7.935,12.634,11.108,179.583,62.781,169.717
-0.365,-0.11,-0.684,5.92,20.935,25.635,179.467,61.705,169.156
-0.339,-0.106,-0.652,1.587,13.794,32.166,178.786,60.677,167.761
-0.461,-0.057,-0.639,-4.761,-17.395,25.208,177.962,60.557,166.382
-0.644,-0.014,-0.664,-5.31,-13.367,21.606,177.166,61.315,165.443
-0.689,-0.021,-0.692,-5.981,-5.066,23.132,176.32,61.732,164.767
-0.617,0.035,-0.701,-7.263,-1.16,28.381,175.204,61.848,164.026
-0.623,0.092,-0.669,-2.38,-18.188,32.41,173.947,62.183,162.883
-0.655,0.119,-0.736,10.437,-11.719,31.86,172.919,62.858,161.422
-0.717,0.136,-0.844,21.912,-6.653,23.254,172.584,63.226,160.148
-0.683,0.013,-0.93,33.63,-2.808,5.005,173.611,63.298,159.879
-0.75,-0.099,-0.976,25.879,-23.499,1.587,175.21,63.995,160.109
-1.025,0.109,-1.075,7.385,-12.634,5.188,175.726,65.056,160.049
-0.641,0.146,-0.852,-2.38,33.264,-14.038,176.199,64.232,160.939
-0.413,0.252,-0.826,-19.043,32.043,-24.658,176.622,62.501,162.905
-0.438,0.272,-0.763,-17.09,15.625,-32.41,176.666,61.551,164.778
-0.41,0.228,-0.662,-12.268,11.597,-48.157,177.33,60.914,167.454
-0.4,0.133,-0.561,-9.277,-2.686,-46.814,178.275,60.826,170.316
-0.515,0.074,-0.57,-9.338,-12.756,-46.448,179.193,61.381,173.079
-0.561,0.034,-0.559,-12.634,-13.0,-40.649,179.989,62.111,175.787
-0.698,-0.0,-0.639,-14.282,-8.728,-38.94,-179.39,62.886,178.456
-0.706,0.021,-0.674,-19.775,-3.479,-29.297,-178.995,63.347,-178.956
-0.635,0.057,-0.701,-19.775,0.61,-22.339,-179.044,63.561,-176.924
-0.697,0.1,-0.771,-16.785,-9.644,-20.081,-179.203,64.001,-175.232
-0.703,0.151,-0.825,-18.127,3.479,-8.85,-179.561,64.308,-174.012
-0.652,0.135,-0.902,-10.132,-14.587,-10.498,179.885,64.341,-173.381
-0.916,0.1,-0.992,-12.085,-19.592,-6.104,179.539,65.44,-172.755
-1.011,0.055,-1.005,-5.676,-15.076,-1.892,179.072,66.242,-172.474
-0.754,0.006,-0.86,-2.869,17.883,12.573,178.616,66.165,-172.568
-0.413,-0.027,-0.726,9.949,23.376,17.517,178.105,64.803,-173.419
-0.43,-0.106,-0.697,17.273,11.047,10.437,178.621,64.028,-173.848
-0.479,-0.137,-0.716,14.221,14.038,27.588,178.819,63.265,-174.88
-0.375,-0.148,-0.642,7.324,13.489,34.851,178.396,62.271,-176.605
-0.469,-0.107,-0.635,0.488,-3.784,32.532,177.66,61.946,-178.396
-0.529,-0.057,-0.64,-3.723,-9.949,35.217,176.666,62.073,179.819
-0.667,0.024,-0.7,-1.831,-8.362,38.33,175.369,62.457,177.841
-0.617,0.03,-0.691,4.395,-8.118,36.621,174.287,62.523,175.93
-0.663,0.025,-0.758,6.47,-7.141,40.588,173.326,62.77,173.979
-0.63,0.037,-0.774,7.812,-9.46,41.504,172.211,62.847,171.727
-0.758,0.095,-0.9,9.338,-1.892,37.598,171.304,62.897,169.59
-0.75,0.078,-0.936,13.672,-7.385,16.785,171.063,62.781,168.168
-0.924,0.223,-1.053,4.578,-7.996,7.69,171.151,63.171,167.613
-0.636,0.286,-0.848,5.31,20.752,-6.775,171.497,62.902,167.844
-0.401,0.305,-0.779,-2.991,20.691,-6.042,172.04,61.743,168.684
-0.504,0.334,-0.743,-7.996,10.864,-11.841,171.881,61.172,169.096
-0.454,0.375,-0.653,-5.188,16.479,-33.569,172.216,60.568,170.563
-0.494,0.317,-0.609,1.16,20.447,-46.143,173.348,59.963,173.024
-0.479,0.238,-0.594,6.042,27.954,-66.711,175.221,59.09,176.517
-0.499,0.144,-0.62,5.737,31.982,-69.153,177.556,58.074,-179.286
-0.5,0.042,-0.678,-0.061,28.076,-66.223,179.478,56.931,-175.369
-0.482,-0.048,-0.747,-10.986,20.325,-68.176,-178.962,55.975,-171.376
-0.532,-0.075,-0.8,-24.109,12.512,-61.401,-178.061,55.432,-167.602
-0.548,-0.021,-0.858,-35.767,8.301,-50.903,-177.995,55.096,-164.301
-0.544,0.111,-0.876,-39.978,-4.272,-36.255,-178.665,55.042,-161.763
-0.628,0.234,-1.063,-31.189,6.165,-13.184,-179.802,55.168,-160.351
-0.692,0.185,-1.121,-11.597,-13.916,-7.202,179.28,55.322,-159.977
-0.795,0.074,-1.182,-3.296,5.676,12.512,178.792,55.723,-160.153
-0.315,0.026,-0.836,4.272,24.597,42.236,177.951,54.833,-161.68
-0.228,-0.004,-0.848,17.944,2.93,48.767,177.133,53.663,-164.498
-0.381,-0.063,-0.854,20.081,15.442,46.143,177.056,53.097,-167.075
-0.245,-0.115,-0.786,15.869,14.465,51.514,176.885,51.888,-169.86
-0.221,-0.046,-0.736,8.362,-3.845,55.908,176.336,51.037,-173.013
-0.381,-0.004,-0.738,6.897,-16.724,54.749,175.616,51.229,-176.314
-0.444,0.059,-0.761,6.042,-10.193,60.974,174.705,51.4,-179.648
-0.45,0.083,-0.779,10.986,-9.644,56.641,173.804,51.416,177.061
-0.467,0.07,-0.832,11.414,-10.681,48.706,173.287,51.559,174.298
-0.453,0.059,-0.886,13.0,-14.832,38.391,172.875,51.888,171.881
-0.461,0.064,-0.979,9.827,-16.724,31.86,172.667,52.394,169.904
-0.537,0.096,-1.11,11.047,-18.555,19.592,172.595,52.943,168.25
-0.652,0.053,-1.109,5.676,-26.123,-2.075,172.996,54.119,167.613
-0.744,0.183,-1.073,-0.488,-4.333,-18.188,173.331,55.069,167.986
-0.359,0.193,-0.807,-7.263,16.785,-25.33,173.979,54.794,169.42
-0.363,0.284,-0.779,-15.198,-4.333,-13.794,173.99,54.476,170.541
-0.475,0.275,-0.744,-15.137,5.188,-19.226,173.485,54.662,171.145
-0.353,0.289,-0.681,-16.296,12.634,-29.053,173.227,54.261,172.524
-0.362,0.219,-0.633,-10.498,2.808,-39.734,173.287,54.13,174.32
-0.407,0.214,-0.633,-10.559,0.427,-40.649,173.595,54.344,176.424
-0.488,0.169,-0.645,-8.301,0.183,-39.734,174.045,54.624,178.599
-0.549,0.156,-0.719,-7.935,0.122,-36.011,174.452,54.91,-179.33
-0.628,0.118,-0.775,-9.033,8.179,-35.767,174.913,55.129,-177.198
-0.518,0.125,-0.785,-11.658,5.249,-33.081,175.292,54.959,-175.04
-0.548,0.121,-0.819,-10.498,0.671,-35.034,175.682,55.322,-172.936
-0.6,0.22,-0.896,-9.033,-6.592,-25.391,175.858,55.706,-171.227
-0.688,0.253,-1.068,0.427,5.432,-9.338,176.056,55.871,-170.239
-0.762,0.219,-1.125,7.507,-7.69,6.104,176.089,56.063,-170.354
-0.746,0.107,-1.146,18.188,14.16,4.272,176.429,55.86,-170.706
-0.228,-0.03,-0.768,19.409,19.775,7.751,177.215,54.91,-170.843
-0.443,-0.053,-0.771,25.33,-10.376,16.541,177.83,54.772,-171.815
-0.389,-0.138,-0.801,22.339,32.043,31.921,178.616,54.064,-173.018
-0.219,-0.13,-0.789,15.686,19.714,45.166,178.698,52.476,-175.161
-0.285,-0.091,-0.717,4.028,-4.883,43.518,178.297,51.801,-177.759
-0.421,-0.022,-0.689,0.916,-12.756,41.626,177.583,52.02,179.736
-0.504,0.038,-0.747,3.235,-9.583,46.387,176.776,52.344,177.325
-0.506,0.082,-0.8,11.719,-1.221,53.04,176.028,52.399,174.738
-0.484,0.056,-0.844,20.081,-10.132,55.664,175.512,52.383,171.837
-0.514,0.026,-0.88,21.118,-11.658,48.767,175.292,52.712,169.041
-0.597,0.017,-1.025,24.658,0.0,33.936,175.457,52.866,166.888
-0.579,-0.014,-1.167,19.226,5.493,8.972,176.243,52.493,165.992
-0.664,0.056,-1.167,3.723,-6.592,-15.564,177.006,52.679,166.311
-0.475,0.093,-0.968,-5.005,24.963,-33.386,177.836,52.306,167.953
-0.263,0.196,-0.849,-22.522,13.916,-36.865,178.061,51.279,169.991
-0.428,0.23,-0.76,-24.963,8.362,-60.486,177.973,51.196,172.584
-0.418,0.231,-0.734,-31.86,25.33,-74.402,178.055,50.449,176.413
-0.24,0.131,-0.661,-33.813,31.616,-83.069,178.198,49.219,-179.165
-0.285,0.138,-0.681,-39.429,9.46,-79.956,177.973,48.532,-174.809
-0.362,0.15,-0.7,-41.443,11.963,-78.43,177.473,48.406,-170.722
-0.422,0.143,-0.79,-32.532,2.075,-74.097,177.155,48.417,-166.624
-0.491,0.148,-0.848,-25.94,5.554,-57.312,176.957,48.658,-163.174
-0.468,0.202,-0.91,-16.174,0.366,-41.809,176.885,48.79,-160.472
-0.431,0.207,-0.892,-2.014,-9.888,-30.334,177.05,49.241,-158.67
-0.569,0.177,-0.951,4.883,-14.282,-19.958,177.583,50.175,-157.412
-0.651,0.242,-1.122,9.766,-9.827,5.066,177.797,50.718,-157.209
-0.768,0.11,-1.202,20.874,-1.16,6.348,178.303,51.191,-157.654
-0.458,0.018,-1.051,18.921,29.602,14.465,178.956,50.339,-158.11
-0.016,-0.021,-0.908,27.039,19.531,10.498,179.709,48.889,-158.84
-0.184,-0.229,-0.855,27.161,-6.653,-33.081,-178.451,48.834,-158.236
-0.166,-0.262,-0.781,2.563,-1.648,-24.719,-176.973,48.631,-156.676
-0.242,-0.209,-0.762,-15.564,-10.071,9.094,-177.078,48.757,-156.703
-0.274,-0.087,-0.723,-20.569,-12.817,18.066,-178.105,49.07,-157.637
-0.366,-0.041,-0.749,-13.184,-22.278,18.372,-179.039,49.779,-158.599
-0.52,-0.001,-0.795,-5.493,-15.686,30.212,-179.852,50.691,-159.791
-0.535,-0.016,-0.834,2.869,-10.681,32.654,179.506,51.251,-161.279
-0.507,0.019,-0.878,5.127,-5.005,42.847,178.868,51.597,-163.076
-0.503,0.029,-1.001,9.888,-5.676,40.344,178.336,51.833,-165.103
-0.437,0.099,-1.157,20.203,-14.771,31.311,178.253,52.13,-166.926
-0.673,0.087,-1.182,44.067,-37.048,11.353,179.127,53.3,-168.344
-0.604,-0.101,-1.032,27.893,-11.414,5.371,-179.099,54.366,-168.706
-0.347,0.008,-0.833,-1.953,-2.625,14.465,-178.693,54.41,-169.184
-0.567,0.154,-0.802,-20.264,-4.822,9.094,-179.731,54.783,-170.041
-0.382,0.25,-0.716,-20.569,24.536,-11.353,179.22,53.937,-169.799
-0.319,0.225,-0.657,-10.437,12.756,-26.367,178.901,53.053,-168.635
-0.393,0.147,-0.641,-2.869,2.93,-36.316,179.28,52.833,-166.915
-0.486,0.114,-0.668,0.183,10.376,-36.377,179.951,52.718,-164.927
-0.474,0.076,-0.674,0.305,15.198,-37.476,-179.313,52.158,-162.85
-0.488,0.036,-0.717,0.916,13.306,-44.495,-178.429,51.691,-160.455
-0.541,-0.023,-0.767,-4.028,5.066,-43.701,-177.528,51.498,-157.835
-0.579,-0.033,-0.786,-11.719,6.531,-41.992,-176.984,51.416,-155.264
-0.502,0.01,-0.781,-16.296,4.883,-35.95,-176.847,51.251,-152.897
-0.508,0.027,-0.891,-20.386,-9.338,-29.968,-176.869,51.597,-150.749
-0.562,0.192,-0.989,-20.813,-9.888,-19.043,-177.501,52.262,-149.343
-0.618,0.231,-1.072,-5.188,-20.142,-20.02,-177.759,53.004,-148.25
-0.842,0.191,-1.229,0.183,-20.752,-16.968,-177.627,54.261,-147.382
-0.604,0.054,-1.114,11.963,16.602,-35.706,-176.808,54.294,-146.041
-0.162,-0.107,-0.83,10.62,7.385,-34.546,-175.408,53.586,-144.075
-0.175,-0.193,-0.921,7.385,-13.733,-38.086,-174.111,53.575,-142.339
-0.202,-0.131,-0.875,-3.784,-2.869,-22.949,-173.134,53.635,-140.685
-0.167,-0.063,-0.808,3.418,-9.521,-9.338,-172.842,53.465,-140.356
-0.275,-0.1,-0.706,3.784,-23.376,-16.357,-172.249,53.893,-139.916
-0.433,-0.115,-0.627,2.502,-26.306,-25.94,-171.387,54.783,-138.768
-0.599,-0.082,-0.624,-0.366,-13.062,-34.973,-170.354,55.404,-136.857
-0.718,-0.12,-0.715,-7.629,23.621,-37.537,-169.437,54.882,-134.528
-0.401,-0.066,-0.774,-5.737,28.931,-29.48,-169.173,53.207,-132.847
-0.465,-0.2,-0.813,3.296,3.418,-39.856,-168.195,52.504,-130.787
-0.497,-0.257,-0.802,2.93,5.676,-44.128,-166.981,52.114,-128.331
-0.351,-0.356,-0.764,-1.465,-5.249,-47.485,-165.646,51.542,-125.508
-0.494,-0.405,-0.888,-9.216,-6.104,-40.649,-164.592,51.526,-122.668
-0.438,-0.339,-0.947,-15.625,-10.559,-35.522,-164.097,51.301,-120.223
-0.647,-0.351,-0.988,-15.198,-21.851,-52.429,-163.4,51.812,-117.241
-0.496,-0.278,-0.896,-20.142,-17.09,-58.35,-162.653,51.949,-113.692
-0.386,-0.147,-0.824,-43.884,-12.024,-44.25,-162.686,51.982,-110.484
-0.389,0.01,-0.764,-49.133,-31.372,-44.25,-163.883,52.454,-107.974
-0.535,0.025,-0.781,-51.025,-29.907,-66.345,-164.85,53.41,-104.777
-0.563,0.002,-0.838,-46.509,-9.644,-84.534,-165.256,53.591,-100.58
-0.417,-0.053,-0.845,-46.265,-3.662,-83.008,-165.493,52.932,-96.268
-0.443,-0.015,-0.835,-45.105,-11.475,-68.909,-165.998,52.696,-92.466
-0.472,0.029,-0.792,-36.682,-25.33,-59.509,-166.586,53.015,-89.379
-0.545,-0.006,-0.8,-28.87,-22.095,-57.251,-166.624,53.839,-86.303
-0.512,-0.007,-0.766,-21.851,-27.039,-42.847,-166.652,54.613,-83.886
-0.6,0.037,-0.938,-21.484,-13.367,-20.569,-167.08,55.426,-82.546
-0.68,-0.096,-0.983,4.456,-15.747,-27.649,-166.998,56.102,-81.76
-0.409,-0.349,-0.804,5.249,-11.108,-41.26,-165.646,56.135,-79.953
-0.422,-0.376,-0.77,-10.254,-10.559,-24.841,-164.652,56.365,-78.036
-0.584,-0.327,-0.822,-19.714,-7.874,-21.423,-164.493,56.706,-76.553
-0.489,-0.261,-0.797,-25.391,1.343,-17.7,-164.888,56.442,-75.41
-0.444,-0.236,-0.763,-31.86,-1.587,-21.973,-165.515,56.217,-74.207
-0.472,-0.201,-0.788,-34.485,-9.644,-23.987,-166.289,56.234,-72.79
-0.437,-0.186,-0.766,-32.104,-7.935,-27.1,-166.937,56.354,-71.186
-0.408,-0.214,-0.759,-30.457,-19.104,-28.015,-167.415,56.662,-69.483
-0.547,-0.233,-0.829,-29.297,-15.625,-38.147,-167.618,57.233,-67.396
-0.582,-0.242,-0.97,-29.541,-0.183,-47.852,-167.437,57.112,-64.742
-0.752,-0.145,-1.04,-36.804,-21.24,-47.485,-167.36,57.178,-61.897
-0.516,-0.028,-0.838,-44.739,10.925,-43.152,-167.871,56.964,-59.436
-0.49,0.115,-0.803,-57.861,-18.555,-39.795,-169.404,56.761,-57.579
-0.583,0.181,-0.755,-59.57,-8.667,-56.519,-170.903,57.283,-55.157
-0.606,0.2,-0.741,-51.514,-1.587,-67.322,-171.843,57.321,-52.13
-0.543,0.152,-0.708,-40.649,2.075,-64.697,-172.332,57.047,-49.18
-0.553,0.143,-0.732,-32.654,9.644,-54.932,-172.656,56.744,-46.741
-0.563,0.126,-0.754,-22.217,1.587,-41.504,-172.837,56.437,-44.929
-0.47,0.071,-0.728,-12.39,3.54,-34.424,-172.826,56.294,-43.682
-0.478,0.086,-0.728,-18.738,-11.414,-25.757,-172.996,56.591,-42.858
-0.586,0.145,-0.833,-10.254,-17.517,-26.733,-173.249,57.283,-42.144
-0.833,-0.015,-1.017,0.366,-37.231,-27.954,-172.782,58.634,-41.226
-1.21,-0.066,-1.283,-0.488,-30.273,-14.709,-172.211,60.612,-40.496
-0.899,-0.141,-1.127,1.404,18.005,-5.92,-171.81,60.903,-40.402
-0.369,-0.116,-0.849,-4.456,30.151,16.602,-172.321,59.749,-41.435
-0.251,-0.193,-0.788,8.301,25.757,-0.61,-172.683,58.381,-42.594
-0.283,-0.25,-0.785,3.967,23.926,-7.446,-172.057,56.948,-42.347
-0.241,-0.232,-0.728,0.366,21.301,9.094,-171.925,55.651,-42.583
-0.275,-0.184,-0.659,-6.348,3.723,17.212,-172.271,54.904,-43.281
-0.396,-0.088,-0.682,-10.254,1.587,21.973,-173.073,54.739,-44.302
-0.424,-0.077,-0.745,-7.202,7.08,14.771,-173.809,54.448,-45.302
-0.419,-0.122,-0.811,-10.376,-0.977,10.803,-174.364,54.207,-45.961
-0.41,-0.148,-0.867,-9.521,-4.761,2.38,-174.88,54.316,-46.291
-0.557,-0.194,-1.008,-10.498,-4.211,-2.563,-175.084,54.558,-46.077
-0.371,-0.23,-0.989,-7.568,-6.897,-15.32,-175.128,54.355,-45.577
-0.783,-0.34,-1.043,-17.151,-41.077,-42.236,-174.353,55.64,-43.55
-0.759,-0.028,-1.025,-43.091,8.24,-33.569,-174.589,56.338,-41.248
-0.427,0.175,-0.914,-54.016,27.588,-34.729,-175.737,55.327,-39.348
-0.346,0.418,-0.942,-57.312,21.301,-19.897,-177.88,54.031,-38.123
-0.223,0.409,-0.844,-35.4,18.616,-36.255,-179.742,52.91,-37.205
-0.282,0.341,-0.726,-24.78,0.732,-38.818,179.423,52.46,-35.656
-0.354,0.228,-0.66,-13.367,-4.333,-34.119,178.962,52.559,-34.475
-0.4,0.193,-0.665,-11.475,-4.272,-29.785,178.682,52.877,-33.591
-0.43,0.15,-0.651,-8.789,-4.456,-31.311,178.599,53.163,-32.684
-0.5,0.123,-0.732,-7.812,-10.925,-30.579,178.687,53.718,-31.707
-0.55,0.099,-0.799,-9.216,-6.714,-25.635,178.802,54.415,-30.8
-0.546,0.105,-0.874,-6.836,-5.127,-25.635,178.984,54.855,-29.916
-0.469,0.168,-0.911,-7.935,-1.038,-21.606,179.055,55.107,-29.163
-0.544,0.215,-1.041,-2.136,-9.155,-21.545,179.297,55.47,-28.367
-0.804,0.18,-1.189,6.958,-17.883,-15.259,179.681,56.201,-27.944
-0.85,0.015,-1.175,11.902,6.47,-17.334,-179.506,56.585,-27.532
-0.208,-0.1,-0.705,7.324,26.184,-3.784,-178.808,55.624,-27.219
-0.197,-0.1,-0.764,9.399,12.451,11.047,-178.55,54.465,-27.631
-0.203,-0.094,-0.748,11.475,17.212,22.522,-178.358,53.52,-28.444
-0.263,-0.145,-0.741,10.742,-4.211,27.588,-178.297,52.916,-29.674
-0.421,-0.151,-0.719,1.16,-17.334,26.306,-178.478,53.267,-30.905
-0.536,-0.148,-0.707,-4.822,-17.456,20.508,-178.901,54.069,-31.981
-0.598,-0.063,-0.746,-10.315,-6.165,31.006,-179.72,54.63,-33.283
-0.579,0.0,-0.788,-6.042,2.869,43.152,179.088,54.651,-35.392
-0.497,0.046,-0.802,0.0,3.418,50.72,177.841,54.426,-38.128
-0.503,0.03,-0.87,6.042,-1.16,49.194,176.765,54.272,-41.056
-0.471,0.008,-0.926,3.357,-0.549,41.443,175.968,54.119,-43.511
-0.484,-0.002,-1.021,1.892,-14.404,25.33,175.353,54.289,-45.28
-0.601,0.014,-0.978,-5.432,-22.766,10.559,174.897,55.393,-46.17
-0.728,0.112,-1.081,-12.329,-20.203,0.366,174.397,56.338,-46.478
-0.744,0.222,-1.052,-17.761,-6.592,-17.639,173.947,57.052,-45.989
-0.494,0.257,-0.86,-25.94,14.038,-31.982,173.809,56.975,-44.401
-0.393,0.364,-0.798,-35.156,9.827,-32.166,173.194,56.437,-42.632
-0.349,0.345,-0.713,-33.508,15.137,-46.814,172.529,56.102,-40.682
-0.299,0.328,-0.635,-30.212,5.554,-54.932,172.26,55.898,-38.101
-0.417,0.292,-0.618,-27.954,0.732,-54.871,172.062,56.239,-35.667
-0.448,0.288,-0.644,-23.743,5.249,-53.894,172.051,56.508,-33.272
-0.492,0.242,-0.651,-17.7,-1.282,-48.706,172.222,56.865,-31.179
-0.585,0.234,-0.715,-16.663,-7.874,-45.166,172.452,57.59,-29.377
-0.591,0.21,-0.74,-15.137,-5.005,-45.471,172.853,58.381,-27.581
-0.571,0.213,-0.779,-13.062,-11.658,-42.908,173.331,59.216,-25.807
-0.574,0.225,-0.806,-12.634,-16.724,-37.537,173.716,60.276,-24.335
-0.688,0.245,-0.882,-12.878,-20.264,-30.029,174.023,61.523,-23.11
-0.844,0.268,-1.023,-10.01,-20.325,-15.259,173.853,62.54,-22.703
-1.013,0.193,-1.109,-5.615,-10.315,-7.935,173.639,63.517,-22.841
-0.643,0.068,-0.825,-4.333,7.69,0.549,173.502,63.435,-23.181
-0.406,0.039,-0.771,1.282,8.362,7.874,173.276,62.765,-23.796
-0.428,0.017,-0.771,6.47,14.526,8.362,173.419,62.386,-24.313
-0.254,0.01,-0.688,9.338,0.061,15.564,173.518,61.584,-25.021
-0.367,0.012,-0.609,3.54,-16.296,22.095,173.249,61.71,-26.109
-0.533,0.031,-0.608,1.648,-25.024,20.935,172.634,62.408,-27.499
-0.632,0.036,-0.614,3.113,-17.944,16.174,172.051,63.215,-28.905
-0.704,0.021,-0.688,2.014,-13.0,9.644,171.81,63.88,-29.976
-0.693,0.013,-0.712,0.549,-4.822,12.878,171.672,64.232,-30.839
-0.642,0.065,-0.727,-3.784,-2.319,29.114,170.986,64.319,-32.311
-0.614,0.127,-0.735,0.427,-10.193,36.316,169.711,64.27,-34.623
-0.675,0.154,-0.828,5.92,-11.047,38.391,168.481,64.413,-37.244
-0.736,0.198,-0.942,5.676,-3.235,38.086,167.388,64.363,-39.842
-0.587,0.162,-0.852,10.803,-27.161,8.301,166.778,64.523,-41.616
-1.025,0.171,-0.911,3.052,-47.302,-9.155,167.146,66.671,-41.885
-1.017,0.257,-0.868,2.747,-2.625,-8.179,167.355,67.824,-42.028
-0.596,0.26,-0.695,-4.028,32.532,-14.404,168.25,66.945,-41.094
-0.532,0.313,-0.673,-10.498,14.648,-11.353,168.536,66.006,-40.364
-0.488,0.275,-0.592,-9.216,17.273,-23.987,168.849,65.418,-39.562
-0.478,0.249,-0.535,-8.85,12.756,-29.663,169.442,65.045,-38.392
-0.459,0.177,-0.482,-7.568,2.197,-34.485,170.195,65.045,-37.134
-0.639,0.162,-0.555,-9.827,-2.991,-26.794,170.722,65.572,-36.151
-0.668,0.158,-0.563,-10.925,2.319,-20.508,171.057,65.907,-35.497
-0.729,0.169,-0.606,-10.986,0.061,-15.869,171.134,66.171,-35.211
-0.747,0.169,-0.659,-10.742,10.437,-16.418,171.249,66.302,-34.92
-0.674,0.196,-0.649,-12.451,7.507,-11.902,171.299,66.143,-34.678
-0.682,0.231,-0.697,-10.132,3.235,-17.395,171.293,66.165,-34.525
-0.734,0.284,-0.781,-8.484,4.944,-18.005,171.53,66.302,-34.14
-0.733,0.312,-0.857,-7.324,0.977,-12.939,171.584,66.165,-34.074
-0.85,0.297,-0.966,-4.517,-6.836,-15.93,171.716,66.566,-34.052
-0.993,0.212,-1.03,2.258,-0.977,-10.681,172.073,66.951,-34.08
-0.678,0.165,-0.792,3.601,14.954,5.371,172.189,66.528,-34.651
-0.511,0.087,-0.708,18.677,15.808,-2.502,172.612,65.605,-35.387
-0.541,-0.042,-0.66,26.123,21.545,-25.33,174.771,64.995,-34.492
-0.452,-0.102,-0.668,14.099,43.457,-9.705,176.682,63.309,-33.459
-0.328,-0.07,-0.632,-3.174,43.274,-1.709,177.27,61.029,-33.151
-0.33,-0.033,-0.665,-8.118,20.386,-16.541,177.583,59.485,-32.371
-0.544,-0.048,-0.699,-12.817,4.517,-28.32,178.138,59.073,-30.806
-0.548,-0.036,-0.765,-15.442,19.775,-18.616,178.429,58.458,-29.438
-0.584,-0.01,-0.807,-12.024,14.893,-13.672,178.533,57.728,-28.614
-0.519,-0.021,-0.785,-10.498,14.465,-9.155,178.588,57.047,-28.185
-0.523,-0.011,-0.875,-6.775,14.221,-9.766,178.61,56.453,-27.883
-0.55,-0.028,-1.002,-6.897,15.686,-7.019,178.698,55.805,-27.625
-0.501,0.038,-1.131,-4.089,6.592,-8.972,178.737,54.987,-27.389
-0.752,0.042,-1.185,-3.357,1.343,-22.766,179.313,55.02,-26.505
-0.552,0.122,-1.014,-3.357,27.1,-16.541,179.863,54.338,-25.576
-0.246,0.222,-0.849,-10.925,21.24,-8.484,179.775,52.943,-25.34
-0.458,0.203,-0.792,-10.01,3.54,-21.301,179.566,52.729,-25.038
-0.432,0.161,-0.735,-13.611,17.639,-40.1,179.626,52.119,-23.972
-0.377,0.107,-0.695,-14.099,18.311,-43.457,179.841,51.367,-22.44
-0.367,0.106,-0.714,-12.817,12.207,-33.508,179.868,50.79,-21.281
-0.371,0.095,-0.703,-9.583,6.775,-28.625,179.907,50.51,-20.511
-0.492,0.052,-0.747,-4.456,1.77,-33.203,-179.78,50.548,-19.638
-0.471,0.016,-0.769,-5.432,9.827,-27.222,-179.39,50.405,-18.814
-0.452,0.013,-0.821,-7.812,8.118,-19.958,-179.138,50.147,-18.226
-0.505,0.048,-0.867,-8.972,3.235,-13.489,-179.149,50.087,-17.99
-0.536,0.131,-0.968,-9.155,9.399,-1.221,-179.412,49.9,-18.188
-0.526,0.308,-1.122,-2.869,16.235,19.775,179.912,49.34,-19.418
-0.663,0.18,-1.191,23.621,1.038,7.141,-179.978,49.114,-20.962
-0.536,0.091,-1.147,28.259,36.865,14.221,-179.116,48.345,-22.28
0.024,-0.035,-0.864,41.077,35.889,22.827,-177.918,46.417,-23.824
-0.08,-0.213,-0.869,35.278,-1.648,20.325,-176.391,45.566,-25.005
-0.118,-0.185,-0.889,13.55,5.981,32.898,-175.688,45.297,-25.999
-0.102,-0.168,-0.834,2.014,-5.737,37.842,-175.847,45.126,-27.301
-0.123,-0.11,-0.786,-0.854,-19.836,29.053,-176.27,45.478,-28.394
-0.313,-0.124,-0.758,-0.305,-27.893,15.564,-176.347,46.577,-28.685
-0.417,-0.099,-0.788,-5.005,-21.79,22.949,-176.644,47.609,-29.246
-0.458,-0.062,-0.816,-8.667,-15.869,23.193,-177.308,48.472,-30.256
-0.445,-0.017,-0.847,-10.864,-10.803,19.897,-178.105,49.092,-31.278
-0.458,-0.002,-0.9,-6.226,-8.118,18.738,-178.824,49.603,-32.3
-0.439,0.007,-0.978,-0.732,-2.563,23.438,-179.396,49.867,-33.475
-0.323,-0.035,-1.107,7.019,-1.709,20.691,-179.648,49.73,-34.7
-0.614,-0.021,-1.269,12.146,-14.893,-4.883,-179.28,50.273,-34.942
-0.521,0.066,-1.211,0.671,7.507,8.911,-178.852,50.35,-34.75
-0.112,0.198,-0.86,-2.808,2.502,13.428,-179.198,49.823,-35.338
-0.426,0.255,-0.777,-2.258,-26.917,7.263,-179.725,50.515,-35.859
-0.45,0.226,-0.719,-0.061,1.709,-8.85,179.929,50.966,-36.101
-0.39,0.154,-0.672,2.38,5.432,-15.259,-179.962,50.817,-35.804
-0.291,0.125,-0.603,4.822,-1.221,-15.991,-179.736,50.663,-35.48
-0.439,0.066,-0.645,7.812,-12.756,-18.372,-179.264,51.218,-35.03
-0.488,0.04,-0.676,6.165,-7.446,-24.048,-178.627,51.779,-34.332
-0.553,0.005,-0.763,3.174,-8.545,-29.663,-177.803,52.405,-33.179
-0.537,0.016,-0.774,-1.099,-9.583,-27.832,-177.122,53.009,-31.937
-0.528,0.016,-0.804,-5.371,-14.832,-23.926,-176.594,53.811,-30.74
-0.602,0.084,-0.93,-7.141,-16.418,-7.507,-176.66,54.767,-30.218
-0.613,0.152,-1.084,-6.653,-11.108,17.212,-177.319,55.382,-30.883
-0.807,0.082,-1.24,10.925,-22.827,15.686,-177.885,56.519,-32.25
-0.712,-0.083,-1.125,15.625,-0.671,10.01,-177.517,57.068,-32.981
-0.292,-0.147,-0.843,18.066,7.874,26.489,-177.385,56.678,-34.124
-0.44,-0.206,-0.855,12.573,12.451,21.851,-177.204,56.294,-35.134
-0.237,-0.17,-0.737,3.662,20.752,33.875,-177.418,55.14,-36.167
-0.243,-0.124,-0.745,-4.333,5.066,34.485,-178.176,54.36,-37.469
-0.328,-0.078,-0.71,-5.676,-2.502,24.475,-178.901,54.13,-38.282
-0.443,-0.073,-0.719,-1.648,-8.606,17.212,-179.324,54.311,-38.683
-0.472,-0.042,-0.697,0.488,-5.92,18.616,-179.621,54.542,-39.139
-0.575,-0.053,-0.762,1.038,-9.827,20.203,-179.846,54.97,-39.771
-0.557,-0.021,-0.798,0.854,0.671,25.818,179.676,55.201,-40.814
-0.522,-0.042,-0.896,0.0,0.244,28.076,179.171,55.184,-42.012
-0.475,-0.046,-0.975,4.028,0.061,26.184,178.621,55.162,-43.248
-0.565,-0.048,-1.188,5.371,6.714,14.038,178.511,54.926,-43.885
-0.641,0.036,-1.301,2.258,-1.526,-5.859,178.808,54.871,-43.506
-0.575,0.203,-1.018,9.338,13.977,-24.17,179.561,54.498,-42.177
-0.231,0.085,-0.836,1.709,9.277,-27.771,-179.187,53.652,-40.172
-0.513,0.191,-0.784,-11.902,-20.874,-15.32,-179.203,54.316,-38.903
-0.467,0.152,-0.697,-8.057,13.611,-40.649,-179.11,54.245,-37.375
-0.376,0.105,-0.614,-13.611,15.259,-62.622,-178.347,53.613,-34.36
-0.409,0.034,-0.623,-12.939,12.573,-71.655,-177.374,52.993,-30.756
-0.416,-0.009,-0.667,-15.869,18.066,-68.42,-176.429,52.289,-27.043
-0.426,-0.031,-0.742,-16.541,2.136,-59.326,-175.737,51.768,-23.681
-0.55,-0.072,-0.818,-16.968,-2.319,-48.95,-175.232,51.888,-20.825
-0.525,-0.055,-0.82,-16.113,2.38,-38.513,-174.957,51.872,-18.534
-0.492,-0.024,-0.837,-14.771,-4.517,-23.743,-174.897,52.02,-16.963
-0.38,0.019,-0.937,-10.071,-21.118,-18.982,-174.985,52.668,-15.93
-0.412,0.108,-1.036,-21.362,-49.438,-15.503,-175.265,54.41,-14.788
-0.726,0.246,-0.955,-6.042,-80.933,-25.94,-175.611,57.7,-13.513
-1.111,0.003,-0.98,2.625,-65.674,-37.903,-174.342,61.326,-11.365
-0.975,0.008,-0.962,0.61,12.024,-19.958,-173.458,62.408,-10.047
-0.354,-0.096,-0.764,11.78,26.917,-18.372,-172.672,61.117,-9.531
-0.292,-0.236,-0.783,9.216,1.099,-28.076,-171.216,60.474,-8.058
-0.396,-0.101,-0.747,2.197,1.038,-12.085,-170.398,60.282,-6.636
-0.417,-0.115,-0.675,-1.343,3.357,8.972,-170.387,59.985,-6.449
-0.484,-0.083,-0.698,-12.39,18.921,6.042,-171.068,59.392,-6.833
-0.33,-0.006,-0.654,-11.169,12.39,-3.54,-171.837,58.348,-6.899
-0.473,-0.067,-0.676,-3.967,-12.207,-14.282,-171.87,58.26,-6.163
-0.66,-0.139,-0.692,-3.601,-12.634,-24.658,-171.31,58.848,-4.845
-0.693,-0.197,-0.712,-9.033,1.099,-29.785,-170.541,59.068,-3.241
-0.589,-0.189,-0.71,-16.785,11.108,-28.992,-170.123,58.694,-1.725
-0.459,-0.204,-0.72,-17.761,9.033,-35.645,-169.854,58.101,-0.121
-0.521,-0.246,-0.86,-20.203,-0.183,-42.053,-169.299,57.678,2.159
-0.684,-0.25,-1.022,-23.376,-2.686,-44.861,-168.783,57.469,4.719
-0.71,-0.202,-0.987,-25.757,-6.165,-54.688,-168.179,57.448,7.718
-0.591,-0.147,-0.859,-36.194,2.808,-57.922,-167.778,57.074,10.942
-0.378,-0.009,-0.704,-50.476,-4.028,-52.856,-168.344,56.613,13.903
-0.427,0.057,-0.678,-56.335,-34.119,-61.707,-169.239,57.255,17.292
-0.688,0.055,-0.733,-62.683,-34.668,-73.853,-169.986,58.634,21.484
-0.708,0.086,-0.747,-68.298,-6.165,-82.703,-170.64,59.15,26.043
-0.62,0.13,-0.761,-58.96,5.371,-81.665,-171.266,58.727,30.46
-0.488,0.126,-0.727,-51.575,0.916,-72.937,-171.744,58.288,34.673
-0.568,0.039,-0.701,-41.382,-26.672,-66.956,-171.859,58.87,38.936
-0.599,0.081,-0.678,-40.039,-30.396,-51.392,-172.095,60.057,42.698
-0.694,0.131,-0.7,-37.048,-26.367,-36.621,-172.59,61.496,45.725
-0.731,0.251,-0.784,-31.189,-19.653,-17.212,-173.749,62.551,47.774
-0.825,0.137,-0.931,-4.395,-26.184,-27.283,-174.155,63.539,49.966
-0.912,-0.087,-0.884,14.282,-39.49,-36.926,-172.711,65.286,52.894
-0.643,-0.216,-0.661,7.568,-7.019,-27.649,-170.826,66.39,55.459
-0.536,-0.241,-0.67,-2.441,2.991,-23.682,-169.772,66.121,56.898
-0.667,-0.292,-0.71,-18.982,0.427,-32.227,-168.679,66.094,58.854
-0.708,-0.182,-0.769,-33.203,17.639,-23.621,-169.025,65.33,60.062
-0.549,-0.104,-0.712,-41.931,17.7,-23.438,-169.854,64.166,61.287
-0.535,-0.032,-0.685,-38.818,2.686,-24.963,-170.909,63.655,62.661
-0.617,-0.081,-0.733,-36.926,5.554,-34.912,-171.392,63.358,64.83
-0.516,-0.089,-0.719,-36.133,3.784,-32.471,-171.898,62.908,67.126
-0.544,-0.142,-0.75,-35.156,-2.441,-40.405,-172.139,62.754,69.703
-0.629,-0.194,-0.818,-32.349,-3.967,-49.927,-171.876,62.721,72.894
-0.541,-0.125,-0.846,-43.762,6.348,-41.138,-171.947,62.287,75.959
-0.847,0.005,-0.999,-42.542,-25.208,-53.406,-172.211,62.485,79.305
-0.583,0.104,-0.788,-56.885,11.047,-48.279,-172.37,62.628,83.655
-0.684,0.262,-0.785,-56.458,-20.935,-40.161,-173.892,62.556,87.314
-0.656,0.227,-0.692,-49.988,-4.822,-66.406,-174.672,62.996,92.12
-0.672,0.152,-0.664,-46.204,-4.028,-73.975,-174.534,63.007,98.24
-0.667,0.114,-0.644,-44.617,5.676,-66.162,-174.38,62.699,104.31
-0.632,0.135,-0.636,-37.781,14.648,-51.636,-174.694,62.023,109.484
-0.616,0.108,-0.634,-28.32,7.324,-47.18,-174.957,61.315,114.06
-0.603,0.091,-0.618,-23.132,5.798,-38.025,-175.095,60.985,118.229
-0.549,0.107,-0.605,-19.958,6.165,-25.208,-175.441,60.677,121.635
-0.794,0.102,-0.762,-9.949,-6.592,-26.672,-175.732,60.782,124.59
-0.834,0.167,-0.918,-11.108,9.46,-13.367,-175.875,60.743,127.397
-0.749,0.073,-0.899,2.502,-7.141,-10.315,-176.034,60.667,129.353
-0.907,0.023,-1.044,10.437,3.662,-21.118,-175.43,60.985,131.715
-0.643,-0.128,-0.942,12.024,5.005,-23.499,-174.1,60.524,134.533
-0.746,-0.174,-1.121,-4.456,0.793,-3.906,-173.65,60.634,136.538
-0.378,-0.162,-0.981,-14.587,7.507,12.878,-174.37,60.161,137.219
-0.388,-0.111,-0.813,-9.277,-13.611,14.526,-175.523,60.672,137.021
-0.481,-0.133,-0.77,2.747,-4.517,10.925,-175.891,60.919,136.901
-0.421,-0.161,-0.664,5.066,10.376,24.658,-176.039,60.568,136.417
-0.357,-0.168,-0.626,2.136,13.855,30.457,-176.567,59.837,135.209
-0.342,-0.117,-0.628,-5.005,-2.869,31.616,-177.38,59.398,133.715
-0.519,-0.036,-0.716,-10.925,-7.629,31.128,-178.572,59.639,132.122
-0.53,-0.052,-0.72,-12.39,-11.902,18.066,-179.72,59.941,131.182
-0.634,-0.042,-0.771,-18.799,-15.137,7.141,179.28,60.683,131.133
-0.658,-0.045,-0.84,-18.433,-3.967,3.418,178.429,61.15,131.743
-0.57,-0.058,-0.845,-17.334,9.521,4.883,177.654,60.996,132.385
-0.693,-0.014,-0.943,-14.587,-23.987,-5.859,177.045,61.254,133.05
-0.867,0.03,-1.067,-20.142,-8.606,-13.306,176.946,62.419,134.594
-0.728,0.114,-0.967,-20.264,-15.503,-27.771,176.88,63.007,136.675
-0.551,0.209,-0.757,-28.564,-2.869,-29.724,176.935,63.611,139.389
-0.616,0.355,-0.756,-30.701,-2.258,-19.958,176.188,63.748,141.542
-0.479,0.325,-0.644,-21.545,11.841,-30.212,175.787,63.391,143.882
-0.486,0.258,-0.63,-13.123,4.578,-28.931,175.902,63.111,146.503
-0.437,0.195,-0.573,-9.399,5.188,-27.039,176.105,62.847,148.837
-0.511,0.182,-0.582,-8.606,-2.502,-23.132,176.221,62.809,150.837
-0.558,0.105,-0.57,-6.348,-4.395,-26.794,176.517,63.029,152.924
-0.712,0.085,-0.626,-9.644,-12.085,-23.254,176.803,63.638,155.116
-0.73,0.087,-0.682,-10.742,6.104,-16.479,176.88,63.995,157.165
-0.696,0.121,-0.704,-12.146,3.662,-14.771,176.754,63.951,159.011
-0.68,0.206,-0.762,-12.756,0.366,-13.55,176.539,63.951,160.708
-0.657,0.224,-0.877,-4.761,11.23,-16.907,176.594,63.869,162.411
-0.8,0.238,-1.0,-0.732,-13.306,-12.512,176.781,64.023,163.757
-1.03,0.096,-1.146,3.906,-5.737,-18.372,177.319,64.594,165.13
-0.737,-0.005,-0.906,-0.671,11.719,-10.742,178.0,64.446,166.723
-0.411,-0.045,-0.721,3.418,25.024,4.395,178.094,63.353,167.349
-0.491,-0.091,-0.688,10.803,19.531,5.127,178.462,62.331,167.651
-0.437,-0.078,-0.673,2.869,27.283,31.189,178.275,60.914,167.053
-0.319,-0.092,-0.65,-1.038,16.296,41.016,177.27,59.656,165.278
-0.38,-0.005,-0.605,-8.301,-20.386,36.438,175.919,59.628,163.24
-0.618,0.058,-0.616,-6.104,-33.569,26.978,174.584,60.919,161.477
-0.76,0.054,-0.681,1.465,-16.541,19.653,173.721,62.166,160.56
-0.702,0.033,-0.7,3.235,-7.08,23.987,173.128,62.672,160.032
-0.666,0.006,-0.754,5.859,-9.094,27.283,172.452,62.979,159.23
-0.676,0.028,-0.771,7.141,-6.165,29.053,171.744,63.397,158.132
-0.761,0.015,-0.911,10.315,-0.122,19.348,171.453,63.397,157.28
-0.794,0.155,-1.025,8.301,-10.01,8.484,171.573,63.528,156.984
-0.858,0.216,-1.037,17.151,3.784,1.709,172.018,63.875,156.912
-0.5,0.163,-0.777,8.728,19.592,-16.663,173.232,63.281,157.923
-0.514,0.287,-0.77,-6.592,9.155,-6.348,173.666,62.589,158.967
-0.455,0.256,-0.69,-4.517,15.442,-20.63,173.815,61.957,159.939
-0.512,0.266,-0.662,-4.7,14.954,-27.466,174.353,61.436,161.691
-0.397,0.193,-0.584,-3.174,17.395,-30.762,175.073,60.584,163.702
-0.486,0.178,-0.627,-4.395,10.742,-29.968,175.671,60.172,165.668
-0.454,0.139,-0.604,-4.333,6.836,-30.762,176.276,59.821,167.651
-0.596,0.106,-0.667,-6.165,-5.493,-27.283,176.743,60.106,169.514
-0.629,0.083,-0.717,-8.545,1.221,-27.039,177.155,60.375,171.409
-0.62,0.096,-0.795,-11.536,-1.709,-24.841,177.435,60.601,173.287
-0.628,0.155,-0.814,-10.315,-5.554,-22.888,177.572,60.974,174.974
-0.788,0.205,-0.998,-7.935,-1.038,-12.451,177.632,61.276,176.298
-0.939,0.221,-1.198,2.258,12.695,-1.709,177.517,61.051,176.885
-0.66,0.041,-1.062,10.193,7.935,-5.432,177.819,60.342,177.314
-0.341,-0.107,-0.724,9.399,5.188,0.366,178.401,60.095,177.748
-0.499,-0.149,-0.705,10.803,-9.399,-0.488,178.912,60.134,177.874
-0.468,-0.165,-0.679,5.981,16.663,15.442,179.418,59.87,177.957
-0.43,-0.15,-0.669,2.808,19.836,28.503,179.127,58.859,176.995
-0.358,-0.104,-0.67,-1.648,12.451,27.283,178.605,57.903,175.88
-0.449,-0.056,-0.676,-3.784,-10.071,26.245,177.968,57.909,174.771
-0.584,-0.018,-0.661,-0.916,-18.005,25.574,177.275,58.59,173.699
-0.792,0.017,-0.75,1.404,-0.549,30.457,176.55,59.139,172.628
-0.575,-0.042,-0.791,4.028,25.085,29.541,175.974,58.173,171.628
-0.5,-0.06,-0.917,-0.183,11.963,18.372,175.616,57.486,171.063
-0.49,-0.043,-1.033,-3.418,8.24,12.146,175.441,56.887,170.771
-0.723,0.095,-1.19,-9.399,-11.353,-3.784,175.193,57.025,170.7
-0.606,0.23,-1.031,-12.39,10.864,-14.709,175.018,57.068,171.436
-0.353,0.236,-0.801,-17.456,2.197,-22.766,175.1,56.695,172.875
-0.519,0.316,-0.804,-22.217,-9.094,-18.066,174.523,56.97,174.007
-0.446,0.285,-0.694,-19.714,5.249,-29.114,174.045,57.101,175.413
-0.459,0.269,-0.691,-17.578,-0.916,-29.297,173.793,57.079,177.204
-0.436,0.219,-0.637,-15.442,7.202,-27.771,173.644,57.112,178.951
-0.437,0.209,-0.628,-13.367,0.916,-22.766,173.441,57.041,-179.473
-0.462,0.179,-0.642,-10.742,-1.404,-20.264,173.254,57.189,-178.127
-0.596,0.161,-0.692,-10.193,-5.493,-16.357,173.073,57.601,-176.94
-0.562,0.183,-0.733,-7.69,6.104,-11.963,172.87,57.673,-175.886
-0.603,0.197,-0.782,-2.93,-1.892,-10.925,172.815,57.816,-174.952
-0.651,0.239,-0.851,0.732,-1.221,-9.583,172.941,58.068,-174.073
-0.662,0.297,-0.957,5.066,6.226,-1.587,173.101,57.997,-173.502
-0.764,0.347,-1.108,10.62,-1.282,8.301,173.183,57.832,-173.551
-0.814,0.213,-1.142,22.766,5.066,0.183,173.732,57.903,-173.606
-0.287,0.042,-0.766,29.114,24.841,3.723,175.029,56.959,-173.216
-0.371,-0.088,-0.794,28.259,-10.376,7.568,176.237,56.497,-173.458
-0.346,-0.089,-0.762,17.334,12.268,18.738,177.1,56.266,-173.886
-0.341,-0.056,-0.722,10.071,1.16,27.283,177.188,55.69,-175.062
-0.38,-0.009,-0.7,5.371,-5.005,20.508,177.045,55.459,-176.193
-0.498,-0.009,-0.714,5.859,-12.756,12.085,177.034,55.805,-176.841
-0.601,0.005,-0.746,2.747,-9.399,16.479,177.001,56.327,-177.226
-0.554,0.036,-0.732,3.723,-5.249,21.667,176.655,56.596,-177.858
-0.549,0.015,-0.707,5.371,-12.939,16.418,176.402,57.057,-178.434
-0.603,-0.041,-0.772,4.578,-15.747,11.597,176.32,57.859,-178.682
-0.693,-0.073,-0.879,0.732,-10.437,9.766,176.21,58.645,-178.654
-0.754,-0.03,-1.049,-1.831,-1.77,7.08,176.056,58.876,-178.418
-0.735,-0.025,-1.117,-6.165,-1.831,0.122,176.188,59.15,-177.693
-0.834,0.158,-1.103,-7.996,-1.526,-4.15,175.93,59.557,-176.99
-0.476,0.213,-0.84,-7.141,21.729,-14.648,176.111,58.881,-175.726
-0.466,0.311,-0.812,-14.16,14.16,-17.822,176.039,58.019,-174.408
-0.476,0.223,-0.694,-18.005,26.733,-42.847,176.259,57.206,-172.216
-0.412,0.241,-0.657,-23.926,38.269,-49.438,176.495,55.734,-169.102
-0.291,0.199,-0.655,-21.179,36.255,-50.232,176.616,54.119,-166.091
-0.25,0.194,-0.693,-17.029,13.428,-43.64,176.704,53.058,-163.46
-0.427,0.129,-0.731,-10.986,-5.737,-36.438,176.776,53.097,-161.647
-0.505,0.103,-0.739,-13.184,-6.714,-29.297,176.863,53.553,-160.038
-0.544,0.119,-0.842,-12.207,-8.423,-25.635,176.754,54.097,-158.654
-0.486,0.12,-0.824,-13.062,-9.827,-23.743,176.781,54.706,-157.28
-0.541,0.183,-0.87,-7.996,-21.423,-13.855,176.55,55.585,-156.522
-0.547,0.229,-0.951,-5.371,-15.808,-10.498,176.435,56.525,-156.165
-0.763,0.278,-1.088,0.488,-29.175,0.0,176.149,57.53,-156.517
-0.818,0.178,-1.141,9.216,-16.479,-8.301,176.38,58.612,-156.786
-0.602,0.063,-0.927,13.123,-5.249,-0.793,177.006,59.167,-156.89
-0.408,-0.03,-0.8,19.958,-4.333,-1.099,177.665,59.189,-157.368
-0.505,-0.136,-0.753,20.63,6.226,-10.681,179.171,59.343,-157.072
-0.396,-0.153,-0.714,13.794,19.226,6.165,-179.879,58.403,-157.264
-0.304,-0.167,-0.728,5.249,20.935,12.573,-179.528,57.211,-158.082
-0.346,-0.095,-0.687,-2.319,-0.977,17.944,-179.725,56.596,-159.362
-0.513,-0.071,-0.681,-0.61,-10.62,15.015,179.945,56.827,-160.708
-0.592,-0.04,-0.736,-0.671,-0.183,20.569,179.687,56.992,-161.653
-0.556,-0.022,-0.732,3.601,1.709,27.039,179.22,56.981,-162.922
-0.575,0.005,-0.78,1.404,-3.113,34.302,178.632,56.953,-164.498
-0.518,0.008,-0.818,4.15,-0.427,34.058,177.858,57.047,-166.404
-0.608,0.009,-0.949,6.409,-2.747,31.311,177.242,57.107,-168.349
-0.602,0.023,-1.05,9.033,-0.732,16.602,176.973,56.931,-170.019
-0.731,0.076,-1.163,4.883,-7.263,-6.836,177.396,57.222,-170.585
-0.785,0.112,-1.14,2.93,16.418,-20.02,178.165,57.266,-170.085
-0.38,0.137,-0.886,-6.042,30.701,-20.386,178.863,56.003,-169.118
-0.302,0.267,-0.838,-14.526,-3.906,-6.531,178.489,55.327,-169.113
-0.467,0.208,-0.747,-7.629,-9.338,-26.062,178.264,55.827,-169.019
-0.492,0.156,-0.639,-10.681,-2.197,-37.964,178.632,56.173,-167.69
-0.441,0.104,-0.604,-9.399,9.094,-37.598,179.039,56.063,-166.058
-0.454,0.085,-0.61,-9.399,8.24,-33.936,179.445,55.811,-164.438
-0.494,0.063,-0.634,-7.874,3.662,-31.372,179.808,55.679,-162.938
-0.58,0.051,-0.698,-9.277,4.883,-28.259,-179.868,55.761,-161.472
-0.574,0.042,-0.757,-13.794,1.953,-22.949,-179.67,55.805,-160.043
-0.584,0.084,-0.812,-15.32,2.014,-15.747,-179.89,55.882,-159.06
-0.582,0.116,-0.834,-13.123,-7.69,-15.686,179.791,56.223,-158.291
-0.642,0.162,-0.908,-11.902,-8.118,-7.141,179.39,56.777,-157.863
-0.858,0.205,-1.157,-8.728,-5.249,3.906,178.846,57.184,-157.956
-0.811,0.169,-1.182,2.441,3.723,5.554,178.319,57.266,-158.555
-0.618,0.034,-1.044,9.521,21.973,7.874,178.407,56.816,-159.0
-0.191,-0.063,-0.886,11.23,20.264,20.508,178.5,55.492,-159.922
-0.279,-0.112,-0.842,9.033,15.198,19.409,178.605,54.739,-161.257
-0.141,-0.035,-0.75,5.127,9.399,33.569,178.22,53.613,-163.279
-0.311,-0.056,-0.727,6.042,-1.404,21.484,177.929,53.229,-165.355
-0.308,-0.042,-0.697,0.916,-4.822,15.137,177.803,52.96,-166.767
-0.444,-0.014,-0.699,-1.587,-11.597,10.01,177.638,53.256,-167.789
-0.499,0.034,-0.75,0.183,-3.784,12.329,177.468,53.454,-168.492
-0.53,0.038,-0.799,0.732,-5.432,18.127,177.226,53.635,-169.327
-0.532,0.037,-0.881,4.761,-1.221,16.907,176.979,53.756,-170.272
-0.452,-0.02,-0.884,7.324,-6.287,9.888,177.083,53.899,-170.881
-0.593,-0.05,-1.035,1.587,-6.897,6.226,177.259,54.327,-171.31
-0.703,-0.023,-1.128,-3.113,-11.78,-9.583,177.402,54.684,-171.277
-0.75,0.056,-1.146,-11.475,0.61,-25.574,177.764,55.151,-170.118
-0.442,0.146,-0.888,-15.137,19.531,-28.137,178.061,54.756,-168.393
-0.325,0.287,-0.871,-20.264,7.629,-19.287,177.863,53.899,-167.047
-0.283,0.283,-0.785,-11.108,4.517,-27.588,177.572,53.762,-166.146
-0.264,0.221,-0.692,5.676,-20.508,-42.175,178.154,54.097,-164.581
-0.462,0.044,-0.65,9.827,-23.499,-38.086,179.401,55.294,-162.949
-0.54,-0.042,-0.606,-7.996,-13.672,-39.001,-179.615,56.277,-161.125
-0.528,-0.004,-0.586,-21.729,-6.348,-45.349,-179.297,56.761,-158.747
-0.652,-0.013,-0.69,-32.227,-5.005,-47.18,-179.242,57.338,-155.858
-0.521,-0.028,-0.67,-42.664,-7.568,-41.992,-179.637,57.761,-152.902
-0.608,0.082,-0.739,-37.231,-17.151,-18.738,179.203,58.788,-151.128
-0.634,0.126,-0.683,-39.734,-39.612,-6.47,177.748,60.315,-150.386
-0.858,0.29,-0.745,-33.081,-20.264,-9.094,175.952,62.172,-150.134
-0.901,0.357,-0.831,-26.123,-2.38,-14.587,174.809,62.803,-149.381
-0.955,0.304,-0.996,-15.991,2.808,-17.639,174.276,62.858,-148.42
-0.784,0.284,-1.057,-8.545,29.663,-16.785,174.282,62.342,-147.09
-0.451,0.164,-0.895,2.93,8.728,6.897,174.304,61.622,-146.805
-0.431,0.119,-0.904,14.16,7.996,-4.15,174.342,61.128,-147.316
-0.287,0.072,-0.847,13.184,25.696,-6.592,175.402,60.26,-146.843
-0.268,-0.008,-0.805,10.498,12.146,1.099,176.111,59.106,-146.942
-0.288,0.054,-0.774,1.526,12.756,6.104,176.248,58.123,-147.437
-0.349,0.062,-0.729,5.188,0.061,-3.662,176.413,57.491,-147.81
-0.474,0.009,-0.677,6.348,-4.15,-15.442,177.017,57.415,-147.546
-0.63,-0.026,-0.697,0.427,9.155,-25.696,177.957,57.349,-146.277
-0.496,-0.044,-0.747,-5.92,17.7,-34.302,178.852,56.607,-144.267
-0.473,-0.01,-0.727,-10.742,-4.7,-35.461,179.637,56.503,-141.883
-0.583,-0.062,-0.7,-9.583,-11.78,-39.124,-179.577,57.195,-139.515
-0.613,-0.089,-0.666,-13.184,-12.695,-41.443,-178.731,57.98,-136.813
-0.57,-0.154,-0.686,-15.808,-2.686,-43.64,-177.896,58.486,-133.918
-0.649,-0.18,-0.82,-19.592,-0.793,-45.898,-177.006,58.694,-130.704
-0.656,-0.147,-0.907,-25.085,-6.836,-41.382,-176.479,58.87,-127.689
-0.77,-0.136,-0.889,-25.33,-9.46,-55.054,-175.809,59.65,-124.332
-0.659,0.009,-0.851,-33.691,-1.099,-50.476,-175.457,59.865,-120.943
-0.393,0.16,-0.723,-48.279,7.568,-36.133,-175.93,59.464,-118.202
-0.48,0.224,-0.706,-43.152,-28.809,-33.569,-177.155,60.018,-116.395
-0.721,0.22,-0.73,-45.593,-19.836,-46.448,-178.154,61.403,-114.395
-0.651,0.234,-0.699,-45.959,5.432,-59.814,-178.704,61.853,-111.5
-0.596,0.22,-0.717,-40.588,13.0,-66.406,-178.775,61.54,-108.045
-0.494,0.219,-0.718,-31.128,14.648,-66.711,-178.539,60.996,-104.513
-0.513,0.143,-0.69,-23.01,-6.958,-61.89,-177.847,60.93,-101.151
-0.555,0.159,-0.695,-18.616,-8.85,-48.645,-177.292,61.469,-98.492
-0.585,0.178,-0.714,-14.832,-13.672,-37.415,-176.863,62.078,-96.52
-0.77,0.217,-0.861,-10.193,-9.399,-24.231,-176.869,62.798,-95.488
-0.787,0.114,-0.964,6.897,-20.752,-34.607,-176.089,63.375,-94.252
-0.867,-0.123,-0.97,16.724,-17.639,-31.433,-174.254,64.556,-92.609
-0.458,-0.223,-0.707,11.047,10.132,-27.893,-172.458,64.435,-91.121
-0.527,-0.274,-0.754,4.944,-7.202,-32.959,-170.936,64.094,-89.445
-0.595,-0.238,-0.805,-15.259,9.521,-24.17,-169.969,63.743,-87.671
-0.516,-0.168,-0.755,-31.128,11.536,-25.696,-170.074,62.946,-86.248
-0.462,-0.076,-0.674,-39.124,-5.127,-31.616,-170.623,62.435,-84.38
-0.604,-0.086,-0.696,-37.781,-8.301,-41.626,-170.936,62.595,-81.87
-0.537,-0.132,-0.683,-35.583,-2.747,-45.227,-170.931,62.551,-79.124
-0.586,-0.146,-0.729,-35.339,-10.254,-43.945,-170.898,62.6,-76.393
-0.674,-0.171,-0.837,-27.649,-0.183,-42.847,-170.59,62.617,-73.652
-0.555,-0.189,-0.905,-28.748,18.372,-34.241,-170.283,61.886,-71.29
-0.624,-0.097,-1.01,-26.306,-11.047,-39.49,-170.376,61.364,-69.34
-0.797,-0.182,-0.989,-50.171,-1.831,-66.711,-169.827,61.589,-65.88
-0.377,0.111,-0.699,-84.106,-9.033,-56.763,-171.068,61.111,-62.111
-0.725,0.234,-0.7,-73.059,-43.945,-65.369,-172.76,62.699,-58.618
-0.72,0.265,-0.689,-64.148,-3.723,-67.871,-173.661,63.413,-54.943
-0.596,0.23,-0.673,-49.927,15.442,-64.514,-174.249,62.946,-51.702
-0.52,0.15,-0.664,-39.185,5.859,-65.063,-174.293,62.375,-48.719
-0.583,0.141,-0.678,-38.269,-0.793,-48.462,-174.452,62.391,-46.274
-0.69,0.15,-0.745,-29.297,-2.502,-39.734,-174.891,62.534,-44.681
-0.573,0.196,-0.732,-25.574,5.371,-23.438,-175.419,62.529,-43.764
-0.538,0.162,-0.718,-10.254,-13.367,-21.851,-175.946,62.732,-43.577
-0.835,0.175,-0.908,-8.484,-37.476,-19.897,-176.083,64.05,-43.303
-0.999,-0.034,-0.965,-8.24,-43.518,-32.227,-175.435,66.055,-42.352
-1.188,-0.009,-1.14,-17.761,-18.921,-22.4,-175.084,68.033,-41.144
-0.661,-0.073,-0.82,-21.24,1.648,-18.799,-175.117,68.291,-40.298
-0.481,-0.049,-0.772,-22.888,3.113,-5.981,-175.792,67.885,-40.001
-0.395,-0.047,-0.747,-17.761,21.179,-3.662,-176.644,67.242,-40.062
-0.371,-0.084,-0.755,-10.681,11.169,-12.878,-176.896,66.182,-39.672
-0.435,-0.094,-0.726,-14.282,6.836,-8.118,-176.902,65.451,-38.969
-0.403,-0.084,-0.644,-18.494,-4.578,-5.737,-177.292,65.083,-38.529
-0.592,-0.051,-0.635,-23.193,-17.944,-7.507,-177.896,65.594,-38.057
-0.633,-0.02,-0.622,-24.78,-8.667,-5.92,-178.643,66.061,-37.7
-0.66,-0.047,-0.676,-21.362,-8.728,-7.08,-179.324,66.478,-37.43
-0.653,-0.055,-0.723,-20.264,-5.981,-1.16,-179.978,66.802,-37.304
-0.708,-0.056,-0.794,-17.883,-5.554,7.996,179.05,67.11,-37.782
-0.77,-0.026,-0.957,-13.245,4.272,11.658,178.061,66.929,-38.568
-0.776,-0.026,-1.013,-15.747,-4.15,1.526,177.429,66.973,-38.963
-0.81,0.138,-0.931,-21.851,-12.268,-12.817,176.765,67.456,-38.743
-0.648,0.206,-0.736,-29.175,5.371,-15.32,176.353,67.604,-37.864
-0.581,0.35,-0.732,-34.485,7.324,-7.385,175.111,67.077,-37.502
-0.51,0.337,-0.638,-29.968,7.996,-18.127,173.925,66.797,-37.205
-0.539,0.315,-0.597,-23.315,-3.54,-28.809,173.276,66.747,-36.403
-0.579,0.231,-0.526,-22.827,-2.625,-29.358,173.101,67.154,-35.343
-0.589,0.243,-0.516,-20.386,1.77,-26.55,172.782,67.396,-34.497
-0.612,0.164,-0.516,-18.982,-0.977,-30.884,172.766,67.698,-33.525
-0.683,0.145,-0.556,-22.522,-2.686,-27.344,172.804,68.143,-32.41
-0.72,0.184,-0.645,-24.902,4.578,-25.818,172.562,68.434,-31.448
-0.736,0.238,-0.73,-22.949,4.211,-27.71,172.546,68.533,-30.24
-0.715,0.276,-0.776,-17.761,-0.061,-26.794,172.65,68.698,-29.075
-0.87,0.299,-0.938,-13.306,0.305,-13.916,172.617,68.95,-28.411
-1.019,0.308,-1.061,-7.751,0.427,0.488,171.936,68.95,-28.861
-0.707,0.169,-0.895,0.0,12.634,-1.587,171.782,68.401,-29.152
-0.358,0.08,-0.666,8.362,6.592,6.836,171.832,67.648,-29.619
-0.557,0.003,-0.661,11.597,-4.7,5.493,172.101,67.736,-30.179
-0.463,0.012,-0.614,7.751,9.583,24.048,171.936,67.028,-31.212
-0.476,0.007,-0.613,4.639,6.165,25.513,171.376,66.308,-32.717
-0.53,0.039,-0.611,1.221,-8.667,21.79,170.722,65.984,-34.118
-0.661,0.052,-0.622,0.671,-10.559,19.836,170.03,66.286,-35.475
-0.702,0.068,-0.637,1.038,-11.475,19.348,169.354,66.572,-36.859
-0.713,0.093,-0.665,0.183,-4.639,25.085,168.618,66.819,-38.375
-0.667,0.12,-0.66,1.831,-9.644,26.489,167.635,66.857,-40.21
-0.678,0.146,-0.669,1.892,-14.709,30.029,166.558,67.181,-42.215
-0.733,0.156,-0.735,7.324,-15.259,29.175,165.443,67.566,-44.478
-0.826,0.138,-0.82,8.85,-7.08,22.583,164.85,67.786,-46.291
-0.916,0.147,-0.9,7.812,-10.315,3.113,164.773,68.038,-47.203
-1.108,0.288,-1.042,-7.324,4.395,2.502,164.833,68.286,-47.23
-0.6,0.303,-0.76,-3.784,31.982,-3.418,165.081,67.209,-46.692
-0.352,0.356,-0.705,-9.705,12.39,-0.366,165.201,65.929,-46.093
-0.644,0.365,-0.701,-7.629,0.122,-3.418,164.63,65.967,-46.307
-0.49,0.343,-0.587,-2.747,17.09,-26.672,165.146,65.484,-45.181
-0.508,0.269,-0.553,3.113,10.559,-21.057,166.124,65.182,-43.792
-0.525,0.25,-0.525,3.174,8.789,-22.339,166.948,65.001,-42.775
-0.526,0.226,-0.531,7.08,8.606,-18.494,167.838,64.819,-41.874
-0.601,0.203,-0.553,8.667,-3.174,-11.23,168.574,64.935,-41.435
-0.75,0.185,-0.626,11.658,0.488,-9.705,169.184,65.303,-41.407
-0.672,0.195,-0.625,12.39,7.751,-7.263,170.052,65.281,-41.193
-0.705,0.213,-0.736,13.916,7.507,-4.333,170.799,65.149,-41.226
-0.738,0.23,-0.822,13.245,4.456,-8.728,171.7,65.061,-41.039
-0.778,0.271,-0.949,12.268,17.883,-3.052,172.447,64.655,-40.902
-0.816,0.276,-1.022,13.855,-0.61,3.54,172.903,64.182,-41.127
-0.92,0.143,-1.077,20.203,19.287,0.61,173.551,63.924,-41.429
-0.406,0.025,-0.729,21.423,32.288,11.658,174.446,62.435,-41.677
-0.261,-0.063,-0.711,21.606,9.094,9.766,175.155,61.117,-42.209
-0.448,-0.072,-0.711,14.282,5.249,4.761,176.05,60.897,-42.105
-0.441,-0.071,-0.719,7.263,11.841,15.991,176.342,60.145,-42.402
-0.411,-0.046,-0.705,-1.221,13.245,17.7,176.177,59.337,-42.891
-0.446,0.007,-0.677,-5.005,-6.653,13.672,175.699,59.03,-43.44
-0.618,0.0,-0.686,-3.662,-10.376,3.174,175.474,59.573,-43.572
-0.66,0.031,-0.732,-7.141,-3.601,10.986,175.155,59.914,-43.781
-0.608,0.033,-0.764,-5.981,4.15,18.311,174.534,59.881,-44.489
-0.589,0.046,-0.825,-3.662,-2.136,20.02,173.782,59.771,-45.505
-0.654,0.059,-0.928,-0.916,-5.92,16.968,173.205,59.936,-46.472
-0.702,0.036,-1.056,2.991,2.136,0.61,173.09,59.919,-46.901
-0.825,0.072,-1.124,-8.667,-9.46,-18.921,173.518,60.392,-46.055
-0.606,0.174,-0.92,-13.794,20.63,-26.001,173.848,60.326,-44.517
-0.324,0.25,-0.811,-26.855,18.188,-20.142,174.001,59.255,-42.654
-0.439,0.329,-0.77,-24.109,0.61,-11.047,172.991,59.178,-41.946
-0.43,0.314,-0.668,-17.883,-0.427,-28.015,172.529,59.106,-40.842
-0.449,0.26,-0.606,-7.812,0.305,-31.433,172.672,59.326,-39.435
-0.504,0.203,-0.604,-3.357,-3.296,-34.119,173.227,59.623,-37.947
-0.533,0.165,-0.609,-3.479,5.859,-32.043,173.914,59.837,-36.497
-0.545,0.136,-0.628,-6.836,1.831,-31.86,174.551,59.919,-35.041
-0.624,0.127,-0.701,-8.606,3.052,-31.86,175.012,60.145,-33.646
-0.62,0.146,-0.782,-13.0,6.592,-30.457,175.518,60.178,-32.097
-0.636,0.207,-0.854,-11.902,4.639,-29.358,175.776,60.244,-30.751
-0.686,0.202,-0.931,-7.874,-3.296,-25.269,176.193,60.441,-29.432
-0.976,0.188,-1.105,-4.883,-7.08,-11.536,176.309,60.936,-28.839
-0.775,0.104,-1.004,2.258,14.465,-9.46,176.446,60.848,-28.625
-0.366,0.005,-0.79,8.85,39.673,1.892,176.935,59.612,-28.477
-0.249,-0.085,-0.829,15.381,19.531,6.348,177.462,57.914,-28.757
-0.264,-0.116,-0.798,5.493,20.63,11.719,177.984,56.794,-28.883
-0.284,-0.076,-0.784,-0.366,7.263,20.447,177.825,55.86,-29.487
-0.322,-0.058,-0.731,-2.014,-6.897,13.0,177.528,55.519,-30.048
-0.491,-0.044,-0.732,-2.93,-11.658,12.634,177.281,55.909,-30.443
-0.482,-0.039,-0.718,-5.31,-7.935,16.663,176.852,56.107,-31.146
-0.522,-0.017,-0.755,-8.24,-10.803,22.644,176.16,56.536,-32.173
-0.479,0.019,-0.857,-8.972,-17.273,31.616,175.045,57.019,-33.799
-0.308,0.065,-0.791,-8.85,-38.513,37.72,173.568,58.035,-35.958
-0.727,0.129,-0.792,3.479,-71.838,24.231,172.304,60.727,-38.167
-1.149,0.072,-0.982,19.897,-37.048,0.854,172.348,63.051,-39.441
-1.03,0.118,-1.032,6.104,6.348,0.427,173.194,63.452,-39.457
-0.603,0.209,-0.825,-3.967,43.884,-7.08,173.617,62.281,-39.177
-0.29,0.253,-0.749,-9.46,25.879,-15.442,173.969,60.463,-38.293
-0.509,0.24,-0.736,-20.325,6.714,-17.517,173.732,59.996,-37.59
-0.515,0.289,-0.656,-28.381,15.503,-22.949,173.079,59.612,-36.705
-0.468,0.315,-0.601,-27.527,18.921,-23.438,172.326,58.947,-35.755
-0.486,0.285,-0.614,-22.095,15.747,-28.198,171.749,58.431,-34.81
-0.512,0.26,-0.635,-19.653,18.494,-32.349,171.458,57.986,-33.662
-0.493,0.229,-0.676,-20.996,27.893,-36.987,171.403,57.338,-32.157
-0.476,0.21,-0.73,-20.081,21.362,-38.208,171.48,56.602,-30.366
-0.516,0.221,-0.795,-22.156,12.146,-36.133,171.425,56.261,-28.652
-0.533,0.255,-0.829,-25.085,9.033,-34.607,171.178,56.168,-27.07
-0.615,0.302,-0.918,-22.766,5.127,-36.133,170.969,56.338,-25.428
-0.55,0.348,-0.989,-15.869,7.935,-27.527,170.843,56.261,-24.033
-0.892,0.326,-1.147,-1.221,-16.296,-16.785,170.777,57.03,-23.439
-0.62,0.216,-0.992,4.456,13.977,2.686,170.953,56.772,-23.478
-0.221,0.151,-0.763,12.268,23.438,19.653,170.98,55.635,-24.351
-0.38,0.037,-0.821,20.386,6.531,3.967,171.524,54.888,-25.054
-0.245,0.024,-0.744,12.451,15.137,12.756,172.222,53.921,-25.269
-0.357,-0.02,-0.708,4.822,7.996,11.169,172.507,53.174,-25.714
-0.375,0.005,-0.757,-0.793,7.08,5.371,172.595,52.559,-25.9
-0.456,0.044,-0.794,-0.183,8.972,10.132,172.623,52.163,-26.043
-0.398,0.043,-0.771,1.831,5.188,15.625,172.59,51.614,-26.554
-0.463,0.06,-0.789,5.676,-2.808,21.24,172.496,51.476,-27.46
-0.463,0.058,-0.796,9.094,-5.981,25.94,172.452,51.509,-28.68
-0.5,0.084,-0.852,11.047,-8.911,33.264,172.375,51.729,-30.229
-0.529,0.081,-0.964,16.968,-3.601,39.612,172.282,51.757,-32.228
-0.457,0.072,-1.085,17.761,11.414,40.771,172.343,51.174,-34.233
-0.398,0.154,-1.125,13.062,-12.39,19.958,172.496,51.07,-35.7
-0.843,0.236,-1.253,10.01,-15.564,-4.578,172.947,51.927,-35.865
-0.386,0.272,-0.955,5.005,37.354,-9.766,173.557,51.015,-35.129
-0.201,0.379,-0.924,-5.371,23.682,-8.789,173.721,49.318,-34.239
-0.291,0.283,-0.802,-6.226,21.179,-38.269,173.87,48.477,-32.734
-0.275,0.236,-0.664,-12.024,15.076,-65.674,174.413,47.851,-29.482
-0.344,0.125,-0.592,-22.095,11.719,-88.318,174.941,47.708,-25.296
-0.421,0.035,-0.6,-40.344,15.32,-111.145,175.331,47.747,-19.962
-0.48,0.041,-0.661,-57.434,26.917,-121.521,175.325,47.565,-13.623
-0.449,0.074,-0.728,-66.406,35.217,-120.239,174.825,47.027,-7.031
-0.47,0.159,-0.863,-63.171,27.039,-96.558,173.903,46.549,-1.137
-0.377,0.218,-0.887,-51.758,18.677,-68.726,172.787,46.219,3.34
-0.464,0.331,-0.979,-34.912,5.188,-38.33,171.639,46.346,6.202
-0.496,0.409,-1.106,-23.621,7.69,-2.258,170.541,46.269,7.394
-0.618,0.41,-1.246,-3.235,-1.953,15.442,169.508,46.241,6.932
-0.317,0.358,-1.115,-0.793,25.94,37.842,168.81,45.17,5.784
0.122,0.236,-0.83,12.878,12.268,46.814,168.365,43.566,3.977
-0.151,0.164,-0.874,17.456,-10.01,36.804,168.525,43.149,2.368
0.004,0.231,-0.832,19.104,9.155,59.692,168.591,42.061,0.423
-0.0,0.251,-0.825,32.715,-21.606,61.89,169.003,41.435,-2.203
-0.185,0.155,-0.76,46.936,-37.964,61.768,170.03,41.896,-5.147
-0.412,0.064,-0.748,44.617,-37.415,52.856,171.31,43.044,-8.009
-0.504,0.029,-0.767,39.612,-15.381,44.861,172.491,43.693,-10.602
-0.385,-0.019,-0.791,30.518,-3.54,36.194,173.65,43.813,-12.64
-0.355,0.002,-0.895,15.808,-3.235,41.626,174.276,43.846,-14.634
-0.389,0.067,-0.996,8.301,-3.601,38.818,174.282,43.901,-16.705
-0.247,0.077,-1.064,9.705,5.127,34.607,174.227,43.649,-18.556
-0.308,0.113,-1.327,16.296,-18.921,14.038,174.545,43.561,-19.72
-0.554,0.043,-1.33,10.742,-17.09,3.723,175.38,44.775,-19.957
-0.211,0.155,-1.121,7.141,2.93,0.671,175.776,44.885,-20.072
-0.016,0.23,-0.912,-2.197,-26.978,2.197,175.968,45.143,-19.929
-0.412,0.301,-0.871,-2.686,-38.147,5.981,175.556,46.829,-20.253
-0.362,0.27,-0.796,-1.282,-12.024,-19.287,175.441,47.642,-19.918
-0.304,0.264,-0.702,-1.465,-14.404,-33.63,175.732,48.307,-18.49
-0.427,0.181,-0.692,4.333,-18.86,-48.218,176.446,49.356,-16.458
-0.446,0.168,-0.647,2.319,-5.127,-49.072,177.38,50.208,-14.156
-0.457,0.133,-0.686,0.671,-0.549,-53.65,178.407,50.565,-11.7
-0.463,0.095,-0.708,1.709,5.92,-63.965,179.659,50.74,-8.822
-0.493,0.042,-0.738,2.808,3.052,-74.158,-178.687,50.817,-5.279
-0.546,0.019,-0.806,0.732,-3.296,-76.355,-176.891,51.07,-1.5
-0.515,-0.007,-0.877,-5.127,-5.737,-77.698,-175.155,51.383,2.422
-0.474,-0.247,-1.0,-29.907,-20.996,-89.905,-173.677,51.993,6.85
-0.614,0.193,-1.09,-46.448,-39.795,-70.129,-173.859,53.174,11.228
-0.946,-0.01,-1.157,-15.137,-28.564,-69.58,-173.249,55.124,15.073
-0.64,-0.044,-1.06,-4.639,8.118,-64.209,-171.898,55.234,18.71
-0.212,-0.152,-1.002,11.353,34.912,-17.517,-170.717,53.904,20.643
-0.062,-0.2,-1.0,16.663,26.123,21.667,-170.184,52.328,20.27
0.03,-0.192,-0.765,26.917,0.0,45.715,-170.112,51.509,18.336
-0.179,-0.3,-0.778,20.569,-26.733,32.532,-169.662,52.103,16.677
-0.356,-0.259,-0.717,2.93,-23.438,24.841,-169.585,53.157,15.743
-0.405,-0.238,-0.643,-4.822,-26.306,13.489,-169.832,54.119,15.117
-0.523,-0.231,-0.6,-15.503,-30.518,-0.488,-170.09,55.393,15.194
-0.649,-0.25,-0.655,-24.109,-28.564,-15.259,-170.37,56.81,15.93
-0.703,-0.224,-0.752,-35.339,-4.333,-21.301,-170.865,57.497,17.029
-0.518,-0.181,-0.753,-35.522,1.892,-26.428,-171.573,57.343,18.182
-0.489,-0.198,-0.781,-31.921,-11.23,-31.799,-171.887,57.607,19.83
-0.518,-0.169,-0.834,-33.569,-2.625,-29.602,-172.238,57.92,21.5
-0.657,-0.112,-0.979,-33.813,-16.785,-35.828,-172.568,58.162,23.335
-0.613,-0.063,-0.89,-35.339,-6.775,-44.495,-172.54,58.755,25.79
-0.635,0.045,-0.81,-34.851,-5.493,-48.401,-172.815,59.035,28.213
-0.545,0.148,-0.743,-45.349,-9.644,-42.542,-173.43,58.975,30.597
-0.641,0.138,-0.712,-47.18,-15.564,-44.189,-174.276,59.749,32.992
-0.67,0.158,-0.694,-46.509,-8.118,-48.645,-175.177,60.326,35.475
-0.647,0.174,-0.672,-41.87,5.92,-48.95,-175.853,60.463,38.095
-0.6,0.174,-0.681,-35.95,7.812,-44.434,-176.462,60.211,40.496
-0.587,0.152,-0.673,-31.738,-1.038,-41.87,-176.863,60.238,42.803
-0.634,0.16,-0.678,-27.649,-10.803,-35.4,-177.314,60.743,44.813
-0.648,0.239,-0.669,-21.851,-10.803,-25.085,-177.836,61.512,46.379
-0.66,0.237,-0.681,-6.409,-15.32,-23.315,-178.033,62.287,47.681
-0.646,0.219,-0.694,-5.493,-13.855,-12.817,-177.913,63.199,48.851
-0.81,0.189,-0.889,4.333,-14.404,-9.46,-178.154,63.995,49.356
-0.925,-0.027,-0.953,13.184,-26.123,-26.794,-177.067,65.16,50.658
-0.77,-0.097,-0.823,4.7,1.282,-20.752,-175.875,65.923,51.921
-0.354,-0.173,-0.689,-4.761,18.066,-25.391,-174.935,64.979,53.124
-0.541,-0.164,-0.712,-13.367,-21.057,-24.292,-174.337,65.078,54.503
-0.721,-0.087,-0.764,-17.456,-3.784,-18.188,-174.166,65.555,55.657
-0.605,-0.069,-0.703,-25.33,12.024,-12.695,-174.315,65.215,56.42
-0.552,0.006,-0.665,-24.414,6.409,-14.771,-175.001,64.671,56.871
-0.608,-0.017,-0.687,-20.386,7.141,-26.489,-175.21,64.347,57.887
-0.583,-0.072,-0.689,-22.949,6.226,-41.138,-174.864,63.929,59.744
-0.553,-0.104,-0.682,-26.001,2.686,-46.265,-174.26,63.616,62.238
-0.589,-0.151,-0.713,-23.865,-6.226,-48.523,-173.513,63.534,64.946
-0.658,-0.179,-0.752,-25.696,-20.203,-38.208,-172.804,64.028,67.423
-0.789,-0.227,-0.837,-23.804,-18.555,-29.541,-172.321,64.951,69.291
-0.917,-0.226,-0.873,-21.606,-11.841,-36.56,-171.898,65.561,70.994
-0.925,-0.061,-0.986,-39.307,1.099,-33.02,-171.777,65.407,72.839
-0.478,-0.022,-0.727,-51.086,26.245,-36.194,-172.2,64.484,74.921
-0.428,0.186,-0.666,-65.308,-16.052,-35.522,-173.958,64.056,77.069
-0.703,0.22,-0.755,-67.2,2.197,-57.983,-175.386,64.435,80.793
-0.581,0.216,-0.735,-64.209,25.452,-73.364,-176.1,63.325,86.155
-0.446,0.234,-0.777,-54.504,18.494,-72.937,-176.589,61.853,91.879
-0.537,0.184,-0.769,-43.457,5.005,-58.594,-176.825,61.15,97.13
-0.499,0.148,-0.7,-32.227,0.549,-48.584,-177.193,60.771,101.42
-0.594,0.113,-0.673,-26.672,-13.428,-44.678,-177.248,60.98,105.474
-0.495,0.081,-0.579,-23.376,-14.343,-40.405,-177.22,61.518,109.303
-0.614,0.173,-0.676,-24.963,-28.137,-27.222,-177.501,62.551,112.615
-0.769,0.169,-0.761,-13.0,-29.846,-29.907,-177.715,63.913,115.565
-1.01,0.163,-0.898,-4.028,-41.382,-32.776,-177.204,65.638,118.889
-1.318,0.037,-1.121,1.831,-40.161,-38.391,-175.902,67.731,122.657
-1.118,-0.06,-1.048,9.583,13.977,-37.903,-173.897,68.17,126.821
-0.548,-0.131,-0.841,4.272,39.734,-6.531,-172.963,66.577,129.26
-0.283,-0.213,-0.769,7.141,31.677,-15.686,-172.513,64.671,130.583
-0.277,-0.221,-0.681,-4.822,12.695,-13.062,-171.749,63.38,132.039
-0.502,-0.188,-0.657,-8.85,17.273,6.775,-171.98,62.562,132.188
-0.426,-0.141,-0.579,-18.494,27.1,22.4,-173.254,61.249,131.193
-0.424,-0.121,-0.615,-19.714,22.278,33.997,-174.996,60.084,129.672
-0.449,-0.086,-0.616,-23.987,4.7,52.307,-177.407,59.447,127.128
-0.641,0.04,-0.75,-19.165,0.671,61.279,179.775,59.551,124.052
-0.567,0.066,-0.792,5.737,4.333,54.016,177.556,59.238,121.157
-0.595,-0.086,-0.865,9.888,0.183,42.786,176.578,59.041,118.883
-0.585,-0.253,-0.947,0.0,6.165,29.48,176.045,58.722,116.944
-0.671,-0.127,-0.949,-26.917,-13.306,26.489,174.781,58.552,114.543
-0.827,0.168,-1.063,-51.697,-15.137,22.217,172.419,58.953,112.159
-0.568,0.412,-0.9,-46.814,14.832,-0.793,169.794,58.936,111.264
-0.408,0.568,-0.79,-49.5,11.292,-10.437,167.932,58.25,112.357
-0.483,0.646,-0.739,-30.029,19.836,-24.719,166.404,57.706,114.142
-0.422,0.487,-0.636,-16.174,29.968,-48.584,166.564,56.827,117.625
-0.354,0.393,-0.606,-15.32,32.349,-50.72,167.113,55.728,121.641
-0.402,0.363,-0.645,-17.029,31.128,-53.406,167.514,54.827,125.607
-0.315,0.325,-0.641,-17.639,26.978,-58.044,167.997,53.932,129.787
-0.408,0.286,-0.698,-15.137,15.381,-54.199,168.393,53.597,133.621
-0.468,0.288,-0.74,-13.916,6.409,-47.729,168.739,53.602,137.01
-0.554,0.26,-0.855,-11.536,12.634,-42.908,169.151,53.679,140.136
-0.442,0.31,-0.927,-7.08,6.165,-44.739,169.667,53.448,143.223
-0.543,0.324,-1.025,-7.69,-1.221,-37.476,170.294,53.849,145.97
-0.644,0.383,-1.171,1.526,-4.395,-20.874,170.733,54.124,147.975
-0.733,0.242,-1.174,13.306,-0.366,-8.728,171.194,54.558,148.914
-0.242,0.004,-0.733,22.217,17.883,-18.982,172.485,54.069,150.2
-0.279,-0.132,-0.735,14.099,-16.418,-18.127,173.974,53.954,151.436
-0.5,-0.085,-0.765,-4.211,10.559,-8.179,174.727,54.47,152.221
-0.272,0.0,-0.723,-9.216,12.207,0.427,174.683,53.509,152.551
-0.387,0.042,-0.751,-12.573,-5.554,0.793,174.402,53.317,152.573
-0.45,0.064,-0.709,-6.409,-11.719,-3.845,174.183,53.69,152.693
-0.6,0.062,-0.711,-2.808,-9.705,0.427,174.144,54.344,153.029
-0.565,0.058,-0.72,-0.244,1.648,7.263,174.073,54.52,153.347
-0.559,0.048,-0.743,-0.122,-1.343,13.062,173.853,54.662,153.457
-0.558,0.052,-0.78,-0.366,0.61,15.625,173.463,54.756,153.298
-0.502,0.072,-0.826,-1.953,-3.113,23.926,172.914,54.734,152.798
-0.649,0.116,-1.092,5.615,5.371,28.198,172.365,54.613,151.738
-0.513,0.061,-1.042,14.16,-4.15,23.438,172.447,54.366,150.705
-0.877,0.166,-1.222,1.221,-13.733,21.118,172.238,54.976,149.442
-0.352,0.202,-0.853,-8.789,13.489,4.333,171.766,54.646,148.909
-0.37,0.353,-0.82,-24.963,-8.118,-0.977,171.046,54.393,149.073
-0.532,0.425,-0.788,-18.311,16.907,-12.695,169.909,54.399,149.288
-0.355,0.418,-0.696,-5.188,38.025,-46.814,170.134,53.19,151.54
-0.268,0.398,-0.675,8.85,30.457,-62.866,171.442,51.938,155.028
-0.323,0.29,-0.685,20.752,22.095,-81.177,173.677,51.284,159.236
-0.334,0.203,-0.677,28.931,9.766,-93.933,176.644,50.911,164.114
-0.402,0.083,-0.686,39.917,-2.808,-109.68,-179.61,51.086,169.739
-0.523,-0.192,-0.761,33.203,1.099,-98.083,-175.49,51.251,175.54
-0.446,-0.417,-0.838,1.221,1.221,-80.994,-172.617,50.878,-179.324
-0.468,-0.353,-0.87,-36.56,-4.211,-57.922,-171.925,50.823,-175.215
-0.475,-0.096,-0.921,-46.631,-13.184,-22.766,-172.996,51.218,-172.656
-0.532,0.025,-1.021,-32.532,-17.761,4.089,-174.512,51.998,-171.914
-0.662,0.108,-1.078,-11.902,-20.935,13.428,-175.842,53.157,-172.337
-0.8,-0.05,-1.126,5.798,-17.822,9.094,-176.061,54.086,-172.639
-0.612,-0.104,-0.967,10.681,16.602,29.724,-176.21,54.141,-173.463
-0.194,-0.169,-0.786,16.174,14.221,42.542,-176.561,53.064,-175.479
-0.35,-0.209,-0.777,14.709,10.01,31.189,-176.435,52.74,-177.198
-0.228,-0.156,-0.76,8.789,16.174,46.204,-176.699,51.872,-179.313
-0.215,-0.166,-0.74,7.996,5.859,48.401,-177.166,51.152,177.979
-0.302,-0.172,-0.726,5.066,-12.512,45.654,-177.649,51.152,175.226
-0.461,-0.121,-0.71,1.831,-16.052,48.401,-178.314,51.746,172.535
-0.554,-0.042,-0.771,6.226,-8.667,57.495,-179.176,52.273,169.805
-0.503,-0.041,-0.837,18.372,3.296,64.453,-179.918,52.355,166.778
-0.496,-0.066,-0.922,19.653,-5.127,66.284,179.566,52.35,163.51
-0.485,-0.071,-0.978,19.653,-4.333,60.486,179.077,52.438,160.137
-0.602,-0.023,-1.176,13.977,-2.563,47.119,178.753,52.476,157.247
-0.53,0.012,-1.134,9.399,-9.277,23.987,178.715,52.635,155.402
-0.519,0.135,-1.028,4.028,-8.728,4.944,178.671,53.08,154.539
-0.371,0.18,-0.879,-7.935,6.592,-4.761,178.72,52.998,154.666
-0.376,0.304,-0.841,-16.174,2.991,-6.714,178.0,52.635,154.764
-0.401,0.273,-0.794,-18.005,9.033,-33.447,177.599,52.289,155.967
-0.416,0.266,-0.74,-17.883,16.907,-48.889,177.578,51.718,158.428
-0.402,0.255,-0.674,-14.343,14.954,-60.181,177.825,51.114,161.532
-0.468,0.202,-0.692,-7.874,16.296,-67.444,178.522,50.652,165.218
-0.397,0.1,-0.685,-3.662,16.541,-67.017,179.528,50.026,169.107
-0.388,0.018,-0.762,-7.69,4.211,-62.5,-179.495,49.801,172.815
-0.452,-0.004,-0.869,-16.602,-7.874,-54.382,-178.934,50.07,176.105
-0.467,0.046,-0.955,-20.691,-18.25,-42.664,-178.775,50.773,178.973
-0.59,0.147,-1.009,-16.357,-27.405,-17.151,-179.099,52.07,-179.346
-0.917,0.208,-1.222,-3.54,-16.357,1.587,-179.511,53.306,-178.83
-0.673,0.135,-1.09,21.301,24.658,5.432,-179.352,53.13,-178.956
-0.221,-0.065,-0.834,37.231,27.466,2.808,-177.902,51.762,-178.857
-0.223,-0.289,-0.826,38.391,3.235,9.033,-176.204,51.108,-179.308
-0.256,-0.292,-0.802,13.489,14.465,11.719,-175.122,50.554,-179.934
-0.221,-0.206,-0.756,-1.709,3.296,21.118,-175.172,49.993,178.83
-0.24,-0.165,-0.738,-13.062,-2.38,9.583,-175.649,49.752,177.731
-0.374,-0.106,-0.748,-15.015,-7.202,7.019,-176.265,49.878,177.072
-0.453,-0.109,-0.761,-12.878,-5.31,1.831,-176.759,50.081,176.825
-0.507,-0.062,-0.824,-8.362,2.93,8.179,-177.16,50.169,176.814
-0.431,-0.109,-0.824,-3.113,0.0,15.259,-177.457,50.136,176.523
-0.474,-0.112,-0.91,-1.892,-1.953,25.696,-177.852,50.323,175.743
-0.445,-0.101,-0.949,1.038,-3.174,31.189,-178.407,50.477,174.397
-0.443,-0.09,-1.052,4.395,3.601,31.311,-178.786,50.466,172.897
-0.534,-0.092,-1.109,5.737,-17.883,15.564,-178.879,50.669,171.573
-0.652,0.03,-1.105,-1.953,-8.667,5.737,-178.912,51.389,171.013
-0.381,0.094,-0.867,-6.653,14.038,-0.183,-178.984,51.246,171.013
-0.327,0.238,-0.863,-17.09,5.249,3.784,-179.626,50.543,170.947
-0.388,0.216,-0.84,-15.32,8.606,-14.587,179.604,50.224,171.14
-0.42,0.233,-0.782,-18.433,5.798,-31.799,179.182,49.922,172.557
-0.4,0.229,-0.697,-12.573,8.606,-33.02,178.945,49.653,174.337
-0.387,0.228,-0.688,-7.385,10.132,-35.889,178.951,49.329,176.248
-0.358,0.155,-0.643,-0.549,9.583,-38.574,179.308,48.999,178.286
-0.419,0.044,-0.712,-3.052,0.549,-48.401,179.923,48.977,-179.242
-0.558,-0.042,-0.81,-18.127,-1.892,-56.824,-179.572,49.329,-176.149
-0.513,0.068,-0.898,-27.527,5.798,-53.894,-179.604,49.411,-172.744
-0.562,0.223,-0.979,-0.183,6.47,-33.264,-179.555,49.521,-170.283
-0.574,0.123,-1.151,14.526,11.108,-6.958,-178.764,49.18,-168.959
-0.647,0.104,-1.284,29.175,21.301,33.02,-178.264,48.647,-169.689
-0.229,-0.082,-1.064,40.527,23.743,43.518,-177.446,47.406,-171.744
-0.009,-0.183,-0.787,32.898,-9.827,39.185,-176.545,46.862,-174.183
-0.378,-0.248,-0.795,13.123,-19.348,-5.188,-175.627,47.791,-175.309
-0.251,-0.21,-0.765,-10.071,20.508,-15.93,-175.073,47.39,-174.529
-0.156,-0.134,-0.762,-15.137,11.841,5.859,-175.408,46.445,-174.282
-0.198,-0.087,-0.766,-6.287,-9.399,18.616,-175.995,46.148,-175.199
-0.417,-0.089,-0.803,0.183,-11.414,25.513,-176.298,46.714,-176.495
-0.4,-0.082,-0.857,5.066,0.732,31.189,-176.578,46.846,-177.99
-0.364,-0.117,-0.972,0.244,1.587,35.034,-176.869,46.796,-179.544
-0.274,-0.075,-0.998,-0.916,-9.155,39.307,-177.55,46.917,178.456
-0.356,-0.097,-1.005,-5.859,-24.963,36.865,-178.275,47.791,176.424
-0.416,-0.001,-1.072,-1.709,-22.705,33.875,-179.171,48.79,174.32
-0.594,-0.048,-1.145,6.348,-36.255,7.751,-179.231,50.175,173.249
-0.671,0.011,-1.114,-0.977,-15.076,6.897,-179.11,51.405,173.051
-0.138,0.145,-0.764,-17.212,-14.099,21.606,-179.874,51.63,172.288
-0.5,0.283,-0.708,-20.264,-60.913,15.869,178.456,53.503,170.881
-0.572,0.243,-0.723,-15.747,-12.146,-9.521,177.215,55.305,170.497
-0.486,0.193,-0.67,-13.977,-14.099,-22.888,176.83,55.92,171.661
-0.518,0.155,-0.677,-10.498,-2.808,-20.508,176.633,56.525,173.04
-0.464,0.126,-0.637,-9.766,-9.827,-11.475,176.429,56.865,174.177
-0.453,0.154,-0.557,-12.573,-28.137,-2.93,175.776,57.805,174.606
-0.69,0.183,-0.605,-9.583,-42.847,-9.888,175.012,59.815,174.875
-0.731,0.163,-0.658,-5.432,-19.165,-25.024,174.93,61.54,176.05
-0.763,0.131,-0.75,-7.202,-14.893,-30.579,175.474,62.704,178.143
-0.811,0.148,-0.84,-12.329,-5.188,-25.574,175.919,63.495,-179.687
-0.987,0.198,-1.105,-9.583,-3.601,-12.085,175.919,63.82,-178.231
-0.864,0.112,-1.048,2.502,15.259,1.282,175.831,63.803,-177.654
-0.471,-0.005,-0.815,13.977,23.193,6.958,176.171,62.847,-177.501
-0.472,-0.099,-0.838,22.217,10.62,4.456,177.001,61.952,-177.495
-0.414,-0.128,-0.789,14.16,22.4,25.635,177.589,60.881,-178.044
-0.414,-0.107,-0.663,5.31,15.869,30.945,177.138,59.804,-179.709
-0.413,-0.035,-0.677,-4.089,6.775,30.579,176.572,58.936,179.0
-0.395,0.035,-0.666,-0.793,4.944,33.997,175.649,58.409,177.418
-0.499,0.08,-0.693,4.456,-15.808,30.884,174.897,58.425,175.781
-0.612,0.062,-0.693,13.184,-14.954,29.114,174.463,59.057,174.238
-0.687,0.03,-0.773,15.93,-12.451,27.71,174.254,59.623,172.859
-0.676,0.02,-0.797,15.137,-2.319,28.259,174.194,59.908,171.744
-0.647,0.019,-0.858,13.245,-4.517,25.696,174.084,59.936,170.645
-0.783,0.025,-1.073,9.277,-4.944,14.099,174.133,60.156,169.937
-0.85,0.086,-1.091,1.465,-11.597,-5.798,174.386,60.782,170.118
-0.678,0.137,-0.954,-6.836,1.465,-27.832,175.012,61.155,171.628
-0.39,0.249,-0.801,-27.1,11.047,-18.433,175.117,60.76,173.518
-0.48,0.375,-0.725,-22.583,-5.676,-10.193,174.04,60.892,174.144
-0.491,0.332,-0.647,-13.611,-8.301,-21.667,173.524,61.139,174.974
-0.595,0.249,-0.609,-17.944,1.831,-42.358,173.557,61.567,176.792
-0.588,0.226,-0.587,-24.414,8.179,-63.11,174.298,61.611,-179.599
-0.526,0.161,-0.557,-23.438,19.653,-70.923,175.292,61.408,-175.32
-0.541,0.063,-0.548,-27.832,0.061,-66.101,176.331,61.408,-170.881
-0.584,0.05,-0.529,-27.161,5.249,-57.678,177.067,61.771,-166.838
-0.745,0.109,-0.679,-20.569,0.061,-44.373,177.621,62.106,-163.411
-0.717,0.198,-0.709,-14.404,9.583,-30.884,178.011,62.166,-160.812
-0.965,0.229,-0.96,-3.357,2.38,-31.921,178.594,62.32,-158.654
-0.995,0.277,-1.105,0.305,3.723,-19.653,179.193,62.232,-156.923
-0.904,0.077,-1.092,13.428,18.066,-27.405,-179.731,62.364,-155.413
-0.291,-0.023,-0.869,12.146,41.931,-28.076,-178.187,60.76,-153.528
-0.16,-0.111,-0.937,1.404,14.893,-29.602,-176.902,59.266,-151.886
-0.195,-0.049,-0.849,-17.7,6.714,-26.123,-176.578,58.535,-150.513
-0.309,-0.033,-0.821,-21.851,0.427,-27.71,-176.792,58.019,-149.381
-0.29,-0.073,-0.707,-16.846,-3.54,-41.687,-176.649,57.673,-147.75
-0.485,-0.224,-0.69,-24.475,-22.583,-70.129,-175.545,58.09,-144.399
-0.582,-0.167,-0.692,-39.001,4.7,-71.533,-174.661,58.233,-139.9
-0.418,-0.166,-0.678,-40.894,-3.845,-64.27,-174.205,57.766,-135.538
-0.519,-0.166,-0.749,-40.161,-12.146,-54.932,-173.985,58.151,-131.594
-0.567,-0.176,-0.754,-37.048,-18.86,-47.302,-173.925,58.799,-128.172
-0.623,-0.169,-0.81,-37.903,-8.789,-40.039,-173.974,59.458,-125.052
-0.539,-0.109,-0.827,-37.598,1.099,-34.18,-174.419,59.442,-122.509
-0.663,-0.061,-0.915,-32.227,-10.01,-46.387,-174.507,59.568,-119.784
-0.655,-0.106,-0.83,-27.954,-16.174,-56.152,-173.892,60.062,-116.373
-0.587,0.062,-0.724,-46.387,-6.104,-29.663,-174.045,60.612,-113.494
-0.537,0.216,-0.665,-44.556,-31.799,-23.193,-175.66,61.282,-112.269
-0.71,0.198,-0.671,-42.603,-30.945,-46.265,-176.534,63.094,-110.33
-0.751,0.132,-0.653,-37.842,-19.165,-66.956,-176.396,64.385,-107.045
-0.688,0.144,-0.633,-41.199,-4.883,-72.083,-175.754,64.979,-102.986
-0.706,0.097,-0.649,-41.199,-9.399,-71.777,-174.886,65.429,-98.69
-0.671,0.131,-0.599,-39.917,-10.132,-66.833,-174.342,65.951,-94.807
-0.715,0.116,-0.609,-32.959,-18.066,-66.04,-173.436,66.693,-90.934
-0.701,0.117,-0.579,-26.306,-20.02,-50.659,-172.562,67.648,-87.66
-0.747,0.125,-0.602,-12.146,-28.259,-32.532,-171.859,68.884,-85.512
-0.881,0.146,-0.629,1.709,-31.25,-10.071,-171.425,70.576,-84.809
-0.958,0.099,-0.698,15.198,-29.419,-4.211,-170.887,72.202,-84.968
-1.075,-0.083,-0.774,26.062,-29.785,-17.456,-169.25,73.943,-84.523
-0.85,-0.213,-0.64,18.494,17.09,-27.039,-166.932,74.301,-83.112
-0.566,-0.301,-0.629,12.939,46.387,-36.865,-165.042,72.23,-81.793
-0.511,-0.432,-0.732,-5.92,33.936,-44.739,-162.889,69.922,-79.376
-0.489,-0.395,-0.762,-27.954,19.104,-27.954,-162.296,68.016,-77.393
-0.485,-0.281,-0.701,-48.645,5.615,-11.353,-163.147,67.017,-75.987
-0.547,-0.112,-0.65,-51.575,-15.686,-6.714,-165.075,67.011,-75.212
-0.657,-0.041,-0.638,-40.039,-17.822,-17.09,-166.47,67.626,-74.108
-0.673,-0.07,-0.603,-26.855,-12.268,-22.217,-166.987,68.137,-72.751
-0.671,-0.113,-0.574,-16.541,-7.324,-23.376,-166.844,68.417,-71.318
-0.695,-0.244,-0.648,-9.033,1.221,-22.827,-166.262,68.368,-69.999
-0.7,-0.315,-0.713,-22.034,1.648,-16.479,-166.08,68.077,-68.884
-0.723,-0.301,-0.754,-33.203,-7.263,-19.287,-166.426,68.06,-67.632
-2.027,-0.494,-1.873,-34.79,-22.339,-30.457,-166.635,68.621,-65.698
-0.877,-0.197,-0.824,-39.734,-9.705,-31.006,-166.339,69.011,-63.105
-0.632,0.01,-0.694,-50.659,14.099,-8.057,-167.811,68.73,-62.21
-0.529,0.154,-0.623,-62.988,-10.62,-13.916,-170.436,68.544,-62.062
-0.794,0.262,-0.72,-72.449,2.197,-43.03,-172.661,68.945,-60.551
-0.651,0.264,-0.667,-65.063,29.114,-69.885,-173.727,67.917,-57.557
-0.583,0.242,-0.696,-49.744,26.489,-69.58,-173.842,66.39,-53.948
-0.516,0.177,-0.668,-35.828,15.503,-50.964,-173.87,65.286,-51.284
-0.599,0.131,-0.697,-23.499,0.0,-43.274,-173.897,64.973,-49.559
-0.565,0.1,-0.668,-17.212,-1.77,-37.231,-173.694,65.028,-48.164
-0.597,0.057,-0.657,-15.564,-15.137,-32.776,-173.381,65.462,-46.939
-0.612,0.109,-0.692,-21.484,-8.667,-19.409,-173.518,66.022,-46.181
-0.874,0.174,-0.912,-13.489,-19.714,-13.855,-174.15,66.736,-46.143
-1.048,0.011,-0.969,-2.747,-35.4,-20.508,-173.815,68.11,-45.72
-1.39,-0.055,-1.147,-11.23,-18.066,1.709,-173.996,69.769,-45.846
-0.621,-0.068,-0.771,-12.146,42.786,12.695,-175.199,68.615,-47.23
-0.323,-0.098,-0.815,-4.7,18.677,1.648,-176.166,66.989,-48.367
-0.381,-0.21,-0.762,-4.333,18.188,-10.986,-175.803,66.022,-47.977
-0.376,-0.195,-0.693,-5.676,15.442,6.165,-175.858,64.979,-47.928
-0.414,-0.168,-0.669,-9.827,9.521,13.794,-176.457,64.089,-48.543
-0.413,-0.127,-0.641,-12.207,-0.366,17.456,-177.281,63.649,-49.34
-0.527,-0.064,-0.671,-18.738,-9.033,20.874,-178.412,63.82,-50.334
-0.582,-0.041,-0.716,-21.667,-13.367,11.047,-179.764,64.188,-51.317
-0.641,0.041,-0.737,-27.1,-8.789,5.615,178.77,64.682,-51.96
-0.584,-0.016,-0.708,-21.606,-12.268,-14.16,177.957,65.05,-51.817
-0.705,-0.058,-0.828,-18.005,-8.301,-16.785,177.918,65.676,-50.817
-0.76,-0.062,-0.9,-17.944,-15.503,-13.428,177.83,66.105,-50.043
-0.893,-0.016,-0.927,-27.344,-28.564,-16.724,177.698,67.33,-49.142
-0.99,0.119,-0.888,-28.687,-19.104,-36.56,177.407,68.719,-47.823
-0.708,0.202,-0.713,-37.476,9.094,-48.767,178.022,69.104,-45.066
-0.633,0.324,-0.7,-50.293,5.493,-37.231,177.77,68.835,-42.632
-0.6,0.354,-0.66,-48.584,18.188,-45.41,176.951,68.445,-40.671
-0.584,0.335,-0.653,-39.856,19.348,-53.65,176.907,67.791,-38.018
-0.482,0.244,-0.59,-35.156,22.583,-50.964,177.067,66.989,-35.557
-0.482,0.238,-0.583,-35.828,15.564,-43.518,176.968,66.363,-33.492
-0.491,0.229,-0.566,-29.419,8.85,-41.382,176.704,65.984,-31.866
-0.608,0.174,-0.6,-26.55,-1.099,-41.931,176.671,66.149,-30.262
-0.696,0.105,-0.614,-26.306,-3.54,-47.729,176.957,66.594,-28.295
-0.794,0.129,-0.679,-27.954,6.958,-35.278,177.209,66.951,-26.34
-0.69,0.194,-0.674,-22.522,5.493,-25.146,177.138,66.753,-25.164
-0.82,0.273,-0.817,-12.939,4.578,-20.447,177.1,66.912,-24.45
-0.836,0.335,-0.928,-3.906,14.343,-22.644,177.242,66.506,-24.027
-1.092,0.143,-1.011,-1.709,-5.92,-46.204,178.396,66.621,-22.687
-0.885,-0.155,-0.862,-15.808,47.119,-63.66,-179.659,66.143,-19.704
-0.302,-0.178,-0.729,-37.17,65.552,-41.809,-178.61,63.177,-16.507
-0.339,-0.021,-0.782,-29.419,46.57,13.733,-179.632,60.606,-15.798
-0.108,0.12,-0.782,3.845,30.029,73.608,178.275,58.244,-18.671
-0.303,0.108,-0.762,36.011,-3.113,101.074,176.644,57.272,-24.082
-0.396,0.037,-0.702,49.438,-19.653,81.909,175.946,57.085,-29.597
-0.531,-0.049,-0.691,41.992,-22.888,57.983,176.166,57.728,-33.635
-0.616,-0.13,-0.716,18.372,-15.442,28.32,176.342,58.387,-36.2
-0.59,-0.047,-0.779,-9.094,-5.31,11.841,176.116,58.749,-37.117
-0.546,0.039,-0.866,-4.089,-0.549,20.264,175.435,58.81,-38.112
-0.548,0.038,-0.969,5.676,0.061,23.071,175.029,58.7,-39.397
-0.529,0.017,-1.015,13.794,-7.69,11.108,175.155,58.546,-40.446
-0.845,0.132,-1.144,-7.324,-21.729,0.427,175.298,59.392,-40.666
-0.553,0.183,-0.929,-7.568,5.249,-21.179,175.375,59.634,-40.133
-0.448,0.29,-0.833,-18.677,-4.517,-15.381,175.479,59.551,-38.963
-0.553,0.296,-0.776,-13.672,-4.944,-16.052,174.88,59.974,-38.611
-0.391,0.238,-0.653,-11.719,-5.005,-29.419,174.908,60.112,-37.59
-0.37,0.185,-0.55,-14.282,-11.597,-26.306,174.869,60.667,-36.552
-0.536,0.186,-0.571,-14.709,-16.479,-28.259,174.781,61.507,-35.557
-0.591,0.191,-0.604,-11.536,2.136,-24.536,174.771,62.023,-34.64
-0.626,0.153,-0.652,-6.958,5.737,-28.931,175.067,62.073,-33.662
-0.584,0.051,-0.649,-2.686,0.854,-35.522,176.001,62.216,-32.102
-0.63,0.045,-0.666,-9.033,-5.859,-21.973,176.572,62.677,-30.916
-0.647,0.09,-0.696,-9.827,-7.446,-20.508,176.776,63.21,-30.125
-0.596,0.165,-0.701,-12.695,-11.475,-16.357,176.852,63.858,-29.443
-0.792,0.198,-0.823,-15.32,-16.418,-20.813,176.688,64.83,-28.894
-0.866,0.307,-0.978,-14.038,1.831,-16.602,176.6,65.22,-28.087
-0.913,0.176,-1.092,6.592,-2.258,-12.512,176.77,65.391,-27.867
-0.704,-0.008,-0.913,11.597,7.141,10.864,177.561,65.402,-27.861
-0.457,-0.022,-0.748,15.869,11.597,35.95,177.023,64.764,-29.795
-0.401,-0.067,-0.719,20.569,10.193,25.269,176.797,63.924,-31.745
-0.443,-0.061,-0.722,17.883,6.775,29.175,176.88,63.259,-33.217
-0.389,-0.103,-0.679,12.756,9.094,30.029,176.814,62.507,-34.761
-0.481,-0.048,-0.675,5.92,-10.925,28.32,176.391,62.238,-36.293
-0.599,-0.02,-0.683,5.676,-11.353,23.376,176.006,62.622,-37.606
-0.62,-0.015,-0.668,6.104,-11.292,20.752,175.715,63.012,-38.826
-0.595,0.023,-0.688,3.479,-8.24,29.236,175.221,63.325,-40.237
-0.632,0.037,-0.704,5.249,-20.508,30.518,174.342,63.924,-42.204
-0.695,-0.001,-0.766,4.517,-18.921,27.405,173.562,64.764,-44.055
-0.797,-0.003,-0.858,2.93,-9.705,26.367,172.722,65.314,-45.802
-0.827,0.047,-0.942,-0.916,-6.531,18.127,172.084,65.319,-47.049
-1.009,0.204,-1.05,-7.874,-6.897,6.653,171.628,65.682,-47.576
-0.739,0.243,-0.842,-1.465,24.963,-7.935,171.722,65.204,-47.247
-0.479,0.282,-0.7,-9.46,30.884,-7.935,172.2,63.82,-46.225
-0.574,0.354,-0.712,-7.568,20.569,-2.808,171.766,62.743,-46.071
-0.528,0.336,-0.646,-8.057,40.527,-19.409,171.854,61.381,-45.258
-0.415,0.289,-0.57,-0.793,38.696,-24.17,172.332,59.601,-43.951
-0.459,0.226,-0.589,4.761,32.532,-26.306,173.079,58.26,-42.654
-0.404,0.153,-0.603,8.789,23.56,-30.518,174.133,57.068,-41.259
-0.484,0.098,-0.707,3.174,14.099,-27.588,175.177,56.563,-39.847
-0.557,0.114,-0.8,-4.028,11.414,-29.48,175.853,56.266,-38.458
-0.412,0.15,-0.815,-10.559,3.479,-31.86,176.369,55.942,-36.788
-0.467,0.157,-0.889,-12.695,-21.912,-39.246,176.655,56.629,-34.991
-0.638,0.265,-0.923,-15.442,-25.024,-26.733,176.781,58.013,-33.206
-0.746,0.251,-0.94,1.16,-22.339,-14.526,176.808,59.03,-32.487
-0.999,0.152,-1.089,18.005,-16.174,-6.775,177.38,60.194,-32.305
-0.639,0.026,-0.889,24.17,28.259,15.32,178.171,59.634,-32.877
-0.308,-0.107,-0.817,32.288,29.297,22.644,178.956,58.013,-34.091
-0.353,-0.184,-0.847,28.198,25.085,21.362,179.94,56.788,-35.074
-0.216,-0.188,-0.812,13.611,18.86,34.973,-179.764,55.349,-36.365
-0.3,-0.168,-0.763,-0.793,4.211,27.954,179.923,54.701,-37.557
-0.433,-0.076,-0.733,-5.249,-4.517,17.273,179.423,54.569,-38.188
-0.515,-0.068,-0.708,-1.404,-6.287,14.832,179.236,54.717,-38.485
-0.529,-0.015,-0.735,0.122,1.343,30.273,178.813,54.827,-39.419
-0.485,-0.012,-0.741,2.563,-1.465,33.63,178.198,54.767,-41.028
-0.56,-0.005,-0.831,2.93,-6.897,34.119,177.561,54.937,-42.72
-0.538,-0.016,-0.918,1.587,1.953,35.583,176.836,54.981,-44.511
-0.54,-0.028,-1.045,2.014,0.244,28.87,176.193,54.822,-46.088
-0.571,-0.017,-1.039,0.488,-16.113,10.376,175.88,54.959,-46.961
-0.92,0.158,-1.216,-15.991,-8.728,-1.648,175.638,55.723,-46.818
-0.404,0.281,-0.908,-18.127,30.273,-11.353,175.04,55.096,-46.219
-0.241,0.404,-0.836,-23.315,5.676,-20.386,174.562,54.108,-44.89
-0.49,0.392,-0.79,-12.634,7.69,-23.315,174.023,54.179,-43.885
-0.374,0.291,-0.722,-4.333,28.625,-52.612,174.628,53.229,-41.594
-0.292,0.24,-0.648,-1.038,27.649,-52.979,175.638,52.13,-38.754
-0.344,0.172,-0.656,3.174,20.02,-59.082,176.83,51.295,-35.832
-0.293,0.113,-0.654,6.47,21.24,-62.988,178.248,50.504,-32.701
-0.432,0.026,-0.74,2.197,-0.732,-64.27,179.692,50.372,-29.41
-0.474,-0.123,-0.802,-13.123,6.653,-69.031,-179.077,50.405,-25.818
-0.458,-0.02,-0.861,-34.18,-4.517,-53.772,-178.956,50.521,-22.412
-0.425,0.115,-0.961,-35.828,-0.488,-32.593,-179.698,50.806,-20.083
-0.423,0.162,-1.051,-25.391,-13.855,-20.264,179.44,51.229,-18.611
-0.502,0.186,-1.04,-22.4,-34.058,-0.549,178.292,52.399,-18.237
-0.831,0.098,-1.172,-14.404,-43.457,-9.705,177.374,54.256,-18.133
-0.805,0.071,-1.114,-14.099,7.629,9.399,176.71,55.448,-18.083
-0.213,0.056,-0.857,-1.648,25.269,36.011,175.627,54.212,-19.418
-0.238,-0.013,-0.812,13.855,-2.441,27.71,175.226,53.459,-20.94
-0.294,0.012,-0.754,13.916,-0.732,47.791,175.051,53.141,-22.692
-0.312,-0.026,-0.729,16.174,-2.136,43.274,174.754,52.778,-24.955
-0.343,-0.002,-0.739,9.338,-8.728,37.292,174.545,52.63,-26.724
-0.39,0.046,-0.782,8.789,-15.686,38.635,174.188,52.888,-28.493
-0.444,0.08,-0.747,13.123,-20.569,43.457,173.721,53.443,-30.663
-0.505,0.074,-0.749,21.057,-27.283,38.635,173.546,54.256,-32.899
-0.592,0.051,-0.804,21.79,-20.569,40.161,173.589,55.19,-35.107
-0.598,0.054,-0.87,21.362,-16.785,40.771,173.469,55.827,-37.491
-0.669,0.09,-1.024,18.005,-9.766,34.058,173.397,56.129,-39.578
-0.746,0.133,-1.04,22.461,-7.446,9.583,173.655,56.448,-40.886
-0.646,0.188,-1.04,14.221,8.423,-6.592,174.655,56.431,-40.737
-0.313,0.181,-0.777,8.179,21.912,-14.465,175.677,55.712,-39.842
-0.395,0.311,-0.804,-3.479,-0.61,-8.24,175.946,55.162,-39.111
-0.422,0.257,-0.758,-1.831,18.677,-26.123,176.1,54.794,-38.249
-0.329,0.238,-0.701,0.305,19.653,-41.443,176.792,53.888,-36.299
-0.292,0.142,-0.679,-2.136,1.282,-43.945,177.693,53.427,-33.97
-0.464,0.116,-0.668,-3.54,-7.385,-45.044,178.429,53.773,-31.624
-0.421,0.072,-0.683,-6.714,-3.052,-41.809,179.072,54.014,-29.405
-0.542,0.042,-0.729,-14.099,-18.982,-44.739,179.583,54.866,-27.103
-0.614,0.057,-0.771,-15.259,-10.62,-45.105,-179.973,55.756,-24.725
-0.532,0.041,-0.795,-12.268,-15.564,-42.908,-179.39,56.448,-22.368
-0.628,0.102,-0.857,-13.794,-21.423,-31.799,-179.055,57.64,-20.473
-0.682,0.121,-0.912,-15.93,-18.433,-11.658,-179.231,58.689,-19.49
-0.863,0.119,-1.032,-5.066,-19.897,-0.244,-179.879,59.76,-19.688
-0.962,0.029,-1.142,5.432,6.47,3.296,-179.945,60.216,-19.99
-0.313,-0.012,-0.828,6.409,35.522,37.476,179.533,58.887,-21.467
-0.231,-0.072,-0.853,14.832,7.568,22.888,179.044,57.568,-23.335
-0.311,-0.106,-0.76,8.423,3.784,17.761,179.242,57.167,-24.049
-0.347,-0.096,-0.732,0.061,1.465,18.982,179.066,56.761,-24.769
-0.355,-0.059,-0.708,-4.517,-4.517,15.076,178.665,56.552,-25.356
-0.442,-0.043,-0.693,-3.601,-16.479,9.399,178.407,56.915,-25.637
-0.569,0.016,-0.678,-2.075,-17.334,17.578,178.028,57.678,-26.197
-0.568,0.032,-0.679,3.723,-11.841,20.691,177.578,58.304,-27.318
-0.584,-0.004,-0.703,6.47,-14.343,23.315,177.264,58.953,-28.63
-0.595,0.014,-0.738,4.272,-18.433,24.963,176.666,59.771,-30.278
-0.726,-0.026,-0.867,6.592,-17.7,15.93,176.457,60.606,-31.47
-0.71,0.006,-0.948,3.967,3.723,24.292,176.083,60.87,-32.75
-0.852,0.052,-1.04,8.484,-11.292,7.568,175.99,61.122,-33.657
-0.895,0.146,-1.096,7.08,4.578,-0.793,176.347,61.155,-33.805
-0.491,0.166,-0.787,0.183,20.569,-13.306,176.973,60.513,-33.206
-0.451,0.285,-0.787,-11.963,0.122,-9.766,177.017,59.914,-32.476
-0.526,0.24,-0.744,-11.475,13.0,-25.818,176.836,59.799,-31.712
-0.445,0.235,-0.638,-13.123,17.334,-53.04,177.517,59.09,-29.262
-0.39,0.131,-0.54,-7.935,14.282,-69.519,178.786,58.502,-25.999
-0.495,0.085,-0.58,-15.198,10.681,-68.542,-179.758,58.206,-22.297
-0.51,-0.042,-0.603,-30.151,15.137,-78.003,-178.66,57.717,-18.468
-0.551,-0.013,-0.665,-48.767,5.798,-90.698,-178.088,57.42,-13.92
-0.519,-0.194,-0.707,-77.393,-7.324,-112.488,-177.841,57.629,-8.344
-0.601,-0.174,-0.695,-127.197,-35.706,-139.16,-178.605,58.854,-1.115
-0.743,0.159,-0.627,-135.193,-48.035,-134.949,179.907,61.364,7.24
-1.02,0.194,-0.777,-112.732,-32.471,-96.68,178.248,63.968,13.618
-1.076,0.282,-0.927,-94.604,-10.01,-79.041,176.55,65.319,18.116
-1.152,0.321,-1.056,-84.229,11.78,-65.308,175.578,66.088,22.357
-0.544,0.379,-0.9,-42.053,19.47,-36.804,174.402,65.605,24.593
-0.296,0.197,-0.86,-8.484,2.686,-35.767,174.716,65.204,26.68
-0.545,0.205,-0.841,-32.166,3.784,-12.878,174.507,65.226,28.301
-0.418,0.292,-0.704,-28.625,5.859,-28.564,173.557,64.764,29.756
-0.458,0.219,-0.652,-23.682,4.578,-28.137,173.381,64.506,31.998
-0.52,0.2,-0.671,-11.23,7.324,-18.738,173.243,64.221,33.761
-0.412,0.139,-0.607,14.282,5.92,4.7,173.381,63.567,34.261
-0.569,0.086,-0.65,32.898,-5.92,9.705,174.084,63.446,33.849
-0.654,-0.003,-0.658,43.64,-0.427,12.085,175.479,63.512,32.981
-0.661,-0.073,-0.684,42.786,4.089,20.508,176.99,63.375,31.608
-0.605,-0.069,-0.707,37.415,12.939,22.339,178.248,62.979,29.943
-0.545,-0.14,-0.744,31.921,7.751,8.911,179.528,62.369,28.559
-0.754,-0.145,-0.951,19.531,11.963,-3.845,-179.033,62.04,28.18
-0.683,-0.021,-0.925,6.47,18.311,-16.174,-177.797,61.139,28.608
-0.604,-0.019,-0.85,0.366,10.071,-17.395,-176.732,60.507,29.476
-0.44,0.14,-0.67,-11.719,4.761,-11.353,-176.726,60.123,29.938
-0.512,0.129,-0.678,-9.338,-24.78,-25.513,-176.66,60.612,30.861
-0.751,0.05,-0.723,-30.762,-17.09,-33.386,-176.6,61.87,32.602
-0.729,0.15,-0.705,-42.053,0.305,-33.264,-177.435,62.238,34.228
-0.642,0.198,-0.699,-44.739,15.076,-34.058,-178.522,61.957,35.799
-0.408,0.18,-0.646,-42.603,-4.822,-37.903,-179.506,61.76,37.738
-0.643,0.212,-0.664,-42.969,-40.588,-16.174,179.028,63.397,39.161
-0.707,0.331,-0.64,-25.452,-21.484,-16.663,177.171,64.979,39.54
-0.709,0.274,-0.624,-23.315,-13.184,-22.034,176.6,66.055,40.814
-0.732,0.314,-0.67,-15.015,-15.015,-24.658,176.012,66.764,42.144
-0.835,0.246,-0.731,-8.911,-18.127,-31.006,176.199,67.808,43.978
-1.085,0.124,-0.832,3.906,-20.142,-36.133,177.149,69.164,45.972
-0.679,0.022,-0.691,4.395,24.78,-36.316,178.879,69.263,48.252
-0.364,-0.125,-0.696,9.888,22.888,-39.551,-179.028,67.917,50.658
-0.662,-0.208,-0.77,-7.141,-1.038,-41.626,-176.907,67.758,53.438
-0.711,-0.155,-0.803,-23.193,13.855,-25.391,-176.1,67.242,55.443
-0.607,-0.075,-0.737,-42.297,23.865,-26.428,-176.506,66.149,56.97
-0.544,0.04,-0.665,-44.312,5.859,-29.48,-177.457,65.38,58.612
-0.63,0.007,-0.644,-41.748,0.671,-41.199,-177.841,65.308,61.018
-0.649,0.002,-0.638,-44.861,5.859,-45.532,-178.083,65.248,63.842
-0.584,-0.069,-0.652,-47.058,4.15,-55.298,-178.11,65.006,67.17
-0.691,-0.079,-0.742,-54.749,-7.568,-61.34,-178.077,65.27,71.016
-0.749,-0.105,-0.772,-62.073,-9.094,-66.711,-178.022,65.781,75.317
-0.735,-0.03,-0.814,-60.181,-2.014,-65.491,-178.011,66.072,79.838
-0.834,0.008,-0.855,-53.284,-10.742,-81.177,-177.539,66.544,84.902
-0.823,0.073,-0.763,-55.115,-1.648,-86.914,-176.221,67.022,91.296
-0.523,0.146,-0.585,-66.711,9.46,-70.007,-175.765,66.522,97.476
-0.704,0.235,-0.652,-71.716,-6.592,-65.186,-176.572,66.61,102.887
-0.746,0.277,-0.676,-70.862,6.104,-70.251,-177.429,66.539,108.611
-0.668,0.283,-0.658,-65.552,21.484,-68.604,-178.237,65.83,114.384
-0.646,0.246,-0.673,-56.58,18.738,-73.303,-178.671,64.819,120.212
-0.597,0.222,-0.64,-48.462,13.428,-63.232,-178.956,64.083,125.717
-0.66,0.18,-0.679,-37.964,4.15,-51.025,-179.264,63.671,130.397
-0.646,0.173,-0.639,-32.898,8.789,-32.288,-179.791,63.506,133.923
-0.577,0.184,-0.641,-22.217,10.742,-25.33,179.506,62.985,136.577
-0.479,0.176,-0.701,-22.583,-2.747,-17.212,178.896,62.941,138.796
-0.566,0.186,-0.74,-26.428,-42.114,-29.114,178.143,64.083,140.911
-1.028,0.173,-0.822,-17.151,-64.392,-26.917,177.973,67.187,143.454
-1.262,0.16,-0.9,-1.587,-47.852,-13.794,177.891,69.988,145.261
-1.325,0.101,-0.973,4.7,-29.663,5.737,177.808,71.834,146.19
-0.94,0.027,-0.884,14.465,27.832,14.587,177.561,71.746,146.354
-0.489,-0.089,-0.803,21.179,31.433,16.602,177.698,70.027,146.283
-0.333,-0.14,-0.794,16.541,37.231,17.761,178.143,68.099,146.184
-0.323,-0.12,-0.747,3.479,16.907,26.062,178.039,66.544,145.475
-0.368,-0.025,-0.665,-6.104,9.766,28.381,177.089,65.539,144.119
-0.421,0.017,-0.629,-7.812,4.944,25.024,175.995,64.781,142.839
-0.448,0.042,-0.571,-8.423,-7.324,18.799,174.935,64.435,141.801
-0.612,0.051,-0.598,-10.559,-17.7,9.827,174.095,64.907,141.339
-0.724,0.065,-0.645,-11.353,-14.282,7.568,173.32,65.682,141.416
-0.722,0.087,-0.63,-12.329,-9.521,10.498,172.354,66.237,141.542
-0.691,0.083,-0.691,-6.775,-2.258,7.08,171.606,66.572,141.855
-0.698,0.048,-0.744,-3.784,-3.784,10.193,171.074,66.797,142.114
-0.761,0.125,-0.853,2.502,0.244,16.724,170.557,66.698,141.96
-0.734,0.05,-0.856,12.268,-6.836,16.113,170.59,66.791,141.647
-0.804,0.145,-0.925,8.24,-8.24,24.902,170.107,67.0,140.647
-0.765,0.222,-0.896,3.479,-9.216,13.733,169.59,67.236,139.878
-0.615,0.259,-0.792,-2.38,-3.174,2.502,169.255,67.308,139.774
-0.483,0.323,-0.698,-14.648,-0.366,2.38,168.832,67.209,140.158
-0.629,0.42,-0.675,-11.902,-8.484,-4.761,167.739,67.473,140.142
-0.808,0.447,-0.684,-4.089,9.155,-26.062,167.657,67.549,141.367
-0.721,0.356,-0.563,3.296,38.818,-32.654,169.074,66.665,144.245
-0.729,0.289,-0.527,11.78,51.086,-19.348,170.486,64.819,146.915
-0.521,0.232,-0.499,17.639,72.937,-6.897,171.694,61.963,148.958
-0.485,0.131,-0.578,25.879,50.049,2.38,172.738,59.095,150.271
-0.352,0.007,-0.695,24.231,28.381,8.362,173.82,57.184,150.886
-0.544,0.033,-0.808,23.193,6.897,4.7,174.666,56.651,151.057
-0.434,0.172,-0.765,11.78,6.592,5.554,175.276,56.212,151.183
-0.643,0.219,-0.903,22.156,0.732,-0.183,176.034,56.354,151.419
-0.609,0.187,-1.022,25.024,16.968,-4.211,177.127,55.607,151.919
-0.717,0.031,-1.193,28.015,7.69,-20.02,178.687,55.311,153.001
-0.612,-0.14,-1.101,15.381,10.986,-9.888,-179.797,54.882,154.259
-0.283,-0.209,-0.818,8.545,1.953,-2.869,-179.083,54.448,154.682
-0.563,-0.154,-0.86,6.836,-5.981,2.258,-178.616,54.871,154.759
-0.292,-0.24,-0.801,9.277,27.527,9.888,-178.033,53.795,154.457
-0.244,-0.204,-0.759,0.366,0.0,17.029,-177.935,52.971,153.435
-0.397,-0.167,-0.717,-0.366,-7.996,26.184,-178.05,53.069,152.045
-0.499,-0.079,-0.721,4.028,-5.615,42.114,-178.566,53.267,149.925
-0.461,-0.08,-0.766,7.996,2.686,43.518,-179.094,53.24,147.519
-0.447,-0.089,-0.817,11.658,-0.732,36.682,-179.379,53.174,145.371
-0.487,-0.13,-0.863,6.042,-9.46,37.231,-179.626,53.41,143.306
-0.542,-0.143,-0.917,5.798,-9.949,21.301,-179.984,53.844,141.438
-0.686,-0.178,-1.074,-5.493,-5.554,5.737,-179.896,54.289,140.674
-0.647,-0.037,-1.168,-17.822,3.479,-13.611,179.857,54.36,140.707
-0.38,0.155,-0.986,-31.25,11.841,-24.475,179.346,54.009,141.866
-0.3,0.316,-0.885,-39.612,-2.747,-28.076,178.347,53.652,143.35
-0.42,0.348,-0.83,-24.231,-2.686,-31.25,177.446,54.014,144.926
-0.331,0.257,-0.711,-14.099,-2.686,-38.574,177.308,53.987,146.975
-0.434,0.186,-0.699,-12.024,-4.883,-30.212,177.396,54.344,148.925
-0.357,0.159,-0.657,-9.46,1.16,-37.354,177.473,54.327,150.842
-0.481,0.161,-0.688,-4.822,-8.118,-36.926,177.907,54.712,153.089
-0.474,0.074,-0.681,-1.648,2.38,-35.706,178.55,54.877,155.264
-0.643,0.048,-0.762,-5.798,-4.089,-31.189,179.247,55.245,157.544
-0.512,0.026,-0.732,-6.897,11.292,-25.391,179.654,55.091,159.521
-0.651,0.088,-0.824,-7.08,1.404,-20.935,179.791,55.074,161.153
-0.587,0.112,-0.802,-11.719,4.578,-20.569,179.885,55.058,162.801
-0.686,0.205,-0.9,-8.301,16.235,-13.733,179.747,54.849,164.202
-0.53,0.263,-0.951,3.235,20.874,-12.146,179.775,53.811,165.322
-0.872,0.184,-1.072,17.944,-7.324,-17.7,-179.599,53.844,166.344
-0.608,0.052,-1.105,27.344,54.688,-24.536,-178.116,52.778,167.877
-0.232,-0.118,-0.94,29.663,31.86,-18.25,-176.248,50.652,169.376
-0.158,-0.2,-0.829,21.79,16.846,-11.414,-174.82,49.46,170.09
-0.244,-0.191,-0.833,12.024,14.954,-9.521,-173.683,48.735,170.645
-0.159,-0.178,-0.785,6.897,14.587,-6.287,-173.057,47.675,170.689
-0.19,-0.154,-0.826,-0.366,7.385,-10.986,-172.645,46.895,170.832
-0.255,-0.163,-0.775,0.549,-3.418,-17.822,-172.233,46.549,171.266
-0.411,-0.197,-0.85,-0.977,3.357,-17.822,-171.672,46.439,172.101
-0.287,-0.189,-0.827,2.441,3.967,-14.954,-171.222,45.851,172.842
-0.431,-0.214,-0.856,-2.808,-4.578,-7.385,-170.782,45.967,173.535
-0.349,-0.239,-0.849,-2.563,4.211,1.282,-170.711,45.829,173.749
-0.367,-0.211,-0.906,-2.502,-1.282,10.498,-170.788,45.835,173.617
-0.298,-0.241,-0.893,-0.977,-2.563,10.01,-170.909,46.033,173.183
-0.394,-0.197,-1.102,-10.559,0.61,9.46,-171.167,46.176,172.798
-0.494,-0.216,-1.183,-11.475,-16.785,-16.785,-171.321,46.461,173.068
-0.572,-0.032,-1.186,-15.991,15.381,-21.24,-171.623,46.577,174.188
-0.232,-0.001,-0.931,-22.583,17.822,-19.592,-172.035,45.56,175.386
-0.257,0.089,-0.896,-19.348,-3.845,-20.386,-172.864,45.077,176.292
-0.315,0.097,-0.837,-13.977,3.723,-22.827,-173.392,44.962,177.407
-0.226,0.069,-0.748,-9.399,-1.526,-15.381,-173.76,44.764,178.308
-0.369,0.055,-0.782,-1.892,-2.808,-12.268,-174.012,44.956,178.89
-0.304,-0.005,-0.765,-2.258,2.686,-14.099,-173.979,44.78,179.687
-0.354,-0.006,-0.792,-1.343,-0.61,-7.324,-174.095,44.758,-179.813
-0.374,-0.037,-0.818,-2.502,1.587,-9.338,-174.133,44.791,-179.236
-0.411,-0.041,-0.845,-3.479,2.258,-8.179,-174.188,44.802,-178.577
-0.385,-0.041,-0.87,-2.625,5.005,-4.639,-174.293,44.67,-178.033
-0.419,-0.01,-0.893,-3.54,0.0,-4.15,-174.43,44.709,-177.589
-0.324,0.041,-0.911,-0.366,0.916,4.578,-174.628,44.72,-177.446
-0.461,0.135,-1.068,4.944,-7.324,15.686,-174.886,44.945,-177.935
-0.32,0.012,-0.978,15.259,0.0,9.094,-174.617,45.231,-178.445
-0.588,-0.061,-1.189,24.963,-8.24,3.601,-173.93,45.615,-178.781
-0.524,-0.198,-1.146,20.874,17.578,1.465,-172.831,45.456,-178.704
-0.198,-0.206,-0.932,10.559,17.334,11.963,-172.244,44.577,-178.973
-0.175,-0.19,-0.852,4.822,3.662,11.292,-172.068,44.149,-179.67
-0.149,-0.227,-0.837,-1.038,13.55,0.549,-171.876,43.682,179.973
-0.124,-0.145,-0.895,-4.395,12.207,4.15,-172.007,42.907,179.5
-0.122,-0.159,-0.889,-2.014,0.61,2.869,-172.04,42.358,178.918
-0.261,-0.161,-0.889,-0.366,-6.165,-1.526,-171.98,42.38,178.484
-0.302,-0.164,-0.823,-1.404,-5.432,-0.793,-171.859,42.484,178.325
-0.362,-0.167,-0.819,-0.488,0.305,-0.916,-171.766,42.572,178.259
-0.361,-0.147,-0.846,-2.197,2.686,5.31,-171.727,42.512,178.248
-0.305,-0.166,-0.84,2.197,8.118,8.972,-171.694,42.275,177.951
-0.351,-0.166,-0.89,-0.244,5.249,10.803,-171.683,42.144,177.589
-0.25,-0.192,-0.879,0.61,1.038,10.376,-171.711,42.017,177.16
-0.343,-0.146,-1.082,-2.747,3.54,12.268,-171.821,42.105,176.622
-0.274,-0.255,-1.0,2.136,1.404,2.625,-171.634,42.111,176.391
-0.426,-0.159,-1.108,-4.211,-5.676,13.306,-171.832,42.292,175.787
-0.416,-0.148,-1.093,-6.348,0.0,-3.418,-172.007,42.369,175.54
-0.309,-0.004,-1.064,-10.315,22.644,-2.991,-172.419,41.957,175.666
-0.074,0.011,-0.931,-16.235,8.179,-10.193,-172.82,40.941,175.99
-0.269,0.129,-0.941,-13.306,6.592,-3.54,-173.661,40.792,176.039
-0.083,0.048,-0.881,-3.54,11.047,-13.306,-174.045,39.974,176.243
-0.211,0.047,-0.866,-3.479,-4.395,-6.775,-174.326,39.886,176.391
-0.251,-0.029,-0.819,-5.127,-7.507,-11.475,-174.446,40.007,176.693
-0.303,0.013,-0.81,-6.348,-0.549,-8.301,-174.776,40.177,177.023
-0.325,0.024,-0.831,-5.188,-2.991,-4.639,-175.073,40.292,177.281
-0.306,0.01,-0.857,-0.732,6.531,-5.92,-175.226,40.21,177.578
-0.313,0.012,-0.904,-1.404,4.272,1.282,-175.336,40.045,177.764
-0.239,0.029,-0.903,0.732,-2.686,3.601,-175.485,40.056,177.638
-0.404,0.045,-0.939,2.625,-8.545,6.165,-175.594,40.551,177.38
-0.405,0.086,-1.054,8.911,1.282,12.451,-175.693,40.54,176.869
-0.367,-0.02,-1.104,14.404,-5.493,7.874,-175.331,40.611,176.418
-0.478,-0.079,-1.208,13.916,17.944,6.042,-174.781,40.666,176.237
-0.074,-0.128,-0.996,13.855,20.935,11.23,-174.298,39.556,175.781
-0.034,-0.177,-0.897,7.629,-0.977,6.775,-173.853,39.078,175.084
-0.132,-0.181,-0.899,2.014,0.671,3.418,-173.562,39.062,174.474
-0.059,-0.123,-0.929,-1.77,8.057,9.766,-173.584,38.611,173.622
-0.084,-0.125,-0.924,0.427,1.709,7.446,-173.633,38.254,172.579
-0.092,-0.135,-0.876,1.953,-10.071,4.456,-173.573,38.145,171.634
-0.237,-0.146,-0.865,-0.366,-12.268,5.798,-173.474,38.606,170.832
-0.273,-0.093,-0.855,1.282,-4.761,11.169,-173.513,38.875,169.937
-0.274,-0.125,-0.854,2.869,-5.676,8.179,-173.359,39.106,169.244
-0.289,-0.135,-0.853,4.272,-2.136,3.723,-173.139,39.298,168.854
-0.309,-0.163,-0.873,2.38,-3.479,2.075,-172.859,39.501,168.745
-0.254,-0.165,-0.916,1.099,-0.183,7.874,-172.705,39.617,168.486
-0.322,-0.195,-0.943,0.977,-8.728,5.676,-172.59,40.007,168.091
-0.261,-0.213,-1.005,-1.404,2.38,10.071,-172.518,40.166,167.695
-0.394,-0.282,-1.15,-4.822,-1.709,-4.822,-172.375,40.463,167.574
-0.435,-0.125,-1.192,-11.353,6.714,-1.526,-172.678,40.413,167.684
-0.222,-0.105,-1.063,-14.771,12.817,-6.287,-172.969,39.836,167.953
-0.09,0.147,-0.992,-21.423,10.193,8.85,-173.979,39.315,167.624
-0.098,0.167,-0.962,-12.451,0.0,-0.183,-174.864,39.034,167.146
-0.095,0.101,-0.922,0.244,-5.859,-8.118,-175.259,38.99,167.047
-0.197,0.063,-0.872,-1.465,-18.188,-3.296,-175.43,39.463,166.987
-0.26,0.004,-0.792,-2.625,-13.611,-8.972,-175.578,40.15,167.047
-0.267,0.057,-0.767,-3.845,-11.475,-2.869,-175.858,40.655,167.162
-0.321,0.003,-0.769,0.0,-11.902,-3.601,-175.968,41.243,167.223
-0.354,-0.003,-0.793,-0.366,-7.385,-3.906,-176.05,41.754,167.437
-0.365,-0.005,-0.845,-0.916,-4.15,-1.221,-176.116,42.078,167.717
-0.351,0.009,-0.863,-0.793,-5.676,1.77,-176.221,42.424,167.86
-0.395,0.035,-0.897,0.366,-9.521,6.531,-176.353,42.984,167.827
-0.355,0.064,-0.912,3.052,-1.282,12.451,-176.512,43.352,167.514
-0.418,0.061,-0.979,10.742,-10.437,11.536,-176.528,43.748,166.943
-0.459,0.054,-1.093,11.353,-12.878,9.216,-176.32,44.346,166.536
-0.6,-0.055,-1.248,15.93,4.578,6.226,-175.726,44.736,166.41
-0.44,-0.09,-1.155,12.329,11.597,9.888,-175.27,44.401,166.13
-0.075,-0.155,-0.891,8.057,14.282,8.789,-174.902,43.682,165.701
-0.169,-0.162,-0.836,2.136,-10.315,6.653,-174.716,43.676,165.075
-0.17,-0.076,-0.854,-0.732,13.367,15.625,-174.853,43.5,164.081
-0.077,-0.082,-0.838,4.761,-2.441,16.174,-174.935,42.957,162.708
-0.22,-0.108,-0.782,5.31,-20.081,8.24,-174.831,43.347,161.466
-0.403,-0.121,-0.754,-0.244,-15.564,5.127,-174.672,44.182,160.735
-0.397,-0.113,-0.782,-1.16,-0.061,5.066,-174.672,44.44,160.263
-0.39,-0.064,-0.839,-3.235,2.991,12.878,-174.869,44.434,159.763
-0.33,-0.089,-0.843,-1.038,0.0,9.521,-175.001,44.418,159.236
-0.412,-0.064,-0.887,0.183,-2.319,10.132,-175.122,44.681,158.758
-0.357,-0.121,-0.886,1.709,-4.272,5.493,-175.023,44.929,158.555
-0.394,-0.104,-0.935,-1.892,-4.7,4.456,-175.078,45.297,158.291
-0.419,-0.088,-1.053,-2.502,-10.864,-1.221,-175.051,45.61,158.247
-0.481,-0.122,-1.056,-2.502,0.305,-2.319,-174.908,46.126,158.505
-0.462,-0.052,-1.086,-5.249,-4.517,1.465,-175.095,46.187,158.456
-0.364,0.001,-1.024,-7.385,3.357,-4.211,-175.353,46.148,158.494
-0.294,0.025,-0.937,-4.333,0.366,-14.954,-175.424,46.022,158.972
-0.246,0.102,-0.854,-11.169,-6.165,2.258,-175.726,46.071,159.192
-0.303,0.11,-0.906,-0.122,5.188,2.441,-176.177,46.104,158.763
-0.156,0.085,-0.833,2.258,1.343,3.906,-176.336,45.692,158.395
-0.351,0.023,-0.875,4.944,-7.324,-4.15,-176.287,45.84,158.137
-0.257,0.038,-0.838,2.563,0.305,1.343,-176.232,45.753,158.038
-0.417,0.015,-0.896,2.991,1.831,1.709,-176.193,45.862,157.819
-0.262,0.013,-0.865,4.761,2.563,-1.282,-176.138,45.467,157.709
-0.431,0.02,-0.91,2.319,-1.038,-0.488,-176.056,45.654,157.698
-0.293,0.021,-0.845,3.54,3.357,4.028,-176.017,45.401,157.593
-0.324,-0.008,-0.85,6.531,3.113,9.766,-175.968,45.341,157.165
-0.359,0.01,-0.912,5.188,-0.61,15.991,-176.045,45.302,156.412
-0.352,0.002,-0.864,5.493,4.211,22.217,-176.199,45.379,155.396
-0.356,0.007,-0.903,12.146,-2.014,17.822,-176.303,45.308,154.177
-0.279,-0.033,-0.903,11.414,9.399,21.606,-176.094,45.071,153.188
-0.37,-0.033,-0.904,6.409,-6.47,26.428,-176.122,45.165,151.76
-0.345,0.02,-0.877,8.911,1.709,28.015,-176.353,45.286,150.145
-0.335,-0.051,-0.88,16.541,1.648,15.625,-176.061,45.214,148.975
-0.351,-0.067,-0.938,14.709,4.333,21.301,-175.677,45.055,147.887
