-0.094,-0.092,-0.917,16.296,1.099,76.66,-175.15,33.129,46.895
-0.205,-0.092,-0.944,17.334,1.282,77.698,-174.902,33.283,42.693
-0.15,-0.125,-0.947,16.846,13.428,73.486,-174.54,32.997,38.584
-0.085,-0.141,-0.944,14.771,8.911,68.115,-174.194,32.624,34.678
-0.151,-0.154,-0.953,16.052,6.47,54.321,-173.765,32.487,31.344
-0.118,-0.197,-0.959,14.526,11.353,48.279,-173.205,32.162,28.504
-0.088,-0.182,-0.973,11.78,4.578,44.861,-172.771,31.871,25.801
-0.091,-0.212,-0.989,10.132,7.08,39.185,-172.282,31.789,23.516
-0.106,-0.18,-0.983,5.127,-2.38,45.349,-172.04,31.794,21.138
-0.051,-0.14,-0.976,2.441,1.038,41.87,-171.991,31.904,18.781
-0.111,-0.083,-0.947,1.77,-15.137,39.307,-172.062,32.36,16.628
-0.236,-0.07,-0.978,3.601,-5.615,32.959,-172.106,33.102,14.766
-0.133,-0.079,-0.963,5.981,-4.517,30.457,-172.073,33.327,12.986
-0.187,-0.082,-0.941,3.967,-6.836,29.541,-172.035,33.799,11.349
-0.189,-0.056,-0.924,4.028,-11.108,28.748,-172.09,34.36,9.717
-0.257,-0.055,-0.926,5.615,-7.568,28.442,-172.117,34.997,8.108
-0.224,-0.054,-0.933,7.202,-1.221,23.376,-172.079,35.332,6.537
-0.233,-0.11,-0.973,6.531,-1.343,18.005,-171.903,35.563,5.317
-0.233,-0.078,-0.965,2.441,1.16,19.836,-171.953,35.706,4.07
-0.211,-0.083,-0.944,4.272,0.732,14.709,-171.958,35.793,2.994
-0.195,-0.085,-0.931,3.845,2.441,11.963,-171.925,35.793,2.071
-0.214,-0.092,-0.946,4.761,-0.366,9.216,-171.815,35.837,1.373
-0.233,-0.098,-0.958,1.404,4.456,11.414,-171.777,35.821,0.632
-0.197,-0.079,-0.949,2.014,4.395,10.132,-171.826,35.673,-0.154
-0.198,-0.086,-0.94,3.54,3.357,7.751,-171.782,35.574,-0.775
-0.197,-0.109,-0.938,4.028,3.54,7.263,-171.672,35.48,-1.357
-0.199,-0.101,-0.944,1.404,4.639,10.071,-171.628,35.365,-1.95
-0.179,-0.089,-0.946,2.258,3.418,12.024,-171.656,35.228,-2.697
-0.184,-0.094,-0.958,2.136,3.723,12.634,-171.678,35.145,-3.483
-0.186,-0.093,-0.961,1.16,1.77,9.583,-171.7,35.079,-4.147
-0.181,-0.11,-0.962,2.197,3.113,6.531,-171.694,35.013,-4.669
-0.193,-0.098,-0.962,0.977,2.808,6.897,-171.694,34.948,-5.103
-0.146,-0.122,-0.955,1.587,3.784,6.226,-171.65,34.766,-5.532
-0.159,-0.105,-0.966,-0.305,0.793,7.202,-171.689,34.717,-5.949
-0.162,-0.106,-0.962,-1.648,0.122,5.798,-171.76,34.706,-6.273
-0.171,-0.083,-0.961,-0.732,-0.427,7.507,-171.881,34.733,-6.658
-0.164,-0.091,-0.953,-0.427,-1.404,7.263,-171.947,34.783,-7.059
-0.206,-0.087,-0.95,-1.221,-2.075,5.92,-172.057,34.942,-7.454
-0.175,-0.08,-0.949,-0.854,0.305,4.883,-172.156,34.953,-7.751
-0.208,-0.12,-0.945,-0.183,-2.075,3.906,-172.2,35.068,-8.042
-0.194,-0.119,-0.949,-3.052,4.578,6.836,-172.365,35.03,-8.427
-0.216,-0.109,-0.957,-5.371,0.366,9.949,-172.617,34.997,-8.921
-0.193,-0.107,-0.957,-4.211,6.531,15.381,-172.908,34.882,-9.651
-0.192,-0.093,-0.94,-2.075,1.343,20.874,-173.194,34.783,-10.657
-0.199,-0.097,-0.951,-0.793,5.188,24.353,-173.403,34.739,-11.849
-0.205,-0.118,-0.939,-0.427,3.601,27.039,-173.573,34.667,-13.206
-0.214,-0.08,-0.956,-1.221,6.104,29.907,-173.837,34.59,-14.716
-0.154,-0.097,-0.921,1.16,3.967,25.269,-173.996,34.415,-16.183
-0.192,-0.118,-0.952,2.686,4.395,19.714,-174.007,34.354,-17.281
-0.172,-0.135,-0.972,0.122,6.775,19.104,-174.029,34.162,-18.254
-0.142,-0.124,-0.978,-2.014,2.686,20.325,-174.139,33.981,-19.193
-0.168,-0.099,-0.974,-2.991,-1.709,24.414,-174.364,34.069,-20.27
-0.183,-0.048,-0.946,-4.028,-4.395,31.372,-174.688,34.305,-21.638
-0.213,-0.02,-0.948,-0.549,-3.906,34.912,-175.012,34.623,-23.307
-0.203,0.005,-0.943,3.784,-1.709,33.508,-175.232,34.827,-25.054
-0.183,-0.018,-0.959,6.47,1.709,31.799,-175.215,34.915,-26.653
-0.075,-0.014,-0.94,10.559,1.831,31.555,-175.117,34.827,-28.339
-0.11,0.003,-0.959,5.859,-8.911,34.18,-175.023,34.991,-29.899
-0.223,0.03,-0.992,5.798,-3.296,32.776,-175.1,35.414,-31.52
-0.166,0.065,-0.957,6.653,-2.197,26.611,-175.204,35.475,-33.019
-0.237,0.014,-0.952,9.277,-0.854,16.907,-175.1,35.629,-34.096
-0.236,-0.008,-1.007,8.423,9.888,14.954,-174.946,35.436,-34.964
-0.159,-0.029,-0.998,5.371,11.658,17.212,-174.831,34.92,-35.799
-0.153,-0.031,-0.931,2.38,1.831,19.592,-174.875,34.651,-36.749
-0.168,0.013,-0.916,0.549,5.066,21.667,-175.084,34.541,-37.771
-0.198,0.019,-0.939,1.587,6.104,24.841,-175.281,34.371,-38.963
-0.218,0.042,-0.993,1.343,10.071,24.963,-175.529,33.997,-40.287
-0.138,0.005,-0.944,0.305,17.639,19.653,-175.732,33.3,-41.484
-0.158,0.022,-1.0,-1.16,21.24,13.062,-175.963,32.437,-42.259
-0.06,-0.008,-0.977,2.075,23.315,17.456,-176.083,31.344,-43.05
-0.032,-0.008,-0.954,1.404,13.123,24.719,-176.171,30.515,-44.066
-0.016,-0.018,-0.963,4.211,12.695,24.17,-176.193,29.894,-45.236
0.017,-0.011,-0.963,5.249,11.597,24.78,-176.094,29.224,-46.274
-0.033,-0.057,-1.014,5.92,9.46,24.963,-175.875,28.795,-47.302
0.092,-0.075,-0.967,5.188,3.052,24.048,-175.688,28.295,-48.296
-0.026,-0.044,-0.955,0.793,-13.672,23.56,-175.616,28.521,-49.202
-0.105,-0.053,-0.966,2.075,-3.357,18.494,-175.562,28.916,-49.916
-0.093,-0.073,-0.974,5.127,1.099,17.578,-175.419,28.932,-50.57
-0.039,-0.068,-0.962,0.366,6.531,26.917,-175.314,28.713,-51.438
-0.013,-0.052,-0.951,6.958,2.136,29.419,-175.21,28.488,-52.663
-0.051,-0.064,-0.964,6.958,-0.244,27.893,-174.919,28.488,-53.849
-0.088,-0.076,-0.978,9.094,-1.343,22.156,-174.578,28.553,-54.86
-0.109,-0.081,-0.996,5.615,4.089,23.621,-174.254,28.537,-55.745
-0.032,-0.054,-0.967,6.775,2.625,21.24,-174.029,28.383,-56.706
-0.08,-0.091,-0.948,10.071,-2.014,12.634,-173.633,28.51,-57.305
-0.079,-0.12,-0.965,4.639,4.456,6.836,-173.282,28.427,-57.535
-0.057,-0.105,-0.977,5.249,4.639,5.066,-173.035,28.218,-57.612
-0.061,-0.112,-0.978,3.845,3.54,5.798,-172.798,28.065,-57.711
-0.055,-0.124,-0.962,3.174,1.892,2.014,-172.584,27.933,-57.678
-0.072,-0.12,-0.964,0.366,0.977,2.197,-172.463,27.889,-57.574
-0.068,-0.102,-0.96,0.671,1.892,-0.122,-172.403,27.828,-57.387
-0.078,-0.121,-0.967,2.075,4.15,-2.319,-172.282,27.724,-57.156
-0.018,-0.125,-0.973,0.366,6.226,-3.235,-172.178,27.416,-56.854
-0.017,-0.126,-0.973,-1.709,2.991,-3.845,-172.134,27.18,-56.47
-0.015,-0.107,-0.977,-2.014,0.916,-5.859,-172.183,27.043,-56.069
-0.037,-0.098,-0.985,-3.784,-1.038,-8.789,-172.244,26.999,-55.443
-0.015,-0.104,-0.965,-2.563,-2.38,-11.658,-172.348,26.999,-54.805
-0.036,-0.086,-0.971,-4.028,-2.502,-9.888,-172.474,27.076,-54.042
-0.024,-0.092,-0.966,-0.671,-4.822,-6.531,-172.529,27.169,-53.492
-0.057,-0.079,-0.975,1.282,-3.418,-1.343,-172.485,27.345,-53.157
-0.045,-0.098,-0.97,3.235,-2.869,-2.197,-172.326,27.477,-52.949
-0.061,-0.094,-0.958,1.648,-5.188,-1.221,-172.216,27.658,-52.756
-0.079,-0.1,-0.97,-0.488,-2.197,-5.127,-172.167,27.817,-52.443
-0.059,-0.076,-0.968,0.0,-3.845,-2.38,-172.161,27.938,-52.141
-0.074,-0.089,-0.96,3.174,-3.174,-2.869,-172.073,28.103,-51.938
-0.086,-0.109,-0.962,0.977,-1.953,1.099,-171.958,28.251,-51.801
-0.086,-0.104,-0.967,0.61,1.831,2.136,-171.925,28.273,-51.806
-0.042,-0.103,-0.973,0.732,0.916,4.272,-171.914,28.18,-51.949
-0.061,-0.104,-0.974,-1.465,-0.732,6.592,-171.925,28.207,-52.125
-0.078,-0.079,-0.967,-0.793,-3.601,5.005,-172.002,28.345,-52.328
-0.089,-0.076,-0.968,0.0,0.61,4.761,-172.029,28.466,-52.498
-0.073,-0.063,-0.966,0.183,-1.648,2.014,-172.062,28.51,-52.597
-0.077,-0.096,-0.968,0.305,0.488,1.831,-172.029,28.553,-52.603
-0.064,-0.064,-0.967,-1.709,-0.183,5.432,-172.134,28.575,-52.767
-0.075,-0.073,-0.98,-1.465,-1.221,5.554,-172.233,28.647,-52.943
-0.061,-0.071,-0.965,0.488,-2.075,0.183,-172.31,28.729,-53.086
-0.073,-0.069,-0.968,-0.305,0.916,3.906,-172.332,28.757,-53.047
-0.075,-0.024,-0.975,5.432,-0.732,17.944,-172.299,28.79,-53.641
-0.088,-0.034,-0.958,12.451,-0.732,23.438,-171.953,28.932,-54.701
-0.081,-0.099,-0.969,17.822,1.16,27.222,-171.315,29.042,-56.036
-0.064,-0.13,-0.972,9.216,-2.869,19.531,-170.832,29.207,-57.068
-0.073,-0.173,-0.991,-1.404,-3.784,12.329,-170.75,29.471,-57.651
-0.1,-0.114,-0.981,-4.211,-5.371,23.499,-171.046,29.8,-58.42
-0.125,-0.126,-0.972,-1.587,-4.456,27.039,-171.26,30.157,-59.529
-0.09,-0.126,-0.908,-0.061,-6.775,26.367,-171.431,30.542,-60.771
-0.178,-0.135,-0.963,-2.319,-8.911,19.592,-171.535,31.08,-61.655
-0.184,-0.135,-0.966,1.587,-1.404,24.475,-171.634,31.481,-62.611
-0.156,-0.105,-0.97,-1.526,-3.235,24.719,-171.76,31.745,-63.743
-0.17,-0.094,-0.948,1.77,-10.132,24.597,-171.865,32.239,-64.836
-0.187,-0.1,-0.938,4.272,-8.85,27.283,-171.865,32.882,-65.945
-0.214,-0.106,-0.963,6.348,-8.179,36.682,-171.81,33.552,-67.418
-0.15,-0.111,-0.952,8.667,-3.662,38.025,-171.722,34.003,-69.197
-0.146,-0.155,-0.934,7.507,-13.794,32.959,-171.552,34.667,-70.812
-0.231,-0.127,-0.933,-0.183,-15.076,24.109,-171.628,35.574,-71.971
-0.259,-0.107,-0.923,-3.174,-11.414,16.846,-171.859,36.315,-72.762
-0.239,-0.096,-0.913,-4.028,-9.216,5.493,-172.079,36.843,-73.092
-0.297,-0.085,-0.922,-5.615,-12.39,-1.465,-172.288,37.458,-73.004
-0.302,-0.082,-0.93,-6.165,-8.423,-9.033,-172.48,37.996,-72.581
-0.34,-0.102,-0.951,-6.104,-11.169,-12.024,-172.601,38.546,-71.906
-0.338,-0.109,-0.916,-7.874,-10.437,-12.329,-172.76,39.111,-71.202
-0.404,-0.126,-0.897,-10.315,-13.428,-15.564,-172.947,39.842,-70.356
-0.389,-0.121,-0.909,-15.869,-6.714,-15.198,-173.293,40.419,-69.532
-0.399,-0.069,-0.895,-20.752,-12.207,-16.479,-173.87,41.017,-68.643
-0.434,-0.024,-0.915,-13.977,-2.502,-15.869,-174.479,41.589,-67.819
-0.326,-0.062,-0.927,-12.512,-3.113,-12.878,-174.831,41.765,-67.132
-0.265,-0.095,-0.951,-13.0,-11.536,-10.62,-175.166,42.209,-66.5
-0.334,-0.007,-1.086,-13.428,-22.705,4.272,-175.776,43.138,-66.308
-0.508,0.012,-1.24,-3.418,-25.513,0.732,-176.215,44.434,-66.511
-0.394,0.0,-1.165,0.854,-6.47,-1.465,-176.237,45.159,-66.539
-0.241,0.041,-1.04,-5.676,-5.737,-3.906,-176.309,45.396,-66.467
-0.248,0.069,-1.007,-3.052,6.165,-18.738,-176.429,45.28,-65.984
-0.219,0.014,-0.964,-4.15,12.39,-27.222,-176.171,44.544,-64.748
-0.179,0.029,-0.854,-8.24,9.583,-17.151,-176.232,43.819,-63.776
-0.158,0.059,-0.682,-9.583,-0.549,-9.277,-176.567,43.451,-63.265
-0.23,0.095,-0.653,-8.24,-9.094,-0.977,-177.083,43.643,-63.248
-0.32,0.084,-0.712,-2.747,-12.207,-3.601,-177.446,44.105,-63.402
-0.383,0.07,-0.775,0.916,-8.423,-5.249,-177.528,44.61,-63.419
-0.41,0.015,-0.878,0.977,-2.686,-7.385,-177.451,44.94,-63.38
-0.312,0.042,-0.9,-3.174,-0.549,-10.498,-177.446,45.055,-63.149
-0.352,0.113,-0.988,-5.127,-6.653,-2.869,-177.649,45.313,-62.99
-0.251,0.126,-1.037,-3.174,-11.597,-5.066,-177.885,45.566,-63.056
-0.491,0.152,-1.057,0.427,-33.081,-5.249,-178.116,46.868,-63.094
-0.542,0.086,-1.153,3.723,-14.893,-4.395,-178.044,47.884,-63.144
-0.681,-0.027,-1.219,11.536,-9.766,-6.287,-177.693,48.615,-63.166
-0.363,-0.134,-0.925,4.639,8.423,3.357,-177.209,48.609,-63.182
-0.223,-0.142,-0.781,-0.671,-10.437,10.986,-177.325,48.532,-63.759
-0.445,-0.145,-0.814,-3.906,-1.282,6.958,-177.407,49.103,-63.984
-0.265,-0.101,-0.794,0.732,22.949,10.315,-177.589,48.159,-64.479
-0.257,-0.083,-0.761,-3.235,2.197,8.423,-177.627,47.576,-64.748
-0.408,-0.063,-0.7,-2.563,-11.169,3.296,-177.682,47.884,-64.88
-0.472,-0.059,-0.718,-6.226,2.136,8.362,-177.825,48.159,-65.045
-0.467,-0.033,-0.729,-5.737,-4.456,13.306,-178.259,48.312,-65.671
-0.505,-0.013,-0.822,-8.057,7.629,17.517,-178.792,48.444,-66.462
-0.437,-0.029,-0.922,-0.671,13.672,11.719,-179.242,47.988,-67.313
-0.379,-0.107,-0.915,-3.235,-2.319,1.953,-179.165,47.719,-67.44
-0.638,-0.087,-1.169,-5.859,4.639,3.479,-179.357,47.955,-67.588
-0.535,-0.002,-1.205,-18.005,8.667,-11.047,-179.626,47.582,-67.225
-0.436,0.116,-1.139,-14.832,18.433,-23.56,179.978,47.164,-66.292
-0.094,0.199,-0.938,-21.484,22.095,-26.428,179.703,46.11,-64.896
-0.238,0.316,-0.96,-18.799,-1.16,-25.757,179.033,45.626,-63.71
-0.254,0.291,-0.917,-7.141,23.499,-38.208,178.748,45.099,-62.402
-0.197,0.232,-0.854,-1.343,12.512,-44.495,179.055,44.099,-60.568
-0.202,0.136,-0.689,1.587,3.052,-47.058,179.583,43.781,-58.678
-0.274,0.094,-0.638,-2.075,-5.127,-46.875,-179.934,43.934,-56.706
-0.353,0.067,-0.65,-5.31,-0.549,-39.673,-179.632,44.214,-54.948
-0.364,0.087,-0.797,-5.066,7.69,-38.025,-179.445,44.16,-53.405
-0.279,0.063,-0.863,-3.54,10.498,-38.208,-179.072,43.753,-51.718
-0.334,0.117,-0.974,-5.554,-9.521,-24.475,-179.0,43.962,-50.537
-0.423,0.139,-1.174,-9.277,12.634,-8.484,-179.193,43.973,-50.021
-0.344,0.23,-1.325,-3.418,6.47,8.301,-179.78,43.275,-50.559
-0.541,0.06,-1.262,10.559,-17.029,2.625,-179.731,43.797,-51.136
-0.214,-0.077,-0.91,18.86,14.221,7.507,-179.193,43.786,-51.729
-0.158,-0.19,-0.904,19.897,-4.089,4.578,-178.264,43.297,-52.163
-0.229,-0.231,-0.873,16.663,16.541,3.662,-177.292,43.077,-52.251
-0.137,-0.232,-0.804,6.104,7.324,13.245,-176.627,42.215,-52.482
-0.127,-0.169,-0.768,-3.296,-3.662,22.156,-176.561,41.968,-53.146
-0.272,-0.113,-0.719,-4.272,-20.996,16.602,-176.77,42.545,-53.844
-0.442,-0.078,-0.708,-4.883,-13.55,15.442,-176.957,43.407,-54.399
-0.427,-0.041,-0.771,1.221,6.775,23.56,-177.171,43.638,-55.322
-0.381,-0.086,-0.854,4.7,6.348,25.757,-177.209,43.473,-56.646
-0.363,-0.106,-0.918,3.235,4.089,26.306,-177.319,43.38,-58.057
-0.308,-0.137,-1.032,1.16,1.343,20.935,-177.407,43.297,-59.233
-0.396,-0.13,-1.194,-1.526,-4.578,9.216,-177.473,43.407,-59.892
-0.488,-0.064,-1.228,-11.902,-9.46,0.244,-177.643,43.956,-59.914
-0.362,0.104,-1.199,-13.123,13.123,-5.859,-178.171,43.797,-59.788
0.011,0.135,-0.999,-13.672,23.071,-15.686,-178.478,42.676,-59.194
-0.123,0.257,-0.971,-18.982,-12.024,-9.644,-179.291,42.418,-58.738
-0.27,0.244,-0.895,-6.531,8.911,-24.292,-179.857,42.314,-58.321
-0.191,0.188,-0.795,-1.709,10.559,-28.259,-179.863,41.743,-57.376
-0.18,0.114,-0.682,2.258,-8.545,-29.968,-179.659,41.6,-56.453
-0.363,0.107,-0.69,0.793,-8.545,-28.503,-179.423,42.193,-55.547
-0.316,0.071,-0.676,1.587,6.531,-29.968,-179.105,42.237,-54.613
-0.354,0.05,-0.784,0.549,-2.014,-29.907,-178.781,42.314,-53.63
-0.377,0.048,-0.944,-3.967,5.188,-28.015,-178.539,42.49,-52.592
-0.312,0.07,-1.017,-6.836,-2.502,-23.682,-178.434,42.446,-51.625
-0.29,0.115,-0.967,-5.615,-12.817,-17.273,-178.522,42.951,-50.993
-0.426,0.166,-1.064,-4.089,-24.292,-4.7,-178.72,44.011,-50.9
-0.479,0.161,-1.125,2.808,-15.259,1.16,-178.989,45.038,-51.537
-0.592,0.052,-1.141,4.761,-19.531,-10.437,-178.797,46.066,-51.658
-0.395,-0.037,-1.002,10.193,22.4,1.953,-178.478,45.901,-51.899
-0.075,-0.145,-0.967,18.799,30.396,10.681,-177.808,44.335,-52.52
-0.061,-0.201,-0.885,13.062,13.489,19.104,-177.177,43.292,-53.366
-0.141,-0.17,-0.812,2.869,0.305,21.484,-177.034,42.808,-54.316
-0.206,-0.144,-0.767,-6.775,-2.441,12.573,-177.182,42.737,-54.899
-0.285,-0.088,-0.79,-7.263,-0.305,3.845,-177.407,42.715,-54.998
-0.333,-0.048,-0.783,-6.531,-7.141,8.911,-177.638,42.753,-55.19
-0.412,-0.041,-0.811,-2.075,-5.737,12.085,-177.825,43.176,-55.706
-0.416,-0.05,-0.831,-1.16,-9.644,15.625,-177.984,43.616,-56.508
-0.418,-0.043,-0.895,-1.099,-7.08,20.691,-178.215,44.121,-57.552
-0.387,-0.069,-0.969,2.747,-8.728,21.057,-178.418,44.643,-58.777
-0.411,-0.097,-1.08,5.249,-2.686,16.418,-178.429,45.027,-59.854
-0.529,-0.099,-1.182,0.0,-5.432,6.287,-178.336,45.275,-60.48
-0.524,0.014,-1.272,-6.531,7.935,-3.418,-178.423,45.22,-60.573
-0.264,0.073,-0.97,-6.653,15.015,-13.977,-178.484,44.637,-60.156
-0.19,0.161,-0.951,-18.372,2.686,-9.705,-178.841,44.11,-59.584
-0.295,0.257,-0.838,-17.517,10.559,-2.197,-179.879,43.945,-59.793
-0.159,0.215,-0.784,-7.874,11.23,-23.01,179.626,43.138,-59.464
-0.231,0.156,-0.712,-2.502,-0.549,-23.743,179.539,43.072,-58.744
-0.271,0.119,-0.68,1.282,-3.113,-20.142,179.637,43.16,-58.222
-0.328,0.095,-0.725,7.446,1.404,-20.691,179.973,43.341,-57.744
-0.409,0.078,-0.808,9.033,2.136,-16.296,-179.456,43.418,-57.239
-0.378,0.052,-0.918,13.55,10.01,-13.123,-178.792,43.193,-56.975
-0.318,0.054,-1.044,10.62,5.92,-11.108,-178.132,42.902,-56.772
-0.277,0.05,-1.052,-1.953,-2.991,-2.258,-177.825,42.935,-56.684
-0.393,0.2,-1.228,2.93,-7.69,13.916,-178.149,43.143,-57.305
-0.473,0.093,-1.268,18.25,-1.282,13.489,-178.055,43.517,-58.552
-0.283,-0.064,-1.082,18.311,5.249,7.019,-177.358,43.281,-59.271
-0.129,-0.148,-0.898,19.592,-5.188,17.212,-176.704,43.143,-60.095
-0.296,-0.208,-0.853,21.179,-3.174,8.484,-175.842,43.517,-60.765
-0.17,-0.234,-0.768,13.794,9.155,15.991,-175.051,43.044,-61.265
-0.241,-0.206,-0.747,3.357,-1.648,22.217,-174.776,42.94,-62.095
-0.288,-0.129,-0.742,-0.488,-4.15,23.743,-174.875,43.066,-63.029
-0.356,-0.096,-0.768,0.0,-4.272,23.193,-175.012,43.347,-64.012
-0.372,-0.093,-0.779,2.808,-5.188,24.048,-175.155,43.671,-65.127
-0.393,-0.133,-0.857,1.404,-4.883,21.729,-175.226,44.116,-66.176
-0.376,-0.142,-0.933,0.183,-6.592,20.752,-175.452,44.489,-67.22
-0.342,-0.187,-0.992,2.502,-10.254,11.108,-175.435,45.016,-67.852
-0.51,-0.199,-1.222,2.136,-10.986,-6.409,-175.15,45.604,-67.824
-0.54,-0.045,-1.281,-12.695,-5.066,-17.151,-174.996,46.071,-66.962
-0.179,0.002,-0.991,-14.465,18.616,-27.649,-175.056,45.566,-65.621
-0.219,0.165,-0.946,-29.602,-15.381,-16.479,-175.743,45.198,-64.396
-0.352,0.23,-0.835,-17.578,0.061,-23.132,-176.732,45.637,-63.468
-0.318,0.197,-0.749,-10.864,3.052,-28.564,-177.089,45.357,-62.298
-0.279,0.135,-0.646,-1.77,11.169,-28.992,-177.144,45.044,-61.276
-0.272,0.089,-0.63,-1.648,2.563,-29.48,-176.957,44.709,-60.238
-0.304,0.05,-0.692,3.662,5.066,-36.011,-176.633,44.577,-59.062
-0.365,-0.017,-0.816,0.122,-3.54,-39.49,-176.039,44.676,-57.426
-0.442,0.004,-0.981,-9.705,1.831,-34.607,-175.809,44.808,-55.86
-0.354,0.033,-1.067,-11.902,-1.16,-27.832,-175.858,44.714,-54.426
-0.421,0.104,-1.165,-9.583,-2.502,-4.089,-176.309,45.011,-53.915
-0.544,0.135,-1.32,-1.16,-0.488,16.602,-176.902,44.973,-54.646
-0.368,-0.005,-1.151,21.179,10.986,19.287,-176.754,44.626,-55.827
-0.141,-0.15,-0.836,28.503,15.32,27.649,-175.902,43.956,-57.162
-0.232,-0.181,-0.844,33.081,5.31,29.907,-174.913,43.539,-58.733
-0.091,-0.238,-0.76,27.161,16.663,32.104,-173.765,42.72,-60.145
-0.197,-0.194,-0.732,13.55,-2.319,33.203,-173.112,42.451,-61.578
-0.378,-0.084,-0.78,13.55,4.761,25.513,-172.815,42.512,-62.842
-0.277,-0.178,-0.812,18.188,34.241,8.728,-172.051,41.627,-63.397
-0.093,-0.19,-0.786,5.493,-11.23,14.709,-171.524,40.814,-63.853
-0.516,-0.175,-0.854,-0.916,-26.733,11.292,-171.398,42.242,-64.067
-0.405,-0.195,-0.892,-0.977,12.329,16.724,-171.497,42.632,-64.484
-0.284,-0.222,-0.933,-6.165,0.854,18.127,-171.793,42.495,-65.237
-0.359,-0.206,-1.059,-7.507,-1.221,14.404,-172.222,42.66,-65.858
-0.515,-0.184,-1.221,-7.263,-7.507,1.648,-172.518,43.028,-65.995
-0.493,-0.093,-1.261,-11.841,17.273,-10.864,-172.815,42.935,-65.451
0.048,-0.06,-0.942,-23.987,28.259,-11.658,-173.414,41.402,-64.655
-0.16,0.145,-0.902,-33.936,-27.039,-6.409,-174.897,41.638,-64.083
-0.291,0.207,-0.881,-17.029,9.155,-17.334,-176.017,41.907,-63.347
-0.14,0.117,-0.821,-8.179,2.136,-20.874,-176.391,41.331,-62.342
-0.214,0.076,-0.774,-8.24,-4.272,-22.949,-176.66,41.369,-61.282
-0.216,0.078,-0.726,-11.597,-6.592,-26.733,-176.984,41.523,-60.029
-0.319,0.058,-0.738,-13.0,-14.282,-32.227,-177.314,42.05,-58.524
-0.375,0.065,-0.818,-11.963,-7.751,-29.663,-177.589,42.632,-56.953
-0.353,0.063,-0.923,-8.362,-5.615,-27.283,-177.781,43.017,-55.547
-0.355,0.113,-1.003,-12.39,-15.869,-20.264,-177.995,43.605,-54.338
-0.338,0.122,-1.093,-9.766,-7.141,-18.555,-178.275,44.302,-53.3
-0.509,0.193,-1.362,-6.897,-20.447,-6.165,-178.693,44.769,-52.696
-0.597,0.053,-1.354,2.075,-2.197,-14.038,-178.731,45.615,-52.256
-0.21,-0.036,-0.963,2.747,14.526,-11.475,-178.451,45.17,-51.432
-0.069,-0.099,-0.785,4.028,-16.113,-4.639,-178.187,44.995,-50.905
-0.472,-0.147,-0.835,6.287,-3.967,-12.024,-177.599,45.906,-50.032
-0.14,-0.12,-0.758,-0.061,26.367,6.653,-177.374,44.61,-49.697
-0.187,-0.112,-0.746,-2.625,-2.441,4.639,-177.363,44.16,-49.664
-0.3,-0.09,-0.743,-5.005,-9.521,-1.709,-177.352,44.462,-49.224
-0.414,-0.063,-0.775,-7.141,-8.972,2.014,-177.484,44.923,-48.873
-0.424,-0.045,-0.801,-5.249,-2.38,0.244,-177.671,45.214,-48.675
-0.388,-0.067,-0.882,-5.798,-5.493,-2.136,-177.748,45.516,-48.323
-0.383,-0.107,-0.943,-7.568,-17.334,-3.418,-177.885,46.165,-47.939
-0.326,-0.08,-0.942,-10.254,-14.832,-3.418,-178.083,47.027,-47.411
-0.496,-0.042,-1.137,-2.93,-22.766,-19.592,-178.099,47.977,-46.626
-0.641,-0.132,-1.293,-6.348,-20.264,-57.983,-177.231,48.977,-44.231
-0.537,-0.039,-1.179,-39.001,14.526,-79.59,-176.572,49.307,-40.073
-0.11,0.145,-0.947,-55.664,11.597,-76.111,-177.1,48.164,-35.469
-0.437,0.299,-0.845,-48.767,-25.879,-57.434,-178.401,48.779,-31.734
-0.475,0.252,-0.74,-23.865,6.897,-51.575,-179.187,49.186,-28.784
-0.336,0.076,-0.671,-17.273,-1.831,-37.231,-179.357,49.076,-26.488
-0.325,0.048,-0.552,-21.057,-7.202,-34.851,-179.758,49.427,-24.681
-0.378,0.083,-0.547,-19.165,-15.198,-38.635,179.885,50.18,-22.791
-0.522,0.035,-0.671,-14.404,-12.268,-43.457,-180.0,51.13,-20.572
-0.65,-0.009,-0.803,-16.785,-0.183,-38.574,-179.824,51.707,-18.468
-0.557,0.077,-0.842,-26.184,15.747,-22.949,179.791,51.482,-16.886
-0.499,0.135,-0.859,-19.226,10.01,-18.066,179.171,51.185,-15.886
-0.406,0.251,-0.872,-13.672,0.671,-8.911,178.528,51.048,-15.271
-0.601,0.238,-0.988,3.967,-12.817,-10.254,178.434,51.63,-14.886
-0.748,0.144,-1.196,14.526,-7.996,-15.442,179.011,52.344,-14.348
-0.81,-0.07,-1.295,12.573,8.423,-15.442,-179.874,52.646,-13.442
-0.274,-0.041,-0.951,-5.31,20.752,-0.549,-179.594,51.85,-12.991
-0.138,0.067,-0.979,-5.31,9.033,-6.287,-179.945,50.949,-12.755
-0.189,0.033,-0.889,-11.292,11.902,-11.719,-179.929,50.4,-11.739
-0.141,0.021,-0.748,-13.611,2.563,-14.526,179.769,49.719,-10.695
-0.239,0.028,-0.667,-21.24,-6.897,-24.658,179.396,49.614,-9.25
-0.333,0.023,-0.631,-22.705,-15.747,-41.504,179.121,50.054,-7.114
-0.503,0.002,-0.667,-21.606,-11.597,-45.715,179.11,50.812,-4.488
-0.542,-0.04,-0.729,-18.066,4.028,-40.1,179.297,51.108,-2.082
-0.478,-0.027,-0.78,-18.433,3.906,-30.518,179.319,51.064,-0.236
-0.45,-0.02,-0.828,-14.954,5.981,-29.968,179.39,51.048,1.406
-0.41,-0.045,-0.837,-11.353,0.183,-34.363,179.709,51.125,3.197
-0.377,-0.06,-0.869,-12.817,-1.648,-38.452,-179.841,51.246,5.284
-0.48,-0.082,-0.997,-14.221,-10.193,-54.626,-179.116,51.735,8.058
-0.545,-0.033,-0.994,-18.921,-12.085,-60.242,-178.33,52.262,11.415
-0.73,0.012,-1.0,-24.963,-2.258,-61.035,-177.61,52.822,14.936
-0.363,0.175,-0.765,-27.832,18.677,-44.8,-177.687,52.119,17.732
-0.306,0.15,-0.686,-15.991,-16.296,-56.396,-177.578,51.982,20.484
-0.686,0.091,-0.767,-20.02,-25.94,-51.514,-177.094,53.361,23.615
-0.649,0.144,-0.798,-27.1,13.306,-45.898,-177.242,53.729,26.082
-0.507,0.174,-0.821,-25.513,18.494,-47.546,-177.484,53.053,28.542
-0.414,0.151,-0.79,-21.667,7.874,-41.87,-177.704,52.537,30.899
-0.517,0.129,-0.804,-15.503,-7.385,-48.523,-177.781,52.69,33.289
-0.507,0.138,-0.753,-20.935,-5.615,-40.161,-177.682,53.146,35.859
-0.558,0.161,-0.794,-12.268,-15.625,-32.104,-177.863,53.778,37.787
-0.696,0.196,-0.912,-7.141,-6.287,-23.132,-177.913,54.492,39.26
-0.631,0.109,-0.979,1.526,-8.85,-22.156,-177.567,54.783,40.534
-0.736,0.024,-0.954,0.305,5.676,-16.785,-177.1,55.421,41.655
-0.251,0.042,-0.817,1.709,32.349,-6.592,-177.094,54.036,42.133
-0.199,-0.039,-0.834,7.507,-10.742,-16.418,-176.649,53.564,42.852
-0.56,-0.102,-0.836,5.981,-14.16,-44.556,-175.386,54.371,45.005
-0.493,-0.184,-0.828,-3.662,16.907,-51.453,-173.925,53.833,47.895
-0.366,-0.191,-0.793,-21.729,7.202,-45.959,-173.249,53.009,50.587
-0.467,-0.103,-0.783,-26.367,-2.014,-38.086,-173.309,52.855,52.927
-0.487,-0.1,-0.769,-24.048,2.686,-32.043,-173.496,52.74,54.866
-0.497,-0.088,-0.787,-22.644,4.395,-32.593,-173.71,52.504,56.629
-0.431,-0.092,-0.827,-17.029,3.479,-32.166,-173.804,52.174,58.376
-0.469,-0.071,-0.88,-10.376,-6.042,-34.851,-173.469,52.267,60.392
-0.527,-0.195,-0.992,-3.052,-5.798,-22.156,-172.782,52.57,62.089
-0.465,-0.12,-1.0,-6.714,-7.324,-18.005,-172.507,52.701,63.21
-0.657,-0.109,-1.063,-12.939,-24.353,-28.931,-172.205,53.427,64.66
-0.424,0.1,-0.839,-28.32,23.56,-18.066,-172.645,53.273,66.187
-0.216,0.177,-0.819,-25.085,-13.733,-28.442,-173.513,52.668,67.549
-0.614,0.16,-0.833,-36.133,-20.569,-47.791,-174.073,53.685,70.34
-0.613,0.18,-0.802,-39.49,16.296,-56.946,-174.798,53.454,73.757
-0.37,0.211,-0.824,-36.499,21.24,-66.711,-175.397,52.185,77.695
-0.429,0.202,-0.841,-29.785,7.263,-70.801,-175.594,51.509,82.123
-0.376,0.145,-0.774,-21.973,5.615,-72.205,-175.452,50.966,86.666
-0.537,0.093,-0.798,-16.296,-6.104,-61.584,-175.095,51.021,90.972
-0.368,0.07,-0.682,-16.846,4.395,-39.917,-175.023,50.828,94.307
-0.466,0.119,-0.743,-11.902,-13.794,-34.424,-175.221,51.059,96.954
-0.636,0.066,-0.844,-2.441,-19.897,-36.072,-175.001,51.861,99.58
-0.933,-0.017,-1.077,-2.991,-13.916,-28.442,-174.446,52.932,102.25
-1.061,0.04,-1.312,-7.202,-14.221,-18.921,-174.457,53.591,104.161
-0.699,-0.11,-1.247,3.662,27.222,-23.438,-174.133,53.421,106.007
-0.183,-0.192,-0.985,-1.831,24.292,-12.207,-173.644,52.169,107.6
-0.232,-0.217,-0.972,-5.371,30.151,3.845,-173.826,50.993,107.963
-0.069,-0.225,-0.934,-3.357,42.969,-2.93,-173.996,48.829,107.957
-0.063,-0.22,-0.83,-12.878,24.292,-4.639,-174.1,46.961,108.21
-0.107,-0.11,-0.682,-20.325,2.258,-1.953,-174.754,46.011,108.287
-0.282,-0.052,-0.671,-22.949,-4.944,-1.404,-175.551,45.972,108.402
-0.33,0.003,-0.75,-17.029,4.883,2.197,-176.364,45.703,108.457
-0.282,-0.018,-0.823,-10.376,7.812,-0.366,-176.929,45.275,108.539
-0.306,-0.078,-0.898,-7.385,-2.441,-13.855,-177.116,45.115,109.188
-0.368,-0.161,-0.985,-5.859,-3.601,-23.56,-176.896,45.264,110.462
-0.379,-0.208,-1.065,-9.705,-0.61,-30.64,-176.589,45.225,112.022
-0.537,-0.107,-1.177,-19.775,-18.738,-46.57,-176.38,45.522,114.159
-0.63,0.102,-1.227,-28.931,14.832,-51.514,-176.424,45.989,117.098
-0.053,0.233,-0.933,-31.372,34.546,-48.157,-176.946,44.308,120.097
-0.134,0.329,-0.877,-33.264,-15.686,-46.265,-177.918,43.874,122.937
-0.305,0.291,-0.872,-22.522,-1.221,-48.828,-178.748,44.275,125.788
-0.176,0.264,-0.766,-17.761,-1.526,-41.138,-179.258,44.099,128.644
-0.268,0.237,-0.74,-9.033,-18.127,-33.752,-179.659,44.495,130.952
-0.24,0.189,-0.678,-4.822,-20.325,-36.743,-179.786,45.368,133.143
-0.35,0.119,-0.768,-4.456,-27.771,-41.931,-179.594,46.494,135.643
-0.498,0.09,-0.906,-5.005,-11.23,-44.617,-179.247,47.488,138.384
-0.445,0.104,-1.022,-10.681,10.315,-43.518,-178.945,47.401,141.323
-0.411,0.144,-1.11,-8.911,9.583,-27.771,-178.863,46.923,143.701
-0.624,0.184,-1.425,-5.859,6.226,-3.784,-179.171,46.56,144.794
-0.389,0.01,-1.121,8.728,25.818,0.305,-179.138,45.813,145.245
-0.039,-0.115,-0.838,9.155,22.705,1.648,-178.737,44.39,145.558
-0.234,-0.157,-0.837,10.986,8.972,-3.967,-178.182,43.879,145.772
-0.128,-0.149,-0.798,6.592,19.104,4.089,-177.638,42.803,145.816
-0.188,-0.137,-0.746,4.028,-3.113,13.0,-177.303,42.336,145.272
-0.334,-0.097,-0.74,5.554,-8.301,18.066,-177.133,42.583,144.41
-0.366,-0.092,-0.805,7.751,3.296,29.663,-176.973,42.753,143.267
-0.309,-0.107,-0.885,9.216,3.845,40.405,-176.924,42.539,141.603
-0.302,-0.136,-0.925,6.287,-7.751,41.504,-177.001,42.748,139.548
-0.349,-0.121,-1.015,6.714,-18.677,38.879,-177.171,43.473,137.477
-0.488,-0.119,-1.161,14.587,-7.507,25.146,-177.034,44.242,135.714
-0.497,-0.165,-1.149,16.968,-7.568,-3.784,-176.215,44.522,135.143
-0.38,-0.054,-1.09,-4.456,11.841,-17.09,-175.611,44.489,135.747
-0.129,0.046,-0.904,-23.071,17.883,-24.414,-175.858,43.544,136.939
-0.25,0.198,-0.849,-33.081,-1.465,-26.428,-177.023,43.303,138.17
-0.25,0.216,-0.77,-25.024,16.479,-45.837,-177.924,42.803,140.273
-0.219,0.196,-0.736,-13.184,10.742,-49.805,-178.27,42.039,143.02
-0.219,0.092,-0.689,-7.263,5.31,-48.035,-178.198,41.66,145.778
-0.277,0.064,-0.709,-7.202,-0.061,-42.175,-178.132,41.611,148.282
-0.338,0.015,-0.781,-6.958,-5.737,-39.246,-178.028,41.825,150.623
-0.371,0.018,-0.934,-9.705,1.099,-43.213,-177.99,42.067,153.018
-0.3,0.01,-1.055,-14.099,-5.005,-53.589,-177.847,42.094,155.929
-0.431,0.021,-1.173,-18.982,3.906,-44.128,-177.841,42.429,158.835
-0.312,0.119,-1.32,-23.376,7.996,-8.362,-178.533,41.841,160.461
-0.481,0.112,-1.276,-12.939,-12.817,11.475,-179.604,42.264,160.384
-0.242,0.041,-0.935,0.183,19.47,22.766,179.808,42.034,159.813
-0.048,0.012,-0.805,16.113,-2.869,33.997,179.72,41.215,158.428
-0.381,-0.104,-0.833,26.978,5.127,24.353,-179.555,41.49,156.956
-0.112,-0.134,-0.8,17.212,34.546,37.17,-178.759,40.018,155.621
-0.138,-0.104,-0.744,7.935,5.554,48.706,-178.594,39.1,153.342
-0.237,-0.045,-0.731,6.226,1.16,43.64,-178.698,38.903,150.925
-0.309,-0.054,-0.785,9.094,-3.418,40.466,-178.643,39.018,148.903
-0.317,-0.046,-0.899,8.911,-0.427,49.133,-178.682,39.111,146.755
-0.228,-0.114,-0.976,11.353,-1.709,51.514,-178.649,39.216,144.333
-0.117,-0.228,-1.051,10.864,-24.902,56.763,-178.522,39.831,141.487
-0.296,-0.089,-1.028,-3.723,-50.11,75.073,-179.28,41.677,137.428
-0.597,0.027,-1.269,8.362,-26.978,53.833,-179.995,43.363,133.61
-0.589,0.113,-1.22,7.874,-11.047,9.033,-179.808,44.275,132.078
-0.356,0.131,-0.986,11.536,23.865,-23.926,-179.198,44.127,132.616
-0.078,0.07,-0.971,-9.277,16.357,-37.048,-178.423,42.792,134.654
-0.189,0.204,-0.848,-20.691,-8.179,-30.945,-178.901,42.792,136.318
-0.284,0.196,-0.74,-15.442,-1.282,-49.744,-179.286,42.962,138.477
-0.289,0.189,-0.644,-10.437,3.235,-60.608,-179.269,42.951,141.597
-0.186,0.085,-0.725,-5.615,6.531,-62.378,-178.885,42.742,145.168
-0.199,0.028,-0.754,-10.437,-27.771,-52.551,-178.605,43.176,148.354
-0.435,0.06,-0.793,-14.099,-38.147,-43.945,-178.539,44.934,150.996
-0.67,0.088,-0.886,-4.944,-5.493,-42.603,-178.369,46.148,153.627
-0.431,0.026,-1.095,2.686,18.433,-43.396,-177.687,45.665,156.539
-0.237,-0.054,-1.196,-5.737,-0.122,-27.771,-177.056,45.319,158.873
-0.679,0.122,-1.407,-18.982,-10.071,19.714,-177.951,45.665,159.038
-0.471,0.023,-1.187,10.62,19.348,19.47,-178.632,45.379,158.055
-0.048,-0.167,-0.786,17.395,19.348,4.333,-177.902,44.182,158.044
-0.278,-0.157,-0.772,16.907,-5.554,20.874,-177.264,44.094,157.412
-0.266,-0.203,-0.723,11.841,32.043,38.879,-176.88,43.286,155.907
-0.134,-0.141,-0.697,0.793,14.832,42.847,-177.045,41.913,153.726
-0.286,-0.061,-0.736,-1.526,-0.732,37.17,-177.473,41.622,151.573
-0.349,-0.036,-0.824,6.348,2.563,31.738,-177.654,41.605,149.969
-0.352,-0.104,-0.88,12.146,-3.113,29.541,-177.435,41.688,148.766
-0.359,-0.115,-0.981,8.423,-0.549,40.588,-177.308,41.891,147.36
-0.312,-0.141,-0.986,6.653,-6.897,39.917,-177.38,42.155,145.519
-0.366,-0.144,-1.1,7.202,-10.681,26.001,-177.391,42.698,143.893
-0.538,-0.07,-1.381,3.235,-10.315,10.803,-177.209,43.11,142.976
-0.354,-0.041,-1.25,4.883,2.747,-14.343,-176.732,43.434,143.256
-0.07,0.039,-0.916,-14.343,2.625,-15.137,-176.66,43.061,144.223
-0.306,0.207,-0.899,-32.166,-23.682,-9.033,-177.819,43.72,144.734
-0.354,0.295,-0.817,-21.057,13.062,-32.837,-178.907,43.802,146.096
-0.171,0.23,-0.736,-11.169,12.024,-41.809,-179.182,42.962,148.568
-0.218,0.127,-0.66,-5.493,-9.155,-44.617,-179.121,43.011,151.133
-0.352,0.058,-0.656,-8.24,-7.08,-47.668,-178.967,43.517,153.929
-0.341,0.038,-0.718,-13.306,-1.465,-40.161,-178.967,43.72,156.742
-0.399,0.073,-0.854,-16.846,-8.85,-38.513,-179.275,44.149,159.258
-0.48,0.125,-1.11,-15.747,6.714,-48.218,-179.396,44.418,162.279
-0.436,0.147,-1.144,-16.541,5.371,-35.034,-179.599,44.214,165.108
-0.656,0.115,-1.419,-18.127,17.7,-18.616,179.934,43.918,167.13
-0.331,0.118,-1.162,-5.249,31.311,-3.113,179.22,42.803,168.25
0.019,-0.067,-0.913,20.447,27.954,-0.183,179.692,41.259,168.97
-0.095,-0.169,-0.821,19.409,7.69,18.372,-179.297,40.512,168.821
-0.049,-0.154,-0.698,12.817,17.334,36.56,-178.792,39.617,167.399
-0.087,-0.132,-0.744,7.202,8.606,33.386,-178.566,38.716,165.471
-0.148,-0.113,-0.76,2.808,-3.052,28.503,-178.445,38.381,163.828
-0.261,-0.097,-0.809,3.479,-12.939,33.02,-178.434,38.738,162.246
-0.368,-0.086,-0.897,5.249,-9.277,39.917,-178.445,39.265,160.708
-0.305,-0.083,-0.941,9.277,-2.869,52.124,-178.489,39.54,158.895
-0.287,-0.086,-1.014,8.85,-3.906,60.12,-178.627,39.76,156.533
-0.16,-0.087,-1.017,8.362,-10.254,61.401,-178.841,40.045,153.82
-0.222,-0.065,-1.081,6.775,-23.01,48.096,-179.061,40.842,151.073
-0.484,-0.021,-1.188,8.118,-35.034,16.235,-178.984,42.286,149.612
-0.521,0.057,-1.224,-0.732,-7.751,-2.625,-178.868,43.248,149.667
-0.07,0.133,-0.886,-17.944,2.441,-12.207,-179.083,43.0,150.639
-0.321,0.266,-0.841,-27.1,-30.823,-15.808,179.846,43.813,151.452
-0.333,0.292,-0.743,-19.897,2.197,-44.678,179.022,44.489,153.303
-0.312,0.246,-0.709,-10.742,0.0,-55.908,178.929,44.506,156.478
-0.25,0.162,-0.646,-3.296,5.493,-56.519,179.291,44.451,159.873
-0.322,0.08,-0.667,-1.77,-5.676,-57.739,179.901,44.604,163.323
-0.408,0.045,-0.72,-2.563,-5.493,-57.922,-179.451,45.038,166.86
-0.472,0.01,-0.828,-6.042,-3.052,-52.917,-178.77,45.461,170.464
-0.437,0.036,-0.968,-9.033,11.108,-44.312,-178.407,45.445,173.732
-0.322,0.117,-1.014,-9.277,-1.282,-35.461,-178.303,45.258,176.407
-0.333,0.142,-1.076,-5.249,-7.996,-20.691,-178.242,45.632,178.308
-0.579,0.165,-1.219,7.751,-26.978,0.732,-178.237,46.483,178.956
-0.652,-0.003,-1.222,27.161,0.366,3.113,-177.49,47.192,179.171
-0.248,-0.147,-0.89,26.794,17.822,15.869,-176.369,46.516,179.214
-0.147,-0.172,-0.867,25.085,2.38,28.259,-175.616,45.928,178.259
-0.311,-0.234,-0.833,25.024,6.47,14.832,-174.6,45.89,177.55
-0.197,-0.227,-0.743,5.005,10.559,19.409,-173.969,45.17,176.979
-0.21,-0.173,-0.729,-4.15,-1.282,15.076,-174.04,44.879,176.407
-0.349,-0.132,-0.729,-0.427,-19.897,14.893,-174.172,45.439,176.028
-0.521,-0.146,-0.785,3.662,-3.357,22.095,-174.155,46.23,175.792
-0.438,-0.159,-0.833,5.92,9.399,29.541,-174.26,46.192,175.325
-0.4,-0.173,-0.909,1.526,7.385,33.142,-174.496,46.044,174.661
-0.381,-0.164,-0.96,-0.732,-3.235,31.799,-174.946,46.165,173.815
-0.44,-0.159,-1.017,-0.61,-8.423,25.574,-175.336,46.642,173.051
-0.485,-0.097,-1.233,-4.028,7.263,25.574,-175.715,46.862,172.408
-0.349,-0.089,-1.234,4.028,-6.531,-3.296,-175.715,46.84,172.315
-0.477,0.015,-1.078,-10.376,-14.771,-17.822,-175.551,47.571,173.397
-0.3,0.04,-0.833,-18.066,-4.883,-25.635,-175.688,47.791,174.957
-0.432,0.175,-0.808,-32.532,-1.709,-32.776,-176.534,48.027,176.781
-0.246,0.167,-0.722,-25.024,27.1,-56.335,-177.111,47.175,179.604
-0.161,0.119,-0.713,-23.071,10.437,-61.646,-177.286,46.088,-176.973
-0.265,0.059,-0.696,-17.944,-8.85,-60.425,-177.308,46.137,-173.716
-0.4,0.064,-0.697,-21.057,-15.015,-53.345,-177.38,46.758,-170.59
-0.538,0.002,-0.766,-15.564,-10.803,-54.688,-177.292,47.455,-167.404
-0.542,0.013,-0.804,-19.043,0.61,-45.837,-177.226,47.84,-164.174
-0.433,0.074,-0.872,-19.104,5.188,-33.386,-177.462,47.878,-161.51
-0.427,0.128,-0.966,-10.986,-7.568,-29.724,-177.726,48.027,-159.45
-0.431,0.141,-1.021,-7.507,-7.568,-22.766,-177.704,48.505,-157.692
-0.585,0.173,-1.25,-1.831,-13.611,-6.165,-177.792,48.988,-156.758
-0.714,0.126,-1.33,15.32,-8.362,-4.639,-177.589,49.691,-156.456
-0.506,-0.039,-1.098,24.475,19.531,2.869,-176.567,49.482,-156.11
-0.064,-0.049,-0.782,25.513,5.92,20.935,-175.842,48.604,-156.72
-0.395,-0.173,-0.827,36.072,-6.165,-2.747,-174.435,49.026,-157.061
-0.204,-0.242,-0.764,17.883,27.405,8.606,-173.161,47.977,-156.912
-0.148,-0.209,-0.713,4.517,3.357,19.043,-172.908,47.274,-157.588
-0.295,-0.149,-0.711,-2.563,-11.963,16.357,-173.079,47.494,-158.209
-0.401,-0.11,-0.715,-0.305,-12.756,15.198,-173.227,48.153,-158.56
-0.478,-0.138,-0.755,5.249,-17.029,9.705,-173.161,48.928,-158.61
-0.554,-0.177,-0.792,2.258,-5.798,8.301,-172.952,49.669,-158.258
-0.491,-0.184,-0.815,2.563,2.869,9.216,-172.914,49.839,-157.978
-0.359,-0.192,-0.806,-0.793,-6.47,16.235,-172.985,50.07,-157.852
-0.536,-0.143,-0.942,-3.906,-14.282,24.536,-173.403,50.933,-158.286
-0.59,-0.11,-1.169,-0.977,-1.465,13.855,-173.87,51.284,-158.84
-0.624,-0.142,-1.2,-3.845,-11.475,-17.334,-173.666,51.801,-158.159
-0.694,-0.047,-1.173,-13.489,0.305,-39.307,-173.287,52.245,-156.099
-0.27,-0.005,-0.887,-26.855,15.076,-52.673,-173.035,51.46,-153.221
-0.319,0.149,-0.885,-35.339,-9.216,-48.34,-173.43,51.081,-150.353
-0.324,0.179,-0.784,-27.222,5.981,-50.415,-174.001,50.993,-147.92
-0.298,0.124,-0.708,-19.714,-0.549,-59.692,-174.023,50.559,-145.168
-0.356,0.076,-0.679,-14.282,-2.747,-63.232,-173.694,50.422,-142.218
-0.457,0.01,-0.721,-18.005,-2.014,-65.735,-173.167,50.345,-138.933
-0.407,0.019,-0.716,-20.813,0.671,-67.261,-172.875,50.098,-135.566
-0.508,-0.002,-0.745,-24.78,-10.193,-73.12,-172.518,50.273,-131.803
-0.56,-0.02,-0.775,-30.212,-4.761,-78.857,-172.211,50.455,-127.628
-0.458,0.078,-0.845,-34.18,5.005,-65.186,-172.337,50.251,-123.772
-0.335,0.091,-0.812,-24.231,-5.005,-47.424,-172.562,50.191,-120.954
-0.463,0.209,-1.041,-15.015,-16.724,-17.7,-173.205,50.691,-119.762
-0.797,0.042,-1.175,18.066,-38.147,-18.86,-172.727,52.152,-119.207
-0.557,-0.093,-0.916,22.278,0.671,-5.493,-171.541,53.24,-118.696
-0.265,-0.22,-0.778,35.278,16.174,-11.536,-170.14,52.685,-118.647
-0.201,-0.339,-0.744,26.245,-13.977,-21.118,-168.179,52.245,-117.883
-0.526,-0.342,-0.83,10.376,-22.949,-21.118,-166.476,53.097,-116.323
-0.498,-0.334,-0.839,-2.625,6.287,-21.057,-165.547,53.157,-114.868
-0.396,-0.274,-0.815,-19.775,8.606,-26.306,-165.35,52.471,-113.307
-0.302,-0.22,-0.771,-23.438,-0.366,-33.569,-165.536,51.844,-111.462
-0.419,-0.232,-0.744,-26.001,-17.578,-43.396,-165.531,51.949,-108.962
-0.443,-0.213,-0.743,-30.518,-8.545,-46.875,-165.591,52.02,-106.15
-0.447,-0.253,-0.784,-28.442,-12.878,-57.434,-165.487,52.031,-102.991
-0.498,-0.321,-0.879,-33.081,-10.803,-60.913,-165.218,51.987,-99.366
-0.494,-0.301,-0.905,-41.565,-18.372,-53.711,-165.46,52.125,-95.999
-0.565,-0.256,-0.974,-46.936,-20.691,-51.27,-166.009,52.614,-92.736
-0.606,-0.141,-0.931,-37.903,-21.973,-59.021,-166.503,53.24,-89.528
-0.579,-0.11,-0.869,-26.306,-24.841,-58.167,-166.273,53.745,-86.193
-0.514,-0.098,-0.755,-37.354,-17.578,-49.927,-166.146,54.388,-83.293
-0.457,0.028,-0.706,-54.443,-25.024,-49.5,-167.064,54.86,-80.788
-0.633,0.092,-0.72,-62.805,-24.597,-64.697,-168.322,55.893,-77.866
-0.618,0.165,-0.78,-58.472,15.076,-78.064,-169.409,55.789,-74.427
-0.423,0.136,-0.821,-47.18,31.433,-85.144,-170.019,54.185,-70.873
-0.311,0.11,-0.873,-43.091,13.367,-79.468,-170.37,52.668,-67.385
-0.342,0.139,-0.845,-36.804,-6.104,-66.528,-170.909,52.196,-64.534
-0.48,0.089,-0.8,-28.076,-25.391,-60.059,-171.178,52.756,-62.089
-0.522,0.16,-0.782,-24.597,-17.944,-43.579,-171.475,53.767,-60.211
-0.514,0.187,-0.856,-16.235,-16.602,-27.039,-171.837,54.476,-59.392
-0.59,0.109,-1.029,3.357,-14.404,-31.799,-171.694,55.261,-58.98
-0.689,-0.103,-0.995,12.512,-23.865,-40.833,-170.354,56.266,-57.739
-0.591,-0.219,-0.972,5.432,1.587,-38.208,-168.92,56.558,-56.255
-0.224,-0.203,-0.809,4.517,15.198,-20.691,-168.014,55.668,-55.338
-0.379,-0.248,-0.798,9.705,-16.296,-18.433,-167.223,55.712,-54.833
-0.576,-0.305,-0.808,0.916,-2.869,-28.259,-166.157,55.767,-53.58
-0.495,-0.303,-0.788,-14.404,10.254,-23.071,-165.685,55.201,-52.344
-0.443,-0.178,-0.791,-27.527,10.071,-11.78,-166.349,54.443,-51.746
-0.414,-0.183,-0.785,-22.888,7.874,-16.357,-167.13,53.822,-51.295
-0.437,-0.159,-0.77,-23.865,-2.319,-13.123,-167.772,53.52,-50.658
-0.46,-0.233,-0.775,-20.386,-9.521,-18.555,-168.283,53.674,-50.01
-0.509,-0.253,-0.819,-29.48,-5.127,-16.235,-168.745,53.932,-49.005
-0.496,-0.208,-0.878,-31.555,-1.526,-9.521,-169.772,53.954,-48.499
-0.679,-0.161,-1.141,-29.846,-7.935,-15.442,-170.799,54.047,-47.966
-0.8,-0.093,-1.187,-27.344,-14.404,-26.794,-171.387,54.553,-46.956
-0.602,-0.038,-1.117,-26.855,23.865,-49.927,-171.557,54.25,-45.209
-0.082,0.039,-0.848,-43.945,26.733,-50.781,-171.98,52.438,-42.929
-0.299,0.26,-0.825,-58.167,-14.16,-39.307,-173.743,52.3,-41.122
-0.312,0.338,-0.821,-34.851,20.569,-63.721,-174.946,51.746,-39.166
-0.224,0.242,-0.804,-22.949,11.108,-66.345,-175.117,50.718,-36.837
-0.266,0.127,-0.788,-18.982,3.967,-68.542,-174.985,50.268,-34.53
-0.302,0.076,-0.729,-21.606,-6.653,-73.303,-174.803,50.158,-31.904
-0.35,0.04,-0.719,-26.611,-16.541,-74.707,-174.617,50.576,-28.927
-0.488,0.035,-0.806,-21.301,-18.005,-74.646,-174.249,51.29,-25.785
-0.421,-0.043,-0.9,-25.879,-8.728,-63.843,-173.732,51.63,-22.874
-0.532,0.027,-1.02,-32.654,-19.226,-53.284,-173.831,52.3,-20.391
-0.423,0.125,-1.065,-28.748,0.061,-39.795,-174.37,52.509,-18.649
-0.503,0.095,-1.102,-19.226,-35.095,-25.879,-174.869,53.108,-17.617
-0.903,0.071,-1.198,-8.362,-33.508,-17.822,-175.226,55.063,-17.221
-0.605,-0.019,-0.97,3.418,14.221,0.244,-175.166,55.404,-17.567
-0.214,-0.102,-0.786,14.526,23.132,18.066,-175.144,54.338,-19.045
-0.329,-0.201,-0.765,18.066,4.395,12.634,-174.803,53.795,-20.457
-0.274,-0.186,-0.673,7.874,7.263,25.024,-174.628,53.306,-21.742
-0.366,-0.179,-0.66,5.798,-3.906,23.56,-174.76,53.311,-23.192
-0.416,-0.139,-0.653,1.953,-3.662,23.56,-175.007,53.427,-24.582
-0.476,-0.162,-0.716,4.456,-9.521,22.278,-175.144,53.828,-25.955
-0.452,-0.155,-0.817,2.808,-12.329,31.677,-175.49,54.388,-27.625
-0.358,-0.173,-0.977,0.549,-25.879,43.762,-176.16,55.382,-29.773
-0.489,-0.079,-0.871,2.014,-59.998,55.481,-177.391,57.585,-32.52
-0.853,-0.01,-0.963,10.315,-27.222,57.495,-178.835,59.738,-35.909
-0.77,-0.032,-1.074,14.221,-5.981,34.485,-179.517,59.875,-38.705
-0.753,0.065,-1.048,1.77,3.296,5.615,-179.423,60.222,-39.655
-0.432,0.108,-0.803,-4.517,11.963,1.404,-179.467,59.727,-40.034
-0.478,0.257,-0.828,-19.104,-6.653,3.601,179.747,59.42,-40.501
-0.524,0.266,-0.767,-13.428,7.019,-13.916,178.907,59.458,-40.831
-0.479,0.231,-0.674,-8.789,12.268,-31.677,178.907,58.953,-40.182
-0.363,0.177,-0.642,-3.479,10.803,-34.058,179.473,58.442,-39.122
-0.434,0.098,-0.623,0.183,-3.845,-31.433,-179.835,58.447,-38.216
-0.487,0.046,-0.595,-3.418,-3.052,-29.419,-179.182,58.683,-37.37
-0.602,0.02,-0.633,-5.432,-9.46,-32.837,-178.572,59.172,-36.354
-0.639,0.008,-0.715,-7.263,1.465,-34.302,-177.858,59.458,-35.068
-0.619,-0.003,-0.812,-6.592,4.089,-33.325,-177.034,59.507,-33.657
-0.563,0.065,-0.854,-12.634,-3.662,-13.55,-176.847,59.496,-32.932
-0.721,0.12,-0.969,-8.545,5.92,-3.235,-177.166,59.722,-33.146
-0.66,0.157,-1.014,-1.709,-0.854,8.911,-177.77,59.376,-34.211
-0.952,-0.089,-1.272,8.85,-4.517,0.977,-177.77,59.821,-35.134
-0.51,-0.124,-0.876,-12.756,21.484,28.259,-178.434,59.156,-36.414
-0.373,0.01,-0.787,-2.075,-0.854,20.203,179.984,58.453,-38.48
-0.557,-0.082,-0.775,9.399,20.508,1.282,-179.758,58.184,-38.848
-0.31,-0.073,-0.732,10.437,41.443,21.729,-179.462,56.371,-39.49
-0.286,-0.079,-0.725,5.188,15.198,25.635,-179.588,54.772,-40.77
-0.399,-0.057,-0.711,3.723,5.676,20.142,-179.808,54.229,-41.797
-0.434,-0.04,-0.68,-3.906,-2.075,24.658,179.824,53.987,-42.83
-0.52,0.031,-0.777,-3.723,1.404,26.001,179.066,54.058,-44.242
-0.46,0.045,-0.793,-1.221,-0.488,24.475,178.396,53.893,-45.736
-0.454,0.022,-0.835,-1.282,-12.512,22.339,177.797,54.124,-47.192
-0.502,0.015,-0.868,0.0,-19.653,13.0,177.308,54.921,-48.34
-0.65,0.034,-0.99,1.404,-10.498,7.69,177.122,55.618,-49.005
-0.638,-0.021,-1.036,12.573,-1.404,-16.968,177.775,55.871,-48.812
-0.821,0.035,-1.164,-3.235,-7.08,-18.86,178.726,56.206,-47.675
-0.502,0.126,-0.901,-4.272,23.01,-16.541,179.055,55.756,-46.939
-0.327,0.187,-0.886,-14.526,13.428,-15.137,179.094,54.657,-46.258
-0.346,0.219,-0.777,-11.78,9.399,-20.569,178.759,54.333,-45.873
-0.412,0.187,-0.739,-10.498,3.906,-34.668,178.907,54.003,-44.797
-0.365,0.149,-0.632,-8.728,16.541,-34.912,179.16,53.624,-43.759
-0.365,0.12,-0.625,-9.094,4.578,-32.837,179.429,53.207,-42.781
-0.445,0.103,-0.667,-7.08,3.418,-32.837,179.654,53.196,-42.198
-0.514,0.08,-0.735,-7.507,1.77,-34.119,-179.934,53.3,-41.462
-0.535,0.119,-0.855,-11.108,-0.549,-28.503,-179.681,53.416,-40.869
-0.489,0.102,-0.919,-5.127,1.221,-32.104,-179.308,53.619,-40.254
-0.415,0.122,-0.878,-6.592,-17.456,-23.315,-179.072,54.042,-39.864
-0.744,0.089,-1.107,-7.568,-21.973,-17.761,-178.956,55.305,-39.765
-0.684,0.069,-1.116,-7.202,-1.282,-5.554,-179.149,55.909,-40.226
-0.848,-0.022,-1.175,0.671,-1.038,-3.601,-179.214,56.201,-41.001
-0.306,-0.034,-0.804,-5.554,36.438,22.461,-179.72,54.992,-42.638
-0.204,0.007,-0.815,5.798,6.409,27.222,179.55,53.773,-45.22
-0.288,-0.042,-0.754,7.507,14.893,23.987,179.379,53.157,-47.51
-0.248,-0.034,-0.691,9.399,9.46,26.306,179.16,52.218,-49.922
-0.304,-0.074,-0.724,6.47,2.075,18.555,179.143,51.696,-52.031
-0.384,-0.046,-0.693,4.639,-10.925,13.855,179.094,51.768,-53.844
-0.535,-0.027,-0.777,1.709,-7.202,16.602,179.044,52.141,-55.53
-0.495,-0.019,-0.787,5.676,-3.296,18.555,178.907,52.24,-57.453
-0.559,-0.022,-0.899,6.531,-6.165,18.127,178.89,52.454,-59.31
-0.427,-0.072,-0.893,7.019,0.488,13.855,179.061,52.52,-60.947
-0.512,-0.07,-0.978,3.479,-19.897,15.564,179.088,53.026,-62.617
-0.692,-0.006,-1.067,4.639,-13.672,-2.808,179.209,53.817,-63.869
-0.786,0.086,-1.215,-2.197,4.456,-15.259,179.709,54.141,-64.001
-0.404,0.082,-0.947,-7.202,35.095,-26.917,-179.791,53.218,-63.43
-0.161,0.191,-0.958,-24.292,16.357,-26.55,-179.868,51.597,-62.463
-0.33,0.206,-0.829,-22.888,0.61,-31.616,179.55,51.454,-61.523
-0.313,0.189,-0.734,-16.052,1.526,-37.354,179.291,51.218,-60.139
-0.349,0.136,-0.671,-6.165,-0.488,-31.311,179.385,51.235,-58.892
-0.382,0.079,-0.652,-3.174,-0.916,-24.475,179.676,51.334,-57.936
-0.341,0.052,-0.649,-0.549,-0.549,-19.226,179.901,51.334,-57.404
-0.518,0.03,-0.738,-2.502,-16.663,-20.325,-179.764,51.976,-56.838
-0.584,0.0,-0.708,-2.625,-4.578,-20.935,-179.467,52.696,-56.277
-0.552,-0.019,-0.811,-8.057,-3.296,-27.039,-179.138,52.954,-55.443
-0.554,0.003,-0.882,-18.372,0.244,-27.161,-178.918,53.322,-54.272
-0.612,0.188,-1.144,-20.569,4.211,-5.859,-179.572,53.289,-53.888
-0.633,0.211,-1.151,-0.854,-2.38,0.0,179.808,53.498,-54.294
-0.776,0.079,-1.252,13.245,-5.92,-1.526,-179.995,53.685,-54.706
-0.339,-0.064,-0.88,10.681,26.062,22.095,-179.583,53.218,-55.596
-0.152,-0.024,-0.89,12.451,6.897,33.386,-179.912,52.031,-57.799
-0.289,-0.138,-0.793,10.315,11.719,18.188,-179.769,51.57,-59.546
-0.234,-0.077,-0.717,-1.831,11.169,26.062,179.951,50.63,-61.199
-0.268,-0.079,-0.722,-3.296,-4.883,20.996,179.478,50.12,-62.891
-0.457,-0.007,-0.723,-3.601,-16.785,20.447,178.962,50.592,-64.468
-0.548,0.024,-0.729,2.319,-3.479,17.029,178.665,50.905,-65.94
-0.459,-0.015,-0.711,5.981,0.183,7.69,178.824,50.988,-66.907
-0.469,-0.061,-0.752,2.502,-2.93,10.315,178.984,51.169,-67.758
-0.436,-0.045,-0.909,-2.502,-2.747,17.212,178.77,51.345,-68.901
-0.401,-0.007,-0.983,-3.235,-16.846,20.874,178.27,51.795,-70.4
-0.674,0.072,-1.196,9.827,-20.447,20.386,178.011,52.712,-72.004
-0.581,0.002,-1.171,8.85,-7.141,4.944,178.555,53.278,-72.916
-0.714,0.112,-1.182,-2.136,7.69,-15.076,178.934,53.635,-72.916
-0.288,0.198,-0.912,-15.747,23.071,-22.583,179.099,52.635,-71.971
-0.408,0.257,-0.871,-14.282,-0.305,-23.987,178.781,52.224,-70.961
-0.323,0.177,-0.707,-15.198,9.46,-35.889,178.715,51.932,-69.516
-0.331,0.169,-0.625,-15.137,8.728,-36.011,178.621,51.586,-67.714
-0.33,0.118,-0.577,-11.23,11.658,-35.95,178.676,51.163,-65.891
-0.329,0.108,-0.605,-7.69,3.235,-31.738,178.737,50.834,-64.276
-0.483,0.042,-0.755,-4.456,-3.723,-35.095,179.105,51.13,-62.622
-0.51,0.036,-0.773,-6.042,-0.732,-28.442,179.506,51.35,-61.051
-0.555,0.062,-0.903,-4.272,1.587,-23.621,179.791,51.564,-59.875
-0.498,0.109,-0.95,-9.094,-0.732,-11.353,179.89,51.652,-59.073
-0.551,0.166,-1.066,-2.869,1.892,-5.432,179.681,51.746,-58.887
-0.574,0.254,-1.192,-0.916,-7.385,10.803,179.291,51.696,-59.343
-0.855,0.112,-1.303,16.418,-12.634,1.892,179.456,52.652,-59.963
-0.355,-0.023,-0.812,20.325,17.761,-1.282,-179.61,52.174,-60.007
-0.302,-0.098,-0.848,24.841,1.343,8.484,-178.698,51.647,-60.518
-0.318,-0.216,-0.811,18.311,35.278,9.705,-177.621,50.795,-61.051
-0.118,-0.164,-0.742,3.967,15.991,33.752,-177.578,49.087,-62.584
-0.258,-0.101,-0.741,-1.892,0.0,31.616,-178.099,48.538,-64.622
-0.37,-0.083,-0.731,-1.709,-11.902,31.189,-178.566,48.719,-66.423
-0.449,-0.024,-0.75,-1.465,-8.362,35.278,-179.214,49.114,-68.472
-0.48,-0.024,-0.824,2.197,-4.211,32.654,-179.753,49.438,-70.51
-0.43,-0.033,-0.881,3.845,-6.531,29.602,179.846,49.603,-72.405
-0.426,-0.035,-0.943,5.066,-6.287,24.902,179.583,49.938,-74.086
-0.481,-0.059,-1.062,5.493,-1.953,11.78,179.615,50.131,-75.267
-0.418,-0.042,-1.089,3.845,-4.883,-7.141,179.907,50.125,-75.564
-0.633,0.106,-1.176,-9.094,-18.005,-13.428,-179.978,50.856,-75.135
-0.406,0.163,-0.928,-10.254,8.911,-23.438,-179.923,50.839,-74.141
-0.433,0.256,-0.902,-17.029,1.709,-21.362,179.824,50.57,-72.971
-0.377,0.232,-0.837,-14.465,16.968,-26.245,179.484,50.153,-71.763
-0.307,0.217,-0.775,-13.672,10.925,-35.522,179.28,49.427,-70.065
-0.3,0.166,-0.663,-10.986,3.479,-39.795,179.313,49.208,-68.033
-0.364,0.105,-0.615,-8.179,-5.615,-41.138,179.478,49.4,-65.918
-0.51,0.054,-0.677,-7.263,1.038,-42.297,179.802,49.73,-63.732
-0.467,0.007,-0.736,-10.864,7.08,-39.001,-179.835,49.576,-61.523
-0.503,0.037,-0.824,-16.724,9.277,-25.269,-179.835,49.466,-59.788
-0.434,0.098,-0.834,-12.39,2.319,-18.799,179.852,49.323,-58.694
-0.424,0.146,-0.837,-8.789,-9.216,-13.367,179.599,49.675,-57.903
-0.5,0.171,-0.943,-2.869,-18.127,-13.489,179.462,50.515,-57.316
-0.622,0.178,-1.115,-7.446,-8.484,-4.211,179.379,51.317,-56.821
-0.613,0.232,-1.181,-1.587,-3.784,-1.892,178.918,51.702,-56.904
-0.742,0.059,-1.282,6.287,3.479,-9.766,179.149,51.943,-56.536
-0.258,0.02,-0.915,6.836,27.771,7.08,179.33,51.031,-56.547
-0.087,-0.047,-0.821,14.282,-4.089,6.897,179.681,50.186,-57.063
-0.362,-0.088,-0.792,6.592,-3.113,10.193,-179.885,50.565,-57.486
-0.25,-0.073,-0.718,2.319,8.179,16.785,-179.995,49.971,-58.574
-0.302,-0.021,-0.687,-5.615,0.854,6.653,179.742,49.647,-59.513
-0.336,-0.02,-0.681,-3.235,-9.521,2.441,179.577,49.746,-60.046
-0.496,-0.026,-0.722,-0.488,-11.23,-2.441,179.621,50.328,-60.37
-0.562,-0.059,-0.831,4.211,-4.883,-4.089,-179.962,50.707,-60.425
-0.48,-0.019,-0.854,1.038,6.836,8.85,-179.786,50.795,-60.853
-0.462,-0.053,-0.879,0.122,-3.601,7.935,-179.742,50.845,-61.534
-0.435,-0.01,-0.87,-2.808,-5.249,11.475,-179.984,51.097,-62.298
-0.521,0.0,-1.048,-2.197,0.244,6.592,179.802,51.295,-62.952
-0.627,0.007,-1.267,2.808,-4.211,-15.503,179.978,51.147,-62.913
-0.671,0.0,-1.277,-6.714,2.686,-42.175,-179.143,51.361,-61.293
-0.413,0.035,-0.999,-13.184,19.531,-56.641,-178.264,50.795,-58.519
-0.273,0.106,-0.908,-33.752,5.554,-57.678,-178.011,50.021,-55.421
-0.373,0.204,-0.865,-42.236,13.123,-54.382,-178.682,49.845,-52.476
-0.126,0.256,-0.71,-30.579,5.066,-53.589,-179.423,49.186,-49.768
-0.275,0.157,-0.646,-16.968,-13.428,-54.688,-179.555,49.587,-47.142
-0.337,0.086,-0.614,-15.137,-12.146,-53.955,-179.357,50.175,-44.478
-0.398,0.05,-0.635,-15.503,-13.123,-48.767,-179.143,50.817,-41.951
-0.543,0.034,-0.704,-15.808,-16.724,-48.645,-178.918,51.685,-39.529
-0.618,0.052,-0.758,-20.691,-6.592,-46.753,-178.737,52.465,-37.095
-0.582,0.065,-0.772,-25.635,-0.305,-44.128,-178.753,52.833,-34.739
-0.525,0.144,-0.784,-23.254,4.517,-38.94,-179.006,52.954,-32.662
-0.432,0.165,-0.77,-15.869,-5.31,-34.363,-179.116,53.152,-30.828
-0.557,0.144,-0.848,-6.226,-20.935,-32.41,-178.989,53.998,-29.213
-0.711,0.036,-0.896,0.305,-35.095,-32.898,-178.341,55.552,-27.526
-0.925,0.011,-0.976,2.319,-35.217,-24.719,-177.649,57.535,-26.115
-0.703,-0.031,-0.892,-3.784,1.831,-24.414,-176.896,58.535,-24.73
-0.336,-0.009,-0.759,-5.249,31.738,-20.447,-176.512,57.695,-23.45
-0.237,-0.053,-0.762,2.014,-1.953,-22.095,-176.006,56.717,-22.126
-0.533,-0.081,-0.854,-3.296,-5.31,-16.052,-175.419,56.953,-20.665
-0.531,-0.1,-0.874,-8.667,18.005,-20.691,-175.078,56.552,-19.308
-0.354,-0.034,-0.769,-16.785,14.709,-22.888,-175.111,55.481,-17.737
-0.445,-0.066,-0.762,-15.259,-0.854,-34.485,-174.99,55.168,-15.694
-0.477,-0.076,-0.748,-21.057,4.15,-35.522,-174.803,54.948,-13.266
-0.423,-0.097,-0.723,-20.996,-2.441,-39.978,-174.705,54.811,-10.8
-0.501,-0.125,-0.779,-23.499,-8.85,-46.875,-174.424,55.052,-7.899
-0.58,-0.143,-0.89,-27.71,-7.446,-48.767,-174.155,55.41,-4.768
-0.519,-0.139,-0.892,-28.687,-5.371,-53.589,-173.903,55.47,-1.45
-0.578,-0.139,-0.953,-30.579,-8.728,-53.284,-173.551,55.772,2.076
-0.604,-0.06,-0.924,-21.545,-15.198,-61.096,-173.09,56.245,5.696
-0.658,0.029,-0.908,-21.362,-19.043,-54.688,-172.343,56.794,9.509
-0.475,0.085,-0.788,-36.743,-8.301,-39.856,-172.249,57.2,12.678
-0.528,0.179,-0.717,-43.091,-28.748,-37.415,-173.199,57.953,15.315
-0.638,0.216,-0.712,-41.87,-9.46,-51.392,-174.183,58.87,18.314
-0.548,0.137,-0.708,-35.156,18.677,-68.97,-174.309,58.513,22.357
-0.44,0.138,-0.75,-36.438,23.926,-60.73,-174.375,57.178,26.603
-0.456,0.155,-0.79,-32.471,15.259,-48.035,-174.853,56.113,30.273
-0.374,0.212,-0.735,-28.015,1.587,-34.668,-175.583,55.486,33.327
-0.507,0.167,-0.706,-15.564,-22.4,-36.926,-175.908,56.025,36.266
-0.619,0.166,-0.703,-11.292,-13.611,-35.034,-175.847,56.876,39.276
-0.629,0.175,-0.763,-5.31,-11.536,-27.893,-175.688,57.294,41.94
-0.707,0.167,-0.895,-2.136,-7.629,-19.165,-175.529,57.843,44.138
-0.89,0.099,-1.139,13.855,-15.442,-27.649,-174.941,58.304,46.252
-0.716,-0.103,-1.007,16.113,-1.709,-31.067,-173.337,58.667,48.933
-0.342,-0.258,-0.756,6.958,18.005,-24.231,-172.079,58.118,51.108
-0.292,-0.294,-0.847,-6.409,5.859,-30.212,-171.348,57.118,53.113
-0.399,-0.154,-0.873,-24.963,16.174,-20.874,-171.238,56.426,55.311
-0.374,-0.14,-0.801,-22.949,-3.845,-26.794,-171.584,55.794,57.107
-0.508,-0.105,-0.782,-33.203,-2.258,-25.33,-171.892,55.783,59.359
-0.47,-0.056,-0.773,-31.921,-0.122,-21.301,-172.804,55.64,61.188
-0.454,-0.098,-0.775,-32.104,-1.77,-26.733,-173.524,55.514,63.281
-0.49,-0.074,-0.795,-34.973,-11.475,-17.395,-174.419,55.717,65.231
-0.556,-0.092,-0.725,-30.273,-23.987,-26.306,-175.215,56.569,67.176
-0.734,-0.09,-0.849,-33.142,-15.076,-28.809,-175.699,57.7,69.609
-0.647,-0.098,-0.829,-32.654,0.61,-34.302,-176.182,57.958,72.18
-0.696,-0.227,-0.865,-40.649,-7.019,-54.749,-176.32,58.26,75.657
-0.788,-0.112,-0.96,-60.669,-15.991,-67.871,-176.627,58.958,80.321
-0.9,0.055,-1.171,-52.49,8.057,-67.383,-176.869,59.343,85.375
-0.378,0.191,-0.958,-47.18,28.992,-57.8,-177.193,58.09,90.137
-0.372,0.378,-0.946,-44.312,-6.165,-49.927,-177.852,57.415,94.362
-0.555,0.395,-0.927,-26.184,16.418,-41.87,-178.412,57.255,98.064
-0.298,0.196,-0.757,-19.836,26.245,-45.898,-178.352,55.624,101.777
-0.244,0.213,-0.638,-30.029,16.663,-37.964,-178.726,54.437,105.326
-0.285,0.203,-0.613,-22.705,2.563,-40.466,-179.352,53.668,108.534
-0.422,0.168,-0.65,-20.081,-0.061,-43.945,-179.654,53.536,111.945
-0.478,0.097,-0.681,-15.076,-7.507,-46.021,-179.604,53.569,115.593
-0.571,0.071,-0.784,-14.771,-3.845,-44.617,-179.39,53.992,119.257
-0.508,0.089,-0.91,-15.93,4.272,-44.434,-179.138,53.981,122.953
-0.477,0.111,-0.981,-14.038,-3.845,-40.71,-178.857,53.992,126.513
-0.571,0.185,-1.135,-14.771,-7.019,-23.682,-178.835,54.234,129.446
-0.753,0.166,-1.24,-4.089,-9.46,-10.437,-179.017,54.597,131.396
-0.656,0.1,-1.092,-3.113,1.16,4.944,-179.335,54.772,132.484
-0.224,0.03,-0.759,18.677,20.996,5.127,-179.121,53.86,133.198
-0.358,-0.137,-0.748,26.978,-3.784,3.906,-177.984,53.575,133.923
-0.42,-0.156,-0.751,12.329,23.315,18.921,-177.38,52.899,134.165
-0.263,-0.13,-0.683,4.211,20.325,24.78,-177.44,51.674,133.879
-0.382,-0.074,-0.696,-0.366,-0.122,27.1,-177.896,51.312,133.352
-0.408,-0.068,-0.722,-0.061,-0.305,24.78,-178.341,51.356,132.913
-0.453,-0.047,-0.735,2.625,-11.719,23.499,-178.748,51.768,132.55
-0.513,-0.058,-0.792,1.038,-6.104,28.87,-179.132,52.339,132.1
-0.456,-0.069,-0.838,2.136,-6.47,30.701,-179.676,52.69,131.391
-0.486,-0.047,-0.938,3.906,-3.906,28.748,179.791,53.053,130.649
-0.509,-0.062,-1.047,6.47,5.432,24.536,179.522,52.971,130.051
-0.562,-0.074,-1.124,6.714,-13.855,-0.916,179.698,52.987,130.133
-0.808,0.096,-1.25,-5.127,-3.54,-10.254,-179.962,53.685,131.364
-0.292,0.067,-0.798,0.244,24.658,-27.405,-179.379,53.026,133.264
-0.309,0.152,-0.839,-23.315,-7.263,-18.188,-179.231,52.361,135.494
-0.475,0.235,-0.815,-17.639,5.554,-19.714,-180.0,52.614,137.054
-0.343,0.178,-0.715,-13.977,12.756,-33.142,179.896,51.894,139.444
-0.289,0.133,-0.614,-9.46,-0.671,-30.518,179.929,51.636,141.894
-0.394,0.126,-0.62,-9.644,-10.071,-25.513,179.918,52.026,144.064
-0.455,0.094,-0.661,-5.188,-6.287,-28.259,-179.973,52.388,146.184
-0.534,0.029,-0.72,-8.606,-6.409,-26.062,-179.791,52.872,148.447
-0.562,0.03,-0.74,-14.893,-17.151,-19.775,179.995,53.564,150.414
-0.71,0.139,-0.877,-25.757,-7.568,-9.949,179.171,54.575,152.018
-0.491,0.196,-0.813,-12.329,1.465,-13.0,178.445,54.586,153.43
-0.547,0.175,-0.852,-1.404,-14.771,-19.47,178.467,55.36,155.11
-0.564,0.173,-0.977,2.625,-0.427,-17.029,178.753,55.646,156.758
-0.666,0.019,-1.067,6.714,-13.245,-27.405,179.517,56.107,158.654
-0.759,-0.089,-1.117,-5.188,5.493,-24.658,-179.621,56.393,160.944
-0.826,-0.121,-1.19,-6.531,17.151,-12.573,-179.33,56.074,162.834
-0.203,-0.079,-0.781,-13.55,55.054,18.005,-179.808,54.119,163.548
-0.135,-0.044,-0.864,-1.16,9.766,15.259,179.434,52.24,163.141
-0.417,-0.186,-0.807,-15.625,16.296,16.663,179.132,51.735,163.059
-0.236,-0.058,-0.766,-35.461,24.719,27.71,177.528,50.328,162.482
-0.277,0.087,-0.708,-36.072,-6.348,28.442,175.353,49.823,161.587
-0.38,0.2,-0.732,-17.822,-14.648,23.376,173.633,50.202,160.615
-0.46,0.15,-0.719,-3.967,-13.489,17.151,172.848,50.74,160.076
-0.457,0.097,-0.755,4.028,-9.827,11.475,172.557,51.218,159.829
-0.468,0.051,-0.848,4.028,-9.949,11.597,172.507,51.68,159.835
-0.448,0.068,-0.869,5.981,-12.756,12.268,172.452,52.141,159.659
-0.522,0.056,-0.967,9.46,-5.005,5.005,172.766,52.603,159.824
-0.455,0.023,-1.01,14.465,-14.771,-9.766,173.595,52.91,160.609
-0.741,0.137,-1.187,4.211,-23.56,-19.775,174.457,54.108,161.895
-0.754,0.216,-1.097,0.061,-0.305,-28.137,175.38,54.987,163.85
-0.407,0.215,-0.784,0.671,14.343,-34.058,176.325,54.69,166.3
-0.404,0.234,-0.771,-10.559,-2.686,-29.053,176.935,54.432,168.69
-0.394,0.261,-0.705,-10.803,9.583,-30.334,176.962,54.443,170.689
-0.361,0.228,-0.673,-6.165,7.812,-39.062,177.281,54.02,173.046
-0.358,0.146,-0.624,-4.333,3.662,-41.016,177.902,53.855,175.693
-0.415,0.12,-0.654,-3.174,-3.479,-38.33,178.451,53.943,178.182
-0.526,0.041,-0.698,-3.479,-10.376,-36.438,179.11,54.437,-179.374
-0.583,0.042,-0.745,-8.667,1.77,-27.283,179.495,54.838,-177.182
-0.54,0.053,-0.784,-9.094,0.61,-20.142,179.583,54.871,-175.336
-0.474,0.104,-0.771,-6.348,-6.348,-8.484,179.445,55.157,-174.067
-0.42,0.093,-0.692,-1.343,-21.24,2.075,179.269,55.975,-173.513
-0.632,0.2,-0.846,0.488,-25.391,13.672,178.665,57.195,-173.804
-0.772,0.137,-0.942,16.663,-32.288,2.014,178.775,58.557,-173.892
-1.001,0.093,-1.105,13.489,-15.32,6.592,179.116,59.969,-173.793
-0.839,-0.042,-1.059,20.325,-5.249,-8.789,179.978,60.095,-173.156
-0.596,-0.096,-0.883,11.047,14.587,8.484,-179.171,60.035,-172.397
-0.315,-0.111,-0.712,10.193,10.071,21.301,-179.242,59.354,-172.809
-0.41,-0.115,-0.756,11.841,5.371,13.0,-179.083,58.969,-173.177
-0.47,-0.085,-0.831,14.893,30.457,30.579,-178.923,58.101,-173.732
-0.188,-0.124,-0.749,13.794,23.987,44.189,-179.127,56.277,-175.375
-0.343,-0.1,-0.678,7.324,-19.775,39.185,-179.648,56.069,-177.391
-0.515,-0.083,-0.654,1.77,-21.057,31.189,179.83,56.997,-178.857
-0.569,-0.036,-0.695,5.432,-12.695,30.09,179.242,57.777,-179.984
-0.591,-0.042,-0.746,4.822,-10.62,36.499,178.742,58.332,178.879
-0.534,0.059,-0.845,9.705,-6.958,50.11,177.682,58.535,176.858
-0.667,0.06,-0.933,27.588,-29.602,39.673,177.242,59.491,174.71
-0.701,-0.087,-0.854,35.095,-17.151,20.874,177.995,60.507,173.535
-0.967,-0.056,-1.01,18.433,-9.399,7.568,178.934,61.232,173.452
-0.756,0.035,-1.035,9.216,28.503,-0.427,179.533,60.496,174.034
-0.28,0.1,-0.796,-6.042,39.246,-7.019,179.874,58.623,175.067
-0.305,0.211,-0.823,-10.742,-7.263,-17.944,179.764,58.008,176.182
-0.437,0.142,-0.724,-7.263,-2.502,-37.415,-179.813,58.31,178.094
-0.389,0.079,-0.621,-11.719,-7.874,-38.757,-179.154,58.409,-179.379
-0.501,0.067,-0.621,-15.198,-9.644,-37.842,-178.759,58.826,-176.913
-0.548,0.056,-0.63,-14.893,6.531,-34.729,-178.445,58.953,-174.408
-0.519,0.048,-0.633,-15.137,-1.526,-25.574,-178.325,58.76,-172.222
-0.698,0.068,-0.712,-16.235,-13.672,-18.066,-178.522,59.31,-170.546
-0.667,0.049,-0.674,-8.301,-3.418,-26.123,-178.632,59.93,-168.887
-0.642,0.009,-0.774,-5.798,0.488,-27.649,-178.11,60.2,-166.685
-0.565,-0.004,-0.72,-8.728,-2.075,-18.372,-177.66,60.37,-164.773
-0.651,0.109,-0.795,-12.573,-10.437,-11.047,-177.874,60.842,-163.499
-0.726,0.192,-0.967,-8.728,6.775,-5.249,-178.292,61.007,-162.664
-0.754,0.159,-1.011,0.488,-8.362,-10.925,-178.363,61.078,-161.927
-0.901,0.021,-1.137,17.151,1.404,-21.729,-177.407,61.249,-160.576
-0.658,-0.119,-0.896,20.02,12.634,-13.184,-175.831,61.018,-159.066
-0.388,-0.148,-0.748,23.987,30.457,9.644,-174.836,59.766,-158.763
-0.387,-0.192,-0.759,25.818,26.55,18.494,-174.128,58.458,-159.373
-0.329,-0.201,-0.748,15.381,28.381,27.649,-173.815,56.992,-160.351
-0.341,-0.187,-0.713,4.944,12.39,24.963,-173.985,56.014,-161.411
-0.412,-0.142,-0.69,-1.77,-2.197,18.677,-174.32,55.8,-162.037
-0.487,-0.074,-0.676,-2.38,-5.798,19.409,-174.738,56.014,-162.449
-0.539,-0.086,-0.688,5.737,-9.521,18.372,-175.04,56.492,-162.894
-0.6,-0.13,-0.754,6.409,-5.493,22.156,-175.128,57.008,-163.295
-0.616,-0.127,-0.866,4.883,6.592,37.415,-175.66,57.211,-164.295
-0.584,-0.126,-0.982,9.277,15.564,43.03,-176.462,56.772,-166.003
-0.398,-0.117,-1.074,12.573,25.146,42.114,-177.067,55.734,-167.866
-0.516,-0.183,-1.093,11.841,-28.687,18.677,-177.061,55.833,-169.091
-0.865,-0.08,-1.08,-7.446,-23.071,11.475,-177.292,57.283,-169.343
-0.544,0.035,-0.848,-16.113,5.31,-3.418,-177.852,57.426,-168.931
-0.458,0.186,-0.832,-33.081,-1.282,-1.526,-178.929,57.206,-168.201
-0.533,0.283,-0.756,-32.532,0.0,-1.221,179.308,57.409,-167.959
-0.495,0.299,-0.708,-22.339,22.827,-25.696,178.308,56.706,-166.789
-0.316,0.257,-0.616,-14.771,29.358,-38.635,178.22,55.41,-164.608
-0.385,0.171,-0.604,-7.324,14.465,-42.847,178.632,54.558,-162.136
-0.429,0.119,-0.64,-6.836,19.226,-40.466,179.088,53.877,-159.769
-0.502,0.076,-0.718,-11.597,11.719,-40.527,179.561,53.377,-157.297
-0.51,0.088,-0.788,-11.475,6.47,-39.429,179.808,53.064,-154.896
-0.496,0.117,-0.865,-14.954,3.845,-30.64,179.984,53.064,-152.644
-0.517,0.127,-0.913,-5.493,-0.61,-27.893,-179.973,53.185,-150.919
-0.488,0.18,-0.956,-6.348,-1.648,-16.113,-179.846,53.245,-149.513
-0.687,0.127,-1.156,2.136,-9.033,-10.62,-179.775,53.569,-148.749
-0.779,0.059,-1.243,9.827,3.967,-10.132,-179.412,53.762,-148.096
-0.411,-0.063,-1.016,7.507,27.649,3.723,-178.846,52.96,-147.612
-0.069,-0.057,-0.913,9.827,18.616,14.648,-178.742,51.614,-148.046
-0.183,-0.118,-0.827,8.789,-8.362,1.038,-178.319,51.465,-148.365
-0.273,-0.067,-0.778,2.197,-9.155,8.301,-178.165,51.586,-148.661
-0.317,-0.096,-0.773,0.854,0.122,-0.549,-178.028,51.564,-148.848
-0.308,-0.073,-0.749,-1.892,-10.132,-4.7,-177.836,51.542,-148.53
-0.427,-0.094,-0.75,-0.671,-19.348,-7.629,-177.512,52.213,-147.997
-0.567,-0.089,-0.762,-1.526,-18.799,-5.005,-177.215,53.146,-147.316
-0.597,-0.088,-0.762,-0.977,-6.836,0.366,-177.061,53.773,-146.788
-0.564,-0.075,-0.786,-1.892,4.272,5.798,-177.045,53.965,-146.453
-0.554,-0.07,-0.783,-2.869,-3.296,8.789,-177.198,54.091,-146.354
-0.527,-0.041,-0.793,-2.869,2.075,11.169,-177.506,54.272,-146.431
-0.502,-0.038,-0.797,-2.686,-4.944,14.526,-177.869,54.514,-146.722
-0.598,-0.058,-0.933,2.686,-7.202,11.23,-178.226,54.893,-147.184
-0.59,-0.125,-0.988,-2.93,8.85,7.935,-178.209,55.063,-147.178
-0.575,-0.014,-1.053,-4.395,-7.019,17.09,-178.77,54.871,-147.59
-0.765,-0.008,-1.185,-3.113,1.77,2.319,-179.022,55.272,-147.772
-0.494,0.044,-1.069,-3.662,19.653,-2.747,-179.05,54.646,-147.409
-0.175,0.15,-0.901,-13.428,4.7,0.732,-179.462,53.844,-147.233
-0.504,0.207,-0.848,-15.625,-18.982,-5.005,179.753,54.514,-147.393
-0.417,0.2,-0.751,-16.663,11.292,-32.837,179.379,54.338,-146.42
-0.375,0.138,-0.65,-13.977,3.784,-43.579,179.599,54.064,-144.316
-0.426,0.073,-0.62,-8.911,3.723,-40.955,-179.973,53.954,-142.191
-0.436,0.024,-0.647,-6.958,9.583,-33.203,-179.473,53.723,-140.273
-0.432,0.041,-0.671,-5.615,7.385,-24.048,-179.176,53.377,-138.818
-0.514,0.015,-0.741,-3.296,-1.282,-20.508,-178.841,53.416,-137.626
-0.566,0.012,-0.823,-3.662,3.601,-17.212,-178.555,53.525,-136.577
-0.52,0.072,-0.845,-7.69,3.479,-10.681,-178.533,53.536,-135.742
-0.572,0.104,-0.927,-5.798,-2.258,-6.653,-178.671,53.635,-135.264
-0.592,0.173,-1.082,-2.625,-0.488,5.432,-179.055,53.679,-135.363
-0.709,0.085,-1.128,9.46,-16.663,-2.136,-179.077,54.174,-135.731
-0.794,0.014,-1.183,7.874,6.287,8.179,-178.72,54.651,-135.917
-0.308,0.008,-0.896,11.597,31.86,25.635,-178.841,53.652,-137.016
-0.124,-0.028,-0.835,22.766,2.441,17.944,-178.704,52.498,-138.587
-0.255,-0.089,-0.814,20.63,-2.502,15.259,-177.995,52.421,-139.785
-0.309,-0.162,-0.748,14.954,-3.113,8.423,-177.369,52.366,-140.828
-0.328,-0.161,-0.735,2.441,2.38,1.343,-176.913,52.108,-141.147
-0.355,-0.082,-0.711,-0.061,-1.648,8.24,-176.836,51.943,-141.465
-0.403,-0.024,-0.711,5.432,-6.775,11.169,-176.77,52.07,-142.048
-0.464,0.017,-0.788,11.658,-8.179,6.897,-176.429,52.454,-142.559
-0.497,-0.105,-0.809,18.311,-15.808,0.427,-175.556,53.02,-142.663
-0.571,-0.176,-0.796,10.742,-8.972,4.395,-174.831,53.74,-142.696
-0.569,-0.235,-0.781,4.761,-16.235,-2.625,-174.309,54.399,-142.416
-0.639,-0.205,-0.936,-4.822,-4.822,-0.854,-174.062,55.052,-141.806
-0.858,-0.167,-1.165,-5.31,-4.333,-4.639,-173.985,55.404,-141.257
-0.639,-0.057,-1.133,-15.808,15.869,-14.343,-174.012,55.157,-140.427
-0.268,0.051,-0.859,-17.639,5.127,-27.222,-174.155,54.569,-139.158
-0.425,0.093,-0.828,-21.301,-17.883,-27.832,-174.309,54.772,-137.845
-0.413,0.134,-0.822,-24.475,20.325,-32.043,-174.721,54.772,-136.577
-0.27,0.082,-0.778,-21.179,9.094,-41.077,-175.007,53.624,-135.093
-0.409,0.1,-0.792,-26.55,7.324,-41.809,-175.325,53.201,-133.434
-0.374,0.078,-0.728,-26.794,2.991,-46.021,-175.699,52.74,-131.644
-0.415,0.062,-0.729,-26.489,3.601,-50.964,-175.946,52.559,-129.523
-0.407,0.022,-0.714,-29.602,-5.127,-55.481,-176.116,52.504,-127.079
-0.52,0.04,-0.723,-30.884,-11.475,-54.26,-176.336,52.998,-124.459
-0.56,0.055,-0.728,-32.715,-12.268,-47.607,-176.638,53.641,-122.009
-0.568,0.112,-0.78,-29.236,0.183,-43.213,-177.067,54.053,-119.85
-0.479,0.182,-0.801,-23.987,-6.531,-40.527,-177.396,54.3,-117.96
-0.54,0.201,-0.833,-13.916,-14.954,-33.63,-177.396,55.096,-116.384
-0.605,0.235,-0.879,-8.667,-16.174,-18.005,-177.523,56.03,-115.664
-0.685,0.188,-1.0,11.475,-9.46,-14.832,-177.424,56.898,-115.642
-0.419,-0.133,-0.854,24.841,2.93,-21.118,-176.144,57.019,-115.225
-0.375,-0.309,-0.829,4.7,-16.663,-18.372,-174.825,57.189,-114.56
-0.569,-0.208,-0.822,-13.062,-10.254,-29.175,-174.21,58.013,-113.313
-0.473,-0.157,-0.767,-21.973,-0.549,-33.203,-173.859,57.843,-111.473
-0.503,-0.059,-0.77,-28.259,0.061,-34.424,-173.875,57.772,-109.517
-0.502,-0.071,-0.741,-26.184,-1.404,-41.992,-173.842,57.612,-107.369
-0.502,-0.072,-0.751,-30.334,-0.061,-43.579,-173.776,57.491,-105.029
-0.546,-0.061,-0.794,-34.058,1.892,-45.776,-173.875,57.332,-102.601
-0.47,-0.076,-0.8,-31.494,1.831,-52.49,-173.881,56.997,-99.981
-0.565,-0.109,-0.842,-35.217,-2.93,-49.561,-173.842,57.003,-97.213
-0.504,-0.089,-0.831,-36.743,3.54,-50.171,-174.029,56.733,-94.614
-0.514,-0.072,-0.893,-37.292,-5.676,-55.115,-174.117,56.635,-91.78
-0.676,-0.06,-0.939,-33.325,-13.733,-66.101,-173.892,56.975,-88.495
-0.642,0.015,-0.922,-40.1,-1.953,-64.209,-173.54,57.068,-84.93
-0.458,0.107,-0.83,-45.593,4.944,-61.768,-173.721,56.717,-81.821
-0.596,0.16,-0.851,-48.218,2.258,-71.472,-174.117,56.711,-78.651
-0.499,0.154,-0.795,-44.556,12.207,-79.895,-174.348,56.014,-75.157
-0.49,0.125,-0.805,-43.03,10.986,-78.918,-174.402,55.399,-71.537
-0.389,0.1,-0.746,-42.175,4.15,-70.679,-174.622,54.844,-68.264
-0.544,0.111,-0.754,-40.771,-12.939,-58.411,-175.056,55.102,-65.544
-0.563,0.175,-0.762,-37.292,-0.732,-46.753,-175.77,55.475,-63.572
-0.56,0.2,-0.783,-26.794,-1.892,-42.236,-176.309,55.662,-62.045
-0.475,0.192,-0.786,-21.851,2.441,-34.302,-176.655,55.734,-60.941
-0.54,0.292,-0.852,-14.771,-12.451,-31.738,-176.979,56.168,-60.156
-0.665,0.294,-1.006,-2.136,-8.606,-21.362,-177.012,56.843,-59.908
-0.72,0.087,-1.107,16.602,0.366,-24.597,-176.21,57.217,-59.766
-0.363,-0.12,-0.82,13.977,6.714,-14.954,-175.084,56.97,-59.59
-0.373,-0.176,-0.867,14.343,-13.062,-21.79,-174.15,56.97,-59.436
-0.52,-0.286,-0.908,1.648,10.254,-35.461,-172.518,56.959,-57.799
-0.338,-0.097,-0.823,-9.033,9.521,-12.207,-172.161,56.008,-56.898
-0.455,0.011,-0.813,7.08,10.193,2.808,-172.101,55.492,-57.14
-0.457,-0.084,-0.864,12.939,12.695,1.526,-171.672,54.822,-57.832
-0.381,-0.183,-0.881,14.709,12.024,-0.061,-170.947,53.981,-58.228
-0.429,-0.179,-0.854,6.409,1.587,7.935,-170.579,53.641,-58.81
-0.407,-0.222,-0.783,1.038,-2.441,9.705,-170.557,53.608,-59.579
-0.521,-0.194,-0.83,-7.202,-5.127,-0.183,-170.755,53.806,-59.985
-0.524,-0.151,-0.917,-11.414,6.653,-14.404,-170.843,53.668,-59.65
-0.607,-0.252,-0.96,-15.076,-15.137,-10.925,-170.887,53.641,-59.062
-0.883,-0.172,-1.175,-31.433,-2.686,-32.715,-171.282,54.327,-57.991
-0.528,-0.086,-1.084,-34.973,25.574,-55.237,-171.59,53.361,-55.734
-0.112,-0.0,-0.835,-45.044,12.756,-60.547,-171.985,52.059,-52.894
-0.39,0.139,-0.911,-48.035,-3.235,-57.312,-172.952,51.768,-50.103
-0.242,0.155,-0.922,-42.664,34.363,-74.28,-173.705,50.328,-47.159
-0.128,0.127,-0.861,-38.025,12.817,-79.285,-174.161,48.818,-43.715
-0.256,0.056,-0.801,-39.673,-9.644,-83.008,-174.6,48.472,-40.139
-0.419,0.044,-0.75,-42.847,-6.653,-86.914,-175.029,48.653,-36.255
-0.359,0.074,-0.747,-43.64,2.38,-79.285,-175.578,48.422,-32.585
-0.411,0.078,-0.835,-40.283,3.174,-71.899,-176.177,48.285,-29.421
-0.357,0.097,-0.852,-34.729,3.662,-65.125,-176.699,48.043,-26.614
-0.4,0.087,-0.89,-31.86,-3.906,-61.096,-177.105,48.148,-24.109
-0.46,0.129,-0.969,-30.151,-5.798,-47.18,-177.627,48.472,-22.05
-0.642,0.189,-1.256,-30.884,8.118,-30.823,-178.451,48.56,-20.819
-0.5,0.184,-1.246,-11.047,20.081,-18.25,-179.225,47.955,-20.533
-0.194,0.016,-1.031,-5.127,17.273,-7.385,-179.385,47.016,-20.588
-0.085,-0.015,-0.892,-0.061,2.686,0.183,-179.594,46.406,-21.061
-0.132,-0.035,-0.865,0.0,2.625,0.183,-179.577,46.137,-21.346
-0.144,-0.032,-0.787,1.526,-8.667,0.916,-179.555,45.967,-21.627
-0.294,-0.05,-0.796,0.977,-9.033,-1.404,-179.423,46.208,-21.747
-0.307,-0.048,-0.782,1.16,-2.747,-0.427,-179.28,46.23,-21.962
-0.333,-0.054,-0.768,2.869,-8.911,-2.014,-179.006,46.434,-22.143
-0.427,-0.066,-0.778,3.54,-10.681,-1.648,-178.715,46.895,-22.423
-0.426,-0.062,-0.838,0.061,0.366,2.014,-178.517,47.137,-22.808
-0.409,-0.056,-0.872,-2.014,-0.793,5.005,-178.495,47.12,-23.39
-0.413,-0.044,-0.892,-2.258,2.38,8.423,-178.632,47.148,-24.164
-0.443,-0.057,-0.98,-3.662,9.583,10.01,-178.83,46.884,-24.988
-0.307,-0.072,-1.027,-2.075,5.676,3.357,-178.962,46.379,-25.642
-0.529,-0.09,-1.155,-8.789,-2.869,-10.315,-178.912,46.681,-25.571
-0.569,0.017,-1.209,-16.357,3.723,-18.188,-179.116,46.664,-25.087
-0.231,0.105,-0.958,-27.527,18.982,-21.851,-179.665,46.088,-24.285
-0.203,0.271,-0.863,-36.438,-9.155,-21.973,179.127,45.665,-23.456
-0.348,0.307,-0.822,-30.09,2.869,-34.058,177.858,46.099,-22.484
-0.234,0.227,-0.755,-16.602,9.705,-46.997,177.352,45.769,-20.781
-0.255,0.173,-0.729,-10.986,1.587,-38.147,177.242,45.659,-19.067
-0.304,0.11,-0.744,-7.141,1.343,-31.189,177.242,45.731,-17.836
-0.357,0.103,-0.751,-11.353,-1.221,-28.87,177.155,45.868,-16.875
-0.422,0.091,-0.783,-14.465,-0.854,-33.997,176.973,46.121,-15.749
-0.477,0.081,-0.807,-16.357,5.005,-34.485,176.803,46.346,-14.518
-0.437,0.135,-0.883,-19.104,6.409,-28.992,176.49,46.274,-13.403
-0.359,0.176,-0.868,-13.611,3.174,-26.367,176.182,46.313,-12.535
-0.439,0.229,-0.987,-7.874,2.197,-15.93,175.979,46.483,-12.008
-0.467,0.197,-1.102,-2.808,-6.042,-9.033,175.919,46.593,-11.909
-0.537,0.224,-1.168,-2.686,-4.456,-4.7,175.732,47.049,-12.151
-0.579,0.104,-1.2,-0.671,13.611,-8.667,175.836,47.219,-12.178
-0.098,0.089,-0.905,-0.183,20.874,7.141,175.77,46.269,-12.398
-0.036,0.026,-0.795,6.592,-8.179,10.559,175.743,45.703,-12.969
-0.23,0.04,-0.791,9.399,-5.005,18.25,175.88,45.95,-13.629
-0.225,0.012,-0.809,11.536,-0.793,20.508,176.094,45.648,-14.573
-0.207,0.004,-0.814,13.184,-3.54,17.7,176.446,45.417,-15.408
-0.284,-0.011,-0.796,15.869,-11.414,22.644,176.907,45.544,-16.287
-0.411,-0.001,-0.812,18.494,-10.742,33.142,177.341,45.884,-17.704
-0.4,-0.047,-0.834,21.423,-0.122,37.537,177.819,45.956,-19.594
-0.39,-0.062,-0.908,16.846,5.737,39.612,178.193,45.731,-21.627
-0.335,-0.056,-0.917,16.052,0.427,34.058,178.451,45.445,-23.549
-0.333,-0.092,-0.979,9.827,2.441,29.419,178.753,45.324,-25.049
-0.328,-0.048,-1.087,4.639,-1.892,20.935,178.775,45.203,-26.241
-0.405,-0.01,-1.13,3.418,-7.751,5.127,179.011,45.544,-26.614
-0.636,0.132,-1.203,3.845,-5.188,-7.874,179.22,45.967,-26.521
-0.305,0.095,-0.985,1.099,26.917,-25.269,179.863,45.181,-25.433
-0.246,0.249,-0.927,-9.399,18.921,-16.907,179.857,44.149,-24.362
-0.126,0.16,-0.852,-10.925,21.545,-32.837,179.78,43.077,-23.121
-0.138,0.154,-0.826,-15.32,4.7,-39.978,179.484,42.38,-21.226
-0.244,0.132,-0.783,-23.743,-5.432,-51.941,179.077,42.479,-18.814
-0.335,0.104,-0.761,-26.978,-1.648,-62.744,178.594,42.764,-15.908
-0.333,0.119,-0.775,-28.809,8.484,-64.087,178.066,42.836,-12.744
-0.401,0.128,-0.805,-24.048,4.272,-53.528,177.605,42.808,-9.849
-0.396,0.069,-0.847,-17.517,17.639,-41.382,177.281,42.627,-7.663
-0.352,0.106,-0.896,-13.855,15.93,-32.654,177.034,42.122,-5.96
-0.282,0.063,-0.912,-10.498,6.226,-28.625,176.94,41.803,-4.603
-0.354,0.142,-0.962,-7.751,-0.977,-22.522,176.847,41.962,-3.417
-0.337,0.179,-1.059,-0.916,-5.615,-9.216,176.858,42.215,-2.829
-0.477,0.146,-1.102,10.62,-15.991,2.197,177.149,42.924,-2.889
-0.739,0.14,-1.19,13.123,-8.362,15.93,177.446,43.759,-3.785
-0.399,0.0,-1.073,8.179,32.959,14.648,177.759,42.913,-4.757
0.109,0.009,-0.825,-2.686,21.79,28.87,177.528,41.407,-5.905
-0.15,0.01,-0.805,-5.432,-10.559,15.198,177.067,41.435,-6.883
-0.137,0.106,-0.808,-9.949,9.766,21.057,176.391,41.023,-7.581
-0.126,0.07,-0.84,-15.503,10.559,5.31,175.671,40.292,-7.998
-0.176,0.074,-0.838,-18.738,-0.427,-3.601,174.919,39.869,-7.608
-0.174,0.116,-0.829,-18.494,2.991,3.357,174.062,39.677,-7.328
-0.283,0.061,-0.862,-6.409,-3.113,0.244,173.54,39.666,-7.229
-0.226,0.059,-0.892,-4.639,5.859,13.0,173.271,39.452,-7.443
-0.181,0.082,-0.966,-2.686,-1.77,26.001,173.051,39.188,-8.201
-0.161,0.111,-1.018,10.559,-14.221,42.053,172.842,39.216,-9.981
-0.188,0.121,-1.065,9.277,-17.09,39.856,172.936,39.556,-11.942
-0.26,0.152,-1.156,12.878,-19.47,29.541,173.09,40.001,-13.705
-0.291,0.184,-1.141,10.986,-23.56,11.536,173.54,40.825,-14.546
-0.527,0.246,-1.157,10.864,-17.029,-1.648,173.996,41.874,-14.903
-0.246,0.305,-0.992,2.808,11.292,-15.198,174.413,41.765,-14.403
-0.145,0.342,-0.917,-3.113,0.183,-26.001,174.567,41.523,-13.321
-0.237,0.318,-0.845,-6.531,-4.639,-43.091,174.6,41.918,-11.613
-0.287,0.246,-0.787,-6.409,-4.456,-61.218,174.875,42.407,-8.921
-0.326,0.186,-0.755,-8.667,-0.732,-63.354,175.221,42.907,-5.883
-0.352,0.145,-0.763,-10.315,4.028,-58.594,175.485,43.237,-3.027
-0.321,0.103,-0.748,-14.709,-2.014,-50.964,175.589,43.462,-0.467
-0.421,0.091,-0.763,-13.733,-7.69,-41.443,175.529,44.165,1.582
-0.461,0.07,-0.769,-8.789,2.441,-40.894,175.633,44.698,3.345
-0.465,0.072,-0.843,-11.108,9.827,-36.072,175.842,44.841,4.999
-0.39,0.109,-0.872,-11.414,9.094,-36.621,175.979,44.681,6.608
-0.434,0.174,-0.972,-5.493,-3.723,-27.344,176.122,44.951,8.031
-0.51,0.219,-1.067,-0.122,0.671,-5.188,176.221,45.253,8.63
-0.562,0.197,-1.125,15.076,-4.456,8.362,176.407,45.423,8.174
-0.579,0.151,-1.216,21.851,13.672,24.902,176.935,45.28,7.004
-0.138,0.058,-0.912,27.588,26.611,46.692,177.49,44.072,4.911
-0.015,0.057,-0.922,36.011,4.15,53.894,178.066,42.984,2.109
-0.115,-0.026,-0.876,35.156,2.136,54.871,179.099,42.676,-0.33
-0.09,-0.011,-0.854,32.593,-4.456,68.481,179.676,42.242,-3.538
-0.117,-0.073,-0.791,26.306,-12.878,56.396,-179.742,42.33,-6.4
-0.232,-0.071,-0.777,20.874,-23.743,52.734,-179.385,42.995,-8.954
-0.316,-0.051,-0.775,17.761,-24.475,48.828,-179.193,43.945,-11.426
-0.411,-0.086,-0.814,17.09,-26.245,44.617,-178.918,45.049,-13.683
-0.46,-0.056,-0.837,15.137,-17.029,48.279,-178.912,46.099,-16.177
-0.445,-0.061,-0.905,11.597,-10.071,47.241,-178.973,46.747,-18.715
-0.455,-0.046,-0.945,11.047,-4.456,45.471,-179.253,47.203,-21.248
-0.339,-0.032,-1.001,7.69,-2.38,41.26,-179.539,47.219,-23.56
-0.453,-0.009,-1.128,10.559,-11.23,28.137,-179.736,47.494,-25.439
-0.542,-0.026,-1.22,3.967,-15.503,12.756,-179.484,48.06,-26.307
-0.732,0.074,-1.244,4.089,0.977,3.906,-179.44,48.774,-26.807
-0.174,0.145,-0.895,2.625,28.992,3.174,-179.242,47.763,-26.96
-0.217,0.161,-0.816,-6.958,-17.212,6.592,-179.577,47.488,-27.361
-0.359,0.216,-0.789,-13.794,-5.371,-14.404,179.764,48.12,-27.224
-0.357,0.188,-0.722,-8.972,1.404,-22.888,179.484,48.12,-26.29
-0.314,0.136,-0.68,-3.967,-0.244,-25.879,179.484,48.065,-25.269
-0.407,0.086,-0.689,-1.587,0.244,-26.001,179.703,48.323,-24.181
-0.358,0.071,-0.682,-2.014,-1.587,-20.447,179.885,48.296,-23.329
-0.47,0.043,-0.725,-3.113,-12.146,-20.325,-179.912,48.955,-22.555
-0.567,0.068,-0.819,-5.005,-5.554,-18.433,-179.786,49.565,-21.857
-0.459,0.101,-0.84,-7.263,1.77,-14.282,-179.687,49.834,-21.226
-0.477,0.133,-0.922,0.854,-6.653,-12.329,-179.731,50.109,-20.918
-0.5,0.125,-1.126,-3.479,-1.099,3.662,-179.692,50.438,-20.852
-0.478,0.143,-1.077,4.822,-12.085,10.193,179.874,50.911,-21.731
-0.629,0.037,-1.168,13.855,-23.56,0.916,-179.912,51.663,-22.242
-0.622,-0.152,-1.077,9.644,0.061,9.094,-179.308,52.493,-22.577
-0.325,-0.056,-0.919,0.122,6.409,33.63,-179.736,52.097,-23.923
-0.246,-0.068,-0.836,9.521,4.272,29.236,179.808,51.669,-25.697
-0.23,-0.062,-0.789,7.812,-1.953,28.564,179.714,51.411,-27.07
-0.274,-0.08,-0.732,7.446,-8.24,24.292,179.621,51.449,-28.339
-0.358,-0.083,-0.72,3.662,-6.287,21.179,179.566,51.619,-29.301
-0.39,-0.049,-0.726,4.639,-5.31,20.508,179.467,51.713,-30.273
-0.457,-0.016,-0.752,8.545,-9.705,20.63,179.473,51.993,-31.273
-0.55,-0.013,-0.8,12.329,-5.981,24.963,179.599,52.383,-32.509
-0.476,-0.021,-0.787,13.916,0.0,26.245,179.709,52.427,-33.997
-0.552,-0.01,-0.845,13.0,-1.892,26.001,179.846,52.603,-35.409
-0.448,-0.02,-0.817,14.404,-0.183,31.677,179.868,52.586,-37.073
-0.56,-0.04,-0.891,15.442,-10.132,28.259,179.912,53.004,-38.782
-0.496,-0.051,-0.957,15.015,-1.892,20.874,-179.912,53.196,-40.182
-0.577,-0.125,-0.939,13.794,-8.85,8.057,-179.374,53.696,-40.88
-0.771,-0.02,-1.122,3.784,-11.23,12.695,-179.203,54.08,-41.451
-0.661,0.057,-1.1,2.136,12.878,-1.587,-179.099,54.179,-41.765
-0.356,0.087,-0.885,1.831,17.883,-17.7,-178.533,53.476,-41.061
-0.333,0.13,-0.874,-9.277,4.7,-6.531,-178.401,52.784,-40.358
-0.327,0.139,-0.828,-10.925,7.751,-15.869,-178.797,52.493,-39.946
-0.306,0.137,-0.724,-15.015,-3.845,-19.348,-179.083,52.278,-38.974
-0.42,0.125,-0.704,-11.292,-5.615,-22.827,-179.401,52.542,-38.051
-0.43,0.106,-0.682,-13.0,-4.639,-22.827,-179.517,52.751,-36.942
-0.47,0.12,-0.687,-10.254,-1.587,-19.897,-179.786,53.009,-36.134
-0.496,0.089,-0.727,-10.315,-3.967,-23.438,-179.863,53.229,-35.211
-0.531,0.068,-0.766,-10.742,-2.136,-24.963,-179.868,53.602,-34.146
-0.558,0.107,-0.81,-9.521,-3.113,-22.827,-179.901,53.893,-33.14
-0.537,0.076,-0.834,-9.338,-5.676,-20.264,-179.797,54.272,-32.195
-0.567,0.151,-0.937,-9.827,-1.892,-12.329,179.962,54.586,-31.657
-0.648,0.186,-1.064,-6.531,-11.353,1.099,179.544,54.745,-31.657
-0.79,0.15,-1.229,1.404,-15.198,-3.723,179.182,55.41,-31.992
-0.644,0.017,-1.083,2.38,4.578,-3.357,179.451,55.8,-31.882
-0.261,0.04,-0.805,3.174,0.916,6.592,179.363,55.519,-32.206
-0.438,-0.042,-0.762,12.756,-13.062,-8.85,179.786,55.926,-32.212
-0.343,-0.041,-0.714,6.836,10.071,5.615,-179.61,55.811,-31.965
-0.318,-0.076,-0.721,3.418,7.08,11.963,-179.572,55.184,-32.454
-0.406,-0.055,-0.683,-4.456,3.601,7.874,-179.753,54.805,-32.838
-0.466,-0.042,-0.708,-8.423,2.625,10.437,179.857,54.547,-33.162
-0.558,-0.012,-0.749,-8.301,8.057,10.376,179.269,54.322,-33.684
-0.521,-0.036,-0.742,-10.132,10.071,10.01,178.802,53.822,-34.135
-0.57,0.011,-0.769,-13.428,9.277,11.597,178.05,53.525,-34.755
-0.545,0.064,-0.741,-11.047,8.423,0.671,177.451,53.185,-35.101
-0.555,0.083,-0.722,-9.094,2.075,-7.446,177.22,53.179,-34.926
-0.528,0.007,-0.737,-4.761,-0.122,-20.508,177.385,53.438,-34.25
-0.583,-0.034,-0.839,-11.169,-4.456,-21.973,177.775,53.893,-33.003
-0.616,0.006,-0.918,-10.193,-9.644,-15.869,177.682,54.41,-32.239
-0.654,0.022,-1.027,-15.93,3.296,-18.799,177.748,54.849,-31.256
-0.726,0.091,-1.121,-19.592,-8.301,-21.484,177.479,55.162,-30.284
-0.665,0.142,-1.165,-24.414,6.958,-38.086,177.358,55.322,-28.658
-0.4,0.189,-1.033,-25.452,13.977,-57.007,177.473,55.091,-26.06
-0.148,0.382,-0.942,-40.833,7.69,-75.562,177.775,54.503,-22.286
-0.229,0.312,-0.928,-19.592,-11.292,-113.403,178.533,54.899,-17.111
-0.216,0.096,-0.849,-26.123,-6.592,-122.803,-179.242,55.157,-10.102
-0.34,0.189,-0.782,-31.982,-27.344,-96.313,-177.918,55.684,-3.84
-0.498,0.117,-0.677,-23.743,-22.583,-116.455,-176.375,56.656,2.247
-0.499,-0.032,-0.669,-26.611,-11.475,-140.259,-173.771,56.931,9.822
-0.5,-0.098,-0.649,-38.269,-12.207,-130.127,-171.458,56.882,17.43
-0.536,-0.132,-0.654,-43.396,-19.226,-116.028,-169.86,57.063,24.17
-0.592,-0.154,-0.659,-40.894,-21.729,-97.107,-168.58,57.448,30.037
-0.63,-0.146,-0.673,-37.781,-14.893,-70.312,-167.811,57.849,34.415
-0.584,-0.097,-0.65,-32.288,-7.507,-51.453,-167.563,58.03,37.375
-0.525,-0.052,-0.623,-23.865,-10.742,-38.818,-167.47,58.288,39.446
-0.69,-0.007,-0.785,-13.367,-21.362,-27.039,-167.289,59.03,40.968
-0.776,-0.097,-0.875,2.808,-21.118,-32.837,-166.426,60.035,42.457
-0.774,-0.142,-0.865,7.629,-37.109,-22.888,-165.059,61.293,44.072
-0.798,-0.259,-0.842,13.977,-29.358,-20.569,-163.449,62.941,45.434
-0.754,-0.378,-0.786,9.094,-12.939,-17.456,-161.73,63.891,46.686
-0.488,-0.294,-0.685,-13.55,15.259,2.93,-161.702,63.704,46.599
-0.379,-0.231,-0.702,-14.465,-11.658,-14.954,-162.312,63.375,46.461
-0.641,-0.301,-0.743,-20.752,-21.301,-38.086,-161.592,63.858,48.499
-0.656,-0.296,-0.752,-33.02,1.16,-34.851,-161.235,63.71,50.768
-0.57,-0.222,-0.705,-46.082,3.235,-33.386,-161.933,63.007,52.537
-0.562,-0.175,-0.671,-49.011,-6.653,-35.461,-162.883,62.65,54.487
-0.573,-0.167,-0.649,-50.598,-16.479,-42.908,-163.674,62.754,56.898
-0.641,-0.155,-0.647,-55.603,-26.428,-42.664,-164.377,63.424,59.733
-0.721,-0.152,-0.711,-55.969,-17.761,-42.847,-165.229,64.083,62.485
-0.733,-0.192,-0.741,-52.307,-7.996,-48.95,-165.861,64.265,65.363
-0.655,-0.232,-0.701,-55.603,-3.235,-46.814,-166.366,64.083,68.368
-0.633,-0.197,-0.721,-58.167,0.366,-45.288,-167.294,63.842,71.06
-0.778,-0.137,-0.851,-55.237,-9.399,-61.096,-167.783,63.644,74.46
-0.772,-0.053,-0.859,-56.335,0.061,-66.223,-167.844,63.413,78.69
-0.523,0.036,-0.75,-66.895,9.155,-55.054,-168.426,62.661,82.892
-0.674,0.164,-0.77,-67.566,-20.508,-52.429,-169.997,62.759,86.71
-0.669,0.208,-0.73,-67.078,-3.601,-70.74,-171.271,62.941,91.445
-0.616,0.176,-0.7,-62.134,5.493,-84.9,-171.777,62.512,97.394
-0.594,0.144,-0.706,-57.068,14.038,-96.252,-171.788,61.518,104.041
-0.576,0.094,-0.702,-54.199,11.353,-98.633,-171.48,60.309,111.072
-0.629,0.078,-0.73,-47.668,5.31,-94.788,-171.14,59.453,117.905
-0.679,-0.013,-0.732,-43.396,7.507,-85.449,-170.728,58.733,124.321
-0.607,0.049,-0.731,-41.382,17.639,-74.768,-170.777,57.623,130.018
-0.528,0.002,-0.732,-33.447,15.015,-55.237,-170.898,56.602,134.753
-0.474,0.069,-0.725,-24.658,5.798,-36.316,-171.431,55.937,138.241
-0.529,0.049,-0.779,-10.803,-9.521,-14.832,-171.738,56.047,140.707
-0.646,0.022,-0.877,10.376,-34.79,1.221,-171.843,57.244,141.971
-0.689,-0.042,-0.86,22.705,-67.444,13.184,-171.205,59.886,142.8
-1.137,-0.125,-0.958,27.954,-86.487,2.625,-170.024,64.33,143.844
-1.135,-0.164,-0.857,23.621,-52.185,-5.676,-168.322,67.67,145.761
-1.063,-0.218,-0.862,10.925,5.92,0.427,-167.146,69.186,147.513
-0.538,-0.252,-0.726,5.005,57.617,6.836,-167.514,67.324,147.75
-0.235,-0.297,-0.751,-5.188,47.729,10.864,-168.091,64.836,147.722
-0.331,-0.248,-0.777,-16.357,25.33,23.743,-169.283,63.149,147.052
-0.375,-0.154,-0.711,-22.156,39.673,34.302,-171.304,61.655,145.426
-0.325,-0.096,-0.676,-21.973,27.954,31.128,-173.364,59.722,143.696
-0.481,-0.065,-0.725,-18.188,24.292,25.879,-175.1,58.497,142.372
-0.449,-0.054,-0.741,-15.442,21.545,26.306,-176.556,57.233,141.383
-0.495,-0.058,-0.775,-15.137,9.216,16.113,-177.77,56.585,140.812
-0.499,-0.018,-0.815,-17.151,5.859,13.611,-178.764,56.217,140.757
-0.479,-0.02,-0.829,-12.329,4.7,13.123,-179.736,56.047,140.63
-0.441,0.027,-0.928,-10.681,4.395,15.625,179.396,55.668,140.422
-0.578,0.0,-1.004,-5.371,-14.709,7.568,178.824,55.926,140.24
-0.75,0.052,-1.124,-10.254,-15.747,0.183,178.489,56.7,140.641
-0.793,0.129,-1.137,-3.662,-2.808,-17.7,178.495,57.244,141.801
-0.384,0.174,-0.839,-6.592,19.409,-33.142,179.236,56.755,144.19
-0.394,0.262,-0.828,-10.498,0.671,-25.513,179.632,56.135,146.519
-0.42,0.226,-0.776,-5.371,7.202,-37.598,179.929,55.97,148.672
-0.436,0.224,-0.718,-7.385,11.108,-47.18,-179.396,55.481,151.595
-0.375,0.164,-0.662,-2.136,13.916,-58.472,-178.418,54.723,155.045
-0.42,0.119,-0.689,-1.953,12.146,-62.683,-177.122,54.119,158.956
-0.381,0.039,-0.665,-2.258,5.127,-64.819,-175.814,53.481,162.96
-0.471,-0.041,-0.676,-7.019,-5.554,-65.002,-174.562,53.416,167.091
-0.619,-0.071,-0.806,-14.404,1.038,-58.472,-173.633,53.525,171.161
-0.477,-0.087,-0.818,-19.287,10.742,-50.72,-173.139,53.042,174.869
-0.398,-0.02,-0.872,-19.287,-11.902,-40.344,-173.117,52.949,177.863
-0.507,-0.069,-0.875,-18.921,-24.78,-38.94,-172.831,53.948,-179.225
-0.618,-0.074,-1.011,-15.503,-18.738,-29.541,-172.749,54.86,-176.743
-0.75,-0.102,-1.061,-19.714,-22.095,-19.348,-172.93,55.844,-174.787
-0.854,-0.087,-1.178,-22.034,1.16,-1.16,-173.721,56.354,-173.644
-0.482,-0.082,-0.973,-17.151,24.536,21.851,-175.128,55.585,-173.875
-0.208,-0.064,-0.844,-11.78,15.503,39.368,-176.715,54.465,-175.309
-0.333,-0.054,-0.795,0.732,8.484,46.631,-177.979,54.097,-177.341
-0.313,-0.063,-0.748,6.348,9.399,54.138,-179.05,53.383,-179.901
-0.292,-0.076,-0.738,6.714,6.714,55.725,-179.989,52.701,177.319
-0.368,-0.043,-0.771,6.592,-3.906,57.556,179.105,52.383,174.496
-0.41,-0.043,-0.789,6.653,-7.629,54.565,178.187,52.399,171.623
-0.459,0.004,-0.789,5.005,-17.578,47.424,177.33,52.751,169.151
-0.513,0.027,-0.758,3.357,-26.611,46.204,176.468,53.586,166.91
-0.551,0.057,-0.801,5.676,-23.376,46.997,175.496,54.695,164.724
-0.614,0.078,-0.795,12.878,-23.987,45.105,174.655,55.624,162.488
-0.573,0.083,-0.806,19.409,-16.174,41.138,174.243,56.349,160.527
-0.66,0.068,-0.936,27.588,-14.954,33.691,174.337,56.959,158.802
-0.548,0.009,-0.924,30.396,-2.197,28.015,175.007,57.195,157.571
-0.688,0.04,-1.046,25.757,-19.043,25.208,175.578,57.629,156.313
-0.796,0.084,-1.134,24.231,-0.671,3.235,176.501,58.14,155.885
-0.461,0.081,-0.927,23.254,12.634,-18.86,178.215,57.678,156.989
-0.242,0.227,-0.803,11.292,-11.047,-6.897,179.374,57.546,157.939
-0.568,0.14,-0.749,9.155,-31.921,2.075,179.703,58.854,157.753
-0.509,0.137,-0.692,-7.019,5.005,-21.301,179.83,59.123,158.489
-0.432,0.108,-0.679,-11.047,14.648,-33.264,-179.857,58.629,160.362
-0.377,0.152,-0.665,-15.503,6.897,-36.743,-179.588,58.019,162.625
-0.515,0.143,-0.672,-10.437,-1.221,-38.452,-179.214,57.964,164.993
-0.625,0.093,-0.715,-5.859,3.845,-38.208,-178.643,58.002,167.415
-0.646,0.048,-0.758,-9.766,2.136,-41.504,-177.957,57.909,170.052
-0.604,0.058,-0.786,-17.212,6.042,-37.354,-177.506,57.838,172.809
-0.548,0.081,-0.763,-21.606,-6.775,-36.682,-177.479,57.914,175.287
-0.614,0.077,-0.785,-17.151,-6.409,-43.518,-177.292,58.469,177.968
-0.615,0.096,-0.815,-15.32,-6.287,-38.696,-176.852,58.755,-179.236
-0.75,0.043,-1.014,-4.7,2.319,-34.058,-176.292,58.881,-176.924
-0.814,-0.02,-1.101,-1.282,3.296,-31.25,-175.474,58.788,-174.765
-0.836,-0.142,-1.132,0.671,25.513,-21.912,-174.666,58.134,-172.941
-0.271,-0.226,-0.877,-2.136,48.34,-4.211,-174.413,56.03,-172.084
-0.087,-0.214,-0.863,-1.648,2.441,7.141,-174.584,54.761,-172.277
-0.357,-0.197,-0.809,5.371,-17.273,12.024,-174.512,55.184,-172.87
-0.399,-0.225,-0.688,0.549,2.258,32.104,-174.595,55.492,-174.012
-0.386,-0.167,-0.65,-6.409,3.601,41.321,-175.529,55.184,-176.001
-0.472,-0.111,-0.691,-9.338,7.202,45.349,-176.836,54.948,-178.198
-0.458,-0.033,-0.701,-7.263,9.705,53.162,-178.418,54.454,179.33
-0.498,-0.012,-0.783,-2.563,8.606,50.842,-179.83,54.053,176.786
-0.552,0.019,-0.811,2.93,3.235,44.25,179.055,53.69,174.463
-0.416,0.005,-0.808,6.775,8.057,41.504,178.27,53.355,172.419
-0.558,-0.019,-0.888,6.836,-13.184,35.156,177.742,53.47,170.519
-0.465,-0.051,-0.937,10.864,-1.526,27.832,177.446,53.756,168.937
-0.577,0.028,-0.974,2.441,-26.855,24.17,177.116,54.432,167.498
-0.777,0.097,-1.134,1.648,-6.775,9.033,176.913,55.162,166.668
-0.637,0.172,-1.049,2.38,13.184,-13.489,177.177,54.943,167.036
-0.337,0.179,-0.888,-3.906,35.339,-25.269,177.929,53.767,168.58
-0.198,0.313,-0.823,-13.55,8.057,-8.24,177.72,52.526,169.409
-0.39,0.27,-0.823,-2.075,3.723,-24.414,177.528,52.416,169.991
-0.388,0.231,-0.73,-5.127,14.893,-39.978,177.984,51.833,171.799
-0.424,0.173,-0.732,-1.892,21.606,-46.326,178.654,51.081,174.155
-0.319,0.127,-0.69,0.488,16.479,-44.495,179.407,50.076,176.622
-0.388,0.036,-0.746,0.854,7.08,-41.931,-179.786,49.691,178.929
-0.41,0.012,-0.712,-2.808,-10.559,-38.33,-179.138,49.785,-178.951
-0.569,0.002,-0.768,-8.057,-14.404,-36.56,-178.605,50.68,-176.836
-0.515,0.022,-0.81,-9.644,-3.418,-34.912,-178.242,51.257,-174.677
-0.412,0.067,-0.853,-11.292,-15.503,-32.166,-178.017,51.768,-172.65
-0.531,0.062,-0.917,-13.55,-18.494,-23.01,-177.951,52.866,-171.008
-0.543,0.08,-1.019,-15.93,-18.738,-13.794,-178.33,53.635,-169.991
-0.698,0.064,-1.159,-19.714,-27.344,-9.888,-178.962,54.888,-169.343
-0.821,0.041,-1.199,-11.23,-10.681,-20.508,-179.368,55.838,-168.503
-0.54,-0.007,-0.952,-6.47,0.488,-4.028,-179.308,56.069,-167.552
-0.378,-0.061,-0.844,5.859,9.583,16.785,-179.654,55.64,-168.168
-0.331,-0.172,-0.774,9.949,16.663,16.296,-179.423,54.965,-168.865
-0.241,-0.148,-0.711,1.648,15.442,41.443,-179.863,53.904,-170.59
-0.199,-0.106,-0.689,-1.16,2.625,46.387,179.176,53.157,-173.177
-0.359,-0.042,-0.722,-3.296,-17.639,53.528,178.033,53.355,-176.072
-0.414,0.056,-0.708,2.625,-23.682,62.988,176.539,53.888,-179.632
-0.651,0.063,-0.747,8.423,-26.306,60.669,175.342,54.954,176.896
-0.666,0.059,-0.754,15.442,0.244,62.927,174.205,55.327,173.546
-0.551,0.057,-0.775,10.864,11.78,61.584,173.282,54.651,170.563
-0.517,0.1,-0.813,11.719,10.803,57.007,172.337,53.767,167.723
-0.441,0.111,-0.918,7.751,8.85,48.218,171.595,52.921,165.185
-0.617,0.165,-1.147,6.165,-6.714,31.067,171.09,52.504,163.196
-0.563,0.202,-1.204,6.104,6.165,18.799,170.892,52.333,161.9
-0.623,0.229,-1.179,7.08,-2.38,5.554,171.024,52.311,161.274
-0.356,0.228,-0.954,2.075,13.123,-10.742,171.442,52.026,161.526
-0.219,0.361,-0.843,-12.207,-0.427,-1.404,171.288,51.504,161.845
-0.37,0.414,-0.786,-0.244,-2.197,-14.648,170.887,51.779,161.878
-0.33,0.328,-0.719,3.357,11.902,-32.776,171.535,51.476,163.317
-0.305,0.276,-0.69,5.066,14.16,-38.452,172.354,51.015,165.218
-0.326,0.25,-0.689,4.578,9.766,-42.053,173.254,50.707,167.355
-0.353,0.215,-0.692,5.737,0.488,-45.044,174.265,50.702,169.634
-0.52,0.156,-0.76,9.216,-6.165,-50.293,175.452,51.262,172.079
-0.479,0.069,-0.73,1.831,4.944,-48.95,176.765,51.548,174.858
-0.578,0.051,-0.847,-7.263,-2.93,-45.959,177.594,51.888,177.523
-0.43,0.08,-0.816,-10.071,10.254,-42.358,178.187,51.965,-179.819
-0.519,0.098,-0.931,-8.545,-12.024,-28.198,178.583,52.169,-177.698
-0.624,0.129,-1.103,-11.597,1.099,-7.874,178.522,52.603,-176.605
-0.578,0.137,-1.144,-1.648,-3.296,-4.761,178.132,52.723,-176.391
-0.779,-0.009,-1.195,3.113,-0.183,-6.592,178.341,53.058,-175.913
-0.258,-0.04,-0.833,-2.075,23.376,8.118,178.319,52.306,-175.798
-0.242,-0.061,-0.801,2.625,-4.883,7.629,178.193,51.669,-176.276
-0.341,-0.062,-0.814,-0.916,9.094,12.024,178.204,51.515,-176.781
-0.233,-0.064,-0.779,-1.404,7.751,15.442,177.946,50.795,-177.709
-0.315,-0.079,-0.812,-8.24,-1.282,10.254,177.649,50.477,-178.473
-0.346,-0.057,-0.754,-11.108,-7.08,11.292,177.116,50.499,-179.171
-0.432,-0.007,-0.763,-14.16,-18.066,15.198,176.391,51.021,-179.962
-0.555,0.075,-0.78,-7.324,-10.193,19.836,175.6,51.658,179.105
-0.48,0.073,-0.747,-0.488,-3.235,25.33,175.034,51.801,178.077
-0.517,0.063,-0.844,4.272,-4.578,30.518,174.567,51.949,176.814
-0.524,0.065,-0.863,8.423,-8.301,31.616,174.172,52.152,175.342
-0.504,0.052,-0.919,10.986,2.563,30.64,173.963,52.24,173.875
-0.564,0.049,-1.051,15.625,-3.723,17.09,174.111,52.075,172.782
-0.571,0.111,-1.216,3.967,-11.353,16.663,174.391,52.092,172.09
-0.642,0.232,-1.204,4.456,8.667,7.202,174.287,52.471,171.387
-0.239,0.334,-0.87,-0.671,21.179,0.793,174.441,51.383,171.453
-0.438,0.457,-0.799,12.451,4.517,-4.944,174.523,50.85,171.436
-0.448,0.284,-0.67,22.949,48.706,-40.894,175.814,49.746,172.678
-0.173,0.237,-0.634,17.09,50.232,-54.077,177.583,47.329,175.677
-0.14,0.175,-0.709,18.188,25.818,-62.5,179.198,45.818,178.709
-0.231,0.05,-0.713,12.939,8.972,-76.66,-179.028,45.159,-177.665
-0.258,-0.091,-0.789,-1.343,-3.601,-74.463,-177.638,45.077,-173.853
-0.436,-0.088,-0.875,-18.738,-14.404,-69.946,-177.078,45.621,-170.228
-0.406,-0.074,-0.889,-31.433,-4.395,-60.547,-177.083,46.022,-166.729
-0.407,0.001,-0.929,-31.494,-13.855,-46.57,-177.638,46.544,-163.922
-0.427,0.073,-0.916,-26.123,-19.348,-41.382,-178.132,47.45,-161.532
-0.467,0.112,-1.039,-17.151,-15.991,-20.325,-178.517,48.395,-159.89
-0.679,0.121,-1.156,-5.676,-20.264,-1.587,-179.05,49.241,-159.527
-0.744,-0.004,-1.255,-0.305,6.592,3.906,-179.22,49.746,-159.5
-0.217,-0.029,-0.888,-2.441,32.288,21.729,-179.599,48.73,-159.999
-0.069,-0.067,-0.842,6.165,3.296,24.414,179.984,47.516,-161.34
-0.279,-0.089,-0.81,-0.732,3.052,20.752,179.885,47.444,-162.504
-0.201,0.004,-0.81,-4.822,10.681,37.048,179.253,46.708,-164.174
-0.187,0.016,-0.809,-1.099,6.714,23.987,178.621,45.972,-165.992
-0.255,-0.008,-0.785,0.61,-9.766,15.991,178.407,45.824,-167.173
-0.384,-0.013,-0.758,-1.587,-16.541,16.724,178.165,46.307,-168.25
-0.5,-0.026,-0.765,-0.61,-11.292,13.489,177.962,46.961,-168.959
-0.484,0.008,-0.796,-2.869,-0.854,22.827,177.61,47.219,-169.634
-0.411,0.072,-0.856,-2.686,2.319,27.1,177.05,47.181,-170.662
-0.393,0.13,-0.903,1.709,-7.08,30.029,176.6,47.357,-171.865
-0.414,0.145,-1.011,15.137,-9.155,31.555,176.375,47.714,-173.518
-0.552,0.047,-1.198,29.846,-16.296,13.306,177.045,48.148,-174.754
-0.467,-0.031,-1.232,17.334,1.587,3.113,178.193,48.4,-174.963
-0.638,0.077,-1.289,14.282,-10.193,-13.977,179.083,48.856,-174.639
-0.21,0.113,-0.882,6.775,19.775,-25.94,-179.791,48.34,-173.293
-0.323,0.18,-0.838,-0.977,-12.024,-20.813,-179.286,48.104,-172.233
-0.376,0.158,-0.78,-2.869,7.874,-40.466,-178.907,48.252,-170.854
-0.339,0.103,-0.712,-4.15,10.01,-53.345,-178.231,47.796,-168.393
-0.3,0.039,-0.661,-7.263,8.972,-61.218,-177.539,47.302,-165.443
-0.329,-0.008,-0.678,-12.39,6.226,-61.89,-176.885,46.967,-162.18
-0.342,0.044,-0.696,-13.55,0.305,-60.059,-176.49,46.78,-158.983
-0.47,-0.044,-0.772,-8.423,-1.709,-62.134,-175.869,46.912,-155.682
-0.428,-0.092,-0.801,-14.648,-1.282,-56.152,-175.276,46.95,-152.358
-0.517,-0.082,-0.842,-17.7,-5.737,-45.898,-175.056,47.324,-149.447
-0.407,-0.042,-0.793,-18.25,-12.756,-34.302,-175.122,47.758,-147.112
-0.567,0.029,-0.897,-17.578,-23.193,-25.146,-175.353,48.95,-145.311
-0.543,0.123,-0.955,-13.733,-14.832,-14.954,-175.765,49.818,-144.185
-0.823,0.186,-1.078,-0.183,-22.522,-9.705,-175.979,51.103,-143.509
-0.933,0.146,-1.277,8.118,-0.061,-6.348,-175.649,51.674,-143.026
-0.476,0.07,-1.104,18.982,50.476,-7.446,-174.924,50.477,-142.652
0.182,0.008,-0.939,27.649,36.072,-3.479,-174.04,48.016,-142.751
0.08,-0.29,-0.907,15.259,-9.888,-24.475,-172.535,47.615,-142.328
-0.105,-0.25,-0.804,-10.193,-23.621,-31.433,-171.953,47.922,-141.323
-0.277,-0.173,-0.826,-24.902,-19.104,-25.879,-172.046,48.433,-140.07
-0.205,-0.023,-0.837,-23.743,-6.775,-20.508,-172.766,48.538,-139.153
-0.204,-0.077,-0.759,-18.86,-29.114,-35.95,-173.046,48.884,-137.889
-0.393,-0.11,-0.759,-26.062,-32.166,-40.894,-173.134,50.065,-135.901
-0.543,-0.119,-0.782,-36.255,-21.423,-46.631,-173.513,51.108,-133.478
-0.546,-0.097,-0.792,-44.922,-2.136,-59.265,-174.084,51.416,-130.369
-0.5,-0.092,-0.826,-46.448,3.601,-70.557,-174.589,51.262,-126.519
-0.458,-0.107,-0.791,-46.814,-11.719,-70.312,-175.023,51.345,-122.415
-0.527,-0.098,-0.805,-44.434,-10.742,-67.017,-175.397,52.048,-118.389
-0.452,-0.068,-0.807,-38.513,-19.836,-66.711,-175.583,52.619,-114.516
-0.681,-0.077,-0.882,-36.194,-26.489,-62.073,-175.463,53.97,-110.704
-0.77,-0.079,-0.895,-34.241,-13.062,-72.876,-175.259,54.904,-106.88
-0.573,0.043,-0.849,-48.767,8.911,-74.89,-175.051,54.767,-102.409
-0.301,0.265,-0.748,-56.335,-5.859,-50.476,-176.056,54.575,-99.174
-0.675,0.206,-0.765,-34.424,-38.269,-74.097,-176.539,56.245,-96.141
-0.682,0.226,-0.775,-38.574,8.728,-92.285,-176.259,56.959,-91.978
-0.535,0.117,-0.779,-41.382,26.367,-111.511,-175.276,56.124,-86.611
-0.355,0.092,-0.822,-47.424,11.353,-114.014,-174.496,54.882,-80.859
-0.496,0.022,-0.798,-52.49,-14.038,-110.535,-174.001,54.926,-75.152
-0.542,0.088,-0.737,-57.678,-21.79,-93.018,-174.012,55.525,-69.89
-0.666,0.18,-0.74,-45.105,-20.996,-66.162,-174.375,56.635,-65.907
-0.565,0.342,-0.785,-23.132,-3.54,-33.63,-174.919,57.206,-63.869
-0.524,0.267,-0.804,0.122,-13.916,-25.024,-174.963,57.794,-63.248
-0.598,0.18,-0.861,3.967,-20.874,-18.372,-174.611,58.749,-62.99
-0.774,0.043,-0.895,20.264,-39.49,-24.658,-173.699,60.458,-62.693
-0.727,-0.116,-0.848,26.55,-15.442,-36.804,-171.617,61.826,-61.403
-0.431,-0.32,-0.783,16.724,2.808,-44.983,-169.167,61.518,-59.409
-0.589,-0.381,-0.842,-2.991,-1.953,-59.021,-166.926,61.309,-56.332
-0.463,-0.372,-0.816,-20.813,18.616,-47.974,-165.679,59.936,-53.355
-0.451,-0.313,-0.79,-45.532,2.93,-34.729,-165.899,58.969,-51.086
-0.548,-0.129,-0.785,-51.392,1.221,-29.48,-167.212,58.574,-49.285
-0.499,-0.115,-0.75,-40.039,0.183,-35.034,-168.223,58.041,-47.554
-0.519,-0.121,-0.771,-36.255,0.549,-34.119,-168.854,57.783,-45.72
-0.468,-0.142,-0.75,-34.79,-4.089,-31.128,-169.453,57.563,-44.077
-0.499,-0.141,-0.788,-31.86,-7.751,-30.64,-170.008,57.678,-42.473
-0.495,-0.124,-0.865,-30.334,-4.028,-24.17,-170.568,57.7,-41.094
-0.579,-0.181,-0.957,-26.184,-10.193,-23.926,-170.997,57.87,-39.886
-0.611,-0.182,-0.948,-28.809,-23.254,-25.085,-171.436,58.392,-38.633
-0.964,-0.111,-1.172,-31.738,-20.874,-29.785,-171.744,59.447,-37.018
-0.609,0.017,-1.063,-27.71,16.113,-28.625,-172.128,59.271,-35.59
-0.266,0.115,-0.822,-29.663,-8.667,-24.841,-172.678,58.87,-34.453
-0.665,0.165,-0.804,-31.189,-30.396,-20.203,-173.578,60.106,-33.58
-0.473,0.162,-0.721,-34.668,9.399,-32.227,-174.545,60.128,-32.679
-0.39,0.188,-0.694,-34.424,9.766,-33.081,-175.441,59.54,-31.432
-0.396,0.152,-0.684,-26.611,7.568,-30.518,-176.237,59.03,-30.421
-0.387,0.173,-0.696,-22.339,6.287,-25.696,-176.935,58.596,-29.669
-0.436,0.11,-0.698,-14.648,-5.249,-27.161,-177.308,58.563,-28.993
-0.603,0.059,-0.743,-15.747,-9.705,-29.968,-177.424,58.997,-28.081
-0.487,-0.014,-0.729,-21.667,-11.536,-28.503,-177.484,59.398,-26.966
-0.66,0.047,-0.786,-23.987,-17.456,-22.156,-177.918,60.276,-26.021
-0.647,0.074,-0.75,-21.057,-6.592,-15.686,-178.423,60.903,-25.45
-0.667,0.167,-0.813,-15.869,3.174,-11.902,-179.055,61.078,-25.318
-0.682,0.179,-1.001,-9.216,13.123,-7.874,-179.401,60.705,-25.334
-0.642,0.161,-1.108,1.16,1.282,-6.714,-179.615,60.392,-25.648
-0.807,0.067,-1.181,9.216,-1.953,3.174,-179.401,60.441,-26.06
-0.544,-0.003,-0.928,10.803,11.719,18.738,-179.412,60.145,-27.224
-0.363,-0.031,-0.735,16.235,10.071,23.926,-179.61,59.431,-28.949
-0.442,-0.087,-0.724,24.109,12.939,15.991,-179.138,58.837,-30.251
-0.371,-0.092,-0.728,18.372,24.353,33.936,-178.857,57.645,-31.882
-0.299,-0.069,-0.714,16.296,15.991,35.95,-179.033,56.464,-34.063
-0.392,-0.066,-0.727,12.085,-8.606,26.611,-179.105,56.228,-35.755
-0.551,-0.038,-0.721,9.155,-10.925,19.043,-179.116,56.678,-36.974
-0.611,-0.046,-0.748,9.644,-3.235,14.771,-179.0,56.959,-37.991
-0.558,-0.065,-0.752,5.859,0.793,12.207,-178.874,57.008,-38.842
-0.565,-0.049,-0.769,1.709,-2.869,14.526,-178.967,57.156,-39.71
-0.535,-0.062,-0.793,3.784,0.0,9.766,-179.055,57.283,-40.529
-0.549,-0.079,-0.849,2.38,-0.549,8.545,-179.017,57.354,-41.094
-0.624,-0.083,-1.0,3.967,-0.916,1.709,-178.885,57.376,-41.451
-0.532,-0.057,-1.008,-5.676,-8.545,4.761,-178.759,57.31,-41.534
-0.754,0.01,-1.041,-8.911,-10.498,-14.648,-178.934,58.079,-41.358
-0.583,0.071,-0.987,-14.832,6.348,-38.94,-178.484,58.096,-39.76
-0.336,0.064,-0.817,-28.381,6.409,-41.931,-178.044,57.645,-37.332
-0.488,0.187,-0.8,-39.734,-2.502,-42.542,-178.594,57.651,-35.129
-0.407,0.216,-0.744,-37.72,9.216,-51.697,-179.11,57.31,-32.574
-0.411,0.217,-0.736,-29.785,6.165,-46.082,-179.511,56.97,-30.196
-0.441,0.149,-0.717,-25.94,3.357,-43.152,-179.731,56.755,-28.174
-0.521,0.146,-0.741,-27.039,9.827,-46.814,-179.967,56.525,-26.153
-0.452,0.114,-0.705,-24.231,10.803,-55.115,-179.863,56.019,-23.714
-0.563,0.087,-0.756,-24.902,2.502,-52.429,-179.67,56.03,-21.165
-0.561,0.048,-0.721,-22.827,-3.723,-47.852,-179.44,56.173,-18.853
-0.666,0.046,-0.745,-21.912,2.38,-40.405,-179.319,56.574,-16.941
-0.594,0.049,-0.72,-17.639,-1.343,-30.701,-179.291,56.497,-15.502
-0.544,0.017,-0.687,-15.991,4.456,-24.048,-179.28,56.728,-14.491
-0.664,0.026,-0.788,-18.494,-9.521,-19.714,-179.434,57.03,-13.799
-0.581,0.121,-0.856,-21.484,16.235,-7.446,179.978,57.112,-13.519
-0.643,0.206,-1.019,-14.587,2.38,-0.916,179.055,56.761,-13.92
-0.495,0.145,-0.934,-8.057,-0.793,-2.502,178.539,56.673,-14.277
-0.698,0.091,-1.008,-0.793,-10.132,-2.258,178.231,57.096,-14.623
-0.631,0.106,-1.009,-2.258,6.958,15.686,177.935,57.134,-15.342
-0.412,0.062,-0.954,7.324,15.198,24.353,177.402,56.508,-16.913
-0.287,-0.0,-0.885,12.024,4.456,24.597,177.16,55.783,-18.49
-0.262,-0.011,-0.83,12.024,3.662,26.917,177.05,55.294,-19.94
-0.302,-0.035,-0.807,13.184,-2.686,23.621,177.116,54.943,-21.187
-0.374,-0.053,-0.817,10.559,0.366,22.156,177.231,54.668,-22.275
-0.331,-0.004,-0.821,9.827,2.869,18.127,177.286,54.207,-23.242
-0.387,-0.01,-0.793,11.414,-10.803,14.893,177.605,54.207,-23.901
-0.482,-0.015,-0.782,10.925,-13.184,21.973,177.764,54.63,-24.917
-0.525,-0.006,-0.765,9.155,-9.338,24.902,177.715,54.987,-26.285
-0.538,0.036,-0.808,9.827,-7.202,30.823,177.49,55.228,-27.966
-0.533,0.051,-0.849,14.526,-1.77,29.785,177.27,55.322,-29.877
-0.52,-0.015,-0.854,19.043,-7.202,22.888,177.446,55.448,-31.52
-0.593,-0.013,-0.993,17.456,-2.625,20.508,177.764,55.613,-32.893
-0.604,-0.033,-1.059,16.174,-2.136,7.874,178.341,55.646,-33.723
-0.65,0.043,-1.068,8.667,-3.174,2.075,178.885,55.854,-34.014
-0.497,0.062,-0.943,4.211,10.986,-4.456,179.412,55.618,-33.904
-0.338,0.183,-0.868,-5.493,4.028,5.554,179.374,55.025,-33.964
-0.419,0.193,-0.837,-2.441,4.456,3.845,178.885,54.937,-34.519
-0.368,0.157,-0.751,2.197,0.854,-8.484,178.896,54.58,-34.464
-0.434,0.098,-0.732,0.61,-2.014,-3.479,178.94,54.613,-34.459
-0.427,0.094,-0.708,-0.427,5.798,-8.057,178.94,54.454,-34.448
-0.417,0.062,-0.702,-2.625,-0.732,-7.996,178.967,54.338,-34.327
-0.472,0.044,-0.722,-5.371,-1.77,-9.155,178.89,54.459,-34.162
-0.521,0.038,-0.725,-9.277,-7.751,-7.568,178.715,54.772,-33.986
-0.618,0.065,-0.772,-10.986,-1.587,-6.042,178.336,55.184,-33.964
-0.538,0.113,-0.767,-8.789,0.488,-4.272,177.99,55.245,-34.041
-0.574,0.123,-0.79,-3.967,-8.24,-6.897,177.825,55.651,-34.162
-0.565,0.166,-0.819,-5.493,2.197,-0.244,177.66,55.986,-34.36
-0.627,0.208,-0.995,2.991,-3.906,1.953,177.374,55.948,-34.969
-0.576,0.188,-0.972,4.395,-1.892,3.723,177.424,56.25,-35.574
-0.742,0.118,-1.092,12.39,-11.292,-1.465,177.638,56.629,-36.227
-0.762,0.026,-1.068,6.165,2.014,-3.296,178.187,56.97,-36.387
-0.458,0.053,-0.881,2.625,18.188,11.475,178.132,56.459,-36.98
-0.263,-0.033,-0.763,10.071,-0.977,2.686,178.27,55.761,-37.557
-0.438,-0.007,-0.799,2.075,11.902,11.108,178.489,55.728,-37.864
-0.264,0.011,-0.735,5.066,9.888,14.404,178.33,54.684,-38.655
-0.367,-0.029,-0.743,5.188,7.751,5.371,178.5,54.294,-38.969
-0.36,-0.042,-0.714,4.211,-6.531,5.249,178.682,54.047,-39.155
-0.538,-0.038,-0.742,2.563,-9.338,3.479,178.89,54.476,-39.276
-0.553,-0.023,-0.738,1.831,1.038,5.127,179.022,54.635,-39.534
-0.57,-0.009,-0.763,-1.343,1.526,6.348,179.05,54.651,-39.897
-0.499,0.032,-0.789,-0.916,9.827,10.01,178.885,54.388,-40.468
-0.458,0.033,-0.833,0.732,-2.747,8.85,178.742,54.289,-41.111
-0.515,0.003,-0.926,2.197,0.305,9.521,178.654,54.41,-41.759
-0.61,0.003,-1.062,5.432,-2.808,4.944,178.682,54.349,-42.27
-0.534,-0.005,-1.126,2.014,2.319,3.479,178.94,54.272,-42.468
-0.745,0.003,-1.201,1.038,-5.798,-8.057,179.214,54.591,-42.369
-0.516,0.06,-0.993,-6.042,7.996,-18.25,179.61,54.393,-41.589
-0.319,0.161,-0.913,-16.296,10.498,-7.996,179.484,53.833,-40.858
-0.353,0.189,-0.808,-17.334,-5.066,-11.536,178.797,53.751,-40.594
-0.398,0.181,-0.727,-14.893,-2.319,-27.222,178.396,53.828,-39.781
-0.441,0.162,-0.676,-14.648,4.761,-25.146,178.209,53.849,-38.727
-0.364,0.129,-0.643,-11.841,10.315,-24.597,178.088,53.41,-37.842
-0.43,0.125,-0.666,-6.592,3.113,-19.958,178.055,53.289,-37.178
-0.459,0.077,-0.666,-3.418,-2.869,-17.761,178.16,53.399,-36.738
-0.57,0.077,-0.742,-5.798,-7.69,-11.902,178.165,53.937,-36.541
-0.548,0.092,-0.772,-6.653,4.028,-10.803,178.094,54.152,-36.48
-0.484,0.115,-0.814,-5.493,-4.517,-11.414,178.028,54.305,-36.387
-0.547,0.124,-0.807,-4.883,-11.047,-10.681,178.017,55.014,-36.299
-0.636,0.144,-0.919,-3.296,-12.268,-2.441,177.979,55.651,-36.42
-0.646,0.198,-1.034,0.122,-2.258,7.202,177.561,56.052,-37.211
-0.833,0.143,-1.169,14.282,-16.357,0.977,177.545,56.448,-38.057
-0.611,0.008,-1.025,10.559,17.09,12.146,178.039,56.53,-38.716
-0.21,0.018,-0.833,10.864,18.86,28.625,177.88,55.399,-40.155
-0.309,-0.067,-0.805,15.381,-0.977,19.165,177.979,54.882,-41.473
-0.343,-0.035,-0.771,10.193,7.751,30.334,178.011,54.432,-42.632
-0.313,-0.031,-0.736,9.155,10.742,28.076,177.863,53.685,-44.011
-0.376,0.004,-0.758,10.132,-3.54,22.583,177.803,53.267,-45.143
-0.435,0.011,-0.722,14.16,-6.104,19.775,178.0,53.311,-46.093
-0.582,-0.023,-0.765,16.296,-7.263,19.287,178.407,53.646,-47.082
-0.485,-0.018,-0.735,16.357,3.54,23.193,178.731,53.536,-48.296
-0.561,-0.018,-0.821,14.526,-1.038,26.489,178.956,53.613,-49.675
-0.496,-0.037,-0.83,16.724,0.854,23.132,179.16,53.558,-51.119
-0.556,-0.091,-0.906,12.451,-2.197,14.221,179.583,53.723,-51.998
-0.629,-0.036,-1.107,8.179,6.287,5.432,179.918,53.47,-52.443
-0.533,-0.056,-1.179,-2.686,3.113,-7.935,-179.5,53.267,-51.927
-0.583,0.017,-1.097,-4.7,6.042,-30.579,-179.011,53.427,-50.641
-0.351,0.08,-0.905,-14.038,16.174,-33.264,-178.445,52.817,-48.653
-0.294,0.203,-0.876,-19.714,-2.808,-19.348,-178.665,52.262,-47.175
-0.445,0.163,-0.822,-11.841,-1.526,-21.484,-179.05,52.52,-46.285
-0.448,0.133,-0.778,-16.479,7.324,-27.161,-179.319,52.234,-45.253
-0.345,0.104,-0.705,-22.217,16.052,-30.701,-179.67,51.669,-44.0
-0.358,0.142,-0.673,-22.4,4.761,-29.419,179.786,51.213,-42.72
-0.349,0.145,-0.689,-18.188,4.578,-32.898,179.308,51.026,-41.539
-0.462,0.087,-0.723,-15.503,-4.15,-37.964,179.16,51.257,-40.095
-0.504,0.061,-0.785,-19.47,7.751,-32.898,179.066,51.339,-38.584
-0.507,0.082,-0.837,-15.991,4.028,-24.414,178.808,51.229,-37.469
-0.407,0.151,-0.852,-14.465,4.089,-10.803,178.363,51.158,-36.958
-0.515,0.137,-0.986,-4.395,-14.526,-6.653,178.05,51.647,-36.942
-0.497,0.208,-1.101,-6.653,10.01,13.306,177.512,51.735,-37.584
-0.563,0.173,-1.143,10.193,-14.648,4.211,177.198,51.91,-38.611
-0.779,0.055,-1.22,5.127,-3.052,7.385,177.385,52.449,-39.117
-0.258,0.035,-0.839,4.15,17.517,17.639,177.155,51.762,-40.084
-0.354,-0.021,-0.804,12.329,-14.709,10.864,177.248,51.707,-40.842
-0.344,-0.012,-0.767,7.08,14.282,26.855,177.396,51.581,-41.622
-0.189,0.008,-0.721,12.268,3.357,25.635,177.275,50.795,-42.924
-0.356,-0.031,-0.719,10.681,-13.367,15.137,177.528,50.922,-43.654
-0.44,-0.036,-0.733,6.836,-6.287,13.55,177.753,51.295,-44.154
-0.519,-0.021,-0.784,5.188,-3.845,12.085,177.88,51.504,-44.626
-0.433,0.008,-0.817,5.188,2.38,17.761,177.935,51.438,-45.258
-0.495,0.008,-0.85,8.606,-3.113,20.447,177.946,51.553,-46.176
-0.45,0.011,-0.855,10.193,-8.057,24.231,177.94,51.702,-47.324
-0.509,-0.037,-0.947,10.437,-3.357,16.907,178.11,52.042,-48.268
-0.558,0.005,-1.129,8.179,-0.061,8.728,178.319,52.02,-48.785
-0.571,-0.034,-1.155,1.892,-5.127,-9.399,178.901,52.191,-48.323
-0.62,0.082,-1.126,-4.761,1.343,-22.461,179.225,52.432,-47.263
-0.345,0.101,-0.924,-13.123,18.005,-30.64,179.698,51.855,-45.412
-0.342,0.212,-0.866,-20.996,-1.953,-21.24,179.291,51.4,-43.989
-0.325,0.206,-0.803,-21.118,9.827,-36.011,178.846,51.29,-42.446
-0.29,0.17,-0.699,-18.494,-5.493,-42.053,178.737,51.191,-40.287
-0.271,0.096,-0.685,-18.555,-1.648,-40.71,178.66,51.432,-38.227
-0.382,0.117,-0.656,-19.226,-22.705,-35.706,178.429,52.053,-36.304
-0.608,0.038,-0.68,-20.935,-13.123,-40.527,178.325,53.174,-34.459
-0.613,0.082,-0.735,-23.804,2.38,-35.95,178.099,53.668,-32.651
-0.504,0.08,-0.761,-27.893,5.493,-32.715,177.781,53.668,-31.075
-0.609,0.111,-0.833,-27.954,2.808,-33.752,177.286,53.926,-29.548
-0.466,0.153,-0.8,-28.137,4.639,-30.579,176.781,53.893,-28.065
-0.59,0.182,-0.891,-23.193,-8.728,-25.391,176.237,54.404,-26.873
-0.514,0.166,-0.987,-24.902,-9.705,-8.606,175.446,54.877,-26.329
-0.539,0.214,-0.956,-14.954,-22.888,5.31,174.287,55.865,-26.741
-0.81,0.255,-1.012,-6.836,-20.935,9.705,173.298,57.068,-27.779
-0.75,0.22,-0.988,-3.662,-11.23,1.221,172.771,57.623,-28.471
-0.618,0.189,-0.895,-0.671,8.667,1.404,172.551,57.711,-28.834
-0.375,0.119,-0.79,3.54,7.507,0.977,172.579,57.118,-29.048
-0.396,0.122,-0.812,-1.709,19.226,4.089,172.617,56.53,-29.086
-0.243,0.147,-0.772,-0.305,16.357,7.629,172.485,55.371,-29.152
-0.311,0.101,-0.705,3.357,2.441,4.395,172.403,54.783,-29.213
-0.45,0.068,-0.707,2.625,-5.737,-0.488,172.518,54.745,-29.053
-0.469,0.03,-0.703,-0.366,2.808,-5.371,172.727,54.734,-28.751
-0.552,0.036,-0.74,-5.676,0.244,-6.897,172.897,54.739,-28.24
-0.547,0.061,-0.756,-9.521,4.944,-6.897,172.82,54.695,-27.867
-0.558,0.066,-0.756,-7.324,1.16,-9.705,172.842,54.75,-27.339
-0.571,0.067,-0.745,-2.808,-7.324,-8.606,172.963,55.074,-26.944
-0.589,0.086,-0.759,5.066,-6.104,-6.104,173.265,55.635,-26.746
-0.609,0.035,-0.83,5.676,-9.583,-4.211,173.914,56.206,-26.559
-0.732,0.053,-0.971,0.305,-0.366,1.77,174.15,56.667,-26.713
-0.695,0.126,-1.115,-0.977,3.235,-13.733,174.337,56.47,-26.45
-0.741,0.215,-1.188,-13.306,3.235,-23.254,174.65,56.7,-25.312
-0.428,0.171,-0.913,-20.386,12.695,-37.659,174.974,56.481,-23.384
-0.317,0.287,-0.864,-31.982,-0.244,-36.743,174.672,56.195,-21.132
-0.465,0.322,-0.868,-34.058,20.874,-41.626,174.034,56.041,-18.929
-0.299,0.289,-0.738,-28.809,28.809,-61.279,174.084,54.811,-15.595
-0.306,0.237,-0.726,-25.391,20.02,-67.017,174.342,53.954,-11.81
-0.375,0.187,-0.695,-27.1,12.207,-73.486,174.781,53.542,-7.69
-0.394,0.166,-0.69,-27.893,8.545,-69.214,175.166,53.399,-3.669
-0.445,0.149,-0.715,-25.452,-0.061,-66.345,175.441,53.531,-0.011
-0.525,0.121,-0.727,-27.1,-1.892,-61.34,175.726,54.025,3.329
-0.553,0.147,-0.744,-30.823,3.174,-57.678,175.787,54.421,6.317
-0.511,0.151,-0.717,-30.457,1.16,-53.467,175.781,54.734,9.075
-0.557,0.208,-0.754,-24.841,-1.16,-46.204,175.6,55.173,11.354
-0.529,0.211,-0.756,-22.705,5.066,-38.208,175.583,55.475,13.348
-0.438,0.281,-0.729,-11.353,-7.69,-30.09,175.441,55.712,14.799
-0.614,0.239,-0.79,-0.244,-23.865,-25.757,175.748,56.909,15.908
-0.717,0.171,-0.833,10.925,-28.625,-32.227,176.589,58.464,17.001
-0.91,0.066,-0.967,15.137,-30.212,-36.621,178.259,60.222,18.567
-0.743,-0.027,-0.843,11.536,-14.954,-29.297,179.967,61.556,19.968
-0.596,-0.039,-0.794,-1.648,18.066,-20.996,-179.033,61.562,20.978
-0.33,-0.023,-0.792,-2.319,32.837,-29.358,-178.264,59.974,22.28
-0.338,-0.08,-0.842,-6.958,7.202,-34.973,-177.215,59.112,24.445
-0.544,-0.074,-0.867,-14.526,0.0,-36.743,-176.534,58.898,26.768
-0.486,-0.035,-0.815,-31.189,3.54,-37.292,-176.375,58.563,29.152
-0.518,-0.009,-0.769,-37.842,-8.972,-45.227,-176.66,58.585,31.674
-0.562,0.015,-0.699,-39.795,-16.052,-53.955,-176.896,59.123,34.706
-0.611,0.015,-0.683,-37.72,-15.625,-56.702,-176.869,59.925,38.046
-0.625,-0.037,-0.711,-31.311,-5.92,-57.068,-176.512,60.496,41.364
-0.631,-0.073,-0.764,-30.273,-0.916,-54.321,-175.995,60.65,44.478
-0.627,-0.118,-0.792,-30.823,-1.16,-55.176,-175.43,60.688,47.587
-0.625,-0.127,-0.802,-33.264,-4.272,-53.833,-174.941,60.782,50.746
-0.77,-0.073,-0.952,-34.119,-4.639,-55.115,-174.534,60.908,53.932
-0.784,-0.03,-1.011,-29.968,0.854,-68.42,-173.589,60.892,57.805
-0.616,-0.04,-0.824,-32.898,10.376,-72.876,-172.321,60.507,62.529
-0.435,0.128,-0.747,-52.917,-4.272,-44.617,-172.881,59.87,66.286
-0.601,0.162,-0.743,-59.082,-13.123,-48.34,-174.166,60.524,70.049
-0.591,0.253,-0.751,-48.584,7.751,-61.096,-175.122,60.266,74.866
-0.53,0.189,-0.765,-45.288,22.522,-60.669,-175.66,59.172,80.063
-0.453,0.171,-0.793,-42.419,26.367,-66.467,-176.089,57.684,85.375
-0.421,0.161,-0.803,-39.49,11.536,-65.796,-176.369,56.552,90.725
-0.551,0.106,-0.814,-37.537,-1.404,-55.969,-176.616,56.316,95.707
-0.547,0.167,-0.785,-26.794,-3.967,-45.471,-177.072,56.283,100.031
-0.521,0.112,-0.722,-20.935,-6.104,-35.278,-177.242,56.464,103.854
-0.499,0.122,-0.671,-15.198,-15.32,-24.292,-177.55,56.887,107.001
-0.611,0.096,-0.687,-9.338,-21.24,-18.25,-177.731,57.865,109.698
-0.701,0.093,-0.754,-4.15,-24.902,-15.625,-177.885,58.953,112.137
-0.848,0.067,-0.82,-3.906,-40.1,-11.719,-177.797,60.617,114.615
-0.999,0.06,-0.922,-1.16,-52.49,-8.301,-177.792,62.924,116.779
-1.272,0.137,-1.068,-1.16,-26.672,-11.23,-177.814,65.209,118.993
-0.86,0.041,-0.921,4.944,20.142,-8.606,-177.369,64.951,121.377
-0.486,-0.072,-0.942,8.423,42.969,-1.526,-177.116,63.353,123.025
-0.207,-0.182,-0.872,6.287,33.569,-0.793,-176.677,61.392,124.156
-0.144,-0.176,-0.822,-0.732,19.104,3.723,-176.534,59.886,124.464
-0.306,-0.097,-0.821,-10.742,5.676,9.216,-176.896,59.101,124.14
-0.348,-0.04,-0.757,-10.01,0.61,5.615,-177.561,58.601,123.657
-0.379,-0.055,-0.691,-10.498,-4.944,-3.174,-177.863,58.376,123.805
-0.559,-0.091,-0.64,-10.315,-12.024,-8.24,-177.94,58.694,124.464
-0.639,-0.102,-0.657,-12.024,-7.141,-9.338,-177.962,59.15,125.662
-0.631,-0.091,-0.685,-16.296,1.587,1.587,-178.314,59.414,127.062
-0.633,-0.062,-0.747,-13.245,3.601,7.874,-179.121,59.458,128.046
-0.578,-0.05,-0.862,-11.292,17.09,11.169,-179.874,59.156,128.837
-0.454,-0.046,-0.929,-4.639,16.296,7.507,179.583,58.359,129.287
-0.52,-0.085,-0.923,-4.272,-18.616,-0.122,179.5,58.436,129.71
-0.742,0.024,-1.009,-11.23,-29.602,2.075,179.171,59.425,129.957
-0.856,0.098,-1.043,-4.395,-13.855,-8.179,179.011,60.754,130.765
-0.645,0.167,-0.913,0.732,7.996,-13.367,179.473,60.787,132.413
-0.421,0.182,-0.904,-3.784,18.555,-7.507,179.681,59.892,133.72
-0.399,0.184,-0.843,-15.625,2.563,-37.476,179.951,59.464,135.851
-0.386,0.234,-0.721,-21.79,1.038,-45.593,-179.753,59.205,138.95
-0.436,0.163,-0.625,-18.005,-11.536,-50.171,-179.308,59.442,142.3
-0.498,0.133,-0.597,-13.306,-8.606,-58.716,-178.517,59.903,146.074
-0.519,0.073,-0.589,-15.503,-9.399,-71.228,-177.193,60.227,150.732
-0.607,-0.047,-0.607,-19.958,-10.742,-88.074,-175.435,60.677,156.412
-0.701,-0.227,-0.661,-56.213,2.136,-120.911,-173.65,60.743,163.784
-0.717,-0.222,-0.728,-84.045,4.639,-130.005,-172.606,60.271,172.809
-0.663,-0.072,-0.745,-102.661,9.521,-110.168,-173.035,59.656,-178.539
-0.594,-0.034,-0.791,-88.867,0.488,-92.285,-174.276,59.271,-171.398
-0.583,0.178,-0.797,-78.857,-7.751,-61.768,-175.842,59.474,-165.784
-0.78,0.282,-0.995,-21.606,-21.484,-16.418,-177.133,60.266,-162.845
-0.792,0.251,-1.082,16.846,-18.738,36.011,-177.891,61.254,-163.224
-0.937,-0.124,-1.084,36.438,-19.104,35.645,-177.962,62.358,-165.377
-0.5,-0.05,-0.669,13.794,7.019,70.068,-178.929,62.578,-168.025
-0.639,-0.089,-0.727,37.842,17.517,96.558,178.995,61.765,-173.04
-0.439,-0.088,-0.694,37.354,60.974,123.718,177.171,59.172,-178.726
-0.343,-0.119,-0.708,41.809,52.368,128.174,175.512,55.838,174.996
-0.238,-0.016,-0.727,35.095,33.264,111.328,174.452,52.954,169.415
-0.373,-0.03,-0.748,26.917,2.747,77.637,174.122,51.795,165.037
-0.466,0.097,-0.802,21.179,0.305,51.575,173.897,51.312,162.048
-0.437,0.034,-0.786,13.916,5.676,18.433,174.243,50.993,160.944
-0.423,0.0,-0.771,-0.671,0.122,-0.793,174.589,50.949,161.252
-0.434,0.042,-0.906,-12.207,-4.028,-4.883,174.534,51.158,162.186
-0.51,0.104,-1.003,12.878,-2.136,15.198,174.38,51.361,162.081
-0.497,0.076,-1.072,29.846,-6.47,15.259,175.232,51.207,161.526
-0.753,-0.033,-1.159,37.231,-8.911,15.869,176.776,51.63,160.763
-0.586,-0.017,-1.144,20.569,30.945,-0.732,178.083,51.224,160.67
-0.203,0.022,-0.998,-1.343,26.245,-21.179,179.066,49.68,161.746
-0.218,0.217,-0.931,-23.071,4.395,-15.442,178.857,48.884,162.658
-0.299,0.227,-0.816,-17.09,9.949,-33.63,178.253,48.587,163.575
-0.2,0.175,-0.77,-15.442,10.254,-40.405,178.193,48.038,165.564
-0.217,0.121,-0.684,-11.963,-5.066,-29.602,178.061,47.895,167.075
-0.326,0.107,-0.643,-13.733,-9.338,-27.771,177.841,48.329,168.311
-0.411,0.133,-0.667,-12.207,-9.949,-26.062,177.589,48.807,169.623
-0.554,0.116,-0.741,-10.01,-1.16,-26.855,177.49,49.301,171.178
-0.458,0.098,-0.824,-11.108,12.512,-28.809,177.49,49.109,173.117
-0.435,0.101,-0.879,-10.132,7.507,-25.696,177.462,48.878,174.99
-0.366,0.104,-0.928,-12.085,0.916,-20.325,177.325,48.779,176.44
-0.334,0.09,-0.903,-13.306,-8.789,-23.56,177.204,49.241,177.764
-0.52,0.122,-0.98,-15.869,-23.438,-22.827,176.979,50.219,179.017
-0.607,0.167,-1.077,-16.235,-15.747,-11.597,176.506,51.13,179.967
-0.746,0.169,-1.217,-12.878,-9.827,-7.69,175.93,51.823,-179.456
-0.613,0.137,-1.149,-10.559,17.151,2.014,175.43,51.746,-179.006
-0.133,0.103,-0.812,-5.493,13.794,10.986,174.886,50.751,-179.066
-0.294,0.077,-0.766,3.174,-15.686,7.141,174.567,50.757,-179.709
-0.317,0.049,-0.767,4.517,13.855,14.282,174.639,50.685,179.753
-0.205,0.064,-0.734,8.972,1.709,19.958,174.573,49.933,178.704
-0.333,0.019,-0.755,8.484,-9.338,11.536,174.765,49.916,177.742
-0.437,0.018,-0.759,7.446,-12.451,10.498,174.968,50.334,177.078
-0.538,0.016,-0.791,6.47,-8.545,8.667,175.177,50.812,176.721
-0.483,0.006,-0.779,6.47,0.0,9.216,175.413,50.949,176.666
-0.493,0.022,-0.785,3.54,-5.127,13.611,175.49,51.191,176.512
-0.497,0.026,-0.848,2.686,3.845,15.442,175.419,51.224,176.221
-0.405,0.082,-0.899,-3.235,3.174,22.461,175.089,51.026,175.737
-0.32,0.069,-0.903,8.85,-15.808,4.333,174.974,51.328,175.133
-0.634,0.009,-1.007,7.568,-14.16,-7.08,175.583,52.454,175.424
-0.644,0.045,-1.116,7.019,-6.531,-7.812,176.094,52.69,175.858
-0.623,0.088,-1.15,1.587,8.301,-15.198,176.682,52.756,176.71
-0.359,0.115,-0.94,-10.498,2.991,-15.503,177.034,52.509,177.819
-0.39,0.235,-0.824,-18.433,-2.869,-13.916,176.666,52.487,178.616
-0.382,0.229,-0.817,-15.93,16.602,-25.696,176.21,52.256,179.594
-0.234,0.205,-0.676,-16.052,6.226,-30.701,176.094,51.625,-178.726
-0.381,0.196,-0.645,-8.118,-9.521,-21.362,175.886,51.817,-177.534
-0.474,0.142,-0.671,-6.226,1.953,-16.357,175.803,52.191,-176.638
-0.393,0.165,-0.667,-5.798,2.93,-12.146,175.633,52.015,-175.814
-0.536,0.132,-0.788,-6.042,-4.028,-12.512,175.496,52.317,-175.04
-0.514,0.099,-0.762,-6.287,1.709,-17.517,175.474,52.515,-173.963
-0.551,0.133,-0.818,-10.071,-1.343,-10.254,175.292,52.762,-172.925
-0.539,0.177,-0.843,-8.118,2.686,-8.118,175.007,52.872,-172.128
-0.482,0.203,-0.875,-3.723,-2.136,-3.418,174.771,52.982,-171.595
-0.578,0.221,-0.98,-2.319,-2.38,3.662,174.485,53.256,-171.53
-0.627,0.189,-1.057,6.042,-2.075,0.183,174.402,53.421,-171.584
-0.806,0.081,-1.14,3.052,3.113,5.92,174.611,53.564,-171.442
-0.386,0.086,-0.91,2.319,34.973,20.264,174.359,52.515,-171.826
-0.11,0.038,-0.87,9.766,15.32,14.465,174.342,50.938,-172.458
-0.276,0.035,-0.87,4.578,6.409,15.198,174.534,50.416,-173.205
-0.215,0.047,-0.811,8.362,6.47,13.55,174.573,49.741,-174.205
-0.247,0.035,-0.797,7.202,-5.005,5.554,174.891,49.406,-174.908
-0.353,0.015,-0.761,9.338,-11.902,4.822,175.265,49.636,-175.534
-0.477,0.002,-0.804,5.92,-4.639,7.751,175.66,49.971,-175.946
-0.391,0.008,-0.754,7.202,-3.357,8.362,175.891,49.982,-176.281
-0.5,0.001,-0.831,1.526,-1.648,9.644,176.089,50.235,-176.429
-0.447,0.022,-0.815,4.15,-3.54,10.681,176.067,50.273,-176.699
-0.477,0.017,-0.877,4.028,-2.563,11.108,176.16,50.515,-176.913
-0.458,0.002,-0.914,5.432,-6.531,11.475,176.276,50.718,-177.188
-0.548,0.027,-1.066,8.545,-2.319,8.118,176.484,50.867,-177.49
-0.46,0.016,-1.123,5.005,-2.136,11.536,176.863,50.828,-177.726
-0.662,0.062,-1.212,5.493,-4.15,3.357,177.001,51.306,-178.072
-0.403,0.109,-1.083,0.0,7.385,-5.554,177.319,50.949,-177.764
-0.242,0.194,-0.82,-11.475,-11.78,0.244,177.1,50.971,-177.808
-0.512,0.229,-0.797,-12.207,-13.977,-11.353,176.44,51.735,-177.973
-0.361,0.177,-0.746,-13.611,14.465,-29.419,176.237,51.636,-176.88
-0.307,0.134,-0.701,-8.118,1.16,-28.625,176.336,51.312,-175.254
-0.452,0.107,-0.713,-4.7,2.38,-17.09,176.462,51.432,-174.139
-0.417,0.151,-0.642,-1.16,9.644,-8.484,176.44,51.152,-173.496
-0.515,0.124,-0.656,-1.892,11.536,-12.39,176.512,50.817,-172.848
-0.648,0.065,-0.738,-5.554,28.87,-36.987,176.814,50.213,-171.194
-0.495,0.092,-0.75,-20.63,50.476,-48.401,177.111,48.631,-168.135
-0.463,0.135,-0.874,-21.545,41.077,-57.19,177.138,46.983,-164.696
-0.261,0.215,-0.933,-24.109,40.894,-52.917,177.039,45.385,-161.279
-0.4,0.241,-1.116,-8.423,3.845,-44.983,177.017,44.868,-158.791
-0.489,0.238,-1.216,-3.845,12.512,-26.794,177.177,44.753,-157.137
-0.597,0.099,-1.335,9.338,22.339,-22.827,177.748,44.203,-155.907
-0.042,0.042,-0.95,11.658,47.546,2.991,178.308,42.264,-155.407
0.124,-0.092,-0.919,21.179,18.25,18.25,178.989,40.474,-156.352
0.085,-0.123,-0.867,-1.587,12.817,25.757,179.374,39.6,-157.83
-0.001,-0.021,-0.81,-1.343,-15.869,33.691,178.89,39.188,-160.247
-0.192,-0.009,-0.791,1.282,-14.343,26.062,178.539,39.556,-162.647
-0.23,-0.023,-0.817,7.324,-10.437,20.813,178.561,39.76,-164.388
-0.285,-0.071,-0.895,7.996,-8.301,17.334,178.868,40.045,-165.652
-0.228,-0.077,-0.921,2.319,-10.132,21.545,179.061,40.314,-166.729
-0.133,-0.029,-0.875,-1.404,-30.212,25.146,178.874,41.045,-168.124
-0.192,-0.036,-0.879,-2.136,-59.143,18.86,178.605,43.033,-169.689
-0.3,-0.028,-0.925,-5.493,-68.237,15.991,178.209,45.972,-171.151
-0.507,-0.011,-0.977,-2.93,-65.552,0.427,177.847,49.065,-172.172
-0.623,0.005,-1.156,-5.92,-56.213,-25.452,178.028,51.773,-171.711
-0.801,0.003,-1.235,-16.479,-44.189,-47.363,178.737,54.19,-169.541
-0.711,0.054,-0.94,-39.978,-16.113,-71.472,179.182,55.86,-165.85
-0.504,0.162,-0.731,-56.885,-19.165,-94.299,179.374,56.761,-160.719
-0.746,0.233,-0.687,-64.392,-25.452,-85.144,179.121,58.519,-155.391
-0.547,0.298,-0.589,-47.668,-5.981,-72.083,178.676,59.332,-150.93
-0.555,0.182,-0.563,-33.447,-7.324,-59.021,178.698,60.106,-147.272
-0.548,0.163,-0.558,-28.687,-6.042,-43.396,178.66,60.721,-144.41
-0.5,0.096,-0.576,-20.874,-6.897,-55.847,178.841,61.282,-141.735
-0.588,0.05,-0.604,-19.348,-20.02,-59.998,179.802,62.265,-138.274
-0.719,-0.0,-0.632,-12.329,-20.02,-55.603,-178.907,63.567,-134.758
-0.716,-0.006,-0.601,-7.08,-9.888,-42.664,-177.523,64.534,-131.622
-0.824,-0.067,-0.675,2.502,-9.521,-33.508,-176.067,65.248,-129.067
-0.713,-0.061,-0.642,-1.465,8.911,-13.184,-175.089,65.429,-127.397
-0.737,-0.049,-0.821,1.465,-2.625,0.61,-174.858,65.391,-126.848
-0.917,-0.003,-0.946,9.033,-6.409,18.738,-175.221,65.803,-127.513
-1.026,-0.077,-1.113,15.381,-3.967,19.226,-175.413,66.138,-128.688
-0.704,-0.115,-0.955,14.343,10.864,36.377,-175.891,65.923,-130.446
-0.368,-0.067,-0.813,12.695,6.104,45.654,-177.16,65.325,-133.242
-0.443,-0.07,-0.762,13.855,2.686,44.556,-177.984,65.187,-135.72
-0.374,-0.045,-0.688,17.7,0.366,56.702,-179.28,64.814,-139.043
-0.349,0.013,-0.631,24.292,-10.681,68.481,179.346,64.66,-142.993
-0.509,-0.011,-0.596,39.612,-20.386,74.219,178.022,65.061,-147.799
-0.592,-0.036,-0.575,42.48,-19.104,61.829,177.451,65.594,-151.957
-0.754,-0.004,-0.624,42.236,-14.526,57.861,177.078,66.22,-155.539
-0.782,-0.039,-0.687,39.246,3.296,49.316,176.973,66.368,-158.527
-0.714,0.0,-0.73,31.311,9.277,48.889,176.759,65.852,-161.076
-0.673,-0.024,-0.806,27.954,14.526,44.067,176.446,65.198,-163.482
-0.712,-0.037,-0.906,25.513,17.151,31.555,176.429,64.33,-165.311
-0.808,-0.037,-0.997,22.522,9.094,10.01,177.072,63.594,-166.036
-0.825,0.044,-1.002,12.207,14.832,5.859,177.836,63.018,-166.053
-0.564,0.15,-0.788,6.104,24.414,-6.592,178.423,62.084,-165.641
-0.58,0.231,-0.79,1.709,13.0,-8.057,178.929,61.095,-164.943
-0.583,0.187,-0.742,-5.798,23.56,-14.16,179.182,60.309,-164.191
-0.492,0.18,-0.666,-10.803,26.978,-27.832,179.346,59.101,-162.79
-0.467,0.16,-0.614,-14.404,29.175,-34.973,179.577,57.925,-160.823
-0.406,0.142,-0.568,-11.169,27.649,-39.795,179.857,56.64,-158.637
-0.515,0.09,-0.618,-9.338,26.978,-43.945,-179.577,55.618,-156.16
-0.528,0.05,-0.67,-6.714,34.607,-50.293,-178.808,54.267,-153.386
-0.586,-0.016,-0.75,-10.681,37.354,-51.514,-177.995,52.811,-150.364
-0.501,-0.048,-0.767,-17.639,44.373,-49.561,-177.479,50.927,-147.277
-0.334,0.021,-0.838,-19.043,29.541,-28.931,-177.627,49.411,-144.992
-0.232,0.089,-0.913,-10.925,-20.996,-7.69,-177.973,49.197,-143.937
-0.619,0.154,-1.002,1.587,-25.94,7.019,-178.374,50.746,-144.19
-0.721,0.143,-1.198,10.864,-12.573,13.062,-178.369,51.443,-144.816
-0.736,0.113,-1.361,19.653,7.08,18.311,-178.226,51.932,-145.822
-0.381,-0.059,-1.116,26.855,2.014,11.414,-177.446,51.548,-146.651
-0.174,-0.1,-0.827,17.395,-12.512,18.738,-176.803,51.74,-147.579
-0.401,-0.151,-0.862,12.634,-6.958,3.601,-176.347,52.339,-148.414
-0.151,-0.085,-0.754,-4.883,21.423,3.418,-176.226,51.515,-148.612
-0.128,-0.074,-0.775,-8.545,7.568,-7.935,-176.435,50.636,-148.7
-0.171,-0.052,-0.777,-12.207,-4.456,-20.935,-176.523,50.164,-148.107
-0.307,-0.082,-0.737,-13.062,-21.729,-29.785,-176.396,50.614,-146.97
-0.524,-0.08,-0.781,-15.015,-21.667,-36.255,-176.144,51.509,-145.157
-0.522,-0.126,-0.81,-15.808,-0.61,-43.579,-175.71,51.85,-142.751
-0.505,-0.146,-0.823,-21.301,0.122,-48.584,-175.298,51.762,-139.856
-0.455,-0.144,-0.774,-24.17,-2.075,-47.791,-175.034,51.762,-136.829
-0.498,-0.153,-0.812,-29.663,-6.226,-45.41,-174.952,52.053,-133.841
-0.457,-0.129,-0.818,-31.738,-4.211,-41.26,-175.139,52.278,-131.023
-0.518,-0.13,-0.919,-32.166,-7.141,-46.143,-175.38,52.57,-128.309
-0.574,-0.061,-0.972,-32.166,-6.348,-56.763,-175.435,52.883,-125.189
-0.605,-0.031,-0.965,-32.043,-7.69,-63.538,-175.204,53.179,-121.591
-0.451,0.067,-0.852,-42.786,9.583,-54.565,-175.358,53.075,-118.147
-0.357,0.164,-0.784,-46.875,-12.146,-52.246,-176.21,52.894,-115.345
-0.587,0.162,-0.765,-52.368,-26.611,-59.998,-177.188,54.075,-112.456
-0.653,0.22,-0.783,-56.274,2.197,-74.524,-178.226,54.827,-109.028
-0.512,0.241,-0.755,-53.101,17.822,-83.496,-178.868,54.41,-104.843
-0.461,0.207,-0.776,-47.485,17.883,-84.29,-179.209,53.778,-100.541
-0.465,0.193,-0.781,-45.227,3.967,-78.247,-179.588,53.525,-96.57
-0.574,0.198,-0.81,-38.574,0.183,-72.388,-179.879,53.844,-92.988
-0.509,0.212,-0.775,-29.48,0.0,-63.11,-179.967,54.047,-89.819
-0.521,0.199,-0.786,-18.982,-1.648,-51.697,-179.764,54.432,-87.231
-0.393,0.231,-0.782,-9.644,-5.249,-33.386,-179.61,54.745,-85.605
-0.441,0.217,-0.868,3.174,-28.87,-23.438,-179.324,55.865,-84.781
-0.68,0.187,-0.97,19.592,-49.255,-21.912,-178.72,57.722,-84.551
-0.679,-0.07,-0.847,26.978,-36.926,-45.532,-176.6,60.013,-83.26
-0.774,-0.253,-0.891,16.174,-8.423,-41.199,-174.023,61.128,-81.26
-0.448,-0.265,-0.698,-8.179,6.042,-26.794,-172.579,60.892,-79.931
-0.458,-0.139,-0.7,-15.503,-13.611,-27.344,-172.277,60.831,-79.156
-0.68,-0.152,-0.79,-15.015,-8.423,-30.457,-171.678,61.348,-77.926
-0.593,-0.149,-0.779,-16.479,14.771,-23.682,-171.282,60.963,-76.954
-0.472,-0.121,-0.731,-20.264,7.141,-17.761,-171.436,60.211,-76.536
-0.535,-0.119,-0.745,-20.447,-0.671,-22.461,-171.628,59.985,-76.02
-0.53,-0.133,-0.718,-22.705,-4.089,-28.259,-171.667,59.93,-75.092
-0.542,-0.157,-0.74,-26.245,-4.761,-35.461,-171.573,60.013,-73.696
-0.561,-0.172,-0.79,-26.367,-2.747,-43.335,-171.271,59.963,-71.812
-0.565,-0.166,-0.927,-32.654,5.981,-41.931,-171.151,59.584,-69.45
-0.559,-0.106,-0.945,-34.241,-2.991,-55.603,-171.046,59.139,-66.429
-0.799,-0.096,-1.0,-27.954,-19.226,-71.289,-170.195,59.409,-62.408
-0.721,-0.003,-0.932,-35.4,14.832,-63.354,-169.393,58.98,-58.409
-0.319,0.079,-0.733,-36.377,10.437,-45.654,-169.673,57.761,-55.865
-0.584,0.062,-0.734,-35.95,-33.752,-55.664,-169.898,58.513,-53.234
-0.627,0.05,-0.714,-38.147,-4.028,-64.697,-169.904,59.106,-50.087
-0.614,0.04,-0.744,-37.415,17.151,-68.481,-169.849,58.497,-46.813
-0.502,0.036,-0.787,-33.691,27.649,-58.655,-169.882,56.986,-43.879
-0.453,0.007,-0.794,-30.09,9.033,-43.152,-170.217,55.86,-41.776
-0.588,0.033,-0.846,-26.489,1.282,-33.875,-170.766,55.596,-40.27
-0.546,0.018,-0.79,-23.254,3.784,-28.87,-171.255,55.399,-39.106
-0.487,0.035,-0.723,-18.799,-2.38,-21.606,-171.766,55.338,-38.287
-0.513,0.045,-0.694,-14.771,-12.756,-12.207,-172.288,55.789,-37.914
-0.608,0.112,-0.721,-12.512,-20.203,-3.54,-172.947,56.766,-38.106
-0.732,0.113,-0.751,-2.747,-20.63,-8.728,-173.293,57.964,-38.414
-0.869,0.063,-0.849,6.042,-20.386,-12.329,-172.936,59.227,-38.37
-0.708,-0.047,-0.808,7.935,-10.864,-10.315,-172.2,60.145,-38.298
-1.033,0.006,-1.126,6.775,-10.864,-9.521,-171.738,61.205,-38.337
-0.715,-0.146,-1.081,13.062,17.09,-23.987,-170.596,60.645,-37.842
-0.642,-0.213,-1.125,-4.639,9.46,-15.625,-169.865,60.266,-37.068
-0.289,-0.198,-0.916,-15.076,33.63,-5.615,-170.283,58.81,-36.953
-0.135,-0.186,-0.859,-15.93,21.545,-14.16,-170.771,57.283,-36.562
-0.229,-0.143,-0.86,-19.409,19.165,-11.047,-171.156,55.992,-35.629
-0.135,-0.082,-0.765,-26.367,19.836,-0.488,-172.068,54.492,-35.156
-0.295,-0.021,-0.713,-27.893,7.263,-1.953,-173.293,53.514,-34.81
-0.525,0.036,-0.739,-23.315,18.799,-9.155,-174.397,52.641,-34.371
-0.437,0.019,-0.766,-14.16,46.265,-19.104,-174.99,50.861,-33.81
-0.26,-0.063,-0.858,-15.808,23.56,-25.635,-175.188,48.961,-32.844
-0.249,-0.103,-0.912,-17.334,-7.263,-23.682,-175.49,48.455,-31.608
-0.32,-0.085,-0.875,-27.283,-35.645,-8.24,-176.171,49.449,-30.663
-0.399,-0.07,-0.912,-23.56,-37.964,6.226,-177.281,51.202,-30.569
-0.653,-0.042,-1.034,-12.817,-28.381,13.184,-178.38,52.8,-31.19
-0.647,-0.045,-1.102,-3.418,-18.982,10.315,-178.934,53.707,-31.932
-0.687,0.041,-1.216,-6.47,-4.761,5.432,-179.225,54.338,-32.382
-0.266,0.145,-0.903,-16.235,2.686,9.949,-179.951,54.113,-32.921
-0.389,0.305,-0.899,-20.691,-20.935,10.62,178.627,54.503,-33.684
-0.438,0.266,-0.858,-10.681,8.484,-7.446,177.709,54.608,-33.997
-0.273,0.204,-0.757,0.977,12.085,-22.644,177.742,53.921,-33.267
-0.314,0.104,-0.703,4.578,-9.949,-22.827,178.33,53.69,-32.228
-0.491,0.092,-0.69,4.639,-6.897,-23.987,178.89,54.256,-31.328
-0.409,0.062,-0.64,0.793,2.686,-26.367,179.615,54.229,-30.201
-0.451,0.046,-0.628,-0.793,-14.221,-27.527,-179.797,54.569,-29.086
-0.604,0.021,-0.731,-4.822,-14.526,-26.733,-179.214,55.53,-27.889
-0.596,0.045,-0.743,-5.859,-8.24,-25.635,-178.857,56.234,-26.884
-0.614,0.09,-0.823,-8.667,-6.348,-16.479,-178.555,56.794,-25.983
-0.576,0.131,-0.918,-2.014,-2.563,-13.489,-178.533,57.101,-25.681
-0.603,0.147,-1.002,-1.77,1.16,-3.845,-178.44,57.217,-25.571
-0.716,0.074,-1.036,7.812,-17.944,-5.615,-178.385,57.722,-25.878
-0.999,-0.108,-1.105,4.395,3.052,-2.319,-177.869,58.304,-25.801
-0.606,-0.179,-0.892,15.625,44.312,35.461,-178.028,57.008,-27.318
-0.071,-0.229,-0.882,11.963,53.284,37.72,-178.281,54.223,-29.608
-0.049,-0.087,-0.827,-6.47,-1.404,23.193,-178.77,53.19,-30.839
-0.37,-0.001,-0.769,-4.944,-16.663,15.686,-179.352,53.586,-31.366
-0.5,-0.066,-0.71,-2.441,0.183,6.897,-179.544,53.778,-31.575
-0.453,-0.043,-0.693,-9.888,8.057,11.475,-179.863,53.322,-31.761
-0.502,-0.031,-0.723,-4.822,5.798,12.939,179.648,53.015,-32.316
-0.525,-0.015,-0.764,-0.854,13.184,20.508,179.297,52.635,-33.124
-0.447,-0.027,-0.806,-0.671,11.353,28.381,178.824,51.993,-34.486
-0.411,-0.024,-0.853,-2.197,0.732,29.724,178.231,51.658,-36.019
-0.439,0.043,-0.881,-3.54,-4.333,31.555,177.374,51.806,-37.683
-0.448,0.032,-0.936,6.714,0.916,20.996,176.913,51.74,-39.04
-0.484,-0.015,-1.034,9.277,-3.662,13.55,177.072,51.663,-39.776
-0.502,0.016,-1.164,0.977,-7.08,15.076,177.127,51.647,-40.375
-0.583,0.131,-1.209,-7.385,-0.122,8.972,176.682,51.855,-40.902
-0.336,0.18,-1.037,-6.714,14.954,-13.062,176.622,51.323,-40.402
-0.178,0.324,-0.914,-13.306,-8.423,-13.367,176.435,50.993,-39.43
-0.43,0.365,-0.869,-1.343,-19.775,-24.475,176.215,51.828,-38.606
-0.431,0.177,-0.7,1.465,-0.977,-42.603,177.056,52.3,-36.799
-0.405,0.19,-0.631,-2.38,8.118,-39.978,177.687,52.158,-34.882
-0.367,0.135,-0.627,-1.526,15.991,-41.748,178.423,51.707,-32.948
-0.369,0.126,-0.648,-1.526,4.883,-35.217,178.984,51.345,-31.289
-0.508,0.104,-0.697,-1.221,3.601,-35.828,179.506,51.432,-29.817
-0.571,0.082,-0.746,-2.319,9.705,-35.4,-179.874,51.394,-28.306
-0.518,0.045,-0.798,-1.404,13.977,-37.109,-179.198,51.053,-26.757
-0.47,0.04,-0.866,-3.967,10.986,-31.494,-178.583,50.691,-25.247
-0.393,0.031,-0.886,-7.141,-0.183,-36.865,-178.138,50.548,-23.741
-0.459,0.009,-0.974,-18.86,-15.32,-46.326,-177.77,51.07,-21.621
-0.564,0.114,-1.117,-28.076,-4.822,-29.053,-178.127,51.614,-19.633
-0.73,0.161,-1.227,-22.4,-8.85,-18.616,-178.945,52.202,-18.572
-0.508,0.116,-1.096,-1.404,13.184,-5.249,-179.385,51.971,-18.226
-0.211,-0.02,-0.886,9.827,11.169,8.789,-179.231,51.356,-18.567
-0.19,-0.049,-0.833,16.846,-6.348,13.55,-178.934,51.108,-19.248
-0.239,-0.094,-0.79,17.151,-0.183,19.47,-178.347,51.081,-19.83
-0.233,-0.114,-0.801,12.695,4.028,27.527,-178.132,50.669,-20.923
-0.328,-0.152,-0.84,-0.061,2.93,24.109,-178.319,50.328,-21.978
-0.295,-0.085,-0.794,-9.949,-0.122,16.113,-178.841,49.9,-22.626
-0.453,-0.047,-0.79,-5.676,-14.404,13.794,-179.374,50.317,-23.159
-0.5,-0.063,-0.768,1.648,-5.798,12.207,-179.517,50.718,-23.698
-0.46,-0.053,-0.787,0.977,2.563,27.832,-179.687,50.806,-24.73
-0.45,-0.017,-0.81,-0.61,-2.014,35.767,179.742,50.746,-26.526
-0.437,-0.004,-0.846,-1.892,-0.793,31.067,179.072,50.823,-28.317
-0.469,0.059,-0.941,-3.723,-4.822,33.264,178.215,50.889,-30.081
-0.354,0.049,-0.992,5.249,2.686,25.146,177.616,50.834,-31.696
-0.488,0.005,-1.062,13.977,-17.639,13.611,177.726,51.207,-32.635
-0.573,0.089,-1.121,13.0,-21.973,30.884,177.841,51.801,-33.816
-0.678,0.14,-1.131,13.977,-5.859,27.71,177.764,52.487,-35.519
-0.297,0.183,-0.893,9.705,14.832,14.771,177.836,51.987,-36.639
-0.342,0.238,-0.857,-5.859,-16.846,11.169,177.495,51.916,-37.326
-0.471,0.287,-0.835,-8.484,4.639,-6.775,176.786,52.234,-37.667
-0.347,0.282,-0.71,-5.737,7.202,-24.231,176.71,51.801,-36.854
-0.343,0.227,-0.61,0.916,5.859,-33.264,177.045,51.641,-35.656
-0.397,0.188,-0.588,5.859,3.662,-38.757,177.814,51.592,-34.124
-0.5,0.14,-0.628,10.254,9.399,-40.894,178.912,51.559,-32.558
-0.517,0.089,-0.667,9.766,17.334,-47.729,-179.698,51.196,-30.663
-0.533,-0.01,-0.826,6.714,22.949,-52.856,-178.22,50.493,-28.455
-0.393,0.003,-0.935,-1.953,27.771,-41.748,-177.122,49.455,-26.279
-0.274,-0.021,-0.923,-3.113,1.648,-29.968,-176.512,48.686,-24.637
-0.425,0.002,-0.97,-6.592,-12.39,-17.151,-176.32,49.081,-23.511
-0.583,0.064,-1.179,-11.841,-15.198,1.465,-176.633,49.625,-23.176
-0.604,0.043,-1.245,1.221,2.258,-8.118,-176.918,50.12,-23.28
-0.615,-0.109,-1.188,10.437,7.507,-13.0,-176.309,49.977,-22.758
-0.206,-0.175,-0.904,6.714,33.813,14.587,-175.88,48.911,-22.928
-0.067,-0.15,-0.87,12.451,15.93,26.367,-175.88,47.51,-24.186
-0.136,-0.155,-0.848,11.963,6.897,25.391,-175.573,46.84,-25.219
-0.163,-0.141,-0.81,11.475,6.348,32.959,-175.402,46.417,-26.483
-0.2,-0.155,-0.77,5.127,-4.517,26.062,-175.397,46.126,-27.708
-0.356,-0.163,-0.798,-2.502,-10.498,16.724,-175.479,46.434,-28.367
-0.404,-0.153,-0.784,-2.319,-1.77,8.545,-175.594,46.681,-28.751
-0.479,-0.147,-0.844,-4.272,-4.639,13.123,-175.71,46.829,-29.147
-0.423,-0.11,-0.858,-3.418,7.629,25.269,-176.089,46.818,-30.19
-0.371,-0.05,-0.843,-3.174,-0.549,31.921,-176.655,46.747,-31.75
-0.296,-0.026,-0.918,2.502,-6.348,29.602,-177.138,46.939,-33.393
-0.365,-0.124,-0.904,7.08,-25.208,20.325,-177.259,47.818,-34.667
-0.525,-0.123,-1.146,1.709,-16.602,26.55,-177.385,48.823,-35.777
-0.368,-0.139,-0.997,-0.244,0.305,30.823,-177.682,49.449,-37.128
-0.574,0.0,-1.162,-6.653,-26.855,27.283,-178.456,49.966,-38.699
-0.565,0.197,-1.142,-10.376,11.292,21.912,-179.478,50.477,-40.04
-0.194,0.268,-0.884,-6.653,5.493,7.446,179.813,49.735,-40.814
-0.364,0.3,-0.816,-4.089,-21.973,6.104,179.193,50.114,-41.369
-0.523,0.25,-0.822,2.441,1.099,-13.55,178.912,50.718,-41.616
-0.378,0.205,-0.786,8.484,19.531,-27.222,179.489,50.054,-40.743
-0.278,0.109,-0.77,17.517,22.339,-33.813,-179.363,49.048,-39.457
-0.286,0.021,-0.772,14.832,8.728,-31.25,-178.066,48.362,-38.018
-0.302,-0.029,-0.744,5.981,3.784,-27.71,-177.177,48.032,-36.749
-0.435,-0.034,-0.779,-4.578,-5.188,-30.334,-176.71,48.148,-35.376
-0.379,-0.059,-0.755,-10.071,-0.916,-37.109,-176.358,48.214,-33.629
-0.471,0.009,-0.865,-14.404,-6.226,-22.827,-176.424,48.604,-32.228
-0.4,-0.002,-0.85,-10.376,-1.709,-24.414,-176.523,48.741,-31.196
-0.469,-0.022,-1.05,-10.925,1.831,-25.635,-176.358,48.823,-29.828
-0.517,0.015,-1.158,-18.433,-12.207,-7.507,-176.704,48.884,-29.053
-0.744,0.072,-1.333,-22.949,-6.897,-5.493,-177.682,49.598,-28.894
-0.515,0.027,-1.128,-18.86,7.629,-2.319,-178.544,49.576,-28.707
-0.161,-0.0,-0.789,-16.235,7.141,24.353,-179.714,49.169,-29.471
-0.301,-0.06,-0.804,-3.662,-4.211,24.353,179.286,49.065,-30.866
-0.184,-0.043,-0.755,-17.151,15.503,46.082,178.22,48.51,-32.525
-0.151,0.042,-0.773,-16.479,-2.38,49.622,176.424,47.73,-34.997
-0.278,0.086,-0.746,-10.437,-15.991,39.429,175.029,47.807,-37.09
-0.472,0.089,-0.729,1.038,-15.625,39.001,174.133,48.318,-39.172
-0.441,0.126,-0.771,0.854,-0.61,35.645,173.463,48.246,-41.21
-0.466,0.134,-0.827,5.066,-3.357,21.362,173.112,48.29,-42.753
-0.398,0.15,-0.813,2.319,-4.211,19.897,172.87,48.34,-43.907
-0.449,0.145,-0.882,2.563,-6.592,18.799,172.628,48.62,-45.027
-0.407,0.168,-0.913,2.563,-1.953,20.447,172.304,48.702,-46.219
-0.397,0.179,-1.012,4.15,1.343,16.602,172.073,48.521,-47.263
-0.394,0.091,-0.986,9.216,-12.146,1.282,172.277,48.796,-47.752
-0.488,0.092,-1.012,1.587,-23.804,6.409,172.397,49.548,-48.021
-0.652,0.143,-1.082,-1.77,-21.912,5.615,172.288,50.63,-48.499
-0.701,0.24,-1.1,0.916,2.014,1.648,172.183,51.262,-48.779
-0.273,0.345,-0.891,-6.592,30.701,16.052,171.87,50.257,-49.191
-0.3,0.383,-0.914,-2.502,13.062,-11.78,171.535,49.114,-49.351
-0.273,0.314,-0.777,-1.465,20.874,-34.973,171.892,48.466,-47.988
-0.258,0.21,-0.645,0.977,6.775,-43.762,172.513,48.021,-46.016
-0.278,0.174,-0.607,-1.77,-0.244,-42.847,173.188,48.197,-43.874
-0.336,0.179,-0.611,0.793,-9.155,-39.185,173.749,48.746,-42.056
-0.471,0.134,-0.675,1.099,-14.038,-36.377,174.402,49.647,-40.413
-0.529,0.147,-0.741,-5.066,-9.155,-30.884,174.803,50.543,-39.023
-0.504,0.167,-0.862,-8.545,-2.441,-28.748,175.023,51.152,-37.727
-0.449,0.176,-0.893,-7.507,-5.188,-30.029,175.204,51.608,-36.409
-0.452,0.225,-0.97,-9.583,-9.46,-20.935,175.232,52.245,-35.294
-0.487,0.251,-1.078,-5.31,-14.343,-6.226,175.023,52.85,-34.887
-0.641,0.24,-1.158,2.441,-24.536,-0.916,174.738,53.86,-35.189
-0.648,0.1,-1.102,6.592,-13.794,-1.77,174.842,54.756,-35.349
-0.356,-0.003,-0.844,12.878,2.38,3.418,175.243,54.871,-35.491
-0.442,-0.075,-0.795,14.282,-2.258,3.906,175.875,54.871,-35.673
-0.333,-0.091,-0.768,10.803,14.16,7.812,176.528,54.338,-35.804
-0.301,-0.063,-0.694,3.479,1.465,8.728,176.852,53.828,-36.046
-0.393,-0.022,-0.634,0.0,-2.808,2.625,177.034,53.729,-36.079
-0.523,-0.008,-0.654,2.258,0.183,0.0,177.264,53.833,-35.947
-0.568,-0.013,-0.695,0.305,8.911,5.92,177.523,53.685,-35.953
-0.543,0.015,-0.772,0.732,9.094,10.437,177.468,53.284,-36.436
-0.501,0.038,-0.792,0.61,11.719,8.362,177.407,52.954,-36.914
-0.504,0.005,-0.817,2.93,1.831,6.531,177.473,52.767,-37.31
-0.472,-0.008,-0.889,1.465,5.249,6.165,177.523,52.696,-37.628
-0.514,-0.006,-1.037,-0.122,5.798,8.179,177.495,52.509,-37.958
-0.422,-0.04,-1.009,0.793,3.662,2.869,177.567,52.355,-38.123
-0.57,0.06,-1.135,-4.211,-22.4,-0.61,177.429,52.723,-38.177
-0.663,0.111,-1.177,-5.798,-0.61,-18.188,177.594,53.416,-37.502
-0.417,0.185,-0.972,-10.376,9.46,-22.583,177.891,53.212,-36.161
-0.386,0.262,-0.813,-12.146,-11.536,-22.522,177.797,53.004,-34.964
-0.552,0.247,-0.81,-7.874,11.658,-39.612,177.863,53.317,-33.492
-0.305,0.197,-0.738,-6.531,24.292,-50.476,178.583,52.322,-30.987
-0.259,0.118,-0.643,-1.892,11.658,-52.49,179.423,51.548,-28.367
-0.402,0.076,-0.634,-7.324,5.127,-53.65,-179.709,51.295,-25.615
-0.428,0.057,-0.628,-9.155,14.832,-55.847,-179.022,50.9,-22.885
-0.499,-0.005,-0.741,-11.78,16.541,-55.42,-178.308,50.356,-20.072
-0.498,-0.005,-0.806,-15.686,21.729,-52.002,-177.88,49.548,-17.468
-0.464,-0.024,-0.853,-22.278,17.029,-46.021,-177.627,48.829,-14.958
-0.422,0.015,-0.826,-20.996,5.249,-45.044,-177.786,48.488,-12.849
-0.45,0.048,-0.87,-23.621,-2.563,-48.889,-177.863,48.691,-10.475
-0.563,0.082,-1.048,-21.057,-13.123,-52.368,-177.885,49.23,-7.976
-0.635,0.112,-1.188,-18.433,-16.663,-43.335,-177.836,50.12,-5.68
-0.901,0.036,-1.348,-17.578,-5.676,-39.124,-177.709,51.119,-3.741
-0.213,0.078,-0.941,-22.949,27.588,-36.621,-177.973,50.092,-2.027
-0.014,0.122,-0.88,-21.606,-6.775,-32.532,-178.467,49.609,-0.341
-0.262,0.136,-0.895,-19.897,8.545,-33.325,-178.649,49.631,1.741
-0.033,0.19,-0.832,-7.141,4.639,-19.653,-179.044,48.669,3.109
-0.194,0.044,-0.807,-2.136,-9.521,-36.56,-178.698,48.543,5.043
-0.285,-0.011,-0.738,-0.793,-20.569,-39.062,-178.105,48.917,7.388
-0.485,-0.097,-0.746,-8.057,-14.099,-40.649,-177.407,49.68,9.739
-0.452,-0.065,-0.788,-13.916,4.517,-42.236,-177.072,49.735,11.843
-0.451,-0.114,-0.786,-20.325,3.052,-39.673,-176.792,49.576,13.98
-0.443,-0.078,-0.777,-25.94,-3.174,-42.48,-176.962,49.543,15.87
-0.484,-0.062,-0.816,-27.222,-7.69,-48.279,-177.056,49.916,18.144
-0.501,-0.098,-0.819,-25.33,-7.751,-50.842,-176.995,50.4,20.55
-0.583,-0.102,-0.916,-24.109,-5.798,-57.678,-176.77,50.834,23.192
-0.511,-0.131,-0.891,-25.635,0.793,-60.425,-176.292,50.889,26.18
-0.551,-0.136,-0.96,-29.114,5.188,-55.481,-175.995,50.878,29.02
-0.457,0.019,-0.966,-27.039,1.831,-52.612,-176.045,50.587,31.531
-0.432,0.083,-0.954,-24.719,-1.343,-53.528,-175.869,50.647,34.195
-0.223,0.142,-0.814,-27.344,-5.371,-50.659,-175.924,50.565,36.903
-0.471,0.146,-0.782,-28.687,-39.734,-50.537,-176.21,51.894,39.694
-0.67,0.179,-0.838,-28.381,-11.047,-58.105,-176.512,53.053,42.665
-0.486,0.103,-0.764,-30.823,9.705,-64.392,-176.413,52.916,46.082
-0.5,0.08,-0.798,-28.381,2.197,-63.232,-176.473,52.646,49.471
-0.485,0.093,-0.791,-33.691,3.235,-51.392,-176.704,52.559,52.608
-0.552,0.123,-0.81,-27.344,-4.883,-43.518,-177.253,52.767,55.129
-0.481,0.155,-0.783,-25.208,-0.671,-34.485,-177.726,52.949,57.332
-0.489,0.202,-0.803,-15.32,-12.512,-28.564,-178.182,53.377,59.178
-0.504,0.232,-0.826,-8.85,-16.907,-16.663,-178.478,54.119,60.754
-0.694,0.17,-1.025,3.906,-18.433,-15.076,-178.462,55.085,62.018
-0.675,-0.009,-0.963,17.029,-11.536,-27.1,-177.506,55.964,63.506
-0.515,-0.142,-0.822,11.719,1.648,-24.231,-176.182,56.19,65.045
-0.286,-0.163,-0.757,-5.737,9.399,-10.62,-175.605,55.69,65.836
-0.496,-0.066,-0.79,-14.465,-17.761,-10.986,-175.831,56.157,66.226
-0.567,0.001,-0.853,-10.437,13.306,-17.7,-176.001,56.052,66.857
-0.462,-0.02,-0.846,-18.555,12.329,-20.447,-176.039,55.377,67.841
-0.403,0.027,-0.816,-19.958,5.615,-26.978,-176.38,54.849,69.093
-0.455,0.012,-0.812,-20.508,-4.944,-33.752,-176.473,54.866,70.95
-0.455,-0.036,-0.804,-13.916,-6.897,-44.067,-176.292,55.058,73.18
-0.585,-0.118,-0.934,-13.184,-9.766,-54.26,-175.452,55.36,76.064
-0.508,-0.197,-0.912,-19.226,5.981,-58.044,-174.359,55.36,79.255
-0.473,-0.081,-0.909,-38.025,-7.202,-52.246,-174.084,55.058,82.194
-0.584,0.084,-0.897,-42.114,-5.066,-64.636,-174.359,55.448,85.413
-0.331,0.11,-0.753,-45.105,-6.714,-81.604,-174.287,55.234,89.967
-0.75,0.101,-0.849,-48.706,-26.062,-89.6,-174.232,56.173,95.543
-0.665,0.107,-0.831,-51.453,17.273,-98.816,-174.029,55.959,102.101
-0.542,0.123,-0.838,-49.255,22.461,-83.618,-174.133,54.712,108.528
-0.422,0.129,-0.79,-41.626,15.747,-73.303,-174.523,53.58,114.049
-0.432,0.092,-0.783,-28.137,0.183,-68.298,-174.633,53.053,119.064
-0.484,0.015,-0.756,-26.611,-6.775,-55.298,-174.501,53.157,123.64
-0.436,0.057,-0.741,-23.254,-9.705,-40.161,-174.809,53.405,127.249
-0.431,0.076,-0.82,-24.048,-30.396,-28.259,-175.215,54.393,130.199
-0.674,0.074,-0.909,-13.733,-47.607,-28.015,-175.507,56.442,132.781
-0.965,-0.026,-1.043,-7.568,-56.213,-29.968,-175.122,59.123,135.747
-1.181,-0.056,-1.23,-7.141,-32.776,-25.879,-174.705,61.337,138.653
-0.532,-0.062,-0.853,-15.686,26.428,-4.395,-174.842,61.172,140.856
-0.245,-0.051,-0.794,-9.705,13.367,1.099,-175.66,59.98,141.735
-0.298,-0.113,-0.74,-6.409,16.602,-4.7,-175.82,59.293,142.597
-0.292,-0.104,-0.751,-8.301,20.081,7.874,-176.138,58.129,142.877
-0.219,-0.079,-0.671,-13.0,15.32,19.165,-176.94,56.942,142.202
-0.398,-0.011,-0.681,-10.132,-4.822,19.104,-178.033,56.514,141.042
-0.491,0.013,-0.726,-8.24,-4.028,15.991,-178.89,56.53,140.279
-0.566,-0.015,-0.743,-4.578,-3.845,9.644,-179.473,56.678,140.026
-0.586,-0.014,-0.783,-5.737,1.16,10.681,-179.934,56.761,140.224
-0.539,-0.005,-0.768,-3.601,-0.732,8.24,179.637,56.794,140.559
-0.527,-0.009,-0.789,0.122,-2.38,8.972,179.418,56.953,140.966
-0.46,-0.017,-0.864,2.502,5.493,14.954,179.187,56.86,140.955
-0.56,-0.057,-0.947,10.193,-7.08,3.052,179.368,56.92,140.966
-0.546,-0.019,-1.048,-2.869,-6.287,14.465,179.385,56.975,140.817
-0.693,0.025,-1.112,-1.709,-14.099,2.747,179.187,57.579,140.521
-0.766,0.095,-1.123,0.122,2.197,-13.794,179.5,57.859,141.361
-0.444,0.103,-0.889,-2.93,24.048,-19.409,-179.912,56.975,142.938
-0.492,0.197,-0.843,-14.282,6.47,-13.184,179.989,56.299,144.223
-0.44,0.194,-0.747,-9.399,24.414,-31.494,179.934,55.503,145.86
-0.369,0.166,-0.663,-5.371,28.137,-39.49,-179.55,54.223,148.442
-0.251,0.098,-0.596,-2.197,20.02,-36.316,-178.907,52.916,151.057
-0.388,0.037,-0.669,-3.723,5.676,-26.978,-178.418,52.388,153.21
-0.449,0.06,-0.734,-5.066,3.54,-19.226,-178.281,52.13,154.852
-0.53,0.042,-0.783,-3.845,2.197,-15.137,-178.165,52.081,156.363
-0.529,0.07,-0.817,-0.916,6.897,-9.644,-178.176,51.982,157.61
-0.476,0.029,-0.819,1.709,7.019,-9.949,-178.028,51.707,158.78
-0.49,0.035,-0.848,1.892,1.587,-4.578,-177.874,51.647,159.758
-0.415,0.031,-0.792,2.441,-3.113,-2.93,-177.731,51.735,160.477
-0.511,0.062,-0.886,3.052,-9.521,4.089,-177.693,52.224,160.878
-0.555,0.069,-1.05,9.033,-10.498,1.77,-177.654,52.619,160.988
-0.803,-0.054,-1.194,9.583,-19.104,-13.123,-176.907,53.547,161.862
-0.793,-0.039,-1.234,3.113,10.132,-4.272,-176.523,53.641,162.74
-0.497,-0.077,-1.06,0.122,14.221,-2.38,-176.358,53.004,163.416
-0.192,-0.119,-0.798,-1.648,10.315,5.371,-176.424,52.344,163.559
-0.315,-0.109,-0.75,-4.456,-5.188,5.676,-176.649,52.454,163.076
-0.344,-0.057,-0.812,-6.165,30.945,1.892,-176.891,51.685,162.713
-0.117,-0.027,-0.738,-6.836,21.423,3.845,-177.155,50.015,162.334
-0.311,-0.02,-0.725,-6.836,-11.963,2.625,-177.512,49.653,161.702
-0.502,-0.03,-0.749,-2.686,-5.554,-5.859,-177.665,50.087,161.548
-0.465,-0.08,-0.787,-2.991,4.883,-9.155,-177.451,50.015,162.257
-0.447,-0.065,-0.81,-4.028,3.54,-2.808,-177.396,49.883,163.004
-0.439,-0.081,-0.817,-3.113,-3.113,1.465,-177.396,49.96,163.449
-0.457,-0.091,-0.883,-2.258,-3.235,3.235,-177.501,50.235,163.636
-0.449,-0.075,-0.933,-7.202,0.244,9.521,-177.737,50.367,163.614
-0.451,-0.043,-1.085,1.16,-1.404,5.981,-177.979,50.273,163.169
-0.602,-0.067,-1.209,-1.099,-12.695,-3.906,-177.643,50.773,163.328
-0.739,-0.005,-1.251,1.831,2.319,-12.756,-177.358,51.185,163.817
-0.375,0.038,-0.997,-4.7,24.231,-22.827,-176.891,50.306,165.097
-0.165,0.114,-0.904,-12.268,10.559,-12.512,-176.962,49.208,165.998
-0.375,0.194,-0.86,-11.353,-4.7,-10.559,-177.561,49.345,166.223
-0.278,0.105,-0.76,-3.54,11.841,-30.09,-177.451,48.829,167.371
-0.293,0.04,-0.683,-2.869,-1.831,-29.968,-177.16,48.516,168.832
-0.374,0.009,-0.665,-6.042,-3.54,-26.672,-176.913,48.636,170.299
-0.361,-0.006,-0.645,-7.263,-8.85,-25.513,-176.776,48.845,171.76
-0.507,0.009,-0.777,-9.827,-13.184,-21.301,-176.77,49.559,173.205
-0.493,-0.01,-0.837,-10.132,-2.319,-23.865,-176.781,50.01,174.749
-0.489,0.05,-0.891,-14.099,-7.935,-17.09,-176.973,50.328,176.215
-0.411,0.065,-0.912,-12.512,-13.367,-11.292,-177.358,50.916,177.22
-0.562,0.107,-1.068,-12.634,-17.273,1.892,-177.962,51.828,177.621
-0.681,0.152,-1.194,-10.681,-19.165,17.395,-179.055,52.559,176.929
-0.731,0.026,-1.236,-1.953,-4.456,23.804,-179.824,53.212,175.941
-0.268,-0.029,-0.872,3.113,9.766,47.241,179.127,52.806,173.864
-0.205,-0.078,-0.792,6.592,-17.334,53.04,178.044,52.625,170.788
-0.337,-0.099,-0.772,-2.869,-5.676,47.058,177.039,52.96,167.783
-0.302,0.016,-0.73,-5.371,-6.165,41.016,175.781,52.679,165.02
-0.301,0.048,-0.685,1.831,-10.01,29.846,175.04,52.663,162.856
-0.43,0.034,-0.703,8.85,-30.945,27.405,174.721,53.448,160.95
-0.542,0.006,-0.75,6.226,-26.55,32.41,174.452,54.624,159.104
-0.646,0.043,-0.815,4.15,-20.447,37.231,173.754,55.64,157.083
-0.571,0.122,-0.764,6.775,-10.437,37.17,173.013,56.085,155.182
-0.665,0.165,-0.836,16.235,-2.502,27.222,172.557,56.365,153.55
-0.492,0.033,-0.874,19.165,3.357,12.634,173.101,56.096,152.919
-0.568,0.041,-0.959,17.029,-7.019,5.92,173.76,56.31,152.485
-0.684,0.055,-1.017,12.878,-16.907,-10.193,174.677,56.843,152.595
-0.803,0.151,-1.061,9.644,-8.85,-20.142,175.66,57.722,153.397
-0.545,0.119,-0.856,5.371,7.69,-35.156,177.122,57.887,155.259
-0.392,0.175,-0.811,-5.676,10.986,-26.611,178.039,57.382,157.209
-0.462,0.194,-0.764,-10.315,2.502,-25.024,178.231,57.321,158.538
-0.435,0.184,-0.732,-8.118,10.376,-38.513,178.66,56.904,160.516
-0.45,0.138,-0.701,-8.423,10.864,-33.081,179.132,56.475,162.592
-0.433,0.085,-0.65,-10.925,1.221,-27.71,179.385,56.234,164.388
-0.565,0.094,-0.67,-16.602,-5.737,-13.916,179.066,56.552,165.591
-0.566,0.176,-0.667,-12.024,-3.845,-21.851,178.61,56.865,166.729
-0.605,0.117,-0.705,-3.418,1.099,-26.978,178.896,57.151,168.514
-0.558,0.034,-0.737,1.465,3.967,-22.339,179.478,57.2,170.244
-0.553,0.046,-0.775,-1.099,-5.981,-15.625,-179.989,57.354,171.678
-0.554,0.046,-0.906,-3.296,-6.714,-9.521,-179.725,57.892,172.656
-0.754,0.143,-1.151,-6.592,-5.005,8.789,179.951,58.228,172.804
-0.63,0.155,-1.166,0.488,-9.155,19.592,179.077,58.343,171.771
-0.722,-0.022,-1.107,5.981,-22.705,13.123,178.775,59.238,170.788
-0.408,-0.04,-0.789,3.845,-14.282,25.513,178.143,59.903,169.393
-0.453,-0.115,-0.674,9.46,-23.804,11.963,177.896,60.661,167.997
-0.45,-0.083,-0.63,3.418,-13.306,23.804,177.786,61.364,166.855
-0.478,-0.026,-0.581,2.808,-7.385,44.067,176.721,61.611,164.482
-0.553,0.044,-0.612,7.69,-5.981,43.396,175.545,61.529,161.801
-0.56,0.081,-0.636,21.24,-6.226,35.95,175.018,61.666,159.593
-0.679,0.014,-0.683,30.151,-20.691,25.208,175.397,62.353,157.994
-0.671,0.021,-0.677,30.151,-23.376,15.625,176.067,63.413,156.879
-0.781,-0.05,-0.688,23.621,-19.226,10.986,177.012,64.638,156.407
-0.741,-0.115,-0.76,12.39,9.827,5.249,177.632,64.902,156.346
-0.742,-0.049,-0.878,-0.732,10.01,-5.066,177.995,64.49,156.769
-0.664,-0.073,-1.028,1.221,15.564,-16.846,178.802,63.842,157.78
-0.852,-0.015,-1.065,-11.963,-19.47,-18.555,179.648,64.105,159.005
-0.838,0.104,-0.954,-9.949,8.118,-32.776,-179.863,64.583,160.51
-0.548,0.164,-0.822,-21.667,26.794,-27.771,-179.193,63.567,162.686
-0.525,0.205,-0.75,-19.226,18.86,-22.583,-179.412,62.545,164.097
-0.465,0.178,-0.662,-11.414,27.161,-36.438,-179.264,61.403,165.828
-0.354,0.133,-0.594,-10.742,18.005,-34.485,-178.72,60.227,167.997
-0.429,0.098,-0.607,-5.127,6.287,-32.593,-178.259,59.667,169.871
-0.456,0.036,-0.601,-3.845,5.798,-28.381,-177.693,59.37,171.623
-0.535,0.003,-0.641,-8.362,-10.864,-20.996,-177.363,59.535,173.057
-0.612,0.041,-0.712,-9.216,-5.554,-20.63,-177.325,60.123,174.386
-0.664,0.053,-0.754,-10.498,-16.968,-23.743,-177.1,60.667,175.957
-0.714,0.062,-0.813,-8.789,-6.226,-28.32,-176.743,61.452,177.781
-0.648,0.04,-0.842,-14.099,-4.456,-27.832,-176.38,61.617,179.709
-0.777,0.058,-1.075,-19.348,-0.061,-12.939,-176.583,61.716,-178.929
-0.864,0.073,-1.129,-9.46,-5.676,8.362,-177.523,61.913,-179.006
-0.595,-0.035,-0.945,-6.47,21.301,31.982,-178.517,61.6,179.945
-0.27,-0.043,-0.763,0.793,1.526,49.805,179.709,60.645,177.281
-0.452,-0.097,-0.698,0.61,-21.667,39.246,178.336,61.128,174.424
-0.521,-0.032,-0.672,6.775,-2.93,43.091,177.061,61.49,171.76
-0.479,-0.106,-0.638,3.418,7.69,42.725,176.111,60.963,169.239
-0.527,-0.065,-0.645,-3.296,5.737,44.312,174.919,60.342,166.794
-0.597,0.008,-0.654,-11.414,1.404,51.697,173.287,59.875,164.312
-0.648,0.126,-0.714,-9.766,4.089,56.58,171.172,59.436,161.543
-0.608,0.229,-0.725,2.319,10.864,42.236,169.53,58.722,159.159
-0.516,0.237,-0.756,12.817,6.653,25.94,169.063,58.035,157.78
-0.585,0.141,-0.844,18.005,0.366,12.085,169.288,57.903,157.044
-0.613,0.05,-0.974,10.62,2.441,-0.122,170.052,57.827,157.088
-0.748,0.112,-1.139,2.014,-15.015,-13.977,170.651,58.189,157.522
-0.767,0.279,-1.081,-10.559,-11.292,-26.306,171.101,59.233,158.659
-0.448,0.298,-0.821,-7.629,12.085,-43.274,171.974,59.354,160.884
-0.532,0.366,-0.82,-12.695,3.967,-49.255,172.974,59.238,163.713
-0.445,0.323,-0.724,-4.822,13.794,-63.782,174.26,59.062,167.02
-0.444,0.28,-0.667,0.977,11.902,-68.97,176.138,58.87,170.969
-0.378,0.157,-0.577,7.507,12.756,-74.768,178.401,58.431,175.111
-0.46,0.062,-0.609,6.042,10.315,-74.097,-179.193,58.057,179.39
-0.497,-0.008,-0.643,1.831,11.047,-71.411,-176.995,57.53,-176.391
-0.58,-0.118,-0.742,-5.554,9.277,-60.974,-175.133,57.063,-172.392
-0.585,-0.122,-0.759,-16.052,8.484,-45.532,-174.133,56.569,-169.096
-0.522,-0.017,-0.834,-14.648,10.376,-25.513,-173.969,56.124,-166.838
-0.52,-0.038,-0.864,-9.827,-4.7,-14.771,-173.881,56.074,-165.416
-0.532,-0.003,-0.903,-4.15,-11.719,-4.395,-174.051,56.354,-164.773
-0.758,0.002,-1.201,-9.644,-12.695,17.212,-174.6,57.068,-165.064
-0.813,-0.028,-1.235,-0.427,-5.92,14.404,-175.485,57.535,-166.058
-0.591,-0.147,-1.016,-6.287,7.263,16.052,-175.979,57.42,-166.652
-0.359,-0.08,-0.849,-6.409,9.338,29.236,-177.094,56.909,-168.008
-0.357,-0.093,-0.778,-1.099,15.015,27.588,-177.891,56.316,-169.492
-0.244,-0.054,-0.728,-4.944,17.029,39.307,-178.929,55.168,-171.486
-0.296,-0.041,-0.691,-4.761,11.902,27.344,-179.951,54.322,-173.458
-0.401,-0.039,-0.698,-7.812,3.54,15.747,179.396,53.718,-174.578
-0.544,-0.023,-0.746,-7.935,11.841,10.437,178.912,53.355,-175.056
-0.524,0.029,-0.805,-4.089,14.587,10.681,178.478,52.69,-175.27
-0.413,0.053,-0.817,-0.061,7.874,7.935,178.314,52.18,-175.358
-0.425,0.085,-0.782,7.629,-17.822,-2.075,178.44,52.443,-175.32
-0.52,-0.024,-0.859,7.507,-3.418,-0.793,178.995,53.19,-175.007
-0.465,-0.045,-0.918,3.174,-2.625,2.502,179.264,53.262,-174.825
-0.594,-0.018,-1.109,0.366,-14.954,-0.977,179.385,53.531,-174.754
-0.63,0.059,-1.185,-3.967,-4.578,-12.268,179.714,54.08,-174.183
-0.824,0.178,-1.262,10.498,-18.127,-43.03,-179.231,54.849,-172.463
-0.443,0.102,-0.909,13.123,26.733,-40.71,-177.385,54.316,-169.893
-0.347,0.125,-0.858,2.441,7.568,-27.954,-176.336,53.295,-168.184
-0.349,0.083,-0.715,-2.197,5.859,-39.062,-175.611,52.965,-166.404
-0.394,0.051,-0.65,-5.188,4.15,-43.457,-174.924,52.63,-164.224
-0.376,-0.008,-0.604,-7.935,7.019,-45.898,-174.315,52.213,-161.84
-0.446,-0.025,-0.634,-8.85,8.362,-43.701,-173.743,51.806,-159.329
-0.445,-0.052,-0.652,-5.859,8.118,-40.527,-173.26,51.323,-156.995
-0.53,-0.093,-0.772,-10.803,6.165,-30.945,-172.738,51.103,-154.698
-0.53,-0.102,-0.814,-10.071,4.761,-28.381,-172.617,50.867,-152.88
-0.456,-0.054,-0.823,-15.808,0.183,-24.536,-172.628,50.768,-151.111
-0.476,-0.098,-0.807,-10.986,-14.465,-33.142,-172.557,51.196,-149.266
-0.575,-0.032,-0.891,-21.179,-21.851,-26.489,-172.59,52.125,-147.266
-0.509,0.002,-0.942,-20.691,-21.606,-17.944,-172.991,53.091,-145.739
-0.779,-0.048,-1.107,-8.179,-40.039,-17.212,-173.238,54.871,-144.564
-0.866,-0.056,-1.241,-12.329,-21.912,-5.554,-173.342,56.404,-143.597
-0.48,-0.056,-1.058,-13.916,-5.188,10.986,-174.04,57.09,-143.586
-0.204,0.034,-0.946,-5.92,-12.39,21.118,-175.226,57.349,-144.706
-0.222,-0.06,-0.896,-3.845,-23.376,20.142,-175.869,58.112,-146.014
-0.256,0.027,-0.751,-14.16,-30.029,35.522,-177.512,59.112,-148.26
-0.4,0.033,-0.704,-10.925,-26.489,24.719,-179.203,60.095,-150.562
-0.452,0.091,-0.704,-7.202,-6.836,20.691,179.506,60.491,-152.205
-0.439,0.017,-0.668,-0.305,-9.949,15.503,178.781,60.524,-153.484
-0.535,0.026,-0.644,2.686,-16.235,8.118,178.429,61.024,-154.265
-0.664,-0.055,-0.648,1.16,-15.991,-8.728,178.665,61.815,-154.111
-0.739,-0.045,-0.683,-14.954,-2.686,-24.78,179.0,62.408,-152.715
-0.705,-0.075,-0.673,-26.428,7.996,-51.392,179.61,62.556,-149.843
-0.639,-0.102,-0.699,-40.222,9.766,-73.669,-179.418,62.413,-145.316
-0.757,-0.036,-0.846,-49.927,10.376,-81.299,-178.522,62.183,-139.889
-0.738,-0.042,-0.909,-48.462,23.071,-102.417,-177.319,61.595,-133.83
-0.691,0.004,-0.872,-53.833,15.32,-113.586,-175.693,60.683,-126.788
-0.563,0.02,-0.744,-51.208,17.578,-116.943,-174.177,59.7,-119.729
-0.451,0.037,-0.673,-50.842,15.381,-112.305,-172.875,58.651,-112.983
-0.51,0.055,-0.706,-48.035,-7.263,-100.159,-172.007,57.997,-106.968
-0.707,0.065,-0.826,-44.922,-2.93,-84.351,-171.513,58.079,-101.964
-0.595,0.045,-0.778,-41.931,11.108,-71.899,-171.359,57.53,-97.91
-0.563,0.07,-0.795,-36.682,3.906,-63.477,-171.513,56.964,-94.603
-0.517,0.033,-0.745,-34.607,-4.15,-58.411,-171.573,56.832,-91.604
-0.61,0.003,-0.753,-30.273,-16.785,-54.81,-171.557,57.321,-88.781
-0.634,0.038,-0.75,-30.212,-14.282,-43.091,-171.683,58.041,-86.396
-0.602,0.093,-0.748,-26.184,-16.357,-31.433,-172.084,58.744,-84.754
-0.634,0.12,-0.778,-21.362,-18.005,-14.282,-172.667,59.7,-83.952
-0.857,0.137,-1.072,-3.662,-21.118,-10.132,-173.331,60.601,-84.084
-0.635,-0.071,-0.855,7.08,-4.456,-22.644,-172.639,61.458,-83.507
-0.457,-0.16,-0.749,7.263,1.587,-19.592,-171.683,61.386,-82.727
-0.529,-0.222,-0.737,10.864,-12.573,-33.508,-170.316,61.49,-81.447
-0.638,-0.231,-0.766,-1.465,-5.615,-13.55,-169.063,61.765,-79.997
-0.605,-0.253,-0.734,-14.954,7.935,-15.747,-168.86,61.584,-79.31
-0.538,-0.153,-0.711,-33.386,6.714,-18.066,-169.327,61.068,-78.289
-0.549,-0.105,-0.711,-40.588,-0.061,-26.245,-170.272,60.738,-77.042
-0.572,-0.071,-0.731,-42.358,-1.892,-33.386,-171.101,60.661,-75.245
-0.537,-0.087,-0.747,-41.138,1.404,-43.03,-171.689,60.463,-73.043
-0.553,-0.136,-0.755,-41.077,-10.681,-54.199,-171.826,60.518,-70.164
-0.654,-0.136,-0.832,-46.875,-1.892,-56.763,-171.887,60.639,-66.868
-0.517,-0.104,-0.818,-45.105,1.831,-60.12,-171.996,60.183,-63.517
-0.76,-0.082,-0.972,-35.889,-12.451,-70.251,-171.634,60.216,-59.81
-0.734,-0.016,-0.99,-39.917,-2.563,-72.571,-170.81,60.046,-55.64
-0.475,0.049,-0.788,-48.035,2.014,-65.43,-170.585,59.683,-51.96
-0.554,0.146,-0.723,-54.138,-23.376,-62.256,-171.244,59.98,-48.84
-0.598,0.125,-0.719,-56.946,-5.249,-76.477,-171.788,60.392,-45.417
-0.608,0.138,-0.732,-60.486,-2.441,-79.224,-172.211,60.337,-41.589
-0.552,0.14,-0.726,-56.458,6.775,-77.881,-172.661,60.002,-37.87
-0.556,0.117,-0.72,-47.058,-3.967,-69.58,-172.991,59.755,-34.503
-0.637,0.094,-0.745,-39.185,-5.493,-55.969,-173.243,59.991,-31.789
-0.598,0.088,-0.725,-30.09,-1.343,-43.823,-173.502,60.134,-29.861
-0.558,0.068,-0.678,-21.606,-3.723,-32.532,-173.672,60.337,-28.575
-0.594,0.078,-0.703,-15.564,-9.766,-19.836,-173.958,60.705,-28.021
-0.574,0.123,-0.723,-17.761,-4.333,-1.465,-174.65,61.205,-28.389
-0.658,0.222,-0.815,-5.066,-25.208,-2.075,-175.523,62.023,-29.383
-0.796,0.186,-0.852,24.719,-57.129,-7.263,-174.902,64.303,-29.921
-1.306,0.085,-1.094,45.898,-77.148,5.859,-173.227,68.203,-30.762
-1.146,-0.197,-0.953,49.255,-15.198,8.179,-171.216,70.389,-32.02
-0.661,-0.289,-0.834,19.836,17.029,18.433,-170.524,70.192,-33.695
-0.454,-0.249,-0.727,6.897,24.292,13.916,-170.964,69.148,-35.425
-0.406,-0.215,-0.739,-6.226,24.658,18.555,-171.705,67.747,-36.733
-0.343,-0.145,-0.688,-20.203,33.081,28.931,-173.337,66.182,-38.474
-0.349,-0.046,-0.616,-29.053,20.874,28.931,-175.611,64.649,-40.303
-0.5,0.029,-0.693,-27.954,17.212,22.034,-177.863,63.594,-41.863
-0.454,0.076,-0.675,-20.508,14.587,8.179,-179.522,62.446,-42.852
-0.603,0.036,-0.73,-17.883,-3.113,-1.77,179.55,62.172,-43.182
-0.622,0.045,-0.736,-15.076,6.348,-3.418,178.89,62.062,-43.22
-0.626,0.075,-0.727,-10.132,2.136,2.625,178.264,61.853,-43.533
-0.539,0.043,-0.771,-3.296,8.362,7.263,177.874,61.551,-44.121
-0.638,0.025,-0.918,-1.831,2.502,12.329,177.418,61.342,-45.049
-0.664,0.051,-1.018,-2.197,-10.864,3.723,177.05,61.381,-45.829
-0.931,0.144,-1.134,-3.296,-20.996,-12.512,177.133,62.325,-45.775
-0.737,0.103,-0.931,1.709,10.864,-35.767,178.204,62.639,-44.396
-0.366,0.141,-0.79,-18.311,22.644,-32.166,179.088,61.501,-42.44
-0.51,0.27,-0.763,-27.893,-4.211,-28.687,178.693,61.485,-41.204
-0.558,0.252,-0.757,-21.667,22.156,-54.321,178.901,60.947,-39.067
-0.402,0.224,-0.625,-23.01,21.667,-54.749,179.429,59.93,-36.365
-0.428,0.124,-0.592,-18.433,10.193,-43.823,179.83,59.348,-34.167
-0.483,0.084,-0.567,-12.756,1.038,-23.376,179.791,59.15,-33.052
-0.581,0.142,-0.725,-11.292,12.085,-16.663,179.577,59.189,-32.668
-0.535,0.153,-0.764,-2.625,3.723,-22.095,179.67,58.667,-32.212
-0.528,0.168,-0.871,4.517,4.639,-21.606,-179.731,58.738,-31.536
-0.558,0.042,-0.879,5.92,-10.742,-14.832,-178.989,58.953,-31.097
-0.644,0.073,-1.047,-6.775,0.488,-2.197,-178.918,59.266,-31.069
-0.672,0.07,-1.123,-9.277,-8.606,11.963,-179.615,59.255,-31.794
-0.908,0.045,-1.245,-0.305,-3.601,14.709,179.467,59.749,-33.036
-0.404,-0.045,-0.832,5.493,16.602,26.306,178.962,59.095,-34.459
-0.347,-0.118,-0.75,12.817,-7.568,26.611,178.594,58.744,-36.227
-0.378,-0.049,-0.705,6.653,2.686,35.034,178.264,58.678,-37.903
-0.314,-0.025,-0.648,12.817,8.057,36.987,177.759,58.013,-39.99
-0.363,-0.057,-0.672,9.46,-0.488,24.658,177.621,57.557,-41.506
-0.496,-0.034,-0.726,5.31,-5.371,21.484,177.517,57.524,-42.599
-0.584,-0.014,-0.785,2.991,-6.104,21.484,177.253,57.739,-43.748
-0.599,0.015,-0.794,2.258,-3.357,20.935,176.863,57.827,-44.995
-0.559,0.056,-0.765,2.808,-2.441,22.4,176.446,57.925,-46.274
-0.58,0.07,-0.759,10.193,-5.676,26.855,176.1,58.096,-47.818
-0.552,0.057,-0.794,14.587,-3.174,28.198,175.908,58.189,-49.565
-0.566,0.025,-0.847,16.724,-0.305,29.053,175.902,58.167,-51.262
-0.571,-0.011,-0.958,18.188,-8.545,23.315,175.968,58.206,-52.888
-0.72,-0.059,-0.993,12.329,-18.188,15.808,176.27,58.832,-53.965
-0.999,0.058,-1.152,6.348,-7.568,18.311,176.232,59.546,-54.987
-0.604,0.117,-0.931,8.972,18.433,4.639,176.347,59.084,-55.657
-0.319,0.179,-0.781,1.587,18.372,-4.395,176.754,58.222,-55.519
-0.413,0.235,-0.813,-2.136,17.883,-8.24,176.907,57.404,-55.206
-0.231,0.18,-0.776,-3.296,19.897,-24.963,177.275,56.195,-54.245
-0.309,0.176,-0.724,-8.301,-5.92,-27.649,177.567,55.953,-52.85
-0.488,0.151,-0.688,-6.287,-9.949,-28.503,177.814,56.387,-51.553
-0.516,0.142,-0.676,-4.333,4.028,-29.053,178.193,56.53,-50.273
-0.531,0.103,-0.667,-3.479,0.061,-29.968,178.726,56.497,-48.933
-0.569,0.104,-0.69,-5.737,-0.61,-29.907,179.182,56.739,-47.62
-0.545,0.043,-0.706,-6.47,0.305,-32.471,179.758,56.942,-46.148
-0.605,0.049,-0.765,-12.085,-2.747,-24.231,-179.984,57.261,-44.868
-0.471,0.085,-0.772,-15.869,-4.15,-16.113,179.819,57.469,-44.066
-0.665,0.147,-0.968,-13.184,-7.629,-15.137,179.456,58.041,-43.44
-0.601,0.176,-0.983,-11.841,-1.16,-3.845,179.011,58.096,-43.176
-0.722,0.141,-1.153,-5.127,-9.888,-4.883,178.539,58.343,-43.27
-0.867,0.044,-1.164,1.343,7.629,-0.61,178.44,58.64,-43.319
-0.424,-0.021,-0.896,-3.662,23.865,30.09,178.006,57.585,-44.143
-0.302,0.04,-0.77,9.766,10.193,44.617,176.847,56.514,-46.494
-0.378,-0.019,-0.738,12.634,13.489,35.95,176.44,55.695,-48.582
-0.317,0.005,-0.711,11.475,26.489,31.494,176.226,54.371,-50.191
-0.25,-0.024,-0.646,8.789,18.372,16.541,176.347,53.009,-51.092
-0.4,-0.03,-0.688,3.601,-1.526,2.197,176.638,52.592,-51.202
-0.541,-0.001,-0.754,-2.441,3.601,-1.038,176.825,52.646,-50.955
-0.529,0.017,-0.792,0.061,5.371,0.488,176.979,52.366,-50.762
-0.502,0.03,-0.819,-1.648,9.766,10.315,176.935,52.141,-50.993
-0.49,0.021,-0.812,0.244,-0.305,13.794,176.715,51.949,-51.652
-0.483,0.014,-0.851,0.0,-1.099,17.7,176.446,52.07,-52.46
-0.49,0.026,-1.019,6.592,10.864,24.597,176.182,51.877,-53.553
-0.456,-0.027,-1.115,12.573,-5.676,13.733,176.336,51.531,-54.503
-0.62,0.01,-1.201,0.183,-15.442,11.292,176.638,51.998,-54.877
-0.638,0.13,-1.137,0.732,-1.648,5.859,176.451,52.526,-55.305
-0.304,0.162,-0.858,-2.197,8.545,-5.92,176.561,52.245,-55.102
-0.283,0.25,-0.798,-11.108,-8.057,-0.122,176.353,52.026,-54.778
-0.393,0.283,-0.784,-6.775,1.648,-10.437,175.809,52.262,-54.728
-0.313,0.265,-0.731,-3.052,11.292,-29.968,175.913,51.833,-53.707
-0.352,0.209,-0.729,3.845,6.714,-39.124,176.583,51.504,-52.015
-0.383,0.223,-0.742,9.155,8.118,-36.865,177.523,51.262,-50.273
-0.341,0.154,-0.707,14.954,4.272,-37.72,178.792,51.026,-48.593
-0.414,0.097,-0.699,14.648,-13.489,-38.147,-179.863,51.438,-46.917
-0.511,0.039,-0.778,11.292,-15.381,-43.823,-178.478,52.344,-45.044
-0.489,-0.016,-0.872,0.488,-17.578,-47.913,-177.138,53.201,-42.66
-0.502,-0.055,-0.922,-12.817,-26.123,-42.48,-176.331,54.267,-40.215
-0.677,0.013,-1.064,-22.644,-27.161,-23.01,-176.451,55.635,-38.496
-0.864,0.051,-1.176,-15.32,-17.578,-6.47,-177.083,56.569,-37.87
-0.687,-0.114,-1.018,-5.981,-7.874,2.625,-177.391,57.129,-37.771
-0.434,-0.114,-0.821,-7.629,15.991,28.687,-178.171,56.926,-38.666
-0.336,-0.16,-0.784,4.089,14.709,29.846,-179.05,56.041,-40.325
-0.317,-0.176,-0.74,0.183,17.09,28.992,-179.451,55.201,-41.539
-0.302,-0.179,-0.72,-5.737,5.981,33.325,179.868,54.399,-42.891
-0.363,-0.125,-0.693,-18.311,-7.69,32.532,178.819,54.278,-44.16
-0.503,0.004,-0.731,-20.325,-8.606,36.499,177.253,54.613,-45.632
-0.445,0.091,-0.725,-14.282,-2.991,43.396,175.573,54.635,-47.554
-0.475,0.133,-0.779,-2.014,-15.198,38.696,174.117,54.827,-49.774
-0.268,0.067,-0.899,2.197,-26.001,34.119,173.26,55.459,-51.696
-0.573,0.107,-0.891,7.629,-76.05,26.489,172.408,57.909,-53.685
-0.831,0.065,-0.997,13.062,-23.254,15.503,172.238,60.117,-55.102
-0.799,0.145,-0.96,16.296,-38.94,-10.559,172.842,61.419,-55.305
-1.02,0.246,-1.077,13.184,-6.775,-28.564,174.276,62.825,-54.08
-0.542,0.143,-0.775,7.385,22.827,-41.382,176.429,62.43,-51.619
-0.437,0.274,-0.784,-10.62,13.672,-22.583,177.308,61.474,-49.697
-0.514,0.268,-0.754,-6.775,17.09,-41.016,177.753,60.958,-48.082
-0.451,0.238,-0.649,-9.949,31.494,-60.12,178.995,59.837,-44.973
-0.384,0.157,-0.582,-3.418,20.996,-57.251,-179.67,58.579,-41.841
-0.506,0.106,-0.628,-2.136,14.587,-50.598,-178.418,57.98,-39.172
-0.43,0.017,-0.625,-1.953,18.372,-47.058,-177.188,57.101,-36.733
-0.522,-0.042,-0.71,-7.507,6.836,-39.49,-176.353,56.689,-34.607
-0.557,-0.059,-0.779,-15.564,0.977,-34.668,-175.908,56.475,-32.684
-0.5,-0.045,-0.845,-24.963,0.793,-26.672,-175.957,56.492,-31.025
-0.461,0.044,-0.884,-19.592,-20.203,-22.278,-176.429,56.948,-29.685
-0.664,0.05,-1.022,-20.325,-16.541,-1.587,-176.962,57.958,-28.943
-0.725,0.063,-1.038,-13.977,-22.827,9.888,-178.171,58.914,-29.548
-0.943,0.05,-1.122,-9.338,-22.461,11.658,-179.231,60.029,-30.311
-0.572,0.007,-0.847,-8.423,2.319,27.893,179.572,60.326,-31.668
-0.368,0.022,-0.737,0.122,-0.916,37.17,178.149,59.974,-33.799
-0.437,-0.036,-0.74,5.493,7.812,30.273,177.457,59.788,-35.502
-0.398,-0.028,-0.696,2.075,2.197,41.016,176.484,59.117,-37.496
-0.423,-0.051,-0.657,-2.808,7.141,33.02,175.441,58.623,-39.353
-0.475,-0.02,-0.702,-10.437,-2.319,28.748,174.424,58.299,-40.699
-0.488,0.116,-0.697,-9.338,-2.258,38.147,172.963,58.041,-42.413
-0.55,0.19,-0.755,2.808,-5.676,37.72,171.711,58.002,-44.495
-0.522,0.173,-0.732,13.977,-14.587,34.79,171.046,58.035,-46.604
-0.614,0.12,-0.798,15.93,-16.174,29.907,170.695,58.634,-48.658
-0.569,0.083,-0.773,12.207,-21.179,19.653,170.524,59.222,-50.273
-0.668,0.066,-0.845,4.089,-11.963,5.127,170.464,60.084,-51.141
-0.719,0.075,-0.951,0.732,-5.188,-18.738,170.821,60.507,-50.707
-0.709,0.206,-1.046,-11.047,-11.23,-19.775,171.436,60.903,-49.235
-0.824,0.218,-1.036,-1.038,-3.113,-26.245,172.062,61.661,-47.851
-0.542,0.276,-0.84,-2.93,21.545,-26.245,173.035,61.232,-46.055
-0.403,0.285,-0.775,-5.066,4.822,-25.879,173.743,60.513,-44.44
-0.524,0.261,-0.707,-4.211,1.16,-32.837,174.276,60.76,-42.924
-0.465,0.214,-0.611,-4.517,7.568,-39.734,175.204,60.59,-40.847
-0.488,0.169,-0.575,-1.892,6.104,-41.443,176.188,60.524,-38.743
-0.484,0.152,-0.571,-1.709,12.329,-40.344,177.27,60.255,-36.634
-0.542,0.099,-0.612,2.502,4.883,-38.208,178.429,60.095,-34.695
-0.638,0.056,-0.664,2.563,2.869,-29.907,179.566,60.183,-33.025
-0.611,0.009,-0.703,1.038,5.859,-26.428,-179.467,60.189,-31.674
-0.648,-0.002,-0.753,-3.662,1.343,-22.522,-178.742,60.266,-30.46
-0.557,0.005,-0.769,-11.475,-0.305,-23.804,-178.33,60.309,-29.284
-0.692,0.049,-0.938,-18.921,-4.883,-29.114,-178.138,60.743,-27.834
-0.641,0.094,-1.014,-24.475,-2.563,-22.278,-178.275,60.809,-26.34
-0.788,0.032,-1.038,-27.954,-15.869,-26.611,-178.654,61.556,-25.005
-0.948,0.038,-1.142,-26.123,-7.996,-16.113,-179.242,62.199,-23.752
-0.567,0.082,-0.841,-25.513,12.512,17.883,179.385,62.04,-23.906
-0.333,0.103,-0.739,-4.089,11.841,22.827,177.803,61.166,-25.444
-0.401,0.026,-0.722,10.193,1.16,12.939,177.665,60.848,-26.23
-0.427,0.012,-0.671,17.395,3.662,31.189,177.567,60.491,-27.57
-0.442,-0.037,-0.64,19.47,5.859,35.034,177.358,59.936,-29.564
-0.474,-0.086,-0.689,13.611,4.15,24.231,177.38,59.529,-31.08
-0.557,-0.025,-0.728,4.15,0.0,27.161,177.1,59.299,-32.371
-0.578,0.044,-0.739,0.549,0.244,29.663,176.375,59.183,-33.992
-0.569,0.052,-0.742,1.77,-5.188,19.531,175.82,59.249,-35.359
-0.516,0.046,-0.789,0.488,-10.254,3.845,175.699,59.672,-35.931
-0.452,0.036,-0.851,2.502,-26.245,-2.197,175.748,60.48,-36.002
-0.685,-0.008,-0.87,2.563,-35.583,-0.488,175.902,62.111,-36.03
-0.922,-0.042,-0.982,2.258,-30.945,-14.343,176.32,63.622,-35.689
-1.048,0.099,-1.109,-11.414,-7.263,-12.573,176.699,64.594,-34.816
-0.73,0.194,-0.896,-8.057,24.597,-21.118,177.012,64.308,-33.695
-0.415,0.233,-0.736,-10.01,13.245,-20.569,177.572,63.166,-32.261
-0.649,0.172,-0.699,-12.268,-6.104,-20.02,177.731,63.479,-31.245
-0.565,0.219,-0.634,-16.418,20.02,-31.25,177.72,63.062,-29.976
-0.453,0.157,-0.544,-17.456,30.884,-41.504,178.215,62.001,-27.9
-0.391,0.113,-0.529,-14.954,21.118,-48.767,178.907,60.881,-25.428
-0.558,0.065,-0.644,-19.043,19.592,-47.546,179.621,60.266,-22.852
-0.498,0.051,-0.657,-19.104,13.977,-43.274,-179.923,59.524,-20.506
-0.601,0.051,-0.69,-22.095,0.549,-38.757,-179.709,59.54,-18.484
-0.633,0.036,-0.691,-22.522,-3.479,-40.161,-179.467,59.799,-16.436
-0.675,0.074,-0.714,-21.667,3.479,-35.645,-179.341,60.128,-14.584
-0.549,0.056,-0.656,-17.334,-2.38,-40.1,-179.033,60.222,-12.766
-0.818,0.046,-0.78,-19.653,-14.221,-36.194,-178.407,61.166,-10.651
-0.639,0.091,-0.704,-12.695,-3.174,-27.588,-178.204,61.529,-9.278
-0.932,0.166,-0.911,-8.789,-20.935,-16.113,-177.924,62.567,-8.372
-0.975,0.138,-1.043,4.578,-9.155,-12.085,-177.77,63.353,-8.256
-0.847,0.082,-1.263,1.099,6.042,-17.7,-177.083,63.699,-7.767
-0.199,0.005,-1.038,-3.784,-10.803,-12.329,-176.649,63.512,-7.125
-0.341,-0.012,-0.938,-3.723,-53.223,-27.893,-176.314,64.885,-5.927
-0.585,0.012,-0.782,-12.207,-23.743,-23.987,-175.397,66.588,-3.642
-0.51,-0.033,-0.698,-5.493,-5.615,-29.419,-174.787,66.747,-1.884
-0.597,-0.147,-0.673,-13.794,16.968,-44.8,-173.6,66.05,0.659
-0.506,-0.123,-0.613,-26.978,28.259,-47.119,-172.793,64.418,3.488
-0.48,-0.117,-0.61,-34.973,27.527,-45.288,-172.507,62.732,6.185
-0.483,-0.065,-0.608,-35.034,15.686,-37.048,-172.749,61.501,8.388
-0.532,-0.059,-0.635,-30.64,5.615,-37.781,-172.936,60.908,10.349
-0.594,-0.063,-0.673,-28.503,-3.967,-38.757,-172.881,60.831,12.426
-0.554,-0.065,-0.673,-24.109,-1.648,-33.142,-172.859,60.952,14.194
-0.437,-0.118,-0.659,-17.883,-13.0,-38.086,-172.535,61.161,15.985
-0.631,-0.265,-0.718,-23.865,-32.41,-61.462,-171.244,62.298,19.237
-0.799,-0.32,-0.783,-38.269,-36.56,-58.35,-170.019,63.638,23.049
-1.07,-0.272,-0.917,-45.959,-33.02,-64.819,-169.239,64.979,26.895
-0.984,-0.185,-0.922,-58.96,-22.644,-67.139,-168.464,65.627,31.13
-0.68,-0.003,-0.636,-81.604,-0.671,-52.185,-168.712,66.077,34.991
-0.469,0.277,-0.558,-71.655,-10.315,-47.546,-170.7,65.863,37.425
-0.711,0.22,-0.588,-67.688,-40.649,-56.58,-171.793,67.17,40.622
-0.928,0.231,-0.648,-61.768,-20.508,-63.11,-172.491,68.67,44.423
-0.858,0.283,-0.604,-61.951,17.883,-45.654,-173.441,68.626,47.642
-0.634,0.24,-0.633,-45.776,38.574,-43.213,-174.694,67.121,50.092
-0.506,0.195,-0.663,-44.128,26.489,-60.425,-175.232,65.473,53.822
-0.619,0.134,-0.708,-39.978,4.333,-68.42,-175.056,64.748,58.716
-0.595,0.168,-0.689,-44.067,4.578,-59.753,-175.045,64.424,63.424
-0.678,0.156,-0.721,-34.241,-6.47,-58.472,-174.952,64.413,67.945
-0.578,0.159,-0.671,-25.818,-8.789,-50.659,-174.727,64.545,72.197
-0.76,0.127,-0.764,-26.062,-26.245,-38.513,-174.54,65.462,75.932
-0.878,0.104,-0.938,-10.681,-23.376,-46.143,-174.534,66.259,79.195
-0.699,-0.168,-0.759,-7.019,-16.174,-60.608,-172.491,67.209,83.87
-0.66,-0.269,-0.789,-15.564,0.793,-43.335,-170.865,67.187,87.77
-0.632,-0.284,-0.8,-28.992,15.198,-40.344,-169.931,66.566,90.846
-0.543,-0.144,-0.748,-34.546,15.686,-13.611,-170.365,65.462,92.576
-0.57,-0.097,-0.695,-35.4,2.075,-10.01,-171.573,64.869,93.274
-0.62,-0.066,-0.693,-37.231,6.653,-15.991,-172.744,64.688,94.323
-0.589,-0.104,-0.652,-41.87,5.005,-30.396,-173.639,64.215,96.097
-0.62,-0.075,-0.704,-48.767,6.409,-31.006,-174.463,63.902,98.487
-0.632,-0.052,-0.701,-48.34,-1.526,-31.25,-175.529,63.776,100.876
-0.628,-0.057,-0.688,-49.011,-2.441,-27.649,-176.589,63.907,103.359
-0.665,-0.056,-0.713,-50.842,-2.991,-27.954,-177.841,64.144,105.738
-0.66,-0.071,-0.717,-50.659,-10.864,-39.307,-178.715,64.6,108.726
-0.708,-0.075,-0.742,-50.659,-21.912,-42.053,-179.22,65.709,112.253
-0.904,0.031,-0.842,-51.697,-22.461,-24.658,179.742,67.099,115.197
-0.948,0.165,-0.921,-40.894,-1.709,-13.367,178.275,67.714,117.279
-0.785,0.236,-0.975,-25.208,15.442,-21.973,177.479,67.341,119.416
-0.537,0.246,-0.921,-22.156,6.226,-33.264,177.742,66.846,122.388
-0.516,0.323,-0.813,-39.551,-10.681,-31.006,177.413,66.819,125.068
-0.646,0.358,-0.75,-46.997,-5.676,-43.701,176.616,67.291,128.051
-0.667,0.393,-0.745,-41.626,21.301,-50.476,176.232,66.984,131.891
-0.511,0.371,-0.672,-31.433,31.677,-43.457,176.182,65.605,135.769
-0.395,0.339,-0.592,-18.616,28.137,-36.56,176.21,64.078,139.026
-0.481,0.255,-0.605,-7.751,11.597,-34.851,176.468,63.111,141.746
-0.494,0.162,-0.587,-0.916,14.893,-41.077,177.231,62.479,144.597
-0.533,0.098,-0.602,1.038,1.404,-46.448,178.522,62.111,147.925
-0.624,0.041,-0.611,-0.854,-5.188,-43.701,179.885,62.413,151.32
-0.71,0.007,-0.659,1.587,0.427,-46.265,-178.61,62.677,154.814
-0.681,0.018,-0.733,-3.418,14.771,-37.292,-177.336,62.43,158.165
-0.625,-0.026,-0.788,-5.493,13.184,-33.63,-176.314,61.721,161.131
-0.524,0.005,-0.862,-11.108,17.334,-22.827,-175.924,61.002,163.488
-0.562,0.012,-0.927,-14.587,-16.174,-5.493,-176.171,60.941,164.828
-0.91,0.085,-1.075,-17.212,-21.179,7.202,-177.188,62.15,165.185
-0.901,0.046,-1.127,-2.869,2.808,9.766,-177.957,62.331,165.218
-0.712,-0.042,-0.996,4.517,17.944,22.583,-178.5,61.93,164.844
-0.346,-0.061,-0.773,6.531,17.334,37.292,-179.357,60.782,163.526
-0.357,-0.133,-0.694,11.78,1.16,28.503,-179.907,60.353,161.96
-0.439,-0.118,-0.651,2.319,1.526,25.94,179.709,60.095,160.79
-0.375,-0.117,-0.652,-4.456,14.465,29.297,179.033,59.568,159.675
-0.365,-0.054,-0.636,-9.583,-3.662,28.564,177.995,59.019,158.406
-0.542,0.007,-0.688,-11.658,-12.329,29.297,176.814,59.315,157.17
-0.596,0.073,-0.714,-4.639,-5.981,24.719,175.671,59.694,156.05
-0.561,0.113,-0.713,6.592,-16.296,1.099,175.413,60.117,155.836
-0.675,0.039,-0.717,5.798,-12.634,-6.531,176.001,61.062,156.693
-0.622,-0.024,-0.733,2.197,-0.488,0.366,176.391,61.392,157.505
-0.671,-0.015,-0.874,1.465,0.793,8.728,176.347,61.43,157.791
-0.557,-0.018,-0.899,-0.916,13.428,18.555,176.006,60.969,157.478
-0.61,0.008,-0.938,-1.465,-17.7,8.24,175.605,61.084,157.006
-0.834,0.163,-1.034,-3.357,-15.747,5.981,175.248,61.93,156.808
-0.861,0.159,-1.019,6.775,-5.371,-7.141,175.616,62.369,157.286
-0.588,0.268,-0.767,4.211,17.944,-3.967,176.078,62.012,158.099
-0.721,0.316,-0.81,6.653,28.809,-2.075,176.32,60.936,158.615
-0.408,0.29,-0.664,17.334,60.913,-27.71,177.231,58.623,160.016
-0.283,0.144,-0.613,26.917,33.63,-45.898,179.341,56.371,162.697
-0.279,0.019,-0.597,24.597,22.461,-48.95,-178.303,55.14,165.613
-0.327,-0.042,-0.605,19.043,8.423,-45.532,-176.138,54.289,168.426
-0.473,-0.084,-0.716,17.822,7.996,-42.114,-174.227,53.877,171.057
-0.551,-0.145,-0.803,9.583,11.719,-30.457,-172.634,53.333,173.326
-0.459,-0.192,-0.836,0.122,7.812,-29.663,-171.639,52.69,175.221
-0.467,-0.129,-0.858,-13.977,0.793,-27.832,-171.233,52.515,177.188
-0.348,-0.109,-0.75,-18.86,-9.705,-15.381,-171.425,52.674,178.671
-0.465,-0.029,-0.856,-20.569,-29.663,-10.803,-172.123,53.586,179.604
-0.672,-0.107,-0.99,-16.907,-16.907,-15.32,-172.491,54.948,-179.182
-0.695,-0.084,-1.145,-17.761,-35.767,-3.967,-173.123,56.03,-178.264
-0.818,-0.078,-1.139,-15.137,-33.63,8.118,-173.963,57.717,-178.088
-0.835,-0.119,-1.121,-16.235,-17.212,37.354,-175.336,59.145,-179.088
-0.399,-0.037,-0.768,-14.771,3.357,67.871,-178.077,59.277,177.764
-0.366,-0.049,-0.71,7.324,-10.254,63.66,179.687,59.266,173.963
-0.521,0.011,-0.714,16.479,16.541,91.553,177.896,58.925,169.678
-0.304,-0.002,-0.64,31.372,39.246,111.084,176.017,56.843,163.971
-0.174,-0.013,-0.683,29.968,13.489,105.835,174.716,54.608,158.033
-0.397,0.042,-0.711,22.583,-24.658,84.167,173.568,54.229,152.49
-0.604,0.143,-0.749,21.973,-17.7,59.998,172.678,54.63,148.134
-0.638,0.104,-0.803,18.25,-3.784,35.034,172.469,54.855,145.607
-0.597,0.091,-0.79,10.132,0.977,20.813,172.529,54.778,144.399
-0.497,0.061,-0.85,4.883,13.245,8.484,172.65,54.465,143.932
-0.433,0.069,-0.865,-2.075,0.488,6.775,172.595,54.163,143.723
-0.533,0.047,-0.985,-2.136,-6.409,3.357,172.485,54.355,143.399
-0.641,0.06,-0.974,-2.319,-16.724,-1.953,172.469,55.085,143.251
-0.82,0.16,-1.097,-3.784,-13.123,-1.831,172.43,55.811,143.218
-0.649,0.244,-1.01,0.671,-0.305,-17.883,172.76,56.195,143.893
-0.378,0.269,-0.801,-0.977,17.212,-25.757,173.524,56.014,145.497
-0.345,0.326,-0.81,-3.906,11.169,-26.123,174.1,55.289,147.151
-0.362,0.269,-0.792,-0.549,18.982,-49.866,174.946,54.761,149.343
-0.355,0.216,-0.724,-0.061,21.057,-69.275,176.479,54.003,152.979
-0.336,0.146,-0.661,2.075,15.442,-69.519,178.193,53.273,156.923
-0.386,0.087,-0.647,2.014,11.23,-64.514,179.764,52.773,160.637
-0.45,0.026,-0.713,-2.625,7.69,-59.509,-178.863,52.388,164.136
-0.572,-0.03,-0.798,-6.714,8.606,-59.204,-177.77,52.196,167.542
-0.459,-0.069,-0.801,-16.052,17.578,-48.035,-176.995,51.526,170.843
-0.443,-0.058,-0.869,-21.729,8.789,-19.409,-177.122,51.042,172.963
-0.418,0.043,-0.922,-26.794,-1.465,2.441,-178.083,50.927,173.606
-0.405,0.153,-1.062,-22.095,1.953,25.696,-179.626,50.894,172.925
-0.481,0.262,-1.074,-8.545,-26.245,25.452,178.852,51.531,171.266
-0.878,0.123,-1.316,9.705,-3.052,8.85,178.456,52.355,170.37
-0.354,0.049,-1.015,6.958,17.029,20.935,178.418,51.515,169.744
-0.22,0.003,-0.836,14.404,-4.761,28.381,178.253,51.119,168.19
-0.409,-0.068,-0.849,14.404,1.282,19.287,178.539,51.169,166.849
-0.221,-0.063,-0.743,5.798,16.541,26.428,178.544,50.279,165.471
-0.263,-0.056,-0.731,-2.502,4.089,24.841,178.171,49.62,163.889
-0.307,0.036,-0.706,0.854,-0.793,23.865,177.682,49.296,162.318
-0.447,0.001,-0.75,8.057,-4.15,16.907,177.715,49.395,161.158
-0.489,0.005,-0.798,6.226,-0.122,18.555,177.797,49.444,160.274
-0.505,-0.002,-0.806,6.714,0.061,16.846,177.825,49.488,159.51
-0.473,-0.018,-0.829,3.662,0.549,17.273,177.836,49.499,158.868
-0.461,-0.013,-0.846,1.465,-3.052,20.508,177.627,49.669,158.093
-0.433,-0.016,-0.867,-3.052,-3.906,22.888,177.248,49.867,157.126
-0.493,0.049,-1.065,-1.038,0.183,23.926,176.715,49.845,155.918
-0.414,0.019,-1.022,0.427,-2.136,18.372,176.44,49.955,154.841
-0.646,0.08,-1.169,-4.15,-10.986,15.076,176.05,50.224,153.798
-0.545,0.122,-1.132,-3.662,7.751,1.587,175.776,50.098,153.369
-0.288,0.172,-0.982,-8.179,22.095,-3.235,175.677,49.373,153.6
-0.179,0.302,-0.88,-13.367,-4.761,4.639,175.111,48.735,153.452
-0.423,0.342,-0.925,-2.563,1.526,4.883,174.348,48.95,152.781
-0.184,0.25,-0.796,7.446,21.851,-15.747,174.622,47.95,153.248
-0.148,0.179,-0.751,12.207,-1.526,-12.817,175.265,47.45,153.946
-0.222,0.114,-0.708,8.118,-21.301,-5.249,175.726,47.944,153.995
-0.425,0.173,-0.677,3.052,-27.893,-3.784,175.688,49.153,153.666
-0.562,0.158,-0.725,4.15,-17.334,-17.761,175.864,50.273,154.028
-0.589,0.133,-0.764,5.981,-7.874,-27.466,176.512,51.07,155.44
-0.503,0.129,-0.755,8.362,-0.977,-15.503,177.226,51.498,156.956
-0.581,0.096,-0.792,10.559,-8.789,-12.817,177.814,52.042,157.912
-0.506,0.101,-0.783,12.878,2.136,-21.24,178.676,52.405,159.17
-0.519,0.117,-0.898,15.015,3.174,-17.944,179.698,52.454,160.549
-0.611,0.041,-0.951,19.958,0.793,-19.287,-179.077,52.531,161.779
-0.671,-0.038,-1.163,19.287,19.043,-11.963,-177.797,52.213,162.911
-0.606,-0.097,-1.184,17.7,28.625,1.404,-176.869,51.108,163.284
-0.189,-0.147,-0.905,19.287,41.992,9.827,-176.122,49.279,162.955
-0.149,-0.2,-0.874,27.954,11.292,14.343,-175.15,47.895,161.906
-0.267,-0.218,-0.812,21.79,8.423,25.696,-174.166,47.428,160.329
-0.297,-0.242,-0.791,23.621,5.432,28.748,-173.474,47.027,158.154
-0.326,-0.243,-0.743,7.935,2.258,29.724,-173.029,46.758,156.022
-0.367,-0.156,-0.744,0.793,8.545,31.677,-173.276,46.642,153.754
-0.343,-0.114,-0.738,-7.812,0.488,29.358,-173.848,46.395,151.639
-0.447,-0.025,-0.743,-7.324,-8.301,30.518,-174.578,46.741,149.76
-0.529,-0.028,-0.881,11.353,3.418,20.813,-174.941,47.175,148.244
-0.409,-0.276,-1.015,23.193,17.395,-3.052,-174.095,46.84,147.821
-0.22,-0.417,-1.034,2.319,9.033,-1.404,-173.079,46.055,147.64
-0.469,-0.201,-1.065,-17.822,-31.494,-2.502,-173.32,46.494,146.783
-0.78,0.046,-1.158,-20.142,-5.615,-15.503,-173.919,47.587,146.684
-0.316,0.049,-0.938,-9.583,37.109,-54.077,-173.765,46.604,148.31
-0.092,0.079,-0.877,-27.466,19.958,-73.608,-173.447,44.846,151.584
-0.345,0.123,-0.909,-29.48,18.494,-76.965,-173.705,43.929,155.242
-0.188,0.117,-0.909,-37.048,35.767,-74.707,-174.364,42.056,158.956
-0.154,0.159,-0.884,-30.151,14.526,-60.12,-175.276,40.715,162.191
-0.21,0.184,-0.878,-16.235,5.249,-30.945,-176.067,40.215,164.136
-0.176,0.117,-0.841,-1.221,0.0,-23.254,-176.309,39.974,165.245
-0.221,0.064,-0.778,-0.793,-18.25,-24.597,-176.281,40.441,166.273
-0.374,0.079,-0.793,-4.333,-21.24,-30.457,-176.298,41.473,167.607
-0.433,0.024,-0.882,0.122,-2.991,-41.382,-175.946,42.023,169.618
-0.275,0.032,-0.917,-4.578,0.244,-34.973,-175.66,41.968,171.738
-0.37,-0.012,-0.948,0.916,-6.531,-35.339,-175.342,42.352,173.6
-0.457,0.039,-1.124,-1.343,-5.31,-14.465,-175.056,42.468,175.051
-0.512,-0.08,-1.199,10.193,12.268,-8.606,-174.661,42.687,175.754
-0.477,-0.072,-1.203,7.935,18.921,0.977,-174.276,41.918,176.144
-0.305,-0.114,-1.111,11.169,18.921,12.146,-173.996,41.067,175.842
-0.074,-0.159,-0.941,6.592,20.203,15.198,-173.694,40.133,175.128
-0.048,-0.16,-0.86,3.967,8.179,10.193,-173.578,39.529,174.199
-0.005,-0.162,-0.818,2.136,8.179,0.916,-173.447,38.914,173.43
-0.036,-0.161,-0.827,-3.54,0.793,0.244,-173.359,38.419,172.787
-0.091,-0.143,-0.846,-3.296,0.0,0.977,-173.463,38.167,171.991
-0.165,-0.134,-0.872,-3.357,-5.798,-2.93,-173.491,38.068,171.425
-0.186,-0.13,-0.848,-0.244,-3.479,-1.648,-173.419,38.062,171.035
-0.265,-0.163,-0.864,-0.671,-9.216,-1.343,-173.205,38.331,170.826
-0.262,-0.134,-0.865,0.977,0.61,2.991,-173.123,38.419,170.502
-0.264,-0.149,-0.889,-2.014,-2.075,4.028,-172.996,38.491,170.244
-0.258,-0.137,-0.913,0.305,2.075,2.869,-172.958,38.535,170.002
-0.212,-0.172,-0.914,-3.357,-2.563,1.831,-172.886,38.606,169.893
-0.245,-0.087,-1.184,-7.385,0.61,4.517,-173.205,38.524,169.475
-0.178,-0.146,-1.095,-6.409,-1.221,-9.399,-173.199,38.584,169.618
-0.315,-0.083,-1.07,-1.953,-12.451,-0.977,-173.364,38.936,169.607
-0.344,-0.159,-1.043,-3.845,-4.395,-14.587,-173.227,39.254,169.975
-0.35,-0.092,-1.064,-7.751,0.793,-12.146,-173.293,39.282,170.695
-0.246,0.01,-0.959,-13.428,11.169,-3.54,-173.661,39.029,171.156
-0.243,0.054,-0.927,-11.963,2.319,-0.244,-174.21,38.793,171.282
-0.192,0.121,-0.905,-3.723,10.498,2.075,-174.831,38.485,171.074
-0.118,0.021,-0.88,0.854,4.822,-8.118,-174.902,38.018,171.172
-0.191,0.012,-0.851,-1.892,-0.488,-3.845,-174.979,38.013,171.376
-0.244,0.014,-0.894,-0.427,-5.005,-1.77,-175.166,38.095,171.277
-0.22,0.017,-0.866,-2.38,-0.366,-1.892,-175.314,38.177,171.365
-0.28,0.012,-0.891,1.038,-4.272,0.244,-175.435,38.298,171.304
-0.289,-0.013,-0.913,1.648,7.324,-2.686,-175.419,38.276,171.442
-0.227,-0.036,-0.863,1.77,-0.183,0.0,-175.358,38.084,171.573
-0.332,-0.012,-0.9,-0.488,-0.671,1.343,-175.435,38.293,171.552
-0.341,-0.009,-0.928,-0.549,-1.343,2.319,-175.474,38.381,171.634
-0.307,0.029,-0.923,2.38,5.188,6.287,-175.578,38.386,171.579
-0.287,-0.019,-0.957,7.385,5.066,5.066,-175.452,38.26,171.486
-0.22,-0.009,-0.883,6.836,1.221,16.357,-175.314,38.216,171.112
-0.387,-0.071,-1.022,7.324,3.845,11.292,-175.139,38.375,170.464
-0.122,-0.036,-1.008,6.836,22.461,8.606,-175.078,37.562,169.969
-0.122,-0.101,-1.026,4.7,1.709,4.639,-174.787,37.057,169.552
-0.203,-0.064,-0.989,2.625,-3.357,10.62,-174.694,37.073,168.942
-0.226,-0.071,-0.969,-0.61,-2.747,6.653,-174.716,37.244,168.261
-0.238,-0.022,-0.932,-1.282,-2.319,4.089,-174.842,37.348,167.849
-0.242,-0.002,-0.958,2.075,3.113,8.301,-174.886,37.293,167.443
-0.175,-0.047,-0.97,7.996,4.395,12.512,-174.721,37.079,166.794
-0.225,-0.045,-1.034,5.005,1.16,17.273,-174.611,37.013,165.888
-0.295,-0.076,-1.08,7.141,2.197,15.32,-174.479,36.991,164.949
-0.151,-0.078,-0.985,4.211,9.277,20.813,-174.397,36.689,163.976
-0.072,-0.097,-0.935,9.338,7.08,20.081,-174.238,36.31,162.68
0.026,-0.095,-0.896,5.493,10.376,21.729,-174.056,35.771,161.241
-0.006,-0.1,-0.902,6.531,-5.127,10.803,-173.93,35.48,159.73
-0.065,-0.078,-0.922,4.456,-3.418,6.348,-173.716,35.491,158.802
-0.15,-0.086,-0.935,10.864,-13.733,8.545,-173.397,35.7,157.83
-0.239,-0.114,-0.917,12.085,-9.155,4.761,-172.892,36.134,157.022
-0.298,-0.178,-0.908,6.47,-1.77,-4.578,-172.304,36.414,156.797
-0.212,-0.129,-0.917,4.15,8.728,-2.014,-171.996,36.156,156.786
-0.138,-0.14,-0.925,2.93,10.315,4.089,-171.727,35.744,156.572
-0.106,-0.12,-0.95,6.836,3.113,2.808,-171.519,35.327,155.978
-0.202,-0.188,-0.915,4.395,-4.089,-11.23,-171.057,35.327,155.907
-0.168,-0.133,-0.907,-4.883,1.343,-5.493,-171.002,35.2,156.028
-0.203,-0.035,-0.982,-10.742,4.883,8.24,-171.442,35.074,155.643
-0.105,-0.036,-0.958,-1.099,3.418,0.671,-171.722,34.816,155.231
-0.161,-0.065,-0.925,2.686,-6.958,-0.916,-171.678,34.975,155.149
-0.215,-0.086,-0.937,2.136,-1.221,1.221,-171.595,35.178,155.045
-0.169,-0.07,-0.916,1.343,-1.465,6.958,-171.606,35.222,154.753
-0.178,-0.072,-0.922,2.686,-2.258,4.395,-171.623,35.354,154.336
-0.232,-0.105,-0.947,4.578,1.831,-0.793,-171.453,35.414,154.276
-0.127,-0.114,-0.945,4.395,2.869,6.775,-171.321,35.206,153.968
-0.189,-0.131,-0.974,2.258,0.854,9.644,-171.205,35.2,153.424
-0.157,-0.098,-0.945,4.211,-0.61,15.076,-171.2,35.195,152.611
-0.173,-0.119,-0.96,3.296,-1.343,17.334,-171.118,35.354,151.683
-0.183,-0.116,-0.943,4.333,-4.211,16.541,-171.096,35.557,150.634
-0.221,-0.114,-0.952,2.93,-4.211,16.357,-171.057,35.854,149.661
-0.24,-0.127,-0.938,3.54,-2.93,12.878,-171.03,36.096,148.777
-0.241,-0.12,-0.949,1.77,1.404,12.939,-171.013,36.238,148.079
-0.247,-0.126,-0.936,2.991,2.136,9.583,-170.997,36.255,147.42
-0.222,-0.117,-0.944,2.38,2.136,14.893,-170.986,36.249,146.766
-0.223,-0.133,-0.94,1.953,0.366,14.587,-171.013,36.326,145.931
-0.214,-0.121,-0.939,1.221,-2.625,14.282,-171.068,36.48,145.162
-0.26,-0.112,-0.941,2.197,-0.732,13.184,-171.079,36.727,144.404
-0.229,-0.137,-0.928,5.188,-0.793,15.198,-170.991,36.843,143.575
-0.258,-0.127,-0.935,2.869,1.038,16.113,-170.953,37.002,142.712
-0.234,-0.121,-0.943,3.113,2.563,16.174,-170.958,37.013,141.784
-0.234,-0.114,-0.938,1.587,2.502,15.93,-170.958,37.029,140.938
-0.206,-0.114,-0.938,3.052,0.549,15.198,-170.975,37.068,139.993
-0.243,-0.115,-0.934,4.395,-4.089,13.123,-170.925,37.271,139.169
-0.27,-0.114,-0.928,5.92,-0.305,13.611,-170.81,37.485,138.389
-0.241,-0.153,-0.937,5.615,1.465,12.39,-170.634,37.54,137.631
-0.238,-0.146,-0.933,1.038,3.723,11.963,-170.585,37.551,136.879
-0.222,-0.123,-0.948,0.732,0.488,11.719,-170.662,37.507,136.077
-0.255,-0.117,-0.957,0.854,2.625,13.855,-170.706,37.584,135.242
-0.22,-0.125,-0.938,3.357,2.625,11.047,-170.706,37.513,134.401
-0.216,-0.132,-0.936,2.686,4.028,13.123,-170.678,37.458,133.572
-0.232,-0.115,-0.942,0.122,3.113,12.634,-170.75,37.403,132.687
-0.193,-0.091,-0.96,2.93,1.16,13.855,-170.821,37.359,131.781
-0.202,-0.097,-0.945,4.211,-5.127,11.719,-170.777,37.535,130.941
-0.276,-0.116,-0.937,6.165,4.883,11.597,-170.634,37.628,130.182
-0.182,-0.139,-0.948,4.944,3.113,10.437,-170.508,37.419,129.43
-0.264,-0.126,-0.95,5.066,2.014,11.23,-170.431,37.436,128.628
-0.214,-0.143,-0.899,5.981,5.737,13.428,-170.266,37.26,127.782
